3089,1325939100-cf247a06a51fe76f7087df3d79e8cf6f,0
3089,1326552900-a1fcf67b8021dab30c04c6dbb0df4bf6,0
3089,1321240740-49d8b97bb36bf590959f5202df216c49,1
3089,1321242480-3ddbf4ffef944fc75624a4b4e470b7c0,1
3089,1321242180-2716cbfca25499a42d9f7750564b93f3,1
3089,1321354980-b16e5afe9de7d92478b9b5a47365a94d,1
3089,1321245180-27a47977aa18cb478341f95de6893f8f,1
3089,1322014260-5f3568a3c26930c283040e41c0f53076,1
3089,1322025300-bb733e1a7cb5b9ea5a997bff67311a85,1
3089,1322019000-ffa7979a819f5974baee4047f0adb014,1
3089,1322019540-0efa07d8cb77c2a58184f1bc5565c76f,1
3089,1320886800-72fc5236518741f4d6172bb50d0bea16,1
3089,1320895500-9eedbd55fdda14045fe17244d6fc8758,1
3089,1320900180-1d76fa355dae1b5d8d04670f867a3f25,1
3089,1320887040-bfe7a7188ee70eeed04b6203d86a08f6,1
3089,1322028960-5bdbb94c43f271f41d8573b081530b8b,1
3089,1320886140-7aeeaea23d3fd16e72d1ac630fe71d56,1
3089,1320896220-cfb76d5147d4903218aef5e640e21447,1
3089,1320878220-13720a6fbea30f8ec197e20ca95a2a61,1
3089,1322516820-505fb9c0d3b066c067e9a389c5475951,1
3089,1320896580-06e9536ee4c02036f02df4fb092a464c,1
3089,1322696340-73b81b60046b6a7c18a4e696d456bf74,1
3089,1326226800-11b0fb09fd8b0227a31f67c9b8b8c4e3,1
3089,1322701020-8240e01c8de54c8caeac9002daa433d4,1
3089,1322694960-32324c874b11c54b6bab3d61b4ce0892,1
3089,1322701560-f365da56b7db90c2f06adcd9d6e101ec,1
3089,1322175300-08fe00e59a9d37be512f642824e192d2,1
3089,1320583440-7c76c05d476dc376b78d5fb75058baff,1
3089,1322695080-5972f2488e3cd14eb83b8736ce94961f,1
3089,1321959900-847d7dff9b934b899276c77bf5f3b753,1
3089,1322518800-63d23c07e27e87715349ec67cd675ab6,1
3089,1322517960-3a32dbabbfa7b0a0d17db0d73af58757,1
3089,1326933600-1547a3f85dce04223fd1997d68bc06c8,1
3089,1322701560-a62a5a1e2464e22493d8f8b66d1aea7c,1
3089,1321913400-6dba1633ffddf324bc7b0c6b789902ed,1
3089,1322766000-78bea9483a7906ae7302b27c1d983626,1
3089,1322546700-4cfd3ea81bbbc59aec337c3b3fec71da,1
3089,1320892740-ab9e799f36e773d0a4cd17bd3d475fa8,1
3089,1322701560-6e4bad1765c36d7ab9df0ec9786c7bca,1
3089,1327006200-68bf0b692e5d19e44387c29c124b8909,1
3089,1327976160-bb9ccec71b16e144f11a82617627c2ee,1
3089,1322010780-d5c66f9b3c74fc1f53effb8adae4d15f,1
3089,1322702460-4b3a5cfbe0c4c74e66c1de4078195257,1
3089,1322010300-922a1adc214185971b0dff4ba851116a,1
3089,1322519220-0d3791a6037da55ed40834020cf4e5f8,1
3089,1322520120-2d96d042dba5c06fdad994428e20a4f1,1
3089,1320886080-ceb77285280ee9f80e2a82efef9d66f6,1
3089,1326221400-f30281001d31a4fb369c055258c24185,1
3089,1322115360-08931106a8d1b3c990a8288e8a296d15,1
3089,1320918240-dbe1c2ade0c25f24b56aa4830d441262,1
3089,1322072160-ca8859386042fb6d4f5f5ac30852124e,1
3089,1320886080-8788da22ad68c247c0d2f5e9d3cfa7b4,1
3089,1322028060-b7c65618a4e31e154924e67bd43fd77c,1
3089,1322696340-0e952b119991039b988cf0049abf34db,1
3089,1321923720-ba8a6e199a90b66dc940c93731880784,1
3089,1321921620-c108676e48904966eacfb6759e249635,1
3089,1320706620-15bef2ede9d9c0f89262c517984b659c,1
3089,1321922700-5de4b6670ef456dc4c3606ac1f34aa95,1
3089,1320805500-5e3e4820c5254959720ddfe1aa200b3e,1
3089,1320605220-795ba23ef5196ac5623439927d25e0f4,1
3089,1322241000-0cf99c519ce1b8e83555cb5da7fb3f29,1
3089,1322212200-d555fb4e36d4f894f9e113f1b20227bd,1
3089,1327599180-41aadbeb27702892ba480f8ef77c9e34,1
3089,1326954360-93a8a31f0376af9853fa24829cb48165,1
3089,1327044420-1d5852feefa486a0494062b3e25faee3,1
3089,1327531200-0129f746d3d47704726063a92a5bf6b8,1
3089,1328057340-ca79cde03c46d929411a57ae685db296,1
3089,1320812640-db5bfd8904c9a1808c27fe9467ab9ffe,1
3089,1320188700-18a0ca3cd3f327f0868622e1a626dcb7,1
3089,1320132180-fb0d635f08e9718d60761e4a44833143,1
3089,1326322080-afeb09a875e35bbfc663739e92f9555b,1
3089,1322027940-c33af235184793b9c13d5973cfdec19e,1
3089,1322704440-4b9078f7c9cf6f934983d88583f08036,1
3089,1322694540-da2fdd9428f42428d13c0fc65e7bc1a7,1
3089,1320908700-69c337e52afd357cba41c3848ed889d0,1
3089,1326334200-dc67c05a0443b76f26c9e44b479b0fa2,1
3089,1326342600-f18508a98f020997063b25fc7183fd38,1
3089,1326741600-12e841f023e80f3523c7f3ca1ceebd3f,1
3089,1326760200-cafe3a622887654ce33cf37fe82a4e0e,1
3089,1326833400-af1edf70dc04a725ca330629cd704548,1
3089,1320588660-4369d3a4f92da946407b27d325758f23,1
3089,1324064400-2a2c1ba628239715722fb4a5aeb4e5f2,1
3089,1321917540-28c24d82c8877550ae4babfd2a981a4f,1
3089,1321919400-3163d0cefa2c668c7a3ebe35fb95bdaf,1
3089,1321920600-99ba3557a024856bee36a40d8fed1eb2,1
3089,1326322080-b2c008b7a67b9597a7b22119df35a4dc,1
3089,1321919400-60af82cade4fe3fc98395db98eeeb801,1
3089,1321919400-0b9544a5681b3f34da750055fafdf971,1
3089,1321937400-c04fcac9913429dcadd3b5b1d0a72de8,1
3089,1326762900-ab93da6629acf19d3d3c0dd1d220e835,1
3089,1327997100-bfd97ff1238b39591830b942a4ab1caa,1
3089,1322096820-b90502d5260eeec83f17a124dd2de775,1
3089,1324102320-3393741c1011ac1b3e5a2a0b5c76ccf3,1
3089,1327437120-a5ce4d86a26e428e21516ebb2ad53478,1
3089,1327448640-5a4c8746e520deaa8e2b743b7b34b874,1
3089,1322108760-d2f9d8d308d8a96f5924e4fde891fbf2,1
3089,1322097360-403830a19d69e7ff953411347873d556,1
3089,1322612820-b8f1650fe43b85beaaf339c22a1c132b,1
3089,1322096520-5ad75ccdd9d31640ad2bb815133337b8,1
3089,1322033400-4bfdc932773d6ea1688d3999e4bb85c2,1
3089,1322068680-a1d5529e61aa8dd64a46c26fc98d9e39,1
3089,1322215620-6bc8865f9073ca7324706f61ff977cdf,1
3089,1322114340-83f60c492aa61de24a4ce04faa587869,1
3089,1322107200-b5cf64a79f47fcbee43d45a0f94fec58,1
3089,1322134680-854036ec47d8002ebd89f9274918e5be,1
3089,1327557900-b37ab548826bca67894a4451d9f32fa2,1
3089,1328046180-698d6ea6267407fd43646bacf83685f1,1
3089,1321979100-2161ec8d1561ecc54e8d121436bf3ab6,1
3089,1321986300-9c54f256119f62bf7c73358a5dfc4e99,1
3089,1321936320-4b578f6cfcc824de16b0d755beab9ac4,1
3089,1321935180-d93b1001f6c581c29cfcd9d9b9c5b9ae,1
3089,1324147200-d8c21f1993b5f619ee3cfdf753569945,1
3089,1320719640-115dae0a3b7056c63e65797b040ee692,1
3089,1326397800-96a428eace71246634b04de50e426675,1
3089,1328056320-a2bff77ece1e6d43f80d17e4b353b636,1
3089,1322205600-45dfbc9c0ec227a8a1bf870f23013f68,1
3089,1327632060-f48cdfb6f45848fb32800ce6478d0313,1
3089,1327479180-f09eebfa5213dfde426ab1f936371e57,1
3089,1327701240-0d890de93166c192813df2e9d795cebf,1
3089,1327695600-8c0b99145539ff12198a9ae2492920ab,1
3089,1326487200-c5c86788cd2d625a36f74e7cf57c7c3d,1
3089,1327695000-c881a6c0da7a1a87aab777a22a23b4e3,1
3089,1327704600-a3f7aaadbba2782c4bf09b97e3a96fd2,1
3089,1322158440-6b8a9e08a317457c0698e04040923057,1
3089,1322211780-99f13061f40da01835d9bb02a5ef424d,1
3089,1322234340-a9d390655522e2beb719a1de75790ff0,1
3089,1327703640-a241a76ac73cf5931cfe97ff78c62338,1
3089,1327192740-6320ebf9a7b20117adf6d5ae3f54a756,1
3089,1320738600-8c92825eaf511197cdd739c918fcb8d7,1
3089,1327991640-99383442246bee510cd4c2d4b137b5d3,1
3089,1321947840-dad6c758ed448e6f321d3c9625f53668,1
3089,1327702680-9efa00c6d9c5840d9ab505c3b6afb18f,1
3089,1323568020-b8054e5f0c0c78aa028a1529fc83b270,1
3089,1321674300-13a449fa4703e327b4dc58ddb320d4a7,1
3089,1320127620-1de4e386d292afdc5a3685ec5db57ff4,1
3089,1326785700-83c5eb5c624222030bb5e645bd94e57d,1
3089,1327695240-14d52fcaf2558f360062f591b8011459,1
3089,1325526780-7ff9a8b2263f9689055b17743c0b88b5,1
3089,1325620980-9927c06794e0d49a5a539b3c64a8810d,1
3089,1322890020-5a9c733633fe3a9a83da81949494ecde,1
3089,1325499000-baef189cb8bd9ca484bb36b43c9d6ed9,1
3089,1322615400-57985732f518eb5ab4c3a3779dc8f608,1
3089,1321241100-7bff6db8d613b8f531e5544b5891181b,1
3089,1320812220-1dbd071b4c3272a9e0bf17ce2a9a9645,1
3089,1320326760-96227e8b0821d38b2d86749aef7c9002,1
3089,1327954860-34b213c8c4a4c4352d6dfa68744d3ec3,1
3089,1327507080-1234f2740c50d937845ff8c48ddeb43a,1
3089,1320348780-8667a294712b55305032e0df410054b8,1
3089,1322078460-ce3a42726558ec1cb11add437fde70e6,1
3089,1323454200-54b72e7b68f725e6dfe3badf79766c42,1
3089,1324069140-284640092f51be798e6d8cb18a75c6da,1
3089,1320983580-50ddb5ee75726d1018f2a8db20cdb2ac,1
3089,1320935580-9720c443a6fc7017d22c295d60b9c513,1
3089,1320970980-6dff5aefee4bbee86c542920f8d1dba0,1
3089,1320937440-4111bb328f14d3b56da8cf40f1c0b485,1
3089,1321240740-05495c02b7d4433503d3ddb47766f09e,1
3089,1320893940-5e350afbf7307da821e14c5c1e55d1a0,1
3089,1322193420-3d92129fb0bea495847995a3eb0926b9,1
3089,1322225700-586c1189a43ec9a76ede517fe940156c,1
3089,1320983760-7bee4835671447bc1fc5fcfc9f5561c3,1
3089,1321242480-d28db3a8fd3baaf6c81fa060be626884,1
3089,1322097780-d7bcba33529b966457db1e84967d291f,0
3089,1322191860-051491b5ffc471d23f238eb82887b855,1
3089,1322224380-b6fd5646d12014539692fcc6f4c93702,1
3089,1322223300-89e926a5012fd580f92f69273e596e42,1
3089,1322193600-508d1c3344592c42555b281382f553f6,1
3089,1322193840-97415545ef49da516e3ebfc7cc13a393,1
3089,1322224740-757e3f575631de3443045e3f71f74a65,1
3089,1322194020-bde8f57dfae7d8723fdd9c79450c0f98,1
3089,1321562400-9107d605aeef6ecf1d5b62b14c7d00b6,1
3089,1321562400-00f0a340accff6edc2e4c367d3b9fa89,1
3089,1322098800-c9787834e10991303b6c25647a48c053,1
3089,1321312920-b9d7ec038f19e4abd8ccbd69dd89c137,0
3089,1325646420-724fab7c8c3f51ddb93a4092905784b3,1
3089,1325653860-ae4bbe6b29290880ed0de495acd7844b,1
3089,1322265660-94749875daff43432c8dfcb1c0e236b6,1
3089,1321663560-920955c7f93be2ae076ff93e898ba01e,1
3089,1324564440-59dc64e53b751ab59a06d9f4380aff99,0
3089,1323199200-cbb79f8ff62b9158119c91d71c2975e4,1
3089,1320781500-cb26b3f808a6bcc0cba9f00a9c9f2586,1
3089,1320983760-11c5ad9cecdf93e53582218cc91f41bf,0
3089,1323664200-cf1cac70eda23d79ffc72024eeaa4153,1
3089,1323200700-c3e14c2f0b4b735d7842c70028ee6162,1
3089,1321219740-03a67f83d1156d4f5517821e8ebcb94f,1
3089,1325896800-ff41260e5da72afe09d52e8605c857b5,1
3089,1325893260-046e53b84559ca777fc25ed1f04553a1,1
3089,1325876400-fd2b9c15756e0e2778b93d1ffdb8339c,1
3089,1325887800-40539fbc525b25dd061c84182a6809e6,1
3089,1321168920-1a4e31d9c56fb6c54580b00b75970553,0
3089,1325890620-3190478ef73f67fea8927beed6f7cc2b,1
3089,1324425480-10fddc9704bc34c3e39d5d33c2be7f4b,1
3089,1324418880-5ef7e98867023f6f17aee88a45ebdc6d,1
3089,1324417800-d1c1a7592dec89e977f4f65ddae10f59,1
3089,1324421160-721a142d883ce0cf260df6a7c4eee762,1
3089,1322704200-8635f91c98f99878beedf064f1674039,1
3089,1323072240-3c361012bc9857b75d66d4970db8fcee,1
3089,1323269400-15c09d1ab636f910ba2cc38ca2b5060c,1
3089,1323258060-467061dbbfb3a9137396f13da01c65e9,1
3089,1323253440-a397e8b4d60a9cdb4ffdbe4b1b791a85,1
3089,1321475520-70b60c010de2368a7ae1e3dc006d9c0d,1
3089,1321479480-ffdada943abcc76c72dad48f079ac53e,1
3089,1321484880-163ace863398e8c10ff87de0ce7d31ff,1
3089,1321470960-f552f1f174672e648a0ab1f708525807,1
3089,1321468680-408a69300981b415bd7b9baaf77b80fc,1
3089,1321508220-dee23527233c2b50a2365efa0ddc4441,0
3089,1325979600-035a5ab65933ba0018fbf41d25fb9140,0
3089,1321487880-b6928e76da0931b312c121343e736bc2,0
3089,1323171960-d1c3b1933cc361ef998f581d8e2c045c,0
3089,1323290880-53c2f3d37eaf31f4252efe10af360536,0
3089,1321565400-19f630a4ce86943cfd91f56404c2390d,0
3089,1327014240-2a70f9f53f3b5cf0eef42f1214985967,1
3089,1326987180-124cefb983505e83745cd7afcd196b9b,1
3089,1326992280-b2835939a89104a3814ba216115fba90,1
3089,1326985260-271dc412ef6de6c71713aadd52ce21f2,1
3089,1324164360-3d12a5a3ee17e93f5cb1ac15930cf377,0
3089,1320747000-80086c75daee2d876ac7f6fbfa3b98bb,1
3089,1322177460-75f3e29a6d3ec3a5fda8d5aefa300509,0
3089,1325862960-52fac829964d6fceb2e526b011379746,0
3089,1322713680-f40a4c5dd75379c2ae8040e72da2c803,0
3089,1321523820-f665f5dea498c135e70c6b41345a520c,0
3089,1323261840-14f83b15f511e7c1b9f4e023e6e63cc5,1
3089,1321959900-8199c9447d714bef8fd77672b896affd,0
3089,1326988140-5237d97198dffd715ce34800d791daf2,1
3089,1322920020-b716524d1369d6206007146018bed905,0
3089,1321748160-b55582ff8d9afda1849c3cd76517417a,1
3089,1320581220-36ea7b35da7bf3f0a9469b1c9f90e05c,1
3089,1320893160-67133fd72f959bd1f00492f47e1d2bdf,1
3089,1327523280-18dc791c6eb2da0c988e752ad3c7e8b7,1
3089,1322516400-85d497440ec6672ff2cd132d7bd97bd9,0
3089,1320696300-d40801114a70678d979c577b77467c26,0
3089,1323489600-88c62c04645ca78094c4f00db6b6d537,0
3089,1327954320-acf8983f76e2dfc6d48ca0bc32034dab,0
3089,1326325920-70845348f0285d13d000badf74461c4e,1
3089,1322712540-9cdf57a7a16ee6286da99e3d1b37e7cd,1
3089,1321306200-b3a474c81b16222caa9393912c726b67,0
3089,1320749160-5de33fab6e028d195e93f290bff2fdbd,0
3089,1322362980-c70f675e216addc01294205759e1fc0f,0
3089,1321537380-8f6883351598b92be0132befaa8d6b25,0
3089,1323394800-04833af3da521ece70af466c4b5dbd12,0
3089,1320790200-5b669161b3738ab86ed9ea3d9d4ee42b,1
3089,1326152580-173a70268479036038fbbb53f67207fb,1
3089,1326141060-30d3d78e55fe76547eccc08aa7dc46c1,1
3089,1321309320-7d63692e82e7cd659377d99c24d01937,0
3089,1322783400-8d7d904a856547677a9301a0a83205ab,0
3089,1321565340-6b2e855d218d2597ccb1b9988658f029,0
3089,1322594940-1a6b3b207beef408b74d5f1ca3f3a79f,0
3089,1327960920-8b1d1736801a329a7178cc5ea3e30ec6,1
3089,1327960800-67968cf1ca6b01ef7beabfcefa7a5491,1
3089,1327977300-129f952908e789190957f5f101fac01e,1
3089,1327979700-9300e1d303fe825df7fa0c97ece6460f,1
3089,1323201600-1a59093d4d7538c19cdf231714326410,0
3089,1326926400-31ed31a7ff0cb3c97518250a11591b7b,0
3089,1324588920-9510f3b8ece79a8e0baa04ce398e1e20,0
3089,1324920300-c7047f36af7d40c8b0b558f66efcea16,0
3089,1325684280-b12772c1452c4a96f26febfde742e693,0
3089,1325889000-0d7f1884e96907d62feeb0d56c7ae0b6,0
3089,1324376820-491be9b6fa2e953ee0071d71b800460b,0
3089,1326979380-54344d992f1262fbd40dd2359995f8d8,0
3089,1326139080-be7b2283a5358e3ec565ab02ac881b73,0
3089,1323809940-9424a0087a7349cfe6ea48113fb9cb27,0
3089,1323475980-9f66ac542d5bb0eb24a2bf881e12bc5c,0
3089,1327269240-5369886aea8038aea64e8fce59e9138f,0
3089,1320900840-a355a0778a6574cfb7ecd542a0882e00,0
3089,1325047920-9e18ab0f423709191fd979f53ab84a5d,0
3089,1321631280-fd4d417bc07ae714b6f35451851994ef,1
3089,1321506060-d8e87019a262ef8ada83746fbb389b2a,1
3089,1321504440-2c40e8362e8195e196881a8558c49255,1
3089,1321513320-043a3608db173005bc39467f83623464,1
3089,1321508220-c85ac0d6ffd9ef503b3d6de76855f24f,1
3089,1323373200-4dad98fa846b7b876013bf642233a2f5,0
3089,1321334040-cd72b974a11eca95c205bd1ee59e8c1a,0
3089,1320938520-abad76b3257b8b013cbaa1f347cdf178,0
3089,1320983580-2adfa43ae5444cb1f30b8b67c1c3520e,0
3089,1322784000-594eff2569ef0de713b133ee85bfe68f,0
3089,1323165000-9fd2199c67926e9d58c59e2931d96fa9,0
3089,1321535280-05b3d55718f72985405afc9e7dc413cd,0
3089,1324678800-207f4e306c89507ab4ad6c5964a2fd63,0
3089,1320816780-785801c7143763aacc25197d468f7832,0
3089,1321279680-821ac722983f73cb606a4012154b0a78,0
3089,1321568460-311bd391eb3ef9921f27dd7b059e7267,0
3089,1321436040-62a59304d1bc1f0a9e29a9723ebd53c8,0
3089,1320141960-7648bc56678a0dc01ad1fd4a4cb35266,0
3089,1320563220-8515d5d2eca1c615963d2c103f411baf,0
3089,1323272400-1f341ed8dd6c07e0a974906647101ae4,0
3089,1326926220-80abfc3c48a0d37e7fed392bddd1d31b,0
3089,1324513380-08cde9151e761f99c40bb5187c838c82,1
3089,1327001760-a6c240475ad9a018221d839a19f8ff7f,1
3089,1321516380-d1d60686f482ecf5ce264643bcc80552,1
3089,1321856580-33d563e6efff682d700351bb2f311aaa,1
3089,1325662320-fa37f3df08a01cec5ebc4bb53e1df67b,1
3089,1327730160-70d921a49d0b1706876afa0c443a1539,0
3089,1322161380-03a4033461c2bc1addc15534ffbd7dc1,1
3089,1323678540-3592b958b0efaa3adbaec2778cb06016,0
3089,1322521380-922809b47739f6304e7e074059b035d7,0
3089,1324408920-2bf56c00c24f7c914766a49a37cca98e,0
3089,1322773020-078ad5e27f436d6149d91c5ac90d5953,0
3089,1320348180-6f12e21ed24b9769346990dc033b766b,0
3089,1326573060-11264f4edbb36be9c4696366bcd6de57,0
3089,1322163480-058aa6945b1d3671927b4909ffbb2532,0
3089,1326942000-9e1dcdc79e4d3b6a410aba58bb2ce5b9,0
3089,1320687180-56ff5f548e5350917dc6a376a19b9f4e,0
3089,1323804660-452906e39ebe616ec475a65895d03e2f,0
3089,1320799440-dbe255c6bd8dad17fdc35af0f91faf0b,0
3089,1322513460-f7f56bdd91d2f7127ffce24f3783bfff,0
3089,1323804780-57cdba102f3cade9009c3a73d0c91b05,0
3089,1321306620-debf4576e6eab61f19d2ed58ad82607a,0
3089,1321543320-6cb2b878ba8c3fa787b838449c728b9b,0
3089,1324151520-dbfe64d17e07c0d743af17587b6f1be9,0
3089,1325860800-27ea93b06c6efbe93cfaa2054bb7a4fc,0
3089,1326849840-a4e4dcf0e2d5b29e66d151e24c0ca9dd,0
3089,1326220860-86870591622f5d333c9f08af46965f31,0
3089,1326140520-17778887ee0fd53743c2f53a1fba008b,1
3089,1326185760-2b1e1224b1bf8fd4cc836d566280f5bc,0
3089,1321497900-886552b8629444f97496e71feff76f84,0
3089,1325727780-8ebea30640b1b36829fa1bf4edff5647,0
3089,1320821100-79ef2dda8db3e7aebe500f084eda6d59,0
3089,1326294600-c4e869411314476fd5f60662565e9503,0
3089,1321523820-55475d649d2f90faacf0b56954bd79b6,0
3089,1326871440-f79c704d5a91a2759423f8bf05ce59aa,0
3089,1325635920-fc8614a156f87c97f5e6d27824ab5e55,1
3089,1323731940-9418d3229d7b6839112bc4eea5453888,0
3089,1320953100-6e103037a1d0ddb38e3e079f9c0c7b0e,1
3089,1324050840-f29e42685dad908f4e8c6ed9c0a05f58,1
3089,1327530780-b0fc52cbc0cd8a33effa20cfaf17936b,0
3089,1322853240-3d75d1a14e9150f71a34db19243bd06d,0
3089,1325888400-609d71de39612505a329df0a25d5d215,0
3089,1327598340-431a2b6d47166177e697afc8c6819a8a,0
3089,1321579320-97945b5f1ad238ba5c1ca28ac12fb268,0
3089,1321429560-8ad9843226831e36aa2e17cedbef2ecb,0
3089,1326304500-03f87520855ff7de848cf466ff9b5946,1
3089,1323281880-f5a5dff7c1824b7fc9941e8dd309f43c,0
3089,1322157720-85e6f21f210b3ddfb64d8f58f328045c,0
3089,1321772760-87f90e5cbf3d3e52734ec11fff872e90,0
3089,1321543380-47bf31bf55405b2349b05cf0898eafe8,0
3089,1327420800-ca054a173682d46b808ecd5774796e1f,0
3089,1322941020-8beae3ec168cc4c427649b5ad76d7dc4,0
3089,1321307940-51dac712c87fb1661dde7dd99807d016,0
3089,1320889320-7e626fcf7f1b4bb545d9bdb2b61b53da,0
3089,1326269100-0161fed8b1c6a6df6fcb17761047fe6c,0
3089,1322098800-5d77816474e2104abe1e6286bf96d0bd,0
3089,1325636040-97ecd608a6d26df9eff533044afbbca4,0
3089,1322755080-51bf38e58e410825c116743121a5a84a,0
3089,1328028540-59778facd71e8538ac34b326e8ff8b87,0
3089,1320774060-a865ddbe9cd1bfca4eea3922a0c88d1f,0
3089,1320922440-bfe60f878d67c037d74be95cd2fcd840,0
3089,1326299460-7b211de936c24bb20649ddefe8f65830,0
3089,1321660380-637d516c87456a69fcca6a7ccbbdd58d,0
3089,1323820740-15d2c3b65007ddbcecd5fc2b7497dc29,0
3089,1321573560-dc5f78bea5617fcbf23d51e21e414447,0
3089,1321117620-d0d08be26d1cba7dba6523edb6cfac3f,0
3089,1322810820-6a568997d4fbd035105656cd6548d9c2,0
3089,1322792340-8c1f3b5a9012070edb5785b12d2b91f1,0
3089,1321185660-0c7459d6fb4a1eb0f5d34e99b60362f8,0
3089,1321593780-49545c0439cf36b37e8122148512e72f,0
3089,1321492560-7cff07d364e7c2b767807b75e093dbdf,0
3089,1323422220-2c1127003d5d163ce1d1096358652a41,0
3089,1320164280-624e45ff4308acec8885befe061ace88,1
3089,1321853460-41ecf181faecf3704326119f9e6a557d,0
3089,1321374180-d78966b5518aa1f239cd18c6b2170b3d,0
3089,1321603080-0c46b1906871ab830653aabcecfd3511,0
3089,1325121780-b29d1ae505574ad2f302582a17ecaa7c,0
3089,1320826200-5029460e8358635a6a07cdae1e9ac76e,0
3089,1321995780-93c8d3f6899f8edd9fb0c8da9352346b,0
3089,1327596840-6b847ac4dfc386ec2447410713aacb88,0
3089,1322497020-53be826950227a228cff3d779fa11ccc,0
3089,1320887040-aeb6283f5de76ca7c54fda61c801e5b3,0
3089,1321308780-00f9ae57c5d1c4aa2c55aeb28cc41184,0
3089,1324284120-36be75c141dd57e3a3b97db2fc1855ba,0
3089,1321425360-0775caca05ccd9631afd088c0ad8f61d,0
3089,1326904080-b81c781d9f10c3df530cf41ee8cc8d86,0
3089,1327545480-732bc4ec2e40fbb199a66d1dd25a1f0f,0
3089,1321572840-b2494bf91e8d262d17beba42f995708a,0
3089,1324413900-3f3eb8670568067c12ca20f50dfa752d,0
3089,1322584860-2561de5178ea9d570d4467bbfe492b3f,0
3089,1322768520-68fb5910903978db0919a6183af27ecd,0
3089,1325949600-1d346702f8e8af11d467a45573eb92a7,0
3089,1321510560-af97fd4ed3f31b12981e3052420e90fc,0
3089,1320683040-0651732cec3f3206902487444fc7f536,0
3089,1321531500-0cbc43a16b52eff0a25ec1d6ae4cecef,0
3089,1320941820-a814a39da59e292bea0966ecc22fef40,0
3089,1321581720-391381d9f8c05261bdc944c5efe1ab4c,0
3089,1320236160-b4f47aed1e7a6ef058e719d27240d48e,0
3089,1322012520-33262a9960b884cb0b54f971ad22e660,0
3089,1323973920-3620838adb2467644cde31c8ffa8ba52,0
3089,1326145380-40559014ff98004dc7efa4e6629c510b,0
3089,1321500180-feb6f8c897308a46256f2a83927a6950,0
3089,1320123060-2e8ec3774c5b0d24615892d9ad3b2358,0
3089,1322073780-b3de988b43c33d46ec06d96581cbe49d,0
3089,1323340680-dfdfced38342aaf9abef5e196008ccfb,0
3089,1327527120-4e7a1380c6cb93b7d1f024603fbfe70e,0
3089,1323810060-acea75743f2dce1c1a1731aa2c03f083,0
3089,1327954200-3238206b65f0a00c0999eff9bc5882cd,0
3089,1320699240-9477093773b9d648607feddf0622a45e,0
3089,1324082940-11a97b30fb221914c88bcdf05325f96e,0
3089,1322258400-57529085bb96fd9c5e62ebeb67749b81,0
3089,1322685060-31c84cff03f9db1410d44b2943059ded,0
3089,1325910600-b8635086d3fa8aee95aac9b41190a5c4,0
3089,1322279400-7143f88fb8fb5608363a0702888a15ae,0
3089,1322147940-fc2e9c416a77e7d5d0803095f263dd58,0
3089,1322869680-7db5907d1c8f1563085350f0976111fd,0
3089,1327023480-6b9d559a973c978cae480344e3718f87,0
3089,1321516380-7b3883873dea65b17f9fbc160e954b09,0
3089,1320886800-a9f5cf16acbc32a98f6db7b0b01e01f6,0
3089,1322317740-89e2ce7389f1ba7456ba82094e6015f5,0
3089,1322720640-4821f26ea89764f932bd7cfa7ffc238d,0
3089,1322263920-c1bcd7658a93f0b9a3365e1255404322,0
3089,1321685460-ddcb1d6436326ac5d312516dccb11ebb,0
3089,1323285120-34ff25b9fbe287a103e63c15cfb05c11,0
3089,1321584240-2a463576ec5b0cb933ce724e16702668,0
3089,1327939020-b03607955b3fdef6b53370623c55a57a,0
3089,1321498740-3dd460fd147fd14f22a0ff80881d1de2,0
3089,1322874420-1f63d48f104922d054970665f16cb9ce,0
3089,1324715040-d8c816f78c10d2ba20857877f899d0b7,0
3089,1322540700-f5e12d1dc1add727d998ad2fe5404db1,0
3089,1323130620-90d2d2ce572ba565dbba4327ecd096d2,0
3089,1322599140-f2eabe3c747ce515ab54c7c5f1c1a6be,0
3089,1321610700-49c33bd1ef5539424bdcd6eaba5c2810,0
3089,1325736300-6de36cbd5aba29f81a2f6ed999b7e8ca,0
3089,1321991280-38aed6d4bab92f338340e939be6abe37,0
3089,1323384420-ac356c7eb22dab82881aaed39629d0e6,0
3089,1322003460-cb640ea83d2831da82f026672c136716,0
3089,1320923880-bdbd7987cc677dfa3e0c44b796ea9540,0
3089,1326000180-ba0209b46e2deb1ed23d48b2e70306f9,0
3089,1322555040-07e32a9a6871bd019e43c2da25495f52,0
3089,1326757680-fe49c2e936f182ebb49e0b30cb943da6,0
3089,1321082220-aaadb50ba7eb14d891ce3e1a21635e18,0
3089,1321992060-4bf3fc9804be7c5a0f27ec2390f8775e,0
3089,1321525500-9dba8b79b121d03b486188767c89ed14,0
3089,1323809100-40aedfb8cde4dc5ac22c24252912206f,0
3089,1323234180-fbdae7f387bdb45971698b607d2bea10,0
3089,1325135760-1674044b5f373553b40b154c8920331e,0
3089,1327681920-366954cf24874be43fed3713e0469705,0
3089,1321231200-76db9c9fd7e51882ca0b5374f08bc542,0
3089,1323897780-dffa6fd404608472a5e0bcec9b4fe528,0
3089,1322452740-b1a3148071dcf0fe30e16438319c1d6e,0
3089,1327624080-9ac39d089da78c9e08a7482ca454b358,0
3089,1324009620-d14cd01e0b3080d3446b84d091dcf251,0
3089,1326961080-a730e4eccf898f52f083bf9101f284ba,0
3089,1327714080-1278205bc18cb726fe196b855b1736a6,0
3089,1321537680-49f1d53d80aa31b70ba3a3e89a646fcf,0
3089,1323379980-f56876de496023f77f8959f7d856c4f5,0
3089,1326204780-5694e8d20cbbceb3eb1f96e187888ee0,0
3089,1322672340-c31a04519adaf4e17374de9b1ad18518,0
3089,1327023300-8da4b8567f1f7b3e576cfed599fb4f6f,0
3089,1321406040-119b4a6b74641a2a67ed054f198a7e2f,0
3089,1320545460-67c2b31870ce654fe49bb54e37f16569,0
3089,1321300740-955ae132ee55258629238c0e333403de,0
3089,1322502540-28ead2630a6eea29a462283d19ea2e80,0
3089,1320813180-053830b7eda3aeb8e5da6f4c6155e785,0
3089,1321996260-d832dad327963e801dc4084418e608e8,0
3089,1326943860-316c771de95715bc56ad36f5d238fac6,0
3089,1323116400-fabc955d7f40f2f75753922c37a02e14,0
3089,1320816780-2720534350cdc9d4bec078bb1ef1c707,0
3089,1322545260-cd02084370350a841a1e2cb3e0d1879a,0
3089,1320799440-fa10fd10b56ffd505c5013ae049de6ff,0
3089,1322872860-796fff244e520a7cd03e52635cdb74a4,0
3089,1325698080-f63805ebf6831fbb4afe6194c0efbf8e,0
3089,1320357600-2794f5f987108309ce9610686b4080eb,0
3089,1321584600-76730cffdc45949108a4af57a01c0e9d,0
3089,1321447260-5c91b8f7554b5ab5a9cc48a05467d028,0
3089,1327609140-6d586dc5da0d1a7333a4b458dd4f8d0f,0
3089,1327515120-f1b172c326f41b208647315bb897ed93,0
3089,1327563960-150a33ca71a6405e6ceeb5d2fe842fc2,0
3089,1320441660-42b357f825e3a4807188c7b8677f1b84,0
3089,1321558860-8a203ffed7dab216d7f3c9cb97d14c0f,0
3089,1322155020-7ecc62d91cc338b4d3c7f5512dd6f425,0
3089,1321566240-2d0e9803fa044f221c4df26a7816540f,0
3089,1321496580-a3617e0f59dfcfc47dad8d6b04c86f3b,0
3089,1327012260-3dabb3e007d1be292ec86b8053407391,0
3089,1322893980-0a30422902603055ef1034c280061d77,0
3089,1324474560-c91761b17a1cd2b3440318704ba0d80e,0
3089,1321498980-84b34565207f34f2ab1a6312cbece6c8,0
3089,1324023780-f863e38c6198bd11e9a19e680f626e50,0
3089,1324404180-2f7545c17b633c992eeaebcccba2447a,0
3089,1323473880-18077a010dbc911afc28f8dd148a7337,0
3089,1321452000-a33534962ec796ff2bda456b60d0e428,0
3089,1321114260-78e745e3525e05c285177fec3130615d,0
3089,1321388400-c65aad6a18b5e6918233bfcf63beb4e3,0
3089,1326818340-cc241381a3b32492835e9cca9f741f6f,0
3089,1323476100-0183f5980adcfd8fb1ee6a735dd49e71,0
3089,1321014300-7574aec122006b8f8209c00f6a6f1718,0
3089,1327953180-ac667d800cf1407ebcd3e99009f993c1,0
3089,1326906000-8af6aeb8e0ac1f60579748999f5376c9,0
3089,1326927600-4e00c6c3022ebce7d87e5f2127f72818,0
3089,1321605420-5d7f18a9396f982eda55401487724b44,0
3089,1320168060-b1733ad853589e27e53019d63fae3efb,0
3089,1320583440-fc44f9bb65aa2bb140012028ae09ad6a,0
3089,1327648740-57e443b9bc65fccae1aa77aaa6396e4b,0
3089,1321440120-a6c0e414b016d50cdc46e1cf0816f80d,0
3089,1322798820-9c3c67ebd8953a341b73702c367670c4,0
3089,1321910400-de39b822868f27041766a18b408bb074,0
3089,1327302480-323ce69dfdc767fc23d7c1bfc9482051,0
3089,1327621860-f11dfb5dee078694245323625c4efc2a,0
3089,1320696180-af13ad1af19a7632eb8b8eb74d351387,0
3089,1323940140-2c87b443aef922246d2d9206de22fb54,0
3089,1322359560-c4f270c0a27fc8cf92c7388b87cc4b6b,0
3089,1323855480-89191b7bc79dddbece768045e99d1bf1,0
3089,1326131820-398a08e094cd111b87b5d01270f35ce8,0
3089,1321494360-64f5348fb56942edfbfbdcd85cab7614,0
3089,1321838640-4ae31162f96815f92654918e000640ae,0
3089,1324458600-d34f9f476bc4f2bd3aee2c7855bbde97,0
3089,1325694780-80151ea0ecd3f5be6babe1ca427e431f,0
3089,1320588000-cb5e9bf4bca987fdb37dbcf6006a4bf0,0
3089,1323133320-9b9684d593ff1939d3d41f7cae43079b,0
3089,1327534800-3d9295fac3c033872fcd4be06855e95d,0
3089,1321409940-b460607316cf9b89d30103031341eaf2,0
3089,1327048260-848f56e454bb708e169d1fd5295cf083,0
3089,1321488420-b4d6f5298373434ecc634272132f7bef,0
3089,1322875560-763fa78646a6372f9c5be241c1fd2530,0
3089,1323280080-956767c8cd8bcb54fad95fb9fe6fb499,0
3133,1326774300-597511c3f5e7950cabc6eb041b39e1bf,0
3133,1327247040-d13e0f45284c53fca2de381a32649778,0
3133,1326531420-d816cd6fc4dea1d57d05406e4506d106,0
3133,1325578680-547c44cbb086810d43ce278c0ac471b5,0
3133,1325493840-8cdffa46aabdebf29abe2ef08b3bde6d,0
3133,1325985960-d276a65c0d73ce5a32faa2866f149af2,0
3133,1323891900-c477426f39d76aa3291a72c466462366,0
3133,1326815160-46db3a30eb4f94be23b5d5c23f1851f8,0
3133,1327028460-1473d711665cc5950e2c30f20f64ea1b,0
3133,1322527860-3a700ddd453b0c2f591dc75a25d29f8e,0
3133,1326554700-584d951f763341e3ee05238f9f25b5f6,0
3133,1323189960-23439cca2b0000a919b3af2b9e4cd396,0
3133,1321433460-f8dd8b46941d717cc3a1133b7458063e,0
3133,1323681360-67dd80882d4f7e56f9eb6e26f6f5f997,0
3133,1325448540-a0694de90af409ffd4242419db592b03,0
3133,1322140560-b425506443159417791cf628dea7354a,0
3133,1325244600-02d144897fd2af4d805e8fa51a1193bd,0
3133,1325708160-362ab7c5dbbf19fb7796c20eebf60d8d,0
3133,1325258520-a268ec798845952a6ff34a4f9d67d0a7,0
3133,1324962900-477e13534204e9cc6181c5824895c1c1,0
3133,1326464280-dfd2476a17b4a16e48734659e2e91c36,0
3133,1326030900-517203927a50d4f931a5a34f9ba93e91,0
3133,1326717300-ba9a6588f81e2fc5f94f03832035b502,0
3133,1324412280-abed5c77fe8a2911e579f6ef7204fa2a,0
3133,1324451280-c7af624a5ba3af99c7d9764dd914a53c,0
3133,1320675420-1125037553305fcc4333b6dc67ad5b32,0
3133,1322377200-0a224dde4e51f82400617998be731dd8,0
3133,1326265020-89869a94735d2098abc41b204a1bf2d5,1
3133,1327299180-0f81751005643ed0287c8541ed4a857e,0
3133,1327377660-c3483ea7335109f3f31ed0dbd82669cc,0
3133,1323218880-bdfc505f6a33ed603140882a31631201,0
3133,1327150860-a7bf3b3244895c80b9083d5408aae2d1,0
3133,1321623780-bf9b9cd415c0563ed83e997aae950c62,0
3133,1321349040-6d256148959391acedc5a7f51b18b519,0
3133,1326306540-8eb8ca431aa7a9c49dbfa26dc29e017e,0
3133,1321502520-876edb94841aa3811f408b74f5da6ef1,0
3133,1322486340-7434820e490da6610e10e5b38ad5b1dd,0
3133,1326812400-8d91dbe65ccc0f75be2bf3906766f961,0
3133,1320713700-dc4ec8ea7bd38c7ab9d9c7f1a222a4d0,0
3133,1324288560-81928149547f859108f8866028ecbe8e,0
3133,1327821180-f79de150e136b2eb33f6cf164cac11e8,0
3133,1322178300-fd9e92bf84ded0fbc842f089dbef93a2,0
3133,1325626560-5e5749f392661d940a8deda185e42270,0
3133,1323766860-627f6c4579de7fce58fae4a4919f74b2,0
3133,1322629620-8c1e989e5e8b66f080d2b1c0cae46c8b,0
3133,1324412820-d250c4f7d222f7929412c081f54b781a,0
3133,1321224660-8a7f5fb83a426c1d8f9d0738d1b93b26,0
3133,1326285240-0a070e00081cf8a63b863740f19704e9,0
3133,1320507600-29d75d3e44025d8cf33fff67040397bc,0
3133,1320784860-423a2f9506b24fb55ab95c77b4fe0e69,0
3133,1326014640-30427cf124e657e00ce14dae72f2c1fb,0
3133,1326257400-fda36f5c034f085610eedf279ea37480,0
3133,1324209600-397fb37bf66e302e314c4870f655d192,0
3133,1328049840-513cbe36def39c25d8f8bf54504f67e6,0
3133,1321630920-c653de0aec4bcd51837d401ac7416632,0
3133,1327086660-29b971ffe710ea0e98436a2323884ef4,0
3133,1322502000-34ed5d4216601c215af655076186ba26,0
3133,1324154100-2a103c15dd370b9fc2a812fd66b5bada,0
3133,1320980880-104a824f9e31fc56e8ba535ed486a3e0,1
3133,1322103060-6658b4912afd58bf56c88fbda075e551,0
3133,1327765500-fdbd83487e44f8611cd23e0eee52963f,0
3133,1326081780-fef32a025dfee3f454979136043e555e,0
3133,1322626560-ccc438003e34fe75cb5d0a3889882b9c,0
3133,1326224280-4c2ab2ea82d33363a51e080dfc5120cb,0
3133,1326925320-4f83675f1a3780214afb9ce3a460ce4f,0
3133,1326069600-4e18f871bd92f338901e81449a2c6db5,0
3133,1325314260-fcf94bbeb324fc851407d990a0d8bb7c,1
3133,1327469700-b5a345a344f8ab59038fb2edb77a8474,1
3133,1324599840-af9d27c8fd7e8ca26c3e76b26faa2b04,1
3133,1322868420-757c258684873a70cfab843b4905e758,1
3133,1323335460-b60a07b6a072042eaf65c6d70c8e0fe6,1
3133,1322793120-2d7d3552c3f8b27c150a0a12ad9006f5,1
3133,1322862240-128e0f2be9b2328173214eb861603d1f,1
3133,1324584120-b7e8a329c16dad9cf5f348e48f18cd7c,1
3133,1323282060-a8ef24ed751b4ca6e9465fa42f491f1a,1
3133,1324549560-1fc2eb75ff2dfac22a2eaea80e2e2b09,1
3133,1324546020-d2946e625d87d4f63a465982d3519b9a,1
3133,1324541400-b1652b4f5768a42341b6f4d7d03a87fa,1
3133,1325412960-712494b0d4982154725c6d3de19d1b9f,1
3133,1324455900-26ac8bcf38d38a82e6c2744bd8bf69c5,1
3133,1324457460-0c80e1a790fccfca692cf662bff93643,1
3133,1321743720-c473a9955444f827676d67cc14bcc3a9,1
3133,1321744200-fab06c1ab084ca75842735fe3b621d70,1
3133,1321567920-be57aba2f703294c4b7a2d20d31b2ee2,1
3133,1321627200-cecce9a88da47b06d61f80e14dc90a67,1
3133,1320810780-227dc1d39679e46e59db5f032de06722,1
3133,1325239020-3897d6018207455bafdbe99c4cebb906,1
3133,1325238600-336ddac02644cd5e7548a4b7320893a5,1
3133,1320954960-6d57d78f366c625bf8ddb4b828c587b8,1
3133,1327632600-6c3535977c4c0e4e1db1d07f2e692610,1
3133,1320980880-f6e31756ee117922eda10286a0b14e8d,1
3133,1324509000-2d62fbffe62a3f2affc302a002a0d498,1
3133,1321407240-98de8a23cd61897b291d2d7b527922a3,1
3133,1321061340-df758c9f14e69b19a4335e1cfe6a767e,1
3133,1321037640-5e75bbf739891ef08353949ec40aea2a,1
3133,1327411140-b66d6ba16b6974a74a94d7acd31d804e,1
3133,1325469540-0cc96889188e9f3c6dbd94774569d6ce,1
3133,1323753900-fb5cd3cdb1c45b89000144b7e2426ee9,1
3133,1323768660-9f03c32371bb536087af3df2c5f3ac6f,1
3133,1324445340-37aa85b31e799d49eca752bc58338981,1
3133,1320218520-174d2fcf8e4aa0569ed2f0d2ce9d27fd,1
3133,1323789300-3c9e345c123eed6015e568b40299e998,1
3133,1320572280-b2725e25ef2514278159629bd173b602,1
3133,1320537420-a488a96b2be55c7f87ea947bd17ba9d4,1
3133,1324378620-cd91420f1169c8199cc61b4b061dd3b9,1
3133,1320325560-905d90cea2f6335916710af12b79e913,1
3133,1327636740-7112e4de14625d2119fac5a6dfca129b,1
3133,1321558800-bdc415ed7e578efe4fbef01abb864a71,1
3133,1321542960-2cc97823c26a37bfbd50f6babaae7b59,1
3133,1320325560-485db0a830412822e244459d7c109916,1
3133,1320218520-5997865295f466278a62281cf4422e99,1
3133,1320572340-b37a822b733eaac49b4dc00b2cec2995,1
3133,1320325560-da7ecec6b8f8d00e83283dc2d3797eab,1
3133,1320537420-3dfa3ce47a3bdcf234003bb6b04945aa,1
3133,1320537420-161b79354aa03ea3749077ac5a442ef2,1
3133,1320869520-d04724841b93b48597f7614a7ddc7421,1
3133,1320537420-2e84cfccec99c2cbfcd662a548ea5d13,1
3133,1320325560-9eeaa14b670001440a5669f04475aa5f,1
3133,1320325560-492865cb41c7fc650bb0e59278dd1681,1
3133,1320537420-bf1517a4ad9712d93738a50390937dbd,1
3133,1323753900-4d3cd25a671fb92694eb65cc3b0ba644,1
3133,1320218520-9e108568bd49c2a58120f56d48180784,1
3133,1320537420-7a1263174f3b3a23afe586db806eec87,1
3133,1327145280-145fd53f83ca2b28d4dd0fabc3491e00,1
3133,1327037340-f09703d46c32e823f44efa1053db84c7,1
3133,1326400560-cf24df6a3b8d18cd97c33dfad46e26c0,1
3133,1320897420-4dcb90c8561ced2849803b8eeac8f329,1
3133,1327743240-23d16b75a34fdf5c69ea29f7d5a430a6,1
3133,1327635840-80725feb873928e5ae85f01e52dccdd8,1
3133,1320325560-ba54074e516b084d0188ae657094cc27,1
3133,1320537420-58bae04850e487c920ed6a2813fb39fa,0
3133,1325429160-c696fc8fce92cc1866547f55047fd270,1
3133,1324197060-7c21dcee63237ecddcff79d78fb65d41,1
3133,1323715080-47c617c427653d348c32f0758b5ab5ad,1
3133,1323714000-1aad361393478d6c1f74360611aafc0e,1
3133,1322878140-db7355b13a07af33cb4ccbefaca09f2b,1
3133,1322878320-2936c37c05a9b1b62e850db9d9c87386,1
3133,1327809000-397207c8324d2342ad92b3399d4496c8,1
3133,1327806840-50bce0f4829616457e44d27bdc0b44d0,1
3133,1327430940-45be635eb31a8cd7a6c3729889f065dc,1
3133,1325406840-227e744a3ce339fb65c2625a019dc9d8,1
3133,1325406300-ac08bb3a5a26ea67158498b1427cd0a7,1
3133,1321453440-68e6fac86597b33d5a03c6b71a3a23bc,1
3133,1320949320-8aa01861fc6258a1e5013b0b3e78fb91,1
3133,1325045100-cf929dbeabef1ed5cdc2d473adee101b,0
3133,1320572280-76fbc3e2fb26c6ce5055288d0e6ac1d8,1
3133,1322404260-8223ec596a149e54bfbf4a073c103b5f,0
3133,1321960080-9c6332052b7b41808f9c54fcb8093476,1
3133,1320664320-21ab20e46bfa4db76b5d8c5e9fc2b3ac,0
3133,1320537420-b5a13ac727de3f286de805ff7966c017,1
3133,1323819000-20b84982f3f05e7cd9715a7ac294c469,0
3133,1322723880-b2871f15cc09bc2bfe56cdf813d97681,1
3133,1326357660-5fa3fcd20579c412e405795e82c4894c,1
3133,1325689020-0c8cd1d6a39836d4c7535042f51141b2,1
3133,1320895080-b5306f57126d1e4d5ad71740a5702506,1
3133,1323199380-ab013400a13e47d6a819ed4623089a93,1
3133,1326675840-4ac6d03a20524cd3d692ee288a644b4f,1
3133,1320325560-7f2a17571300ec6a3f61dc7080244bab,0
3133,1327647240-b33078ac4f4abae87aeab1493fa7bb0c,0
3133,1321323360-84b49a5e663535d0c6d34c1a31497605,1
3133,1321213860-fe640d8e1fe2296502cebbb0d250fdd6,0
3133,1322472900-11d092df1ee4c1ee1bd5f3530e42c46a,0
3133,1320819420-a0ef4758f6b358ef822d2ea27019cab0,0
3133,1322741280-ceecd9f037a0db47dfff89bc73c041f8,0
3133,1320537420-6f944eaa7903083d3d90ff2dfeaae810,1
3133,1322502960-663e163458dcdf3d261333c64996e68e,1
3133,1323456240-3189311b558e3a1f2e61747727d950f8,0
3133,1323274980-53e45e290d9ae8851af78a492807b6be,0
3133,1320915720-7f6dcd222c3a37ba02f50d4601b4779e,1
3133,1320909780-9ce56818137dd5f958fee8b3dc18833f,1
3133,1324378620-4e5c4d9a906ae46d6d68acf832bbb96b,0
3133,1321324020-96834d1075fb625987e689e8493bc478,1
3133,1320325560-fce7662e2fba7432892d21138946ea51,1
3133,1320325560-2230b9ccc2ff081f1f06463124051b83,0
3133,1320537420-847f47d93e6d403c3ee3fe35c25b01a0,0
3133,1320537420-436dd898401d276d7ab905021e096140,1
3133,1327145280-6845f114eeb93a58fd21da5551f5e518,0
3133,1321171920-46f8c4dc3085ba289cc495f66f894d4a,0
3133,1321100820-1ed60e9e6196aa56a61dd3cc05044f0b,0
3133,1326543060-8d89d52abf7207cf0ff42f5721322f37,0
3133,1322868420-f6d0ccf6150c37a331f0872841bd5f48,1
3133,1320537420-700ee4982136aaac513c1a1d632e2efe,0
3133,1323772260-f8e72dee023c14d2a55beebfc67fd38b,0
3133,1324599900-ad7110474cc2431c2fcdec9ed9283f09,0
3133,1320897420-5706f509b80df45831e5022d6a5dbceb,1
3133,1320937980-68eab6dd807b827a1657272746f23ba3,0
3133,1327720500-a4c862a31b0cd947fc86589997f06332,0
3133,1320983040-835f735e2e2d9fa8722d26ae166153bf,0
3133,1322256600-83b092ce5a6c0ecc18903934926bafce,0
3133,1326921960-9e85451f107b484b2679052aceadbc80,0
3133,1326536880-d88f817d98b6d29defac2bb976eab403,0
3133,1323680580-5534fdb9bd37dbc0f082219f3a8dbce2,0
3133,1320537420-82dcda27fbaa0aee8f4f4362264e5cf7,0
3133,1327800000-b3d32bcdd8b6b2c968a6efe69ac39e4c,0
3133,1322381040-c7d7e0b0acfa98190d78670c40f5b0b6,0
3133,1323822840-f2f0caff2ad61ebb131fb5b4c613ba83,0
3133,1321059900-2657f87a8aca2be479e97ba6a1c8ecac,0
3133,1327317720-a87ecfcad6e904188b85fd43dbaf67e7,0
3133,1321335720-71915e3a471e8e0b3b76874e37d5e0bd,0
3133,1320537420-a8deaa2687d1ac25cfd2838e9d157393,0
3133,1326267540-b42ece9229407a12270a23c091daec4d,0
3133,1320893700-34fff515f2ee79f81ee3440da1ea817e,0
3133,1322303760-d5cdeb6fa3b79348c1a158257efe5cc1,0
3133,1323508740-767d77e7151a4ab29ea6e4bc1e42c495,0
3133,1323816900-b97b449e2722fc3a8c8b38c12653be06,0
3133,1320777660-fa715532bbaf747af110d333f7c49653,0
3133,1321842600-faa07cc8d1b08dc5c858df0a06970e50,0
3133,1325833080-7498be43728974bc7b0765ea7a34e0e0,0
3133,1320134880-79b1e049ebcabba78d8298754ba44e58,0
3133,1327906620-3912bdea58e4f8275af247ccd88d044e,0
3133,1327117380-41bc596c97b0f3ac71acb243b191bc4c,0
3133,1320537420-191772b1cbac1c4f06e01149efa25d48,0
3133,1320718260-8d428e504b80c18f0e61ca030d57582e,0
3133,1326400560-df85e87b0109a4900e70f2003370d3be,1
3133,1320537420-c3e1979cc835216de5211aff761e9617,1
3133,1320325560-9245fc9da80da4fb2237a25b58cea8cb,0
3133,1320537420-bc63d64cd596aebfafdad4a6ddf6e3e4,0
3133,1327888200-0519df12deed9c1396f3ddff47317bdd,0
3133,1325591400-58c7cb71aad93fa42037994267c0bc36,0
3133,1322852160-4cb93b4fc3201fd9e7382828240eff63,0
3133,1320359940-4620ebb77a1ab16754d3127f9000a1bd,0
3133,1323724020-bf1d87dd910d71b4d7e2da9f6a30bf3d,0
3133,1323750420-3b8d09c23f21423e7fff372bd0a5b427,0
3133,1320218520-1e17214785da8a308cba32a99a1b6a0a,0
3133,1326343380-2d11de3383e47468e3193df787f7f475,0
3133,1323821940-d89d3571198e7b6c7fc1a3605e08994c,0
3226,1320542880-6a10ecbc10324f7523880964cc268ba5,1
3226,1325813280-bd3d0f912f2cf6454f061fb817b4fc13,1
3226,1325813280-68d0dce23039cc873b7f0a88f9ccf08e,1
3226,1325823180-be0680a1c6b4bb316a7c50e58d4d3a0f,1
3226,1325823180-71cb65117a17829c591aa305dad65ac8,1
3226,1326819720-4f649794d2749e967f7f1bf37bedd690,1
3226,1326403380-1bd6dd8c092054415b8e07f9b371677a,1
3226,1326463800-0d46d300c115d009bab86e0e27574064,1
3226,1324058580-b2b26e9b2357ab58f90d1e70e6b2db21,1
3226,1325362260-c91175b1f5db141b60c20df77380fbd0,1
3226,1324323900-73ca0af9a7a676b696beb91ebe7679a2,1
3226,1324623660-a65453b2c609ca9ba06fcec8e5544454,1
3226,1326866760-855ffaa86b02ed5b1678c840df2dcda6,1
3226,1322212440-bfdb1ccf0698c18bdad94aa22bd841a9,1
3226,1324992540-533a662aba919a9b08344d45fb642657,1
3226,1321528620-7dedb539f45d00271f7fe0fa3caec72e,1
3226,1322249400-ad10dbd8a64b191520e309e632f51cff,1
3226,1325428620-d603b2b5577cb0294fc581c8013a7eed,1
3226,1325133120-c87cb1d98d6aa07181d5496e356a0af7,1
3226,1327717500-44de00a9bc5dd8b98f967b73b919feb0,1
3226,1325433600-45f3914ec66c71ffe34b3432a2ac6492,1
3226,1325428620-36120cf94dae033f7d17f373375a8907,1
3226,1325433600-41c7302dde471f43ffa3cd727744c873,1
3226,1328056080-c121dd2ba50e71f59a683a0b698639a2,1
3226,1326517260-359be4fb1a4451e8eb653089a62499dc,1
3226,1326517260-87994d2364aee8dcfe511a7dcd5da4fe,1
3226,1327697040-a36070b68f9c3c0a6dd4e0678b6ac287,1
3226,1324550280-947f224b6b552438d852c12abb6b2c45,1
3226,1327742460-7f436696f9c7d07ea3b1bd5c626eefc1,1
3226,1326679680-3e44026b2f6425a795ef6308fb8ac55e,1
3226,1320239220-028f4d827034f2c1d407fa78a312b214,1
3226,1320239340-b74a098abc6eda37d37695a1aaf0fae9,1
3226,1326679680-349cca60e920b52ca9c93a47709cafc5,1
3226,1322715420-f8286d061acf11bb322bf3e231f5b97d,1
3226,1324364820-3ef61203bde76648112ab7269110d733,1
3226,1327254060-dfd79519e30a6806cf30ef3833c77338,1
3226,1325850840-1982a9af2303920a5a1134c62458c066,1
3226,1322830380-1a9d1195ab8376913ff950afdf147e83,1
3226,1322832180-067a86416b78cdf2fa281c72bf19dd28,1
3226,1326401640-35d9f80e0d4bb62dc83bd75cccd5737d,1
3226,1327032720-a9630601e8a11e6e95c2245b442044f4,1
3226,1325442660-899369ee810ab98ab9b1721821010453,1
3226,1322242860-792a5eadddbbc3608a3c022315da0510,1
3226,1325059800-2b1c34df867d5382d4f631a2a1bb0326,1
3226,1325263980-90b7d7d2366d089efedc846904131718,1
3226,1327123080-26a049f262bb1a741c081c9c9080f771,1
3226,1325130180-60a193c186cfbcddc14638af88704030,1
3226,1325130180-4a27f095661940c869ef392b587230e7,1
3226,1325567520-682371fbc7a133838e6383a1cd0f9097,1
3226,1327557600-27e027e685934d75a3f8a50e48d3de8a,1
3226,1326830160-94df719fa6f82daa2db63c11c1b807e2,1
3226,1325941980-25ea51c859d02e9911c1c2059a498c1d,1
3226,1327532640-7145441207b9934fd5bf0888e460d555,1
3226,1320452700-26c64f733832a1b4d8891887ce9c18b2,1
3226,1327215120-243d73865f4997fb28d7069531320e32,1
3226,1321996200-6f3077741ef9e07ff4f090c19eb1d3b2,1
3226,1325682540-b031a51659cd0316d8bcbcbf3aed8737,1
3226,1320418620-4a81b4a737b46d4d6a9e955091ac9726,1
3226,1325349120-9f6011363e270c14288d8611594e9d64,1
3226,1323923460-5207fc8d6db6c670d824536e075b8353,1
3226,1322296080-4c910ec141ebd659179ed2dd3f4065d1,1
3226,1321465980-152519b15d67f376eada801663a25e09,1
3226,1326482700-ad27575f51883643183b91acd3036b64,1
3226,1325083320-908e0d214e065655f4b2b96095087603,1
3226,1323569700-509692fdacf8ecf273935927c9d78ec8,1
3226,1322800920-a24f81f43af2448dd8add9d536d92085,1
3226,1321325820-fa725e4bb48002abd1c31d1e3fa7846d,1
3226,1324350240-1036a8f6ef705bbae4c85cfde0be082a,1
3226,1323814680-5fcc96796d29e8d21e694b7b66ff80c9,1
3226,1323730380-a77073c57d6164b6ffee6b6745e8111f,1
3226,1322956620-626eabf73f55e0206c3ae604c143f8a3,1
3226,1320537420-faf47d7ef74aee244fa01af62a551f60,1
3226,1321668720-049ce3ee9936d97a8f224268234ab72e,1
3226,1325442660-ab02430d021a4e29a21faf2c308b7ebc,1
3226,1324153320-7a58c2602b219ede0f46935b025a4e93,1
3226,1325443260-2c6545ecf18d4728fb7825c15c28235b,1
3226,1324211580-b4c407f42234098527526f55ccced307,1
3226,1325269680-65738db5b7e130b3e3cdef80562a4217,1
3226,1324805100-c07fb4391cd7aee8dcee088cbc6bd454,1
3226,1327350840-145dcd02d9b3e7ef0114ebcb55310063,0
3226,1326875700-7e2af0a39002dda229e5986ac8ac7c89,1
3226,1325657280-9b0d1905c7220c3eca69b33ff2aa2a4d,1
3226,1323960360-15ef98f126695f21add8d4e4b1fd9032,1
3226,1325790540-89d3daffe46f73e15222424b54923438,1
3226,1324371900-9694f5baaac7d9aa5efbd724682a2384,1
3226,1321001340-6960682ddc51a7c9d86b4c250e40075d,1
3226,1326892380-56abced877bf58512beb9db9cebb9f21,1
3226,1325251140-751a8e288cd2839ca5b27e931c709437,1
3226,1324389240-1b2fd5ef2dc10102ae6a0530a1c18351,1
3226,1325891340-4ab43763196e0e4ad34949caa1cd7eb1,1
3226,1321017060-f17ecc2aa688c24f3b77d5ec8a9bfea5,1
3226,1326251580-02933240ae3f7a40808734a6f77fc7ae,1
3226,1321545900-47d4d22cd7cbb7343f9fd1a33f17444f,1
3226,1324510140-fa923d08f17fa26bb4619b77c85e1a5c,1
3226,1326251460-9b39679a7c4bdd875d3c405820a58302,1
3226,1326251460-705f77556dce0ec857167f822375889b,1
3226,1326243180-cf31a11cb0a0b13e068bc24aa33bceb8,1
3226,1327713060-009ba46899092fb2d291fab106e54848,1
3226,1327193700-b9394b61660e34905a840dabd739011b,1
3226,1323324660-6fce3d1ae02a7810ecc711a9f4e6a4a0,1
3226,1321495920-7690b62949db7e4566fc9af18a8e045c,1
3226,1326214380-c2735355b69f64227752987fabd94d8f,0
3226,1322775540-18b7c949d3a3a81722ea9846153e4372,1
3226,1323695280-8e31169d81c6cf8222395d76a9aa9714,0
3226,1325657040-b805623ee3f963a2ecfb834af0a8d5cb,1
3226,1326206100-f23ce656b564093377a46829a1eb2ec9,1
3226,1326165840-f11dd82a027b3a0e50624dbcfd0ed300,1
3226,1326183480-798b338772d316d0438eda59628df482,1
3226,1326165300-65f200af59f686470208a21cd3d4c364,1
3226,1321332600-9fc905c2fb6c1ba08e2ee7e1b249ba6f,1
3226,1326165840-1a116e5240c3a25bf43c72ab3ad8403b,1
3226,1326165300-9135cd37bd5a325bc03e6f2978a21a5a,1
3226,1326041700-51f4425a0c69946ee6150a544914b0c8,1
3226,1320820560-b54f7cdb601a7bda70cc43fc9e9fde90,1
3226,1322384280-2385dcefaba7748b1f22593191f9084b,1
3226,1325572140-55d716cca14fc75c8f5ae477bebae041,1
3226,1320134880-696a35fe1a6d19347d517b21ac257e3a,1
3226,1320807240-780518ca76a573ae65cf6f39d45c8563,1
3226,1326501600-a6e05ae7c7a2c2a7cbfeb55de688d9cd,1
3226,1324563660-9e67e3d87c28a4cebf7fe8f8d77c950b,1
3226,1321568100-add545cc3db44c009e2910963443b840,1
3226,1324358640-ccb842e287b0021052e2f5a1926beabb,1
3226,1326962820-19f01a11d5cfb28c2239d094c8af6d9e,1
3226,1320960300-6ed11fc3c4b3e32fbd0ea319b8fa451e,1
3226,1327218060-08accc9561c1653e7eaed4114e408045,0
3226,1326977280-714a2dbf4aaa223176c72c6d77a85d69,1
3226,1322859360-94e788a6f8cb897359177dda29a85fec,1
3226,1322521620-7dfe5b27ac2b1c9a4b0560ff2c11fba2,1
3226,1326842280-238d75340ea632b39b73dfd054fd74ae,1
3226,1326868140-fd1b8ed8af8daf45e19661c93d896c19,1
3226,1326869220-6b2afef41883e59a319a1e63e39c8d7d,1
3226,1326477000-36e9efd273dd69c0804eff3a89de1c10,1
3226,1320729060-f0a272018e60c4d605d48752989e4b90,1
3226,1326898740-b2fb44143549c7159c6f4b4ee669190c,1
3226,1321411500-a3078cf90e49cd6b7b03be2238e7bce1,1
3226,1321063620-deedb33481fb86d71cd4c7b26529a0f7,1
3226,1326981900-204ca66a3c2e3eaf4f7a429d2d4814d8,1
3226,1326126120-09a7e54f60c907b261fd1110380af0f5,1
3226,1326101820-354d1831a4511f018b252904d9b34965,1
3226,1326280920-701d6ab092c44cce62d539828506459a,1
3226,1326132120-6d489b22e9e5f94426f3363058a12c75,1
3226,1326632520-a65ab4dc90025cae39b2f2e519ee4c44,1
3226,1326145740-f7e47264817fbe88a087458ba4e937bd,1
3226,1327551840-2b80eea9bf969b12d408baf81e8cc0be,0
3226,1320923340-5dc8b797b87724e1faa836f809ef0b81,1
3226,1320937980-68eab6dd807b827a1657272746f23ba3,1
3226,1321797180-363f5c595dea28b58d8eef18563ee011,1
3226,1327916400-3acd01a403df3db5f7250496ad3d5068,0
3226,1323779820-f8d495cd12c2d1ea06c107874047ac9a,1
3226,1325268240-b50b0c0b029c2a141d12426e596546af,1
3226,1320862260-d1ab883c6ee74e600b262b2cd584f0db,1
3226,1325008320-d833e93bb08b17747a6d1f050f589c15,0
3226,1324414620-064bd855f21f5343836258cc7ba60eea,1
3226,1323726000-4d917ded73b64bc38f7ae30695294509,1
3226,1326968880-959dd9ca186378789f27f757461a26fd,1
3226,1326793740-091671c60271b1c55b32f70a4d55f8e3,1
3226,1322373120-49b1ab1db9273d2c38078566f6553581,1
3226,1323701100-15814ebb83795c20e2a3fce4515647af,1
3226,1326019560-546908cf18dc94ecb611d818499cc356,1
3226,1325409720-69f08eeda6c1b775b7c73d11b8b6b023,1
3226,1323172740-8624b11ba55bd09fab9da68c31e9fd4c,0
3226,1325412960-712494b0d4982154725c6d3de19d1b9f,1
3226,1325133120-90e77611729ecdc891c269fed80b2fae,1
3226,1320897420-4dcb90c8561ced2849803b8eeac8f329,1
3226,1326735000-62c2cd25b0db941116f7b4d6975f93d4,1
3226,1326786000-9f36f0104fda33e7b29b2867a52a6bc2,1
3226,1322303760-d5cdeb6fa3b79348c1a158257efe5cc1,1
3226,1325469540-0cc96889188e9f3c6dbd94774569d6ce,1
3226,1324144800-0910ab717a6264f6042dc156043ec1c9,1
3226,1323806580-bc58712f84e7bef6445deb033f29d99c,1
3226,1321453440-68e6fac86597b33d5a03c6b71a3a23bc,1
3226,1325959680-5660d28f6471b0ae92687ee61de7898f,1
3226,1320537420-442b291fc21ef82766398ca087e9eeeb,0
3226,1321904700-37d6320069ae679e6ae9aeb690cd44d1,0
3226,1327635720-c70a695fba83808b3a9e2604215a0803,1
3226,1320811860-9b3d2070f27af2f2cc56d3678896d310,0
3226,1322178420-d2af222dff25529eccefffa2e49b796c,0
3226,1327528500-0cb4bb1879686b55c73c18e0a9d7c985,1
3226,1327957500-2c4f64a477ea088e6534edaa11990134,1
3226,1326837900-0755d35cfe0f06377fadd3284038ffda,1
3226,1321148580-2d0b79f84aebb10532a92a49fb882817,0
3226,1326843420-3546126d39509fff6f7cb2a11a66486a,1
3226,1326837900-677a36f5a375f10a2b4eaaa8801aa1f7,1
3226,1322704680-d751b9e942b285f1add9a54a90179874,1
3226,1322076360-d01ecc81970117f815c976b65a991577,0
3226,1321639740-60182cdd11813ca160eeeed8daa13b59,1
3226,1323023700-1b084c5910f4dea54d5543675eae98cf,1
3226,1327306260-6f91bf11817051ff6201ea8e3afb887d,0
3226,1325208420-f372ff7ea3f98b3ba51f67a168c3a310,0
3226,1323619560-6d94a9f7286945cd636ff7baefef1ee1,0
3226,1322946900-87302ea9566636da3a476cae8f17e176,1
3226,1323997980-db6f7d64b4a22bfa91019dead7529269,1
3226,1326366720-436bf0a3fe3e2c10a4e54fcad4879f83,1
3226,1326100140-c3b17dd35d0fee1b0b1f8d68b7ca2301,0
3226,1327949400-6b9ce8502d4b47132ff9feaf19f9d67b,1
3226,1321626720-80eee7613efe2e20d8974b1cd3f4915c,1
3226,1327152900-4cf85b7c31521550ee854c12008dbdfb,0
3226,1323663300-76a3af2c163e851947d01dde7a93de66,1
3226,1327335660-df939d29915541be6107bcfe71b986ff,1
3226,1327239420-741dff87bc3df8cf3ff30d86794589bb,1
3226,1322605440-26885c10e9b620e7a9e3471cd18e13e9,1
3226,1326164400-ad93e6e36d8531c2a3dbbc8739b58ae1,1
3226,1327945740-5b9cc0504b18416d9d74e1993f72f981,1
3226,1325867460-931a8e8f92f3f0578f8766f50a881324,1
3226,1323446820-6eafa308a923841691b17bfe9c11c679,0
3226,1327947360-11392640af7bc5a282ec130eba608e3b,0
3226,1325679960-1c3b29561750850a62ff7224e3a425a8,0
3226,1320549240-f7a0aa7aa9951c64c7a9664017df1ade,0
3226,1325221200-8df447b79996684d8e03017edafeaf65,1
3226,1326766140-604801edd904722d9129d0062ca023e4,1
3226,1324269120-4451fe5367831201a20847a77f64eb30,0
3226,1327567620-12cb3f67ea7960a0e961a65a5b1fd5bc,0
3226,1326922560-2ac8b01c029c7787479fab748a629dfe,1
3226,1326887640-97b0b1d5011120c94ec2abd5193ba5e9,1
3226,1326466200-3b1e769b3909a256f1fd052977fb0a52,1
3226,1325961420-63ce3d9309cb25d697fe94aa20c44f44,1
3226,1321376280-429e0ba9f8a973aab0ff2f031c4bc0c5,0
3226,1325892600-429e647d60d9a11b7dffe6721510f879,1
3226,1320868380-b0470215ec99fa050db625ec26d2915c,1
3226,1324051020-d84478d1fabd1c3eea195c44bfb337b0,1
3226,1325366040-987158a6413221e4e0dabd951a4b1309,1
3226,1320949320-8aa01861fc6258a1e5013b0b3e78fb91,1
3226,1325855040-5e09f8bce6c641008978ceccef75f234,1
3226,1321542240-5470dd9027f9f0a4c89851fdccc3f8f1,1
3226,1321542240-cf261649392970316d2262a5a0bdaf75,1
3226,1322046540-6b34d2b2c23e6d415180c140abf27755,1
3226,1320755640-fd80652894c828f0a9b318ed6ae57f20,1
3226,1320111900-436477612775adb70193e86f1aada0b8,0
3226,1322628780-955df2c3bcd75844a4531ef929e905d4,0
3226,1324012260-92e646f5bcd20f15dd7d2a08d34f1468,1
3226,1322773200-b25327934682722f7e12bc60c8df625e,1
3226,1325855040-f3cbd10626b0ff1b1b861e1a0d42bccb,1
3226,1327110660-3234bd21a917e8b01fbf9d62046b70e3,1
3226,1325855040-337f47dc8f31707c4e9070126df8e57c,1
3226,1326116220-620122655611fa76a8aa0993a488a720,1
3226,1321924260-5c0ba09a3b2c981b1aa6c68d04abbbe5,1
3226,1325704140-6cecd761587a0f58daed03cbb8689123,1
3226,1325173920-8e2b54d21cb1095124281dc08e01e909,1
3226,1322017800-6d30aa536479d4cc0f8d654c9d86080a,1
3226,1322868900-1dd377274e56e6bb9a5095cd257af1dc,1
3226,1322337660-0cd6f51c38d8b07a084f46809311ca65,1
3226,1324154520-d023c4b05074d628977d820576ad9b3a,1
3226,1323868020-8a4c1367341a5af433a183f6e2f1914d,1
3226,1324470420-67ebd23cfce7b0edf1205cd4fe3e2e9e,1
3226,1326368760-ae3e6276ae0d2de0eb3ed7fecec15d58,1
3226,1325895300-accf8f7bc450e4b52511fc4b07d07287,1
3226,1322586480-d3efacb717f84ec3cd9f595963a45f1e,1
3226,1321115100-41ec5ef5f54d45c0bd6d6767264807fb,1
3226,1322311620-91aa135d05af8c71034dbd4476d8b704,1
3226,1323868020-8e530b2d0701e0dd3d31472003d83cd4,1
3226,1325212260-3725b62bc8b73417557292dee7becfca,1
3226,1324348260-f3a6662ee1e695321071896391a12b36,1
3226,1326755520-182309406ea1fc3f9edb77544398189e,1
3226,1325263680-a0e19824764b860bc48593a684d1fa4f,1
3226,1323289860-5ae74f83726654d7ca033c757a45edcb,1
3226,1325009460-ddb55a77c5c230f697971941c0a2df30,1
3226,1320452040-7572d797fe6de5fc8f170e67f37b0c0c,1
3226,1325279580-412d0b8714ea00498214064ecd6ddf1d,1
3226,1325353620-28fa206512e6749f99191822a947966d,1
3226,1323150960-886feca6ccb76ba3ddb7898d6c601b9f,1
3226,1326933420-790ee8a63dd0dd5c5a3acbbf966aa773,1
3226,1323572580-83962cc51d95e1bc7d20963791d00ab7,1
3226,1327066380-c74a965100e9e2c84a7502dfaaa149eb,1
3226,1326541200-6bcaac2987901b76f95251585721b0f8,1
3226,1322828580-c69dfd60f7efc91d41065b7642c36713,1
3226,1326632520-602c9d5ce2c6a3dafecd93af56a2b5f6,1
3226,1321591260-fb124a5e5036b6edcf97580c5aeb6cba,1
3226,1324039860-b150bfdcb3641c6c4bf0d31647acc33f,1
3226,1322586480-60f33247d44a776065151fc9da17924c,1
3226,1322779980-f71d471a79c56877e74871103b895dcd,1
3226,1323542040-42fb994842e87ac8e81d941eb98e35b3,1
3226,1322136120-8089c4188b7830868414a049887c4c54,1
3226,1321141260-cb61b560485f2415bbc5e627b84b8515,1
3226,1324642980-3bd0d8b31124724e6a702b21cfb80a57,1
3226,1323292320-290568f464b9e1965efc322e3b6fb98e,1
3226,1321277280-357b2d976ad51a1f90e7a4bfbb4c180e,1
3226,1325867460-2a257fd0ae94c9e1c187735ad69c2bbe,1
3226,1325206740-2f91d4219cb5be4eac0d66e68884d51e,1
3226,1325263680-236e28bfdb533dc7044f81c4c9205743,1
3226,1321649460-7ddaa320d41864fe4fda40bf807add74,1
3226,1323542040-f5b24437bfd9bc924f75b881ebb9b591,1
3226,1326645780-913042dfcdcb5181c316eedb96fd7154,1
3226,1324470420-55201e23ccebfff6f6349aa366cc37d7,1
3226,1323289860-7e2d36678efc413ddc96a22cc79a526b,1
3226,1325279580-1655e92dc200b7722ceea58684481649,1
3226,1325697000-f16ab274966b724ffabaf9c636d39c7e,1
3226,1324477080-1d3b2961ce35334a062d4a21e85b8617,1
3226,1325331960-3747719c13cdba43dff3ac6a37f83cec,1
3226,1324556760-7991118350b0b0238aa5c91a030e3437,1
3226,1325195100-37c420d6be00b725241e1915503a8306,1
3226,1321306920-208b9ce8e02ca0e1f439b3ff46900304,1
3226,1324556760-6947f3a7ea4903052b308de1364edca4,1
3226,1322655540-8296c7deb2b86872fe1fe6493682207e,1
3226,1325906100-3f847ddc7bb40efd5e541ca462520bcc,1
3226,1325246460-3463cba362b65e03469bd315701c0eb5,1
3226,1324039860-b4225aad4a34ca97f9c0c013bdc855b8,1
3226,1326238140-f3c8052f85d1adefff1e3cfba2666b4b,1
3226,1323913080-24962c0ab187100bad009b870b601348,1
3226,1320700020-2d2f329ff2fe255dfd546a2dc8235540,1
3226,1327083300-a0ddb6f7d98ab5d5846137a1000fcf4a,1
3226,1321447140-58ec80357df53f1102029896880e6b48,1
3226,1325279580-3b0dc95f77d644e1826f3e60337dc524,1
3226,1323477540-a494e146757d381324f93fcd62468614,1
3226,1322859360-42c33d3e5c053582c35340a04fde86f6,1
3226,1325877300-d75c2eedf14d5758dfac55da4152a7b3,1
3226,1325697000-02739debfaafa10cbef81196b3ba5efb,1
3226,1325895300-15f2c2c72ce28e2dbdc53fdad9d90073,1
3226,1323347520-bfd4f20d18349e59cd03197861cdc6a5,1
3226,1324647660-c2d6355d423f9bd76818c72ff3589e5e,1
3226,1326888300-7f6779c0b3532ce9f823f49f9738bef6,1
3226,1326933420-54a77ab6c2017dd770c8e204ab86f29e,1
3226,1323469500-d3314b6c2222a9389a473a6f3b454211,1
3226,1327001520-dd3edef99bb488fe7292eb3c093f97ce,1
3226,1322859360-b0aa9da933692801455245b84959f220,1
3226,1321798740-488430c822926d343e21390efb86eb64,1
3226,1326922140-fe882ab55c6b4000f63d76e9f2f1cad6,1
3226,1323353280-548e101b2c04d1dad4314a300b3b7283,1
3226,1325877300-0fcafb49c8c75449fdc178e67dcf9900,1
3226,1322685840-165cc02cf9b80266aec0c155b2515d0d,1
3226,1321796820-829cc0fb517a3989a1aae288544d6360,1
3226,1327854420-30ca19d89c4ff91ca930fa5e3d30a50f,1
3226,1324069080-11b73dcf2fd79f83f136942a126f9159,1
3226,1324816020-581d78bde8c4f735fc3f859b99cf6c1f,1
3226,1325432100-2431fc32c9cefffea65c3bea9e1fc48a,1
3226,1321978800-b0480311bbaf5cd17c69944db4955df8,1
3226,1327347360-5aab68fae52a8b55a723c058538ddc0a,1
3226,1323353280-acb441a7a9e9652f5d01007583df2848,1
3226,1327507440-0361964b2afe01d699dc018c48ecd83c,1
3226,1321196760-1b856b7d58ee9ff145fcf9e04ac00b58,1
3226,1326922140-3834c7f58db417737c4c127abc62e157,1
3226,1321551060-671a32a6a950eb073008cd517b195116,1
3226,1324057800-3035af592c28f036af4cbf31da5d3f5f,1
3226,1326040020-6188b8592a44384c45b3b8cf28b0a732,1
3226,1323006960-c073f93c35a709f1544becf46104c01b,1
3226,1323711540-d35139f3333e33c8fe8add465399fb87,1
3226,1322606400-ccf47a2e27b9c23fee8977e84fe3a61c,1
3226,1323096420-80e0c4c2ee69c4a76349dd69b1b630eb,1
3226,1322804940-606155517ae1d81478b8fc12277c738f,1
3226,1327001040-85f398b9047f70f6368edf7896ccdef7,1
3226,1324750080-dd5b8623394918972aa66ff96399df1c,1
3226,1327935900-0749dd5a03cd4565336112e0994ae790,1
3226,1326040020-44b5c1993e2f41a590a56170a986bef9,1
3226,1327948260-1fc62b2e61eb8faedb4e48842047bbab,1
3226,1321423680-9a127f33dcaadc3891aca90321822f67,1
3226,1327854420-59ee7573e14f3959d126a7764cd98905,1
3226,1323350340-5908f37461bb5efb2b3f65173661a42c,1
3226,1324312980-b90dc17090fbb97ceb956acb3034e446,1
3226,1325704320-3656739a3a76e1675a90b552156afcb6,1
3226,1326474420-5d0fb771ce9267a21a320a994a5391c7,1
3226,1327593360-5c573513aa0cda8ad1f5fb70847c325a,1
3226,1320864900-133d9ff8901d0a55d4a646099106966b,1
3226,1322586540-a73d7b48211d53ac7e5e1311ba4e706b,1
3226,1324823400-1c63878b66a4027fe7a8a251682bc78f,1
3226,1323617220-51063baa31c5db37213552737b37f4b8,1
3226,1321306920-d835ee80e136cf7d497308043d68ae82,1
3226,1322758560-d0ac7554ccb71278e11f5be780230307,1
3226,1327001040-c4a872a780c590e2f02fbc6c424982e8,1
3226,1326224280-caadb2fecd857d8169766f5e4bc059a6,1
3226,1320443820-f61eaccc03400901d0bfd67f08b7492b,1
3226,1326640680-93d1229e89c2781ecd880155ede74cdc,1
3226,1326824940-02c88429f9f81ba6be3271e399e165b3,1
3226,1321662900-91cc0c01504219a211350754c3375d7e,1
3226,1326640680-cd651afc7969fd60ff8d9544001cd6b9,1
3226,1326026820-588ba8d289d9d3578cb6e91d275c07cc,1
3226,1321551060-f23f70018d775c3b40292b706ea726c2,1
3226,1327841940-640ee32ba7c14c3bc49b6d158d0d3a31,1
3226,1327242420-d788a50598ffc1448bb94df28a0e58e4,1
3226,1325599080-42b88870af3082354843b05b71cb6ef6,1
3226,1324403760-cb4928ecef6cc7402aa41644f8f23de3,1
3226,1325001300-6815ea3bce2044ce5a69cb95b8fc4a34,1
3226,1326481020-62e7fc530a5567a19f2a080e27cfc287,1
3226,1320589020-7de1b2e09c09e8a74a2cde99bd2330bd,1
3226,1326395520-b7e3bfef2ee400af15c564f4e99b1dcc,1
3226,1326198480-bb25c3224e481a5b80c0f8314b55cc6b,1
3226,1321211700-4ca65bda879c3ab0e6ea6c586e7a34e4,1
3226,1326927840-81b6075259e86dcdb00bb3e0a5088430,1
3226,1327821420-31b7846f14eda34b5926ad89f3742326,1
3226,1325621220-f6ee8b0f794aae1f63519c1294325982,1
3226,1325425920-5675d2bcc8d3467dabc64036d54a5e24,1
3226,1327435440-69b003886a876b3bc2a4f4373bec6ef7,1
3226,1321039380-29840df8ac3a198734a70a516086eff5,1
3226,1327066380-a8956d1574e12c6c7faf0e308602fddd,1
3226,1327001040-65cd9f2186c7f5bd6dfb7024e8c67cd0,1
3226,1323605880-f186f149221d32e2c7e5e5a9d8639d9b,1
3226,1324642980-20932a29a4cbda247cd3bd0a037ac3fb,1
3226,1324001700-f914bdf122b26aee354ba4b2867ccafb,1
3226,1327821420-7732b156799cda06f5562cd658619eb3,1
3226,1321196760-d10277e52861c6393bdd463505eedc41,1
3226,1322855400-5b4f9c2cb6fdf15270ac49cfc775b376,1
3226,1327188120-025bcaa79ea1d6c13d612cfd9fc0e802,1
3226,1324490640-09f601e50452e2ce6d6adebdc85f35b5,1
3226,1327926480-918b1917967637edb913dae3f796d6a4,1
3226,1321420080-abb578616c9178187d01e20f239da60c,1
3226,1327611960-054387b9dace11f1759facc935030bce,1
3226,1327210860-deda141306a2df94d88e473e6bec9b7f,1
3226,1327210860-38fd430652a678d7841267c82bcb5eaf,1
3226,1324172280-cd24ed22f5d7f43ca336b440d8a15945,1
3226,1321735740-2791f5beba7a219fa293c9980811ef1e,1
3226,1323129720-c4648fb2e83eb6f14bf15c7e49af038b,1
3226,1322614680-499455f8c0c2b84c59a89c0a75ec66bd,1
3226,1325303460-b6a28ba2a1e12b2933093b486d6c22ed,1
3226,1325621220-148c9426125613753bb85f553229c6e0,1
3226,1322614680-4e60abc50c10f7db2dd814d841c2cd67,1
3226,1324344240-b0c0d1842c5763b62ef0c9ec41a17f84,1
3226,1327507860-1a6089c0941fa91aea148039cda967fe,1
3226,1325991240-f3faac8bc3887aac19d6a07dee7ad65b,1
3226,1322311620-7dc0c6755d06279f89104393083f830b,1
3226,1321364760-6c7b91c48186a845d3395d6daad0cfc1,1
3226,1320712920-dd96a12ac48be38ba96107039998f585,1
3226,1326844260-6bbc85c9fc18bd7bdb5431efadde4638,1
3226,1326600720-37b83dc2583c7d744403af67f3691df7,1
3226,1323711540-c981dd5798175f744f6f7a016e3949e8,1
3226,1322073900-95d3d6bb2803f30cdadd0b89d49d7e80,1
3226,1325999700-7553c5c6d7efe5805da6d9f7fb8848b1,1
3226,1326436620-6b0b7e1f3fc56f2ad12587e047ecebda,1
3226,1327619820-4c30da23ec92ddcea20d26e0a6330f9c,1
3226,1320876180-cc4c475afe981432a909740e0feed6d1,1
3226,1321557960-16b9eec15c7470b2153144d0e2604b57,1
3226,1322778420-d9653d7d85a3f452ae3cee2891869a6f,1
3226,1322407920-2d5257e922a8fb9ee981b11b217e8161,1
3226,1321648740-3f3ebbc544098039e4be32c3acea6c97,1
3226,1321404420-50732dcb0f8289feab8787bdb482847b,1
3226,1321589520-b7db395c50e6f7beb51e749a54fad3b0,1
3226,1321196760-ca3d62f79efbf44a99ec4cc70c5f6717,1
3226,1324160220-0974e87b3b7536bf41020edd5e46940b,1
3226,1327198080-035931ce87556492b302a61ab66ff56e,1
3226,1323889260-40fc12f946ed4e8d674823b019c83125,1
3226,1326558720-d9cd4e8823ef95f156d5296ed3ccd042,1
3226,1322096880-6ec607e55335ca4f9a535f4633b38390,1
3226,1326980940-936f18057ae6d70120dbdb92a55ccbe6,1
3226,1326915480-19aa095ce08dc85868619f59054860fe,1
3226,1326837480-b560f9c047de14d1c3dcbb527d9a1be8,1
3226,1325606460-290bb28a5f366f914768b4a60ebffe7a,1
3226,1325046900-69314093ada21e893783e110db2ee97d,1
3226,1321744500-7f954958840f68df89376d895ed50939,1
3226,1327624080-bf8a929a443ba7c1cda4b7ea56b55b50,1
3226,1327506720-b5708088a34cd0a9079927453160e7e2,1
3226,1322096880-6ee0a4bfdc9c6b2e4153e0758185aad1,1
3226,1324189020-8a95b54ef57755cd60845c417ca0b3eb,1
3226,1321762440-f5070dc61af5d0dddf8a8bd148595331,1
3226,1325895300-a923fbc3cf89e601b8dc1825d10512c8,1
3226,1324157640-cf87f2d0841661022f48adaf18778a63,1
3226,1326163260-bc2d48bfee5b093d2812bd2aaff3c1c0,1
3226,1327378080-ddb90e40b6d1043847adeed396788900,1
3226,1322859360-63e8d5233a968f87192258ae2efb165d,1
3226,1321762440-7da8a048876d69c66e1169e554fe89ac,1
3226,1327587180-78a13158f8c776091f00605c7b66357c,1
3226,1327347360-fc6794fdf625d2dc3b2bc0dafbd77662,1
3226,1321732140-502eb5063ebdfe6bf5b7fc63ed47fb12,1
3226,1324437000-d4e7a4b1d1451b1bfff4f054df38ee9f,1
3226,1324259520-c991213bcee8d9ae79fcf67cb4a17f27,1
3226,1324843020-2e90a00f04d42171a433c3659e4e1f41,1
3226,1322868900-60c0aae4f4811d8a27d9dcd5c2e69f72,1
3226,1321589520-1b5f7562b16db1fb23812e0c3f3199a1,1
3226,1323386940-d7bfc3242cb4de58d09e44376d06d3f3,1
3226,1320945600-ab4444b73744bb82d2e2a4a6d2c0da09,1
3226,1323791580-64156a401cb6ec324e32a646d6cb1346,1
3226,1326238140-c129c8fb4fe4f969f2212f954c1170e0,1
3226,1326230280-c5881d9e4c49387699387facf8399bbf,1
3226,1321404420-330c8d6a928f99abd0602f51fc77501f,1
3226,1323843300-51fe61aeced5fe97e5093b14821538e9,1
3226,1326300840-5eea9ed9ae2fb5b90526fa01eba072cf,1
3226,1326602640-874ea9b5f4e595b11fcf559ffd2afb58,1
3226,1323557760-2936981e9a29c3ab665fe610cb89e94a,1
3226,1323700380-0a9f59f515df06f4ca262d64831a1d63,1
3226,1320508440-829e5bad7ab987248febf7d1707d292a,1
3226,1325786220-395305d228372cdcfe6a2e11098be376,1
3226,1326921780-9c77ec36c9c23ae5ac7813e6bbe0910b,1
3226,1326872460-06520c7ee3f759eacb5cee5c3f9c87ac,1
3226,1322781900-d15a860c8b3566770413f74d18f8a26b,1
3226,1322685840-955c21baab7096276fb3f89f05945e8b,1
3226,1325103000-11b1ab00ea18ec0094941fcfcc8ac534,1
3226,1324012980-4abcf2f2f8b4c35ae5a26a2579ee0c40,1
3226,1320987120-c29669497e9734b564e0bd9ad70081df,1
3226,1325888640-d56021be5b27a2891998235a34b7751d,1
3226,1327198080-dfd9258a5078af1d8a2c75421ba96ac1,1
3226,1326632520-4a33f78c3b51cc0cd0f658bfeb5a35cc,1
3226,1321762440-77ed5043d567c4a3951409275ff44bc1,1
3226,1323298320-6ee8ca589f05636156a59ee59d92e687,1
3226,1322694180-22075a30026df5143d8c21489d35e5fd,1
3226,1323906960-feba3ccf64ef6c3f57cd20da87a5dea8,1
3226,1325995380-d4eb7d36da6104c9ba47f0f81401da90,1
3226,1323129720-9bb09d3e295be99a1bd6ad222b1c240a,1
3226,1321599000-3c18679b4126cf78530eb7976f0bcf03,1
3226,1321677000-3dcc71c111f437410974a34f6f966c3a,1
3226,1326926280-3385e2ed773dd824cba55864b8cbeac5,1
3226,1322401440-b781d3b19666c7ff38d7c7619ce4314c,1
3226,1323350340-20aa312ebd4f8425ad166a3deb658262,1
3226,1326125460-775c2c72d4cd663ee41e8fc812aa5c3d,1
3226,1326813540-cceeeb2bdecc4bfea6b29d5b4a62e5db,1
3226,1326513000-ad592fa55da0b96a4125551692f37921,1
3226,1325895300-ffd1f600817ee4519d97541aca5d00b5,1
3226,1325895300-0484b3422217b5439efc816112b127c3,1
3226,1323965940-44a8eefba4252d8c351ee082028105b6,1
3226,1323395820-9ec18a13be4d03e2d5a16f8f81272fdd,1
3226,1327821420-75538a1c4e611891f029f33e92e865e6,1
3226,1327624080-fe244bd23734081230731820c7ee8fd4,1
3226,1324536780-0eb3f7d7693ef64d75cc11e811248f96,1
3226,1321447140-4b1a4315a1f033f8126f21bb3df134ed,1
3226,1321506420-ff6c720ef312f24eea1eb40b2d0c9df6,1
3226,1323186420-263b760bc9252142b039911ac09d184f,1
3226,1324012980-bc2f28e05b5fe6c878e20a0a849c1800,1
3226,1320642480-01993329c0bc6334e321de5735b2d001,1
3226,1322944680-234d474c73458bcc49bd5a561a5ebd1e,1
3226,1321387800-95880c9c2cc69f7795b02f0b6084fd91,1
3226,1322596380-ccc1d3b731e0b280c9df50eb954e0af8,1
3226,1321297440-75f51b9342f539340b9f062091c1e4ff,1
3226,1321404420-b8ffb4d26fc91c54135b3921d4b0ea25,1
3226,1327178460-cca6ac5e12442e376a082ef835265cd0,1
3226,1323452100-705f1db9f2f157e11e86ccf3e9b26ca7,1
3226,1322700300-ba0dc7846a76db15ae76ec19ff8d6c38,1
3226,1323572580-f33b46efd739eaba747dba048b9a4c01,1
3226,1323289860-4a14aedef18c8bd5916f90fc4e03c8a2,1
3226,1322024520-b140794e6118a3715e0ba7e1be854d9d,1
3226,1327198080-fe200f7a2443abb4f8998844fd8ab941,1
3226,1323386940-70625fb488633e4d19013bcea2af81e6,1
3226,1320771900-0bb2019c49674ac8d0dbfb05fc35d0c2,1
3226,1327022880-69abf41d8964a110de82b599b63446cf,1
3226,1320452040-523ffa503bf271c60cfae4c9c17bac7e,1
3226,1323843300-2bcb0aec917265fd1598f2336be8980a,1
3226,1326551820-155f27dd6cf2daf411f057fdb48ef609,1
3226,1324592700-ff2c432e18de586177cce725e2bd8195,1
3226,1323129720-84d53f5a199dbe8f664ea3e5a44741bc,1
3226,1325606460-1bed1b82ccdefa5c0415c2e316722b58,1
3226,1323997500-ab5c57de8de58891214555027c8dcbe4,1
3226,1322814300-fea2a9737960850b9afb5f1809e8a63b,1
3226,1326837480-5f0202d3d3ab247f54ab69e771544d13,1
3226,1327331820-bd5735e3de3ea46f2455259025010520,1
3226,1325895300-a732ef606850f6bce615be90c7853a19,1
3226,1321599000-99464998cfd48c6a1dec2163a0f0b26a,1
3226,1321662900-8d0b409012e5cf6e4223a8ad82d3d6f0,1
3226,1322283780-c79124974db5112a7baa8259c6f6bff4,1
3226,1326421260-b6a58c53b534e17e6cf1e7c93d21c3e0,1
3226,1326951540-33d3a395afc82482fc754c5b5e6c8cfb,1
3226,1325737860-9cdfe7a31b8d4e3a2fa856839963e716,1
3226,1321065480-1958816d25cb25b84441ce382cf26979,1
3226,1323893640-8fde0a84a448cfb7fb4880a4ed1ea03d,1
3226,1326919440-a4cee801d5c4099119de79a15961ad46,1
3226,1320452040-84317a9ce983f59ef7e3c9a591ef8509,1
3226,1324012980-5d0a117f279a67cae39dfa9f18bf9737,1
3226,1326146340-7827d2b8e912f64894e9cf2e275f74cc,1
3226,1321589520-83c7417923d275f22279182ad5141b6a,1
3226,1324477080-d2fe510a113962331adeab9cbac2e05b,1
3226,1322660640-259b93b60cbebaf55383ca83403be398,1
3226,1320771900-be0d5251e7d0eded3ee7403f47004e60,1
3226,1326129180-4d2373459a8a93c7d4e779557964cf52,1
3226,1322633100-060b909c331ec8b066b7131f9ace304c,1
3226,1320987120-75c83e1725f5bb18b38e06479c4dd4a4,1
3226,1324183080-a79bf7929e959ee7e6fe4f7462018a46,1
3226,1322779980-fbff067ed1b511d851ba6c7e24db3d1b,1
3226,1326138240-422efd89ddb8b19337abbf5461fad6a9,1
3226,1321762440-7863b292fdb181d61ce939932055d14e,1
3226,1323201360-6f8a73901bb93e6bbd543be0a8845793,1
3226,1325907360-b0d7daf394dbc4367ec916fbda8da55f,1
3226,1321762440-ac4c28a61c2730d238cee95f451896f3,1
3226,1322859360-ab568f5d118e0004bb6eec350a30af80,1
3226,1327649400-8256cfda1748a463d00fc0d60bdf6bb2,1
3226,1323889260-beb6714a94a5fe98a673751c6adb5a9a,1
3226,1321762440-a1d19fe69d24296db56cf46904a87308,1
3226,1323368760-58958ca85ea5d516b7009d03da4a433f,1
3226,1322024520-6e1c0435338abacc6d714ba2b8690968,1
3226,1326413400-89066f88e5ef8efe134dede198f224ae,1
3226,1324530120-89abd22044463c67e5d80bf0b1b50203,1
3226,1323925080-0907e1bcf14e74e38ea02eed620a77c1,1
3226,1321762440-63b50e09055328c61e522e131c2399ca,1
3226,1321762440-418eb44764deb04e550a0195d10d375c,1
3226,1320898980-a9098981fd3300aca44d7201fe7b6d58,1
3226,1321055700-92dccd74a1eb5f16af0dce0c4f2cc9e3,1
3226,1321420080-66dc03409f358cfef47d7fde54ec3057,1
3226,1327171980-58a7cad407e1666912f8fb101d1117d5,1
3226,1320976380-1fedd42c60a8b0a847edc2f66b23c3dd,1
3226,1324660680-2c6438f57c1b56e901d7a442334d5194,1
3226,1323477540-03acb9030ab71cad897ea1919ba13f6c,1
3226,1326578340-8380a1da92164b2e51aa321137bcdbaa,1
3226,1322778420-4ec03795e99d4d90bdb8e582f3589631,1
3226,1322779980-4249ccca9d6e502f9181ec6a8524ec60,1
3226,1320537120-b4b4b7280a4f09a6a7fb690b0f922aef,1
3226,1322944680-c5815a2efb8b1a99d4a8d0ad5ffed666,1
3226,1323585420-155445283ed527162116cb1d9fed6571,1
3226,1323798900-42becdce4a1db37e9bff616458ab70c5,1
3226,1327011660-0515dea89daa07b526dad5fd8f76e30b,1
3226,1323615780-d7b99d6cdbf45af9b35bf6801d3afcfc,1
3226,1324430040-1b2b9ca7a2bd6508745f562f86abe444,1
3226,1327203780-b031bd638b08047d5a935251da0cb092,1
3226,1320712920-1f5ffacad73470c4389cb98195bf4ef4,1
3226,1327188120-587b7a81bdebf588a7e0da94c06b06b5,1
3226,1327242420-330e8e48290be36a28a2a3b84eef0d38,1
3226,1322524080-a7cbe99b2a34ce1861a8ca5e640cfa1f,1
3226,1327821420-0ab67ac1e9b84484f388d7d4b12217ad,1
3226,1326574500-6b42cd919b6e7e9d9040f87b6ebc1ac3,1
3226,1326806760-335987f3ec2af83e6403dd4007b67913,1
3226,1325772660-97537bbe7062a37e8ba1b5033f195838,1
3226,1321506420-4e758938f16551b7cdfd177a927866c8,1
3226,1326496920-4f450a50d45c1e923641ac1c7bcc9140,1
3226,1320719400-5469235cc835ccdf44de85ed651490c2,1
3226,1327331820-15b775b99e45141416de33fbc66a8088,1
3226,1325715240-d6736c54a3efdde07069a3d19271bf6c,1
3226,1325130720-11fe34b0120e7441b679a928cc300742,1
3226,1327445940-fc2caf11491a87a7b326d3d735cf4003,1
3226,1324442100-9deade5219244c1e7af0797d1e49578e,1
3226,1323836760-329e7181d9b48cf7c395b1825e12621c,1
3226,1323477540-de9ed83044968e7d1685f8169ef5f246,1
3226,1326735000-88a149a92a50d30ed3fb8986e4153e60,1
3226,1326585900-903ec8980383cc6bb0015d46763d2ad6,1
3226,1325009460-78e3102e5b8ae1ea7cb96bce5f1e5acb,1
3226,1320452040-a4242aea6481a084003987de747c9742,1
3226,1321557960-4901346784c4abbd9ce59959c5e0abbb,1
3226,1327418040-12bb3fe1af2d34fb6bacafa02298e163,1
3226,1326895740-3a13bd08df653fc788e2eb4be9ae81f4,1
3226,1324490640-4dd51585031ab56d2764b6d885156a89,1
3226,1324161720-5e5a1da26658898f05bf5c13b2f58781,1
3226,1322804940-2029ea05c33cb1645d278c467895d80d,1
3226,1327328700-bae9454a2138667e28a1effc7ed4cf49,1
3226,1323997980-4c467a835137eabae7d078d1fb22de8a,1
3226,1321266240-784e7349f192782ffdb4ee8834c0071d,1
3226,1327185120-5d402e669f511b8d985b5eed59ba1e5b,1
3226,1321632900-3c8a396e97cbe917ac2c4bff038a22f2,1
3226,1327513140-9759a05ae0872ad1a1ee78313038a56f,1
3226,1327611960-448abbcc7037f59b8f8a06144aafcd6e,1
3226,1320816420-54595665e59167191821866604b8f042,1
3226,1323965940-92cfa46503e4ab2dfaeb267a00caaa20,1
3226,1326950100-6a4404bb359d57c4211787df40668946,1
3226,1323129720-5ecf02e4fb78d1d1d0f9ebdc9b5d674e,1
3226,1326421260-c4ed70bbedbf2281cfe7ac64f3d3abb3,1
3226,1323531120-cdb026a938596be1ccce5b5b93b8ca74,1
3226,1323282600-dd42cab4b770b345f9022d534cf381c5,1
3226,1322401440-70c9fe11b72ff563b0343f11bfcb96b0,1
3226,1321065480-d5d9348359a3a1b840f230620e88523d,1
3226,1323292320-db4013b00b121aa213c7c2e0f49b2b18,1
3226,1322606700-c17410fd333f40b3067c5893e9554785,1
3226,1320510720-58df1fc0730b004f4440803e4f0dc502,1
3226,1325730720-47a87d82c181c99b832c9240735ba586,1
3226,1325701320-78b9f8883618a62aa7aa612349cd1a2f,1
3226,1326574560-93b22ba337d53e9816e03a0a571b2c02,1
3226,1327728840-02006e07eb1526e395891d2581e1c9c7,1
3226,1326417240-b3b0b7ab27afef67342b2a806b254175,1
3226,1326563280-dd46cbf3fef37203ccd7927685893dbe,1
3226,1323295380-f672c82cd9cf5c13ce189ebf32c414d1,1
3226,1325895300-8e8e8b71dc842a0d584717562bb681f4,1
3226,1322949900-13caccd55cca39014a05aa37daa1a3ac,1
3226,1321796820-90b2a0e6d0ba0b38470b824b4b27afba,1
3226,1321679340-0b8f25fb4502f45ae3486a3e9b79aa26,1
3226,1323271380-4cd199971669ddf91f78985054e761d5,1
3226,1325895300-a551a8ec37909bc92c09b89adea639fa,1
3226,1327785720-12269bd0804818aae9ccccdb6f7af3c4,1
3226,1320771900-94071e0c8ed3daad5f13a19cee666972,1
3226,1326996900-98e1b30a811caace37650fc0bd3cff8b,1
3226,1321293180-b12dd0b6acc7db59373d9958bbf6ce83,1
3226,1323234300-792397369741ded3f8625b894f86ac04,1
3226,1327507440-1713bdd32069e67355d38c579c702bda,1
3226,1323477540-24aa537290056ac652396c647a355a22,1
3226,1322802300-9db4667d7064bc20bdb66e88d1d9ae11,1
3226,1323870000-5102062aae619ca21161da92182710eb,1
3226,1323395820-d1e0b527c6075233d71eb0e102ad805e,1
3226,1320804360-a84869818bd0030c3d357189a5371bd9,1
3226,1327821420-3087a393d30156afafc2724a55455448,1
3226,1326433260-173438bc9860767d66b6d50304c9bcbc,1
3226,1320543240-d0f80153fbb2bf5df2402386d2a0ad5b,1
3226,1327433580-31f528c1c1df22fed06039db2fa14ece,1
3226,1327821420-12b620a1c832f17dbfe21863fc546b71,1
3226,1325750100-37ca34ab992eb7f07c5d715717b9d54f,1
3226,1321549740-a693a97a05b287b7d72fc90aadcd6a20,1
3226,1326844260-2aec126e1446f9a5e03d688f8368598a,1
3226,1326138240-82b927ae29119cc6c9c264d0b7201361,1
3226,1327159020-b0efcca62bc4a2a9a258da9712b3d6a4,1
3226,1321387800-209b975c371cff4a1d20516c1d629099,1
3226,1320589020-bfc32b231aa566c500d105acbb6813d9,1
3226,1324012980-00ac9a1fe27964bdf7e480782ad2bdfc,1
3226,1321506420-2559aa3c3760cd6586f1a94bd52398e9,1
3226,1324317300-8d9d00a8d5e12ea0e476b0281ce07b5f,1
3226,1323997500-975ac32f2451abc148d391d1814f2cba,1
3226,1322337660-562c6a0487ec3da4631b7fe2548c2b93,1
3226,1320711000-a0f19a190e3b5f2c63dbda09dc39d28e,1
3226,1323289860-13fc37a71ecc56074454b1adffb14403,1
3226,1325961900-1efdd57c668e886f8cf9150ac777200a,1
3226,1323965940-22e333540f9d2d457205cccc3fb5a44f,1
3226,1321928340-a72886c6918ca8afd18cec845d4115af,1
3226,1321762440-65f530736942fbd2fe370871e0240150,1
3226,1323574500-dd00d4f2fc481a04fa94bbadfe3bf58b,1
3226,1326333660-38acc6c0bc604946e8b627f57ba7751c,1
3226,1327623840-aec8094d08dc23d8453fc11b476c9bdf,1
3226,1323477540-b24e23af2b290ab1d23004ac4f3ddd5c,1
3226,1321663860-0e74c4a444f001b7d713ddf2e373e566,1
3226,1323472380-35a5bf0ee172a53e1e9b0735f8a3b737,1
3226,1322700300-97322b3b56e7728994d5967e33e0eb91,1
3226,1323306300-9b2a832d21815a7dad125c99afed6fbe,1
3226,1321069200-9fa03e464c58f388aa8f4e82a6f11b7b,1
3226,1326163260-2396a7710a3257012fb940dc4f003646,1
3226,1325431260-3426608bb20ddeb3ba78510a89e2a381,1
3226,1321549740-88851ba6a6d07b8ad094c784dc010517,1
3226,1322024520-dda7287d6fe07cf6f591e80b05a38bc5,1
3226,1321762440-bb3ad40c34688395d943c248eb619ae4,1
3226,1326500880-d40741138e7531bf761be387554e32c1,1
3226,1322792880-b28c55d1a1dd5c32da88318edec777aa,1
3226,1324003500-358b501ad44bf39ec82d9b171983590e,1
3226,1326635040-b0865c08865f3266c9da83319ee4dc18,1
3226,1324577040-42190f40fb32fde0c8eb0d53c503163b,1
3226,1322632980-193e4ef3c441751989c6695e332bc5fb,1
3226,1327198980-d34c955bd1778d53814d1bbe321885d2,1
3226,1320537120-248005cf48cbf28da59e3804c812386e,1
3226,1320338880-c1a0a6f5d796b0872a9f25504700342b,1
3226,1320693600-4dda45a699c2eefa819ecaf8f8268d1a,1
3226,1322868900-a09c6f8e50f8244de49e7a3560ea06a5,1
3226,1326300840-3b333fbc70646f7379cccd977aa9f84c,1
3226,1326429180-023d9235b83cea513447078d0e317ab6,1
3226,1325776680-3d523722231f3b14cb4bfa1933efed40,1
3226,1320869760-0125e5ec6bf4d76d7099ba66b60e7e6f,1
3226,1323306360-83b5131772d6aab1900f682657d34df7,1
3226,1326837480-741aac7aae77a7f107d0a709e596c002,1
3226,1323129720-6270af8a34d0c42a0cebc230657386c6,1
3226,1326576300-18bb289dfd52beb2d4835c77c3451335,1
3226,1322868900-9df32abc37a7607c8cd36c92e9fcc128,1
3226,1321649460-0834c1d62a669a00153f832f4b359e0c,1
3226,1326593460-a6995460f666feb56d366eaf9bc7779e,1
3226,1322513880-72967673d08c23c89cd9ac3fb67609c5,1
3226,1323289860-1e6152a7d736643e46360017e51c57fa,1
3226,1322283780-a69e78d32e413fc1059ea8b72c5b5781,1
3226,1326837480-38359da2f9fbc699d27c91a0a8b5c66e,1
3226,1321762440-800719294f18ff1941f0986b5660b465,1
3226,1323821820-f403bce458338d9b3676b72382ec7208,1
3226,1323469500-c6c8ce8d4e39fa3dcb5931c2e5862d72,1
3226,1323572580-d2b5e4649d605b5ab1f66d75e317f58e,1
3226,1322944680-129a4666f19539f8392b17acbd970799,1
3226,1322775660-f4976e71cbe7f6f94428d6f364988cb9,1
3226,1322944680-49fafeaaab07558eea9005c47133d183,1
3226,1320338880-b47e603a167c7d199ba3efba9b7b2a85,1
3226,1323001020-375d7b549305e4911bef6c17a59a0e42,1
3226,1326632340-69aa6d3cd17c425079e22f065757f275,1
3226,1320338880-d20fa6c3d62eb5dc872fbba13874f03b,1
3226,1324948080-f8e6fadff606cb504026e16516b34a76,1
3226,1321300980-1cfd8cff132d356b76ea9b53c1c25d13,1
3226,1323572580-0f646047f8ddea2ec1053ea74741b49b,1
3226,1321790160-b361acfb4ae0d8ec2188ba45b5c89bb3,1
3226,1320338880-b6552f92a990422993eb2cd2f54bcda4,1
3226,1323572580-a0cda28f5cf524f909ea51fe92d463d2,1
3226,1320693600-b8568fa862254c636d7444a86240c1b1,1
3226,1322700300-2d7912e6ce39a500e0fbe3f7a9eb9bdd,1
3226,1322327280-9514ab2df8ac2d31a0a95fd730703155,1
3226,1324012980-9de0a2e7b850f81a7c2d9c00a3f29ebd,1
3226,1326506820-cd6244733da123a0a779eaa6aec856c2,1
3226,1327372140-bf78dc76a3bcf094f367835f9500b18a,1
3226,1325870100-90cb9b7e48236d12a32d914e7b9cbf09,1
3226,1324320180-8182a49ab8e81acac000e0260a667b7f,1
3226,1320771900-103b08542bc5a89af106a814b849217f,1
3226,1321796820-93e45473ed6171c7762a722dfbcea579,1
3226,1325705880-89a2fade7ef9d1707adb087fc6917a31,1
3226,1326033540-ff23d6e1966b5b14c634dde56c5a19d4,1
3226,1321662900-2f02cf76f02f5929a3a540cb716fedd5,1
3226,1326349080-2c11f7e4d4ff32655b0579bb7d3ef57c,1
3226,1325363100-3f1230dd482f208cfaae94243c7e20a3,1
3226,1323843300-0c2cb9d3c68865f2ba492f030a1f47ed,1
3226,1323801000-fb963b26691980c51eddde113e1479a4,1
3226,1323609960-02c14fbedb3804c05c12a7ba3117ab8e,1
3226,1327359420-21a08531758ec321699035bf175b9172,1
3226,1322949900-7090f0f8137f7fba6447a34492cd2c66,1
3226,1325630880-5402eb8c5e4f9e8964effaa3f76ff96c,1
3226,1323275640-59bf203badf3badfd0f7482a085b378e,1
3226,1321190580-0cca14018c04066866b741178c4a64a6,1
3226,1323094800-561e6847c76d05486ed24ea1d49f19cd,1
3226,1321762440-a435e7a866fd4b049e9a9923607ea01d,1
3226,1327011660-a7e095066e4f43f724de60617b784bf2,1
3226,1325212260-7a62d6de9d0b662d1a82cf05f750eefe,1
3226,1323201360-f904751a467d870b928b5198637ed563,1
3226,1321486560-089713ddbdd06447050c2a8063216f29,1
3226,1327766280-c8de8052a218e72b3cc15c3fdeabfd28,1
3226,1323389880-a372bc3cf4ab60f12164c48a232ea78c,1
3226,1324577040-5b81e2b4cd3782dc5c66065260fa3e85,1
3226,1325870100-572b9448aa0f5774e4d99120bc5ba8b8,1
3226,1326238140-63d21c3b98b7c332a901fbe194e97a6c,1
3226,1326244020-3b2c0b41aab904c844cc44f9144166ae,1
3226,1325030880-0305e885e2410d4e9f50d9cad15357a9,1
3226,1323807000-3f9db54eb0ea15b143a54e255fa48171,1
3226,1324360920-81991c26f96d397dbda10cfb2f5a501a,1
3226,1327507860-79fd6c456d03681c73a21be9c51fabf1,1
3226,1324470420-bfd3924e90aac51c7f9a8d64db323ccf,1
3226,1321978440-3eadaf5be98f0f47f90cdc95685168d7,1
3226,1326828780-b3654b58910f20c6d41581e26be95623,1
3226,1324946160-fb1aa1fd2f4380632646ba52cdbb67c4,1
3226,1325609760-2cef016f73b52588756d716b807d3622,1
3226,1324946160-9bce503ea49d25966859091cbcd08798,1
3226,1326993840-f7d0d624911260193a55506d733b8906,1
3226,1323936180-cb63f8b34788fbc00e47e8ae84efc618,1
3226,1324764720-b773956bf0c3e26d14ff1a04b91deea7,1
3226,1327641780-53d1aabf2f361a617c6bb09617750485,1
3226,1325897220-f7516759024d8e7947ac6d06161b2c68,1
3226,1321926120-1488c89a897f5297033c450cddc6d700,1
3226,1327461240-a412061dd8a6a0ffa2a4436202ada67d,1
3226,1321293180-ba2e6a5d0f99c44c4b86982b8d489097,1
3226,1324314480-307dc894d5adf707576787ea2d9d04fa,1
3226,1321286820-bbb44b4bccb065f9b6e5f4ba810cd168,1
3226,1327533840-75fb00a4e548b1eb1f3f17d4180a08b1,1
3226,1323808740-dd055bbbc62c99743b6901dc72f9f7df,1
3226,1320945600-fa52d2474fe6eb5db20ffac9842310bb,1
3226,1325652420-021011cdde69c3bf3340fd2886a5563f,1
3226,1323295380-945eda1a14b26fc8b8c20fe16fb212b8,1
3226,1323292020-c522f0e199c6c673fb77d43afc81412c,1
3226,1322504760-17576b5f137c968e9e38d9763b6f042c,1
3226,1327710900-60b958d956df08e32b405bb4a214b329,1
3226,1325798100-0c6bffb558185996c0d60d6b512112b2,1
3226,1327623840-2838038507d6edcc1b78cab9a66ad3cb,1
3226,1324578960-f01d3b1d06b5ee7cd704e055c6ce4951,1
3226,1323630540-20561f2938858f93301ee9159b4924c8,0
3226,1320693600-7957401e49c9cd6ab7292b4979371ad3,1
3226,1326184560-3dfc9c9bd151bcdfdc48c45b0f0d40eb,0
3226,1323551760-19af9cb2ff00212ca15dece4ec0389d5,1
3226,1327615020-faabe2b0882a0cda2327f9f15d1592f8,1
3226,1321662900-0b7b10ec989943493240bd4d5acc1431,1
3226,1327776900-a9186263d4d2668f01e5413b54023510,1
3226,1321462020-ce25b82ce140855466ea5c5622f07e83,1
3226,1323710880-4f949e4d8d014b7e5c11f7aaffa776c5,1
3226,1323868020-c79daa9f61d1cbfe457fd4f3d8caf753,1
3226,1323868020-0c817809727d3c64603e47d6501772f1,1
3226,1324930080-8e0186b841d6b1d3d496fc7b68424856,1
3226,1326888300-a73c385bab148dd1de8885c740a64544,1
3226,1322060160-a058ac3af85dcba3df6d988ac0d62a0d,1
3226,1323615780-f793e3df20f921c6b3e37eb213056123,1
3226,1323700380-206110a0138ccc5d6ea7a0faa775a525,1
3226,1325309100-a3efe90d27c4f5d80d89ab0fc374bf9b,1
3226,1323368760-d479bdf2250d22f355b968b8bc073b7e,1
3226,1325906100-2cc1f03eba6afb0cb1aa9b7835ad94f6,1
3226,1322224860-a367718c97605e109910c701517e7cb5,1
3226,1324989780-b6d0c08df3d7066a1d3b37136595d5cb,1
3226,1325896440-5d9bdacf23ce1987d189adc453599ea8,1
3226,1325246460-3456fc160a87fee99c88f4aed4f4af50,1
3226,1326163260-c38d791d153c3df5b61e927fd0e607f3,1
3226,1321044960-66749bf90d7b7e4a5c0ce921ed2a76a5,1
3226,1326373800-98918522112c2a971a2d6de4568d4693,1
3226,1322838660-b246afe88c9e21fa407417d5cae7d430,1
3226,1324039860-b748979bd6e22c1b259060959b1c0260,1
3226,1324647660-73be6a5aa66df1ceb7b29662311ba74d,1
3226,1322596380-bbc2608cc35bcf71e0c952ce727d8c8d,1
3226,1324930920-8a27ee3d28ecc4aed7842409bea2eba9,1
3226,1323350280-8ab4d5f9c056c47b4ddf76150cb44561,1
3226,1327372200-70083c63c5dcb4952e0b96bfc0c7122a,1
3226,1323350280-ad2ccc8503236a09066ab31656ecf008,1
3226,1322586480-47509219d7b5ac0f55a9196dd2e5e1ad,1
3226,1326368760-b850a50818ff25c210d7ca89bbf51333,1
3226,1322586480-341d3facf3ce61f0091fb3888a047167,1
3226,1324661700-4e287aae879819bf87e50547b12dcd7c,1
3226,1324530120-1c02dd27d2979d9bd76b6843952c0e0f,1
3226,1320758760-ba0224eb0a4852eb46683a6609331b7e,1
3226,1321978800-298fb2086c420c746fe151f3e0ce70c8,1
3226,1320843480-da8dc99026e1c4e50b407903f4c7ccb2,1
3226,1326202260-738a553b0470c5828cd8c64c086bc8db,1
3226,1325251620-036714b24de21e8badebab04a703c810,1
3226,1323289860-5507ed6aa163464a3ff214178145dc51,1
3226,1325331960-814e8355032ff05084d353fab477a735,1
3226,1322311620-23c86f59e1ff7ade076f472eff594607,1
3226,1324470420-758a749a22e5e206aa1f883e99630562,1
3226,1321241940-f0d75b2f8ffa34292c2acbb56b981b06,1
3226,1326285960-7f90486f767bcd3d655c544495ac8983,1
3226,1322779980-809879e37b9d99671472337022cd9d8b,1
3226,1323525180-9d2e87e3f5a9660399a11185943d0221,1
3226,1326945780-41900d45923264410bc44c2545c498f5,1
3226,1321387800-f4da69b5f1ba521247ae0449950cc61e,1
3226,1324320180-268b125afaf344a9f4e2aeaa34eb2736,1
3226,1324901640-58f858a68263a93209d4b0550a96f720,1
3226,1327239420-2eaa607b493d0c88b1b29108ab0d8884,1
3226,1323455220-66dfce815683661856cec399209dbdee,1
3226,1326541200-c1b1bda61263fc3bf8754da5de065982,1
3226,1320693600-260428ce6220e4fd0a5d558b8ddc11f9,1
3226,1327326960-afe91f4b92ceb849accaa62483a0af47,1
3226,1322938800-7e7fec11620e04ffa64a7c5172244b63,1
3226,1323455220-48b84f75f3abc9fa939e1039ff2493f7,1
3226,1327083300-d5adb7ebeec8121f6996ae041abbbba5,1
3226,1324737960-069a2af76ffddba8bd21adf60cef5b7a,1
3226,1324556760-d7a85178e29bb24895749acdc369cece,1
3226,1321278540-8847a990085bac0d5e91ec7a2457b10b,1
3226,1323473700-0802b7bbb5c4f33515e91599e1d6c97a,1
3226,1322096880-db42fd2d626311e44231d7069885c9e6,1
3226,1327683840-099f2cd6d78a0a48b47e4c418e7f5039,1
3226,1322584800-46a6c92556eea9d782f9b6822ee55d25,1
3226,1326230280-3d0c37c2f13df53051586012f31ea3d5,1
3226,1320452040-dc1b8a4a31e36fa42f80874571c14932,1
3226,1327516560-299e501395771acc28b3db98fa831d69,1
3226,1327011660-b662ba1da98b048648c7297e7e5357d9,1
3226,1323791940-ca41ae57600025e580a1296bce653bc0,1
3226,1321570500-8fca316ffb1688b0f8526277599efdad,1
3226,1321570500-6d8816879f9c70710fcb2d54bcb765fc,1
3226,1323389580-564004755ef0ce6c01ba7aef6a7620d6,1
3226,1326855780-f7d964735b31b27202f61011409d0320,1
3226,1327698840-f13c465a483fdc480de0795280e55222,1
3226,1327581780-95b3d25d81207eac75bbc5af19332cc4,1
3226,1324091580-97b680dc7bf4dbb22630d1f8b39217e5,1
3226,1327728840-0bd7cdc2e414fd09a599522c10c3b2a7,1
3226,1323404580-6b8e2de725c439c4c0ce251e838b8018,1
3226,1327266720-3e415377d65961a78793071979ad806a,1
3226,1322694180-2a8a0c36ff3dd402da89afbb1eba9e37,1
3226,1324586700-4b94c1ce61583f096785c63bbd561406,1
3226,1323104520-91ad3655b9cb64da402313fc9fc77b72,1
3226,1320631800-8cff3c081692ae18e04d160056a89d70,1
3226,1326657720-6ab2c030812780b744180ce8fc131bd0,1
3226,1327022880-30876a8d39de2ac3d04457076a44f5f9,1
3226,1327110660-00cdeb9bd26c67675f28d552aeb71376,1
3226,1325109780-a4be436f2242254bbcc0ea5efd857860,1
3226,1323176340-abd2674f3c9cd50f3cd16f19e190cdac,1
3226,1322026560-d4bdd3d7961ab072c3597eacd4eafcd4,1
3226,1321306440-da91987f64587789206b6f786a99a8ff,1
3226,1320954660-64e2c56520fcb8c0ed4df894d1401f2a,1
3226,1323123060-02b62c7c19a0d8e922b49e3baa80a843,1
3226,1321044960-a7869e4b821b9ed003dd960fcab17c7d,1
3226,1324397820-316d73c26c8241bd2bd715a04b3eb56c,1
3226,1321659600-536d021e222fed01bb6ed196c1a4c1a5,1
3226,1323721440-f9bb0b6b549f0f20f59fe04fe3ff7b8a,1
3226,1325189280-8f5a07a12490fd84ab190f64ffe9d27f,1
3226,1326413400-d27f0c2fa6f244747a3e92b2907d3ec8,1
3226,1323195420-960c3ba402f5050912366b7b8add8ca1,1
3226,1321290960-91a74de0e11b890767ca1a57e917b2ca,1
3226,1323126240-98c02f95f7bc7a57c3e984dad49abb15,1
3226,1323842580-2a76b045bff10746a07919b4dcf110aa,1
3226,1324586700-060668b69618784bc787c3d6eb2eb529,1
3226,1327680900-a39ae15189ee96896e34fb39a46c0371,1
3226,1323295380-c7ffa0546d11b3ec071ddf34467f66a1,1
3226,1326387960-c1a253de82a8af571ff22d528b799735,1
3226,1323473700-a7783f73179e09b78e0d3ee3e082dbe4,1
3226,1324312320-4e6b72d804dccb78f8bd8960f5a9e7b2,1
3226,1323517260-221cdbe58872bf8ca3577f3ebc3ca623,1
3226,1325791320-09ac1a52df793a8a5c2d6c44dbc2d19c,1
3226,1322772360-1b784af19528acf3dfed5d73d6d70bac,1
3226,1325715240-60973773d44454f2bc3456f3b193efdc,1
3226,1322772360-682c042213e0e9066d66778db2c7dab2,1
3226,1326132420-787b8b3706da7c25cf3a2d3c4ed4802e,1
3226,1321888020-dc6547881b51bdcc94d7801c5567bfa6,1
3226,1326251160-5305e8d477608996f9b6a2c9f4b93b4a,1
3226,1324352580-634fa1b2b18eef77d2394f319bbddfd8,1
3226,1324314480-f6191b2cc7077f87585e918fbf2fed38,1
3226,1326498420-1434d22e61326c1c317eac9bb3dc4f8a,1
3226,1325043780-33eb74df6f829da10ffa8c4ac65058c1,1
3226,1325910480-9f41cb9b1c3c65d66beca071451150a6,1
3226,1326563280-f6f1b5240c0e038b83bcc030e493b4ed,1
3226,1326660240-dc4f54fe04f3a5d6a720788959ab209b,1
3226,1322868720-93b8e3d83c8d5dfc72f11c02c64760ba,1
3226,1325279580-06675d5c516837067f80b722b66d68d2,1
3226,1324437000-b95d9707bdd42011dc37687dd0ae853c,1
3226,1321210740-7065053acabc9614c275532c149d2d9c,1
3226,1324046580-c706525a32a2b0449f4057d1efb0eb09,1
3226,1323298320-3e67276a4487ed177ca7220bf741d2c2,1
3226,1327101780-7a7569b6a4975232af81a361dd27222f,1
3226,1327445940-99ec95e5613bc230511abc7a405c4bc8,1
3226,1324007640-c9559f92076935c4998848de50c50da9,1
3226,1324338720-383f8d78782527b8b9cdd760c3b30ac9,1
3226,1322694180-93abfe9577b25eaadcacc37157adc8e7,1
3226,1324314480-5b7aba8636e8c719dd8e336e4945840a,1
3226,1320703860-6762f5b0a80a76a8702f3661c1b030e8,1
3226,1327356780-156fdcf0f89535e23c48617150ee8d6f,1
3226,1325442240-687f54d4303425a887e790a178a3ceb1,1
3226,1326151980-522b06f7415a82654f02946274afdf7d,1
3226,1325469180-b80362e418cda403ccc78ec2e4bbd1a5,1
3226,1327599780-7efbd6a74910b23b8a58b69639ece58a,1
3226,1323195420-5852948b19e4c4c70c48d757cf013317,1
3226,1323368760-6937a2b432734a2e9e25df20467a4f40,1
3226,1327716900-fb7f5d4118cb4e8e841bee1da2ed54f4,1
3226,1324514640-6174f6807db2edf3094a355532682f38,1
3226,1322667720-5b17663648b78bf07cf14efe28d93e0a,1
3226,1327509900-31505c64e5d5621fc7589c3dae1dc67a,1
3226,1325609760-aaa2eac6d82b19180fa50c6b711c1872,1
3226,1324514640-461ec604379db1a7fc4e5e275e43c1ff,1
3226,1321814400-b5114aa10ee84c7033d17e3514acca9e,1
3226,1326429180-08e70a81cbcbaf5e1a88cd1cf65402cb,1
3226,1326125520-adda3a9b32eda2c1387a40742141ed16,1
3226,1322026560-7f5dda3dbf87cfe594bec23c0051fbe0,1
3226,1321402140-0510dfd2c8f4d80cca9e957ba0cb12e4,1
3226,1323902760-f766df4fda25607f7f13e3dc9b4c47e8,1
3226,1322712720-3a131e9009647178020646ea6eaac984,1
3226,1326323100-39e6d78576d03c928162aa1c91e901d1,1
3226,1322694180-435e6b9595bb0045e904ab73d412e1c2,1
3226,1321653000-2981d43c145045ecbe83a8335b91385a,1
3226,1322698920-22721e4e6fc5cbe83420bf42c2fab660,1
3226,1324078080-82c8540b9d2a6e12aaf8055a042ec8fc,1
3226,1327507440-823d2a601363ed31f6dfa22971cf475e,1
3226,1324007640-61359c77cf7eb417eb6416bd7833876b,1
3226,1323104520-16dbc3b043a65a1df0af0673bca8a4c3,1
3226,1324586700-fadc7c693e4e2522220cd090f922c0a7,1
3226,1323362580-a1727c4e46ff10969420bf54d342a17c,1
3226,1321511160-40828b3a0dd40788f25dec67acdff830,1
3226,1326493020-3eef0e342fe7e38b5be58034b416fa33,1
3226,1327509900-12a1ef173b5a1f100bf219a7f69e38b2,1
3226,1325004180-742e3f27ba3eac97e1af3b2a1cbbb49c,1
3226,1327467420-418b0b6e0e94e0a29332ca6efa832259,1
3226,1326493020-31cb288069a5b202bf673a4369a68b34,1
3226,1322542860-f12a2827feed53ce2035d8a01c5bcea8,1
3226,1327506720-9433e7aac910f34fc0b3d8e8dfd3fd5e,1
3226,1325786220-9c511351a1e241423a52a3650f4ad315,1
3226,1326813540-282d1ee09756470da81676cfc6eb28cb,1
3226,1327467420-669c5ca6416e8d58fe78bf6f82f1078d,1
3226,1323276600-9daab923811f7e38ee87ed46e736b627,1
3226,1323997500-6543527450afe8f01da13f9d219b0669,1
3226,1325609760-1a802e073f7a07d0a0897ea1ab1244ce,1
3226,1322684880-4f6b8735a8ca7f06488b6efec06293e4,1
3226,1325200860-1db2e7f3443a27259c8bd4c6408a8e1e,1
3226,1321909020-6982c7aca9a954607ce1b6155c948853,1
3226,1323827580-f44db1e6812224e569e24f9d43e5eee8,1
3226,1322584800-df99292bc0c9a8b5aa38a8dc71a42687,1
3226,1326201600-3221a4db2365adc2595bdf0dd2d1e680,1
3226,1326925020-321a7ef1c0455776bd61bfdb81931648,1
3226,1321306440-71f4d8873b37bb9bfff4aacab2cae9bb,1
3226,1324312320-6f16f3b611c294465ad5309aeabcbe1b,1
3226,1323743580-c3e63c8f6aae226d824c3bb95bb362f6,1
3226,1323911700-096a68f3512e903a16e97be3f930fd5f,1
3226,1326409260-cfb4f26de7586880ff3b51fdc9dfa8fc,1
3226,1325176260-72b22bf18f65b14f8569bc5975cdb299,1
3226,1327356780-f7d43bf646ef42e5a0126d904e01e7a3,1
3226,1325192640-66918e27f6ee834a837fd1129c0b7bb3,1
3226,1324762020-ca0195981c9bb211b2c8232d618af38a,1
3226,1326660240-bb799c0eb7bd0d4af2e5290000fed612,1
3226,1323792660-f1dca188590e81b28057a350df17d2f2,1
3226,1326254640-a07e917ae2d9f167b922fb93cb606c42,1
3226,1326317400-918f73548093fcfce86b18f77f9c1fa6,1
3226,1322012700-311b855bcdc90575fb1dfd13dd41e742,1
3226,1323821580-0a6372efcf2f0bf3eb6de253e9fb27a5,1
3226,1327713780-17be35aca4b50258beccacb4e98546cb,1
3226,1326950100-f2ca45b485285c1d35ac92707fc831c7,1
3226,1326397680-774d0ac83a8cd7232113dafe891cff79,1
3226,1327089840-c4b8bb600bde821401e0e5079410500b,1
3226,1320712800-635c3852f8b4a13eb4222e1228a8eb05,1
3226,1322605500-f2c7db0c7a683a33da07da83a3687e1c,1
3226,1321501140-27d4f4b401b6fdf08d7631ff159df822,1
3226,1323798900-7ec029d7750b360fe67650b9402e0880,1
3226,1321290960-fb0c9d91affb62566b32493eae51ef0b,1
3226,1320719580-d9517d2ebfe18860e017e1fc885d2806,1
3226,1327506720-12212541fbae934e406677e887707738,1
3226,1323983700-b0cabe2350d37ded648b25630a05a970,1
3226,1326171780-a0ffacd068a8a9d0e567ba93f108b212,1
3226,1324946160-9813ee051379a1b28ab0ac6f4eafa64c,1
3226,1326497580-75bdb670770fbc3612cbdda619093579,1
3226,1327001520-3e78686d5199b1a4c07021beda81555e,1
3226,1326228120-55ab17998836dd8d40fade7e2d9bd0fb,1
3226,1321978440-2736eb4fe6c453b6fd0bf77767a13397,1
3226,1327554900-4c650674eb252f1b4f252daa01edcac2,1
3226,1326513000-af93ff1877de293ecb7e216451452188,1
3226,1320685560-a0b6358f060daabc6f24036d204effa6,1
3226,1324051740-08f88b193a58606f69da13975b8a18f4,1
3226,1327533840-ac3ce9fa4d3db6f487c3d73ea5938d47,1
3226,1326497460-cf1ef35f2893a57021ce2f23cc973959,1
3226,1327632780-90c78a763ba1391c3cd4754b859529ab,1
3226,1322586540-cec8a3bb7290229400e8badd9c9df228,1
3226,1321888020-17e6e186c2c0da935cc31e52dba736d9,1
3226,1326406680-5b10c8509c10027f3464e3989f062567,1
3226,1322848860-b140b52d8fd3ba4a808557ecfd45a1d2,1
3226,1326837480-55dab2101476ea03ee18baa875c1eada,1
3226,1324592700-a9ac52f69fbc597bb8fcd2c9676e119b,1
3226,1326469260-de98ae13f78434dc43d784112a9aff42,1
3226,1322508300-42a746180e8bac120bcf8838a9a6b1aa,1
3226,1320976440-255ca6a1c2dec61658360ebfbc4c1d8c,1
3226,1326065940-f2cebb61b63dd2e94cb76dcb8fb5f44f,1
3226,1320857280-c84d5b0aee85fcbfa32b2101a1ba9c4f,1
3226,1326079260-ba48f116432ea428a511fd59875ba073,1
3226,1321290960-2523d683bbc87259c6cfe69836359b3b,1
3226,1327017840-fc103fe6cc2df529a757ed75447ffefe,1
3226,1324820580-a00a77508456746d172cff3f1a7bca40,1
3226,1325635800-f8894b963927b2e1020e41d42a0a0b30,1
3226,1321659600-b6e0012e05d3941108934f45b2a72a20,1
3226,1325176260-d7b2cd514eb4379996af4f57ae5e6d07,1
3226,1321890360-76678b1b61a9fbfeafca8cfa46856681,1
3226,1327379880-0ab49685fb95f2175788229c963de206,1
3226,1323292020-1276823aaadbb28fc6286c71b66ad3dc,1
3226,1324592700-f4effb6befd8038d54fecf01142e1e49,1
3226,1326151980-f4d8fbb7235391ffd1dd8658cfd4fa29,1
3226,1326756840-68e80aea68a5d0ed5733f9424e8e54bc,1
3226,1322694180-dbd8d5e61162605e7eee5f5457c41309,1
3226,1321591260-6a9c0ae4840f09117dc5b1de960f97c9,1
3226,1323491700-5fcb04fc278b16437a9654af964d2d45,1
3226,1327011660-36e4c63a74791cce7b1009712f759e4b,1
3226,1327554900-c2b3108dff431be9106012f6d8806273,1
3226,1326755520-cd46c16ede41e5b33de1d43bc335ced2,1
3226,1322694180-6f6ca38e1f31deed3558aefbd852aefd,1
3226,1326250080-2ee6c013f7e496bcec4655e733f8728f,1
3226,1323016800-44b2fcf3f0cd8fd9f8e8cbd97eaf61c4,1
3226,1321995540-f6ca7aaedc7f37aff36175e83f9d884d,1
3226,1322806200-dbc014e5a4364fa2b2ecbe557e63ab81,1
3226,1322779980-98adc27a6b71ebbecd5d5746bd1b8b99,1
3226,1321586940-dd2ea02c394e95b402106e5d51ae78bb,1
3226,1320771480-cb64d6b91d50f13f4267ad0f5ff7676c,1
3226,1323313860-543aa2ed203e17b4902aa44e394ebf32,1
3226,1321462020-ffe87c8cfbc0f76a4066d5f643fd5105,1
3226,1323473700-d24fd3fa2c853e0103f99d2f86d49411,1
3226,1322605500-6b39653fff5581c22d1ae70b4123b112,1
3226,1323836640-3ac49afec16ee28c5aedec67dd288e07,1
3226,1322698920-483a915d52e54c3fc3d032f52b68cac7,1
3226,1321506420-f7c23b2c1691c6057a44196bbf15e085,1
3226,1327074780-19e7225f1f87cb8ac0f88e999d9ddffc,1
3226,1321332840-40aaa38c2dd7e9e2dfde2654a5267a0f,1
3226,1320857280-5bcbdb5ab6250834600e49c0e28fef44,1
3226,1326300840-c13c06aabf653a2df52b39276428371b,1
3226,1325561700-40eb0d5aacf5ad064cde160cfa9ab761,1
3226,1326218100-0b0c9422867e4f3bb9ee32ea3dd5e466,1
3226,1327530960-5bb0b7e5302ed580889b6d7bc72e77f0,1
3226,1321573860-59e62bd6aaf3a5557845c66be730b950,1
3226,1326138240-d5d2eb12764f1c1de38bb7634194ce55,1
3226,1327716900-1a0b5103d36c19773becf61329c93e2a,1
3226,1322064840-3895806bfd4a960d744def4223c37659,1
3226,1325460540-190365baf4d8a23d71bdfc28a18306d6,1
3226,1320699360-5cd456b5572f5d47d9c4f25dfdf6e08d,1
3226,1322795940-f06018648b685e29cd7ee7a6749a4ba1,1
3226,1327353300-7792cb9d1e1094f2e1339ae107c48ed6,1
3226,1323179460-f43aafa29ab6240eb286c629a10d497d,1
3226,1326993840-a7ae571f9400489185024b1ed8a858e0,1
3226,1321909020-9ef148474076cc87c9cc117ebcd0f827,1
3226,1325629740-2c2351243c4c8d673fa40c5dc6dcf284,1
3226,1322828580-773830bc6d7bf0d733affb14d611cf78,1
3226,1327449840-8a2d55e8ebe09a7b6910a98232d2d5fd,1
3226,1323368760-82a238df4f79e9e03996b11e14a43ee7,1
3226,1326254640-0ad0f9f2c173066c9dd394f88e5a535a,1
3226,1323902760-c0930bd343a403c328cbf9a560fb4dc0,1
3226,1326900840-11b8a648439e2861780f767e0a2aef77,1
3226,1320890580-c0a0c57a4e4264c824a3a54570d972e1,1
3226,1326844260-1fcaacbed7800c97f68cbde4ced21330,1
3226,1327695840-311b33c9ff1b3518b28bfede06ecf72f,1
3226,1326496920-47ae79cb611774dad6df1e5ec4b37fd1,1
3226,1326330540-30430970773cbed4b0244c6f7a4928dc,1
3226,1327617780-0179d56c0f8034f39e1251a84187654d,1
3226,1327698840-50bed6ef67de4419f8062ec8e3339440,1
3226,1326472320-a0dcd9dedfe61931f5cbe2609f5ac290,1
3226,1325887500-89b161b64404cfad36e2bf214e938f17,1
3226,1322435460-4952ae392411c00303c0fb48e313b334,1
3226,1325286540-736e59f9afc580c9e8fbed8f5fac0399,1
3226,1323986700-f883b3394fc4e60dc8fe4b1a85232a4c,1
3226,1323195420-8a601b3389cd4bd3e22cebd18f02a58d,1
3226,1324994100-8826ca8872c5ae5107ab4b1233e645c4,1
3226,1325046900-aae980139c1e1df42d88dbcfce31ae05,1
3226,1327068720-b2a8f688ce477937c70136799c73a55c,1
3226,1326752100-99068ff1aacfcaacb49de601eccf30d2,1
3226,1320807300-40d5deb27eba2f6d1b0f1c7d5b64a861,1
3226,1320779700-b62ad7ae06774f1bdff08685f6240427,1
3226,1324075920-2e5e0b93bf9cdc4e4bfb2f4b8a67cd06,1
3226,1327626780-2837c0d173d3ab764fb3f68e8729e6e6,1
3226,1326503640-30400bdd50d6e9402f2bd11750c60237,1
3226,1326896160-356e32165cc311b1f9ba63695551669d,1
3226,1326922740-07a8d9887b2f6860ba4eec9f819816ae,1
3226,1322868780-ca26993fd35c6fc5bd6c236cdd4aff15,1
3226,1320686280-0861d1eb311b09706b85619287760f28,1
3226,1321392480-b2f2a89f53d61f242bbf29774032a6a4,1
3226,1324154520-3b2e9c0d25697b4f65b5690f8e3849f4,1
3226,1325093400-190198773d3eb59817d5495f59734027,1
3226,1324007640-70d0a29eb620316e0d1d26187d05a75c,1
3226,1325640540-2430017f79bdb9a151440639429ab360,1
3226,1321995540-df11f0bd8899da11a2fb91db3a16a402,1
3226,1320857280-de7344e406bbff815d3ef1c49c9e42b6,1
3226,1325953560-cd7c76bb004c79c049c650ae7b663a13,1
3226,1325632620-7e5e067f21910a0acc969b9d2fee74a2,1
3226,1321392480-85747595b969b03e1f2564bc0a1d28a3,1
3226,1322606700-4dd8b839311cf8043267bfd479fdf8ad,1
3226,1327710900-8809f3f3ad846e4e258486048ec6837f,1
3226,1327947960-72e71ebadb26180b4a6e59376e61fa5e,1
3226,1325535720-9bf7415e1979b9714f05e17fec6e08de,1
3226,1327374720-12d5b319630ea57d556e41abe6dc2576,1
3226,1322694180-2c3d29c4868360d4427a915482a93b5d,1
3226,1323113760-6ec5697a86032b9656570425be17541b,1
3226,1322775660-62a09063b658dd104497b73ac86468d6,1
3226,1321909020-4fa66673186543b128c410a432bcbc51,1
3226,1323728580-bd25a6e1321063950123709be1da737d,1
3226,1323899640-0e9f72ca2f419834583650942273d4d2,1
3226,1320685560-d19b2b3131b0cf353c376b3700d5d708,1
3226,1327236240-4b5eabd8383778a27c2c652b0f26778d,1
3226,1320857280-8ad83ed882d0bc742f15bb22271565d2,1
3226,1320775860-ac9486e31f0c1ae9a8616f87a583b1e4,1
3226,1325970060-0e110869f6f5b9db7345e6a32c6a6a88,1
3226,1327599780-a349a4a9faa923e21d6c2fc61aaf0d22,1
3226,1325864280-74fd9ea174317330433cd25284229191,1
3226,1325279580-2b207dc13e822598db48753b382e6a7c,1
3226,1323701580-6d5f115047177603ec75b929c7a1bea0,1
3226,1325024100-baa460f9b09bb0a67231013f31a9a7ed,1
3226,1325286540-56b7c3148482065f02557f7347f03ef8,1
3226,1323232560-12811773c9809657709fb0f0c192d205,1
3226,1327344180-2efa9830a73b1cec05fde9b2a7832f52,1
3226,1322442540-b667ca6220820a40e4f63a812fdbad7f,1
3226,1321293180-1e8db0371659e80205246795325dc72d,1
3226,1326396840-36fe4dd14bdd148a462e1b3d8a9b0c6e,1
3226,1324424580-f4cecab643636d1adf340ff60dcc4e5f,1
3226,1325629740-547933df72836db0922f72ba68eb84bb,1
3226,1324094580-f552c4b702bd7b4d045cd1e951885ea4,1
3226,1325887500-3d2b39e50c573a3841453f8b11364032,1
3226,1327509900-069de44a490698a963ac5bed6e5f78ea,1
3226,1326201600-5fa4454080fc0ff296d5673917b1ea9a,1
3226,1323899640-56168de15379946c66551187fd99c873,1
3226,1327641780-4a42cfa64732b9426fb3bb644bf3b571,1
3226,1325609760-7068c612b214de6cdec2e9bf78f65466,1
3226,1325609760-09fe3689ae687d020c92a0822127ecd3,1
3226,1323276600-c03b2f2474de940ea9874b70126658a3,1
3226,1324397820-d0c70d0dd782c222a7243a958f6b5204,1
3226,1321570500-51148f4315ede0ad690459895ade7024,1
3226,1326429180-9315aa33c6f495fa1f35423b787ffb39,1
3226,1327869780-2c0dfa67b18720c53246fa781f90b3b4,1
3226,1323925080-d6d11f3dca5acb4bbc3a03cd8720d1ae,1
3226,1323983640-5d65cf93033b8043cfbfdcc234f8fd00,1
3226,1323276600-f8cb70fa3825403b87f2939a11de1b3c,1
3226,1326413400-5ad5c9adab7437c6f6ecebfafab10455,1
3226,1322868720-7337945f9cc9ba77221a3a68a3507a95,1
3226,1326214920-1c8103ebd7cffcb54f422079e28c478b,1
3226,1327716900-d1edf4d2ac78a240ea55748dce520b63,1
3226,1323473700-ae52de95e6a5d21177b9d43c240ccfb3,1
3226,1325281920-900dedcf1feeef099d4cf54b859a083f,1
3226,1325009460-cd92dabca9889252c8d7a0a0a184c35e,1
3226,1327533840-d561c17b3894ce2e08779449489a8398,1
3226,1322775660-bd0c982d9d980b5555996b83908e8088,1
3226,1325096700-f56e0407750499dcca23b708168e1c1d,1
3226,1320503880-acc61f490193f0832dc0726885769da1,1
3226,1322606700-bde2bc18a961cc2f83a9f7714877859a,1
3226,1323380580-d89a4238240b6e5521ed7aa1df3ecc09,1
3226,1326317400-0b9fb46ba0ecca12f609ec9e8146f426,1
3226,1324078080-726657ee2d818a6f0b2e3fd6f764c266,1
3226,1325126520-5052c04f70a541546454bdf1ce0b1aef,1
3226,1321065480-615164c0ccf630e442756d96ef2e1513,1
3226,1323889260-556a6b1557d5b1e899d0a4380756d75f,1
3226,1325043780-c6fbd67c26de1d3e8c587e428b53202d,1
3226,1325024100-a67bd09274382b6bf9af0b74c7761660,1
3226,1326933420-03926f1c7b32198120b44b2aaa95e7a3,1
3226,1322399880-bbc95d4e28794a50c00dde5743366256,1
3226,1326387000-bb8d07a13a737803281bfec3dbb9a1b1,1
3226,1322586540-b072bae564ea914acb95a9f927caa102,1
3226,1321474860-7de90d756996c1b06d23898b495e7ea2,1
3226,1323368760-a751f39621e8f8fc711ca4a61d6afb42,1
3226,1321890360-b9eb5872fb72f8b7de9e8fec7db39431,1
3226,1325028840-06e9a4088b6a0d440da2606485c99e46,1
3226,1325535960-4dd2427a2f0ed1f28910523d95a54b82,1
3226,1322712720-498e1bb17b2b5c85d02ce6dffd4295ab,1
3226,1326926280-bdcb9c96e899a3c630a788e5b7aad5b1,1
3226,1320191400-0edf942680ec16bc9f4b4b72d4167930,1
3226,1320703860-4a92cbe773584482e832c8034d332abb,1
3226,1325526780-b32cb62670535e73a4d62ed0dacd009d,1
3226,1327615020-4978b741260066f12f894470cc191c70,1
3226,1322852100-2e9679b96c24b8422231c59726cba4e5,1
3226,1326132420-94fa61a2ec19231a20680058c868ab6b,1
3226,1321591260-681ae7cd80662561d7d347fc6c2ee5af,1
3226,1325176260-4ca7d50018afbe5d40015aecf1a9428b,1
3226,1322667720-a07268105cc2e0cd9476a8211bed796c,1
3226,1320594300-42fa99abbcedf9d642a2b4edccefb984,1
3226,1321563960-73c6ff2d6504dd13d32fb7c942476e20,1
3226,1325870100-6ac1a6c63e774be08f4e0d7043d4d50c,1
3226,1324352580-c36363cf4a2e8ddd0b2717d592970a6b,1
3226,1325192640-c17d39b5a6bd11d9fdd925333eb39fa9,1
3226,1322024520-a663514d31ecd25f3e93537b3b721a05,1
3226,1325779560-c5e80cf9c6a0bcef52e2686f4e463a6c,1
3226,1321567500-1142a54564cd77826e60b213515bd32d,1
3226,1327524780-fca7a38c48324fd9c99be2b8e4ce5dc4,1
3226,1324868580-3f28b68c308787dbf175aeb9815d3bdd,1
3226,1320935040-f08682bd451c55d3d2bdc2fc4859cc98,1
3226,1326247620-fa72564356f7762a717b3ee7f6a76f7e,1
3226,1320510420-0ed19fe8908fb84e8757d3dd065a4283,1
3226,1326413400-6ac16efb201255657260a49c642205a1,1
3226,1320869760-0af4cad2c7a495ece56bfd27555c8398,1
3226,1326925020-c57820b5c42be713b6cfa6e1cf5035ed,1
3226,1327452060-4e31fa9eaa2f114e1a4889e774d874c2,1
3226,1320685560-a8dd7a6b4063dd71c9449d4c1f9a968e,1
3226,1322508300-b07103ca09d2ef748b3340a0626f21cb,1
3226,1327797900-19eb091e01a57faae56f12fd5b66044b,1
3226,1324091580-815d454a18422a085c7b2d9e9e8e856d,1
3226,1321241940-1385ffca41bcc75f96ad3ced092c5470,1
3226,1325257860-8e4ebc88bede2068d8c573c1cf1b6907,1
3226,1323918960-de510577482e89217fd81f14d55d6dd2,1
3226,1327119780-90f8defb0a4ea3125606f44a980a5bfb,1
3226,1320418440-49f23d78283158c7fca86a296e9768a9,1
3226,1321415340-2ee336ff22c47c880bfe9ccfbde1ba99,1
3226,1323917580-a77ab56174c4fe61ced676125500e220,1
3226,1323794700-dc3877ac64c864872051578f0708b76f,1
3226,1324511580-2f238989fa401827f6e1b832fba14337,1
3226,1320954660-6a4305383cde596c1d4772578e5fdd55,1
3226,1327704780-7a192b1c9393d348bd9eac59c7ba19dd,1
3226,1322884980-7222052f741590e640961d11a82b8d3b,1
3226,1323104520-d43bdb62aee887b554eadfcac9ab0d10,1
3226,1326429180-671cff94cb5b0f23d439d43b47fe2334,1
3226,1326132420-bb192d1562aaa875ca1bf66b23db2272,1
3226,1324586700-14f51d73ab2c281e4f201f8c72933257,1
3226,1327101780-c744d6a96cf8a6f3e667d6c0ac500cb6,1
3226,1320779700-4d058078a40cff9084d251eead4d2085,1
3226,1322938800-a40549230cd3230cdadb135d0e1e2fe7,1
3226,1327599780-f12b2082ec9eb375c530d4eb623ae012,1
3226,1323989700-8b39f641576d0237d08ef243a24d9b25,1
3226,1327342200-ce190d3f26d67ea1cace91e3eb0b048b,1
3226,1323195420-b3149f097e412bc7d446ed2c9d20b962,1
3226,1324424580-71001b525290f9d1877156501c578043,1
3226,1321573860-1bb795494f1a696adafc6b6b4b994bde,1
3226,1326329640-2a2eefa5c1b8f8838b6bd337aca0f706,1
3226,1325887500-4b6f4158d364ea27ccb5b3aba90a643f,1
3226,1327378080-0f9353351502432f9aab0d44759ae997,1
3226,1327017840-6ea6d3addded902f5633addd1238b006,1
3226,1327378080-123401b0e777bb183251d5235baa9c74,1
3226,1324490640-f218aa32cf3a927ca75618802619f7db,1
3226,1322064840-472ebe79f9e3d321905f2be6091c62b2,1
3226,1324073640-cbf0fdcd911d0a33cc590368d46cb240,1
3226,1320424740-643ef8e8bf2fc01d7fac30dadbbbbd90,1
3226,1321891500-897f98afe5a7cf9de265e3b3b229fd81,1
3226,1325705340-096b27c5f45c622d2ea2dda9a969419e,1
3226,1326478560-5df6eb31f8a41189eeb6b0fb25fb0f45,1
3226,1320160500-64e8da5739a1f000683b1107a23ab385,1
3226,1325020620-53c586666578e98fb84d2c12b4966b7e,1
3226,1320973200-2279d8cbc40b6a9cfd4562c5f3dd108a,1
3226,1327713780-b859ca61b73e6cb8647074858394fb34,1
3226,1320686280-dda6aad676f555601323a7d19b45d810,1
3226,1326307980-da8e138feafc19eda92c7552e3c57a92,1
3226,1320685560-40fee1856481cf94047fedb27ab9ca9d,1
3226,1323914640-1d08839bc481fdde419448898cf4c560,1
3226,1324942680-1b1666de53a7b0d8fe6af97bf71c38c2,1
3226,1325098200-1d9441b65e47bda61ea1b1171f4cc136,1
3226,1326824940-b298b8a5b5e1582e7425cf312502d80f,1
3226,1325798100-304002805e530384e77c944896124270,1
3226,1326300840-c2aa9ecc280513e92234ddd9d04ada8f,1
3226,1327957020-bb960a81663f2458954e40fd1851d251,1
3226,1327957020-4eb38c5b4748b693dbe47b0d2bf4cc99,1
3226,1326942780-7f63b4710d1521d2b0ac50bac506dffe,1
3226,1324946160-248d09ca89c6d20fcc41d959bab4a32c,1
3226,1327957020-63b0f29e65faec9f8abc80815d17cd1b,1
3226,1325725200-d9e71d0ce0e71c497dbce721f5a684ba,1
3226,1327017840-ae94d3db1fd76bf16fb1762ce8cbfb38,1
3226,1326307980-dec024f34eca4c6b029a078be4b9eeba,1
3226,1324040820-9ae3e620cd25d91659d298974e34c20b,1
3226,1327342200-f30ee622f16bf427f3d8e8d20f4bab2d,1
3226,1323031680-d8f96e36aae748d33bbbea731eec97e8,1
3226,1321486560-d130fd40286fb2b7aafecdc8af7de438,1
3226,1323031680-7475254cb8d8dabb5f257d6737aeed73,1
3226,1321105200-13f1cc39ce6623b9c86a3bc6f18c60a3,1
3226,1323383820-3707a4963fb9014858a6552ac681c996,1
3226,1326317400-2f73de647aa9dcffef143c7ca8688b36,1
3226,1323734340-bc6361ea1a3164482fa0b8aade47aca9,1
3226,1327611720-7f3c32403df096d985029884804dbe0c,1
3226,1325807880-0ce5511da3998247853bb1736a50d231,1
3226,1323497580-db4e4f891c4d307c9ee20ba62e8248f3,1
3226,1323913080-ca0266d2a5a75502be354045e2ccfaff,1
3226,1321554360-fee939e5e7068110173afd7df3cd7659,1
3226,1325910480-755e6a4d190d0ca4230c8473baef19af,1
3226,1324075920-75aa314e46d5d43a96c1674d165f0f39,1
3226,1324349580-f004c6a024c138ebc91f7be7bea0a763,1
3226,1326158520-d33b47501feefa02d0b241d456ac3db0,1
3226,1325907120-b4ce5777b042572902166b02a44ec070,1
3226,1322842200-a42b7599919d170b30c5a2bb062bd73d,1
3226,1324490700-786aa2ffcb4ae6b5a30520daef8bc0b8,1
3226,1323096420-409b7a4c9f78151c4c5f9ff47ea54310,1
3226,1323782640-8a9810a7e0f1b21986723c1a36e35e2b,1
3226,1323878580-7aa24baee92934c103c46556501c30de,1
3226,1325867460-53a07967330df8b48ea50e66863bee41,1
3226,1326396840-6e9f48faecd3d1a25bb850b007f56533,1
3226,1321385700-069eca874a874e942a894b770269d41a,1
3226,1325434140-f72dcd91e353c50f6973d6e2b4f2bbed,1
3226,1323889260-0c296d661a7357ec37430177fc9e27ab,1
3226,1326148800-251882c1f27b580bf9cfbcedae526ef1,1
3226,1324314480-112ff2608121d9dcc3b8089c4a4f3372,1
3226,1320470940-adb5564a0d1a50d991f3ee6d41aae35b,1
3226,1327530960-d3cda2bdd11b67fd65aed2500bab5dc4,1
3226,1324001700-68e0a40afff6973778dd143fcb0b990d,1
3226,1325033820-5fe1c5e15a1a44486ce6a694d771b23e,1
3226,1325621220-52bedb5f59bea34a170de7e3a0499b63,1
3226,1322442540-ff70a831fcd2fe63eca98dbfe16898c6,1
3226,1320424740-827b5f265816bd6bc31c6eb1e902dabe,1
3226,1326373680-5cfaf291cda35434f12e2713f8dda6ea,1
3226,1325363100-2e230583f0d0b1c8d3e5b9aa69e5ba17,1
3226,1326990840-ceb7bd57ed581de8a3e4cfbfcef3f8c7,1
3226,1323989700-f8a9213d4668e0c99b71a79bbd155a0c,1
3226,1327159020-7f40356fc59a95f8eb8a920fd561beeb,1
3226,1323186420-fa31285eb369a8e29d828a76c0422a0a,1
3226,1324043760-547773f5ed109c5e30b69c99311bba10,1
3226,1325736720-5fbc6135a9a2ead31bd1921a85871a94,1
3226,1326387000-d5b7e3980c5bca6563527e788a543ed1,1
3226,1327957020-6a08e4f4a93f94f05f6c1484126388fd,1
3226,1324484640-4b878c995b52c528c56e90c4dd11585c,1
3226,1327436640-3f9632e94916b0cb23c8a4d9e2cbb929,1
3226,1320952980-f7cb66638799c95326b1c8826b386541,1
3226,1326158520-689241143409a8129b13e892c02d5f22,1
3226,1325269200-18e445ce76d1744eb32080964b76b921,1
3226,1321395600-6caf257c4915ba2fcd53471a2bb0b1a3,1
3226,1325603940-04de95b06e31d5de56599034c3e6e9da,1
3226,1323808740-889c122688b8508a0529c1896043bd20,1
3226,1323710880-5a0bb671ce4c0416bb41f04cfe3176ce,1
3226,1325424240-4e3b06cc8bf0e401be56c05a5c1db53d,1
3226,1321985040-1a7991cc0372a9052b5ad4baadf47934,1
3226,1326237960-22a2b11206dc3a647fcfea6b7316d3fb,1
3226,1326824940-3157ecf0519b9d562fbb388df4caf5de,1
3226,1327649400-2acba461de6c0363f6e72776cb1ca5af,1
3226,1324334640-bb57ed5ed47f551d30bbdb3cec5bdc08,1
3226,1320418440-4f5e1507aa0e029dc7b7cff98bc3fa14,1
3226,1322064840-3aae17408d727661ac19ac5137e2b452,1
3226,1327842120-5ad7730d11508a4dac56672628a10950,1
3226,1323752580-27120bb130508962a523ad6609993452,1
3226,1320779700-1817b5bc7422c26ba6dfb6b25f554a83,1
3226,1321296540-cc3615db32ff49c1e6e62b989b65e500,1
3226,1325692260-c062c122fb55de665807676c34792957,1
3226,1322614680-d809c879660ea180820405ae74947203,1
3226,1325121000-6bd158eff1c4fd963fc9bf62f1142657,1
3226,1320686280-dcd3aa4d558fbaadd500e95edef5784f,1
3226,1321290960-1686fb8b6b7318de322e02a8eb091e09,1
3226,1321563960-24606d2f7ac0a3455a42d6130fcc7309,1
3226,1321290960-140792a5ee6f42be058458d782758135,1
3226,1327342200-dcd14122f7d6786d82cbbafbeed9af42,1
3226,1327704780-fd180d6d803b3a078facc7a26477e598,1
3226,1320418440-c96f2f158e8444e3c2bd06d13fefd8c9,1
3226,1323542040-9b41734533c006f6762b827d3f333025,1
3226,1322596380-a120152a1a0e7edf12f5b3bdcf6635ff,1
3226,1323808740-278efa93b9618ba0c1c6690724fba2bd,1
3226,1322859360-9da62575460addae475578b45df91f3b,1
3226,1326148800-59c99f43714404ab365521cd25fca7ca,1
3226,1322785440-dcb0c09d448ec16ce2169cc9ee731baf,1
3226,1322092440-092080ef7d503298222d286ed2f74079,1
3226,1325626140-7ab990d74b6d4b4c11ce49517e5568f4,1
3226,1322828580-ac810591cb24d64f88ca3336c44f2007,1
3226,1321447140-2c45f3cce43641ecaa89a9da4cd34db7,1
3226,1320693720-9c088de23c2668a70bc32ef288f52bcd,1
3226,1323198180-d7accebd2a0818a371aee8eb70927f1a,1
3226,1320589020-22af53a0578867fb7212482648f1adcc,1
3226,1325530800-9ac9bc4be91fec46a001da867c4164c8,1
3226,1322092440-6706a52df1dd8e6eee0b8f81d43d7b02,1
3226,1322655540-bc61397c78bfde5498b97f6f55a81635,1
3226,1325621220-0bd76a03a64bd2f85230b5a8c7225430,1
3226,1324655520-3bfedc0185e87e894c41acf463f20f50,1
3226,1327436640-1c3160c80ebd7d384e8d73e5a7b6a366,1
3226,1324499700-417f2172b015a904fc67c314aab70a72,1
3226,1324490640-5c9ed453a811f50374708092305dd4ec,1
3226,1325798100-047ab4d21458bbc5ad18a363689feb4a,1
3226,1325956920-de7c27068b027c141f239915f5153121,1
3226,1322740980-9ddf014682d72bd05b6086ba733a4536,0
3226,1324154520-d95015b1f7221d138e8be0e732e4c929,1
3226,1323138780-286f5e972ec7825c7648a0e1e04f7564,0
3226,1322771220-697c577ef9f6480e8a40544540e2a8c7,1
3226,1322760540-a5eb219dd4dea125cd69fdde36886d3a,0
3226,1322504820-0240b9c8b2e4477437abb98760c89c04,0
3226,1321544460-66ad1c08337c69d3eb38e189338ba636,0
3226,1327306260-dc23f915462381e0c837a312dd4277f6,0
3226,1322740980-0c779ed857298df5a6bfc5991775ce0f,0
3226,1327432080-1156a879d662c509ac30786d8638bf30,0
3226,1324234440-d1bcb62bf4643639219c84968ec6272f,0
3226,1327689840-4fb1561107fe2907617bcab14d246740,0
3226,1322155500-700322f19f558298728892433273a961,1
3226,1325682120-0ff51f9b8e1d324bb4000fd8576c362b,0
3226,1323740340-1111aa976d8dfdc3d908c3129b26ddac,0
3226,1320810840-0feae11318b68a84ad41984ad305f887,0
3226,1327609500-1495cec7ff214ce66b361533449c2ae7,0
3226,1321464180-704a70b91ae57561300ba2dc6ae5dc1f,1
3226,1321459860-3adb5bcab4d96bf1e3a00672ceb304fb,1
3226,1321470840-deac6cf2c5eac6831344ea7783410093,1
3226,1326232080-9cbe2c3c269154102b1a78d88689ad06,0
3226,1325611440-4fe088dc7e07e09326c4008bcd9532d8,0
3226,1320894000-9d11495575d19850917e5021b4e2d28b,0
3226,1324234440-d497516fa36b0ccfc7e10e97eea701c4,0
3226,1321636380-98f23356bae109f31474ce89413db10c,0
3226,1323884760-ab98f2e50b5f8f99315b0d1bb71f38e3,0
3226,1322806800-4e8faf3b76164c1711cf63788aa000f4,0
3226,1325810400-056a0aa3c3a21fcd3111b0bf7716d4a3,0
3226,1323270720-5f3a984197db4e6a029308bf55bf5aba,0
3226,1322510340-991e1304291009844d1df23f778aaa3c,1
3226,1324993620-482dae6e139188c9e8ffa2c9bb68e546,1
3226,1320800400-b812d97f233819d753b6134c2c0f184a,0
3226,1323801480-07f85cf20ed6c088436db1c4e6b80674,1
3226,1323556980-bc6f2ca5dcb3cb2b369f8b31fde12d07,1
3226,1327123860-ff8873938f43ee3f72cbab807086b6b6,0
3226,1321481340-979518f3e3b9fecd5456b540cd6535ab,0
3226,1320803700-0fff30bda4d198727225b26afc7e227e,1
3226,1320852600-65aed4c669a31e33c52eba0b233e1858,0
3226,1324501200-fe5f13156f89b8c509fecec42be9b13e,0
3226,1327611960-6f800832f47ab1ba5bca34e73488878f,0
3226,1321647000-8e261b10eb21e819538d865cc647137e,0
3226,1327005000-1cda25de4ad10cb843df4732611a2770,0
3226,1326304380-329caf28f2a45982f4babb30ff43c9a2,1
3226,1325008500-df7067376b8f15b25e0a5547a383e7d5,0
3226,1324154520-604d1aefc143dadd5368a5cd2c58bd1d,1
3226,1321745520-b35e7837879d31f81437300fafdb4bbb,0
3226,1320987120-9f02c58c18965e1fb6ee69843140eafd,0
3226,1324676880-5e42e4cdc5bcdf8f875d2d4fc3d2f47d,0
3226,1326405360-7780b9c5dd81458a1ccb7ffa4fa88031,0
3226,1325800560-de7eda674c824211e60554080c93d054,0
3226,1326526680-31602ce1b8fa80ac00c26c2c9a0d823e,1
3226,1321716360-159efd23bda95de4d8133e2ad01ecfb2,0
3226,1320567060-416893f6c68dd5ba4a6bd8890610de5a,1
3226,1321601340-20263c311e5d95737c4e0d4ee959d788,1
3226,1327791060-79846cca53a475628c0431e3bff3191f,1
3226,1326493140-2ac93ed1e36a203d1fd4799058e93abe,0
3226,1326244140-62988ec681c27a8a235b074513402a78,0
3226,1325560980-5550a112090db567dc7ea77da8b2e945,0
3226,1326463020-b86c77a2e12611833b76143035746d04,0
3226,1327362360-5f403d0bbed006b89a5d313b41edb9b7,0
3226,1320837420-5b14a4ad090d526adc89d0c28149509c,1
3226,1320796800-de8bc2439bd0310002c9ba743cbf6135,0
3226,1323762060-cbc17d41176d29c455b6332644e481ab,0
3226,1324904820-a9afbc68dd3322257f1c2d099089e60c,0
3226,1320947400-b6674aacb6f4b22a6157d5a2f3fffdae,0
3226,1327506600-605d093a6900a240e8b9c7ad795da479,0
3226,1320566520-52fb02b240171051705e2d9bcc918198,1
3226,1325738460-aea5b77033f658144736332cf863fa2e,0
3226,1324344120-bc6a0d9e41b4e0a23ceaa415aa66a363,0
3226,1326905940-fb03828eec866a1d43493a9b4ef71430,0
3226,1321636440-0ef71f8cfdfb5935313b03c810caab3b,0
3226,1327611960-69e0af96f5d0cc6d7d4750b96f609a15,0
3226,1322753220-556bdbe1998d56b7707c473bba8ea0d9,0
3226,1323155280-3c1ba9383a8ece0a6da339901f373b4b,1
3226,1325188080-d0b96166a7b8f1e4b9f4521c8bbd7863,1
3226,1324480740-f07e52a1cf574443e02ade92675fbc74,0
3226,1324690680-8a12cd7da23802bfd8a0641ddba4c45b,0
3226,1322800920-f9312d66ca678be010e931e2ae20c347,1
3226,1326682800-2d0d9dbb33226c03592482f74b51337f,1
3226,1321874760-1eb5c7a7183ada1508964d61328aea49,0
3226,1324043460-f08a259de5b125f80539a9a684762f77,0
3226,1321364760-86a390022cb67173081accf5638a20db,1
3226,1323458820-1b37fa9d8a919391b5a8285c709447ed,1
3226,1323459120-3c3d14d982d310800aee0e6034c24006,1
3226,1321051560-9e6f6d914f701bb4776261eaaaae0676,1
3226,1323401040-5f4496f50146f39de6f68efd1c565111,0
3226,1327302540-7aa1f02ca0f7bb5b608879e6129de15b,0
3226,1326782460-52f50018e0838dd7935f4dc0c524440c,0
3226,1323324360-f0ec27ac97df9b4131f0b751ca6e7564,0
3226,1321573500-552abd931f663519ac6cba952ca66f12,0
3226,1324431660-1dc165ba2fd963629c1e3467dfe29250,1
3226,1323222060-d8e531d363e3c396c16955bf3e3947d9,0
3226,1326733920-9ac37c5e3d4e280df33c96b04792d9be,1
3226,1327589460-03977343ce0a9d5ef8fc8f0ced51ab60,0
3226,1327502580-45ffff424d786f24cfbb95d66a00623e,0
3226,1323961680-c63ee4503a933326dbe284921d3a867d,0
3226,1323838920-0f020948716dd23eff7f0a6b505b976b,1
3226,1323873060-04c29f58099cf35b696e503ef5035c0d,1
3226,1324427760-3f2933c77248cf8f63ea8ac3a9c2fc3a,0
3226,1327560360-0a58f985620c41a4adb437bb5873285b,1
3226,1321522080-a84f2db9349c26412b060f6a85bfa81d,0
3226,1325803560-4a096617f7ed44c4b41e4d2de458db5c,0
3226,1321663800-26b16a8db63667089fba2559263e1d43,0
3226,1322524080-d4b1043d1323469c6684777dcf40bea0,0
3226,1323372900-df4aa2fa0a623a1871993588dc0c5d21,0
3226,1327968060-7c1ecc04ed0f23a5ccdcc0116896e62b,1
3226,1326134760-25e3f367ba43706f85dbf1d29c1ec2fe,1
3226,1326203460-3a1392da58d7a3b37ab46cb405beba5c,1
3226,1326300900-64e71a40dc5127382e6eb6cadc995f18,0
3226,1323401040-1bebabd8a8fb36d1c9a56dbd1c574560,1
3226,1322923020-80824286d319ab60c05bebf5940845c8,0
3226,1326223260-d9df27011e5f924560bab8164514588f,1
3226,1321963260-c77ef236d01a7b9b124a59cbd2d8c129,0
3226,1323479640-716fc4e52bc0cb58ff11568b3441f9a2,0
3226,1327036620-b873c0286b46351cd5ede7a5cb6b7aad,0
3226,1326190500-3028ea12eb8ec56c243df0ec2218761c,0
3226,1320862860-5fad2ef24308d3a39236dc228ac907a3,0
3226,1320441960-da104f7496957ebe0ad0a2b6ae64c27e,1
3226,1326347520-fb78362a2a13f79ad22fe92996cbf8e3,0
3226,1324234440-cd5f426a249a5c98d76b9b002aa6e411,0
3226,1327560360-28e16466d166ebb3b4c6afca348d2477,0
3226,1322282340-3691bd658846befaa2c7a1d0270db99a,1
3226,1322014320-b327d465137c4c9810166e9acd68199a,0
3226,1323381660-cd9d8642fde1074227c4e7a68877727e,1
3226,1324021740-dcede009a6336e115710a66d790b95a4,0
3226,1326800340-0324f3562521ae6dd8d75aac27f80a25,1
3226,1322264100-4c700f07ee3d3151c51b7de8efac9329,1
3226,1321461840-0a436b30420ead4e6735ecc4485fb736,1
3226,1322504820-b607ee2b7ad3e95cfd89db459b1f7915,0
3226,1326486780-a370f79a1940a99ead50afb68eaec960,0
3226,1321821720-14645cb2b8985632a714370c2300e4ef,0
3226,1320890580-8142f92036102c61eb5a909a4b965ab0,0
3226,1327314660-d892677c4c76ce2cc33343529d0360fd,1
3226,1324970640-2d9741b4b1c9b58e0e954f4730ed46d9,0
3226,1321316880-beae41268e2b5d6baef834c01c3b2f51,0
3226,1326998220-12e761e324b545852de8ee556824c8e9,1
3226,1323611640-709b2c3f9ad35471d0a7ea066202402f,0
3226,1321603560-7c4ec09dcdc4153645ab2aebabe7537a,0
3226,1325075100-1cbb470b81316e987db6f212fd88f630,0
3226,1326371160-dbbd54db245adbcdaa528fec5fe0822d,1
3226,1326367860-6e1c4c1aa7d821822c7dbc2fd103f4b6,1
3226,1327665540-df9280034d0a64671d103e3c0f5f84b0,0
3226,1321560420-80cf920bbc0cea9f1aced4f72da55047,0
3226,1326019860-6e43c3512be2ed614cf6e7594b8f83dd,0
3226,1322218020-c013ff73a37f5c0df75457bde8af4bd3,0
3226,1324320420-dac4c2da2d40e730e4f8c7879c056ea6,0
3226,1322041080-3efa4bd8ccf207bb40cd969e9fd77087,0
3226,1326385800-62c743be836968a2b4f354f14f32bca8,0
3226,1325986260-65bcbd0679ad230eb270df6f9535969b,0
3226,1320441960-82d7b4a8b37eaa4113ce722a1f1b1bcb,1
3226,1320718260-8d428e504b80c18f0e61ca030d57582e,0
3226,1326330300-6ee00a3451c758b5de57e2fae783e1f7,0
3226,1320680640-2aaad929dfdea2727ddbff46e9e64bee,1
3226,1324397340-69988cdec67061d71f71d2c26e8db79d,0
3226,1324337280-f965f580a4837fc2ea29be945947f3ce,0
3226,1321546920-9f604c5076e8d26bb6a34e4bca8462cc,0
3226,1325233380-a1d59f83ff212f273f5814fd41c6b74e,0
3226,1322241540-6f008b139414c63d9fcc5c3943c37e4f,0
3226,1326977580-3fcb6257358fb01eee679a8cb0d7125e,0
3226,1322567520-11210cc58b94df5dc09af2cb2417c1ce,1
3226,1324745340-f52f70b169ab7f68879c23319828ee99,1
3226,1323361980-5702a07bb0ad253422e39ad48a514d1c,0
3226,1326493140-4f2dd1f162f7b924c61762d6cb77f04e,0
3226,1320325560-fce7662e2fba7432892d21138946ea51,1
3226,1324480740-805e0e13a0b609f724892ac9509f5d14,0
3226,1327194540-447811b10d78f245a8c91431ae61e7a3,0
3226,1326305340-7f9c900bfc02efc97894d9e5dbc14d3e,0
3226,1324344600-83e489ff1df018cabc17b2189f08a5d9,0
3226,1320725880-f5534095bf266323985e8491c4b86b91,0
3226,1324134300-2e8f28681f4d12a3935314daaa89c4f5,1
3226,1320756600-fa9b37fb0ce04abb42348c67eab4bf00,1
3226,1323963480-3ee468815d472f49fae86f517855a8ff,0
3226,1323243780-c44297e59c0b799d999199bd04c8cb8d,0
3226,1320800400-5e8ca5dbdadc9553cea8ea4dc0ec6dd3,0
3226,1320203100-7e8805998cba0e571ac9d4f38ea3a388,0
3226,1322493420-9fb1312714da45ec0772be2b8e059711,1
3226,1321288320-a6dc0955664d110e1d9bcad41f339933,0
3226,1327544460-5906ed9caa6b85585eef68a4eaf2b8fa,0
3226,1323391920-4da7dbfb6a9a20c1eeafa3567ea8249d,1
3226,1326127620-ca86d99eeff30c8a25dcb5e4de574874,0
3226,1323817320-c56a1fed20000e77bb6343dfab667d6c,0
3226,1320530280-d236cc1a1ad095e8d06c2f5857f15d30,0
3226,1326347160-8809766d2b57060cf36a9bda4ee11362,0
3226,1323270720-6bd46cad60a920bd23be4e77a163e9bf,0
3226,1325238600-336ddac02644cd5e7548a4b7320893a5,0
3226,1325827740-9da799f4903666a3fef808126bdb7ad9,0
3226,1322042580-d727bae7e417a2bc8bd657812fdbdc2e,0
3226,1320866520-9ad6175498f6c965e09d828274d8e0d6,1
3226,1321374600-466b7e78bd5e500d22c7bd44ff5c8d1a,0
3226,1326294180-3a76865b2dad18f2444b265534844924,0
3226,1323433560-4db6ed747084b219f7fbc8faaa08097e,0
3226,1321499040-923c4dc451d518004f3be4413dbe0f9c,0
3226,1324927080-b31fbe26d90359a141385a86c98aef0c,0
3226,1326457200-3e2079d0852ffdf2666745a40112ae4d,0
3226,1321397580-6d47305b380124b42e04232fa77dd537,0
3226,1320966780-97c113c378c2ff28b1ded213636ff9b1,0
3226,1325023800-8c3de2e0c62c465ba07f306127390cfe,0
3226,1321017900-b0801a219bb0e9fdda4f288c08daa349,0
3226,1326385800-30a8b2d3a50934f8ce6f400fe80ce129,0
3226,1327954380-dc9b2e95d538f69ec3b239b13423043c,0
3226,1320800400-a4684b2d3fc078323b3536b102287961,0
3226,1321979820-108625c9423ee00e9d02dae04f5238af,0
3226,1325800560-67a5182fc3e31f31473c6639cf416fab,0
3226,1323715620-cbc97c330c29fec47d3063d16adbf151,0
3226,1325178180-4858f593d0d7dadb3ff71b252eaa36a3,0
3226,1320418200-5220a42313878727b3434f80641bbd2d,0
3226,1320992400-80aa470ea10d17ede2aa7fee46edba7d,0
3226,1326225480-b4ea3eb43ec3644710517afa9bf20661,0
3226,1324351140-0221c92e54eeef80968d41da0958f2f0,0
3226,1322733300-c58394eea259d771f417eae81ae7f397,0
3226,1323344580-b8cff84483a7282d3d0ec51f3bed8cd4,0
3226,1321189200-880cd0df3b77bdbac6e76fb12888662d,1
3226,1324639800-39a555bc18daa3805188c4b0e708501d,0
3226,1324315560-0a473d3602b2853b1f116fffb2b7903f,1
3226,1320238740-687a21725d4dd98b60fb47b9ef1f12c8,0
3226,1327841160-ba830dd40818152a3a716bee367f8aab,0
3226,1328053500-197a59ec1b26d299e72ac5c617005b65,0
3226,1323714420-fc68f4298086abc82e0dfa8680522a0d,0
3226,1327506600-6129c8ed593df1706aff5847898f01c3,1
3226,1322403480-a817d4b35a6063cdb0e77c57e8fce22d,1
3226,1321886820-3c23a94bbfedd2a0b671e9d5c1f6f11b,1
3226,1323869820-f0aba74cbeee09ee15ae24eea3f88da6,0
3226,1323869880-b8aee348e7e0453f02ca80bcb0083394,0
3226,1328053500-344877c4cedc40b0f5c79e2009cffc10,0
3226,1328014500-5adeddbd604faf80e7b7cf6fa4553d15,1
3226,1320238740-9cf92fc3b6890a0226ff31311447c267,0
3226,1322069160-24e8bf0570d2e225f806bf7e11dfd02f,0
3226,1325720040-77c79e966e867465c83be87cdf0ff78b,0
3226,1327502100-1dfc8d371030a573980b78c8d2f317ec,1
3226,1327356780-bf1be3fbacae1acde088825dbfb62c70,0
3226,1327432080-27ead00031610e0d8581c973175f3ce0,0
3226,1324596660-d8b02538d671ee826ee49d91332c222e,0
3226,1327124100-43ecef00bde82c5a6de099b1cf49ace2,0
3226,1325285700-548e6a28510fcb6e69b4ea7638bcbb60,1
3226,1324128540-29e7312cdb5768816c374b63906fdc01,1
3226,1324050720-48f04f0c7a1fcbd2183ceb5ab617fe32,1
3226,1325168280-fa97e0e5a741e057f63cdb7a5e8cf26e,1
3226,1325285340-c18bac17a0797e3a4359a4d13c3a7781,1
3226,1325082240-516a8a6c68f3e8748b9f66bdc691c2ee,1
3226,1321996560-7f9424f2d625fbaa4688dede41715723,1
3226,1323532800-83129a3fc661ccefc9754c007f5b6125,1
3226,1323955140-39cef5a396150c2d3a829e9693b634d2,1
3226,1323969060-1c445a4b5160746a8c3777d446446005,1
3226,1323819960-0532b3aadda117dca164d10968628073,1
3226,1325628480-bf9a432eb4daeebf2c9acebba5c3b1ff,1
3226,1323360120-be7f6e421a6d57e671c6337f72e62577,1
3226,1326317640-2ce08d77007ea1c23296b1d71abd27e8,1
3226,1323465360-3b166cf8fe1460342de73140c315b09f,1
3226,1324180740-0712a273d65c8e3ddc70d723f554723a,1
3226,1327207080-5b1662d5ab3b599dbe456bbf38e95ead,1
3226,1326501780-7fccc2b645607b5d61176d2534514179,1
3226,1323153240-33719628cb98f1dd7528b594769308af,1
3226,1321373580-0883417c7a01c45396b171b391e8ba4c,1
3226,1322985960-4bfbaaa42a46c338d6ef46467d856416,1
3226,1321161900-d785e11218b1eea62fa08082ef5858d2,1
3226,1322018160-40ee81d3cf673e19ada6f8693bc054a9,1
3226,1324523040-0407bdc792256144eabf7c92804537d5,1
3226,1324002060-b6d062c70cf3d9f9c59816c04afdb617,1
3226,1320714060-f7bfe94ab81d3e88ffd99dfd782d9757,1
3226,1324949100-10dfcbcce941d412fcc95b43b558a745,1
3226,1325475300-038f0a9b0cfff15aa47a277353a183f2,1
3226,1321761240-cf7c066692f6882c2d90ec4e9e7d4e32,1
3226,1326415500-a845a853049c73101196b5a4dc4cd276,1
3226,1320746220-79092a2601bf7c3950f4e4fa8b9dc593,1
3226,1320825240-5e6f9a81b0443dc913acc8ef0b5021be,1
3226,1325809620-868932c64b0561365aee850d76a93860,1
3226,1325304960-841b0c9ac43ad9ef69835e8ce0d30ea1,1
3226,1322018160-8b4d8285c09e6cf4192aa866b7829914,1
3226,1325607180-5af374a05942fac57d7f4ef4cae7eb0f,1
3226,1327032000-17f0ec50e4cba54490783579444e84f6,1
3226,1324082100-6ef3400eb9ad5b5db81aa670912f80c3,1
3226,1325480940-65a9c6518f51bbe2030716071661fd1d,1
3226,1327121400-0cdd950ea61a1c76d734e282c0afc4ca,1
3226,1325125920-ccb3f3629f1653951c836e276b90660e,1
3226,1323899700-2d99dcd7436b1f622b524a4cecf5400f,1
3226,1325008260-34bf99432293f3ea89b22381593f41ce,1
3226,1326831780-5875b698d2561018c8b45500b8e60c41,1
3226,1322706540-8cfd8dbe3cf3774e0ec3c9c66df91245,1
3226,1323819960-2866b00d5234e7c1134d47346fb2fd54,1
3226,1323819960-41b7ac17d711ee8bb3e738725d5f68da,1
3226,1325174580-0edcb3437611eea740594a0a459f0b9d,1
3226,1323130740-469ecec8092b2a05384ef656e2272a60,1
3226,1324395660-48e752895f86546ecdd6b75337f917de,1
3226,1321905720-017cdead9a1479b034657c75b9e9930c,1
3226,1321734780-a09fa6eaa3ae08c5126b99649fbdc86b,1
3226,1325781420-4ef888e957ac43fd10e7d2e590cd35bb,1
3226,1325899080-6ef0f483f16065a01a6167bbb9ea5bdf,1
3226,1322159220-7377f3dca62521e210e1cc54f3408f5b,1
3226,1324787580-94a814d9e2d26f40d27aca8314e74aa4,1
3226,1321161900-cdeafd223c13bbefab30d29cd1ed2bfa,1
3226,1321161900-49578a76bf00db98469a6a37818967b7,1
3226,1322272440-51dafd9f946fd4f56abe1bca638184e7,1
3226,1327207080-b4d45479f9cebe069b598ecc5f902974,1
3226,1322368620-9d9b83165feafc869299af92f5018982,1
3226,1324267260-f1b72a880eb95e0f1520deaca5c726f9,1
3226,1323738540-989328f6a9131e260f00a47eaf18009b,1
3226,1321404120-3265d314556316a86ad4a98a9382d069,1
3226,1321603440-fb9ac0eb79d856721f2cf336a557bdd4,1
3226,1323911160-71b8397696c68da073dbcf459972c2ad,1
3226,1326417660-c1306082b63921558b193f569e0323da,1
3226,1326339780-665c52a89cd7c0156f06f0f31fa0a834,1
3226,1322279340-1d8ecb422fb8ea980f7cb0493b9e8c5a,1
3226,1320562680-c0bf6a0ea030f9d9f0c6fc521224d473,1
3226,1327713900-3dbeeadabeb1c1f42f0870f0c9d59cf2,1
3226,1325735700-196c18b2c5920fa8e471e7f7255f07e0,1
3226,1320562680-8e85e19e5f8e248792ffb85ef822d443,1
3226,1324874700-51ac9cb58820810d99ba79b29d7690c4,1
3226,1325122680-b3a4a98586ba597caa7001cf886eec24,1
3226,1322494680-8b73926af56449444c96a072c208b290,1
3226,1327651320-ac769e3e76b132f8c0307ba8931627f0,1
3226,1325826480-8b9eb5bb49b6f62e06d745f46749aa4c,1
3226,1321625820-72c179efa2c7f9cca68cf5f7fecf8f5b,1
3226,1321548540-8a5f646bd797f5fc7e40659dd26f863e,1
3226,1323892800-96180fc7b4609df7f2849f327063a5b8,1
3226,1326151980-5e261dce797357133f20a08072864a08,1
3226,1324524360-6b55ecdd5b50d21f3d07b5c112587751,1
3226,1325192280-be90c811d1d13e37326653006aa2081e,1
3226,1320772020-c513f1462c6ee31f0568d198f6330282,1
3226,1326422280-fd508a04f3c7b33c63f4c49d0ca881c8,1
3226,1324332360-a151b51b09952e5761b2ec264a69250c,1
3226,1322080260-94cd1a5011bbfefe841d55f9ca177ba4,1
3226,1323872880-ab4b17d5c15d6f604ff9c57e994269e6,1
3226,1322680380-6b4a931efe94293269d7eece1b3b1073,1
3226,1320714060-6e4ccef18a4f5412bfed873f14f2a2d6,1
3226,1320746220-bb1d0b33e2f37e1aed766a7a8688afdd,1
3226,1325304960-97d071d3864a8fe4380c9d8806e1f81f,1
3226,1326168480-f5ef8230c25a9f1d142eb0c06dcf6f08,1
3226,1326516120-7a00fd836d95fa8068042c2f27c29107,1
3226,1326945600-1d18db5c50d0f02b102561be99b8b4c3,1
3226,1326426780-6cc4267e9b349442d14e5d3cf25ddad1,1
3226,1325121000-06f2d2e7c68257954dfca5a8c6888df2,1
3226,1320825240-35a2f01f294dd2f3e93ac265ce9cbac9,1
3226,1325651880-dd7f3732a70bad61d53f7d542365f65e,1
3226,1326162060-fe2c3869a4c1476295145e7156453d13,1
3226,1326501780-f217fdcfa052fdc5f4d19ce5edba93e0,1
3226,1321846620-7c7c93e18f228c88a3179ca53c1f9cda,1
3226,1321161900-daf49a306dee7a9d637ed91a13709660,1
3226,1326339780-81fc9345c4d4f08fcc3ea454f3089dcd,1
3226,1320312600-ad12198881b8fddf6d00b93ca4f41390,1
3226,1325646300-8542a7a8776911958ad269a5b247d1b4,1
3226,1321587780-75ce2cf9a36af5c3e73f6760877b9ff7,1
3226,1323834840-db884deda143bf09ec6eca6e74e10ff9,1
3226,1326127980-b8b0659a56d61d1e7ba9795153ea016f,1
3226,1320224340-4914d45961bad0ea88af69c1111d471d,1
3226,1320869100-213ab05d6931cf762d7ecd1c2682f03b,1
3226,1324226520-48be92ba2981be106f7e5af6f47e93c9,1
3226,1325107560-8fa762c2d3b291d53ab2403c8982f1fa,1
3226,1325720760-86b8e4068b37f3f313ede97cd499fd94,1
3226,1327725540-18f4ff9fcdf8555e92f0e99a5e155367,1
3226,1320746220-130f2e4f03dd2c8e46ba1fe5db766fe3,1
3226,1324516020-9caf11d2a0843a5bbc2050164ca19e63,1
3226,1326951540-3a24acef20ab6985de82d47da29dd90a,1
3226,1326158880-7244c88664323b3c880723e25b875769,1
3226,1321761240-d878ce04bb81d1a7392462df96de668c,1
3226,1324354500-0889ec3dd5bed1e0fc1aad043411a60f,1
3226,1326516120-25cdf0cc1841ea2f0b76955c1811944e,1
3226,1321996560-0f76f35d9d85f0ff5f74b5261c46b06a,1
3226,1326996540-9cacc3e9993dda236608f3b791ae0963,1
3226,1327687680-b86c9e9cbe0079f263e42f1198920259,1
3226,1321407960-85fb8c8acd6c55d6e391959552b95b6f,1
3226,1326580860-1f9b3c9ee34822d47f32fa105ba543d8,1
3226,1321169820-6e821f7c9df499c37d6aba605358ca2c,1
3226,1325639040-b5dab9dff0deb1267c988ff174db5f25,1
3226,1321603440-cb5af162f74510ecd743ccc8d07c6f89,1
3226,1322380980-3a0447310f50479145aec66ed81ca0a8,1
3226,1321846620-d42f09b506bd4a9420df17e4148a1843,1
3226,1326513600-ca5dfa287ae03c12f9babed863a6ee1c,1
3226,1326342060-19d8f9a8cb3533dbb3820cbc9a2eb921,1
3226,1326426780-89570898993e158a639f4037cd0f527d,1
3226,1321078020-79dba28498e424d69aec8464bb0dee9a,1
3226,1325304960-221661d6083190e0efd6e2fedf943486,1
3226,1324785600-07310509b36fa69a1a84df0231a5d049,1
3226,1324715040-db8bea4f07bc6234c266f95b2cfcc76a,1
3226,1324862700-01a4157163e1c286c3501ad9d9f95b66,1
3226,1322625720-14dd4cdfb1262a0d1c71fc5aae5817fb,1
3226,1327121400-b3bf31ad9e4e6da42300d403e85c6da3,1
3226,1327219440-837e4bffefbde72ae7177e1c411a019f,1
3226,1325304960-2fd016550405b7b8ba10fd71391657de,1
3226,1326258840-40f275b41eff16288a15b293fdd266b1,1
3226,1320224340-3973ec5541802f7c7270233334cabfcc,1
3226,1325108220-314121d0f31e3848a50dae0bfb61da1b,1
3226,1326832200-12b3a621c4316d04e3ae4eacecb4d257,1
3226,1326516120-b7777d06502954e85511ca9bda95dc9c,1
3226,1322695680-b2a1a1533c48452b9c7de854ca27179f,1
3226,1323130740-7a9f1122068e31167a69c60cd5d1f13c,1
3226,1327584600-6e4eafb8deb9a609080ec2ceeecfb51c,1
3226,1321333860-ca8b107e2b18b2189a771ac913fb1657,1
3226,1320692760-d21be37727a6a2c16e6b5f9839f89ba8,1
3226,1326165120-7f02f0fac246a88bb1bf4f65c8679717,1
3226,1321924620-882046a6a6f649817d7783006a125cf1,1
3226,1325892000-6f24f63ba49a7c900e5a43c9cbf5c388,1
3226,1325784060-2da66a8a5c845e0da48ed62f2fb334ba,1
3226,1323657240-8279e2d334c6fcb8421b945e8ce6b7bf,1
3226,1325898480-1ffa8c147c5fa7e7cf79c2dd39dff412,1
3226,1320507900-320d628bcd890c7da62eebeff02976a2,1
3226,1320641220-5c5305c8e179d65d7b2b993ade2115fc,1
3226,1320805920-59371e3d3335f72212a3560862cec534,1
3226,1321567020-b3d3373946eff6f102ce26121c6259b6,1
3226,1325562420-2b0b4adc7d260d0a95f33e9a2002fc60,1
3226,1325870340-c12a5cff9e6337641d04d0e4411a8e0d,1
3226,1325899080-1d5e7f06fc15873758da3e1d1544d9e1,1
3226,1322493420-ad2d7fd409d7ca5c8b26c91ea632f844,1
3226,1321846620-896aed1afcaac5229d903df7ecba503b,1
3226,1326513600-c1457a85a5f3765835e8b65c412c276e,1
3226,1325735700-647ecfda92e4b484ea379fcb955c45df,1
3226,1321161900-0d449d2d93cdeaaf9b53f3a60991ee77,1
3226,1321161900-61135b5fb5cfda3949b8f022f0de74cd,1
3226,1322539200-3d286080bab692e893a021e7fc142e48,1
3226,1321405080-40349445dd83c8fc59071770d6a0baec,1
3226,1323176580-162027f971959998fbeba1c513ac20b5,1
3226,1325231940-5a2a32df56a7c50c910efdcbf01e90cc,1
3226,1321846620-9bcf7455d661ea82e6eb74a201672bcf,1
3226,1322985960-6509854635182fcb376c92809fc4d2c5,1
3226,1325050680-1ccfdde1e715a19bb77121cb75d16d42,1
3226,1323921180-f56f6656162804830d0dc97006606ab7,1
3226,1327651320-d76b73a33d4edd4975732d4d715d920a,1
3226,1326417720-23891204bdb80edadcb9e16fe3002ee5,1
3226,1325808660-d948ab98353a1c38dfae2032d57cf34b,1
3226,1325781420-2523be2b5365189dc4ce74f607ad616a,1
3226,1320991080-295f5bf87a17dc9961b71681084581bf,1
3226,1322096580-78d4314dd38fab0830d84304bd2288e5,1
3226,1323752880-97d64a1a7f5f797997184f1f4b801672,1
3226,1320746220-7a7e861f986a8216d3ab14a0327bd24c,1
3226,1324610820-71ebf3eb18135a74b4e7d8bceb61650a,1
3226,1324002060-3987a52a3f7dd2ba93aa48a3a9bbafc9,1
3226,1325123940-192690efc023a85578c4368dd96e0187,1
3226,1325304960-7e3a0ef11bef9af2fdbb9b45884c1d23,1
3226,1325809620-f19ddc4ad456fc53d7fc5c0511e63ac8,1
3226,1322987040-13fd2ee214b97969164d5298d6997e55,1
3226,1323892800-7396e8afa142e23e8a0817125fd2a690,1
3226,1325475000-55e243d5cf9f27fc0405bba0c62006ff,1
3226,1322207940-08bf96c675f33df563892a23a5510700,1
3226,1324128300-3f1c4ff86df9a650928b5495c8697f2c,1
3226,1322096580-6cefb4198b4cc6e9eb9c94fed3ebe3ec,1
3226,1325557320-82e0aa8998d60f721a3f1d5f5dc50b66,1
3226,1326249300-a7897babe5b54a3784ca1702eda2e004,1
3226,1325304960-ddee8294b40c0d6afda1a7f43aa69741,1
3226,1325475000-1c3980269783e4f26c2eede16947f91b,1
3226,1320224340-5cf16cb6eca22434c44e4cb16e0d22fd,1
3226,1322442420-57606de6f18ebfba9513b9d4f95ea69b,1
3226,1325008260-b03f61400c60a17a6be470a2755e2c36,1
3226,1324050660-73830c23f88911c708cf08fa4899fd7b,1
3226,1325773560-40b23ee8692b573a714a4fe424bac5ab,1
3226,1322873220-c62f178e168526fa508b390c344b0d8f,1
3226,1325081220-32c25430d1209d914bd515bd8f0341e8,1
3226,1326409440-cdba8ddfc4d512b6f2edb2fe0378dba2,1
3226,1321971240-2fd9bb580b334dbbb1e56782830a444f,1
3226,1327586760-2869bee7185f4580a7bc1f954d6aec61,1
3226,1325647920-5d51657bbe43a2292bebe1ea2929d924,1
3226,1326845880-a2715729dd654dd442e2d53b25ba8127,1
3226,1321938120-310a1858c63946f5c11eb5d1b9acebc9,1
3226,1322620320-44eaf52f7efd06771582cc32dbf28be1,1
3226,1322368620-c4a03ce1e0d86443712bf65c7299ada8,1
3226,1322708280-9ed251dfaa5018e753c9c66fd243055b,1
3226,1321567020-230bf5c08979288e0cfca394049cacce,1
3226,1326229140-090fbc226d3c58b65bec9d6aa1c75c65,1
3226,1326223140-8abc1ea02fb9b51b3684ee0fb6c0f49a,1
3226,1320613440-30607750818e8aaf816e34ec1b63fc97,1
3226,1320462780-796df6997676dc737a33bd34fffa3ea5,1
3226,1327127460-65ac2587dbfb5d78968f71f9a0093f91,1
3226,1325647920-51a8a9659b7ca8b2de8868eca0b5080b,1
3226,1323921180-25b147615a42047c7527898f7ef1e0f9,1
3226,1325646300-bf8d0efe9d650168b699d5165b36e34f,1
3226,1324322280-285611482af5ab2463eaa6bb7b2131e0,1
3226,1321161900-0a587638194739eeaab9e91bf757187d,1
3226,1321169820-11f3a9fbfecfd4c0c8912048102316f4,1
3226,1326677400-1623e136b15b32b402f4e281af39f2e2,1
3226,1321169820-3f49f02637010910262d362acc2ab7a2,1
3226,1322279340-572ca28be35461d7bf9663c4040a6783,1
3226,1321161900-4f219ab5659181207874406e30d6274a,1
3226,1325826480-bc8d446a55a64fda58a550e4236cc235,1
3226,1326342060-67c576a0b8192cb127b2e1b4b77c0d45,1
3226,1326040440-b5cde564a42c8e576b3c588e06fe4f4e,1
3226,1326516120-9c29878c5eed9aa9eebe223b5513ad9f,1
3226,1326809820-ddacf2148b381a25ab44fdcf94628fe6,1
3226,1321649940-6effd30599ea79bf28532dd1115ce25f,1
3226,1327706700-391ec3951f76b97917ea69f79bd102d1,1
3226,1321394220-582d7e272eb6cbbdc804391386437e8d,1
3226,1327725540-fb13a2d8eca81cb0975b89e3f4023638,1
3226,1326330840-574288c01e4c7e78c066fda2d2998fd8,1
3226,1320825240-a539315f31b4dcc725d56ba0d53b8bb0,1
3226,1327032000-854d4201e0520fed31a88e2ff2af5d96,1
3226,1324002060-67b07d2aaf3e8f95c68f5b50a10052c7,1
3226,1327121400-d373e657e9de290382649e4d4edf6b03,1
3226,1320825240-640d8d2b5a7cb390766819cfad477ca0,1
3226,1323331140-2a2d98e8c9d6a563fece040ac6b60161,1
3226,1325206320-43db4c74fc07c0a3269228124667223c,1
3226,1324273320-86cb38b8a9155c5c21639ef8af86292f,1
3226,1324002060-3bf29185968e9c5bff5b4acc12aabb4d,1
3226,1323290100-676d18f3a04c0b9be6123e081e7a4f27,1
3226,1326317640-36304c38c95910e912bbf4cdcc38768d,1
3226,1323403260-323656596add8173cb5f45ff396b9119,1
3226,1325306040-189aa49914ba2fe228dae950543f9b45,1
3226,1324911180-032101e03cd7d88f40b3ec44b1323aac,1
3226,1326809820-7b0abe7336d7dc15367d5a1d13121521,1
3226,1325735700-34a4415d8914be0f67f8810092068dd3,1
3226,1320562680-f0e0c2d55fc0bfcbf3da54443e2508d4,1
3226,1322708280-9ee672ab18ca0e0aba292e6e32ff7e2a,1
3226,1325646300-36199b3597056680810dd1b0dfa0762f,1
3226,1324787580-67bc85a5b68d714e8b72f98b92ee3b4d,1
3226,1326426180-92671cf57289f07ee99f9d1b4078b6a6,1
3226,1326516120-cd96a80b9e3723b594cd77c25e7b9a2b,1
3226,1326426180-286ec16df32f67a8d7a16b2fb89f426e,1
3226,1324523040-97e58a679f9f4fb022b34ebc237deaa3,1
3226,1322018160-9f90afb9a81ce19a8dccf2aa38f82273,1
3226,1326342060-959d45e430c7e84179dee9af2d47b1d9,1
3226,1321938120-dcd7508d75a56b605c2641c21b8d178f,1
3226,1323834840-24ead5adea24c437c1427022378a3471,1
3226,1325206320-a331386e3b94254c853941406eaf5100,1
3226,1324523040-af8e2f1c781233657c0b3221d69aeb30,1
3226,1325130000-4b0dc789905cc24ff93fde37cf554800,1
3226,1325475000-54078f481113dbd284482d8e95fe1e4e,1
3226,1325271420-fceace955dfa0413b2aaf91d0fc9d3ed,1
3226,1324515360-0108cc865c0c98827f1b204133141ff5,1
3226,1327894680-a25aa3ff6e249bf80a4f27e806aca084,1
3226,1324515360-93f75b0b4b74fe3df205f3f1ef34bbb8,1
3226,1321888740-c646a44ec8501623ad4e094f43a73c42,1
3226,1321996560-070690e881e9842ad49c8fc1e6cec0b9,1
3226,1324050660-f06b000ac3327c0cdd876cb4546bffe8,1
3226,1322092920-35201759f2c7727c5e735274f47e7f14,1
3226,1326474120-7604dc85f0c9d5af21d574fc59e11427,1
3226,1327374120-91ba4cd7a8921ebac4814aa3ab838876,1
3226,1325285700-b8ddb13dc7e63a5afb42319c394a2d3c,1
3226,1326258840-133dd1203f87e350b6280eadcff75d44,1
3226,1320825240-58b9750c4cf0e91e48aad7f046e24cc4,1
3226,1325297940-defebcd45586e8ac5f6b368cf54e7b2f,1
3226,1325304960-c2492635bd368f7aab82b444d1c0983f,1
3226,1324785600-bf83a463b6b429644bcffbcc41e0125f,1
3226,1320800160-9c50de9f8139409c7f48b01059374957,1
3226,1320847740-d08c51cf4806cf357ae60698f22697c0,1
3226,1322096580-5ee7b3ec1e69e2d65dc837351e4290c4,1
3226,1327219440-283745805ef062db106a966321b67f99,1
3226,1326516120-0ac97c5cf402e2be305e8c109cc8ddc2,1
3226,1327219440-d435cf0b44888c62847a690f3826135f,1
3226,1326426780-78147c20fae65595a1efa00fa23b7d6c,1
3226,1326168480-c904b49851ecae7ea5cfb6f315d66bb6,1
3226,1321934340-1a5b4ddc3bf8a63eae140941a3309ba5,1
3226,1321412220-7b1741a3436598ffda86ef962d15b4ee,1
3226,1326749700-9e41aae3ab5eeb3f7c0b13e85efce5eb,1
3226,1322985960-30c7056d3c9cd114d605274a3ca25c40,1
3226,1321373580-a6a4db953bbf344aacb0cb90628cb81b,1
3226,1323738540-b13f8fbe6f58fb16c96e25390861ffbd,1
3226,1324022520-7bedeba07c30970b4fd1c9ad7967b76c,1
3226,1325824680-fec00f29ca139de50453bda52138eb02,1
3226,1321587780-b7cf4d16946d81cd89e22bdab3a97bce,1
3226,1320312600-919dc183e22c564c5d8cc2da40da6d20,1
3226,1326832080-3cce933e151dd00006bc1ffedae28bce,1
3226,1323310800-c4d28ec277f859e9a33b9fe23e69d5ba,1
3226,1324089780-0358e31d782aacd624744fa014f7aec5,1
3226,1326407700-1d83731ece8f85b55f2b24b0486e2d39,1
3226,1327343940-c73f84fec0a2bc6ae22d2c39dcf47e02,1
3226,1323123780-0444e70ec0ef16a4ae2cd23f96bc5590,1
3226,1323153240-d811848a092fad76f19ef1201f4c7774,1
3226,1323738540-df701387778a4a392c5088735e287cee,1
3226,1325302620-88b14a862df7401a6bf4a54e5e3c6234,1
3226,1324874700-dd4ac279379b1b276be3fbb5deb31579,1
3226,1323738540-624154d1dfdf713d35e8793cda87d20b,1
3226,1327633260-90809237e8a6bcbdfb151f70d3c1e4dd,1
3226,1323834840-0590bc773cde49f873bab8f84adcc1c7,1
3226,1327713900-c78e5d94b4c6097105bf753c72e7bca9,1
3226,1325916720-2f47bd07e888fb81db94b2dd5ba9d218,1
3226,1325984880-7a6a915de7e408bab1202484f40305c5,1
3226,1326223140-f02d7669ae87e73b9aee3d56e046296d,1
3226,1325216940-679db153dff8ea237a65b03a397cb8a3,1
3226,1325610900-ffaa32634d2c261b7bcd8987b7965441,1
3226,1321995180-4d5d99e99fc2f9b076bd36ea46d837ae,1
3226,1327586760-91e6fd1f989b97c8a725ecca11c464c4,1
3226,1321996560-1d884386bf9ff8c6d4e7c778f4ff50cb,1
3226,1322695680-061bfcf61986bbce5ccc4caaf0c9cdaf,1
3226,1326083640-2b2f4f7e05635382315073e41885c37f,1
3226,1327219440-c9b92d24deb712f00319ee8179008f4f,1
3226,1326258840-4c78f811ec1003bae6e2c9b68e85abb3,1
3226,1325394120-9708071daaec0add206483094f13901c,1
3226,1324983300-bc01f66756e806a45396ca06f4839a0d,1
3226,1320746220-169477b2c543cf444d107e479881bafa,1
3226,1323797400-4fe260f6456416f2a9e165c7bc13c6c3,1
3226,1323456420-12ab2514772608259cc524b8b1813680,1
3226,1323456420-1137d96b0ecd1b28cffc7a450c482729,1
3226,1321559820-778927782557a086976ebe596170846b,1
3226,1320103920-5ed588bfa219fad7389e84be9b3e61bc,1
3226,1324855740-69ba2b6a9e63d2925c7a892c2cb21c88,1
3226,1323740160-505f8d8fd4343a475f19e77c787de575,0
3226,1327287060-cf2446de896534eb734151825a0fe3f6,0
3226,1327287060-ccbbdb434f43c542758ee0e4f700fdc6,0
3226,1320821160-3d9a8f6fc636bedb9c22b64c47fcbcab,0
3226,1327121400-125fe4d30e23507edcf2e05355f412ec,1
3226,1325291100-4a5bc27d696b3b2a35a7f505c74c7fc9,1
3226,1320746220-8b2954abfc80c8462c7f94afacdabfb6,1
3226,1323481860-ad68967778c846425e5fa9a6fe007d3b,1
3226,1323047100-ccc59819f2dee6e4691cfa19a80a9cb5,1
3226,1326513780-cede390cf857936d9d9b27e131236892,1
3226,1326831780-70e80c7ba6e08ca6d27ad72f9e2c1e9d,1
3226,1326832200-5c302accc3869bb9276dfbe3f4f7b159,1
3226,1323317760-db99c4083a0460f19c3a940aabc4a94b,1
3226,1322867460-94333a48e1c778d68117f1acded5eb71,1
3226,1320342300-37074a821f721c3805f56f0a4f4868e6,1
3226,1325294220-1e94f064211d77de14b64c97c8ff8c89,1
3226,1324869480-9ad6fcd3042afc2f3e04f7a022f4d4f0,1
3226,1320991080-b2362abe69f082f13dcce780eb8542ff,1
3226,1323481860-297722c80a7aebd1ef4a8f5e4759510b,1
3226,1323225000-b4dfacb22635f15c21df56d2c555e410,1
3226,1320991080-f17ec9a589c153945a334ff878e4c26b,1
3226,1321084860-685594396cf27a58baed6eb3c99fe9ce,1
3226,1320469440-4c63c9a036277759cfffa33707a6706c,1
3226,1327800660-63ab4f2df171f412be92ec116c706064,1
3226,1326779340-9ce2ae6ebe9f8359fa26bd58a02a6b98,1
3226,1325047500-7aaae595b83634dc59b3b481ab26400e,1
3226,1326516120-a4bb3be2fa8e63a6ff734c1dcbc8f25b,1
3226,1323704880-8207e0f7f2a3e7b02d104619ea7d7e5a,1
3226,1325978880-b6ff2004ed149294aa120ec4237590f7,1
3226,1324428240-9e3cd0d3a04981f13a507bc9cb301429,1
3226,1325121000-163782b98dc2a91abf613bf9b08e55b6,1
3226,1320396000-02d43cea4c0d3ef492564f9f36209803,1
3226,1324002060-990a4fdafc856b243e74ea11d60b35f5,1
3226,1327452900-4f6cd1a8f6b70b769079a83f76919991,1
3226,1322018160-cb44b278639472afe65f9d0e2d5f32c4,1
3226,1323296220-17a0c6cd2f9e78079e46f00537b9654e,1
3226,1327105800-d2120f594eae09460bc92372b6fc4b93,1
3226,1321381200-8305b96a0e4d0780903a41f9c865222c,1
3226,1322854860-8126f5780f2045868be2ae74c854cede,1
3226,1326088920-92024a498942feadc42a20da371638a8,1
3226,1325610900-957a8e29d637653e3aa61e6e23f3209e,1
3226,1323403260-2adfe554c1ed02fd9cec17c3b0a6953c,1
3226,1322092920-7e9589bfbfa21c06d282523d9ca9f8fa,1
3226,1326513600-d73b145f8217328e0b9fbffb0734310c,1
3226,1322368620-a14fe3cebefe96f0b7871a07c6a54245,1
3226,1321846620-0d598410d8bcf08f3e27109368794b61,1
3226,1323834840-d1c6a6cdc9a1f39eb97403ef44f0fd7a,1
3226,1327633260-47470b8d760d68e9afcf54cdce6d6d6d,1
3226,1325735700-d93248fa3abccb49fe81d03a3b34f652,1
3226,1320562680-02edad9b8a88495ddca69db16566378f,1
3226,1323834840-81b884949d200a6fc0b9f4872fb5f05e,1
3226,1320886620-196c56401b66bba843446feb2b9a9a77,1
3226,1321230360-ae1d5cbe0bc3e3b2ab3f68e4e612eeeb,1
3226,1323130740-f43a3f550c230f0c668031c16a126f7c,1
3226,1320903660-673b7f8b11893c1609f81cc9d6548965,1
3226,1326294600-98bb336e722d6dea14282fb3fd7e5a3c,1
3226,1326587760-67e2765dee428b810e1232b9f4252e79,1
3226,1327672800-600bc4735fea36dfd1f348b523c219d6,1
3226,1324261800-859e29dbc8a34136d81b9fa2ab8914cc,1
3226,1320312600-fdaf649506c66dc7ad2205043bfbaf36,1
3226,1320883920-f4cfa47da6e33d91a06fece4dcfde4ed,1
3226,1325641620-5a0cfa39998964b8a300cb039256bf05,1
3226,1322368620-a02b6b9ec8ad6f3ae6d656e27e70f0d4,1
3226,1323417660-2a81304b736f88db5c47ac4079223381,1
3226,1321176900-b76ee9aae94da6799555851a601a8c72,1
3226,1322985960-623d779d19020ca5e726caa26644891d,1
3226,1322380980-f09c5f6d3717839d2fc765d673bbae35,1
3226,1326167940-7a70e091703d0f9d069df96335e3ce7e,1
3226,1325050680-3a3e5b0f19583cae66b31c279216b7d3,1
3226,1327727520-2f3c986feb0219abdbbd5d28966fa440,1
3226,1327651320-961a76f00858c9ad49c4ba00a13b7c8d,1
3226,1320534960-1bad8dcf0e585224797bc2ada3b53764,1
3226,1324156080-59793280a54301a90f8fe4049aabf78e,1
3226,1321375860-fc8087086de43b3a71b595f7d5771cff,1
3226,1325736600-23d7646e728b97ac0a5dac357f2d8d31,1
3226,1325557320-bfdfca83604ced73ea303b6fd1c7f3c5,1
3226,1324865760-577eae183a16dd140fc449f56f5c0da8,1
3226,1321934340-b00a2b78c60a055c3af8090e3e4d337a,1
3226,1320469440-1d6a7e0e96825c4ad873d73a993f05dd,1
3226,1325727060-d05a0883b22ff9eedaad9c25e4c31a5d,1
3226,1326951540-9a9fdb34cf649c58ba5925fb5f167608,1
3226,1322018160-396c19a6ccf154b630ec391b1d21950e,1
3226,1325319240-d2b81e0214e7fede8bd65b4d3feb7046,1
3226,1325475000-8d8ad24a28d809ad5d3d52790480e80b,1
3226,1325294220-7b57b1ca45699ef8f1dd444af1720fd4,1
3226,1324949100-63b976e7737966c0ae4eaa6a18a417f6,1
3226,1321233480-7b3fe065ebf632fb6c027739b6bb3500,1
3226,1324910700-a516a69e0b13e99ca9cbd8fcbb4635df,1
3226,1326051120-3512476bf7038fed3d6bc829f9210f91,1
3226,1326476100-b2bcc7bda9e89a3f4c4894b3241136a9,1
3226,1323476280-58623b58cec6c398231fc36e75207f8e,1
3226,1325108220-06d55c3079afe7f2d84b48222609643e,1
3226,1322954520-4da9e98de86c495bc6fe1758b90d63fa,1
3226,1323273660-081e2d7614da3d23fde940600d052275,1
3226,1327121400-9c25c43f44d397abb53582e1735b8af9,1
3226,1324610820-c03fd7fee8abccc261f3012e9678d286,1
3226,1325475300-bf0d864f710e84311c3c4605a1c31436,1
3226,1325475000-0d05e9bbfe2936cb5e1118c4c1fed64a,1
3226,1326258840-c275fa812fd4356597527a90dfae2a5e,1
3226,1325304960-f9b239c237b5eb078368bf4c8940257d,1
3226,1325557320-0cef177669237651209babd82fd4eb78,1
3226,1325117700-2fc7813c14a60930094fe05ebba1ef1d,1
3226,1325475000-19a1633fa942f74fcfd33c558d315f96,1
3226,1322628720-70b351bebbc08d903bd8d2d1aa9ea071,1
3226,1321761240-1e1470ab192873c88891e028a2d8a8d6,1
3226,1325636940-bece8daeceb9d52bd4f41bc743a7d6d8,1
3226,1321600260-bb77c15bdfbaf2d9ebe51cf3b316cecf,1
3226,1327541760-2c7e98f98d78985bdfab757261d0e06b,1
3226,1327471620-0a175cd4fdd52bbadb43b22c2105d9db,1
3226,1327894680-1a42ff2436ffce5de69f54c92e7df92e,1
3226,1324515360-0b3ddd3072213dbdf022025cf089f291,1
3226,1325991120-521874c6c1c39eb43dccdfc869aa5264,1
3226,1327960440-37fdc0a9ab9758a3fb83e72ab54c2cb0,1
3226,1326647340-f50e263c2239771a85ee6a63c74ad772,1
3226,1325008260-be285716697f59d05cf16a541219d55a,1
3226,1326831780-d427d0366010b0950954850c3b51b88e,1
3226,1326647340-87c0f798054c96e84807ff8f899513d1,1
3226,1321401600-020ffb4b87eb95be09a48d5e172f80d4,1
3226,1320343500-628332e8a2405d0e62ea11f9d1562e96,1
3226,1322380980-a85e1f3a1f48b6c1a7911637ba2f67e2,1
3226,1323921180-3186f150455f3b1ff1b25e92dbaa73f6,1
3226,1320352200-64de7256cc4bfa70144ab91091616adc,1
3226,1320507900-2eed4a3c5aa84b10c42e78c997c132c1,1
3226,1324697820-b8e99fc4692b9da89d862471db5cb195,1
3226,1324313880-101fb48e6186a19ff426e61f41b900d9,1
3226,1320507900-8bd4f3afc6c32910e31f86e0d83fc629,1
3226,1326940140-1950529e6f86f230e86707dc75cf467b,1
3226,1321169820-a3fb4e44eacfdb590ca8a312a4513da8,1
3226,1325646300-18c23517a593cac8a88237e8c9a20187,1
3226,1324787580-68225fc0898ac736ee533dada97ddfe7,1
3226,1327028880-50df73330a78689c4694a810e055eacf,1
3226,1321169820-dbf5aac99a6103607001b3066b5eb8e6,1
3226,1325906940-939eb5537e236a7dd084da3c5e626619,1
3226,1325826480-6ff5c28b61f5299b0e58cead1028eb70,1
3226,1326422280-f9c28a3a3863003c5caf3ed63625f9f9,1
3226,1326417660-340f1ab81bdff52fb1c88b37787bb29d,1
3226,1324863660-4a7cec76c5575183dfdf00e65cf9a54e,1
3226,1326168480-cc35d2fb80d8a2a3da824c46997a47a0,1
3226,1320312600-fa06e4c40290752aa08a6f028504d7e7,1
3226,1323217140-37c4b65c92473d081c82ba2f482d4adb,1
3226,1322092920-c1a26dbfa98a70e411f27d1e121d2c87,1
3226,1327687680-9164b63bc9e75d21c133e856fea06979,1
3226,1323754260-136fedfb4042e4b1aa97401822f96591,1
3226,1321169820-824fe7511ec594dcead60c0ab5e6774f,1
3226,1320967380-19d2c8829832fcf06203f4110349ce5b,1
3226,1323976980-f95641484cbefce3371145901afc0f24,1
3226,1326168000-24b157c1872b0bb469c7a0ee84311625,1
3226,1325615640-9c25d14a02f9afa206c88513e3ee9c96,1
3226,1326836700-cef85fc3a16baf39519ec363bba67095,1
3226,1325647920-78c1c692832b37f20f28ffe7b9067257,1
3226,1326339780-ad47442dd4d18fcc887580816d4e7f02,1
3226,1322018160-2f029e4719424f1239f0cef6925a7cbc,1
3226,1320746220-c2c13778ee041bb666beb2d4ea4adf4d,1
3226,1326779340-61d756a6520f2d561438e319ffd80df1,1
3226,1325123940-546fa0bcc7f1d5df4b09fd5a8c928545,1
3226,1322442420-2bb3d29d51f708dd17436beda9b93676,1
3226,1327219440-642ee6898b5c560d8dd7286398ea9357,1
3226,1324761060-1a4c7d270b640941c8abb9c1321845b3,1
3226,1325059260-fe445fe48b9fab6549a4f1976268db5a,1
3226,1320991080-1272f99d502714fdfda7711da78d95d6,1
3226,1322018160-01286feaf1494624610faead80c3ad67,1
3226,1322873220-799606c3187240b24dd52e0a4fc40c2a,1
3226,1324089780-40131a81ce2ab591a6174f680df0f932,1
3226,1324058760-c12547c61f53fb80baab793ab95be234,1
3226,1320312600-da8e0bfca06b62ea8757b876e2095180,1
3226,1323072000-173d6cce1aa08856802cf9b4b00a1d58,1
3226,1322272440-a1cda924e9aa936744d494cc7d4186c3,1
3226,1325646300-aa8176c4b87d3c6342818f7cec564b9b,1
3226,1324261800-397e069fd8319e7bcad75f79c462cd19,1
3226,1321587780-776ed4ba391b1b10a48d74b5712827a3,1
3226,1324039920-cf2dd307f90117cefea87c369b1f9287,1
3226,1321587780-381539351bb47f0b309207469a6faa1c,1
3226,1325050680-14a16291347ff92ce8838ad48bf5b26c,1
3226,1325122680-c407c7f21adb80d74e5ff296e5295684,1
3226,1325050680-20a734f6f4f794c4f8c1d208bfd3e6db,1
3226,1327633260-2bd77dbda74a29cff8c45cc9660ab3d8,1
3226,1327018500-667a2250e5919acc4a0d2faf686a9bbe,1
3226,1325192280-7a976ce634bf24b0ef424a3bf5658d7b,1
3226,1326135720-5a3a92d4aa637a2ff83f625dd5ef9b2a,1
3226,1326402480-70e97198d3adea871480956b7a78585a,1
3226,1326096060-8523111b8407d291b3b1e92bcbcd48c1,0
3226,1320440400-9885b0052663ac8c2f600ff6595f3da8,0
3226,1323143340-2f40c4b270bdbc330890930c9e69c468,0
3226,1323160560-3a8357513b785c71a3728641299e7735,0
3226,1324875120-c2bdbc96f63662c2bc75b97e2dca4fe2,0
3226,1325180760-bc277dc87391af4ddb5a7e3d2960ba6c,0
3226,1325034840-94545b8d13b24858db9b2510171f0145,0
3226,1324347720-75de71945c05d366c133d528aa8b2d35,0
3226,1326415140-94310e3d283cc4ebb79f7cb076589a51,0
3226,1324428360-cd4756de1a1b5273241f1cc861c5b492,0
3226,1323662580-39ff3a53b26183c861dc668ad51bbf77,0
3226,1327356300-19cd4b03f1a34a8c112cf52dadc259f6,0
3226,1320821160-5abb87c8920048de3921527ea0da6a0b,0
3226,1326009660-93f492521d13d299e3ad0318e4e1cb67,0
3226,1324268040-82a3d10584270de05617898311402e09,0
3226,1326009660-43daaf40e4ae5cdd502b7d325d134f9a,0
3226,1323573180-35f20f6ccc375d34909420afc667aca7,0
3226,1324195260-4b34124edfb7caea264e3810a2ff1617,0
3226,1326009660-7b37ab5b3ff3b89224d20198a6eeee17,0
3226,1323840360-6a39aa6db5226d186fa29d29a0450f42,0
3226,1323740160-6b6d71bcc5a3ebc35a93e0a4f92b65b1,0
3226,1325034840-d29e5e97c8a3ecbb5f01028f498a800b,0
3226,1323840360-2b0f50a128fa34f229843c628b5d0360,0
3226,1323359940-d626e1b21025d88cd542f4c383997fb5,0
3226,1324195260-4f53be702447bac7d75cf7d8c7e5844f,0
3226,1327287060-17b30e81e316ce9500d8f68d664c66ea,0
3226,1326428940-152c914949643021b8570652d2666730,0
3226,1326415020-c0e21a669845eb54e80982b53b230491,0
3226,1326860640-91da87df9989b0cc7fac32b6e2fbb463,0
3226,1326415140-8722351f2e0e2f418047011369ba31b6,0
3226,1321753980-9f20fe8bf031c0991f0f47e6f211784b,0
3226,1324959000-d2cce1e25aec805d6a32b40461da5029,0
3226,1324270980-8fcc357770e982fdf63968c9a75f3e23,0
3226,1323913680-ace42f3ad21d719e8358b1ac0c2efb8f,0
3226,1325044440-da62c8ca7e68e4caa299d0aabbb1ff78,0
3226,1324073100-7f0b579512ea432a8fc4d396893dc275,0
3226,1320507420-8f83fcee231510802db978524a7feb9b,0
3226,1323840360-70b86d041961a5eff9605df856d739ef,0
3226,1326746820-60c8530b5770856c989c6715b3f6348b,0
3226,1325034840-6643e325566f4f2fee810bc90dfa9008,0
3226,1327367700-1558618e1c88b3ca03ede2ef91b1ed68,0
3226,1320718980-cb6393d6349e014ba5f1e5a088685210,0
3226,1324864500-9aa80975124cd4e15e24d394f0e00c61,0
3226,1325736120-3ccd48260cf8aa46b9e68a6823b273ba,0
3226,1322879640-bcc37b5758dfa02b646ac87bd71c6e3a,0
3226,1323849660-c44f37a6e020d2bfe6a0c35dc2a4be1e,0
3226,1325189640-0b70bc27988460dac5702bc42e360e33,0
3226,1325211420-121154cd4ee67f19b984be82da45fad2,0
3226,1320821160-29f6b55d6e5edf4ddae73470b4ae5973,0
3226,1326960240-b4b6188094884b65a4ad07a6b7f13d37,0
3226,1321753980-33fb6a3a4d6a41c5e0a2cf8ca8991f44,0
3226,1322726460-a721dc74cbc241d69aa6f9895c23b968,0
3226,1327099860-998892917fc4a0510fd216c3cbc95575,0
3226,1325638260-589c5411d2659210428d186facc524f2,0
3226,1325557980-7283a5a8c0fa260c3fcee0e564bf3bc2,0
3226,1323361620-18140eab548083fcf47c8bdb20aa7cdb,0
3226,1321594560-f5a20047a8604c1e4fbef477bf64787d,0
3226,1322812740-471dc8c7ec1c60ee73870350c10c7cee,0
3226,1326337560-fa4b30eaa212c92888d12f34c12f6fdb,0
3226,1323662580-6281fa7b7a599d6f84c6e0ae65c78628,0
3226,1321753980-63ca1b2cf44c70a43a8e06e3734eaa60,0
3226,1325044800-32fb5e422d7527b09cf36f98bd7a69a4,0
3226,1326832080-48782a5812f1daa8db7b0ffaeb462566,0
3226,1325902860-b876c904a767baa59aee7303b87e5bb2,1
3226,1321451220-8be889ae28078cb4eabed7cffc2a7534,0
3226,1325541600-d8da7a26238110e0e35a86c5e35fde10,0
3226,1323306600-81e1b86d621ba3f1e837dd91421f7bb7,0
3226,1326849120-2945034b4642439877e7df2968b196a2,0
3226,1323746580-6958b1a1453538ab55b8905400731042,0
3226,1323662580-94763f3b02ec1bdb1d5113ed237ce382,0
3226,1325034840-78f86b8e2f615b4979496600df5adc18,0
3226,1326686700-d50ec40c531ff4357d2a005e2cd34fe2,0
3226,1320821160-85c3b92960760c36ed4e241669b674bd,0
3226,1325557980-94592d7fdf55aca0db0c39bf869eb0d7,0
3226,1326615720-f21450fb66f891859ef9bd29009dae51,0
3226,1325857560-0b69703dd4bc9c5b6b64cb5cbf20ed1c,0
3226,1321576260-a09aa30d56fa11761739a9986f6ca3e3,0
3226,1325557980-4b459fa708479f38c110deee09bee233,0
3226,1324528080-6923c84f648c30b8fa70df46c3f75eb2,0
3226,1325096280-77f41f678e1d129c86f0384f93ee09d8,0
3226,1327434120-8f00ee348d18773fa7f96ce2bbfeb8f9,0
3226,1322923020-33012874c23bbdeecc9681fc7211e6cf,0
3226,1323199380-ab013400a13e47d6a819ed4623089a93,1
3226,1324863360-3bb765093551e1a09df49f7fb2a49510,0
3226,1325638260-b6a4736c507cb280f9ebfd7707437084,0
3226,1324409280-362609140b26b7148f5a100434d9fad4,0
3226,1322525820-1f103d2c3097bb4a5bd1736d937e9331,0
3226,1322694180-d5914ff23a5f431616885494b638a713,0
3226,1326009660-b485ceaf4844121602e43054b1b13c8c,0
3226,1322313360-089adbe3f62b9d16e6e3c12f067c7992,0
3226,1322072280-c2a944ad621390d0af43b76200e76a41,0
3226,1325279940-49bc74ca04b8c87fbea6c6da6b11dfd4,0
3226,1323662580-10b74df3168977ae529591ff47cd83b3,0
3226,1324349520-1a24f131577ed8f0934e42edb6ee239e,0
3226,1321324680-12998314e2f085e30e8fb7d5a2e9dde6,0
3226,1325793060-d7568b6008ad530b418764ff37477407,0
3226,1326902640-65106801eaf5543a4a4b34e43cce8821,1
3226,1325797020-36e32a4d88ccc786fe92d0e4a0d9cce9,0
3226,1326006780-a0ad55adfeadd1d80dd1682fd76db040,1
3226,1326006780-1160155183c7682e9ab008a3bbd893d7,1
3226,1323905700-b01f21c1ea625319172f2f23c979bbfb,0
3226,1325557980-253b59a118adbedbac755f639eec9394,0
3226,1321668720-f20ac25b4e0c3dc62e2b8dcc22e00ce5,0
3226,1321646580-38ec69efcae4a29c17bcbea73ecc0d61,0
3226,1325557980-7c40a784d7132549d4902b682f57a2f7,0
3226,1321978560-2dd3772cad1290497bef8ead2ba9800e,0
3226,1326334440-53b2b8762051f6e2835588c0a8796c57,0
3226,1327008960-ab168e7d7e4ae8e88d032bebdfeb30f7,0
3226,1324451700-3491a52d86224334077bcfe3608ee5ac,0
3226,1322493420-ab69e86ddbdea8682521bf83600b6d4b,1
3226,1325682120-f7a97d2e3e99fce45734a3ca398ab48f,0
3226,1326361320-46ecec6c39bca67dbf5785c2a0609011,0
3226,1327555980-9ed7c2bdea7b76dcda99f47c5982e909,0
3226,1322509620-775f8baf81229e88676e34781112ce97,0
3226,1326930480-f26f2e3ce5403a0f6c3e72cb3ab09f72,0
3226,1323955680-5f9b0337d6b7f00e95985bbf9943c092,1
3226,1327036980-9e5390b66b8ad4df7369e04ea082cbe1,0
3226,1323124020-fb93bb2eae7bb7ce1294b1644f361aa5,0
3226,1326306120-0d62e21ad7c385bdfa04154a36bb2c4a,0
3226,1320903420-f22bb8626bf4bdb7344cd88d581bf500,0
3226,1325026680-c6a4aa7fd4f8fa9e9c16a5f5b71c6ecb,0
3226,1325280600-23463157c4993fed20d478632fb17358,0
3226,1326413340-0b35ac0cf023957b4ab448398e699a1b,0
3226,1325279940-6b2e9bf76ea7dfdf53108cd4303f5ca8,0
3226,1326488040-0ef432f561c32712ad312a2f18ad3103,0
3226,1325440620-95a2ba604385ceeef85d74b7ca6d4ce7,0
3226,1323884760-97ca69908cc2b5d1e9eb279bf01c26a1,0
3226,1321594560-9842e0cac7ad51b38878dd9abb2bff95,0
3226,1325941080-af7a5d7d04b644c566ec74f3e8d82366,0
3226,1320462840-d6f09090b89afa0ee67006355107c5d8,0
3226,1321062900-13782b7b7d0e72030ecba14c57b13d9f,1
3226,1323110460-c65c210d50ad984136bfa6312afdb0e0,0
3226,1325682120-04a931f411de42368b565453c6a07354,0
3226,1324043460-81c448fadd9810bc91c0fb037fa065b0,0
3226,1321614960-bbca0e0d867f5fda23ec6dd22ae453c1,0
3226,1326787320-99de8e707237f1ca858726cdaf66ce3c,0
3226,1323913680-2f8f34a21bd9fac9aa051c96335eff6a,0
3226,1326686700-c6776e2d13aeb093cf50d5095bdb5cdd,0
3226,1326233220-9d786d53b0bc9712a4101e5fca92b813,0
3226,1323463140-c0919d547f0db5dddcd3dc622cdf78a8,0
3226,1322781900-b91d70b8089fd133fac29cbdef4c0184,0
3226,1326860580-13884f3962e0aea710eb0763f2af61c0,0
3226,1326045360-99bfb60d1280880f71d72611ff3e4b09,0
3226,1320821160-374f061adc621c8a1fdf14d51824a5ae,0
3226,1327931220-a906622e0f4c3019f52922ca380663b3,0
3226,1321087920-2aece1261310cf5b113ed4469dad49c0,0
3226,1325233380-f2b77dc0b77ce13bc3a601478860ebf7,0
3226,1321059960-737ff910d464476028b1728075059a6c,1
3226,1323116820-73b2c49a09fe386d3efb8d3571715da5,0
3226,1321587300-db80f826aa891a21e644d27853f09f8f,0
3226,1327281240-c91bf985fd9aba11ebd0ebd5f925cb82,0
3226,1326913200-8ec0c72fb17cbea1166692ed80758b51,0
3226,1320450300-c8e528997ab476ae87908f6739a815e4,0
3226,1323143340-860e6cdecec4fcd8ec77d319f5f6d584,0
3226,1323467040-79f9cc8aafd6632bd605693dad5ff1d9,0
3226,1321513740-b115eaa961e84b56c540a664c9a1f9cc,0
3226,1320718980-61820202458f810b8e093db0c8254f27,0
3226,1327611180-fc5632e6d7b7edaaeb3bebd820f74b2e,0
3226,1326292560-f4d718a8809b65040adfad45f068dcd4,0
3226,1320814740-507931017d67deefb8579823de4222c7,0
3226,1320802680-199f68d8ca3015a594f45506124c2de9,0
3226,1325510160-16b051fc69c355a59846eb128d525949,0
3226,1320796800-7c4a9712ec42270c9a1812461bb6a4ed,0
3226,1326939540-7f1dc441a35213becf0179e375a7f1fe,0
3226,1325351700-85b24dc24288d30148500992052466ce,0
3226,1325608080-5750f9fa713bfc28320a7cf3e5ea09ef,0
3226,1326415020-47bbe51768c1a10d80c60834c88d1869,0
3226,1323393180-0383f979c513815bf58f94469d696b59,0
3226,1323732300-fdce3408b1e6fe1daf01bc411d5e4008,0
3226,1324531740-045aaabcaf2e12b0b2eb41aaac99c71e,0
3226,1324037400-b14b719b6247dd064754bc86232fdc39,0
3226,1326909840-cd2f164bbe7dc6aad83cf114c6fa61e3,0
3226,1324073580-75278195a336fd3b986045634b0bd556,0
3226,1323557580-a6f0e0e99403f1046aeef230bfa08f23,0
3226,1325044440-0b76a19f6f3dfc1b6244aa87c4226818,0
3226,1327902840-952a25f5a716c7808c3a9216ea6b212a,0
3226,1324010580-97494c953b9e166cbe6f841828e97af8,0
3226,1320681120-99dbe847a7dd5723cbb1ea68148a82b7,0
3226,1321594560-fb5ea05beea51ca72ce8f6eb9670d717,0
3226,1326387180-22ddc4c297cd9bea588f1f582adc4fb1,0
3226,1320796800-5a22860e018b0da51b45ec5c6fb69d96,0
3226,1325103240-fe5843b68fd564620662430c370b304e,0
3226,1321233900-16f583f0cbb393c5213f3569f95355e3,0
3226,1322080440-d0ffad755e44845ffc1c229fb01842f0,0
3226,1326939540-f312df498028967a812ec65cc59314ee,0
3226,1327540080-f639bb909f63a1fefbb90af6a6b5c627,0
3226,1321336200-3f997d7632b9ea86961ce8499dd264cd,0
3226,1322312040-5f35995c85ffaf0ae733dd73cf94f4dd,0
3226,1321666200-a9a6e0a4e342286e70cc56fdbfc1850f,0
3226,1326604980-f2000b3feefb6ae4a742c4523a910cb2,0
3226,1323725700-c073659e334b6a30aa651cf436fbd994,0
3226,1322865960-20129ecefc9b29f5a1edf48723ef76f5,0
3226,1320461520-b293f4db643239202f4820b6aa293af5,0
3226,1321649940-d62d304c5beff83de6a2bb8911fb18fd,0
3226,1322345700-784748132c2e69b4f6e5ceb716ae7298,0
3226,1327673820-577f7ca0c664cb041de3a7b029c2121e,0
3226,1327671120-adaf70d0df113be67a3bb5da044ae4a6,0
3226,1323863160-64c28952a361f8deabb73dc91bd305d1,0
3226,1322000160-010ee98dda59402bc72e4723938bfb73,0
3226,1321658760-9cf23bfa8e73005795013f88498fb5b9,0
3226,1325014080-a7f2c65594cb247c8f507ada31812f70,0
3226,1321216740-6e7c6f2b36b09587fc611be890da0444,0
3226,1326677160-8767891da3d56d1b8496a1d8a0d88a3e,0
3226,1325075100-59d013c4c579fd67c89ad24a89406ecf,0
3226,1325134680-8856d8a886c11726bc588824228b04e9,1
3226,1326485580-768cf2acc4b0d41ddff1eb8eb9d4dab8,0
3226,1327110600-99b8cafc31d8847d0f4d29f6fdb6a313,0
3226,1327980300-1a81bed12aa343e65f486d1c31e356bd,1
3226,1325173920-a5956f958e8f4fe576c5c1afea970b5f,0
3226,1326080400-bbd412ed5a6aee4e7e3fb5171b5c35c7,0
3226,1324565460-8b57c6561dcff01d4ebad649d2744f95,0
3226,1325180760-239f99c1c7df34c367f89ffe5c61282e,0
3226,1321483680-5e1019ae1fe846656737dcb190219490,0
3226,1324750380-87a0bcf64603d9525a152ed79148edb1,0
3226,1325691960-9d284caabf68b43a4bac5f3200a120b0,0
3226,1322511300-a63cbd3a657166c64b2ac1f204052900,1
3226,1322493420-4bb6e4ef227b9a4e3c721e1e43d528e3,0
3226,1322080440-9c1ec6b705c52840600295083da4b5a0,0
3226,1320236580-ab6b600da9812b8443be8a2a54455cf9,0
3226,1320679740-55b4a6400cc625297e2ed8c2b9dbfb8a,0
3226,1320537420-6f944eaa7903083d3d90ff2dfeaae810,1
3226,1322989920-92b12abe4aea02d80b31a24273c69882,0
3226,1323906960-3d6569506de3feb733a5d91e3ae3e29d,0
3226,1327245420-3d7096d4eb20cb0b9ed079c8f336eb08,0
3226,1325295180-bd7a7a127f8cb54a1efc2949bef770ec,0
3226,1326057960-601d60e33949d3cc09baacd8ea0230bd,0
3226,1323871500-b165eedc6c7d9c08897a2838ea4b90f1,0
3226,1327384980-b731a51d0a853a028480ef0924c192e8,0
3226,1326457200-bc942a8671e827fa170bab91b2c8f7e1,0
3226,1320530280-14d5bad59b3e6b4296cdb3cc714d2ede,0
3226,1327620840-82dd1049cb1e226ce1d2601f4202c968,0
3226,1326834960-f0d15943aca64b02785d07571a68a748,0
3226,1325510160-c21e0a145d016eddf129cf0478ddf072,1
3226,1323630540-195f6655fab7cefded176b35b86ff4ea,0
3226,1322705820-283ebd41caf442d9c9acd862ff438a55,0
3226,1321666200-8569590e06fb3c4f6583a81a9afce0fc,0
3226,1321660320-fb055ae178128bf9d822ba1d0680ad99,0
3226,1320342960-5dc4f6253d93a6d85eebc6a4506e3bd6,0
3226,1321543560-32164ed58786f21fc21d28c583cdb0c6,0
3226,1322377260-72ace284ddde44199bfb8aea652f3dfa,0
3226,1325178180-cc4152e3152fb98e5de186bc5f92da75,0
3226,1321877220-4afd53fbd8d6bb57afaab7ea2868013b,1
3226,1320963360-a665516b408a1e4787a7d06edd2330fa,0
3226,1321658760-f62f5c2b5fc71a4bee45e79d396a1884,0
3226,1328053500-81f13dde92737991dd230b36aed69442,0
3226,1322963940-66d2464b863f589da913e50ea60584b1,0
3226,1327362240-a60b04ee1113442b085f41e1f2e6d542,0
3226,1323709200-ddf31d17150732ca7c1d90b2d36a2550,0
3226,1323716880-02e53adbcaba0a75f0f1b397a4fa3195,0
3226,1323733380-45991e41d91ee90eb7bf8940e5e023da,0
3226,1321687560-bda49f9ef3bcd8773dc2c56500f6cc1a,0
3226,1321501380-55fe6ffcd375a09427d65943486daef8,0
3226,1326462480-2c65611b6d09b06aeee207fd590a7f3a,0
3226,1323717780-a7acf9fed5d3699e56d9047fe347881a,0
3226,1321302420-0acc9582f80986b9df616b037dad81d7,0
3226,1326997920-4f2c6c103ba20a31d0adab20718ffbba,0
3226,1325941080-0b701a4f95b4c2d0d75b68ba6f602dae,0
3226,1322760000-bf241f947520498cc085217934292ccb,0
3226,1326347520-fc4fda365727e32b531e98c129e1e643,0
3226,1323216960-2a598a01c46dbb56b394d49a577ffa31,0
3226,1322110740-1bcc6f363550cf27a8b42a4b4557249b,0
3226,1326075420-ad8bf88691fd3bef1fc8129383a38eca,0
3226,1325941080-4739fcbc6795e457b87ccd5547dd1f20,0
3226,1323698820-f7e1ae274ecac8489697c9707c44efa7,0
3226,1325310780-78e1167791cb3de62c7c789beafcf28b,0
3226,1325645400-63b1bce5c801b47101afc8c2475598ed,0
3226,1323716880-580a34ccd95f774ff0ac1426ae5c3f84,0
3226,1325635500-bf4167cac66afb75235878ff4d3234d5,0
3226,1322847120-bb7e6f57274c9c2cf6cb2d9b1e2657a1,0
3226,1322344140-36e431e33e2a6dc0358974b9fb2a2094,0
3226,1320869520-d04724841b93b48597f7614a7ddc7421,1
3226,1326381720-5034ce586991c6a5d513b1c79d2d5158,0
3226,1320210900-d1b5babcc561e7408928f1e6823b53cb,0
3226,1326938700-66722fbed1c52a190d550aea3b61cdf4,0
3226,1326997920-f48434219202fd20389c7778c76dfc0f,0
3226,1323437220-94bc2cde7c7c48579bb78231be27c0b9,0
3226,1321841580-7568e14dc77985b579c2878c8ed31946,0
3226,1321643280-225addbe7357ba88ea45867628945aed,1
3226,1323869820-b44814e8bb68e30d46ad268a0c87ef7b,0
3226,1323974100-a780c7ab9101d73fb10bd8aa4dfb804e,0
3226,1327678560-d9c842aeca0051e5d544ffb5d1edd4b1,0
3226,1327350900-f9b0f50a56e5a70608bd059827c8674b,0
3226,1321680660-f5318960adc26b4eaef9b37c677fc186,0
3226,1322607540-f57abf663179f288087023667ee324ca,0
3226,1321939920-2c21bbd0227b4ae414b2a0b14d657677,0
3226,1321316880-9d3d477880d3d52d34a33ff4a3c74cf1,0
3226,1325824200-544afa9fcb87590722cc5d33ec9c57e2,0
3226,1326149340-297219709c9f4a4b3791cb17421ee28a,0
3226,1326507900-cfe263a892d539ea3d7eab150521d7eb,0
3226,1326159540-5958fb595463d5f153a11927451e0586,0
3226,1323773820-082bf3bde8785707f6e583a04a864f94,0
3226,1324435500-9ee1ff47d494219f6684f8ca3df6cc80,0
3226,1326451860-2b8acbf76e05cebdd4b0d5a405343104,0
3226,1321504980-c41c297f11f33cd5708a70aefda50d42,0
3226,1322880900-f30f27f55c85d7cfea9117d9409fa616,0
3226,1321636380-d20af6c315d31a5dd9d416f935077419,0
3226,1323756000-2804fdbc3b122b30483aafc2f2ba7e03,0
3226,1322117520-5937e693cc6f4fa94926dbef3de1e41d,0
3226,1327499220-6c89a841cb13becb8a0b1ca179641918,0
3226,1322757840-dd488707d1f9dcc27e8e16e54e798639,0
3226,1322601300-c6d5c943ea1f2f60cea8b05743876209,1
3226,1326212880-aed6d7d8241143211214cf52c910d6d2,0
3226,1325638260-9aed096f8c270976129406427b8d8e2c,0
3226,1325199240-970962c53d47f7582dac01aa8bc9e424,0
3226,1324670580-3746b76d6f62d2d2744ac89c332ffd98,0
3226,1322300700-5d3ea06a5f23a63c3afafc7254024b84,0
3226,1321299660-d43a375f264d8dfb9298d7ed914aa5c1,0
3226,1325229840-8afd1a04cbd1de98756dcf400df32cbf,0
3226,1327432080-34f26844762419d7580783b11c8892f9,1
3226,1327672380-accb36511a4e575726adc0b28c2a86d3,0
3226,1327499220-a016caeb4a09973ee31da5e8795855e8,0
3226,1324427760-805933b612ce63e7e1f1115a36113dc5,0
3226,1323458640-cea1c6b3fb1a56a422fe991011172218,0
3226,1324309440-325eaefe00ea9467d63adf92ac5133a8,0
3226,1327120800-2e68e07945249a40a14e8646aa341ca6,0
3226,1327620840-07fe30808441ff678df075c30c8f05fb,0
3226,1325953080-8994bb063338e78de801679d12d0be73,0
3226,1321378740-7cbc8aef9a661d040f10b352df67df6f,0
3226,1324023540-89d658bb22081c3c5ab899af5477e2d3,0
3226,1326130740-53b7194a0ecd064e5bf8c20fa7a8735d,0
3226,1320954540-45f5c1f43df223ef03e62070916e99bf,0
3226,1326999780-2a59c5be8e4c9c18e1dca83dd5413e04,0
3226,1326917700-184ab12f610dd3ad4dfe25e09d9fea55,1
3226,1324565460-d35f00db83dcf66fb0a5a45bf0aaa59b,0
3226,1321295280-988ba366a9ddf3be8c4427ebc885aec5,0
3226,1322251680-a1a2a37dc1e277e35b4603b24ac3832b,0
3226,1324676880-8269f0315aee847e29da8fc02458a90a,0
3226,1325629380-7cfe5d537b70733c7c882cf101bd91cd,0
3226,1325857560-95e7b64ab9c209d7a3d3fc02a6643ad4,0
3226,1325510160-2f920751cec273a0aa1835f6b01be190,0
3226,1327080780-6366adc8a9f833cccef92f74607bb29d,0
3226,1321061400-5c9e0a88cd5f88d1dc1e622be57026e1,0
3226,1321019220-d1e8e22fa93bc4ef63b367c12189818a,0
3226,1327086720-596368b9d393248fd00e092da054022f,0
3226,1324268040-d108dc26e68b99fc6b992853cfe306b2,0
3226,1323712620-a66c0103b940645d9c563b60190f8913,0
3226,1324626720-daf87df0b4f10a335cb247e90a2a23c3,0
3226,1327918200-8af01ac31e076ef0f01ed5c6c2d1b64a,0
3226,1327759140-154ca21e4762d5644373cd92cde0dd5e,0
3226,1325893980-a99bd2230a8e532dae8b387986b594d2,0
3226,1321797180-f60722fd597b9a360de05a78174a1c0d,1
3226,1324010580-4a98210fbe1c00fe7f17fea2a7a8df39,0
3226,1321690080-82eb5e5365f0f6a07aa63b309baa0660,0
3226,1322890620-f0d861c9983c99da6961a3476dc5843b,0
3226,1326725520-2306d14ca5689df22a74cca6e1a1eddb,0
3226,1321050120-898204c4a36e20359e5e428830b5f793,0
3226,1324515900-26b34fbab704cf7df66fea939af8a416,0
3226,1321316880-6ed66c8cd9751ecb632e3b8b007f4a63,0
3226,1320858480-5917ec3635cff4c1d9ac87eb57adad93,0
3226,1322701320-5a24ceb7221a3fdfb45fc561b0b32f57,0
3226,1327371780-83c39b94649c2c802f72e05b0b9e63a9,0
3226,1325300460-b6da29cdcc2b4cce950fe45daecb5180,0
3226,1325371260-0844f16b188131c5c69d3110ff52e012,0
3226,1326385800-c9e7e4889f1838106fece610b0147809,0
3226,1327464360-165e670d026954b5ac99919d94baabec,0
3226,1323308760-d63aa3e355ac702123a6a53465609901,0
3226,1327565280-d7f0b9513c0ffa20dee3ae81ccb160cc,0
3226,1326004200-3441ee8ed273ccc6369797cde3aed10a,0
3226,1323191400-24b898e26694fd56d2a148bbc3cf1bdd,0
3226,1323779460-514b77514ed70e233e4400fefc2d81c6,0
3226,1325718600-17fe2f7cc68380cfedef35349aacab51,0
3226,1320679680-ff8ef3f125b0b670c72edad5b86244ba,0
3226,1324268040-0e9d0737b6e5abd3a4d19ee17ef6ed89,0
3226,1323900660-0b605b80c9b6c6990766c3644cb7b55f,0
3226,1324994040-341c3d5ae56f2f36a3f9f8662dbe6fc2,0
3226,1324487700-c3f95e6e743e109724d08f44b0ce50c4,0
3226,1327523940-84da5b969b8f6410515733298fb468bf,0
3226,1323457260-05b85b63d96421a6f11c09641ee520b4,0
3226,1324993560-c78dbe328af338e325f7e4214a00d6d8,0
3226,1323110460-6fc170d0d2d142d532358308fb93efcf,0
3226,1325641260-6ceb8e7c33ad1534aa15e8371186f249,0
3226,1322671380-22ed893e0608037b50d094571cc6744d,0
3226,1324353540-26eb40f2b41eceb3dda8706259fe6d29,0
3226,1326432300-c95f1e03c912fe4e47cf6b1f71efd612,0
3226,1327542720-8244b870279ae58794df4853b247d052,0
3226,1327181760-57a9acccb01d627e5bdf8c8cf69fb152,0
3226,1321702560-11e3365ba8ee64cdd4d4ac9a6a326669,0
3226,1322890620-8398a97a1d5d4b70eb06561d3d4e7583,0
3226,1322388240-dc99c9d7bbe30013d398b67e9d926f8f,0
3226,1324254900-222d2f8476ccf47eec76120cc20c67d5,0
3226,1327699680-dc235c194423d4a6fd606115c7e54fba,0
3226,1324703520-fbb346e075f8f59fc2987daf97d9eda2,0
3226,1326935880-09a8f3b90f95b8bfa71600f3ad9b453a,0
3226,1320821160-b1e87634c205ed60bab0a3c4af43a02d,0
3226,1322075340-bbd74d3902e621befd6f00388a0c3278,0
3226,1321478100-dcc698e2af30726b2a8096aa2153967c,0
3226,1323110460-b6217b41dcbe9fd0c8d83cb2c7838165,0
3226,1327464360-c1b9d831a8a80c6f0d42b496c422c232,0
3226,1326896400-b88b32bdbb8dbc5418fb1535267daac0,0
3226,1326923340-8c6f3a6f39480d094c50f1ddb33ddbbe,0
3226,1324697940-7a8c991dd4a8b407d86b893883c2199b,0
3226,1323840360-b28e9f7b1710c913af07d2ceec7bbcdc,0
3226,1327501680-37c35087df3cfb36156d3458d10157c5,0
3226,1325364780-588e92e358f27f23dd4c734e47dadc30,0
3226,1324412340-29095bc6cbeadae732723050f4c8379b,0
3226,1323110460-ab3e9482e2aff23a5c290b154b367057,0
3226,1320720120-0771bb8927575f272b83cadf3cc39fe5,0
3226,1326977580-da56402acfe225f882e2324ba709750a,0
3226,1324343160-9d3a90f380938bcdc7a07633746d9214,0
3226,1321114200-9bfcc31ac361ac2ca5b6c94095dd863b,0
3226,1326479160-45461ac109f95d55ebe70e426f693a0c,0
3226,1325594100-1dc04fc19415686b5a374a5ed48aac5a,0
3226,1323909660-11bbc196b5e9348e2c5fd19c3ea30e29,0
3226,1323172740-d60ab5b7197150ceb3d18483ded411a4,0
3226,1322610600-43fec46e5483432d5889c605fd3709c7,0
3226,1327418160-0848c0f684d7d3a8525daf8fec5d8d6b,0
3226,1327500780-c7cbc6b349cdc5718013fb5b4ff6b940,0
3226,1320457980-bd539252ebb1c9b65f4c7211f7ad1662,0
3226,1324954080-215783c5cbfa855050f52c3038ce498f,0
3226,1320689460-48ebde4edde11adc7d6b236d3ef4c3e7,0
3226,1327357560-b26cba71976604f0db4662c9b72a5e91,0
3226,1324925040-1f9ddc711b2cc622d3b667b45c3bf138,0
3226,1323886800-4cbe00ee47afd11de87a16fb96f8e4c0,0
3226,1323662580-673ef07316b14d3439c11a8fff2af49f,0
3226,1327327920-17ecfbf8b7e278e3e5fec7d8f19be497,0
3226,1324422720-93d41f9bf6803101b906da0fe04f70f7,0
3226,1325344980-5d48ab276a553956ca092446fa3a0b92,0
3226,1326481080-a30dd8bd454560a7c051803d9118df61,0
3226,1327632000-11ddee166f0b0ae8238a324d2d92a586,0
3226,1327609500-527d90a37b5f9cab7fcc0d9fe0926d7b,0
3226,1324319640-a03233fd23ac08e1b7f66629e279426c,0
3226,1321058640-0fb6af77f0cab8f6632aed08a7d6a691,0
3226,1322341920-b5bffc2348db1f4cdbed2e25b1f2328d,0
3226,1321024440-39b7e196d05f609b4943576a22a7f29a,0
3226,1325000820-6db5ac12a67c967a0a714eec66e177d3,0
3226,1323494640-2ba6155a3fd108710290c82ab4142a67,0
3226,1323213720-78f76c641469ca96098c82adf86fd83b,0
3226,1327055460-57dc7bc7838c4f7689584c3ca68c8450,0
3226,1327720080-2c67e801ab88260fe94cccbd6ff2132c,0
3226,1320201180-f0b6b4cdb60e5a6d6b3bf2a118a7ead9,0
3226,1320883200-872732339839ea69d39bb00e43dbf06b,0
3226,1326254280-2d62e1c0b6cd458b0145ef7fbcfc2e9c,0
3226,1323647700-58b5392a8ee71477b8faed880cedbc4c,0
3226,1326884880-7f5426fc6ce53b1f09d4ff2d6e6850ae,0
3226,1325220840-598b9c766db6035246160830447a61ad,0
3226,1323937740-892ab7a04ec3be028373e9394c08d26f,0
3226,1323498840-59cc794cc84de0644a2ac0e39fd42b72,0
3226,1322243160-52289b2d1338c692191e4595d0337247,0
3226,1326145200-c20451b0c261b56e272f78d0616cdb8b,0
3226,1326300900-fae55115bb4603970d29d6fb4efb0476,0
3226,1325557980-63c5c4dff64e5016d7b6a5eeb1965a41,0
3226,1324232220-23344fe438cbd8065f3256ca1a798b21,0
3226,1326816840-98b93001225a460c207f131137c4c3f2,0
3226,1327569900-286048603c11d7438e7eedc238fc83ee,0
3226,1325009460-d10f7c84f480f81f7f2c1ce46799a265,1
3226,1321065480-9698a63cc46c7a95b3954893c96cc383,0
3226,1326040440-81b0f43f45ed1a74d2529c5f577603bd,0
3226,1325035920-13bd8caa936c9139bb1a4ffb50b21ee6,0
3226,1323109860-080ddd56fea98a1c7c69142ca01ecc63,0
3226,1327194720-b2fe57180897adea7054d44f2dd2cadc,0
3226,1321639740-f8e5d9168be4d4cb77ad784f05ba1fca,0
3226,1324514520-0f188a174f5b43cf5e0cc9c733e2d5cf,0
3226,1321055400-9aac173daba3a4c2f155f3755d7cd10a,0
3226,1323188760-f2be4058069d0072fbc026f04fb4dc23,0
3226,1325177280-762552009e020730afa82922058af521,0
3226,1325371920-6507149969f3d61752914c284eda1d72,0
3226,1325639040-43b8bc3f9e24905d98ff7b0301489442,0
3226,1322103180-317b1069889054ac9e092f3c357423a5,0
3226,1325239020-3897d6018207455bafdbe99c4cebb906,0
3226,1321391940-f07f63f459d74356a1119043fd2a0cf6,0
3226,1327678560-4a35f1e99a84be1070f59af489c2229e,0
3226,1325188380-88fdf3a422d974145dc925a4303dea53,0
3226,1321769520-1af44365731bb731913c348613421a90,0
3226,1321316880-669b8f7cda6603f91f4b23a8e318354e,0
3226,1324328580-86dfea8a23ea7aaa53ea9ab1b23e1a30,0
3226,1323799320-f771e1bf35abe23c29123f9a08b1bacc,0
3226,1320906360-96c536617e818352d04f59d1fb165705,0
3226,1326019020-c271f2b1b8ff3bacfe114bb839b39350,0
3226,1324974000-b7b994e92f67da1a34b0140b47f39760,0
3226,1323444360-1595803e36de7f72a342341c28c3e8df,0
3226,1327334280-3f6df05e06b8880765e6652036e928ed,0
3226,1321841580-23bfba8d397577c2358a2256aab62158,0
3226,1321115880-984b683a50e0ed73abf31d27fb77ecbe,0
3226,1321143900-c01ef6863882f456b181fa64ed9010b0,0
3226,1320810840-40512007b41acbc7b6cd9ca0c9d8b828,0
3226,1324993560-bac01d6a53c84f62581e73a5841be02f,0
3226,1327629480-4163ff90c7e78e4f85df7c10d3d46949,0
3226,1325177280-6e285dc0f401022ef527833bd8f9e3b0,0
3226,1322317560-5b77836dbe11e4dde163ca833f86c414,0
3226,1322325480-ce1aca25cfa3ef4e28ff0a9c42c40707,0
3226,1325740440-fc34050d6fac9fc14b11b9efd93704e9,0
3226,1327540740-b343a91ee9315738490fa2bbbe320f8d,0
3226,1321239120-977762a5edbe683fd8d408f1e159e637,0
3226,1323477240-cc56a20a5f9f4c4b81be4def1242d309,0
3226,1325642520-372cc048e53b778974da3a9a6d6ea63f,0
3226,1320816360-641903b7962a3dabd1186a1e8846b5fc,0
3226,1326364620-94a921d647011b3f0ac6f9c4becfdc95,0
3226,1324234440-3411858b903f752c3e6d64f19c262daa,0
3226,1322859360-db466fa347c8fd3b2de215ad7dfce3ce,0
3226,1325214420-9eadcd626fb2c6bd16f9b4bf29ef8dd2,0
3226,1322671380-80aa26efa9cd7ef1da0bd23f8201fa7a,0
3226,1325588220-08f8215b9ee34d2da1e0528c904881b6,0
3226,1320650640-bfb1e57f6d2a053271eea5cf23f5d9d1,0
3226,1320869940-7a96b17de9aa3be04b898e75bf28afbe,0
3226,1324355580-da36e8bd69da879dcf22d74415749034,0
3226,1322757840-1e56992d759270a697842024c07e2e95,0
3226,1323529380-b3ba22c82126597ce16266447779526a,0
3226,1322067000-2818c57049060fdcf9d1286be5e9e87a,0
3226,1326503640-86e8f3f8690af6417e6854c511e4ae2b,0
3226,1324338780-8df7bf53ce0c6481f892c3b0665a5cbe,0
3226,1320718920-8d24247b166c6e06c01d0d3ab3fc5375,0
3226,1327560360-01217329be5e2b6cf8226071cec6a767,0
3226,1324443600-ff21a5df242c55445135ba9d1037ffcc,0
3226,1321476660-342d05b037ad3218a44ad8ddc8eeeab7,0
3226,1322001600-b238c35cac2bd761d822f5b9e78e0276,0
3226,1324066560-8caa33c692843e8ffad354a4fb662a46,0
3226,1327427460-dbef5f42a6d2b7affdd60bbb59f0338e,0
3226,1326359580-bd8103bb715b017a5d8ce28c987800ac,0
3226,1321767300-5d993e039252b306f67a47b0d4d8cddd,0
3226,1323110460-529e34f5c2b5535aa66ec83506d66bec,0
3226,1325533380-7528f4b73c0793fe4791b2e2de63e823,0
3226,1326416580-53087946cf4ff4ab1e9ac5f9dd0a4fec,0
3226,1320650640-466bf1da4c19f17394904492fc877400,0
3226,1325689260-a581eaec902e059d831a716623b211ca,0
3226,1323117000-99ee67222d66007a09074351dd387712,0
3226,1322671380-5a7ffde6d5f6e4cabed964639fd3776c,0
3226,1325895060-4a1b7ad49f5ac183321d365ea3d6649b,0
3226,1321288320-56b334f1298dcac0a3435449676a3a19,0
3226,1320958980-2a0aa925f7a2c40155b6243faed2cc63,0
3226,1324359600-89b3a6ef843625ee509f31ee943b4d15,0
3226,1326849120-b26bd0125852af5b4bda2246f4f87524,0
3226,1321830900-73b54afaef8411116a4fa545307c153c,0
3226,1326923160-138d900f95ab9f5c03e9b1b086b89c30,0
3226,1320248880-3c3ba44f0408143fb0d1988dfdd4b88a,0
3226,1323244860-3f4a46ca31b892ebed8f27cfe3c8c42c,0
3226,1327367700-80226f3194a4e2a74824d1443732292b,0
3226,1326519360-373b2de6b20797c9736783d0f29358dc,0
3226,1320698700-0cc7f64771155fa2355457afec35713c,0
3226,1320889200-c8643427f534401197be01ed57719fec,0
3226,1324183680-dabd6435364057c48ec0d3c2e3afd7f4,0
3226,1325970480-a00e60a63fdfb20fbb25c241c48997c6,0
3226,1322944320-9278f1454f2de76964d529ac48ffbc56,0
3226,1327576980-fc72ea75e23e4d349e7e83ae78db87fe,0
3226,1324731300-00dabcdbc9185ca70911b74c7a635b3b,0
3226,1326866460-3f4239283cc643a38af5736d2b3da965,0
3226,1322939340-8eb2a54cbdf1b6eefcd20b2fdd92b600,0
3226,1325990280-fabe618bb08d9fc6ac8d72d88179c2f4,0
3226,1323725940-ffc87c911dd85ae260a18ba804134367,0
3226,1327467420-b329e58030952bc2aa37c0452bd003cb,0
3226,1321497300-4583674948b7fd7340fecaede1b835bc,0
3226,1327356780-cd2af86faf82d31d203bd1e0e02512f5,0
3226,1327944960-d173bb54071acf4b8c35e0f0a972d896,0
3226,1320109620-029abecf9326ddb50104e82d23c0b22d,0
3226,1327918080-b27d6a1f00c5405487e9f99a6f2058f8,0
3226,1323516000-ff87c53aeb7ea137591aa124fceb7e63,0
3226,1322317080-0c8272272684c998b5c546da9bedca44,0
3226,1326323940-cc5f91fd21f9324d75ff4b614f7cc883,0
3226,1325661000-c686c3f4b3754b1bbe448a7b4a3f0fb0,0
3226,1323117000-8ca84a87b1baaaf67f81a2316aa544ba,0
3226,1322320800-5f4909efad4a08010ee34a300e3acec6,0
3226,1326809520-7656af2e40c2446d7ddd03f8b7e6a4cd,0
3226,1324387920-98c045aabedd6c9320a65ca8621e9570,0
3226,1322538720-4995d75660425852e745736084a51451,0
3226,1326519360-2c4ecc2d3e863d3fe9a1c878d1ec70ea,0
3226,1322779440-6640e4a16819d902f08e9eb0b41caf61,0
3226,1325267040-4b1b15f8d76e82da2f24695a59e1f06e,0
3226,1323100560-6d02afff8fbee6a352e62a47e95221d0,0
3226,1323890820-9258705d6d5bfc8fe87f67757943a45f,0
3226,1325698800-19bde90c3551e31afd70547ab58a4b0b,0
3226,1327642920-0a5a6195a76e2d8fab525d3324bcb4dd,0
3226,1323750600-691e97dff422078e3290621cf88fe52a,0
3226,1324281660-6fc63b5781f711c2af7ba6f1a87e53d7,0
3226,1327711200-b4ec1a39681c5b85d223258bc8ad39d3,0
3226,1323701880-a896f37bd109ba3905a3f953d8f27e05,0
3226,1324704060-66f6498420e48b979a4281b856822ed2,0
3226,1323117000-b7498ae2a9cd00e5a1f1a05268598019,0
3226,1326345660-a03e1cf4bec23caeb5aa6f4b04bd86cd,0
3226,1324343520-bbe4679a9d2a64f7104bfef91fcd73c0,0
3226,1326225480-1d7aee706a5951e7445ceb884c695c81,0
3226,1325108520-34123560d7dbb527a2956cfe42bdaf55,0
3226,1326422280-b158be5184356c6a9439eeef879c5778,0
3226,1323700380-74982c14e72982d2b0592e01a890b88c,0
3226,1326853560-a873324e063222cec4ac04e9bba681cb,0
3226,1325353920-b5d884096ee9f70e23e4c375dd431568,0
3226,1321630200-92165b283dcfd3d9f669b08833709bea,0
3226,1323630540-2cd95495132b527647d28487c37673c4,1
3226,1326121380-76545069112314fabe83f075c9289fb2,0
3226,1324397340-cf6841b5c182d7ecb59875f7c729a63a,0
3226,1325708940-0ebac44cb5254a21df77bccef4a1d2ca,0
3226,1325188380-5e5d1bc334485100b800bd48bb0ac9d3,0
3226,1320800400-7e19cd45501cdbe0626de4e222c0d784,0
3226,1327711200-18016a570503bf0a9bad500099186ce5,0
3226,1326405360-663d9f44e38b6724fd5ff32339b7fe43,0
3226,1326254280-f67703ff48be413bb7800a02b39f8680,0
3226,1323148740-c8a4c4e469f12aeb56de89fd1ab47dad,0
3226,1323017940-b29ae4aa001963fd29d99c575c06ec29,0
3226,1324606320-de26bfc5fdaafb2ee0674cea90e57a4d,0
3226,1323205260-5d2c112855a053bc1bb80445018fefb9,0
3226,1327560360-d57c3d45c2d179f55cde22c983765389,0
3226,1326892020-d8829c22f959793c8ab588e7e9406023,1
3226,1323457260-3a6daa276c320b1e5bb72b0aff907356,0
3226,1322849160-32509680394b2de22efa04482a597136,0
3226,1326058380-74c226a18d4747605f290676f73629eb,0
3226,1325149440-a412717697a991c6ed856ed673441183,0
3226,1326930720-7ab0e2ff79f22d67486a63431db64bb0,0
3226,1321809240-2faeceb29e143cace9e4308f630e9b1a,0
3226,1327342800-47f268cc874714d64e42601cc42f2985,0
3226,1323158400-18a041f9991ccb16b1a1f295e795a46a,0
3226,1325239620-9da1e08c73e72f2db730446ed601fcd6,1
3226,1320177900-6fdc7b74f3fac0e623080e9e84f3cdfc,0
3226,1321859640-111f445e22426d2fb2587912174841c4,0
3226,1325119680-8aedfc469f8bf875fc7f566142f511b3,0
3226,1322626200-61d1f6161f9ea061deab319fc915fef5,0
3226,1326835860-6eadaa7938741c0758a1f7fa269e3fa3,0
3226,1320211320-23ea8b24f86298ab2fd13b504fe7f012,0
3226,1321367760-801b34acd86405179359a18011c04069,0
3226,1322202720-f452772c8d7d12d8a6a122c4c15d845c,0
3226,1323889260-0dfc572cf852d96dc5c9bdfdee155966,0
3226,1321288380-5a0ac085a16afe659a4d02f239c0119c,0
3226,1322267220-813c0295d1d76152fe3bd407e153d4aa,0
3226,1326422280-b1ddeb5ae32b1def915e3e69321c6ec4,0
3226,1321409340-cdc4e1af1dd98cf95dff98b3a8f9d751,0
3226,1326842400-413f6b466c5642bdd47b898eca948d61,0
3226,1326723840-d1e7773b4c555a1dd56a94e3d6a7b625,0
3226,1321310460-5630e8966feb3fa68411930897b599e8,0
3226,1325877000-5288cc6d0de57e3a8124dbb97604b197,0
3226,1326550800-4576bebff30e4f79f066adb2bc6c4bcd,0
3226,1325295180-b8dbf0b77067f72899b3e506b970dc93,0
3226,1325884860-5d79333aa70e53a0cb30edfa1e55bdd4,0
3226,1321919580-f46306f2ef199a9c899eea297ee715be,0
3226,1327196880-7fce36bddef924437543a0e65e465857,0
3226,1321641840-c5b9ff3eb9b80be597867f07175b9f98,0
3226,1321288320-798f0f34d707899706257bbbf25966cd,0
3226,1326165420-4fab1d3d5a61ff24bd9e9b042560a7af,0
3226,1327707600-118a8c3387e8221ae6b4e65d210a05b5,0
3226,1323096180-5a9918898aff83d9867ec71b63154f55,0
3226,1323240660-2052142cfb030c33f030d41fb8e81f37,0
3226,1322671380-35f4ccf6282bec3eef647a00c76ac2bc,0
3226,1326378000-b8d48fb6b8182de7c8eecf9419165720,0
3226,1323567300-14b421ff7e9ef2679d669486181b4683,0
3226,1321332600-4ff5ab619013956df7445ac18d436a9b,0
3226,1321395780-daffc44a4bd258df745e30bfb919c57c,0
3226,1321482900-286ed9defe2ff9bb55a7d35149ed9fdd,0
3226,1326087600-82df62891ba3107d1e7770107cd3831a,0
3226,1322601960-ff2c6d46fe017e4afc79f66d52e2de1d,0
3226,1326727140-744a63b8d7989bf1ba2ba24e714ca7ba,0
3226,1322317560-ca4e4249023a981f63197abb4154bfdb,0
3226,1321568580-67cdf61134d4321fe0dc2ab0b811bb35,0
3226,1326405360-f60e95adb407af363129981926dc2d09,0
3226,1325269680-73b427d92d341568ca1459c905c592f0,1
3226,1326605460-a6a1f0735987676f8581cb8fa3dbcc25,0
3226,1324242060-4b6911fe883c9b199e15bd3c23b0497d,0
3226,1324275000-c67f27dc7aab6c9bad9b2922a894ca7e,0
3226,1327731180-c43563a415a379307df802e2a22aa518,0
3226,1326392940-4c598c6dbbde642cf6f7a719a6eb2881,0
3226,1321636380-7fef255baca8a93a0d7bc59a5e6bb908,0
3226,1320796740-9a0100136ed5b27187bcc60f87ea01bf,0
3226,1324349520-2a18ab32d6e789c8e8a935aaea029d0d,0
3226,1321317360-1a54b0b7ff1728577dc764c178370545,0
3226,1323746220-fccc87e2dcc0302c5eae58b97854a7ac,0
3226,1323367200-8eac947ff1ec561ff867975422d134ef,0
3226,1325801400-b0d9af170907fe70d28f3ae4c2d4ce2d,0
3226,1326847020-04e1500ad07852cf1f782b7abc10308b,0
3226,1323630540-79a14896c4ccd649ad163d7637c93c09,0
3226,1325409720-a31bd01f641c3d326c6d2fbd76240711,1
3226,1322700300-f6ebe2d282ec0db71915fd79002cab5e,0
3226,1323705180-abb8059ab9564b6c4184bcc8a7dded4d,0
3226,1325881080-2dc1e0a95ec07ecf83fe9e67ffe3d5b2,0
3226,1325278680-ce9b6730f945e0162729926b9512f527,0
3226,1323746220-64800549804c35543b09a9dcc8385546,0
3226,1328059800-ad2855b7ae50d079cbed63bbd5188db3,0
3226,1327836060-8790e5077d6c7670cd4e0d8fb1cb116f,0
3226,1323743580-66771f4d9bdbd235b772d38f571958b2,0
3226,1326344640-6f5365bd599e4b5f990af53365bae1e3,0
3226,1325350860-5466f6f33c2e91973bbd72a7c9e2a281,0
3226,1323781500-f50d3b2fdcf1afaf1a068096380cde05,0
3226,1324286460-21f2dce280f389170b0a08140c850031,1
3226,1326278760-d632b7156d0d7b078f32c5e6993a3788,1
3226,1326385800-50aa444ac7202434bc326e04eea83c5c,0
3226,1325510160-073664cd75b10360e9a02fbe9b5c65ce,0
3226,1327700820-09a173074924e9fc5970e878fa3ced1f,0
3226,1326957300-6c825d5b65076f99c763c475599aee88,0
3226,1326980940-ad9ab2db39f7fbc088a62d15b5518e03,0
3226,1321338180-1f21358667cb8904292a45f38a797993,0
3226,1323338640-23d1f9d89889127e4bc164e0e9ff9098,0
3226,1321063620-3847de08be25d257aa3276762a0166f0,1
3226,1327551840-3197c7ccb70b64ea5d2d4fe763e9a577,0
3226,1326900360-b482fb1e544887e6a5d8e5db7e24b09e,0
3226,1327050180-abba917ba6fab2df3d651cfe200c48bd,0
3226,1324145160-ba37d0839a856a70fd98bb6afec819b8,0
3226,1326819840-a0ea80cb5307b5dd606d4ff38193095c,0
3226,1326826500-53a10c99a07db465b9d55fec75ccf83a,0
3226,1325655240-a329a46d69ebc8f7343d890f522c79b9,0
3226,1323906960-064dfbcad1e3f04d2e8a1cecc6640977,0
3226,1323908400-58daa74a496a1eb13f1905e4593a6aee,0
3226,1321641600-3e33c3db2b2e16b86ffda0e3c00380a2,0
3226,1320819420-a54e1b2fc90a21ac1b1e9520c346e608,0
3226,1327701420-066b12e2dec292197ae50f1704f3ba2b,0
3226,1325751660-1c361df4993a854fec8fae38e3ba3f60,0
3226,1324349460-fb79dca3e2ea110dc340b187be89b98c,0
3226,1324910700-76bb4531bcaebe3e5abb373077ae140f,0
3226,1323399600-178a653f607196315fc5ac4c7bcf0806,0
3226,1326703380-4771c29edbb013cb45ba47e6deddd50b,0
3226,1326174000-9f113d859c799ed2ebfbcfa2157e354a,0
3226,1326295500-05687144e8478b0b4714865ca9129eda,0
3226,1321316880-56968ff14e0c2754dfb1340c509385be,0
3226,1325784180-ffc159cf04d3173b9bf4f26c1a315b66,0
3226,1320950040-3193cc5247ba2338d2ccfc1bf1e239f5,0
3226,1327502100-507483811293c312d794fa5bc38142f8,0
3226,1325172660-6f5d53930bee880356e0d97d58f6b695,0
3226,1321934280-55fb7227d332917cf062cef4660dba4d,0
3226,1325188380-ae4ca796bd415d52ce126cd0aae0cdb0,0
3226,1325728680-abc1177d63202255ae85805850057c67,0
3226,1322274000-5e57bfdf783c449a4df3c1c979289a53,0
3226,1327402320-d627e77d765eaadd324f26559d7a478c,0
3226,1324283280-f90c39bd21580f0cc1565cbe463ca5d5,0
3226,1323931980-0aaf4f3a4e68a87ddff4ebe14f029d77,0
3226,1324699680-a091630d35acadd0e5dcc1f834773df1,0
3226,1324267260-0b0fb678fd8ade3b5799d67a5c1ae385,0
3226,1325096280-d24fbea543e19a71186a8f1a2b30ae5d,0
3226,1320804540-02921d1213fe925905426cf3476a4951,0
3226,1323105420-6657d2a27a926dc087075a60595b0333,0
3226,1324258560-d073c4c31bd1c282b54889c83b6279ee,0
3226,1327639020-c745cfc9b23775d4a46937602915c8e3,0
3226,1327714140-283e9e1913b197e448edac78a0985276,0
3226,1322412720-639b1b700451820931e99c0e37b81e82,0
3226,1324517580-0f92769550e2ca5cff89c985fe322481,0
3226,1324276500-dc71039bc58c234ef8ff6e88b2c583dc,0
3226,1320767700-6ff69e6ac93d1aec3810828aeabbc22c,0
3226,1324183680-b71659a6f4f67e6b30329e5f2d558531,0
3226,1324346580-a0270e55888004dc2f1935e90f358d0d,0
3226,1327201740-9fbb734532fb29b701135ce77d4a1cd3,0
3226,1326033000-add973811f20680421481c701e4e0293,0
3226,1320795780-d54ed8032eb4e6162cfdae782a59a141,0
3226,1327554420-bb74bb42737007f3f70708e2ab9581ff,0
3226,1320772080-c2a1a89272a8efad8c277868373a9ff8,1
3226,1327688760-d713198d0d7e0d4820a404fbf476343b,0
3226,1328027160-4a8702fe97400e97c153e50941981a59,0
3226,1327758900-924d333da22dfc89376b1c5772890c5d,0
3226,1324639800-2f5071c5dd530f82321a0c97a50d9a5b,1
3226,1321886820-0351bb0031318fe79b36376c80921f26,0
3226,1328053500-d54a47decabdc4420658d75cd6294cf0,1
3226,1325409720-a574b7bcc2ad928320ad94c4670cec50,0
3226,1320800400-334a8a082c33b1678c0e6ee80b3fc1a9,0
3226,1324397340-beb4c968a6ba93daa407179724f9e38b,0
3226,1323361980-93de4018cfabaa8f879b77e75454eb42,1
3226,1324480740-a9fc1269e20a770658128db5137d0244,1
3226,1321643280-934f7b65c4cf2d33b0ac616fe1078961,0
3226,1320862860-0791f264f6d6c676a52cb36338031b3c,0
3226,1326904020-8896b6b738e7a173500423f6ddbb4706,1
3226,1324161660-20985bee2e08a8a01adbe9d451914ebb,0
3226,1325510160-55cfe3c09742c49505b7291b3a428887,0
3226,1327626420-48ee4ed8f2554d51a60202844490c821,0
3226,1320249960-6f15630f91dd090e38191a9b65aa661d,0
3226,1326992400-65e2f164f82c67d612babe6c3aff9522,0
3226,1321643280-192e9471e2de428fc6b59b33d0fdb80e,0
3226,1323630540-6c47dd096b3e65c91a40fd7ada1410a6,0
3226,1327506600-39e2cd97682cf221ba02f42049ce8c52,0
3226,1321315140-2c272a958c45f98ac4f25e12f889fb3c,0
3226,1325084460-8644b654c2d98bf0629e788b3bd9a5c6,0
3226,1327551780-27ef1f3fa65861dfa97fe6c5275e0968,0
3226,1326721920-8de77e10ee441e246a15c8d8afbff5a1,0
3226,1320207420-3899aec99240012c0fca5b0aa77ca054,0
3226,1323918600-518e8f52b8ad9c270131ed644b76ef14,0
3226,1326078720-be487eb0b002ad01f9218b1526fee66a,0
3226,1323105660-bc86f357a825d45fe7432cb75aa43f7c,0
3226,1327427460-8c0057905b64abc7334e25bd6b1ea29d,0
3226,1322198460-0dd3a49fabed090b406189ba546dc714,0
3226,1321685760-fb2c2116870c47f8575d54d9cfd21670,0
3226,1324639800-0125493cf4920cf1e6ccc0f46382d221,0
3226,1326346920-c40161aa2b6ca690621ca063a150abe6,0
3226,1326862140-848abc48a53a247859c32452f8c3fe8e,0
3226,1321770000-a54aea14baa20e6702db3fdb578390d0,0
3226,1324578600-116410f3ca74ef011a113d3de926fae7,0
3226,1326029400-fbe7fe5ad7470e826321abf194ab6363,0
3226,1323361980-74ebd2fa388ccd76043088a71242d6a8,0
3226,1326102060-0e9c6232ec609df44c95878e2571aa4a,0
3226,1327096740-5ec3b37b0abc0b616ca5d257ac9832fa,0
3226,1322247420-f29924ae4f05ecb075580a954c85c383,0
3226,1327317600-d5bd888965a2e28c95fae03c846464ec,0
3226,1321427400-ad840ff08c538295e97da219216e0116,0
3226,1323110460-1e1c294d6b6bf5a0b0d17d4e5f358eec,0
3226,1320937980-d969de7589e88ff2ca93effd55a00adf,1
3226,1327710600-d0c7cf530af476c52d3b128cc564a5e8,0
3226,1323742560-aa386cbf10ca58a7b38c91df63c21c9d,0
3226,1326582180-543cc24e55e04b4cf9dbfc33f0e74dac,0
3226,1323657960-4b9f00fb7a8777915b11bdd36df99f7e,0
3226,1323869820-367d638ebb838202f7e45ed2440abfe2,0
3226,1321988700-d8826e2ec5956c683689292e90808263,0
3226,1323889260-7dfacfdfaf63654a009f9e68dbc1fd8b,0
3226,1320984300-7eb492ba776dd5ddba2392e952e538fc,0
3226,1323405420-684af36b261e2801d2e60232d23e4eec,0
3226,1321058040-6a9baedea4ce4c6ed74a59b8c9c4adab,0
3226,1323749580-f8e504d94e5c74da86aca416fc7fd3f6,0
3226,1326165420-3040838c3b527c4847893e1de74da51c,0
3226,1327188300-6f19a5dcf733764f9b16bbc68053498c,0
3226,1325991600-a312a77a9faa4e668671ca15f55c8c84,0
3226,1320327000-aa0775c6623e138681ca9bb874f5d61f,0
3226,1323766740-2c44ad38dc121b821bdcb36f5f49cb2f,0
3226,1321495920-fde5ea8eca5e7d850f5be19016af17b7,0
3226,1321401420-bdc6a5c8da19742c9c49468a3b9b861e,0
3226,1324245720-64d1e5f4004679946b2a2d58eae090c7,0
3226,1324368120-b883c4fa4e6a4590f3f1e28b23ad8059,0
3226,1322255940-99d444f9f4e4cc12520f1f56fddc8be4,0
3226,1323890820-c5dda20b2bc322401b38493deb01fa5c,0
3226,1321194000-d7c01674fd9190ec6f7bc80b6dcee0d6,0
3226,1323371940-cb7f3a2d92bb278a11259bb73898f470,0
3226,1327602060-21cc14786b877d86275fb2d31254cdea,0
3226,1327331640-5ec8448a6ef4fda026821a5a446e0df0,0
3226,1322516820-83d42e537f0262f87bebb341848dc7a0,0
3226,1321059840-c1c252a9bc1c6b77bfffc6254946c0f3,0
3226,1325188380-30b8cf82cce3fea35a2d921e56042263,0
3226,1320467640-33d7d8bfb956d0572a22d549a78a3011,0
3226,1326260880-04f02111e795ac171f1ce0051c4eb5b4,0
3226,1322896980-c193fd78caca2fda9ce4ee54d7d3918e,0
3226,1323716880-1f9dd285530862da8d4e84abade9e1ae,0
3226,1323109860-76a602dd5c088aac45e72b49b0ecd3c6,0
3226,1325136240-783c861ab18063d3f690cc9ed93b1549,0
3226,1324665600-30a0821bbef3d02f4747fd2cd4487693,0
3226,1320163380-2c9c1262958b6cbd143e806541490c08,0
3226,1326864600-510a19252de66a9b22d1d01767cca63f,0
3226,1326854520-9ab39b94fdcafde26549cfacff6cca73,0
3226,1323579960-182323f98dec30959e14f8b8d6111a7a,0
3226,1325233380-869f9a4a8ebd622ab8c00104fecf29bf,0
3226,1320862860-be8086d80606c5c4c7086f736500e122,0
3226,1321596360-aaff261ff1a0def4b0e9782a549ec8fb,0
3226,1323913740-23d38ee58503f3ce502ea8ee23ed8b94,0
3226,1323748560-a1815d16ef53f445567a6986acaa40a4,0
3226,1327609500-df59ec3907adadb12ee41ec7bde76895,0
3226,1325628180-8ba0942fe6e35fbae8261f1606a57580,0
3226,1326516180-ccae7f554352aeaf90b56644e33bdbc1,0
3226,1325812380-6e7db7a42d55286c4e43325fe390964a,0
3226,1322771220-343603f3d679e06f50407d9154b4bc31,0
3226,1321458000-72a6f8e66747ba25a69441b234bf42cf,0
3226,1323457260-126467cb908d0debfb2c7d15e009028a,0
3226,1322516460-29e10756899f0dfb29a2683fbe360e1a,0
3226,1324821120-65b5dbdeb764a5372ffbc057041fcfee,0
3226,1322193240-3b2c6091575c3cae51db6b7edfa9a0e9,0
3226,1321176240-8d7f31a9ac7478403addd7e2881372d9,0
3226,1320815640-bd330f0c0fb05a6e026123b7206bbf5d,0
3226,1326462480-48ef270d05c216819d17c09c373a24b3,0
3226,1327872420-01d2c42134b843644163a542a4f8bcaa,0
3226,1321219860-73a80c359f6560b8719d31d48c6d7535,0
3226,1322544900-bc78d26885e3476fb87dc9a5cf7a80b9,0
3226,1326300900-96820764495cfbbf9e00aeba354cd7ad,0
3226,1323326520-862221f0ccfca24f5940cac616d7d119,0
3226,1323763140-524ade3b28732bf60e1ddb9c389009f9,0
3226,1320800400-1cc214412531dd996d046c4c535c2507,0
3226,1323378240-115ed91957bd328d042ca06aa9aeaea8,0
3226,1326755460-36f3ec729b2457e673b12ab5a2eadf0b,0
3226,1321907700-dd7e004009dde15c7819ce8af860e4eb,0
3226,1327086720-22525fc6c5bbff2ceb5f622c8e03d707,0
3226,1322026560-c97da78ffb261ba240376eaaa1477777,0
3226,1326230280-973137c19dee6fba3bf08642864323ab,0
3226,1325640240-864a940d7d722d9344b35691c814ff8b,0
3226,1322608440-d1e052b6c1b5b96393683c96b3008d2d,0
3226,1326348060-6681d4c9706c344daa756edc0429f485,0
3226,1322251860-54d381f062e6e2cff41fe020bf5a49bb,0
3226,1322962020-d98b1f29e79cb09db0bc97803cefe2cc,0
3226,1322890560-55301efdbfd446a31d3de709e1de23ac,0
3226,1323195540-4134bb8954dd8551108694c6108b5cb6,0
3226,1327506600-b1245e460806252dc9c2951a5b148a07,0
3226,1323512400-80edb8bd6bdac4a3ad442a5fed005b35,0
3226,1327254060-3dc4560be4c0010c4a38311b7f2731a0,0
3226,1323220080-310abf0c94de37920411bdc8ec1f7230,0
3226,1326241860-9388ad16205bf9591736af54ccce9914,0
3226,1322962020-800133385e60ebeb59c6055c8d772bd0,0
3226,1324349520-8990f45d21e9869345a67e2ccea5d651,0
3226,1321499520-31ea18a783a2d4e105b0cf7d267ae581,0
3226,1321527060-5be8ad1cf78412f0708a271e8a0083e4,0
3226,1327298460-450c4e73291624764f655e0f055cb4ef,0
3226,1325906340-4d39f22d860c286c97760b669f0f76e0,0
3226,1327836060-90602e6bf82929b0678162ab90937b7d,0
3226,1324258560-95f1383eef0ae038c48d60628f038986,0
3226,1324487700-10c06aea35ede359e91c8cfda2e488e9,0
3226,1320176220-6a892dc2b1f62b35229fd927a7422919,0
3226,1327523400-6a38ca9b20dc07eda5226d70b986a100,0
3226,1323725700-b40a99668272a064b406dfaa06c4cb52,0
3226,1323118560-7fee5c97158b633136c42309f003bf18,0
3226,1322962020-f0e2e75f89c2866fce2405513c2db8ad,0
3226,1322962020-441251d1b68bf85fb75ef14f475dc923,0
3226,1326507000-09f3c54c58b3e636f95c70db1eed3cb6,0
3226,1322878440-2d7a53a5e3b6dfa08ffae4d4a856ddec,0
3226,1324315560-763facea87b9170a3e8223b71b7a1b96,1
3226,1324993620-44409bf529eec19cd94848498234a16c,0
3226,1320238740-f84d741d88beba8c3d56167d9b37394a,0
3226,1324639800-07beb13612367a1515f3decbf807d494,0
3226,1328053500-bac3ef11673d3b0ae2aa5678db507dd3,0
3226,1323836100-cc501472b65e1494323641b18fcb6691,0
3226,1324639800-5090c7aa92c3bd0764889268729941a7,0
3226,1321495920-becef9f5ddd2f18b12997cd82948c130,0
3226,1321071660-f9a32ef85f7d02afccb8a6b56830665e,0
3226,1321276560-726526c65007bcef8eaa9bb18be4a875,0
3226,1323817860-f4586af400bc46780bd8fe4a0ba382a6,0
3226,1325704140-062cff36ae1de31946398961b70d832c,0
3226,1325720040-2091fa159bbefcf4aaffb8a5fec956da,0
3226,1324430400-bfe17cef8a000767e755fb62d346222a,0
3226,1327641780-79940be7fac5a2db783a314e3a174520,0
3226,1326105780-62f920dd408c4c85992f75f1a57ed378,0
3226,1322193240-37e2d85b9e4f4b1fadd0e0f03a6edc99,0
3226,1320797760-51f198759ce6ef18962d727ced198703,0
3226,1325340240-4268a0c55d61807f221bee2bc4ba61c6,0
3226,1325189640-46faa84a6f07cb40f6ff82ac6c4b4a94,0
3226,1326238560-536d34afc75b0f51e978ca261a569113,0
3226,1325740440-8ad4c1210781136d63010ee0806adee4,0
3226,1323109860-2738afb08b2666634a51b91a146ad991,0
3226,1323432480-6be0773248fb5e4eb12a33adc9af95b6,0
3226,1323716880-461cc98cdeb2bf2a32f74ae2d1ca8b7d,0
3226,1327627440-310d6718a3d49d05fd1b973d6c46ff8d,0
3226,1325103000-f508e0ff9861947620411194aa95300a,0
3226,1327467720-dbc01e1163d2f1136268391835d83484,0
3226,1324866600-359bc030d24fab62d9b124dbfa705c77,0
3226,1324691400-9bbdbf96ef39bd62d54c2f349b944296,0
3226,1321380480-0293bd98b6f20daa63dda06cb913ea1e,0
3226,1323903540-8534b91e9f68eccaa2e9881fe996a88e,0
3226,1326331260-9144dd9162d2cfc86c9e46a842478269,0
3226,1326946860-f42bf9120ad3c65aa6831af748b2cde7,0
3226,1327352040-509badf7b784e69e0bc5ed0398652bb6,0
3226,1320506760-29da3f9afa287afcd53689a61249f312,0
3226,1323372960-a157a8ae1eb668c39aa20e8fb2a126e1,0
3226,1320692580-c7958bf587496a2c84702f47b52393c2,0
3226,1327191300-27afc1e477bb1635ae547cf0ba17e52c,0
3226,1327358580-2e0297016d83d7434dd8a2fdb906e97d,0
3226,1325401320-cba696cd7a524cd4d22547bd9b447d8b,0
3226,1324596660-f423abe73693c95d04d43b199ba93769,0
3226,1327954380-aaea0eaf9d6d54ffd876cb8b32da57fc,0
3226,1325788080-6d5319f0d2c195974ca974d2a41943ec,0
3226,1323148740-2e600d9b1da8fc59b8a1876bb79cf687,0
3226,1325265420-7cd996020cc013189cd5b11fd996b085,0
3226,1320537420-c5dcb07ffa722872c97c4f0127759c9f,0
3226,1322672880-2dc7f0878fbcc7784d1e37cc27e72216,0
3226,1327254360-7b4d45e450d94e496939b82ddbb8f872,0
3226,1322962020-6640742053633410c39ba9f48a6ab5f2,0
3226,1321541460-3ac7b67fa5da7bc68f90463aaa09fd8a,0
3226,1326681780-3e6042ec6f1562996c2c63e7941752e0,0
3226,1323387120-a8f6adffa01a4ca420ebd5a5f322a2c8,0
3226,1325973900-7ad4e9c39547c98b5f5d9d156b6ca718,0
3226,1325233380-941d3b0acc27de6dabbeeaf8c65b5f67,0
3226,1327109040-7a1783ddb9e55412b917b5d03825e6c0,0
3226,1327107000-3124d7de43bd7599df6c96a5c3ac826f,0
3226,1326398640-329caff63a9cc66deb365f64c888e7fb,0
3226,1320951000-c8f183fcaa7d9768719a7441355500ef,0
3226,1325857560-6c790b7961034d77468f515194ec1b44,0
3226,1322962020-22661e1d65422bee6804b26237e959a6,0
3226,1323611640-0bf0efec29d0fb399f205fa47e47ba7d,0
3226,1326247740-0de2a3bd739d5d15d55f2f08d46dbc32,0
3226,1321830840-89df3519a318d1684ba5db1751e78f7d,0
3226,1321316880-fcc9d7bf037054a0571b4fa02ccbe1e8,0
3226,1320338400-61c4c175bf862905f92eb2dce7378d0a,0
3226,1324781100-bf9207ea493895b07f1971cce8a9b3de,0
3226,1322887080-6913c02da12000f2d446e4a4cfbe6a98,0
3226,1326176760-6200426a70ad707cba0a094fbd76ae67,1
3226,1323869820-cc232de06cacb89524f61b311f373832,0
3226,1325548680-ab6c2dc301a6971d56b33ff0fba910a3,0
3226,1323477540-1ddc095df24d6f2c86da5a8f987f6ae5,0
3226,1324735680-51f9c2e46eff04f1a8eb24dbf1e83526,0
3226,1320467640-caeb3d062166cd8162a5f0a2cbb09cbd,0
3226,1325251980-26da5b90f15bd1d737e678fcae68bdc0,0
3226,1320812940-65280c7714ce61a747dab866fb123940,0
3226,1326348060-1351191d8465886df73556700cb9a5aa,0
3226,1321253220-80e6a8ead2e89ee5b45a35bec86f50f3,0
3226,1326632520-0166c0f9644998962aca64284f622f6b,0
3226,1326293880-5611ae4dc159b03027222bfff5c40001,0
3226,1326296880-b19e3971539065d883ade13dec9beafe,0
3226,1326033360-a5a9be98b8017cfcc858b25a40cbce88,0
3226,1322024820-c41970f7c73cd03ab65e9f35a57679be,0
3226,1323116100-9dedf08419969a1ca38de99d5c9c6118,0
3226,1326777960-9ca5a5e6d2f9379874b5f22a0178229e,0
3226,1325562240-94e3ea4101d3851d0ac68ff2378863ff,0
3226,1324069080-34599f8f01af7efc2021dec1bd30e71d,0
3226,1324577820-21037493dac88e3046892998e3db25a4,0
3226,1323833040-f9b920583b2537e96bc928b08fce73d5,0
3226,1322275620-7687e557ee3578b11c8f6c747e79e6a2,0
3226,1324952940-147578d52b2991616d8b229c00ee901c,0
3226,1320726540-bb8d4b19d0cfdcfa9ae2ca505e60bee8,0
3226,1326851160-a239e9198df83308b881de358f265dda,0
3226,1325706600-4bb10c421943077c2faa5eb8a1068d8d,0
3226,1326280920-b6d6ab080a2ad4404c86733a848a9076,0
3226,1320450300-dfab3133536167095b794c50344aff10,0
3226,1327743480-97280e484ba0de00ee9074dc95301610,0
3226,1323636900-c543b50936578b68f11022d363101a40,0
3226,1321770000-05f4620fdc74c46102593aeb6d475831,0
3226,1324350960-2079636adb3c1266a5ebbf4b0ac20b5f,0
3226,1321332600-93b03e7281f45c40b8858b45a3e1ebaa,0
3226,1327678560-311b697525e99fa23e7ec7e7d2998319,0
3226,1323259200-67cda234e6039e83e86a5424c7c37008,0
3226,1325928300-cf7b91a49f99c08d90b2d7e39a8f4757,0
3226,1322853540-bf7bcefdef86ff1481bdca2f1bab72ab,0
3226,1326135900-960280660efea3e3b92408571d397dc1,0
3226,1325705880-70e38ccd67539a93a617cee9326a69fa,0
3226,1323104820-669fc7ee2b894b56f2f8b4b82107a9b3,0
3226,1323890820-308778ad17cd98a74eaec88ae871353d,0
3226,1327464360-fc7f51f57a5a052cfedce38a05184499,0
3226,1327954800-132e0e95389a06f90d7b1cb01067ef57,0
3226,1323882900-6f7da16221ff12c1768f1e94b2761906,0
3226,1324059660-dcdd0095d8c6a4344e377aa266a00405,0
3226,1320763860-711cd21770699327c456a47ab9499c5f,0
3226,1321915140-cfebd4262f4815c0cdc1ede79930c81a,0
3226,1323662040-49ae6d1ea8a5a381723165d5b0ed1fad,0
3226,1321000620-88c045262e2378d4f5bd2875759189b5,0
3226,1321039140-61bc1141cae12899da5d6631d9f1ebcf,0
3226,1321293180-058d26ccd0c9dd22dedb9f22d5e1df3e,0
3226,1326483060-a19fd5a597b02be538b0865f9da7d9c4,0
3226,1324150800-bfe60f3c82738bd8ec5d9e333bbb6cb3,0
3226,1320450300-6c22c2f352617ca91e0d07a341a8ecbf,0
3226,1320448860-d219915c2ab7cccef9c5d9e8e0f8e969,0
3226,1321616940-2a7c298998bd1bf869afc835029756c5,0
3226,1323485580-3e4c89cc17dd0c4c8aa6b6d080d3d28a,0
3226,1323276720-5878fd522c1c0ae4b9d59524aebd4601,0
3226,1321993200-b0d8cf769bda1e9c96214cfa6d71468f,0
3226,1327027800-a4973b480203e2eef2f91f0464973e24,0
3226,1327953540-7b81448de65c5fe10cc63a57195b5a67,0
3226,1324959180-88218f78d0474c62dca0114860fe52a5,0
3226,1325239620-8dab9a9b2930ccc7fd40ceba5126b909,1
3226,1325662080-7141d81cd5c2355ea7ce5e41e490dbaf,0
3226,1326228480-03dee5fe8b0b3a51554a106894e9cf10,0
3226,1327510740-077f8685cc16d1c1f77b045e73aabd35,0
3226,1325728740-946f7608facf190827b4554dbc285bb3,0
3226,1322971560-ff1ea773fb63ea5c6ed09c86dea50fc4,0
3226,1324861500-46a5879c748b44bb85dc347b15461475,0
3226,1323747300-c536dff5fc2cc3260b5ee01172a745aa,0
3226,1322579640-cdb555482188a707852d8cad5ef89bd4,0
3226,1323114360-41c4841514ee0ff7cd83a75ac4b42498,0
3226,1326983280-50dff706def5137666ee2f9e1faf7d6f,0
3226,1322005680-f3a78528f308745c5222faecf9ef0720,0
3226,1323735300-2d9ab4008ca62b089eab59474e5d5b29,0
3226,1327707780-904dc5b4677059d9da28f16ec75e3426,0
3226,1326768060-5829e11905174ece0f6440aee0a60978,0
3226,1323714420-0bb0b6181a699b72e26f6ff30e2dd040,0
3226,1321114200-798e6688c5a63f4f3c3447a5325fe363,0
3226,1326318960-a5e1505e925650f0b067c274b104e381,0
3226,1324286460-b2d20cd2c0c6e22e2435c9a2a88add46,0
3226,1321968840-6f8b937cca3512939b6f452f7926f493,0
3226,1327444680-449f2f0f56a91e44c01a392b43908e9f,0
3226,1324296420-919bf526d7ee1768259747cd340411fe,0
3226,1323615780-0d0699d48caf867ae015c8b00d2ff155,0
3226,1325907780-1c310340369d992700b1aa8c9176606f,0
3226,1321915140-fdb548a91c97a0e6e760b546a4a77a94,0
3226,1326083760-d1ce5a61d65990a82ebaf5ed7607abea,0
3226,1326230760-25c35018a88622cb5c72de4380941cb5,0
3226,1322590020-a0f207057068e95056b9dcf7bed5a720,0
3226,1325629140-2ef49470da96fc7a29dde42d32eb4890,0
3226,1320813540-7cf68e39ef26cff112081413429277f1,0
3226,1326087600-c910726e7aca24b1a3920ad4d08f400a,0
3226,1320829560-8823734c8dd215050de61b01e7c44828,0
3226,1327554540-d5b469bd7698828fac47544e771daa56,0
3226,1324068780-75f8396e604f2700c0cdd2b16260d97b,0
3226,1325916180-a52ac7bf86fd50ac105f2f13fd4cc552,0
3226,1326760560-09167f9ec52af80c77b199a206bf6e2e,0
3226,1321576680-03a28616f69d732ea83de4bea63174a3,0
3226,1327946460-1856e02b04115fbcc6247cff54d21e96,0
3226,1321488120-ad40cc84ed4b76f7fe12c7ee36a40e16,0
3226,1323110460-3bc47132c356a3f31765b33da8e74cd5,0
3226,1321734660-89e7868d7188949736f10c3bf2a868be,0
3226,1321677000-b5e9744c2c9ed89b4530be169bdbf2e2,0
3226,1321541460-9c26778cbcb755a49dad84c63ce91482,0
3226,1324614660-cf2ff634e5919b7e62728bb531c864d8,0
3226,1324154520-5a64cc0f3cf8d16e7ca7944ddb4a24ba,0
3226,1325857560-8adea9d73a1b3e677248185d2c89fb1a,0
3226,1327181760-9bed2318b2ff8c59205e8cdd7c81f322,0
3226,1322526120-7a787ce4c300573d775d2824191b334f,0
3226,1324400760-0926968965902669ce40b2981e921843,0
3226,1321915140-5d5b200b42a31b30050237934e7b3939,0
3226,1322331480-237c98d7b140e1b4773f287b089837f9,0
3226,1323208080-73737bb3fd502319664fc49fc7d597cd,0
3226,1323495000-554b856c426232075329b6f50e5dee1c,0
3226,1323578220-4ee243a14d2daff843372dfe89bfc3d2,0
3226,1326347160-05bb7127f8189217fcccb0768b78d8fa,0
3226,1322111400-2998a16c3cd6368a6b3afdfedb9909db,0
3226,1323961560-6c25b4590298b53462144ab6a82403a9,0
3226,1325112300-7163ee6898fdc125ab9d569bdc3f9ee5,0
3226,1320514440-12a7a18132e2f35dc571c15c23d59679,0
3226,1327194780-97a4ddcd5d6936b211cc7ded41ffed71,0
3226,1324688580-7d9c962ac0fe266dbf54c53fe98d923c,0
3226,1327291260-1a80d008f51ad77b09fb765d9439d85c,0
3226,1320403200-bea4f399c59f8505140160d47083b1c7,0
3226,1326890640-fdf24aca35e8d39f76be18451096c7c8,0
3226,1326006660-7335d95ca6a78c94ad117c962b7c57d6,0
3226,1327925580-c0055acd456dafd2eca354b45dabda49,0
3226,1320475560-8ef0416ef3fb704052f662cc6c5cb4b7,0
3226,1323905700-1c4c1bcdaeaada92d594eeec4847490b,0
3226,1320659160-7a179d094ac508aefc389eda543ad604,0
3226,1325001480-c5f9baef9092301ba51c0470892d772c,0
3226,1325001480-2a6efe3f16aeefba1a5bca996036b242,0
3226,1328010060-7936fcb98662f66dbc81d448e9adfda8,0
3226,1327680720-5d79f8d8d1f6ba0044569bc606b79ff3,0
3226,1326704160-000c96085d7a2678765a1d91d7589fe0,0
3226,1323140580-3ef41aa6de60408ccf20d287318247d5,0
3226,1322781900-5b61726d2e335ea591a26ea28bb2a273,0
3226,1323361980-b03a2fb949075cd27ecaebaf2929aa23,0
3226,1327291260-c79bc63e2d7c5f41a40133b571784dc6,0
3226,1326415500-6374f80a1529cbeedf4868af88a410b0,0
3226,1327678500-a9a45e496fc225f0d5510b01e4455ff8,0
3226,1323279480-5bb2ac34e27464ab81c9246db0f8f9ea,0
3226,1327004340-0145cb12b8fdc981bea66f64fb9083e3,0
3226,1328019540-dbaf9beb32e101f08ee04ad5cbb6572b,0
3226,1320721860-0e5dd280e178f0b43d87de3b0a760b5d,0
3226,1323096420-9b2844dcc55463daf761e8bbd3b287d4,0
3226,1321075740-88970f715d0d3e1c9b73453b748f93f4,0
3226,1323148740-f0bff85a08cccb88bb637ec78f0d187f,0
3226,1324608420-b8e299fd078a91d67c205bc70acc1a4b,0
3226,1326073560-aa7cdd5017a239272007dcfa99e30f9d,0
3226,1326069960-7c87750deb3993ddfeddedaa33745ae7,0
3226,1324042740-207b0ac987c8d3d81aa5313e77cf1e01,0
3226,1325680320-bf79811ef86f1500d5854929e35f66c5,0
3226,1325113800-0d403940cbd0916a7d30d22509570c67,0
3226,1327422000-4eb3f49a3bfd774abb1fa35d874f7946,0
3226,1324863900-976058dfbc2695b46d649447098ad253,0
3226,1326409440-bdb1e58a5851f5d6279ef8949467e97d,0
3226,1328014500-32805544b7dc082af02a2f6c786479d4,0
3226,1326376980-fbbbb07f668f1b66426fd18ce323aa7e,0
3226,1320599520-40c8c264f2cd9e17f47f8c707fbb8baa,0
3226,1321169460-a09017687613ef0547284d288b6448ad,0
3226,1324038060-c2f07a8600a1bf62ad409a7a16c7be2d,0
3226,1327191300-56e4927002a81deed29222ad11fb523d,0
3226,1321612260-328b2defb11561386faadbcdba79a356,0
3226,1326843960-95f54cfa240ed374b1eee1dbe93e418c,0
3226,1326895140-77edbc6fa7393de8c6ea99ea1960f6e6,0
3226,1321323480-2ea28d45b02d3e1a9b230446408195b9,0
3226,1323110460-86345a909c22252703bdbfa77ffc2fe9,0
3226,1323491940-fb3a61ba210d177df14ecf1785e78ada,0
3226,1323207600-db09108b6df0471b7b74903071965053,0
3226,1327809600-ca5b9f5a10a01177ad5f70ee9bfc7e82,0
3226,1325371260-192d514807863c2b060a6ba678adb3ff,0
3226,1324257240-6990691bbb0a0713d436f0666150c93f,0
3226,1323282480-c7734b2f789ba4a9cd2fc05a13d0848f,0
3226,1326516660-3d9214cb487861cc7d07cc09251548bf,0
3226,1320216960-ab3325c592eb4ce852b642d7c4dc9982,0
3226,1327636800-4dd705a3f9b9a1ef8c601501ef1ab287,0
3226,1324078080-460ede2e63b19d7e8a904d7838ab4c0e,0
3226,1324423860-c4b97c0add15e49034120179517dbb8a,0
3226,1324099560-091746f1272fdd9e78e0ff25cb1dc215,0
3226,1326475440-bdcf73557797413ed1af1d4b094bce7f,0
3226,1327609500-0d3f96862e3355f4cb9cde2c0e1f67c4,0
3226,1327270500-3a54abea1bedd88e744b6d5c464c330e,0
3226,1323110460-d7043a3313e52e021aecefbeb33da241,0
3226,1323148140-7ac0f2d924166db95baed15b93afb55c,0
3226,1324477620-9b8fcf7c7a85845f469e0528b93b962b,0
3226,1321239120-39634454d026468ea2d7b3624dda4b34,0
3226,1322746920-9c0040e8b6df56ffff1b55948459f756,0
3226,1325697600-11fb18e456625670d05bdc638a859ea2,0
3226,1320483120-596615fd90d545481db20dd4a0dc6570,0
3226,1326318960-b4b6d0ad870278c6d0539e31967d5e49,0
3226,1325741760-3380fd70c266e2e7f14ec803761e9de8,0
3226,1325895840-4483bac3545b18f6f9c19c6ced73d166,0
3226,1322193240-9e461e6c95f8f6f37becbc7953632816,0
3226,1326292560-45b1882b5e8b8c70cfc30ad2a616d7ed,0
3226,1323200340-04e1903073628c4bf5f940ae8f43c42f,0
3226,1325084940-442de21b23d3a9b70b5e7020f3125be2,0
3226,1322617980-07c298a8285fdacb3df1a253d75a6e5e,0
3226,1324161660-c499b639f554875c7ecb425fd3c2dd5a,0
3226,1326343860-40f76591bad3945d41d60a0e4d10b96b,0
3226,1322875080-ac2a151692e25ea67bbadf4921af324f,0
3226,1327872420-5c97df2114dc0ae05325960bfdfa1f75,0
3226,1322506560-fbf077d2718ab9743217427ca0968c9c,0
3226,1320819120-456f2957d1fe78f8719c92f117c36292,0
3226,1321751940-8a14fa3b3f6ec4e3d70942f7a83097fc,0
3226,1326823920-96a70bfed27545cfafd994f13cb61dd5,0
3226,1326809820-cc50b5fef50e03a99b0e0b74eee069f8,0
3226,1324094340-d0adf0f927a6a887d1c31740010e6505,0
3226,1321380660-ba3f78d107abd6ffc9bf1d88eff439ce,0
3226,1327351500-a1d5b5ce5ba65ded3cc64b9fb11e1e36,0
3226,1327969200-753f616749f671d9a730b454867fd960,0
3226,1322835600-0eb19937171998d3c442185219194019,0
3226,1321288320-ab2a96320c855f007cdfd35df5c44ad2,0
3226,1323975360-f4987066c49da529a5c3fe1fea2992c5,0
3226,1325024100-f83f85521bdf2223a5c5a53e44af7753,0
3226,1320198120-933b8a30fa4166d1e347542de601e959,0
3226,1321915440-1d43685e8e4e93f9d6ef914ca4c9feb8,0
3226,1322771220-7bf9641a5a79abb2ebeb6b1628d7cb14,0
3226,1322802720-a6a9d3280d9873a7a00978535deadf4c,0
3226,1323096180-b4112930eb6f32313eec32cdc422a51b,0
3226,1323470880-31d78f9c6c31f25bae1b939bfe550f06,0
3226,1326571020-a43d550ce2db51a8699f767c7c68a298,0
3226,1322882880-250c70ea72105812dcfa0046a5d7f2f1,0
3226,1327681620-28743f742a6cd84f4406c69569c1fe65,0
3226,1321597380-27bf9d80e56b06175e565866352260af,0
3226,1326873540-d3a114d83a6d00c624b85d6822c7ba78,0
3226,1321685040-aa95598de8bce541dfdf6db8b55e42d6,0
3226,1324770240-f67f566a66388eb721fbe394ea8edabc,0
3226,1320530280-8d290f472f48738ae3dd70bccaaa499e,0
3226,1325052600-bbb27d2ce2800627cad683f2618f93b3,0
3226,1326198300-2b14ebe683b151fde865d301a26826b8,0
3226,1325994240-bf08c24f082f85b02033c7d55adc80e8,0
3226,1327314900-cade103fe1c521003cad6045efe3a33a,0
3226,1325751960-81afd0ce2a84631c3209a6d3de6d1a8a,0
3226,1324412880-dbf273a9fb9e3d282c51a6702069009e,0
3226,1322365320-782422f38de41d60cb40c6fd7e25f5e8,0
3226,1326787320-4b68dec532e2328978f7f55e93bdb29a,0
3226,1324911480-2edc843f5ca8e8c7270b647636dc99d7,0
3226,1324686360-a52e39a9e4a8da283505cbbd11f8c2f4,0
3226,1324161660-6c5be1f1f8e3cdd943fd1fbc593157bf,0
3226,1321086120-5a90e85456b07a1d5e27331c88a7df0b,0
3226,1323838260-955e6c07815270fda675ccf26a8cce82,0
3226,1322637780-29e2618ad626e0114aad0099160f101e,0
3226,1325661000-3c67ffe5ee9869ec842c444f8f90b1cc,0
3226,1325994240-6567e2643893b3c7acc5a2e80c3520c4,0
3226,1322887080-b1f566c5914b2e99c808458f6af7031b,0
3226,1328060280-b49e2f0e62f40239ead3cb3489d55de3,0
3226,1325900940-04d4e51a7e0d88ff7de141805ce95250,0
3226,1327989720-71476b4d955b9c3dc3d4a82bc07e7596,0
3226,1324827600-c89255390ede5adffd25f98fccfb2852,0
3226,1324397340-f5b00e1f15af6e2c1134bfc8c871838d,1
3226,1325409720-322234252867c85cd86deafbf1b0614c,0
3226,1327107360-2caf91e987cac7b58785a9d7e4acd876,0
3226,1320697680-b3ded1f8b17399bd96e9257020a3b3e7,0
3226,1323764040-22f07446fb85a8c23ebaedab74bfa036,0
3226,1324993620-233632dfc134f1e76526ee81f441480a,0
3226,1324480740-6c88ad561e5d1bc6a41fcb5f7fbe9acf,0
3226,1326519360-75926a22d2fc3b93bb12e0796c0ff63c,0
3226,1327954920-a3983d70a2d066473ab0c8c3a6b4ffe4,0
3226,1321148820-4027071a9a3e113ee6ac1a03f4f9f475,0
3226,1325129220-237fa1357702fd39388ab5acfe5936fe,0
3226,1326600300-c03cceede40fd27d1ac61b60cf1f67dd,0
3226,1322868120-49138dd01c5fc42919eb1432bf1472e3,0
3226,1323985560-53df5f00cf9134891c37a77ea41bb7b7,0
3226,1328057220-9abec6a90c7a8c45cf79483fc8699206,0
3226,1320141180-45ef7b8b66b09d5d3e34c998b42bb906,0
3226,1326203220-1bc3a7591e3507cd6a4438d9a3318251,0
3226,1321083540-3ce80ae48da9885d8c18a9d599b986d2,0
3226,1321844760-3d1220ec0d629c862530bfb5b0c0b832,0
3226,1325620800-2fc36916821027cd586a5fdce2c4e976,0
3226,1326516000-fe42c63dcb6d7e44318761fdd8ca9f11,0
3226,1322499120-851e96af3c8b5ad3b14dcbb53382588e,0
3226,1326145200-ff881696d6c2d846a46f4e66ab63d034,0
3226,1320946800-488d76fdf5de2d199c76c79087ec8646,0
3226,1321636440-115862e28f7ac14a174decc2a554403c,0
3226,1324606320-8c3dbf92a43bcda5decb44e164946446,0
3226,1326947760-7aa1eb6b0ca2e304109dbd509e5b1f48,0
3226,1325445720-ac50135ecf26e940d79a1978a7261efa,1
3226,1327209780-804c403160d9c28a5956cfb084aeac8c,0
3226,1325305500-9346be36f6b5edc8b13ce55c6f050c9c,1
3226,1325305500-b15f70088606077c0f4f9240122f840e,1
3226,1326632280-c42f40138f7bbcf9a52072961ecfa968,0
3226,1326172440-819277fc6fdf577a4b738fd541e4bb96,0
3226,1326007020-a8a6dec4ef603124b8c66c2888c410c4,0
3226,1326919080-feb97388c4dc52eecd992809e8dd0e78,0
3226,1321560360-8af7dc0049414c7ab42428ade482ffb4,0
3226,1327942320-0a68f3f81d25120c92f6e868da037626,0
3226,1322838960-2af0510d31bc3ff948133ae9be2dc015,0
3226,1324886340-37b8af5c13c199f31ae11297333b85c7,0
3226,1326106380-62f5e2ccf0f8d058f2f952dfe694001b,0
3226,1324570080-98bfb62d0452b4fc99169987ea14ef36,0
3226,1326173340-7f4082afda2e08b40551625d78878cc1,0
3226,1325351400-079a0fd290c6c78f075ffb54ff54025c,0
3226,1324912560-b3d0da6f5afce48dab4450974c46c1b9,0
3226,1320816060-7dad96ae126e9bb8523a08cfaaf16858,0
3226,1326892020-04c10af7236dc39f5ede3b2f7fd1e03e,0
3226,1324343160-5aae3258f30a2a849aa3ac0ae95d36de,0
3226,1323962460-9d874fd8ba79d466260f7dbf62c5c641,0
3226,1323806100-558dbb501d366bd5b9bda62e7ac52fb0,0
3226,1325897940-0b7e2862795a4f2def6aae0d070c401e,0
3226,1320586380-a504c6eed41cd89b550b39878e1b4a7e,0
3226,1326704160-176e4ed48e407fea2f2286c1f9d97abb,0
3226,1327654800-089fefee3b254dbf3efd3e37ad0fa5f0,0
3226,1324478940-a93a1561d5fefa782a927084f054c81f,0
3226,1327520040-019523a763b7934d40398953cd7a4463,0
3226,1321905840-cbf6c9ac02e3ed9564120bdc0319c6bf,0
3226,1325075400-064a5954050a1e0e2904da0a03458e96,0
3226,1321557720-0c9bcbd173e45e3f1ff3f354440a81d4,0
3226,1320673800-2c750eebd6031e18ba724c2c9f723e05,0
3226,1323406140-d530f24618d0de0fd2c2af638dbb6e7f,0
3226,1324621620-38328842fdc3eb11140bea8c0600055e,0
3226,1321231500-d1fe97204d0ff6b056703bbd0d280c2a,0
3226,1326889080-99de9e3f9fa2553e8655ebbc8adf5b12,0
3226,1323160320-cf56ebdf358ea00721bf6a42d88598b8,0
3226,1325262420-a18aa49ee1e9ee6dbe54a3b5dd9be2d9,1
3226,1322435040-7ded9effe1ccef720cd49e143b07c893,0
3226,1323838680-c47566558df6b0d5bbd0fc646c139483,0
3226,1324014840-53d8b842c5b95fbe2e57f4e78f81cee8,0
3226,1327620840-36c770bc72ab47a9f26e0b33272dfafb,0
3226,1321799220-4439dc6da6d444b47734d77148b167d2,0
3226,1326845520-9c882e99c1dd01ddbabb963d94e6a370,0
3226,1322591820-b27a243e424fa87ec39d75ed740d73cb,0
3226,1326495120-8b9fd69064dc0219b319d501a9b14b52,0
3226,1327649400-c4182787eef9735f530ee17fc6cf26d8,0
3226,1323110460-c2014a9131eccb7141d49dee1998553c,0
3226,1321643280-dd1c120c0ae249da475456f2dd8940f8,1
3226,1327432080-075926e1d2034dbc8c9529511d4ac68d,0
3226,1323361980-faf1d7e17db2812a2e1c25ed8df5c56d,0
3226,1324443000-07abdc6c2469142604b925f18b6a937c,0
3226,1325173920-95da10a947126fcbfb7773036c41e249,0
3226,1321940220-4dedfa46d0bdaddce1af80eeea9f6459,0
3226,1327252500-86fb901f36a8cd183e93c14804a98297,0
3226,1326895680-da530d19d181ba5324e5c3bd20fc1d30,1
3226,1324286460-cc7ffe423c5776b5ea36f7b0dbdff50c,1
3226,1328053500-17615508b620a72b03d827cec4b4a59f,0
3226,1328025900-d821b30baf627780ae2b1748c4859959,0
3226,1320238740-71c3a1714bd9262b4775f4604cb99b0c,1
3226,1320862860-78c4b1da487f37abe2b1d92ef42d3cef,0
3226,1321031580-ae0423e6ad84e911b22919f15dbac931,1
3226,1324993620-c20437529319593d87e7f643e758e3af,0
3226,1324993620-3414f6ede646092cbf48c3021a56beb1,0
3226,1327506600-17850a984f54602878051ff04f80bda5,0
3226,1324480740-7d12ff28b23c60c8d217b65246d45c14,0
3226,1324639800-5c34f36a9215e36c8177b223adaf48d4,0
3226,1320838020-6898c1d4873c73f75cf82ee69926e43d,0
3226,1320795180-dde7927e975b355f164c74187f94d6ff,0
3226,1326388560-9ab0c72d1799163c905104a8f155180d,0
3226,1321051560-64bcefdfc09720564ba8934f53defb07,0
3226,1322579640-4fa6bdcb5bb6cedec3f51b74df2aef0f,0
3226,1327836480-9b3bc4e42e426ada9a3013363468db40,0
3226,1327836480-625bbf124413c643f8055863881efb22,0
3226,1321572660-4398ab46c8b7b72e3e0d541229a68190,0
3226,1320969120-ba4ebbd295eb51bb0bdd88eb2ee3ceec,0
3226,1324584420-41bf10f4c6a2c278fb288ca43d947433,0
3226,1321456140-2a821bdbdd026f09b03daab9e06c9e8a,0
3226,1323585420-0e4c228f5eaa11c5c4274875bc3d4d75,0
3226,1326808920-a1bc62e7e2a16d1afeb3d79229cac9c5,0
3226,1325197440-f2854ccb4bbb7ffe3b9249ec83ccfdab,0
3226,1326640680-f052c202e274ccb6acb409b93ef85905,0
3226,1322754360-174b1b78d8b4c140ee9cd5dcd539df6b,0
3226,1327469940-3b78527f37a2fd8fc6910fb0247108e1,0
3226,1325750100-9a8e6ddd46fde416cfaeaf98a54d0874,0
3226,1324693560-66473956111963a54908fe88efceba26,0
3226,1325270940-6f41e3df6b47821cee00e579143fbd1b,0
3226,1325350440-d3d451f2d3ede8cb04dc9ce7fca2d7cc,0
3226,1325515380-da07631a97d46a9268e5de5ce6cf6e9f,0
3226,1322269200-cf135050aea15146b8d65a4a099e6c1e,0
3226,1320530280-9fb370e765b8b61917e949532b22ff15,0
3226,1324510320-2976cfa4acfb93ee4b4fdcbfd14d4e05,0
3226,1326647880-6b5d830b0e5c86a13d0d794478a4e6a8,0
3226,1325941980-9d344ad1e88597131f5a00b32695a032,0
3226,1324962000-238031462131135eab2ec507d946d3d1,0
3226,1327819620-12cc9212d2e20b2080bf1ec2edcf4893,0
3226,1324434240-179c1b3eff22ddb634712be6c5ccaa7c,0
3226,1325760360-2aa2d0833ade07d40baadaf82eb8ede6,0
3226,1320704820-687d103bc92d289d69b6c8d7257eed45,0
3226,1321662240-3e82afba391d57eec55f5d05aec57280,0
3226,1322560740-5dc2a5887792f661f7b9d5150dc56f6b,0
3226,1327766280-4892e1a864ec173af372e9d057530aa3,0
3226,1326414720-3a0c60b6ded1155eb2e21416251e3602,0
3226,1325823060-9eb1069799412cfff2ecc9548565c2f6,0
3226,1322962020-af40db8ad9a1b95574d5ac40edb2ac07,0
3226,1327679400-4764c90d5ad7c3df60dab44f7efaa0f3,0
3226,1323665040-260f5a360b509f4bd4d17436e86d7f87,0
3226,1324993620-be19381cad2adb1f434215e0027841d1,0
3226,1321591740-17c6c99539c167d21b153d0667d97ba0,0
3226,1326918060-0f33675eb3cdea90cc01f1c330cdeca8,0
3226,1326818280-7e61b585164008ecca4a39b04dd6178c,0
3226,1323011700-21dcfd4043084e51a1542745b2d81fd5,0
3226,1327392000-c14276a45657e9260b990943d97aa45c,0
3226,1320890580-033ae2eebcf56bd7f333c13e6700fa70,0
3226,1326222180-2156332fde9dbb405f7d5ff4011cf8de,0
3226,1320530280-85f3f65a5f529e641cc6b8370bf0a1a1,0
3226,1323924840-70b98135e5db49e0bcbbc9a999275a38,0
3226,1320608220-fffb5cf167552626d85e9fb81f49468f,0
3226,1323718260-76792ac92a421460c1227f927b0f2256,0
3226,1326600300-651b6ff84ef5ecc0997cc09ab1b3afad,0
3226,1326601080-727122d6ac9201df39bedac083c6112a,0
3226,1327643040-6ea44963a366348ecb63a5471f4b6904,0
3226,1325129880-8f1b907a0dae0f146fda1cf881850878,0
3226,1321886820-a2cd21c9f34b320271bf6e08c21c83b5,0
3226,1326943320-da3cde23e09b319be3faa74f7e573624,0
3226,1325129880-060960c6d9f3ec6a6341b35b540bfc91,0
3226,1324315560-5757255a004a1f11caaa1dc3a2f47eb6,0
3226,1321676940-39998e5ad36004ce7b0ada110cbd0a66,0
3226,1320719400-4b5f95a799fba82def6a9694a9273f4d,0
3226,1321024440-7417801b0fa323ae566fab7746f7ee63,0
3226,1322806920-6451d868f920586c97cb16149fc380bd,0
3226,1320815640-7a09f30eef96e1002cdb1a6438e06a96,0
3226,1320628260-12c2b7676a90b2a0a9357c6bf05f9f81,0
3226,1323011700-4fd259c0595312b54d9713e2f88a0f3e,0
3226,1325634240-822cd27edc799041cb8e0c56aaaa7a0c,0
3226,1326290880-da52050ddb3674c0b3b640ca5aa0aad8,0
3226,1322962020-f0c8013be0f6f8e85b401ed4cc0a0cef,0
3226,1326261960-a66c024534f0bcb9c859a438e39ef919,0
3226,1321636440-af3b9bd8d3ee0e9a7d6775c7a9eb9ab5,0
3226,1321920240-c07afa03ad7868e610ce350986cfe8c0,0
3226,1327554540-8e152cece0298d8561382dde00b00e98,0
3226,1325247060-a12d9bfb5820f72031ff385b7bc2ef24,0
3226,1324618080-cb4ae4d2b2583816344d853a9235e32a,0
3226,1320813840-dc40febadb8cc44eb6325aad967be5a0,0
3226,1323630540-addb98675a4d1e246fc77d67909acea1,0
3226,1324435800-2787b2f8e006cc19b6a02ea55c4e4f26,0
3226,1325351700-6caf551d5d71c3ae16803e113c8aa7d6,0
3226,1326503640-10c4f47194aaee3503da68ffe7aa0684,0
3226,1326507000-9e5418a4cceb82a93f8f6c4e8ccb6462,0
3226,1326847020-708633d393e63b14f3943cf41aea4fb6,0
3226,1323315420-8a5701b7146d2bb86f87834d1012ab89,0
3226,1327061640-64b2248d5c2daf66283cf8d9b3463181,0
3226,1325047560-c0e2cc7ee3b1f8b3c3a8e7ce637aad79,0
3226,1320530280-6b08984fa6a35dd3a5b53e231d36929e,0
3226,1321494180-8c73a58c1e39949e8ba55fc807e476e2,0
3226,1326923520-bf0528529d112a77121e10e4839e0f00,0
3226,1325713200-55de8dd988eea79509fea529ee2e7206,0
3226,1324145160-cb05533c094b4df3079ee26a98dde62e,0
3226,1327095780-59b39c4389ee51368e0b0b2ce55d2d30,0
3226,1326630780-06bf85856f373011b0fd2a5581ed11e1,0
3226,1322111580-c0c86255bc7627866e0847467aab27ab,0
3226,1320649860-226958096cc5bc293ede1b0a3646eec6,0
3226,1323298800-1d72e6d97ce885c607afda3faf08d2af,0
3226,1324536780-3b9cd5151b8132da0e7a971e39cdd553,0
3226,1321677000-7642fb213d69e350a40356ce1a541522,0
3226,1326851160-7701ed6fdd496bf0415e06d193a88eb1,0
3226,1325688360-9e492e05e5b0870efe228ae6aef004bf,0
3226,1326607800-137906e4db8dd61d9affc1ad1445167d,0
3226,1326754140-8bcb4fec312efe0610b3044ef96035f4,0
3226,1321986780-767f06a436f27336fb4d77492081714b,0
3226,1321427580-c79fa16a2dd3a4410a2d55d5e9200042,0
3226,1324422720-f9788f2a647f58f53265702f049a14d3,0
3226,1324186380-00f9a364f9534d4144fbd730cee9d4bc,0
3226,1327989720-888d2247c01b3ac58d00937537dd5593,0
3226,1324258560-1446544537a6bde9bb05f8afe435435a,0
3226,1322634660-0df927ac4a5c45aced085f9778a5bfb8,0
3226,1321913760-b8f4e9925cba9938f49ce8d8fe6a7ac5,0
3226,1327514220-3aec72306ce0aa396bfc0aa74deba451,0
3226,1322418720-f067c452dcaa1637d82399453258b5a7,0
3226,1327123080-389761324c12e12eeec01a2b0147f033,0
3226,1321051560-2ad967357d4acdb6131bb3654b32bec9,0
3226,1325893980-c195b6e2d681453038aa97e60ba0e4ab,0
3226,1324527240-b0b90526da7f3abed3156af16cde797c,0
3226,1326333180-fb3f35200129725dd411ee8ac9f6d1f3,0
3226,1320984300-693dff1de0fdedb7ad94ebeb0042f120,0
3226,1321644840-aa6634add6eb98ef8554d539f74f0d28,0
3226,1321362300-436eb86c730f9f497f2de73971ad51cc,0
3226,1327374960-909495a87c52b6c8c57c6559f35a584d,0
3226,1321336500-9ec946ae6ca521bfc9ce60c21387cca5,0
3226,1321480260-d2eece59b29c8c3a6d54dbfe79995464,0
3226,1325290320-2f44255bd14776e1f384b143731dc51b,0
3226,1327930740-630acaa6bb63ef6a9dd74e89c8126a3b,0
3226,1327185360-d3df9d25a100c1e2a900bce4456ccd89,0
3226,1325728680-f8644d98b9dba8cfb8729c03c88f5a7e,0
3226,1322930460-769cfd0e9189ddb94ea4e64c49b662f0,0
3226,1323096420-9cc9dd00d138d2cda6b1438849f6ca2e,0
3226,1325791020-a9bbc2f176804b52df7b975cfa2092f9,0
3226,1326915660-5f258c6be0a66e8c003b0d41b6ffbb43,0
3226,1325173920-59f75a6305b0b906fbea770846d61050,0
3226,1326858600-7e075aa14acfaa0826e926ef056f0fd0,0
3226,1326105600-3b7b70b0ddeb3d0a48d927fd130646b3,0
3226,1325217660-4df7b0e6388ca39bbd61d9c0c31c627c,0
3226,1328053500-d0cb40c0a8347bf056e861268dbc1f41,1
3226,1325913720-daf0286259e58d6ffbc025aa036830c8,0
3226,1320238740-317f953f14d99a48488fd7f75aab111d,0
3226,1323869880-b5bda4c8713fff87d3c4c43e88282a83,0
3226,1325028120-b2341fe5eee2727c7b2b51396c6aee8e,0
3226,1323761820-970213a4e2464c5a6eb1a22c824a5644,0
3226,1326418980-11755d12a7d2904fd93320d3904650b3,0
3226,1325971140-ad0726535836c776b21ef585cf3648b5,0
3226,1327366800-c100d5404279d3fce0ac77c3b5b7d211,0
3226,1326905940-75af1e9bfc47615b31919d8aaccf6342,0
3226,1324752300-1cd65f5e8f9b4cded265164275fb81b8,0
3226,1325643180-5a643f4b09646d557ddeb71acd1eba97,0
3226,1327287600-b9c3d48cac65b18d2863245759bb2abe,0
3226,1326480120-16280718f474d2e071c8d085fb0436a0,0
3226,1326902640-d92fb9aa4bb382a079dcdb7ab6cb7b47,0
3226,1327099680-5a2882991d934893799738489ecad625,0
3226,1323270900-a886ea3a9a80da702851b0217ff18920,0
3226,1325651400-f29dc8eaf601260998dea0bd56cca2ca,0
3226,1327432080-36726bd0202a2c9a13a504ca04dcdef6,0
3226,1325671260-a3f2564c9a201fb052cec25958c93de5,0
3226,1323096420-ac8afd98cef248864b006d40c06f90f7,0
3226,1320797760-6a0afeb49a2c1b23d20370855ef1ef6c,1
3226,1322847120-3d6449554f7186f1a2f256e0762cea17,0
3226,1323361980-ab1488fc79dbff395a36f83dd0ab486f,0
3226,1326947760-1b46334a1747548ac0de38a190a1b1c1,0
3226,1321051560-9867d2b6c1fe3a30ea2080b699d95a4a,0
3226,1323576780-4873e5614ce0761eac5a71dab7012177,0
3226,1323977580-b3157dcaa26622dcea653831e9fa9301,0
3226,1324319640-937eb0b61a59ca96c1fb01f938cd31c2,0
3226,1324161660-f9ba6b8e7cc6aef0aa0a48d7171c5e73,1
3226,1322037540-dc127f90c074dc601a054e7187fe7e75,0
3226,1321716360-35f4a88d7e0da56967a8df6f326c0a0c,1
3226,1325691900-841687bd111f6dcedf412164184d9b2f,0
3226,1326895680-3dda2e02cdb1df44a1e9a0553c52317a,0
3226,1321886820-7b8dd0f28aa4b767ad96839542f9df03,0
3226,1325409720-b7cfd31855ea26c2b11d9daa9a427b62,0
3226,1328053500-9b9f17b7d47723920eae4968551fe164,0
3226,1327432080-2e284a4106ef66a4725c34ea1cc8d402,0
3226,1321031580-b7e9cedd17cc4694f693f3c0853278a5,0
3226,1323313980-101090d065cc65462fdd2a9d614f07e7,0
3226,1325349120-23063f5086e76a6cffd4f53d98c938ce,0
3226,1325876400-6667c2b3d105f4b5edfbed62b2bd10af,0
3226,1320816360-4988edc2621e760a0f8791d86a5ddebc,0
3226,1321992120-a540092793777dc3bc86e3c2010f21c7,0
3226,1323271320-a1cbbfbb1661029df47eeae151e77342,0
3226,1322939880-d072953d38d47c45b71c264fa37c0b5b,0
3226,1325949480-f08497388881fe3deb85a030df084aaf,0
3226,1326495120-b209f06f2a2d15a5375dc814dc736a93,0
3226,1323906960-052df018868f8a32876f3514cff2ee73,0
3226,1325108220-54bb69122797654ce06bb2b5bc8711a5,0
3226,1320556260-492eb4c4aabbe8ed9882869a4df9bb07,0
3226,1320902160-80e6371147149b4292fa19e028366cdd,0
3226,1327725000-0cc27fc93e6a9e538d47cef55af428bd,0
3226,1321913760-6a456714497a66bdce71de236854a141,0
3226,1323699480-96f4f9b5939687c6d1feaea32ef5899b,0
3226,1326864660-45f501a097e329db30e563ede7845d3c,0
3226,1326732780-60857284accb37c1e193b5278a0a8200,0
3226,1326645660-fa3785f5ef86a970419f5597a4030357,0
3226,1323444360-786fbb5fcff64aff204091aa6886d786,0
3226,1323888420-6a02fbf78e72b74ffa1ad5b21d8dc107,0
3226,1327362360-9289e02906e856452a12a55abf56fe1b,0
3226,1324014840-7a21acae9ef326356e471a764f531165,0
3226,1323788820-447cc1015eae843fe7341d673e6dc332,0
3226,1326825840-c47980b0a8424d43579b6e9d07f8ee79,0
3226,1323921780-8c01da48864a3ca32e4d4a0ae2bd5c13,0
3226,1321941840-2d97f27273cb02ee1afc5f5468af7e1a,0
3226,1327012500-b9e8ae66cc35989ebbd28c4d1e2d9c93,0
3226,1320886020-5dac378c55073045faa0547b2144759a,0
3226,1327836480-2ad02bf5097efb878fd638d11bbaf58e,0
3226,1326029400-a7ac9644509a0019ae037a60546c1bd2,0
3226,1327705320-52fcfe16c27cdca57fe949456e4aac29,0
3226,1324173360-c194b9221a1758ae3162b2bdead69106,0
3226,1325310900-cabaab3948a7201aa943d266044e888b,0
3226,1327725540-215b223f73455afa313270aae148ffdc,0
3226,1327217760-ff34567cf6247a3df605bfc3d914eee3,0
3226,1325050620-1c10ed6387e1a944a3fa8300edc884f0,0
3226,1321725300-4de2c9c9bfe3f53393190bf3d9d4fa7b,0
3226,1323485580-661e8a3ab19d4d7d54bd7950bb780579,0
3226,1321789020-09036382d160bf9679c5c1c94c7693a9,0
3226,1323846240-4675edb9920c260415a56d797b9b92a4,0
3226,1322551680-60a32c0290f147025f04ea965a9b7c86,0
3226,1323874740-936fd9eae977983868764514ab5e160b,0
3226,1327374960-46984a678c28c5b7ea21a9490e49d76e,0
3226,1322823780-295a3c8f91e992aedf2f23e8bf1c8643,0
3226,1322464740-33ddea52fbe0102a9b5cfb3a88811715,0
3226,1321196760-5dcfe373a7d92d5b30a9907dfe8f0731,0
3226,1321680180-f0210dfc83f3c79c377a8a428567c57f,0
3226,1327711500-c210a3244b559e520d4ba54ef932e44b,0
3226,1323921780-1ee0e38ea2c7d4cfe86082b89ea52f8e,0
3226,1322788620-8741695b50613334a1f2e27062c5437c,0
3226,1320904980-c49936a8328a5d29cca98ada36e22824,0
3226,1326344460-2cd70f22ebb1b9436bcc0fb52049c474,0
3226,1323698940-8dfbee6e46ba6a143e8844800f862617,0
3226,1321999260-2d727cb5f9049d70c604ed7ce98bd8d1,0
3226,1327592160-bbbd54a78e1ef4d9c3861a60b9ed26cb,0
3226,1322657220-dade5dfa296188447fbf830515d3041a,0
3226,1323313980-690a82e463cc6b022f9cb32847200012,0
3226,1326393420-1935cb44ec75c46baacb331d97d926c3,0
3226,1322787780-bc7b5da3dd5a4e3a33850b6538526a43,0
3226,1324571640-459e8b488eacfa2d11b542534f343cee,0
3226,1323390780-a6087cd827f1386c0b181ce58563f7be,0
3226,1322028780-ad9465eb2c63d24e404b4d0d083e581f,0
3226,1325898840-307ae0a29aebb757147b883f71800e17,0
3226,1326759900-f7466cb6c8fe2d56d34c5d0a0206074a,0
3226,1326503940-da82b78779c7abc94ff3b7012a24cab0,0
3226,1327796880-7b5a92d09caaabc87c079695c807dd8c,0
3226,1323290580-0f2f15ed9d3131983ed634b22e47b10a,0
3226,1321795800-29e7723a5496156bd6d613b969abace3,0
3226,1326922140-98b47ed6376109de4b6eb73913fdf56f,0
3226,1323992820-b8ef961271796541df03c76566a8a2f1,0
3226,1325114100-2f57c5895206232405602ae03d03b6f7,0
3226,1321385280-5ddbac4d224951f6a267697679db5718,0
3226,1327836060-fb509fb9bf450a540eebd3433337387e,0
3226,1327637340-063ca6da28c896c0bc5e7d51e452654a,0
3226,1326261660-031740faef751d0d7d930a62bf885dd4,0
3226,1327530300-55be9fe87bfb8fb0a18afa590158cad3,0
3226,1326444360-f1aca4dfe0326a73f3b2393016f9a2ac,0
3226,1321597380-c783eb86929e281122ff445ea94a5206,0
3226,1326132120-6f1c2d4426086446731ffda7c1b370ad,0
3226,1320768540-1d75fd4bdd9bdb6b15d9a249393f419d,0
3226,1323986760-c49edb4d5190471cf9dfe04e2c42247c,0
3226,1326681000-8338641e38780cbe376b3f3cfe35c451,0
3226,1325112960-45e8c1254cfe981a2d229e596af7796b,1
3226,1322534280-333fe7aed53003be4905f40c36be2b39,0
3226,1320196440-c1325a63cc1b7fdd6edf7d2337473ed4,0
3226,1325566980-af495fc78104b4ffc9730cdcafea3739,0
3226,1325826180-32981294dd25642dc6971b5cac30731d,0
3226,1326105600-168d566d3744598ece77b78240997d16,0
3226,1322317080-fb37e8767a70df7637e3c5aaa22246e1,0
3226,1320715800-c70ebb3a9e383b5a581f347942b7a24c,0
3226,1327191420-962067796e115b0ccc7fde35292fae4e,0
3226,1323398700-633dcff34a16d0d2cbe12c8f91867066,0
3226,1324485060-ac1a26104d97bef69b30999ed1be9ceb,0
3226,1325815560-52f3c5ca8dd57a4c8d51098e073e2904,0
3226,1321597380-bfe3d10ea52778da8b0303d8d290ac4f,0
3226,1326140820-8759397ff3311dc67d3028b6e8dfdd4d,0
3226,1327941840-554c57ace90e3f2ac954708507232f0b,0
3226,1325529060-0602f248eb55de60f9797b62a27be97c,0
3226,1326007020-d7ed2a79b0a7d92706423cfa5f7dac86,0
3226,1321945500-4fbd4eb2dc645bdca544e59c19c45b7a,0
3226,1320904980-4270dc78084e263d4487a0a701ad7a64,0
3226,1320611760-4c432124fae1debd324392855b06449d,0
3226,1327976580-83f60fdee9791f43898270a4c09b01d5,0
3226,1326343200-1a556401dce4a21fcba4e6f39e344e38,0
3226,1326939540-bfe9ae7097f4122e083bc299294a16d8,0
3226,1320865200-b9b8b3ba4898b8910f53a9c62a1709dc,0
3226,1326306120-2b4ac35a496a3233dd1537b1e075825f,0
3226,1325217900-587cbc5f8fe8f0d21254ec98a3029370,0
3226,1326853440-c73dc823793816fe74e7401a9630bb81,0
3226,1324846380-2a35c0ed6e2e121a29d4ffd588fd4c2d,0
3226,1324145160-7e2a7af5bfc1f910cb2c2a093fe5ff44,0
3226,1326916740-0ae482ed9bb81db711086d5c9a5ea0d6,0
3226,1326494760-69235971252d355d38dcb6be1051c7a5,0
3226,1324161660-2341fef545e88d6061ac7f99ffbd3311,0
3226,1325619840-53c8c0e1454257011b1067a5b996f929,0
3226,1322103960-c8229e3fdb3b11b7a140197cbb0ff63b,0
3226,1324866600-d6d9212537a7acf964ba04233736b564,0
3226,1327334580-010787f4f85655eaa10ed28752a621a5,0
3226,1326287640-88fcc3049b9c8c2a2ed70d5b8d83656d,0
3226,1325818980-810c8826e0b9680c3ebff782e3c6f316,0
3226,1322962020-cfd1e1864ce59cab49d3bba8ea8f01e6,0
3226,1320946800-4603881dca5773e5dc8bbbbc27692de6,0
3226,1325257020-9861ccef2a05e529182c733a08ef27da,0
3226,1327975200-8bb04904427020c56c4c6d8681959cb6,0
3226,1321115880-0b78291b97702048906c5f326b1b303d,0
3226,1321449060-6a5f104738d828d31ab6c1bbaa448c6d,0
3226,1321219020-546ddcbcbc43a188eed871a68be81e8b,0
3226,1321475040-def544d073bf8b79390560378dd8d5f8,0
3226,1321418460-406be0534e69ae9d701c0af1ba8d6b6a,0
3226,1326994440-ace319e543d014da2eef8bd484a8a8ba,0
3226,1325652180-fc2d392c1b34fbf21af6a9d04be0c793,0
3226,1321364280-64c835399c26529d2c2db66146867362,0
3226,1325714880-ce4889476110efe4e226ddd60903956e,0
3226,1323935940-b652b353075f6c98f97083f6fa4a31c0,0
3226,1327191420-85a587463ad887c093268ed1fecda52b,0
3226,1326283500-2be02a9a69919df3cda35984ffa8d8aa,0
3226,1321982400-033fd1a8ae073d8218fc2d2630e60f5a,0
3226,1321316880-fa00dab2efe8f19b1428d8e0966c8e48,0
3226,1320856800-722056ec7a3b397bbd07cdfc92bade0e,0
3226,1324050360-0a7cbb124b298b530e68d401c39caefc,1
3226,1325172660-2bfbd3ff48d2b69131afe20a7cf19557,1
3226,1328053500-df98f24cbc071b953ba06d8f2dcb634f,0
3226,1323869820-b8cd00c9ff27259641fdcfdaf3a884a2,0
3226,1320582000-b19a3352d68c11f8fa0c055bd5b315df,0
3226,1326864660-773941ad9532b5b7c2c6fc1e5537c66c,0
3226,1323914220-1b37f27f3c1c16ece56b9d182308e8ca,0
3226,1320862860-af16b9eeb7a88afdb0c7b19d0398be87,1
3226,1322183220-2888000c28f858fb8bc441a784dafc54,0
3226,1321168080-3cdd12bbbb7841c2460d44c1349eb8e8,0
3226,1325409720-78f9fcc735d8e9b8dcba915162266675,0
3226,1321809180-c4c7c80584e3a0a80467d0d455cad8f8,0
3226,1326992400-3e6662985c8600614656b41649d85154,0
3226,1320988800-d58ae27d524facaaaa13c7802c1b687b,0
3226,1327836480-2c3420320d0465156831bc31e3b3ff79,0
3226,1320967260-04d42b7c9060e37b52ba17df5f1479b8,0
3226,1326992400-824fd4cbd96527924382e49f2d682ca1,0
3226,1321678080-9e46e469956a0bc6ef128af148ebee87,0
3226,1325173920-023f3d08bf82c9ef4d99118a5d20b2d6,1
3226,1323622740-b69b3e012b9ed10c616c4011c6322880,0
3226,1327506600-959bc50d2bc18871a9796fd55653d152,0
3226,1321678080-ff353785d958b9c92bf64735548d0256,0
3226,1323204660-db15c853ab0296992d014043679dbd07,0
3226,1326902640-2afba61b6f9f34a40007851cd240afe1,0
3226,1323457260-4d1ac7c028570f9d22392c799dd3fac7,0
3226,1325710500-7678fe3bda04d7df9c69f6b61e264d4e,1
3226,1320862860-8d7a8f5a15fb0100d99a154fe340ef73,0
3226,1320862860-b0d0a4160f58ea742675f647071e9e78,0
3226,1325173920-7667dc814581ad2dfcaf599a454f2f90,0
3226,1323563700-c23584a5134dc7fed2dc4bbfd90e6fcb,0
3226,1324402980-21ff45632e3d9b18f24d074ff1d23729,0
3226,1320800400-259700ab5441be4072d9746bddd00052,0
3226,1327506600-c6ece428c8e3264b22cab4c97b8c17a8,0
3226,1323630540-44e5eb390b76d2f5e3be81dea7e60421,0
3226,1320839400-3411f4f6aa914eea43a5ceb4b64f1561,0
3226,1327461240-3f87f95fbd0a63c7c950d8a5199538dc,0
3226,1320781920-1a85da3097e4028d3683b7bff0d925d4,0
3226,1326604860-9a7059b4225fa036cdad65ade372c4d2,0
3226,1325722620-08605fcaba8bd8cf0b348936002e49ad,0
3226,1320180000-04a13269211c486655a9a5916572c32c,0
3226,1325704140-141fdf73caa8274a2c44525591ddedc4,0
3226,1326479820-2c183383655ec90a43535aaa3b4cc648,0
3226,1323878460-3bc322c24da1ded3017f2b7c0286a1f1,0
3226,1323360060-326583956273e003908bc2697447422a,0
3226,1327836060-3261034b81c06045966b75c723c8ffca,0
3226,1320454320-6820827550d7b8b6a327f9cf7bf0e0eb,0
3226,1326992400-de62ebcfbad70362adb152c44c2aa203,0
3226,1327990620-97b44d88a72c7aed7e2ab1954bcf97be,0
3226,1326817080-41e8efefc29deaaad3c7b4fa27c7320f,0
3226,1325397780-c3353e23a2e75229cba1786e308d153f,0
3226,1321770000-15d6720ba55530c01a65bd34b819b979,0
3226,1320238740-8222a336426c5705502c341bd2583303,0
3226,1322702520-b21686abcc30ebe50bea90ac87a4219e,0
3226,1324568520-01b41a94aee4bf67321c7fb7e6f43166,0
3226,1324990320-09fc4dd77ab68e493e1845817efcf80d,0
3226,1326003840-6152192e2093fd936a95975e72491200,0
3226,1328053500-5c82d810eb3313bd052b748c0a815b73,1
3226,1324480740-a30275b566fcc7b36ba01601dafbe641,0
3226,1325715240-f18fa421275e14ad94527b2ae6416ed7,0
3226,1327113960-7df1acf4a16630fb36a4266d841fa301,0
3226,1325898960-4f4c4559a54ba728fc1e460de542fa69,0
3226,1324558080-92de48ad678314f55d8559c4a88bea76,0
3226,1322802720-18ef4f8193e35640a4685480ae6ed479,0
3226,1320447300-b92c1ac4f325a265c7a08b0843be5107,0
3226,1325237520-b9c69c83b387a7a1071c7442a37c8edc,1
3226,1323178620-f34d56fffe1173a373a6e314d6c36fe9,0
3226,1326404760-88461c8d797224b0969f597785128880,0
3226,1325734680-2da1d3a48782c8a8faec8ae3ecc015a2,0
3226,1326865200-1b42cdaab18a4b8e9fc177905328c88b,0
3226,1323495000-91c220f56882ff43ef02e2157b2afb19,0
3226,1324533960-ce5f630d4b64cd032434387ec4e1bb30,0
3226,1326597240-d459f01c5c7bef4518a96d8ed1c616e5,0
3226,1326534000-37b1e99a8e01c97b745201a01b4f70f4,0
3226,1325086980-5dc42c539d5153a742c3a921f1252641,0
3226,1324499700-4c02a40f7fd4ca62ab246a5381861ae1,0
3226,1327743480-2c15b11766bd434c2bf0ba2e7ec9d40f,0
3226,1326244020-2fbfdcefb0e081fd1a818ae050cc6776,0
3226,1323238620-2cc1e3c8caef1b19a5b176d816379b87,0
3226,1324880760-d6b47d48c70552c512f8bc1c733cf595,0
3226,1325659860-a34d8948d86e674d383dca88be299a81,0
3226,1323307920-c74edfa5f64d8587a2c9a03490d5505c,0
3226,1326029460-afa792c5cd543356bcb42059c9eecaef,0
3226,1327818120-02717aaaa3ed1e7f0397b24d61bdf176,0
3226,1322937060-09a94b6d9268077a90496fbb2c329204,0
3226,1323217440-84be8cc74838a8d1563ffdcad423a17c,0
3226,1327532040-f9e1064d236c400a475e73c717901563,0
3226,1322588880-f7adcb22fb5b90a373125dcd213bc2d6,0
3226,1326786780-794e8bf3ff60ddff13a299fa91518f79,0
3226,1323821340-54662f7ae12152ac882ce5d12d0f06fe,0
3226,1321502700-449f1691d651849cf92373d2604d6d71,0
3226,1322643120-a4acaa15cfb1190f23b9763a1c099449,0
3226,1322589120-0994bb0d0916c5a71419c04a961c779c,0
3226,1326029400-836f610eb3deee3647810746bca4f6d8,0
3226,1322878980-cbad081b02fdb695470afc9456202842,0
3226,1322895000-d9d21b7843221ad772293da5f7238c3f,0
3226,1322178360-8f4e8aa922b4f31f0be86f6d3320ba6d,0
3226,1321985400-5a5e7b29da79f6801a69036aa0c5360c,0
3226,1321323660-7a8d0e2adbe49ea8eff0355e9f69f525,0
3226,1320896280-3697a5476d82d5ee07c5d594b6828aef,0
3226,1323406140-669d85e153f1542160a3bd6b1115a067,0
3226,1325292240-303fbc74686b3646b768405b56a6e513,0
3226,1323356160-aec274476f92842b794fd4df16539788,0
3226,1322049660-b6a59d280113b687827f640a181dbe67,0
3226,1320873480-d2a9b2ef68ef1a2d6fca4b4e2f02e1ac,0
3226,1325722620-873143cf444d8d0876d6c48086b16d42,0
3226,1323872580-735bf670d6a4058ca78bf860822b07f4,0
3226,1327030200-c5dc7711148665dbdf7b9c0d1cb4a02a,0
3226,1324590180-87300fde3bbdec3684741cd2ab222d80,0
3226,1323470880-5848e632763f71efc9f7650d8ffc1d91,0
3226,1325194200-b0cc7deea21c8c7e64aabc7b76275178,0
3226,1326837780-813ec481f6b9717c1a4511f9db65b8b9,0
3226,1323110460-2b6691cbc0c60c49402676e28302e2d4,0
3226,1320865800-f2d18435d42fa76982fc7baf45b11f0a,0
3226,1324615860-b6357d74481be68e38cc558be5b15e96,0
3226,1320341100-f605c1cc4e940c6d0b405e30e9fe7d5b,0
3226,1321552740-8f65456bccc60f8fb8894107b6042425,0
3226,1324510680-c1a79491debd65a6cb9f15bb7df51797,0
3226,1323308220-65557f147140bd15d611b9fae4e22400,0
3226,1325134680-2d1b0632c67af09780025f90c7d55936,0
3226,1326264540-44664649ac238966069da2aab1fc62ca,0
3226,1327620780-767af5374f6a754e85de28ac905e70ac,0
3226,1326495120-18614a49aa93a619c2173100b85164b2,0
3226,1320941940-ddeb4b67e6dfd491117ac597c242808d,0
3226,1324798380-12407f83d7ab9d1d87c7e86198fd414d,0
3226,1321714800-446a57531e529c0b43cefaefc0ac958d,0
3226,1323970620-936d636791c1e7c57e6e77bb4060828c,0
3226,1324836300-d1edab745eecc8bef23aa0558ad7d800,0
3226,1325658000-daeb5dc521236b68549a05b488a8b6ac,0
3226,1323877380-6cc5573a02adffbb4e504661f1ef8cf0,0
3226,1326422280-93f96b8a798b23f8e9f90fa2ebf818fb,0
3226,1326845520-54fce0dd5b20b64307208680b07fe832,0
3226,1322962020-02ee8ecbc9d746c6dfd44ca40f41262b,0
3226,1320216960-f18312cf60530d283a077115e63e3bf5,0
3226,1321749180-2ef7a1ffa43c1480c2518a48ce092e5d,0
3226,1326097800-6ef63cf9d74e158c236fa32df5952610,0
3226,1323109860-a2dc176a8fdaa56014be7c98e060c2f4,0
3226,1325646000-4273e84b2241630ed770ee4bd769e395,0
3226,1325812440-71f08569b958652b384f08f280664fcb,0
3226,1326377700-f1eff7d9b6c1b5e1b0dd62750860065a,0
3226,1320426120-5f49a15d73d4ec22384e98bfa56ee8a8,0
3226,1321922700-b2ed5ec0ea5df7196210ec70f4325708,0
3226,1325647920-90625f534d01581d1fe608e8669f0d79,0
3226,1325818980-b31f806350673d139b3f7e75de0b5503,0
3226,1320457620-237822aaea8ce37fd1fa0d2185582353,0
3226,1326472560-9283f8b9b0a152d6a81c60db90bd37a6,0
3226,1326948900-042c43b6c9ff4f096932e9406e6d5cbc,0
3226,1326984600-89e2388432788c2de2434c43b8b1bdba,0
3226,1327153560-ca527a870fa47ef5a02d05da174c0b61,0
3226,1323408840-32a83a87a7c27fccd246ed812bcf6443,0
3226,1321128120-944ded09f2b429f7785539473697a832,0
3226,1326603600-af973cb75201e66d728a448136947144,0
3226,1320339000-306cda342f3e51d8bea85076e4ecd398,0
3226,1321134420-c9a308ba62d4947dbecfc7ac9a8b0f97,0
3226,1325037180-9f621eb327591495720b160616d6c925,0
3226,1320565500-6eb4735d4bae9c6f323eadbc269574e8,0
3226,1326762780-b035f1c7bd24a2ee28b7a7a955acce22,0
3226,1321601340-d12c16847fc50e46e6043d0b6b9c0b85,0
3226,1326366180-46df04d4dddcd354103a25923ecd03af,0
3226,1325140380-a2b27606bf855802ae36710ab8b9888c,0
3226,1326135360-35b48b18ce8b183f23599e900e1a921a,0
3226,1321396560-880e4b00250e2a0ea5260dfba5c736ca,0
3226,1325377560-d12e78c5995656a9891cd7d33a42bda4,0
3226,1327731540-cf0724c343c9c19cd81aa16ce85b6140,0
3226,1327613160-b0e2f7cb48f4f104fc8bf3368334dd1c,0
3226,1325136420-204b636ee84d958bcfa4e697e101e149,0
3226,1324147800-9dac0ed22b3d86f874089ee97c3d1dc8,0
3226,1320937980-059e63eaa6498a19bc9a536547e799a1,1
3226,1323205260-36ce9060712e0919f8ddd2c110b57aa0,0
3226,1324990320-505a33571b90b5d31b430ee09531941c,0
3226,1323110460-0fccb6d11ede1738eb0a59cac8f020ff,0
3226,1327358580-28a7532ecfd88878354800dc1ae923aa,0
3226,1322365320-4044542caf0eec47f4d12c7d3c4513d2,0
3226,1327593780-ad93a8c22d0a57d1e67e308f09cc2fec,0
3226,1322847120-a7154a8b48849050a3ea7281027edded,0
3226,1322925300-a288d7d1145afc6cc25d25822da732e3,0
3226,1320488700-138f0d5ba4d8dadc8c6636f673c534ed,0
3226,1320207420-86383644315a2d4cef6912210c3c57cf,0
3226,1327523400-8cbd1414cb81fdf8731c0a63d59678e2,0
3226,1325870880-80400b6418a19dbdf5d1e8c06bd6248a,0
3226,1323924840-38d088573dcbc92409fa8a3962f68a95,0
3226,1321133580-666cbdd198f17458aa34843d948b0235,0
3226,1325954040-b90b782d2969ce07d78bae1d9311e2a7,0
3226,1323349740-25e9ec9c203e243cf237ee73fb78dccc,0
3226,1322020860-ce439bcdf9f379a398fdfbf42f4f0d4a,0
3226,1326337800-f484b36c9eb56ea0ffa0d616d6119f38,0
3226,1325832600-8b230efdb2e5e4fc1cf0d63b7770a4f6,0
3226,1321300320-68702faa1b69003c7700f1b52706a38f,0
3226,1321616100-d9e9e54af8434faf6b9734f5e4d347f0,0
3226,1323104820-ce1dc1614d34030f37e183166c33dbd5,0
3226,1322221500-8b23b4338f0228e1fa71badbf75b17ec,0
3226,1320200760-810ac8ecb1d3ac790e65a9fbf5b31c92,0
3226,1325131920-f4e2364e16064113875fb6d40bd53086,0
3226,1322265660-fe2b94235a6ba6736a89a1bb078500dc,0
3226,1321293180-bdf6f161a95ca972380569fd750acdab,0
3226,1327438080-f97c144fe1aa608304e70617b287f11c,0
3226,1323469500-bc39a6fdb2c4beaf3839a20d375919ef,0
3226,1323125100-121ad65e0f55e640896d04bdf59bed17,0
3226,1324369380-04b2b6970dd167d45603a474e8f57402,0
3226,1322011020-f89a8e31acc16e9497949e56e591c2b0,0
3226,1327796880-d23cb2269c7f07cea5908ee0dfa938e2,0
3226,1321253280-bb72f4d12238a0183829a2c1703e729f,0
3226,1321161300-ce5b570bc14d9fd6f89da8a9886eb054,0
3226,1322814300-a73413187df90f281267a4388a72f5ef,0
3226,1325223660-1b17ea20f625a8fc9125eaee3ec70210,0
3226,1327727040-95ae6245beb088f4ea026af44b618149,0
3226,1321112580-cd13764faded60e9c81758ac51f880e1,0
3226,1322182800-bf0a20a1daa6d9fc58e8ca3cd56acc3a,0
3226,1322843160-388357bb1527ff45fdb645095a1e7c31,0
3226,1325680140-724f6ed7724a406bb7d6aef5841a447c,0
3226,1323913380-52be5fbbfbcee1d99d1b5cd9d85f67eb,0
3226,1321019160-2f49c292842c7b58b86febf6730121e1,0
3226,1322220060-3eeb6e2b01fd43ee0ddfcd0cc2f56209,0
3226,1323129600-b6a2ddd6847dea5af98ca024bd9ff68b,0
3226,1323306360-1d846f59be4d9736fba8d9de9ae22bee,0
3226,1321112580-862f5b4a167906477050b53e49553e76,0
3226,1320442980-3ade03a897d2a4afa9623f2b297dee9f,0
3226,1320447960-3a7f655a57f87174a4e44aa6d1685533,0
3226,1325627640-dc6696612f422783784e1e115c146056,0
3226,1322178360-0e6d2eaa59e18777bf7736b7aa0f3ab3,0
3226,1324202460-d4037799d9008e1a343a197f924248a8,0
3226,1325063220-3e43b6fd5a55eeb98a3e147b6c161551,0
3226,1326919020-160fe75f14a4182e6bfbae04b1fc7b57,0
3226,1326201240-5badd63045efa57d84d4400996356391,0
3226,1325576400-49081cb9965a90cd27a683a247f349da,0
3226,1325292300-720fac49147ae1fe8d4b8fd2b4faac1e,0
3226,1322727180-281bf3670f3047031fdd9a6ca6eea591,0
3226,1326158220-8593bc1bf30d172cee21b9892407779c,0
3226,1323474300-7e28a05983776980b8e7679e52f4c6e0,0
3226,1322954220-bd13135a21ae59ce30d605bb9d44dad1,0
3226,1327405920-f4aec6aed5fdb33647f6fe7a24e0ecef,0
3226,1320981060-fac7420f63132cffb331ad71640072bd,0
3226,1323238140-1eee38eccc0b3acb24fc3b9a95842de3,0
3226,1321918440-84ae6671f8c4d5eb9c92f045c79dfb17,0
3226,1326866400-80b83a83bc1e06317004a85d83d56b6e,0
3226,1327594200-1c067199ca30543c58dd44953cddd7ef,0
3226,1321570680-624d6a2c0ef70df74abacef69aacf81b,0
3226,1321858200-99f6fa113b169c9c0e5721a15f615d29,0
3226,1320796800-06dd453f9769fe5c75bb6a1bc75e8e73,0
3226,1324890360-a70b0f28f5392c9ff053e82e18843566,0
3226,1323110460-cc91f1d2ef91fdf2625cf55fcd59f6a8,0
3226,1326469260-3111358517d6d66d1f19ec129cd2548c,0
3226,1320461640-6cd7e9136b4a8e8e815360911a7461dc,0
3226,1324435800-46459a364b2bf04267cb14e65089cbdc,0
3226,1326326940-5e169b26ab4f1bc021ce4ec67dff6b51,0
3226,1322902380-9dbd8a32b3afe476f758466b9b80f1a6,0
3226,1324069080-4ee8b3b65ea43101e9c1b0066588b509,0
3226,1327857960-46e3caefe32b00cfc9aaeff83b7d500e,0
3226,1322702520-fad4df7aea72fbd4cbcc933f88fbbea1,0
3226,1326108000-3ab9e9dae98a19d1528900caca46b6c8,0
3226,1325184120-0196f550659c761019c6a91c00c06350,0
3226,1325292000-ccaa4d1b16504d70bbb1571a0ffe89ff,0
3226,1327970580-04d35aa53d70182958ee5a00645388b6,0
3226,1326345660-1fba1d7ed8f57446b173d05f6a19d121,0
3226,1323091140-9fd3ae052fd713542dd7f3ec8aff7105,0
3226,1326197820-7b27ce7e1716707a784281999cd9733d,0
3226,1324281660-f7ce3d8044df5a6891ddc9dd0ed12c7e,0
3226,1327833120-7656b853604a88cfe26be4cb531204cc,0
3226,1324329180-682c2086ac2ad9b536c761a2a33618a1,0
3226,1327627020-c69402af436aa552332f8be26b9d7e9b,0
3226,1327448580-27bf9bcbdf99463f11a892bdd6208cae,0
3226,1323728400-cbe6e5418d6562f7a18ee739c3e67659,0
3226,1321412760-97cffb205b2b2ff8578990cb73c8081a,0
3226,1324616640-035a042fc3d1d8f4792fa9425907bc41,0
3226,1324329180-492fadceaeb4e443cf0e5595eb722781,0
3226,1322183700-4f8440577d11813bd6862e8422da79cd,0
3226,1322535900-70ddc2c7dbbd8c723c006f1884ed7d34,0
3226,1324701300-07a4943e2adc7905a4ad81ca4d2ee356,0
3226,1326875340-b144ba27746c415da56116c3963db1c6,0
3226,1324335060-6a46c713a0f4993d24c3c26432b6702c,0
3226,1320923340-af5a356f8047da53b782de06636226e6,0
3226,1323407400-b531cacd87f4a4cb1f6cec02a0cc06fa,0
3226,1322971260-8f732e5c6f7e05d4bd7c21ae4740a98a,0
3226,1321169460-2289ab57fc276bc0260437643f65c7ed,0
3226,1325824680-4c430d555c9e61e8fc3f85b0fb5d8d1d,0
3226,1325353920-19e5da4cb3a07ef3e11dc35bbf15a5cd,0
3226,1326978780-b8dc67acb05ae3d6beedb3a983281805,0
3226,1321413660-7121a03b6e807e15d6a4eba6498654ff,0
3226,1325925420-2b9f1ce02a7c52c4bf2c8fa96c1358a8,0
3226,1321799220-4819d3b595c8210b174b4a27404895e0,0
3226,1323110460-92071f0fac88a16d90d2366c820c4858,0
3226,1324072500-f69dd228d33b07fce2e41f7d5e4635e3,0
3226,1325385420-2496101fd60cf54b05027ae7697a243e,0
3226,1322587020-d5b2f874de0e4487921d58360d12df52,0
3226,1327216980-7f13d72f4065c7cedc575f4ac3056193,0
3226,1327013280-655663621be796b821f34cbd23d6230d,0
3226,1326232080-b0da7a90ca0671f3878a633b745fe691,0
3226,1321253640-c8e23c96e9f2e5a74e3ade7df26d009d,0
3226,1321051560-251de30f5c8e5bf84e8c93143e04a064,0
3226,1324399080-6f48f4c07959a539aff0067172b21509,0
3226,1323913380-03de2a4629d77b8d06312d1ebccbaed8,0
3226,1325607540-b9dcc493cfd7756f6ebf7bc2d1c1dd67,0
3226,1326575820-ab03646858322255490e25cb18544a00,0
3226,1327663980-c714048454f0973fb0a0c308d281cbe3,0
3226,1324955940-0573f23519a5c06df134a6543fc7cc9a,0
3226,1324890360-05d158570e2cc1a601d98acc33f0c4f2,0
3226,1322554020-4d51a2365135822b3941382a1d88587c,0
3226,1325165100-0550b93b9260479ff6beca7915cfd33e,0
3226,1326182640-c1faab3fc7ee90f0b60cfce601298446,0
3226,1322899140-4b02c82cdcbf1ad75d49ad2baa0b9c8f,0
3226,1324962000-c49ecb27a969216a7a9dfb877afaae3f,0
3226,1323073440-ab972510b2a5be6a78d02a071842cdcd,0
3226,1321696560-37dbf73fa3f4012280e0bf4ac96e507a,0
3226,1326933420-5de945a42c9781bfcb830b08e2fee126,0
3226,1322517480-c25b66c590202867bbe3b6dfd7da265b,0
3226,1320432300-1bec3755dba9571d22d8bef0dda7f881,0
3226,1320893640-f71bec16d25efa09057fd2281ca8b992,0
3226,1326166980-7abc84a553e1768c8472f502b5b8bd43,0
3226,1322009880-7fcf9d4b0b15aec3a61c799e30fc2d71,0
3226,1325200860-5f49c4a86b4506bca1c7303365d6335b,0
3226,1324342620-ddc3f8f16edce06043c0c7591a0e31dc,0
3226,1325808000-d3dd8011d1e4b0b0b56ac046baf3f6fb,0
3226,1321196880-df0657c5ec676b3f2817ff9935cb5679,0
3226,1326414720-73612aeaa5c5906d200ec05538529725,0
3226,1324691400-170efe19299f39f9cfd3633f77217a91,0
3226,1321410720-1555bb90012e843e927d666a43fb8328,0
3226,1326081840-a6149cc00e25027a4733eaca1eb0c455,0
3226,1325812440-77daa3ddb1e0728254824acdadab8461,0
3226,1322962020-9aaac9c3084c354d86881cfa96ddd7d1,0
3226,1323298860-546dd6ba694cfd945fac2435709c4683,0
3226,1325292300-b15e6ce26ccf23df041b774956f40dfb,0
3226,1324876380-d4ba32aaacf96ea35151969533e19deb,0
3226,1321188060-63c9e31c3742c328338a2e642436b591,0
3226,1327705800-7801eb889ca0e6f0ce33ef6fc71471a5,0
3226,1327380180-00139fc3fbf2bfc5a112bf2f950bcff9,0
3226,1324207080-87d2fd88de6f178253b5a7e4142d7c96,1
3226,1324437000-1f1f4e29e049e18dd8c48a76c55fdaee,0
3226,1326722160-c3e915a19e879781c26dde45c514aa2b,0
3226,1325132880-3c40078452038af62323a1745255ce14,0
3226,1327968720-fd164136521a7bf50575dbb215d286ab,0
3226,1322448180-47482e68c449fc2d3cabcfcfc749851d,0
3226,1325475480-c32e6bef29d04a17e06ca6c3d3756d88,0
3226,1323110460-a7f1c59240f428d75399390adc38b17d,0
3226,1323463140-f84bba86035695d90493f1082ef8c266,0
3226,1325103540-6a9a9c1f3684769beddfd5463543232d,0
3226,1323466320-bc54ce2598819df250c458b28614e540,0
3226,1326317760-6718e873e378775669a13dc4623c06bc,0
3226,1321042380-8cfa5a3f7cba7a6cb1fdc9e9c8d00d2d,0
3226,1327997940-3d3291787307f18dc8869b101f952e94,0
3226,1326935700-f44bbd2d27a7a4d7a2821f8fdebab0ad,0
3226,1325847660-7e4350a5d64f8a9aedcbb5e7a54a1600,0
3226,1325620440-a82bdf6c4e32ea7413af4c23e2796d1e,0
3226,1324063920-95f1a976cf3941c2ae05ed0f56c0042e,0
3226,1322439600-1ada676af5ad6b6c3bfc9cbe6ac1a6f7,0
3226,1325638260-5b26f027e72b673cdff74576d52e58db,0
3226,1325773560-3c3fbdc7ec28b4b9c9524be5db9e7f31,0
3226,1326378000-1600c4d4689ea89b28db14311a72281b,0
3226,1324912500-2c3c7797edde139c485db8da376fc0c0,0
3226,1327557900-b91a1a343a19ae1f2bd3c0703f567ca7,0
3226,1321677000-4c6b917b8dff1cb4f45a4ea22a7d5bde,0
3226,1326336240-7b8b66dbbbaa7cc67f029d63229f9ea8,0
3226,1321576740-76fe55761dc762330c360c0491d2b2eb,0
3226,1320629160-266790779ec09c14c09dc196f5f1cd1c,0
3226,1324759020-61bb8ba8c543773f0a73520643424b8e,0
3226,1323110460-64506ebf4a5e84b4b7d4ffb097574435,0
3226,1325319180-2aba556520457339a69d7f1c8acecefe,0
3226,1326281940-5c2e30ad083b9f2cce5ebb1792b24e58,0
3226,1320432300-2a8de3311fb4530c0373492e1d05a600,0
3226,1322198400-f0af3ab3d785712ec0f567cd96a94dca,0
3226,1323479520-659b26a7c6ae239cf876918d57ef7b7e,0
3226,1320452400-bc6fc635e24d2624e60ef789c6709692,0
3226,1326917160-b6cd4d8cd96f25f777aac1349d72d79d,0
3226,1327379940-d4c99513092f9f3eb12faaecd084ff5c,0
3226,1321334580-1b19d5debdc7db646964938f4f7ec6e2,0
3226,1324326480-f6c793c8a70ba2ed89510abada452cbe,0
3226,1323409980-85440fc2f2924c3c91d85a291c8f9ed3,0
3226,1326215340-b9fb8981a96f721b13f676f52399e5de,0
3226,1325714280-bf43d4e032e3556d2ca98bd089039be9,0
3226,1322822400-0f1a652a4697a7ee40275451ba34ebeb,0
3226,1325523600-18119c8c8f86d2f63a38b47be0a601d7,0
3226,1324174080-abe6395dc8d4e35a5fb252a1aacaa762,0
3226,1321666200-b1f79ba3f294171ea9b6fc1260733bf0,0
3226,1327721580-83ac8cfc66c3da719acd9982fecd9478,0
3226,1324422720-5d8cf76051e87d805980c91fc4a4b6cd,0
3226,1327882500-f87a7dcb085aea3b199b4eba88cc9bea,0
3226,1325805960-9400118ebc24dcfb39c72b761fab22cb,0
3226,1325297940-5a544f73fdc0b275351d736d8dbf4457,0
3226,1325858880-f41fe8a55db32a9524262e9e33452de3,0
3226,1322193240-bd77a5cb7340990318abaafa2c8c489a,0
3226,1325441340-fbfd005a372e9b29c12d176ed33c1379,0
3226,1324470420-88a1fd18b0a53763a64c359f326f22a8,0
3226,1326347400-8091957fcfd7b6ebb688137a547be1d3,0
3226,1323218160-da824a0a63eb382105179dc9d8546070,0
3226,1325177280-fb500be025dcfaaf269943539c76f648,0
3226,1326134100-4dccc82e62c784cd056eb3adb1c50c32,0
3226,1323324360-84b35d2466b026c78a5d75ae90a7ab25,0
3226,1326267720-f7081d0639617ddc706d2bd1aeb63cca,0
3226,1327352040-2d392a0c1a6919f5e3e71655003fda77,0
3226,1323343860-5b5bf034a5a3116ec415a4aee1707159,0
3226,1325310900-c4955a7d94ab7e2fe2871ce9390839dd,0
3226,1323109860-31a97b8e47d9e3a9ab824f0a4739003e,0
3226,1320303360-97c36672de0ea8f4c4dfd47323c2361b,0
3226,1326843900-a7b4e7661ea178198da842d1b0990b05,0
3226,1322069700-6fc1c84ebbbb34c2cb4333b782e24342,0
3226,1323126540-cab87abdf1c02f55a3966f45d5f1f0fd,0
3226,1320675480-a7920510c3c4e9b76f3c4b94510882a8,0
3226,1321628340-099b36da93e76ec06a3a71656a78094d,0
3226,1325188380-22b103be10babff27fdfadf12c8cd607,0
3226,1324959180-9917dc8fa17bc87c3aff161f0cac89be,0
3226,1325395320-98aaf18415356a3ef215748d55f9c671,0
3226,1322183700-48c4a3474b040db2461093c82015a43b,0
3226,1326309780-46723786bc0fe1160043be5d3350a37e,0
3226,1325482620-20e854b328bbcdfa55584a792328876d,0
3226,1323824400-f14db1c8505c64861eaf0adcbc04b020,0
3226,1325029140-95efa112b7b748c75752919289895f11,0
3226,1324530420-19cfb689676b7eade3e128e530874349,0
3226,1326813660-b79f3fd34a26514c9c7a93ce48eec44f,0
3226,1321387800-fd0d893e5e6600cfebcade6c46469193,0
3226,1324391700-779e1f20d9eeeee6738cd17d89d49c7a,0
3226,1320340500-022847e384806349f259bda2292745f6,0
3226,1320679680-2f1cf91e3d1de32b4816de850673e4d4,0
3226,1321457100-9a20fb69a8965677a2c71585d54d41c3,0
3226,1321881780-89ba6f810c99918a58ecc78bfed44e08,0
3226,1324384020-c47fac866cae3be68af8e46d1d3cec9f,0
3226,1324814580-d641bd36c6ba1ede98a62e9cf027a8a9,0
3226,1325784180-8f24875ce737c7351ffe66d365a3faba,0
3226,1321141320-0885b947be5f8793841d70a625cd41ec,0
3226,1327749960-a256bfac9cc7f846907dcdd70ddb37c0,0
3226,1325296500-76be7194dbb3a579143ef03c7a72f3ed,0
3226,1322438040-f1db48dfc3e78fe6747d159bbbad46e6,0
3226,1322887080-691632adddda364a9e45376e6df47644,0
3290,1321479420-0aaa481c1f6c8614c7e0980bf298b618,0
3290,1320869880-ba55538b979fd063ed5b98b12216e895,0
3290,1322079300-93c811ed1ffcf76cbf18beac1712b712,0
3290,1326894780-c2ceac5f776a300e39044763391048a8,0
3290,1322007780-65eb2fbdcccc4483d9518d571b02da47,1
3290,1322004540-478c8b8e7a51cee501fb85651f380d59,1
3290,1321865940-8d694d0b0438b4490cda2792bf0ae670,1
3290,1321867140-73a5324c791c960c61f5d78517c64450,1
3290,1321932960-3d1eca8dddf57735338652a3892d368d,1
3290,1321933320-bc80817163f89fdc39030a3d4e852fd7,1
3290,1320748980-8fc2b30b9229f467a430bc0796df5729,1
3290,1322699880-ba705c75b578d0304ea98307848a127f,0
3290,1320325560-9d15016fa6d5e23b5e769f758087cf7c,1
3290,1322382780-4291ace3560d3a1a9a63ddec8abf31ed,0
3290,1322759040-c01b9bb5ed9c10efbc2cd0136626051b,1
3290,1323772020-04d4baffaff897b4e1a3fa0161c77f2a,1
3290,1324399140-c8c8601acc2848b3978146d8b431cdf4,0
3290,1321972500-5a2a3b998d0636e1a0bfc6b84e4be651,0
3290,1327094340-218e291ab30b9ebd2f8cb271f88e6c9c,1
3290,1326262620-8d3d5a64549548fcea0167bb5fb27c27,1
3290,1326262620-97ad51c4d5beb2c41b81fdbd179b6416,1
3290,1326265260-45c3dade96bca7672b0f7ddd450a0ea4,1
3290,1321053300-051900dc92806a8c0d240ba07b976bef,1
3290,1327541760-2c7e98f98d78985bdfab757261d0e06b,0
3290,1322740740-3060a06e2a9aec4581b8c7fa7bea21a3,0
3290,1326270960-c478395a15f96b56fded11f8623c1194,0
3290,1322563320-a74cf3925f40a4115a145aeeed4d185b,1
3290,1320251040-74ac5011b8fca41ced9e0be5dd0a189e,0
3290,1323705000-cdde6d22ff007084c6447941636336ea,0
3290,1321292880-5b74fc62de9de4ac21a89fd574f566cc,0
3290,1323095040-a19a570c73aafffc1748d5d815a56065,0
3290,1322902080-d0a47a0b5460dc64ba172651c8c06bda,0
3290,1325963220-3e05756bb8bf0f00c129c80a96291db4,0
3290,1320714780-1f47656eda5365216306910783a4a474,0
3290,1327546800-b816e7cec81b616266199e6cae6bc05a,0
3290,1322518260-504b5d2e8b8d3d7ef4270cb16793167d,0
3290,1323307320-1b5df2069a4b9a750d9d7bcd64267f02,0
3290,1322461860-6791f2e911c8e58f312efa456d3a216a,0
3290,1325694960-d4d8cddb314c114cd920a5f1eb35b584,0
3290,1321079400-7acb1cadf288efeaeba75a82323758c8,0
3290,1322779980-71d16bf8d945a8e64bcc3537fafac71b,0
3290,1325066220-a1c3280f893a7294d0299450f21118bb,1
3290,1324980300-ca18f572d1f75e9309854ce674b85468,1
3290,1326413280-acbb07863f05aa3b759aeb0cec3df8f7,0
3290,1325861340-497a7af59d87aa7b11543992c12c06f6,0
3290,1323847320-b7ef2d3bfd8899c1e7f74d44fbb947ad,0
3290,1326019800-322eb4f5b1e3e0451accf6fc353df190,0
3290,1322914560-86639a11b3b5e665314ded120c0aba95,0
3290,1321264380-f4e3faf358dfb89fb9cfac91136fcc86,0
3290,1325709240-69953c712b8a46d0d705045be6582c6d,0
3290,1321557420-476f1d656d7a5e0bb0467ed9ee953165,0
3290,1323650340-db77205b950438d21a42c97656f19218,0
3357,1326045120-15c7095b091681759a9dba10dd396b6f,0
3357,1320583080-4861a2593a3834e17415efe775f2ce4b,1
3357,1320671940-3510521983391d0304e2bd578d3e8784,1
3357,1321903980-a6d2d160c96f7ef801b2d5082e832862,1
3357,1321586940-28faffe4ce9a101173f71c2f0f062efc,1
3357,1321535700-bee3c8fdb50c72229989382845419cc8,1
3357,1321307760-f2a0a530ed376ba00da4a3832d1f7e54,0
3357,1321252200-afbbba99da84f12bad7652917b34d676,1
3357,1320768480-8ec64af92d2d3d5082eb2e2ad135517f,1
3357,1320696300-d40801114a70678d979c577b77467c26,1
3357,1320695760-2fa9c2c4295b7455e399fe072e6cffa5,1
3357,1320697380-739d179b988c2fe96b3156e5914aaf88,1
3357,1320709440-cce168f0bc0887fb3c6c47c3de021dbd,1
3357,1320719160-52480ea7317e41b330cb7aa902e12df0,1
3357,1320699060-97e5c7bd48a072ae9329b924b51cee1f,1
3357,1320709320-4f29f16b9d8a3d30e9a95b86b3a6988f,1
3357,1320708360-1151ad685b658657497069160e6a904a,1
3357,1320696180-af13ad1af19a7632eb8b8eb74d351387,1
3357,1320700320-59abffc94af8e1e641023ab49a6e67b7,1
3357,1320695040-8509e88a1635979a51a1562bd1b4f2a6,1
3357,1320725580-14a438d19a705f764d7caa7c7ce63946,1
3357,1322085180-cf4335173957df3a875cd2b17a59bb8e,1
3357,1320714300-cae0259aa3dca6c184955a627dd3e86b,1
3357,1320696000-28b11d41540c7026501a4a41ce21dbb9,1
3357,1320714780-14eb2f79e80ecb730061334fd8ca1c8f,1
3357,1320708240-dc4a4a0315d337466358f79b21ad6199,1
3357,1320699240-9477093773b9d648607feddf0622a45e,1
3357,1320799440-fa10fd10b56ffd505c5013ae049de6ff,1
3357,1320712620-2a2c7a778a858b49b12df3c3544ab72d,1
3357,1320730620-ca707c0a630dee918d6a2e2d7648946a,1
3357,1320687780-7f04aeaf2e8c09ffef656e79cb4e7560,1
3357,1320799440-a4128eed52419e1e6344d1ce8f888cd3,1
3357,1320787080-57644a23640adcf5e531dfa15f54cf0a,1
3357,1320827820-bee9f188636ad01562847e1fd603fb3b,1
3357,1320801420-b78e397a3d35c8905a1f8e58ac4177cd,1
3357,1320789420-ce03d6a83ed62a470fd41ad48bb31cce,1
3357,1320738600-339a360c58a26e4329cb828d02527572,1
3357,1321660200-7d4e9e0906f8638437b2edbffcb0e912,1
3357,1321999620-119707bd96886212d1ffde8cde70668f,1
3357,1321913460-13eac84923fa84886f7aedec148c1674,1
3357,1321823160-a7c3ed036c3f167e678f5fad857aeb8e,0
3357,1320221280-42cb0d75ec5667424663a21e46905d42,1
3357,1321649820-2c213d43f4292a58a656b6c9948d8b5e,1
3357,1321676400-1b3c675896c79120dd085e8911b566ac,1
3357,1321471200-c22496d2d5a5b1ca9fc6414ee19ebfe2,1
3357,1320433500-585756d84d60186ebd83c53be6fd65a5,1
3357,1321516380-433740ea5a84b5f507017db65b7c07eb,1
3357,1320433500-15e567d06d9787fa6f949d32968d2e2e,1
3357,1320433260-b6a0bc56f663e646b6bc40efa21a815b,1
3357,1320453540-4586b6952115ae23700b02172aca1290,1
3357,1321319460-0f6af9a72958048f304b4bcf90bc1ce2,1
3357,1320333600-310cbe6ee86ec94cb2a39d52776f6f9a,1
3357,1320712500-4331eaf361c9095b32e199ec862aa90d,1
3357,1320576600-66a5f76f3f59593e34ab671de046a3cb,1
3357,1320436440-9ce8acf0cfe517c44fcaee2e1eab644f,1
3357,1320421440-99bff03b673f9a84d3edcc49bc03c864,1
3357,1320433500-d2228327c1d26d810fa5d2f6aedb8640,1
3357,1320948420-0c381e05505a3ed039514597d885c08b,1
3357,1320332520-4d93b6d505b10df0a6d47f7a850034f8,1
3357,1320639600-a1203a2e2123dd99920af904871c15d0,1
3357,1320454740-1197f3f4db02b1ebd1b4e722d75d278a,1
3357,1320521760-2afa48806916005b223567760fd8a57d,1
3357,1320583440-fc44f9bb65aa2bb140012028ae09ad6a,1
3357,1320708300-07753ad10f72738b31b36880e258eb09,1
3357,1320829860-71561264f534c716d147b90f32a13db3,1
3357,1320695100-8de786be387252b647bc8c26ee116646,1
3357,1320799440-837fe40967f188569cfb285800ceaf63,1
3357,1321478400-7b3643bf1b799f40f6007130d533542f,1
3357,1321460400-de5d7bfef9032b89fdfaf0e7ab8636bf,1
3357,1320400800-1e491cad298563d2eead71fedaa83ce7,1
3357,1320738600-39ecdee831151af961c28ec5fa4ecdce,1
3357,1320885420-6aeac4c2b99501d9c90ed218f0a83afc,1
3357,1320799380-38308ec8c2ca5601208a6d0d393b575c,1
3357,1320799440-09f367adbfcb4e83ef6ee00a1cefe9bc,1
3357,1320423240-9e629dfcd4a0a95f52f6720de9844731,1
3357,1320563220-8515d5d2eca1c615963d2c103f411baf,1
3357,1320620160-408972306f4cd6fcb2c53f98813ad91c,1
3357,1320625440-8c4fd46c6818ef5afd5bbb49b52e3023,1
3357,1320984420-0d11273681b4269c4f35bab4c54f1ce4,1
3357,1320553740-4ac29ee5fc7be20833df0a7d619cb956,1
3357,1320552780-5368987cbb0fcd250973689009657363,1
3357,1320638280-b5577afc7dbb3ffcd3aeccbc5cfa7290,1
3357,1320889020-09d5513509a0cecdad4cb94f52bca79f,1
3357,1320629160-8447a132bdfab2901ed4ced7d2708788,1
3357,1321592820-cc13e73e41e7ce5032448aa90ccdff31,1
3357,1320698220-f39d09badb1f5df32a90e7dd57912e67,1
3357,1320599460-8c36ef476702b823f0001555088b3cbb,1
3357,1320619140-fa22858892272d3628926df99861941e,1
3357,1320626460-07d5a32632086b08c6c35ddc430f30f3,1
3357,1320626280-060e77a9d31a7ea9260e035fe0d86d27,1
3357,1322099340-125846c4f94059c200643a4329d459b9,1
3357,1320617460-732507fe229ba424ddb365d8950639b6,1
3357,1320597960-baf59ed672904ef9512ef35c83756f08,1
3357,1320576600-91fa5ed2c72dc2fa223807478c24182b,1
3357,1321304820-294b011bdcae621e04eb05ec181f2334,1
3357,1320655020-9c7cc96d6553a882aa573b7a859875be,1
3357,1321378860-0a78a1a6bbe1b264c842fe6d3774bb40,1
3357,1320556020-268310edc3b2990583f600d62acf5a56,1
3357,1320903840-2e27344b3de10d411e209698227454aa,1
3357,1320621480-346e40bad4f68348be92b7fe00a3c6e1,1
3357,1321488420-b447cf614664508499db2722dde93d84,1
3357,1320433260-2422ee3589ac91124b362b8e8275eb01,1
3357,1321564020-691e67e6efcc7319efda97774c65d13c,1
3357,1320799440-39fe6562cab98f975fe3f06a75a0349d,1
3357,1321506420-16f7a48cd3c9c108a6ecf9d762a5cde1,1
3357,1320433500-821974d469bf172a8c93d787d37fdcbc,1
3357,1321502820-3fa52dd0f9d029c8e4cb3e4b6b8f5603,1
3357,1320979440-92249e9c5524df42d29273b329b1f6e9,1
3357,1320737220-f313307aeaf00f05cb04557771c90127,1
3357,1321536060-6a530dceee1b0ae885bee4b59f1564b1,1
3357,1320127620-53dd4ddc0d81899244524cb97bdfbfe6,1
3357,1320625860-6df09cb28e0601afc8634b17c4f04d08,1
3357,1320576600-5ade473e30eaa67b35f54790ee574ff5,1
3357,1321666440-5895093425945e50d5eb995a4ae02628,1
3357,1322146500-5e3e4bc567956ef143b456c3ba60e0d0,1
3357,1322090460-d4037320ed12c910bc2779fcbabc0529,1
3357,1320576600-0830d97ca3776de4c950eda5270fbbdc,1
3357,1320537300-2cb9a960050110f03dc9a1c2ae32db01,1
3357,1320438480-726976764c0d29bd47764fb90b8e3131,1
3357,1321667820-456a3460b97f385b17ff99cd120b9b5d,1
3357,1321604580-de7b9c2be78ec5644b7c13b2abfedf90,1
3357,1321565400-00fd9dc48479cb83270db13421fb0a3d,1
3357,1322113320-2e4aba48735b39538ebd981acf9abb2a,1
3357,1321598400-f02135a39140e852f2600f9ad5a09997,1
3357,1322117400-8489f64d5a6f6406bfb711194d6817c3,1
3357,1322090460-a18948ced2af48cedeb589d74736a676,1
3357,1321391940-f07f63f459d74356a1119043fd2a0cf6,1
3357,1320433500-4d84a16a3821f1b52e32c4a5b7d62579,1
3357,1321317660-886634010f1c4072ec860d6be25fb8b8,1
3357,1320775620-b063b808cdfdd2579a8565331008e081,1
3357,1320447480-2997088f65e73f89550b4bf2af2f50cc,1
3357,1321414140-f008e11eb435949beb3f0b3f50346efc,1
3357,1322084460-800f017791228f8bfc018f95550bda9b,1
3357,1320533700-d10cf754e7fb7f1d27a67a28525d97c1,1
3357,1320715680-081769c4746ddde76355a88348698310,1
3357,1321667400-700a4840ad826252a6e4ca20b2855837,1
3357,1321666080-366e1291fc6698a4bde9495faa728df1,1
3357,1320358560-40f30f9c2afa6b0a3ccb6ef0b1d6a1ce,1
3357,1320352260-22ea37d4f461704cff315e66ba67fe23,1
3357,1322085180-b824390aa594ed87f975638bde259348,1
3357,1320453420-f11225786543528fbe1bc115ad9ebeab,1
3357,1320525420-91a3747e6193e694c33da29b456b7501,1
3357,1320453060-c3ae85c09692296b6a6c0c1eb6eed406,1
3357,1320453480-0f885271fa133a8375696b183e8b2d14,1
3357,1321492380-a4029b85560eac43c01b6a53f1b70852,1
3357,1320433080-3114afd8495cb1daf52faa73e6473b2a,1
3357,1320427740-2690cb61fdc8798f59df12f9dbd84e33,1
3357,1320460080-95bf8e8d338ea3240607ae486380dc8f,1
3357,1321467660-492178f0a8bc8bd4c1a01593bb0d8e9f,1
3357,1321500180-954bbe0b6814070c2e6304f17cd3bdc0,1
3357,1320427740-393d70f6afe8d9128bc497030ab37913,1
3357,1321532880-93872d6f4ae1fbab84c5a443cfefa42c,1
3357,1321492380-773b522f02434184cfb9b9c8d83a3132,1
3357,1321547940-7b0bfa06d58cd6c358bf52b0491badb4,1
3357,1321494360-da1db3d83630e93da78614289cec5645,1
3357,1321494420-6622ee56bd1b3fb5a5c6b929cc1e9e9f,1
3357,1320545460-67c2b31870ce654fe49bb54e37f16569,1
3357,1320432900-c85512f04270f349e4aa51e72c2c8244,1
3357,1321467360-8c65d4846898ab43687860c8aa23af60,1
3357,1321495560-8f00dfe89ddf6f8c5c26cdbcdb873093,1
3357,1321467840-61c6000cdf97e94d0eb9337f5afa4d19,1
3357,1321501500-a5d926725675a41a25e9b7a64bad4568,1
3357,1321523820-af101c09965cf12ba11adcf241503b66,1
3357,1320437280-b7f37f07695e68d250422b90d66eb972,1
3357,1320936840-3374b7eebd1ab74aa38cb1c1f15f1939,1
3357,1320936840-653e682a800f180cc25a6c33b7afb9ed,1
3357,1321856580-33d563e6efff682d700351bb2f311aaa,1
3357,1321415400-7a00843025275911315d790c2745f3a4,1
3357,1320787080-0683904a316431265d75ec438f84c26e,1
3357,1321496880-f36b35969c1de635f6ee6419bd889d39,1
3357,1321494240-b170111d6774191f5c818803d6d11195,1
3357,1321496640-849ac511a47e1d4cf7b8cef32fed6a0a,1
3357,1320433500-d9c79ceb04ee6853f5a34d7125b581dc,1
3357,1320884640-281ce4c0becaf2452934ccc673f03568,1
3357,1320881520-ae91328e7a2824f1a4359993cf94e3c7,1
3357,1321824000-4f9fa9cc28ecec744381c2103a8acc9a,1
3357,1320879360-8240c82e77fbf5cf6e441c7155bd8765,1
3357,1320958200-ae1fe015238a1c8ab88968b2ef45a07d,1
3357,1320882840-8887df4c9fde41fd245df00f99fbbbd7,1
3357,1320896040-adb6bd766a165902e12e5243faccb030,1
3357,1320896040-c9df6630eff6e65132fba77d137d7fa6,1
3357,1320882840-ad0e958d31ede6179d471935d90af44a,1
3357,1321051140-2916b1ad5f3f5326216175d83d08341f,1
3357,1320886080-15468b2a967601ffe0dcc20639f3df2f,1
3357,1320878940-221df4d919f9af35f7416602e4c8ab2d,1
3357,1320821100-b8cb1a9118b6d51686ca9d3e3f1802c8,1
3357,1320945000-d5880ab9e19253348a908707326869b3,1
3357,1321072020-125e3bfddd7d74ec5b44b688690ef7a9,1
3357,1321661400-dba136e7e5675da213ee80eaa580ee6c,1
3357,1320816000-a20abdd403c236669cb3b112534ee934,1
3357,1320896220-23d48a1b5391b0c6e152a9b2f9aac270,1
3357,1320849720-6b4f7d30fd111724d634a2a6b03a5fb0,1
3357,1320845580-76972636738af635281b672c54be1816,1
3357,1320895500-7cc7cb920776bdcc57a912d93531991d,1
3357,1320455160-6e3c322078819a69e5c36e25038b619b,1
3357,1320947400-5d591f7af2b04b144fd28882383aafbc,1
3357,1320843900-68082fee93674c289cb4e02727fea12b,1
3357,1321662300-6e369ba1e497c970e5b5b87ddbbdfaf8,1
3357,1320862020-f3249d16380284a9173417b0e2077afc,1
3357,1320898080-b5230038a525b474ca8695b8c78acac4,1
3357,1320847740-6374e35d09d7417af1318b3b7afd89c0,1
3357,1320843960-120a0981693920a43de82aa03e8a7a06,1
3357,1320896580-55b14fa96654258de706a3ad4fdf4c89,1
3357,1320849720-285c76ecc505d29067bd057284362b86,1
3357,1321661400-b84ed76fe0b73156f91ef49cfd66baf0,1
3357,1321639980-ae624848862a2497e288b962a879bd11,1
3357,1320829920-1893295845be58db036789125584cd98,1
3357,1320900840-2519788b2d150e96e99246bceaf25a9d,1
3357,1320849720-d093f1899d9ef21b3abcc32c61ee2e42,1
3357,1321419300-1b7a81e54413eb108e81b63336f72d34,1
3357,1321661340-dccaa8921deaea9b6e395c6be1df193b,1
3357,1320841020-4658a6e51de0ab8737b47fa35c40a98b,1
3357,1321698840-250f18bf42678355c5cad155029e104d,1
3357,1321640280-9e70f49717451a0459b265ea52a30a1a,1
3357,1321651080-72f7bed81dd7298e8a52dc95e189e2b4,1
3357,1321640400-005717b062b3d602f11d1d5e42de1f9f,1
3357,1320576600-5f57d461350678c485ad2b5018ca1563,1
3357,1321663080-0e999c09dd46646cf85aa08c0c30dd67,1
3357,1321664580-59dcec2263efbcdce2c1190cde53bf4e,1
3357,1321652580-b0ddd81f16682a79696d04190efc8aab,1
3357,1321664520-81523a0d38d873b8c377d49395099ae8,1
3357,1321651320-742bb3526952cf5f8a6756343ac1812f,1
3357,1321640460-5886c7c3428f6565c52b97805e20380a,1
3357,1321663080-867789f710c9fc063d5348dbae2d8885,1
3357,1321668540-a8d92faee02689dde270ca2f848eab24,1
3357,1321667400-1ef4804a3ded8a19214fd72234722f57,1
3357,1320710160-cab4dee5a2de6476d41658ab430cdbb5,0
3357,1320824040-869f6b91b0363b6be67d03d763d8b4cb,1
3357,1321481400-f000a680ce40aacc04c2370a8054c16c,1
3357,1320842220-b6d998810c5bd1deda9f507e8ff3a7b7,1
3357,1321481400-34f59d6bd8b00d6c64cb5b8704403b38,1
3357,1320834780-56dbc325df26813eb5e659d0ef488ebb,1
3357,1321641540-462c1589adfa5ff538a4f767c2e8c2ae,1
3357,1321105560-6e4a92ca5681586423c22c24006abe82,1
3357,1320943320-b00434125b5b923dc74059349258b3b2,1
3357,1321674300-46c59908bb045d4672681c39e99c869a,1
3357,1322034420-1f162842569782e5c3f179af21f2eb9d,1
3357,1320813180-61bba1d73160bf4a9ad7e5e9fa93ccb0,1
3357,1320791160-a606e4a559e4c709006d960a3cf68aa9,1
3357,1321354980-60ee895933b3a6f612cb6833bf4e5d65,1
3357,1321095720-64110d5d4ff12878bb06a98c9c0a8288,1
3357,1322001840-0fe99ea3cc3fef285e57cd1e6d44dd0e,1
3357,1321855800-501f1854fde5296895a290805a0b865d,1
3357,1321533780-a38234e5bf7160572d087c41a2e02cea,1
3357,1321898460-f0d6e004487d9a5e427e601e28ac0342,1
3357,1321908120-ddd112659eeb5e3d12e0b86e7d8ac23b,1
3357,1321858200-d444de89e9b74bc32dc23de43e386a5d,1
3357,1321886400-9fe31e888cc75ecabfa7cdb61fd8600a,1
3357,1321516080-2cfb8d5b45e31beb08b9b6e8bdbb7973,1
3357,1322870400-a8c2d9e0eb91f7066d23868a2a662e0b,1
3357,1322005200-20d6f204449c15974fdc8d0a7a7aedbd,1
3357,1320561600-699cd0699b41c20abb71bc80dc5e5c93,1
3357,1321157400-987813c8fab7893cc4f4686d07f54842,1
3357,1321920780-77ff20be85928d1c17735d5ecfde84d3,1
3357,1321896660-b23ced49ad19b0c91f7ab9d974972298,1
3357,1321981680-c7165b479ca45c8595a27d7edcd28189,1
3357,1321992660-f23aed816a679158e790ac4895d82544,1
3357,1321934040-de4d33a6de26befd9d766faa6070dd82,1
3357,1320799920-908bd9c8ae6ab84125acce859aa7d5b5,1
3357,1321934760-fc6e297fe60ecdf059361cb6f7e7e739,1
3357,1320815940-45d1cd1a4e78cd8d04fea6115299b74c,1
3357,1321249980-3ba21839b098212303685985297a9ac3,1
3357,1321220220-525404cfb02c7c6c23c7eb6d19a3dc8a,1
3357,1321904700-9e17966474439c7b66ec4046bba745a3,1
3357,1321906740-5f905b53fc31cb4a1f4bfc385fbcfa9b,1
3357,1322010900-516f5bb8c56f7fb5e0a955aedf128286,1
3357,1321931760-fbe0babe171ecb0494e90c11e0b8bbd7,1
3357,1320171840-07f72860a74b765709279539ad4f938b,1
3357,1321909200-6b14218ebee84bc05ed5cbe0394ef081,1
3357,1321937400-1244496edd4c2355fd264b5be839a49e,1
3357,1322696640-b1d370fe8ffe05dc7e8ed4a07554fb45,1
3357,1321978920-99cd599dacdcf220be96037d1982a78d,1
3357,1321959600-3d0a69ef2521b8220bb3a5909357c3cd,1
3357,1320802260-de83717b5395d8dd9a034dc183c54b67,1
3357,1321972920-f4ea09b5bdc91e743fed83a0392a4220,1
3357,1321051140-f9fc83155c735a2a0835e59d679763c8,1
3357,1322710740-342fb0cc5781facabc00b45523c44846,1
3357,1320796080-83689d87394341798e05ae5d6df58b9e,1
3357,1320793860-733f10fe1dff7c43e95a992badbd5191,1
3357,1321720920-9d138903934f7d4807bdf35fa37eb0c8,1
3357,1321867380-5c6d123e1f6fd773afe7c253d03788e3,1
3357,1322023380-113ca2cad38538c40aa423e41722377e,1
3357,1321947840-3b07b44d633b9214ea31950047da88d6,1
3357,1321219380-a80e35accb8014681a3939ef2d247872,1
3357,1321219740-03a67f83d1156d4f5517821e8ebcb94f,1
3357,1321650240-91ab9cc29b7f9653216e03aa9706e5f1,0
3357,1320791400-f4b9abd94c2a15e8549647b232261428,1
3357,1320810240-37780f0cd3f532e7207b66e0667f6f1f,1
3357,1320792120-99a2b9579af2770730e05bc0e171e9a9,1
3357,1320785760-47c592da5369eeb3d1cd1ec906850807,1
3357,1320895800-ac062112cfa3519b80007a5ca8ede496,1
3357,1321939080-802a910238447875366905e87bc7562b,1
3357,1320854760-6a3d6ea9bfbf3ed6c93ecb1547d0d5b9,1
3357,1320798540-571f9cb2b85fb9ceb75f6cb3bf9731bf,1
3357,1320793080-0eb1484b150e0526e8c02d6a647ec974,1
3357,1320791160-3ab544d8682fbd5d79a8e59534a5c426,1
3357,1320803160-069f9db6e6b41cb6afb21a5caf55aab9,1
3357,1320769980-f24aca9aa2049c8066eac1ee422e5046,0
3357,1320799440-7758b824a9e228fc4443c4184371372a,1
3357,1320799380-198989a92b0b21649a96d19d90890fc0,1
3357,1320345300-0f4e7c24611b9f3a525bd1d295ee5ffe,1
3357,1320824820-812282f5d227e82dfb76901f899ae32a,1
3357,1322008200-85f9d99950c838986ce8febd5cb85e02,1
3357,1320823860-85cbdfe6ea7712f5e2da032ff1b9c4af,1
3357,1322871960-bf23e3322a980696916923a42c9b9707,1
3357,1321853460-4aa15ceab28ff66b210feba7a63533f0,1
3357,1320828900-52b0ce85c8c3a5cb3032929cae571799,1
3357,1320893940-6c3ae4fe98d0903f453ab536c95dcd6e,1
3357,1321307220-26d5f84362549193603531fb4a768e02,1
3357,1322237160-67170789c36262bc4be3fcef9f1cb514,1
3357,1322344860-884207d5b6f38b99c94b2cb1ed6be177,1
3357,1321968780-8b20e7f64469ccca59fb75eaf989bbb7,1
3357,1320927180-1f601379352af0505cfc82a137fb68b9,0
3357,1321230840-bf0e908b2b03218fe6858d3df257c672,1
3357,1321795800-2c7740dfe851c182547e52b02da15e24,1
3357,1321205760-170e80a0bc4ec6009b7c641fc282c7ae,1
3357,1322696580-471d96e4e21b60821bc3fce1353f6248,1
3357,1321994460-6092863f93d9603bfa7b0620631267d2,1
3357,1320548940-5d63c845fa29c2d75396fc303d3ef507,1
3357,1321558860-958a52a9646e9e9605d53371c8e7e473,1
3357,1320904380-3498c8724a431696bdbc5178a347b62a,1
3357,1320214260-5f1ecefa7c14fa2a4ff001211db95ae3,0
3357,1322027400-9c4469519aace232935e104544a0ba43,1
3357,1321997400-7d8b8a14ad43a33c4a09609b4696c48c,1
3357,1321997400-03bfc5d457edf6697765cf8c26d4e133,1
3357,1321205520-7aa3729a548fe552aea86dc55ca8d878,1
3357,1322033400-92cfb83490dbd6078be23303ceaa89de,1
3357,1321481400-0792156441a46cf88372cbeb9952f15b,1
3357,1321481400-2470aef1f0d5fd131a2e4da7e8b19dc8,1
3357,1321817340-73d556d5467288f62c0a96491d730073,1
3357,1320545820-34685248fc83909b0dbcba00855802d9,1
3357,1321834200-1e347f711c389b4a4475d5e8af075cd6,1
3357,1321992540-89d1230a890cf835663f86ea2a1ffad4,1
3357,1321212660-20705dde1fa8687320b5e490fb4db8bb,1
3357,1320862020-ccfbfe2bd43c4ef925ef1983d7d76688,1
3357,1320564000-35de776dcd06a90bc162d43eb22a831e,1
3357,1320862020-686dbab064087ef2fb3534befcb62ec3,1
3357,1322627160-88e572445e8cf0080cb0768ad29a3c8f,1
3357,1321205400-647eac60e4a94085c137aa5cce2296de,1
3357,1321324740-1087f62d88af46594375e1659c12f1dd,1
3357,1320352080-8ac11dc7a6c94044c9b12f09da390655,1
3357,1321205460-d9b361b91fd879408639e992c112e414,1
3357,1322231400-c23ab38875d087b98bfe18c2357be458,1
3357,1320623340-2149c92e52b30ac651289bf7953d977a,1
3357,1321227180-50e7028abdc8ed29629775b80268368e,1
3357,1321981380-f16f0e59a9851abc4bb1733976bade71,0
3357,1320625500-a78edd7a03d536585d4f9fa0a16e377b,1
3357,1321633980-f73738052638582760152169cf4c6071,1
3357,1321604580-16257c0d38c64c8c7fdbf3eb2555d5d7,1
3357,1320722700-38192138cf4f5ee90fb6abd3a73cfe27,1
3357,1321763940-ae6817fb73eff1851cec33fb1f893ba5,1
3357,1321823340-3d2338c9c01c4a19fe242d08b945bb6a,1
3357,1321516380-41762a793a60967640dfd82aadd2fbc7,1
3357,1324392060-13361b405cde390b388251a6c9585a7c,1
3357,1320738600-86670a354fbb5d728a9a08a0bf53afd5,1
3357,1323696000-b194e34f352e3e22ffe1807e96456d92,1
3357,1323487020-ba4f2d10c74901579e1fe098e510d562,1
3357,1321200300-f4ea66998b17e8dbc5212bafed4f5021,1
3357,1322255400-2cf796d28ea78dc4603e1b41f25baee1,1
3357,1322438040-1a4f3e5e83b7e254338ff44a5ecfc814,0
3357,1320737160-16cfd9a1c3a059c72275223036f78fb9,1
3357,1320450900-af43819aa0f9cf9bb422b9d633f6bf6f,1
3357,1320799380-1d172c16bfb01fb5194ce56b60b1ca08,1
3357,1321667820-ff33e879a9d18349e6e9a961502adf05,1
3357,1322016180-2f80c31e959685a10ccec3187a6aa824,1
3357,1321892640-00a1f69b73d3bc1a9dba6af83d8c88d8,1
3357,1323760800-4b3c9fa82a2b26c6656cbe871e4bd908,1
3357,1323787440-a924c5e1fb8488683e7f3c4d0d428430,1
3357,1320636360-6410030744ac6b708ccd13caac5f4203,1
3357,1320697320-f6142cef70871137e6031d51198564a6,1
3357,1321580520-8b4a464f44b41bb82f49274bd64966d1,1
3357,1321904700-4f974d1dcdd994c8536c1d40756dba67,1
3357,1321999800-3b7fa0612777a125fe5c57aa1200c075,1
3357,1321691700-36bc4363970cf463c2508baefd78772b,1
3357,1321591080-74a751d26391533e3e3067c1ff3b861f,0
3357,1321573500-5723ebfb4841e7160c2ad4c2a79be405,1
3357,1321550160-68cf0bfc0e97f8b2eb762a8308569133,1
3357,1321093020-01b43ab8d8889375851328f4b767d47d,1
3357,1320576600-d436a699058bad2bfbf4b5891a30b4f6,1
3357,1323482460-20a700f1951c4fb4c1afea82faab0e81,1
3357,1323442860-7000e765dc2cdc146ec90de8de709f1e,0
3357,1321257360-145daf45e2f1d157372bbcf3575d3a18,1
3357,1320754860-dbcd98ad632bf50b71a89f9df4b6cd27,1
3357,1320801000-507bef5fe65f90b734228e4dc5e0d78a,0
3357,1320772680-479346d4a703dabeafa71a560bbf5adc,1
3357,1321824720-6b5cf72902bb8a2606dffe16c166949b,1
3357,1321915200-6b9ea6a71d08c099af0f6f5c0beab4c5,1
3357,1321704900-b29f5d6a8e604b0238306088e2c1b69c,1
3357,1321536060-53be41f2eb918f4cd0eca03272bc32be,1
3357,1321886640-b800b4af1118f1335e52719d7de9b9b4,1
3357,1321550880-1773cb201ec42a99a443602838d718eb,1
3357,1321497900-01dcafaffc87455df74d5301fb062654,1
3357,1320620100-12c720837237f359c0c3f457a966c097,1
3357,1323471000-b9716ad8ac2c413db87c73a9ce74ded7,1
3357,1321886400-c81ce6f8958fc897bf847fe4cc82941a,1
3357,1322022180-269af1a3953ce8a5d29f04327d882974,1
3357,1320799440-dbe255c6bd8dad17fdc35af0f91faf0b,1
3357,1321586940-fea8a77ad72431adf711e1b1b0dd7c5d,1
3357,1321724640-215b041fc927c142882fbe28c30640aa,1
3357,1321959900-512ea56e708ac64048654d621d577890,1
3357,1321632480-3977137b69d92e3ff944c8406eb4871f,1
3357,1321867200-4bca71eab5173f07283f5670077dd906,1
3357,1320754980-1305f5752c46b2d1130bccda2e63544d,1
3357,1321875480-a0b96a9d4d37106fe75592b9c42775af,1
3357,1321820040-91aa00889dd951c657f1a0045c83c1d1,1
3357,1321827480-5d698c410df514d433e7f67d4d734fea,1
3357,1322013060-918853d3ec7269353689a55ba12dae53,1
3357,1321036620-444bef8b0e4ccfdedf9a0498fe516ea3,1
3357,1321494720-f3481f54dfbfef7348b74e4bdc6a82ad,1
3357,1321976520-a81c47b11fd8cba737ad728843570623,1
3357,1321542240-a08ab1fcdd52333620faa6b369fc6eb1,1
3357,1321991280-24c3147eb2e8c590eefe7ccb7dae0089,1
3357,1322242260-df0893ee0e2445997427c2aa5c7df0a8,1
3357,1322255580-fc4c6296d6cb2729a0b0166b69828876,1
3357,1321506360-c04c87384ab5bb15ed99dc59b2fffbd3,1
3357,1321507380-93e6191d6d7694dd246e734679ac3719,1
3357,1321930380-abb55b32496be446515b9b0f5ed10e5c,1
3357,1322242560-957a5344fec676b17cbdfba236b00966,1
3357,1322240400-2c4f5a1be8a313b53b6b827a3739c4fa,1
3357,1320693660-02b0cb6a992263ca257740a544ccb668,1
3357,1322070660-d5d76684ca3c483c7443a250ef99a09e,1
3357,1322097480-de2cd5c9a1bab17e29542ae5d2c22815,1
3357,1322051880-7cae42ad9f52f8b3c004cb8fb2e02579,0
3357,1320799440-43496ae0a42453d4ec8619c8ab1fb73b,1
3357,1321550340-a4eb7d9f3fdd1456f2d468ef07670f4b,1
3357,1322242200-58ea818cea63e0e30a552f1e3d8bd3a7,1
3357,1322231640-260a46c3d016cebb7626947bbdf31969,1
3357,1321780980-c80ad38780384a290666f23fcebad71d,0
3357,1320132840-6f4a983d5b7b5c8a263216bb5f7812e0,1
3357,1322021400-4ee2cdddd965d4552ff913d29c2bc359,1
3357,1320567360-28f961b932a0913e27fd83d56bce2965,1
3357,1323241740-12b5e9353bbc82f3d12315fc95002989,1
3357,1321398840-14044fbf550677cb36d020af0db207d6,0
3357,1323475980-3f5e322c4b198625711c866089fab249,0
3357,1324530840-22a6dc14fac6f1ea87931c84b57a1688,1
3357,1322330460-8b7a9fe124799d1bcd27515661405224,0
3357,1322663220-0555dd48aab4bbc3ce6b3e98c5b6dfb9,0
3357,1320617460-43c6df18ba87149f642d9eac3b356393,1
3357,1321992000-4e55eed4c847743ee32b08fd7a7d4c4f,1
3357,1322046420-a278e42729ce85cdaf7167a8b00ea68e,1
3357,1321968180-9238d8dc1ed3794198183012833755f8,1
3357,1321980420-4742f6d9460e17111b09a26b0e8f5374,1
3357,1321968660-2a1b2115c86e9e739735b7e5e5c4eb6e,1
3357,1320690600-377808ec29ceaf9c9200fa356bf49863,1
3357,1321398840-61b1e4d76ab4df3a43be3b8c148b2e5e,0
3357,1321638060-bf48bc82194fba3eaf3ac1d362b74d49,1
3357,1320423240-d78bc5635e7acfe7257dadc85709a751,1
3357,1321670520-9423329b907f8992d1526f0efc3ff926,0
3357,1321537380-73222531544db496420db937eb0dfbb2,1
3357,1321252200-8cacfcce03b01338c8ae0c560b6f6709,1
3357,1320769620-1229036fe09e4399fcd63c98932010f5,1
3357,1322001600-3cd5a54940c89adaed00074e74c2d179,1
3357,1320964680-090c4da5b520f3b0f250cde03f7bb2a2,1
3357,1320964080-0bc0b6b71f5d80d32719230965f3d61c,1
3357,1320964440-c74e7cc131948ad0848cab5720f868b6,1
3357,1320941580-1da2fef12d084b9cadc01fefa800f429,1
3357,1321894140-dfd2810cce95cc4eba96efcc88c6b470,1
3357,1323635940-3aa29001bba1ec1d9512f3f2edf2b7c8,1
3357,1320783660-1977db13a8be201f54f90e9c2948db95,1
3357,1322018400-8df1646de83ec886c48351be4a93b953,1
3357,1321336080-ccdf0a039de1bfc5ccddb9efaa17736b,1
3357,1321309560-6d21840f419d800169344e050f9202e8,1
3357,1322339760-27c640788f899896a9fdb4f1e0484d97,1
3357,1322220480-c6270b011e1ba62364dedc7163a8cbc3,1
3357,1321309380-9446b3b58a51a063d36404f504a30b54,0
3357,1320119040-f55db7f9b8a9476ad56180a0806db9b8,1
3357,1323285600-ced04462df2e75c6cce890ee44be2fbf,0
3357,1322271480-9f567792991a4e490d790b9b778c383e,1
3357,1322249400-1837025ffa3d2b058be54d261a4b5ca5,1
3357,1320232200-64273b2a603f5065a2e10d5950d75c55,1
3357,1321249980-694fce7a16f5cdd3a1177fbea5f3b43c,1
3357,1320214260-96cbf4d55ab1fe4d42429df570a4f2ba,1
3357,1320214260-53731a21fba805c218155af336d4b53b,0
3357,1323122460-c3702481fe06c3f9b366c9b01c6d89ad,1
3357,1321562580-4eb297166d4b40ab5a7091668000cbb6,1
3357,1320529560-2ba9f03ea8b9135cf37f5cbcc662bd05,1
3357,1322900340-2a9b2dd6b892880f5c9f3f8498f6b21e,1
3357,1321920300-f3ebe917d2754e4f43561667d8f31d83,0
3357,1322873400-dc0f5adf363c0e281e708db457174788,1
3357,1323138780-b911f268d374858df0c1d058f85fdb2e,1
3357,1323125460-0c7f219a9d8ed8c66127de0eceac5bab,1
3357,1323481740-b50b1eb1ce615e2bbbf75765598c9d74,0
3357,1320766920-433345ad32e22be4b08d9a6c53f87e04,1
3357,1325680440-53aa0456d54dbbc53536b4d7235603d5,0
3357,1320620520-26da2a328a83091b07f6073d1f79087f,1
3357,1321559820-ccc74156bd61be68261bc36f6c5af851,0
3357,1323190020-bada60c70545f4737214f156abb1e0f6,0
3357,1322327700-1687f40e53f93eaff1c04fb450183c64,0
3357,1321774860-2ddc8b6487667cb881c409d3adf83ef6,1
3357,1321593000-066670383b6d926674cf59ee7f112def,0
3357,1321873980-3abbb4374bb3ab2a78fcd82ccda5c9be,1
3357,1321875480-0e7f49eb093dbdfacf873aa4d01e4477,1
3357,1321849260-d6a018818b1a7b8c6487b40445345e82,1
3357,1321748160-b55582ff8d9afda1849c3cd76517417a,1
3357,1321310280-4b8aeb726cada6dc1c5fb0ceffabf79d,0
3357,1321897500-6efe26396fe870a24dfc1ebb9054b3ee,1
3357,1321440360-abca788d9068667805e8d3aa8dfe11ed,1
3357,1322135940-955f703fbe81b092fb66ddfae2228861,1
3357,1320620040-3826c517b6c428f3c6a9b81c864b36f6,1
3357,1321859340-b03c1ae2fc9094164f0f923f5b21a276,0
3357,1320441180-b30204cdf2878bf182f37124f45981e5,1
3357,1320842280-2c922270c5ebfdbb26d4b7b82cc6cf19,1
3357,1320880200-b2224ed0e43023481ed5e31a9e31ab87,1
3357,1322046420-440a3bb85890ae7a429a34a97492d729,0
3357,1320547560-a636a5f19cbce07637374f627406e533,1
3357,1322242980-fabb4d5eff94cbbaa1a5d77391458129,0
3357,1320820860-1e628ac1067b1663adaa07e811dfcdec,1
3357,1321501560-4098adf00a43af21b655538a1d45a61b,1
3357,1320789540-3ad12fca60399ad31ebbd9b61fd7b7f0,1
3357,1322270400-4b9fac9da66431e189f341e12e262310,1
3357,1322505300-a3520db09508c934fb1fd53c3b82eb41,1
3357,1321342320-c0ace76a3611ba3366ffafd49f4d2fe6,1
3357,1320892620-c3eae20f58c86cbdd6d42368ecdcef3b,1
3357,1322685600-9f6cd6903ba0243fc0b929238bb50b6f,1
3357,1322018220-44e47e128371f1c2b8412ddb09893df6,1
3357,1320431460-788be7fd389e39f5efbad3e2d9251848,1
3357,1320861300-6b4b9c7e0efe557895c8112744e547c4,1
3357,1322787480-5b2899e5e9080448af65b5031e6bef5d,1
3357,1322732640-fd4495a6cb7fa6143438052862b49083,1
3357,1322206980-a8660fcb53a8d4a6aefbcca22fc288fe,1
3357,1322082600-6e888c6cacdc3d0012c53989f0243971,1
3357,1320872580-87d91579d816f395394fef21672f7242,1
3357,1322680920-2b4f4dff55dcb4cf7644b78af2c198f2,1
3357,1320423420-2a164e56b71f05213265ce1a9e6f3d38,1
3357,1320797820-630d36625c4306db0bcc07df9d8d7ccf,1
3357,1322505300-1ef3705bb067c4b47f16e4aee70b9b13,1
3357,1321903200-0aa3d8127589c3e38f7020486525b2d6,1
3357,1322164800-3177e73a658a0274309dca2908bef85e,1
3357,1320436200-cfa430db258c8e7b705c1f379f687e43,1
3357,1320788820-4b0c40ab8294b9aa2b819ac4cdfdad3d,1
3357,1321568700-859c043da745f978dfa0393c3fefb477,1
3357,1322190540-4f7873fa487a22a7be377073e39a164a,1
3357,1320443280-739a649a2fe62ac394a258a1812fbf21,0
3357,1324493220-73b2b45c97e2ff17e08d1bc2487dbd2f,1
3357,1321704900-5b48360da091a8e28849b18d7ab1e547,0
3357,1321113180-79adf1ee50ee79b8b9a9f7e89d6453b9,0
3357,1320980580-1f999597a6012a4aa75e9e75e93b1340,0
3357,1321667400-41bdbfc552cad882baea55945e906da5,0
3357,1322446800-8524fbe64423b8d3495af60304bc4006,1
3357,1320766920-571a0864f7b09e3c6cabccf7e3ea7204,1
3357,1321537380-087ee42746a72faf9842791a4508b37c,1
3357,1321550340-3734dfd663cbeabebea9ac965096b4b3,1
3357,1322129400-1d819fea3093c165f05242ba982d2525,1
3357,1322174400-428db0c51869014cf5ef5118349ecb0c,0
3357,1323805500-bc71c8dd644c8585c5e63f97e6ab9d71,0
3357,1321043280-d3297e217e9f2552dd58bd50926d98fa,0
3357,1321423140-436d00725fce7071301ca764548b6096,1
3357,1322275500-0efdd16c8ff2e39ef5dda50051444a74,0
3357,1322590380-555a5eee282cc396e0a03e913044a881,1
3357,1321772580-8b8c81a2dfdde362243a079cb6d8ebb6,0
3357,1321247520-94a2ca5de3bc2dbbd85010491e69720b,0
3357,1321811400-f7825f63a1a3205f63541546ec78ed94,0
3357,1320810540-9328cd60a0eace6f251d0ba72e4c9070,1
3357,1326775980-be2aee18b358056b20197d2cdbe634a3,1
3357,1327061100-934196a6973d4f14839aaafdf10c61ba,0
3357,1321799280-ff067bbcfabb36a07b47a5f1b69d4323,1
3357,1322200740-61e99c6b661cb3ec346d955c01d8cd26,0
3357,1320412140-7718d9f6dca44b1b3c4ffa5faa38dc66,1
3357,1320988320-01bd67bd828c20b0ed28802f62a876fe,1
3357,1320787860-49006a3db93bacedb3d84b21be978037,0
3357,1320922080-d073ca9e4623f08dfefefadbd1634ea6,1
3357,1324459200-f47e2f59e90ecca2c605dcf40a318e2f,1
3357,1321744740-cfa9f36305c33bf6cbd6a42c23ad7743,0
3357,1321319220-d4b1b2a4cfd97051c0a869b0797a87a3,1
3357,1321707840-3495623713551253c0fbede87d61502b,1
3357,1320557820-40553853aa3deda409015e08225252b7,1
3357,1322003400-264f180a00f85e7371eefe81cfbd9cd5,1
3357,1320616320-3b6fef895971f64e6112136d2fed0229,1
3357,1323682380-acf317d45a1fae1b98320776a331f59a,0
3357,1321617480-3f652562fd1a490339dd2f1352d572d1,1
3357,1321717920-2c1be6adae76736168771845d525e30d,0
3357,1322897400-b260dd8618601591e8b8863729bbc6b4,0
3357,1320918240-8c47a643ca6ab2b039f6a271ed2fa708,0
3357,1321161720-9e5b5021a54f2e3c6e23fdc267268869,0
3357,1321566060-09d3021f70803ce8581ccc6e51c6e703,0
3357,1321065540-44dc43752ff0e48c254be3e3b187c107,0
3357,1320799440-017bd50235d75e97ef19173faf71bae3,0
3357,1321843680-a487e589237448745792a673df0f4cb1,0
3357,1321124400-785b742203ec5aa54917702777690ee4,0
3357,1323031260-3caa6fe9c2b708c51d4731db3b268f24,0
3357,1324481040-29f4ad68b106b67f9758953e6926ffc8,0
3357,1321437180-f5ab0e0e972ca39ec5307f21cfdc8250,1
3357,1320108780-a9cbe4be6df794d8338a2dcc8729f4e9,1
3357,1320648420-8ddfe4d3121529fe4a6c450a908ef2db,0
3357,1321201440-c6d3f6db60cbb0f04eb44650cff4ead0,0
3357,1320520200-83fb4e28f6396989cf1ebce042eadab1,0
3357,1323707460-dec5e35a4dd1e4f71eb983afff8c7ff6,1
3357,1323723240-420f2139e541e95dc19df022909598ba,0
3357,1321312440-8f02f25a335985e5ab9903679c0a2d30,0
3357,1321795800-d83d60b9c0885ad24c193fec8cf5ae60,0
3357,1325346360-c9b11ebbaeb7794f9bffd7bb208d4ff4,0
3357,1323288000-bf976e2e3cd2cdc682da48fb109df5e3,0
3357,1321803540-48839bf071b6fe8b8dece81b6ad71487,0
3357,1323422580-63d69f354ba1ee8bdcbd5ecea3d60bed,0
3357,1320162240-87481351dcb52faafd5df3dbd282405c,0
3357,1321468740-5fdca670ddd382cc4396107ab2a9e07d,1
3357,1321464660-f4887ad1e4117f430c74b77397499625,1
3357,1321273500-b75529cfca3a106d238387cfe392543b,0
3357,1321537380-cd6b3ee6bdc8684658c0e9574255d952,1
3357,1322272740-80f557308ecc4a1c44f3688794bbfcbe,0
3357,1321971540-c6f2520487f6ba44f9980ebbde9eebd0,1
3357,1321050420-52142eef554011d4669e450da3398a68,0
3357,1322084100-565b6954fa6993b3db4910139b500fbc,0
3357,1320871560-0cf6b1459e2e9103a9245850fc574b48,0
3357,1320721800-2a544907483e5eda6be6c3dd06accec4,1
3357,1320444660-147df9a527af3823523a314455cd30d6,0
3357,1322095440-9ada05e41036890ee6b4c78448f495ea,1
3357,1321915380-14a8bc11a2dcbaae4d6df840ecf7afd3,0
3357,1322181000-d7511cbcabf1966217eba1319eb738d2,1
3357,1320862200-3e691de7e5a76fe95ead0c4b2419b1bc,1
3357,1322263800-a5008ea2896d1260984d273b87a90452,1
3357,1322161860-2f7d108afce631768af0eae62d500e01,1
3357,1322231640-f3009672c5bd81948b49457c1f683a41,1
3357,1322231640-5cd2e776fccf8a829fa04a869de9427c,1
3357,1322240400-9be29e456c747ae3c39c407586eb86c5,0
3357,1322313840-23cdef93a961acd37528015ec903f77a,1
3357,1321399740-d13ebafd49a0c1c9c4459f4a43513e43,1
3357,1322302200-151a0ab3b17a522822ae206fd6456794,0
3357,1320886380-4684c4b01fe2b563ec31d07860594932,1
3357,1320423900-7ca80502ab1bce35ed49ac45aa2521d1,1
3357,1321284660-da49142ff30f82d6fd9b5412a99c3b58,0
3357,1322230200-7e8d6557c0a7ef0a51a1e3b3606308c2,0
3357,1320491400-0aef86e79886e611743fc3772584494e,1
3357,1325518500-3e3d4be33ecc54af6e8261cf9dae8e31,0
3357,1321547040-0c0b25eb211391e659245ddab4a5db4d,0
3357,1323480540-b6d689d31c9c96a3ca7d8daedb5fd9ef,0
3357,1321054800-5a68362faaee7138e699c751cb3c021f,0
3357,1320826740-49248edfb31e405d65c187a1da8df9c6,0
3357,1321551600-7c078128edb5e08def321edf943b4a11,1
3357,1321619940-ff1563837ef487a2b23287b93ba95731,1
3357,1321550340-43d70ec8f854a8cca821bd01176eb4fa,1
3357,1321501260-924827268bd1943321c2c584ba6c67cc,1
3357,1321497120-ab7842ce4a7690027ab45b15c08ff3b0,1
3357,1321509720-de7c753105236c1af94524549b536f05,1
3357,1321488780-5ceea511c4ca11b5a1daece219c300a3,1
3357,1321488660-af6725a27fe4774af691f3eb64183d8b,1
3357,1321505040-4ccfc7c701d502e2221f61d811b5d552,1
3357,1323364080-849e7dbd228fddf3b9a9739b2b6717d8,1
3357,1323272880-03a3750f3711d7b7aa9ecf0dc5bbe626,0
3357,1320214260-dfbc9859d481b210ee623ad4fcea71f1,0
3357,1321114260-78e745e3525e05c285177fec3130615d,0
3357,1322142540-2bd047efd2bf07e8b70b5f619988ad37,0
3357,1320816720-320dd7283208bcbf15975ed958a42057,1
3357,1322233380-11c9ee94d1d42d7bea92b716de433328,0
3357,1320341340-14d6af076a977456ebcdd92b2c920aad,0
3357,1322275260-a1f9ea7dd13054adfc09e511015a90fe,0
3357,1322478600-8eccf87987d0dcd49f499eec8228514f,0
3357,1322438040-f1db48dfc3e78fe6747d159bbbad46e6,0
3357,1322497200-92c0621606a7db2609871ed33e402019,0
3357,1326113520-268476d9d97ba77c2db2805c0b99f536,0
3357,1320337380-19481817c0c968cea39fca4ead5f76fd,0
3357,1321247520-0d85c80edd6895910a57346255b700cf,0
3357,1321115700-f08f3dbc5ce3fb7b3d57a5c6ca5b4572,0
3357,1321800300-76b3ec4bd2f32f108569513683bcb6df,0
3357,1320197040-0fc8c8b7172a3a1774ae3777b9128038,0
3357,1322109360-5dfda3e956b9225bcc9549b098f299aa,0
3357,1322369880-d38e08f4d74f457bb660774b0f6aa307,0
3357,1323290340-35b4df03234a847eb8200ce31a275eeb,0
3357,1322313840-fa2d10c218f21459928fb446aceb1bf9,0
3357,1321406580-4bfd32ebcff2b7ada0187783fcc0d676,0
3357,1320918240-25704d306f357b82eb17f04a770fe76b,0
3357,1321645620-21e1b799f36679aac9deef7b3ddede31,0
3357,1322600520-5d02d4addd5295fcb9d5b453e50d2c2e,0
3357,1320132000-1fad6a9847be1053be466140520321bf,0
3357,1327012440-49228165dc60d2e4220c4f731494fb9c,0
3357,1321415940-4afe48e482c70dde91e29246adea7f90,0
3357,1321494840-87379f162f065ed421a62e5b75bd1424,1
3357,1323772260-f8e72dee023c14d2a55beebfc67fd38b,0
3357,1321467180-5d88442929295acfa682c122b33d1380,0
3357,1321860780-bb93788724e85d10d33093e60219a219,0
3357,1321820580-3affe8637055654050d10b9f25ce0402,0
3357,1323698280-7b666e15834e383f0c7f36680d909cb5,0
3357,1321308360-be123cfc51666486013f951139dea7cd,1
3357,1321536540-2152de9b1572c7a77edb9ee3f3caa44a,0
3357,1320879060-2d60a567b7a10c1c4f769ed791aef017,0
3357,1321811340-0dc51a76685a137110a197782c3a0011,0
3357,1321385340-0e762a051a7d2d144633fa830c0217ea,0
3357,1321362000-07f42990ac93944a206c18c1751dd849,0
3357,1322364780-87c5ec4025131f72a3c6520ae962d832,0
3357,1321670520-f8e10ab949835ad17527125be6762bea,0
3357,1320781140-2adee84e4efa901e62837d5f5389e86f,0
3357,1321808400-522a4a79f06d4184f5f788f8c2d113d8,0
3357,1322153760-d86b61a37ba5831edd7fa283fb53d467,0
3357,1320214260-4f0d1e100421938ca71eab6d8da3705b,0
3357,1321404300-34d8920bdde72fe35dd14642a93e0857,0
3357,1322396100-5f254f614e5522c8e9b42090b41a2e6a,0
3357,1324312740-922c55815050ecf9514326767f13b2cc,1
3357,1323876360-1e60945077e5ae261a9c9067c0838ca1,1
3357,1323472380-2654ff09795a809670488f6d05f38558,0
3357,1327102620-79bedff2be6d42f05f6eaa70948f37cb,0
3357,1322476980-3673f112cf73fa70d5ff31eece9c0959,0
3357,1324557900-4cae24809a2bdf9b092b4a02acb47cb4,0
3357,1320787740-cb4ca932640975f61f067e466b48a60f,0
3357,1323147540-6123fd3781aa1e5e6922cbfb4088ce52,0
3357,1322887500-d4b2bb1408eba6f1eb05a51569a7e88e,0
3357,1321408080-1eec91c44617a04e4f4e54d1c319145f,0
3357,1322243220-4caa18f8b65cfd1b9a30cc3def9f2d4e,0
3357,1322404260-ca370a1de962a6cd336d8258e7b24735,0
3357,1321735200-1e177258705b344f4c64a4a484e82d8b,1
3357,1321735260-2317a46f345a6425f0eebf7225dcff11,1
3357,1321753680-6ad1cfcef7109e35a448c524a296aa33,1
3357,1321735560-0eb1d13430a9ec69b429820c9a03167c,1
3357,1323214380-41a27586783c50be2a323567932f3910,0
3357,1322081280-70ac03c026268e0173097e7378cc73a0,0
3357,1321914600-43067394d905da198aa184632f6e1576,1
3357,1321867920-89bf9837d0b24d0a347bbc37f91ec66e,1
3357,1321415940-1529fc8c297b3e2ee6bdff07af4ca55e,0
3357,1321641480-a4e6e7a8f2d420021672df85822c2158,1
3357,1321980720-51cc6ea95bfe261e5cb733b095691509,0
3357,1321660620-3cd42aede639ce58248aca5fe024e6c7,0
3357,1321986540-d7bb5e49cc66577aa6b1ba9f3cc4b7ea,1
3357,1326822060-b5cc4237a828a913bb61159c0662c94e,0
3357,1322255100-c64bc34410b1b0de754d29997a63b49b,1
3357,1322225880-4e5a5af12a6c9c2829f3c737f104fd42,1
3357,1322044860-fad77a1a74d1216dc599473fd4a0602f,0
3357,1321249980-77e7bc997a7d031a5c0194cecf40a139,0
3357,1322219280-c70310e5952d6a5be243233cd44f04da,1
3357,1322238660-1883ab5170c35841fb8383d1d835d726,1
3357,1322262120-a02bdd42697d7cf3b3d78b86920dd1f6,1
3357,1322008860-7f1f84bf421f5f4b85cc7b942d914c02,0
3357,1321224780-6d530b2264a9a8529b8cbd3c27d2fe2d,0
3357,1322270280-33b44ed53456d92dc399a6e621be24dc,0
3357,1326400560-3d96a8ead6299886e87d7521c352526e,0
3357,1321330860-478596c5f7d6a309fa3c25d4e800d086,0
3357,1320794700-de6637de24a57e3d61d755199ad9c117,0
3357,1321398840-5c8bedb384e349f1b6deb9fcfea13a2e,0
3357,1321633020-679fd9e89a4266a88ff63edb60d308a7,0
3357,1320713700-0796ce823b4464c4a3f4cda7ea33e379,0
3357,1320937800-3575961d7d9c809f90800a32fd51f576,0
3357,1321775100-1ffd05ca36fd6a8dba5be70751c575f2,0
3357,1321389660-d60b576a32c4249a0c7dfc85f529cd45,1
3357,1321295040-cab1d29282d1246e429485f15cffa4f2,0
3357,1323478800-7bc0d7fad547afb431fc9de4e9d57c65,0
3357,1321162860-163f01700c04a96e7e222a70de2c3931,0
3357,1326306480-0c34f6444e0c047714d2acd153c58769,0
3357,1323117240-8192775f9ceeb5d590ca58d55b0b7b86,0
3357,1321481700-497df7c9613d94f84e0e84b3ee4c6600,0
3357,1322077260-cf1ace91b330c01e21ca9c1a92f077f0,0
3357,1322004900-93f72ccaccd7216c9c8c4b40866aa37b,0
3357,1320214260-2a118c7a644d805d25a06f1fe7cb0ca2,1
3357,1321744800-f3460491c8d21504ef10fe754cbc7830,0
3357,1321249620-d484d27f22ac3731c44f11b8d8616363,0
3357,1322013540-2a3185f866de077a820d78b244380d90,0
3357,1320496920-445eedbdff34ff64df37aae1b4becef4,0
3357,1326087420-646962d6c6ba2aa9d95bae1cedc92959,0
3357,1321218240-32d463aaf11ad4fe9cacea7667dd238f,0
3357,1322013900-c7e6e610dd0755a743f1538d51a03479,0
3357,1321397820-5a6ccc0ccc3dd626973540f49d680135,1
3357,1321309920-f8a05f87e1f9ecdcd02fdac932ed5f37,0
3357,1321668840-7cb0d1d3d8635c2c29e85cc5f14ea27f,0
3357,1321444800-7db15fc2a0621cf52e8bab67699a7bac,0
3357,1321051260-f4539b0081caa8fe443d0ef20ab7b64b,0
3357,1322071440-73ce9148273255ff07241b442efb2c4f,0
3357,1322333400-6e47403574d5c2f0eceea1b9f5a59afb,1
3357,1322333400-d8ffd52f2e112e30474931589de5c716,1
3357,1320706020-20433a8fc4f3baca2db7f3deb444b8e4,0
3357,1323134400-d430d0ed472228d2eb64b467bd9aed98,0
3357,1320822360-1843cf9848f0d6b2a4c368c2ba75b2fa,0
3357,1322386260-69857271effe06fad51120bbba596fdd,0
3357,1320859980-4c73c323f696f3697d3df1f210edf4b1,0
3357,1320424020-fa4e355d9d573cda960aa3397a5f62dc,0
3357,1321145160-726862577caa9d4e68819bc0c170a7cf,0
3357,1322134680-b462e5a1e423b8c6e886e4e7f88e4065,0
3357,1323488040-5d87fe6ab13572dc10fd841e2815a405,0
3357,1321803420-4fd51c535cd589c0124e0e903a78b0c9,0
3357,1321474140-44da48e6cd71db30fd677f76d3cbdd22,0
3357,1323213300-282cb2ae9e82180a02977299ccbaf379,0
3357,1321409880-5550ba04eeddb0b0b36a40503d79eb0a,0
3357,1321853460-d693885f96d6d3b2b486e5e8e950e729,0
3357,1323438420-3197906f0f8f76b7cd698809b3def66d,0
3357,1321288740-3c879ae01237a4dd659b0ef8eb3a4a3e,0
3357,1321217460-05163e7ac5b19a9b10e573d640df47f7,0
3357,1320782100-d1ec0dbae3a214328c32b3302aa10d1d,0
3357,1321380540-dd0cc0f28275880281b7ae225831cdd1,0
3357,1321780980-670f1d38f1fe718f17e6bb9dd25d9d8b,0
3357,1321704900-c5c081d7bf91efeebbd69c62dac10c4d,0
3357,1323420180-7dab81f1971ed256c4acaa4ddb688377,0
3357,1321963080-3ee8c5cb84adb0d95a03a4d730c1eba6,0
3357,1323611220-4f43a015bbdc3d045ef7124067b6d088,0
3357,1320826200-3c4e6bc9acbb8f4f274d7576fb20313b,0
3357,1321343760-b7593cf2eb07ea54267275d3dd43f156,0
3357,1322392920-04de9b12015f069eb37c0a188d2142f3,0
3357,1324484880-9cda72743e54feed4696e76033be0d93,0
3357,1321372440-360a8318393f76d29b97bdf9672b7536,1
3357,1322309280-f926973a7e90f31d89ce89ca3fb68d7d,0
3357,1322275560-4b96c043557984771c1919ca1631d38d,0
3357,1320719100-910ba1d3210e72e080a924a63fa3afc2,0
3357,1320911760-96e0fdf2f598aff77b8f86eba5b790fa,0
3357,1322228760-1c791a4a89fee0f894a3f31a12004f08,0
3357,1321283100-91e1f36a5e57a2c94ad4e8a6130d34cd,0
3357,1320978240-63b0d08dc9d0311a91268462b0ed687a,0
3357,1321165680-faeb794c330eb8899d54db6bfb22197c,0
3357,1321482720-97ddbf063d49c2deb38f491cd1120f27,0
3357,1321510560-511c8b6ffab6045e99e607135a7336fb,0
3357,1321030320-6dd4a7df78c23725585709038a275e03,0
3357,1322769840-c3a6afcb654021516ccf3b34ad65a05d,0
3357,1321860780-22c4ef1a3eb738c682b3c63213adf89e,0
3357,1323295140-d8c83bb1b8cbecef673817b5d0a7f935,0
3357,1322370600-4ad72fa09b2b90c57fe489668d8cd37e,0
3357,1321994460-879f099d374728a395a0480a1285f81c,0
3357,1324543740-4274621c1355a35d1ef7b290866966a2,0
3357,1321572840-b2494bf91e8d262d17beba42f995708a,1
3357,1321508220-dee23527233c2b50a2365efa0ddc4441,1
3357,1322503800-9b5ecec38fb9d3e5c934eb1f6c506171,0
3357,1321799280-74f15dd6886543709223493489916496,1
3357,1327145640-b0d716935a44f14bb2f640e7935e6da7,0
3357,1322450220-b17a7731e7b518040466d0c773d0cf62,0
3357,1326770700-120ca240b089f06909491a36b2ff430f,0
3357,1323137640-f16bbdbf90b7143260077e7ef73da104,0
3357,1324574400-c743c5b5dc2564a1d4175df9eabadc51,0
3357,1321397400-97a9c5eaf716ccfd618d05747f315362,0
3357,1323219180-6123bca3df9ab61a5bc7e64806041d14,0
3357,1322595780-adb1e59dcd2276c1345ab445a936f17b,0
3357,1322664840-c668bfa06fa0beee94a6c85d1ac576f4,1
3357,1324487100-bdb791ca99245414791206c1f0dd0dad,0
3357,1321307940-898c4a52b829c86c3e5aee2ff8ef3ca0,0
3357,1320815640-495a3817f6389631530119b97e2f4d4f,1
3357,1325272560-b644be6815a841c7d4e1a4af388d92ea,0
3357,1326139260-29cacd2a2741d968ca6130a13ee55042,0
3357,1322111580-15be012ff0c79ccd276cf85fec4426f4,0
3357,1325114580-a6916ae6254e2a12a0e25241f5f0bac3,0
3357,1321442100-0245537bff57c0d553b71396a575b243,0
3357,1321408560-72b7b8b94b95fecd0f1837a2b58cd2a7,1
3357,1322184120-bdc5610de07a8586cbb3cad21df1320d,0
3357,1322498700-daf581bcc510bbcfd1b32bb919542a32,0
3357,1321767000-87bd2f9a1848468dfd7defa8c71fa277,0
3357,1321506660-97cad152b6a585b607f9832848b947e5,1
3357,1321492560-b235cf09d78d16967ddf4b796be57e72,1
3357,1321232820-53cdb65cef0dd0647ea4e77bd50d9e93,0
3357,1320714840-7cac0413c8ebf897061f144134126bc1,1
3357,1322137800-ffca8e7b5313a9db2f139374a57bc6e6,0
3357,1321498800-7f119b2619430e572381338d0070abcd,1
3357,1320441960-1b713800f2947ffccc34e7c4c502e868,0
3357,1320639840-c96038ad931c5cef922393f1c9b8932a,0
3357,1327100880-a9ffc0c9c0671d06bbc871668315b03e,0
3357,1321351800-b4fe8a68a66828870249263f654af574,0
3357,1323281340-9ed76a58039728758137af68b7ce65bf,0
3357,1322248200-98b43b6b913dbc9bbb66dd5a84b6daa9,0
3357,1321651800-b35443f7cf4cd0e9cbd2b402f367ded7,0
3357,1321643340-935d8f5e4c1f0e98721022ca91647def,0
3357,1321331100-f03822c3fb57f10bf7cbbb28238e991a,0
3357,1321383240-6974b031f4e5031f6758eef58270e90b,0
3357,1321763940-8709e28d8120bb1ae7b6d21d6dcf9993,0
3357,1321851360-7ac135a3273119924779d4deb5f1dab8,1
3357,1320898260-47d73030a5af19a95934b5d45a9d2ba8,1
3357,1320704220-dad9d7581f09f3abae52c116adc6d81b,0
3357,1322773500-be2f6fc9a0f7b11a91ac7b9ea138e6fd,0
3357,1321252500-86bb9ed20e99692118ab444b2e87b90e,0
3357,1322070660-4d3c1399ba2af8f668113f1ba8125590,1
3357,1320976440-b5d3ac5fa8521df3a740937537335d5f,0
3357,1321085040-728d2099f37733c308d4c7661695a7fd,0
3357,1328033100-8070ba9fba569169324579ddd475e459,0
3357,1323098460-09555ccb15e781f1571b5ee8ca564767,1
3357,1326179940-fbb3d0862c9b073a63e8c455a112966b,0
3357,1323491520-476a6129c0653a8ce06fd769350b2916,0
3357,1321944660-a881566e07ae363d5ceef7240c6c86ff,0
3357,1327455180-71afbecb265476494054e9b907aa4dd3,0
3357,1322766180-fe9252c922f5f272e2ae72978a9259f4,0
3357,1321952820-ab57d1f9243b12a7e87abe843952e85d,0
3357,1323231300-7426c8c476ff015d0b259bd0e6ae121a,0
3357,1321845240-3e50745ce7613d468ff7b71ed23f18f5,0
3357,1322556600-7d81c92764fd75d1acf135a25eea6bb0,0
3357,1321373760-7fc6fe0f17ea1dc08a2d14096829e875,0
3357,1323521880-bfb870b5515fd69230e642e2a9211bfa,0
3357,1322164200-ac5cab20ba7252f1a358f41744a726d1,0
3357,1321620540-93610e3e34c206896327878ba5262f91,0
3357,1320972060-27947341efe612f3b5f65c47ed3af989,0
3357,1322625600-3d717a7f0d5c795f18254761ba142cde,0
3357,1321816620-d18441a2a9283af733aa4874b2ca48b6,0
3357,1323235680-f1936406039e2cde22958de5da5af38c,0
3357,1322961900-4c84da786528d5a85426aeed0851cda0,0
3357,1320778560-09532f5b12a01ac6387dbb7e67a7d54a,0
3357,1323156120-d899d8be7322fc8ceed9e714e4c1c0bd,0
3357,1321394520-1c65237951bcf5c1980c6bca9e371074,0
3357,1321633500-57617bcaa309e6d402d34682fc3cb5e1,0
3357,1326708600-54d16a71ed10e046c0388d61796a53fd,0
3357,1321651980-8a80948213c3c29d4a547c82ad07a431,0
3357,1322664840-22e9d1a4a066fef39e45b6af388cb502,0
3357,1321465620-f161299423988dc9aefa263449e41b53,0
3357,1321888140-d82b1ae9517bb7483c82736d8659f031,0
3357,1320876600-3f6ead6ab785ca7c85d5f4ca47fb7477,1
3357,1321550280-fc301b44204b948b77d2c4f019a23eb8,1
3357,1321523820-c837b2d0b20d9cde6c14a1514c31d1e4,1
3357,1320992160-194d4dba8a2a2fbe3816fff9836914d7,0
3357,1321687500-7b963fbecd3424231836d1300612fe36,0
3357,1320657900-004f920ed31e56ce58137c9126f63854,0
3357,1321938840-d10b24c803131773191a0abb5bede741,0
3357,1322229120-4972275af40dc80c55ae8201bf8909cf,0
3357,1320520200-135a20da3bcf3bce2516aa2dc4fd5db5,0
3357,1320332280-942921ab7e41df7474811dea934ef579,0
3357,1327146360-c070d85f5861b59771e23d9bcd3b7774,0
3357,1323160860-d5b176f6e62a2d69b20828b9a0774a80,0
3357,1321388160-1bad948bab105b54c4cf3133095b51ae,0
3357,1320742980-9707297c17fe42b053de972346687b34,0
3357,1321951860-93153472b173c752b0a9b159bcfa6b4f,0
3357,1321733580-831870bb516044cb7c1ac0bb9bd17b42,0
3357,1321927980-c21c43d21804d3857314ca8304be651f,0
3357,1320606660-08f471a6f78093e846675912896fe987,0
3357,1322417100-62b5e1bf3acc55dee465dbf981ca1967,0
3357,1321907160-a8710ef1b11eee2172e037ccd4720977,0
3357,1323878100-86187ed789be36a0df2028d51d2d812a,0
3357,1322165520-2adeb368641b0c3fa92898feb9608695,0
3357,1322625060-c3891df037cee04bebc95e8e198a6bc1,0
3357,1321838220-63e22c69fef53f1510b87211194206c8,0
3357,1323443700-264818b693d0285b020939fd87631223,0
3357,1321297500-7a2a28616ade5b961f3544e1324394b2,0
3357,1322618340-640575d2c0e7ffd1036948d411d7365d,0
3357,1322730060-875e30c37909a59b2219b487d6afb5ff,0
3357,1322455140-d3bc00ffd36c221edf61eec02c122549,0
3357,1321659000-9c73964d090b5532011dd6646851ec27,0
3357,1321304820-f74508a819ae59c878f3824222d1b62d,0
3357,1321231800-72e902cf788f3285bfc5993ae5f4f4c0,0
3357,1324476900-c795ee24d3d5cd1879919692ed23859c,0
3357,1322007900-c8fb484ae275b1583a71b326db52d93b,0
3357,1322186280-248deb6fecadebb0872242537d77208c,0
3357,1322711400-6206949ed44ce365413968f835e7864a,0
3357,1320339660-84ff3fece0e58e2e525e2ea0e744a31c,0
3357,1322594460-29827798db8e3afea024b0a932c81571,0
3357,1320980100-988ebc9c7caf66b8fe5b5aca41c57807,0
3357,1320621600-223a9e804b4825a0a3e0236a1eafa8f7,0
3357,1325262900-9d1c8d349dbd9c74d393840cad01fe47,0
3357,1322642700-b57656472e8002922bc990603a21d3b2,0
3357,1321040580-62299fee44a380b534c6d63577b60989,0
3357,1321376700-160366b9649c1fe56c86d3a339c87857,1
3357,1321485060-68bff804c20b5424a1269b853f1f238f,1
3357,1320137040-64523c121e06162f54ae4dccc78b236a,0
3357,1324501920-a86136869893e0fe31f255301b88a070,0
3357,1322197860-b98bd08c10b7cd16826d85b8e6bd5fbf,0
3357,1320952620-1d42824906b25b6057f3306090b3a6ea,0
3357,1320164280-93af2bb7be92561a743141eec0363a36,0
3357,1321827600-511295bee66839621fe7ec500090fd32,0
3357,1321647660-6a41b4623be979af40ecbe01f5688508,0
3357,1320793860-1af06b26705903a47678c5e842300d7a,1
3357,1321382280-893d797b03d9ee6753ece625ac4c88cc,0
3357,1322015400-25ddd745c6bf376f91cd3b75c4cb90d4,0
3357,1321636800-c44f6d546e719c6e9a39436d7aa1e824,0
3357,1323302520-9d5f0d30f3d46e4b17a8fb820f8dab1b,0
3357,1323202320-57d7c9a61b79942deed36bf753db9c5a,1
3357,1325970720-56bb54ad9b962a21dc01551c0ed476b7,0
3357,1324170120-3cbb4bb5492347edafe65c63a0cbc042,0
3357,1321628400-014edad47ae3156ed9af664f7baa263a,0
3357,1323246360-21cc290a7a6c07f72987e083a663699c,0
3357,1323025320-874b7be022bc4d51a4ebe103889bfb73,0
3357,1321394520-a89b7524aba638c00d3675be9332e237,0
3357,1321346460-a8429644b741149da004313d212a275d,0
3357,1322701560-6e4bad1765c36d7ab9df0ec9786c7bca,0
3357,1324482000-f2ad4c597928c40f76ef71a656644927,0
3357,1321553580-b566dd44f13140a5531c02da89507656,0
3357,1323442320-b5570df50224840796b1a9f774d3e93f,0
3357,1322215620-14dd31ddc888dae71403ad20b1989d55,0
3357,1320521760-202f55d910f008aaa56cf0884608ddcd,0
3357,1321739760-dc393181888ce72ec7a84d945377648c,0
3357,1321387620-4cb8d6618b457317378e329bcea3781a,0
3357,1321433700-18cf079a83ca8087c89f66178d68ded3,0
3357,1320863760-887ae46486809180703f956a02ecc852,0
3357,1323290880-1b991b776cb25663a8a060dea856e1b9,0
3357,1321159860-26d2b9ea23563662e0c7da3e42009ddf,0
3357,1323114360-4bf0fc862a35113a0998ddb3d1ed8443,0
3357,1321200300-319333e1d0256283c71694ad21ba9857,0
3357,1322266140-4f0e8515d9e87907a6f03197824780cb,1
3357,1322075700-8f2d2895a6aef3517ebe39260e959cba,0
3357,1321706400-77e7227c36e4100333143afdc434ac68,0
3357,1321633080-f7fb7cd139a0c68ae3f3ec42713d22e9,0
3357,1322143380-9479ed1204c77747c367640f3527b794,0
3357,1321285200-689b2a1a2f19390fcf5a3ba42a591938,0
3357,1321406760-9ddada9cbfe13848807e997d3044e896,0
3357,1326087420-75d5bd956d0cea7e8a747e2f7962f6eb,0
3357,1321914360-288d3433aa76d51fc27da3edb1ded1b5,0
3357,1327287600-85466c7fa00a4c5a78f147f7592054e8,0
3357,1321996560-86fab6209b8fb7b185a21d72d8798c32,0
3357,1321032060-deab0c1449a9f45cbd9f842b4e54112f,0
3357,1321418460-406be0534e69ae9d701c0af1ba8d6b6a,0
3357,1324259100-41582aad78981406d374cfff7adc2687,0
3357,1322285040-2b73db1cdb3346989831a7a352ff21d4,0
3357,1322258340-4be9ad0ed3bce9ea42e22710b59f61bf,0
3357,1327205760-b1cff5a22fc223a3aba972d0930cf75d,1
3357,1325395200-7b28e9065a35ebf7e93a977f022694a6,0
3357,1321836000-ab05c0baecf5999d1577353c3d606a5f,0
3357,1322254740-5ef8bf8b9a57bb73ea4e2e6c3ed4d9a1,0
3357,1321959900-702689e4e5e5008757d67ec11de3ebb6,0
3357,1321456080-a8719f573248547f0906a6e21536412e,0
3357,1322411820-2d1eb9685c20afbfbfff2d393e983e71,0
3357,1322467200-af56f5a5e55418f3936933c5b47b9500,0
3357,1323180900-c25418eb4e34b29f6247946cce778a9d,0
3357,1321340280-c9c049dd931a4cf27f7c4c63fd3241da,0
3357,1323403500-49575407a217b10735c3c96a690561a6,0
3357,1321056840-2f334485c91489461c3f987114230182,0
3357,1321849260-0688f94bb990975a21711d75ada53167,0
3357,1323301440-ca54d92217d1344c7c9193e43a2f8885,0
3357,1321406760-32b63b9504923f4b5b4eef911a09df5a,0
3357,1321920240-1844a589d15f5c86d8df11d00da75f07,0
3357,1324159860-113b4e7116112f12efe034aa134aea00,0
3357,1321482300-a6b6010f79d61b30edd451c7022b8f30,0
3357,1322252880-0d40ec9a309e2fa58d84f6ded8da8756,0
3357,1321994640-d7b9fcb4de659427a6de326eef17aabe,0
3357,1326214560-826da3deb2565fad2997437847353563,0
3357,1320978000-803c6c215f637f869cc751ccd9d037a7,0
3357,1321455300-a747ac8b26cbafaf85f5b4d40f4fcba8,0
3357,1322791440-395f42e43a3fe9bd6b4aa968f154830e,0
3357,1323459360-27c4535ef9f38c216ec13970979d6760,0
3357,1320766920-bca075fd0563c8d5e8574d2c5db92919,0
3357,1322135400-5519e6506074eac44c5c74c3c6996de5,0
3357,1321028700-3c3b762ef850975365887e2c3710416c,0
3357,1320803700-bd7ac7bfcff178e7c9748dbcbe0a4019,0
3357,1321971720-4943b259613e6a614a0e426d15df4579,0
3357,1321024860-d3a3c0166571e7b87f99d20cc9473a44,0
3357,1320847500-7cb1f04f95a3c05aff15ac601f9944a1,0
3357,1328033580-0d5d83af5b17409fe7143f18541563c1,0
3357,1321696440-67ff37bd3f24686606e6e243ed2e0d4f,0
3357,1326305400-d2be186b0f1d1a43031be93c00325a6b,0
3357,1322613000-05e8aa10a20daedfa38e78fa0099623b,0
3357,1323127620-00d5af8f38be9287e9307c01d27586ac,0
3357,1321983000-a5de1631c4f7686cc07fadf90da080e5,0
3357,1321886100-bd82a143f957d6918d15af186c7a9573,0
3357,1320439500-17d1bb41b3d751ccd45cefa36d0557c3,0
3357,1324326600-8133a7c8801ae95a68a085e0005e9eb4,0
3357,1324527300-71209958fd565529bd05c8a1a7f52bfc,1
3357,1323803880-575ce17f36d9338ae5045856719d62b3,0
3357,1321137300-221281831bdeb7a7f209cdbe66729df6,0
3357,1323480540-95d13e5b2ada908c7d7e107ae17dca91,0
3357,1321776060-329dc116465e62de8f4b39934f3e8bed,0
3357,1321407660-6fc9b2a99f64cb008659624f344ab626,0
3357,1321367040-51a2e07f5dd7a22aff304c05c91d2d18,0
3357,1320335220-f4d731d1491b7ff8647e1f948ddc63b4,0
3357,1321378680-a64392120f7941b4359d874e5e8680f8,1
3357,1320950400-6f685de5e2845d6e146e42577d6b4f1e,0
3357,1321308660-383b23d896a96d98b52285a341aac302,0
3357,1324553580-84af00b0ba3c6f00179f1eafefe24560,0
3357,1321397400-7061ef5785f8cec530008710d63969d7,0
3357,1322560920-ab737b9aa29303e7c5ba01af64cb8778,0
3357,1321386300-5407794a1b486f69b142b18290747a7b,0
3357,1323991800-ada44447257cd1976857b67a2ab4b838,0
3357,1321311180-57447d95c42bcfc1c3af58ead4130684,0
3357,1321117080-11e5e6bbfed9911a592af0851517b009,0
3357,1325722560-b28a29305d279a26fc6d6109df58835b,0
3357,1321050180-0ee15c7d715e36ab815ac049da767ca0,0
3357,1320580500-996674a719dcb974bf12d270e1118118,0
3357,1322072880-048af49c46fb65f3c0e2419b1477df17,0
3357,1321349460-309f36dd185e966de8ddc411c1550923,0
3357,1321494300-b8207fb2677160f24432da074ca26636,0
3357,1321934760-a96c54e41c178f439b38a3b60443b89a,1
3357,1321558620-9b97333b044b838a473ad2ff40446444,0
3357,1321951140-40d7eb6cbe3653eb13c4ae7c1bf43065,0
3357,1322378460-425e6cace66a01893f7f3f188985de44,0
3357,1323306960-2243abb3fd61f872ee88220309c05f5d,0
3357,1325208060-ccea7e10566b87e2b9659fd375120250,0
3357,1321884840-3d62fa0b7e68f76bd1f79a678807afa1,0
3357,1320107460-dca3dcd433beba06a12feada12596dba,0
3357,1321382460-c34cd69c3d9fdbcb56419b88a583515b,0
3357,1321726740-89f0248fc7a498e81edfe72f0ef49350,0
3357,1320517440-b99cf88546aef3a1b7655a9b3d50325c,0
3357,1322239140-081cf22cddf6e92cd8a9829f5cbd6be2,0
3357,1323780660-b5422ac0d946636ed30d03ae031ceffe,0
3357,1322012340-5f0e279c9b42b6e1bdf08e1c7c6bbba2,0
3357,1321376460-4bdc9ad4541dcb1928d04045da1367a3,0
3357,1321687500-88ee45098ceecff739e0641febfd4e04,0
3357,1322118900-a2cec0a2bc6469d0d05a83fa29613ff5,0
3357,1321293600-348346a678b26d2f7c47e554c5880f0d,0
3357,1323092520-bde7637d23b8c66880e26b7a8b3964c3,0
3357,1322459460-7071cefab639748af75450bf943ff1ea,0
3357,1321359000-c3554b6aebb9a67d8383ddf01cc3dafd,0
3357,1321113840-d6246cb949785a9d09f71f1cfeadd2a5,0
3357,1321908420-63764796957f31f1cea37b0d8148be0c,0
3357,1321771140-db38c3376c4a8311dc45d8d313d0dbc8,0
3357,1321230540-da07c3b4893641618fb5cab023a843a3,0
3357,1322766000-78bea9483a7906ae7302b27c1d983626,0
3357,1321951800-8db2d7078377d958757338c27947700d,0
3357,1322499060-11295021c59eb29a78dd31f2d7a831c0,0
3357,1325265300-f1af563d0298c63a2492d573eaaa7c29,0
3357,1323230220-05f23903bbea0b8f92670d114ea161d7,0
3357,1322431200-2b5b302003f65c4d5cc51d2f50b8c8ed,0
3357,1321389420-99089dcb8b789bfdc69fe87c5b16b871,0
3357,1320122040-3b6b7fed4280f7116a0d2d1eb16183f2,0
3357,1322193600-3de4b08e4dc93bebda7f4d14a6220470,0
3357,1320954120-668155c4d117702a06f08dd00f64330c,0
3357,1323219900-92b2f0f044d78218c09b3ce0923b2dd9,0
3357,1321683300-fe0b8d2429dc950b3e277377b446ffb3,0
3357,1321155480-361beeae757a88da122a82b3803172d8,0
3357,1321769760-a8f95b1073091c52ab0bd01dd3b58874,0
3357,1321891800-5622001ea3e96ece2b2e2adc06ea34cb,0
3357,1320494040-c4537b4f2b6efdbb25c7e602d2b61282,0
3357,1324175520-ab84eb92a753b4f7d83d61c78f6c6cf4,0
3357,1321987800-1a17602193ddd3c3528a35c9b1d55e12,0
3357,1321435620-dc35b8f465702cdaddbad1170fb4f3c9,0
3357,1322832420-8f7902e28f8f5315a43a1b81a70692de,0
3357,1321380660-c0aad4dd49cb084e3a61e94b824ff113,0
3357,1320980580-725ac77051f137aac66f4f553a95c409,0
3357,1321860780-94201ea4e9cda9108e6ec63911379c98,0
3357,1321593960-d4f54766c9d8cf82e52dfee50e7c63d4,0
3357,1322092920-37ac1e6a8fa84cbbe411bfac5e402ce4,0
3357,1322599980-f3c74f74f5af19c1d20bcf94b82f6ece,0
3357,1321387560-6a3b750cc49b17d5dba994bc5d7d9425,0
3357,1320699300-4f4752b7d421f9a6aac6d377bd5cbee3,0
3357,1320941820-a814a39da59e292bea0966ecc22fef40,0
3357,1321922640-70487abc84e2d9745f100bfca16b0332,0
3357,1322249100-9993f8ce26ab97ee75150c5b768ef32d,0
3357,1320522840-9a093568d13ff162fcb640fa597250e0,0
3357,1323750120-ae9885733a587980cd678f2090639cdb,0
3357,1320539700-97cf37b2b817bee18dd1ed7faaf86a40,0
3357,1322028060-de17c74d91f7a2afad4929e8fb83dde2,0
3357,1321524960-6c67476594ee776913431846c6053af7,0
3357,1326746400-848d13af8339c5f6b160d260886fb220,0
3357,1322179320-5b01a12f2be49567618d8655927ed76a,0
3357,1325836860-602039de5209a2035a44bc0218a9e985,0
3357,1321452840-d9d53ae853eacd36126120fc4832928b,0
3357,1323834840-9ee8777460ab612c4bc8177bda1fed6d,0
3357,1321950780-2ce9ddb354cb9157381a4fad579e8dce,0
3357,1322520540-112598596d8e48072965f631b3f6af7f,0
3357,1321388280-8229deb3328ca93000d85d834db29d90,0
3357,1322251980-5f8facdd6d9b612cbe3f76f89e3643df,0
3357,1326140520-dc37e33c6f03d07b39eb61874bb369ab,0
3357,1320964740-674c4257a9abbc9440a998b2bdbc64b0,0
3357,1320959100-d32a2f51518b1025a28361586e094d4d,0
3357,1324045080-1dc210390f08bcbc8c9bc251b5b5b414,0
3357,1321407720-cf3c5363b8e728654067c1caf9d6cf3e,0
3357,1321593000-3a3fa818048c7bd29f3bb4362f99cfe3,0
3357,1320694320-b31aecb68cd22bec81ec67026b6e5683,0
3357,1322731020-b9d57921506b813c409ddc323b2acdd2,0
3357,1326818880-2e8da0d5f7bc7ead6e750dd7c5d719b7,0
3357,1328044560-549ba09a34e646c6ae7b519b312231ee,0
3357,1325435160-2da70ed07a262d159c09aa24ea4e7437,0
3357,1326307200-957a5f5223f16f63c1fa3785fcf56a04,0
3357,1321155120-f7a88f7ff9f0983845eedba564979be1,0
3357,1321845600-6e0812c49286688e1884ae3e1046050c,0
3357,1323682620-d807cba954942c301dc9967848804a08,0
3357,1326706260-d6dc2544f291f9f88bb7e31913094389,0
3357,1323469020-2f2784d585f46fe7645b3e7e07c38223,0
3357,1321322100-38c85bed1d41e61e48cffaa5cd0a0728,0
3357,1321812240-6494d278740d525e25cedffd7a4d2c63,0
3357,1323685200-c0df8ae60a411270397990f6cbe5373f,0
3357,1321415940-8ff5ffc3c35174e908091ff54986f1dc,0
3357,1321376460-f76ba9f8bdc53bd521d97d81525eb298,0
3357,1322013960-afcd20cf26bdd03eecde11ca40d287cc,0
3357,1321924380-1324af309083263f439e2b542f835af9,0
3357,1320214260-1c67509a7d53255d7011346eb0c7ffef,0
3357,1321257540-6a51da7b7fcd7cf02073eba1d102f031,0
3357,1320954840-a7c1aef6da6af3c19d24bb2436649eb3,0
3357,1321405620-5ad0a16472d5c5290ff9e57333fd41ad,0
3357,1326774480-fc01d204b9b0e29e0fa92de3ec135724,0
3357,1321246260-c3dcc35b0d748c6c607f32182788e0ac,0
3357,1320730980-c35d57e3b53bf8201fc9ea686b9d811b,0
3357,1322275200-d42aeb6aeef2fccff52b4478773c5559,0
3357,1320871800-661a177ddead81963b56985dc2ef3beb,0
3357,1321767540-f0904ffe326c074dbcbec4b09f6f1c28,1
3357,1320187860-d9df28e751c55bc5dd30c5776706a4d1,0
3357,1322236740-984d4c023503b53aa4fa45dcf6494f73,0
3357,1321995780-46a5db11049db0dfad07c9e5ab75f361,0
3357,1320520380-8f5cc4d043f79d514e5e33643dc8a28a,0
3357,1322237820-b96b5b2ce01da47d5c8639c3a6a0f1a1,0
3357,1321810560-168819194361b1fa08af84f64d8d2ef9,0
3357,1323065220-73a3ddf997b412c188b927915be44d89,0
3357,1327453560-184afcdd38b346aad572c029bf2c1dc0,0
3357,1320686820-f1f5d35a9e54723995964fef15194b13,0
3357,1322028780-cacd8f5aacd27baa892d98ca63985637,0
3357,1320985320-78a9d26111ce6167f4644dcbb03241c2,0
3357,1321570500-d8141a08eed13550670cf31070c6bb10,0
3357,1323083040-a55b2225dc5b1349b92c726b853a40a9,0
3357,1321547460-bd20cb6b84d2e36f14a98eefcd5d4a92,0
3357,1323031260-f9b56a19d7566f8fcd40cfcc0b2b0045,0
3357,1322175900-3f5ec5b6f8be46fa8b8b9b58259ecc7f,0
3357,1322229840-57339651c62863aae6dc02bfff7151eb,0
3357,1322929980-d2c438a12d8b653cf6c87bb6b1926d34,0
3357,1323333060-78f5cd55bb393c602f84f7ccffbb45e5,0
3357,1322023080-58be197cb5e0c691cd5a5bc981dd9e8a,0
3357,1321840740-5f712e92d740a9f87f5890f9a36095bb,0
3357,1322009700-66f67b8607457979ef2fedda6f019d93,0
3357,1320983760-dfeae1f8face3147c33d17f4b8a61bb1,0
3357,1321245180-4f49b65daec9571bf3a80616f6d79703,0
3357,1321367580-69aee21d47033cef6e11cd0c97cd0ac4,0
3357,1321971540-d922a379293712da9eea8bab4520a4a7,0
3357,1323145020-b7ec4ac58ee5831e07d392fe49a6194e,0
3357,1321485360-7b3290aba488cc2f246d1d3c7bcd4cae,0
3357,1323505380-3986c29b520e4644e6ac74ab790991bb,0
3357,1321808220-11273c3a7f2795c3942f167643ad90b0,0
3357,1322103780-a0959d3ba63742af2dccbed331bc6802,0
3357,1322103480-11567b79a057b06ba498f1a832f0743d,0
3357,1320918780-76f1312546fd419fa8a86f5b32fb7f19,0
3357,1321689540-c6378dda154e7dd0246b59487cd07cee,1
3357,1320844980-b20554d36261ca4fed356cca99637e30,0
3357,1322612820-b8f1650fe43b85beaaf339c22a1c132b,0
3357,1327913220-cc98e034f37d9513bef0e916e6472bd6,0
3357,1321978200-a1d053319dbf6438fb7b232a2d352603,0
3357,1321435380-b30197b3819e091e081a76140ed973d9,0
3357,1322713140-5f9ffd7224cf17182f46c522d1247673,0
3357,1320958440-8a215e03be425ea523027b2b710735ae,0
3357,1322224860-7c581bf305f9eaf5f68d6787d962127a,1
3357,1325591520-d86d499288a35bdfec5c1d5282ed5e27,0
3357,1322580840-2fc1870aa9b29ead565d39ec3446969d,0
3357,1321334700-793285bb7276448b2ba55934c047a9b6,0
3357,1322013540-12091474efdb4780649450903f1135c8,0
3357,1323274440-ad2d681ea2c48ab50140ba45900d93e4,0
3357,1322501280-3d9501ccc0f743d1e4194463a09177c5,0
3357,1322563320-3f612fa0c1c12582b43baeb999591ee9,0
3357,1321516380-7b3883873dea65b17f9fbc160e954b09,0
3357,1327925700-3d382d9cb122a7147a5a2b7ad0802b11,0
3357,1325265300-642873e30ffd58fec9faadfd6155e562,0
3357,1322063640-4f4323d77e2d70ffd9516080f20c039b,0
3357,1321062780-f20bdef886ea7b056f53f293d462ef39,0
3357,1322983740-7dce3b14f366d59010dd2f1d08f6e655,0
3357,1322242560-0c953a66412b435f74b2d9b0a3793191,0
3357,1321409400-8ef6c6236b913912721cb4efcc61c552,0
3357,1323037920-067b0012807335a3d35efc947a5b29e5,0
3357,1321996560-f8a5a1439c79bf6b770aa357d6ba08c2,0
3357,1321479180-4269120a2b84b81b393c1d07f88c1e75,0
3357,1325719140-a4bf18d3035b78105498ee647483b9a9,0
3357,1322268000-434b37fde898951470508fab31496e71,0
3357,1321495860-55f6c24b2ffd8b14dc4ad698ded82ec1,0
3357,1321346460-d74b90ce652e68f6fc2e28a7e8435955,0
3357,1321909140-f77ad44885fe2e3e5c21e7bf43a9531c,0
3357,1322010480-363fa7c05cf486859d46040cdde8b742,0
3357,1321377780-f6296a1223383c71840830b625a163c4,0
3357,1320978660-4ad19186103facde9697d56ff47eded7,0
3357,1323312360-24def6544eb65c613d3646c19eaed4de,0
3357,1325591520-78184df32a0f4027f1c5e57d661cc513,0
3357,1321383480-49c781b2e74fa5022deacaed4f77370c,0
3357,1320871860-1c1ae7ffffb32a65372095fe44c0ed1d,0
3357,1323232200-2d515c09a8bf76e9107766ae3f90733e,0
3357,1321485780-d5ff534829de9683adf19317cfa0692a,0
3357,1321049820-0f3187de86f7450770b9b9b58194e5d1,0
3357,1321335420-92fba9ad3b6c1930be7dd85e6461e58f,0
3357,1320139140-6b7d751d9413b8960e73725cdd9f32af,0
3357,1320800640-95298e9633facc22aefae824ec748f24,0
3357,1321547460-c283a8ea00f759c939ce6ad320e55443,0
3357,1325012040-f445f21e4cd40a7009affa9f03ede361,0
3357,1322789280-794ca30b8d2f64ab6c65caff3141678d,0
3357,1322658600-015c453bb92a8989bdd044ac519bb42d,0
3357,1321914780-9c98a848505ec2db33e510d00e6bdfce,0
3357,1324722420-5f2d5a310c731c6fe7bdf9de8565dc37,0
3357,1322069700-80d77b45a578fe1ebe6a1e9b3dd0adaa,1
3357,1320882660-126e0c86e336a65a96ecea668e7caa8a,0
3357,1324687260-9cbd24eb857b21ec413b2d3076d11f17,0
3357,1321772760-2c27e029335c99c9f05f50c11993fa46,0
3357,1322612820-5377472b954ee57ef441b1bed4bbd0d8,0
3357,1323750420-3b8d09c23f21423e7fff372bd0a5b427,0
3357,1326854040-df8c5d57ce7ecb472fe62e6d48cc3e1e,0
3357,1321050600-f2321e755fa463d97874ea0d0ff9a70f,0
3357,1321725900-0c02ca31a4c9605e99edc96cafd775c6,0
3357,1321214460-98eba218a69e8de9fa589e686effdcdf,0
3357,1321484400-92eb21cdc83ddcbaeb1204b99a5c7b38,0
3357,1323145920-f537bb202df1fe005feeb708027a0ca0,0
3357,1322008080-f393be4f0f4401032bba51c6b9fad5e1,0
3357,1320956880-c77f8a1f26e459c4694c79d5f1fbf93e,0
3357,1322013540-10489d443ec4664a64364d2a832a56d1,0
3357,1321611360-50675939fe835362b3e73fa6564821cb,0
3357,1321844940-78899508f4fdcc09de9bd3bd3553c9f0,0
3357,1324278840-0ff9341170655c6098bf2707e20fa97d,0
3357,1320956400-31c59e0895f1ee151d8d0b66b37fd5bc,0
3357,1321436880-292265eb9977d36840c5fc302d9d1711,0
3357,1321606440-bc37033f705ba8f079e361bd0ff19228,0
3357,1321147380-b9ba97ae9c994d91ad5e6f3de62c9bce,0
3357,1321461360-4cecd2bc3acc8504daa0181ecf9ca234,0
3357,1321544580-001dfc9f360ab74e47b82e2cf31ea4b8,0
3357,1320460380-3d0025c2314171ad7019da30196150b1,0
3357,1323228840-4df78737b09ac27067396956a10120ab,0
3357,1321882260-b5113d21c677e6199df8a7610da0b870,0
3357,1321439100-9f5dc4b4ef03111562e6b289d70208d2,0
3357,1322931840-8e77f2db30300efc0e55ecbf549b69ba,0
3357,1323467820-9d31566419facfe448141e8c435abc09,0
3378,1326212820-0b7eb4631205db7cca321f3e56998738,0
3378,1323343620-2db41244d67d0baa8ec1ccb4b6dd31fd,1
3378,1320781740-bb2542652d32a341849ec3d6e7640857,1
3378,1320790440-d9a6124fcdb0c9a6af8e77bf5de2dd2e,1
3378,1322006100-92b0ea03ddfb1537b9fea2dd6f2db48c,1
3378,1321375740-b7ff7c44ee30e8fa5b886d45bb165e2f,1
3378,1321372260-6646d76239023173ed23400ff2b8a52e,1
3378,1321310940-0412085306c1550672dd6f01efee9e14,1
3378,1326386940-5bd5e0d57e4eec3094b071fd14337283,1
3378,1325730900-34ac97ac14711abebe44b914511b9672,1
3378,1325718900-81adee4623eb8c91c83fe177cd40af21,1
3378,1326825960-099d8e36ebf343159102283ff6725bfa,1
3378,1323118860-70addc4bce2ad2465c04df747a7459e4,1
3378,1322964900-ff7e674982b0a98dd7c953da51d8b08c,1
3378,1326907740-6db36dd23ef95177af2feaee14fbf486,1
3378,1325619600-b7161fcdba077cdc1589854c9662a1c0,1
3378,1323199380-ab013400a13e47d6a819ed4623089a93,1
3378,1320433800-fc338409ee667fd7fdc2f865eb168dbe,1
3378,1324676700-1bce807b7ea87c5c97867d0e33b840c6,1
3378,1327544700-22429e81881abc07ee0d870743e08efc,1
3378,1326134100-94fbc7f66a69cb2cccae0f8d1d5d2736,1
3378,1325671680-84af45ded52777458b618b60365501fa,1
3378,1325666340-1d945a096ab178496ff3eb63283195f0,1
3378,1325671680-0eb69d83d1860d9d7f3fe96e20d5b99e,1
3378,1322868420-f6d0ccf6150c37a331f0872841bd5f48,1
3378,1321581540-b6f1b9631f2e75db2f70192230870c35,1
3378,1323010860-4261d016a051cf15d1e5712f6782a0d6,1
3378,1320520800-ba3ba89f0c1f835afc72bb5fabb100f8,1
3378,1323718440-f3482243040ddebd228e89bed731a796,1
3378,1326910740-6bbd87807be0f2fa45156accf392ea48,0
3378,1322500200-c49773d7550fa4aaa153a95ee96cd454,1
3378,1322389200-5112e0485c78276851f6a7257281a2ce,1
3378,1323105900-684be992955225a77dab1c0fd863cfae,1
3378,1322559840-6c22008ead539912c3249ad1335933bd,1
3378,1320701280-f833a2abd6d4932b3ad7d1e88315492f,1
3378,1325703900-692cce6e25eada8408899637b3a4a17e,0
3378,1325790300-b81356c458aba041eb284ad42d6dd38c,0
3378,1325981400-61f6cda2637c5ab5fba52e26965b0fc3,1
3378,1322875740-64b9f13d633093a9530b2eb726d9b85a,0
3378,1327977420-950be5b270b7f25826754c079da312a7,1
3378,1325297100-f8a66aaa50c4f2badb3fb7f84b8c4aee,0
3378,1325981400-a68f9930dae95cdafc5d818febede983,1
3378,1325983260-245c6c654688ad6c37033ca8b3fa7b44,1
3378,1324063800-99e42fe79340a16a07914b01b462fc63,1
3378,1325486460-2df5c63e6da81d77568a51693df22ef1,0
3378,1326239760-6eb27ce3066c730616a8209cd089861d,1
3378,1326750660-931e0a557067138432b7d99c67bb491f,1
3378,1326789840-23c97cdc3ca44675f4ea7eb599cc14a4,1
3378,1326815700-79a70bf176c33d17bddfb75a51a2d9bc,1
3378,1326476520-c0473567521cb1de7373fe6081febb9d,0
3378,1321026660-d7fd16aff52825471b1b1806184c919a,0
3378,1325392260-61e337aae21050e08254040d7ae15171,0
3378,1321151400-d86ac17cd989aa72cd17bbe325c8b042,0
3378,1326441960-dad9ca8a5d14d9d9df9bee3fab9cf5f1,1
3378,1321287780-4030e68030f089c443b7e2be61268e4b,1
3378,1325718360-4c45ed7cf3f6f4dbd28698d6f9499d09,1
3378,1326914760-8af1af249ded21e428a7c527cd7da996,1
3378,1325721900-b0fa627582969d0c13597ede83a83262,0
3378,1327969080-f873163b47a8f1000f2077e0254dc40c,1
3378,1328044800-08be15842e6c7bd66abeb0aa406e527f,1
3378,1327446360-201c2cb62a0d49fa55351ce9790592ad,1
3378,1327989420-98ce5a1183e66f364e17a603b451119d,0
3378,1327697100-9982cf3042b6f3f96fbbccab12854649,0
3378,1320561720-331e61f9d25a4f4a7c5ed87333831659,0
3378,1321905540-a28162309fd0bf84ff0fd15966464332,0
3378,1326318900-8630066c53d03ca392c14bce33d03874,0
3378,1322965740-8cb241f5834748ccc109ff3b7d3f3abb,0
3378,1324344900-f2b832262535b919349eada0c59d9b15,1
3378,1325494920-71763a5783479678aa11c15791bd5b0c,0
3378,1323962520-949767900ef95570d55c777809567f89,0
3378,1326914100-97c407d17315fb42d57c677bdb2f1a94,0
3378,1321386780-bc3193b97b15840ac2a9141bce7cd750,0
3378,1325704860-68575ff7a100f909b5621260c46d1e00,1
3378,1325704860-0ad254895c13b05da8a2c142d2c4d657,1
3378,1324074660-5bc3d262fcaad6f133dc183284c585f2,0
3378,1320307260-cd62399830cc969d8d83dde88cbcf595,0
3378,1324171200-b30d5718c62849b45a2883cde87fc4fb,0
3378,1327720500-a2c2e939eb526ad1df13ba2cbe7a865f,0
3378,1326122700-bffdb896514cd6ae8a589c263ec95665,0
3378,1321282980-f8550c62d6a79b8de566b78de50c43b2,0
3378,1321951620-5ef5a059176faa5e8174b29c81109cd4,0
3378,1321322400-d4f7b92b065d74c5e4f44fdceca67766,0
3378,1320874740-d4808a4e920347b287bb40b8876440b1,0
3378,1327950300-6f2ec8a92cf99ffb68ce0f149ce7bed2,0
3378,1324069200-50ce1a1600e0a7e6cd120ef2ffb6e5ab,0
3378,1326146100-f8ce01565ff70f3440b106f946a7f735,0
3378,1325434500-a2bbabc3996353ea37b031efe2ce1b87,0
3378,1322894700-2879868915a1fbc8471322d3cbde222a,0
3378,1321020540-f9bcc9c44936806a56f9f82cd08372e4,0
3378,1326834480-1819c369af797cf9c00bfdbc447d7e37,1
3378,1327453440-f2a675cf91613172241114689c3620cd,0
3378,1326101820-2030cc5182d7a83d2ad3f86bd239854e,0
3378,1327450260-d705ff1ac36e7fcc90b4518657e500c0,0
3378,1326478560-6b0b80ae52380b5b7bcd8ed3784ffc65,0
3378,1322098560-9bf506be825c57d6cd34a637f2d7c08e,0
3378,1325640480-6f0bb7123bd6c6b60286610af09a1fb1,0
3378,1320249180-63738aff4b111d84f5405b8f634f273f,0
3378,1326924540-5f2bdff6cddc58d2ac7141c396ed2133,0
3378,1327688760-ba78e8180749bc658fd4e91ce5c1feeb,0
3378,1323685080-b46228d448824b5e325dce7bc117131d,0
3378,1324030380-466c899a7519ac7320331f8142d51f3f,1
3378,1325208180-191d670dcc305852fbcdf08e525e1efc,0
3378,1320740040-4ff7ff6cb9dd3fff0e64cb4faf990758,0
3378,1325166960-569a94fd2eba6c3689c65bc232e9a95b,0
3378,1323792420-c8f091b0cf8397009c4523fe4a4f22ee,0
3378,1325272920-c33027dd7fc9f01be634660a7cf4546e,0
3378,1326906780-c5a294f16bc2f44496beab5ddd47e935,0
3378,1320345540-571fae82d57d0d0e26d883d91fe8ae54,0
3378,1322593080-1cbce7d870e91bde70d9f2b4989678d7,0
3378,1321287180-bdd55229eea9d56ad847b12f6e0a8c96,0
3378,1326762780-33862ec1c030e888b75d2657434b1283,0
3378,1320761640-af00bd36861290afeedd377b7d09a572,0
3378,1327082100-a12d5c6243ab1f2754267e66fa4a0068,0
3378,1325817660-973190f7d7b6d3c29b46891dd080d122,0
3378,1321284540-216e0b6c90d3314aa3157871f73e233f,0
3378,1320638640-b0548d8da94c4311d0491425242abd3a,0
3378,1324317060-52e70d3317aee4e3d818ad052a233d58,0
3378,1322389200-7974603edf18256ee70eb504ce5310a1,0
3378,1320895080-b5306f57126d1e4d5ad71740a5702506,0
3378,1325635500-966c30f64624c177e2cfa49b617097f5,0
3378,1325672820-af2bec99b7f6d107166b8a85577781ac,0
3378,1322277600-548a29edf2b10ca622de0168c5fca433,0
3378,1322728440-b548fd42131ab847d972e7e1f077c560,0
3378,1321483260-f27d711277ce502ba7ea01b5629939b9,0
3378,1325594820-6e5f545f97e9c1a8cf466176beff44a8,0
3378,1326926580-6b0527f646a0e1fd6af38417c125342f,0
3378,1326240720-3682798a3c589c8aaac934dfea205ca3,0
3378,1326475500-c4fd15b0cf92e236a4e2c90a8107344e,0
3378,1326405660-d43911160e07caf9b25c4141400dbfaa,0
3378,1325177880-a82e061eb5f6f12f3091e796bdeff030,0
3378,1324489500-1884f6f5ee657bae20cf4438293e8a7d,0
3378,1325125800-ccab3763cfabf85f9240c953f0499acd,0
3423,1327613460-4a1d0a4fd9f963db8b7416b9b38992ae,0
3423,1326727380-cb19b5acc820fb2454bfbe4ca3c0c640,1
3423,1326738060-0214ac5b6528c25a745e7ee49d9edc19,1
3423,1326729420-20de49f054cccf1ea3da21e01fb487ce,1
3423,1326747060-36b9883916c36b14763c07d37e14ae03,1
3423,1326727200-730b1bfacfb66b4fad72cf481f4e16a5,1
3423,1326735600-7932f2dcad9e7ec71999f3d9bf913ee6,1
3423,1326722400-1578aff8dab0bc533a99f4d47b6f3b26,1
3423,1326689280-32ab7b5710c2c0b0e825d72c5fe5e49f,1
3423,1326773400-bb7cabc621dcfe583837cc0a87c74b21,1
3423,1327338600-f972e2b2887c71807ff0c7db4de02349,1
3423,1326307320-28fb55a4372480c82d07701141af9930,1
3423,1326672000-baa44d9e0fe345582a2f96114bcf01ae,1
3423,1327363200-46f99167057fe074b08c2231bbb01dcb,1
3423,1327112100-cd520fa1a8037a82ffb3adc1299e2e57,1
3423,1326241800-5a4d8f3e5a164dd3a0d8c9545a82fd39,1
3423,1326310200-9219bcf67ef88b99a3670302ba97bf22,1
3423,1327345620-455d50d0532dbbbb4512056e89c9a7e9,1
3423,1326334380-1bd65d5e7ac107ee132f5acb4cde9a17,1
3423,1326331440-2202a1b48c9e0600f37f67437ca21a22,1
3423,1326331440-d6b61ff4eb80728265f52334fb3c5faa,1
3423,1326329820-6963fb7dd80baf28c6fee534f84a993b,1
3423,1327646880-ce40fef62e3ac652ba3109b370ff3446,0
3423,1327620120-6167da48b9f0e7126636c84099fbcc35,1
3423,1326333360-a709825ba10fdb2e55bcf93ff26abc58,1
3423,1326333360-9274d65a24101e144ce89b3620544b5e,1
3423,1326730440-2fde621cb5e73a70c5e1f40dc1f04a54,1
3423,1327146540-70d235666b5b2def42cd8923002f19e6,1
3423,1327700820-b57cce0aff52563bba5707d4fc5686e3,1
3423,1327319340-6da8eb3b5a0d3984492a5d46c3395b18,1
3423,1327797660-401cef5441c674fa16c4538f2082643f,1
3423,1323325200-bfeb2a1d7c3a77b132b071ca68871ec4,0
3423,1327530780-058db086a2510ae59325ca147bbc60a6,1
3423,1327470300-a3fc79d0333c60db75b7f488c05ba041,1
3423,1326757020-003a0212fad5784797cbc1ea26f7ed30,1
3423,1327501440-9d2f21593894649790a49a6dc5c1f661,1
3423,1325708400-1b8f29af3ecd8dad0296384e9108093a,0
3423,1326834660-ba39dd0ba2b5312d232115b095da270a,0
3423,1321439940-12cfe6dcc8cb62edc1649bf010706ae7,0
3423,1326808740-a5ee15ad008cf3051484097aea121fa3,0
3423,1325343060-0daf795c75bd5c6adb6cb4f65746f8d6,0
3423,1325091000-8c6eee8b6dd73c450887419bc038ad98,0
3423,1326282480-475b0dddc07d023e2bb6f35bf60f7b7e,0
3423,1326924600-17a35946dade35329ff4c881815bed59,0
3423,1327860600-79220f480db819f845022eb67a04345b,0
3423,1323193500-4879a6d314ceb781d47f4bdfe35ca9cd,0
3423,1327700820-7338d13e7fad716d7f3a81f072cd57c4,1
3423,1327700820-bda5c182f73bf6b0e7e4758af6a4ca3f,1
3423,1327708560-01706b8e9e8b76d1d660d8044cb5b063,0
3423,1327700820-915923a94da47af1e67348def27bf60a,1
3423,1324890540-6d56d709ba695c438870e7dbb2901d78,0
3423,1320761760-1db3a012d458673e15db6411126c8c76,0
3423,1327985040-3cf4294c7316186ef499900437c4098d,1
3423,1323981120-f2fb42ad54dfb2d0401646c1ff56f94d,0
3423,1325089860-4695af0df6b14dc31be6225a98904e15,0
3423,1324602840-7c40c0c927926fba9df8d9cc5ab45ea2,0
3423,1324085400-f35c4a0af83a1ddd4c72548eab9c04e3,0
3423,1321146780-02565a36bdd4f10c60c007fd14e7ac2a,0
3423,1327327200-b6dc8a8e9cd0f42b1be9114b3945c212,0
3423,1327952400-4f9ec47b24e80b769a093ea9b49d9f36,0
3423,1326383280-d11b0782a17133c28aea8e25693a88f1,0
3423,1323216960-9c8aef4646ad9f806b86ab43df6bbd76,0
3423,1326612660-654193c3ad57e27230ac881008f9a4e9,0
3423,1326757980-dfce9e059c58757bca9a1dc5f23f045d,0
3423,1322847060-c246f54a0f688e38453995a3579db382,0
3423,1321053300-f1b8c8c7fdd18555f6371d5b7812c227,0
3423,1327700820-7454b45333a453bf8ee3bcaaaff2cfe3,0
3423,1327700820-66775da4d8c0d64b9ea11a088ee9b7d8,0
3423,1322264880-4fc43ff8ae3c00319de87c2cebdff3d3,0
3423,1326652500-544cbdbd68915ec17f21e13aa23108d3,0
3423,1326852120-64c2288176eadbdeef80a9a63fd376da,0
3423,1326965940-ad7b8cf70e0a592a74228e746dce2f4f,0
3423,1323003180-c8d2355faa3d35bc90e1aebbff181b69,0
3423,1327790280-62d6aacb1d02497e01a5bf62df760789,0
3423,1321304940-30fc7ec816b7183bf6b56c7302600082,0
3423,1320899820-dfa36c1e0cf55481b794d598ad540198,0
3423,1327708560-d6b8bb9830f96ab3cd8f32cd347251ad,0
3423,1326165060-a085f48cd7383b07a41e83151847f507,0
3423,1327238160-28c44a6e3753e80b10df66b8b6f2b587,0
3423,1325626500-fdd7912d06f97d3c23f993507d70c075,0
3423,1320135480-c1ab2fbbb6d76289a27c80d8a5b94620,0
3423,1327463040-948da73289cc7ae51c5bc03f3cd1e4dc,0
3423,1327588800-85606b056a824a83d62cef4cdd07822f,0
3423,1325269080-3a160d9f7f3658d523a1fd5f3a9cb737,0
3423,1326370020-13d820f4d859fe0aefa72383fba11e47,0
3423,1327700820-8a0f281699fbc6809d88c5f536ac711b,0
3423,1327641180-1c8f8a7b31f4452f16b4e7f11321798c,0
3423,1327700820-3cf7790d71e2f7eb581345f0430bad4c,0
3423,1325206200-7626923e2b32411b694cac5e4784742f,0
3423,1324080720-0466c8f1e9f2538e23f84dd57469d38f,0
3423,1326175680-51bd25f1a22ed79c7483ff8e180157de,0
3423,1322371740-6a0eae9b67e48e71d8a8def32e07ee76,0
3423,1323317100-394324d898d322855ae5b1399eeb5c8f,0
3423,1323702660-666e169ee4ed345fffa1f883f4e6eb66,0
3423,1320459360-ba62e42d91eb491a39e30ea0e0ee79c9,0
3423,1320870960-694d06eb62895a5e3956275013518e45,0
3423,1325527680-f6598d29d466f9c3c7f19ae98ec8a270,0
3423,1322802600-f8fefe239a7eeea0fae5ea87515cd1cc,0
3423,1322493660-d1153b3468d3f4bb8e054bd08ee4bf94,0
3423,1325130720-a4b3885c3d4b3e8604136a731261a075,0
3423,1324053060-74eceecdf5e7eb0a20d04c31062c5b71,0
3423,1328040900-d82d7f81a3eb52584567bb4465e81037,0
3423,1325800680-bdcb94a4c724b5a1b0569cf33f71eb24,0
3423,1323223800-6bf72f8fc1eb5d05fb74e59a09ad63c2,0
3423,1320759960-5dcdda21c5c480482c363bb192be2d28,0
3423,1323927900-a84fc4480533383f527e288644d6a371,0
3423,1327509960-0384254544617f842cd8973cdbf3a200,0
3423,1325249940-5a9fb948dc289b394ff6ebfbf9194c3d,0
3423,1327966200-a54bb87d418f4e105a04d320daeb32bf,0
3423,1320954420-afc8ff630ab80860bfb2379ddd2fe1ae,0
3423,1322869200-90eed0a9a9ae362d8496931ff0066696,0
3423,1320107700-7431d6862f6decaab4b92ed9f11b5592,0
3423,1326824220-ac5ac6ce74ab407e40889252d360976b,0
3423,1326844500-a3d6dadca3d0305c4b72fcd058147f13,0
3423,1326893520-b81b65830a6e86c7c57a62021e17d95b,0
3423,1322300700-fd8bb5fc3b714668315e47bceeac160d,0
3423,1326179220-a046d4df8c5b7ad883ce841a5fa01dd9,0
3423,1320160980-cde8e046a6195ad61f489f4080dc454c,0
3423,1325700900-745a8ff0760a66e9bd10a11f51c5db9b,0
3423,1322108520-b1b21e5fc07e0f1afa14754b0c0820ac,0
3423,1323388440-a519d03d45ed74769ba802124d9b50fb,0
3423,1320429180-05030af8ea69cc826e4e7885986cd3ed,0
3423,1325513160-24e6d0cd8a1328f3d22eb7bcfa520c31,0
3423,1326316440-2a2e5d45fa27e2ca80703d14b8b3cb68,0
3423,1326394260-ae5d137ec9833494420441822793f4a6,0
3423,1325792100-36c6ebc93f00fb52cd67675f48396d22,0
3423,1326874080-c7777ee62b9d3a68acb09139545b2419,0
3423,1325818680-9100d05b64490a7e6127e42fd9ad6e4e,0
3423,1323988320-5b767cc0fcaefbaaa52598d912d05281,0
3423,1326853260-624ab60492ee75a4165a1c45f6eb7b70,0
3423,1321260240-ccfe43e896c88e76896a80a36fe0c2fa,0
3423,1327496400-c719fd354709bf799b0de16963bdc8c5,0
3423,1327177560-12d0b498ac9e4ddd92a114721d9c4f76,0
3423,1326196680-1b69755177093bf1f80aa51ba61acca7,0
3423,1325547960-6d8b0d87ba204cfc82e6f05ca2b7c7c3,0
3423,1325224800-1c1b7dc02243029a680f63a5f50ccae1,0
3423,1325619120-5448784a84edd2e13ac4e8f744a1937d,0
3423,1325707140-d70be4b21aaa302d80449c5e6b013c16,0
3423,1322708520-b2b7cd3540d55969cab577258065b440,0
3423,1326320400-b071ae1d2a3edecbf856fdfce3d87667,0
3423,1320132420-bb6eb2288f3d47c3f15e7312d537fde6,0
3423,1320714840-a6c95aa39ffad83fa3c1e866adc66875,0
3423,1323476340-48bc0e123ec694ea913423183467089d,0
3423,1322142540-4e2c80105a16bcd70ddc9c07333d33b5,0
3423,1322863320-1275c9b3da5c441eddd1b6fe11b7b0ef,0
3423,1327223400-7e2ac87fc1b970dc4add7b837453a4b4,0
3423,1327700820-2cb6d0059c534fcb92bae28f8dcfc82d,0
3423,1325706300-1432bc0665cd4f5f077422462c83aac5,0
3423,1323112200-780587a9736390c6b202511fde844c21,0
3423,1325986380-8ea9b833e65b7a150bb268224fd91bac,0
3423,1326487800-6a5604a5163f32218f62aad24fc0f232,0
3423,1323664980-ae6fb1afd27c967c39331667c7c808fc,0
3431,1324769040-b2218a4f00160b6ea93fd3b6ade52fa0,0
3431,1326383040-a2e0dafd6c5a3e7551472e91551c1144,0
3431,1326552900-a1fcf67b8021dab30c04c6dbb0df4bf6,0
3431,1325138820-19153a342057d86560e8383fbfd23d5b,0
3431,1327404600-aee01e16a74be4b0bb736b54def2760e,0
3431,1322514000-50db99c94189932ec49a68688fcdba64,1
3431,1322529660-c871939a68f1a282a635673fcfeec2ad,1
3431,1322597280-412c518ffb0d8827f1912f348126c699,1
3431,1322529000-1e40c203a3f35f969cbcb42e09f2fb45,1
3431,1322558340-49a15ae5a8f0c0c2a3eb17968e222a31,1
3431,1322591040-891b039ed564a55e80f3c4195c34d220,1
3431,1323484260-0a1f0fcd0bfd705ae2cd996fa5613a71,1
3431,1323373020-85d2809f9a42083cb641dae32affb176,1
3431,1326735720-2e0bbc7e60ca4df6319e698598faa2fd,1
3431,1326764040-68bef8d69dc129e4b81bfc5e3790c193,1
3431,1323372420-63cc34d572fd160ea1efe1f26150af69,1
3431,1323369000-9d16887cd2e770bba1f99e2e95eb45fb,1
3431,1323402840-20d5bf2eb8ba32160cc5127e43d08c3a,1
3431,1323392220-049734c02b921eb4bcf78c6b697c884d,1
3431,1323378480-590b9c5eb4eb8686280082f24a4661c8,1
3431,1327689000-f12cee009f8a186e2214278703f9975b,1
3431,1327867200-214ec1bb78fb1c1d8d989c50349607ed,1
3431,1327903080-aef32f3ac5b73e6afe743beb459507f7,1
3431,1322512380-82b5e4b1dad96c1d24fd17bfa8a61c54,1
3431,1323372120-9cb86d0d5871491c9df9ba1ad2d7578d,1
3431,1323371400-5a70024310c15dc1bf2e5a925a0f28c3,1
3431,1323390840-3f97d2bd617f7ac9a75f4057fb501703,1
3431,1323401340-8c67834235069542a7eff9a1309275c5,1
3431,1323406440-f983f2766c0cac21b27aeb435dcd4ed0,1
3431,1322008200-698870a3f8344a9a9c406233e7e29cd0,1
3431,1323373020-da3c7d4e757412c19381b2657b51e90f,1
3431,1323377460-d86efdfb43bbacb6d6360a2594e2011d,1
3431,1323372180-9a39f2392f3321712982c450e74bd08e,1
3431,1322526660-646f5c7040c384c3dbbcf357cdae8d4e,1
3431,1323177780-97c9507dfe4e2141139a5776918191bb,1
3431,1323371400-0de2d72f1c548b9fac87e0d6e7746074,1
3431,1320397500-c1e75a0e5f95dadcd4abbbd741f5759b,1
3431,1320425700-5c3e12cd4dc8b159c170f16800311653,1
3431,1322512380-1b0bf1b3e97fc067a85a434a5f6652d9,1
3431,1322575380-a14e13b4e6b66bd5191a25e7dd380163,1
3431,1321653540-b3b775efb5046cc8a269d25230547ce7,1
3431,1321433400-1d7c5d9d9c6058557770fa33302b2ee2,1
3431,1320803880-d3158b81db1227e9877024d933972a7c,1
3431,1321315860-21aec016c23329926b62ed71936588ce,1
3431,1321313820-0881a0b13c84413ae7bbf2df3e655428,1
3431,1323395160-79217e0f1136b2f3fd9b822722439c83,1
3431,1327412760-ac6872eed215923d5fe9618897eee4a4,1
3431,1320889500-cca83278fe09d3abd6a3fa76c90d8e41,1
3431,1320878940-320f6d6f89421c73950093b5eb1a17d0,1
3431,1320890100-b99cf626d18212baa9a0849e49909d43,1
3431,1327627800-c43786c874c27e600119a12dc09f63e7,1
3431,1327762140-0168efb5991519bd37cb25c22156ad55,1
3431,1326847200-1b5e8c9943717e883aff5a3a7152bb96,1
3431,1327871160-d319cea2187918e2c80b51147d00e515,1
3431,1327586100-031081220673449f72b90f179ea19521,1
3431,1322839800-b52c1e86fd677024d14be6727d5b5aae,1
3431,1327890360-54cac3bec51d1a64144f19f0857a1fc6,1
3431,1327872600-5c93d6bde065381945d2c247546202f9,1
3431,1327870800-fad507ab133cf21189f444ed1ff2d5f6,1
3431,1327592700-921f7667e5aca8a37b4c6bb84c1263e8,1
3431,1327969500-b1d107fd7e79816c2f4465ff8636903e,1
3431,1327862400-71a867833f8289708f75a53573ab8a6d,1
3431,1327955520-14fb5b9f9a0f4856791949870d3b2897,1
3431,1324928280-9507c93c9bf8b1bf6adfd17ecf63b7b6,1
3431,1326143280-d46aa3e430b16b69860af435d3df32f4,1
3431,1323471180-51079f1dc309bb04128ad9f67219428a,1
3431,1323390600-f9127e8ad0dbd17bf1d0f8dfb65c04d8,1
3431,1327895460-6ea9ba63c422da2d2f76cf6e40979222,1
3431,1323787560-9646cd87c96faaeac44dcab5e2761414,1
3431,1326139440-b79c1dea4a2284ae5e3bcfc63ebbf432,1
3431,1323133320-d3f0e9867ecfd9a3abac1fe25e50057e,1
3431,1321720920-483f46fbf16d7cc05149e140789bd840,1
3431,1323472620-bb2ab505cfdd2df2c8681135cb8a3cc9,1
3431,1323471780-320df069f92b37e1f6b343a7292e7f90,1
3431,1327701000-5e4ea08f3d301f34c4682c682d95aec4,1
3431,1320956880-28933290032f4a3f41173d248190a0a4,1
3431,1327407060-8ecfe5a31259b6bbaff791850111c540,1
3431,1322653800-c120a8cf419e3f6f58adbd6dea7a07f2,1
3431,1321047000-f9f9702fece70f7dee6fa35f0531176d,1
3431,1323131400-3d540063b152349158c5f8927701ad94,1
3431,1326149400-f4c119ed2fe3c4b0dffbcafe8ee3e589,1
3431,1322596260-5c87acfed5e60d5e2f43ad552f704a16,1
3431,1326132600-299e89227f0c76934886ee88c5e34dc2,1
3431,1326133920-1d7f4c1bb26a91c1d7b999be901ecb3b,1
3431,1326832200-1cc7273e0b45ea31b6ec926cb9cceb8a,1
3431,1326835140-f71f0c768e2f82e7f3beb1b8a48261e1,1
3431,1326139440-283b73432e6f593a0bfb9edb09476790,1
3431,1326128640-25a3ae1831468ebcafa7fd5e249ae82e,1
3431,1326106800-c7b7cb4ff77b0bc2308e4334af0140e7,1
3431,1327866720-a8744fdf3e99e1267752710ef15072ab,1
3431,1326834900-61a3cbc4c3e816615316ff0be0b0afb6,1
3431,1327591740-58ab20503f0dc7dda79f9fbe920a7b00,1
3431,1323136200-2cbafa85f947e0831a8a8e7f0403a079,1
3431,1326834900-f91c0599484f0df1f5fd3131d50d7bd0,1
3431,1326155760-b6e4cec836709edf8a228f892b92b9c4,1
3431,1322616660-5c8bcedec86b0cdb7e8d442a0ee43ce0,1
3431,1327957260-40bf578caafa008033e71d1b49aad860,1
3431,1326243000-0a93f40be07d1d9c1a27cf290b402cb3,1
3431,1327587120-0d09590678c734b428b327acc1af310d,1
3431,1323478800-94375e9893735bb9e229f89dedbdda2d,1
3431,1322580840-9893a637326a44c9ef9aa953f53baeb1,1
3431,1327869720-35ef25ccd6ca0d9a3cc3ee2d993b6207,1
3431,1322104080-feef8c07122a200bfbe6dcd6455e6773,1
3431,1323472500-b8152bb484d016d501bc5b706348ac2f,1
3431,1327966260-f27b0aa1026583205b7a797aa951a35e,1
3431,1327570080-2dacf9c9acb39290b24da1c79a809227,1
3431,1327849140-9db74b746e5756cbc68e4785d5d6c749,1
3431,1323415980-fc198db9fd2cc79030963e51fc9b5de9,1
3431,1322596740-01e4836019c03b53a46770e48ee85b40,1
3431,1320801960-8e93792c66df5e530e488ae8b7f850f8,1
3431,1322575500-bab2d26a3d52c907710ee7d18b40e2ef,1
3431,1326106800-d60d4538c5d24c61c092db315863dc3b,1
3431,1320971940-aa8a8e1eeac3483edafb52b49992bcf8,1
3431,1327844220-125e72729e6a0970ca0675adc5fa2ecc,1
3431,1326241200-a2428343828d1043e8869b5e2e680db3,1
3431,1327908780-c1764a588fb42128ed6aec3fe5bf8686,1
3431,1327955760-686514f6815495f14b216fe5fdb784ca,1
3431,1323800760-411be44e18379f1d19c9154b47dadcbb,1
3431,1321929900-f1815550637d78efe7144a68abf173c4,1
3431,1323402840-0fb87ed48eec000583f6928bbf6c2c5a,1
3431,1323402840-08e0e03839f72a13c3a528a23e9ae185,1
3431,1327525800-3a909c63d7f07b1ee2b12a9ea3ef7d0f,1
3431,1326428880-bf04eafdda710ea5ca630d5d5855261a,1
3431,1326217680-413ef4117e7201396cd0b2d55407671b,1
3431,1326496620-ad93a04769d4549b0898a18dce02e7dc,1
3431,1327531200-cffcaaafdbfc3116be62a3145b7b26f6,1
3431,1323521880-8e7c5a51acd661695a20c7166527bd04,1
3431,1326726900-9744ed0a8ba66d5cfbf8d0a43fff9690,1
3431,1322617200-1972ea584d46dd89e7dcb38ebc68e74f,1
3431,1327601760-01377811cd78254e94ae02077560491c,1
3431,1327864800-88286cbaa886a7b0605d8abb49adb3a1,1
3431,1323406440-21c7456bdc9b9e36ab2d489bbee5db45,1
3431,1323406440-5b1d6dc2f466bd44346ca6e7978ab2e2,1
3431,1326933600-0c48df3250c4757cb9234ebbeee4e031,1
3431,1322158440-7f0a536aed943173ee7b2073db92b657,1
3431,1323993960-91f9a71f358736357a817de34dbd36fd,1
3431,1320422220-dfd356faad6e5beff854f95764a1e6c6,1
3431,1320422940-8471daf83d8efa267bbc69c0b6f3864d,1
3431,1327413840-38c21d52e5024b25c637efabbf5cf624,1
3431,1327427640-8e55c1d08df4f9fcdebca85f53965814,1
3431,1321927800-4d9215bd6ba021c224558e389173db85,1
3431,1326499260-c14256dfbfb9bea9abdfd82e6043401e,1
3431,1324830120-8ef8906526a9e5a305462fd41660ef38,1
3431,1320878940-1119e98ec29b0b3157f7bbe945dc22b1,1
3431,1326976140-b7ace2b448ba59ca13a6317004318ee0,1
3431,1323429420-44a54d7d174a58c004d625ed387d2c66,1
3431,1327879860-ca84bbbc13f22a1e21775d09f8eba0d2,1
3431,1320839280-3781ae130ed7236aa4a0797711cd9fc2,1
3431,1323484260-056a96356b58bf4588c6ebfe0a2f6ebb,1
3431,1321686900-093cf582473617355f1772802d31e30d,1
3431,1323463440-5a1c93b5f71cb87bb727ebbf0538c873,1
3431,1323430800-20a1496a36097accf99a0b7b764ef98b,1
3431,1327926900-38c771d35ec66ad8629044395179cd09,1
3431,1321451880-091903b783f88e799f30b56b53e5c0aa,1
3431,1320904860-d1c7acf2d9186b9b6720750c704c492b,1
3431,1327848360-47c33d08b684c88e9d09b7e279862433,1
3431,1322265600-3f1a3572d146b16146d4a07323265a78,1
3431,1323481500-4c481e38ee334914e3a31af9ce6d172d,1
3431,1326413400-2d31b1fb4834dd81666145c4b3ddaa8a,1
3431,1326969240-07931fcb27195ddf51d113c6cff1da0a,1
3431,1323473940-7282299deb21e40cad72399cc096231e,1
3431,1323473940-9700deaccdc902d380626d38a16be5c6,1
3431,1323796800-8b11101aa0792983a5dc314bf7dfad0e,1
3431,1323471600-dec6371ff986c05f4b027c02c4e1b3f8,1
3431,1323739800-842da5e358cee443023c5665e9100d6e,1
3431,1323719400-0946faa8b5b3bc3628d72ef9b09287a4,1
3431,1323793020-de10502c618c7b20d6e572e2b25054d4,1
3431,1327423080-0bf317e7061775db4894856aa56a1d29,1
3431,1323360960-0348398353e7a7a33bac78587f445424,1
3431,1327871220-9528dbc4ce35ed46ae840ffaf9cd2ff7,1
3431,1323366480-4bcc5bf3ef61bfef2fc44f19c687e0f5,1
3431,1322275920-99fe17975ef0260e56835161e151bb22,1
3431,1323482820-b02fb31a609471f2f5c9e7ddbbe895a7,1
3431,1322288700-64577dcaa84b5a4b2a53be7296b680cd,1
3431,1323482820-42fb0d640b467852730628627793c265,1
3431,1327708980-c3a20af4276eb62a6c8169c9409b1a56,1
3431,1326134460-7fbc172e90195299f7c05c92a043056f,1
3431,1327953300-888fd7b04eb0dc5fecce2d476d830427,1
3431,1326232740-a48aebc6614ca3d205fa81575768c3c9,1
3431,1322007420-c5badbe163e5335d64bbcb7b18300593,1
3431,1322011920-0545fb14fda9efba9ea1b50c7a37bd04,1
3431,1320892140-46ae69474faf9c5c2735d70c975d1de9,1
3431,1320870540-a012ca5cabbee9b122d911fc59f2cfa4,1
3431,1320200460-90f89ffbe1310b3740a70435672b2c63,1
3431,1320946020-54f6d393c79869aec7b0c0e990419368,1
3431,1327903080-077ae5afed1c026c75779492c437f786,1
3431,1326909060-0647a36c1ca07371cabf8d857ffc7104,1
3431,1322533920-7dd585384e091f4b34f239c0d229f122,1
3431,1321638480-4ce48893eac38bcaa30143c6b92e1146,1
3431,1327923900-dc734088d90fc929bfe3ac7358ca362a,1
3431,1326921000-4945b21d103c4f11a4630ef7ff8c7c3a,1
3431,1322170800-1019890e8bcab2101a4621d56e24ed1a,1
3431,1326734160-202783d89c441f260e6b8f1072e872fe,1
3431,1327876200-4771951150cdb28e9dbc54256baec879,1
3431,1326934200-20af874ba32e48ba1d8ed02116b66083,1
3431,1321926000-0a10573db34827cc53dadf08cc8973ca,1
3431,1324828620-42ef6b66eb1fec25d6c632a2c6188f79,1
3431,1327429380-1e59a1df8295a76a1242841e28d4c03a,1
3431,1327632060-d6b35cb5ede843fc61919cdc1c4ceacf,1
3431,1327956060-b827d6d805a8fff436912e52691128eb,1
3431,1327705500-8678a5865344e1ed53e8eb6226bf95a7,1
3431,1327518360-96f88d94e91382d0f27575b01cca9ecc,1
3431,1322134680-1472919444243a623015c1106712e891,1
3431,1323733800-f8398676da9a64997eccef7d137e6662,1
3431,1326259860-f9dd1c3d1d30448f48a788260fa7d2fb,1
3431,1326739560-99285c164381265abe949586ac6d2336,1
3431,1327459200-117e960b900be39ae6cc7a98dea1e848,1
3431,1327803000-acde8edabcddfee51f1bd434dab350fb,1
3431,1327417860-5b2a20da38ccad433c911c795003254b,1
3431,1322111700-a371085a6612cd56be41d9bc608ce327,1
3431,1322148540-72f0282523bf4318b7a214a6ff9dfc7f,1
3431,1326901800-5fe07dddd610d26dbbcd8f798655878e,1
3431,1322600520-dd271aa75d1a8400f4b1ad60a06bc957,1
3431,1322013060-8e3cfb2d98e3ac400fc67fb0445944fb,1
3431,1323361920-a4509994d844b4ef362711b19f85d031,1
3431,1322078820-4610e5b16791e5385b402a6a4d72e0a6,1
3431,1326847800-c44984ec83af5cf56ed4f6a5925994e2,1
3431,1323395640-801b9ba438ec9e8a65995848f9c9b1a4,1
3431,1327881600-761a6ac3871933bb7d1f2ed881e0892a,1
3431,1324831920-f30377290720b373ad7de2529641199c,1
3431,1323412320-f11942ec2def9f4c3dee78648be3a726,1
3431,1328042520-d9b1d9a7fd120eac6ab0ea8ac80f4af1,1
3431,1323412320-542b2c573eb12f40d816092891111c27,1
3431,1323434880-78016df7f74129347188c2f4c387faf6,1
3431,1327863420-25ced3db95e646ce096b8fcb50bf652e,1
3431,1323441360-b71d2dcf3dfb486054e8983801977e50,1
3431,1323373020-12f862648bc0b755bc94c737f949822a,1
3431,1328056800-aa515a906aa1e2a90705d2d85f094197,1
3431,1323478560-f5a4807a0863cd2ed73c020cb6969e03,1
3431,1322150100-d5c6dedd4a08aaf0bc9bf368d5772b1a,1
3431,1321920300-45dfef4dbd61667d21821454d22bed96,1
3431,1323396780-2b8d80d934bc7bdca7c9069809586b7e,1
3431,1323400620-9cf2cf40e1b100dc34a778b44b61c93e,1
3431,1326915600-87800490cfe48f42c302eed9927123b4,1
3431,1323399000-648380be253edb52aa15804d76e2daa8,1
3431,1322610600-2229d5ba517f54e30811f96451e38953,1
3431,1323456300-9158f904881ab687d16f80e9b1f59ba7,1
3431,1326483000-f36833fd0847bc10346cf2b39d4b3504,1
3431,1322602680-253c7f56b070e894c63f5353d8ed6e9b,1
3431,1327903080-4c7c6c5d5ce7f46fecdd9272d8e36ca5,1
3431,1322615400-c2831c239f1347caf1995673d277708e,1
3431,1327966080-0605892671099189a0e9fdc2025a19f4,1
3431,1322596440-d7a1868299f64a588c0638285ba7a8eb,1
3431,1322600340-fddf621b59c5265c2f86945b4395ade5,1
3431,1322006640-64d3e715a7375995e7afd172108dffb2,1
3431,1320971880-04430fd7aebb3006049f4fad332da347,1
3431,1322681820-aee3da7b92badaf54bb7cd07c3dd6a50,1
3431,1322596740-bf9ca8de32ad1478f1715cb39599f63f,1
3431,1326726900-b7b5c08a1d8589a5d95cbe10935935c0,1
3431,1323737400-502cc04aa11ebcc4b71c09b2541a63fd,1
3431,1323820200-d88add76d3c7bbc9fb9b415d7a7565b2,1
3431,1323130320-111dcbadd9508ea8301fca7b7ada3c1b,1
3431,1321657620-cf0c66a3a9a8b3f509ec9c91b8c941be,1
3431,1326820260-8116a0b3838008d5c20eff08769b941a,1
3431,1322621040-94a9287e855df2dc0f53eb30251105da,1
3431,1327781460-6bc85b1a0a34a572193322f647840d31,1
3431,1321375440-0def1c4e559864aee0827eb5f4a186a5,1
3431,1321358700-7b4c67646903029ce2af68541f4c0f5f,1
3431,1321653480-11273e58b48150f0e421551f82b45fec,1
3431,1326220440-c58929c323ee84a9a77f932efcd06e87,1
3431,1322615640-435a68bf39dc2665da862d4f5fd453f9,1
3431,1327512420-a498d7325983df9f4c8c36e44fadb81f,1
3431,1321415520-0100eca127fa6421b73ce8c223e2696f,1
3431,1320332760-3a8335b564d5075ae6d58465497c5bfa,1
3431,1327627800-b272538886e137a969e257a0b851f514,1
3431,1321398960-5e115f90c1120aefa2f3021e813a7716,1
3431,1323713400-490cb0e833b8c25be2d47bc0caf2f709,1
3431,1321388760-8bb3bf4a9bb46c6661e572f2944c29b8,1
3431,1321391640-84def67b132f0f9934f0b5045284e004,1
3431,1321388100-d48950b13c23757c96e791b75f2bf7a7,1
3431,1322621040-4858e682e14808afa38f2ab70071fc3d,1
3431,1327873980-57af92c82c4efc5688e6d4a71540272d,1
3431,1321316880-0811ac3f5a52051b341b8fe3669545f2,1
3431,1323712800-71b522416f1a77ec57dcc8d4039640b1,1
3431,1323138000-1c2205f3fcbb14d995b39b200bbc6323,1
3431,1326383040-ded98697d92009438df31a67bb55b13c,1
3431,1327962000-d45d118ebc82641c02b93e88cccb9586,1
3431,1323397920-447c0dc12dbb6d7a33eaeba4688c35f5,1
3431,1326220140-99cce730326e640cda6fecb1728100ab,1
3431,1326403920-17a6c50da551f3a7b832d4741980d24c,1
3431,1327960800-67968cf1ca6b01ef7beabfcefa7a5491,1
3431,1327611600-32600b1f3f38a0ac8dbd6773ce483855,1
3431,1321641000-6c5c5d1b37443d92b28046fbb4ffee5b,1
3431,1321306860-9f81df36e13faf2e4b5266b82b6b81ec,1
3431,1322655240-18b08e3f0103de9d4e63bef9a6106b43,1
3431,1327530840-d1004e124dff190e832a00d5ac8db404,1
3431,1320200460-2f01b42fb89ffb99249aed61c9676961,1
3431,1322078820-f014df481c0ff2ae45fbaf6dc6b6045d,1
3431,1327633260-acf91dd8348954b69851aa5ccd02272d,1
3431,1326486000-bc0aa24c75b33d8624aac362fea784ac,1
3431,1323461460-87325a7e0462e1327759a7ede75fe514,1
3431,1323477780-b95d8ac09bd6accdad09bfb20545281b,1
3431,1322144400-7784eb17c25d139c7e78c83c6c9b708d,1
3431,1328053200-4d264c12bdf7923104d2b86ba85247b7,1
3431,1326829800-70bead97bab6a9915d067dd92ceb1f3f,1
3431,1326851400-572ca5b857ddeee7782947b8fca57890,1
3431,1326391920-cea3f6dd122e06210095b5552b1f0cd1,1
3431,1326856200-59080b430f59f4116e7d96eb97da1ca4,1
3431,1326825600-0dad029adb21e0496205b24d57713659,1
3431,1320813180-15430ff2f50f406e09ffebc79831381a,1
3431,1326420000-09cbc6128565128992c74b3143963ab6,1
3431,1327526100-cad5b4c17a63b3c9d323523ed8f9acb3,1
3431,1326386700-43f4b61427dba442bdb571ea2e0d889c,1
3431,1322176680-4e46de691c165fc016fa3b0476e8d051,1
3431,1322620080-417faebd6d23ac93abdb2a4644737b0f,1
3431,1327528920-9edd0e8458b4ee821e42ad50a9a5bfe9,1
3431,1320446280-0da2879a653ab3dfc169bd54859b33e9,1
3431,1326394500-036566e848a188a5f1b23a28e1f9f697,1
3431,1327616340-842e163d1fd9c5eae59de87291ab5c6b,1
3431,1327518000-8cb9a86b47bf3f1a57db0d0d0e086642,1
3431,1327509480-5b25daf1e1922ccdebbcd702a25f33fc,1
3431,1322661600-99bfa22065de9796ed85e6b54444c9f4,1
3431,1327520040-8163ecbebb033e5c9bde79cecce4f4d8,1
3431,1328016000-818dd8c3100d9c7f61b871067ad027f2,1
3431,1322272800-a06f25e1e7dbb4389ac48313140d4097,1
3431,1326406260-0471dd63b5de2e59ff854c4af62e9164,1
3431,1322661840-bac9791efad3e13fcaf975466d7d343b,1
3431,1322159700-d4de84d5ccb1d0eabb49a3f40023f956,1
3431,1327703460-1b93c5228f34d0b4efeac06c78b48001,1
3431,1326307920-86760e6c5667d96d9790138ced194b05,1
3431,1327683660-69d1bb1e80822aa87d59879cd30bb509,1
3431,1322248800-1e9b27a839443e8a863b1bf7044314da,1
3431,1327483200-c8acd016b980b75a28070c2b66e0fb03,1
3431,1324829100-a02dbcb117ae2f990c7c335dec404dd6,1
3431,1326213600-713c1b494a60f63c7513630212d14dc4,1
3431,1322072220-2856ebc004fbd13b4debcf3ca5f9ef31,1
3431,1327961400-89591ac5a730fcbf77e7476997e10610,1
3431,1327928340-cf4da74c727bc6a790dc7d495a62c299,1
3431,1326406260-ffa37fc2d6b6ff6548e72357bc85b38a,1
3431,1322449560-9634032c92de2b91f44457dea937777b,1
3431,1326294960-98d583f25043059418481ce45bc755f1,1
3431,1326307920-3cf58de818661bb2f0f1617305f8aab6,1
3431,1322750160-7332d170713001dcee5196d1b58f5322,1
3431,1327506780-7e9bb31dc3bcb46fa53b2b28d90e8335,1
3431,1326306480-b5238ca32f561cdafbade92ba7770b63,1
3431,1326294660-39e35509f5f3d5793506856112617141,1
3431,1327684860-cfdd34297010e05e700231b70c6c2f1c,1
3431,1327680060-b41263d4d7bf3d115ce4ad3a8449f912,1
3431,1326156000-593d4221342d0f34ae3fd9c6249192e8,1
3431,1326134520-51016b895c6a4c03e3904cf6fef84fe5,1
3431,1326138120-18eb6ba46940ac3b4877634bf6000b80,1
3431,1327175040-7838450dc71820855a0d20edf054bdca,1
3431,1323337380-60b18ce0864cc383f3c547db717b1e89,1
3431,1326484320-c2d077c3cb6f5723f6d9dbe5f5c8a470,1
3431,1326480300-097e8af7e3956d239110ce0624219aa8,1
3431,1326474540-cbdb8ddbc48718610f572808550f3f32,1
3431,1327959120-61e99daaea47821fef967d9ed32d7dc7,1
3431,1327270320-fbde21d27831f83e51d9881fd7861e92,1
3431,1327954320-8fc441fd46f1612980c899a5a0583154,1
3431,1327745400-b3ed89cba05f8c4a9a666b476aa363be,1
3431,1322511900-3a0c3e17f69d22e860101d5bd0791216,1
3431,1322615220-bc2dd8344ace61a02253a0bdc0ba114d,1
3431,1323909660-80565dbf627c048480d9fc3b5cb03e47,1
3431,1321458120-1901b571862fef7b112ad15520d16616,1
3431,1324867620-19032c86ade41bb992636d6779b876c7,1
3431,1326473160-af670bd536a48fbf5c4cf8ee740bd8ed,1
3431,1320334920-b93d8a9325f7bd9deac88d32edc194b8,1
3431,1326297960-cd34578a5a8b1c197eae3d318e987703,1
3431,1322159460-44e3b7fdd339a3837cd8a1a192825c76,1
3431,1320355380-34421fc826374f5a74f00239114b2a07,1
3431,1320251880-23562e4862d97aae5633bf3d0ee23ce8,1
3431,1320783060-1faa78983ccd22e821f8e00a98a1f4f5,1
3431,1324928280-54d16bcf96ee9a05d6df900766463585,1
3431,1327763760-1eef7195e64c0acdaffed81971e21f57,1
3431,1322657160-3b773535f9216c0b872e9d2806e5272c,1
3431,1320332700-431d402d7c9f274b712a55c1139a4c16,1
3431,1326223440-728681881abf9555617dfb69f59856f1,1
3431,1326909180-30377838686fbc6fa0ed0192c57b2b2a,1
3431,1323471120-24759b259358e1b2430b0a8e104e05c0,1
3431,1323134400-30b2f7e9dfa48be49400ffc5b017fbd0,1
3431,1320805740-fdb2a6f8640d73cd4d933de5b3a73887,1
3431,1320341400-0b2dc3d5defab29906a0e52c9ac61a6b,1
3431,1326481260-91db02b50efbd2ec0de8edc234ec569e,1
3431,1322615700-99ad0000cbcc126081bbfdb494834f8d,1
3431,1323373020-8f818bd76ad6d1fba3e7584a8663f645,1
3431,1322616780-801ad32eb4617ac8a4e288441b9bff8e,1
3431,1326219660-4b5178bb8f7ba444bfd0915e307d4a37,1
3431,1326759600-03fa5852ab079573575eddbdcd3a4909,1
3431,1323910140-71a1b40695e03187d521dd2583ef8de7,1
3431,1326297960-0d818302164868dc5cdfdb68ff07519b,1
3431,1322711400-c6e413c7a01a938671962b54f03e35e9,1
3431,1321979820-68252a4570d3c281fb5bdcd36a8f2c89,1
3431,1322259600-d335604e4ddcc72eb20a993be729b220,1
3431,1326489780-387d558fea07ca41639912c804e2c2c1,1
3431,1320713040-73f0d63f0808092ea070a186b0209e2a,1
3431,1322178000-be62fb1d6ce2c6825935b1edbdd091e2,1
3431,1320972840-b1a5e91cf5990e1363d6f060ca74421a,1
3431,1320957240-f356c7536eb66ba1c7bd83eeb0ea58f5,1
3431,1320714780-5893af87c219b9aef78b726db18c3e67,1
3431,1326476460-cb307b3b204fd0a9a22199f53de8b91b,1
3431,1326329400-da7caba44d8af884bd02fe1b19dd5f3b,1
3431,1320714840-c1a29fd26d9d0259ffe4bc7987ba925f,1
3431,1320732720-a086866685ee886dc949ea5b556dec12,1
3431,1326733200-4d2db39b19e522e4671ff4cc14cc0b9f,1
3431,1320957480-65fdfee32ae6106ac82cf6fe7b648695,1
3431,1323804600-9108a8134ac241f382507ac5a41f10df,1
3431,1320966120-75e1e2795fdd97d51805d7774c5416e0,1
3431,1326484320-676cf7e20a58b603eea024db6cc1e2ba,1
3431,1322063220-12325553b3282d07aa82b1e3b3610e1f,1
3431,1320867240-18f119be46c036c8dce0affd03c05cc1,1
3431,1323137520-26e399967905f1cc5113d64137de52e9,1
3431,1326217200-3ffe685d84b4257bbd5ebfe291c84a25,1
3431,1326211320-c8ce56d2c6800307a6ea43f096fdd9cf,1
3431,1326474540-8b6baffeb7dc5165a8869d7258f54b3f,1
3431,1326222540-c24931c76a5a5c3c2776923100d9bbfe,1
3431,1326215640-1ac902370ba2b15905b0138a012adf71,1
3431,1322526660-60cb128ccb7dcdb9c4e28fde3530dc21,1
3431,1320937380-18c2349ecd85ad126be996bb4f2e167a,1
3431,1322703000-d3d8272e5f50dd30727a88f90e4ee94c,1
3431,1326310860-d3c27f775c048a224730e729cc7640d6,1
3431,1327676400-b0d395dbc39393c96f281c2941bb4277,1
3431,1321293060-b6a377e0d52669f4f7a858ebcf2848a0,1
3431,1327602840-06751c7ddf518b389045a63e4e7219ab,1
3431,1326308640-3bfa1be08d03de39e044b0988f978eca,1
3431,1320925980-4db1aa7087573f79210100ae60cea096,1
3431,1328007780-df6a6c8e8855af3ee2f0ae2c0b795606,1
3431,1320948120-d44f0061733e3b3b57ff8a6716562c26,1
3431,1323402840-11f8f60ab27674151677f2682dbe30b9,1
3431,1321322700-29054083ef43a3bbf82b1eee72ff5595,1
3431,1327627380-1cc2c3c0116ecbd43a2356953d92e761,1
3431,1320448920-bf00c671bb6272a31a79389a1a67c31c,1
3431,1320448380-98c38a9cc32f10dfb644adb7e947159b,1
3431,1327592580-4b4d9f1377b7388a100f204a5a1fe26f,1
3431,1323396780-3a5d0949ca83dbf979ed8ff90bb6351c,1
3431,1327701000-467e9dc74d404cd06b28925c14b3849e,1
3431,1320422760-53c5ad5a8b32de8e4ce8edd1410bc7cf,1
3431,1326739560-c0b3c31229779ffcaa7cf41511c51e22,1
3431,1320746100-7d2bf38759becd4d844ab5f46f0c32f2,1
3431,1322265660-307563809bc753b370b984582a24f656,1
3431,1326315360-1850c3a47132f5efbcb803dc02c376f1,1
3431,1323802920-bfdba1c80cd3c30fec0159804c8f3e52,1
3431,1320421140-46aec8b4d7061db0740f361f7cb54e40,1
3431,1322225580-454ac154569e177a24289001c5d2f3db,1
3431,1320791220-18b388689b845a8d48213fd066539480,1
3431,1320780720-91896d84bb1804c4565238ec4ce5f10e,1
3431,1323184740-916bc35dd8b2beb21598ed73abab46c4,1
3431,1327683360-285a18d4d7c5f8eb796335f110b6da6f,1
3431,1328029200-9d9e77ecfe60c937f371d00c1e291b65,1
3431,1320420480-99e1aa94b0c117475fe1cedef60f0f9c,1
3431,1322615520-888bfea58b32c9a67590b0a1f96970aa,1
3431,1320445500-f1c88aa0264ce5be1b781708293ffd84,1
3431,1327684200-0cd43ef36feba62335ac54206d57b9eb,1
3431,1326244980-ac091c691aaa1a779e15fed9a5273ced,1
3431,1320443760-9310587a5f4bb37dcd3fd6f180e0241b,1
3431,1321335960-fa30d685db4327eea78223206bd24b68,1
3431,1322743080-3fef15697e22d9517ee7f584cc143b83,1
3431,1323136740-fc18d43934e8b82540d2436aafc0c6eb,1
3431,1320426300-644bb977fc8a3bc432077bbb20157b5b,1
3431,1327928880-b15ac528509e615307bcf1db0ead5b3d,1
3431,1328041260-78d1285c6e526edc1db0f28228df8542,1
3431,1321959900-f1a80c1d83f124b50e84c81d341ab7de,1
3431,1320250260-63d6c8cf414960ac0dc37a54f634969b,1
3431,1327701000-7862d230d2a4a6455eb2877684ba6c61,1
3431,1322679060-5311297f4c6eb96749ac5c7db84bf9d2,1
3431,1322823000-5bd3147078947ac1a10bada640039355,1
3431,1322694660-9bce328de4d9809249376360db7fa1dc,1
3431,1323137520-05b3b6f32a0f494965407b9a738f8dc0,1
3431,1322301420-5b0db90263b751a4fb2345846c440fc4,1
3431,1320334800-86d0e4a8bf9703881e46fd42aae16a7d,1
3431,1320250560-105108cd3375119e860eb4f9eefd6d60,1
3431,1320251100-bb41d681d892ca5323325a4656d17c91,1
3431,1327626600-6da4f26efd9f5503619731da75cdb4c7,1
3431,1322764320-6db225402f65637352d09645fcac1343,1
3431,1320337020-52ffed85ef1b9a1232f17d969c573289,1
3431,1320336540-5794093ba00206d9a26cdaf53f6feec2,1
3431,1320336180-fee8f8ba64ab2f506f5fd532dd91efcf,1
3431,1326794640-c4c53404f8a9cff82a0911326f2f911f,1
3431,1327153200-6480fd09443dc669cce9911318af9a13,1
3431,1326288180-b1d58ff0a642be20d1455e4081d3cf71,1
3431,1323135000-a6c107c87440d4c2cebca5880f5ebf3f,1
3431,1323186540-07066c5b4221b4436a2e22278cbb6501,1
3431,1327952940-ff7b581e8d575aa7db6aa544f7542222,1
3431,1323139080-37a0207f811ea47c022bfeb0d61652a0,1
3431,1322329200-4bd04e11d031bf7b6bf729f912e964e4,1
3431,1322278560-bfb8327fdf8e47677a46fd2a97524629,1
3431,1323188280-bda0958ed6b1c6e56e9bd4a19a318db3,1
3431,1323424440-75cd15250c7c79d572537847b87aaa40,1
3431,1323802560-b0fe14d6f9c348b43c6689d59b781ed9,1
3431,1327979700-9300e1d303fe825df7fa0c97ece6460f,1
3431,1322740380-3f3fc992b7028a895c25d5772754342f,1
3431,1322180400-fbf7afc15c780940fff501e38d726b37,1
3431,1327905240-c4e4d9e509b99f3deeb572f91d3f73e7,1
3431,1320976080-76d1586ce00b0f16d99a7e46b5397976,1
3431,1320879060-d907c197705d96eee794910afb7f00e2,1
3431,1321662300-097371017765a16b39b134a838173645,1
3431,1322764320-bbb148297c06a00de1966de010992c03,1
3431,1327960920-8b1d1736801a329a7178cc5ea3e30ec6,1
3431,1327865460-b07768344e5c7b1690d6a905fd0fef77,1
3431,1321425360-44bb18970392330ff97e8463f68ba455,1
3431,1321662840-09f0dfb5705313805dee7b9010d8ca69,1
3431,1321047000-9ea64f4a95613d7791cac112c4fcb3fc,1
3431,1322137860-229c4036969fcf1ad5a2da71ec477d6d,1
3431,1321680600-2f84a6377f5a13d14331724bb65f92c1,1
3431,1321675740-7612a5ea15787cb1b604eef07601e5b5,1
3431,1328014740-0acfd854d97cb2da2d14f6bee686260b,1
3431,1321349460-1982588ac129b356c7f54a7d1fb9683e,1
3431,1327710120-6af941542e511719de9bd510770e2d9e,1
3431,1322692440-4a22f2a2f05787115e9db8b78f10b878,1
3431,1322197320-a64f51582dabe044ba00704daeebdee5,1
3431,1322095200-fc44dd7666365b136945a7d632be9e1e,1
3431,1322674920-608eba2b0c377b690afb3e4c59682ad7,1
3431,1322686800-a0c43a0371046fe06a92d4ec445a44bd,1
3431,1320434580-86c2172801bd9a4bcf51028239c31dd1,1
3431,1322093940-f0f7db488278ffab930f52f75189bf3f,1
3431,1320437580-ff2e36798cd6fce80f4f79aac5fb3cf8,1
3431,1322526660-5008eb2de9d37021023f892c2428a46e,1
3431,1328029800-aec809add14a8ff6f69ba27ed9024180,1
3431,1320320580-73057e4c45563007d27d360795d37876,1
3431,1327953840-ff408bf4f30c81fd46e6bb8391f7df03,1
3431,1323416880-3f98cc9225699229c60a8d87517685f9,1
3431,1322704500-1b497af3d19f809c2f43fd589541517c,1
3431,1327951500-453c663024c61c3f47ed6582d0f3a888,1
3431,1323898800-6f9b6975bd64a83502d6ae27820ce0a3,1
3431,1323132420-727338b0072edff41c034f4e8db7cb41,1
3431,1322167200-d92c69dbe05263f3bd31b6cd45857345,1
3431,1321992060-3a64d439344f1a87f53f7c2cb6c9e8b9,1
3431,1327950660-8d5def2b4035cc19a765d482d4f0dc0e,1
3431,1323250860-baaa8c801a410f277486a92d0af708c7,1
3431,1323527400-82db7435401d48930e5298a5a52435be,1
3431,1327611420-6bae21a64c4c07a1fae776ebbceedf2f,1
3431,1327710120-1b2a40b66716ba658e33cc650d6d5ea3,1
3431,1320436860-b3496ba084f4f5f5cd161f4b77e43bc1,1
3431,1322012340-22821edec3bbf3eae3f383cec9119f15,1
3431,1322094000-a322993b3693a7c996f04bce4c227885,1
3431,1321377180-4b56fcbe088ae099ff515ba58e8df46e,1
3431,1327117800-c9d47eb04c5186ca839bf50d12afd960,1
3431,1320167400-a312220ce037abd54745b9e6f5473e79,1
3431,1327797660-11b8bb2f1c29ecafafc8a0c363aae519,1
3431,1320446880-449d7acb3235c264b49844a47dafb764,1
3431,1320333660-91b8fab4e27b1692fc8f71f67f00b8bb,1
3431,1327851120-03eda7053ba7901317d3e5497f361bd3,1
3431,1327544100-97507441bfbdea0017c7db429b3d38a8,1
3431,1322693160-dad3179cfbce24af7fc2c819acd618ff,1
3431,1320436500-50ef11f865ffe40f5b3bba6b926240bf,1
3431,1320438420-032df549a4660886677756c47616bcb1,1
3431,1323412980-79850d277c726bd375e82b75d79b7373,1
3431,1323743400-30b87a5bf9f00f9f09e1ec96976967aa,0
3431,1322300700-399b18d05ccac355ffb9719331a4b2b4,1
3431,1321435380-05ed8b3ec5c3507c4b9e852d6c23679c,1
3431,1321447260-b743208e647f1957c12a8e73fca0c756,1
3431,1323882900-3e52e7fbcf2b4b74caafca867465ee72,1
3431,1321458120-45627a75ecc0f3d84257c1bf65c0362e,1
3431,1322104080-beac649160ccb0b4cddac886dc27a683,1
3431,1327710120-c6b57d440ef67503b049b3a481249b22,1
3431,1321695060-f59a84ca28b24eccaff7c3f0438b84ed,1
3431,1322367120-815b1a1c4923115e28ecc29879a07a46,1
3431,1327965900-7edf812e50466999e912be0530f63b0c,1
3431,1321387860-6066ffe57c5e91f280fef9924b70f3dc,1
3431,1321415640-b3922a55fb546e4427239ab819f05a93,1
3431,1321385280-8c963edaf76f2f19f4d4567dcb4dc106,1
3431,1328027040-c77263ee661439f9348cbf00d4430e02,1
3431,1327446780-a5a242f7cff31bb744cab6cc529617f0,1
3431,1321704900-ca1fb32ee50ae47f72cb544d642ee700,1
3431,1322200080-0880f0d34919efa7e4c7cf8593a7bbeb,1
3431,1321901940-9a4a10f670baac18fa8004b6c8b366bd,1
3431,1321919940-2bbd86d98e6237a6bb96c336b1e2cadf,1
3431,1327801260-a1d1c4df848404dc0978dfa48ae651ec,1
3431,1327704060-fa7397b99d985521200ad85c9f99460f,1
3431,1327818000-bf89f37c5567d083fe2f8025412895b3,1
3431,1327710120-1a5282ee6c114777fa303c8ad45e9eae,1
3431,1327715400-b8b2e6118f717534fd12531541db256a,1
3431,1327977300-129f952908e789190957f5f101fac01e,1
3431,1323703260-bdcf1da9c778c8c0825722d053572427,1
3431,1327809600-dafd1b2fa0809870ea68b62814daeac5,1
3431,1327770600-5ae4cde05e7b35bc411025d3ace74010,1
3431,1327634280-c75e068d8104cd8619a95ab09a826702,1
3431,1327989420-be50fb06da8691a4d4d8f17fc72af708,1
3431,1327710120-cd17ddb7d7151c67e8f6031b1acbfec1,1
3431,1327710120-431552b494b0458c020db27b28d5c2f2,1
3431,1322187660-9561b41b6119d44ed474116326df38d7,1
3431,1326913800-158461386efd2b0fb7bb0ad778d8e582,1
3431,1327710120-8cf300ed262709185304dc9a10f1a310,1
3431,1327979760-b80a3aac2784ba15c061970cb9ca1af3,1
3431,1323477000-0e4b0984a41d80428c4ad4a8b41b800b,1
3431,1327591200-5ada4742c8aa760a52d6fc2a755111e6,1
3431,1323199620-9a109f9b35b4bb06253ad63fbfc47949,1
3431,1327910820-87d56e032b45549443b3157c9a4611e8,1
3431,1327908060-2c538bd3b05f3c8af25faab9a305ada8,1
3431,1328015820-90755e48bb176a7e49fbc029441bcd35,1
3431,1323419940-c708d37563ec668dd165d9a98e0cfa04,1
3431,1327706460-95f15725d140b9e39f3549d88d3d4f03,1
3431,1324234980-bab76a4b38d8b6563dcff8c571879854,1
3431,1327991460-933423641706835b82f80929b7128d45,1
3431,1322650560-bb86b3bf155ecd8d5c2f583c87c784fb,1
3431,1323242520-78088aaab3d6400de337e43eec00a747,1
3431,1327970700-a5578ca69fb11ff5b3457bbb94711149,1
3431,1322121840-6d689f1c42e87c7d421ea958599b5ba9,1
3431,1326858480-f3b7feb6cf19022492906e8dd7af7cc6,0
3431,1323718560-df1e9c3fcc5fbb774369625d773c002d,0
3431,1321994460-09b4aeba093d2f6c4936763d7c46abaf,1
3431,1321995840-b39a8583d558b3a9ada09f5138b78aaa,1
3431,1321999800-97a5bad47bb5695642f6f35c2028515b,1
3431,1327756260-3486bb0428af8d0fef4628e410cd7a5e,0
3431,1327894200-4a01fe5602b8a457c293d98ae0ef8890,1
3431,1323483240-2d316c9884d6a2eb68a1200029e99498,1
3431,1320703320-42007bed867ad6ed736ea7ff0a1960ed,1
3431,1320405420-559095a1cec05048d2e81a57759136d9,1
3431,1326646080-146a438fe451e0fd572ed6d9444c772c,1
3431,1325022180-70cfcc29a6fb06d9f03c0868d1df5270,1
3431,1322168640-7f351cd3bf623cbd5925e265d09d643e,1
3431,1324402500-680f4a3445c43b444e2dd4b85b3211b3,1
3431,1326741360-4d8c8f60baa3067ffcc817c63832c81f,1
3431,1321551840-daacb2ca460e7a13ce436f0ac54979a5,1
3431,1323437880-bd07b630368a65151557041d2151d92c,1
3431,1324519800-3e4ef8f3603ec0e210efac518d5939bc,1
3431,1323112740-4b85804be3503a33c1686dabe3de07db,1
3431,1327609140-bc98c2abccd31c164acf28180735c384,1
3431,1322608140-5dbdd2c952c5d94a8a42b4f7c797fb7c,1
3431,1323810060-069e73357f96c27f615cad46ec839305,1
3431,1327976280-412af4faf7e4ce88a2e35bfcd724ec15,1
3431,1326406020-928d244a1bc965fb4d84bda987db1ce4,1
3431,1324744020-3a21a014642539f2a67ed5be2496c232,1
3431,1325281680-d5ebd082edc880ae14294a10abf49dbe,1
3431,1326465720-7bd4700c3984d156324fb13fc197b6e3,1
3431,1323887460-2858aa8ba8c238e61ea5ae1982aea432,1
3431,1326154380-6d95cfc92b7dc69d37fadaf13f3bf729,1
3431,1328048160-1bbc0fa2180dd1377f97b46836f6d090,1
3431,1327335300-475929e0ab202fa95cb4be8ccc10f687,1
3431,1320927420-491ae918fc171d0b99196ea33a5d1f3e,1
3431,1324438800-008650c72c6b52dc2c6b3ef7bd14c933,1
3431,1326925080-77f3fb084513503d8cc3652d5105adad,1
3431,1328031960-1682911cad080ca604ce4cad468cf3d2,1
3431,1325904240-437810b3d718f3ad3415b2dfebb97176,1
3431,1322693280-18a97da9d0e5af1932ce008ccf7ee2db,1
3431,1324145460-48e723a1928e109dd2d93f34f68feabd,1
3431,1326333060-af9be9e980c3d7c34b6ef9a325411c0a,1
3431,1328058240-3c6ed7ce5703b4657ff8fc29442946d5,1
3431,1321568580-07b51f39790a5e3a2afea5eb7082fd5a,1
3431,1326389220-06e4ce463d17706c0eabdab504e78d3f,1
3431,1321732440-382e7d01117d36f100bad53f359e06d5,1
3431,1320325440-a6857bcad5fa816c76f851d416e98072,1
3431,1323297060-5887b5bc4a1f87e93089ecdfa943f637,1
3431,1324309320-f2ac5d6b5f00c64a5e1bc414ac3963de,1
3431,1325521440-74e0c25b1b33ad68b01dbd8971281bed,1
3431,1327971420-a28739ba7c09d9905aa2e4c57ae4f0bb,1
3431,1326288660-269fab82ea49495c7e36a2099519f205,1
3431,1320498960-dbe8eee2285371fc0691bfe0d321c5ae,1
3431,1324666440-7238bc48310b4c60ba4cffee8dad9b3e,1
3431,1328027520-4e8de54c86727106c63b7df8e9ecf89b,1
3431,1320805920-7cec6895a1ee53d9f0695ac5a300bc86,1
3431,1324327560-5e2baeaeb85447eab97cfcc28874d444,1
3431,1327496700-f986ec6e0d1bb1a5f6d6ce8a822cb449,1
3431,1326943440-ddf4d4b6d3ce4f1a4fd399eddaad821a,1
3431,1326363420-fa5ca3bc26c493e6a123f934cc9853e4,1
3431,1327455900-1ef8ab0e92660e55037016a81da15f39,1
3431,1327435500-73a76bade359665775d8967c5eb082a0,1
3431,1327843800-c68f1380ce250f604d52342dd1594324,1
3431,1327714920-22f729f1f63e5bf8174042cf6b6e7c5c,1
3431,1323989700-038ee147835e9f102b222c96cd173b29,1
3431,1320892440-3ef9108c1d4ab97c54534de8e6f3834c,1
3431,1322426700-da8b8987db2355a9f9a80a7cf6b1529b,1
3431,1327154820-26fb2d212b898a9ffbb4c007eb3a87de,1
3431,1320511140-c04d1c30a65adb243591332854c087ff,1
3431,1326230940-0825986fd47f1415125d73ae7dc33e34,1
3431,1321030920-d209c1462550849e5b2245dec456b287,1
3431,1323820740-15d2c3b65007ddbcecd5fc2b7497dc29,1
3431,1321714800-6113b02bc493d695a4d5e5f65d33ebc9,1
3431,1322018520-4e997cd6e0d8e9be561c51e1a3a14e30,1
3431,1325868600-9253eaec2e440cc3ba8878d506c125e8,1
3431,1325337780-fa19dac7382f5b36d15dbf114948a515,1
3431,1322693280-7421a5a006909bff914e1a53439a950b,1
3431,1325863500-7dfe415cbeeb41128885cbf9e9b64264,1
3431,1322411340-de890074a979a05adb9794b66160db37,1
3431,1325091120-8a56fb060bf9a565c77b67ed9018f90f,1
3431,1326113640-be03bc4007c6916d25506987399e4744,1
3431,1324524660-9c342089bf89a265fcf9226aea6badff,1
3431,1323540540-9cf026dfe9268bf8e3c383242d7fffba,1
3431,1324503960-b864ee934b7a3572b2ff2d02508dcb37,1
3431,1323483240-52b4409aa8c0fa69b10a9842b37ee1e3,1
3431,1327874460-6874cdccbe545ac0905030641556121b,1
3431,1325516400-1e47b205a016e2c505943d926531fa7c,1
3431,1322333520-ddda25df0c53f46b5d89976708e1fee3,1
3431,1325784480-28e86be62129e0170e502824c1fcac87,1
3431,1322766840-b72c5cce7867d75dfbd8637d5386e80f,1
3431,1322018520-a491ff519fafda3c0ca7f13e07636f24,1
3431,1324656000-94156214139deaaf403a493e09f70d52,1
3431,1327588680-03f433883ae7af059209eeb05e7428ae,1
3431,1325771580-09ee15d6c16a5e03ade2a569d77b30ab,1
3431,1325723040-d217d81d448f5c4ceb64956960a88d13,1
3431,1324046520-b9c8ad8434a85f830ca5ae855491da21,1
3431,1322250900-19bab60b17ef59133b7675cfa1fd1100,1
3431,1321298640-f82d9d8e42112987f9a3288719f63219,1
3431,1325108040-bdc2a01a6a34471de0f3823f1f1c0792,1
3431,1323282960-9a93cf0ae3b51c0f7242925dc5215a77,1
3431,1325715600-6af56bee792b9f73623cbd6734eee92c,1
3431,1322944260-ccc793166918891de52bf4f276d0beb8,1
3431,1324079280-9cf51a4f0b673d9a605dfe02b49ec6eb,1
3431,1326736320-90d8163c448044c26a5af21d2403e2aa,1
3431,1323811980-033ba3160010ab129b43d58bc17e4cad,1
3431,1325863500-8d5f45422330aa8b28c1ae7e54f724ce,1
3431,1327435500-bdc74cd26de8d53e4b4cc94519327217,1
3431,1326848520-2e209d8ecd85263ac4d2e1ffdd3866ff,1
3431,1327450800-5f3219bf71925e042d240fbe37484f9c,1
3431,1320670440-4c8ee63d479d5753d809e8c22c566325,1
3431,1323704280-fe2fc31b4d1c60974d197a536589c4ae,1
3431,1323108360-a0bf50e3375bf9f4f93c12cf8d07573e,1
3431,1325950260-3f0b19ca3dc905466a6551768084a785,1
3431,1321449840-86c299540441a61332ec411bc37996d2,1
3431,1323887460-bb5c96da549a15c9de6d9ac245348e00,1
3431,1325449980-fd90919193089ea5ef252be79b0677ce,1
3431,1324656000-f85e19a643f829e8b14accecb302ce71,1
3431,1322608140-0bceaa03df0b8b3b97838e91eadc025e,1
3431,1328042820-fbfd2be0719bbf2d147416a17a801d59,1
3431,1324068000-26f3c92eb0929dfaaa77b46a68da78a9,1
3431,1328032740-7c7f246b4a6107ffbd8903d622ac40c7,1
3431,1320718560-dab7b0c4c1bcc77ccd4e36c82d8a171b,1
3431,1326491280-664c0428b17584978e18ecdc384a0f38,1
3431,1327609140-6d586dc5da0d1a7333a4b458dd4f8d0f,1
3431,1325955300-a4f37210be6ecbf0d05079fb1d5ac9bf,1
3431,1326557580-a8faed16af4b9bda878e7d3df658b8b5,1
3431,1320849900-26830b0ae27a97a27766d5eef52ce46a,1
3431,1321622760-125dcca6d487c81583ac746fbd75615b,1
3431,1325730840-520b66a3116ee971f7497af5548aa014,1
3431,1324344900-8f6bd5aae2a57e7a2e76af4ad1ec31b4,1
3431,1320521100-cf43a351b2ae75d8e7cf4afb9cb2ef5b,1
3431,1324406880-20bd2924d6a51bba2c9551e15073959d,1
3431,1323696900-04956fc694fdaa48d35a95b9a45bdd09,1
3431,1321886040-2de5d42f81a3d20d57e5019dd64aae70,1
3431,1325521440-4e63634798a6daa31c88f7b83f3fcfee,1
3431,1326812400-9c0e19ac64798dd986dd2db1748625c0,1
3431,1324228140-21ce1f68ef1b36dd666087702cb6d3ae,1
3431,1327167240-7a0834dff08c247714d3a1b398216492,1
3431,1324072140-4dfe1107f1a49f9f20413bb0f308bdb8,1
3431,1325643420-1283017efd842a9a11e4e68d21713984,1
3431,1321110540-0667fbdd791b5520a9730e09cb1c7c1d,1
3431,1322160180-f19dc71c60b7d2f226aa0fc3b8f7780d,1
3431,1321670220-d98ba01fe1d19f664c19171463de0fda,1
3431,1325802240-49697c50d0b9db0e3284c867c1d68934,1
3431,1326823080-8c63d7dffef9614c29d1ecbbaddadfe4,1
3431,1321208580-d63b87a8508786dddb61da391e538906,1
3431,1325108940-490cf2e2ead7de6dcf3d9ccb1e7f5b41,1
3431,1325353020-f6202661d933f687c7e00bd5b1eb235d,1
3431,1322783880-06047e96c872d3f7634098e3537f3bbc,1
3431,1326134040-5f8808a81890ac4b74d41cbacce5346d,1
3431,1322741580-fc7347a65a9d5963a919aff3fbdc5c6c,1
3431,1325075400-5d2cf9de5dcf6cb3aaa38c55aa119b39,1
3431,1326138720-a019d73d53acef364e0d688b28a834de,1
3431,1326496380-f3c03dc761e3857d6fe8772d212cea20,1
3431,1321303980-800d4831c18b72e7ab1de2a824ca4a81,1
3431,1321289880-63157a53441376053c78cdecb1a67876,1
3431,1325695020-fc152997c713a770307a1a5c7cbebdb1,1
3431,1326746460-64d630ac9d118f12753916d90de0e0e7,1
3431,1324330200-6e42ff891e6c4ba7510af92bece0787d,1
3431,1325623140-6b34ff5410c0b0a7d986321fcacd9bb0,1
3431,1320703320-650444157c077e0e7d85aadbb8729f03,1
3431,1323707460-069861c2a72af1da8029105956a1a6a5,1
3431,1328017440-0e27ec974a3565a69e85c429d96072f3,1
3431,1323779700-4f126db5f2ad01aa198fb405c8ec344a,1
3431,1324843920-189215d1bd51a5bb781066058996c025,1
3431,1324472220-43fed2550225a59bf27988a53bd618b5,1
3431,1325041800-42433dd1c6d094c8086be7aedc8c2250,1
3431,1321660380-5cabd8ffad05120239f75fbc5108ac15,1
3431,1326399420-97c6826b3df3fc3995e171f26c8879f4,1
3431,1323878400-47d2b0e432895fbc85f3149f878b5947,1
3431,1325368380-d54ddb08c49a21c9901d5d9454af0f78,1
3431,1325529780-bfc959de667eb681a4f753d1fbfff254,1
3431,1322868900-82ba268dee479a38ad0a8c7f84e91ea8,1
3431,1324582980-f923fe30aa2dd8733dc5f9c6ee221253,1
3431,1326491280-9f07020d454af628b0378987d5ca7201,1
3431,1327251840-16fffd39739733dc85b7937ea00a2b97,1
3431,1326414720-a2d1756bf495f17be3e9d91bdf0951d5,1
3431,1325175540-63dbdf5b632f218100deeac9110c2af0,1
3431,1324092600-d0ba1817581c6e68629c7efd8a200aaa,1
3431,1326475980-a90ff1d4127e7e459607f22dfc6498d5,1
3431,1321455360-2e3cbd82fd87d9b75d3f5aa4758eac45,1
3431,1320174480-f1c2034a640b373c0efa13e25bc25ee1,1
3431,1324307220-70b64f72ee946c502bf63e86fa8b5727,1
3431,1327874460-03aeef97b3477e7e18e777807c23d64f,1
3431,1326118680-b9a6185d68ce9dc430cb4e127f497ff5,1
3431,1321809300-cd16964edd23cf625e818b711a9e12e7,1
3431,1323887460-7b4c2a173fa3d3111bdd9321064ad5df,1
3431,1323618660-988c26f1125b3bc2e9dbc469ca93ad2b,1
3431,1325011080-0b312411d3479dd033a4545f79fb8b27,1
3431,1324563540-9708063c5da1b57fa3aced0cc3a9af30,1
3431,1320423900-7ca80502ab1bce35ed49ac45aa2521d1,1
3431,1323779700-34d6bbbe47375a92e35a87e6cd44110d,1
3431,1326134040-6e2182986a3461fc9c99f47daa825ecf,1
3431,1322519220-df3d7809cac1ee1808c845e34cacaa2d,1
3431,1321066980-a87782a087463b5bd6fd352f0ec4b91a,1
3431,1327078020-680c657b879ee83eeac038ba938d3ad7,1
3431,1325271540-4067c5b69b88e1a8c6504e5080c90887,1
3431,1326399420-a630c5f513512da093ef88ecea36bef1,1
3431,1320673800-d5cc13257e228fe3173722bbed88f86d,1
3431,1325802240-bbfd92cef0f4f7c5ba5a8a69543e2c87,1
3431,1324041420-fcfbe37fababb5bafd6d18a16321218b,1
3431,1322528760-7dd8aad3081f138323c305009aa3129a,1
3431,1325817600-41585ce0e54e90d50fb9c9f45abc2cab,1
3431,1323225000-81bd7e90b18a9a3233b582076e9beff8,1
3431,1326756660-feb1461fd9c9b80ecab4cb354352327f,1
3431,1326414720-4a0fd9b4966d07167eacfb7c3f5a4e61,1
3431,1323197760-3bb329c1dfdfec55eafe2dbc6e8af443,1
3431,1325705280-8551cbafa368e9161fb3a684e3b5aaa9,1
3431,1326460620-bb0aadb23b310e39f9e31e1695ad030c,1
3431,1326154380-faa2d70fcd5b53ea148570d4906aa82a,1
3431,1321378260-535ca0f5a9b48daedcec3a50b763f1a6,1
3431,1326817920-83649bf33b378979f18134fa0a09abef,1
3431,1322846220-c9a9dc051eb99262be955dc90622aa55,1
3431,1322925600-17115dff3f939a7f19756500997d1154,1
3431,1326838320-aef9aaa8cff2e2f51d90790043c4ee8b,1
3431,1321482240-b7bfdd8763a1fb3fecf9b704e64fd5b2,1
3431,1322834880-51f6cf73b7e80df2c1fa0816104fba69,1
3431,1320795180-90688cea1edd1910aa99390d1ddcd9ea,1
3431,1322763780-c206c1d5cd5cf0a5b9aa342a9c3c3cc7,1
3431,1324675440-55a17de5603b715de7abfb062a1ade60,1
3431,1321493520-5005c7558652890f8828e67a72f47b67,1
3431,1322000940-f57e4434199e631e8e3ce31ca74b11d7,1
3431,1322086560-5853a93ea81dc780003f19e58c939d4d,1
3431,1321622760-26f04658cfd8222d60ca4dbdd358007e,1
3431,1322659260-14237c2f7e857e2104dc8a7d001cd99c,1
3431,1323531840-7db73c8daeb1390fd7624845f4c44a98,1
3431,1323186480-da1be00c0b997cb276fffaeb6ae46157,1
3431,1324995780-786e91be81a4eaf860e39accc0f21cca,1
3431,1327384440-12a809f54e422f040d601d44046c5db4,1
3431,1325080020-d5d62855193e31544d2d2151895bf76a,1
3431,1325358120-f839fb407c2c8d811f2d7c65b4800122,1
3431,1321889100-3537d555763e69df1a0ca092cc1670eb,1
3431,1326572880-52bbddfa1ace46a7a20d54e668c8d345,1
3431,1325782740-c4fdb1eef4a0951f0cf87a1d43113b8b,1
3431,1322103480-11567b79a057b06ba498f1a832f0743d,1
3431,1323397260-ccee063a2080e243fe0989e5eb913740,1
3431,1320113160-5dfdadf8382a52e15feeb773149d366a,1
3431,1325960460-39b108c1089a857b16a7933090e6285a,1
3431,1326741360-019a2c4df13fed8670a98f11c888bf65,1
3431,1325543580-c16ea81f30e59d2b3cbebd58f2e18b8d,1
3431,1321117800-5cf882a513964fabe9ae04bde07be409,1
3431,1321399740-d13ebafd49a0c1c9c4459f4a43513e43,1
3431,1322520480-20a5b0ae273842f86152cad85baf91c9,1
3431,1327670400-b8a88917536389da77a379a07eb56ae6,1
3431,1326928740-575d0bdfd6a230cf95fbc7b8777c6b9f,1
3431,1322421000-9828beada04f73d53db1c5e28ed5985f,1
3431,1325807400-30bf72702cc6c3f54ff41e0d02d80fec,1
3431,1327027140-357410d0457d4713b0ddcdf38a4d9550,1
3431,1321910700-47a9acf7f3acb592d2c7d1602ad2aa1d,1
3431,1325776860-832507bebb458c3452dedd8a75d334fd,1
3431,1320762720-41f137b5149fb47b71056c47bce1c739,1
3431,1326139080-be7b2283a5358e3ec565ab02ac881b73,1
3431,1324393440-9a0d983dc2d2978e88370333967fabf5,1
3431,1324218420-8375864e6970256acc980aa84aed0615,1
3431,1326139080-0561d8ba5d062830f9540c80410594ad,1
3431,1327261920-f21fc3632b597442fac3d62d94c0c6e4,1
3431,1325358120-ace17a7b18cf688ef2eaa0b1e5d361c1,1
3431,1326981180-b9e39daacd612021cbccc36228bed4dd,1
3431,1326506580-fb2df0e6da75202b4bcb94c9ccb14ccd,1
3431,1325271540-1d324717f186f3f5f965b5a59cf93033,1
3431,1326838320-c39afe034cc4eba503bf428301fb7050,1
3431,1321995780-bc53dd0d40548122c329cffcf50e85c1,1
3431,1326241140-4a94b93ed6bae9376955735218042928,1
3431,1327506960-98db0d10acf65ae86078aed2abb63c38,1
3431,1322625240-ba5e7232cb2ddf8e53440f8dc5277bac,1
3431,1325281680-dfac96480c71b0443623c4d3a5bb0958,1
3431,1320499200-35f053c66d8781e9267d273006432d21,1
3431,1321374240-fdf8f7066c5d785758d693803aa7d4fe,1
3431,1325720580-6698e181e9f3fd19c72b0bfd90b49b31,1
3431,1323348780-4cb9e8cf0a9503a111ef71527f3232f9,1
3431,1323895500-40521472800658c68a474e4e27ba86fd,1
3431,1326241140-d46002212a23d603edb6a65f7a65e351,1
3431,1327241520-bead2691946842758ab81f212c48971c,1
3431,1320426240-ce01f5b1b1866efbbaf86e6b44e83852,1
3431,1325460240-0bf2e391d6a2007693adc9f4953bbcb6,1
3431,1322137560-0faf52384927ec09de759ad3f500adb4,1
3431,1327332420-7f054be751289461323fc9c8c242e477,1
3431,1323483420-fe6132659f18f71a6a5a20b52c387070,1
3431,1322625240-5b5eea54a0cb9ba28661d2f82f2785f8,1
3431,1324677240-0dba40b09fcb50ae8ffef8b1932cedc5,1
3431,1326552480-84c694a983a2847944478895d404086e,1
3431,1326210540-a15a03fd65383e04150a69fadb3f485c,1
3431,1327466100-9917a178d991ce12e05994ac52f120fd,1
3431,1324602540-9afed5209c15d4ad3511c50ceddc5b97,1
3431,1321558380-6484379e2a53501bffdfce9cff4df647,1
3431,1326761760-348eda20d299cb3efe24ae5cb82a8fb8,1
3431,1321817400-90053e36027b8f747092df71488dc0c2,1
3431,1321314780-a68da0d0d7ab42eb2cd8e6339285c926,1
3431,1327266780-273cb2e25b828e207cef19d24befa4f3,1
3431,1325286720-d1609726a8877b976d0d5b96f8b73710,1
3431,1326817920-9ad8c21fc89f0d27510cb83258cc76de,1
3431,1325097840-33724b9eae8eaedeb10b63f7dfc3ae2c,1
3431,1325899140-b1f9727c3b96072aba5ed2674ee6f089,1
3431,1327180320-0957a4145d612f56f4817509de99b695,1
3431,1324510080-4191d531e99999ee043b852add98b2bd,1
3431,1322931300-c6e2ca9b5bd5e4d5fef5ee1a7a686a47,1
3431,1322851020-5505d3127f99d7c397691c634c84c71c,1
3431,1321801200-9b7d58da558eaa11dd0345a7af5228f1,1
3431,1326577980-237dd8982f6d1dcdf59f667b37eb83f3,1
3431,1326986400-03d7f2c6d6d3b8863d5978ba7a9037b0,1
3431,1323613920-d7844b944a1dc1bde51ce04cdbdffd2d,1
3431,1322230200-7e8d6557c0a7ef0a51a1e3b3606308c2,1
3431,1322880360-b8a4ba0310d40e9d35dfce54c74a4a2d,1
3431,1321563240-d9ecf7a7d6dd3970a6147958563b02fe,1
3431,1326756660-7e0b53e6a7beb3c9c03fb98c17d00448,1
3431,1321465980-152519b15d67f376eada801663a25e09,1
3431,1325266260-99306f51dfff69d3cd7068c66d50337f,1
3431,1323354120-95a0b0a04bb8d5e459b90499ed82ba3d,1
3431,1323086940-17c0394d3b77fc35d4c0488da5f897a3,1
3431,1326480300-571ec0eabddca14efb932c059dbc7b8e,1
3431,1323173760-a5c1bb6ebe205f04c1e0ba7db142899c,1
3431,1321633500-57617bcaa309e6d402d34682fc3cb5e1,1
3431,1321654980-959c51118e41b4548063411e6f157db9,1
3431,1321131060-2d19f9ea17f783f861bbfc17a2fb47cd,1
3431,1326986400-bc35ff7d32b606989bea12bb2a27f4e7,1
3431,1325608200-4def9c7fd5c86474f115b4225d384a8f,1
3431,1321713360-34791fc4760ee846f504714bf4e186e0,1
3431,1323386520-b5b496418c2577ea6f51bea180beb7f6,1
3431,1326748740-9e01d7b388cb7ea421828b273520effc,1
3431,1326577980-70814be5c6f86b089eb47c8d1bb16129,1
3431,1321202520-05d776c4acadd1cf66bb0418d6d67ce6,1
3431,1320859980-4c73c323f696f3697d3df1f210edf4b1,1
3431,1322883780-a9eba445a7a64e16891f39d0d2750e75,1
3431,1327006740-2b58fe95f1ad73dcb33a0ae587f663c9,1
3431,1323806580-2d261a306ebd0a3ec074e17a0e844326,1
3431,1325097840-bc94aea316587d34ee5af77ef5cdc0c4,1
3431,1322052660-422661b6a05fecdd342bb5b6599ead38,1
3431,1323962760-fb22f06411d08401ac6fa850f5665de1,1
3431,1322511900-9c621326b6521be52245a8b33f31c608,1
3431,1327440600-fda25fcf44f0910a5a5931db72bafbab,1
3431,1320946080-455d2a16f37884e01d7437a178cbee63,1
3431,1323192180-04c31c283ea27f09861a7aa62c96bcd1,1
3431,1325164200-580ddd0937ebfa693156296d579788c1,1
3431,1320844200-4afc97e81639cb3b131dc0642579c7c2,1
3431,1321916400-978691b0302dfb743272a56ac81e68c4,1
3431,1327690800-a5a0552447fef3e77ffbaa29b4d31a18,1
3431,1327705980-847170e4ff89887e7294e30874023803,1
3431,1320960540-0f61dce930c7cc1bd312d86abaa0366a,1
3431,1325188800-13b62e2f63462e89bdb917edce62515f,1
3431,1324505280-4bb7fc6a6a12e2c41691f4e696e88119,1
3431,1326506580-81b149ef35f43272eefe2c54827d4f36,1
3431,1326113640-7108e0d9076aa1a1b9f650fffa631d26,1
3431,1326557580-db12e07d5156cf4e7bfe5d2e5c7c13f9,1
3431,1323214200-c37e0cd877e8e724f252dedab7728688,1
3431,1321916400-478a9fb6960b5f914a55057474397e36,1
3431,1320692520-0e3d75fc61c7ecf772a12eb596393bc1,1
3431,1321476900-f68a383e38c451e4f8e75fd26762150a,1
3431,1322602560-bbe7adb5331a15c19619c7117e820059,1
3431,1324943880-067ca2a10ed9f51c55b083b8b8d6a85e,1
3431,1326848520-c58ed102bd8a9087ba707c28c35654f8,1
3431,1320841080-1ab2632e4ea669ffd0ec025bdabbc134,1
3431,1326826620-38b5f57ebd29125e2cad712f877b2b65,1
3431,1326567780-cfd97e56a7a7c4ddf27aa3b248087671,1
3431,1322829300-dbf38d5448074e89f74ba4f493163ede,1
3431,1323790380-145c7920ad0a1804dbf909cbe41cdbfc,1
3431,1321741800-b5318127aec8ba3f8ff5c77bcc64ba15,1
3431,1327068000-b08157975bf939b43fb5bc80f5aa8af4,1
3431,1321036800-232d49222656dd5e8f21543319eb84d1,1
3431,1322840580-525f35ffc9058d47906d02248c617429,1
3431,1321805100-fed114bad46c53839e8e9276e4dbfd88,1
3431,1326292200-0a0d47fda5ae0cac347f8b1eba60f443,1
3431,1320687180-56ff5f548e5350917dc6a376a19b9f4e,1
3431,1321900500-bc9ea5cd3202e45c8f171da14632098e,1
3431,1326720900-c8637474ffce924a577877e38739f472,1
3431,1325613360-26ac666c93c60f674df8b407662702a2,1
3431,1325723040-02db12233c16d0cc1b5dc513289f616c,1
3431,1321881360-3694ae8aa478d98d12b03bc3d8539e83,1
3431,1326927120-2f316840cc74198252fc5e0f8d1845eb,1
3431,1320345840-c35a1b0ededd0b75f38146f509590fa3,1
3431,1321574040-a69188ca9e71368e52f90b319022286a,1
3431,1325100660-c62d64cc748fbda878669db6a72cfa1b,1
3431,1320338160-37c836a46376405072a6d20ac0432a81,1
3431,1325868600-67aeb69606374870d30f6a9c598566f0,1
3431,1323991260-6bd0c2723de5b04859072379b9385eb3,1
3431,1323833580-6faeae949d2f73d478834e65bc68f8a3,1
3431,1322594940-1a6b3b207beef408b74d5f1ca3f3a79f,1
3431,1324748280-0343d5cc4ec7ea6abf11a708417cfba6,1
3431,1326664740-8bd35dd2890ce3909309bf961619a6c6,1
3431,1326659700-265889b980ae4dfd7176ddcb9f627656,1
3431,1323623460-8e2a51d8d33c8bea1d4094f280986494,1
3431,1323435000-176835e080adfce4037dc62611ca244f,1
3431,1322341380-8178479949d0db22a36160682d7e823d,1
3431,1326736320-604016015bee5b7fdc63b85aada108b5,1
3431,1321985460-d1093bc2fc99454f44dc5581b5bf971c,1
3431,1321498740-67eafe376c7cde5225aa4758d2b1e1f4,1
3431,1323027720-8c1bfed0a068583ca624bfa34b23d7cb,1
3431,1327773840-4d573da11ba8720be41b30a8bf69c99d,1
3431,1327512060-7c6bb49dd670c087caefd068034d2211,1
3431,1321910700-94273224c4247ed0f37f480085780afb,1
3431,1325873640-1b2e88cd1235b47c140f2e2f186843f8,1
3431,1326506580-49168c21eb9e134b2f968e06561bc32c,1
3431,1326567780-88319d3f4508202b73343b438f624305,1
3431,1321977240-95cc9b3ca2047658ae7d95ef7cff6682,1
3431,1323118440-ced4d448f3a9688ba137de3c9af97e09,1
3431,1321973100-33dde5b40624aba8b73355a8a0f52fca,1
3431,1322324700-1a839a24320f4a41fa723c3872b321a9,1
3431,1327690800-518a2c284d22ac7cff170dc4a855929b,1
3431,1325784240-a6d7cc9051a83a981d5a3e5eadbaa136,1
3431,1325189760-be1d2152423e498376db18f7295e4241,1
3431,1322052660-02b57c6c715dcfb99731ec82286481c2,1
3431,1322795220-3f7611cc63510b3c53e2fb5d02ba341b,1
3431,1324587900-da7d7e29237005f5105ec214dda83772,1
3431,1325695020-a0674f53c2c1b747ff213241ec635380,1
3431,1327264200-ab109e0f414a8aa65a936fcba3db10dc,1
3431,1322165880-db27a7bb2286e32cb4922657c0579f49,1
3431,1323617520-178d45370fee29e379f8873d07473996,1
3431,1325613360-c0febdccda0e079b1142e9aa0a740132,1
3431,1327782540-fc7a0ee5f54a750e264002fb68b01d30,1
3431,1321584780-797760ff63c6b4b43cb63f60b3098c64,1
3431,1325960460-d19721c49e215554db63dbc512e231d3,1
3431,1325353020-4e9888cebb9d69185def0413bee85999,1
3431,1321665240-a497bd37666497726373986addfd97aa,1
3431,1322500500-c28c3dff983604817d9e2ac89595d0b1,1
3431,1321720200-f6f3bc736703a1a57e06a212958b00fc,1
3431,1325368380-9f8c8aa868707a60197a7272473c1f3a,1
3431,1325793600-5298b0b699fa3e573e96abec3d68b1e5,1
3431,1323192180-27a4d016ae61e8cb4557d15abeec1bc2,1
3431,1322324700-91f9e1467bfad9d32a334d2f2be6e273,1
3431,1326664740-a94b9e7ccf59739a26c1f49c225d4c79,1
3431,1321044120-4f78d157e8b27a68d9a613ebb1a4d35a,1
3431,1325460240-4b3988f406d514c24592c99021265f99,1
3431,1321817400-08e2d2ea99e445c447d91b41e0ac8c8d,1
3431,1322103480-53b447c523c90a5cd575daa100278f2a,1
3431,1325097840-cc478be4f9580a972580e0605444adef,1
3431,1326919980-dcefb01229da66c700699e2c9372e959,1
3431,1327613520-500835e025f1fe566e779ecf7ee0bea0,1
3431,1326052320-0df732ee7c6141bbbe6facd45415781a,1
3431,1326394380-c2fcd0b580aeea76e0e699eb10d41677,1
3431,1324412880-4b723a7fd5b01bcdf2bea535bfa27f85,1
3431,1327670400-603a037896b8667ffe251a00d687a7ad,1
3431,1326475980-50454fee5e2685cac1abb8cad8712170,1
3431,1325021280-b5c1b70be1dac82fbfac9067f9710b89,1
3431,1324995780-4b93f871c86fd3dd59040f92ff6c83a2,1
3431,1325108040-f66cc0441a24462ab12dd906a6ec6fc5,1
3431,1324036380-64077c04f178d8275447c5c2131120b6,1
3431,1323030720-82b90908db3808b9ca0cc8064ace2b62,1
3431,1325603220-ad1eb4c556c1eb01aa12cb660c7866fb,1
3431,1320536040-89c8fb38938874185680735151621726,1
3431,1325679780-abd935137bd168f96f2355488367eb46,1
3431,1323008340-a260dbfaeb06404b832be671d5fd1c58,1
3431,1321217580-63e4aeae57b7f445b634d1bab0cb248f,1
3431,1322003460-cb640ea83d2831da82f026672c136716,1
3431,1324135800-6ad79b80abdbf0bf442fa884653b34be,1
3431,1321549980-decf35bf104d75019cc7582ef0052324,1
3431,1326506580-6b974d432a3ede069cff10e9826150b8,1
3431,1325628660-d58fe27ff768c6a49818ceb69fe5b69a,1
3431,1325807400-dc7fa26c4f8b3ad72ebdfe4703e013ae,1
3431,1327634580-230f076e316e39f5c6ac5d2e78a4b1b4,1
3431,1321461060-8faa88c8c3d613e945e57069a6cc2cf0,1
3431,1325679780-d3be6bb9b77075b3a0509e93087c3ef0,1
3431,1321444800-91a30fc3a01132abb92d18825346d497,1
3431,1327343640-c16f57a4c8cb8d861ce40491ea572f4a,1
3431,1327685580-cacc9781b5c5bd903afc07f83ff09a0c,1
3431,1322062020-60e38c2e7c5f224841536bde123d39a4,1
3431,1326333060-929be1c83c2e11f3cffd765c47643abe,1
3431,1325041800-522be6344afd6127e755de242c40fd48,1
3431,1325705280-f6b2d65a9edf101aef6c0589ff09178b,1
3431,1325603220-d15b12a339eac2d223493d2738268c60,1
3431,1323995100-31fa165a48bf7e54c774a3d46b71d74c,1
3431,1323132420-dfb9fd95d6c493ad12e0524af7ce2cde,1
3431,1323180780-9f7e2eb589ddf4000460d8f5497465af,1
3431,1321030320-2b77fbcba44c8a187ba614c77ea1d552,1
3431,1324237920-cc46df2c4f8cf892d5c2e45a71d0d519,1
3431,1323188100-7ce8bba5e8ecc5711a1266118f39daef,1
3431,1320777120-47b1de75288627789acb6b4e65168c77,1
3431,1323817380-147ab82a8e10ae6251a6ed86d4505fb0,1
3431,1320768420-5cf193e1d1b5dd9f8da163226a151f69,1
3431,1326838320-9d76005ba1addb0527abebfd3e7d6a92,1
3431,1324325460-7e1efa975079e773ae0a6c9fe6dd1455,1
3431,1322494740-1b6ffbec474252205a1eda4138067084,1
3431,1321374240-2379dd8250c346575c0430da99bb37ff,1
3431,1327415160-2e0470881bca283e1319ef5d0f2700fa,1
3431,1323973560-6342a114298b76b72ac22b41047ef127,1
3431,1325108040-2bc9a97d9184a865a486ffdb5920b78b,1
3431,1326816480-1e88fc2e68c851732b82431540df1559,1
3431,1326215640-741add22df7617d4011926cd0f395322,1
3431,1323467220-490899f2b22954aef5fc6b20838e6ef7,1
3431,1320113160-36642947f1493c62dcd1d2acdd73b985,1
3431,1328048160-0dd4af1d6475584814397c4823c2c22a,1
3431,1323634200-f160553990365c8024661d0ddc550507,1
3431,1325266260-656174ad678b9cc7fe3d8a89f8decc03,1
3431,1326501420-86d9ed26b694c0496f41844975a91efb,1
3431,1327098600-cfd6cb6cccd59985973be4443152b56a,1
3431,1321368840-5e8f790df69cf966b0f0f23acd79258a,1
3431,1326835500-6a3a29b2633edc542557e1f8da81d45e,1
3431,1325802240-a7d53c79833a93a083fe33ac6922bca2,1
3431,1322596800-4bf38d511e63e2773bb4beffcac945c1,1
3431,1321128300-c9b7a6fce61e1fbf806f25353f6adc4e,1
3431,1326225900-4f0d1bd2dd8344bd9f0a577e96b8e068,1
3431,1325848380-ba0cc911afd5a98adf3e339badddacbf,1
3431,1322080800-a90aea9fab3843b2a6e5dc343366c116,1
3431,1326302400-7fbd8054d9647fa417da1cfbc7da38bc,1
3431,1324500180-c051174609fe26717e58772f0d520b9f,1
3431,1320784380-5c0e60f7f4b153defb2d6829d1b8d8ed,1
3431,1321875660-469da39a41092d5b92f43b5afd0dd1ac,1
3431,1324510080-f478be88afbfde0d6a5275d58e2e65e8,1
3431,1325256120-d874e02feaf40fdf630f33c8c1f568e0,1
3431,1326220740-0b58c79570917a469441fa9502b8a313,1
3431,1323209160-cbe168c9bf4a971b32129f9a6b1373bd,1
3431,1322483400-d7724ac109a5b1653cc20fd02d564bf1,1
3431,1322789580-71e0768f6261c9935908c05158b6aecb,1
3431,1322574180-5f28288ba727336092a61a7f590131ff,1
3431,1321638780-d4119dcc51f3bf4153c600f104175000,1
3431,1321531200-4156bc88a2bdd6fa0ef696b61ca8d402,1
3431,1322007120-4f12efef041352811c6360a596b9bdb6,1
3431,1325097840-5614184262e6ead230d1360b5e5d4a92,1
3431,1325475540-45e309f9b0a6dd7c3729c5c101e11007,1
3431,1326823080-cfd91f8f88bfd44b7c278e574d48d1b0,1
3431,1323195300-a210756eb739e8ef7469b3df378781ee,1
3431,1323978960-899fb355742cd7c3c4301622bd118b75,1
3431,1323799500-dc2e7f2e26f5f51eaf6c7b423972a480,0
3431,1326793740-8606c06e90f38c28f63dedc7d0e7b68b,0
3431,1323694320-9a0338e61ac62c33cb272aa7b2aa8d54,1
3431,1323171960-d1c3b1933cc361ef998f581d8e2c045c,0
3431,1320958260-ab7d29d3c5290cb24fa23875072e54aa,0
3431,1327967520-a52cf034f02d830ee3063845f3bc3572,0
3431,1325803800-9316e772dcd1ac77cd075f6883f38130,0
3431,1324607400-08dbb2b06cbec1e1a941e6ca394c8c82,0
3431,1328022000-659addd14127a7b07ee3ed801dfb47b6,0
3431,1322177460-75f3e29a6d3ec3a5fda8d5aefa300509,1
3431,1320747000-80086c75daee2d876ac7f6fbfa3b98bb,1
3431,1320433380-54c03ec503a0e6c22e32ff363d81415d,0
3431,1321707840-2effbb28f19b2ecb029285a7c918a49c,0
3431,1327593420-d127938e915f13ebd5d17b2dd9247f9f,0
3431,1322184600-2fbd9b1ea2fc873356b0bffbff962d6b,0
3431,1327869360-2f657682621faa76e95f1cb484d7eca2,0
3431,1326940200-97c63f8017a252bd3ed2cfe075f126a4,0
3431,1323596340-25eaf0af69720b23ef40baf217ffae5e,1
3431,1323338760-50468d3e71fe88921fcd20fecf479118,1
3431,1321885200-953b43da0a4063673c9a4dd8570b28b1,0
3431,1323476100-338020dcfaf6fe282a4983ef070c8060,1
3431,1323927000-99c9184006eeb15084bbaffffa7db716,0
3431,1325820540-6e490821753119affdd6ab94a34352cb,0
3431,1324347960-8f929040dc0a275846ffa08fa2b362be,0
3431,1324400580-2a30913a47c22aa4fa0c461e17ebdee1,0
3431,1325069460-f59dd548158246f0fd3b90f59a2360c5,1
3431,1326844800-de6336c6b7915ce9b07bb737cd6a6b7f,0
3431,1328055180-40704fdc43d7e8ab5e17fdbbd027e939,0
3431,1327929900-52b48fe6386d7cacc3ff1070c0e34d30,0
3431,1325705280-9ec02dbc852ab93ed79e39261506e16c,0
3431,1326321540-7e6ba180061c2baa50a7561372c4cdf6,1
3431,1325769420-2833741295e34cdef7cfa471b91f15db,0
3431,1327972680-3814e206ea25677848f3c5a02c1809a9,0
3431,1324920300-c7047f36af7d40c8b0b558f66efcea16,0
3431,1326704580-d74c5a405b467d1e6dfbf74c12303663,0
3431,1322101200-3f35bd96bc3b06572cd146135b7b5b70,0
3431,1323723420-3735c81fba061247c9ad47a471e40d5b,0
3431,1323268380-daadd5fd6cf88df18f7d8a234d6a801b,0
3431,1326484620-dcd0576e8a00759f672fb43e01f279a6,0
3431,1323884100-0f748e8e05b3e35688ae28528d1cecc8,0
3431,1325701560-0ad4fcf5e185ef5162bddcdcc9417120,0
3431,1327531200-8d43de2a9f83c98e62d0d3478f643b3f,0
3431,1321620180-6844e9b71d62c39171ab7c93373ae512,0
3431,1327023720-6e2ac9ca1c761005c7a3bce701f097cb,0
3431,1326395280-da5ed29911e98345c94bca3f6b59a12f,0
3431,1321893060-ca402b7f3079a8da6b41adee50100512,0
3431,1323416880-b133403970c6ae045a13cccb4b26d3e1,1
3431,1321032180-8fcb6d7eb3a7d0f996210bd2f6c67539,0
3431,1327935480-88582aa803630b223ee0f56cd28f0bf4,0
3431,1321611840-33fe13a090d722b8ad04bf247f558d26,0
3431,1328051940-01693c69efbd0ce23a15f945a04b207d,0
3431,1322408040-d3e44b6e9c3192ae0d432c4e0f531f46,0
3431,1327010220-f87ef452a3b09313451a2b55348ae443,0
3431,1326136800-6030fbc5e0e943a3fb5abb99c089a5b1,0
3431,1327495380-c4e1747c091521d2e0a1d014379549d3,0
3431,1323988740-18083ebd00918989c1e678da09faed6a,0
3431,1323128460-cefa7026551876ea7e6f5d304d7b1ea6,1
3431,1323147000-5a796ecba232eccff674bf22d050cd8f,1
3431,1321985400-d3d6d2a01f4f4fbc33d71c388fe33a31,0
3431,1323434940-90635eea882a31fa791048794f5e9f3a,1
3431,1323773460-084253fcae66c73be2be53a53408e6cc,0
3431,1321384860-96697bb7833773a31422d0d8b55027d1,0
3431,1322105220-58a938a5bb47973fe1722e39b02d793a,1
3431,1322149440-81090e043ff5aa106c3f695b9e5b0c8a,0
3431,1321653480-21239bed22884551a1194ee9b2c853cb,0
3431,1326226560-0016ba806f2e7dd3b540a5f625c887a0,0
3431,1324388940-ba365014dd9bef61a4b1e3a886d76124,0
3431,1322184900-cd1419ddf5a67f697ad809c9dfc21efd,0
3431,1327926780-8e1d85a37c164f5adbd2d212869b08c1,0
3431,1322158440-0d95fcf0f9a632edc10b906564eb7874,1
3431,1322018580-dee767b571ce8287db7c7fbeed388a30,0
3431,1321936440-b56eb659778b60d32903ad1807b553ed,0
3431,1320439500-9048dc7f3fe9bc93264efc5368cb6e2d,0
3431,1321664760-5b34e79a87e8c2958c1f7d97ee8be02d,0
3431,1324577340-620788555d38a1a82198a7c0b6c24ee3,0
3431,1327995540-deb6e9ee6ffb3d19d8ab9d8f5c13e5ef,0
3431,1326858480-5696eb552108be2c274d334292108cd5,0
3431,1322164320-c8281977538892ec919bf676c99be6c9,0
3431,1326793740-ab70d9b6b37d34c9cf17b31a6e940ca5,0
3431,1325820000-7a9213ce5a592a1ec162fb76ef75996a,0
3431,1324202460-d1283155bf5c1cf50f26ba2a810e6d76,0
3431,1321542660-0ee02db8434f301ca5c1fa19adeb1297,0
3431,1322532900-5ed5082caf2bab5f145bcd1c656c1d4d,0
3431,1322379000-a4117fdeba3d209ba940c444b6e3ab16,0
3431,1322582880-141ed5562bc888b8c4c8facde2badb2f,0
3431,1323177360-734f08260d594ac1e1d925672446561f,0
3431,1326128640-6c298281cb2891bb6d5363096bb8fe43,0
3431,1326135660-7b533b62395f03c174406ade85d5a014,0
3431,1321095720-65ebc77f17b7ba20ca94c5a37ed948d4,0
3431,1327449000-3d8fc1f236d5bc351a3b4f5e937352d2,0
3431,1322080740-d526496a14034f0f0fa00c6b761f27b7,0
3431,1322920020-9c4376d8edaaf37fe0f4723e7bed92dc,0
3431,1326123300-15f31eb585b14e4a96b22b1de60bcc5e,0
3431,1324407000-bdeab5d3070c532a6a7b67b5a1f7f34e,0
3431,1326838680-75905bb78fe2ac0b5b8d2ae1961169ff,0
3431,1325709960-5897398757b4d9bffe29be5b6df8729d,0
3431,1323717480-f14cffcee3cdf5f3180496375e0d8d75,0
3431,1327572600-b7f7ea6811e043a14e021d6ba8d3aa92,0
3431,1323800160-8fdd0291892a514099b701b7374cc7c3,0
3431,1326826200-2f960b5270c71600e6b1600e74042611,0
3431,1325619840-3cdd0d83b7811f6e4e0bd088e6fee040,0
3431,1320162120-49d8420c096cb858793aba588e99de0a,0
3431,1326918600-5a9a1f8545064d65622bf4b4485cec96,0
3431,1323399000-743b593bacf889cc177758d7ff69b50d,0
3431,1323802560-10279774a3efc93b11c80637807f12e4,0
3431,1326742620-13c9d27808ba186900d33443c0ed3d64,0
3431,1323320460-98d4e27c114f3e2f3d590f2c1ec9f166,0
3431,1322134500-8c4085ddd071d6eb67dd4f9cfb3cab4e,0
3431,1321013040-1c67f4e5836eaddbb65e23edd99e71fd,0
3431,1326154380-b02d0c5fc1f5bfc3defa4859e10d8bb9,0
3431,1327870020-c5fbd4fe24cc86cc67d36a8f66e64ec4,0
3431,1326141360-c4cafd4475b04d0b6688168e6d9c03c4,0
3431,1320429540-d672f02ad2912f0146d09a54b44af555,0
3431,1320161760-9f0b524b0df5ecff1adae85c9ccbe42f,0
3431,1325871840-92dfc56dee28138284e2d32b42ad5d35,0
3431,1327571760-b5aa63024f446a1703dc663f262e40fa,0
3431,1327951620-284c0ea1c885382371a0b5115203d575,0
3431,1323484260-a022601b7b6f89fb46aba45c429bd2cd,0
3431,1324050900-bf95d761e676c609e09960aa0ecd0aea,0
3431,1325985960-adf9e8cc4509dd66215cb159fd939430,0
3431,1321886400-f91145257425854c2e3a654cc261179c,0
3431,1322073660-5d01240500031b00bafb1ed0e49944ef,0
3431,1321567320-1c5b7e98987cfffbfea8d8fa7cc3defd,0
3431,1323030420-533ad51a146a6cb23b0a8353f3ad55bb,0
3431,1325501460-3da8f856e486927731038d68b40558b1,0
3431,1321003440-b602412f5625f176a4e4ab94439f5ce6,0
3431,1326125400-5b2735bccfff9161921f8652f3bbfe74,0
3431,1326744720-35aa85ec9c1c66135ecd2373fe5c2f3c,0
3431,1327954860-7204fca53bc8b4f8ca51c81400fd76e1,0
3431,1325659860-b55833272552f64142612f28a5e9b176,0
3431,1322179320-bcc672a3cfdb41580cecebc9c22f388d,0
3431,1325106960-7f2f3284d82386208a6e408498e20434,0
3431,1324052400-93f4d4291bff6c8129d944a966f08046,0
3431,1327641420-2ca391838720d460e39651cc0d004fa5,0
3431,1327975980-92ab5f4345342f061fc1c6154741a965,0
3431,1323267180-fb100ed3c2556033411169e7d6ca8da7,0
3431,1327926840-d4b96daa74342a0e56f4ddc84a4c57d4,0
3431,1323390480-5c4c2d2088b5f9483469384dd6b300b0,1
3431,1325131500-b266d26569669f6afdc23272e4245610,0
3431,1321236000-720e0a4374dacb49ab3326a1b586c6d0,0
3431,1326214620-f81302a77b079d4368e74fece2a14548,0
3431,1324950060-06821ed5b08a5444d2dca5766061d966,0
3431,1321729560-3f966e19b5817bd9f04fd769296959fe,0
3431,1327494600-32fb24cd2e60ebc41a17fae5618d441d,0
3431,1321910640-2d7e8989c76c692c3f15b1c5bddbcd5f,0
3431,1322176440-4af12d1f1bd794afa1e1fbe89a05df32,0
3431,1323879060-6bf9343076af33072d975b7a4c79ddba,0
3431,1323200940-4cdb865590892eafde5181b86e803095,0
3431,1326838680-3f112dea58e14b7108041740a1efd309,0
3431,1322020860-c81d407468f7a6716f00b79df0d39a7e,0
3431,1322523600-10513c51defca7a22178fffa76b246ae,0
3431,1323886680-c71a41e0ab519d777a5fd0602aede995,0
3431,1325136960-60b786508ad6add83eb9593ae6d36b2b,0
3431,1326913800-acb2fa18e8d4c5623f394747337656c1,0
3431,1321544580-b086e69a31a6b007021ba2b1f4c5cbf1,0
3431,1324758000-57725d5518bae72a29221ce223752d15,0
3431,1321397280-93fbc1f42996afbab4dc248cf4d4cb8d,0
3431,1320418980-b7b5a90a3962a984881a23b408817cd0,0
3431,1322249880-2168a1efeea67c5566807b5b2e06b7a2,0
3431,1328001000-541ec38bfa45ef30e030ef5f25affdc2,0
3431,1326748440-b60e7089dbc91d7c183053479f0b9c6d,0
3431,1326793740-fcfc93fa1f574dc22454cca44cb42b6f,0
3431,1324598460-a14f10a4168d30d8aa926fb1acd8f141,0
3431,1326758280-cdb89df97f0c2e5760a25cb886c10fd8,0
3431,1322097780-0b74d7d14127b4b0a3193cc0298226a2,0
3431,1325820540-1aa81db3a3801b4dbe47c58dc947adcd,0
3431,1327979220-5ebdc0595f85f408348d4dd372b32cca,0
3431,1324495080-5067cce21454825b727b487afc378708,0
3431,1323464400-1c224d74e8a3d9b867ea5f4dc5cc863c,0
3431,1325165460-9ecf5d032ae2c649fe98fbc4c01e52f6,0
3431,1325795460-bc890d921a931b769459ad86cd35806c,0
3431,1321819800-bf732e8bbba26a4e2aae4a010fdb3610,0
3431,1323191040-492e417258efd615d805d6005327947c,0
3431,1321485060-d8814d26c5ac041169e09e39fe440909,0
3431,1320627720-00c5590d23eca2a110d92143a599dd23,0
3431,1325284620-049f793b36e311f31811e5b8d721396e,0
3431,1325080800-357535c7bfb12e22a5160267ab66817e,0
3431,1323302100-d96fe48587a45481600de0289b6ad9ce,0
3431,1324157400-1a0f19a41ccc5134ceb8aa014a72c14d,0
3431,1320416880-486409335cba445850f3fd8e9b56d1c5,0
3431,1326856620-1e287d8cc655dcfdfe1cf387932e55f6,0
3431,1323400620-3b9930ebb477dd9a8a4f69a7bd4e29a1,0
3431,1323337140-d25b91d9b7bc6207142a795b2d88aa6d,0
3431,1326325920-ccfa34732d1e1b3f6c6f24b7caee73ad,0
3431,1321086420-1bd92c85b2cbc6a85bf3397af9b05030,0
3431,1325641020-346bb94bb615b075779429b2e8c36b45,0
3431,1320536160-aa83dffb07b20277e82b819cae893bb1,0
3431,1325694780-d691609a7528620add6fe751b5a33122,0
3431,1321421640-adffe7a570c2ce5b583013d6dcb4de7a,0
3431,1320927180-53829117a0e16c58c71551f3a1fdb476,0
3431,1323403200-d2e94a9603748bd1a0b653119c228aeb,0
3431,1323489780-465487eed3438e94f1b42a5f5b6743e4,0
3431,1324513560-32c9344333c364294a61233bd7dbd1eb,0
3431,1326856620-a21226a1c41bf153bc2e8c43dc43877e,0
3431,1322219880-f9cf9136109343f5d776d010a6e2beeb,0
3431,1327632780-90c78a763ba1391c3cd4754b859529ab,0
3431,1320427680-4c642ef5b2e7e33c94c3f504d656bf1d,0
3431,1325608980-23a8d405ce11d700d923a3bef14a58e7,0
3431,1322166240-c76badacbb54413889ac4885423b0c7c,0
3431,1320934260-414b26b0e993bdc46b44e7e648d3ec0e,0
3431,1323332040-0b5fb332b59f2527a12502064be87b63,0
3431,1325695020-0be04a2a0a47848db6a50a798f8f69e0,0
3431,1327635120-1b4e506adb64e7dd7d2316b07ac46313,0
3431,1327952580-3f414352ff8be3061caa698f083721fd,0
3431,1324099560-cd9e3196614dc6d3dd77a70ba0d03af1,0
3431,1320666060-f050354ca2c2ac2108df96039e3c0373,0
3431,1322094600-5c5ed7059632cf37a9d36d373c8673e3,0
3431,1327435560-c29864aed885fc5671025adb196599c4,0
3431,1324816740-252cc35521b38b5c23f04cd2df93064b,0
3431,1325715600-99d15ab5725f3c747db35333ed80aa05,0
3431,1326128640-5cd918fd185ba1f43bb34a16f18dfd5b,0
3431,1324062000-1d1a71609bed6e6ebb9b1891284d49bf,0
3431,1326143220-6ac12190f6421fa7637358d64eb35978,0
3431,1325547420-25bfb14bb281edeb9c968701524903e9,0
3431,1322158560-3c3e6eca7b9e2662bf6228febc78d699,0
3431,1327635540-d0efc5e9f7bf00c3d67ed1311e822495,0
3431,1327639080-746151f51b20f201071adac6cab3863c,0
3431,1321393740-164471df5b3f31a692080c7b6f8e2fc2,0
3431,1327427700-fcb6a7ea5ae900a4ce8e7d8e3995fdc5,0
3431,1322523360-ff2427c28e11e5c6e3a553b3c3c79938,0
3431,1320876660-2fa84ee0f750a8fc9a46736a2115d0ce,0
3431,1325334300-64c69b4d3056799f2628bd6d3328b148,0
3431,1323033480-c92da440f0d8836c1b3ca85363867c63,0
3431,1327844400-95a9a198a8a4fe4a65a564e6065bc9c8,0
3431,1326484620-8a9e55bfdf6a84211682f505f78031a6,0
3431,1323662580-7bd84536b990f1b533d7798dfb4dc964,0
3431,1327536240-f25931b745563180df6e974059f4da88,0
3431,1321311180-453b616fc6089a33f99b6737b63173aa,0
3431,1320440760-c24332579a2c1b17a14a9053ac4d4dad,0
3431,1320967020-a63572fb153f38bcad1f3320a8b21fa6,0
3431,1324570740-cd66e39db7bcf0b293ebdf3e22e1e268,0
3431,1325789760-125e1bad7fff055de60656b64335d7ad,0
3431,1325794980-943e9b3b591cb15872edc24618ae95c2,0
3431,1323191520-79987f7bfcec7632bafb5c2f29114dd8,0
3431,1327029780-d03ee3df2015ab4e30622d65079aa56f,0
3431,1322077260-058600405f7a459d413c89ac69025c64,0
3431,1325795460-97168557a4f8b8ae342551206dc0811d,0
3431,1322180640-d3791af4973e009cd158f79f7c72fcd2,0
3431,1326927600-61af5caa4d4685c17e0d52af45f7e277,0
3431,1322277600-2f7941be6edb67a0ed7f090be13c9a93,0
3431,1321653540-55af664305c74fa930e46e6d866094bd,0
3431,1326331140-6d305a87de3a109067f77d6a52899c35,0
3431,1324164660-99e87fd5f939a27ea500fab4c0b61596,0
3431,1326475200-aa060e7aba827fecf15ba54fd084d70b,0
3431,1326744540-a592d04a012f0b4a35c30b416a7e37fc,0
3431,1327467420-669c5ca6416e8d58fe78bf6f82f1078d,0
3431,1322598780-26a2fa687f5ad13f454f0e4fe188a228,0
3431,1323406440-121d5591903077b1b4729c8ecdbcb2a7,0
3431,1321455900-9e57be8d2102e4933bb8456d239bd918,0
3431,1327696380-b3eea3e21dc2eb50ceffff5c1625802e,0
3431,1326919800-c0532d69d404edfea1c8be3977a25b2b,0
3431,1325312640-aedff115e6f987b00f739e33216074eb,0
3431,1327584000-5c36c09efc1dbc8bdf49109c351ec03c,0
3431,1320832980-02d0d2d39cac381bd8a8eb15850741aa,0
3431,1326742620-c5fe09b3e516a760a902e9c0a2dd6160,0
3431,1324152420-29b6ce1620f0f93d5913605a06ee2759,0
3431,1322797860-20b8c5b60ebf3096aee45d6199cf3aa8,0
3431,1322075520-50663db8e7334f50f896462c283b91e7,0
3431,1328010720-f2ca245f9d70d00656f4e6bb5d6d39d9,0
3431,1325728620-253fc5888334c2ac0631d8f9077cf91f,0
3431,1321119780-b6a2962be07901f4d0a41bd3529587f2,0
3431,1321587360-d23f317c9e5ac98f7b48d29a5560b0c8,0
3431,1320418680-681aec17d838356df1635f2e7607fa9e,0
3431,1324426800-829c605b65435da47a5377308cdcf429,0
3431,1323357540-d28b00d99461625ea3ab57ad4423b6b7,0
3431,1326967260-f992fd9173a27e9af22f2528b11f3cce,0
3431,1325594880-9a7a62e482bbdf85b7bb6bd36de93b39,0
3431,1327748220-54c29e5ba7b671fc979075040b97879c,0
3431,1325860740-6f04a58634e2eb035e5239ec4d44265d,0
3431,1324146840-9b58b81717acb4f0aedfd512065b8482,0
3431,1321418400-8d877f19eb25b8e96c7653f714c4d67a,0
3431,1321435380-20e5cdeace07acc50a413ca01b3918f4,0
3431,1323380100-37684c85770c4dfdb5df3f2cf045adfe,0
3431,1325511000-dab7c7d7e502c1aa86ee1484f8d713d4,0
3431,1321377240-866e8893824b58e977acc7faced443a7,0
3431,1322076780-7b7d5d4b67c6247d926c826ad695b70d,0
3431,1326003120-ba814885b0ab1209dd22bdc9100325c5,0
3431,1327498080-73be46c77f68dd50da33eac200d5090f,0
3431,1327524780-8c5e55027c378971e9bdf52342eac390,0
3431,1320889320-45e0c3782fd43b0dc9f90e33c3b10fbb,0
3431,1321168740-bef25a361e4da5f6693f52dc0b8ff016,0
3431,1323817380-533a056f6ee46b17b7c5b2e33005402a,0
3431,1326382440-d99de8ac5ba71c8ba7c48da118a9dc4b,0
3431,1325820600-07083117e5adad785c4cc38401fea411,0
3431,1326815400-897131e85af14bf8c3ee7023715a8edf,0
3431,1327907700-00b0ee6ba726c454ab3b7c14678dab55,0
3431,1327953840-228f5bb8672f6731a3a4f7f17b683c76,0
3431,1320431760-1cc69cddeb0379d6695e2afd2ea8ea92,0
3431,1321024620-3d3c203d4d62c1e64241b3aab25e41e9,0
3431,1325785200-9fbb890d6f1f5026fa879fe6e86ce1d2,0
3431,1320428160-79feb5195a31d6b82d815d308ff10d44,0
3431,1326744720-b8223a5b8a6b6f50a76ee7e69291809a,0
3431,1327608480-d9779306dfde617a094ce381eb85b3ff,0
3431,1324502700-b9b975e0daff4c37b58b7df1484ccb14,0
3431,1323042000-764cc4a53fd1de51a0665fc54bf89edf,0
3431,1321313460-9c9c60da6c7fc43ad3b9eac2a1762489,0
3431,1326475200-b8ac856ab537f9efc8706b9d6a3eae18,0
3431,1321929840-9544051dd32e684a47e662c1128971dd,0
3431,1322015700-9f2776e223bf576e875021d7a41a48fa,0
3431,1321055940-c01a00ecde7285af01b07508bbb6fabf,0
3431,1321391640-016b2ef046b10f9f7d6c7e3e4642b04d,0
3431,1321031520-d8f6ee20386063b149a5201ca7d74ae6,0
3431,1325780880-23cfc32786e3bd3ea9ad94270bb5f010,0
3431,1320929100-90bff649ed83b4546d232751714ee907,0
3431,1325988000-9085b483af508ce1d74626ca6f2de15f,0
3431,1322073000-b783590dc40c303f720d1902f7a24a92,0
3431,1323042240-470110de526715b9834c4f09c3a3b5ce,0
3431,1327497480-5c976f10cf9399b753c85d48ac3ecf53,0
3431,1320967560-4553251694cdd457bdbd6ecd66d8ccbd,0
3431,1323474420-0783962ea58486a741728e22865d5519,0
3431,1326231420-466b5bfad0ffcc77a0e69882ecbc52ee,0
3431,1327527120-4e7a1380c6cb93b7d1f024603fbfe70e,0
3431,1326241440-3ed067a301e994993fcc7fe19635c71f,0
3431,1327521540-f3b624f996d53a284bb344bbadbb0bac,0
3431,1326218280-0b8138864749f858962b5e9933f11007,0
3431,1323381840-24cd4a99dc04aa41628f9e49683a7e47,0
3431,1322229840-f2c790bb715cd9c6b3c7fdd72776b0d7,0
3431,1322064120-44e295996860785583f246f47f6daf49,0
3431,1327512960-dc84a62b658ce6c253c50fdcf60f38a5,0
3431,1321471740-5df9f81395b90e65940a582e18e24493,0
3431,1326754500-cb86da0fc99a1115a51a9e5b75f027b1,0
3431,1325698680-68aa35642a201ee95c2a2479076ddcaf,0
3431,1321028160-3cce078a8c9d9d47f88945e18f5b0169,0
3431,1322165520-42be0d4194a6224574972ae8d3ae4651,0
3431,1327397040-fd96786278f78083f2c1bcec481d2781,0
3431,1323194520-b64c9c59cee3b726ef610dc0d61e1a64,0
3431,1327437840-5e09c0ddbf437d8c23eb74977f8927ec,0
3431,1327797720-3e838f96673312573e8a170d9c047ebe,0
3431,1323819540-f790ab7e2d1b585b2ef570e95cf00163,0
3431,1326483840-52d8ee5971d495347ac39de84e3a3543,0
3431,1322090940-0e3890a8d3b5787e6d5d88a300727921,0
3431,1325768340-8568fc7ffef1cf03468869cf9e898c37,0
3431,1324010700-b623b8a9853d2dba87e7b91980292475,0
3431,1323802020-6c7b80e0a8abda8c62d2a3369a80bf0a,0
3431,1321054680-f4c2fd5f7c995b1ea935d841609d876f,0
3431,1323356880-219b544756de832ed13a462cf9ec40c1,0
3431,1323381900-a69c7414f875d13888b89e53c33dd16a,0
3431,1320418140-2db582812050a1749e896f59ff5e9027,0
3431,1323984840-2ea10ca0f45332bc4992fb3f1caba9e4,0
3431,1326757680-fe49c2e936f182ebb49e0b30cb943da6,0
3431,1321372680-4e82c01541117560d34ba580aae2e56b,0
3431,1324215240-c816b5702a7886ce86cbc2334ac64160,0
3431,1323888480-a7e449ee284279f2e32f7eb00d3c9e62,0
3431,1320960000-a3c25a8710b4c079e02eb13f80af34e1,0
3431,1327545060-84a3c3bc2387c94888f4252d014a5de5,0
3431,1323264840-50a0fc5e4b887deeffa441939dab8639,0
3431,1325334300-344bede35445e2b91c02fb7b7f0fe7fa,0
3431,1326975540-9dfb7708f1e96f22d6c504bc6e8ff365,0
3431,1325818020-a4e291a302ac1567ef2424b4886c3e33,0
3431,1325819460-12b47c538d243851bf6fc5595401dc2f,0
3431,1320888300-6b30a1d943aacf9689c584dc75f4e07a,0
3431,1323016800-217ab97597dff1580a7228384a9eb7de,0
3431,1326158160-9be8fa5bf55e940cc294165070c7131d,0
3431,1324545240-24d0047c97ba8ce5c6675071fd1cb4fa,0
3431,1323105000-c258e077e12ef27d5690035369adcfd1,0
3431,1327035600-80b8dd7e6376c7ef4a73c5e1808a7825,0
3431,1322021040-da800fbaa20b9dcab434a88c89ff787c,0
3431,1320632700-fe092328e1da14353f068b42cd50aa94,0
3431,1323748020-c3949f30ad7ccc005744c7cd35fb8131,0
3431,1320116940-6920cdd226f843a0455d7634e200093f,0
3431,1322019000-1791ec6de28b2089d7e5f6fe9e1e4419,0
3431,1326100860-bc97da0ac2c80201274a88a6230a89ad,0
3431,1322445060-ab9fe52d162751ccac6081557de41988,0
3431,1320860400-c14e6c9b469d31600b95bb65d0cf381e,0
3431,1326100860-54267143168acfa59f8fe09e6929845c,0
3431,1327945200-6f291c85f18cda2ae36cdbbfc9ac1b4a,0
3431,1322189340-31839101bae97549f3c2365112cc3379,0
3431,1327950420-c9bd73c6b2ea0c74f401a7f247ac7b3e,0
3431,1323396540-5aa77f0eb486d6b8f11c0089f3063047,0
3431,1326919500-0f9729ba5149109332ca1460d7be6ddd,0
3431,1321263060-18436fe86cceb34a4f48cc186729148a,0
3431,1327795560-89d075378ec6887358b3d382a4792881,0
3431,1326310020-22321e56863b1dc1cb24958b676ab985,0
3431,1327675980-45d2b174f9f7e8a14d8742d3ff4e1815,0
3431,1326735900-f02845c468c3e3049df15222a4726558,0
3431,1324611840-8e9b317a59804e7659144dd807777b3d,0
3431,1327351020-0ca353c73b695d8e89c99d163bea34bf,0
3431,1320414900-c0b66c15244346990e3e3e34820f98cb,0
3431,1322102880-01fef43116621716351267ffa08d631b,0
3431,1325694780-73d033140ab945e845194aa33995bb5a,0
3431,1321067640-5fa406abba3469f849218229f48da27a,0
3431,1321542480-1fad66cccb5dcbbb9ee2e159895c03c5,0
3431,1326047040-bd071c984fdf5b810afa9f8d345769d1,0
3431,1325721720-dd259777eaa38a0388910e70d2def656,0
3431,1325436840-8adfdcca7e528dc4793d213590d93dba,0
3431,1321742700-d0266dce52db346bf0e51a631622547b,0
3431,1326178560-966673d3046269039ebb7c7987b77423,0
3431,1322847000-a0cf785d3b7a3523d840f0822abf8ca6,0
3431,1320972840-bcfa4acf081e282133769a2cc45ef381,0
3431,1327562040-653e8fb62a00a10da294cfad03b16600,0
3431,1323821460-752e4ad0eedaf80b7c4a4a9817e16318,0
3431,1327396020-a128d28be3645d98e1def4832e86f57d,0
3431,1320969480-203287a79f259466766f39ec3f400e69,0
3431,1322706840-c27933821c9cae1b217b5cb53e96048e,0
3431,1321956360-c43381e20d8f6fc3838a3bacd09ee971,0
3431,1325677680-18ab6396ad3bf99a34ef41a1ddea5b99,0
3431,1325136960-24eafd91def0d84249216f29894722b6,0
3431,1320973680-9086be93b875fb8ae877a2d681750cbf,0
3431,1326124800-ba29eeb3cab8d54c144fee6a6799d17f,0
3431,1320417060-3651286c8bddc7f8016e49f9007d3bb5,0
3431,1321993620-a33ba296d70153ba61dad6371a144a90,0
3431,1322027940-c33af235184793b9c13d5973cfdec19e,0
3431,1324164780-87b761549f653969960465135ee0d1e1,0
3431,1321095720-acd31e1d3c70bbeb4359538d86a02034,0
3431,1323952500-65d6fd11941038721bed8c35f5fb630b,0
3431,1327596120-187ced3d02f61b8933a18a669b7f584f,0
3431,1324521240-ccdeaac884cca1bd44aaa8a84cf212f9,0
3431,1327523640-a7c9f0a0ae08cd51858fa6c52d097359,0
3431,1323203100-96c1ca9fcb2ea220b2601f4d52c464d1,0
3431,1321044180-d18526585c3ea4a1f30f306e58b28d1d,0
3431,1322074800-ae31443c84df4f5c536f340cff5019e9,0
3431,1324407420-61bec05cb9873b8df0a3222485f46bc7,0
3431,1326418500-32804b0ba920ccf822a90aa0d1a41c34,0
3431,1327026180-4a1e737b534c7642f60788349d8d6b58,0
3431,1325723040-4b92de5cbc8c6c686693eeaaf6ccf4df,0
3431,1322894940-4a70fca37bddecf016d3f91a2bec8cc3,1
3431,1322895000-d46a9e827aa8194a0c3499dc1fff51e1,1
3431,1322893980-7318ce8785bc86f4951e6e718f04f73f,1
3431,1323220980-024f3e18de2463d1ea11480b39e77483,1
3431,1323196680-551e518a6f36727bdac3e9ebaf1ce9ed,1
3431,1322996040-21bf74ac081accd72f6ad68418527ce5,1
3431,1322940060-3001eef28322dab073b1cf53e5ece801,1
3431,1322893860-07e03f34eba902af3888f29300d0cea5,1
3431,1322898660-49b5874543f5aa47e1754ef1c1be6e7b,1
3431,1322897940-d023f6091a0c86997a16bfef0bb47716,1
3431,1321196520-7808673d4c138bd95d9620b7275d3932,0
3431,1327102800-95921cf41d58c5f8cc319fa0cae38947,0
3431,1320492180-5b2488e64bb4265bbf159a51921aa2d9,0
3431,1321629960-389a321c97e7dbf40a9c3d9d4fc8af37,0
3431,1322004900-2f439fc0757ff836738e13133c483573,0
3431,1320222180-fdbe3050cb71596652b6e1f4c14b4566,0
3431,1322149440-1175da5a285a658fbbaa2d9a2f82f641,0
3431,1326418500-dcc7a7857c437c38891fe80909dc05a5,0
3431,1326947160-5c370d5229f2ee88491bf88d6740e3fa,0
3431,1327178040-46ddc0deb9ccb45aec707d80a315c4a0,0
3431,1322131200-83e5e7299b8da73f9109fc6812e935d1,0
3431,1323397920-c9f4364d5dfbde6b01c2070189885c1b,0
3431,1322149440-dda4d369315a406d900a48f25653e54a,0
3431,1325273940-6ce2e9f7ed33a7aacde749e9b0dbd98f,0
3431,1324236780-cc55f6d369ae21caef1da83401b03743,0
3431,1325892000-aa6c4c44a52fb5041a5aa3567f570feb,0
3431,1321627860-bd5eb2115f4169d0127bf832dc23ebfd,0
3431,1321549680-2b2de39bf0c0bcdaf097aa03f2aa4f1f,0
3431,1324261680-69a1039b1b6123d64deec84a90f56979,0
3431,1321652820-173f1ae267094079caac27cd8537fb26,0
3431,1325593200-6d2a0aec1edeb638faffeee31a7072ad,0
3431,1322403600-822053b18b87c8322af0bfa05926cbd1,0
3431,1323645600-ce8f4cac6bfdfd1f93c11dd256eabcb9,0
3431,1323479400-f626162119128289259e5d4bda3276a2,0
3431,1325949600-1d346702f8e8af11d467a45573eb92a7,0
3431,1326883920-a1b8a537e4b2a696e7056c25978583f1,0
3431,1324054800-3e45f6e5d94d031cb02fe95fae423c63,0
3431,1322060460-13848ac69d11879fdc5dd7b1451f0800,0
3431,1321049400-1b7fc9e5414962bde9679d93b035d80a,0
3431,1323467280-f70c2598f7f3b2af9728d116f47bdf5e,0
3431,1320348540-97ed263f60393eb26e304bd31cb8d633,0
3431,1324343460-49835d840acf0d8b2e425a74deb0acd2,0
3431,1320935760-b7e72ea612a2da4baaa94d0d7a7c790e,0
3431,1322792220-59b2cb57ffec4c8536a8eb7ae8ac118c,0
3431,1327910820-6d9b1f5cb2663583f4b989a0d59ab7c1,0
3431,1322262420-41b5b10f2423bd1045fc72c553cc0864,0
3431,1321593540-9f8d6691b5dad6a546d32c8d10dfd5ba,0
3431,1323016920-396217dbcdb6a48568f0a249ddda6a26,0
3431,1325592180-bc462c32b6bdf7d56b470000dc17c9c8,0
3431,1327887360-b5d60ce5983b9ade7ca590d1033147bd,0
3431,1324570860-a289522842b09bde83f97fa086da301d,0
3431,1321920600-5b94b08e1197f779ac66f01b1be49a4e,0
3431,1322551020-0591e22467a60ec4feaad955db1b08eb,0
3431,1321516140-036e04a66c83c9c7812f2597e235af65,0
3431,1323373020-fd087a630131741086bab7b8f181cf1a,0
3431,1328050020-94b0dd89bbcb454450710949073d89bd,0
3431,1326534360-02d41026ae1ba211729cf8de2fccbc4d,0
3431,1321168920-555d6fb78576946af470cff709d1eb89,0
3431,1326937200-4fd5e398da36eb55315afc073a7d8036,0
3431,1323785100-3787a9718df45f26663eb3b64d6a6995,0
3431,1321374840-5c3942ad358110ba19a8ac27d6d2adff,0
3431,1321931280-298ea90aed8c86c8f6c657e09292f870,0
3431,1320416340-79755c5f27e70d8fbff865ce02284bfd,0
3431,1321934040-c8b52ae60f76ed8e9694ced0a695e214,0
3431,1325773800-c2b3fe2cd4fcba1aef9e751f60723ee0,0
3431,1324030200-551e9a47828a813a98c097b1a0938aa8,0
3431,1322261820-caaf6785f0b3c4ceb77e4eddc7412bc1,0
3431,1320896400-85471ca570f9eccbcc1eba3b499030c6,0
3431,1322770620-86a388e606f925571c160ba82b0a0765,0
3431,1327763700-82ef36fe7edd084c50b955b4875485da,0
3431,1324381200-45326c1a705d23b04072ad4136c3db75,0
3431,1321995000-04797cc52b8096b097538dee3cda1bc9,0
3431,1323510060-fb4149aa27fba67196a57b618e41828d,0
3431,1327830900-0b84f34688fd21fc2154433f473d0205,0
3431,1321534140-87380dc0d1c69aa21380d4ecc7507fa1,0
3431,1326220080-ae8a3d86e179a3b6d92f37102bea31a0,0
3431,1322523360-516be2e1fe6c6ec5fe13d33343a16b45,0
3431,1327452840-7cdc4eff7978d5c913dd38aefde729c0,0
3431,1326367860-38db508e4636a39a38161fe59fbf11d3,0
3431,1325137800-f7e63237b0eab5b849ed0f5f950bf551,0
3431,1320877380-aacf2036341d33ba0b1aa1bac02c6f07,0
3431,1322711100-94361afba80827c739be980a643a5bc0,0
3431,1325390760-ffd4c11a80ea3995e9e833c00efd8509,0
3431,1320946140-50d5cf7effeb0061ad07537b8593ddb7,0
3431,1321601820-315b9e85b57985b7844e55c9a0fe1113,0
3431,1325617260-36b5a2abd2c9930ad31e9961c482b50e,0
3431,1325770620-65809a354c7fd27c2d7f0d4f60d25948,0
3431,1322523600-2ec42a4f39ba112704c52e1732153acd,0
3431,1325287680-fea01cf3c4835ed9ba1a2f84536ca89d,0
3431,1325370060-1bc3ef9885f1f145b5fde79d1d1d110d,0
3431,1321980720-7fe679268a80209e947496f54d9f6a05,0
3431,1323047400-65a04cc12b9d0d3898ced218f4fead36,0
3431,1323199740-fe0e42a136bf89126ce8308fe1f8baa1,0
3431,1323487680-04da19515cde4cbf8740881e25ebbc2f,0
3431,1320867960-5f715579912ee0da9eeb5ef447556150,0
3431,1327313100-73e8e0eab7440574d16a0af28ef6310c,0
3431,1322443200-171a0c56832419da973f14a1ff06d7e2,0
3431,1320456120-3268c1de8396093d0d9c2aa68a0cd674,0
3431,1325794620-f003baffac7595baafd4244f4c904b93,0
3431,1321665900-07afefe678547fa9ce4a6167c7d657b9,0
3431,1321229340-be8beebdd8b7a4468b39a18321fd384f,0
3431,1324392300-06a2e21c0a51e1fed2f42fb6b7d48dcf,0
3431,1323212400-8babc5972809551fdd86c261e2c28584,0
3431,1327943940-88aec52705d6ff7cf443800231b423c9,0
3431,1326143220-266b8840493985114e5b4c26ffc27056,0
3431,1320954420-d19347262004f43ecbc0132f84256ee2,0
3431,1325677680-85c721d89678cad5b58e4acd64b861b0,0
3431,1324988100-62d01e78248d7b97615ea2d2c813a577,0
3431,1325780880-0c8f596125e57b7cc9343f05bf61e082,0
3431,1322210760-154664a4163269fcd3be72c7c2421919,0
3431,1323952260-1c9be7f6142bba666d81b4bc3efc57b6,0
3431,1321435320-fa963259d5a2674ea2074a45fefb21c2,0
3431,1322403480-90592b2565ca6ae42adbd412d4020f11,0
3431,1323237900-26a13cc2f7f0f2d5614aab6a1ffa3a8b,0
3431,1321465560-bb8f8a461275dc6d172386ddd10fe5ec,0
3431,1323877380-2f5f0804cacab4a750a54b3ead747f04,0
3431,1321636740-1402139958c032ba830b3c17fcef985d,0
3431,1322093580-6d3879ad9180fe935bcb35b5a864b18d,0
3431,1326133440-c5da2d3dd2ab487a331a126c82c14037,0
3431,1321054440-bc82b12ae0579ad5d50ba84b492092c3,0
3431,1324610880-37aa304fe351fe7eca058d65ccb4022e,0
3431,1321209720-60922870529bbb2e018f3ae2234d27c8,0
3431,1320938460-f8d0637e1f7d762e8126e0d248a092aa,0
3431,1326558060-a7ca5c7c8fd759e3114db472d816cad6,0
3431,1326833820-6753e6b41248ddcf9ff9cf2c9e503485,0
3431,1320427740-1b978d797f10e722da2bef6985d8cf6d,0
3431,1320859200-8cbc10ed6312e2a804d1186c8997a222,0
3431,1322801400-2034d7f9287ad2c9207109d21b8eb47a,0
3431,1323651060-680b5c1685b0f3992fd5f1372fd72928,0
3431,1327941120-b01a7258bd62b80ebccf8731d78d9708,0
3431,1326213600-895c0bc2175738eba96da1eee304dce2,0
3431,1328035560-465e2685c5dd65aff338103090da784e,0
3431,1327671180-3f7a5b367b9c3be69231344f57dd98b7,0
3431,1321728420-d87448ebe21143cfefe01a31925e81cf,0
3431,1323872700-7d7d5a5e2aefa404f8996e2a9186c64f,0
3431,1325822760-19e50986ce9d55281421872df1cbeb9f,0
3431,1327702740-2a409a046b4f3f6948e7d7314a97fed3,0
3431,1326315540-a345dbcc6877c325636056f016c7ffbf,0
3431,1327703340-9e2b7859ae7c6afc46b74fff821b4f78,0
3431,1327665900-89973d48e1a8b6cda0278040bbeb48f3,0
3431,1324589640-920ad3ea7cea50482167e0565dbf825e,0
3431,1325142360-472f3e192b1d228b4feadecf18950944,0
3431,1324144800-9625bf09d6d71ea91025b8b400df4cf3,0
3431,1327126800-9c001e6e76d7a6dd80a979a5a4dfd0ea,0
3431,1324072200-6bcc363d0e91e2ef65c0c2f8d5490ae6,0
3431,1325619840-f9e73d026838549565bca73dfa4916c3,0
3431,1327750080-d552fc4e9b336d8b42b8be2aa6be1841,0
3431,1323228840-cc516b5f14190b16053d32b0b9162e49,0
3431,1321594200-246045e1ab33ad3565d0a6ca93745f27,0
3431,1323168840-35eda83b177538ac071e45ee2f72c8d2,0
3431,1325604060-cddf144481297641e59e600629500089,0
3431,1327777080-212e305674ef2c42f15b1ea85ad02338,0
3431,1325864160-3305a189a0f4c6b2caefa3e0004dee4a,0
3431,1322654340-dcee8bed39a487e53cfa11a86bd3a2f1,0
3431,1320440100-61361d14d4e251f8c465ea2a6f193627,0
3431,1322789580-4ef32d4da2a7e0eaf1e2354262cc0345,0
3431,1326386880-42b8bcfd03a3490f70c4e404bc2242ec,0
3431,1322092980-b5a91bbe55ea0a430524b9ce2da42646,0
3431,1327991400-cc80c9e23381b236206493e6bcace31e,0
3431,1322692800-45a48bf76025eedf66074056d8151832,0
3431,1324016520-37c719d66c3dc1f4d1b1ee5dbb0c5f7b,0
3431,1327091400-32b81d1d81cf8550f809f87745ffc83b,0
3431,1325114640-63fbf0fac433ce178af4c74bef128cb5,0
3431,1325249940-1547d34705fa9e451fd9126d87741ad8,0
3431,1325815500-11b419231b9f0ec3cccb020620806128,0
3431,1322823300-ce0761a72c27b2a9828d3ce4732a6215,0
3431,1326937320-17ef6550b2e0cf228a444452d11aeaf2,0
3431,1322513040-389e98f482b7687a1bd4e3e8278ac588,0
3431,1325728620-f32492b5618b6a8883264daf82f54597,0
3431,1321114800-7b19ca46cf6365df917d98639b145199,0
3431,1326978780-8479d1165b47c3f54f1c7ecd4277bdf8,0
3431,1327107180-a982bdf3baaedd9b8d92d074e87e98a7,0
3431,1326225360-5b61c5f7220fa91b016634131a34c7e1,0
3431,1325778660-444739b8fd37be0bb8b67594237bcb25,0
3431,1323350940-766dba938ad10bc32076d4657d720396,0
3431,1320889680-cda7b35da9c15f6dea3e5118431be90c,0
3431,1326742560-20dac4592f04637384cc558f893f3dac,0
3431,1326595620-04710d838a87eaf1df3af90fd12e20c7,0
3431,1322840400-729b37dfca35f5eec3b45f24aaf0a777,0
3431,1327908660-c6b11d974054fd43ce9848918967ce1d,0
3431,1325721600-d7631c7559b09694827b4a321fc5c421,0
3431,1322253120-af0cb78008bfa3fc8e548ae0ed45423f,0
3431,1321547460-9981c84f70c8b53afd95296ea57d0f72,0
3431,1327604220-bc8744aace1d6d38c594ac4e4a5f9b1f,0
3431,1320341340-28a72c31f7407490e3b0eabb38e7ab88,0
3431,1327727460-c4623bb93800dbe66afd6db92dcbcfe1,0
3431,1323165000-3276e87e8d4221d0402dea5879b9ae1b,0
3431,1320441900-216830a15d42e7cce3b38617978fbc2d,0
3431,1322175900-8485638e42d6c28d2589c8c7ea107273,0
3431,1324172940-757f1d090c67d180ea72781b5686c71b,0
3431,1320493020-85f8eca3b6a3e286ca5b012939bd47c4,0
3431,1326353580-9b78a735afacac88cf437e560c9a1aa3,0
3431,1324588740-648e25ad6f42d777ef6f1d9b3b253126,0
3431,1322357520-83ee421dce2241065207b09054738dce,0
3431,1323189720-2634389d1106c267b10dce123416842b,0
3431,1325973060-27baaf43c0f9243c4d6878bdb17ad825,0
3431,1321552440-f4946405b8b989d13efbb5f06ec50da2,0
3431,1321017360-b8bcd87af40f73942c043bd3712d3433,0
3431,1324630260-d327c07ea8e896bb8ccff206471cd19d,0
3431,1321460940-7b00b5b57cdc4d49706b72a077494769,0
3431,1324988100-165b914b86ecc74b44a83a1577d51c65,0
3431,1326465660-cb45b7fc949b243c39933c9e0ca182ac,0
3431,1321706400-22af5d05e958bc7ac915804b37b084b7,0
3431,1326163620-14053260b491f78861a488230b257e58,0
3431,1321603200-965eac5fd374e3c23b860775a7673297,0
3431,1325894160-3f4c97fed73ec008bade8b934cd455d4,0
3431,1327597740-683b5b3e31d3017b3c06c7d61066540d,0
3431,1327611000-1539eedebc65f303aea64fb6c8e9b268,0
3431,1326751800-13171eacb1d8ce9d461a215533d9f231,0
3431,1325312640-12e566125e1baa4aa12a77cf672fab06,0
3431,1327948680-6839805fc753a02dae7ec74520e00dea,0
3431,1327748400-d3690b52192341f45f944996ec129b9b,0
3431,1321174020-7d6f8b829aa24daa08e79444e9fc3b11,0
3431,1326765180-9e1c202b2344ba7973193ababe73efa9,0
3431,1327389300-aa068d88bf134aa76ad5acd317df0359,0
3431,1327796460-5e2d5d1799e5edebdd71b7dced867714,0
3431,1322271180-519ac5986cfc4d8b684502afcf089a26,0
3431,1326558060-2d7c48f5463c219e8323444faa4b59b3,0
3431,1325958360-db76042b9c1f8c34c7fee0df35483a95,0
3431,1326484680-284adb14d61133fbe785dae05757d19a,0
3431,1321041180-89ebdc3288d371a9ef8b2b4a1f6e0ffd,0
3431,1324647660-0953cfb70a762bc33b3c069559ec43c8,0
3431,1320729660-7fd9823471c2619b3ca7ec2d82e6a250,0
3431,1327705020-7b72571b6fdc3b126fa68b9a1a0c69b5,0
3431,1323200340-f9d82c6fc3312d2c879406b19ceb1ff9,0
3431,1326595620-b455236801548ca202f18ee5b455b64d,0
3431,1322803980-bac15499c6241de83381e22a0f33d2a9,0
3431,1323183540-63c80cfca88ff268f865a44d86cb1412,0
3431,1323463440-facc9e7c23b3a82b2aeebbe29f0f7472,0
3431,1326949680-f100af7f0c7a28ad7cb9c6a2b3b3f6a2,0
3431,1327533360-cfb1b160ceb83fa6ace4adce22830188,0
3431,1325703660-f57c459ac302f4f512163459fd2c691b,0
3431,1325017380-f5cb6aab45dfe4c89f2b33cf22e07b2e,0
3431,1325773440-62c71ff7d940fd8e9609ab7a0a8ea5f9,0
3431,1324180680-b1723a1ba767bcae3f1c1414bb6760f1,0
3431,1323313620-fe83f9bb84bd5bdddab657bf14a1436c,0
3431,1321510560-2eca42568c6369453161ef052a891b52,0
3431,1321577460-3a734f7ddfa070b5970d17d3239e7f32,0
3431,1321059420-6f131fe6601538b78cef5b680854c892,0
3431,1322483700-4ac728633daaa25ca4e7b72e13063f75,0
3431,1324312980-1fe14366b7f65d68b957e467ffcbfb9b,0
3431,1327165860-1b3b8631455eb4928410b73ca136581c,0
3431,1325647320-24f58eee9675a638940849cc8a294ed2,0
3431,1327631400-7aa218d39ed96af9302879ecc6aeeed2,0
3431,1324423800-2146542c01a5026d999f3c7ffa48712b,0
3431,1321833120-fd9437b0ce4fd72bfa5ab51de62576c0,0
3431,1328038020-2aa724f2bae6f098c92b5bf601a72c8f,0
3431,1320802860-82d661205799510f419574a5765d956b,0
3431,1322268420-7e10b54b2ff014fb16e401b760f298a4,0
3431,1322075040-0fc3ff61d2f263460b60285e4ba22a5b,0
3431,1326808860-1e848c441472bc1d42605cd5fb0384b5,0
3431,1326475440-7d18ed2cdef266111150e70ba72d6659,0
3431,1322899920-47e0a995d8a6599cef61c617f1e9b56e,0
3431,1327710300-5a83140e8d656091f59d39a13c71e0b8,0
3431,1323727020-cf36849c42acbce2b6599b2af1b34f9f,0
3431,1325532300-1b6420e26f284ee35dc4c4fd53f4f827,0
3431,1325771760-83a3d2132795dc44df91456abfbe0153,0
3431,1323250860-dc069336ca629b17d4d33d50853691b8,0
3431,1321663200-dcbb71e8aaae75f4fdcc3395a83ca0b9,0
3431,1321690380-86f36bf994108241787c87ea9ff7aaf6,0
3431,1322626920-aa33740b4409b67a02d004dbde59dae4,0
3431,1321294860-8302f1979b63abfb71583b74eb16a05d,0
3431,1322729640-dae37bbeb76c71e130f2eb3736bfd57c,0
3431,1327313520-90db334ad9c358478ddf8c1d64de5d16,0
3431,1322647200-339472647c7a0a14a69fec2f386b5225,0
3431,1325856660-f8d1bc4ee6c6dd856794911462bcb1de,0
3431,1321056720-490c4b39b6eeb44d063ba35574f44d9e,0
3431,1326625200-3ef5a488d0a5fff5907878fef0b3182b,0
3431,1322243700-149c2303be4fc04810ef4f6acbb4cbd7,0
3431,1324012200-4f396d33999636cb0bc10567c61b4804,0
3431,1320984360-76e4013196160bf31e8a41f265c28411,0
3431,1323666600-bf2eabf4ce8356a7d92be171834f71dc,0
3431,1320949800-a7d74f13aeec29d1ba2a8910736ce815,0
3431,1323394080-1c98b31b5b2bafe6a6050388f7c74815,0
3431,1325496600-51da1ffe84cfef6c9237fd17cf949123,0
3431,1326532800-4eefbf9d758c20a858924171f76c5445,0
3431,1324075920-59d0a793b7aa03c918ce90026cedc491,0
3431,1327323120-842767873f1b6102256e50d77da775ed,0
3431,1325698680-82c611527c2158dd086f3cd1f41de5d0,0
3431,1322199660-4591856b86ee5ea1623bb0b798344f2d,0
3431,1326243780-4e852246cd0183b147e1a8dc15fbfc0b,0
3431,1322259240-c007463c21eb2febd178f9aa1da42832,0
3431,1324125600-6caca8670fa377eb8454459af22568a2,0
3431,1322615400-0c8906924d3ad8a8d1aa3291f040818e,0
3431,1321355880-aad44d1766edd0a4c38f2ee979cd0629,0
3431,1321627560-21c47d487088abcefac84b8f269eb745,0
3431,1323165720-ff767c04e3542fc2b644fecb659f1091,0
3431,1323985200-d467a3e8e23f976a5a2fcc94199883fb,0
3431,1322000700-8ffeac9f14258b08a2d36cd8a0a2bc25,0
3431,1322678700-c946d70d9f579e39248bb21f64b4a926,0
3431,1325949000-b2ed56f68ac13a395898644a4bfa0371,0
3431,1325694780-80151ea0ecd3f5be6babe1ca427e431f,0
3431,1323351180-682f1629356f464bbc2085d29c8e97ae,0
3431,1327035600-8e9443b9a04e95bad9380578d509d087,0
3431,1326752040-b1fffdb4209ca0886bc826c98a17b491,0
3431,1323290460-f2e3394c9b1c7da1031b4580dd69fa88,0
3431,1326302220-ab816923620bc31f53fe44fa09ddf124,0
3431,1326388680-97310b349608db40acfb1153dcdb25ce,0
3431,1323642000-12f480cfabc07b52ea0a74da7f595e6e,0
3431,1325561640-2dab0dee64dbc1d2d5c5f8276eea8fbc,0
3431,1321245240-650758386086e109d999436398ae1fc4,0
3431,1323563760-cb9c031a072b977ab40f21914715f6b8,0
3431,1322952000-68a5cec076ce4cb15f98681e189cb143,0
3431,1327363320-a44fb958207a120cff05e87d6b15ebd7,0
3431,1324761540-6c1381a6014c05c015d1db566cd24b43,0
3431,1326718200-391797b07b915a76a10e4200e99f2201,0
3431,1322740380-603ff5a8695d08eace9f653731902aa6,0
3431,1322075040-c8f72b8ea6c46278089ff23f8c16e061,0
3431,1321959900-9f79e3e00b6ce342b86faeabddee13e9,0
3431,1325556840-398bb45e6220da1e1656db30166b3271,0
3431,1325989560-77582923943cb39e0e782ea41041007b,0
3431,1322098080-cbee031ffb0444b05984b58ab7709ebe,0
3431,1322563320-aa7c92c6b7d1f5e677c59a0b1d22f316,0
3431,1322754720-9a9e1ff348a9c05350463843ad5e7bef,0
3431,1320429540-33233e7eaf4b22fd14ea650b85fc8128,0
3431,1324078320-0282f550aefcf0ab7d063ef224ebe95a,0
3431,1325121060-fa37a113155a2bd56f89e08a63e6660a,0
3431,1323774360-d2d75e2866b168d8167a3335f47a125b,0
3431,1327621500-7f64f349bc1c539f1b6c2eb62db5232d,0
3431,1323241200-1b21076faba257fccd755eb84444e511,0
3431,1321533120-cbb0df6e486946ee20a321d8b327e1dd,0
3431,1323047220-77c4812806de5cc7b747839ce385b77b,0
3431,1326877320-7f6393b187359a35703e64ff0758a782,0
3431,1320958260-6de5e605b46257b6512635ca98e8d205,0
3431,1323199320-3046bc10b31279d51ad56a22d4262cc1,0
3431,1322920020-a0244337a43e6367c989ca8a92cff795,0
3431,1324162320-b19d151eb5501b0e2051ac0d4547a7ec,0
3431,1325020440-09535c3ab42f5e727b1f788679e1d337,0
3431,1321566840-3f336470277b3a7a7843fb1cb5b957e1,0
3431,1322491800-d95cab479b4d895a4189b0116c4527af,0
3431,1327976160-bb9ccec71b16e144f11a82617627c2ee,0
3431,1322610180-230cce12a341cd0562d6d30c7b0b34e6,0
3431,1321248660-c7f3326ec708167976d1c51a012a081c,0
3431,1321547280-168edc9a28669607cb2c69ec7101ab18,0
3431,1327684620-c2dc2f8604ffc04a53b6c8f1277efca4,0
3431,1320899940-599f20b6ef549302c99290cc94687829,0
3431,1323489420-aa59b41f58751e162a7226115dd70681,0
3431,1325263800-2d3bf7d2593d916a6095d5ec25fdd53c,0
3431,1324041540-d05ed95052ed6824711bfe0fbcb71cca,0
3431,1327474140-c880c99fa3f9204d5396fd2586748e18,0
3431,1325556660-63714d3428268540b04ba092ae9db97e,0
3431,1323109380-acd2f84477da72d8b8347f15020424ef,0
3431,1328010720-56c1802dadff099cca04df03f6c93fb0,0
3431,1327727460-085d8553cd1d0b151853e43a1e9e8515,0
3431,1321400580-f39c7a3fc8282c6ffccd507e4e0e39bb,0
3431,1325601900-9400e81e3dee6d20c103536bf9333543,0
3431,1327908000-d799dca6fa270f09eebe1f01cb6f4e6f,0
3431,1325046720-707abe47860ad31d8453b4d2eff51d0c,0
3431,1321910040-8f584c0eb956d69fbaaf642807acc890,0
3431,1323217440-77eb1130b025936867e4856389507b4a,0
3431,1327915260-84ab5e963309f7f1b1677a4d45c2f3c6,0
3431,1326167940-0bbb5888707c0588fb77105741df9ad6,0
3431,1322261820-8d4073f0d5be0fc6cad83640c4a751d1,0
3431,1325718180-b110b9ed709d76208fbcdf65b41b479b,0
3431,1327597800-500821f9d6006db7574b678d33e10a42,0
3431,1326386880-752e0eb55222ac577f01f4691b7575ac,0
3431,1321329780-5a596458eb55ff447138870951cbe28e,0
3431,1321518240-3a3dddf5b882c83aa26a3ded821552d4,0
3431,1326090300-d2f3916039b08f958d7bc891c6c8fda9,0
3431,1326306120-4143f25dfb3e5c5ec40a8700cffa3ec9,0
3431,1320650580-56cc9d3de8e224069a59a701d7bb5b66,0
3431,1323129060-7332f04984ced12575ac0af6ee924c9f,0
3431,1325112660-d60a2925caf32c92d28eb08e5316ebca,0
3431,1322848860-a6664669f06974bfb090afb438b83159,0
3431,1327634640-80f32fb9eded52ff472e191c5039012d,0
3431,1320533280-7c470e30f87eb31baeb4fc70c9982328,0
3431,1326408900-f3dd4831f9b0019081b7652ac57805bf,0
3431,1326077580-1312d24575568a5d154e23a382001c8c,0
3431,1324099200-f24fae48faf36fd28de553359d5ef631,0
3431,1322253000-97b49ef54ea83f4aa61623aedeab4414,0
3431,1325712420-7b92ec3789278797ac7fe2089c923b33,0
3431,1327627380-7b4e84038f5f8fffd358a672a5722854,0
3431,1322002020-984d837435b3c9045e18ede7bf0d96fc,0
3431,1323376620-a09432b4468b0fabcf40f12994986fb4,0
3431,1321296480-2e5fa63b3f87fcdc4306e504b942811b,0
3431,1321499280-2f8c064fcee1145fc09553a28f585b38,0
3431,1323131100-a1b45a6eff11d9db70825f7339249f81,0
3431,1321465500-6ad56298068473cac37f15eb43690e12,0
3431,1326974760-7006f9cfd8c7fd3017dedfb342bce4fc,0
3431,1327931100-dd35344d63878794edfde1d6913e88c7,0
3431,1322702340-75d1cc3a7e1394631d00d3c0d266fad8,0
3431,1327448520-40c3038dd6ddc928b212c1f304f611c1,0
3431,1324946280-5c5f40ec351b934fd0232f9bb2d591ff,0
3431,1322908320-0419e2ea79b0aa7f2596f761a450206f,0
3431,1322117280-3d395167881c9c129ff548837a115f70,0
3431,1327107180-54415f7d24c70557d150ca5c6db7a9e5,0
3431,1324613580-5fe7c0ecabcd7532d540bf67a60bcbe6,0
3431,1322874900-9535f33cbf72d2da33c71d5f02825166,0
3431,1321014300-7574aec122006b8f8209c00f6a6f1718,0
3431,1323165720-1150c8708d24898f33afeabb3cf05223,0
3431,1325874000-17caf584635bd7963d7f2e7f535ab40f,0
3431,1321665060-516c1cf041f2104aecb98f701d11f1b8,0
3431,1327518120-1b89a53cc870d96877844da7595d3052,0
3431,1321893780-c71bd54d516a0c32963b38a308b8b639,0
3431,1327867320-35ad9937e9fe7471d74ce22e00523212,0
3431,1325815980-aa8a3fedee73eb538863ecb7d3850c4c,0
3431,1327633020-065aa8e9e0a8a4916c48c82012cc6cdd,0
3431,1320105480-7286b3a9c78ad36338990d1504645658,0
3431,1323986520-b99edd300bc71b99a030164732c1dc40,0
3431,1326960000-345093c6f3a986390e6178e20369776a,0
3431,1325718180-86f2302fd35842bb0bb13293f9f76b1c,0
3431,1326190500-ce823dffab634c235e797eb2c83eea9c,0
3431,1326390660-f8dc9d2b749d2f60c0f14f1a79112069,0
3431,1323439560-46c683c10d7330d1201d0833246e94ba,0
3431,1325991660-7960bb44f0a2de1c1df590b83618d02a,0
3431,1321735380-05f286d88bb9e6833d512c877ef30c56,0
3431,1326857040-d56f85299eb3268063d2b954c79422e9,0
3431,1325639940-517cc5edce96127f9436689c28a89ba4,0
3431,1326722580-536697633518e7c3b042906aa3b42480,0
3431,1323828000-9bef7ec6084c783486d7603a59295eae,0
3431,1322443440-5217a2e92f43ac050f0b37bcf9faeaad,0
3431,1325766000-92fe14feb38fd305a965579c3dfea4bd,0
3431,1320421380-66c61262ba0fdc3ee2abfd8d58cc492a,0
3431,1327952400-45d5039658901a2d2bb2d5c2ec858907,0
3431,1325687520-ac2cc009639329ff041ea46d4fe91033,0
3431,1325693160-065958f0a5bf6f54da89cbdd97bb5602,0
3431,1322028060-b7c65618a4e31e154924e67bd43fd77c,0
3431,1322947140-1e6db405da13f4ca052eecfd4794be8a,0
3431,1323047160-d25b12bd82d6edee6103c7ab2bdfba01,0
3431,1321739820-f76ac42d75e160c93968990bc9f5e168,0
3431,1325808000-b9cd8b2453ad601ead305922355e7485,0
3431,1322788620-5fb57128b4ad2f36fcdd7011fc2e7ad5,0
3431,1327474080-81b8ae3d204d02e269197999c1405ec7,0
3431,1320756900-5bf682ea9d23909098dceb43e2b5988a,0
3431,1327978620-94aa698179918bc69861920949b845c0,0
3431,1322701020-d5dbbe69d0e3ec5ccf55b24ddf209c54,0
3431,1327494180-6fc75a27a84eb3326c431bb12880f7d1,0
3431,1325506380-d87858211aded796dca28c5a1a7538cb,0
3431,1322075520-07ecced363185af633680e560efb3fe3,0
3431,1324137600-bf5ff48c368803ede8b092f2890fa549,0
3431,1324470240-35c22b8fbc798927fa82d60c7fea7250,0
3431,1322462160-7b62c89c803d8f9fa3140ddd12aa2609,0
3431,1320465660-52f0598a292f43edc255cbc20e3f005a,0
3431,1320535080-2b48e12e62621cb053af1ba026ebefb8,0
3431,1321366560-548b37bb865123bb118593db89a8d88a,0
3431,1323141300-651887fbbc2127edf64aac4e206157b7,0
3431,1326736140-4847bffbb3e24dfccf62cf77dd93304f,0
3431,1324012200-297b6235ba322c616b73d540727a96e2,0
3431,1326086820-9b24382dbb2a13ac61f196e106dbf542,0
3431,1321448640-c7cdee109079aa2008e0696d1f49f527,0
3431,1322271060-6354d1ea786acbdf9b6898162841e01e,0
3431,1321402260-2bdbfd3688d3b005565974d6c5dbaee9,0
3431,1325725860-6373e787d65d5d4a0cfb3158705ef70e,0
3431,1323987660-703547eed2cab562623d5d5fa8b821e3,0
3431,1325691060-66c07ecb1d30f1b3ef781036a3db0961,0
3431,1327080240-68dedbdebfa6876a86d9a1a8d001b5f3,0
3431,1323429420-89f89a418c8de8cf613983c5ca0febd2,0
3431,1324345080-b997f6602c8eafd37c42c5b724590cb0,0
3431,1322267520-8117e0648e60e457712868e0e0f9104c,0
3431,1327578600-de9bb759516ecbc5c2e2e899f40c7b58,0
3431,1327907580-dc068c28fef83f3d9b771b01c0b8ad60,0
3431,1325108100-10d861d424882611a5071a6e4559e033,0
3431,1322605200-f44a5a81591d4d980af8b4705ca81871,0
3431,1327162200-9d89d7aaba6fb93839f0f9b63302596c,0
3431,1323820020-cd4c128697fcaa0b3547918a6c91abde,0
3431,1321050660-5f8282612e12c2519098cae259e32017,0
3431,1326471420-8f5cc1c010bd2750c898856b89fb01f8,0
3431,1321906140-6b14bad9991ea86d6bb494af1dbad2e8,0
3431,1325163600-8e8b7fa42d1c07e1c193c84a4fc9d5f9,0
3431,1326951540-817ee5303f0bcaa8f1f40059df4008b1,0
3431,1327066140-f566b1f9f0aa22ce7b8fced6d6826e86,0
3431,1327448820-ad987c7da540591c828e7a806003f8c6,0
3431,1322096520-5ad75ccdd9d31640ad2bb815133337b8,0
3431,1326525120-f32afc2a45c7260df4a09f14326933dd,0
3431,1325122260-68e3a804b2b086e2fe1c51b65390a1d8,0
3431,1320404640-4d70d6a6604e89dddf6fc271f90c47ea,0
3431,1325766960-c13cfac562e44baf739695b5b1cdecd8,0
3431,1324630260-6677899e5e78264054d4d67c64d3a958,0
3431,1323857460-9ddac14c6f24f2bc8891580af56c23aa,0
3431,1322678880-9d70c84e25e69918a1b3ac890c3b072b,0
3431,1326962820-fa402a2860889ab15e606f565653aeac,0
3431,1323228360-6f9d69ee7ccee6ede8c38da6d7e98779,0
3431,1326759000-bb96f87095eef5dd18c068e7919adba5,0
3431,1326736020-d7b93ec9b45c4563bb57c8efea8f2155,0
3431,1322085480-65b1b19885af0b57c0344bb6569a68f2,0
3431,1321012620-71af1a9f8be10ef726b20c63b4867cb3,0
3431,1326324120-46e3e9df761ababa2a49cc4e7c1f7280,0
3431,1326992940-7121963ae0d2c0e966c106f8e449fc75,0
3431,1326448920-47b58937f7b0ed43042c78bd1880c0ed,0
3431,1320494040-f89c9741d073c65408afbc78f693565b,0
3431,1324464180-a41ff1761ded4e3f121e47f0566ad0cd,0
3431,1326288180-ab2825bb872f24c196d256b80ea99e79,0
3431,1321543260-3f3fbcde1af2eb9e500165c19ae8b803,0
3431,1328041620-af4b3162d4714ac44c22099f2d20dd2e,0
3431,1323468000-83e673be82d5dbeccd465c712c4779da,0
3431,1325764860-0794e2d31dccd721bbf1a02837921880,0
3431,1327687980-443bbdbc1f901ec628d80cb9a946cee0,0
3431,1320433320-4fff15953a6f2dff017b1c452463e082,0
3431,1321370340-3f2779d8271fbba17b2cf900abc8d48f,0
3431,1322763420-d989bbc3053f7e62aa3f15bbdbbf4e7d,0
3431,1325506380-2d9bdd8e8bf23534e18f284009e2d5d7,0
3431,1324488720-7350fd7c03ee0323aa9abbb6803da543,0
3431,1326479520-6534cdc21c58166d5c6a096cf5e82bbf,0
3431,1323649800-18bd3b8faf334d3b65188ff38d2f20ee,0
3431,1327987680-fc921efd0b9a5aa357b196e5a43a54ba,0
3431,1326519360-640bcb32add58893b8308a43e2a00097,0
3431,1327365600-5902bad48836e2df71d563ac02893408,0
3431,1323482820-f60b05010f2d6161f857bf12b451cb67,0
3431,1323354540-a53063824194704da7faef222589ff57,0
3431,1326942600-9c96cc7c4bea0cda0898694b9f89036c,0
3431,1326940920-15cb0322499532e94ba26bd50f215b38,0
3431,1322513820-6dd83b3a589d192e06bd8da4fd59432f,0
3431,1325705400-1ab00f3fdcc44bc9b6ed1546f94bcb9f,0
3431,1326309360-c39876545962e84de3483dd8567d53b3,0
3431,1324476480-d89cca5d3f69918267f5ff82ad24d01a,0
3431,1321383000-0a588d0fe9a605e156db407b57acf967,0
3431,1324442400-114600693a2ed57f34c1ed311a28aa04,0
3431,1324551900-c4d058e18dfe14ed806e4467639edf0b,0
3431,1323384240-83e57aa465a01073af466c7c2f6d1a3b,0
3431,1327702740-443da0ec4f92f8dae0af03bf2984f3e1,0
3431,1327686900-5809319ad36caf7ec6a950ba0eb2419f,0
3431,1327023720-c5d020ee6c43f45cbc4b98328da07b3c,0
3431,1320502980-aea39a2d195e54218d6b428ea4efce5d,0
3431,1321373220-d13ddc27eacbc64bca9bd3eb033f8fbf,0
3431,1322523840-10c33a3f3804dfe38261a65de83d089e,0
3431,1324076400-c56729c42a76ec1ca2024f7740832042,0
3431,1324630260-09e2262cdf96b2835affcab6b2496628,0
3431,1321168920-de044fa3e6cc5e76dcb6ef5df06e5d13,0
3431,1327050600-ce2c868a3bc22e9f5dcd4f1edc0d5d4d,0
3431,1327954200-68476214f925c9d1af74e7f1a6c430f8,0
3431,1325641020-f3259c87871e3614227fe95d1d6e036d,0
3431,1322302020-aa94d79831c9e08dd37ffc0e1429e14e,0
3431,1325297640-30c90f9886ac6fdbd59cb4ada89ca586,0
3431,1327389240-0d2954763308822fce42757dce1ccf1d,0
3431,1323810360-35daefebfc39c60708c4b6c6e9806063,0
3431,1325784840-2d07078e049446f2e716a95658d2879c,0
3431,1323384240-c80d2b10cb50d1cde3ab7bb200385192,0
3431,1323886560-6b4b52e641170521eacf99d0e3468576,0
3431,1327375620-11b4189c60bd222466811576793c3337,0
3431,1325371140-bf331eea4af3d4b3a23441ef467d239c,0
3431,1325798040-d546d05de3f2ebe07746d66a34bee43a,0
3431,1327531680-d116502ec804e3468873e9a360752109,0
3431,1327627620-3bff61d0a0effa95d48cd6ed669c34f6,0
3431,1324364520-43500d08a5696fb462af184ab0a6d7de,0
3431,1321896780-dd684cf00ae3b3dbc46a5d1343c17f7a,0
3431,1321307520-87e156e7e22387823fa574885ff1ce53,0
3431,1326845760-0b3e258621c01c12eb04987f6642dd28,0
3431,1320494880-f2f337036c0d1b39b0cd17bcb7adcede,0
3431,1322266440-1904a3d9a8cd05352378b89f5d655fc3,0
3431,1325622600-5b3b6e455c790f9b40bf24b23f2d1e59,0
3431,1320406260-147bbf3bb78ae0036b517c6901c4da7b,0
3431,1321417440-a13dd156f6e5796166f4b60889d54dd5,0
3431,1327193520-58d9d5d8fc8b1f62ce0effb5edae3f20,0
3431,1323480540-ada6e848db3697b72b38cb6e0df226d2,0
3431,1320168240-c74f70cbe2d8f8d43a3f599ff8f96703,0
3431,1327907220-0c9fc5f43b14e9f0be40acb46c92cd0f,0
3431,1324312080-cb4843c8cfe6b24ad41bb4123a234a02,0
3431,1321485840-ba4bfd34dc2f4176cb78f0c3557f652c,0
3431,1320946020-58859cbb858387d16f497bb9b4268216,0
3431,1323875820-93c091eabbc84aefb0f9d0337aff9666,0
3431,1322598660-4a0261c597e2067081932226432c78bc,0
3431,1328032560-4d623bec1229f780210e9bf638f32db8,0
3431,1321390980-03c82d0a85074d4a104da464f859008c,0
3431,1325979600-035a5ab65933ba0018fbf41d25fb9140,0
3431,1326893400-42ae213a285454543887ecbc8f3f448a,0
3431,1326086820-b29fc389a52fba48fe2cf384b0a7933c,0
3431,1323180120-674901b0b277bf0ac529fd858892c23f,0
3431,1324306200-8e79aeea956a81679723f9d3bfc0f345,0
3431,1326707820-ff75b8eaa5c4144bb4d936c22609a4f6,0
3431,1323463860-fd8bf485ad4fb7fec12a674783e4057a,0
3431,1327767180-f18fca8410db5dc1ed2df534e938c762,0
3431,1321491420-aa93dfef7e062ab9992c8fa7a0f1e714,0
3431,1324321740-8e4d45ba9650dda6ed9a178cf402f19b,0
3431,1321391340-f558fbc3fb69672916240ee2a06f4350,0
3431,1321880640-7ae2bd6f44bc81f53448b96c3f56a8cb,0
3431,1320412020-d7939bcf9d3b9dc93ea78bef952c9ff4,0
3431,1320957780-c23d5377b5a6e86be4eefe8f618f351d,0
3431,1326608700-615dc29d356311c1acf0e2c0469888bd,0
3431,1321972800-f767d723a3258907e4fa57e508fea9c8,0
3431,1327977660-4c7057c342b4400062cec5c19389dd41,0
3431,1327005120-2c9a173772a9651d5e64461ee7b6d1d8,0
3431,1322275920-af6c5f9a52cc22485c5e83337e7b51bd,0
3431,1320431520-a776529fa1c6c2d885fc9e20aa9cf8ea,0
3431,1323402240-469667f2d9b6468ee2b98eb61efd1773,0
3431,1325105400-35f5b5e41232fd2202193da75bc15936,0
3431,1321301760-c06e9c7b3bebc99d587bf030ff6b857e,0
3431,1321013040-3ac28d3c2981d12d2ef1892bc98f5ba0,0
3431,1324164780-2f4121bbb2af92a025560b9682f1ace1,0
3431,1322300700-0e5695fd281f7d498c781bdca451ff0e,0
3431,1323463440-0d0d0c600f8b7d456739b46c04352e56,0
3431,1324527300-7897de29a5ad16232440d9e9573e647a,0
3431,1326757680-bd7570bde0b8d00b787b17fd41796205,0
3431,1322779740-696c743995f16b9b0c0ecd59bc84834f,0
3431,1323895500-92dbc44db0ea3feabe163238afb3be92,0
3431,1327309020-f0536095c00f1d87d2ca00470f791895,0
3431,1321095720-f65e9d8ce77213c824c192fc58d8d04c,0
3431,1322134680-b2829602341cf37c5fdb220bd2f33549,0
3431,1322732040-1cc67ee1756e585ce9dd7af4270d7242,0
3431,1325893620-9d9d576ddf4bf363f4a0b335571f1a21,0
3431,1321664580-940322660c24e949dc0437453204efdd,0
3431,1324068300-84ad8264badc925bc37bc9054ac2d748,0
3431,1324486140-aceb14f44de892c84b96e2a4e2aecb92,0
3431,1324591080-ac2359fb02229c266f8b311918126dfd,0
3431,1326270660-32309d23cf02759ea2393c889449c27e,0
3431,1322460180-cc95d03beadbec67b71e93b8f4e909e4,0
3431,1325877540-371c49ffb3775669973f72d58e3b4f0c,0
3431,1321751040-c5db444180ab66e3c6e45492410271d7,0
3431,1322832600-a7fbd0660222bcb8cb525b5cc87587d9,0
3431,1325224200-b003a71f1be893481f24cb29502d14b5,0
3431,1320706380-c9954c8e7f91605eaf32d9196b19a87a,0
3431,1321971000-5c3e3c6e9a7a75293b562ab24f9cbcbf,0
3431,1322328000-540d297d4be7a5947ad93aa22e0e86d6,0
3431,1323146520-2cca438ba0ba24568664918db1777834,0
3431,1322268420-722af7dee79dc3572066732ec36b0889,0
3431,1321386600-70d60068749ea03832dab2a738f1cb54,0
3431,1321883940-93cecc7495c882a0b3344f013d1a611d,0
3431,1323147540-f1c1b7d1cc162e10e90d4d441364dd19,0
3431,1324237200-fdeeb2c8382962570091221936f12b07,0
3431,1327521660-834a744504d92ee7af8ca70811c89cb7,0
3431,1327585020-2d00a269a424ce7caa8c70546112983b,0
3431,1325125920-76ed6433375d3bc552212cee7f915bfa,0
3431,1323709020-4aaac105b7692144a6e55354591f4e26,0
3431,1325910600-b8635086d3fa8aee95aac9b41190a5c4,0
3431,1323995640-fc477262642a9581a5096a8b9c707146,0
3431,1320250200-bea7c9dd4a75be1f4385e8ee3f79c615,0
3431,1323451860-6c7aada98c20552a7f852296e3ff5dc1,0
3431,1322834760-dc7ed2cb833fd805593efe3a808797b3,0
3431,1321477500-bde132545f4bce53563b80fcb6e49da0,0
3431,1327364640-7c34562e48eca32f1721d4cea2b69ffa,0
3431,1320501120-63ada345d7ba90774862cbc7370d2788,0
3431,1327578060-4a7bf097e777d03c091bdc4147bb796e,0
3431,1323198180-dcb8fca98d63061b21d6e2f97ca1a50a,0
3431,1323315480-c591e1b54550065ecc917a9098614005,0
3431,1326727620-434062bd7ab69353698e03ed1829e25c,0
3431,1326413160-63c0c3803e4a326e9d84975762381f06,0
3431,1321576860-5fc6ba14f24f21aa5050087fd4d6e3f5,0
3431,1325780580-b2f9b637568a4ea02b69891517414ee9,0
3431,1321380600-cc7eb7082dd424672127b44a6c119c58,0
3431,1321399860-c6131bc6da412b4ba31ba516b88233b1,0
3431,1322091840-95c656f3c41f19254ca41d0c76108ce5,0
3431,1322053800-2782a097b51621394725741aa45d9c29,0
3431,1323121620-7b59d965602fd16e65ccb0816bccc125,0
3431,1323362760-ad01c69be2ef76b8f999eb5314396fcd,0
3431,1323031260-8453f67797d25d5faa82756995227571,0
3431,1327536600-432a7f73c61f3f3f45171c3f77e65d5f,0
3431,1325639280-633aeae8e592c3376028bbb717dcf752,0
3431,1320633480-211c2dda02ee0faa42558921370e82d5,0
3431,1322744400-16bbc5b4def8df8df48785db19b5d583,0
3431,1327884000-94387ceb6082cee7a9119db1100e7b91,0
3431,1325517120-c0b6c848354c347e8b17af58663473ae,0
3431,1323303060-d41a3dd3002669c6b3ae596b338a7534,0
3431,1324090320-74c0c6858d893d773f3c53c9b5475a7e,0
3431,1327799340-8e808086f8e4ef59e1385f5e6334c0cd,0
3431,1320475260-b55985af176f5b12aafd5a3fa39a8f63,0
3431,1320927180-5a586179cecdf9051a595039537b1c3f,0
3431,1321775100-704d84272f5e96b6edd7deb29d75241e,0
3431,1320930480-349d2ac3d87a1d5fbc1e4a696f6a9174,0
3431,1325287320-6997797f3b54a287406f820e058fb158,0
3431,1327570320-bf5d313839997df96f04bda6cab7796a,0
3431,1322044680-2b8bd560ce5bc311bf67a52f8b0f5029,0
3431,1322712600-b07ab4f00a12c5e178b63e9d43737517,0
3431,1322682900-72a412cce40f5094f3ec6a789250ea3e,0
3431,1327455960-9808ab6ae0bd3305049c64d03443ebfa,0
3431,1326803400-15574ee1cae15fd9c180788d580703ae,0
3431,1322856720-0cff1c0da3ce4d56c5930997e526c330,0
3431,1327610520-2023b7662d990a70f134be1dec8f7983,0
3431,1322077320-83d56c1fc6e209cc98d449d5fb646c55,0
3431,1321047480-7ca1b87a00a49c4529b91ff287647243,0
3431,1322074260-c14c384a1de0f6ad19f67e4cae4c2419,0
3431,1321319940-3dcbb962d6e6232470ba627dc5501b28,0
3431,1322158440-6b8a9e08a317457c0698e04040923057,0
3431,1326379200-64b9552d336a6ce80b6ff1287db0b323,0
3431,1326412260-d8cedde5aea899e27ebea167f0c220a2,0
3431,1320502680-164b87ae058da8e67dd07d091570f1f0,0
3431,1322116920-3baf791ee1fadc59c7e03b4e6a08f65a,0
3431,1327508460-6bb384726c1f46f3a17e59bb730895c2,0
3431,1320321300-a75b21e00915f5b9aee1db54d2c58029,0
3431,1323371880-7d311ca82f5c1e3f286d44f5883a0f52,0
3431,1325193360-5f3036ea5a46810678ac8e75d31f6f78,0
3431,1325082300-058bad86f532d2fbac3d3ae382df5a28,0
3431,1323283080-155dcca2d3636f63049ad8dc92122da3,0
3431,1322828400-83a88a4a795502c60776b031f787e59d,0
3431,1325209260-f29dcdfddbfe9e380af79ac5ad2ce660,0
3431,1325224200-8bf8c556c46c037720afdb2926a75c11,0
3431,1324061280-be4bcdf0cfb7deba8faee4bca37eb20f,0
3431,1321883640-96ed4cb298e26650e11ebf035b3cd157,0
3431,1327254600-c1672b28b3eeb7560b7a4c0624532f62,0
3431,1321907760-bf39d775e39975f6b2254557590151d2,0
3431,1322005080-9ac29d074be6c24a1de1454dfae6bce5,0
3431,1320955560-24ac0134dfe04cc9571dbe95e4e57d60,0
3431,1327119720-6decc80e1c7a3e8ce27f4040bde7ee3f,0
3431,1327090980-45f951f7fc1884e80109e6cf591fb1fd,0
3431,1321998960-9a26af552bf15c7d5871831b06a8f7a9,0
3431,1326798060-2a6089d453a5862caea868cbfb288062,0
3431,1326936600-7cf164fa551824895520d0532bd5b68b,0
3431,1325499000-6aeb90e83d9b8db4f3e1576b2fc6ec73,0
3431,1327542360-bf7b0903e65f4b581ded9f66f4ef9bfa,0
3431,1321117920-1f14e766526a0b2c6cdbac0d9c885f9a,0
3431,1324156800-8197723757a023968bf5640a91b6ba4d,0
3431,1322758560-1b0b64f0cdb23d6fc6d5ad0f028f615b,0
3431,1326400260-232882f0dd0f8146820b191e12c583de,0
3431,1321716300-b0a30a2bdf3caad384d88bc28864ea8e,0
3431,1321094280-bb3a0fd31c7bd2260f383793a86ff1c1,0
3431,1327634520-29fc5560178c8fd0618aaf9a8291c79f,0
3431,1325287320-3f13b92d7c031f8c6a0dcdae44ab9e56,0
3431,1321319220-3f389b2886bbcf1d4c1f012f5afece75,0
3431,1323199740-17c312441476f594d0ed312ab7fd6a92,0
3431,1323468180-417036b9aec0f750828168f19db49e67,0
3431,1327056960-061ebe4eae9059b9867ede8c9da05655,0
3431,1320517440-859e8ecd6810c738c0bbeb198ace02a0,0
3431,1321704900-0cc6b5119328da75db7320f173d2a367,0
3431,1320879960-320a6920c2a4bec458ea6b1f62b9cd54,0
3431,1322434500-c0e2173d594a38246e9ca7f8543ac34f,0
3431,1327491360-281f6e61ac3be0bbeabda25c4777a9d4,0
3431,1327961820-4d477326cecfcb5f618ae2a888846071,0
3431,1326411000-b42de96c81ac97a5729e162508342bb2,0
3431,1325241120-29e67c525d160b81284e30cd73a9c2bf,0
3431,1323453480-912d3d7453812b9dd105c5a9fb6c309c,0
3431,1321263900-67e4c09da0e511bc10b06a5a3a087151,0
3431,1322653560-043470646ad9001b8673c1de0b6184d7,0
3431,1323839400-39e0c77127c010fa206e9b48a1d0a0fb,0
3431,1322517900-f4076ebf4bcb188587760cbcd811966c,0
3431,1322076240-63ad4a9681e146f261f5df18c35152ce,0
3481,1323882060-cf9aa8ab2fe732843b39c026c37287e2,0
3481,1322763300-fa9a4e67727370b1c449e358a846cbe2,0
3481,1327619640-14412c017e8297eebeec82d45f77c90a,1
3481,1327618200-fb811021ae13d4e5656c22f71c32f3fd,1
3481,1327617060-211a22b2be78b15ad7c648e32be5dc27,1
3481,1322174160-d16fe51627f437d5ba9b2900b979ff30,1
3481,1325130600-c33c4e31fe40001fa1f1c49dc490a663,1
3481,1325126940-2a3a615cc0804c3bdb876532e3537c72,1
3481,1327853040-cfb8fd1981aef48f4a9e846697b67493,1
3481,1320780060-150daf4db98a174d0b53cb9e868652d7,1
3481,1327443960-54571a76f7389702eff77b14c56ed846,1
3481,1325629740-bcbee5d2e346eec73bf4aae36ed43080,1
3481,1320904980-4270dc78084e263d4487a0a701ad7a64,1
3481,1323770460-714df6e85bd1dd4b3049b7940ee43aec,1
3481,1324196040-b8a864abf8e4bb34714971a0ccaa9f43,1
3481,1323416940-a5a36063fcb963e21273c3a8ced94e85,1
3481,1323486660-8561130da946829018a177cd9ef3eb17,1
3481,1323411360-75f2301bcfa079a56a17efdfac97f03a,1
3481,1323387960-3fac4d9adebb48166341957c46a8419a,1
3481,1323475320-06e87d44c5a3fcd6fb121d0757955f60,1
3481,1323445920-24abe8367097ca2b124a7447d921b16b,1
3481,1323405420-684af36b261e2801d2e60232d23e4eec,1
3481,1323377220-0f53e64a7dc84f61674baa18dd7616ae,1
3481,1323410700-9dd04adae1e522e6dbdadfacc967ed36,1
3481,1323684900-2a2213dae2da445e4a49b5860dd2dd34,1
3481,1323412560-bfda577bdf8fda95eea574fbb4085b70,1
3481,1323190800-38d43c769ca277f2ab2bb565bbb08c6c,1
3481,1323410820-a69a6e1dc06e06579551d69fe253bfb3,1
3481,1323375300-a158ec0291305bd9bb37356a3560c95b,1
3481,1323389760-40302b50c7708de6e9dd69480ad5054a,1
3481,1325902560-4ecfc1ef5b38df20237220c6fd2da209,1
3481,1323369120-fccf6b22a2dae1570ea0630c6c78e821,1
3481,1323643980-b83cf00042cf594b67d065c018b5709d,1
3481,1323397500-2e75b77e29bb69134795efa00ea96422,1
3481,1323395400-594019885d5d83a75fe5811927668c5c,1
3481,1323479820-44b321ec49b12a541a0fcea2046b1a54,1
3481,1323452760-6b98cba37e6ca383d84f8d84541cbbe5,1
3481,1323483600-62653bc398fc185b29c055e22f6d097c,1
3481,1326232020-5a1d8ee8f2c821463cd0c50708d75ba0,1
3481,1326425160-5c73ca30ce53ed342dc256ee8c91528e,1
3481,1323410760-690441e50c614751f0eb203fd4f62adc,1
3481,1325557680-f383cf6a0e814cbe8617f4710056b626,1
3481,1326425160-a4e1ac385ec975d94b2596dc0f98e5f7,1
3481,1324041960-d17d5dedb5e9fdd9c2a73744418436d9,1
3481,1325897400-3d05b802640c4f703872d8ca2808d1a1,1
3481,1320318540-b26ce19da1972c6cdf84935e077200ea,1
3481,1320341580-486338b5cde3a13777bb4e1ed8d9ae8a,1
3481,1323311940-a8fd29c9526f383da841427d4e929cb2,1
3481,1323810600-44393665047488d898f42ebfd932672b,1
3481,1323418620-1d56db92015c61bfeff3e34c1714d0c1,1
3481,1325721300-18345f15af605578ac5670d783234fa8,1
3481,1323437400-37a7b140afd3e92ae86a4197156b417b,1
3481,1323389940-b9bfc6e4835b17ef5f193aa3a966ded6,1
3481,1324172100-689e8070c8da6240324e4683992f43d0,1
3481,1323425520-d7c677d8c62181148b089d9733e38c21,1
3481,1326163920-001d4d3b302a1b3554a737c8b6902c4f,1
3481,1326404460-00f48919babcc9a4cd9e5b73113b441a,1
3481,1324423860-48086ed41be17b71541baf2366e54bc3,1
3481,1320996360-74a6ca99021777d83fdbad525df94842,1
3481,1326405180-625eed564769763d9d77ed48e4d9b90d,1
3481,1324574940-27b4812624ad3bad1b55950163cb4112,1
3481,1325721300-401c02c85b7352eaa26a6c8acdeada1a,1
3481,1326145620-b4c46887297841777e56ba3789068abb,1
3481,1327831560-43d1d97842a8c8d2d6eb70108eb376d7,1
3481,1326630960-c44b2086a64795b9b1b0ac90a9a49af8,1
3481,1325881560-1a4bf582783dc99af47f91700f2036b5,1
3481,1320821160-d45dc528eeec8a701d09107f95e431b1,1
3481,1321514880-a7ccc10631f168fc2ff68a52c9fbec73,1
3481,1325774460-4e9d10d1f8b54ea3a7f26943089c1490,1
3481,1326133620-fb055713206da0184aeed3af2d0ddefe,1
3481,1321465680-bbfb545cb82f3adfc2ac78c32d696a68,1
3481,1323816240-ab166fab3485b8febe52d932d002f568,1
3481,1326144060-907a43ffac1093218fa109362ce5f5f6,1
3481,1326144060-01d58e73d9a818e7fac8d766a946705c,1
3481,1322718600-87b8b82f15699d2643b795327de54896,1
3481,1323146700-9cb4d7407a891cfc7e43d092e14bdfe1,1
3481,1323830880-5687139a89eb1e668aedb2263a67bf0e,1
3481,1325748000-cb80abf6a251b07a798fd6f66194bace,1
3481,1321886040-0d93bee68022ba8f8606642430a86920,1
3481,1323818580-a7ca573b41b914fb78201da2052a749a,1
3481,1325720160-c8643020880ea078cbf617d7d24c3a43,1
3481,1325732640-f10d804e91f6c3c67cc6e7f80940209c,1
3481,1325732640-3c248571d75574bce8379dbf28867ee5,1
3481,1320958860-a7b8866b75d2ad8b97ae28a46755af14,1
3481,1327213860-269af6e2e4a9c301af555690db2b0d57,1
3481,1320991380-f58cffb35b7dfeafc83d77eaa2f5d289,1
3481,1322086800-da2bd516a81142a0235bbd2b36bfc99f,1
3481,1327131060-f3c4e800d045c4fe64668b78cb7f48a0,1
3481,1324467480-6435cf48cf7ffd8b21096d7d370b9a2e,1
3481,1325800560-3483c09b1b3b88fa901567df849d8abf,1
3481,1320965520-6b42436e41d01625962fc800db297da6,1
3481,1325653500-5a0641fe2fe26e3cf8f5dd712533c44e,1
3481,1323819180-62708d40cf000a8b853999de011a936f,1
3481,1323817500-0ab79094f6f7d61dcc9cba1d9e16b9db,1
3481,1322673780-94fc1abd2d854315e0af311c2a6ffff3,1
3481,1326403620-2a72a0387417af1103c491da417270ce,1
3481,1326438240-b38efd5580c69661c08effe2f05dacc4,1
3481,1323707880-cddea60846adba811700fd075b47aaaa,1
3481,1323667800-3c2b2d0f7459a2ecf1ceb748045a6b3d,1
3481,1323656520-28b5e5d0a7b32f356f2b2bc9d8ae7dfa,1
3481,1323718800-f367d229c24cb439fab3ce2dd418a906,1
3481,1323662040-a40e20d1fc5ca4f1617e457480e833cd,1
3481,1322569680-dcbe755a9b60386845586700f940a447,1
3481,1323718920-40c55ad2d7441707f336894b7d53ba20,1
3481,1321601220-0422a7bccf638e320eddabfaab8e560a,1
3481,1320347700-c6f0a59b0703fb9ade357686b70a3133,1
3481,1323757080-92f2d830386d00b297008cc47ecbb7f6,1
3481,1322724600-36f2d89fb70ae2dcd2edb204f5ca72d1,1
3481,1321557720-8618c1b002f74562896dbe74b4a44d85,1
3481,1326438240-99f19c2d7a4a952a13e9b37710f474e4,1
3481,1323777540-ce3463e9b6e427c8150b1de7476995a6,1
3481,1321874700-c500cdffb755d392f983f16eae3e3e59,1
3481,1323765660-3b55040e4a10798370e8e2f1c83a7d6c,1
3481,1325668200-780279e1272f126ba5551a1cde443e39,1
3481,1321641540-b8b86886b4a64e78276f0d66ad67db58,1
3481,1325987880-9db2d721f4fc1a2b496949ed67a0ce05,1
3481,1320440820-d64ba84320a32bc3e21efa3108773e4c,1
3481,1326208680-72620c924552ecd14d51d86592c7c4ec,1
3481,1326452520-9c0bec1e219ae56b07d663c88d6e4c7c,1
3481,1325578380-a31214a132e70f1ac2e5f57ed590615f,1
3481,1326494100-460a3caa180376cf3d7d8736a9bdd584,1
3481,1320443760-25d185f9979a400996063f763dff14f4,1
3481,1327015500-0878b2c19a62d54a098f295fbefa1bcb,1
3481,1325900040-4204b731fd1bd9fd5fee60723f6a6ce3,1
3481,1327108440-ad2b7150f5d283fdde12668793472682,1
3481,1320443520-58dbf5930b97c02195e724019de082b0,1
3481,1325900280-17d6e09d276b5ffbc70af1ea6f036024,1
3481,1327015380-f73f69ea6b8f526ffa359ea889f11152,1
3481,1323776820-d04b35892dcd85a1819729ec3ff9add2,1
3481,1326545700-b8d8c42418fd1de45a7b62ecdbdba874,1
3481,1326538260-85006dba4643e7f74e29132afa517a7c,1
3481,1323672180-1f884e111ed261b418da41e068d874f6,1
3481,1325887620-f41a9ee7efb01898597058fbcdc1a0a4,1
3481,1320764040-c9fe0fa0c891cf646d5282731a5cee9b,1
3481,1327289580-5cf23f6c94c43ce8d2266be6d52c921e,1
3481,1322616960-b3b6e1679d6e453aeb61388034fab9bc,1
3481,1325542680-67128beaa2f07e2e750324fc3add9a89,1
3481,1325638740-6a4550fb46f77686cd9b04826b981eac,1
3481,1326521700-2f611b7e24eec3287e4c6c7d2add5919,1
3481,1326521700-a11407e1ae58906bc16b1c4628b5efc4,1
3481,1325549340-b3596f7127137eb9283dd18687d4deab,1
3481,1325554560-faded48dcf17ff73dc9c751d8766e1e8,1
3481,1326482100-7be6865023f7bbe2d11637afe4165656,1
3481,1325897940-61f484a19f1b7619d805de3850e8fe6f,1
3481,1326214800-c5cf7016e0a65862b244888c10758adc,1
3481,1327487400-deaad2f77bd39f2abc7bf2c63ddc8fe0,1
3481,1327018620-1fe117ef2ab3e595ac98509eda0cd7ff,1
3481,1321265700-2cea367e47be5da72e7bf88d8c398e77,1
3481,1326596820-c99aa7dac177d7cd9a289590f63c2df3,1
3481,1327165740-b3da31189435529f8857b7f49e9a1244,1
3481,1323801420-2976e3456f44e7d1856edf15965449f6,1
3481,1327223400-af3b6817fe067b3ffd6a640512fe9de8,1
3481,1321652520-6b322ff24f5b3372ef1e14e3b3fb8403,1
3481,1325553300-4582a29200064c252fa0a5639eb6dec0,1
3481,1325552880-97fde68fcbeed648237516b93db7531a,1
3481,1326289140-3494efb33ed2e1904a6545702430ecf8,1
3481,1326289140-aab2bd8fda8038da059a6f248d10bf48,1
3481,1323072000-53473c4e644b9cc47d6c41b4b2f7b474,1
3481,1325978280-03d94d018a4fbda602889dff46b8282f,1
3481,1324964880-0da7f6acece6cca999e8cb317dbead06,1
3481,1321777680-0061a687f935986c7de677167dfbb0c0,1
3481,1325001900-2bfd8ca881e674affe778399de74d7ff,1
3481,1323927060-6bea76dfc7b2b7e8a97c7e21ebac6b39,1
3481,1322610300-0cb4785ee21762758068207acd935f4a,1
3481,1323484680-22679f442e05ad995b25e1ac3fabb5e4,1
3481,1323486120-d2ce207615a2a6706d5af43aa7b20152,1
3481,1325554440-def999c7997edcbde2e7687081175497,1
3481,1322550000-459f4e0e8fd5a9cc41d739c8f5ace5b1,1
3481,1323484080-a031dfd9a25184523002dbc24f4e4bbd,1
3481,1320686040-cd2736cf6090d34de8ae0954cecf64d6,1
3481,1325985120-a82df27d1706ce3dc5d6981c7ceb9761,1
3481,1323485100-3e6c9bb343c19510ceb7b558f43b8b56,1
3481,1327016880-733ff846198a646cf079f5c53d7d26bb,1
3481,1323620460-d68c7e9905089b8f524e05d5ace115c5,1
3481,1326442740-5cb4109f05c0813071cdac78a95ee36d,1
3481,1323296700-5392bc9223840a93a3394f4f8ecdec32,1
3481,1324015800-82ffa88055233ca51d4a4fac32428328,1
3481,1326252720-d747882bb73880c806e9bd77402d0d55,1
3481,1324990440-1ffead5155d4755d450a20d12b167354,1
3481,1326845220-b07f5b46d2f2970397edec320d1dc616,1
3481,1324462740-af2e48a2ba4f2825dc04a6b0314631b6,1
3481,1321579260-ac7e8ef8995bbec1ba27defd38af9573,1
3481,1324043940-dd05f1b2888724a7682d215bb69ff550,1
3481,1321468860-257a416203aaa9288fead7a20dac1d9f,1
3481,1325550000-bb00f4ca866387edd8853023e89e6392,1
3481,1323147180-85ee51802d413c3c824f0c4d4367794c,1
3481,1327435500-56dec91af95fd15b2eeaf667b5f83dac,1
3481,1323375060-5eb96be5dc9e942ab7788f5f549ed85a,1
3481,1322692620-19dade3edcd8361f8df49c8af587b57a,1
3481,1321942800-614aeb0e00191acc4f69c3214578a34f,1
3481,1326153420-29c056950e7af49454caf3e63719c4db,1
3481,1325978100-f198cbbed8b57c4a9a24e7dc5a4f08a2,1
3481,1327744320-82713dfe9314a5d7f5a2eca970e5b6e5,1
3481,1326558000-1627c99f7e1fc5485e7ff3bae367e32d,1
3481,1325797680-2a23e102285fd5720b2bff8fc12d5888,1
3481,1326784080-d0f26caae65b41083debf386edb4ae08,1
3481,1323504000-9b6e8912d4c4e516cd30b5a90863e2ac,1
3481,1323486120-8ccb27797bffd7e15fe0a44514b95dce,1
3481,1326618660-90189f5650b04144cb1feb2cc60eaa6a,1
3481,1323674940-fe02e1af6425328e5913724de20ab06b,1
3481,1321504260-fbc010a9321a52469588c92e8ca1c588,1
3481,1323486120-88306d9924bf2dbb2f9dc86901192ed8,1
3481,1327014420-2f260cd403e886a99e2aa7be2e744c63,1
3481,1326625440-0a0e1249792ae0c6a0532f0884948945,1
3481,1325978100-4642c11b01e7dacd8c59ec45295c8597,1
3481,1326556260-763e11d38f8dbba5b4c09d971958e9a7,1
3481,1323450660-d772ff4a851257cf985f7a6117eb718f,1
3481,1325594580-849202ee7d8e0410043d772e95136446,1
3481,1321418280-aee1622ff6dcee7adb08739e29e20281,1
3481,1325594580-41219521df261ff33a363470d7899e08,1
3481,1324905240-33bf7b303683458658b1d3a5a664964a,1
3481,1320989460-2c399f881a8e87a43adb85e18ac194f7,1
3481,1321000560-45647ef7a1de79d0f26aa130c6e0912a,1
3481,1326381120-ae3a90eae3f6fffa8cf374c0d46d13af,1
3481,1321023540-bb9b9609329ea1840b73f020d4a70a2a,1
3481,1322698440-21a7a8b97b9fa370a5276ab4d417c74d,1
3481,1324384860-fdcb290682d653674a70df52666dc7b8,1
3481,1320723240-8643cf9acca880134fa4cab6eec8f722,1
3481,1325768640-4080c3f3d11b74bd89ec1048b9bad190,1
3481,1326733080-76679d28e46e447b2beba0c7c108c013,1
3481,1326101700-a93969020d32b49d821c4746fdb49198,1
3481,1323681180-c531e989ab4bc806b2bd5e04f442f607,1
3481,1320707700-969ed402e9fe8d04252a1911bcf451b1,1
3481,1326734460-4644b3671d3884e0a00346ac486dc09c,1
3481,1323329280-29ab892b2a8025ff540df69767be5d94,1
3481,1325630460-afe5d1c4a214ea958ff9574c4cea29ad,0
3481,1320563880-c27e974865059c58a9d5aa4ce3485f35,1
3481,1322983320-575fdede87d3a2f0ba51eee01dea0aa3,1
3481,1323806280-b6d07c747a67512884b17d9400441225,1
3481,1320996360-840b5ca86ffad249b0905f1c1a28d30d,1
3481,1320137940-a9138d1d1c730a91c11ae85c0dcce246,1
3481,1327013160-8e0c4b4aad4010f7774a55f4b44e9872,1
3481,1326732960-b9c78bde7b93085323fb233dc70e3b2b,1
3481,1324992180-f1c20d4709540cb5cf8f0c257d07bc86,1
3481,1323448500-5051965f3a3a7c57b4127eac476d600a,1
3481,1323500340-14862382c8d5512769f42c717f1d9737,1
3481,1320781980-c331feb8efbc8422e2a0f540c5865ac2,1
3481,1327008600-788c6dbb70a0641de0fe9ec8c68cb95b,1
3481,1325011320-b9434caf031a75415d3036d753e32723,1
3481,1321465200-316715ff99cfe23a426472a9f4b443ac,1
3481,1327138260-f141cddcde2f3f47436aad2688bf3de4,1
3481,1325298240-2c257aee66be1076abca4df151ecc4a2,1
3481,1327012140-6ee97414d4c780a6172b4bc6fde40cad,1
3481,1327012500-bf959fd2872feb79d460bd68c3495cb6,1
3481,1326735120-3afbcdb53f04aba605a6eca051b2f6b0,1
3481,1326835860-37fc0c44097706a2dd706f4ce2c923fa,1
3481,1325578380-380d610d55455b85fea8b3410da7d4fd,1
3481,1325332800-b7ac5476f01d38ffae5b6cd073c7ddd1,1
3481,1323689520-1b4807e763a13da5022cbfb309c4925f,1
3481,1326738960-a2ba3a5de509f5c3804082a6346920a8,1
3481,1326738960-923fa3a24077a479aa1458c028e12410,1
3481,1323208860-d2b20db8a8770da54ffda31dbfb6842d,1
3481,1324205820-a6090d6750df197f7430c15ee94469d0,1
3481,1327103880-36e26b288474c43e9677ecfce9cfb409,1
3481,1326747360-9eeb6ab4ac9b18e32f8b57436ffd5e9e,1
3481,1323088560-c5c137d766c38650878aa18c79887055,1
3481,1321807440-27002c9376ab248358956a709281ecaf,1
3481,1324972200-512b28161fece11e1fb8eea2c338dfbf,1
3481,1326000660-81ef4573ece9a5634b9be423808ab4d9,1
3481,1326443940-db7b1ed77f7789656be1518ae4cfcec8,1
3481,1326000660-9c3d9c6ceca1c5b270b4a3a12aca0962,1
3481,1326271920-5ec0ef814547e98abd2aa1f34893df75,1
3481,1323806400-00632042ceb5940033b667d1286734de,1
3481,1320951120-5ec1f0ec84ac00172a9b893d75a30f73,1
3481,1323675600-4f37ba381a19d0fd8b7a4c3beaa22220,1
3481,1325362080-b5fbc9782589a2f94127ad88f2c9346a,1
3481,1320991320-b589d2856f848f23ff382dc846436014,1
3481,1320817920-64dcd96380d51dbc41e2e128a2a2f924,1
3481,1325795700-042cc3ec06d2c159284b843cb7276fc4,1
3481,1324019040-6ba9e77a567a4fa34c0fb6619a7504d3,1
3481,1327013460-512afa0fc6bf57c78210eb24e88395c7,1
3481,1323678720-31aee7138d03a2e3a9606612caf2cc10,1
3481,1326213240-10b707bb0fec41f8b3f81a06b0bdff78,1
3481,1321843980-ab36f544166505919cdc7a7906a29cb5,1
3481,1324196040-1cdae72b1937bd961ffafa32a552e08f,1
3481,1323678720-45bcf75332f1ef6afcfdb019f7e9d11f,1
3481,1322300040-83554123fd287558b6c4941860d95c05,1
3481,1322718600-77f40ccd0d999086c70b9d0973cc2d10,1
3481,1325274600-c3b2c8d87b4a3dc3faa4b6df90c97382,1
3481,1326605520-40081b500c365b843ecf80cf7d53ba78,1
3481,1325550480-3d1d09a0711ee2592251b60e895f15ac,1
3481,1321686540-27fb94954ddab1211e5235445ec6c8e4,1
3481,1320847140-0b439ba42616349213c9919bef581688,1
3481,1322818680-1b814b322309ec7efeac2260e4f8f0ac,1
3481,1322609100-716fc660f09f61a94ff234868ae34e03,1
3481,1321303680-8c70478be97329c6b94f5eacd95ac42e,1
3481,1327748280-3766ad0d2a44cec5e30f083c9d891fa8,1
3481,1325377560-8e9c7b6f96d7f8c778c2db25d2f89fcd,1
3481,1325539740-64856dd3fd27e361cab5a35fed64730c,1
3481,1322990100-1c70233b26e0d77306f96e51de0eed12,1
3481,1321308420-4c27243d230bc11c4d6ff3bd865964ee,1
3481,1321924320-cad68d8f83af8ba40c0cc1dc9042e971,1
3481,1325355900-3e82baff2ccbb435a8d02cbe08947339,1
3481,1323806700-c7e941d966540608c70da4c34d54deb9,1
3481,1323966420-9901800664dc1fd9817c383bd733be54,1
3481,1322987280-2123c9f1d07a307ec0997f69eb4b479b,1
3481,1322206500-99ec852b878abc8365092390b0edd454,1
3481,1325977740-a005566a443d8a6a0ce206a75d0a0b77,1
3481,1325356320-f75aa0ddcde84c29c5281278d7abb248,1
3481,1321447500-771cfc062f98e375f50c729323d32d6f,1
3481,1325550480-a1e979f0410aa48b4e22ae9a7b8a9ce9,1
3481,1321082220-74256fd91545572d6645a9100f61ffa0,1
3481,1322611500-23215e1f3b01e3da8e9a69352ac874d6,1
3481,1327459620-4f1308c9b1d133eaee8dbd252ff571c9,1
3481,1321491120-91822deec3c99a3fcc058e47b31d3697,1
3481,1324971480-c8dfdc4eb878556b370bb54a26752749,1
3481,1325403240-1a3354c29908ce6b16f91625ad910ac0,1
3481,1321657080-d6d65724285dae690e3739847ea13d00,1
3481,1326141480-211fe61f68cdfee8b0a501b2b1fb0f79,1
3481,1320958680-319b1ac223cb1cdfc7b60e06834c18e1,1
3481,1321603800-8cdef44d538c9d6d9f4614de48f7dade,1
3481,1322862000-6fb385696963181e80d19db491e81d6e,1
3481,1321490040-782f20936d564d7642d75388eb942dba,1
3481,1322638620-44d0c7811761b40a27e9a9488cfcf103,1
3481,1327462020-84608defdb9180a2f7b9b91899f0dab8,1
3481,1321938480-6d71315fd2ba7fadfbc492b57be33640,1
3481,1324232340-9d3c585cfc2ec533164c7fe309034cb8,1
3481,1324230300-76c3d501c6c5bf6da042bb4538ba6d95,1
3481,1321037880-b979327a84372d386fb1bfcf5f02d8dd,1
3481,1326344940-fb319b3259314d770bdfda8e5d022740,1
3481,1323804420-7d33efb6141ec6dfc2e5b9349bbf0e24,1
3481,1324904760-c5c56b359ab37b94f45b027391beacf0,1
3481,1320604680-7c6c0bb822d3baede799ed7311e292b6,1
3481,1324400940-bb3af8310337047d6e3a7eab5a3adc31,1
3481,1324230180-d2fbd26318e4b51fe728812037c0de34,1
3481,1325979000-13ff272a3f0fd17827298e81d4ae4b04,1
3481,1327889280-030a430cddaa5567ee8bef5f8e29cb4d,1
3481,1320876720-1997c8cda4ad8a39b0a904baa1af9f7e,1
3481,1321075440-198ade704cb2fec6a0afbeebc8aa82c9,1
3481,1324237980-89606d4ddfc8177c3f9d61c0bbd9b8a9,1
3481,1325558640-51da1f8b5a95854586f59a6ac8e8dd6c,1
3481,1320863040-bf421de65f33d15ccba442d0a6c001e3,1
3481,1321118700-449d9052c1269e213b2efe7d3ac836ab,1
3481,1320604680-c45044cdb2e4ababb9f527bc88667b14,1
3481,1320559620-ad399c37a652b12bc0199ba06b860a90,1
3481,1327327740-6973924146865c2a74945f9a737cbe6a,1
3481,1323830040-c858fe1b98156a787fab1ce1658e42e7,1
3481,1323808620-6840b7082c7ae91ef582fb2c2b97a1ed,1
3481,1325796120-1d1fb2e10a97a904932fd2f97c3086d1,1
3481,1326212280-06ecde064b3679325a5a48871d5d2a37,1
3481,1322983320-51d974b9f5690dadc077b5d7088210b1,1
3481,1325053020-78de06d3cec3bdd3c1c3a1e98aa032de,1
3481,1325978100-02e0ebddef5c888b53ad2e58542cb048,1
3481,1324288020-cf0ac6a2aaa7ab4a3684ed02ab77fed3,1
3481,1321006980-f11b0988185a292b7dfc45de45cf1887,1
3481,1321029780-cc3bf6af712f795d35c0d50c1db287a8,1
3481,1324446000-d6e92d5f1a37ee8a87ff3643d6d0cf0a,1
3481,1323982440-77e12ac62544025d088214aa442aa098,1
3481,1323967620-38c59693693647ff1ca019212c603d8a,1
3481,1327467720-a79d6a97bcc63b3ce18f7661e5c83679,1
3481,1321062420-fb3bbeadf84f298495f0ea52f0862b48,1
3481,1327922640-4bdd37d2ca92ceb4909eb256de9d546d,1
3481,1326101520-0218ffdef65930a04f16598979e92191,0
3481,1325793360-f5fbb2245e4817a067b5118110c23e57,1
3481,1327527900-39b5c468c1765aeea2923cb384f08e2c,1
3481,1327829700-2572ac9f704692bff90fcee86334e22d,1
3481,1325793060-6387bb00f122dd586a8a130a69882840,1
3481,1325793060-b0f86bb6c9f44aaf416ed35ef8f0edf4,1
3481,1324623060-01bab6934d8d03f1158c4ea352fa7e0a,1
3481,1320415500-2959d77fe52a931dc7f6fe73d092f825,1
3481,1321021380-9ad9fb15fd0b79fb724d506723e481e6,1
3481,1325890680-37be0f84d017baa7ca8305e73c2d1ed1,1
3481,1320457920-ddb7283df451bc92968a7254bc1943a0,1
3481,1326557520-5aa19e4f3628390312673c8a5630ddde,1
3481,1325872620-7abd526ef4227dd675b82a303e65c60e,1
3481,1321032420-c7c0857a19f727fc1b9581812ad0338e,1
3481,1321316340-0f492a2d3ec414348fa0f587c6392429,1
3481,1323015840-c1219383bd89e6c1799d5c44f7cd806a,1
3481,1323810120-6197d73c0da615bba017f5f7c76c3f83,1
3481,1326558000-8be7acee0ac833e964f4d193b588ea3c,1
3481,1326555660-42680d48853a7ba6e1239e2a355414f7,1
3481,1326236820-2893276610de9193dcb24a2d24488b51,1
3481,1322376120-7e835fa0da83fd1e33c225c17f4be719,1
3481,1325795700-ae3a47a2ebae520336360ee3c14e598f,1
3481,1321147140-d96db1dffe372c0847caf82a631252f3,1
3481,1321431420-f6fe4243be5b59fceb69477c72ddd3c7,1
3481,1323397080-223c8b674873e01deeea9a4ddc9bad2b,1
3481,1322986620-4cfecb13c3fa78e436330a1dae52418e,1
3481,1320717240-738ea21af582a709f341e84182365655,1
3481,1321392000-1afb81c43388f72984528e924f5ef7f0,1
3481,1322620020-1650f4a3b5a2d8120337b54397497add,1
3481,1326253140-63eb98df55b669b3fc6ac43cf1b7c2cb,1
3481,1321723740-648db3cd15eb5a547d313b4a3fa33f47,1
3481,1326274140-13d0efd993323d8dbb2fb9391711fe51,1
3481,1322824740-9c9aae0f1e165ecfafa0164a9289031f,1
3481,1326561000-155a547ffa66c5388297f17d5f9ef084,1
3481,1323453900-061a3a612642798bb6858c3f941595d2,1
3481,1327431660-4716dc93c24eea6898f77ec48d885820,1
3481,1321403220-5ce386891b1b2a29b27f62f8bef7e380,1
3481,1323391920-30faa6b2b15d0cb6dc3063ccec6ce6c2,1
3481,1323798360-76408d32dfae64fb8ee3c6795ae1cce0,1
3481,1324320420-0854ba75101f06fd3a80778202b6e0f5,1
3481,1327958760-10358b7e848d7979589dfd74117b60f6,1
3481,1327431660-d9a946f442fa1a5a3578efd740b4ee38,1
3481,1322815500-5a136ecf124a30073f7ba237644fff91,1
3481,1327428840-0fb77b6d6409dd749f67d7a056d3cae3,1
3481,1322808660-5d9fa5bd3fe57a55d92eb0186393b7ae,1
3481,1323160080-80b940071571221e31ada496da0993ab,1
3481,1320754440-dce6ab444926caadd3e4bca5ec98a7ae,1
3481,1320234360-aa58680578579904769f0f218aad0253,1
3481,1323153060-2936433a68d7092835f550cdd1565461,1
3481,1323803700-4e772f5750c97b4db5c21f372ddbad44,1
3481,1323450660-610e44040a38df4682aab524ab06023c,1
3481,1322267760-2dfcc6b18ea44aa53ffa71c6daea74e8,1
3481,1323967920-4477bd20d23ae9899035e72ff1fe770e,1
3481,1320980100-357cab6a26e8389ec583d917afdd2434,1
3481,1327394460-811aa80b146b1c7e321656ecebb49551,1
3481,1321279200-62914c4f2fc1cb0c209db90636206442,1
3481,1326404100-81dbc3c4e83ea0f8c8dc550529605916,1
3481,1326913680-b74a83c3b0e974791a81aebb9935558b,1
3481,1322376120-022c4bb280d143a71baa4db39a852db6,1
3481,1321776120-9f2f6bd148ff3ed31c1ea3daf6459dcf,1
3481,1323133500-1cb2c733eadbe9fd0b3d50a85b28b7b2,1
3481,1321298940-3e1e70f11e83d60ffd14799267f7ea64,1
3481,1323852660-c46511fef52a5761136744b4e9422312,1
3481,1327329300-0b2b237a0a8e7464864a846b6094adeb,1
3481,1326856200-379c7188ff6e69d4e8ece05510d92f7e,1
3481,1320981900-bde7bf017a872590763c109c7ed8266d,1
3481,1321472400-f26d67dae22fe9356d76487c854e247d,1
3481,1323121080-f881a70f3a2124b1043b3837fca3ab47,1
3481,1321000740-f871f8cf25e70f6148256ad667b7bec9,1
3481,1320975180-a9072f673f83f7daa8fe9cda97dd893f,1
3481,1327381200-7f1f89e2a6a92d20c73958a7c91391b5,1
3481,1327136700-23a3cfdc5c52796a3ed4d05d490db8eb,1
3481,1324271880-237f8a78dbffc125cb09dfc3cb0fe1e7,1
3481,1320980220-02681b22a46eb07708736206a1e66111,1
3481,1327255140-0f4c13db794644fb39b492e57ea5949d,1
3481,1320974520-0248b2c7edbc0b8bee77baa1759dd642,1
3481,1325868240-f27d34c1bb652319f0c48b3bee0ad3ea,1
3481,1320964140-8b33c597e76e8643ffeef7ff141db9b4,1
3481,1323798420-24236abfbe047d2968d6902d0b2c37c9,1
3481,1322865360-166be477f71506cd465d0dc2464f0111,1
3481,1327970580-3b66edb93f9c8fee8f74a3c971a98406,1
3481,1323902760-6e03401bbf6bed5e4355c3388f9e0d01,1
3481,1326892620-071c2d1e6f1dd5b76a7b1d7cc84e641e,1
3481,1327821900-26676625481c2fc3e0d4be1565156cbe,1
3481,1327465560-a95eb2bedd92c4734d8838e8168747ab,1
3481,1324938360-52b3e81e024c5e021fc2c6296352db91,1
3481,1324975260-518ea3f52b17a600df4d21f9a88f284b,1
3481,1324446000-9ece21c6b85fd88046e556d5d8529512,1
3481,1321724520-0e26de55f936b39855569b212f357d8d,1
3481,1320470640-3f57227dad0bc44e56ed2efe7083249b,1
3481,1323925140-51cb419df11783f39916a5ab16a3c56a,1
3481,1322027040-36e80bd0ba51eee6b49ce9a5c9c456c8,1
3481,1321912860-9f631106bf7c24cb5b7aa13b47b4938a,1
3481,1323895020-4c033bdb1f4dc250cfdcddda7779ef71,1
3481,1323852900-266ffe13f66970466cc45ad88e289bdd,1
3481,1324631820-31e86057685dd78cb28c1f5f30cb9b73,1
3481,1326909960-8218d6fcc6c895e56fb86874f2050c82,1
3481,1322063880-98dae64a4be94a4424edc6ef2316a060,1
3481,1323030240-db18ddb9a306932b1be909783d709034,1
3481,1327393800-2463aad2f1106ecedbde327dd62cc19e,1
3481,1327980300-9ec5d49e2a903ffecf13a660071bfa8e,1
3481,1322601900-553ff125396d5b39bd3abb222ccbf720,1
3481,1323799920-12752776f30cc921f170869454d6858f,1
3481,1320553800-b6cec2623232cd37699f010f0f2c37c6,1
3481,1322670360-48a70a61a9d476be896b2d7d7dafc605,1
3481,1325796120-863c63b736571e3da371d893d6394ae5,1
3481,1327860960-3ef0fe17fa86e7fe5be98d4d62e3975b,1
3481,1322652000-84a6e2aac40fa20b0fd1f316d3fd7ba2,1
3481,1323807420-a7eb2e4b5ceddc0da75d6bd421232fd1,1
3481,1325793300-6ce19a6263d40b3b690f002d102c0d2b,1
3481,1323961920-8b31a9738a241f13686b2ba2c6490f94,1
3481,1326993480-6119ab02f160692a8e569a88dd80e75e,1
3481,1323231300-b550512aa7d0b825c2ad994951879dba,1
3481,1324353240-6d33d71ee68e9a76e774120173c1b323,1
3481,1323692940-006162631503985b975004d22f982579,1
3481,1325793300-4ee804ee88a181324feeaa073a3fa3b2,1
3481,1327732200-66b617c79da3b6847cacd9408509d5bb,1
3481,1326833820-2aebbb314bb5537ad066aa0ba7856f20,1
3481,1326304260-56ccbbd557436f2789d8d3d181d27b58,1
3481,1326425160-7f13b727d61ee4f408d956243f8204d9,1
3481,1321952880-fa77b25ee4ded81524ba2628fbb3bce9,1
3481,1322724480-3fb44623842bd5087710fe960207ef6b,1
3481,1327345260-67841d23562c7e78bead732140eb138a,1
3481,1327213860-a242111794497e6bcb0482d80498b54e,1
3481,1326630600-7dbc5d1ed4add1a4b10f46ef7b04de75,1
3481,1323148080-f3ec1a3d5b9329ecb4d6d9d123dbbbd1,1
3481,1323623940-f1384ac64191aece0696304114370924,1
3481,1327950060-6950631fc089b33ed29c3b2688ea024c,1
3481,1327126140-5a104c1f89b6fe5f77538dfb8e8ed280,1
3481,1326068640-ce8bc2c9bc554303952683ef14014b11,1
3481,1324393980-2443f67e577623b0a8ce92cef33333c2,1
3481,1321509420-892a94739351681a6056734f56cbd783,1
3481,1322772240-83df339a637959c85e05104f58e85bcb,1
3481,1321773120-27572f74afc31b13f6c7143c28c9a360,1
3481,1324341240-55b54e6a35f83b357210211eabc180bc,1
3481,1324440540-6e914584343d22f891ef39a66ae3d047,1
3481,1326630600-54e9c865501433b71ab2b41f169ffadc,1
3481,1328056860-f3b9f6ffd454cb693ac793e853822947,1
3481,1320208320-ce4f344550f77ccfd35421d86d5d18ad,1
3481,1327637940-7c5a99757029f22cacfeabe367dc1818,1
3481,1327684560-d48dd0ee0ad421d04cc00d48d342b4e7,1
3481,1323986160-01026bc143dfe696b2142742364db0ef,1
3481,1327127100-d0ed5b8b81ed4ed74492c27f91e27c8a,1
3481,1323692220-5d35d27158cef7e49d4a6789901372f4,1
3481,1321312800-2d3d46d9d94e9c6a25cb194590d113e7,1
3481,1321012500-ca5d054f6324d5832ededb9639c367f1,1
3481,1327127580-532a55cd01c2332cb4c409fea4a3af69,1
3481,1320354900-219dc6fdc82127ea20ca066fbadd08ee,1
3481,1327625340-b8b3b0be8836e1c23414ad56889b3435,1
3481,1323232680-6070a0c36f41cf3511cfdc24f267fe09,1
3481,1326394080-c593f0a585309f700f2cca74a0de6325,1
3481,1323592200-7c3703f287fe57895294898bcf613518,1
3481,1326169380-1f1dc7b4379f0f76b2fb5afa377b96bb,1
3481,1323475620-ba37d377a8ba3d90d24778db4224bbcb,1
3481,1321335420-2ad37b84d8b9e03ff10de7f477d4bedd,1
3481,1323272280-50af8efaf3b0deafa9df87494e1f01ec,1
3481,1326204660-6c140c71176db9b23b827f64346317c0,1
3481,1323754260-15042b6b6b001a74b92b439ab437b4f0,1
3481,1322418660-db78398eeb4639197470f1e72dec3a48,1
3481,1324559640-d909f298600d88e585f4be63482d3416,1
3481,1326832680-f43460d96fb08d472b98ea9ce5098982,1
3481,1320905160-b6cb5db3364e573a1ceda56211d2cd14,1
3481,1324182120-bd97bcfe64078627d0ebbf85db395a45,1
3481,1320984000-33eb6b988bf02c60f05c4ebfec006ff4,1
3481,1320235320-25932149fe7e5d82366ca48955de507b,1
3481,1326811800-39e21055f7eeafb846b0e55268b5704e,1
3481,1323490800-cade7e6e78a173ca03200d48e84f81bf,1
3481,1325036940-424404dcae8e3c95e7e50f616c3ea4e6,1
3481,1320305400-32099fdfeb885c7943afa17f302f0bd3,0
3481,1324467480-7a4c66981eee34a31143db14c4a5d082,1
3481,1323493500-0e648515ea47f6553690e31b9b12f487,1
3481,1327021620-ac39b02ce7bae2b68b1e4583b10ffdd9,1
3481,1326442380-596606a7fd3f7df4223c3a315e51abad,1
3481,1326481320-9c7f73750e406474295d37d6c7ff6c13,1
3481,1326407940-1f516192961b47e87389a3f91f8763a6,1
3481,1327242420-d788a50598ffc1448bb94df28a0e58e4,1
3481,1324440840-b9c5b0517e15a57cda6d70f268bc1d95,1
3481,1326479100-3b4b75ad6062d557359e68c3ecf2d504,1
3481,1322737500-c372a4c6d34163106531bc9f001cdfb2,1
3481,1327505520-679c0dd327309f893033d02e4e1eccec,1
3481,1320821280-f6609962b92a33bb735c137cc21341a3,0
3481,1323866640-2f2504535e9acff79fb175050605d591,1
3481,1325547060-d09b42383482f77be52d14a2ba32dfd3,1
3481,1324991400-7788a383e0b503f7ab0d76f753485532,1
3481,1324991400-f4726e5fb139fb42383e5b019787f0e7,1
3481,1321428060-4a1006f29112a7c7428d46055b51a4ef,1
3481,1326909960-46c635ae137494f78a65a3c3bf66d22b,1
3481,1327424340-36f0d1a4152894f6478f1df8c1386373,1
3481,1322630160-db93e1a9ab81ced9da998c67a4d27006,1
3481,1321566240-768f0d4ade516de9856a75da79383bb3,1
3481,1327434900-cc9d0afebb69078f89e329f8043c78e8,1
3481,1320417840-74590fc4dd643431f531da53e6bd86d3,1
3481,1327100100-027e14cf8c150d4d412f3cc6447730f0,1
3481,1323531000-3b2f8e14cb1fe05e7faeb2a290097127,1
3481,1321886760-1a61abbdf1b322a9850c8804b3b2eded,1
3481,1324453500-cca0ca38e2dd4a68fdcb18599339fe17,1
3481,1326733020-8d42ae7305f9a8f614f1d98bb104f20d,1
3481,1325656680-051fa260e816a798c38973487270ae29,1
3481,1326443940-1e8a3b27929542efbeef911a530be8d8,1
3481,1325730240-58a2f485614dc7a6a8476f1cedc2a88e,1
3481,1323809040-5e044fa997e41f4743adbd2511fa630f,1
3481,1325656680-9a4fa47058b26883801b8b6d97fcd3bc,1
3481,1325424240-0133c122ca53b3adf56a7d16402ee94e,1
3481,1321550340-d1966db22acb8087835adbb3d2d8a796,1
3481,1326579840-8595edd791d9616ad11a6d6efd2496a1,1
3481,1325732340-d94038d557f9a40242e1026129a27df9,1
3481,1326502920-581e5186caeff1ceb2521a28de8734c0,1
3481,1320320820-29be9a016ce4799026219ae78e78647c,1
3481,1326897120-ce03434fd7aa322a85a8f5c5818103f0,1
3481,1326377700-6d640135d790ce0bb6d68c82eb5ffe30,1
3481,1326577680-0f676d1579d2b5e8f415b9a02ca77941,1
3481,1321291800-0049a868a26e55cf93ead3b0f0ade832,1
3481,1326577680-f042dec779b0520b835d4987fd8ce48b,1
3481,1321080480-f0afff5be3f1269ed37d0667d77755da,1
3481,1322708700-4cb2b13325e2383cde6349a4d8b118ca,1
3481,1322119860-78407132a0d5db946614061c8f8a2ee5,1
3481,1325468160-baecd54f6d9c2815149d5a8852cce4bc,1
3481,1321290840-fefb8697daf2b2fedf19b05620706912,1
3481,1320333360-f033ec8e2d2df4d721a7b8c39e0430ee,1
3481,1321294920-d43558ae22163c955041ca853ea809b9,1
3481,1327622880-6370ab61da4984878899d6dcbeb6bfe8,1
3481,1327588800-284fd325388155c1736535a0dcabc778,1
3481,1324326420-fb30d31557d18eb922fa56a0e0d28f1a,1
3481,1326832680-669991b0a7c3aa0ae1a60337a7c68089,1
3481,1320996360-4db22b9f815c2fc6eba02cc4a29cef3d,1
3481,1326130740-5b794787af6070b17258f2577a39cad8,1
3481,1327678380-540f9adc2e1022026298e2e5edea0c3d,1
3481,1326798180-5046ad32b3407e8578a38988143960be,1
3481,1327420200-75e9d3016c8e6bd8772e004fc171255c,1
3481,1323439560-3d2ef768871df78050e74d4d2c65f9b7,1
3481,1327483260-dc80780607b0979e9aed395fd9207752,1
3481,1322117700-14a93cba61912161fb11e98658f68b6d,1
3481,1325424240-cdfd5b5b6b447c8252526dd0a0af3bc8,1
3481,1323295500-bd8cd6f96d1f347ddefb5475a8631e13,1
3481,1321448280-940ca6f80071ec34dbd7ee94733e9f02,1
3481,1323364980-369f6ddd8c637c0a733a608e4ed3d18c,1
3481,1321115580-722f4d660e05bb31ad32fbdd244cf5e1,1
3481,1326467580-47f82aba37cfb66860acee6fd16b2705,1
3481,1324434540-8d72d2174171a0b27d1d0f679472e51d,1
3481,1322562180-454813993a03339e0296ef38fa279e99,1
3481,1326612300-7bd21d9e6fad8a4fb87e5a1120795771,1
3481,1325356140-d88f45270bc44db3d511267768124b02,1
3481,1326291420-906b80ea3560135b7eda6df1a4f927ba,1
3481,1326581160-3b023eafa6dd626fc98885af5bafb8cd,1
3481,1322472420-dedab12dec00646a6fd0d0ab91d6eb04,1
3481,1325469900-474d4c33894d4a96d78624f5065cdd7c,1
3481,1325871480-3746af6eb62189b65836fe4fd5bb78cf,1
3481,1321418160-b067a8a6dced1e89232a7438a9ae6447,1
3481,1326324240-099c157f4c0358ffcb1fa5b771b57465,1
3481,1326380940-09b60821c05d494b347dd5dc4d6d5422,0
3481,1326733920-11107cc9a5ae46824298b4f2151065b4,1
3481,1320812400-cf6eb57a9b8d0f18255dcd1f636acb8d,1
3481,1320563580-297339a0b5e73a735d146eb70fed11ac,1
3481,1326735240-316ff2b7ac4aab1c27e61e2d7e485188,1
3481,1326733020-85919148921f920814415ecce25d985e,1
3481,1322643420-bc55aa417cb39fb20b3a058883671bb3,1
3481,1325668320-012bbce1033642072206253e20bb4533,1
3481,1327510080-4a04902d1a7f4a41d21640ab8f9a77a6,1
3481,1325401860-382d6ded68eb5bcac5fdc5731102cc89,1
3481,1324446000-0a36d64d0ec27a4f7348d4e98d2073a4,1
3481,1323205980-234f7ebf683213fe09c7e8f07a3d64dd,1
3481,1324024560-f311b6f245076398c1e7dd95348e1051,1
3481,1326479100-f94ee8a3741bbbd6cac2ac7d8a754d1f,1
3481,1322871120-cd9a17c90eaa117045a43910093cb399,0
3481,1327502100-9f9c32a8dba4a37029eaf5bf82cce351,1
3481,1321310640-38747ad79a99db8528eeafedd93496b0,1
3481,1325485800-fc280349bfa7ba3f2142333c47c46477,1
3481,1320649620-6636749b0077ea49d7284219995d816a,1
3481,1327310820-617754ad540e4607329f3ae3ac1e7ac6,1
3481,1323807180-dd6d1379d747d4adb57f009f4406eeb8,1
3481,1321189440-db7fff1891f27adffd2cd750bd4028f4,1
3481,1324702440-f2c64a9782da435fa3a876df0a87947b,1
3481,1326011880-baeb42f8d449728db35918cbddb71fea,1
3481,1326011880-5499b0c8280c06d8bc593f1ec49fcd34,1
3481,1320561720-7f88b850ccc70dac23d351cf27d9a764,1
3481,1321721400-f5326f517aa84eda0b04ed41144f6d47,1
3481,1324407420-a95d7b2ce92784bf2849e6ffba48ecec,1
3481,1324214880-10654b6755bc85f01d38d50e24ffc037,1
3481,1325752380-18d246deba66bd8be1e0a7526a240eff,1
3481,1320485340-6b1cae043ca02e8a41daeeb74f2123aa,1
3481,1320626580-05859fe0ec403d0e8bc6c17e8a4425cb,1
3481,1327158120-74527c6cf219ce619a7cb8efe46afd5d,1
3481,1320650640-96a4c2fe72f4a249e668301bdba1d954,1
3481,1325794380-b8a24189b61b760548a87218d1300ec4,1
3481,1320564900-668e14d810e63579997eea7887f8d695,1
3481,1320858420-6b895e331fb51c37554c1db90d133340,1
3481,1324254180-6d50bd00a31d53ac8aea80f47069c67a,1
3481,1327938660-51dd314c05589602f2933b4a504345e3,1
3481,1325631420-015daecc9870e2c2029104f348d623ef,1
3481,1326377700-445cf5110b0233090708eba2c8d021d4,1
3481,1326205440-834f4b459ebb8cae4a820a0a863f56c1,1
3481,1327669680-3a1e3b89cf8370d7228baa90a2afc5ab,0
3481,1323490620-0352a21252cbdb8c050c26df9f4322aa,1
3481,1322680680-aa8a5e053810453885cea918e94c0f3c,1
3481,1322179200-8cdd6842586f46d57c861c2ef26a8dbe,1
3481,1323820200-3586d22187f667fa03eb35e5927bfed3,1
3481,1327649040-ce45a9a9efe239b21112d034561092cf,1
3481,1327190520-fb1cc92d1cd456ef96bbf64884a86593,1
3481,1326798180-8bdb175fca35e1ab76195fc89d725341,1
3481,1321566240-82186d84be74870b9db56bd6b697a165,1
3481,1326480180-acac739464330d99b369538702af4d97,1
3481,1324437480-3c91ce8e840c1f8eb328ba2194ab20b5,1
3481,1320828540-c2abd0a207fd9bf487afe05845778ef5,1
3481,1322063880-57e84900627d92596f20ad71aca7e887,1
3481,1325083140-6764444b560cea38b06b26d783e2a3a1,1
3481,1324400640-8f9fe34a549ffc7f15e4de53fd23852d,1
3481,1323542700-f28a9574a67c219c4e01ebe09f6a9100,1
3481,1327486860-09f9041a7060327ab334939448a85cde,1
3481,1320598020-fac116a70d91acf46f59c63bb3cd80aa,1
3481,1325274600-8e040354f05e73b9bdd0ec30be11a988,1
3481,1320695460-682a521582f2f80d8e2684f5f8ad49ff,1
3481,1322073360-8e5d709310b05c865df7e1cd3070223d,1
3481,1320644280-667bc06b2abddd2b3d273df47b1b3170,1
3481,1322725560-76dcfd17f68633a33cea8c6b7077c8fa,1
3481,1324033440-33306cf9189d74fe66462a541213fdc0,1
3481,1326378060-6c541a4933a76bd7b7ea00d9054986c3,1
3481,1327718100-4569a61476fb9fcf8b32d7b4dbef29be,1
3481,1323531000-fc424365b771466d23d795b3b0050e70,1
3481,1320239220-c2c5fb4069024c80ec688d3e58d57749,1
3481,1322543760-3ae48f3eb88b0e9ede742e95d3e5b01b,1
3481,1322039520-9e858c7b2e81c83c81f5f40462724d5d,1
3481,1323390900-241576c26eed9d9d5151654adb960273,1
3481,1327938660-91dd415a1363374d7e56fe946d9df162,1
3481,1328043060-95daff6963d715402e65e2cd98412624,1
3481,1327252800-b81d9f3dd0800aa8de1b0df9d90cb025,1
3481,1321615020-fa67f13fb30ff04abbc28f677fad8e5d,1
3481,1327212960-403b0a12402f25047eef95fb8aa76c53,1
3481,1322989020-144984b9d46d7e8f70968544eef54ba7,1
3481,1325727900-c5c7d398761c47f9c0fe3f0eb5a7f9e0,1
3481,1324392780-6af580d484f81f96a7723557306bc6a9,1
3481,1321157100-c219ae9ac13ff95dfbfb1a98e3a5bba2,1
3481,1320642300-28ea8d3fd557b86c416fe5088e6e2d1a,1
3481,1325233620-47a729c27b5c294367ba037f804fb9cd,1
3481,1326216060-a1eaa2974c8092c4c3e71aac33570f38,1
3481,1327122900-7861fb1bfa6e015f4bbb0e8dfb90a7b9,1
3481,1326391500-62f8c2e106c2beaf58895344159e97ee,1
3481,1320649920-bbdeaf53eef7ff3366f7b36cae1a69b9,1
3481,1326590520-d359f25656cc63ee9f5693a504f3f32b,1
3481,1321556580-7ea47ce2c792d9ab7262cffdd3d60b68,1
3481,1323808680-a5e30fbed7fbdad77bea03072055eea3,1
3481,1326391500-835e50797156c4a9224887d810c4ccec,1
3481,1320167760-2aeb35c7917a784f5ae2ea9e729d3875,1
3481,1327000680-332b3b2bca9162e5ced6ead9bc7ad2a7,1
3481,1322100720-6c4b55a8d344772b5a0a4e775990ba36,1
3481,1326008220-cd651328cf55f73420de44f3c373b364,1
3481,1326377700-505b61cf339e7522ed34cfeee5f6725e,1
3481,1326379380-c52e380e8fecf45c2d0b39a9143246de,1
3481,1320960840-fc156845c8a3ade6b356575cd7ddb7ef,1
3481,1324446000-aa6819dde23777a83ae59ea0c29e97eb,1
3481,1320765840-605df69e7346fe4911def96199846ade,1
3481,1323402960-84c02be5340e42105b38fb1d6e9b6f83,1
3481,1326853200-65bd10c3d8e3c1e4ef1aa72b5a40d754,1
3481,1325468160-b6a9debcb5ff5ee52e5c5522af948b80,1
3481,1325467680-54b6a736f688a9a0dd5d235eee7f70b1,1
3481,1322193180-0f75d7d90d7dde2b92c05c3da6699ecd,1
3481,1325472780-a8711284e30154b3da5587a7efa846a2,1
3481,1322664840-dd99fefb80dca08ab550d8f6b441b7d2,1
3481,1324050120-3c74578451ff6bd4fbba3144557dcd14,1
3481,1327718100-7522724606343964d5960e33c41f56c3,1
3481,1325945940-466c54b9db7c7c8de7a0e89e8da403d5,1
3481,1324230780-0b2c40dae90f3fa913b45caaaee30aa6,1
3481,1320826980-4a285cc067dbbde2adad9ae29f9cefa2,1
3481,1325608980-3905212aa827cc8b3119709c97064d99,1
3481,1327160160-72e5d56da14a3ba39642861f50d3cb49,1
3481,1323794580-649b9a242c1969b1e9ca382abcc31951,1
3481,1325075400-44307e08e5f85d564733213ee2034b81,1
3481,1321219680-70cce39875c1e6c081e472b8477590e2,1
3481,1321208280-8372a020dfcde45f1364ef2776572c45,1
3481,1321241880-9181c0edbf085378e2e42240f88b3671,1
3481,1320903300-0d5960088619596d081d80da95e4ac5a,1
3481,1321309500-aa2f492ee8be8c2e957f85baed73ea61,1
3481,1320185640-bf0b59ce903b5ebd4d9434adf7818c06,1
3481,1320947520-439945127912e434e66b5129061b9661,1
3481,1325439000-b9da61337e6f011bc195fec351d3703c,1
3481,1323769920-6b26d2133358d21c32ca41c5865aa12c,1
3481,1322107500-b4c8aed006d5040311346ebfb33536b2,1
3481,1322630580-372c2f3af73041865690be6a3b296618,1
3481,1322631300-9e56fc73ee3fc8afcdf042178aa3e66a,1
3481,1322899740-d97ae710dbc486b744e5bfa835deeb32,1
3481,1323325500-c9cf2f8f286be0c02db64d89db426945,1
3481,1323801360-da4ce9d57ab4c0b136af41de06354e27,1
3481,1323009840-9b16a0040666775bb170dc719c0aee17,1
3481,1325914140-99211c82447676c02fd80f82ed027e21,1
3481,1320940560-d8e93650b21915d90ee4a97f804cd32d,1
3481,1322848980-6d39d1421159341be8b0b21c271fd48e,1
3481,1323382320-b07af3e8b8449e89e2cd60c6e5063668,1
3481,1322592120-597a86730cc077879d39ab16a0866b4e,1
3481,1320392040-116be78c49d19777daccb8ff9fd7490f,1
3481,1325720220-f2ef8d67d63ed18968e03d7d71fad9b7,1
3481,1324041960-4734e20c8a92064abcfe62e83a8c7524,1
3481,1320333780-cf4ad878994863f051229a1baf666097,1
3481,1322916900-5a1322a5520f98b4c4d54fcc563f242f,1
3481,1325778840-a222c023ca91de4e32869ad018b13599,1
3481,1326612120-7e6df32795e71d48c2ee38359b58f804,1
3481,1324902600-4feeb82b00a954051c0dbb9a1e8e2644,1
3481,1321575360-4c66d2454721fca01890dc38f5e1aeb8,1
3481,1325914140-c944142a6ab40ef03e172e1f61676fc9,1
3481,1323674220-46294bb4e5d28d51ae2365e2b84aa060,1
3481,1327077180-8e574da781c452f9c8812c7c0c3154dd,1
3481,1321420260-5b1f6b27d2761abcf7b8a3e8d2b9fa4b,1
3481,1321481100-a26c3f1693ef63d435e117778ec4e688,1
3481,1323624000-2a1484f1e37e5a431cbc1e402353d206,1
3481,1324309560-dd293841c82fac2c573bb47dcbc47350,1
3481,1322958900-b04ac245916aa2ac56464318d8790b00,1
3481,1327504680-165e45e2fa5ce6a73835424a003f5301,1
3481,1322737500-cff6860af263ab746ed0f8186dc6afee,1
3481,1323136560-cbecdaca1da2c7e9f6eaf5411b0ed3cd,0
3481,1321909500-4879c61c21c1b4e0297143203e146f4e,1
3481,1321168740-65cf608ab9a754d1f02da9c478c5d8d1,1
3481,1320482820-60dfe0a3b2aa87b4005d20014276b066,1
3481,1321438320-41d09ee8cb6a9d8bb8bd04309da7bcb3,1
3481,1320680940-c90aa6e04f9553c51b2fe429215ef727,1
3481,1320940500-a7af9029b7c586d085b3fe96ad2b0041,1
3481,1323569100-dcc057687fcdd3e1a0a44af758b30a61,0
3481,1320866400-dd4db0000a4e484e97e92411290aa183,1
3481,1326444060-1db91b042679249679041325c4cb5074,1
3481,1325051220-5bdc0cce17e8cfcd5a20bcea9f8a23c5,1
3481,1326168240-b0c3ac3ef78f6d5fdb874a05debceca8,1
3481,1320866520-6ddf3713b9154cbf6ef845fb4d6afefa,1
3481,1323144120-b69be189e0317bf55eb89959465e16a7,1
3481,1325473380-c4ac1e82cdf2afb34756060961c904a6,1
3481,1322488080-6be26d0f814d920e8a80195ab9e5946e,1
3481,1326261660-f77b9d4cffa1e8549075711e4aeffc54,0
3481,1325025180-894c1194f4284119893e2d4647c568b9,1
3481,1320829860-d84b2d07045325a41691e4c65d62357d,1
3481,1323888060-831fc32f0b45b46fb92212649970b1d2,1
3481,1322828820-6d7f4a0310b85d9dcebb9f19f4d40546,1
3481,1326253140-dcd65fd354ddb0a522d12475530f21cd,1
3481,1323380880-65b634013504c1ab488028458266a68e,1
3481,1325367000-37e2e9b4846274289c866ceb7a9f3bfa,1
3481,1320208500-f7da7234bc4c2e8e2841823118a745b1,1
3481,1327327740-f6ea71ecab59556e4ff167361fcf4c11,1
3481,1323710820-dc9d3905d8b33d2f0bd20cb8fcd68575,1
3481,1320122700-1217c2bebd941d80d38d81885066096a,1
3481,1321507200-1768be48b0b80bbeb08a3cef9886d41e,1
3481,1320647040-fad1ca1f9cb690176b04ca15d3a99b78,1
3481,1325002500-bcc012d08ee963899009f6261d0b79dc,1
3481,1325648100-f0e1e2ce246046523b01b3138266dbd0,1
3481,1327009560-abeb2012955b756b46ea1b91dd44b876,1
3481,1327042980-14c80f429df2a58e260a55553a5a6601,1
3481,1327010580-552ffc5a66a651ca49c1631cbe6b6ac9,1
3481,1320167580-53fb90048cb3f0ed77b957bf65161308,1
3481,1325930820-8564a35daea1edbae944ffb93acb5c19,1
3481,1325513100-f88b938c08d8a52e6c40259cf1e7c23a,1
3481,1326538260-a7c2a6b80c1991b2dfab89f2b4c31926,1
3481,1326793140-97bdf0c8222721c8ea075ead48f76f24,1
3481,1325648100-1ee27d7b4b65b31806e0e74daa013266,1
3481,1327009260-d4702caa3d58306cec919ce5495a2309,1
3481,1325370780-381511d12a062c2956710a77868938f1,1
3481,1325389500-d0b701caefb1f70ea147a9084fc454b3,1
3481,1326348840-6ab32f721e015d74b5ba29236f808b65,1
3481,1326383700-78f05979cdd8d3aa35d19aa07c353b56,1
3481,1326405240-02d8c606e551680ef7494130450d4a26,1
3481,1326416760-d307b1b31bd1dd0311024c5d1f568875,1
3481,1326394860-abef22c6de52e58cc4dc66717ef55291,1
3481,1325365620-cc865ba9e77f2b9ce9059c3460d0e268,1
3481,1327404360-76b58b37028401263a3c8223bfcb7e08,1
3481,1326590460-121ff98de1cd36e25cd36b586be803de,1
3481,1326501000-7bf48daa24f8d3651c0ca46dee71ead4,1
3481,1326498000-fea4cb3495a0a666e9394f92ce8eb81a,1
3481,1327823520-83f8eacd490edaf6f8b3ceeb8598f26b,1
3481,1320816000-f1527ae49bd9e8ee48c811192f514a7d,1
3481,1327905060-7e35ea1e59f30a25b1e05580b0c8b507,1
3481,1320911520-4f7978d8c8e12666186598663460e9ba,1
3481,1320644100-1ab0cd5e5a538b3ebc0668df27607604,1
3481,1322558940-73df931e4deb03e6ed8a7e4d30726d88,1
3481,1325370780-22fd289c9c0e7920fc876ae02be4bf29,1
3481,1325827620-43b71d5787dd5a46fa327d9fea3043ae,1
3481,1323718320-5117edae58f8246d2a23fca4ef1ec3d9,1
3481,1325325960-a98672f0e4fa1d8d08b21e77eb69eb12,1
3481,1325157060-5ee95895a687d54f2d081d4d265df605,1
3481,1321757940-4d591ef4cd8a413e8b3fb404d009dff3,1
3481,1327557360-810bb2318f7026ee130a40a6542fe147,1
3481,1323630720-427d0394371c2f06f4211a887326a7c9,1
3481,1325366340-beed097ddfa640ac5b9947cba7fb36c2,1
3481,1323753480-b7b6fe3d9d96ed07eab9540921a80abe,1
3481,1324372500-54ba2c9c41cbe78191d8cdea3e090706,1
3481,1325638740-5e80515c525aa01c34eb6426392e5b98,1
3481,1325365620-dae4555b5ba93b671f5ab80a91e9002a,1
3481,1320992220-91f89c1a3281349dd6ce4ac88025c097,1
3481,1325372400-a82edbdc41068c2bfd74f1d6ac52356a,0
3481,1327209180-0090b33efc59142c0a03eb497283e569,1
3481,1325668320-dc6c74985b55f430a485d6527dade4c0,1
3481,1321007580-dead6d6381392fb1e05b2748d685ca2d,1
3481,1327455240-39072264f83ba05c0f15d5a1c310527d,1
3481,1327835400-7392e3ece233cf3a91fdb44dc5bca2da,1
3481,1322374200-669c04d2316559accae3650044dfd706,1
3481,1321078860-62825c3c471cd965cab3606a10031428,1
3481,1324116060-6a76fdf03997df040436a41c23ef0e28,0
3481,1326246240-c55fa92c1053ff8a5590a2464ddecdcb,1
3481,1326027540-6c9460046fe3ff03d1df7b2ccc6132f2,1
3481,1326496860-28a41c46ecab4046ee1808c245d2fc67,1
3481,1320667320-11e6adccc0c470db36ded2f9c729b11a,1
3481,1321361940-9005de2b012471e6c36c81adb0b59283,1
3481,1326027540-2411c5c9d6d382d01fb69a5803280c0d,1
3481,1327380540-9069b43bba2286fe9d87f7f7ed781d05,1
3481,1323372480-89ca5c35484059681795283d2328d55f,1
3481,1327265460-4c328aab91b70dec59a453e282bbab73,1
3481,1321074300-5a73202cb887050c31d0039459ed12b7,1
3481,1320765540-b6669a032e61295325edc41dadcc00c7,1
3481,1320706380-96484864c3f2ce9d7c7035c9e24c5ae7,1
3481,1326937140-b3d79c7a62eb7ac8d73ec75a0a83a964,0
3481,1322707080-ae7eac057fbb4855285993927917beab,1
3481,1326481620-208cc0897750dbe3fb7667de4869ce58,1
3481,1323996960-560c459dffb8b0f2fccf52f66f2260ef,1
3481,1320418200-9d088361cde3d404f1b34de1196221c6,1
3481,1323701760-0aa7929f823f95dcfb1efc550f794ddf,1
3481,1327033500-607399994ef098dec61602745517d9c5,1
3481,1322960100-715ae8b24fb4f3c6b22288de93e4662a,1
3481,1325860680-7a7a76f9579d5d5d63a9c4209ec0629b,1
3481,1323815160-2ec26a165399e696e212da786e71e897,1
3481,1325860680-163402ed09694e661fff8ad4c29992e4,1
3481,1321460460-f9283b13d4d56b72a2eef3812bda67c7,1
3481,1326875040-4918fb7ae7d462d63750dd773dff9ea2,1
3481,1326226620-b0817ba55a2ded11bb3630e5f29b44a6,1
3481,1326036600-578646d37d5feb6cd8483b3108fc10d0,1
3481,1326008220-be2bd42f31a1ad54b65cb1f87051161f,1
3481,1327680660-04cabdf6bdfc03f58d74e43cdd814218,1
3481,1324148700-39604bf558d916cb874429fcf464d300,1
3481,1326815040-31ca01bf4678a1f8a043463e7f2286e2,1
3481,1326228180-a9958270960899ad2a884e88ef37c221,1
3481,1327845540-6c7f4e4e381f1e3816b5006c0bf69eb6,1
3481,1326394080-d036c4bdfad32865123c4e701f7d23d3,1
3481,1324455120-31869c0eee65e2a702d9f5395bcc6427,1
3481,1326392160-c05e711129d0f53be4dbba9c8d75e5a5,1
3481,1324490640-23b59cfd1e13293ede9a8aa95ce14a5f,1
3481,1328058240-5468b6ae33aab6c87d5f629188f5337e,1
3481,1323701760-c13718db1303bf495a9d1aa30af68c1d,1
3481,1323287760-0a8e358ab3f44594a5f35737bc025a80,1
3481,1322106660-763035ce4bf43cc01d809377ca0c0e7a,1
3481,1320911400-fc041988f0debc40ec7a9e5132b0a7db,1
3481,1323908340-ddf5b4784e7e873e29ae117697ae28f2,1
3481,1321895100-a7b9a18c797c09173d7dfd758ccd5923,1
3481,1327516380-18739f4e15e0ba5fd751582753927bfd,1
3481,1327556160-c9d52a5434d4c13cf59383809b6c0834,1
3481,1323652680-2cca18a451b13114e492f6de03cf40b5,1
3481,1327578840-b732cd47311b93e2dad05e7232d2f88f,1
3481,1325635140-2fbe85f7f9c6957e9e8940b2c878e696,0
3481,1325703660-8d7cb67e5d88a4a74571497319adf137,1
3481,1326498180-9587b08fe0b55d3febfe977c5014baf2,1
3481,1326216540-3b46269c91f26a8dd1943f9fa5bd6ff8,1
3481,1322580060-0aefc181eb42f640e8800c4b28aae86a,1
3481,1327526700-24f6eaeeefbddd9906d109f107f52c90,1
3481,1321369020-a11abb32ac4168439477e7719a258fb6,1
3481,1327595100-7f7d75dbc11521cd9dddff71d383a99c,1
3481,1325692080-6a8bf85b1604b2ed785bf428aece4421,1
3481,1325633520-f96b351500924e42b6c06320bdd11ac9,1
3481,1326667080-7831b6b85405ce8b43af0e871cee25b8,1
3481,1321420020-fd468a256d5f523d32540e6f7db15513,1
3481,1326378180-16ef563044472ffd9919e65b8725efd7,1
3481,1327067280-bb25ed7de6b6bba918c3b0312f528b71,1
3481,1326036600-5adac74d166aafd933b6287ec0218c8e,1
3481,1320857700-b86482578f348b183d585ad890bd1c1d,1
3481,1326705660-18239e3bd45cf021c3b5e1f0ab8afbab,1
3481,1324411500-fa6233d3ed79526e3644c7757a2d98a3,1
3481,1324440540-3bfa221ed4747f1bf80230120d29bd46,1
3481,1324393980-44ea3fee014bf4538c7ed457a1478e97,1
3481,1322433480-9dd27ad4b5b752b420c369369c68d5e9,1
3481,1325285880-a2714b21208132dff02116a5abd2b8d9,0
3481,1321345320-53e846576cc12eee47213ab0c7cc3326,1
3481,1327667760-dcc1ab25fd4c3ff68145b9b5ad99457e,1
3481,1326556740-c6c35a215a87ab9d5231055fd4f7ccae,1
3481,1326807180-622bb9d0975c4c8bcf41fe6e2a6ba27c,0
3481,1327415100-66aafcc624a96f38ebefacd8db506341,1
3481,1325196600-8d0fcf313b79d5c68432db957ee88350,0
3481,1323543600-2be1ab64997cb71c0a8a8aae1c08071a,1
3481,1324154520-370bc03391243b863ca09fd0811e4900,0
3481,1323934560-cd3853879a626f8baff6c36739b48e63,1
3481,1323930420-7e94a52586633750c9535e7916af473e,1
3481,1326813060-5f6ddf64fcfe402dcd20a930474c54c4,1
3481,1327465800-c0717a4203309387e59f7bf7805bab7e,0
3481,1327160700-c154c279659a92216848bdd5e8932861,1
3481,1324876620-a8f6e9deb0dda46da4d7604299113409,1
3481,1324865100-abc3b6b5120501e5765b3fc95b07fca6,1
3481,1324772460-12ac20f1e67d0b8428f139a221f1992d,1
3481,1324870740-98567906e6622ef25c229ebadac3762b,1
3481,1324847400-118fa0df3d927ae60aa684ba7c8da9f4,1
3481,1324859520-977e3fdffe6e162f2609d28da6171fb6,1
3481,1324853400-4981d0e94fa5c81921262abd035984fe,1
3481,1324841820-a219c438e6c19b97a6f732f305b3f0e9,1
3481,1327549860-b53b3a74823131d824761df2ccdf47d0,1
3481,1323996900-261147360aa7f9b3ff813bed539d70ab,1
3481,1325238600-336ddac02644cd5e7548a4b7320893a5,1
3481,1327161180-9120a13e0f5be7736f6cc30a04d2fdb4,1
3481,1324546680-a65c2085232bdfe8a04650d9fa849b59,1
3481,1325668320-f0962ea86218454a35a5edee1be1b40d,1
3481,1325629560-551f9520802068679669a6245d10b616,1
3481,1327040160-d7c85788f9f4b8b3bd684d147bc64854,1
3481,1326811620-5a853589e5ef6edfb2b6fab5d80160b4,1
3481,1325409960-c7d35cb13a151b89c38c822889232083,1
3481,1324370400-9f0a1fdf7a6136d52585e9d7798acb03,1
3481,1324565100-f0cb8ac53e8e3f71093939560090a200,1
3481,1326898680-a177f667a1066f292ecc39297e9a9a00,1
3481,1322063340-fd3e1bd2774ebb5dd80268171bc26fd5,1
3481,1323475980-3f5e322c4b198625711c866089fab249,1
3481,1326292680-d1ac5ef3fc09bca88e4c2d08de964718,1
3481,1321569960-c4a25f5e5436ae96f194ee61fce2f506,1
3481,1325668320-4150c06aef0b513b9196973e703477e6,1
3481,1325321460-d223c8851c5f2fee19e1b3904c8111dd,1
3481,1320305400-3fee7e270462f1f9e63cefe148c9e61e,0
3481,1325397540-a091ea30f73cc9be59586449621ecfa7,1
3481,1322373120-df6395307d7f8fcc4ebe88f628214ad1,1
3481,1326971580-ff715b03d54c5e759a9828159ae708fa,0
3481,1325672100-311963eae18c7cd7881379551e0221c9,1
3481,1327086480-50eac91e64e1bf0a6017a450b5510f92,1
3481,1323978660-7b6253839d7e1568731842b5641620a7,0
3481,1326661980-9be79ad5411aaf357cd8f41d92ff0950,1
3481,1325766660-8f827795d8f59f835e8a16e80b4b5b01,1
3481,1327454220-f35c00532cf5e65ad581e4b9da458976,1
3481,1322567340-4ddac4e5ddc091249e386d30d131c7ab,1
3481,1327327080-ab18e9b714a402d7f7f189aeb067baf8,1
3481,1327915920-9ee6333ba4d814c7eec43ee75ce621c2,1
3481,1320774600-da2cdc14fe9623a54fbb89ce0a382037,1
3481,1323624300-9e1c4ee807c257c373f1a20644ac5678,1
3481,1326379260-b4ba856a02b0b2245efb6005af51b7ea,1
3481,1323624180-31fce229ff4c3bf2e74f2737b79f70ba,1
3481,1325060940-a36d2bc4e9d00384b2b15a402b180f9c,1
3481,1325060940-0a368c0f832678c53257bb7e23f4cf01,1
3481,1323796620-047c508f94355fb85488bf88f7e4c2fc,0
3481,1322123340-c677f696a2bd17eb434dfe39ea3a7ac4,1
3481,1323802560-5442f10d8c37594e532c963f6e7dca39,1
3481,1327387080-4be187688e3c326cc94af98fb9423fd1,1
3481,1323190440-da87e7c1dc6df01edb74bf4edc09df8c,1
3481,1320249060-a8dba3e8f5a6db6f44487fb576e14a74,1
3481,1321402980-1f42e66a269b9ac2a91322dca73ef9c7,1
3481,1327249140-fac606bc9e0f6690d7b97b924bcad5e5,1
3481,1322768460-fe13922d7fc8cbdbc4b28b76c5cdf42a,1
3481,1327046280-a71099434d07b23d3a494a84bd058ea9,1
3481,1321082160-fbc0611a8e8358626e9817d5d549657a,1
3481,1327043760-401f582e1144c127d004e1243b9c528c,1
3481,1321062120-c06c01464129eef7a3fcd37431596b4f,1
3481,1325584080-fbed75360217606633dcaf75b874f41f,1
3481,1321594260-777c005608166fad3a14ce94d29e26e9,1
3481,1320761580-4a0378c82e6c84876f965c6aa39c453a,1
3481,1327328400-884f2d647c4dbe458181b4a36bdac11f,1
3481,1323153780-403da1fa1e2cd5fd63e4ae27e3dae099,1
3481,1326505500-9b2919f95ac3b2a75349cf0fe706bff1,1
3481,1326500100-fed073c599fa500efe457fccfbf3b0cc,1
3481,1327496880-d2146d5496dc802078ec1a3655d57a58,1
3481,1327493340-c3f7d368c5b5a175ac8c0011c5351fed,1
3481,1320187080-3392b1cf2688c8019442c8209cd7ec1d,1
3481,1324341180-90661127296f64a0b045dabd9c48f220,1
3481,1323442320-8c4f3946813d5a957417ee78208d519a,0
3481,1325750220-f895ae2d2e7a77833831dcb24b81c712,1
3481,1325749680-bdfdc861b3530f6c55112305aa2da220,1
3481,1325749140-b2b8e12c24a4b8767c4554df339c00ea,1
3481,1320446100-4632b770cb3610cbb86ce8a356f55480,1
3481,1325749680-ce64beac3cfbf3cdd4a3990eb22fa3a1,1
3481,1322889180-00aaee69cdb2287a9ce187ed00bab5ef,1
3481,1325379120-638b94eb694c81b4d9d219d0985b671b,1
3481,1323260940-7d100608de882815fef5d8fab49909fa,1
3481,1325379300-5ec32f022954682c2fc4c0c3efa42c59,1
3481,1325379300-a7ef859faa59ce02f1339eaeca7a12f3,1
3481,1322784480-7275a78cbef582fce1f1c278c5e8415b,1
3481,1321510440-d1a2401da735c7b4ab2b73e32c29aa52,1
3481,1327463580-9cf98d8d0b20f2d8a3284a77bb903e3d,1
3481,1327538220-8394d28f72a3ee22c8e5e705dde9e3e9,1
3481,1327369560-bea176f1f44742479f104823f82d4713,1
3481,1323848820-ab1415d7eb626f482199509676ef052f,1
3481,1325654640-1015f52e75341b5f22d8cace0375c754,1
3481,1325658180-b0d498350c1bc1949a6c1225df67c9de,1
3481,1326454860-99130b6c1d8adcdc92038b48f4a1ad27,1
3481,1321875360-0020c93d7e4099b8aaa71f74011597f5,1
3481,1327061700-28a3e3a40406ad469f50a99db0f05a6b,1
3481,1326261780-4ae32f8df863c1dc17d232fd27862538,1
3481,1324291920-5e5bfec99c76fd9b893d4ba59bc4cbf6,1
3481,1323709680-23c7105e5a01c847aa3280c2d26fe358,1
3481,1320744780-3a4cb87a0e5af00c391635aeba90230e,0
3481,1326179820-16a005dd05be5fdda6d518a12e284c1d,1
3481,1326222180-10e0de0e8568ff77b2614364ccc5f7b1,1
3481,1327421820-9c0e3e696d422e25667dbf566836c225,0
3481,1324526880-5c91ca413c19fa185b23e21c9ec9d029,1
3481,1324514400-d92b73d57b0658b76cd06cb98723833d,1
3481,1325498520-aaf5c41bdbd740b9dd2ec40c1f9c5079,1
3481,1326670260-d27500c8b07d99e5013a79742cf5f42e,0
3481,1324181220-f1e206c30ac04632722dcf2705dd1f5b,1
3481,1325789580-7b535f9427d6e3f262a5466e8cd69ed9,1
3481,1323834840-0590bc773cde49f873bab8f84adcc1c7,1
3481,1328024820-d653154f7874f0894dc92e339ac01eae,1
3481,1321604700-916982a82fad7700fe2393aefb5642ba,1
3481,1323166440-a67d4e97f39c9c336a9a0734363e2793,0
3481,1323992340-0c9943fa6d4094780f88c2a0c7bb0deb,1
3481,1322866320-bb77180b94c750b8de38eed6d5ceccf6,1
3481,1327880580-afff5cf89200fe832253d73c5359dbab,1
3481,1327347720-5a084b77582b662d8974aaa4a7451829,1
3481,1327545960-46b7ae3775a6b7a67c30c2acc62ce982,1
3481,1323789780-55be9733500a68827104416d9a73beec,1
3481,1327646760-897562390700f0c6b66aa16a0ab3a7f1,1
3481,1327967280-3f58905b5746ab93551c8974ae228601,1
3481,1324870860-56581820dcf31dd1f33766b88dbf5fea,1
3481,1327723080-48ffbeb02ad6b386898b3dbdd907e029,1
3481,1323408600-fedcbdf710451ac6f8e5a022d68e4c82,1
3481,1321569780-fb6018c42c793668f59848fd0c14d8c5,1
3481,1326129840-436e4bd16f900beca4799e7618f4df2b,1
3481,1322438940-f9a3120bda3b7c20dbd34824fa2f4ec2,1
3481,1326924960-f916180ceefa413b8f2408a40a6caf86,1
3481,1327385520-71d16e0f09d4c0fc4fad763ebf23b28c,1
3481,1328055960-266154ef530147ab6c2754393b0b5338,1
3481,1327992420-f00248a50afc24f33dfee0057f282b7c,1
3481,1322694660-459c5f315dcc7b4f134577292f202832,1
3481,1325551140-24404a3c3897d3e6daa8f8ba63dc82b7,1
3481,1320441660-b3a6e1cd566ebacc23ebd778c1d347b1,1
3481,1327213800-70ab952b6d4ae8b5980f23d211ec0d06,1
3481,1322438940-be7dfc68258d79a916867163be8974d2,1
3481,1323826920-44890ba5a48756a6e395daded140bb75,1
3481,1324668480-47d1cae529dfee621da424ff9ec10b0f,1
3481,1326777360-57e692c7843553260477237ca511fbfc,1
3481,1323809940-24d788c78d2d60b34ced84487433240e,1
3481,1322334960-3cda628e7a65bc79520b524647184aac,1
3481,1323809940-cec76eb8add7552b34b4f06508942d6f,1
3481,1326303840-3026bd63fd993ed9835ffe20255460d3,1
3481,1323408600-16b77158a9a04da9b0e91c27be5f6314,1
3481,1326924960-dc3bc53128053b69030da08a3d49b769,1
3481,1327347720-f6e71722edcbf6486dc9d287be7f73b3,1
3481,1327992420-fb685e119291788a23272f5c577ce9fa,1
3481,1327981320-9357b80ccd39fd15976b62a921eed2fd,1
3481,1327971600-891a71a6caae7f169d8fa2f203e6c842,1
3481,1327971600-cb5e049b705c9fe0fd963b532f260da9,1
3481,1327995960-2ce5df1013bd88c31472b45f8156c7f8,1
3481,1322438940-a2908e04098fd2aef63f2b3d2c2d9904,1
3481,1322439000-c8a952de36522f4e46d19684d33918da,1
3481,1327880580-c7863f3751848bb3a282348d2977f110,1
3481,1324609020-c0092a32ee9a09725cf5c0db820adf6f,0
3481,1327521240-f27c20b772cd282907f994b434624d20,1
3481,1323757620-f7acf3722bb2102895c8edb597299fe8,1
3481,1320986280-c182040ebdc2814802d054a6185dd5ca,1
3481,1327130040-f7da06496dfdcd5fc48b08891f552553,1
3481,1327646760-221ccca3e0c99b1678961575d2750a32,1
3481,1323153840-ad671b1ee45e77c7ea90339a8b766f49,1
3481,1328055960-fb09abdba0f5b685c8704d35acdcc84b,1
3481,1327971600-9469519d8db1538b6cd041f98ed0a719,1
3481,1327971600-decf0b999356531d26b8999c6118bb64,1
3481,1328037420-94715313ffd75137dcddacfb52413e36,1
3481,1327988760-076c3fa8d222ee92e9744941871d44dd,1
3481,1327974300-a2690ff0f711868cef5a1bb78d598705,1
3481,1320626580-f7dcdd2931be0d286b1c78196a2ba385,1
3481,1328054100-73af373ef0e42e6d01318dd5facff832,1
3481,1327971600-78a5be99a5bb6bd46bbe207a25cd8951,1
3481,1326922740-a5ecf60aedece10762228f8e321f732f,1
3481,1323826920-cf6167d3f8ada26f6d3f3c272b8aadea,1
3481,1327213800-c8b564b62d02d12ed90ac35408d196e3,1
3481,1327521240-a43d6f66a809b31b8f9cd571b935a6bf,1
3481,1321157640-593e0310b3cb574e447df3ded0716d71,1
3481,1322296800-1d6becf8452696fc2389d19578b0a60f,1
3481,1323494280-7b025dd62a0ae3759c32e42c7653e7c9,1
3481,1326303840-c41544cf9d37b8af06b3d26272db0ada,1
3481,1324609020-46f0b23a76a00d47befa0dc0cfadecbc,1
3481,1326777360-de81bd7d104ed6b74387eb9bd777be8d,1
3481,1322438940-dde673917fb471ca0ed2362f94756231,1
3481,1322438940-45042edaf5d9d4f95a45183a6f2b7e8b,1
3481,1320461280-4b8ca7e143d3b8bc9e8663d8500b5879,1
3481,1327213800-333038223e746024f71d28bec9dc386b,1
3481,1320441660-ff19d4dda9936e97c401f7408c18c126,1
3481,1323408600-33835bb919594fd4616841c64c80eb91,1
3481,1323789780-2e427636dbccf396c54ab4d1776ba962,1
3481,1323809940-d2361313dddaab6626317dba4ff156bc,1
3481,1326777360-11b817d90d46253e1f2e435b3afec08c,1
3481,1326093300-6c58369694b7a282131eddf54f9d8057,1
3481,1323826920-cfe1ba22354c9e586b3a8f8342026a86,1
3481,1320441660-32bc792d79ceeb3c47fc296781288e92,1
3481,1325835060-2bbf45613e2fefaac7ac31d2e8b9709e,1
3481,1325835060-44a541c12c02368cc35494234e61e65e,1
3481,1323992340-3c0147faceca1d1f788dd1ceafa9679f,1
3481,1327213800-ded3ca77bfaaa3b373c1fec883773d60,1
3481,1326093300-d8e8bcbb26904c44fa99a767eadb3080,0
3481,1327213800-ab879628afd471bfeb697aa70016cbe2,1
3481,1327966380-ac7dab6e5a5d9ef701e93818ed207881,1
3481,1327966380-899632baaff9fbac0bb7461b0adf28db,1
3481,1327988580-c5b02bb235bde1cb4980fabcaf70c377,1
3481,1320626580-0d24a7b88efae310ea5b4da8861f95ba,1
3481,1321046160-329d6754aa5e4abf70a7000c587dce90,1
3481,1326924960-4371b47664899517c2eca7cc786a248e,1
3481,1327880580-2b897555ceb4581804ed010cfaee451b,1
3481,1323153780-2e30d669c6a1c2abf1ca9f6c1c008df8,1
3481,1322680500-9b08aeda3d8595fa6d5bbb47c6066c57,1
3481,1328026560-61108364d55e8d12e6dfc39c676384a8,1
3481,1328041680-4e81c67c8b75d49063034162d209806a,1
3481,1327966380-1ca9c9b973e2b5f63c3c4abbf6b57cfc,1
3481,1328037420-05ce1cf3915f6e585db7dacad4e40bf7,1
3481,1328037420-aaa7bcd05b7c0167eda84a81fe989f18,1
3481,1327995960-ba35e7274df61d8f76f88baf6eaf7bad,1
3481,1321390560-a9e4c99417ca79aac1d647fd641c994a,1
3481,1327974300-f89b80439e782459775b0d1fdb0a2ce5,1
3481,1320626580-635fb1edf44944abda54bb9c20d8a6f1,1
3481,1322535840-b89c8281efc94f52781b96af26ad794f,1
3481,1327971600-026b93d68fb5158f3e5d3bedfc8ec8c6,1
3481,1327971600-d6aa6b5aa6abea11fa96093262c5a17e,1
3481,1327880580-1a2b4f92f33f3e090156a04b3f3887b1,1
3481,1327880580-0635b868c39023323dc0b72ff415c2db,1
3481,1327983480-5a1f27ced95d24a3d440c352a1475699,1
3481,1328037420-fda12d2dcb25d866e93f7c7021fe7723,1
3481,1328032920-b91083a7e22c95f2ad2973ebcbbe4e88,1
3481,1320943800-a4b309eb03b516be626a02abbb1f1c0a,1
3481,1323408600-dc39a61f82825c5810bc753285105746,1
3481,1321569780-523c0ff5098d79f5d84bf13b45d36385,1
3481,1323809940-4f683ca873eb3e959657db14baf4c110,1
3481,1323408600-61f97ffe78224fd166abc93364969aea,1
3481,1320507540-0badcf5eca68274695fb9af41baeba80,1
3481,1325551140-33eab1e92f65278d6a3a1b34c4a404cf,1
3481,1323408600-d5cd6e62cc85e63b076316b588f54dc0,1
3481,1327988760-fc8efd06d179e9b1aec64d388e569d3a,1
3481,1328037420-8bfa1eaf16336ad8c2cff598337f7bb8,1
3481,1327988760-3d82d096f3f3cfbc4bb092c76ecaecc4,1
3481,1328030580-cb147f3cf87b8a5cf02e1635a9058879,1
3481,1327999200-02a279d632894b626df90f75d00df0a0,1
3481,1328041680-8c69be12dfc871869c99576968350647,1
3481,1327971600-3c5e3233d9aa79d3e475da4006f0d5a2,1
3481,1322296800-6787d27d46de3f86ac208bdb3efc317c,1
3481,1323789780-79443262b3dcc8a3c8ff9f58e4e72769,1
3481,1324681680-204a4cd4af21c9afed1c63bdda50adfc,1
3481,1320527280-f5535827aea8c2a963286d5ff760b37d,1
3481,1320626580-d3358e0a9156c0740fd64ab0ceccaf13,1
3481,1322680500-c344858f53ab436312265452e909b333,1
3481,1323153840-9371d50dbfa18e2e86a6acbe51441997,1
3481,1323992340-c0795803254d5fff25ae11595f3ae5bd,1
3481,1326303840-66431e69af21a1b926c42da193891af6,1
3481,1327545960-42794c70e0c2d1ad536a19ca03749f11,1
3481,1325980440-3a7314d6056b9ae298f2fc0914c03f08,1
3481,1321421040-74721f45210e0303b2fcaa700fdef340,1
3481,1326924960-46de60fc9d7f7d8957bad785e87f139e,1
3481,1321569780-61f0964a93e5ff09d5e117d2c9f726e3,1
3481,1327953360-1b12b0a698ba89cf4752a5f4e548920b,1
3481,1323826920-c2f44a15c2931a218970aec695eb6dd1,1
3481,1326303840-b0416283a5b6ab77e5175ac0deb3dd30,1
3481,1326762360-b81eda2d924125faadc2adc3f57ef206,1
3481,1326777360-4583cfc4e94c14ec14c75cc8d11392d4,1
3481,1323992340-7c9e3c58e99aabe2205f87d858aae3e0,1
3481,1320986280-d0bdd91d6600ddda8eb03f5175db7fdb,1
3481,1325835060-d95cd4c0023b7b730334d93c6c8d753b,1
3481,1324870860-9350a3aea063faa4d05d673110d89c2a,1
3481,1327646760-dbd1a114d9dc2f45b16c0d62592566ef,1
3481,1327213800-10c40dda25ac8d4909028c4653dca792,1
3481,1322694660-a79a47419e207760c5aee24e8767cb2b,1
3481,1325551140-5a7d9e2831d81a12bcece572f30fe0b2,1
3481,1320441660-3a7c421f42074b2a111c9609f0d66cb3,1
3481,1326777360-abfc9f0b9e7ef2c95de74a31936ec847,1
3481,1320441660-b093f54d51f3134d6a94f3a81d6ec090,1
3481,1327555860-7baa24a1a632ab11d1b959bb56586a36,1
3481,1323826920-3015b2723dab79f888f79099eb3d5208,1
3481,1321569780-f03b474727f9e55c8874a990bacc3935,1
3481,1320626580-5c8cb0b1cbe9f026b6167da4fe8ec4dc,1
3481,1327381140-378e4f6592b9e299e84e5db8a50f2833,1
3481,1323789780-57b84066112db09eb532719be3b2f396,1
3481,1322749500-ffa52b50234c7228d536322ea47c2696,0
3481,1325684040-98746f3401da139f2f1d996cb7a72f09,1
3481,1324072500-299ef2e9488ab99e91eb488cae51bbfe,1
3481,1324071600-49e7420d537602ab222d75c5ceea5779,1
3481,1327336500-07e22c09c87fb1f7cad98a6dae82140e,1
3481,1321028520-beaf3e9dfbc9c74445446abd704c0169,1
3481,1326231000-14bf3810bdc0d2fd7e01dd8660961fd4,1
3481,1323376020-a817f88d217f06e7f84ac3c0b2c1cbe0,1
3481,1325194560-6bef5256dd400154a2742760ad3c465f,1
3481,1325852640-32d104594d3f50196687a14eab14bffb,1
3481,1322004300-869c402497d6902adf3471190f5a4065,1
3481,1324878420-d185cce896b90c1b503c54df21c66156,1
3481,1325237400-319e2c8b5808497dca9b723b48716dee,1
3481,1324876560-5ceb0b613698a25dc9af844321440a73,1
3481,1320748320-8b004d329bfe81b2922ba004684a88f5,1
3481,1323706740-3098184cb1eeae9731e093ba734308c5,1
3481,1327803300-9ee689669b3fcd0ff76a63b0de36ac74,0
3481,1326439620-7e05da65e1c8c6c211cae6517bee90e6,1
3481,1326785520-38cb9cb13a7d872c62726049a30b636b,1
3481,1327647840-917c8b4ccd652e85aee0326ea74d7543,1
3481,1325816280-c7059aa0aaa54ea715343741e96d8ff1,0
3481,1323992280-fcbee5ee7eb38a18f0f508a51a370618,1
3481,1322605440-4b7de73375687a76d3c3a4db008ef70f,1
3481,1321430160-53cdee254824a67b10d95be8a254807b,0
3481,1323148020-365396c5ef1dc9f8ce0360764ee4f317,1
3481,1325365620-7f77e7c9eca3a7fcdcd11d7edb06c231,1
3481,1323736380-1de445be9f19605a3d9ed7697941470e,0
3481,1323174300-869b7aefd9cfa26396275324dee63cc4,0
3481,1324556640-bec0ed2c7ffd32435a869b2cd07f0ad8,1
3481,1321488120-c4584e50a84a99c012bcd7d319daed2a,0
3481,1320617700-6dfbe83cf705808459f702cb2f0971ba,1
3481,1326802260-6266fc9d8b3305bf6cbd055507be9a8f,1
3481,1321766760-0939d06f9e6c7af1a409c1a22683a56b,1
3481,1322870700-15e529621c4f37967039fc938160077f,0
3481,1325347680-2ffbbeedddd02008bec90400d4fa8ca4,1
3481,1324646340-31384d603f83d8a30a1f7dce314b0e5b,1
3481,1324308240-d2a0b47526a7dbaac26a571bc6ff387f,1
3481,1326418500-3993c48f10618f59e8c8ae7756d06469,1
3481,1324143000-7a6dc2d0c650b9eaa4c9b0c14a412ded,0
3481,1323363780-b24608d52f8c7609aba32e4cb08b14fa,0
3481,1326329940-1a0371480f35cb0558c44717980f0ae0,1
3481,1322442960-95d91f84f9f5cca1ae12069aedfcd35d,1
3481,1323171360-a42e83c99a6b5b9daf75280b0174cc66,1
3481,1323723720-7cb330d0713ae1d516c1dc17232c12db,0
3481,1327464780-4e33682bf53932aa2f6ef9d3c42abb59,1
3481,1323199200-f936663ff44c69b150bc3622a8a63283,1
3481,1325620500-7c97a239afc124638b5a289fb8b3b1ae,1
3481,1321414620-6a8278f1fb208ada8866413bfc391f2c,1
3481,1324977360-cd3beb949ab498498dd810f96cb0b9d6,1
3481,1324977360-8a8e3948cadd7031b8db7bb19877bd00,1
3481,1323798360-537ffb0f63a3e23e62ac37fc95c203f8,1
3481,1321496700-ce00970bf1392f1047735aba4cc1b46e,1
3481,1321419960-4cad35907ac9273a0d901d48d196074f,1
3481,1321408800-4a3e2ec5c9c6ec17260171178b37d2bc,1
3481,1321481100-3561800578b2eead3388a47242b3ae0a,1
3481,1320722520-b9a2deb790d0cccc9e17a9ddc30c5880,1
3481,1324691160-5d260bdb28a93f91a5030a630f436d7b,1
3481,1321386720-a79872b8a33cb494b0a1239af7026aec,1
3481,1321381140-17088bce1dc3c2e0ff7faa725734574b,1
3481,1325600820-3fe4050e65fbeaa564112cfb2c8b6418,1
3481,1326784860-2076d7a72dd9a313b2386bcba8c8994c,1
3481,1323107700-f8f868bb4a07d210a89f4e72aa71f4ef,1
3481,1320744720-a42ebd3861e2fea7c9ca83d581d65ac6,1
3481,1325751120-da990d8fdf0da213bcb281a294e73d27,1
3481,1321163760-600a6e2bb1590160b71dd09d3e893368,1
3481,1326285060-f8b50237d2fa711f50e45726105545b9,1
3481,1325412360-6aae8ceb1a81f422c293e93d6ffa7380,0
3481,1327682940-9cba9a804c61e4ffa8cbfd86ff6c306a,1
3481,1326496860-f26b8fd0e83107e851ac0cd6175c7ecf,1
3481,1323999420-d3aa6fa04c7739a7dfb90ba5e197d58c,1
3481,1324765500-79d84ccfb4446ea557e083edc653aaa0,1
3481,1320748320-f29ec970be47fd9907f2635cd2ec7eb7,1
3481,1320954180-dca88c623aaa7194e60cbd9203a24c83,1
3481,1322103900-822c70de749def1cc17ef9c47190f110,1
3481,1322630160-d4327d3bfff26c09bac44868f58c7d1e,1
3481,1327336140-8b94b72d8eef37f0b5187e24203ed9ed,1
3481,1322094300-2d7c0ce4ae6512420c181238580f1846,0
3481,1320651540-2d26231a4820114e060d07bbb613098f,1
3481,1325003940-0b02e9741214c3a83456b4deaf6d7ed4,1
3481,1327538100-aa4d1639e7ac4543df28e1ed7ec87e4c,1
3481,1321518720-772bf30b35ea81235ebda8f62992595b,1
3481,1320865320-6ab8447bf5115025cfa7803f4c1be631,0
3481,1327576380-a4a52181e90d7b84fce4fd5a1c25b94a,0
3481,1322193180-a36826b7fb477dd292102c7781eddebf,1
3481,1326428280-7b2f46dd760558d8a2998bc3eb466496,1
3481,1326913680-19c2cf35194aba92be1b859702e52bd8,1
3481,1327126860-ca5820dda20016b784d3e321987a5bb9,1
3481,1322780520-47ee518571f5b22c216e9e7c9547faf5,1
3481,1322017380-6b121231d447d4a188e0128c3d195044,1
3481,1325720700-ce2dc8553b192f11f52eec4eef4f8821,1
3481,1324265820-c4e3b573cd32e5dbc1a238a36ec00db2,1
3481,1322626440-96ec4948c91d189b1d9b9b9010e808bf,1
3481,1323237240-c2a034326f8584e9fd2fc2a014bf019d,1
3481,1323222480-069efc368f0df2136c9f40326f116001,1
3481,1322508420-99aca51f47e664d20d17e1103308998e,0
3481,1326168240-9e005cf7df8df26761ad93f68bf77276,1
3481,1322787960-2676d78e0742805b670e58e1659af74c,1
3481,1325997960-a826fd9e0f129c2968237012bd97fca7,1
3481,1326997800-2b3355564ead9e79be2d4dc8bbf58c7a,1
3481,1320468360-32cb056e00651969b99f82088eea5343,1
3481,1322653440-cfb518cdfbc70b96fa8349b9eb17c070,1
3481,1322644500-dd1566aa0afaae81a1a0928fb980352a,1
3481,1327673760-316390a83a415b00782adb68d508b7b6,1
3481,1325294220-ca7f5d515ea8d3f2051f944ba4b7238a,1
3481,1320552900-87268e349e2133d8997338ee89632a41,1
3481,1327021260-6676dbb45324d57f4882520a99854d66,0
3481,1326243420-133328b17d2210d5c694714fc03b83a6,1
3481,1323768720-6e667ef398dfded92cfa9a9bdecca403,1
3481,1325620140-b17545ffb81458e6ffe474a2203c98a0,1
3481,1322783700-1e7d83ead440a6d0adcd2dda1bc6227f,1
3481,1322596980-96abebb44c49e983b44602197af656ef,1
3481,1323714540-59bb8ba2beff50b677da4b2861ded9b7,1
3481,1326764820-8c62f04ed0d6010dd807fa026f0c9a77,1
3481,1320109020-52538181e80b85953574050c5f9d8b60,1
3481,1326764820-ff80795fa6e308479ff2f21296568849,1
3481,1324158420-13f88bd6194d1535a526e40242d5ef84,1
3481,1323714540-02e9a2744e96504c50de46827d7ccada,1
3481,1327768860-d1630831c4822b23b09d28c1ab41e314,1
3481,1322074920-b4c75adf2de1fba6523a0f0980d75c8c,1
3481,1324676280-db14d4646d5c16f4f71d5c62bbf2b92c,1
3481,1322044920-12fa06ae06529a8bca4b7a2ca8949750,1
3481,1326833100-0cf3bef1095b046732724d0cbe4c4a15,1
3481,1321205820-7ed73d9996d6550281e0b58f7ac01980,0
3481,1322626440-c278a84bcf8084458057fd2966d4050e,1
3481,1326705660-99c72a2600a45fdb8b150b49939fa9ff,1
3481,1322669580-a63bcc1f097e68b815fa59dbcd9ba305,1
3481,1323898680-ddbaf076507ce213445f963c90d1c709,1
3481,1322858580-7c60578d79cda9a2de8dca7c06a6af40,1
3481,1320442140-d659413d9a15e5e8db9280ec234499b2,1
3481,1326391740-cf703f4cf6eeb23383c26c8a314d8f5d,1
3481,1321381140-1753bf708a02a862b20f4b9a48abc27a,1
3481,1327008660-b6a05318df41e900cdd6ba5237f1ec69,1
3481,1325704500-81d28d224839f460a8745aaed44e4c00,1
3481,1324563360-fd2e672763b8f1dc21a58a96f3aad377,1
3481,1321381140-78b50ed747fb06ea3293c1b1120a3557,1
3481,1323970200-f669d34bd950ed2fab279653493d1ed2,1
3481,1322526600-025b788bd9fc3f7871a24a3fbee14b7d,1
3481,1327453740-c18f02b482f06e14d189385506fc9e35,1
3481,1322526600-070f03a33219de4196564014f0173aaa,1
3481,1325356620-ae66e5afed9cffdd183fc918a5a23dde,1
3481,1327453740-cd5c455c20c262e930b8259e17d0feb8,1
3481,1320442140-91d05ac5fef706cacac2d484075f225e,1
3481,1320442140-b39359c8fbd6aba8b36edf42facc4d8b,1
3481,1320442140-291d10e7f4a60d895c01a048215396b8,1
3481,1327453740-8441d4e7a526f4d63635a69da2476f98,1
3481,1322526600-49d3fd8507eb80d70182c82439f4fb31,1
3481,1320109020-2f140334dd3b43164798c7c0dead18f2,1
3481,1320442140-38a360c4fb33ba2653312f9feff83007,1
3481,1322526600-b00539e9b0cc82cd4056514e3dd382cb,1
3481,1322526600-cbe6dd8c2c0c4e33014555ccd03d45b2,1
3481,1321309380-6f4ed30eb71b5bff2df34773498867d0,1
3481,1323836700-f6568646eae0780fc375c9caf968baac,1
3481,1323794580-4c3ef92f4ac5276c41bd5856d5ad3ed7,1
3481,1322100360-fad28c3e0200af7bff5b7bf7cf8d2d61,1
3481,1321309380-d4daed0465396d6ff7b3bdf1a30a558b,1
3481,1321309380-207f63dd10e923f0396ce55ef3f33983,1
3481,1326243420-64c6803dc8f95ea530b2130571eeb3dc,1
3481,1322100360-a3a9cb3d003a0e0ff433ba889a00fcdf,1
3481,1321386720-a4dbc0a25149d7de1d7bd6a0b054d16b,1
3481,1327850640-7a401ee46916ae0ba3fca9a629a88418,1
3481,1320345360-b92d572d719c8125b6c07dc02ce286ef,1
3481,1320345360-8ba4dd7c695a551e01662d4e5cf4b5df,1
3481,1323710820-d7be93ea3f8b748ecd00483f7c572bd4,1
3481,1322472420-b20a97060ff9dc1447dd96444aa2ccc6,1
3481,1321024380-29140945922f4984aed57823835a099d,0
3481,1323181260-a7b92210057bfaf4047d2afe1a69c258,1
3481,1325267940-0ab95aa1b4055a871192b1ad06ad9612,1
3481,1325326980-f6d83453b74c33d320e0faed8419b546,1
3481,1325866560-f668ea0492f1b395ede7ffb408e885a9,1
3481,1326302280-fe8909e6e51ad56bbcfd81977b62796f,1
3481,1327717980-48391b40929007c82584ea5dc58b22be,1
3481,1327839300-a06288a97b3babdc8da0da509e4bfe41,1
3481,1327195500-38d9f76df474689e8263b104c3759ce5,1
3481,1326958080-ab1bdc1b9b6842a545c112959fa4ef8a,1
3481,1323897120-642db80d060046e0a3026c518a0dc916,0
3481,1321035120-09c408ca280a688b71e6b87ca90de94a,1
3481,1323129660-8517f3a0ac2079d57303d39446c9247f,1
3481,1321291020-7b10bcee6da37370627b8fb0a55d2436,1
3481,1326091920-ae7edb547d66c382fb1a08cf0e7fc494,0
3481,1322734440-f4c012d58529fc3b2f0362b4afb85d97,1
3481,1327107000-21c67dd8ee127b26e56172b263951cd5,0
3481,1327672080-461d3c8a995e6ddf53fe7179068516c7,1
3481,1326127560-3d90e1d32ff625974f348372c0da8cc3,1
3481,1327817040-91b2486f8a5bf1406df4953ced3613c8,1
3481,1326144300-29caf72addb42532248a02b7b90804a3,0
3481,1326211140-c806356034e5d9b93fed8785b7303861,0
3481,1321351080-ce09ccc2d525d80087d89d662a9a68eb,0
3481,1320654660-df7925490e37d8c8003b1d14cb5ef045,0
3481,1327605360-1d123578f76533ac8e3397bd6aaccad6,0
3481,1323877080-f0375a12e65c10f4bc1f99123e0dd067,1
3481,1321853400-b19b375fc4076eebbc31c975971d2045,0
3481,1324558440-ac47a4e251208c7dd50ce5cc938cd474,1
3481,1327677660-46cabc6399ca77a61a902439bdc627a4,1
3481,1327430520-af689019cfde114c948f2597f1c4db20,1
3481,1327415640-a08ebc1c7f3d187e376652aba7bd10d9,1
3481,1327388460-1161b5cb35c2556ab2ca3eb39fe561d4,1
3481,1327387080-8ecec0d4fa66c87750c54edc79973821,1
3481,1323588060-61abd66c4647a0429ac81f6937489f9d,0
3481,1325749860-bc4eeb79598af5f4ec8c6c1582c8d7ea,0
3481,1320987840-b2f2f01a185262ae5fbb032bd670abe4,0
3481,1327383780-31bb1e223f1c3d55a97a75e7b8c9363c,1
3481,1325116800-888a1dcc32a4daa7a8b91c75bdea9aa7,1
3481,1327885200-66730a36cecf0c57fb0718193a5c07af,1
3481,1327453500-933951444b8eb6f07f49e09310615180,1
3481,1325864040-0ce8878247cdf4c3b4487d4079376dec,0
3481,1325611140-23f5081818668abe1b7b602707e724a7,1
3481,1323390900-992d53ba74f5c515e39f923962fc84cb,0
3481,1322092980-0e9f88dc804c0b5a7093c7e1416de747,1
3481,1327454100-0d8dab64381850c46f02130854ea1f11,1
3481,1323941280-0990745170221a10672646435c7b38a1,1
3481,1323268380-4516d04fefcc6ffc70de0c9504a7b421,0
3481,1326169980-464c9bda90115801904d03e5603803a4,0
3481,1326921780-ba520d78181b4597fcdd5c94f2db0e2e,1
3481,1326918840-9a6b72a56b5fd7f98c4234d4e5aea7bd,1
3481,1323380100-8d1eb8e39fec6b90b6f95f64dc56f22b,0
3481,1325367600-bda360aac1caab4592e604ac93c0060e,1
3481,1323443880-49f027564698d0dde190089a8d60c767,1
3481,1326950040-bb353b5584dd11ffe3a7df81996e04f9,1
3481,1322597280-01d81c0689816bf3fe2c3968277ef652,1
3481,1325862240-21b6e171f74f82f5279f3dab522e71a8,1
3481,1322305740-40573bde9bbe983d21c275d01df11fbf,1
3481,1322539620-332f93fcb3d7bd59a7466912825ef929,1
3481,1321941900-3891444d3fd0d2e52f6b1517c6c1783d,0
3481,1327381020-87a60459149278402899cb23fd65c077,0
3481,1321423860-7a0245f4ee532e268fcf4686c0d6e69a,1
3481,1326502860-773c21bf56bb046777642aefb5519ce9,0
3481,1326528240-507fafe85a93f0410e42ce3a0f21324f,0
3481,1327012680-22714851c0d801697911ebc346230f58,1
3481,1322100720-6c937574b20f18cb0525ac7ebc454a4a,1
3481,1327427460-699fb8aba6a78eb9b3f40a70f84e6875,0
3481,1323806580-2d261a306ebd0a3ec074e17a0e844326,0
3481,1325398440-58220cb6372030bb58eabdfa378de76d,1
3481,1324704300-5c84c2f1b86484a2905ef19eb29748d4,1
3481,1321661160-be85be276446ae7cd4970afa210bc086,1
3481,1321622160-50cf1b2acc93d8ea05097a12cb60372f,1
3481,1327323480-0b5454ee4476b5b05cfe9d6ac729961a,1
3481,1325401980-22a373c75bcdfd069227ab74c6430cb4,1
3481,1327325220-740e6cd2df6b0bc6b44d9e6e779647e3,1
3481,1327325160-601a9c26d7543a2117411caf04ad0476,1
3481,1322644500-f2416020d0f0acaeaaf76a9209f4493c,1
3481,1322538360-24b1e60a6e8272468b71524441d462ee,1
3481,1322540640-4f2352376908e25307817b3df953404b,1
3481,1322540220-dd697f004484f5e99410d9103b5d37e5,1
3481,1324330500-39977b7fcfa0021162943af8a399bd84,1
3481,1321157100-2cea18f77641a1114715c991956da774,1
3481,1325239020-3897d6018207455bafdbe99c4cebb906,1
3481,1323887100-2eb023afb86ed74fb45d075c3a54160d,1
3481,1325838540-2d7c27837313148615007f5d0858d2b2,0
3481,1321548420-cb5a25a43a31625b139cf0f8f57b3c6b,0
3481,1323876840-1c34c6fe1cd23254481cf477fa16b6ba,0
3481,1326186720-58e6594f5d18e0d623bf309acecdfa55,0
3481,1324434540-6aa430b672e6052f801e89ceeb346215,1
3481,1322693220-58d12f35eb58bd32d3c8b4c978df0429,1
3481,1321260240-152865163bc5db1265f377e0fb75fb0b,1
3481,1326454860-ce1231cb4c64ff1ff66e084b6e0915f9,1
3481,1325998860-bde19f7b086f51d5d5f76c2e29dba0e9,1
3481,1324424160-cf2de5cdab147fd705a6cb5d8aa0cfa3,1
3481,1320962460-f7402050ea6fee0ec87e067486287af5,1
3481,1322630160-5b515015ebfe7481188a79cd52a1d984,1
3481,1325348280-8d7aba95d5e69c6cbd2f8c22616065fd,1
3481,1327384740-27490b11ef41de8320b6add4e642d19c,1
3481,1327777500-fd1c1834965bf7d4ea4151890c533eb7,1
3481,1322748060-6c537a291aaf4217c6867f912d84c7f0,1
3481,1326010740-921e5e695c85d3986b6425c0d5280369,1
3481,1325673600-29a2e0c6b5cbbc8e624e12a23765991e,1
3481,1323251040-08894fa19d8bacc45bcdffc1d4f7303b,1
3481,1327613940-4bba97dcd005bf1918424c5b32cd0034,0
3481,1320659040-bdc011511a3b1faa41c2ad6ca18c5470,0
3481,1326011220-2ffbfb2c1ac5a1d7e8e5709d009385b2,1
3481,1323175200-b4f87f5c2c11d04a2ef33d1078c7f083,1
3481,1320761940-69e811256722ac93fadbadf7cae1502d,1
3481,1325751060-10687e281c39066d3f346f44a2ff19d3,1
3481,1320573780-4dd7c57ba1a50d39ae587d4e9c009303,0
3481,1327047420-72f5369201b3524eac98d0ef5077b6c1,1
3481,1327369320-298632b36594a3c49e1954dc9c51da8c,1
3481,1323365280-6f5138516340b5c76b6e21d04d7d280d,0
3481,1321257960-27117fa2a275e62ca2921ddd8a83ef68,1
3481,1322878800-251f2e4040c498fe6af1a8d59206c335,0
3481,1327331700-7e9e63463090091ae8468940549233c6,0
3481,1320684540-acddbcc94ce6215e4b05067a4b47047e,1
3481,1326958080-5c27f0199ea235bb95ed9f8077198365,1
3481,1321940220-37b8a2a4de7402cf29f5845ccce599a7,1
3481,1324891140-547f4bc2a49a52d95da22b056a40efb0,1
3481,1324891140-a70e9e6ef7ed09e87dbcd9553c79083d,1
3481,1326168240-45ddd08ec97f7eace9a2ef7afb118621,1
3481,1326941640-9d87ee4af6b17a0063f667161412724f,0
3481,1325289540-91e68e151534a7aa016ca7531ba41fb4,1
3481,1325251800-6e0b2123d5efc3849cc638fb472ab7d4,1
3481,1327030980-a22fb4a602a6a7496d298a1f2d0d9e5f,1
3481,1320777540-094417f3945445b86544bce9b1bc07ee,0
3481,1321478640-ae20389431ffc376773ae02ae51a7de6,0
3481,1327469040-710da45cfe6a993a171018335733911e,0
3481,1320719340-1c66f41ff8ca377522ce20338016a0b0,0
3481,1322578200-c3d3d0d116c6e5f25233bae174591e1d,1
3481,1327300920-8a914fd30bc944a2a98e61c21ee01039,0
3481,1327600440-fb7b5e3ff95c5ad26aac99e05ec64818,1
3481,1323223200-4044fbb63157967055660be0666a3b27,0
3481,1323433560-699d13dfb5717614716fa416ec4ecfbf,0
3481,1320927840-bb8c571ef4aefd2c6de4abe6af6a2ead,1
3481,1326670260-c3ff9cf2f8bceb90923d60b9d5e8aee6,0
3481,1322708100-3f6421092cfe203d5fcc9f2261f74a22,0
3481,1320554820-fcba076718337a23667c3a28fac20c6a,0
3481,1325314260-fcf94bbeb324fc851407d990a0d8bb7c,1
3481,1325215500-5149045a064b6386c30d67f523cca851,0
3481,1328032680-dfc236f26069c992a744f2c61eb858fc,0
3481,1326613140-1266201c59f09da5b4a486bc57896933,1
3481,1324193040-c8e2d1d9eb4080636dff510764bb77e5,1
3481,1324193040-d56e851438a24281264e4571aa87e33d,1
3481,1324193040-f59169dca49ed5173f78c16d43d3e859,1
3481,1322724240-ab5830a715308a319f46a3b3e4290ffd,1
3481,1323588060-674223eb6092aa315fd0335c0a524b73,1
3481,1326008340-2c72f94c4208166641bce181e7857b7e,1
3481,1326008340-9d28b2b780bb1af7a6cc72c5e766075e,1
3481,1322724240-f6b65707e8a8b0b1923ddcea9c6540fa,1
3481,1321774020-3329e88d78479c75008dc9adba863083,1
3481,1320128820-a67d88a2b28252c3aeefd99f9e116db0,1
3481,1322724240-885ad1145b7bd9b1bdb1a38ed7544958,1
3481,1320128820-f6296d68cf5be5f48fb0cd1b13797aa1,1
3481,1324824000-0e9c19ce0f3c4d180ba675bf770f592b,1
3481,1324797660-caecb4c3436b8f451a5baa293acbd2b2,1
3481,1323588060-d4173bca637d683283f08a082e515ead,1
3481,1322724240-cb51b7fa8da0cda4e3a5dbdc030d6031,1
3481,1323588060-91e334331d8a3d00b1554430537e2b5a,1
3481,1323588060-46a80d0a72aec2e2acf423e6a1ab808d,1
3481,1322724240-947db07da7b51292492dd24a47db9ccf,1
3481,1320128820-7d267a490140a1870d69cb965c16f0b5,1
3481,1322724240-05d5b2400a1c60c608a2de04085bfcef,1
3481,1322724240-fdb6abf9f6a39d8c6e4a11c298eb526f,1
3481,1320560520-3108e8c9efceff0602d3e991b08619ff,1
3481,1323762060-96552801110069701c8a489ed733383e,0
3481,1324193040-840be00acf5225d5777641e11e6e95a6,1
3481,1324797660-59ce11587c060c73cff6a0bbca736cb8,1
3481,1325852640-d6363e85a5bb0467dfffe2c7712fe29c,0
3481,1327593660-a3de0a1437999aff5612be7d84dcf7a8,1
3481,1327832820-58877b06999eaf4947dc988a7ed9cfaa,1
3481,1327823880-87700fc02a87a432e38f06222a4bb494,0
3481,1327844880-463f8977f62b82ac6643c3b08c1d338b,1
3481,1322496780-f2ab058075264c56b1efbab55c1e97c6,1
3481,1323411360-003f6e58ad7ce639e86af8971bfe41a5,0
3481,1322902500-697ca80b198fcbbd68fbcc23fca8a22a,1
3481,1325025180-8ebf4ec6c29cd63f2cea1eb9d79c249e,1
3481,1321381920-01e6a4b7fdea87c6227a2997eb197228,1
3481,1321294860-1956cce90e100dd7e3f6243f02fd31dd,0
3481,1323176520-b52d91387411b6a5d5fcea4a66ae709c,0
3481,1320426060-2a8100ec1c8f54ac5d8659cfcb1179b9,1
3481,1326014640-3b75fd8610223a58e53f7c56382e2d87,0
3481,1325866380-02214eb6bf038155b2bea06413d44a37,0
3481,1320169860-948f6b6757352ba7e9ee7910918af391,0
3481,1320812640-043162bcfd88f1bd98a3ef2a2e85428f,0
3481,1324004160-d8da812c00d666bb808827775c7f072c,0
3481,1327879980-6252ae7bb0a8441ddd0a6882c2705abe,1
3481,1327974300-78d2a2894505838dc0ba0a6e87640757,0
3481,1324427460-763c19c90a50cd5f00891e18bfe6225b,0
3481,1326887280-8c22d45a96fb5cf9844e494d9e1afd0b,1
3481,1324563000-66f3c64a4ce56210e5c9e0962c723923,1
3481,1323784080-2e7c4b1aaec1f3fc0c74f9fa1d13f19d,0
3481,1326010560-024a5457e6c39e672618f166da71e8da,0
3481,1326548880-414cf340555b8cc3bf9f4db083e89f53,1
3481,1326549540-fcd2f0f64f72a38a85b929e59b0432a9,1
3481,1325331840-6292a9b469e1bea3a365e12764943a78,1
3481,1326361380-718b078c22d0cc189ea0b392c5bde13b,0
3481,1326832920-97bfd017b40e219130b01e21b52cc7e5,0
3481,1320962520-b9536ef79a5e0067ff66b2774c382a72,0
3481,1327320420-7a4a15d1941331036ae3122214a7a58a,1
3481,1324163760-149f0abf5aa2ad1eca198ce39d778854,1
3481,1323981540-de50ffe0c0ccad696b93303fcd2fa581,1
3481,1322684700-7dce3a6bfded627cd2b8a0197d5faccc,0
3481,1326188160-dd3fb2d1f55a5d8993e6261e3e04da35,0
3481,1320821580-f2f8db5df1bfc37d5b97363cf83abb55,0
3481,1323375060-6defae37ba97f6dc4d27151d269c7a2f,0
3481,1323904620-af93787a86e211ca7cda4945b3266838,1
3481,1322726340-79b8ff9a15127d70581098ab2b2ce3c9,1
3481,1323235860-758dc0f22a70e35e6f17ed12c4d5cbb6,0
3481,1325191320-aba342df1858c3bff03fdef6c1def91d,1
3481,1325695620-b892de1d8d5d4efa0cadefe5229176d2,1
3481,1323948660-6ce44e546bb9794a602b767e23d0e7fd,0
3481,1324541220-6d4c146e4f8d9a4f0884b1f3dc417a19,0
3481,1327563360-9bba9f87468c9e3305b8fbd3d3a4165d,1
3481,1327558200-6168ac58ca7517443789abb27732bde1,1
3481,1321560300-a7e566b0a4ab8b7d9f024396fc871166,0
3481,1325724060-095b2e8cb8d52c60dcbe8ea05779b309,0
3481,1321948680-4a146f05f40a6be4c8a02710b196b72b,1
3481,1320337020-6647fa785e72230dd598711523fc7082,0
3481,1320775920-32342381d81d561f239b830dde791cdb,0
3481,1327010340-4117d8f7a6d79c4e18a07a72764177a4,1
3481,1323845760-20c35a394c86aebd72a024b4aa8b6359,0
3481,1324284840-5165df3e86d04aa397b930c83cffc780,1
3481,1327943820-342b06dae8495c43b8996af3b425ac48,0
3481,1327059480-f43126410b596790f54158745c5de085,1
3481,1322363400-1536cb2be4615ab3d09656d85c98eb7f,0
3481,1326251400-bb4aa6d27523174a694e7371b728156d,1
3481,1321156080-9d54fd0c791e5dfdb426f710796c0352,0
3481,1323506340-8bb07f833483b1c70a05e303fdff57b1,1
3481,1327891140-43ae7ae7c40faeb3a5e963bcc133e6ea,0
3481,1321415700-bbaf3dbd9a7cb949e658783f3ad6b7b8,0
3481,1321168680-de6d23fd002390a29ef20ebbead6f34f,0
3481,1323110340-9181c5af395de61ac51dbeea25ea0d01,1
3481,1325673180-f33bef6216f0d9e15ede8391b7a06a57,0
3481,1327617660-41577fdfbd88343865e0e0eda0e397d4,0
3481,1327642260-513672c41e2a17c4e05c05f8de5bb803,1
3481,1323988080-be5890d048deda96cae933b2061a730d,0
3481,1323163860-b548badb641a3436a0eba92892297cf3,1
3481,1320573780-35b1caa68881a474cd00bf4ee1b81527,0
3481,1325890740-14ad7100766ef96265ab6c87f2968974,1
3481,1320819540-27a3940785b0cef6a5c597619b1506a4,1
3481,1323442800-f2b591ea3f2cfdc7c7527fef65bf46f7,1
3481,1327460280-69f94a8e635b675b4e046ce734c1d2af,1
3481,1327459440-f5071b52c40a0b6e1751d3cd72555d37,1
3481,1323436920-77c0f89ea4726c545ab731e76e451a06,1
3481,1320330240-9172d73f69f0de013063498194cbba9c,0
3481,1327106820-cba037a0da896e8bca90c835f3db383f,1
3481,1326136380-4a5ee61802cd1261707855dd437b9a72,0
3481,1327269840-58183e1ee1e87f9ea68964dd9c24fc11,0
3481,1325990580-a708e29dce9aa5d86de639aff4816ed2,0
3481,1326704400-9ffab428d8d46f4f6ec16de99564c1d4,0
3481,1328061300-4003ea54802b846076522b7b2252d407,0
3481,1321566600-8e5b76bfa4780c6d9e1d0ce2eb25ba91,1
3481,1321531200-20a646f291daae8d5d01139d2f27911b,1
3481,1325406420-537970d6c84290f6abc36e84bd4d9abf,1
3481,1320553680-87a1bf2a58786cc815729cbc0dce7a46,0
3481,1321650180-1df5aea2bac97c41248fbd7ce152ebfb,0
3481,1326310440-38d801525fb60a35045b53fdf8e7f301,0
3481,1321305720-547dbf87dd0ff0ce0949ae01fc0bf7ca,1
3481,1327931280-9887ba9121479d1953b21fe0b1db4061,1
3481,1327821420-1077b3c3317bd373815b344cba7ce276,1
3481,1325647560-98d9228b1107edff4122907e7e2ab6fc,1
3481,1327496040-c2ad9c1639b0d06adf82a724eb2a2a4b,0
3481,1327744320-4acb656edc8516a85233bf10d4521d5d,0
3481,1325014740-8f048134588b38de476a32ece54891c1,1
3481,1325998860-d9b0c0363f40222aa9b72c085dcbe81d,1
3481,1326269220-ae9d60e0c4d1042a3db58b2520108452,1
3481,1322465820-be88a6c78c4277440289c955dcc62e87,1
3481,1325616300-dd57ff3453650fb130e86f02d8389cad,0
3481,1323878040-d0e1373a7d1910662f1492ba816c6737,1
3481,1327597740-82c83735f66e2e320c653b058cece554,0
3481,1323531780-10bd10d8e7c3687b942a1347b6eec5e5,0
3481,1324997820-16f7c6cc56bd6656bb2cdb42421c8508,1
3481,1324997820-1427d4b2f43d3eb8ebe80367d7623c83,1
3481,1324997820-003327d8c3dcd311a029d646c531378d,1
3481,1324997820-5c4a4cea00bd50dd38fe939809fdbe7a,1
3481,1324997820-92d5d26a77eb0e79604d9870d04a7107,1
3481,1324997820-36d04e4572e74f6fa32e9c8171fd40bb,1
3481,1324997820-483d066fe316ca7cc22672493ef3d5ec,1
3481,1324997820-734d1a300302a700710362faac1cb455,1
3481,1324997820-db28398f6cb77554e8e08c42305bb8d9,1
3481,1324997820-f71b116d7eb3992a359311d7fd45df12,1
3481,1324997820-f4d69e7a396c177d5a4062a00c00993c,1
3481,1324997820-401b60db6a7e7e594af72740c050c58e,1
3481,1324997820-8006aef891e613d2c86e1a464dfc9bff,1
3481,1324997820-6acadba655f080cc4e27c57d12975d0e,1
3481,1324997820-f23c71ec4a1daa8aa1913a6f39c1c157,1
3481,1324997820-b7cafc1acdcc496226fe55e111ad2fd7,1
3481,1324997820-4ed623975b5e2a1ee6a984f7412f8fb9,1
3481,1324997820-961af5d3cdd737a670a1140c4e79b733,1
3481,1324997820-679fcd48b3257e5a69c79d2a803328ed,1
3481,1324997820-7321c9fa2b61a7b306588f9636a6d7d1,1
3481,1324997820-69f9cfdfaaee806e53d39142200711cd,1
3481,1324997820-89bf92cb0d16dd9180fea83600b85b14,1
3481,1324997820-11958a644d744787494bac8125eacf34,1
3481,1324997820-26eede9fbb769ffaac80a89cd962db5d,1
3481,1324997820-61d569c579b19c9f4331b528ad0d2167,1
3481,1324997820-6770e262603f72077fa4c5e6777b6def,1
3481,1324997820-880192793da915c9bc399e2956aadb6d,1
3481,1324997820-9bf1c7907dc1de4ebb26122d97448b95,1
3481,1324997820-77ad4a306650710b5ca5c9b6b7fdf1ad,1
3481,1324997820-7445d1cb5fa346c9cf410c9059cf37d5,1
3481,1324197360-9885fd0b36065e298ed822aff00efbc5,1
3481,1327576380-808b15d5d0e6718603a780114b9812a2,0
3481,1323945840-ca073c37a05d69f50f344f8047907f63,0
3481,1326920040-2ee71b8edc9785bf26d3c4209f296aea,0
3481,1327566420-0ef4d1840aedbdbe621d6bfba7b05ab7,0
3481,1326383640-1c31d42149d77f4332ee31a5d398b46f,0
3481,1320598560-17350a220bfacac90feeb96ed365ff9e,0
3481,1327216620-f3ce0fb73b422a9df0b537f815cce205,1
3481,1322890440-a9d5e981348ec6af5df99bf915aeb3ac,0
3481,1327151340-589ebe989de3042e3cbdaf27c32704d3,1
3481,1327151340-a097aa3b3bde67f0664bf3d406adfee3,1
3481,1327151340-df85c4c5784512d0d3db74a18c51531e,1
3481,1327151340-87a2624af2b613c054714ac53c39edff,1
3481,1327151340-82de17e74b4fa37f161dedafad80f110,1
3481,1327151340-cc47cd2dda262c4523e8726aa422908d,1
3481,1327151340-f7125d32d30735322fff65dd72821cf4,1
3481,1327151340-18072d78ef39bf82ad963bfac9a8b7d5,1
3481,1327151340-85a1369e4194d656a47ec4e4df5a6f2f,1
3481,1327151340-c9ec7ad28ddfb37fe6431c6391c9ebaa,1
3481,1327151340-a6f813cfd438405502768f2b2f40d8cc,1
3481,1327151340-78d835daa3dd3ca33b4d11b1b62e274e,1
3481,1327151340-4e40eab32f35ddc6876acc7d4c2713ad,1
3481,1326519480-c84f41b90af0a73a9ee91d6f9fee898f,1
3481,1326519480-f4329a5cb54a9136dde7c127e9e9ae82,1
3481,1327151340-33423b687207dc1ae361f2151a0a9023,1
3481,1327151340-f6eb9be451863a4c1cb6571b890a60bf,1
3481,1327151340-fc9422bc39702214b9db9b5377e6380a,1
3481,1327151340-179edd7e6592ddfe990134fb9efcdcbf,1
3481,1327151340-8d71646bd5328458fd0622074cb3858e,1
3481,1327151340-f581a95b799254a7e711b83e502d97b1,1
3481,1320844320-6a9fa0585112594f2748c8c479d0718e,1
3481,1320844320-bebf3fee59d4ca8cfd598f4815cc3006,1
3481,1320844320-c484118c9761d4e23f1c02a3e2de9392,1
3481,1327151340-dee59427735d30891bc96d4fcfc00065,1
3481,1320844320-bf9e73c42794a7e8be65b23f662f63e8,1
3481,1327151340-95506ce81337df31aafa81c190aefab0,1
3481,1320844320-76c842d46d0ceb51473901af724161d5,1
3481,1320844320-13ef84c6b2635c361503047c90390b2b,1
3481,1327151340-c20d3a37f57f377fabbcb40790e281ed,1
3481,1320844320-4e226f721d5bebd2fe1b5644a00903ab,1
3481,1320844320-95ccf3c91f2923360279d1255cfe7bc4,1
3481,1320844320-21fc01fe77e6365885a593ec039be61d,1
3481,1320844320-317a69fdd6e50c82f11f37d389624214,1
3481,1320844320-b494e754af33a3ab437c8dd7d1ea9fc0,1
3481,1320844320-9ca8806a55b54afe0b9f8610debff4a5,1
3481,1320844320-1e8cb5693abaf3fa828ea335b4e33557,1
3481,1320844320-42ba8badc662bc7c4ea0fed2eabaf691,1
3481,1320844320-fc6493c549af77114034dbdde9e64733,1
3481,1320844320-1d3bbbee736c9caf225a178c2891b818,1
3481,1320844320-facdacac3b669cf5b59f4d2aea51f649,1
3481,1320844320-104bcffb091929b96047d0a72231ede6,1
3481,1320844320-24977bab5da36a0381b32c92ef6ac65c,1
3481,1320844320-60caec5330b5c85e3656fd627f27f6b7,1
3481,1320844320-6014c59e55099100d68eaf0bf5defd9a,1
3481,1323754020-056429721e6eef066629f40257890a56,0
3481,1324045800-924432696f169525b729c312ce677ab2,0
3481,1324621320-7e18bca76e07dc8ba8d26f724921ea81,0
3481,1322850900-a4789e87f6901379c9670d6b7eae4779,0
3481,1320352980-f7cf295c92f42e228a2cbb80fd9a39dd,1
3481,1322850360-91f51811bf70f79f97e60af737f03812,1
3481,1320352980-b4aa8d6130f3f1e67de5e334c4e033ec,1
3481,1321404240-129a90d28de68e91e735575c0d03dd49,1
3481,1320477240-1f15d045d4b85a2bb2b23ed79d0a1bcd,1
3481,1321003500-c32466292c1c7ef3707261a891f241ee,1
3481,1321003500-d2aa107c64cd928bc8df8147bff55946,1
3481,1323061920-f3e11cef5270ba8e4406612ce9ff3ca8,1
3481,1322853240-2d422cdad45328381aa023df0240535d,1
3481,1322835480-3094254797571353235c1136fa019d54,1
3481,1322794020-446d6fdc5ce7396950c0f0a9ab0f8785,1
3481,1323565260-c3eb4e18e0ca1c21cc011cdebcfa5b6d,1
3481,1322972640-0e17e3bdee7902c685e7c9a9c2125525,1
3481,1321468860-395068317fcefe9fb331709e7c2d7f59,1
3481,1321587840-b774e651324da66caee653c12c973cb2,1
3481,1322487360-cc27ffdcd770ca87f1629c8009571384,1
3481,1320798360-18d3459f839c01c075dbbab0b0d38550,1
3481,1322442540-a8720c8967ef90cf48a1d31f7f6f4938,1
3481,1327438140-b2c86051afb72b034960db694f586137,1
3481,1327438140-0af9ab4196fe3f0ec07e80035ca62589,1
3481,1323310200-06c393d787b37c546c865d748eb5bbc2,1
3481,1320834120-1ef183546ac916d3d51ee1b202688db9,1
3481,1320815280-13948612dc0833b1a4368078765d38b5,1
3481,1323972720-31d4af191864e904fd194ffcbce06ee5,1
3481,1322487360-af4eb458e8c3bb574ac099951a633714,1
3481,1322609220-858d2e3bf584fe817a5b4ee0591bbeb7,1
3481,1322451420-c40ced5efbe5188a49cb67175b81e249,1
3481,1323183720-7e593c30f23b7d057ebb8026f30cfec9,1
3481,1324101000-24b6bbb3e330de7c9427e58906dc5f54,1
3481,1324101000-9a44bb644d39f0164e066e2007b66879,1
3481,1320470640-18f22cfd9aceaffeb998c9d5fa180004,1
3481,1320352980-87f701321403b89c47b624ef71037111,1
3481,1321306800-af33892e04c5ea70730f5e36113b22f5,1
3481,1323835800-9bd0ba2d9f21bf2be07ceb533790e014,1
3481,1321766760-d5a0ab508b90770a1d4ba2fdb1d5830d,1
3481,1321329180-9fa4be359ae4089a7834fb93a39aa182,1
3481,1320551520-7308c7514dfff079baf9f2429729280f,1
3481,1322794020-a0f6b35af855526eb7144057054d03ff,1
3481,1324356780-3c46960d3bb27d86c7e82503a4c6f7f5,1
3481,1327431960-81699e8cb6e04ff12edce33a528bc5f7,1
3481,1326946020-fb7efb3824b5a86d69c4fb6efbdc8b60,1
3481,1324615020-7ff52644db27a495285a5ddb1053a6c4,1
3481,1321677600-ffb777558ba7cf4fd004e8aacdb27a05,1
3481,1326312720-04785ca75d2d2bc5afbd357987a55966,1
3481,1323139800-51f9d82b1982058ce527d913c6b711f2,1
3481,1321938480-9848ce90c02b3d3ab2f53111df956b93,1
3481,1323835800-f63abd54f7aeb104956ce50271f5204b,1
3481,1320110760-fd950064f24589aa825de569d8053826,1
3481,1320815280-becc95bbb94d24aabe70e9dd96ac8a17,1
3481,1323565260-015bc3209b39a115551f54f11f5cca8a,1
3481,1323582960-86a6d29aea47e6888e5321c88a70096e,1
3481,1322972640-90056ef781eb9c2364d7b966ca7e55a6,1
3481,1322972640-fb819c0c2ed4e2c1d2bbfc37c65bd83c,1
3481,1320464520-b0bccd628eb653ca34bcec2ac3b5cb62,1
3481,1326115620-5938146235a1f2ab82ec16b88eb9110b,1
3481,1320551520-f951abc2cdbc761275b5990a9303ca6e,1
3481,1327679160-ff9516630699ba5a631e3209ba465f63,1
3481,1322889180-3df2bc9c1f3218df2b2618592761e52c,1
3481,1323046800-741cb919a5831673326841a78c33cddb,1
3481,1323567540-a4bd475eb95208e5eb72b863810cdf05,1
3481,1323567540-c980ba4979e46c31b2bb02339d5deed3,1
3481,1322974680-cd9e8fb9e212d62529d4d90e27d9b062,1
3481,1322974680-6cf8369aef02be459fb68c206c01c138,1
3481,1320464520-6e4bf6c1e9d3ddddb373500c59c9e707,1
3481,1323960180-771aceee44270784b0fd9d3abdbe8872,1
3481,1322527920-00ca9229d9dcfe150fc5157a31df4c48,1
3481,1323892260-f44f9468a92120edb9c385908e24afe0,1
3481,1320907620-f410f92f93070a05f70bc187c0273ffe,1
3481,1320723780-48a04304bddc5bf4b918823cd3ecec4a,1
3481,1324313160-a63dd523bda1a1646b0cc69537303b67,0
3481,1320207420-369712872f046733adbffabcfc94fdc7,1
3481,1325521080-0b34ee15875941699ead3fc0da351844,1
3481,1326395100-978288f5ee8b7235483aa2addfa583e7,0
3481,1324239300-525894c36a048796e452e1e3182dc446,0
3481,1322999940-d1a76d1f763c8a7a38696684fd8d2092,0
3481,1323453780-b964fb27debf5a2319931483f0fd28bd,1
3481,1327570860-8677e81fec8b6eb59be4bb5e1636c4bb,0
3481,1321396860-35a295a8559569a1b880c124509fc818,0
3481,1320250980-870674cfaf71335585a5b78211b8bb67,0
3481,1327101240-46ba971636cecf6ea5266bcadd6144f8,0
3481,1320799080-50f33fb9f1ab91fda57ad0b48edeaf0c,0
3481,1326286500-b5bb871931ce412e5bd660c7b8fe51a5,0
3481,1323137820-67eab8567c987722c49080e774c7c7dd,0
3481,1326179940-b231898eec95decf96a8ebda76e90c32,0
3481,1323108600-25dcbe817de579577130bc798bc123c6,0
3481,1320736200-2b47b41ef0a4b01793dffb2896435f99,0
3481,1326519480-f89995bb843bd1ea801c2a4ee1ec6c33,0
3481,1320809940-7fff9de97185d991e8ed8dde8ee1f95a,0
3481,1323709440-c0bf7f8b3b70d9d4223d536eca372672,1
3481,1326892740-285f4f326cb2d47a610d3fe212c711ff,0
3481,1323963300-72e5039f04ec2e1baed1bacccd25adb5,1
3481,1320764880-bf65d0341d7d476d656291e97f5bd00b,0
3481,1321425240-0d0417bdf09fd7e539a453d8397db492,0
3481,1322071860-ba9bfd21666123a800e7951e734a5026,1
3481,1326007920-5840c4d4607e8c1a350999bcc12f84a0,1
3481,1324420320-4250bc92a7e559336c3bc3bf0577c441,0
3481,1325669040-8c6398e0819e43f2a8fcb03939e08e25,0
3481,1323253920-75336cd7c6531048662563bbf760e78f,0
3481,1327416720-bbb5ad483248ca0c361185f87d724b3f,0
3481,1324046460-4ff5028bc624e8c9d349f34d17960cc4,1
3481,1324042440-c70295747e6453e5fdce6033081d72b5,0
3481,1323395160-80772afffde8cc1a34a0fe047eec6c03,0
3481,1323897780-4c54891519373a70ee49fd4e20ccb010,0
3481,1326849600-19b0137ee10fe05924f58c5272c80b52,0
3481,1327323660-6e5a51c4124a0e2d3d34ad2389b27acb,0
3481,1326349620-97a766cdcafe4d862a3941b2da107da1,0
3481,1320859620-c1b70a9a0a154d81954379f6240bc676,0
3481,1322365920-d1e5cd7a92c155b90152a85962bb9517,0
3481,1322724240-f11425a6c42444e998c7c3423b66c945,1
3481,1327218060-ddf09eb6dbbb9833cc303f4cc60df81e,1
3481,1321183980-861c486da943c61cfb02b0470a1a98ff,0
3481,1323333420-76d55df86bd92fdf570273ed02c8e8e5,0
3481,1326403500-d5265328116e4309a5930c940d711e1f,1
3481,1322750580-8117e78b64cf68ec9931ecb3179d9810,1
3481,1326008340-aa9b36e4175c8be982f796f438943310,1
3481,1321687080-8ae5776aae5d76864f47a8ad075a5b36,1
3481,1322054760-083a0b0e189a1cfabb152ba9f02a778d,0
3481,1320235740-f50a93b39da2679d5237da3e208da245,0
3481,1327138800-4e5ee6fc26270e0c2496980ad37974b3,0
3481,1326764700-0bff242c3710cb35d7b8baa89d46bed2,1
3481,1326764700-38b02ba58c26208f014552c213b1cb93,1
3481,1325480160-1f0cb914c647671847340ca176f37b6d,1
3481,1326896220-95c220030ee6ed5217b03fc6200fb463,1
3481,1323334800-aafafe6497490d7978521ad46fb34aaf,0
3481,1320870540-64d466965cca630023de541c5481cf40,0
3481,1325895300-c88825396a8cee30498d1a75db66530f,1
3481,1321901760-bbb464b7fa820386044bfd16b5b28018,1
3481,1327677960-56bcc93c57fde2a4a5e570a3104f77c4,1
3481,1320907860-3be466024718a2ac44c685168d9a278a,1
3481,1320911100-69821e3702b45cafa7e59f9534f3f34f,1
3481,1320947640-5681d6e6cbf21402967b0249f54f7b46,0
3481,1326704400-4df10cf3b03ad3f1f6b88c89087bb496,0
3481,1327184940-273c844f8147db4d46eabe408b8cbd6b,0
3481,1321308120-ff9607cea87a981fb46f3f8492e47599,0
3481,1325403060-c58b2f7d3c445e5cf26143a150838894,0
3481,1325260800-f3ae65295ac4095af9bccd1a6c1df3ff,1
3481,1325260800-b99aac20990c59be42c901c53c0e46fd,1
3481,1326142980-b0452f3531a7f07e5dc6d0bf20c7c75f,0
3481,1327913280-cc38189caaf031d2ff4d2d75b098ad79,0
3481,1323843540-bec7401764ed8880a4f3cb6fe77ea533,0
3481,1325244900-485a60f7ae77c09311d9604395f11003,0
3481,1326275100-2d2144fe97ab222fee42ad4afce714c2,0
3481,1321534980-32ce5a26d3ef9a0f6b06b2c333a725fc,1
3481,1320796080-662574621f0cabb4e47ee65b12937203,0
3481,1321556280-3047ea2a43071e64309de5957fa3cb6d,0
3481,1324386120-362907a9bd3908752d32a6516f8d1e63,0
3481,1324315380-9e7482545349a15bc5e45aa64aef9a9e,0
3481,1324193040-57710cf5d3327fdd86ac6475f6e356e0,1
3481,1324578480-19aadb0397991d662fc139b937a93383,0
3481,1322672880-640d162d528462cc47aca64b193bcd92,0
3481,1320678240-c55e4543de78846bade620576e02ebd5,0
3481,1327030560-15c673f44a3656884ef6c24144e9367c,0
3481,1324051080-582f912e609d21b0615b12831c2fb0b3,0
3481,1326116760-91a7e04d7a03d95beb1494df7976a892,0
3481,1327339620-542754ec66e4ca4fc559252540dd8922,0
3481,1327416720-1946fc026a7a848116f24968850d6492,0
3481,1326420780-09b602c5395dcc0818949bd973424dfb,1
3481,1322717400-153633bd38b7b763216b1e74d270cb57,0
3481,1324911960-af4e6a5c6bd66e1794761b32484d1fa8,0
3481,1320631020-0721dee8af93fa3e966731622bcbb84d,0
3481,1322236800-78ec2750ccc9c208b97d08b48526190c,1
3481,1323826680-9f7879181850bd1615f806cf0622b23a,0
3481,1324045800-fe23d70eb0fb5096e1c2df872f9ddbc7,0
3481,1322501700-1b9e179eb85f6e5eb70a206e4a0b2cab,1
3481,1327975080-2edae8c2af6d46bba1dbbee82e52b6ab,0
3481,1327605000-c2333c2dd1ef32ab57376dc1cf386687,0
3481,1322536560-2172083d4099f3ff6fe12622cb30af57,1
3481,1322605440-6904d876d547e9096fd88fe4f22df228,1
3481,1322641980-9edd75f8270b858382ce84c7decbfbf6,0
3481,1325533200-111d807d60f42683ded7ae75de98013a,1
3481,1321579260-a480b849a51d2b7fb991bc22707bef94,1
3481,1321595220-5125f8355d16c4a0d41b799a2ac98341,1
3481,1324342560-f5b4d621a00ca6842558f10282a68aa2,0
3481,1325542680-1a40b198f3ac159a7f5917ca0af37a4e,0
3481,1324756020-8041c00b89f07d7f3692c084114d809e,0
3481,1323730980-99f3e0cefa84d23f5fed0472c776ab49,0
3481,1325295000-9fc49793d84150657e8e5888b622219c,0
3481,1320215040-45f750a07b0e9acd2e76eb677eb43b10,0
3481,1326351660-2170944102c6db1723b66be9ca5a14ae,0
3481,1323844380-baa110ef744efe19db23e92673787b0b,0
3481,1323181920-f11a4de1e852f6184e00a554d298bd5c,1
3481,1322706600-656e39e68a539efbcd54247fbc329caa,1
3481,1320677580-7f0971c00a87af6690867127a5b35372,0
3481,1325429520-0a37d0c2440dcaccbebb6c2dadb4ed26,0
3481,1323972660-2851c88882f960694cddfc19099c10d2,0
3481,1327331820-6fc8b8f867ec55df05f35a01b1f84807,0
3481,1325733840-538371ed20d0f8072308d45eba5e87e6,0
3481,1322394780-2c2736d9e30fedfbfeee76df8ff6b7de,0
3481,1324803720-b62bb1639f33b4a8603bcb0e891fb899,1
3481,1325783040-52a9df33c181d321fddf438fe3d25dca,1
3481,1325666760-42245bb60d6a30920773fd3442972dcd,1
3481,1320407280-f827c6d4a60a245e29d7fbbd7c22184a,1
3481,1325060100-dd58f07fbea6c1d456d1e87aa9e0177a,1
3481,1327958340-2145c60787cd48d235a7cf05987f95f5,1
3481,1321260240-642012eb7b181532edec12e5a737e228,1
3481,1324284540-ce0bd94ebb5cb0613e2efe742f585e41,1
3481,1327623780-05c9186361b1cdc42ba1d6021330f17a,1
3481,1320480180-0c069884e5d35ae23da1a68d1f8d5000,1
3481,1327958340-d3e3003db98724fe8c8508bacead2af6,1
3481,1327828620-b722f27f465839ade8448421cb5ff39b,1
3481,1320563580-92fa71a750979f0466bb09a26ac1704b,1
3481,1325769960-7b8fc275489fbf268b4eaa84dc92e8d1,1
3481,1321001280-a2491d9c721d5a0fabfd6b2575dafc7b,1
3481,1326379620-d0e8cb12d3b49e23b08ee7810d3aedaa,1
3481,1325060160-3aba4ae04aca06dea4e5cc93d4abcbc5,1
3481,1322443380-9de5b96cd9ed1c104dd0d92e127aa02e,1
3481,1323678540-0e1970446db902af35d20ce1d44018f1,1
3481,1323678540-b6dcbfbfa57f3fd1d9a946599256839d,1
3481,1324500600-a1caab27492c918e1bfec55570712cea,1
3481,1324284540-bdcde29456b41354b44558c2088bd31e,1
3481,1322443380-61f22e398e00d17afda8b6d89ba874f3,1
3481,1320776820-b75a08bdeb17972053a19a493545f16d,1
3481,1326443220-725a4164fe94c7d3dc9c7dd2ebe7e592,1
3481,1325060100-fe43725115698eb6a906bca9d8e34561,1
3481,1320309480-7bba266b22da256316d518250e13eaa2,1
3481,1321001280-412557fa4dbaadc4b8de166ea51d1101,1
3481,1321001280-6cb8784d69be6d1fa50ba6468ebf1a0e,1
3481,1327623780-3a12fad4f5fffc8dee35472a44636916,1
3481,1321001280-dd48219f2390e1f91b98a4df6edd3bdf,1
3481,1325261220-63a347a5e0a5859f12879ee7578dd297,1
3481,1326443220-b0b45a2bd957838bdc1c9aa85e8072a6,1
3481,1325167260-687f59bb861f4aebf69cc114e4c0b130,1
3481,1325060160-b4a1c4466c1fd5629647978ab3519063,1
3481,1320827220-95d24636949097aec8e4259063b21668,1
3481,1322443380-45e17f17df3a4b47724ef00c8bbd65c9,1
3481,1327828620-51f4c15a678b53b7636a439b312ecc35,1
3481,1325666760-f4044bc70bd9c14d31654239c1b85076,1
3481,1320480180-22a95b21d2cdc35f655394789e5cf067,1
3481,1325060160-6eeddcddb10c09f599d1908643a80d8b,1
3481,1327701900-375961c4ef9e6b29cadc5591cef242d9,1
3481,1321001280-5ebed46d844de396ac8d4e4af73d7f0c,1
3481,1327828620-c32f7f7838e453314c27b7bca7e07de5,1
3481,1326443220-470e37e976674cdb6d69ae05347acbb7,1
3481,1326701880-cebd6501ac4d002f7448ef544f5cd54b,1
3481,1324375260-4bbb8d331688f33e0050650de7c1378e,1
3481,1323678540-74ee88a0bdf81e7a32589cac61108fa0,1
3481,1326701880-6a26d1268063a2df5592467aacdb9c07,1
3481,1326701880-1fd5fd4dbf54a3acd3fe1f07d48f92ee,1
3481,1323706920-0dbefde21c13ab33781383e2ce34b2bf,1
3481,1321260240-5515c6fb4c76e9f9225b0206d5fb90aa,1
3481,1320784680-848c0f4ac276b3b85a4f1d4f0f20eb8e,1
3481,1323437040-db308e0cbcbc80fa1b73379967c50872,1
3481,1327828620-953b78e98b02d61c333a8d967475ec7e,1
3481,1320784680-0921c1acac0d698e0a465fd66863bd0b,1
3481,1321001280-b1869d3b47ef0543e4b5946804af760b,1
3481,1325010360-725148509a8076a8d0ce8a07af6108a0,1
3481,1326132000-02b7dce717ba759f6648a1cbd1076920,1
3481,1326357720-6d981f7e450aa84550695d457fe5889b,1
3481,1321260240-6815f9a5172036e4a711a871fc24e45f,1
3481,1323678540-541cdf68a85a8d81853cf90eca82607b,1
3481,1326963960-cd18487854596ba892f3bd88f01cf886,1
3481,1325060160-c3ad85d9befb4ede24e206219d4091c2,1
3481,1326835320-6578d6bc8ac95c2df6b64028ec8b870f,0
3481,1321260240-fbb01f87dd848488a531f88e8c4284f0,1
3481,1327596900-cb753c4003560970967bf14049ae2fca,1
3481,1322813280-0309a3dc32e38ccd9811b09664285b01,1
3481,1325060100-08fbe25162586a7af236b8f01cbc66c8,1
3481,1324801080-285bf96b0fede5f0a073f03e9aecfb91,1
3481,1325666700-fe57e7b4c516188fc15697428efa50e5,1
3481,1320480180-2236d2b66d18f3e1fa27abd9070f41f5,1
3481,1327828620-bc918eeb1444719a4a163c0f85f76ffe,1
3481,1326765780-7fb17d21fb3f866264c7b9497f77ea24,1
3481,1324801080-8fe26c3286aca39cebf797a506ed57c4,1
3481,1325407380-94a3a4a09fac7f5679a9202d19d8a0a7,1
3481,1325060160-dd3c87897fa9488c14e6a8f3c9501b9c,1
3481,1326963960-a8cfcd93e316988b107f2bacb6318fe7,1
3481,1321260240-10a3ae7eee81bb7bfff48a7218b76396,1
3481,1321812300-5456c0921ed4c2c7bfa6242a84ce3a5a,1
3481,1325060100-04ae6340f8396ea8d039497e568be7a3,1
3481,1325060160-8b7ef949d363c67f7c9c5588871caa05,1
3481,1324801080-a1fa4b8d59070fac063633ad1b560dce,1
3481,1325666760-9f4f287d527f1f7fe584f8d021cc6115,1
3481,1327669320-54e91b553b39be22abfecf4d07fbf3be,1
3481,1321260240-baa59ee1f26e161b7270d4ecebf32155,1
3481,1320563580-bfdb2ffd2d1e2fae602a571b1f677885,1
3481,1325769960-b09d1582668814cbd4bc07fca2ddbdda,1
3481,1324801080-985014cb0addb8c49b8fb6e2ea83b9b8,1
3481,1326443220-9dcba7c40610f5a5500402d08adea4e5,1
3481,1325666760-26893337a7d3253b7726a8d5e28389e2,1
3481,1321001280-11f7419fee49dcfb48f34ecc88eed1e4,1
3481,1324715820-094ad51b7ecc23255952f0c4e35db209,0
3481,1324714740-cd9d7559710c9d029da829bc9c240ed9,0
3481,1321400580-254c27bdb4674d28f47ed121355a4b7a,0
3481,1324109820-d38166b72cffdc2de7561718f9793f19,0
3481,1324897920-20ce2a9218758bf391bcb11594e73e4b,0
3481,1323443880-409d817a775ce6d31116c2acaa106cde,0
3481,1325863200-341c4824f06cdd469c32338b49c66d36,0
3481,1323678540-d54707b0b80d3395cd2ac56764f7f0cb,0
3481,1321087860-64b1395173fa7a622d302b7db61697fe,0
3481,1326230640-3017a674f722cac215bf043d2cd16e93,0
3481,1323775080-538247521d8d384e66862f6cb8f2de79,0
3481,1325195520-b8d199b731ea5fae15f1470d2aee165d,0
3481,1326519480-1e4b215bc49cea5332afd856cbf31cd9,0
3481,1323401340-1eaad5c1d4e36fa567c5cac66d3d95a7,0
3481,1321918800-69835883f7e7c24928dd29e3c7f96e4f,0
3481,1323120300-86d93719fd641fd850ec40fd073d7ba3,0
3481,1328051340-def639aed1d2ef76d77dc1044de537e3,0
3481,1321972860-46d4d89e1d70722bd32cdbc03f3d8aa6,1
3481,1321548540-c56ca72ef17b2eb8901083be2fad8e12,0
3481,1321322340-86a2ccd2fbd18746f1cd0f837ab85d12,0
3481,1324330500-c60d5ba120e22a7c0156257548e49952,1
3481,1326948900-670360c696be3908c97392981fc87c53,0
3481,1325121480-6924a24ff35b3a82943af272469795a2,0
3481,1326486660-faed1523efc73c4eddbca906bcf7f116,0
3481,1327462320-cd0f6ceee49e34375b7bdf8a1b078631,0
3481,1326778020-bfe3bfcce18bea37de050f0ef701f710,0
3481,1324166520-0e221849ad39f298491bbe6e3d9790bb,0
3481,1324954980-bfecf6a69db0ed4dc160ce5b568fa9e6,0
3481,1321283820-304991819e6bd44e7f3894033d12bc28,0
3481,1321489680-6ca7716df809b982186eac8f5086f8b9,0
3481,1326493620-81c0aa771d1f2f93d1cd809b77dce8c7,0
3481,1321668060-72d98e2813440a95b7b3077ab5ea3dee,0
3481,1322540220-847adbe4777d5d2c959fd3d76e8bdeee,0
3481,1323862680-5f345bdd86b5fea623ea61b24e4332a5,0
3481,1320765600-9cd59ec0e61b374d41829dcd233bc1e0,0
3481,1324045800-91ec9c8025f88a75bd5884d3ec27aa0c,0
3481,1324633860-830de7caeef84847bdda219f474f5f67,0
3481,1324110120-3f1c0d982b12c8bf3d51fc877cc609a0,0
3481,1326934320-5e4d3ec82e4204aab08ea6ef5c8541f2,0
3481,1323439920-1370ed182f2db475c492953a21ac94b2,0
3481,1324330500-ff906932fe04943772bb90adc008844d,0
3481,1323693540-0a5a50d2a1ab7e350478214469c12ce1,0
3481,1324249800-7b4dc66bec5f7a9cbe8b95b22b90c770,0
3481,1320203100-6eb4cc42a11c0d0c86f1a72ee39dfc69,0
3481,1322151840-609ff354817da05e93af4367f684b757,0
3481,1321433160-afa520a1bca4e16f07851150aa1b377c,0
3481,1327017840-a24f3782866fb440778357ebb4ad22ef,0
3481,1326131700-c7cd809cc6ebf8892bd6063cdae0d075,0
3481,1320821460-d5bf54c115e71858973a447ec6328e23,0
3481,1326678780-0d62e579d87d949fffc2c459986d64d3,0
3481,1327901640-41b50fbc906524c438855e27b97784de,0
3481,1321942260-7727868357c2fd66dcf75bac53d5e21a,0
3481,1321202700-f7b7234fa2533ffe54293de08c6981c1,0
3481,1326616620-5ad4ab47f7e0f888ab812e0d7eed799b,0
3481,1323700440-c0ad9d3e21cec65c6455fc23c5cdb059,1
3481,1327219680-4507f36a6646c0b2b6c6d6d7902c936b,0
3481,1324595580-d20df320cdcc757e24e52036eade00d5,0
3481,1326237600-bf9c41d1ccaa2262de2bed63c6d27bc3,0
3481,1326798360-2719dd96774c03f4e2b152bd92150b08,0
3481,1325835180-491893a5980bbd445d383c14f2ae69e5,0
3481,1324397760-f5df6270dea695ba9e3da0cccd2f6494,0
3481,1325497920-6723a02fe250f810deb9cca656e8730d,1
3481,1327913460-46f7ff253883a7c58b06040daa00ffa2,0
3481,1326171120-425327f6b6716406ca9e6b53faf3f8e7,1
3481,1324072380-ac867864e3a90bd1d6fc6fb3fc641da5,0
3481,1327547940-94ed6e568991bc78965a6291b6768539,1
3481,1324590120-714db0c8f3189efba89d28f4e76c1824,0
3481,1326462120-31f591d8b5ead8d12dab0e67117caa8b,0
3481,1325060640-1d2605bf392b6da29a63441ac37fced2,0
3481,1321170240-6fb7fa62a773e4df766068915880b4a6,0
3481,1322402040-dc878cc5066fa0bc9c819b842d87f63f,1
3481,1322003640-651034381a43ed8210bab3e8ab14c912,0
3481,1325031120-65d5c7e73e574ad2577605ad9307f41b,0
3481,1321143060-02c6e544238f031dfa3a86f92ab8c090,0
3481,1320895320-1382ebd01decb824f10b39110e1f7d95,0
3481,1324344300-3900d5f9a51bf6076777ddaa19fce014,0
3481,1324045800-654945faf319046829fb03e27594c28f,0
3481,1324716000-3681c92840270ecb327e9884af94b13b,0
3481,1320634440-d498e3eb3147e8f25105fefe622fd220,0
3481,1324489440-89fcf5c8a582b067a95cade1f0e9969f,0
3481,1327931760-5dd1fbf33ecb00d44c5b9562e3284877,1
3481,1325583540-281a6ec4ca4c061dffacc847d831fbcd,1
3481,1326220800-51e7f6e18367782aabab32ac49048b0e,0
3481,1321419540-71d782641c78dd9353e6fa266e99997d,0
3481,1326501600-12fe481ffb66627c6ae88564e5257457,1
3481,1324412820-0b581914c5b8bfd07056ed17b4a840b6,0
3481,1320541140-8e29e4eb8b376756b53da3aadcb4714e,0
3481,1325790000-52ec7aa2b5306f1004e4b9131305197b,0
3481,1325301420-bbe691ade89ff60b56cd8f10178b9138,0
3481,1327442280-f17e297d171e84d37cb00912749e74ed,0
3481,1324797660-8d299ee157305c4d0deff6d357817971,1
3481,1325696700-d65cb260b5be39ba184cb544bb498256,0
3481,1324388100-acaaef6d76308a6eec2f8c935912911e,0
3481,1325683080-12bd9ad4d50456a9c7e9683369314403,0
3481,1327044240-cb812d1c17fb609f7a9de8ccd8c7ff4c,0
3481,1326304740-67e0ac90f467386d2a37837e41c8e2b8,1
3481,1326304740-5d5891e146a6c889ed21f4fea4321ca3,1
3481,1323281040-2283e933b06e9313e15aa9ebe9c0da4d,0
3481,1321690800-63e447d97aec3dbb1935ab370d57aced,0
3481,1326572820-f367649a6830b9cb5729a585ff6657b8,1
3481,1328013840-886aaf93c0f0ef43c759a18708cd68e6,0
3481,1327499640-1172b48f552d3b6431f0202cb5c18e0b,0
3481,1323252360-6133cffbb499d31720a497a586d3335e,0
3481,1323666600-a7dc8dd843f31f24301c08d69a1589a2,0
3481,1326042780-0ba523d5a39da6cdcbb0c9715cb5694b,0
3481,1327396980-d1db91d6db8ae50073495b78d06e6f10,0
3481,1327326060-7fc0f23c745be571b8171c611871f948,0
3481,1326497400-18ef409b9e2083e2261f5206d9cd5844,0
3481,1327587180-78a13158f8c776091f00605c7b66357c,0
3481,1320430620-9c659fb0d1c9d006e1c19c9808f63666,0
3481,1328006160-8b84d36b2dbf168720d0ff71ae74c2e5,0
3481,1327909260-1d86457ea83a514bbe43beb56b036983,0
3481,1325034300-89cd5a11b32495166c476b58086b5880,1
3481,1324439640-de3df60e637bf7ab6dd45c7e7b6d25f1,0
3481,1322534160-1e1efe4b638582ccbff7b3006a2e95f2,0
3481,1326519480-d67f52d8dfc53a9486da2a01acf06778,0
3481,1321330980-4019d823e8375feac4a62ee5cad7e889,0
3481,1322378340-8e739497b2f71b997beb06d0c154e26a,0
3481,1326731940-62e0c1406afa8fca4b21ebf9c4c67604,0
3481,1326998640-a9288e8e2cdd051683353fd0a8d147a5,0
3481,1325535900-c0486006e174274d451a432ca8b0f50e,0
3481,1325684460-cd756bcba94c6b0fb1847bc1f15677cc,0
3481,1326352500-ae456f049bc9317f23f9a5282be3e73a,0
3481,1327753020-341323a1bebf40d6fbf836eb2497511f,0
3481,1323179400-55e908006ccd950383e69e0196b67af6,0
3481,1327221840-f357fd04fa6dcde26d59fac6df91d9e1,0
3481,1321206180-5f7626af8eb9aeaa9ce871cdfbf258c5,0
3481,1326519000-f96e9e08f9ac834458acadb5d743eaad,1
3481,1326519000-b435fd7daca5a95e403b4e0a089b54c6,1
3481,1326980520-95a8bec5dbe482846d0f6c8960dba09d,0
3481,1322261100-f452d810dae6be12be652ea9e003aa13,1
3481,1327146840-bec897e247ada2ec99e2fae2b33b90fe,0
3481,1326450660-74935cac4ebef43d9357a507dd2a980e,0
3481,1326900180-fad8eafbbda0ec6796d010406bfa5f0b,1
3481,1326900000-bac6978b742d5bbcc673ecbe7f0e17ba,1
3481,1324638300-b3aad777c88aec75ad42808c40492a04,0
3481,1321561620-9c4f9dee11d8e147e8c3b25ba515e89c,0
3481,1321511220-a08181cd7992fd5169b1c95297c52530,0
3481,1326354180-12ab9b6e2b2a25d99a46883a97592ec0,0
3481,1326516660-34b83c2a927750890eb0f161097779b4,0
3481,1328018160-370e3e9644ae0ffc2dcbd8d4835f8e4b,0
3481,1323147480-ac99be27e80beb0c0a54eb620892a795,0
3481,1324473000-0e8a09a6451f5423693ff0fc0789e630,0
3481,1322812560-178962edbf8f2af7e3c1705b215b0a23,0
3481,1320881220-41414a4d5d776c34b712629e4a46a265,0
3481,1324422000-fa77b1ac51c360b329002874a925f988,0
3481,1324288080-17464c6a378b416a6b5f0bb386bf769b,0
3481,1326777840-0ee1b889cfce1fa9976243e585623a6d,0
3481,1324633860-9ee916829d1e76140225d2a4ad1451b2,0
3481,1321887660-1ce9b6083d177e7203a5be09ca42668a,1
3481,1321732140-c9d67eefc0ec141b4d560b421fa96b39,0
3481,1325121480-48d86982bd259fbfe0915dc22f3026fa,0
3481,1323166440-c5f07bc74394822265c8ed6c9fb54deb,0
3481,1320770460-71f0e726e7b9eb4eab7d8ec077da97f7,0
3481,1322383020-dbe8d8329cd72a4a2ed7ce1abfde0ab4,0
3481,1326865080-4ff2bd8d2d6a7566870d562a3fdd5214,0
3481,1323419820-5c6821c278c984cab6b8909d43d659c4,0
3481,1326066480-2cddbef879d021867abe24159dcbe9bc,0
3481,1320723840-8b9059444ee54023d95e419eca401e0e,1
3481,1327552800-ae1844de895bbd9ba0f063f4b78264a7,0
3481,1325838540-ac81a6c1503304dbd96e67c55a54e4ef,0
3481,1327499040-59a59f407e51ac31bfb53a0391447e1d,0
3481,1323372600-d067574d0dd905a6c5eaaad931ecce62,0
3481,1326836280-aaa8f658a09073b6deef3f77cc6168ec,1
3481,1320486540-72a24b69d0f86b7b8a6e1ab65e598c4a,0
3481,1322598540-69c24d519a6d92ccd9f59de618b3a09c,0
3481,1323418680-56e4e25bbae9c4b153984d4b4cbd1b88,0
3481,1325807220-cd60f79b5ece9f1a486ce8161d97254b,0
3481,1326836520-22923e644db678c9bb4bd9396f27ad2c,0
3481,1323323340-271b20b15efdb93420389dbb2aafbaef,0
3481,1321934580-cb8b85beb32157fda9a168135592060a,0
3481,1324547280-d8c9fcdd8f18f95196307289250b02e8,0
3481,1323838680-5c9ad7578bbd3b3d26db2671b29dee7c,0
3481,1327583280-46415cf06273eaf6219aa5bbe98c7ddd,0
3481,1325332500-8c2504ec41404ed60c473495f72ed076,0
3481,1327990440-fde1e9b68b8fae8c421fcd421f4acfe6,0
3481,1323160680-bb3b9ffbb1126638755dcdadf42f2b04,0
3481,1320914280-9c35d04067782fa09021f27ea9dd0d7a,1
3481,1323951840-c43fca3181c5ee7e6032bf2d3dafc5d4,0
3481,1321883220-076a7270aea68ddeaf16ddbbd29b1fd6,0
3481,1321610220-88d6d9a45688ba7ffb164f2fde34bd53,0
3481,1320601860-d237d807d2fbe22ca17c1cf455d7baee,0
3481,1325842380-96ec66673b9903d61b30220141efcd50,0
3481,1327453500-3afe259179910ace414b36fa8b2c6fef,0
3481,1327584000-4565b950abfb474a40bff59e83573130,0
3481,1320116640-6427448e85d3d14ed68f4c227681e937,0
3481,1327458660-1d94d3863056c9ca8b8f03876ac8bf4b,0
3481,1325579760-cedd10876d500c7e800fa6f48a315051,0
3481,1324008480-ad76d1892fb0bd2ca370b556b738d2e5,0
3481,1326289920-683e42a6c66300dfb0a9358f712dec92,0
3481,1326396120-563afd6f6aa9f42e5c0eae8ddca18fd3,0
3481,1324518780-8e4788081f865e4fba4bf79b2f946bc9,0
3481,1324769160-5e2842764308ff4c95b77a937622ce06,0
3481,1325385540-8051f02e392a589adc8afe812e078068,0
3481,1327827960-2dea91ce931e74312b4e322ff0ba3d5d,0
3481,1326829020-b5fc270eb404f8dbebf3a96ca453a896,0
3481,1326519480-d46a021ef2df67a5f54dc1ff8d0e964a,0
3481,1325008680-2eda4f01ca377ed52d667489f2ac452c,0
3481,1327500600-1c1584c1e80ab3e12b6f1af19257f843,0
3481,1323991200-2a1dff29f3cef229294f0dfc5ec88a04,0
3481,1322246280-0e9febc0c135ed6c9b1895deec3d1949,0
3481,1325615280-53a4dc39c6b6a2dd06da34c94ecb38b9,0
3481,1324716000-2301af5582daf72c3aae085c334156a5,0
3481,1326901560-3b8acec8827e9d6424588a3b0e261bb7,0
3481,1326843300-273b4f4bc8ffd5621452d101f3c1d8e0,0
3481,1323338220-2f34a307ab332053db6feaf3551f57b1,0
3481,1322194500-f5314abee72b85d40a1b0ef7339c92b6,0
3481,1327511760-5e7f1514d966f5248e4af8b9e40c97d4,1
3481,1320864540-f14141e79cb3dad0689e73c013f9bc2c,0
3481,1327085820-0d65eb544714ad6d9ef779827e4b0570,0
3481,1323082800-d74e1c1a3b31024affea953ffcfe1188,0
3481,1323505740-ac9714c632748ad66317012e25806398,0
3481,1326155340-3402c4507a56d4ab15defe795932a4c5,0
3481,1327239780-4363b10f3d2c7ce051a456a4ab6d3945,0
3481,1326923700-07417384af026e53d53f90c437829768,0
3481,1325863920-a87ce541766c4564f777b73288bc4861,0
3481,1325303220-8cefb0d27e6583d891e194a33fc0d9ee,0
3481,1327796880-6627570a3847c1dff9c2bdd68bdc0fe8,0
3481,1324668480-71bf71f3407b22ad59a0ab6a2ec3cb64,0
3481,1324940520-fbd06cc9ddc7e4d406ae0bcb8a032b82,0
3481,1323513240-d65265d67bb3e6e7c482f2d1572c8458,0
3481,1322504400-1648843484972b30c4fab431cee8bf10,0
3481,1325442900-44abe3bf3c3f384ea7eea1d558f31439,1
3481,1325582280-35709105e8a82dc4ad278b105668d770,0
3481,1328058660-7738fe6f99087e00e9c81583cdc5ddfb,0
3481,1326249000-dae6f92002c413be313af0255ecd1a64,1
3481,1327690920-b319835cba1e239f9c0353fa5bf8d10f,0
3481,1326613140-c3412acddc933e07092ab571476b02d3,1
3481,1321354380-fa507ea99c0aa1586f94ba15c96de520,0
3481,1325933640-b5ce64f3ea77f7ed61b6ed3b12b1854f,0
3481,1324045800-745e2ef293e4f2c80f3fb785cc59e1b1,0
3481,1325838540-9510b125cec19f62128b9e614de31b1d,0
3481,1324153200-c1d354f91008c798c7f7e9eb0e9fa9d1,0
3481,1323754020-36f1f946d2cea818e098a91c3e4b6238,0
3481,1322969520-f27c27d653ee988c0703774cef6c07dd,0
3481,1327469760-346718c234754bcef7ecc7cf8f9f6bd3,1
3481,1326946500-93419513d6239f741726a97180d6d11e,0
3481,1325774100-9ca3f9eb3794274f7b8fff979ee38910,1
3481,1327427400-517ba23211c7bff906d49670d6858f34,0
3481,1326913020-5f3d7dddb99c71f365dd427f74013bd5,1
3481,1321845480-fa72ebc8b4f75902171f7fb15d9c3442,0
3481,1325756220-2d8414932c395eef4c5d2dbe96f997c9,0
3481,1320583440-9ba6efc68fae9140a87953a91ca8caa4,0
3481,1322378340-447770b506f30548c577d6e597026c66,0
3481,1323967260-3f85cb268120cf254d076fa43cfd8aff,0
3481,1322845380-78a236337a58f2bfe72c8dd1a52c4795,0
3481,1326804660-6847869205d4e8fa09c4240817ad04df,0
3481,1327641240-4a02bbe36b414afe86d35c9ffe36c580,0
3481,1322468940-cc9d5202757e5f62817344cb6e5d6c67,0
3481,1320587700-71f5b003737d0ccdae7fd71395f617c0,0
3481,1323938100-a3e8437c13f553eccf7243ea59b9da57,0
3481,1326519480-1ac50d7d6615aee3c87e7c10cc48f50e,0
3481,1326011220-bb5e063daab63febf5cb657b51ba1980,0
3481,1327265460-b05faa44678d85f2aeb98e164056ad0b,0
3481,1324342020-69f1e1935eb1861ba6b9ea8dbf71ae7e,0
3481,1325307420-3b09b500c76223b75047bbc334a4dbfa,0
3481,1324630020-b1cf012a894b1a3814fe68c7b8c1eb6c,0
3481,1322849640-4ac209fb82c1908cbbfbb880d81748ee,0
3481,1326431400-26546970bf60497a50fbc7d4eeba5668,0
3481,1324297860-d6a9c07f8139aaf2ce7fb205243a9b8d,0
3481,1327110540-9dc6717915b6a2e0a7bc2a1ec9ac18fc,1
3481,1326827700-0488c2516af0b874254b0a1b3fbeef6d,0
3481,1320603540-dcf1be3cb8bbda97794f2037c0d965f0,0
3481,1326497400-1abee09884d197c31126b850ef770269,0
3481,1327103880-9f136cefe65109a016370ba1ab3b6475,0
3481,1325322360-03786f8da60f874c252d79572ae20fb9,0
3481,1327328820-79936a2c6d34bb0e87813335f0444ffa,0
3481,1323314100-66a19c5c2753fe8bd3babcd8c9bb2e9a,0
3481,1326120120-446655503ab83312ae60a9c83eeb6b26,0
3481,1326749400-d2aee37d6a94d0e9b25db95437af46d6,0
3481,1324691100-c8bfe0a71aad9d9c274c9a73b4ef123b,0
3481,1320421380-3ec29ed53f22d34065c18d8f747d7a0d,1
3481,1321074240-4d61561502c7a17a0c4f41639f8b08fd,0
3481,1321428660-d055ef17b8994351dbf45abf423c8144,1
3481,1322706420-672148c5486ab4cced881cc815a8b056,0
3481,1327937820-bf362a220ca41a8623da8f1fe0882ab5,0
3481,1325431860-556f2e92b2945cca5ff16f55b6c56175,1
3481,1327631760-ce405deae29d8e57fcc534d270fd54d2,1
3481,1323300180-35edf66aca17db02de1d4693a283b4d3,0
3481,1321163040-4aec1bd94fa7c6c6640137b89f3ade42,0
3481,1327903080-2551cd94e960b454715e1353ec8b1940,0
3481,1324042440-3c5703661325d60fb4840a9bc4b8e283,0
3481,1326462960-491d40bf836275cdedc3c31daea1fd91,0
3481,1320685200-5b0cbb1d5838b9c6b608aee8a73b0a37,0
3481,1327462080-204145b2b89c63b9577e55e2d6fdbc44,0
3481,1327713480-c3d83f201fd498148203ac0432a78ab7,0
3481,1325038740-cc82f32fcee0fc7b36bbd9747db1e71d,0
3481,1324070700-2da64d10741a0a35fabe7ea257b50f3e,0
3481,1321407780-f404fe5d34c5f9e652cad56c7dc4d4b9,0
3481,1327555440-7af886160a132514ae59237b8fb99d4c,0
3481,1321270500-7cb025aed71bed71e42790cb0c5fbe15,0
3481,1324962900-d9acabfbd29fa4a2e339ffc8ebaed367,0
3481,1327413540-508a61d8c7f59fa5784837c6229ce53f,1
3481,1326313620-9cc247f3d55055d4c76caccc7cbc6848,1
3481,1325642400-f92404d6a1e9adbb2525ed9cac54c669,0
3481,1326808020-df6eeac7ca19e0d0bf743dfd14724f32,0
3481,1324581120-0133e2623fc9cd8a3b8e9b799719e6f7,0
3481,1322964660-458287a46bf851fedbd8d5b471948613,0
3481,1324153080-cef5d8219e3c8ec1013eecb40b3e7479,0
3481,1324045800-97fcfe00c28a1c1757e44a741ae47f6e,0
3481,1324714740-4781304e2c6992e563297819402dc1df,0
3481,1326519480-dc373cada17ebf9954372218400b895b,0
3481,1323133140-4cd7945cb6e34b9eb71c359bd985cf4b,0
3481,1321364100-948d3e4f9f386caa629267cd5146fa9d,0
3481,1327384620-7c02ee7cd667cab4f11a3ef452c9f710,0
3481,1327081020-87995eb3aa24ac9accfeea12f61b5d5e,0
3481,1324675920-22c4854ff57668098faf90cc7c815c4a,1
3481,1324675860-a0a0e75313510a2f631f67cb3d39f5bc,1
3481,1327615560-23474f3d0861498ec126ec01928cff67,0
3481,1321453020-97c30183a6eace6d778f8383d5d6ffb4,0
3481,1325747100-c1c6ec6b38dffc8b6187e16264237b29,0
3481,1328035200-9ebf4fe01c301740c166f7ed92a23a69,1
3481,1327358820-1a28c6e60d140490b3b44fb9aa2a7008,0
3481,1323769920-2f2f59f3175c475f80540246f61df77c,1
3481,1327105740-1ca79069bc9fae188b2f97feb3ee8f51,0
3481,1325596140-699c057c6b437637e7df5066c676a70e,0
3481,1328014020-fc96c7f01a268cc9ac25b23073a927c4,0
3481,1327221000-2607e2dbd5eff8d91a17ccf0507d8ec2,0
3481,1322628960-a83eebad549851e3bbd236bc29997c60,0
3481,1321338660-a33e6cd0780df370741c1975f415e5af,0
3481,1322985780-16d84cafa145673e70f5090bd2db34f5,0
3481,1323896340-aa28bc71ce0517f02b7865f3a2c9c485,0
3481,1324847400-055ae458c11f8b829b5bd2a31648d03e,0
3481,1322881680-5d2dcc36bb9c7fb715d46a5c02d2f0bc,0
3481,1325261040-301be18682efecdea0e82620059b6687,0
3481,1324288020-664a68c9ec2fdef65f43653bfd5d99fa,0
3481,1322903580-d932bd1db71d9334b948302810923fa7,0
3481,1326950940-360c68f6a40d32cc7f94feca2673e252,0
3481,1320704580-d8777129c9e07a5028717651b2963cdf,0
3481,1321430700-75db0a8cbeda5d61906209cf947796d2,0
3481,1325838540-c169ebf8f97c00d6f47ea4a5bfa44577,0
3481,1321335240-7440b4b293a693c3c1faf21f467966bf,0
3481,1324642860-cb539bc4c24d5603d06a01b88b5d0feb,0
3481,1324164840-b9bad5e8c279a998b164fa00c9039f3c,0
3481,1326159540-5958fb595463d5f153a11927451e0586,0
3481,1323788820-6afd9ebf51e7b7d94c5edb9530814744,0
3481,1325708400-fb6f2da46fabfdfce10df592fa6c0145,0
3481,1327616700-65a7d65a8c9d94fb49cce7315409135f,0
3481,1326663180-8e1349d0d1d801f7acde9ecc85cc6b18,0
3481,1325079240-f1ec7403544e622ca7baa788bf2ecc5d,0
3481,1322588700-bb0cc436c5e8e3001e4d6a9297dc0af7,0
3481,1323391020-5f53bf720a036c41c60fb67d2179f4e4,0
3481,1321433340-4972a1e921fe22b1aef9f5933bfbe3c1,0
3481,1324608000-d1e3dc95d6101f5bdd9493b167922b40,0
3481,1326840300-deeaf41381f076f66dd33132588bffbf,0
3481,1321389840-1b6192b2a3a88f428626ab244348b19c,1
3481,1326519480-ba4826c9f53ea0cb14af504cd3d3bbec,0
3481,1321394160-9e4945d3f7da9fdffeaa2f5702201da6,1
3481,1321357500-b28fb797358e2ada97b6c965f2bded50,0
3481,1327018620-dc34d5ebdfae4b9125267250bc67ddbf,0
3481,1320733440-136cc011a618e981edade2b47b4e2fb4,0
3481,1323722460-16ae31fc2d5a8d7beb510f7ae25a74c6,0
3481,1326246660-9f0f82d14c529889668bab8cdbda61c8,0
3481,1321198620-f0ee7dffa4fa2caa71c3072c94df67de,0
3481,1326757740-6688fb59fd8cdc194a4547856e855aa3,0
3481,1320309240-ac6449ae7b249a1f65442f1fe5b59bc9,0
3481,1320482580-9a0e39ffc572a59d37e0a2359f4c180d,0
3481,1326835860-3de2bea571a534a165506436018c7019,0
3481,1327427400-03d9700604674d3a7061a5d98b7f4ed4,0
3481,1326007860-000da236d45d6a9ba391996b06ba3b25,0
3481,1320494040-963233523bc5f17b314b38c9e8a39fde,0
3481,1327930140-13e316eb68ba0b12c1152fb886f8893b,0
3481,1321411200-cdbf4a8048b321ced19dd4f6bad1176f,0
3481,1322768520-0d77667c81af2e1d1857892358b2b183,0
3481,1327641120-27b0dfb767635dac77a54b99f3235409,0
3481,1325055720-063696195d0ea1ee24b7302226f308cd,0
3481,1326619080-035aa47df9a99d68592814894d33a826,0
3481,1323137400-c9f656260581b6a43f311fa62ab288e0,1
3481,1320456120-17a9fa885f454b10bb0595c648daaa38,0
3481,1323176640-0075a7f3e1dfec584a11ddada8b19fa3,0
3481,1321318980-2a247ecbef381048d1658100dba90ec5,0
3481,1326958080-6e0498915a108487ec6945f57e5fbd2d,0
3481,1326275100-72a5820bd45d1b372a08c925f26d2421,0
3481,1320510780-a57a7154656d59b1a6bf1b2d62203b5f,1
3481,1326607260-039807c66c6b46304545080110e388bc,0
3481,1326484740-add8d423440034eb89ce25ab8c179050,0
3481,1323135060-32daf4a9d574cd8c861775abea4e67a3,0
3481,1327523100-54983ea457aaea8eeb745d0e53e53fe2,0
3481,1321188960-6188a45912418a7dc8877e6d9ebfd6a4,0
3481,1326275280-9bc4e1552a2a9b71ea949e1a32e99d9a,0
3481,1327504140-8955c1f68ee9f7eea6b59d93c6ee7cf7,0
3481,1324045800-7b082e1d91d97f4483b3f1b5d26e022a,0
3481,1320437460-ce49ed6f942c9bf682502e2a4e53985b,0
3481,1324024800-128935a5792d376c6c098b5cee624b0c,0
3481,1326407880-0bfebcc973071aa55f84e4b069df16ae,0
3481,1326155340-2adbd1920aa26f86e318d794ef5c8b47,0
3481,1323729240-b1d0f68bd3d108f030040b2ea148142a,0
3481,1321412280-9caa1be1cca060c477aa551e06bba964,0
3481,1327296720-619936fe1e27e516dd915366ac571f60,1
3481,1325458020-d98e4e8a62348b4e0ac6a090f0ebee56,0
3481,1326117780-6fa760d0bd1d3f79a6f457afc1dc7643,0
3481,1325842380-64207f47e107071a47980dba6fb8b4d9,0
3481,1326603840-7da0471d01d771c5d1aa1e5993165039,0
3481,1321337220-cd54a53323bd464cdd40b9cf5de4b4b3,0
3481,1322039520-c68a16ead7780fa5aade948b91d254ce,0
3481,1323782040-059b361b643f5c8f101b60b69b79ae6c,0
3481,1327324140-98e48daed227739468fa0300bc770210,0
3481,1323063600-140b4e5befd7933a99e409245c164a65,0
3481,1323925320-9e97d66420066474fc88ac0145b6e4c6,0
3481,1327401060-02c317eea22069c4c8c2f52c2c74598b,0
3481,1321263720-ca153af3d70480697e807c5e824191c0,0
3481,1325723880-d03d9acff1af406a692379f78c6a582f,0
3481,1320220140-06a00863714b1c6541e351a963d592a2,0
3481,1327096440-a01a477337ec22434096d050176a7360,0
3481,1322101440-604ea221b2ddd2320f7b91d1030a7f14,0
3481,1322558640-d669ae21110ae283e3c1ac017a236113,0
3481,1326519480-a12559f4fa11a24cc54a36d6d5681df5,0
3481,1320685320-558d5a385753fa0b7aea756c5c70df81,0
3481,1322362020-c27c1964764cd3980ed8efb573da8711,0
3481,1327464660-2ecacde1148964e431b666e767ecd870,0
3481,1326996900-b938f535d1193a271208ab4d983f1e23,0
3481,1325297880-58fbee1e1a156c8687ece5390c5a5abf,0
3481,1325214540-a89503f31fbc4d17690c7b39b3907dec,0
3481,1325000160-a6ea40d5687965fe3aa6b4f36d5626f8,0
3481,1326016440-2d1020fe0c4ef4dc33c9a23a008f9678,0
3481,1327619520-986afb857de758f5d7b1a20efaf61c35,0
3481,1323108600-bd6ff2cb363402fd8de57f7767f98bbc,0
3481,1327829160-9ddc3d77a1a74f511d81ff7fe727311b,0
3481,1323397860-4dfdcec57aa3acc5f59c86154737e4be,0
3481,1325265000-501fbdfce0e11e92995a294c0ff6a46a,0
3481,1327655400-0274e6baeaa561ab2c03381d88a78e38,0
3481,1326899220-b8c0a18853e29b808f119ffd134b993b,0
3481,1324045800-42fc45da17577d20400f010f1bf2d3d5,0
3481,1324964100-245d83e81f40d3c878564b93fcf7b4d2,0
3481,1326827880-bd36f5c9cb4ac12fcef2c4b5a77588c2,0
3481,1326730320-131da90d00c305ef28a3362854bca50d,0
3481,1325660520-76e7f62d5d44dad8d018a5d8166f2802,0
3481,1322249340-962354e2c82a66115fcba04b5c148341,0
3481,1323120960-9c7916dfbfc72f7084e8630f7a854555,1
3481,1325579400-b5639f5fa019e259690d4e0da7a972e2,1
3481,1325579400-565573aec789f650bb1079437483f7e9,1
3481,1326789180-acf0abe4efc4d48da71770624a85dfa6,1
3481,1327355460-13f4f1c6695af45450705f4016557231,1
3481,1326789180-3e57159290caa9d330c4f5b02a6c9bec,1
3481,1326183960-4f368fe3c8c968a3d36cdabe8516e35d,1
3481,1322298000-162949692e8e552ddc9059526a10668f,0
3481,1327218300-736c7524b712102bc8aea83be28569c9,0
3481,1323778380-6ad51bf0fc1122319ab5361db5d8b115,0
3481,1327528500-49da0f449d57463e509ea960fca57a00,0
3481,1326221700-d4442e5f0a291875f762bb7fa001ebf6,0
3481,1325201460-0a4d8133f88c5161cd6149a076f1ad40,0
3481,1321327020-d04480c8b8949c1fc1b1b2a9688dfb44,0
3481,1323293100-40a652de5f084c2a84eac9da7c314b69,0
3481,1323444780-d2c41a575bec826ceb451850d51d6e30,1
3481,1323700680-bbee413c0b415ae4a5ca0c33157afd06,0
3481,1326989220-cfa4b35a38788643719e10825ee7d8de,0
3481,1325689440-6d1a9360f54b4c5ad180db30011c255b,0
3481,1327009080-6b746d778023b006d002a9a360aa9fa9,0
3481,1328009700-6f11c643333c30fc09a54cf840924acc,0
3481,1321509420-658898d7634df41450873a21ac9288c6,0
3481,1326989220-77f8c59ba55f7b8b136c50554e64e383,0
3481,1322771520-8efdbadf96cc6104569c822cb0933977,0
3481,1323519120-211b3cb3e0c164e48ff0ca6344a6959e,0
3481,1320840300-92b949099b6cd053a73b14535a0d766d,1
3481,1323070200-98f00e50cc2ed89253f35f9d20dfb208,0
3481,1326195180-6f915b2d68852c9efe0b40597830ff48,0
3481,1324946160-060282656a0e62ae0fba742ee7c8fac6,1
3481,1326379440-08ce71d69c31a30524690b5a4363cd16,0
3481,1326835860-32cb5013ddb9d4cdc23c813f03042d6c,0
3481,1327134960-128752cec55931e71c90575c66df38e6,0
3481,1324412100-491b242a5cceef1a7b429fee47416084,0
3481,1321349340-7be0ad8123fb235bee48b33515effe67,0
3481,1326621480-a8dab6707a11c4b14f3b29cc4845043b,0
3481,1323064800-f8578cc3ca862a0483e1f03596b322f2,1
3481,1326968160-8fe73f392c7052a0bb2a81b188354e7e,0
3481,1326749220-5f02a4b4234b273aa1266e89e940a11d,0
3481,1325849460-af1af93ab98a3a38138a671018a9aa76,0
3481,1327934940-a3f3e80e6b4e7b35cc9eb099cd64abe6,0
3481,1325683080-aaccd9bb1b5542f1299b7118d271325e,0
3481,1324953960-413534b6bc81e64da0e24b17448dde6c,0
3481,1327420440-853f4e10b43adaf8573a2ff04be6d387,0
3481,1322379600-ae5c5cc2938b54608085a72f7044e677,0
3481,1326137580-603fd86a837009696511b3be5fc8c372,0
3481,1324681500-0c81802cb9713d13563c765d0f4d5a96,0
3481,1326199020-90eafe87af56c031c55fdb99c44e8226,0
3481,1321409400-ca323e77a92bff51790f718ee130090e,0
3481,1324460760-4bcd26ffd6397b14820aa484fa6037aa,0
3481,1323260940-1664070a305d31801c46574969e7a6f3,0
3481,1325805720-70f2522edeed7f15333866cdedd57532,0
3481,1327518120-4143c20f4bc73589eeb13dc65d85dbec,0
3481,1327620300-a4ff148ccef146bc574754c4e1936c58,0
3481,1327442280-64d0a757fb3820ecc0a67a6676e92312,0
3481,1323800460-34975baf30139938ce75ac26bc9ad640,0
3481,1323094140-8e186a2568348d24e042fd50b99aeb41,0
3481,1323518220-ca2028b8b41805817c4acaaae6e97d87,0
3481,1324265280-f4eb1f9f5a41a6fba28f77335ae9b170,0
3481,1326966300-98f31e9073cea8cf9cfb159d92a89df3,0
3481,1327506780-b2dd912c7c814f4bffd87a777e9c7f35,1
3481,1327043460-f81132cafc420573aa47d5d651ff08f2,0
3481,1325173620-bf70b8e148c79d3920a316b6043ca945,0
3481,1323801000-d77a7f777a9b0b6228e3f564fd50fe0b,0
3481,1326905580-207c2859e3c5224ec8369e3a69fc02c9,0
3481,1326349620-baa92b8e06356ee1eabaee14d294358d,0
3481,1326334140-7e22afe1d11164afe0de0bdf0dd34dfc,0
3481,1325287680-46f8fcba04fc6ea43660c40e933a4fdd,0
3481,1323852060-0d81a664e9f98e38863a0c0450a9093d,0
3481,1327066200-c10381bbfe587da12d491f5c85b76bef,0
3481,1321339860-a86f44b7575acfc8f8427c7cc3931b22,0
3481,1326131700-ade647899990bfd1c4710bfd57298fe4,0
3481,1324063140-c512dc103d7f49edd6f34ecb33fda7c6,0
3481,1325288280-1b380eb9ab57d9d450e4615ad40d5a06,0
3481,1322090220-06ee97df93546130cc000871f806e6fc,0
3481,1323869340-80954bf0ddef347986f1f7f3edf86f7f,0
3481,1327534560-19bd6675849abf3c54ad21c9e36412a2,0
3481,1322785980-fd3c7cfb93bdeeb089e82052d087fe0f,0
3481,1321610220-68c8a534ac3a77cbac8af92f3d491117,0
3481,1327863840-5cfd2f278a75ec452b2ecab44b7e53e9,0
3481,1323400860-34d47acc53f777b6786c62f480a3528c,0
3481,1327582740-875330c60650ecf845e7243e6512d08c,0
3481,1323897120-32713b6bf906d87f6f9fd213edaf20a5,0
3481,1321619760-02229e17681e9b634905dfe1149647eb,1
3481,1323450900-4d9cdfc98fd704e0c9f899595bf7ab5d,1
3481,1326652560-1d5b61cc344ac318a15f711e49e9cb91,1
3481,1323522420-caef8e0525c707f9db4cd2fcd344f3ea,1
3481,1323292260-030174425339b48cdd1953ae5d3c933c,1
3481,1324669620-aa6f1a625181f6ebbf966a2d96ce0b22,1
3481,1323292260-3b93201a67cc871161bd8b041bb0894b,1
3481,1324018560-1dc37f3d5278876fc65d05de743dc7da,1
3481,1326415620-5d4bce157eff282be8ff287d26437ad4,1
3481,1323292260-ae7f8ce7c959a8bf9e266ff144d2e8a4,1
3481,1323292320-3fa87defa532174711f5b2715379c949,1
3481,1323522420-a313cae5ab38d915211cf604502ff73f,1
3481,1323292320-ff8e6acc415e16d24759f605722ed7d8,1
3481,1323292320-8eb6ff05d21b5a5070901e5b9183749c,1
3481,1324018560-5180bdd81ad3fee9d4b8932bd224071d,1
3481,1321619760-083e7d75d91044b81352e9e8911c033f,1
3481,1323292320-1e822e9a99ec74ce2f2eb5de3f612b37,1
3481,1323450900-cee8d6fe00f45ad38cd4486f7e9df457,1
3481,1323450900-a19e3d96964b1761914d05345ae5dc30,1
3481,1323292260-45ee71009cb6791e177b86c02e1c31b3,1
3481,1327624620-a9bcc43e4353baf872ebc5e5daeac117,0
3481,1326364680-5059509e2132d62fc27742211fcc1493,1
3481,1325284620-856890a48ee1d11a366d045d9befaf9e,1
3481,1326364680-26c316c0c61566ab88ddf8f94a0ab7ec,1
3481,1324327680-997b464126825def956f60163d010ba7,0
3481,1322692500-a52322a9c1e571df9a730de04a9be354,1
3481,1321892880-f17349256d5428f00cde9930d8339106,0
3481,1322636820-f77579df16a388e2d434553d51a94159,0
3481,1326415620-b7c79becbf9494906d0620a2d268130e,1
3481,1323895620-d89f44fe16ea1abf33839d32310034df,0
3481,1326913680-b721508b3154229068c454d9ccc8e3b6,0
3481,1320674760-b24325a7d230f5feddcd285372d0f424,0
3481,1322149500-f9fb1873412e5e2f703dc590e8f5db0f,0
3481,1320422520-551e5ced3a2b14c030164ebe16f25338,0
3481,1322403360-b8a0f535d0fdd383fa05ec2d936e39cc,0
3481,1322741160-de6d483ac35ccdc836808c6c4e112eec,0
3481,1321550760-38ae3b1837b1b72e7154b0e956008e41,0
3481,1321653120-3565f3d62be5273e2044610ef58e6cca,0
3481,1320588480-bebdea1e4ce935a44ff657be6a17080d,0
3481,1327087980-6734d6f98513cc90c8f199c75c29867a,1
3481,1326669300-5dbb7ccf6591bd64ebbe4a219f43d618,0
3481,1327353240-8e9ac8ae0e3930fbc9203706290ce3b0,0
3481,1326388620-86d2245dd1326a7e6a75489f92064ae8,0
3481,1324403880-79dcd0bc7e63c1841af0560297a4fe40,0
3481,1322605800-f731a58187c5077bb7f38dce573c220f,0
3481,1327275120-1353a4fe1ddec2a56252e0e30d5a2f8d,0
3481,1325743920-25a35e3a18c1920d196792959f3b3807,0
3481,1324378440-4c745fff476845737e9c83dc4fc61a28,0
3481,1320482160-6d9059247d68342fb4f74c083c5a526f,0
3481,1327798200-1fbdfb7d5e98e068dd3ff932927426c9,0
3481,1323176460-5d61e15b7fa6df0851bf72b99ce27680,0
3481,1320709740-dc0826b67a923eed792ba0e4eef7c5a2,0
3481,1327017840-16d19812f0473225a723a3feb9ae6f2e,0
3481,1320833280-c927531e8b66228a32f322041b91052b,0
3481,1325923260-536c9225010356363e7d104067ae3b2a,0
3481,1325368860-7f605ddafe984058739b96293dfe03a8,0
3481,1323076440-56d2edbea5d7ef2b1685cb7806cf3ee5,0
3481,1326489600-2a839e20f965bcf7457506464874cb1d,0
3481,1327325220-16ec52084c6c25d7b84f808e6a6452a5,0
3481,1321292820-d6228bcce8ba978df8d167a9fd67fa2f,0
3481,1326845760-5efa049fb1a5e1887dcba259b403a88a,0
3481,1326001440-09c7a063857f707e89496be67525f827,0
3481,1321364100-be39dad0a5138e8240090763394c6c15,1
3481,1327615260-82f7db595617d1b163b6926138cb1c3b,0
3481,1327636740-7112e4de14625d2119fac5a6dfca129b,0
3481,1323991680-9c6296b03b344913238a2a41c7e11f5d,0
3481,1322672340-9a3bbf95a130aa6a82e1e618dfd066a5,0
3481,1324045800-9c57564322fdfe0efa57ee1420f88a95,0
3481,1327508460-c2cdfea5a9a1147f70cf596fb7272e46,0
3481,1325607420-502b671460f346d1998e207c6f556fb0,0
3481,1324404000-6d5a624a953cc2ca426cd965ef60b601,0
3481,1323851460-f9601de4d39198d975da647981d99a70,0
3481,1324245360-1344dd7b4e6321c160b54fe744fa4992,0
3481,1326494040-545fb048eca4a23917aa92d9b2a5572b,0
3481,1323470160-030de9909cfcc8879c2b80cf25718b42,1
3481,1322912820-474d5c0c9ce7bfbb8d51321027244071,0
3481,1327948200-6e46fcea82e0af0156b3bab38c559b61,0
3481,1326816180-5f771e0ed452b27686e44c544d27b503,0
3481,1326293280-6ad6bf8b0b329c93dad2820a9844c08b,0
3481,1325058000-948e1c5eeeedb38ff8570bb4c37b1c2d,0
3481,1328060820-0a67bb0cc47b4f15cf3dce7c52210b46,0
3481,1327579500-7f79f0014ade5fa0cdde04e910f6980c,0
3481,1326666780-c64f351559cee6ac2f1ab11d8200d6a0,0
3481,1322543820-67336fafefd701b584b92995d66c66c3,0
3481,1325613900-5f8328b2de3df3857957cd2ee355e502,0
3481,1325887440-6eaeae461387c537a4fa901060b6afa1,0
3481,1322187840-6f7f9be1059f75adf64947359caf2c85,0
3481,1324045800-d303c1012f2aebec035c8efe1fade3ba,0
3481,1326861240-dd40863037a133e0a2c14f7ab709f7dc,0
3481,1325683500-47379b41f8a43e987b072155bcf26b49,0
3481,1324736460-d8f72c8ae24460adbd2249009e9fd3e6,0
3481,1323513240-aceb9eeae613c651a41489d4b881745b,0
3481,1325878620-c71e150073e8d7a6c90e73729cd8d911,0
3481,1323547260-421da0da9233938f915c25c4c158404f,0
3481,1325719860-0e5e7cfd91240d7f7a2b6ea58a4ebc45,0
3481,1320703860-fea1f0b80d050aa95677a75412daa9a6,0
3481,1321204980-a36a02b358050063920c586a0d7d2a8e,0
3481,1320770220-64ed50ae4580613dd447d9476a23d19f,0
3481,1326985020-f382377115e281d2a3abe3d3055e7dfa,0
3481,1327099560-35285fec90f0e8f015bc28f12acadf39,0
3481,1321545900-01078483d42c4f816187c62ef37856b8,0
3481,1325408640-b180f34bc50d3d2d1e4c5bc2c6cabd0b,1
3481,1325292780-d136b7c2fb7eea7f606336ca95a3b7ed,1
3481,1326998640-07fabdb6f6c99483c128627cf42e7b62,0
3481,1322735760-16d0ab7207d5c8e76ec246706b79af29,0
3481,1322713020-d81133fece4c19684c58ccaaf0e84ca5,0
3481,1327361280-b70b23c57c3dda03d031bdb2681fa917,0
3481,1324876620-cd0c6714df9e88cd8afb8d658e33fd43,0
3481,1322253660-577bc6a2ad5f238a6e6328009cc11824,0
3481,1320656700-f0d2d729df209be46e50e76e6c7c6175,0
3481,1325723520-80e355c406b92fc0b78b938a1a3951d9,0
3481,1323786720-8b403c185d1339965629d38b7f5fe902,0
3481,1323279420-1995d0c86806ee3ec318939ddf926948,0
3481,1328035080-c3f06d852264263b79a875d87e5eee04,0
3481,1322441820-0c1976cf6d9075ca36591027c7135948,0
3481,1321336440-1bfa1aa0c63e04cb6178a19359bf7a65,1
3481,1323787980-fcb75c010d845429bff04daefcc5914e,0
3481,1325590620-692d34681005e970b63cb4fd3c2c9617,0
3481,1324473600-dca3288ee0e216f45e6fdad3b93543d0,0
3481,1326186060-367b836fd6fd6ddb0b8a193af00a21c6,0
3481,1320737460-b94941697f95bc6dcf54a49ad9b6b88b,0
3481,1324345680-4115dfc15c6a95f41fc06d6a0bf92b47,0
3481,1326803820-3081c0484f314c56069e6863dfcb7e79,0
3481,1327557420-544e0dc347c497b0df662d1645d91db5,0
3481,1325398680-8a91aaea458b2ba942becb31bf8f4f7f,0
3481,1320953280-aa3dc44c7d22f11a200498536803aadc,0
3481,1323354540-3d2cdb4442833dc257aeee2503f0e5eb,0
3481,1324987320-26a0617e5ef75aacb394f8839d21f81b,0
3481,1321029060-f3d04fb1ac2a49fe09b964f7c967fc9a,0
3481,1327599960-00e9d07eb952eebd848d231f5d30513d,0
3481,1323366960-2fd2f6f67ffa4a83dac1e0f6b04988f5,0
3481,1320550080-2dcecffd1465b364ba2359d09eff3c09,0
3481,1324093380-daacec2849364acf50519ebd2b5fb2bb,0
3481,1321062360-c19231cabe388a1422603446592be760,0
3481,1324422120-3f25ecdb3c75aab0aed63024bed07500,0
3481,1325991300-ac0e30132cd4f4cc0075975cd7e016d0,0
3481,1327128180-0ba55d737e3299463fcf79cafb29ceec,0
3481,1320894960-be652e73b00122a70a8ef533149197ce,0
3481,1327328400-830180f5ca562533db184161d14ceeb8,0
3481,1324345080-0fd7ebfab7d5c612da8bba5d48e15469,0
3481,1320470940-f5eae331afce727682cc778f605266ba,0
3481,1325174400-f4d1c036db4580cdbc3de0896d238aea,0
3481,1320586920-c4b030e00542f4f40f137de2373f6e13,0
3481,1326737880-006832c299a29916020f76ab1afaa28a,0
3481,1321846740-498cb755fbe324b24b059b346ca560df,0
3481,1320762300-02713f2d7ec6b1f7fbeae7427ecf75ea,0
3481,1326301680-f3be41aa9b90985e5f6c507cbf67cd21,0
3481,1324045800-4a96ff476c82e6d82771110fd13ec0ed,0
3481,1323702360-dbd6405a5454f131026e5ac986b72d9b,0
3481,1322378340-800d1a52706c46d15fd402cd078212a7,0
3481,1326613140-00ab3e3af5cfe8fe978fcd02167ff009,1
3481,1323588060-4be9e7dbedf297308cffef4fd6153c0e,1
3481,1320128820-f4710b05a680278c4683b36b09b89c7e,1
3481,1323374700-73d1803376d6eaac8f4811b4154d13d3,0
3481,1321351080-30f5394bcd24b31df17d5d88f27039ae,0
3481,1327578300-84de8ed180ff1c635903eda007afac7b,0
3481,1326521220-bbd4e65c4fd95f89f7dd588051a14ede,0
3481,1321202880-2281fcd1035d9595413c15170492663a,0
3481,1320467880-3da28cb9810bb9f657621df5567e26d1,0
3481,1327328160-b999ec9ed0d2a4ca0e366fecce259e5c,0
3481,1324987320-c64dac9fcf7d6d979b987996da6c0e09,0
3481,1323935640-4458aa126556ff8e5df6949febe7619a,0
3481,1323706140-2d393d50a687df2cdbb7a8def5171bb5,0
3481,1327421820-9ec6389a333b7990501ffa54ea15513c,0
3481,1321020720-2b0ad967a6c67f2ad65db9a30e747a47,0
3481,1326651600-7f0ae16987214a8c48ace7ea7ba8fc87,0
3481,1325407380-356d73ce0815227437f3f6f6db96c7e7,0
3481,1320910560-2a31a4839a32ae5f9858f901f20204e1,0
3481,1324558620-40884987f2317b7407cfa30494ea7b9f,0
3481,1320918900-abc3d62bf8f534ac76efa296feb4e50d,0
3481,1324458540-00c8e82a4615237af6b718612115cb9d,0
3481,1324716000-be5517f11db0011dead1ea71be185071,0
3481,1327903080-11b0fde57eb71c247f801fa4c225bcd7,0
3481,1325904660-ba0bf6838b32b24f750f63d566f21d95,0
3481,1324029780-195cad72af07d1dbdbacac1a6f80f9e6,0
3481,1324045800-7c2921c32f40526c9ac1813949600e6b,0
3481,1327557180-57f49367be4ee08fc4dd7d840216f126,0
3481,1326034020-1f7dcf31e5cac5609e6c817eba0f168c,0
3481,1323889560-c284247f1de3e8062967e6ce07198551,0
3481,1321884960-90c48f9c072badb62dc9eecd9e3ce6cf,0
3481,1325202540-9b9f18638265333fa76a074e69797515,0
3481,1323222720-d2dd0da0b09a08b4cd8ac255a0c7b9db,0
3481,1325396520-dfd940a7925686e5d9e9ff6ed9332901,0
3481,1321919220-242cf1bc819d083c3b0d652ab9859b08,0
3481,1325857380-14b3c610a0f7813c85718020a5e166bf,0
3481,1324498560-11334fd1fca00128306db65271108005,1
3481,1324996320-2e89195cc930e80b7286814050639701,0
3481,1326345960-35f2a256843c1dbed353b575e7073634,0
3481,1327692660-80759c94c4998b07a868d9337fcf81d7,0
3481,1324024800-05f3f3cd934b14a162cc4b563b3293e2,0
3481,1323180000-d953297d6c9e7810507d282a73fc104c,0
3481,1324841820-7d2345d9bf84b03b64b95ac3ab941d4e,0
3481,1320482580-fec11e0be78008e14dae5df00cd9dffc,0
3481,1325026920-3964aec3836f817d34395849ff1cee39,1
3481,1324078320-8d0994d9b233e0c122ae08013b8522c3,1
3481,1323896100-26d85be771c71a2503907e85533e042c,0
3481,1326476640-bd81245fe69e0b6b709e97f0e4881a92,0
3481,1323348060-7dc9ce3a213c6a53978913739ea62bab,0
3481,1320863640-28f8fdaccb1a84c70b4004c8c3b8b6f6,0
3481,1323808620-71c7c0c9dc5520964487938b92296cb4,0
3481,1327422120-a7f62cbf16a7816d87410c4733ca12a8,0
3481,1326294780-f1e9fe9afef75d97cea52e1dfba8dc30,0
3481,1326723360-bcf99cc260c8b62914e4d96debf4042d,0
3481,1325201460-912116f70ae758d9ea64057f690ec24c,0
3481,1326802380-67f961faae646972ba9de8d4c0bf03e0,0
3481,1321494960-aaa41688992dba5a85ddbee51fa5845e,0
3481,1327324560-3ecd8e42d1c8653bbdd75f7f8d956d10,0
3481,1321922280-7e81bd2ff408e8c33a4122b46f6229a8,0
3481,1327219680-9a3b88b30dd4ee93cba3af2eb597557b,0
3481,1327610040-de9be596e4bc942833623c4e875d18fb,1
3481,1327960440-37fdc0a9ab9758a3fb83e72ab54c2cb0,0
3481,1325925720-9d4c03a33c748defcd42009b75a92711,0
3481,1320570960-57f5384caf51ce77ac17c2631e4685f5,0
3481,1323989340-4e033a1cdd9232b6d73325b62fff7ef3,0
3481,1324289220-8f8739cf7c2ea5b0494194816cfe2e58,0
3481,1321433160-8e3bd94d0f37016f2801550a6a789e7f,0
3481,1320549780-bb8698ced6b1d31c0ce65edc725248b8,0
3481,1321840440-747516d40fa446566d9c2a178d4c47eb,0
3481,1321511640-53f650ded7d278f27c85a48eaf95eded,0
3481,1324045800-bb7b16a0006f482d7cc7fe888da6698c,0
3481,1323787980-cb92fad6a543371304805e67fa7bd5ae,0
3481,1322491500-5e6c7647992cfd672c40fe5292593053,0
3481,1326629100-5f334c3a4ee269d0767f9f3a6a13e970,0
3481,1324157880-807c124b5591dfef796963cc3c81302d,0
3481,1322393640-d2cb107d379ab8720f62577bb397aeaa,0
3481,1328060340-0e2fcc614ec9dd96db9c1e0503370998,0
3481,1327581540-9c6a2111b3399adc2e2db278e1786232,0
3481,1321973400-c09fd4d05d635e34e4e9dc2b835743ad,0
3481,1324457940-acbf833ed83e4547445a86de91911c81,0
3481,1326203220-1bc3a7591e3507cd6a4438d9a3318251,0
3481,1326567000-6eef5b9a0e35585663ca85683fc9c40c,0
3481,1324045800-c49de5ed6891b9299099306a8aa6d8f0,0
3481,1326186060-7a7762f308ea63872c2f6a972cc08644,0
3481,1325720940-d368bc381bef1e032cfb1ad45bb81eda,0
3481,1327502520-1515384813b0a06a15989b7e7280d003,0
3481,1324716000-d246beda9d0696b0bd06d7df3186e1af,0
3481,1322532480-49660391e7da0fb581e70f8b20802c32,0
3481,1325887440-b7fc7000ccee48d7fdbcb9436eeaf82d,0
3481,1322224920-c158511cfe0f1bc21fba1154179955bb,0
3481,1325680920-c9919fda0b8adcbcb2a24f7e08f6cfc1,0
3481,1325561400-f6d09fa327738cb54c8d259da6510968,0
3481,1327033620-4a535784a3dca6d6cee19ce0dc0e7a06,1
3481,1323202620-7fc7d4f88661fc8ef4f9d20de502b908,1
3481,1325274300-c3f5e52cd7bbd0bbcf1e177af35fe54e,0
3481,1326470760-4219008ce0dc40068a11b5850fb2e166,0
3481,1322938680-664c06fe1faa0c8d42123882696edc2b,0
3481,1322817240-b0736b931668cf5adcf86ca241544661,0
3481,1326120600-269b1dfc00da85cab32e1d6b5296f939,0
3481,1321814220-42d3869c8d3dad1525eaf14acb3365c6,0
3481,1327437600-67941560f4e8284b44a2ad508913ebee,0
3481,1322780580-d51e96cc797ebd509f26e3d155f93744,0
3481,1326007860-5a2204e585bc04a60c5991a2a0c0471c,0
3481,1324527900-8e8b3e6551759a1738dedc569bcc4ed1,1
3481,1327368600-c1192812f42981b05cef194b29098ad4,0
3481,1325011560-a20c2c82cc248982ff1da62c63bae989,0
3481,1321364100-fcd6aa29ef21f5d7f38b23bfdd18d663,0
3481,1328046540-1999b644ff10d31527fdbb2b43f2987e,0
3481,1323356940-f7ae20b92485325bf2c17622ede18ea7,0
3481,1327011660-36e4c63a74791cce7b1009712f759e4b,0
3481,1321029180-a21faecd06adcab4fefa4ac04f1773d8,0
3481,1321424580-50e75464db93a542a35599d2c85afb7e,0
3481,1327695840-91d66ab32f51c809750128ff94a8b453,0
3481,1326690060-a332012e5cd283ea21d59d4d1baa8c22,0
3481,1326246900-1adeeba0a1f51a76e7db3be5c158be7a,0
3481,1326840180-b8bf7c96541bbb9fd9b0b808d53800d1,0
3481,1327540740-1c152a1eaf3e5bc49acb05fb4abba360,0
3481,1320833280-2619d29f9851546bc385469ff2a2139e,0
3481,1323484380-bab50dc428569a51993c1c0a6c36bb89,1
3481,1328053680-34354fa6e8817cc339b37ba3a88179eb,0
3481,1324001160-2f47f2f1c2d67f91d1a9600cae374d7d,0
3481,1323727320-2ecaaa0c6888dec91306747348f75f44,0
3481,1326915960-ddc4f32a0f40d8682aa7394f208d02ee,0
3481,1323662040-7ff828a31443dc3b6f6f7e6ae77d41a5,0
3481,1321400700-ba51c4ffe8133be45aab4263bc685234,0
3481,1323894780-a61aafe8de042e97c1576fb653a1e08e,0
3481,1327467420-1d9fb1443f87d424eb26c0f12f8a5091,0
3481,1325925720-554085fe57a0e66c1a4bbcaa667e4d1b,0
3481,1322378340-1bbb582fd2590baebb752b81ffa53bcc,0
3481,1326950940-a800db30e2b5391d835ce904fd816eef,0
3481,1325892840-34daf416609da6f7572e479239af4cb9,0
3481,1327460040-a34cc3e78a79169024c02b67495a92a0,0
3481,1322748900-7daca38403b2e670a7579b40dad9c5c9,0
3481,1324609500-8c55eb5a9c0653e253ab687b4f07a3e3,0
3481,1327590600-7e24c0ea9cf043e1dba5ff512f69abb3,1
3481,1320560520-9c7146e9739d7e137f399f6f44037d51,0
3481,1323704280-ff6edd533057fca54d6506d00b31325e,0
3481,1323642420-6a3b71c04001a1451974b7e9a2104a97,0
3481,1327035060-052dbc19121d9e13e40da5330850fbf0,0
3481,1320421380-1a1da9b04da7292cd14aca27475d4f5d,0
3481,1324078200-62c2b89cc51e290acd0db550fdad951b,0
3481,1324716000-2e78e2a8b26f58dd9f1db299d1d33eea,0
3481,1327879800-074b272d1e4875bdcae2652ec15fc550,0
3481,1323747900-7831776e14bcc35eeae77b1fa764629f,0
3481,1326273120-59827147f3bba79dbf22efbb73b9f9c9,0
3481,1326884160-d04dfecf3dd59b3178022232667c3970,1
3481,1326480180-f64bc4ddc9f5ee4afc089ed873a1079d,0
3481,1322524020-fd430f8134f727003ada059b75d173e4,0
3481,1320515340-23fd408d1a551377deaad1b00aa97ed7,0
3481,1320423120-a37884284f7445c61bb2f7bcf9e34de0,0
3481,1321518120-b3d818f0ac5a4dede687e3a680fac5ed,0
3481,1323353100-ff5e39370704cfa7624714066eb4df6d,0
3481,1320799500-f2dd956e5442bc181673e7242f32e24b,0
3481,1326823800-ac7d0923b6d16cc5329d410041c1434a,0
3481,1322240580-8c6dd5de21f9505a346f64dcec651f07,0
3481,1327972560-9dfaadfd6eee78420e33199cc53f7c3a,0
3481,1325626320-dd2326adfd114be2507bc78e3c6a7806,0
3481,1320312540-8ccf3cf3069a2eabc6437aa62b3601ca,0
3481,1327955100-78520fd3af20683969cff93ae2bb8946,0
3481,1321618440-9da0220fb300e3eb90499d43bf41764b,0
3481,1325905080-a52b4d483ba1043063a0f458e94ca67a,0
3481,1324047840-8166d955aa4b4870322affb737930a48,0
3481,1323807000-499f891092123dba20004b22f7b8b0a9,0
3481,1325406360-02a75597c41eb8cca12fd86e754ca970,0
3481,1323755760-0445825894a05cf0682d4cc62ac5f76e,0
3481,1326554340-2f9a823f4ef8cdf0d3e794a3fb7ada90,0
3481,1326660900-3f5c23ab273c265c403950417aff0e83,0
3481,1320797040-4530b40a2b7f6eb854697bdb4dbf359e,0
3481,1325774160-2bb125236cb26d0a0cabbbb2706a46e0,0
3481,1323616320-cf5577ccf7ab017ddf7b8862fa906b36,0
3481,1327935120-bb0ffff89c2cce0f1d56b3ccc42f8e21,0
3481,1327109100-21b1ab8e5426474ebc23c79fa2427fec,0
3481,1326225420-3fc5c1a338df3d618c6f28dd8ccead79,0
3481,1322347560-c3a3a644cdb66026449a478da0d889b3,0
3481,1326320460-416ff89df34bd71c6956963cfdfb5caa,0
3481,1324045800-0e1e09133e1e0be24cba000b6f0bbcde,0
3481,1327396980-bcb512a6dbbcbc2fc3a0903f45330cc8,0
3481,1325187180-5f6534ccfd197455671ba8d299dd447b,0
3481,1324045800-951e4a2fe60fae3871f0c114bf97e2fa,0
3481,1327443900-0eabdbc0b28b0738b1cb3d4a2c3dba63,0
3481,1327590180-735a605e3dc12f0234ca8f5e7c0fa286,0
3481,1324570500-a8da26559efffc0a1e2e31fceeb15862,1
3481,1322392320-72ffd3441bbdc532ebab7145affb3460,0
3481,1323297000-f5010f5f3063ecce32d3f68623041055,0
3481,1325019900-aa03239c551db530272a7c37803f82c1,0
3481,1320707640-c49b5e3423fdf9893ed21b39064554d6,0
3481,1324015620-a108249b886d7f7484b85b1389c626d1,0
3481,1326999900-f7a0dcca402dc0b0219490f024642407,0
3481,1321595160-de3375f4a0f2defd4b2dbffe47312bee,0
3481,1321193340-d18afabe6a94793112f31852502dd183,0
3481,1325653320-a189f7b386cc7bb5aea5bee678565b0b,0
3481,1323301380-444e68ba84da854d14d58304207e91eb,0
3481,1327002240-4321915fde25c9df63ebd2fddb1f0a40,0
3481,1326432420-b835b10e3afd519f21a6a7e60dbcfc45,0
3481,1320800340-6c050af7e73af9948ca313367f92e959,0
3481,1326204720-b5c300d7809a995751cd9ad709149bfe,0
3481,1327587420-6342b1730f91a3e381c40dafec717678,0
3481,1326706620-430b141a33b36b5d976dc742f760df93,0
3481,1327750500-953b8cb4eb84c22b2e5537780c41a795,0
3481,1326307860-849fa719ae8191b4ec4fd7a09e7e79cc,0
3481,1321309260-50f37364aeee7c8540828f44fec6b60b,0
3481,1320812100-612a63984bec954e1ae563ab8f0d334c,0
3481,1322541660-0e3d2f798fd23082ca9ee2c5ee0f7202,0
3481,1327055460-1e6a29ed05886315f3e13b1948263e47,0
3481,1328013900-af5a3db9fd199abe2a641082aff8464a,0
3481,1320885960-c3950bff509a86f6ba7697c22dc48c1f,0
3481,1325313180-af6d404b5313a8b4e620ea9a99acf4f0,0
3481,1324946460-be1c0752ef4d326d643a5c93c7043726,0
3481,1325211360-d0994256156a4d5d0fc80cb8f3955fd5,0
3481,1325657880-ac32e34d78e6c3804d510140242000ae,0
3481,1320864900-868daa9a39209644fbeaf559b1d8ea31,0
3481,1323704280-5600808299259ad2c1c0a1feb018472a,0
3481,1324516920-3bb95848d805f27893e637f499fb69cf,0
3481,1326919800-f0d59ab7ccbe9bca403b9f3a26ac5d52,0
3481,1322920200-fead94c081a4d8c6e2807d7e1dfe2d14,0
3481,1324686480-6d164c9859912718e07127d329b3f71b,0
3481,1323351120-0d0110917331d0e14fcd335f5557b33d,0
3481,1324166640-a0ec396573378030ed7c0f0d12f6b87f,1
3481,1322820000-f6e78cfb81a1d15a8d27fa21c35efdeb,0
3481,1327885200-dcd6fc0396192953215b4745c53d6b15,0
3481,1326668280-801a230bf91643186b44dd35798937e3,0
3481,1326794640-bc129293774a38f7c5530b2f37a831ae,0
3481,1322854020-70097e607a1a72c178a13299df9b695e,0
3481,1323745620-f21ec0a60cd45e1fc26a81f7ca12f635,0
3481,1325201460-49d9d73cd18e0a9b8a40351d0397fdb4,0
3481,1321572360-66b1dada2b7c11b8d1285d651f5ba229,0
3481,1323707880-43e194a7729026a714768b0bbe84b48d,0
3481,1321120680-cbf099a5cb5b839efca2c1c087560cf7,0
3481,1326971580-0c03495656a7378740b5b74d0223d249,0
3481,1325156400-090cb3d721fc57207d3eadc88bf15523,0
3481,1320681420-506c0ffe7bd7319a83430b32b28678a5,0
3481,1321202580-456dc6372578b9cf47ec54a6af3cb99c,0
3481,1320494880-35fb74497acfaf706a182ec3e10efa5c,0
3481,1327562880-5a23c0a17871855691e362a8f88d1433,0
3481,1322696580-27275dd40cd65b30620f95053c32d5c6,0
3481,1324673220-bf139b01a509a97bd8b6c8cbc9f60165,0
3481,1323360720-6c4506183ef6a38e36c0201f6c803aa9,0
3481,1321183980-556e936a4866500562a19e49dacd6652,0
3481,1322157120-0d1847dce98719991d2ec21e097b637e,0
3481,1321174920-934a37d6dcb65f62cd911d7e7c362847,0
3481,1327459440-dd690412625c52573024f8cd4481429d,0
3481,1320189540-aad358f969c967d94fef85aac11a742f,0
3481,1326616620-a9ceca8c5e6c292a9cdab82a7c425a9e,0
3481,1325263860-cf9c4741a222a4b033dab99870365713,0
3481,1326352500-51c24e14bea3d542c568efa4c49bbc0c,0
3481,1327631460-4f26a2aaec5a82b9a79940c592afa4ba,0
3481,1322703000-94b276c861b13c40bce1468c00395ff0,0
3481,1321848600-329a345ca469ebc654e197328d8c6336,0
3481,1325947620-b98640d1419a10ce39c4e965b5df263d,0
3481,1326899940-95075efee8f23642dd4bb27af42f5937,0
3481,1327641120-1725de4e844e6e0237b7f3ab61030650,0
3481,1326703380-1c8e77488e8df61cc548cc368868a8f1,1
3481,1326703380-ab77f0b8fd96823ed31f4252467220cd,1
3481,1324063920-bc223848a2a7202f5ce3013d43f41e2c,0
3481,1322649840-c2ea2f347ebcedcb0e88f2719c22111a,1
3481,1322038680-d4eee25ace4d85e39f69d282ef6feed9,0
3481,1327347600-8a647eff5af9b1ba1612440ad73180ee,0
3481,1322773560-f6ec568507c45288313cdab1ba85bcd2,0
3481,1324423020-fe8a2f7767cfda96d9d8fa5c02b7aacb,0
3481,1326397740-b411d0f7b017cb6645f5e9540a3fc2bb,0
3481,1326276180-3a96a3629810cf821832b893eb438d1b,1
3481,1326223980-a697f36f0864d4bda64a931e301505aa,0
3481,1321404300-c4ea27ea311f805c79b2540eb3af92ec,0
3481,1323644280-79f8bc6b0dce029d796c36f049b1f2d0,0
3481,1325744880-32891794468b45899dbb133c824c684e,0
3481,1321087800-10e8b2833238aca71b97768d8de076d0,0
3481,1322789160-439891be05f744d70d8a4a7db00772cb,0
3481,1324352400-fb1e9d90772581af6d27a4b98eb57f1a,0
3481,1323832560-adf255f9cbbf71ba95d4c1de49ceff1a,0
3481,1327858200-01bd2025ac8b509b07cfa7671eb16d09,0
3481,1323727320-a2ecabdd69b9ffbbbe2753117ca4e644,0
3481,1322882160-447c2dc20aba71bb680a88ccb7995fe9,0
3481,1322562780-6da89105d921ccd43b4a2d189489b3d3,0
3481,1326217080-73c40d3417559e8aee43e5fb1aaa1ec2,0
3481,1323889260-40fc12f946ed4e8d674823b019c83125,0
3481,1325100780-07b79e582f056adba16e660f3b555a51,0
3481,1320974400-9adeb475cda4c508461569022c5a3c74,0
3481,1323160920-dadb0c31f7bfdf6c9fb04cd018c90ca1,0
3481,1327438800-1c7a4a8155b27f3a681c5f392edf278b,0
3481,1322054820-9d67b81ece502847adb086b29e1fb04f,0
3481,1326071280-7f590b44fc557e7a59d559430bc2846c,0
3481,1327641660-cda94ef13d743a467143e701d205ef92,0
3481,1325678460-fdfa7b94490421fe2bf47bfa23edd64a,0
3481,1321087860-6eea8948031e097a00312d18d6ea23e5,0
3481,1320312600-f86bf1854b1b6452b1367c6f9ceed3c4,0
3481,1325601540-0eb706954776e880ec8ac1288236003a,0
3481,1324859520-39a34b6f05cdd525b2693a9bdcd8e20e,0
3481,1322437920-09d1649fc63626c9c3a650a94fc09b36,0
3481,1324045800-39165798db3d830d1e85898c686c4c3a,0
3481,1322172480-41e60c001211476dfba620b466e74ba7,0
3481,1320774900-f7b1d90886588d6383ea07b5aefd895f,0
3481,1323320700-0b0e54bd5be60ff744310154b96a94e4,0
3481,1321400820-79bef5fafb9ebadb21caa626abbe2fa4,0
3481,1323632760-7a29dc65dc5d04631b1b6b3dbaf2f4e6,0
3481,1320588000-4af2085ba70ed032ce4f4dd291155a38,0
3481,1323026820-2ac6b5e3002e4a99a1b9dfa34818a5d0,0
3481,1326079320-17f4e402a0f2352482ee3f2f8db0a076,0
3481,1323530280-d729d2febd6edd15c92d61d742b1b25b,0
3481,1323292320-bc7cc2df7353a6078c81e78f6b3d3532,1
3481,1323965760-f62d38d3ce071827063984b064dfedb9,0
3481,1325603580-0d9dcce1ffe6a882aef1eed631b62e20,0
3481,1323592740-fd217830e42e0015c8bcc03c3548ca77,0
3481,1320923400-c996a6e88da5190cad93551d4d142f8c,0
3481,1323824400-8e915c703dc4b7eb974ceddab4e1447e,0
3481,1321194300-b18640e20a7fd1129623371c8eb62730,0
3481,1326296340-a88fd2bfd2391e9c92001166ceb2bd15,0
3481,1325282100-d6c2570a9f60c7ac1a35033bc3e7399d,0
3481,1327079220-6cb3fee449d15774cefbf453773ff765,0
3481,1322911800-bf3a73080635600bf642265c935d6d0c,1
3481,1326156360-934c0a208111d8c6ba032facfdcbfa9e,0
3481,1327394160-d3e25ddff9b004b270c0ac1172fd3196,0
3481,1323797220-6ff3620757c4a7bd66371e72d613e505,0
3481,1325561400-a65f4fd7ce800b6431e28bc96386e991,0
3481,1327215000-719d7f9fe6606624c218ca18e7650a87,0
3481,1327683420-40ad0fd8901717eca5d68bec4b2b8e0c,0
3481,1320792300-a6a0842acf59eba849cb4b5a1eda7d00,1
3481,1326856260-67d25955b211a47ce0904f8359096661,0
3481,1327951620-64361d61d6eebac08e6748c64fe775e2,0
3481,1323603000-982278847e362d858e844bcc85b4b079,0
3481,1320344040-55f1b7bebf9e0edf6c45bb95619b9a12,0
3481,1320903840-d1f917cc45071f6f93e7b5ad8393a1aa,0
3481,1323724020-a6c16c3d81ad88e4d6b94270b2f37d17,0
3481,1327296660-cd6e3f04c43e212c32bb11792b667d90,0
3481,1324569900-21bb0b3d698ea80559b3101681c80805,0
3481,1326092940-d014234f2288c5e8c7773ebad5175ef4,0
3481,1327852080-b24fd705ce95ac16e6f09f1fc54d3b67,1
3481,1327369320-554df428a1e670a2d00ef3f30eeb2835,0
3481,1327320780-7f751be2d0d7623b0429ade52c7ec87e,0
3481,1326275100-4b3e58645fa32bc388d8836e6216e3d6,0
3481,1324791840-b39cb6ef057020dc9949ab1b55a99697,0
3481,1321607040-47c36e99aed7f7388263faf52d603a4d,0
3481,1322465100-fb76c514ad40eb8f256db4441c5f6300,0
3481,1321050240-d740a0bcc7b8eacf1aa26e41fea00b2e,0
3481,1328053500-bac3ef11673d3b0ae2aa5678db507dd3,0
3481,1327645080-783aa848a8962ce0acec5b4644237dfd,0
3481,1325778240-19bc28e28bd919900e9f626c2b666dd5,0
3481,1320677940-fadcd8e6cf8805ae8b9c3d7f577f85c7,0
3481,1327066920-f6e5bf4b5b6b995fab93c1a70d69e4c2,0
3481,1327606560-63c2c7a819c54e423ca5925237802487,0
3481,1325091840-7567acc69895fa09180784fa591bf5f2,0
3481,1326587100-8e8fe22dc3f2a653fe7e78501f58772a,0
3481,1324402380-ab250b87220e39226be8706550cca1ed,0
3481,1321610040-55458d1dd2119126144f72805baa70b3,0
3481,1326289920-cadc0dde8a126758afe668a69ab533a4,0
3481,1322773380-88931f8c52eae33493a398cae9fdb59e,0
3481,1324014780-84a969cb1768ab0e76d12f74468af95c,0
3481,1324992780-ca55c265f2f7ae21419a882ed749a859,0
3481,1325111280-77a73d6fbe1e29cac3071ae5b2c980d1,0
3481,1326098880-b35556bcf5bda590c6f0efc579072469,0
3481,1324432740-677ab13b08d79694af9d78b401e64a8f,0
3481,1324865100-cad310c8f108141f96d26a82cdb0fc80,0
3481,1322162880-359b421e889a16e36d02d64643d2654e,0
3481,1321426320-69b58c4ade2c0f5e26e558887d1f70d9,0
3481,1320616500-8526502112271f8c81bcfce5e1a48d82,0
3481,1325918280-82dce1eb87252cecbe6573ece8bc44aa,0
3481,1322614320-aba42226ab51e3ce7bfd75862edc45e9,0
3481,1327650840-9ec37e6aa0619dd9ae461dfa790903c6,0
3481,1324045800-aeedabf27a573304f55176e4cd7514a7,0
3481,1322681880-61fdeaad5059afa9567ae59ba54a6f08,0
3481,1326326160-c3fe255424c281e1c25b2a0b0f3e4414,0
3481,1320731580-0220b134776df07abb22f6b4b3679745,0
3481,1324644060-725fa62be74be7030f5d8851fda7fbec,1
3481,1323754020-bc9047948abf67f3d407bda5858e7cf1,0
3481,1326312300-f3b05fab16c87a53b4d26652f5d7e441,0
3481,1322657640-5b8acb91df8d9aa5b6046504d5c6281c,0
3481,1322999940-9e32869fafc7fa665f6db72a672953fe,0
3481,1326968100-caa75c509201640bbf593d6dedd61938,0
3481,1321015980-77ee92c8ec50641d2b6b150919da3fb8,1
3481,1323232200-99b9df05a57943b42f361519a40e9258,0
3481,1325186760-0a5b179fae299f6e81cd3cfe5086a1e0,0
3481,1323974940-65ba2ea09a1fcc98d8ce7e610dc85fd8,0
3481,1327888200-7574662e200d24609f3ca1a6fe0e312e,0
3481,1323846300-ad31c5977dbb37fcb155b59a2e7793fb,0
3481,1321116420-9de15aa6127c5afdea2caadecfdf10e3,0
3481,1321769460-29225e6e43bf7568d369d208800f06e0,0
3481,1327899540-7eddc0e77d7bce627e46a3fcb7543533,0
3481,1325269620-02d7949f169378d75c586259a746d46c,0
3481,1323745500-c67243d066d4f238b5b8513f2a8e4cb9,0
3481,1323441360-af8c91325a7457636485ef3c04290b5d,0
3481,1322461380-1eb3ad7671ab5b2b4c863a9674ec26ba,0
3481,1322692500-a810b31b1bee8ca2e9f95d7462384c88,0
3481,1327441860-7fec80a6ec590788aa9eaeb46891adaf,0
3481,1323300120-c4f4af2e3e8acbb82391b510fded2db6,0
3481,1327334880-7845126bf062b2aa4300804e77d2c585,0
3481,1325846160-1f27a13e65c5fcf9048aa49ef19f9655,0
3481,1321830780-78bb78110dd37aa549c294ee00fac79b,0
3481,1326600060-a8e896b259bfe14e7ce78f7365377912,0
3481,1323615720-8e430714bb4b5b64ab242d146573ce3d,1
3481,1320890880-0a68fac45abebe39e60647b624ca239b,0
3481,1321265700-17199580e73039d8952f6cc43a0489ce,0
3481,1322735760-f0ff02677c4b9dc91ae50d0780185cf6,0
3481,1326667140-b3bbe304c0f3d0f263872e41ee8a478a,0
3481,1324870740-20e8503ea8ecca01d7ef972ff5ae4f3b,0
3481,1322461380-6e4fd41879bc8555469b1b47b26cfbb6,0
3481,1323463740-848fababe28aaaa433d469c40a01e9c2,0
3481,1321075680-061268307a73010230c1403d865e9030,0
3481,1320217980-3c38f58b0960823d1a96e82cc1141c34,0
3481,1324734600-3449de74f8deccb29cc834be8929afbd,0
3481,1323745620-552676cf6fcfca98537299fa457fdf5d,0
3481,1322084700-300c552824111dd982f1c229e585c1c4,0
3481,1321630140-972a41c7a16e944c4c6cf0d043294cb3,0
3481,1321518120-7bad196185af3365261574a78009fab7,0
3481,1321558140-2a8b2d667b839c9d16801c53dc96e16f,0
3481,1327282740-9df49b791b937c5ecfb0de1c8eabab77,0
3481,1323323400-45d0275ea85dd927f3d2318ddf98153a,0
3481,1324692840-a80e32af083abf5fc8dc1f7010d69553,0
3481,1321244100-61e0130de772114349d106cb839f7e62,0
3481,1320439200-0f78c50d6a0d578524adabb4567f6ba4,0
3481,1326766260-8b5b6ef570b49cdac3cbe42c68ad524e,0
3481,1326052080-4ce784220cb6b82013bae11a9d83898a,0
3481,1325050740-09f6cc0e60a996541c12293cdc0f057c,0
3481,1327445280-333dedd0425b22e115b06370859ad8c2,0
3481,1327409880-06a26594d16be2f8ddff31698d5720f8,0
3481,1320749940-524d662ccfefc914858d786d38d4d176,0
3481,1323142080-69dfcc6f872405097d276f8d5314d86c,0
3481,1325867340-f5c58efaafa5021da8d9231990e6ddd8,0
3481,1328035920-070196f7fc517299d293f73ecbfe832d,0
3481,1322681700-9209662802cbf5701698440d59f18d95,0
3481,1323667800-2ac44d696e51e0a5b681166fe8225116,0
3481,1321451220-ad92de344807f2ef8626464cf449ef66,0
3481,1325719140-a73144cf7b67786df327e549eb73eb9c,0
3481,1326837480-592347ddf7ecdedaea280e212315f47e,0
3481,1326399480-60658f18170c3716f04fc76cce457dc3,0
3481,1321205340-4a2034e214073072992dd3f09e1505b6,0
3481,1327701960-4950d137e6ac5d7be9b4f0f2fbda1f62,0
3481,1320918720-d1355a258d1848d116937f4fd86bdcde,0
3481,1326969540-d97ef917f621f5bab39063e05d53017a,0
3481,1326446100-37e33fc645f94eae8fb07c4d49abf7d1,0
3481,1327672080-9b67ecabd56c07202214e547f8940ce0,0
3481,1325793840-c1dfa5a82597696ea441e3f6c0205812,0
3481,1323699540-79acf312f4491cb0fb2bc1e5638c39e2,0
3481,1323904140-4d82cde3f8bdadd7db486227fefa4dfe,0
3481,1321515480-d995166c1b1fef00613534a71aed2fe2,0
3481,1327087860-a158411c00ae0a43a0583625a16d366e,0
3481,1322082540-41ccff464debccd724ab06fa3ac22e0e,0
3481,1323312120-8eccd7fbf1c1241ea8748a69a457730e,1
3481,1323698580-81722510eec171b167f8abf21d326bca,0
3481,1321704900-bf2aa962020f45292d43f827d404e3bb,0
3481,1326466320-8f3619b28b93d1c2922da6b9e1edee1c,0
3481,1324321920-24b7b0f2b92269675800d8d3a68654d5,0
3481,1323501300-b21c50310afc0d386a1bf26b4daada4c,0
3481,1321286760-acb9d623005b788b1a057ba4b2162f82,0
3481,1320869220-d8db3aafc20d1f4cadbf56c8e2847f1d,0
3481,1325635080-3124510e233422e4ed4325d3fc93561b,0
3481,1323371340-1b8c193c0352855866791cd4bbe18924,0
3481,1323268260-db2bd32f3ebeeefa0a0dee829b08818b,0
3481,1320598200-88a275c9407c43824218575cc1d1eda2,0
3481,1323656520-215c6d5c24627fc00af1d6f0cfb613d0,0
3481,1320563580-2db29a689ae5aa5663dcce57fcc7a6de,0
3481,1326183480-f20b8763a231aa0874df46f30bfec627,0
3481,1321106760-dc60090aafd3dc81b8b3764898d8079d,0
3481,1321168740-5d1789f1b3fd7ab8524ce59fa44b3494,0
3481,1322563620-0ebba49102051f0189c95c91fc5dac37,0
3481,1325201460-367a999d9dfe2224c48d5bd06cff799c,0
3481,1326159000-1c2d71d9f807a727a0dd31f463a14bf2,0
3481,1324467180-f5958293b52a5a22e9229b8d6aaa8a2e,0
3481,1322788620-3dca22515fb465b7df80f51b3bd39981,0
3481,1320637680-d00b25d46cf8c4d0a07d05f70bece150,0
3481,1323047160-7d9bce340ad94f02745266d0d20341a2,0
3481,1324478040-1c36c4b2202ad0151ad8733fa1c02a32,0
3481,1326212460-4dd1227167836eaaa6cb7d712fd5bb56,0
3481,1321975080-5909b4f5dc28ea9407828fdc175f7061,0
3481,1324605300-181c3b5e47013bb5a3a623aa5f7528a6,0
3481,1322440860-838c3040ab112b8f587748b7c2d85127,0
3481,1325263620-be42f9313be5329ee6afdd6b156cff79,0
3481,1325398440-dc34eff226e57ae8e3ca7e1d9b97bee6,0
3481,1325021400-300ace5149f38ea4ada75d54f02ea8d1,0
3481,1320903600-82d493320110c668113787ac43dfb4ed,0
3481,1327653540-01faeb089107dfa14e5208d0fe1f82be,0
3481,1327880640-557dcc6410ee48cc41e85deb3e39cb5b,0
3481,1326848700-1074d563eb6a2865084f79d40acb13ea,0
3481,1320827580-2aec675cc8e417e743daf85c73d5616a,0
3481,1325440620-ccfb332440ab2cf81357ed44740c0d91,0
3481,1321170420-94f9a730022aaffd8993c6daad0940c3,0
3481,1326652560-398ec5e6aee3fbbb632c3ee0a1e0e019,1
3481,1321889100-a3bad5ef00f03117345b48c3ab1e8caf,0
3481,1320713340-381e0b9584efc7e2ca65b7edba5d1cc1,0
3481,1325883900-75ddbb53113a2837c0e55b3518785956,0
3481,1323979260-ae46d11d535bc5beabdf7a31caa0c33c,0
3481,1323899280-c296b7ca7c02a917296c49fe9467c5a8,0
3481,1321518120-94c0bf5c83976300b7819a4ec84312fd,0
3481,1327432620-56f4e7c7704e25cb213366cfc50b5afb,0
3481,1326581820-35805e9a8f1de2792b7667d4a4a5efbc,0
3481,1321328520-b2ad7df1785e1927f9caf9a4a6ff206b,0
3481,1327806000-998985f074d6584e91e2fc04d01e3ab7,0
3481,1323189060-8abc7e7d0edd0be1f361cd6d72c60526,0
3481,1325683140-64fbcfb24ddb76105e39d3283efcb08a,0
3481,1322773380-d0fb30991ed7f6dcdb59c40223a18c33,0
3481,1325799720-22b83062ac7abfa77bebf2bf03c017bc,0
3481,1328044620-7dc9bc4d4d98477c3552221bd876698c,0
3481,1327541580-1044000ffd27981a2ce6c46781d8d5bb,0
3481,1322807880-1153369945a147a14fccf63c35e18e3d,0
3481,1327842300-5ace6302bbd88770752867fc317071b9,0
3481,1327609260-03d6fa9c7e1189e12750929a854388e4,0
3481,1322461380-a7941d787947e47367e594e96fd51058,0
3481,1323794760-806313defcd07342d512256026ded4f2,0
3481,1322248860-c2ed297d30dacfd9a195c5dbb76441ff,0
3481,1324023480-0c4fed1d81ef49e1edc5651aed33e0bf,0
3481,1325657880-d8e4bb459651a169f43663ab7e83d75d,0
3481,1326175320-45edc46b0af2ddd90644848da2068fcb,0
3481,1326376740-de1f844ebf5362dca2a37cf4f4d2a54a,0
3481,1327558680-726bd90daa2e54ecdc518c31612cc07c,0
3481,1323034800-83d8a463c536ea5e7423789b594c2607,0
3481,1321270500-929d4284fce41ac19e37dadfc06df4f2,0
3481,1320872400-d007c34cfcb8a12866d0b8c044234766,0
3481,1320174660-4e9abb5967ab90edc5be6b43b12d1587,0
3481,1323754020-5912dc082672ef955fd8e53dd214096a,0
3481,1322639880-bd141985f2072abac1ade462493d11e1,0
3481,1327345260-accf9106488a1870d26e10f6bdb499ca,0
3481,1320224940-342744ebf390d70d1f75f81a1da0928c,0
3481,1323718800-defa4ff5eaffe86066c06002dbb1d229,0
3481,1326980700-5fed737e7321f40bd0797b880f0a02f5,0
3481,1326793140-75b3f973acd36b0a850453ff2a6ffb0d,0
3481,1320219060-5c04fb92f44c11a4494e80a25cb68ebe,0
3481,1322402400-07d5232baa56703e062fc03b66b3caa5,0
3481,1321520460-116ca5638bbbbbeb49b6c04ae14f564b,0
3481,1327534500-ac1da2ab13f0d14913dfffd7680b29e1,0
3481,1326559140-77cc728f685f8d8606a972348e76fe49,0
3481,1326652680-3a07fe7304e00c2be68bc5142082ce10,0
3481,1326616620-b0e91468851d3ba20f161a6eb032707a,0
3481,1327090200-a50fb7e6cd2e2bd31a8de055cfd73b97,0
3481,1324152480-a4dc9eddea765df5436ccbe4a1558648,0
3481,1322755500-f433ad471594b2fe2f6780401846f3c8,0
3481,1326869940-fb887f262a43ff84e41eac66698895c8,0
3481,1323296040-99cc32194d3de6a69b1c3d250659e816,0
3481,1327479360-892eab8eedae461ccd0f9ce496430371,0
3481,1326379680-889c7f4a31bd41c5ece5e217b96528ae,0
3481,1326019620-13910ed5c3a7184f2b4199c3ca7daddd,0
3481,1324471620-71362c8f8f536a1e85057cb133a16aa3,0
3481,1323650100-98014b50e9b87d3d970090be6eb186dc,0
3481,1323228840-cc516b5f14190b16053d32b0b9162e49,0
3481,1326177900-aac4ed5a046287a6fc69270b6135b198,0
3481,1325396520-888e23df8cf8edb0f53a4eca260f31ae,0
3481,1323981240-f423a7521cc6f99beab46cf9a5375510,0
3481,1325149560-3770a411f757abb7a4aa96886ef0ab83,0
3481,1323630060-d67817df36ae156978660553a991fe2f,0
3481,1322841840-a9db8d32ac0b7f16dd6f86f7a4c1bd71,0
3481,1325182440-c3ff7a2bffdb7be25a4525a0d2e1d005,0
3481,1320892200-9cd5d497894f5e31088fe11fa04e6661,0
3481,1322125140-bd552005c3344c0fae63712c8f938a31,0
3481,1322461380-265d4fbf62cb475cd64c1e67f8730673,0
3481,1323610080-2434f489c878ea3271150a2010e10d57,0
3481,1322890440-bc6280452b160519ecd4c58db3728d81,0
3481,1323701160-3bca0792cb41b149a923f2798eda3c81,0
3481,1327800240-9bdddfd30eb9af992d72bb8c8c7023ee,1
3481,1327821060-a57939beb1ceea210fceccfa05f56489,1
3481,1324402440-0d551bd7f103a4f2ce5d66177067724c,0
3481,1323363780-76cee0b941ff5010d0756acaa1b815d0,0
3481,1320554820-124e2008734c0893a7f5d8d5d782d97a,0
3481,1327550400-2b627eaa322149857084e2e2998482c7,1
3481,1324557120-083cc326f340db38f91a41b42e63414b,0
3481,1321162200-77e970a52938bd24837cf61867166ef8,0
3481,1323898800-b6bc7f46278b7de6ff480509f4c065a9,0
3481,1324048620-a5328c57ec484ffcfae6008ab3debc59,1
3481,1327199100-8806a6a8fe20d338233d2939c212a1e8,0
3481,1326400140-a16c31d90e527deb2db3c61565c4d67e,0
3481,1323340140-03943ec7dec4f212af05d200406538c4,0
3481,1324095360-c654df9c1123b6743fe1c0e2e06cba79,0
3481,1324584780-aeded56f5041f9ad38d674fea249f929,0
3481,1323507600-0b84509505e9271e54c7bed11b26fc25,0
3481,1327945740-893197847e7d94a681a9a04041f0516b,0
3481,1324970640-9982044d6c16c5fddf7f2f0bcbdd10b1,0
3481,1327528860-5d6b849f7fa0abba13cf9e15c575f0e9,0
3481,1327405740-27c775f1a7cb76946eb8e8c154b8d2ed,0
3481,1325021460-fd678f03f4d7d7bd73c1637331d5fc64,0
3481,1323382440-44154576915e720dac3f57513fe4bb21,0
3481,1325250420-438c3b88d06d12942f43f8e8208212d3,1
3481,1325250420-701779ca3e137260ed71afe29fb75eae,1
3481,1325241420-060916c2c30da8fea180891b83cfe6f6,1
3481,1325241420-7c8917c14813668cf6c7a80ba8d2be5d,1
3481,1323192360-9b2ec9ad1c9a2b730d1d465042eca798,0
3481,1320628080-3278a0e420232251cfe4695e680f48b1,0
3481,1322967600-d1a0257b2a3beb4b88cea1ccdc0949b2,0
3481,1327078140-5957277607f7394c93553680c1a7529a,0
3481,1324560000-8ed912666fb81bd4c166f0801379bd07,0
3481,1324752420-2227a2876469bcd71ae85e575b29b5da,0
3481,1321427820-9f3b07d293a8859611bb68fd3647f676,0
3481,1324285920-3c1102ecde4bd7e9cfdaee47e7acc9db,0
3481,1323018000-6e7df8e3d6bf5ed7435487684d177fda,0
3481,1320861900-0fb50cf3ebb60f36c669b4e7442e21f0,0
3481,1323215460-ddc6199888b5dbf4b2d7123cb1a6f5dc,0
3481,1324190280-2be0f267b3d1f31e9e3cb8712cd28cf7,0
3481,1326129360-d915679ec069aee4a5b08d040c3f703e,0
3481,1327933140-05c67feff9ee9c1fbba34f7c3dec3f3c,0
3481,1324611660-317c3a7660e33e7e8d8f6978d9dd6913,0
3481,1324083840-3cd59eb47bc8b35203c56762e3adbc83,0
3481,1327531320-b37e4470ccdf0f822be28535fcbbb593,0
3481,1320918720-9a6f84e9f38c9eb8dd384d4a52951616,0
3481,1323343980-120b669d1634c97ca2d54f59103fe169,0
3481,1321695780-76aabce1957a64f413c513d48b90080a,0
3481,1326803820-2cc2bc9a1661f87156cd053fc1dd048a,0
3481,1327862220-5fc6b2468e2c5c2b5ea1102272116497,0
3481,1322927640-669ad13032f97f8a84a4ffc33aa8d728,0
3481,1327453380-ac1a77daffeeb9ef574c082c9882a4c6,0
3481,1328011020-72334b2e0083699266454c4b6d7a75a4,0
3481,1326926940-14f2e6033f3c1b2f5db306b5a63a88da,0
3481,1326771000-6ccf5a7a237cb70071812151944bf3a7,0
3481,1322713140-4adcb1178f9a4810aa965889058ab27e,0
3481,1322461380-d0ce3666d2fdd14a90b0ca09546a9958,0
3481,1322498460-c23a2c91fcf27e3f58c9f410aafc1a49,0
3481,1323662040-07435e32f9f47dc299d1b4818f4d95b5,0
3481,1325294100-59530a0842db1daa89133f7120b85d84,1
3481,1325406900-91cbf309f1190c97a4167cbbff1adc80,0
3481,1320553620-db3414f48ff95c686b531c30cf7518f0,0
3481,1324700100-5516aadd8b65820a5211836f360e957f,0
3481,1322462820-381561d86f2c5ef8a3c87b45cbb017b8,0
3481,1325203200-dcd5c461c454d92c0bf0001c58de7b22,0
3481,1321364760-6c7b91c48186a845d3395d6daad0cfc1,0
3481,1322595180-0b4e03bb3c275233171c9845733c1a8b,0
3481,1324455120-88c7e56da60f03a8369c78af48b84e65,0
3481,1322738340-9e9c7473738f652faeabc2b76588b506,0
3481,1323529020-44ac7807854b3f8689b2372a8c9796c4,0
3481,1326233580-6f4bb6c23a29e3cd79cba2577836d75f,0
3481,1324045800-d11e5211e1f7956ba91255b1d8327080,0
3481,1322255220-ac7114df7b8426634685c9afb82729ce,0
3481,1324963980-97b2ec5a25fc52b0d500796db8b2a055,0
3481,1325484300-58adc8f38a79ac9ec592b00cb8b05306,0
3481,1321240860-02a09da55d84f003f1a761aca01ae1ac,0
3481,1327423020-9d7779bd0234b434e7d29fdc168ba714,0
3481,1320910380-18ae9fc74e3a8d96474cef0dbce43874,0
3481,1322623680-67dc1cbc1ece1911e3e2a1b2268e7da7,0
3481,1322099640-9d0473cd9917d4b94498bbed605ff575,0
3481,1323580500-218f40f71c0055a4987c28d8dd5d7e3f,0
3481,1325578860-b683de5ae0142e7ec7648b8a320a9425,0
3481,1326562080-18394547bece32ba8d7e1ba86910bf86,0
3481,1322179020-4bbe159e0991508b4ad20aee51bda197,0
3481,1325750220-65d4155d73231ebe45ff75ef582ad8de,0
3481,1327528500-7135fc219c7d1bdb305f950cee79e93d,0
3481,1327945320-f4c8363e24d7cf2dd614b8ac95d9fb78,0
3481,1322267220-813c0295d1d76152fe3bd407e153d4aa,0
3481,1322644500-c7e3393bde80933e485dc1f8b9fc1d2c,0
3481,1326147300-54415bdafa8dc67dbdbd23111778e7fc,0
3481,1323252120-a4fe71e001328f765a33cea3dc1346b0,0
3481,1322226480-1bcf3bf35896696636d3525a7c2131b9,0
3481,1325515800-cb89a0e269b797fb1be902cb0a4be328,0
3481,1326345000-f330ceb204e5e084fcbd7db4840f0c23,0
3481,1321433340-96b9604ea2ea51a955bf217a06b5ac81,0
3481,1324045800-4ea8f2e692ef557db233d54526e3efee,0
3481,1323758280-d8c9ed7bd5e691d57d1243889baf61c9,0
3481,1326294240-f0d161cc50659800bd026dae13a54bb3,0
3481,1325212080-b29f9b6cd8946897bb409e0707560c44,0
3481,1321882740-60925c413d29f5a6f06033ecf2514699,0
3481,1326098160-7673f2d55795dc869ed2969bda45674f,0
3481,1326538860-1f2c40a2b95fda9ab848dc7e280ba4ec,0
3481,1325872440-f30f69907c2820ac089e3957eb638dfa,0
3481,1327695960-2287406041baf7db70a4ded45bba6727,0
3481,1320567360-28f961b932a0913e27fd83d56bce2965,0
3481,1320722340-2522dd732a374ff5d7413d3826f8107d,0
3481,1325711640-f067058b64be6b0eb8e695d0862fc363,0
3481,1321366380-b8d15e8f57e3483bca4ac39b41dc56b8,0
3481,1326788820-6af0669c67ea6688776228486ddcea3d,0
3481,1324317300-4cc42e94abe2bb745edfb8e9ff06a737,0
3481,1324063860-44e8c88056801f9a2aba90af771f924f,0
3481,1323689880-a6c40938a7da0ffdaf4ddc68bd320356,0
3481,1324996380-81c50b47f3ef44fce4b72b3aafd03001,0
3481,1322899980-8f73f55bed3565f0746b643b59e49a34,0
3481,1322934900-317582c7bee66b2e4377c3421c3cde63,0
3481,1323815340-25312e4048a763c9806c7f02b03cf060,0
3481,1325262120-ca20f0e0f1acdb0ce1ab986664796541,0
3481,1321604700-48a19c6b4e79bfb7ddb24b4450e92e27,0
3481,1323208020-a9ed6837b8209be5844a92eca6ad1ed5,0
3481,1323802620-f11e419395087cb2c2aee285de73008f,0
3481,1323372960-386f4d8a260a3777240d127110138698,0
3481,1326805740-d10a6e190615d735ab570ef80fdb9316,0
3481,1326208200-9cb40c14b76c4af29744ef8b8939fcb9,0
3481,1326223560-fee707d83c49f71448c5c05ef5e598d8,1
3481,1321549860-8ba75cd17e5fae53e11b86089c3645aa,0
3481,1327593840-ae52387c93413dc26b25304f309df99f,0
3481,1327783140-063f1725e2af0ee8fe53de38aff364f1,0
3481,1324262100-5f5eb64eafb0e01113ad737a0c66091e,0
3481,1325967240-4e1e72dacb4780ad707c8dccc6cad676,0
3481,1324066080-01b15c108dfc4fe05a7c4be6ec24eb5e,0
3481,1326288660-0e93cef280a97a5ca21e3a83af45aa4a,0
3481,1321512180-12fe0847563ba557d824ea0b37716f7f,0
3481,1322733780-8b9f096a77d22039c714183e1bd18c00,0
3481,1322783880-c7d2e0444a6ca685d74cf373b098b306,0
3481,1320436320-a7ef5ce48e9a9c501944b1486a6df8da,0
3481,1326822660-4a24a2b42c0819e3f22e94077af14d03,0
3481,1321313460-26ab9b604854be43c21bf532b312a441,0
3481,1326496620-52c46e7df4a4585e004cc134d547eb4f,0
3481,1321456800-04d86c1693dd7fb084220df4b357d2e1,0
3481,1324109820-62237a05227fa296e9ecf2b7701ac781,0
3481,1322413200-2d035a15b12af92f4d6a779f0b956a15,0
3481,1326968100-334f89df92076baa8a9e6aec0fb3e603,0
3481,1322887500-f052b0b4fbeb72adfed1022cc5de4e6b,0
3481,1321296060-c31e0fc4901d1b508638e640e728c96c,0
3481,1325994240-79d921162001cbae294d87fdbb7cad7c,0
3481,1327335900-b04c309705ee66ac2fec2c6592063af4,0
3481,1322523900-09085ae661b53542a80faa682ea04ba3,0
3481,1327791000-7a45010e53d4a5c9a8f85b3e555f40a0,0
3481,1322461380-3a07c82b32fb02e9550f04e016e8da05,0
3481,1325276520-32c76e547776992e4d485ee20017c8d0,0
3481,1327576680-7348139af27051348f15814fde65ce21,0
3481,1323708660-bee5fa5a0515766ffbfa30a965545c62,0
3481,1322594520-24a014a09b2342049fee4a2e9fd0421a,0
3481,1323870060-6776d980ed32f27b4d48f21005df18ab,0
3481,1325440620-c9d1fbe7ce2a4278da0020d9d1f9b07f,0
3481,1326730320-9e5a7791600640f492e5e8a664ba604a,0
3481,1321410780-4f23309cfc1b319f2518888c418c237c,0
3481,1323084900-8d21a595cc0b973e75f3e9a2fa9f6470,0
3481,1320680820-c8aa615cc13f4b66f0d379009f20af1e,0
3481,1326621480-1ffbc2d735a41549f86a1ae18e9bedfc,0
3481,1326322740-cf5c0f707cb55e9bd04464951408d365,0
3481,1327423080-a1abc043651a33200dff0ddeb8c2038d,0
3481,1325925420-a62caff01c80c6fe1c93360619008414,0
3481,1325578860-c92e0ccdaada4343466284178b9e6c30,0
3481,1322461380-4077b1ef923a18923385e91bf4480ee0,0
3481,1321319460-f2629d1008233a3bf1d4e52ab467c106,0
3481,1326693600-fe22d066672027ad41cdee218c652220,0
3481,1326699960-46e2e5672ffadd3607b1d04624dff3cc,0
3481,1326669300-8351490ea8fd68e25a462d7aa770b664,0
3481,1322579640-346d7725c718f9e4e3b1c734b870364e,0
3481,1322774400-b8b58ae3cc7a07afad89b9372d91b113,0
3481,1325621340-0848e6aae767817a745e75eec82e1f0d,0
3481,1322064600-c5e6d6676311d8e2307675943b58b822,0
3481,1322293560-3da576c77c3a5910eb45df9795a693e9,1
3481,1322897340-9561aa0471f08ddb246f66a1d2a622c5,0
3481,1327822860-a15c2184a1ae48768361154bab5501a2,0
3481,1320439500-cf5b778ad41de2746d1fa102e3329e6c,0
3481,1324887300-36a3fba960619da853682d102ca7c96b,0
3481,1323447180-db03b3bd90e6ac6de4d2000d4fe568f1,0
3481,1325666400-a51c81a282946d75982195e064dcad29,1
3481,1321895760-f2a62d15dead0bf13c3c691a7d8e08ac,0
3481,1327496040-254733b64d7c7cad7a277560b762063b,0
3481,1320729540-179d9957b8b80e51a71304c8327bfce9,1
3481,1321259340-8beab370c1704168019bad091cdad50d,0
3481,1320811320-771f4c0fc0966fd77057b8a7a1d08f53,0
3481,1326275100-33395f41a2ac86c06d86fae3e4c6746e,0
3481,1326135900-960280660efea3e3b92408571d397dc1,0
3481,1321236780-8ccdfceef968e2f0e06ad4564086697f,0
3481,1325661300-d25cab05597e597323fc12a0f3fc32c7,0
3481,1320779580-9cc6d8f9d64ddc94c8665f88f1e12d75,0
3481,1325402640-bb222baf1b60f59192055c0eaa9a6925,0
3481,1325313480-9c7aa357f49f39306d31b56e60724c83,0
3481,1322612280-b0c851709c17b27b9fa1716332e0e966,0
3481,1320996360-7adf2770b4d28424f20ac0f193a9e259,0
3481,1321378980-94aca96957a22a8be1d0d34353a97873,0
3481,1322286120-48114fb0c5dab9ad056062b830bb8b6b,0
3481,1325258460-2661176bfe226df2c5d0aeab1220c92a,0
3481,1322802000-11c648d0a081439781543912e5062bc7,0
3481,1323988560-714665bbe108cb483e60a3b71f95f2b6,0
3481,1321259340-af4b58ed629c90c1dbecfd200be7116d,0
3481,1325195940-73593b120549dc2c59eb67b3ab0e417c,0
3481,1321972200-c025411fe5a83012d90a07f2b2900536,0
3481,1322520900-44085135c8816d3e8ebd7e3a1710e9c1,0
3481,1327069620-a1593a97f026c215aa5fbe6db7b85f41,0
3481,1326468720-6f51724bb5edf6d347dd2d97b6561d3f,0
3481,1323152400-c4da0c98d3cf943ab2cdda3142330b1a,0
3481,1320472440-cdb29925d2c230640db4170d96286218,0
3481,1324832400-f9951dc652fcf3b3fa03ff5aebbcdab5,0
3481,1322822160-cbce985855d9859cc15b43342e80a012,0
3481,1325903940-277188c3dea5851125985308337656cc,0
3481,1323935400-dadf67bf1f1e8b6c34a5a136f55110a6,0
3481,1323015240-fd4aa71179cacb0fc372c4685edea3a2,0
3481,1326229140-c0742d2adade91d8f9406780907f4b60,0
3481,1325010660-3362516914693fa84b871a3f9b681f51,0
3481,1322448660-ae5cc3eb224c79371a3d9ed2880961b1,0
3481,1322979900-3a387ba9bca7e17f26941d26962a21b9,0
3481,1325742420-9199fa5699162722acfb0cc28019f4e5,0
3481,1321722900-18fe60ffc552a64abe451e66a876886d,0
3481,1320603780-aca5a04399f0f897d92e8b46daa89925,0
3481,1327937400-fda77743d583cab7b9e31cdf7da87b19,0
3481,1324078320-4297f0c8552dda806886d3114b91e0ac,0
3481,1327523400-d19e8b5d978345f922eca7f55423bedb,0
3481,1324607640-8ef549889dba8812f875ff1d4bb72430,0
3481,1326790920-1b2e6b96cab48cf4b7e61f47b8e9914a,0
3481,1326427980-d92dccb31402ca32f65eed7b38046c6a,0
3481,1327591680-17f04a01681666406a9f4cd2850114dd,0
3481,1322043000-61ca1467085c0572d58fb999e02484bb,0
3481,1323826440-07a5a56f87e7751757d4bb38ca3c4b84,0
3481,1326720000-405d81f46d76fe6eea733a1b62ec745a,0
3481,1322461380-6aceac2f9ad67c62253c94accb649200,0
3481,1326009660-7b37ab5b3ff3b89224d20198a6eeee17,0
3481,1325621520-f762faa029aeed255e07a0d3b164251b,0
3481,1328021580-883036f43a6cea29cb4e44739c0e4469,0
3481,1327338180-48f2f6bb6162109fce3eebc21cc1bc5d,0
3481,1325308500-0bfaff9f170596aa9df6de47bc93504b,0
3481,1325026800-894c1d5ea07d0cd26d8b868eb225fd58,0
3481,1324961460-fc12465b275de12a38c10e80d86009ca,0
3481,1326988380-654e79edf5e09643f974e58e0382c78c,0
3481,1325593920-4fcdfa508600e53c04bd8379666476fc,0
3481,1323373020-c4b755cafdcab29473d9a065f45d62b7,0
3481,1321257360-9b2ba7474398009e4292e5978c5fc378,0
3481,1323938760-0038c28cb52fa21c2a9261d0624fae95,0
3481,1323146460-cf2b2c83f60c68fd6b4bf0262c95d0ff,0
3481,1320429840-6eb4feaa170ce43a61074bffea929aa2,0
3481,1322043480-1496997fc61981829393b962c0005259,0
3481,1320433740-df55f342867a0c499c08fd0beb7b7a92,0
3481,1325672280-5313cde0ea79657b2f4b894437ec6608,0
3481,1321259340-55e8141aec2f989f041993e2863ed527,0
3481,1320918720-9f2e18d6cbacb5decb1c7f7aa33a6696,0
3481,1322600880-82138ffa8e684133a8907629a2a3f1a2,0
3481,1327556880-ac09eaa58cd3fb7c41d63180e9ae810b,0
3481,1320589020-bfc32b231aa566c500d105acbb6813d9,0
3481,1325839560-42f81fd25a8a7ae4f223439904335741,0
3481,1324420260-b6c899065444c2497e4b0a3e02d01db7,0
3481,1328054340-32cd1b3a8cf89a2eae616e6d42313eda,0
3481,1321382280-c13c30eebc0e08f1ef20b21b1280f806,0
3481,1322764560-17b56bf949c0f5b124825c2bd1b589f8,0
3481,1325202960-d5bf5f73ff5c00903f8c2474d6f10fba,0
3481,1321369740-712ecb8f39bd8133a81197839a642450,0
3481,1327954860-94a5b818f6bd4d43837afb4f63142e37,0
3481,1320774240-72f4ffc7756c3cde7af823a9c58aff04,0
3481,1323340140-60a923db4eafcf93533fed471f8abbcf,0
3481,1324352880-35b2ba30529a7e3902248ca4a4f44575,0
3481,1327621440-fc9c37a976c5f4d301aa7d40a46333af,0
3481,1320334500-4eb54a03f4a74eda77da50659c89ac6a,0
3481,1325643780-d6f27574b6627bc955a54376afddb622,0
3481,1326832920-f0017507d48088b03d9442454fac792e,0
3481,1323836940-d6b9885a856ad144254d8b038e2517c7,0
3481,1323805500-0e33c901093f4c970676b695599767ef,0
3481,1327501020-288ea998bbaa9dff3f9faae58d55f1b2,0
3481,1324477680-20f064f3f554d195c3b63777959770da,0
3481,1327106400-666edea3fbed2392a907306d20d73188,0
3481,1325060100-dfb1fb01fd38e5eeaf9d904b190ad3e5,0
3481,1324045800-6bb9447f6296c93e0502f08772ea903d,0
3481,1322788620-41c07fd893a6fbf896093c2dcb142507,0
3481,1324223940-3908fa678317b28697e51e01abfe22cc,0
3481,1326757380-98701143aecad053b9cb59f4ba6927d9,0
3481,1322713140-f763a8b4ede67b1f9b3c7b77c9ad0d80,0
3481,1325745360-53455fc323420984e060cbb5263fc267,0
3481,1323486660-583dab35f09093931672426b6b4d5a4f,0
3481,1327030980-f88c5fad6118c8d2fcc571bc3f9cf472,0
3481,1322102640-6342c2907f8d184d19da5823a023219d,0
3481,1324488780-92ab098c15895f3d4134db9ae6d320db,0
3481,1323563280-7f3de66f306b93049714e9960ee64113,0
3481,1327811400-d4f6f90d482276239605fad83a1e30a9,0
3481,1325186760-4a865a9511e17e245944c4203c68f002,0
3481,1326852360-42126c1295bfd99dbbcc129e980c40ca,0
3481,1323733500-fef83fbcf324c7064a7ff12a0e722154,0
3481,1324569180-b1eec1de8a68136ef6cbefc4ffe46e18,0
3481,1327945740-3bd503eaec5a833cd7725037d9c5a059,0
3481,1321373160-2834b809104d3e499f428a0a04f7aad8,0
3481,1326748260-747b277ccf005e99b0fd7e0571a0b680,0
3481,1326722100-a18cc5f542a1355e8c9e25dffbe11749,0
3481,1324371300-413ca5aee4e060e3dcf843727a21f7d7,0
3481,1322300040-9fc1afa044b67269212938123f0406f8,0
3481,1322473440-56458662a58c21d7630857a21a67ce16,0
3481,1326312000-aadbdff57b4c0a3bd2ac804c86b7bc54,0
3481,1326505140-3488f3747dbe5cedf5e8c3b8e6d5ee60,0
3481,1327700460-55c9fec3ab85a377e50cb8e0df9ef696,0
3481,1325321460-7ad7f29a55859d526e2516666e245933,0
3481,1321330800-dc2479ec731680bbcc81d7c36cbb16ac,0
3481,1325046060-9969b1c133aa029722947f86cc9274cc,0
3481,1321509420-59e5a2fd64b02ecc29547bff043650b7,0
3481,1326521340-b40c6b900fa47bceab575c55a4c9d6fb,0
3481,1324609440-a6af1569e3894e2c8c01a1647b387c4f,0
3481,1323264120-aa1b27687e89ad29c96b7e934cb55bb1,0
3481,1327537200-34746c74a6479ef508ffacdab662e087,0
3481,1325022240-25da8034d87293c90b870762b5a17c6d,0
3481,1327154640-f82f8083551c28e3576465a55eadd952,0
3481,1327259160-22b0d943a2191e66200846227c7c9371,0
3481,1326308820-fb9b9f098ac5d95cf8884f5812907fa7,0
3481,1320778860-b8c4d64d8ffbd885aa858b0d6b543547,0
3481,1323996600-373598651ae06ca6007b65870713edc8,0
3481,1327053540-04317940212e89a5df44d4931939a1e0,0
3481,1327903800-0ba1c6c5ccdf82d22c4245252c5ac84b,1
3481,1328034840-9dd318d7eb0512c425fcf14b52afd22e,0
3481,1327959840-30d3019e0c8e54d98227fb281a775b83,0
3481,1326980340-17f43605cc8e36834d4117dafb06f841,1
3481,1328034900-8a1a647f3c5c9881b4fbf46f54714553,0
3481,1326748260-b101c5ec8b9dcce35a49109139eeca1b,0
3481,1323021240-bc04c2ebdc8dadaa63a6b46f7d9dbead,0
3481,1325664960-539994a1439886d1eaaef4c6f16c5b34,0
3481,1327940940-f4de8006191c83c7d8076a67e07d2707,0
3481,1322378460-313a3eb887d1c14835babdc8033e28d9,0
3481,1322513400-61b504278b73e2a2bbd2d098daeecf84,0
3481,1325894460-8521e73a569a05b02c36c4d3ffc6d303,0
3481,1324035120-68f5fb446cbb96646e94986513e734c7,0
3481,1322034120-2e63658000e8fd5e91ef6c2b81005b7d,0
3481,1327387380-fc1a8ffd9159f4170afdfa864441bd5a,0
3481,1322100180-8958ee42288bb8c6a09f881323f897c5,0
3481,1321744560-d7c232868a6d7c77699d5d6eced074ed,0
3481,1326414180-c5a298107a12b70bc9fbaeb4fb9b287e,0
3481,1326689160-a51ee0871e9ae19955c83a88635cf823,0
3481,1325072340-90a9dae254759cb14e781a975ee3ec76,1
3481,1325072340-ad7f64ecfb17e321977e968e4c1fab6e,1
3481,1324330260-3b44aef8a97c93e10f682d9502762e05,0
3481,1327432020-b124eafb52656e41085077ab66736baf,0
3481,1323259680-f8857978ec1e2f52b707a11f704350ee,0
3481,1324698000-6ebb222d4fc8ec49f73ab48c4659ad5b,0
3481,1323315180-0577d337c34e37ece4fc1e807dba5379,0
3481,1321427400-59ce658aad2a22decf669e8c567ad45d,0
3481,1324714740-0ddb71de6b71b2921e4a4a94604aa490,0
3481,1322435100-b2fc7ded3418956d8db804489a06f905,0
3481,1323640500-97ed5e13ce0c96e7f125375c159859d6,0
3481,1323188880-f059267ffa9cc54289525c8e685e9057,0
3481,1326385500-cb17260bd1b3792f1adc49b4ae407e1b,0
3481,1321949460-99800a9451e86fe883fc5c600bf78647,0
3481,1325620620-9acb9578241c7e263a563a9fde72103f,0
3481,1325535000-49fac35a337429082c031901b96a64e7,0
3481,1320600000-a000a4035453d2152cd36df4edeff20c,0
3481,1321328220-ba19d8aaf80ab89877611e45535db1c9,0
3481,1326229200-186cdce82347bae3fae038627c7c08fa,0
3481,1327309320-569437250498eaf9922d481bef4f6cc4,0
3481,1321969320-f3e1723037463b6d10b27d3748cf9a1d,0
3481,1322985780-2e7fda10f2f28f1f6de4364d2f3b964e,0
3481,1325222580-139e049e79997fd67a175960192bf267,0
3481,1323295500-85a91ffe1b0169e84fc06b13d95fd934,0
3481,1321892100-51e5e4779678ccd2820d46a348559eca,0
3481,1325713380-f3fa4da0f4cb8d929e261942d7df557a,0
3481,1325126340-f8a8bc0c3849987c827847fd53034ee3,0
3481,1323725520-c41f8a2902a2b7a50be77c6b69b4caf0,0
3481,1322650080-d195d9dfdcf225589f01292aae2a4ee8,0
3481,1328022600-3560028c329c47284ff82d25e33f07be,0
3481,1327297140-9b71b3227ba2d05723e0f75afb70a65e,0
3481,1322780460-fa68a53ef6640ddd3c61f29fecaaca3d,0
3481,1323702420-f3b7a18d01f35cfa081733197e1b616e,0
3481,1322373000-a850b795a0d5b91cf3a548fec0140e6b,0
3481,1322035440-d2af34bebb22660a7a884f7db4427909,0
3481,1323819300-d5b2c0051f469403d300fffe81f8a731,0
3481,1322626500-c536cdae372ba2170431c04946a3a162,0
3481,1326171300-bde74b3a54c68ab68e1584a305e6eb1c,0
3481,1322663280-a0b3be448f4c86b5c349b5c5ac271302,0
3481,1323128880-0c1462dd1abdb948542e41bdc355937c,0
3481,1323184080-b3354d1f3946d7d19751bdce7ee0213e,0
3481,1322628720-70b351bebbc08d903bd8d2d1aa9ea071,0
3481,1325898180-0087805d5976ba3944bafbb7d387d198,0
3481,1323799680-ff4b657fa97ee4264a0fe61d883a50e8,0
3481,1321608240-7cc849a2c749f65f780ee7974394ceb6,0
3481,1327601220-a84bc51e3e2eb4c5e77732bb9ceb7ba7,0
3481,1325051460-1d7a64af77b6adcfd33ff48aa05b5c78,0
3481,1321389660-a7f7ae18c0e68c62cca6c703566d5b06,0
3481,1327802040-39aa067bf70203ab9ba106318f003632,0
3481,1327188780-096bbc1a7d87250020c08eb7992af7d7,0
3481,1320674880-036b416dca3d438a79b369f4b1b6db24,0
3481,1325925420-785c9b0428b67edc50beee832e83b041,0
3481,1322210580-77383c7b57b0f7ced29af5aeb17d0bc4,0
3481,1324109820-4990f63ed6832aee95cf6e1329518b86,0
3481,1324053180-d972d63e7ad296c1cec315e60b282262,0
3481,1322764560-7229a6e70c2bec82178b16221d3916c9,0
3481,1323889800-cbda661860ad8d91667ca1d41e029252,0
3481,1326202680-14af604589c5167cfb425f80c778e0bd,0
3481,1327016220-7494c385f349e6d8630fe9510da4f9f2,0
3481,1321579980-cd800d623b42f41135918fb943693286,0
3481,1320645240-9a53363e7e86bc89e773e59f47d1d667,0
3481,1323172500-38588cdae67243a624fd62cd664ae1ba,0
3481,1324478100-851aefcdb9a1e682eea23a4f9de40414,0
3481,1326269700-8eadca16a2f9e9428dcfaeae11f762dc,0
3481,1325799720-7b28c5a1eb5879537068521b6a5f1ea6,0
3481,1321259340-af7770f95ab68cbedb0f164959e6e57e,0
3481,1325313480-062dd68570274f3c07054997ec0d0d2f,0
3481,1321386240-a5ff5fa3520f8e9e960134060d4bdd2d,0
3481,1325402460-9f43be0addfc2794af589b06e28502a5,0
3481,1323582120-9a4fa83432b5fba5bc9553ce4cb1fa92,0
3481,1322461380-08a2a05ffaeb8adf2e6dc1437139b3f9,0
3481,1324445340-4c2e72bea9a654357baf60bd7eac4d77,0
3481,1321336500-9813967d4b54fbcc03c90cee5dde2917,0
3481,1322134380-3df4327801ddb99de159bd4095eb2082,0
3481,1320681600-a343ed28ebb4cad49bd93299dcc59dbb,0
3481,1323403560-7f4f89f7c309787f95ebca47f741a19a,1
3481,1320587700-5ae42cad80d7b9b7b0ccb5eea4c7d110,0
3481,1320712800-6be75ae9be8a365c3457c07d3876a2e2,0
3481,1326693180-7fab2954c1e998735a7750372c3bfc53,0
3481,1327121760-0dcc4265e3b78cb8d25e9320023419aa,0
3481,1327954140-21e1bb923388828320c8447bfed1b133,0
3481,1322087040-143054a42334fd40770e55006d333722,0
3481,1321433340-9ed7495443cbcc2aabde5e5161796950,0
3481,1326495180-388227f7ed37a74c103645521725bfe1,0
3481,1327297320-aa975f676b66869b8a3eb6abdca365a9,0
3481,1323765720-96ad6270d61a00edc934c01263ba3055,0
3481,1325161620-99e813bed67df613c5ecb4adb05cb276,0
3481,1326463800-7b61d23f13c87e9d8f69d256ab715b0a,0
3481,1323875580-7f25919e7ff41319d89bb2ecf6a1eed0,0
3481,1327564620-afc1fcbd8bd11506089d6a4127b7ac95,0
3481,1325598420-51437752590113ff55bee26cdf5dfc85,0
3481,1324423920-260550c9d23402dadf9a837abd2caf79,0
3481,1326889140-3ac71e358984747af237997e841010dc,0
3481,1322299200-15e8dc0b049b72f41d2cd1aa66a64247,0
3481,1326069480-75577a76278dcb1b4109f7d4dd758977,0
3481,1320770220-8619a5de85dabe8202e0d0616efebe52,0
3481,1326525180-5648eed83b1708492dca577b6342fd64,0
3481,1320936120-acb65db5e5f0a8eae8431a20e0c46ac9,0
3481,1324636380-2791f60924437a04313628a7615c1f74,0
3481,1322220660-26250a515677edcebef872a531abc39b,0
3481,1323399660-362913141b3aaaaf3e46b7f6a6c05989,0
3481,1323874920-65c62ce0d6b752612841cdbf978d9dd9,0
3481,1321996620-533dd372597cd2600a3c9d36a05eb573,0
3481,1327558860-11e93cff87c49a51eaa92f3e34acea21,0
3481,1325672280-4b351c7ff0a0decc7949978c3a648bae,0
3481,1327127100-37e9090064c692436198ce5f0704f1fc,0
3481,1322461380-f4b3d2eda3bbb1885989a92d15ff7f14,0
3481,1325531340-a5e5210c954d0c95e0ec9a25bdc28f4c,0
3481,1322461380-45e7a5e0ecb192173eb0150aa49d4bc0,0
3481,1321819980-64967a5be992e6364de30ffe15744c58,0
3481,1325596140-99bf58d81903e0ed0c098e1e017f290f,0
3481,1325839560-7165d38e284c8faacb1fd7f1a0ec24e5,0
3481,1320952920-8cd746fdc1e4e169622d581f2ed0beec,0
3481,1322840340-8fd49ab88a26523fb6086c430543f17a,0
3481,1326442260-fab575bb6a979fe0aca2f03b4d048622,0
3481,1327249140-0a17c71effd12ee0e0b38323dbb339df,0
3481,1323269220-013457a4c7d9888f93d6b8b8269a8b45,0
3481,1327472100-6d6967a83735281f9bcfab41101f6fd2,0
3481,1320599460-2741ed36aacc52bcb4376acb9516804e,0
3481,1324548480-90f3ebd3c54b3cc82b15d66c91d7f953,0
3481,1321163520-8534b42f2ed86c305cafe4cacea03e8d,0
3481,1326970680-63c0c42ef71d3d59d453780062d44979,0
3481,1327925460-b5f3a675925fe617a43a6cf3575219ce,0
3481,1324112040-d5d6cb7e9194051adcc6949b966292fd,0
3481,1323337380-44b527567c2e90e947cab61519f3d3f3,0
3481,1320169200-cf22db38055f61ffe87feae808585d9a,0
3481,1325879640-86c71ac631ec1e566a33bc47598c6067,0
3481,1323811680-caf4e0bc4bfd3b5d5abfef1f2f7f641b,0
3481,1320650640-b3cb683029a297189603f775db2efd8d,0
3481,1321949460-ffa5e8cc6b03c5011309ee8035365b28,0
3481,1326806940-4e6800d1a9aad404f99c0299d3fdc394,0
3481,1321433340-5a9675da22f179180b324edf08853a2b,0
3481,1324560000-548d0081187ac8594bd7a96d28aa136c,0
3481,1320251760-c665ef3a6ea2188ca3eb543c0e25b719,0
3481,1326832500-f9efdda310927997ee52d52723e57b86,0
3481,1325022720-31375c3e65b98f3c6189e0cd9a7c6987,0
3481,1325080680-6b4a123213f6960ed1e5cf194a2d14ac,0
3481,1327641660-1f446e184238b85b1e0cd552b80f98c4,0
3481,1324455120-bd222dd47c94eac8741e61c99569825a,0
3481,1326748260-71f66767e67309cab04c85e3a38c256b,0
3481,1326160800-80dd1f468a3274b6aa0acb3acdde3dc8,0
3481,1323148560-8de89691d29130a72f6e6893687fddcd,0
3481,1323713160-cd44522befb01508eb00b7705d161b7b,0
3481,1326124980-63f67bd8c4f6f64f321b90798f662b6a,0
3481,1327609920-016e9b56ab75719fb12b46b104682f2b,0
3481,1326324240-839be9c3fff35726132d7d9915de2f91,0
3481,1327374420-40cb9d06c08b79e58c3c6eb83566dde1,0
3481,1322213400-45bdd32e75f2573e86d6103a46686d34,0
3481,1321689900-559bc17b87ffa22283647a488878744a,0
3481,1320330540-26340c21e1e556517c6e94312d4be070,0
3481,1326379920-7c59443dcbf40ff6bb3884c79ff5254b,0
3481,1325028900-1d62612f90f968e3d3062038c75a5406,0
3481,1323092280-14eeaff7200f46a2db848d0bd9043ff4,0
3481,1324604820-dde61eb322de577c94ef2f7bee307a1a,0
3481,1326748260-470c5e3aed54a43f47e556d0e8cd5dec,0
3481,1320694020-75a6451a363ab38e1616bbd83a1a1116,0
3481,1325801340-a8193c9f486d78df56a5d10c0d5f056a,1
3481,1322620200-3c686fceaf4375d62c63adc140575d2c,0
3481,1326790800-cdbe71457bca77db7fda2b4a64529d77,0
3481,1325927520-c9e33fa9096c586914cf34f52655594f,0
3481,1320810900-b0ec12341f1400678b9da56b5ef4c7b4,0
3481,1326150180-451d696dd5a9bdf2f5c3f60fd1d51990,0
3481,1323050940-95223a77acfcf7f2a3c78b50fe60e744,0
3481,1323375300-ba8c201fb5c68bd4b85ff148dbf45107,0
3481,1327093860-9273ee44c6763e6b9a70057f956be31a,0
3481,1320595920-d7eb8b1d1fde52de7ed00d7f1e66bc10,0
3481,1321331100-10c7372f6dca58dddf981522874a38f4,0
3481,1327903140-f4f09b284601fa95696a5f81fdcc44e5,0
3481,1320959520-cbbb4b3028e136ace92870897edeaff2,0
3481,1326050820-24d84ab6d653233950a2286f9312f24a,0
3481,1323459000-49a02b9f7d8786db79c8c5ab8b1cc8e5,0
3481,1323704100-0c9060f75c9ad479dc0fce2f9fa7ed32,0
3481,1323122100-daeb61fd792f029775ccdf52c993c3ab,0
3481,1323893880-39edaedd7fe0c7a376d672a5d52577b4,0
3481,1325060160-932eb9297e52698e93dc2550ccff77d2,0
3481,1324062720-995bcfe5812f8573c7a1208987d1604f,0
3481,1327123800-ab8ea8d7f75dc83235418920f9a90e70,0
3481,1326978540-0e96b1aced488d67eafaae88ac778eaa,0
3481,1323213120-26e3374859ccd3e1c48feca19106458e,0
3481,1322037540-f7171094d54dfd422503caa22ff1564d,0
3481,1327931280-cb2ea67e17dc41f65f46ed42cfad2f2f,0
3481,1324603560-dc4c65a33043aa107fdfc27a1f7ee806,0
3481,1323903660-03f2206de85e412f1bac20fba720caf8,0
3481,1320199380-354a534e47a53e0cf3b7c7474e6fce6e,0
3481,1327700340-fd2102ce8ab3385b2c9f995695d5daca,0
3481,1320305400-4f50889943642575bebac83b79c47882,0
3481,1322650620-a3ca5f1303e86d47d9259176b66bd276,0
3481,1322700120-95651eee9d22105d002c5568a3db6a82,0
3481,1326815340-6da86a4f5a81ccb666e12048efca963a,0
3481,1326839880-f0132149a1fc0c5f13bb320024d3988c,0
3481,1325650680-c365ce6b9b423957bcf038f733fd82ae,0
3481,1323706200-1f6794b35e3f4e6d449d826c33b18311,0
3481,1321627380-56467dbf6854fa48f4e54a0edd8bf72b,0
3481,1326517800-c753f953726f22bf7484a10d7c727ea4,0
3481,1327210740-1da824d4d4ef41620849884aa641fe4e,0
3481,1320865140-1897a4d1de5b29ef21c7acbc87372c2f,0
3481,1320421920-9e7a857417d09d6325559680e7be1969,0
3481,1321167960-9d48e4b47996b573847ef4ff5569960c,0
3481,1323631680-6c7bee506e0bd643f299d42dbe9542f7,0
3481,1323302580-1553ccdb2f68d3a173ddcb2ba7eaf837,0
3481,1326289140-51c3336b2ede7dc8a24c19483a7a5f4b,0
3481,1322262600-97da3c3591a7b218084cbff1e3f5e117,0
3481,1324699860-aa0fa63a2f63a125d5d0122d730b9f72,0
3481,1322868540-6c60f93bb5902387e68ac6daa8f8c4b1,0
3481,1323332460-0a15998375cdbaf77fdf3e3410e08085,0
3481,1320827400-f0dff6dfbad21ba0f9fc3f62ae090858,0
3481,1322230380-011d8ff73a459cc22c238929ebbc3baa,0
3481,1321771140-c73f0b3f0dfd89803440b1b52df6ea0a,0
3481,1325597580-9f2d7502b4d78dee017da240ee95087d,0
3481,1324874700-dd4ac279379b1b276be3fbb5deb31579,0
3481,1320784740-8a06d26b8d1e9ace405cb68a45210794,0
3481,1324281600-7c1923690af316e181e9ffd4408d1410,0
3481,1325604060-bb18dfd894751d41d9f5dca2685771da,0
3481,1325038740-19fb4bfb42ea5fba16e51ba88ce7ee91,0
3481,1326473100-99b6b2489c0e6f69788afe3fe7ff18ee,0
3481,1327125180-3d5f067086d3bb82423be5a12125e990,0
3481,1320482580-6f7851a1fc4cb13cbce025fcb5f1a92c,0
3481,1327369620-4d21e218c662cfa530014991dac53f25,0
3481,1321422660-1fdbee76bb01c27ca08d835592df3ffb,0
3481,1326155400-7fa1ba5c6119f114d4082fabc40d6b3e,0
3481,1326748260-36333237f169690f14d85e0a9b042791,0
3481,1327624560-76814743226422a0e908b278aacc6630,0
3481,1322752260-23152bb063fdf17784d01cfdcea72fac,0
3481,1327608960-3add4149fadb54e546be53bf6eb3686e,0
3481,1322033820-6cf0e26b619ad6fe32bb142a15951837,0
3481,1326851280-4dc796c499cb0c4581425b331bf1a2c9,0
3481,1327826400-4229bf4738403e11954b5f0036c8b315,0
3481,1322086800-7a861af9b0fdf639912da7d903c32301,0
3481,1324668840-c04b387f0e199359ea496a9059b2b0d3,0
3481,1327607160-cd3df8915d0c2f3ff4da33bda2de5289,0
3481,1320474960-fee7087d40c930138dba28c1c03f71ef,0
3481,1320849240-67f9daf56b488b6be2be53c3c159b808,0
3481,1326914400-d5743ca87f9ad1dbc5617fc4953fa4e7,0
3481,1327359600-02b9ce064ca021330c878e38af4d5de2,0
3481,1324328460-6224f000c9ebf3c23725525771b080ca,0
3481,1324008000-7ed1497292fb09a53266930ee720893c,0
3481,1323818880-fa5c23bdfae62ac106a04e1a2e1a706e,0
3481,1321889340-143ffc0314df1b1a91af95b946a72f57,0
3481,1322123940-f3b86b9de0dbb9fb5f086b33425600b5,0
3481,1325055780-07550166060d2a94e853b86a9917e57a,0
3481,1325262960-2dba799723256a8d8b7ba09847a7ae79,0
3481,1322461380-69d9cd3c0e571f46cd3ad3134ff45429,0
3481,1326689160-1a53296af3b0733842f5c33b6222ca8d,0
3481,1326949800-adf7778fd82e0bcc9bfbf9baa6113868,0
3481,1321315380-53e2e9cabb3dbffefd01952aaa76ed99,0
3481,1325319660-185dc3466b7204778b078e1a4dc236a0,0
3481,1325713200-0c7d1260a587e0ae284738e6e7e9cb0f,0
3481,1327090200-19770f68858962ddf7eacfae4cd9b1fd,0
3481,1326232320-9a7d583fa71beeb589f3913f3be16fc4,0
3481,1326748260-74b5b9a05250015714ddcc1729c47cf3,0
3481,1323102540-fb5023e493e7e52ec19f88a65017b97c,0
3481,1321016100-0468512315cfa540eaa666fc8d179415,0
3481,1322146260-62d7f9fd1a833cba4b093803e375fde1,0
3481,1327886280-9f9d72c0ea7d96aec9eec510d9e92b9a,0
3481,1327016160-5ccfdeabd96bed9e606b712c3fa2ab17,0
3481,1326826920-b6a5988b3752147722a808d76c57ede9,0
3481,1325562360-bf2b8e54f3b7f5d0e554a4f4c6f3beb8,0
3481,1327816620-0cef4cafaa081838b4b679a153976c6f,0
3481,1322094060-cbbe51f940df780e057674686a86526c,0
3481,1327701240-74c40340d1224526214718167eddf505,0
3481,1321204200-d709c546a565f7c658fd1f82acdbd5fc,0
3481,1327727700-155dd576f0049c1d8cdff17270a28fc1,0
3481,1327722900-4148ee0a3b7b9bd4c5ccf1d4a775207f,0
3481,1325629860-37c17820055e496e06cd1e328e7b8ffa,0
3481,1322483400-4c87ce1cce4697cfeef6dc3ea0ef67a6,0
3481,1325836560-29866a869ca5d49883d9f654af449781,0
3481,1326877860-f4fcba25f1d62d4327d68806c1ea0a3c,0
3481,1327477260-d706711f6417c1d717c1515324a3464a,0
3481,1325744880-5a4e336fedfb04ea5a0bdc45df867dcc,0
3481,1326997560-a1591c11a696728a748d3f41594a937d,0
3481,1327576260-299737ad969b9924c36ade7d049a449a,0
3481,1320731520-cda5e7fa8623ceb9be31a7b2d203bdd9,0
3481,1323850740-db0b9e9ef7b94223278e75f817f9e1e0,0
3481,1323338220-917f71a3e421261c6ea3c6691463569a,0
3481,1322591280-3b93f3672d3e1d3028130ec069d5b4a4,0
3481,1327597680-d180b60f52c781ad781cf9f5570b2f0a,0
3481,1321934040-803a9d5ae63c479bdf2b49537ca57994,0
3481,1323174780-22ad7cc5063f79ab6b67d13c87642e82,0
3481,1326101700-6a850a032fe221627b4efe027b64befb,0
3481,1322795160-738d52164255508bbf8ff2ebb0e01648,0
3481,1325582760-1688c6a370da119f8f03ad2cdb66f4de,0
3481,1321905540-1cae6577d8079e3b7de0e63336f38d56,0
3481,1327323660-62a77f9ac0d268854cb5b49288e8bf36,0
3481,1320890160-dcb50a3b9407c865e60d09f89e1dc63c,0
3481,1326310500-d5eefd920fba170b1ea6ccaa9cc31cc2,0
3481,1322002800-d911800adbfdb02451c852730089713f,0
3481,1326331800-c90c331952762d6e7fec5b9525801612,0
3481,1326097140-f44afe9939ebe2cd6dea116dcfd82860,0
3481,1321311720-72f61c44fcd0492f373e54025c8cd27a,0
3481,1326407880-552ea3e5dd3685bd5e652d2507bb7c64,0
3481,1327486500-a6ac5f250b6f6197581ed5b1ef42d6dd,0
3481,1323983340-4e11421020aaad7770c820a18e629c25,0
3481,1326151920-cd9a987179d8915d51e25723c1980166,0
3481,1321326840-5ec0bc12e8a91a54c2546e86c6b85e68,0
3481,1320304980-a5bdb08756aa8c0d5c755d2acface985,0
3481,1327083780-6113fdbf7a1113a83d1487bbba8c4ee4,0
3481,1324344060-96ddf6cdf7a05d81a171ea7e6248630f,0
3481,1322749020-b5e8fea7386b0b4f7c515fe796ad3d5e,0
3481,1320312660-51c02fd5a1c9e89697fbb10949232562,0
3481,1320851340-977e9b19dad9610d193c086b6a4c11c2,0
3481,1326866400-5fa6cb0aebf0f726525ae5c2a3a4f9bb,0
3481,1323364260-a10e2f6d5c59128f000480039ea4b17b,0
3481,1327392660-28a89e5ac67c3ee9722e43f9e610ab1e,0
3481,1327936980-379326a8e87ff97c0c71df53db174051,0
3481,1325703900-692cce6e25eada8408899637b3a4a17e,0
3481,1326078180-58c298dd565e8b5f4eeac52582098d72,0
3481,1327918560-47b7223b7fcd76d6af1fe51f89ee4f67,0
3481,1327597440-8721900040e9579efaca37dd6c23703b,0
3481,1321607580-2853b7f923caf94e57ed08b2f5e24b8a,0
3481,1325440620-78fa3daf24073b0673afc4d787400f89,0
3481,1323579960-85248009f801c8b397ebfdd8be720ba6,0
3481,1323846300-9c1aeaf25e428aed8e432fff164371ec,0
3481,1323765660-de868fc0e8ca8db35d29b886fb997f13,0
3481,1322751900-33a642ecbb326a2e5c540116ac39b38a,0
3481,1323438960-358313014caf7d07fe143fb866f37478,0
3481,1324704060-25437d40e7c1d7a50c2d86144b23a16a,0
3481,1324390140-a820619440525d3c19d06d6fd2609849,0
3481,1321656120-d1b8e760fc4f38f7328304cc58884763,0
3481,1326223620-4a0f242c70452b8f3ef857d712f2d9ca,0
3481,1322006520-74ec99b6ecb39fd76bd625771ad98b6d,0
3481,1327641660-917eee1f6d9c2ab4778c6f7f6bddf8e0,0
3481,1320312600-8cba432c5103b3040157f8a7a5c54e32,0
3481,1327486440-43d98419401be1d2e69eb9b7c211c07a,0
3481,1326748260-94d23970006fc989c74278d665f90cb7,0
3481,1323724500-a2515d757f2e27a0863615caffe2cd95,0
3481,1324089120-aa72df3cbf1b66fd4fefad876cc0fd5a,0
3481,1327828200-1d2f495ecaaf00b99de416362384a896,0
3481,1322983020-48f2a80ce02d1c5b9f3b6ffbee9a5fa5,1
3481,1322745660-ce8240a081608decd1708e74fee797cb,1
3481,1322744940-862f554b679ebdbccbecccecf75a4cab,1
3481,1323832620-f17af67a60b8a4f891542f03e35f1ed0,0
3481,1327021260-cd3baba34ad92ec0809f447f592980c5,0
3481,1320870480-89f8aa7f828d36052802fda8497b425f,0
3481,1326254280-31dac1f82537044c531e4ce01430bacf,0
3481,1321704000-118819fe327edcb77400ca5f1b4e64e0,0
3481,1326164100-24cdd525d8241b10aea90ed90230d520,0
3481,1327524780-7a8360e098e942e1abd4684c84645ee5,0
3481,1321355220-24a4f1f6b2655aa45fb93c0e1f191a95,0
3481,1326612240-ab76ade8227eb9465be72beb91a24d5b,0
3481,1323711480-6cb88a5a0b0ef2637d8d3d594ef4171d,0
3481,1320327720-602f74ff0ff234743bd1050487045464,0
3481,1326790920-ccd0094e9b645cd52e3ac4f79f63c056,0
3481,1325580180-8dcbd60b4ba9f8467d1c5aea5b3d64c7,0
3481,1321202040-8e9bdc80a755541a63fdd68279f9019b,0
3481,1322812080-c78871b627594db88c0dd36708fc91b3,0
3481,1326446100-aaf5c3af0afc94cef16d41c5dd83451f,0
3481,1326466440-9f70788f25ff727c9bd8f17cb368375b,0
3481,1326875760-328c760e73677064736c6bb7ddb3dde9,0
3481,1324061220-ff4b58ef68a2002219c133317273dff5,0
3481,1322076000-79ce7eabd618f452289a155a2ee10099,0
3481,1321414380-f5909b7a778b1df360f826f425d224aa,0
3481,1323853380-2750a162f17b781bd1004063a719f992,0
3481,1322063040-8bd17fd1e710340ac70dc32f8192adcd,0
3481,1323260460-bdb713d8933828927ae93ae6adbe6c7f,0
3481,1322591160-039190212e67ab87625be7da92504230,0
3481,1327700820-de8f33fef67b93067629af7983727a82,0
3481,1323905100-9f609303ca3cf9adfdc5fccab3827a7a,0
3481,1320612300-f68d1b626560eca3e71c1bf31fc51812,0
3481,1326847740-179e336989eec9fdb40bff73bbca684c,0
3481,1323457680-94d539ef0c1577c423b0bb8962c6fdca,0
3481,1321043520-8a542390e648aea1d5643612adfcb1dc,0
3481,1323117240-44274af3299154ec4565d257d723038e,0
3481,1323985800-6dc68e4c108a2684c3464b78900002be,0
3481,1321091340-9c038fc9d8d449c292977c0d7507c08c,0
3481,1320881280-8eafa511608e935a12a114336c332317,0
3481,1325069460-8dda263173c0486ad8269c5fc22b8f15,0
3481,1323228120-f5e7065ccd31037381401405089fde28,0
3481,1320330840-ba110dcfaa5940ecf8fd76230b13deaf,0
3481,1323728400-15054c247365c9b48ddcb00b3c308916,0
3481,1326853200-8901ccc98150bde0c6567e80e8b1dda6,0
3481,1321610220-ac7bfbf162cfb9ee2e72b61dbdcc52df,0
3481,1322903820-a0f47d5163fa505031ad3f4a0446b7c5,0
3481,1325190600-971cba0828c4aaa4855f2edc79c934c5,0
3481,1325202720-3d5184a77f0b90d38c269a6947c2b517,0
3481,1323095220-0c1da7a14525684f3146a40c824f0675,0
3481,1325535300-9dfa7916f70f910c417de1232197ff97,0
3481,1327339380-f913ed0cd4576eb674dd1a27f8c00840,0
3481,1324246500-2b8355ad388789bcec75fbf9dc6a54b8,0
3481,1326790800-5ad586dd780ca7d5a10c4c4b2340d359,0
3481,1323383520-c11a710965f1cb1c7313ee419879dc03,0
3481,1324613280-4f158c0aa72c3c42c80ff3c39911ad12,0
3481,1325562360-09386dd7f2665a6265e67a0f4d696ecb,0
3481,1321800300-35f575def87dea79c1623369a88ac1f8,0
3481,1327336800-1c3822ef651fada6d5e6a1f7912eacde,0
3481,1326820020-9a2c5008f70a3e1796d77f40b5fafab5,0
3481,1325176020-68e2c25cc9575bd92e2c5b42f85569a8,0
3481,1327584540-f3bf401a7234d08469c0c56521091e86,0
3481,1320709920-35bd164d343b4bb9d28a493f5e7b0ed4,0
3481,1327002000-31fe69d4d318f6110ded27bcdfc8760e,0
3481,1321972620-5c284072f9a628128315d8dc2c9fe74d,0
3481,1320133080-c8b6ac49c1fe2536a5c16340a62c6e9e,0
3481,1324797540-2867036e31d690ffe23234be1f63d526,0
3481,1323780180-820e37b2c797bf53556d2cb053d0a069,0
3481,1320802920-0846ec129f976c8ae51175a36f184895,0
3481,1321248660-5274633375bb43d13d7b104fcbe81758,0
3481,1321610220-14bdce3cc33042a4e6649ef429abae71,0
3481,1322774700-a6d883f35344cf7b000d82c0539e2f55,0
3481,1325129940-cfc6a6bd92825ea585631ba2bf509bcd,0
3481,1322494200-3a7c1cbc18be31bea4a92b1c6e5caa8b,0
3481,1326198180-28d988c66e2065784dd257c20576fa83,1
3481,1323340140-95c08c26f741c0bd5b923bc6296d80ea,0
3481,1327360380-c512cf90d7abb51a145467809080d9f6,0
3481,1327322400-998aab341a069209433afd45a986a8d6,0
3481,1327938360-791d006c31c54e54348248d3b56b6ffe,0
3481,1327053600-d5ed0f4bb20e2669ada347fe2db04b26,0
3481,1322603760-c7b2b81264a435b15eec553ed5678181,0
3481,1325190600-512454878db25f46859ca3dadc34a05a,0
3481,1325913240-1d5e9a421fdb89231fedf9d694890e7d,0
3481,1324603920-6e135902830e45d7e103f64cd7b828ab,0
3481,1326202680-c6735473dafe542bf51842bfc187e1c2,0
3481,1325627040-a94fb45a4018293780efbdd3799042d2,0
3481,1327221240-40d9ef2a5f07360caf925dd4b6702cb4,0
3481,1322847420-c2c95cd98bd1b832b2a1712eebbcd3f0,0
3481,1323766680-679b7d76a197f3fc1ad37a79d563abe8,0
3481,1322169300-d63a22e1797be98a23125489b578f144,0
3481,1325442900-574b08d065a20c41bcad8bf6685893a9,0
3481,1321035600-dba5675716c64047013dac09a7306a31,0
3481,1322709900-60ed5663da5421f89e696da9e0898a9d,0
3481,1320226320-440ed40d30114e43d0297515d805a337,0
3481,1325137620-02e010f11a432618021c6d06c9390f69,0
3481,1322678460-a97045c907d7a495419e0c7e46d889af,0
3481,1324282680-60a11c3eabb61293016a79fa4614bc02,0
3481,1323885360-db28443ddcf0b9ef4c67af340cfed412,0
3481,1322817120-2c559a960774c36503944b8b7b387861,0
3481,1327949760-c4bce6c7e6bcda12f819d9668c5ad0a7,0
3481,1326822420-d29c28deb87160ab35b8cce3afb7bd75,0
3481,1327449120-c35cb0dad43cd04019bd9f9a471297cc,0
3481,1323916260-28071d8bdace91fd58238541d81aa4f0,0
3481,1326004560-67f1cb517147adcf2c7b4ed4f08becd6,0
3481,1325505420-6c84ddf36dad8d366058231902c5391c,0
3481,1322134560-43152fb73a4c63b9923924daa5f750fa,0
3481,1323598200-cabf45b2cf9558373f8c858a2cc72405,1
3481,1327469100-aec262f0983f6bdf6ab1130151622b5b,0
3481,1322511960-b4abb40c9c32b464c1a8aaabfb023797,0
3481,1327253100-59d16fda92cac66169ca777a2b8f2e18,0
3481,1327472640-67ff8534d5a0cf2e074a14377ef039ca,0
3481,1324232340-77b13bde99dc4de69d753b069395bc97,0
3481,1323007140-0eabb31167dbdf8c4c7dbaa64cf1e459,0
3481,1326537120-b034c0875b16e3b3763799a624fe4d1c,0
3481,1327664940-8174df3507d769aa352d004617ed9d88,0
3481,1324433100-290f9f397aa885bbbaf7c95dfa21c9dd,0
3481,1327967160-5f5e7ea1c8884830bfaae0b609abbc42,0
3481,1326445440-f07d3a59e34214f3a24585f224b28b38,0
3481,1324055280-2e8a84caad27f887861471112623d3ce,0
3481,1322725200-ba5b232bca7188d7899829506399f18d,0
3481,1323133320-9e53f7374430a5e318fcd559e2bd84c9,1
3481,1324600620-12aeddb1e28813a241b5615130fb1a54,0
3481,1327198440-83f04c503f1bad61cdfe73b00b86d9ef,0
3481,1326795960-511674d8726784921819aea0faa38e8e,0
3481,1320537120-248005cf48cbf28da59e3804c812386e,0
3481,1325611500-5eb59b5c66530451174c501bda87afd7,0
3481,1321417020-70798a2920e188af6ee1fc2a6ae57b9b,0
3481,1321933560-c2e0f8725cbe4bfc8b1a6c52db3f60b2,0
3481,1327031160-24adf4689012888992cd245d3bbb8a32,0
3481,1327970160-89b2fbd5587d8f27c839ec5478cc6df9,0
3481,1322225700-f18ace71383ad20a9947f2132ba9c5ac,0
3481,1320932280-7e4e91a67ad11605ee86c2357c4cff05,0
3481,1320191460-7fa6a1f648c52a4fd93a1adc9f586425,0
3481,1326464700-5ee73d6b3e1c856ee9c1d3c05ac1e946,0
3481,1323114780-d728e938c8f1258fa7b43e997e9d0e74,0
3481,1324843200-2a0894979e55009754ddbc4e65cce78f,0
3481,1327857360-385c91c5b061c2d506508d852bc6aa7d,0
3481,1326478680-dec2e603045d4978e97ab8136bf9b989,0
3481,1327857060-60f1742aa547fe4f8ea3b9136f2f15b8,0
3481,1323718980-11906a357e7c007d83949279645990a6,0
3481,1326414480-50c1a21afffa970db1b9a5f0ec17db97,0
3481,1327559460-59cc829542e4e8ab84d9339ca6989457,0
3481,1325100840-0dcdcaa21899d37d44f26e685d378420,0
3481,1320340500-022847e384806349f259bda2292745f6,0
3481,1320736200-df348288a33fceccf29ab04ce0223158,0
3481,1326335520-f4c070a8fe22783feb07e1554806852a,0
3481,1325853000-f7302b53881e2f4334cf94f1dfd43de4,0
3481,1322670780-aa21871efdd5ebefb1a08cc3a23e29fd,0
3481,1323996000-c8e4df4b80c931d379181de144deec32,0
3481,1321646520-92bb71c1ad1290512f9ec145d0e9bbb0,0
3481,1322706420-8483888e15fe10c570ff8fc0df58ef1d,0
3481,1328017920-7a0b07c0dae05c6e28052f0ae1b5401e,0
3481,1326937320-d84a88802152f2833922e11d6d07d30d,0
3481,1327386120-3f7b0902265c45f5c7c1e5501745b7a3,0
3481,1326748260-8065f67a53a72f65f5a3dba7d19f6fdb,0
3481,1326289260-25ee9d7ddbeba6e92d69b36ff018b9ca,0
3481,1325681400-47221786d0fdd3792ee03bdd21ee5fef,0
3481,1322159220-7377f3dca62521e210e1cc54f3408f5b,0
3481,1327355100-4f7c2754b788263907f4c2503e084e83,0
3481,1327070880-2cd2ad0c6c21eda8df0523083d4c6c40,0
3481,1320608880-0784f0d427fbe7b648f6eb5d3698ebaf,0
3481,1326546060-c32b6b9a3f26dc599d7f23ad4753a836,0
3481,1320536460-4d775d82436138bc980d5266dad732e5,0
3481,1324572780-2870b0c630323a3d6990077459e580e5,0
3481,1325314680-c51f6ce2bc644a72fe89c31a85fd2b62,0
3481,1321310460-3dc89348f6def871c73a8a9bcdf01ef0,0
3481,1322829060-f9a34210d9ac8bb6d6a25a3e460cfccc,0
3481,1327912680-10ec965e0def26799a8032687bbd7d2f,0
3481,1322712300-c5c796c786c8ba980559b9403086ea79,0
3481,1323297000-5c27ecf22d567d76fcb1dc148fb6c287,0
3481,1326140400-59d5ea9f4cc9b96bfd4642f95da1a8db,0
3481,1327145280-333f022eacdeee25ef59e34c0354c3a2,0
3481,1325615580-63d53eb53bdd045a1749dbe8b64b68f7,0
3481,1322591820-489024cabf415eaffaa30463fd05658a,0
3481,1322511660-fc8d1c75328ef645c383a15f93f12740,0
3481,1321493760-4c9b1eab353332d4899db0b0770c6e4d,0
3481,1320768420-49fc2e819cc312ff6bf60cb3f3071136,0
3481,1327320900-7e41f5ac0ed7638199b6188384de9c2c,0
3481,1324119480-b439a3fe0ba4bf6abc4f0657a4cc5381,0
3481,1321456620-695d9c085c6f6c9e281cbf96c329c3d1,0
3481,1321901820-99808813b75ecc7d8b524f1c0beb161d,0
3481,1326232980-8eded4ae00dae7d0d9948cbbb4ea0b56,0
3481,1324715820-0129af40cf785134f2f19679df632615,0
3481,1320164640-a0433568b4a2c8f5b8902fae0c0bb236,0
3481,1327903080-51a0dba02b0e23b87dffa2b90267cefc,0
3481,1323475320-cccd52cb71a02c108b0d91939ff7a39b,0
3481,1321610220-b347a34686945b34385634aa06a1fc4d,0
3481,1326528240-ab0437633c0c2fd1d6067643dd577cdd,0
3481,1326934680-bbe27ede7b9f10cb09a1d2c292389437,0
3481,1325895900-1b362813aa0ee93f85130c251f425e42,0
3481,1327641660-3aa71d6bd35ca436fcc1e61c895742b3,0
3481,1321388340-600de1046fd40c86ea2eab6ffb78db37,0
3481,1327351920-5e209c48d6217e010437d48b9f566a32,0
3481,1321055100-8c5ba07caaa3b5bebb025d9219546b6f,0
3481,1325505420-d39530077772e39fe29b4e2f1ec676e5,0
3481,1327922280-2e579aa27a1afafd14440c9f75ac0282,0
3481,1323834300-d66cd3591f84a6ddfd7c596682fd3b38,0
3481,1325755800-c251508b7a7aabc8bafd8c6239808164,1
3481,1327328820-136c5626bf58ed3e1ecacb6be652a23e,0
3481,1327929360-cc0396ad696017fce3d4d8cfe1abc13d,0
3481,1327978500-1f639cf2bd2686ff197037ba7e926d85,0
3481,1325998860-906971a4c7c264d64e02ce2dfc340846,0
3481,1320419400-570b33d61654b64e2fc367d9bfb0a293,0
3481,1327002480-78833e1b517ef8bb96834efc4c6b3d97,0
3481,1320624780-7a0e799e3dccbcd90843cc594f4546a8,0
3481,1323133260-6498aadb6a67ece4cf04f05b2bb56d7c,0
3481,1326334560-fdcf24380f16dd6fec758fb9493c5cd8,1
3481,1322931780-747ebc057eb95352d966561f547d0fd9,0
3481,1323157380-0e83f20916d6095ba32041c04285e551,0
3481,1327088400-30ab3e655fcc31d7172b1123498af147,0
3481,1326404520-f584eb7ad322992b9f2708499e955f2c,0
3481,1326428880-63f437cae2e103604aa332dc0541b2ea,0
3481,1324437120-aaa499bd630d16d55554f25122b2499f,0
3481,1327270740-521aa4b0a7144a7ea029ecde1b71d4df,0
3484,1325493840-8cdffa46aabdebf29abe2ef08b3bde6d,0
3484,1322471460-c2e4a2789a10c0a47cd7f7709dc12b32,0
3484,1326710460-1f15bf6539e65e2fe71a9a2b5c4a758d,0
3484,1320803760-5cf47e7cbb1c48a873341c54667c0647,0
3484,1323559260-862e821d0fc63d75508dd30a8d2e3ea4,0
3484,1325939100-cf247a06a51fe76f7087df3d79e8cf6f,0
3484,1321311780-4da89f5cb7f4808a639aff863b5521b3,0
3484,1327938300-33b984ac5c78c3b31ca3ddfc295c1537,0
3484,1326644940-216eeb26cc346df7fbf06c8d00905cd4,0
3484,1326535200-966b685f2d0fd922b5d57addb11d1561,0
3484,1326209700-99b159afb22a5cae88c6de835ceff258,0
3484,1327098540-c09527c2bb4a53fb4b7b6e2ce561a82f,0
3484,1325782680-a8eef5eab18750beebc47b11c6546007,0
3484,1324957800-ba641b57ec144019a54b1d1b7b5e56bd,0
3484,1320825720-15be1d55ad972e9f09964a937530f8b3,0
3484,1323348480-375182c2706431d376b4b7163e5cbf5f,0
3484,1323859380-b0663ec955f0be8c3900e12ca6489600,0
3484,1322091120-ac24ab3bf3436075d20a0a9d9fdf3e50,1
3484,1320854580-d9fdda122efa5eaad301358fd657eaad,1
3484,1320880740-2c918be078e59f07bdb3ef17f071b0ac,1
3484,1320856680-4943da24f01849f194b0dafcaf913d29,1
3484,1320854880-9ffd5ec5721f44305412c7f89fc0f50f,1
3484,1320855540-a86098e611a9443323fb9ee56d784c73,1
3484,1322366460-6efc7f59905bf96364bf6ba3c2dad8cd,1
3484,1322063220-52af27440a1e84d78451b1e48f62ad97,1
3484,1322143800-17f8c4d801b6ceca9ab8fc965cc03943,1
3484,1320681840-c4665e03d5a9b26c4bec41aad50f5594,1
3484,1320906600-901e45627e04fa3b218f98aedfe6c813,1
3484,1322371800-79c25036f02e0aee9d9275780be60915,1
3484,1322372280-8dae06bb1fb421629c9f2bfc3dd827d2,1
3484,1322750400-1bed4c7a96615fe0beefd4b131c817c0,1
3484,1322749080-836606117f0f97bc141a41a3aecfd602,1
3484,1322704740-40207b4608979c51f67fe82d99cc6e3d,1
3484,1320698040-0bbc4221aaba924aed1cd5678fb4647b,1
3484,1320710040-83f7bd4314a649d9de1ee41dd74da047,1
3484,1320763020-98a676ca8e573614fdb78da75db16e0b,1
3484,1322074740-f5f7d5a3267b10a02c79922328607161,1
3484,1322075640-8654bdaefe515773bd4202f8be97523c,1
3484,1322067000-84d1a96732e13b1bcaf4366e96857408,1
3484,1322137860-bb621497fb3ef445ed4dd193ccdbf9a7,1
3484,1324026180-b50bb54c5687017183a932ce0829947b,0
3484,1327958400-0a40eab33da1564b610dae7e5e6b8c67,0
3484,1323329760-37497a68d4675f0853fe49666dd8bdea,0
3484,1327689660-25de222f0444ee9586fc88d6bc218f2f,0
3484,1322642160-f9537b3409a142b1aff7ad452a59ff5c,0
3484,1326456600-f387aba24ab4e8cbbf8a29598cc4631a,0
