3089,1327632060-f48cdfb6f45848fb32800ce6478d0313,1
3089,1326322080-b2c008b7a67b9597a7b22119df35a4dc,1
3089,1326322080-afeb09a875e35bbfc663739e92f9555b,1
3089,1326954360-93a8a31f0376af9853fa24829cb48165,1
3089,1322019540-0efa07d8cb77c2a58184f1bc5565c76f,1
3089,1322175300-08fe00e59a9d37be512f642824e192d2,1
3089,1320706620-15bef2ede9d9c0f89262c517984b659c,1
3089,1321920600-99ba3557a024856bee36a40d8fed1eb2,1
3089,1321913400-6dba1633ffddf324bc7b0c6b789902ed,1
3089,1322212200-d555fb4e36d4f894f9e113f1b20227bd,1
3089,1322241000-0cf99c519ce1b8e83555cb5da7fb3f29,1
3089,1326221400-f30281001d31a4fb369c055258c24185,1
3089,1326334200-dc67c05a0443b76f26c9e44b479b0fa2,1
3089,1320895500-9eedbd55fdda14045fe17244d6fc8758,1
3089,1320886800-72fc5236518741f4d6172bb50d0bea16,1
3089,1326226800-11b0fb09fd8b0227a31f67c9b8b8c4e3,1
3089,1320900180-1d76fa355dae1b5d8d04670f867a3f25,1
3089,1322516820-505fb9c0d3b066c067e9a389c5475951,1
3089,1320886140-7aeeaea23d3fd16e72d1ac630fe71d56,1
3089,1320896220-cfb76d5147d4903218aef5e640e21447,1
3089,1320583440-7c76c05d476dc376b78d5fb75058baff,1
3089,1320918240-dbe1c2ade0c25f24b56aa4830d441262,1
3089,1320887040-bfe7a7188ee70eeed04b6203d86a08f6,1
3089,1322701560-a62a5a1e2464e22493d8f8b66d1aea7c,1
3089,1322027940-c33af235184793b9c13d5973cfdec19e,1
3089,1320896580-06e9536ee4c02036f02df4fb092a464c,1
3089,1327976160-bb9ccec71b16e144f11a82617627c2ee,1
3089,1320878220-13720a6fbea30f8ec197e20ca95a2a61,1
3089,1322028060-b7c65618a4e31e154924e67bd43fd77c,1
3089,1322025300-bb733e1a7cb5b9ea5a997bff67311a85,1
3089,1322028960-5bdbb94c43f271f41d8573b081530b8b,1
3089,1326933600-1547a3f85dce04223fd1997d68bc06c8,1
3089,1320892740-ab9e799f36e773d0a4cd17bd3d475fa8,1
3089,1322517960-3a32dbabbfa7b0a0d17db0d73af58757,1
3089,1322019000-ffa7979a819f5974baee4047f0adb014,1
3089,1320908700-69c337e52afd357cba41c3848ed889d0,1
3089,1322072160-ca8859386042fb6d4f5f5ac30852124e,1
3089,1322096820-b90502d5260eeec83f17a124dd2de775,1
3089,1322696340-0e952b119991039b988cf0049abf34db,1
3089,1322068680-a1d5529e61aa8dd64a46c26fc98d9e39,1
3089,1322033400-4bfdc932773d6ea1688d3999e4bb85c2,1
3089,1322694540-da2fdd9428f42428d13c0fc65e7bc1a7,1
3089,1322701020-8240e01c8de54c8caeac9002daa433d4,1
3089,1322704440-4b9078f7c9cf6f934983d88583f08036,1
3089,1322694960-32324c874b11c54b6bab3d61b4ce0892,1
3089,1322096520-5ad75ccdd9d31640ad2bb815133337b8,1
3089,1322696340-73b81b60046b6a7c18a4e696d456bf74,1
3089,1322701560-f365da56b7db90c2f06adcd9d6e101ec,1
3089,1322518800-63d23c07e27e87715349ec67cd675ab6,1
3089,1322097360-403830a19d69e7ff953411347873d556,1
3089,1322695080-5972f2488e3cd14eb83b8736ce94961f,1
3089,1320605220-795ba23ef5196ac5623439927d25e0f4,1
3089,1321923720-ba8a6e199a90b66dc940c93731880784,1
3089,1322519220-0d3791a6037da55ed40834020cf4e5f8,1
3089,1326762900-ab93da6629acf19d3d3c0dd1d220e835,1
3089,1321921620-c108676e48904966eacfb6759e249635,1
3089,1327006200-68bf0b692e5d19e44387c29c124b8909,1
3089,1322520120-2d96d042dba5c06fdad994428e20a4f1,1
3089,1322205600-45dfbc9c0ec227a8a1bf870f23013f68,1
3089,1321922700-5de4b6670ef456dc4c3606ac1f34aa95,1
3089,1322107200-b5cf64a79f47fcbee43d45a0f94fec58,1
3089,1326342600-f18508a98f020997063b25fc7183fd38,1
3089,1320588660-4369d3a4f92da946407b27d325758f23,1
3089,1327044420-1d5852feefa486a0494062b3e25faee3,1
3089,1322108760-d2f9d8d308d8a96f5924e4fde891fbf2,1
3089,1321245180-27a47977aa18cb478341f95de6893f8f,1
3089,1321240740-49d8b97bb36bf590959f5202df216c49,1
3089,1322014260-5f3568a3c26930c283040e41c0f53076,1
3089,1321242180-2716cbfca25499a42d9f7750564b93f3,1
3089,1321959900-847d7dff9b934b899276c77bf5f3b753,1
3089,1321354980-b16e5afe9de7d92478b9b5a47365a94d,1
3089,1321242480-3ddbf4ffef944fc75624a4b4e470b7c0,1
3089,1326741600-12e841f023e80f3523c7f3ca1ceebd3f,1
3089,1322215620-6bc8865f9073ca7324706f61ff977cdf,1
3089,1327192740-6320ebf9a7b20117adf6d5ae3f54a756,1
3089,1322010300-922a1adc214185971b0dff4ba851116a,1
3089,1320886080-ceb77285280ee9f80e2a82efef9d66f6,1
3089,1322010780-d5c66f9b3c74fc1f53effb8adae4d15f,1
3089,1322546700-4cfd3ea81bbbc59aec337c3b3fec71da,1
3089,1322115360-08931106a8d1b3c990a8288e8a296d15,1
3089,1320805500-5e3e4820c5254959720ddfe1aa200b3e,1
3089,1327448640-5a4c8746e520deaa8e2b743b7b34b874,1
3089,1327531200-0129f746d3d47704726063a92a5bf6b8,1
3089,1321919400-60af82cade4fe3fc98395db98eeeb801,1
3089,1321937400-c04fcac9913429dcadd3b5b1d0a72de8,1
3089,1327437120-a5ce4d86a26e428e21516ebb2ad53478,1
3089,1321919400-0b9544a5681b3f34da750055fafdf971,1
3089,1321919400-3163d0cefa2c668c7a3ebe35fb95bdaf,1
3089,1327557900-b37ab548826bca67894a4451d9f32fa2,1
3089,1320719640-115dae0a3b7056c63e65797b040ee692,1
3089,1320188700-18a0ca3cd3f327f0868622e1a626dcb7,1
3089,1326760200-cafe3a622887654ce33cf37fe82a4e0e,1
3089,1326487200-c5c86788cd2d625a36f74e7cf57c7c3d,1
3089,1320132180-fb0d635f08e9718d60761e4a44833143,1
3089,1320812640-db5bfd8904c9a1808c27fe9467ab9ffe,1
3089,1322114340-83f60c492aa61de24a4ce04faa587869,1
3089,1324064400-2a2c1ba628239715722fb4a5aeb4e5f2,1
3089,1328057340-ca79cde03c46d929411a57ae685db296,1
3089,1326833400-af1edf70dc04a725ca330629cd704548,1
3089,1328046180-698d6ea6267407fd43646bacf83685f1,1
3089,1327997100-bfd97ff1238b39591830b942a4ab1caa,1
3089,1321917540-28c24d82c8877550ae4babfd2a981a4f,1
3089,1322701560-6e4bad1765c36d7ab9df0ec9786c7bca,1
3089,1327599180-41aadbeb27702892ba480f8ef77c9e34,1
3089,1321979100-2161ec8d1561ecc54e8d121436bf3ab6,1
3089,1323568020-b8054e5f0c0c78aa028a1529fc83b270,1
3089,1322612820-b8f1650fe43b85beaaf339c22a1c132b,1
3089,1321936320-4b578f6cfcc824de16b0d755beab9ac4,1
3089,1326397800-96a428eace71246634b04de50e426675,1
3089,1321986300-9c54f256119f62bf7c73358a5dfc4e99,1
3089,1321935180-d93b1001f6c581c29cfcd9d9b9c5b9ae,1
3089,1324147200-d8c21f1993b5f619ee3cfdf753569945,1
3089,1322702460-4b3a5cfbe0c4c74e66c1de4078195257,1
3089,1328056320-a2bff77ece1e6d43f80d17e4b353b636,1
3089,1320886080-8788da22ad68c247c0d2f5e9d3cfa7b4,1
3089,1327479180-f09eebfa5213dfde426ab1f936371e57,1
3089,1327695600-8c0b99145539ff12198a9ae2492920ab,1
3089,1327701240-0d890de93166c192813df2e9d795cebf,1
3089,1327704600-a3f7aaadbba2782c4bf09b97e3a96fd2,1
3089,1327695000-c881a6c0da7a1a87aab777a22a23b4e3,1
3089,1327991640-99383442246bee510cd4c2d4b137b5d3,1
3089,1322234340-a9d390655522e2beb719a1de75790ff0,1
3089,1322158440-6b8a9e08a317457c0698e04040923057,1
3089,1322211780-99f13061f40da01835d9bb02a5ef424d,1
3089,1322134680-854036ec47d8002ebd89f9274918e5be,1
3089,1327703640-a241a76ac73cf5931cfe97ff78c62338,1
3089,1322766000-78bea9483a7906ae7302b27c1d983626,1
3089,1326785700-83c5eb5c624222030bb5e645bd94e57d,1
3089,1327702680-9efa00c6d9c5840d9ab505c3b6afb18f,1
3089,1324069140-284640092f51be798e6d8cb18a75c6da,1
3089,1321947840-dad6c758ed448e6f321d3c9625f53668,1
3089,1324102320-3393741c1011ac1b3e5a2a0b5c76ccf3,1
3089,1320738600-8c92825eaf511197cdd739c918fcb8d7,1
3089,1327695240-14d52fcaf2558f360062f591b8011459,1
3089,1320326760-96227e8b0821d38b2d86749aef7c9002,1
3089,1321674300-13a449fa4703e327b4dc58ddb320d4a7,1
3089,1323454200-54b72e7b68f725e6dfe3badf79766c42,1
3089,1322890020-5a9c733633fe3a9a83da81949494ecde,1
3089,1320127620-1de4e386d292afdc5a3685ec5db57ff4,1
3089,1327954860-34b213c8c4a4c4352d6dfa68744d3ec3,1
3089,1325526780-7ff9a8b2263f9689055b17743c0b88b5,1
3089,1325620980-9927c06794e0d49a5a539b3c64a8810d,1
3089,1325499000-baef189cb8bd9ca484bb36b43c9d6ed9,1
3089,1321663560-920955c7f93be2ae076ff93e898ba01e,1
3089,1320348780-8667a294712b55305032e0df410054b8,1
3089,1321748160-b55582ff8d9afda1849c3cd76517417a,1
3089,1323072240-3c361012bc9857b75d66d4970db8fcee,1
3089,1325653860-ae4bbe6b29290880ed0de495acd7844b,1
3089,1325646420-724fab7c8c3f51ddb93a4092905784b3,1
3089,1322078460-ce3a42726558ec1cb11add437fde70e6,1
3089,1323664200-cf1cac70eda23d79ffc72024eeaa4153,1
3089,1323474420-923605f39a526c84d7f5f921eee8db49,0
3089,1327507080-1234f2740c50d937845ff8c48ddeb43a,1
3089,1327615020-0ca36b887b948558bb4aec216a3d7e97,0
3089,1321241100-7bff6db8d613b8f531e5544b5891181b,1
3089,1320812220-1dbd071b4c3272a9e0bf17ce2a9a9645,1
3089,1321479480-ffdada943abcc76c72dad48f079ac53e,1
3089,1321475520-70b60c010de2368a7ae1e3dc006d9c0d,1
3089,1323199200-cbb79f8ff62b9158119c91d71c2975e4,1
3089,1320970980-6dff5aefee4bbee86c542920f8d1dba0,1
3089,1322704200-8635f91c98f99878beedf064f1674039,1
3089,1322225700-586c1189a43ec9a76ede517fe940156c,1
3089,1322193420-3d92129fb0bea495847995a3eb0926b9,1
3089,1322193600-508d1c3344592c42555b281382f553f6,1
3089,1322223300-89e926a5012fd580f92f69273e596e42,1
3089,1322193840-97415545ef49da516e3ebfc7cc13a393,1
3089,1322224740-757e3f575631de3443045e3f71f74a65,1
3089,1321240740-05495c02b7d4433503d3ddb47766f09e,1
3089,1321242480-d28db3a8fd3baaf6c81fa060be626884,1
3089,1320922440-bfe60f878d67c037d74be95cd2fcd840,0
3089,1322191860-051491b5ffc471d23f238eb82887b855,1
3089,1322224380-b6fd5646d12014539692fcc6f4c93702,1
3089,1322194020-bde8f57dfae7d8723fdd9c79450c0f98,1
3089,1322265660-94749875daff43432c8dfcb1c0e236b6,1
3089,1321484880-163ace863398e8c10ff87de0ce7d31ff,1
3089,1321470960-f552f1f174672e648a0ab1f708525807,1
3089,1320581220-36ea7b35da7bf3f0a9469b1c9f90e05c,1
3089,1321574640-4e2d6f66010acf0d036c976cf429b4c6,0
3089,1320790200-5b669161b3738ab86ed9ea3d9d4ee42b,1
3089,1323368700-b5e27252f043d21d5422da6438489ad8,0
3089,1321468680-408a69300981b415bd7b9baaf77b80fc,1
3089,1322615400-57985732f518eb5ab4c3a3779dc8f608,1
3089,1321566240-2d0e9803fa044f221c4df26a7816540f,0
3089,1321219740-03a67f83d1156d4f5517821e8ebcb94f,1
3089,1323171960-d1c3b1933cc361ef998f581d8e2c045c,0
3089,1325072880-99c73049e0f64d1cf06cd3e76094c16d,0
3089,1325867460-36c52e2f4b484133758a097a180d4969,0
3089,1327523280-18dc791c6eb2da0c988e752ad3c7e8b7,1
3089,1320935580-9720c443a6fc7017d22c295d60b9c513,1
3089,1320893940-5e350afbf7307da821e14c5c1e55d1a0,1
3089,1320983580-50ddb5ee75726d1018f2a8db20cdb2ac,1
3089,1320937440-4111bb328f14d3b56da8cf40f1c0b485,1
3089,1320983760-7bee4835671447bc1fc5fcfc9f5561c3,1
3089,1320781500-cb26b3f808a6bcc0cba9f00a9c9f2586,1
3089,1321565400-19f630a4ce86943cfd91f56404c2390d,0
3089,1324284120-36be75c141dd57e3a3b97db2fc1855ba,0
3089,1326992280-b2835939a89104a3814ba216115fba90,1
3089,1327014240-2a70f9f53f3b5cf0eef42f1214985967,1
3089,1326987180-124cefb983505e83745cd7afcd196b9b,1
3089,1320893160-67133fd72f959bd1f00492f47e1d2bdf,1
3089,1322751840-a980439d9316ac69e84c0b18f67156df,0
3089,1321856580-33d563e6efff682d700351bb2f311aaa,1
3089,1326985260-271dc412ef6de6c71713aadd52ce21f2,1
3089,1324537680-a7675d2ea3f6dd61dd586106010e8107,0
3089,1322072460-bcde403895ad9af184083000ca6ef1ac,0
3089,1320729240-a6c66d156044a64077fef5d3b7528099,0
3089,1322098800-448e38bc778d328fc18fedb0ed790866,0
3089,1324154280-939397338a211fd50427929f82481a78,0
3089,1323313380-a7aac079048fc345b0ee92d3db923099,0
3089,1321562400-00f0a340accff6edc2e4c367d3b9fa89,1
3089,1321562400-9107d605aeef6ecf1d5b62b14c7d00b6,1
3089,1322098800-c9787834e10991303b6c25647a48c053,1
3089,1324417800-d1c1a7592dec89e977f4f65ddae10f59,1
3089,1324421160-721a142d883ce0cf260df6a7c4eee762,1
3089,1324418880-5ef7e98867023f6f17aee88a45ebdc6d,1
3089,1324425480-10fddc9704bc34c3e39d5d33c2be7f4b,1
3089,1323804660-452906e39ebe616ec475a65895d03e2f,0
3089,1326325920-70845348f0285d13d000badf74461c4e,1
3089,1325896800-ff41260e5da72afe09d52e8605c857b5,1
3089,1326979380-54344d992f1262fbd40dd2359995f8d8,0
3089,1324564440-59dc64e53b751ab59a06d9f4380aff99,0
3089,1325811660-bc29b1e610c8e49dfe0571acc8c9aad4,0
3089,1321168920-1a4e31d9c56fb6c54580b00b75970553,0
3089,1321432380-6d9fb835675fbdd291fff4c14538392a,0
3089,1323489600-88c62c04645ca78094c4f00db6b6d537,0
3089,1322861460-86e83336d05b38ebe792a1e90cb0b18c,0
3089,1323373200-4dad98fa846b7b876013bf642233a2f5,0
3089,1323200700-c3e14c2f0b4b735d7842c70028ee6162,1
3089,1321535280-05b3d55718f72985405afc9e7dc413cd,0
3089,1324513380-08cde9151e761f99c40bb5187c838c82,1
3089,1321516380-d1d60686f482ecf5ce264643bcc80552,1
3089,1324600800-3215b50518c4f67529bc3b84e7c77557,0
3089,1326901860-4e57fb77e5e0a8cbe51e2fd8fde2e938,0
3089,1323308760-c2d5fe4df9677ebf7486b738e010ca31,0
3089,1323306060-a959e38d1e841cf227889aa4c3610cb5,0
3089,1324560780-a3e61812cd17bdc395c8cc58c638081c,0
3089,1324588920-9510f3b8ece79a8e0baa04ce398e1e20,0
3089,1325200860-1de9ddbd3151f77055c2348c9ec40e83,0
3089,1323407400-28bb3a77ee4f4c9d49be5ca03fb76279,0
3089,1324164360-3d12a5a3ee17e93f5cb1ac15930cf377,0
3089,1325893260-046e53b84559ca777fc25ed1f04553a1,1
3089,1325876400-fd2b9c15756e0e2778b93d1ffdb8339c,1
3089,1325887800-40539fbc525b25dd061c84182a6809e6,1
3089,1325890620-3190478ef73f67fea8927beed6f7cc2b,1
3089,1325860800-27ea93b06c6efbe93cfaa2054bb7a4fc,0
3089,1320887040-aeb6283f5de76ca7c54fda61c801e5b3,0
3089,1323678540-3592b958b0efaa3adbaec2778cb06016,0
3089,1326296820-35a516f41a4427a713da80b919fac9c4,0
3089,1320820080-1e46a61f79671908325471f46b603ea5,0
3089,1320747000-80086c75daee2d876ac7f6fbfa3b98bb,1
3089,1322177460-75f3e29a6d3ec3a5fda8d5aefa300509,0
3089,1325034000-a7259c4e10113b58acec53cd570a072e,0
3089,1321537680-49f1d53d80aa31b70ba3a3e89a646fcf,0
3089,1322920020-b716524d1369d6206007146018bed905,0
3089,1324646640-6b2dc88227e2dbc237846cc113538bdd,0
3089,1325679060-634dc75272e8cb3ed960ed94b4592539,0
3089,1325172000-236a8b75fc26412a09ddee6772495316,0
3089,1323437340-a89127e647c5fb49f90a2cbac919da0e,0
3089,1323963420-875a9bf4c3c557d9bbd4700efdaac721,0
3089,1323258060-467061dbbfb3a9137396f13da01c65e9,1
3089,1323269400-15c09d1ab636f910ba2cc38ca2b5060c,1
3089,1323253440-a397e8b4d60a9cdb4ffdbe4b1b791a85,1
3089,1325613360-c0febdccda0e079b1142e9aa0a740132,0
3089,1321455900-d248a5dc39c4155641f5fc5ddd8e5c78,0
3089,1324441740-b31d17c7a5241af971a6a54a91c1ab95,0
3089,1327960920-8b1d1736801a329a7178cc5ea3e30ec6,1
3089,1327960800-67968cf1ca6b01ef7beabfcefa7a5491,1
3089,1321379580-0f0a73784c6e2d59ade2fbc40c30e550,0
3089,1322694360-7c0d2989083ca9f2aceae81a9e812b5c,0
3089,1323379980-f56876de496023f77f8959f7d856c4f5,0
3089,1323905700-6af5b020c80ad2f87978fe129fa75a05,0
3089,1325746980-4eff0e37c911d79c451e77744b03a922,0
3089,1324006260-6f9cef89b8ce0a514ec5690151f21e3f,0
3089,1321425360-0775caca05ccd9631afd088c0ad8f61d,0
3089,1321572840-b2494bf91e8d262d17beba42f995708a,0
3089,1321261740-c0556782b5c32519bf90d75e247c07ce,0
3089,1321536600-ae72657e4837d16f2218ccb850d5acba,0
3089,1327674420-ba476a79c7a9a0ce590850f62d4f60a3,0
3089,1324473840-cbc5b0f0e3f21ebf3f4d6a3443b51dd1,0
3089,1323222600-8dcb646956bfbc639ae337857ce2c0fd,0
3089,1325033820-97f2f39667cae7e2651f5ceca63ac4aa,0
3089,1321306200-b3a474c81b16222caa9393912c726b67,0
3089,1321279680-821ac722983f73cb606a4012154b0a78,0
3089,1321568460-311bd391eb3ef9921f27dd7b059e7267,0
3089,1326988140-5237d97198dffd715ce34800d791daf2,1
3089,1323446460-5f44b5f8ca10144625a7ab89f9f5e1c7,0
3089,1322015100-0d1a7feaa97df295fd75ba8d15a4fd38,0
3089,1326141060-30d3d78e55fe76547eccc08aa7dc46c1,1
3089,1326152580-173a70268479036038fbbb53f67207fb,1
3089,1326143220-28a905bcde65047723ce5c2e60441057,0
3089,1322161380-03a4033461c2bc1addc15534ffbd7dc1,1
3089,1325883240-03a2064f58248ce820644ad798f698fb,0
3089,1322711280-3f6030df7371e74ac1fcbbf71ae7dfb7,0
3089,1322097780-d7bcba33529b966457db1e84967d291f,0
3089,1323939060-4dd558ff2a126f9d9a0ac09645d9bc29,0
3089,1323388200-0684a29f049fed02f9446b1abc8678de,0
3089,1324412880-cd34d72c642d8a353118427490445fc8,0
3089,1324715040-d8c816f78c10d2ba20857877f899d0b7,0
3089,1321950960-b90ddc4b2291678684137ac59b44426d,0
3089,1326371160-4019a257a1fef376130d11521823d0fb,0
3089,1323369000-19d5a3369a412c7f36685ad92a67b2fd,0
3089,1321543380-47bf31bf55405b2349b05cf0898eafe8,0
3089,1322769780-7f00f3fee016df2d76997e789ff920b7,0
3089,1322755080-51bf38e58e410825c116743121a5a84a,0
3089,1322012520-33262a9960b884cb0b54f971ad22e660,0
3089,1322163480-058aa6945b1d3671927b4909ffbb2532,0
3089,1320441180-572c86759041987f5271245f44e50b85,0
3089,1321436040-62a59304d1bc1f0a9e29a9723ebd53c8,0
3089,1321523820-f665f5dea498c135e70c6b41345a520c,0
3089,1324526760-de15055102049cf1389965b9137af994,1
3089,1325386680-593bb2cd12ac866d1a40dfe9f10412e4,1
3089,1323483900-0caaf2aaf50df7ca3861fdf904d334cf,1
3089,1327378860-8df089d5193dde5a5997b7222105c036,1
3089,1327687320-c482fe5cc565402759dac303a2c19d63,1
3089,1325605200-8786bc15b26945bd774a868402083623,1
3089,1323213180-95cf8cbf9be5fd575548865f06a02466,1
3089,1322676060-90038c7d2de057dca18b7ce58d5d978b,1
3089,1324949400-0aff0cc364b45912a49a4fe0df589bad,0
3089,1326147660-122933b1af36f913cc382e92477515a7,1
3089,1326128400-d0de46e9124ca47a0d1f47b50f726956,1
3089,1322107560-4024a9b7eb15094470993b62823daf17,1
3089,1327936920-01598216d2543bec49f1cdad1189fcaa,0
3089,1327359660-af85a515318da2d177a557e50d01c927,0
3089,1324865040-60bfadc41d9563717e186a895c36b6da,0
3089,1323016620-7e8398ea477ba8c9d7297c10176562bd,0
3089,1327503840-24dff79b9836a24580a3c4463ec163cd,0
3089,1327868820-a8a5959528bfe70469119a6ed3a17fdb,0
3089,1324526460-fd06e66363d0f104178649fcf246effc,0
3089,1327615680-4323c3bde0bd6fb3c3fc0c1ec237d2ef,0
3089,1326837060-8995ba5350a73d80f052f10915f56185,0
3089,1321345320-1ed13d03b7f22b3e18d43c9d2635c79e,0
3089,1326330060-58e6e26ec00b6c5ccdb8f339981d55a6,0
3089,1323500220-c40cbea29ff8bd0315d10629a5c809a1,0
3089,1323113400-4ff67c30496f77462cc78ff7280385f1,0
3089,1321535400-5082e6ed5de46b7aca1e21485abe6335,0
3089,1325579160-19eb77978c9101c4211b0daa2c25550e,0
3089,1323444600-72158b94990a62e4e0ec4d76a3c63973,0
3089,1323623520-23637e8cd131a567381b928a362d982a,0
3089,1325119800-8751e352dd25f95fad7c80e5bc9338b5,0
3089,1322254980-5ab6b94a42e132b9f7bf4ee029e67479,1
3089,1320494100-3f14bea9993b9c2cc6fabbfc5c0b2ede,0
3089,1320999540-a9ed99d1b267781ff4e7064614994cae,0
3089,1325473560-f173cab5012caf60c6ded34991cca9a5,0
3089,1326142200-fcfb563fb80eda1f30065cdde2ce84e3,1
3089,1322436360-f4ab8ada984722c77784943e2571147f,0
3089,1325129580-0bfd859a5d28aee81639df293df6bc16,1
3089,1327881720-dea893703a40f99ef73309399081f8a7,1
3089,1321331100-f03822c3fb57f10bf7cbbb28238e991a,0
3089,1321970100-9434ae09652f65b5ad1a2d6f46d2f766,0
3089,1321506420-f7c23b2c1691c6057a44196bbf15e085,0
3089,1320983580-2adfa43ae5444cb1f30b8b67c1c3520e,0
3089,1326930000-0825cf63a1bf5b2f1506e3afe1b7375b,0
3089,1323439560-46c683c10d7330d1201d0833246e94ba,0
3089,1322848980-28994ba2bbc2cc7732f14635470ab278,0
3089,1327460700-ae9d3bc85720781b7fb73612f014f97c,0
3089,1321249980-3ba21839b098212303685985297a9ac3,0
3089,1327756260-dcf3dada922369574aae1ad08985a789,0
3089,1323137520-8a0bee7f81baddc227bc598dceeb5f69,0
3089,1324341660-d02436ab018209bbd37509fe311c4b44,0
3089,1324700700-2fbe0bfbc2bc4e28af681a69437a3fb3,0
3089,1323301740-269270162ed796ea05c4372f1ff38c23,0
3089,1320785700-cffb65cd67aae3339ff6c4999ebcf801,0
3089,1321584240-2a463576ec5b0cb933ce724e16702668,0
3089,1321497900-886552b8629444f97496e71feff76f84,0
3089,1321903380-8c1e36d104fe486dca17a7cdcd37b2ed,0
3089,1321523820-55475d649d2f90faacf0b56954bd79b6,0
3089,1320981000-15a7b072ae7a727628de70f25655b1ca,0
3089,1322170800-b401b6c8bf30b3d44a5f420d597b500b,0
3089,1323474420-280afa499df5595d649dafb92dc761af,0
3089,1321682520-9693b443e424f770062b3fe712a2a6b5,0
3089,1327977300-129f952908e789190957f5f101fac01e,1
3089,1327979700-9300e1d303fe825df7fa0c97ece6460f,1
3089,1324498980-d7b898b2715f2aae3036e87069612b03,0
3089,1322080800-a90aea9fab3843b2a6e5dc343366c116,0
3089,1324468800-1422ed7120306557f4cec86c2b954c2d,0
3089,1321331100-1fd408e833aada85ceca5dfe6b3fa174,0
3089,1322860380-3ca6fb09864bf32cc31ec6a54126ef71,0
3089,1327012440-c1b6e76f9850c175ae0b8ebff6e91fe3,0
3089,1325112660-bc7c5a00be732dca8633f99f1d3384a0,0
3089,1320168060-b1733ad853589e27e53019d63fae3efb,0
3089,1320886800-a9f5cf16acbc32a98f6db7b0b01e01f6,0
3089,1326142200-2b236970fd6b567a929c777b106a0abb,0
3089,1327429980-77ab6dc61947972aba99aa5cb5773af4,0
3089,1327001760-a6c240475ad9a018221d839a19f8ff7f,1
3089,1326901560-a7a1c5913af195e568072ea03ec2ef09,0
3089,1322084460-800f017791228f8bfc018f95550bda9b,0
3089,1324037400-44c550d1fe8be211658625352488a1f7,0
3089,1321603080-0c46b1906871ab830653aabcecfd3511,0
3089,1324404180-2f7545c17b633c992eeaebcccba2447a,0
3089,1325910600-b8635086d3fa8aee95aac9b41190a5c4,0
3089,1322859780-4bc111b66352d5ee7db2d8d341b2bb38,0
3089,1327100640-4b8810d57add92e0c6622b655336b7fc,0
3089,1324376820-491be9b6fa2e953ee0071d71b800460b,0
3089,1321610760-f0f2cba779fed05de49ad936b9bba4de,0
3089,1321473780-4f94548f3338d24e96fdeae5ec668365,0
3089,1325892000-aa6c4c44a52fb5041a5aa3567f570feb,0
3089,1322226960-db581314f2dda59c2b50aab150bd1d9b,0
3089,1323487680-2bcb9a9a7fd81231ca771a11b8527698,0
3089,1326900000-5411d3e7052dd911de14dbc17f359147,0
3089,1322329800-a4074153e75d9ed3991e74deabb70afd,0
3089,1321309320-7d63692e82e7cd659377d99c24d01937,0
3089,1326425280-3781362794cc72b28047409dcad9d213,0
3089,1323477120-c9ec87f769d293d26f1e5a18e6520363,0
3089,1322362980-c70f675e216addc01294205759e1fc0f,0
3089,1321488420-b4d6f5298373434ecc634272132f7bef,0
3089,1322263560-827a4d2abfe4428721d3d73132bfbf45,0
3089,1323128520-358b4285caea4f31adb6e62d5d98efcd,0
3089,1321965300-505fce3d14a317068903de7b3d1dd854,0
3089,1321308780-00f9ae57c5d1c4aa2c55aeb28cc41184,0
3089,1321479780-8fdd92c6d6e3cb534418d39f5252ba50,0
3089,1326906420-0bb42110b4edafc25403c0b32199a2e3,0
3089,1326148500-b0b8e1501e03dd9bc87cf7e3ff7e86ec,0
3089,1322098800-5d77816474e2104abe1e6286bf96d0bd,0
3089,1321217640-34c6830eec29e9fd3a80c9f14bfc3e07,0
3089,1321605300-ffe6ea4717a4e089bc4ae548b6a82947,0
3089,1320863940-6d119311901d4dde80a3e3bb0df7d619,0
3089,1324282920-ae397557d7b08956bad4eabef47087ac,0
3089,1320983760-11c5ad9cecdf93e53582218cc91f41bf,0
3089,1321060680-c132fd761e86fe36a3632f91521285ff,0
3089,1321435380-90f0d03d9a673c5a6653adc4e3ac54e2,0
3089,1320588000-cb5e9bf4bca987fdb37dbcf6006a4bf0,0
3089,1327012260-3dabb3e007d1be292ec86b8053407391,0
3089,1323736740-205e80ac9b7237434ad6c82fea0d5f0f,0
3089,1321564020-691e67e6efcc7319efda97774c65d13c,0
3089,1321928400-02f6abd871c595a95cf28369b6cc2f73,0
3089,1326981180-b9e39daacd612021cbccc36228bed4dd,0
3089,1323812280-28cbeb54a061e3e414b6227ceb19605a,0
3089,1323201600-1a59093d4d7538c19cdf231714326410,0
3089,1322016780-aff67f184bc4ec619bb25ffbc1f1696a,0
3089,1328024760-c0bba0ac54374305b07daaffbb906c4c,0
3089,1325579160-01036a6609b5c3cace93489c7e09d977,0
3089,1322815860-23a2f25cef099cb40442ddf2c472ed85,0
3089,1321854720-9c40b740b02c704fb90380d19cb11441,0
3089,1327496940-083e94ce59fe35940b5507081e7a5499,0
3089,1326156000-593d4221342d0f34ae3fd9c6249192e8,0
3089,1322601360-46c0c044736890d55e8301fb594bd57d,0
3089,1324361400-142dc8a0e1a254d3ec9053ced9549978,0
3089,1323261840-14f83b15f511e7c1b9f4e023e6e63cc5,1
3089,1324170900-539bc06bfa0f693c0cd6028bb1cbda9b,0
3089,1323809940-9424a0087a7349cfe6ea48113fb9cb27,0
3089,1324247700-2fdf13d694bc23b9ddf762ef2f253793,0
3089,1324351140-50cc800d0ea60fdfe42d2f50d562bbfb,0
3089,1327023300-8da4b8567f1f7b3e576cfed599fb4f6f,0
3089,1327635540-d0efc5e9f7bf00c3d67ed1311e822495,0
3089,1327174200-60f10353eea21fa0ec1c4fec4021515b,1
3089,1325875200-17845dc8cf99221865e54349d419d924,0
3089,1324915200-d6408faf6763239280b544e9ba11011f,0
3089,1324185120-9d828fde3bb11cdeccc646e2e04c4273,1
3089,1324662780-fce14b093168737fbd2ae82f37e502c7,0
3089,1320333900-39de3a669c4dc9fda9aad9a0d4df48b8,0
3089,1325481540-3e4cd4b514032560556d8b07cf069b68,0
3089,1322282340-fc517a271ff405d6da4aa70b41c8345d,0
3089,1326584700-99a83670ca8739f87247f55b54ce81f0,0
3089,1324252680-dad99254fbcb683f81d5a8f4e2063789,0
3089,1325727780-8ebea30640b1b36829fa1bf4edff5647,0
3089,1320955080-14b86070fe037db187ac76b7e5e3aaa6,0
3089,1322610600-3eb767e5d8b140600b92022233aafbe6,0
3089,1320638280-b5577afc7dbb3ffcd3aeccbc5cfa7290,0
3089,1327534800-3d9295fac3c033872fcd4be06855e95d,0
3089,1323120180-6157ca18c189e388491f0ab22e5ce2ac,0
3089,1322712540-9cdf57a7a16ee6286da99e3d1b37e7cd,1
3089,1321525500-9dba8b79b121d03b486188767c89ed14,0
3089,1321498020-8b2f763f0d9c132794b7aed6b55d3467,0
3089,1324920600-59367cd68991292dbf42bbcaaa02f753,0
3089,1321566960-4e796b264536914a6aea463fa9c67a1b,0
3089,1327331160-4fa2cd3a56502fd39818c3c4a0a81460,0
3089,1326994860-8c22b81d858fa26d132fca5ac1a9f746,0
3089,1325047920-9e18ab0f423709191fd979f53ab84a5d,0
3089,1321662300-a0595f03d0cdce4100f690b7fbabcf04,0
3089,1321307940-51dac712c87fb1661dde7dd99807d016,0
3089,1322471940-7a0c9eee82ea3b0ca873d69a7b1ac8fb,0
3089,1327320000-192ba220fea0096f32bdbc65a57cf8a9,0
3089,1321323360-49e4fed9c163cf144e2b4ff91c004298,0
3089,1326417360-65937fb5f98a30d946f0c631c52c5535,0
3089,1326294600-c4e869411314476fd5f60662565e9503,0
3089,1321605120-842b1f70e7d981a06118e26ad1874c13,0
3089,1324324860-63b32366e9045bbb5931d159da3070df,0
3089,1325905020-184bc3bc759a1e7c165f993f26bec94d,0
3089,1320348180-6f12e21ed24b9769346990dc033b766b,0
3089,1326504720-bec343721f61ef66d8a23c4ebc06b300,0
3089,1323378600-9d63d08ee6ae3a4a58dcbc9a58bace0d,0
3089,1324495080-8d46121d094ae89f51d9f49f5de3157f,0
3089,1324173300-74e8a3c93638bcd792420691cb5c34ca,0
3089,1321593780-49545c0439cf36b37e8122148512e72f,0
3089,1320889320-7e626fcf7f1b4bb545d9bdb2b61b53da,0
3089,1324151520-dbfe64d17e07c0d743af17587b6f1be9,0
3089,1327012440-640d3436a08359c920f026d6e9ca3a63,0
3089,1327636200-8caa1dde4deaeefdd83cc709549228bd,0
3089,1321910640-2d7e8989c76c692c3f15b1c5bddbcd5f,0
3089,1324225680-51cf92d15bc733df7108bf2b8ee535e2,0
3089,1321403820-213066c54135810a016dd619ba4c9c1f,0
3089,1322795160-cd83d8c1455bc94883e1a01952faea9e,0
3089,1321222200-12a3ad08db812bdb4433dc57c71c9d95,0
3089,1321905060-a79f0aa8db52d0239220b529ebd81861,0
3089,1323487680-56584acbfffe2a7d87f47a793650fb3a,0
3089,1324920300-c7047f36af7d40c8b0b558f66efcea16,0
3089,1325778660-25e17b49afe3d28ba797782dd5d9c998,0
3089,1323133320-9b9684d593ff1939d3d41f7cae43079b,0
3089,1323394800-04833af3da521ece70af466c4b5dbd12,0
3089,1327957020-a0cc906646e330840628a85f66246923,0
3089,1321510560-af97fd4ed3f31b12981e3052420e90fc,0
3089,1323400080-6dc2dc12740acf3560113a51fe4cf275,0
3089,1324435020-8f33d4312737066de3a73b6b28e56d16,0
3089,1321107900-01c8ca91f26adbf655c52247c2ad5883,0
3089,1320824640-410b378e60f61245b35434ab58811b3e,0
3089,1322712720-8cb955933ab15a1053ccf3af7d30b55d,0
3089,1322695800-bb01529160fe47ff1125c4475363340a,0
3089,1321817340-73d556d5467288f62c0a96491d730073,0
3089,1327540260-fb3179fbb32672f3c973b431f7e83fd4,0
3089,1320901440-446505a7cdadb68fc4541f721648275a,0
3133,1327828500-c13e7c3a105b462d8252fac6726afd2a,0
3133,1323704100-546ce62d8ef5abfe64f483d927bfb969,0
3133,1323272520-7e4ec404ff20a7f091f99b5ea5780d60,0
3133,1327438200-1a7e3e59205730c5dd65472fe03270a9,0
3133,1326818220-03f1b0bcf4b31feeda96ac7186ea9db1,0
3133,1325870100-319fc551c5159198a1eaec64bbaf70da,0
3133,1327921320-9deb08843cf054a438003f71c675d91c,0
3133,1325685900-c2f4bf11dc54ffd5580bc37963ddb0a6,0
3133,1325763000-97ea630e98d6fabcff76a17c2a946669,0
3133,1325280660-436c14fe85630d9778af0efd200bdf8d,0
3133,1326952800-7e523fc3166288bd5dde1d367d1abf50,0
3133,1327599600-a50411e04f94bfadc97d7d7630e2f3e3,0
3133,1327518240-4fc5bbb847d7f30b73d238daa768ac46,0
3133,1326296520-83ce686f5e221e0cf61284de966ebf51,0
3133,1321103340-149f76ac2837a045e37e6b94835ccd0b,0
3133,1326393720-424109f33ae1b6fec765f6af41faea64,0
3133,1325801940-890aeac005a218212bb0651ac195be4c,0
3133,1326987780-bf06955b7e1f446442170fbaf89c0f2e,0
3133,1323702780-25d85999e1ccb8a76acc5e8888d594ff,0
3133,1323108060-0b4de19769dcbaa4dea0c3ab83a51b09,0
3133,1323122820-d2afe6c592a19c6011b600703473c137,0
3133,1326023760-ba0fc9a051e78fe8c3477b3883976d25,0
3133,1323927060-db4664a9e004dbdc0578c9637843edeb,0
3133,1326218280-67cb3e73601ca6a8a06486f9d30defd2,0
3133,1327481940-fbe5edd10e9e992db825b9e76e997461,0
3133,1320785460-cbc102e94a7c24b78fcb65d688f23cce,0
3133,1326110340-de4a5cfab8cb3a7a030b16231cfebce1,0
3133,1324591860-f66db0b0a06eacdc3f776ea929432d6b,0
3133,1324389960-b177195de1bf91c8ab0952f0103bd1cd,0
3133,1323872400-2384f2e622dc056cd5f5ec4b81c319b1,0
3133,1326410580-598cc397e4d0712cdf9b0704bd5b7eb4,0
3133,1326946020-a6a949ad537323aa0fdc0505f0ef6985,0
3133,1325777700-76b07af5a9966ee134f2dd08553f8504,0
3133,1326201060-7d8f32efa45c0e9c7ea86a65a960899c,0
3133,1327073520-aac82e7974a183c08fbbbdc8c94deacc,0
3133,1325259600-b67f985d0e150ec2967c492f2c4114a6,0
3133,1328047320-bc65486cde5fe11faa68fe5a0b2594f0,0
3133,1320218520-174d2fcf8e4aa0569ed2f0d2ce9d27fd,1
3133,1321542960-2cc97823c26a37bfbd50f6babaae7b59,1
3133,1321558800-bdc415ed7e578efe4fbef01abb864a71,1
3133,1325412960-712494b0d4982154725c6d3de19d1b9f,1
3133,1325469540-0cc96889188e9f3c6dbd94774569d6ce,1
3133,1322868420-757c258684873a70cfab843b4905e758,1
3133,1322793120-2d7d3552c3f8b27c150a0a12ad9006f5,1
3133,1323335460-b60a07b6a072042eaf65c6d70c8e0fe6,1
3133,1322862240-128e0f2be9b2328173214eb861603d1f,1
3133,1324599840-af9d27c8fd7e8ca26c3e76b26faa2b04,1
3133,1324584120-b7e8a329c16dad9cf5f348e48f18cd7c,1
3133,1323282060-a8ef24ed751b4ca6e9465fa42f491f1a,1
3133,1321037640-5e75bbf739891ef08353949ec40aea2a,1
3133,1322868420-f6d0ccf6150c37a331f0872841bd5f48,1
3133,1326675840-4ac6d03a20524cd3d692ee288a644b4f,1
3133,1324455900-26ac8bcf38d38a82e6c2744bd8bf69c5,1
3133,1324457460-0c80e1a790fccfca692cf662bff93643,1
3133,1321061340-df758c9f14e69b19a4335e1cfe6a767e,1
3133,1321743720-c473a9955444f827676d67cc14bcc3a9,1
3133,1321627200-cecce9a88da47b06d61f80e14dc90a67,1
3133,1321567920-be57aba2f703294c4b7a2d20d31b2ee2,1
3133,1321744200-fab06c1ab084ca75842735fe3b621d70,1
3133,1325314260-fcf94bbeb324fc851407d990a0d8bb7c,1
3133,1327469700-b5a345a344f8ab59038fb2edb77a8474,1
3133,1327411140-b66d6ba16b6974a74a94d7acd31d804e,1
3133,1324378620-cd91420f1169c8199cc61b4b061dd3b9,1
3133,1327632600-6c3535977c4c0e4e1db1d07f2e692610,1
3133,1323753900-fb5cd3cdb1c45b89000144b7e2426ee9,1
3133,1320325560-9eeaa14b670001440a5669f04475aa5f,1
3133,1324546020-d2946e625d87d4f63a465982d3519b9a,1
3133,1324541400-b1652b4f5768a42341b6f4d7d03a87fa,1
3133,1324549560-1fc2eb75ff2dfac22a2eaea80e2e2b09,1
3133,1320980880-f6e31756ee117922eda10286a0b14e8d,1
3133,1320537420-a488a96b2be55c7f87ea947bd17ba9d4,1
3133,1320810780-227dc1d39679e46e59db5f032de06722,1
3133,1320572340-b37a822b733eaac49b4dc00b2cec2995,1
3133,1320572280-b2725e25ef2514278159629bd173b602,1
3133,1323789300-3c9e345c123eed6015e568b40299e998,1
3133,1327636740-7112e4de14625d2119fac5a6dfca129b,1
3133,1327635840-80725feb873928e5ae85f01e52dccdd8,1
3133,1321407240-98de8a23cd61897b291d2d7b527922a3,1
3133,1323768660-9f03c32371bb536087af3df2c5f3ac6f,1
3133,1324509000-2d62fbffe62a3f2affc302a002a0d498,1
3133,1322691780-95db82e13953d0fa18970701ea787500,0
3133,1324197060-7c21dcee63237ecddcff79d78fb65d41,1
3133,1322502960-663e163458dcdf3d261333c64996e68e,1
3133,1327037340-f09703d46c32e823f44efa1053db84c7,1
3133,1323199380-ab013400a13e47d6a819ed4623089a93,1
3133,1325238600-336ddac02644cd5e7548a4b7320893a5,1
3133,1325239020-3897d6018207455bafdbe99c4cebb906,1
3133,1326921960-9e85451f107b484b2679052aceadbc80,0
3133,1320954960-6d57d78f366c625bf8ddb4b828c587b8,1
3133,1320325560-492865cb41c7fc650bb0e59278dd1681,1
3133,1320949320-8aa01861fc6258a1e5013b0b3e78fb91,1
3133,1320897420-4dcb90c8561ced2849803b8eeac8f329,1
3133,1320869520-d04724841b93b48597f7614a7ddc7421,1
3133,1321453440-68e6fac86597b33d5a03c6b71a3a23bc,1
3133,1320895080-b5306f57126d1e4d5ad71740a5702506,1
3133,1320325560-485db0a830412822e244459d7c109916,1
3133,1320218520-9e108568bd49c2a58120f56d48180784,1
3133,1320537420-161b79354aa03ea3749077ac5a442ef2,1
3133,1320537420-3dfa3ce47a3bdcf234003bb6b04945aa,1
3133,1320218520-5997865295f466278a62281cf4422e99,1
3133,1320325560-da7ecec6b8f8d00e83283dc2d3797eab,1
3133,1324445340-37aa85b31e799d49eca752bc58338981,1
3133,1320537420-2e84cfccec99c2cbfcd662a548ea5d13,1
3133,1320537420-847f47d93e6d403c3ee3fe35c25b01a0,0
3133,1326400560-cf24df6a3b8d18cd97c33dfad46e26c0,1
3133,1320537420-7a1263174f3b3a23afe586db806eec87,1
3133,1320909780-9ce56818137dd5f958fee8b3dc18833f,1
3133,1320915720-7f6dcd222c3a37ba02f50d4601b4779e,1
3133,1326357660-5fa3fcd20579c412e405795e82c4894c,1
3133,1325045100-cf929dbeabef1ed5cdc2d473adee101b,0
3133,1320325560-905d90cea2f6335916710af12b79e913,1
3133,1323753900-4d3cd25a671fb92694eb65cc3b0ba644,1
3133,1325689020-0c8cd1d6a39836d4c7535042f51141b2,1
3133,1327720500-a4c862a31b0cd947fc86589997f06332,0
3133,1320537420-b5a13ac727de3f286de805ff7966c017,1
3133,1327647240-b33078ac4f4abae87aeab1493fa7bb0c,0
3133,1327145280-145fd53f83ca2b28d4dd0fabc3491e00,1
3133,1327743240-23d16b75a34fdf5c69ea29f7d5a430a6,1
3133,1322723880-b2871f15cc09bc2bfe56cdf813d97681,1
3133,1320537420-6f944eaa7903083d3d90ff2dfeaae810,1
3133,1320537420-bf1517a4ad9712d93738a50390937dbd,1
3133,1320392880-c2b740f068df30b9c7dc9dbb28b38af5,0
3133,1327806840-50bce0f4829616457e44d27bdc0b44d0,1
3133,1327809000-397207c8324d2342ad92b3399d4496c8,1
3133,1321323360-84b49a5e663535d0c6d34c1a31497605,1
3133,1320537420-f8d61c95e61a6cf9d3d28c5e2003e98e,0
3133,1323986460-26ac18d6483a96f6bab0c7501464b9ef,0
3133,1320897420-5706f509b80df45831e5022d6a5dbceb,1
3133,1325406300-ac08bb3a5a26ea67158498b1427cd0a7,1
3133,1325406840-227e744a3ce339fb65c2625a019dc9d8,1
3133,1326630780-4dc2ee4d330234e817eb139a86697b2e,0
3133,1323821940-d89d3571198e7b6c7fc1a3605e08994c,0
3133,1321213860-fe640d8e1fe2296502cebbb0d250fdd6,0
3133,1323825660-3940b96a07e0789faf7371f856938435,0
3133,1324265940-c161469a3c9cdfd1662e8ad743e6247f,0
3133,1320325560-7f2a17571300ec6a3f61dc7080244bab,0
3133,1325429160-c696fc8fce92cc1866547f55047fd270,1
3133,1325746140-6ccf199f01c0ede4b05131f548c515bb,0
3133,1321100820-1ed60e9e6196aa56a61dd3cc05044f0b,0
3133,1327430940-45be635eb31a8cd7a6c3729889f065dc,1
3133,1320718260-8d428e504b80c18f0e61ca030d57582e,0
3133,1320572280-76fbc3e2fb26c6ce5055288d0e6ac1d8,1
3133,1322404260-8223ec596a149e54bfbf4a073c103b5f,0
3133,1323506340-42a17a774664fc7c28a0b47303ae5e1c,0
3133,1322048700-19d4b4a5f757acaafce911002c210ee5,0
3133,1321842600-faa07cc8d1b08dc5c858df0a06970e50,0
3133,1324927380-5e203207f33bfe5cf99686f9802f4832,0
3133,1320171300-7e3e963c271a04874216b74e0c230d71,0
3133,1320537420-436dd898401d276d7ab905021e096140,1
3133,1324584120-4c686bddfeb95b6bf05a66feb549bb4c,0
3133,1323083820-3f9d065b392b732a0910da1b2f8a16bc,0
3133,1320667860-65cfa37649c4b7925d689d766357c749,0
3133,1320325560-ba54074e516b084d0188ae657094cc27,1
3133,1323714000-1aad361393478d6c1f74360611aafc0e,1
3133,1322878320-2936c37c05a9b1b62e850db9d9c87386,1
3133,1323715080-47c617c427653d348c32f0758b5ab5ad,1
3133,1322878140-db7355b13a07af33cb4ccbefaca09f2b,1
3133,1323663720-18cb1436a1ee5ada05038a731b862933,0
3133,1320869220-3d6a72a367926f671dc1b30f913d9853,0
3133,1320325560-fce7662e2fba7432892d21138946ea51,1
3133,1325129400-4cd320a3bb8cca2e75691f10a3d8a888,0
3133,1323311700-d60cbf8f06ea4472528e94f39eba2d0c,0
3133,1320537420-bc63d64cd596aebfafdad4a6ddf6e3e4,0
3133,1320696960-c860cce610383932edd97b5476e0364b,0
3133,1327802400-94b79ab966479f62b264ca2452a1a1da,0
3133,1321324020-96834d1075fb625987e689e8493bc478,1
3133,1321343280-a49a2fc2cfbcb78edad5c9a8188e1495,0
3133,1326343380-2d11de3383e47468e3193df787f7f475,0
3133,1321757040-36a669f5cb8ef3d9dc217ea2d7873298,0
3133,1320983040-835f735e2e2d9fa8722d26ae166153bf,0
3133,1320481440-6883f6fcaaa339497db7e20d767da6ac,0
3133,1322232540-b767fafcaea7f1fc46d6fc89a79b1c3b,0
3133,1322482140-ddd57604d783a40fe30c3bb0534725bb,0
3133,1321960080-9c6332052b7b41808f9c54fcb8093476,1
3133,1326842160-9fa7ac8bc7efa0ca92befe5734b2b593,0
3133,1320325560-9245fc9da80da4fb2237a25b58cea8cb,0
3133,1326382920-f1cc5d10e2bb7b3e51ece993d1cb4abd,0
3133,1327973340-9d444734200e06503560d6325691bbf5,0
3133,1326127800-ba3b4435a8ffa855edb7622467d8477d,0
3133,1326748320-4cd05221e13c664637cbf5b68e53f315,0
3133,1325188680-11501f8795b6d812ab2e4b64e757780a,0
3133,1325045100-0c0a9e3002093d5f03605fd9efa02745,0
3133,1320537420-700ee4982136aaac513c1a1d632e2efe,0
3133,1321954320-2f7364ec16ae502cb67d7c66d1a6b114,0
3133,1326184200-46f81b3d80bc462a58d9e19d9dad175a,0
3133,1323267300-82daa1711fa310383c084dc07b452409,0
3133,1328016660-5bbe9abdfc61d43fac34aa67687abc1a,0
3133,1321902660-014830ccde5d910285eb5329a08913a1,0
3133,1323903660-457076c8b7b4d105a86964967b654879,0
3133,1322741280-ceecd9f037a0db47dfff89bc73c041f8,0
3133,1321092660-61e65621e325ffa11741d13d74d0ccb6,0
3133,1320325560-2230b9ccc2ff081f1f06463124051b83,0
3133,1320537420-58bae04850e487c920ed6a2813fb39fa,0
3133,1323772020-4cdadcfe64d40367ee64547a2d4ee0af,0
3133,1323822840-f2f0caff2ad61ebb131fb5b4c613ba83,0
3133,1321867140-b3a4f170e531aaf529b08346c2d60fd8,0
3133,1323274980-53e45e290d9ae8851af78a492807b6be,0
3133,1324149600-82818a15929e93009458512b2233242c,0
3133,1320777180-092eac8b1fb2083911bcb5bb2ab9da39,0
3133,1325833080-7498be43728974bc7b0765ea7a34e0e0,0
3133,1323709440-c0bf7f8b3b70d9d4223d536eca372672,0
3133,1324609800-8079d0284c4d7ab469d5357fcb5a40d2,0
3133,1320537420-c3e1979cc835216de5211aff761e9617,1
3133,1320567060-416893f6c68dd5ba4a6bd8890610de5a,0
3133,1321059900-2657f87a8aca2be479e97ba6a1c8ecac,0
3133,1323750420-3b8d09c23f21423e7fff372bd0a5b427,0
3133,1324336080-a155d4d685885092752512bd92b18f74,0
3133,1325596080-b2dca8cde8eb41e49309201bb4f35719,0
3133,1320819420-a0ef4758f6b358ef822d2ea27019cab0,0
3133,1327371720-7af5ae632136d0d95557ed93ed5f5a49,0
3133,1320908460-31f56dc50d8bf412a1ad0d4f39b8e7de,0
3133,1320802380-4121eabc39dedeb66a6f83ec380420a0,0
3133,1321335720-71915e3a471e8e0b3b76874e37d5e0bd,0
3133,1320134880-79b1e049ebcabba78d8298754ba44e58,0
3133,1321884780-61312bd2eddf8be04bcd17d6d0789f20,0
3133,1322706240-98be3bdd99eb023c153c7682b3167214,0
3133,1326246900-673455fca4195d3ddcbc0ad5d5ee18a3,0
3133,1325483880-4ceb67603c4d536ba21738dc6dc78221,0
3133,1327910760-4c5f6928f5e1df46c4c7e3d2caeb051c,0
3133,1324374060-85db0fcebfe47eccc12c08fdfe00409d,0
3133,1326007860-18f6cc03f23fc100d25ad68f3981d00d,0
3133,1320938040-fcc19d26e1b35ee68ed24cce062ba7ea,1
3133,1320893700-34fff515f2ee79f81ee3440da1ea817e,0
3133,1322142420-a62e3c20730d7cf5274c652ec662c25a,0
3133,1320980880-4e5eb25493a46ba2b9c91bba075d3dbe,0
3133,1320937980-059e63eaa6498a19bc9a536547e799a1,0
3226,1322282340-3691bd658846befaa2c7a1d0270db99a,1
3226,1326401640-35d9f80e0d4bb62dc83bd75cccd5737d,1
3226,1325269680-65738db5b7e130b3e3cdef80562a4217,1
3226,1327254060-dfd79519e30a6806cf30ef3833c77338,1
3226,1326300900-64e71a40dc5127382e6eb6cadc995f18,0
3226,1327742460-7f436696f9c7d07ea3b1bd5c626eefc1,1
3226,1327697040-a36070b68f9c3c0a6dd4e0678b6ac287,1
3226,1325428620-36120cf94dae033f7d17f373375a8907,1
3226,1325433600-45f3914ec66c71ffe34b3432a2ac6492,1
3226,1325433600-41c7302dde471f43ffa3cd727744c873,1
3226,1325428620-d603b2b5577cb0294fc581c8013a7eed,1
3226,1322859360-94e788a6f8cb897359177dda29a85fec,1
3226,1325941980-25ea51c859d02e9911c1c2059a498c1d,1
3226,1325133120-c87cb1d98d6aa07181d5496e356a0af7,1
3226,1321797180-363f5c595dea28b58d8eef18563ee011,1
3226,1328056080-c121dd2ba50e71f59a683a0b698639a2,1
3226,1324350240-1036a8f6ef705bbae4c85cfde0be082a,1
3226,1322715420-f8286d061acf11bb322bf3e231f5b97d,1
3226,1322830380-1a9d1195ab8376913ff950afdf147e83,1
3226,1322832180-067a86416b78cdf2fa281c72bf19dd28,1
3226,1324623660-a65453b2c609ca9ba06fcec8e5544454,1
3226,1326679680-349cca60e920b52ca9c93a47709cafc5,1
3226,1326679680-3e44026b2f6425a795ef6308fb8ac55e,1
3226,1325813280-68d0dce23039cc873b7f0a88f9ccf08e,1
3226,1325813280-bd3d0f912f2cf6454f061fb817b4fc13,1
3226,1324805100-c07fb4391cd7aee8dcee088cbc6bd454,1
3226,1327949400-6b9ce8502d4b47132ff9feaf19f9d67b,1
3226,1325133120-90e77611729ecdc891c269fed80b2fae,1
3226,1326517260-359be4fb1a4451e8eb653089a62499dc,1
3226,1326517260-87994d2364aee8dcfe511a7dcd5da4fe,1
3226,1321996200-6f3077741ef9e07ff4f090c19eb1d3b2,1
3226,1322296080-4c910ec141ebd659179ed2dd3f4065d1,1
3226,1321528620-7dedb539f45d00271f7fe0fa3caec72e,1
3226,1327123080-26a049f262bb1a741c081c9c9080f771,1
3226,1327717500-44de00a9bc5dd8b98f967b73b919feb0,1
3226,1322212440-bfdb1ccf0698c18bdad94aa22bd841a9,1
3226,1327032720-a9630601e8a11e6e95c2245b442044f4,1
3226,1322249400-ad10dbd8a64b191520e309e632f51cff,1
3226,1326866760-855ffaa86b02ed5b1678c840df2dcda6,1
3226,1323814680-5fcc96796d29e8d21e694b7b66ff80c9,1
3226,1325251140-751a8e288cd2839ca5b27e931c709437,1
3226,1320542880-6a10ecbc10324f7523880964cc268ba5,1
3226,1327215120-243d73865f4997fb28d7069531320e32,1
3226,1321001340-6960682ddc51a7c9d86b4c250e40075d,1
3226,1320134880-696a35fe1a6d19347d517b21ac257e3a,1
3226,1321017060-f17ecc2aa688c24f3b77d5ec8a9bfea5,1
3226,1326842280-238d75340ea632b39b73dfd054fd74ae,1
3226,1325059800-2b1c34df867d5382d4f631a2a1bb0326,1
3226,1324364820-3ef61203bde76648112ab7269110d733,1
3226,1320239340-b74a098abc6eda37d37695a1aaf0fae9,1
3226,1320239220-028f4d827034f2c1d407fa78a312b214,1
3226,1326766140-604801edd904722d9129d0062ca023e4,1
3226,1325130180-60a193c186cfbcddc14638af88704030,1
3226,1326977280-714a2dbf4aaa223176c72c6d77a85d69,1
3226,1325850840-1982a9af2303920a5a1134c62458c066,1
3226,1323569700-509692fdacf8ecf273935927c9d78ec8,1
3226,1327557600-27e027e685934d75a3f8a50e48d3de8a,1
3226,1326962820-19f01a11d5cfb28c2239d094c8af6d9e,1
3226,1325130180-4a27f095661940c869ef392b587230e7,1
3226,1325572140-55d716cca14fc75c8f5ae477bebae041,1
3226,1326830160-94df719fa6f82daa2db63c11c1b807e2,1
3226,1322242860-792a5eadddbbc3608a3c022315da0510,1
3226,1324358640-ccb842e287b0021052e2f5a1926beabb,1
3226,1321325820-fa725e4bb48002abd1c31d1e3fa7846d,1
3226,1324510140-fa923d08f17fa26bb4619b77c85e1a5c,1
3226,1320537420-faf47d7ef74aee244fa01af62a551f60,1
3226,1322800920-a24f81f43af2448dd8add9d536d92085,1
3226,1326482700-ad27575f51883643183b91acd3036b64,1
3226,1320452700-26c64f733832a1b4d8891887ce9c18b2,1
3226,1324550280-947f224b6b552438d852c12abb6b2c45,1
3226,1325823180-be0680a1c6b4bb316a7c50e58d4d3a0f,1
3226,1325263980-90b7d7d2366d089efedc846904131718,1
3226,1327532640-7145441207b9934fd5bf0888e460d555,1
3226,1325442660-899369ee810ab98ab9b1721821010453,1
3226,1325443260-2c6545ecf18d4728fb7825c15c28235b,1
3226,1325682540-b031a51659cd0316d8bcbcbf3aed8737,1
3226,1325442660-ab02430d021a4e29a21faf2c308b7ebc,1
3226,1324371900-9694f5baaac7d9aa5efbd724682a2384,1
3226,1321668720-049ce3ee9936d97a8f224268234ab72e,1
3226,1326463800-0d46d300c115d009bab86e0e27574064,1
3226,1325823180-71cb65117a17829c591aa305dad65ac8,1
3226,1325657280-9b0d1905c7220c3eca69b33ff2aa2a4d,1
3226,1325657040-b805623ee3f963a2ecfb834af0a8d5cb,1
3226,1326183480-798b338772d316d0438eda59628df482,1
3226,1326875700-7e2af0a39002dda229e5986ac8ac7c89,1
3226,1326206100-f23ce656b564093377a46829a1eb2ec9,1
3226,1325790540-89d3daffe46f73e15222424b54923438,1
3226,1323730380-a77073c57d6164b6ffee6b6745e8111f,1
3226,1326892380-56abced877bf58512beb9db9cebb9f21,1
3226,1326165840-f11dd82a027b3a0e50624dbcfd0ed300,1
3226,1324414620-064bd855f21f5343836258cc7ba60eea,1
3226,1326165300-9135cd37bd5a325bc03e6f2978a21a5a,1
3226,1326165840-1a116e5240c3a25bf43c72ab3ad8403b,1
3226,1326251580-02933240ae3f7a40808734a6f77fc7ae,1
3226,1326898740-b2fb44143549c7159c6f4b4ee669190c,1
3226,1327713060-009ba46899092fb2d291fab106e54848,1
3226,1320418620-4a81b4a737b46d4d6a9e955091ac9726,1
3226,1326981900-204ca66a3c2e3eaf4f7a429d2d4814d8,1
3226,1326501600-a6e05ae7c7a2c2a7cbfeb55de688d9cd,1
3226,1325409720-69f08eeda6c1b775b7c73d11b8b6b023,1
3226,1325349120-9f6011363e270c14288d8611594e9d64,1
3226,1321332600-9fc905c2fb6c1ba08e2ee7e1b249ba6f,1
3226,1326165300-65f200af59f686470208a21cd3d4c364,1
3226,1323324660-6fce3d1ae02a7810ecc711a9f4e6a4a0,1
3226,1320960300-6ed11fc3c4b3e32fbd0ea319b8fa451e,1
3226,1324389240-1b2fd5ef2dc10102ae6a0530a1c18351,1
3226,1320820560-b54f7cdb601a7bda70cc43fc9e9fde90,1
3226,1327551840-2b80eea9bf969b12d408baf81e8cc0be,0
3226,1325083320-908e0d214e065655f4b2b96095087603,1
3226,1322384280-2385dcefaba7748b1f22593191f9084b,1
3226,1327239420-741dff87bc3df8cf3ff30d86794589bb,1
3226,1323806580-bc58712f84e7bef6445deb033f29d99c,1
3226,1325891340-4ab43763196e0e4ad34949caa1cd7eb1,1
3226,1326251460-705f77556dce0ec857167f822375889b,1
3226,1326251460-9b39679a7c4bdd875d3c405820a58302,1
3226,1326116220-620122655611fa76a8aa0993a488a720,1
3226,1325567520-682371fbc7a133838e6383a1cd0f9097,1
3226,1327193700-b9394b61660e34905a840dabd739011b,1
3226,1327528500-0cb4bb1879686b55c73c18e0a9d7c985,1
3226,1320837420-5b14a4ad090d526adc89d0c28149509c,1
3226,1326632520-a65ab4dc90025cae39b2f2e519ee4c44,1
3226,1326041700-51f4425a0c69946ee6150a544914b0c8,1
3226,1323960360-15ef98f126695f21add8d4e4b1fd9032,1
3226,1323997980-db6f7d64b4a22bfa91019dead7529269,1
3226,1326968880-959dd9ca186378789f27f757461a26fd,1
3226,1321568100-add545cc3db44c009e2910963443b840,1
3226,1320807240-780518ca76a573ae65cf6f39d45c8563,1
3226,1321411500-a3078cf90e49cd6b7b03be2238e7bce1,1
3226,1326243180-cf31a11cb0a0b13e068bc24aa33bceb8,1
3226,1324144800-0910ab717a6264f6042dc156043ec1c9,1
3226,1321063620-deedb33481fb86d71cd4c7b26529a0f7,1
3226,1324211580-b4c407f42234098527526f55ccced307,1
3226,1325867460-931a8e8f92f3f0578f8766f50a881324,1
3226,1321059960-737ff910d464476028b1728075059a6c,1
3226,1321545900-47d4d22cd7cbb7343f9fd1a33f17444f,1
3226,1325208420-f372ff7ea3f98b3ba51f67a168c3a310,0
3226,1326403380-1bd6dd8c092054415b8e07f9b371677a,1
3226,1326819720-4f649794d2749e967f7f1bf37bedd690,1
3226,1326869220-6b2afef41883e59a319a1e63e39c8d7d,1
3226,1324992540-533a662aba919a9b08344d45fb642657,1
3226,1320937980-68eab6dd807b827a1657272746f23ba3,1
3226,1325469540-0cc96889188e9f3c6dbd94774569d6ce,1
3226,1325412960-712494b0d4982154725c6d3de19d1b9f,1
3226,1326366720-436bf0a3fe3e2c10a4e54fcad4879f83,1
3226,1322373120-49b1ab1db9273d2c38078566f6553581,1
3226,1320897420-4dcb90c8561ced2849803b8eeac8f329,1
3226,1326868140-fd1b8ed8af8daf45e19661c93d896c19,1
3226,1322521620-7dfe5b27ac2b1c9a4b0560ff2c11fba2,1
3226,1326477000-36e9efd273dd69c0804eff3a89de1c10,1
3226,1324563660-9e67e3d87c28a4cebf7fe8f8d77c950b,1
3226,1320729060-f0a272018e60c4d605d48752989e4b90,1
3226,1327502100-1dfc8d371030a573980b78c8d2f317ec,1
3226,1322601300-c6d5c943ea1f2f60cea8b05743876209,1
3226,1320868380-b0470215ec99fa050db625ec26d2915c,1
3226,1325136240-783c861ab18063d3f690cc9ed93b1549,0
3226,1326793740-091671c60271b1c55b32f70a4d55f8e3,1
3226,1323923460-5207fc8d6db6c670d824536e075b8353,1
3226,1324337280-f965f580a4837fc2ea29be945947f3ce,0
3226,1322605440-26885c10e9b620e7a9e3471cd18e13e9,1
3226,1322775540-18b7c949d3a3a81722ea9846153e4372,1
3226,1320923340-5dc8b797b87724e1faa836f809ef0b81,1
3226,1327281240-c91bf985fd9aba11ebd0ebd5f925cb82,0
3226,1326922560-2ac8b01c029c7787479fab748a629dfe,1
3226,1321465980-152519b15d67f376eada801663a25e09,1
3226,1321115100-41ec5ef5f54d45c0bd6d6767264807fb,1
3226,1324323900-73ca0af9a7a676b696beb91ebe7679a2,1
3226,1322868900-1dd377274e56e6bb9a5095cd257af1dc,1
3226,1321277280-357b2d976ad51a1f90e7a4bfbb4c180e,1
3226,1323868020-8a4c1367341a5af433a183f6e2f1914d,1
3226,1325867460-2a257fd0ae94c9e1c187735ad69c2bbe,1
3226,1322337660-0cd6f51c38d8b07a084f46809311ca65,1
3226,1326368760-ae3e6276ae0d2de0eb3ed7fecec15d58,1
3226,1323292320-290568f464b9e1965efc322e3b6fb98e,1
3226,1323289860-7e2d36678efc413ddc96a22cc79a526b,1
3226,1321649460-7ddaa320d41864fe4fda40bf807add74,1
3226,1325206740-2f91d4219cb5be4eac0d66e68884d51e,1
3226,1325279580-1655e92dc200b7722ceea58684481649,1
3226,1326645780-913042dfcdcb5181c316eedb96fd7154,1
3226,1324470420-55201e23ccebfff6f6349aa366cc37d7,1
3226,1324154520-d023c4b05074d628977d820576ad9b3a,1
3226,1325263680-236e28bfdb533dc7044f81c4c9205743,1
3226,1322311620-91aa135d05af8c71034dbd4476d8b704,1
3226,1325246460-3463cba362b65e03469bd315701c0eb5,1
3226,1324039860-b4225aad4a34ca97f9c0c013bdc855b8,1
3226,1322586480-d3efacb717f84ec3cd9f595963a45f1e,1
3226,1325009460-ddb55a77c5c230f697971941c0a2df30,1
3226,1320452040-7572d797fe6de5fc8f170e67f37b0c0c,1
3226,1324556760-7991118350b0b0238aa5c91a030e3437,1
3226,1325353620-28fa206512e6749f99191822a947966d,1
3226,1325279580-412d0b8714ea00498214064ecd6ddf1d,1
3226,1320700020-2d2f329ff2fe255dfd546a2dc8235540,1
3226,1324477080-1d3b2961ce35334a062d4a21e85b8617,1
3226,1327083300-a0ddb6f7d98ab5d5846137a1000fcf4a,1
3226,1321447140-58ec80357df53f1102029896880e6b48,1
3226,1325279580-3b0dc95f77d644e1826f3e60337dc524,1
3226,1323477540-a494e146757d381324f93fcd62468614,1
3226,1325263680-a0e19824764b860bc48593a684d1fa4f,1
3226,1323542040-f5b24437bfd9bc924f75b881ebb9b591,1
3226,1325697000-f16ab274966b724ffabaf9c636d39c7e,1
3226,1325331960-3747719c13cdba43dff3ac6a37f83cec,1
3226,1324348260-f3a6662ee1e695321071896391a12b36,1
3226,1323572580-83962cc51d95e1bc7d20963791d00ab7,1
3226,1326933420-790ee8a63dd0dd5c5a3acbbf966aa773,1
3226,1321591260-fb124a5e5036b6edcf97580c5aeb6cba,1
3226,1325877300-d75c2eedf14d5758dfac55da4152a7b3,1
3226,1323868020-8e530b2d0701e0dd3d31472003d83cd4,1
3226,1323542040-42fb994842e87ac8e81d941eb98e35b3,1
3226,1326632520-602c9d5ce2c6a3dafecd93af56a2b5f6,1
3226,1327066380-c74a965100e9e2c84a7502dfaaa149eb,1
3226,1324039860-b150bfdcb3641c6c4bf0d31647acc33f,1
3226,1322859360-42c33d3e5c053582c35340a04fde86f6,1
3226,1325195100-37c420d6be00b725241e1915503a8306,1
3226,1324470420-67ebd23cfce7b0edf1205cd4fe3e2e9e,1
3226,1325895300-accf8f7bc450e4b52511fc4b07d07287,1
3226,1323150960-886feca6ccb76ba3ddb7898d6c601b9f,1
3226,1324642980-3bd0d8b31124724e6a702b21cfb80a57,1
3226,1322136120-8089c4188b7830868414a049887c4c54,1
3226,1321141260-cb61b560485f2415bbc5e627b84b8515,1
3226,1322586480-60f33247d44a776065151fc9da17924c,1
3226,1323289860-5ae74f83726654d7ca033c757a45edcb,1
3226,1326755520-182309406ea1fc3f9edb77544398189e,1
3226,1325212260-3725b62bc8b73417557292dee7becfca,1
3226,1326541200-6bcaac2987901b76f95251585721b0f8,1
3226,1325697000-02739debfaafa10cbef81196b3ba5efb,1
3226,1325855040-5e09f8bce6c641008978ceccef75f234,1
3226,1321626720-80eee7613efe2e20d8974b1cd3f4915c,1
3226,1322828580-c69dfd60f7efc91d41065b7642c36713,1
3226,1324556760-6947f3a7ea4903052b308de1364edca4,1
3226,1322655540-8296c7deb2b86872fe1fe6493682207e,1
3226,1326933420-54a77ab6c2017dd770c8e204ab86f29e,1
3226,1326888300-7f6779c0b3532ce9f823f49f9738bef6,1
3226,1322779980-f71d471a79c56877e74871103b895dcd,1
3226,1321306920-208b9ce8e02ca0e1f439b3ff46900304,1
3226,1322771220-697c577ef9f6480e8a40544540e2a8c7,1
3226,1323808740-dd055bbbc62c99743b6901dc72f9f7df,1
3226,1323353280-548e101b2c04d1dad4314a300b3b7283,1
3226,1323936180-cb63f8b34788fbc00e47e8ae84efc618,1
3226,1324764720-b773956bf0c3e26d14ff1a04b91deea7,1
3226,1326993840-f7d0d624911260193a55506d733b8906,1
3226,1325877300-0fcafb49c8c75449fdc178e67dcf9900,1
3226,1322685840-165cc02cf9b80266aec0c155b2515d0d,1
3226,1321796820-829cc0fb517a3989a1aae288544d6360,1
3226,1323913080-24962c0ab187100bad009b870b601348,1
3226,1325895300-15f2c2c72ce28e2dbdc53fdad9d90073,1
3226,1322859360-b0aa9da933692801455245b84959f220,1
3226,1325432100-2431fc32c9cefffea65c3bea9e1fc48a,1
3226,1321798740-488430c822926d343e21390efb86eb64,1
3226,1321196760-ca3d62f79efbf44a99ec4cc70c5f6717,1
3226,1327926480-918b1917967637edb913dae3f796d6a4,1
3226,1326922140-fe882ab55c6b4000f63d76e9f2f1cad6,1
3226,1321196760-1b856b7d58ee9ff145fcf9e04ac00b58,1
3226,1323347520-bfd4f20d18349e59cd03197861cdc6a5,1
3226,1324642980-20932a29a4cbda247cd3bd0a037ac3fb,1
3226,1323006960-c073f93c35a709f1544becf46104c01b,1
3226,1321551060-671a32a6a950eb073008cd517b195116,1
3226,1324816020-581d78bde8c4f735fc3f859b99cf6c1f,1
3226,1327066380-a8956d1574e12c6c7faf0e308602fddd,1
3226,1327854420-30ca19d89c4ff91ca930fa5e3d30a50f,1
3226,1327776900-a9186263d4d2668f01e5413b54023510,1
3226,1321978800-b0480311bbaf5cd17c69944db4955df8,1
3226,1323711540-d35139f3333e33c8fe8add465399fb87,1
3226,1325704320-3656739a3a76e1675a90b552156afcb6,1
3226,1324057800-3035af592c28f036af4cbf31da5d3f5f,1
3226,1326040020-6188b8592a44384c45b3b8cf28b0a732,1
3226,1323710880-4f949e4d8d014b7e5c11f7aaffa776c5,1
3226,1326922140-3834c7f58db417737c4c127abc62e157,1
3226,1326238140-c129c8fb4fe4f969f2212f954c1170e0,1
3226,1324470420-bfd3924e90aac51c7f9a8d64db323ccf,1
3226,1322586540-a73d7b48211d53ac7e5e1311ba4e706b,1
3226,1325999700-7553c5c6d7efe5805da6d9f7fb8848b1,1
3226,1327198080-035931ce87556492b302a61ab66ff56e,1
3226,1323605880-f186f149221d32e2c7e5e5a9d8639d9b,1
3226,1327347360-5aab68fae52a8b55a723c058538ddc0a,1
3226,1323889260-40fc12f946ed4e8d674823b019c83125,1
3226,1327611960-054387b9dace11f1759facc935030bce,1
3226,1322096880-6ec607e55335ca4f9a535f4633b38390,1
3226,1321744500-7f954958840f68df89376d895ed50939,1
3226,1321762440-f5070dc61af5d0dddf8a8bd148595331,1
3226,1321404420-50732dcb0f8289feab8787bdb482847b,1
3226,1322096880-6ee0a4bfdc9c6b2e4153e0758185aad1,1
3226,1323096420-80e0c4c2ee69c4a76349dd69b1b630eb,1
3226,1327507860-1a6089c0941fa91aea148039cda967fe,1
3226,1327854420-59ee7573e14f3959d126a7764cd98905,1
3226,1327507440-0361964b2afe01d699dc018c48ecd83c,1
3226,1322804940-606155517ae1d81478b8fc12277c738f,1
3226,1327948260-1fc62b2e61eb8faedb4e48842047bbab,1
3226,1326474420-5d0fb771ce9267a21a320a994a5391c7,1
3226,1321423680-9a127f33dcaadc3891aca90321822f67,1
3226,1326040020-44b5c1993e2f41a590a56170a986bef9,1
3226,1323350340-5908f37461bb5efb2b3f65173661a42c,1
3226,1323997500-975ac32f2451abc148d391d1814f2cba,1
3226,1320443820-f61eaccc03400901d0bfd67f08b7492b,1
3226,1321266240-784e7349f192782ffdb4ee8834c0071d,1
3226,1323997980-4c467a835137eabae7d078d1fb22de8a,1
3226,1321306920-d835ee80e136cf7d497308043d68ae82,1
3226,1326224280-caadb2fecd857d8169766f5e4bc059a6,1
3226,1321039380-29840df8ac3a198734a70a516086eff5,1
3226,1323617220-51063baa31c5db37213552737b37f4b8,1
3226,1327001040-65cd9f2186c7f5bd6dfb7024e8c67cd0,1
3226,1327935900-0749dd5a03cd4565336112e0994ae790,1
3226,1325705880-89a2fade7ef9d1707adb087fc6917a31,1
3226,1324312980-b90dc17090fbb97ceb956acb3034e446,1
3226,1323965940-92cfa46503e4ab2dfaeb267a00caaa20,1
3226,1326640680-93d1229e89c2781ecd880155ede74cdc,1
3226,1322758560-d0ac7554ccb71278e11f5be780230307,1
3226,1327841940-640ee32ba7c14c3bc49b6d158d0d3a31,1
3226,1321796820-90b2a0e6d0ba0b38470b824b4b27afba,1
3226,1327001040-c4a872a780c590e2f02fbc6c424982e8,1
3226,1322337660-562c6a0487ec3da4631b7fe2548c2b93,1
3226,1322407920-2d5257e922a8fb9ee981b11b217e8161,1
3226,1327242420-d788a50598ffc1448bb94df28a0e58e4,1
3226,1322855400-5b4f9c2cb6fdf15270ac49cfc775b376,1
3226,1321551060-f23f70018d775c3b40292b706ea726c2,1
3226,1327821420-31b7846f14eda34b5926ad89f3742326,1
3226,1325621220-f6ee8b0f794aae1f63519c1294325982,1
3226,1324750080-dd5b8623394918972aa66ff96399df1c,1
3226,1327001040-85f398b9047f70f6368edf7896ccdef7,1
3226,1326927840-81b6075259e86dcdb00bb3e0a5088430,1
3226,1323711540-c981dd5798175f744f6f7a016e3949e8,1
3226,1321648740-3f3ebbc544098039e4be32c3acea6c97,1
3226,1322778420-d9653d7d85a3f452ae3cee2891869a6f,1
3226,1325599080-42b88870af3082354843b05b71cb6ef6,1
3226,1325652420-021011cdde69c3bf3340fd2886a5563f,1
3226,1327593360-5c573513aa0cda8ad1f5fb70847c325a,1
3226,1327619820-4c30da23ec92ddcea20d26e0a6330f9c,1
3226,1326198480-bb25c3224e481a5b80c0f8314b55cc6b,1
3226,1321211700-4ca65bda879c3ab0e6ea6c586e7a34e4,1
3226,1320589020-7de1b2e09c09e8a74a2cde99bd2330bd,1
3226,1324403760-cb4928ecef6cc7402aa41644f8f23de3,1
3226,1326481020-62e7fc530a5567a19f2a080e27cfc287,1
3226,1326640680-cd651afc7969fd60ff8d9544001cd6b9,1
3226,1323821820-f403bce458338d9b3676b72382ec7208,1
3226,1326395520-b7e3bfef2ee400af15c564f4e99b1dcc,1
3226,1325001300-6815ea3bce2044ce5a69cb95b8fc4a34,1
3226,1327198080-dfd9258a5078af1d8a2c75421ba96ac1,1
3226,1326026820-588ba8d289d9d3578cb6e91d275c07cc,1
3226,1321662900-91cc0c01504219a211350754c3375d7e,1
3226,1326824940-02c88429f9f81ba6be3271e399e165b3,1
3226,1320987120-c29669497e9734b564e0bd9ad70081df,1
3226,1321790160-b361acfb4ae0d8ec2188ba45b5c89bb3,1
3226,1320338880-b47e603a167c7d199ba3efba9b7b2a85,1
3226,1327641780-53d1aabf2f361a617c6bb09617750485,1
3226,1320693600-b8568fa862254c636d7444a86240c1b1,1
3226,1321926120-1488c89a897f5297033c450cddc6d700,1
3226,1320338880-b6552f92a990422993eb2cd2f54bcda4,1
3226,1325103000-11b1ab00ea18ec0094941fcfcc8ac534,1
3226,1324012980-4abcf2f2f8b4c35ae5a26a2579ee0c40,1
3226,1320338880-c1a0a6f5d796b0872a9f25504700342b,1
3226,1327710900-60b958d956df08e32b405bb4a214b329,1
3226,1320945600-fa52d2474fe6eb5db20ffac9842310bb,1
3226,1322504760-17576b5f137c968e9e38d9763b6f042c,1
3226,1320338880-d20fa6c3d62eb5dc872fbba13874f03b,1
3226,1326632340-69aa6d3cd17c425079e22f065757f275,1
3226,1323001020-375d7b549305e4911bef6c17a59a0e42,1
3226,1323292020-c522f0e199c6c673fb77d43afc81412c,1
3226,1322685840-955c21baab7096276fb3f89f05945e8b,1
3226,1325888640-d56021be5b27a2891998235a34b7751d,1
3226,1325991240-f3faac8bc3887aac19d6a07dee7ad65b,1
3226,1321364760-6c7b91c48186a845d3395d6daad0cfc1,1
3226,1325895300-a923fbc3cf89e601b8dc1825d10512c8,1
3226,1327533840-75fb00a4e548b1eb1f3f17d4180a08b1,1
3226,1322073900-95d3d6bb2803f30cdadd0b89d49d7e80,1
3226,1326436620-6b0b7e1f3fc56f2ad12587e047ecebda,1
3226,1323295380-945eda1a14b26fc8b8c20fe16fb212b8,1
3226,1322311620-7dc0c6755d06279f89104393083f830b,1
3226,1327624080-bf8a929a443ba7c1cda4b7ea56b55b50,1
3226,1324189020-8a95b54ef57755cd60845c417ca0b3eb,1
3226,1321293180-ba2e6a5d0f99c44c4b86982b8d489097,1
3226,1324157640-cf87f2d0841661022f48adaf18778a63,1
3226,1321557960-16b9eec15c7470b2153144d0e2604b57,1
3226,1326844260-6bbc85c9fc18bd7bdb5431efadde4638,1
3226,1322781900-d15a860c8b3566770413f74d18f8a26b,1
3226,1321404420-330c8d6a928f99abd0602f51fc77501f,1
3226,1323298320-6ee8ca589f05636156a59ee59d92e687,1
3226,1320876180-cc4c475afe981432a909740e0feed6d1,1
3226,1322694180-22075a30026df5143d8c21489d35e5fd,1
3226,1324001700-f914bdf122b26aee354ba4b2867ccafb,1
3226,1326632520-4a33f78c3b51cc0cd0f658bfeb5a35cc,1
3226,1327188120-025bcaa79ea1d6c13d612cfd9fc0e802,1
3226,1323906960-feba3ccf64ef6c3f57cd20da87a5dea8,1
3226,1321762440-77ed5043d567c4a3951409275ff44bc1,1
3226,1325897220-f7516759024d8e7947ac6d06161b2c68,1
3226,1326600720-37b83dc2583c7d744403af67f3691df7,1
3226,1327378080-ddb90e40b6d1043847adeed396788900,1
3226,1321762440-7da8a048876d69c66e1169e554fe89ac,1
3226,1324314480-307dc894d5adf707576787ea2d9d04fa,1
3226,1325425920-5675d2bcc8d3467dabc64036d54a5e24,1
3226,1322859360-63e8d5233a968f87192258ae2efb165d,1
3226,1326163260-bc2d48bfee5b093d2812bd2aaff3c1c0,1
3226,1327347360-fc6794fdf625d2dc3b2bc0dafbd77662,1
3226,1321286820-bbb44b4bccb065f9b6e5f4ba810cd168,1
3226,1321735740-2791f5beba7a219fa293c9980811ef1e,1
3226,1321420080-abb578616c9178187d01e20f239da60c,1
3226,1327461240-a412061dd8a6a0ffa2a4436202ada67d,1
3226,1324172280-cd24ed22f5d7f43ca336b440d8a15945,1
3226,1325303460-b6a28ba2a1e12b2933093b486d6c22ed,1
3226,1327210860-38fd430652a678d7841267c82bcb5eaf,1
3226,1322614680-499455f8c0c2b84c59a89c0a75ec66bd,1
3226,1324490640-09f601e50452e2ce6d6adebdc85f35b5,1
3226,1321462020-ce25b82ce140855466ea5c5622f07e83,1
3226,1321196760-d10277e52861c6393bdd463505eedc41,1
3226,1327506720-b5708088a34cd0a9079927453160e7e2,1
3226,1326558720-d9cd4e8823ef95f156d5296ed3ccd042,1
3226,1327587180-78a13158f8c776091f00605c7b66357c,1
3226,1326230280-c5881d9e4c49387699387facf8399bbf,1
3226,1323557760-2936981e9a29c3ab665fe610cb89e94a,1
3226,1323791580-64156a401cb6ec324e32a646d6cb1346,1
3226,1322868900-60c0aae4f4811d8a27d9dcd5c2e69f72,1
3226,1321589520-b7db395c50e6f7beb51e749a54fad3b0,1
3226,1326837480-b560f9c047de14d1c3dcbb527d9a1be8,1
3226,1326602640-874ea9b5f4e595b11fcf559ffd2afb58,1
3226,1325606460-290bb28a5f366f914768b4a60ebffe7a,1
3226,1325046900-69314093ada21e893783e110db2ee97d,1
3226,1326915480-19aa095ce08dc85868619f59054860fe,1
3226,1324160220-0974e87b3b7536bf41020edd5e46940b,1
3226,1323386940-d7bfc3242cb4de58d09e44376d06d3f3,1
3226,1326300840-5eea9ed9ae2fb5b90526fa01eba072cf,1
3226,1324843020-2e90a00f04d42171a433c3659e4e1f41,1
3226,1327110660-3234bd21a917e8b01fbf9d62046b70e3,1
3226,1323700380-0a9f59f515df06f4ca262d64831a1d63,1
3226,1321589520-1b5f7562b16db1fb23812e0c3f3199a1,1
3226,1321732140-502eb5063ebdfe6bf5b7fc63ed47fb12,1
3226,1323843300-51fe61aeced5fe97e5093b14821538e9,1
3226,1324437000-d4e7a4b1d1451b1bfff4f054df38ee9f,1
3226,1325786220-395305d228372cdcfe6a2e11098be376,1
3226,1320945600-ab4444b73744bb82d2e2a4a6d2c0da09,1
3226,1324259520-c991213bcee8d9ae79fcf67cb4a17f27,1
3226,1320508440-829e5bad7ab987248febf7d1707d292a,1
3226,1326921780-9c77ec36c9c23ae5ac7813e6bbe0910b,1
3226,1326872460-06520c7ee3f759eacb5cee5c3f9c87ac,1
3226,1327623840-2838038507d6edcc1b78cab9a66ad3cb,1
3226,1325798100-0c6bffb558185996c0d60d6b512112b2,1
3226,1322859360-ab568f5d118e0004bb6eec350a30af80,1
3226,1327507860-79fd6c456d03681c73a21be9c51fabf1,1
3226,1327435440-69b003886a876b3bc2a4f4373bec6ef7,1
3226,1324578960-f01d3b1d06b5ee7cd704e055c6ce4951,1
3226,1323551760-19af9cb2ff00212ca15dece4ec0389d5,1
3226,1320864900-133d9ff8901d0a55d4a646099106966b,1
3226,1326980940-936f18057ae6d70120dbdb92a55ccbe6,1
3226,1321762440-7863b292fdb181d61ce939932055d14e,1
3226,1321978440-3eadaf5be98f0f47f90cdc95685168d7,1
3226,1323469500-d3314b6c2222a9389a473a6f3b454211,1
3226,1326828780-b3654b58910f20c6d41581e26be95623,1
3226,1327001520-dd3edef99bb488fe7292eb3c093f97ce,1
3226,1324823400-1c63878b66a4027fe7a8a251682bc78f,1
3226,1327615020-faabe2b0882a0cda2327f9f15d1592f8,1
3226,1325609760-2cef016f73b52588756d716b807d3622,1
3226,1324946160-fb1aa1fd2f4380632646ba52cdbb67c4,1
3226,1324344240-b0c0d1842c5763b62ef0c9ec41a17f84,1
3226,1324946160-9bce503ea49d25966859091cbcd08798,1
3226,1322401440-b781d3b19666c7ff38d7c7619ce4314c,1
3226,1324647660-c2d6355d423f9bd76818c72ff3589e5e,1
3226,1326238140-f3c8052f85d1adefff1e3cfba2666b4b,1
3226,1323129720-c4648fb2e83eb6f14bf15c7e49af038b,1
3226,1323531120-cdb026a938596be1ccce5b5b93b8ca74,1
3226,1327011660-0515dea89daa07b526dad5fd8f76e30b,1
3226,1323292320-db4013b00b121aa213c7c2e0f49b2b18,1
3226,1322775660-f4976e71cbe7f6f94428d6f364988cb9,1
3226,1322868900-9df32abc37a7607c8cd36c92e9fcc128,1
3226,1327821420-75538a1c4e611891f029f33e92e865e6,1
3226,1322606400-ccf47a2e27b9c23fee8977e84fe3a61c,1
3226,1322944680-c5815a2efb8b1a99d4a8d0ad5ffed666,1
3226,1322944680-49fafeaaab07558eea9005c47133d183,1
3226,1321506420-ff6c720ef312f24eea1eb40b2d0c9df6,1
3226,1321447140-4b1a4315a1f033f8126f21bb3df134ed,1
3226,1323353280-acb441a7a9e9652f5d01007583df2848,1
3226,1323395820-9ec18a13be4d03e2d5a16f8f81272fdd,1
3226,1327198080-fe200f7a2443abb4f8998844fd8ab941,1
3226,1322868900-a09c6f8e50f8244de49e7a3560ea06a5,1
3226,1322779980-4249ccca9d6e502f9181ec6a8524ec60,1
3226,1323585420-155445283ed527162116cb1d9fed6571,1
3226,1322944680-129a4666f19539f8392b17acbd970799,1
3226,1320693600-4dda45a699c2eefa819ecaf8f8268d1a,1
3226,1326837480-38359da2f9fbc699d27c91a0a8b5c66e,1
3226,1320898980-a9098981fd3300aca44d7201fe7b6d58,1
3226,1322633100-060b909c331ec8b066b7131f9ace304c,1
3226,1320987120-75c83e1725f5bb18b38e06479c4dd4a4,1
3226,1326837480-741aac7aae77a7f107d0a709e596c002,1
3226,1321065480-1958816d25cb25b84441ce382cf26979,1
3226,1326951540-33d3a395afc82482fc754c5b5e6c8cfb,1
3226,1323893640-8fde0a84a448cfb7fb4880a4ed1ea03d,1
3226,1322513880-72967673d08c23c89cd9ac3fb67609c5,1
3226,1326421260-b6a58c53b534e17e6cf1e7c93d21c3e0,1
3226,1326300840-3b333fbc70646f7379cccd977aa9f84c,1
3226,1323289860-1e6152a7d736643e46360017e51c57fa,1
3226,1326576300-18bb289dfd52beb2d4835c77c3451335,1
3226,1323472380-35a5bf0ee172a53e1e9b0735f8a3b737,1
3226,1322283780-c79124974db5112a7baa8259c6f6bff4,1
3226,1322283780-a69e78d32e413fc1059ea8b72c5b5781,1
3226,1321069200-9fa03e464c58f388aa8f4e82a6f11b7b,1
3226,1326138240-422efd89ddb8b19337abbf5461fad6a9,1
3226,1323282600-dd42cab4b770b345f9022d534cf381c5,1
3226,1324003500-358b501ad44bf39ec82d9b171983590e,1
3226,1321589520-83c7417923d275f22279182ad5141b6a,1
3226,1320869760-0125e5ec6bf4d76d7099ba66b60e7e6f,1
3226,1321649460-0834c1d62a669a00153f832f4b359e0c,1
3226,1320537120-248005cf48cbf28da59e3804c812386e,1
3226,1325776680-3d523722231f3b14cb4bfa1933efed40,1
3226,1324012980-9de0a2e7b850f81a7c2d9c00a3f29ebd,1
3226,1322327280-9514ab2df8ac2d31a0a95fd730703155,1
3226,1326506820-cd6244733da123a0a779eaa6aec856c2,1
3226,1323965940-22e333540f9d2d457205cccc3fb5a44f,1
3226,1327372140-bf78dc76a3bcf094f367835f9500b18a,1
3226,1326138240-82b927ae29119cc6c9c264d0b7201361,1
3226,1324183080-a79bf7929e959ee7e6fe4f7462018a46,1
3226,1321506420-2559aa3c3760cd6586f1a94bd52398e9,1
3226,1323201360-6f8a73901bb93e6bbd543be0a8845793,1
3226,1325730720-47a87d82c181c99b832c9240735ba586,1
3226,1321055700-92dccd74a1eb5f16af0dce0c4f2cc9e3,1
3226,1325961900-1efdd57c668e886f8cf9150ac777200a,1
3226,1324012980-5d0a117f279a67cae39dfa9f18bf9737,1
3226,1323306360-83b5131772d6aab1900f682657d34df7,1
3226,1321420080-66dc03409f358cfef47d7fde54ec3057,1
3226,1324317300-8d9d00a8d5e12ea0e476b0281ce07b5f,1
3226,1320804360-a84869818bd0030c3d357189a5371bd9,1
3226,1323997500-ab5c57de8de58891214555027c8dcbe4,1
3226,1327159020-b0efcca62bc4a2a9a258da9712b3d6a4,1
3226,1327433580-31f528c1c1df22fed06039db2fa14ece,1
3226,1321297440-75f51b9342f539340b9f062091c1e4ff,1
3226,1324536780-0eb3f7d7693ef64d75cc11e811248f96,1
3226,1324660680-2c6438f57c1b56e901d7a442334d5194,1
3226,1321762440-a1d19fe69d24296db56cf46904a87308,1
3226,1327821420-12b620a1c832f17dbfe21863fc546b71,1
3226,1323289860-13fc37a71ecc56074454b1adffb14403,1
3226,1324477080-d2fe510a113962331adeab9cbac2e05b,1
3226,1320771900-be0d5251e7d0eded3ee7403f47004e60,1
3226,1323368760-58958ca85ea5d516b7009d03da4a433f,1
3226,1321663860-0e74c4a444f001b7d713ddf2e373e566,1
3226,1323477540-b24e23af2b290ab1d23004ac4f3ddd5c,1
3226,1323129720-6270af8a34d0c42a0cebc230657386c6,1
3226,1326635040-b0865c08865f3266c9da83319ee4dc18,1
3226,1323889260-beb6714a94a5fe98a673751c6adb5a9a,1
3226,1325907360-b0d7daf394dbc4367ec916fbda8da55f,1
3226,1323477540-03acb9030ab71cad897ea1919ba13f6c,1
3226,1326500880-d40741138e7531bf761be387554e32c1,1
3226,1322792880-b28c55d1a1dd5c32da88318edec777aa,1
3226,1327649400-8256cfda1748a463d00fc0d60bdf6bb2,1
3226,1323386940-70625fb488633e4d19013bcea2af81e6,1
3226,1327198980-d34c955bd1778d53814d1bbe321885d2,1
3226,1327171980-58a7cad407e1666912f8fb101d1117d5,1
3226,1326578340-8380a1da92164b2e51aa321137bcdbaa,1
3226,1324577040-42190f40fb32fde0c8eb0d53c503163b,1
3226,1321762440-ac4c28a61c2730d238cee95f451896f3,1
3226,1322632980-193e4ef3c441751989c6695e332bc5fb,1
3226,1325737860-9cdfe7a31b8d4e3a2fa856839963e716,1
3226,1326146340-7827d2b8e912f64894e9cf2e275f74cc,1
3226,1320452040-84317a9ce983f59ef7e3c9a591ef8509,1
3226,1326919440-a4cee801d5c4099119de79a15961ad46,1
3226,1322660640-259b93b60cbebaf55383ca83403be398,1
3226,1325701320-78b9f8883618a62aa7aa612349cd1a2f,1
3226,1325750100-37ca34ab992eb7f07c5d715717b9d54f,1
3226,1321632900-3c8a396e97cbe917ac2c4bff038a22f2,1
3226,1320771900-0bb2019c49674ac8d0dbfb05fc35d0c2,1
3226,1323289860-4a14aedef18c8bd5916f90fc4e03c8a2,1
3226,1327785720-12269bd0804818aae9ccccdb6f7af3c4,1
3226,1326844260-2aec126e1446f9a5e03d688f8368598a,1
3226,1326551820-155f27dd6cf2daf411f057fdb48ef609,1
3226,1323469500-c6c8ce8d4e39fa3dcb5931c2e5862d72,1
3226,1323572580-d2b5e4649d605b5ab1f66d75e317f58e,1
3226,1326735000-88a149a92a50d30ed3fb8986e4153e60,1
3226,1327185120-5d402e669f511b8d985b5eed59ba1e5b,1
3226,1321506420-4e758938f16551b7cdfd177a927866c8,1
3226,1323295380-f672c82cd9cf5c13ce189ebf32c414d1,1
3226,1321762440-800719294f18ff1941f0986b5660b465,1
3226,1324490640-4dd51585031ab56d2764b6d885156a89,1
3226,1324430040-1b2b9ca7a2bd6508745f562f86abe444,1
3226,1322524080-a7cbe99b2a34ce1861a8ca5e640cfa1f,1
3226,1322024520-6e1c0435338abacc6d714ba2b8690968,1
3226,1326429180-023d9235b83cea513447078d0e317ab6,1
3226,1326593460-a6995460f666feb56d366eaf9bc7779e,1
3226,1326413400-89066f88e5ef8efe134dede198f224ae,1
3226,1323572580-f33b46efd739eaba747dba048b9a4c01,1
3226,1324530120-89abd22044463c67e5d80bf0b1b50203,1
3226,1322700300-2d7912e6ce39a500e0fbe3f7a9eb9bdd,1
3226,1323925080-0907e1bcf14e74e38ea02eed620a77c1,1
3226,1327178460-cca6ac5e12442e376a082ef835265cd0,1
3226,1323574500-dd00d4f2fc481a04fa94bbadfe3bf58b,1
3226,1324948080-f8e6fadff606cb504026e16516b34a76,1
3226,1321928340-a72886c6918ca8afd18cec845d4115af,1
3226,1325870100-90cb9b7e48236d12a32d914e7b9cbf09,1
3226,1323572580-a0cda28f5cf524f909ea51fe92d463d2,1
3226,1325431260-3426608bb20ddeb3ba78510a89e2a381,1
3226,1327623840-aec8094d08dc23d8453fc11b476c9bdf,1
3226,1323572580-0f646047f8ddea2ec1053ea74741b49b,1
3226,1322024520-dda7287d6fe07cf6f591e80b05a38bc5,1
3226,1321300980-1cfd8cff132d356b76ea9b53c1c25d13,1
3226,1321549740-88851ba6a6d07b8ad094c784dc010517,1
3226,1326163260-2396a7710a3257012fb940dc4f003646,1
3226,1322778420-4ec03795e99d4d90bdb8e582f3589631,1
3226,1323306300-9b2a832d21815a7dad125c99afed6fbe,1
3226,1325130720-11fe34b0120e7441b679a928cc300742,1
3226,1326333660-38acc6c0bc604946e8b627f57ba7751c,1
3226,1327513140-9759a05ae0872ad1a1ee78313038a56f,1
3226,1323836760-329e7181d9b48cf7c395b1825e12621c,1
3226,1324442100-9deade5219244c1e7af0797d1e49578e,1
3226,1320719400-5469235cc835ccdf44de85ed651490c2,1
3226,1327331820-15b775b99e45141416de33fbc66a8088,1
3226,1325715240-d6736c54a3efdde07069a3d19271bf6c,1
3226,1326496920-4f450a50d45c1e923641ac1c7bcc9140,1
3226,1327242420-330e8e48290be36a28a2a3b84eef0d38,1
3226,1323615780-d7b99d6cdbf45af9b35bf6801d3afcfc,1
3226,1320537120-b4b4b7280a4f09a6a7fb690b0f922aef,1
3226,1327445940-fc2caf11491a87a7b326d3d735cf4003,1
3226,1323798900-42becdce4a1db37e9bff616458ab70c5,1
3226,1326574500-6b42cd919b6e7e9d9040f87b6ebc1ac3,1
3226,1326125460-775c2c72d4cd663ee41e8fc812aa5c3d,1
3226,1325895300-ffd1f600817ee4519d97541aca5d00b5,1
3226,1325995380-d4eb7d36da6104c9ba47f0f81401da90,1
3226,1323350340-20aa312ebd4f8425ad166a3deb658262,1
3226,1327611960-448abbcc7037f59b8f8a06144aafcd6e,1
3226,1321599000-3c18679b4126cf78530eb7976f0bcf03,1
3226,1320642480-01993329c0bc6334e321de5735b2d001,1
3226,1323129720-9bb09d3e295be99a1bd6ad222b1c240a,1
3226,1321677000-3dcc71c111f437410974a34f6f966c3a,1
3226,1323186420-263b760bc9252142b039911ac09d184f,1
3226,1326926280-3385e2ed773dd824cba55864b8cbeac5,1
3226,1320816420-54595665e59167191821866604b8f042,1
3226,1327624080-fe244bd23734081230731820c7ee8fd4,1
3226,1326813540-cceeeb2bdecc4bfea6b29d5b4a62e5db,1
3226,1326513000-ad592fa55da0b96a4125551692f37921,1
3226,1325895300-0484b3422217b5439efc816112b127c3,1
3226,1324012980-bc2f28e05b5fe6c878e20a0a849c1800,1
3226,1321387800-95880c9c2cc69f7795b02f0b6084fd91,1
3226,1325621220-148c9426125613753bb85f553229c6e0,1
3226,1327203780-b031bd638b08047d5a935251da0cb092,1
3226,1323129720-84d53f5a199dbe8f664ea3e5a44741bc,1
3226,1323965940-44a8eefba4252d8c351ee082028105b6,1
3226,1322944680-234d474c73458bcc49bd5a561a5ebd1e,1
3226,1322596380-ccc1d3b731e0b280c9df50eb954e0af8,1
3226,1323452100-705f1db9f2f157e11e86ccf3e9b26ca7,1
3226,1322614680-4e60abc50c10f7db2dd814d841c2cd67,1
3226,1321404420-b8ffb4d26fc91c54135b3921d4b0ea25,1
3226,1322700300-ba0dc7846a76db15ae76ec19ff8d6c38,1
3226,1326950100-6a4404bb359d57c4211787df40668946,1
3226,1322024520-b140794e6118a3715e0ba7e1be854d9d,1
3226,1323234300-792397369741ded3f8625b894f86ac04,1
3226,1322779980-fbff067ed1b511d851ba6c7e24db3d1b,1
3226,1323843300-2bcb0aec917265fd1598f2336be8980a,1
3226,1325606460-1bed1b82ccdefa5c0415c2e316722b58,1
3226,1320712920-dd96a12ac48be38ba96107039998f585,1
3226,1323870000-5102062aae619ca21161da92182710eb,1
3226,1324592700-ff2c432e18de586177cce725e2bd8195,1
3226,1326837480-5f0202d3d3ab247f54ab69e771544d13,1
3226,1327022880-69abf41d8964a110de82b599b63446cf,1
3226,1321662900-8d0b409012e5cf6e4223a8ad82d3d6f0,1
3226,1320452040-523ffa503bf271c60cfae4c9c17bac7e,1
3226,1327331820-bd5735e3de3ea46f2455259025010520,1
3226,1321599000-99464998cfd48c6a1dec2163a0f0b26a,1
3226,1322814300-fea2a9737960850b9afb5f1809e8a63b,1
3226,1325895300-a732ef606850f6bce615be90c7853a19,1
3226,1327210860-deda141306a2df94d88e473e6bec9b7f,1
3226,1327821420-7732b156799cda06f5562cd658619eb3,1
3226,1325870100-572b9448aa0f5774e4d99120bc5ba8b8,1
3226,1326129180-4d2373459a8a93c7d4e779557964cf52,1
3226,1326033540-ff23d6e1966b5b14c634dde56c5a19d4,1
3226,1321762440-63b50e09055328c61e522e131c2399ca,1
3226,1321762440-418eb44764deb04e550a0195d10d375c,1
3226,1326996900-98e1b30a811caace37650fc0bd3cff8b,1
3226,1324161720-5e5a1da26658898f05bf5c13b2f58781,1
3226,1323395820-d1e0b527c6075233d71eb0e102ad805e,1
3226,1323868020-c79daa9f61d1cbfe457fd4f3d8caf753,1
3226,1321387800-209b975c371cff4a1d20516c1d629099,1
3226,1324012980-00ac9a1fe27964bdf7e480782ad2bdfc,1
3226,1323801000-fb963b26691980c51eddde113e1479a4,1
3226,1323609960-02c14fbedb3804c05c12a7ba3117ab8e,1
3226,1322949900-7090f0f8137f7fba6447a34492cd2c66,1
3226,1326433260-173438bc9860767d66b6d50304c9bcbc,1
3226,1323129720-5ecf02e4fb78d1d1d0f9ebdc9b5d674e,1
3226,1327821420-3087a393d30156afafc2724a55455448,1
3226,1326563280-dd46cbf3fef37203ccd7927685893dbe,1
3226,1323868020-0c817809727d3c64603e47d6501772f1,1
3226,1323271380-4cd199971669ddf91f78985054e761d5,1
3226,1327728840-02006e07eb1526e395891d2581e1c9c7,1
3226,1323477540-24aa537290056ac652396c647a355a22,1
3226,1320510720-58df1fc0730b004f4440803e4f0dc502,1
3226,1325895300-8e8e8b71dc842a0d584717562bb681f4,1
3226,1322700300-97322b3b56e7728994d5967e33e0eb91,1
3226,1322606700-c17410fd333f40b3067c5893e9554785,1
3226,1322802300-9db4667d7064bc20bdb66e88d1d9ae11,1
3226,1325895300-a551a8ec37909bc92c09b89adea639fa,1
3226,1321679340-0b8f25fb4502f45ae3486a3e9b79aa26,1
3226,1326417240-b3b0b7ab27afef67342b2a806b254175,1
3226,1320771900-94071e0c8ed3daad5f13a19cee666972,1
3226,1321762440-65f530736942fbd2fe370871e0240150,1
3226,1322949900-13caccd55cca39014a05aa37daa1a3ac,1
3226,1321293180-b12dd0b6acc7db59373d9958bbf6ce83,1
3226,1321762440-bb3ad40c34688395d943c248eb619ae4,1
3226,1325030880-0305e885e2410d4e9f50d9cad15357a9,1
3226,1326244020-3b2c0b41aab904c844cc44f9144166ae,1
3226,1323807000-3f9db54eb0ea15b143a54e255fa48171,1
3226,1320693600-7957401e49c9cd6ab7292b4979371ad3,1
3226,1325630880-5402eb8c5e4f9e8964effaa3f76ff96c,1
3226,1322401440-70c9fe11b72ff563b0343f11bfcb96b0,1
3226,1320589020-bfc32b231aa566c500d105acbb6813d9,1
3226,1320976380-1fedd42c60a8b0a847edc2f66b23c3dd,1
3226,1325704140-6cecd761587a0f58daed03cbb8689123,1
3226,1327507440-1713bdd32069e67355d38c579c702bda,1
3226,1324499700-417f2172b015a904fc67c314aab70a72,1
3226,1324655520-3bfedc0185e87e894c41acf463f20f50,1
3226,1326148800-59c99f43714404ab365521cd25fca7ca,1
3226,1327342200-dcd14122f7d6786d82cbbafbeed9af42,1
3226,1324154520-d95015b1f7221d138e8be0e732e4c929,1
3226,1326806760-335987f3ec2af83e6403dd4007b67913,1
3226,1327120800-2e68e07945249a40a14e8646aa341ca6,0
3226,1327306260-dc23f915462381e0c837a312dd4277f6,0
3226,1326349080-2c11f7e4d4ff32655b0579bb7d3ef57c,1
3226,1323843300-0c2cb9d3c68865f2ba492f030a1f47ed,1
3226,1323740340-1111aa976d8dfdc3d908c3129b26ddac,0
3226,1321190580-0cca14018c04066866b741178c4a64a6,1
3226,1323094800-561e6847c76d05486ed24ea1d49f19cd,1
3226,1323275640-59bf203badf3badfd0f7482a085b378e,1
3226,1325626140-7ab990d74b6d4b4c11ce49517e5568f4,1
3226,1321662900-2f02cf76f02f5929a3a540cb716fedd5,1
3226,1327359420-21a08531758ec321699035bf175b9172,1
3226,1320771900-103b08542bc5a89af106a814b849217f,1
3226,1325212260-7a62d6de9d0b662d1a82cf05f750eefe,1
3226,1325363100-3f1230dd482f208cfaae94243c7e20a3,1
3226,1327011660-a7e095066e4f43f724de60617b784bf2,1
3226,1321762440-a435e7a866fd4b049e9a9923607ea01d,1
3226,1324647660-73be6a5aa66df1ceb7b29662311ba74d,1
3226,1321796820-93e45473ed6171c7762a722dfbcea579,1
3226,1324320180-8182a49ab8e81acac000e0260a667b7f,1
3226,1321486560-089713ddbdd06447050c2a8063216f29,1
3226,1326238140-63d21c3b98b7c332a901fbe194e97a6c,1
3226,1323389880-a372bc3cf4ab60f12164c48a232ea78c,1
3226,1324360920-81991c26f96d397dbda10cfb2f5a501a,1
3226,1323201360-f904751a467d870b928b5198637ed563,1
3226,1327766280-c8de8052a218e72b3cc15c3fdeabfd28,1
3226,1320711000-a0f19a190e3b5f2c63dbda09dc39d28e,1
3226,1324577040-5b81e2b4cd3782dc5c66065260fa3e85,1
3226,1324039860-b748979bd6e22c1b259060959b1c0260,1
3226,1324530120-1c02dd27d2979d9bd76b6843952c0e0f,1
3226,1322586480-47509219d7b5ac0f55a9196dd2e5e1ad,1
3226,1326368760-b850a50818ff25c210d7ca89bbf51333,1
3226,1324040820-9ae3e620cd25d91659d298974e34c20b,1
3226,1322596380-bbc2608cc35bcf71e0c952ce727d8c8d,1
3226,1321978800-298fb2086c420c746fe151f3e0ce70c8,1
3226,1323104520-91ad3655b9cb64da402313fc9fc77b72,1
3226,1324586700-4b94c1ce61583f096785c63bbd561406,1
3226,1323350280-8ab4d5f9c056c47b4ddf76150cb44561,1
3226,1320693600-260428ce6220e4fd0a5d558b8ddc11f9,1
3226,1323455220-48b84f75f3abc9fa939e1039ff2493f7,1
3226,1327083300-d5adb7ebeec8121f6996ae041abbbba5,1
3226,1322938800-7e7fec11620e04ffa64a7c5172244b63,1
3226,1326945780-41900d45923264410bc44c2545c498f5,1
3226,1327581780-95b3d25d81207eac75bbc5af19332cc4,1
3226,1326513000-af93ff1877de293ecb7e216451452188,1
3226,1322060160-a058ac3af85dcba3df6d988ac0d62a0d,1
3226,1321290960-2523d683bbc87259c6cfe69836359b3b,1
3226,1323615780-f793e3df20f921c6b3e37eb213056123,1
3226,1322596380-a120152a1a0e7edf12f5b3bdcf6635ff,1
3226,1325269200-18e445ce76d1744eb32080964b76b921,1
3226,1327611720-7f3c32403df096d985029884804dbe0c,1
3226,1323913080-ca0266d2a5a75502be354045e2ccfaff,1
3226,1325867460-53a07967330df8b48ea50e66863bee41,1
3226,1326317400-2f73de647aa9dcffef143c7ca8688b36,1
3226,1324001700-68e0a40afff6973778dd143fcb0b990d,1
3226,1324314480-112ff2608121d9dcc3b8089c4a4f3372,1
3226,1325363100-2e230583f0d0b1c8d3e5b9aa69e5ba17,1
3226,1326396840-6e9f48faecd3d1a25bb850b007f56533,1
3226,1320685560-40fee1856481cf94047fedb27ab9ca9d,1
3226,1326373680-5cfaf291cda35434f12e2713f8dda6ea,1
3226,1323186420-fa31285eb369a8e29d828a76c0422a0a,1
3226,1320470940-adb5564a0d1a50d991f3ee6d41aae35b,1
3226,1327530960-d3cda2bdd11b67fd65aed2500bab5dc4,1
3226,1326990840-ceb7bd57ed581de8a3e4cfbfcef3f8c7,1
3226,1325434140-f72dcd91e353c50f6973d6e2b4f2bbed,1
3226,1321385700-069eca874a874e942a894b770269d41a,1
3226,1325910480-755e6a4d190d0ca4230c8473baef19af,1
3226,1321554360-fee939e5e7068110173afd7df3cd7659,1
3226,1323878580-7aa24baee92934c103c46556501c30de,1
3226,1324490700-786aa2ffcb4ae6b5a30520daef8bc0b8,1
3226,1323782640-8a9810a7e0f1b21986723c1a36e35e2b,1
3226,1326387000-d5b7e3980c5bca6563527e788a543ed1,1
3226,1325033820-5fe1c5e15a1a44486ce6a694d771b23e,1
3226,1322442540-ff70a831fcd2fe63eca98dbfe16898c6,1
3226,1325286540-736e59f9afc580c9e8fbed8f5fac0399,1
3226,1321909020-9ef148474076cc87c9cc117ebcd0f827,1
3226,1322859360-9da62575460addae475578b45df91f3b,1
3226,1326896160-356e32165cc311b1f9ba63695551669d,1
3226,1324043760-547773f5ed109c5e30b69c99311bba10,1
3226,1323986700-f883b3394fc4e60dc8fe4b1a85232a4c,1
3226,1323179460-f43aafa29ab6240eb286c629a10d497d,1
3226,1323276600-f8cb70fa3825403b87f2939a11de1b3c,1
3226,1325640540-2430017f79bdb9a151440639429ab360,1
3226,1325953560-cd7c76bb004c79c049c650ae7b663a13,1
3226,1323989700-f8a9213d4668e0c99b71a79bbd155a0c,1
3226,1320424740-827b5f265816bd6bc31c6eb1e902dabe,1
3226,1325621220-52bedb5f59bea34a170de7e3a0499b63,1
3226,1325736720-5fbc6135a9a2ead31bd1921a85871a94,1
3226,1326148800-251882c1f27b580bf9cfbcedae526ef1,1
3226,1321995540-df11f0bd8899da11a2fb91db3a16a402,1
3226,1327710900-8809f3f3ad846e4e258486048ec6837f,1
3226,1322586540-b072bae564ea914acb95a9f927caa102,1
3226,1321890360-b9eb5872fb72f8b7de9e8fec7db39431,1
3226,1322775660-62a09063b658dd104497b73ac86468d6,1
3226,1326922740-07a8d9887b2f6860ba4eec9f819816ae,1
3226,1326151980-522b06f7415a82654f02946274afdf7d,1
3226,1322684880-4f6b8735a8ca7f06488b6efec06293e4,1
3226,1321511160-40828b3a0dd40788f25dec67acdff830,1
3226,1325632620-7e5e067f21910a0acc969b9d2fee74a2,1
3226,1325024100-a67bd09274382b6bf9af0b74c7761660,1
3226,1325028840-06e9a4088b6a0d440da2606485c99e46,1
3226,1327011660-b662ba1da98b048648c7297e7e5357d9,1
3226,1323276600-9daab923811f7e38ee87ed46e736b627,1
3226,1326230280-3d0c37c2f13df53051586012f31ea3d5,1
3226,1320452040-dc1b8a4a31e36fa42f80874571c14932,1
3226,1323473700-0802b7bbb5c4f33515e91599e1d6c97a,1
3226,1322584800-46a6c92556eea9d782f9b6822ee55d25,1
3226,1320424740-643ef8e8bf2fc01d7fac30dadbbbbd90,1
3226,1324490640-f218aa32cf3a927ca75618802619f7db,1
3226,1327704780-7a192b1c9393d348bd9eac59c7ba19dd,1
3226,1327342200-ce190d3f26d67ea1cace91e3eb0b048b,1
3226,1326950100-f2ca45b485285c1d35ac92707fc831c7,1
3226,1322852100-2e9679b96c24b8422231c59726cba4e5,1
3226,1324762020-ca0195981c9bb211b2c8232d618af38a,1
3226,1325176260-72b22bf18f65b14f8569bc5975cdb299,1
3226,1323792660-f1dca188590e81b28057a350df17d2f2,1
3226,1327372200-70083c63c5dcb4952e0b96bfc0c7122a,1
3226,1325251620-036714b24de21e8badebab04a703c810,1
3226,1325906100-2cc1f03eba6afb0cb1aa9b7835ad94f6,1
3226,1326202260-738a553b0470c5828cd8c64c086bc8db,1
3226,1326285960-7f90486f767bcd3d655c544495ac8983,1
3226,1321241940-f0d75b2f8ffa34292c2acbb56b981b06,1
3226,1322838660-b246afe88c9e21fa407417d5cae7d430,1
3226,1323700380-206110a0138ccc5d6ea7a0faa775a525,1
3226,1321044960-66749bf90d7b7e4a5c0ce921ed2a76a5,1
3226,1325309100-a3efe90d27c4f5d80d89ab0fc374bf9b,1
3226,1325331960-814e8355032ff05084d353fab477a735,1
3226,1322224860-a367718c97605e109910c701517e7cb5,1
3226,1320758760-ba0224eb0a4852eb46683a6609331b7e,1
3226,1325715240-60973773d44454f2bc3456f3b193efdc,1
3226,1323525180-9d2e87e3f5a9660399a11185943d0221,1
3226,1323104520-16dbc3b043a65a1df0af0673bca8a4c3,1
3226,1324586700-fadc7c693e4e2522220cd090f922c0a7,1
3226,1325004180-742e3f27ba3eac97e1af3b2a1cbbb49c,1
3226,1327509900-12a1ef173b5a1f100bf219a7f69e38b2,1
3226,1327467420-418b0b6e0e94e0a29332ca6efa832259,1
3226,1325896440-5d9bdacf23ce1987d189adc453599ea8,1
3226,1326163260-c38d791d153c3df5b61e927fd0e607f3,1
3226,1326373800-98918522112c2a971a2d6de4568d4693,1
3226,1325246460-3456fc160a87fee99c88f4aed4f4af50,1
3226,1323542040-9b41734533c006f6762b827d3f333025,1
3226,1324989780-b6d0c08df3d7066a1d3b37136595d5cb,1
3226,1324470420-758a749a22e5e206aa1f883e99630562,1
3226,1321290960-fb0c9d91affb62566b32493eae51ef0b,1
3226,1324930920-8a27ee3d28ecc4aed7842409bea2eba9,1
3226,1323368760-d479bdf2250d22f355b968b8bc073b7e,1
3226,1327713780-17be35aca4b50258beccacb4e98546cb,1
3226,1326660240-bb799c0eb7bd0d4af2e5290000fed612,1
3226,1323821580-0a6372efcf2f0bf3eb6de253e9fb27a5,1
3226,1323350280-ad2ccc8503236a09066ab31656ecf008,1
3226,1323289860-5507ed6aa163464a3ff214178145dc51,1
3226,1322586480-341d3facf3ce61f0091fb3888a047167,1
3226,1321306440-71f4d8873b37bb9bfff4aacab2cae9bb,1
3226,1325192640-66918e27f6ee834a837fd1129c0b7bb3,1
3226,1320686280-dda6aad676f555601323a7d19b45d810,1
3226,1326925020-321a7ef1c0455776bd61bfdb81931648,1
3226,1323455220-66dfce815683661856cec399209dbdee,1
3226,1323989700-8b39f641576d0237d08ef243a24d9b25,1
3226,1324312320-6f16f3b611c294465ad5309aeabcbe1b,1
3226,1326752100-99068ff1aacfcaacb49de601eccf30d2,1
3226,1320418440-49f23d78283158c7fca86a296e9768a9,1
3226,1321909020-6982c7aca9a954607ce1b6155c948853,1
3226,1327649400-2acba461de6c0363f6e72776cb1ca5af,1
3226,1321501140-27d4f4b401b6fdf08d7631ff159df822,1
3226,1327119780-90f8defb0a4ea3125606f44a980a5bfb,1
3226,1327506720-9433e7aac910f34fc0b3d8e8dfd3fd5e,1
3226,1326201600-3221a4db2365adc2595bdf0dd2d1e680,1
3226,1320954660-64e2c56520fcb8c0ed4df894d1401f2a,1
3226,1320712800-635c3852f8b4a13eb4222e1228a8eb05,1
3226,1326541200-c1b1bda61263fc3bf8754da5de065982,1
3226,1322012700-311b855bcdc90575fb1dfd13dd41e742,1
3226,1321306440-da91987f64587789206b6f786a99a8ff,1
3226,1323123060-02b62c7c19a0d8e922b49e3baa80a843,1
3226,1321044960-a7869e4b821b9ed003dd960fcab17c7d,1
3226,1322399880-bbc95d4e28794a50c00dde5743366256,1
3226,1324314480-5b7aba8636e8c719dd8e336e4945840a,1
3226,1325442240-687f54d4303425a887e790a178a3ceb1,1
3226,1323721440-f9bb0b6b549f0f20f59fe04fe3ff7b8a,1
3226,1321659600-536d021e222fed01bb6ed196c1a4c1a5,1
3226,1326171780-a0ffacd068a8a9d0e567ba93f108b212,1
3226,1323798900-7ec029d7750b360fe67650b9402e0880,1
3226,1326228120-55ab17998836dd8d40fade7e2d9bd0fb,1
3226,1326251160-5305e8d477608996f9b6a2c9f4b93b4a,1
3226,1325189280-8f5a07a12490fd84ab190f64ffe9d27f,1
3226,1321570500-8fca316ffb1688b0f8526277599efdad,1
3226,1327599780-7efbd6a74910b23b8a58b69639ece58a,1
3226,1321570500-6d8816879f9c70710fcb2d54bcb765fc,1
3226,1320719580-d9517d2ebfe18860e017e1fc885d2806,1
3226,1327509900-31505c64e5d5621fc7589c3dae1dc67a,1
3226,1323195420-5852948b19e4c4c70c48d757cf013317,1
3226,1326855780-f7d964735b31b27202f61011409d0320,1
3226,1327683840-099f2cd6d78a0a48b47e4c418e7f5039,1
3226,1322667720-5b17663648b78bf07cf14efe28d93e0a,1
3226,1322026560-d4bdd3d7961ab072c3597eacd4eafcd4,1
3226,1326125520-adda3a9b32eda2c1387a40742141ed16,1
3226,1326323100-39e6d78576d03c928162aa1c91e901d1,1
3226,1320703860-6762f5b0a80a76a8702f3661c1b030e8,1
3226,1325043780-33eb74df6f829da10ffa8c4ac65058c1,1
3226,1327698840-f13c465a483fdc480de0795280e55222,1
3226,1322026560-7f5dda3dbf87cfe594bec23c0051fbe0,1
3226,1326413400-d27f0c2fa6f244747a3e92b2907d3ec8,1
3226,1326657720-6ab2c030812780b744180ce8fc131bd0,1
3226,1324338720-383f8d78782527b8b9cdd760c3b30ac9,1
3226,1324592700-f4effb6befd8038d54fecf01142e1e49,1
3226,1326493020-31cb288069a5b202bf673a4369a68b34,1
3226,1321402140-0510dfd2c8f4d80cca9e957ba0cb12e4,1
3226,1324091580-97b680dc7bf4dbb22630d1f8b39217e5,1
3226,1327356780-f7d43bf646ef42e5a0126d904e01e7a3,1
3226,1321890360-76678b1b61a9fbfeafca8cfa46856681,1
3226,1327445940-99ec95e5613bc230511abc7a405c4bc8,1
3226,1327356780-156fdcf0f89535e23c48617150ee8d6f,1
3226,1326493020-3eef0e342fe7e38b5be58034b416fa33,1
3226,1323743580-c3e63c8f6aae226d824c3bb95bb362f6,1
3226,1325109780-a4be436f2242254bbcc0ea5efd857860,1
3226,1326497460-cf1ef35f2893a57021ce2f23cc973959,1
3226,1327728840-0bd7cdc2e414fd09a599522c10c3b2a7,1
3226,1327110660-00cdeb9bd26c67675f28d552aeb71376,1
3226,1320631800-8cff3c081692ae18e04d160056a89d70,1
3226,1323176340-abd2674f3c9cd50f3cd16f19e190cdac,1
3226,1320976440-255ca6a1c2dec61658360ebfbc4c1d8c,1
3226,1327266720-3e415377d65961a78793071979ad806a,1
3226,1327022880-30876a8d39de2ac3d04457076a44f5f9,1
3226,1324397820-316d73c26c8241bd2bd715a04b3eb56c,1
3226,1326469260-de98ae13f78434dc43d784112a9aff42,1
3226,1322584800-df99292bc0c9a8b5aa38a8dc71a42687,1
3226,1323902760-f766df4fda25607f7f13e3dc9b4c47e8,1
3226,1326837480-55dab2101476ea03ee18baa875c1eada,1
3226,1322712720-3a131e9009647178020646ea6eaac984,1
3226,1323911700-096a68f3512e903a16e97be3f930fd5f,1
3226,1322605500-f2c7db0c7a683a33da07da83a3687e1c,1
3226,1322508300-42a746180e8bac120bcf8838a9a6b1aa,1
3226,1324078080-82c8540b9d2a6e12aaf8055a042ec8fc,1
3226,1327089840-c4b8bb600bde821401e0e5079410500b,1
3226,1326317400-918f73548093fcfce86b18f77f9c1fa6,1
3226,1327507440-823d2a601363ed31f6dfa22971cf475e,1
3226,1327506720-12212541fbae934e406677e887707738,1
3226,1324820580-a00a77508456746d172cff3f1a7bca40,1
3226,1321995540-f6ca7aaedc7f37aff36175e83f9d884d,1
3226,1326151980-f4d8fbb7235391ffd1dd8658cfd4fa29,1
3226,1323362580-a1727c4e46ff10969420bf54d342a17c,1
3226,1326065940-f2cebb61b63dd2e94cb76dcb8fb5f44f,1
3226,1321591260-6a9c0ae4840f09117dc5b1de960f97c9,1
3226,1324592700-a9ac52f69fbc597bb8fcd2c9676e119b,1
3226,1327011660-36e4c63a74791cce7b1009712f759e4b,1
3226,1326813540-282d1ee09756470da81676cfc6eb28cb,1
3226,1327074780-19e7225f1f87cb8ac0f88e999d9ddffc,1
3226,1321653000-2981d43c145045ecbe83a8335b91385a,1
3226,1325786220-9c511351a1e241423a52a3650f4ad315,1
3226,1322542860-f12a2827feed53ce2035d8a01c5bcea8,1
3226,1321814400-b5114aa10ee84c7033d17e3514acca9e,1
3226,1321659600-b6e0012e05d3941108934f45b2a72a20,1
3226,1327533840-ac3ce9fa4d3db6f487c3d73ea5938d47,1
3226,1326755520-cd46c16ede41e5b33de1d43bc335ced2,1
3226,1320685560-a0b6358f060daabc6f24036d204effa6,1
3226,1326218100-0b0c9422867e4f3bb9ee32ea3dd5e466,1
3226,1321888020-17e6e186c2c0da935cc31e52dba736d9,1
3226,1327467420-669c5ca6416e8d58fe78bf6f82f1078d,1
3226,1323016800-44b2fcf3f0cd8fd9f8e8cbd97eaf61c4,1
3226,1323997500-6543527450afe8f01da13f9d219b0669,1
3226,1326406680-5b10c8509c10027f3464e3989f062567,1
3226,1322586540-cec8a3bb7290229400e8badd9c9df228,1
3226,1325200860-1db2e7f3443a27259c8bd4c6408a8e1e,1
3226,1326397680-774d0ac83a8cd7232113dafe891cff79,1
3226,1321462020-ffe87c8cfbc0f76a4066d5f643fd5105,1
3226,1323313860-543aa2ed203e17b4902aa44e394ebf32,1
3226,1327680900-a39ae15189ee96896e34fb39a46c0371,1
3226,1320686280-0861d1eb311b09706b85619287760f28,1
3226,1325791320-09ac1a52df793a8a5c2d6c44dbc2d19c,1
3226,1321290960-91a74de0e11b890767ca1a57e917b2ca,1
3226,1326300840-c13c06aabf653a2df52b39276428371b,1
3226,1323292020-1276823aaadbb28fc6286c71b66ad3dc,1
3226,1326317400-0b9fb46ba0ecca12f609ec9e8146f426,1
3226,1325176260-d7b2cd514eb4379996af4f57ae5e6d07,1
3226,1324556760-d7a85178e29bb24895749acdc369cece,1
3226,1327554900-4c650674eb252f1b4f252daa01edcac2,1
3226,1323983700-b0cabe2350d37ded648b25630a05a970,1
3226,1321978440-2736eb4fe6c453b6fd0bf77767a13397,1
3226,1325043780-c6fbd67c26de1d3e8c587e428b53202d,1
3226,1327554900-c2b3108dff431be9106012f6d8806273,1
3226,1322694180-6f6ca38e1f31deed3558aefbd852aefd,1
3226,1325621220-0bd76a03a64bd2f85230b5a8c7225430,1
3226,1323473700-ae52de95e6a5d21177b9d43c240ccfb3,1
3226,1323836640-3ac49afec16ee28c5aedec67dd288e07,1
3226,1322828580-773830bc6d7bf0d733affb14d611cf78,1
3226,1325098200-1d9441b65e47bda61ea1b1171f4cc136,1
3226,1322655540-bc61397c78bfde5498b97f6f55a81635,1
3226,1320775860-ac9486e31f0c1ae9a8616f87a583b1e4,1
3226,1321591260-681ae7cd80662561d7d347fc6c2ee5af,1
3226,1326254640-a07e917ae2d9f167b922fb93cb606c42,1
3226,1323491700-5fcb04fc278b16437a9654af964d2d45,1
3226,1320857280-c84d5b0aee85fcbfa32b2101a1ba9c4f,1
3226,1322064840-3895806bfd4a960d744def4223c37659,1
3226,1327599780-a349a4a9faa923e21d6c2fc61aaf0d22,1
3226,1323113760-6ec5697a86032b9656570425be17541b,1
3226,1327509900-069de44a490698a963ac5bed6e5f78ea,1
3226,1327344180-2efa9830a73b1cec05fde9b2a7832f52,1
3226,1321573860-59e62bd6aaf3a5557845c66be730b950,1
3226,1327001520-3e78686d5199b1a4c07021beda81555e,1
3226,1327236240-4b5eabd8383778a27c2c652b0f26778d,1
3226,1325970060-0e110869f6f5b9db7345e6a32c6a6a88,1
3226,1326993840-a7ae571f9400489185024b1ed8a858e0,1
3226,1326132420-94fa61a2ec19231a20680058c868ab6b,1
3226,1322694180-2a8a0c36ff3dd402da89afbb1eba9e37,1
3226,1327379880-0ab49685fb95f2175788229c963de206,1
3226,1323808740-278efa93b9618ba0c1c6690724fba2bd,1
3226,1323728580-bd25a6e1321063950123709be1da737d,1
3226,1325093400-190198773d3eb59817d5495f59734027,1
3226,1322024520-a663514d31ecd25f3e93537b3b721a05,1
3226,1325870100-6ac1a6c63e774be08f4e0d7043d4d50c,1
3226,1326478560-5df6eb31f8a41189eeb6b0fb25fb0f45,1
3226,1322606700-bde2bc18a961cc2f83a9f7714877859a,1
3226,1325020620-53c586666578e98fb84d2c12b4966b7e,1
3226,1327017840-6ea6d3addded902f5633addd1238b006,1
3226,1327632780-90c78a763ba1391c3cd4754b859529ab,1
3226,1324094580-f552c4b702bd7b4d045cd1e951885ea4,1
3226,1321293180-1e8db0371659e80205246795325dc72d,1
3226,1325046900-aae980139c1e1df42d88dbcfce31ae05,1
3226,1320857280-8ad83ed882d0bc742f15bb22271565d2,1
3226,1326396840-36fe4dd14bdd148a462e1b3d8a9b0c6e,1
3226,1323889260-0c296d661a7357ec37430177fc9e27ab,1
3226,1320510420-0ed19fe8908fb84e8757d3dd065a4283,1
3226,1320935040-f08682bd451c55d3d2bdc2fc4859cc98,1
3226,1326254640-0ad0f9f2c173066c9dd394f88e5a535a,1
3226,1327626780-2837c0d173d3ab764fb3f68e8729e6e6,1
3226,1325887500-3d2b39e50c573a3841453f8b11364032,1
3226,1326247620-fa72564356f7762a717b3ee7f6a76f7e,1
3226,1324424580-f4cecab643636d1adf340ff60dcc4e5f,1
3226,1325535960-4dd2427a2f0ed1f28910523d95a54b82,1
3226,1325009460-cd92dabca9889252c8d7a0a0a184c35e,1
3226,1323827580-f44db1e6812224e569e24f9d43e5eee8,1
3226,1327533840-d561c17b3894ce2e08779449489a8398,1
3226,1321065480-615164c0ccf630e442756d96ef2e1513,1
3226,1325096700-f56e0407750499dcca23b708168e1c1d,1
3226,1327374720-12d5b319630ea57d556e41abe6dc2576,1
3226,1323791940-ca41ae57600025e580a1296bce653bc0,1
3226,1323380580-d89a4238240b6e5521ed7aa1df3ecc09,1
3226,1322694180-435e6b9595bb0045e904ab73d412e1c2,1
3226,1325126520-5052c04f70a541546454bdf1ce0b1aef,1
3226,1324154520-3b2e9c0d25697b4f65b5690f8e3849f4,1
3226,1327159020-7f40356fc59a95f8eb8a920fd561beeb,1
3226,1323389580-564004755ef0ce6c01ba7aef6a7620d6,1
3226,1322606700-4dd8b839311cf8043267bfd479fdf8ad,1
3226,1320685560-d19b2b3131b0cf353c376b3700d5d708,1
3226,1323096420-409b7a4c9f78151c4c5f9ff47ea54310,1
3226,1322775660-bd0c982d9d980b5555996b83908e8088,1
3226,1325286540-56b7c3148482065f02557f7347f03ef8,1
3226,1327797900-19eb091e01a57faae56f12fd5b66044b,1
3226,1326387000-bb8d07a13a737803281bfec3dbb9a1b1,1
3226,1322064840-472ebe79f9e3d321905f2be6091c62b2,1
3226,1320160500-64e8da5739a1f000683b1107a23ab385,1
3226,1325629740-547933df72836db0922f72ba68eb84bb,1
3226,1320973200-2279d8cbc40b6a9cfd4562c5f3dd108a,1
3226,1327516560-299e501395771acc28b3db98fa831d69,1
3226,1325907120-b4ce5777b042572902166b02a44ec070,1
3226,1321573860-1bb795494f1a696adafc6b6b4b994bde,1
3226,1321891500-897f98afe5a7cf9de265e3b3b229fd81,1
3226,1326756840-68e80aea68a5d0ed5733f9424e8e54bc,1
3226,1324349580-f004c6a024c138ebc91f7be7bea0a763,1
3226,1322842200-a42b7599919d170b30c5a2bb062bd73d,1
3226,1325535720-9bf7415e1979b9714f05e17fec6e08de,1
3226,1326409260-cfb4f26de7586880ff3b51fdc9dfa8fc,1
3226,1326307980-da8e138feafc19eda92c7552e3c57a92,1
3226,1325807880-0ce5511da3998247853bb1736a50d231,1
3226,1326429180-08e70a81cbcbaf5e1a88cd1cf65402cb,1
3226,1323232560-12811773c9809657709fb0f0c192d205,1
3226,1325279580-2b207dc13e822598db48753b382e6a7c,1
3226,1325609760-aaa2eac6d82b19180fa50c6b711c1872,1
3226,1321474860-7de90d756996c1b06d23898b495e7ea2,1
3226,1321392480-b2f2a89f53d61f242bbf29774032a6a4,1
3226,1322694180-dbd8d5e61162605e7eee5f5457c41309,1
3226,1324946160-9813ee051379a1b28ab0ac6f4eafa64c,1
3226,1321392480-85747595b969b03e1f2564bc0a1d28a3,1
3226,1327957020-6a08e4f4a93f94f05f6c1484126388fd,1
3226,1326497580-75bdb670770fbc3612cbdda619093579,1
3226,1326201600-5fa4454080fc0ff296d5673917b1ea9a,1
3226,1323497580-db4e4f891c4d307c9ee20ba62e8248f3,1
3226,1327641780-4a42cfa64732b9426fb3bb644bf3b571,1
3226,1323276600-c03b2f2474de940ea9874b70126658a3,1
3226,1325192640-c17d39b5a6bd11d9fdd925333eb39fa9,1
3226,1326413400-5ad5c9adab7437c6f6ecebfafab10455,1
3226,1323925080-d6d11f3dca5acb4bbc3a03cd8720d1ae,1
3226,1324352580-c36363cf4a2e8ddd0b2717d592970a6b,1
3226,1320693720-9c088de23c2668a70bc32ef288f52bcd,1
3226,1326214920-1c8103ebd7cffcb54f422079e28c478b,1
3226,1324397820-d0c70d0dd782c222a7243a958f6b5204,1
3226,1325024100-baa460f9b09bb0a67231013f31a9a7ed,1
3226,1320594300-42fa99abbcedf9d642a2b4edccefb984,1
3226,1322092440-092080ef7d503298222d286ed2f74079,1
3226,1322442540-b667ca6220820a40e4f63a812fdbad7f,1
3226,1324490640-5c9ed453a811f50374708092305dd4ec,1
3226,1322828580-ac810591cb24d64f88ca3336c44f2007,1
3226,1323710880-5a0bb671ce4c0416bb41f04cfe3176ce,1
3226,1325609760-1a802e073f7a07d0a0897ea1ab1244ce,1
3226,1324007640-61359c77cf7eb417eb6416bd7833876b,1
3226,1324334640-bb57ed5ed47f551d30bbdb3cec5bdc08,1
3226,1320952980-f7cb66638799c95326b1c8826b386541,1
3226,1323808740-889c122688b8508a0529c1896043bd20,1
3226,1327842120-5ad7730d11508a4dac56672628a10950,1
3226,1320418440-4f5e1507aa0e029dc7b7cff98bc3fa14,1
3226,1325424240-4e3b06cc8bf0e401be56c05a5c1db53d,1
3226,1321909020-4fa66673186543b128c410a432bcbc51,1
3226,1321395600-6caf257c4915ba2fcd53471a2bb0b1a3,1
3226,1322064840-3aae17408d727661ac19ac5137e2b452,1
3226,1326237960-22a2b11206dc3a647fcfea6b7316d3fb,1
3226,1324484640-4b878c995b52c528c56e90c4dd11585c,1
3226,1327436640-3f9632e94916b0cb23c8a4d9e2cbb929,1
3226,1326503640-30400bdd50d6e9402f2bd11750c60237,1
3226,1325281920-900dedcf1feeef099d4cf54b859a083f,1
3226,1327068720-b2a8f688ce477937c70136799c73a55c,1
3226,1320807300-40d5deb27eba2f6d1b0f1c7d5b64a861,1
3226,1323195420-8a601b3389cd4bd3e22cebd18f02a58d,1
3226,1324942680-1b1666de53a7b0d8fe6af97bf71c38c2,1
3226,1320503880-acc61f490193f0832dc0726885769da1,1
3226,1323368760-a751f39621e8f8fc711ca4a61d6afb42,1
3226,1325257860-8e4ebc88bede2068d8c573c1cf1b6907,1
3226,1326413400-6ac16efb201255657260a49c642205a1,1
3226,1326933420-03926f1c7b32198120b44b2aaa95e7a3,1
3226,1326158520-689241143409a8129b13e892c02d5f22,1
3226,1323889260-556a6b1557d5b1e899d0a4380756d75f,1
3226,1327524780-fca7a38c48324fd9c99be2b8e4ce5dc4,1
3226,1327716900-d1edf4d2ac78a240ea55748dce520b63,1
3226,1323899640-56168de15379946c66551187fd99c873,1
3226,1322779980-809879e37b9d99671472337022cd9d8b,1
3226,1323701580-6d5f115047177603ec75b929c7a1bea0,1
3226,1321570500-51148f4315ede0ad690459895ade7024,1
3226,1323899640-0e9f72ca2f419834583650942273d4d2,1
3226,1324901640-58f858a68263a93209d4b0550a96f720,1
3226,1324078080-726657ee2d818a6f0b2e3fd6f764c266,1
3226,1324994100-8826ca8872c5ae5107ab4b1233e645c4,1
3226,1325176260-4ca7d50018afbe5d40015aecf1a9428b,1
3226,1321387800-f4da69b5f1ba521247ae0449950cc61e,1
3226,1322712720-498e1bb17b2b5c85d02ce6dffd4295ab,1
3226,1325526780-b32cb62670535e73a4d62ed0dacd009d,1
3226,1320191400-0edf942680ec16bc9f4b4b72d4167930,1
3226,1327957020-63b0f29e65faec9f8abc80815d17cd1b,1
3226,1324511580-2f238989fa401827f6e1b832fba14337,1
3226,1327957020-bb960a81663f2458954e40fd1851d251,1
3226,1322868720-7337945f9cc9ba77221a3a68a3507a95,1
3226,1320779700-1817b5bc7422c26ba6dfb6b25f554a83,1
3226,1325864280-74fd9ea174317330433cd25284229191,1
3226,1322508300-b07103ca09d2ef748b3340a0626f21cb,1
3226,1321415340-2ee336ff22c47c880bfe9ccfbde1ba99,1
3226,1321296540-cc3615db32ff49c1e6e62b989b65e500,1
3226,1320954660-6a4305383cde596c1d4772578e5fdd55,1
3226,1321985040-1a7991cc0372a9052b5ad4baadf47934,1
3226,1327869780-2c0dfa67b18720c53246fa781f90b3b4,1
3226,1325609760-09fe3689ae687d020c92a0822127ecd3,1
3226,1323983640-5d65cf93033b8043cfbfdcc234f8fd00,1
3226,1324946160-248d09ca89c6d20fcc41d959bab4a32c,1
3226,1325692260-c062c122fb55de665807676c34792957,1
3226,1325603940-04de95b06e31d5de56599034c3e6e9da,1
3226,1326429180-9315aa33c6f495fa1f35423b787ffb39,1
3226,1325609760-7068c612b214de6cdec2e9bf78f65466,1
3226,1324314480-f6191b2cc7077f87585e918fbf2fed38,1
3226,1323752580-27120bb130508962a523ad6609993452,1
3226,1326824940-3157ecf0519b9d562fbb388df4caf5de,1
3226,1324930080-8e0186b841d6b1d3d496fc7b68424856,1
3226,1320843480-da8dc99026e1c4e50b407903f4c7ccb2,1
3226,1324320180-268b125afaf344a9f4e2aeaa34eb2736,1
3226,1322311620-23c86f59e1ff7ade076f472eff594607,1
3226,1322694180-2c3d29c4868360d4427a915482a93b5d,1
3226,1327947960-72e71ebadb26180b4a6e59376e61fa5e,1
3226,1321486560-d130fd40286fb2b7aafecdc8af7de438,1
3226,1326977580-3fcb6257358fb01eee679a8cb0d7125e,0
3226,1325561700-40eb0d5aacf5ad064cde160cfa9ab761,1
3226,1327615020-4978b741260066f12f894470cc191c70,1
3226,1326925020-c57820b5c42be713b6cfa6e1cf5035ed,1
3226,1322667720-a07268105cc2e0cd9476a8211bed796c,1
3226,1326926280-bdcb9c96e899a3c630a788e5b7aad5b1,1
3226,1320703860-4a92cbe773584482e832c8034d332abb,1
3226,1321567500-1142a54564cd77826e60b213515bd32d,1
3226,1326660240-dc4f54fe04f3a5d6a720788959ab209b,1
3226,1320685560-a8dd7a6b4063dd71c9449d4c1f9a968e,1
3226,1325779560-c5e80cf9c6a0bcef52e2686f4e463a6c,1
3226,1327452060-4e31fa9eaa2f114e1a4889e774d874c2,1
3226,1320869760-0af4cad2c7a495ece56bfd27555c8398,1
3226,1324073640-cbf0fdcd911d0a33cc590368d46cb240,1
3226,1325705340-096b27c5f45c622d2ea2dda9a969419e,1
3226,1322868780-ca26993fd35c6fc5bd6c236cdd4aff15,1
3226,1326132420-bb192d1562aaa875ca1bf66b23db2272,1
3226,1320857280-de7344e406bbff815d3ef1c49c9e42b6,1
3226,1324007640-70d0a29eb620316e0d1d26187d05a75c,1
3226,1320779700-b62ad7ae06774f1bdff08685f6240427,1
3226,1326563280-f6f1b5240c0e038b83bcc030e493b4ed,1
3226,1325460540-190365baf4d8a23d71bdfc28a18306d6,1
3226,1326307980-dec024f34eca4c6b029a078be4b9eeba,1
3226,1326300840-c2aa9ecc280513e92234ddd9d04ada8f,1
3226,1327353300-7792cb9d1e1094f2e1339ae107c48ed6,1
3226,1327713780-b859ca61b73e6cb8647074858394fb34,1
3226,1321241940-1385ffca41bcc75f96ad3ced092c5470,1
3226,1323126240-98c02f95f7bc7a57c3e984dad49abb15,1
3226,1323195420-960c3ba402f5050912366b7b8add8ca1,1
3226,1323404580-6b8e2de725c439c4c0ce251e838b8018,1
3226,1324586700-060668b69618784bc787c3d6eb2eb529,1
3226,1326132420-787b8b3706da7c25cf3a2d3c4ed4802e,1
3226,1322772360-682c042213e0e9066d66778db2c7dab2,1
3226,1326387960-c1a253de82a8af571ff22d528b799735,1
3226,1321888020-dc6547881b51bdcc94d7801c5567bfa6,1
3226,1325910480-9f41cb9b1c3c65d66beca071451150a6,1
3226,1323842580-2a76b045bff10746a07919b4dcf110aa,1
3226,1323517260-221cdbe58872bf8ca3577f3ebc3ca623,1
3226,1324352580-634fa1b2b18eef77d2394f319bbddfd8,1
3226,1322772360-1b784af19528acf3dfed5d73d6d70bac,1
3226,1323295380-c7ffa0546d11b3ec071ddf34467f66a1,1
3226,1326498420-1434d22e61326c1c317eac9bb3dc4f8a,1
3226,1320699360-5cd456b5572f5d47d9c4f25dfdf6e08d,1
3226,1324075920-75aa314e46d5d43a96c1674d165f0f39,1
3226,1322795940-f06018648b685e29cd7ee7a6749a4ba1,1
3226,1324514640-461ec604379db1a7fc4e5e275e43c1ff,1
3226,1323473700-a7783f73179e09b78e0d3ee3e082dbe4,1
3226,1321332840-40aaa38c2dd7e9e2dfde2654a5267a0f,1
3226,1326158520-d33b47501feefa02d0b241d456ac3db0,1
3226,1326138240-d5d2eb12764f1c1de38bb7634194ce55,1
3226,1324312320-4e6b72d804dccb78f8bd8960f5a9e7b2,1
3226,1325279580-06675d5c516837067f80b722b66d68d2,1
3226,1324868580-3f28b68c308787dbf175aeb9815d3bdd,1
3226,1325629740-2c2351243c4c8d673fa40c5dc6dcf284,1
3226,1324514640-6174f6807db2edf3094a355532682f38,1
3226,1327449840-8a2d55e8ebe09a7b6910a98232d2d5fd,1
3226,1324437000-b95d9707bdd42011dc37687dd0ae853c,1
3226,1327530960-5bb0b7e5302ed580889b6d7bc72e77f0,1
3226,1322605500-6b39653fff5581c22d1ae70b4123b112,1
3226,1323473700-d24fd3fa2c853e0103f99d2f86d49411,1
3226,1320686280-dcd3aa4d558fbaadd500e95edef5784f,1
3226,1322779980-98adc27a6b71ebbecd5d5746bd1b8b99,1
3226,1325121000-6bd158eff1c4fd963fc9bf62f1142657,1
3226,1320890580-c0a0c57a4e4264c824a3a54570d972e1,1
3226,1323917580-a77ab56174c4fe61ced676125500e220,1
3226,1322614680-d809c879660ea180820405ae74947203,1
3226,1327704780-fd180d6d803b3a078facc7a26477e598,1
3226,1323902760-c0930bd343a403c328cbf9a560fb4dc0,1
3226,1326900840-11b8a648439e2861780f767e0a2aef77,1
3226,1326844260-1fcaacbed7800c97f68cbde4ced21330,1
3226,1322435460-4952ae392411c00303c0fb48e313b334,1
3226,1327239420-2eaa607b493d0c88b1b29108ab0d8884,1
3226,1326429180-671cff94cb5b0f23d439d43b47fe2334,1
3226,1321563960-24606d2f7ac0a3455a42d6130fcc7309,1
3226,1320779700-4d058078a40cff9084d251eead4d2085,1
3226,1327101780-c744d6a96cf8a6f3e667d6c0ac500cb6,1
3226,1321290960-140792a5ee6f42be058458d782758135,1
3226,1326330540-30430970773cbed4b0244c6f7a4928dc,1
3226,1326472320-a0dcd9dedfe61931f5cbe2609f5ac290,1
3226,1321290960-1686fb8b6b7318de322e02a8eb091e09,1
3226,1326250080-2ee6c013f7e496bcec4655e733f8728f,1
3226,1324737960-069a2af76ffddba8bd21adf60cef5b7a,1
3226,1327378080-123401b0e777bb183251d5235baa9c74,1
3226,1327378080-0f9353351502432f9aab0d44759ae997,1
3226,1323918960-de510577482e89217fd81f14d55d6dd2,1
3226,1324091580-815d454a18422a085c7b2d9e9e8e856d,1
3226,1321662900-0b7b10ec989943493240bd4d5acc1431,1
3226,1325798100-047ab4d21458bbc5ad18a363689feb4a,1
3226,1323104520-d43bdb62aee887b554eadfcac9ab0d10,1
3226,1322938800-a40549230cd3230cdadb135d0e1e2fe7,1
3226,1323195420-b3149f097e412bc7d446ed2c9d20b962,1
3226,1322884980-7222052f741590e640961d11a82b8d3b,1
3226,1323794700-dc3877ac64c864872051578f0708b76f,1
3226,1324586700-14f51d73ab2c281e4f201f8c72933257,1
3226,1327599780-f12b2082ec9eb375c530d4eb623ae012,1
3226,1321210740-7065053acabc9614c275532c149d2d9c,1
3226,1324424580-71001b525290f9d1877156501c578043,1
3226,1325887500-4b6f4158d364ea27ccb5b3aba90a643f,1
3226,1324007640-c9559f92076935c4998848de50c50da9,1
3226,1321563960-73c6ff2d6504dd13d32fb7c942476e20,1
3226,1323298320-3e67276a4487ed177ca7220bf741d2c2,1
3226,1326329640-2a2eefa5c1b8f8838b6bd337aca0f706,1
3226,1322868720-93b8e3d83c8d5dfc72f11c02c64760ba,1
3226,1327436640-1c3160c80ebd7d384e8d73e5a7b6a366,1
3226,1327101780-7a7569b6a4975232af81a361dd27222f,1
3226,1327716900-fb7f5d4118cb4e8e841bee1da2ed54f4,1
3226,1325956920-de7c27068b027c141f239915f5153121,1
3226,1325469180-b80362e418cda403ccc78ec2e4bbd1a5,1
3226,1320857280-5bcbdb5ab6250834600e49c0e28fef44,1
3226,1322694180-93abfe9577b25eaadcacc37157adc8e7,1
3226,1323368760-6937a2b432734a2e9e25df20467a4f40,1
3226,1324046580-c706525a32a2b0449f4057d1efb0eb09,1
3226,1322096880-db42fd2d626311e44231d7069885c9e6,1
3226,1322698920-483a915d52e54c3fc3d032f52b68cac7,1
3226,1327017840-fc103fe6cc2df529a757ed75447ffefe,1
3226,1324051740-08f88b193a58606f69da13975b8a18f4,1
3226,1322848860-b140b52d8fd3ba4a808557ecfd45a1d2,1
3226,1325798100-304002805e530384e77c944896124270,1
3226,1321586940-dd2ea02c394e95b402106e5d51ae78bb,1
3226,1320771480-cb64d6b91d50f13f4267ad0f5ff7676c,1
3226,1321506420-f7c23b2c1691c6057a44196bbf15e085,1
3226,1322698920-22721e4e6fc5cbe83420bf42c2fab660,1
3226,1326079260-ba48f116432ea428a511fd59875ba073,1
3226,1327957020-4eb38c5b4748b693dbe47b0d2bf4cc99,1
3226,1322806200-dbc014e5a4364fa2b2ecbe557e63ab81,1
3226,1325635800-f8894b963927b2e1020e41d42a0a0b30,1
3226,1321447140-2c45f3cce43641ecaa89a9da4cd34db7,1
3226,1323914640-1d08839bc481fdde419448898cf4c560,1
3226,1325887500-89b161b64404cfad36e2bf214e938f17,1
3226,1327698840-50bed6ef67de4419f8062ec8e3339440,1
3226,1323031680-d8f96e36aae748d33bbbea731eec97e8,1
3226,1320589020-22af53a0578867fb7212482648f1adcc,1
3226,1326888300-a73c385bab148dd1de8885c740a64544,1
3226,1321278540-8847a990085bac0d5e91ec7a2457b10b,1
3226,1327617780-0179d56c0f8034f39e1251a84187654d,1
3226,1326496920-47ae79cb611774dad6df1e5ec4b37fd1,1
3226,1327695840-311b33c9ff1b3518b28bfede06ecf72f,1
3226,1325530800-9ac9bc4be91fec46a001da867c4164c8,1
3226,1323368760-82a238df4f79e9e03996b11e14a43ee7,1
3226,1324661700-4e287aae879819bf87e50547b12dcd7c,1
3226,1327716900-1a0b5103d36c19773becf61329c93e2a,1
3226,1323031680-7475254cb8d8dabb5f257d6737aeed73,1
3226,1322092440-6706a52df1dd8e6eee0b8f81d43d7b02,1
3226,1322785440-dcb0c09d448ec16ce2169cc9ee731baf,1
3226,1323198180-d7accebd2a0818a371aee8eb70927f1a,1
3226,1321105200-13f1cc39ce6623b9c86a3bc6f18c60a3,1
3226,1327017840-ae94d3db1fd76bf16fb1762ce8cbfb38,1
3226,1325725200-d9e71d0ce0e71c497dbce721f5a684ba,1
3226,1327342200-f30ee622f16bf427f3d8e8d20f4bab2d,1
3226,1323383820-3707a4963fb9014858a6552ac681c996,1
3226,1323734340-bc6361ea1a3164482fa0b8aade47aca9,1
3226,1326824940-b298b8a5b5e1582e7425cf312502d80f,1
3226,1326942780-7f63b4710d1521d2b0ac50bac506dffe,1
3226,1320418440-c96f2f158e8444e3c2bd06d13fefd8c9,1
3226,1327326960-afe91f4b92ceb849accaa62483a0af47,1
3226,1323647700-58b5392a8ee71477b8faed880cedbc4c,0
3226,1325906100-3f847ddc7bb40efd5e541ca462520bcc,1
3226,1321065480-d5d9348359a3a1b840f230620e88523d,1
3226,1326421260-c4ed70bbedbf2281cfe7ac64f3d3abb3,1
3226,1322155500-700322f19f558298728892433273a961,1
3226,1322804940-2029ea05c33cb1645d278c467895d80d,1
3226,1325009460-78e3102e5b8ae1ea7cb96bce5f1e5acb,1
3226,1326585900-903ec8980383cc6bb0015d46763d2ad6,1
3226,1321557960-4901346784c4abbd9ce59959c5e0abbb,1
3226,1323477540-de9ed83044968e7d1685f8169ef5f246,1
3226,1326895740-3a13bd08df653fc788e2eb4be9ae81f4,1
3226,1320852600-65aed4c669a31e33c52eba0b233e1858,0
3226,1325772660-97537bbe7062a37e8ba1b5033f195838,1
3226,1327328700-bae9454a2138667e28a1effc7ed4cf49,1
3226,1320452040-a4242aea6481a084003987de747c9742,1
3226,1327418040-12bb3fe1af2d34fb6bacafa02298e163,1
3226,1321549740-a693a97a05b287b7d72fc90aadcd6a20,1
3226,1320543240-d0f80153fbb2bf5df2402386d2a0ad5b,1
3226,1326574560-93b22ba337d53e9816e03a0a571b2c02,1
3226,1324075920-2e5e0b93bf9cdc4e4bfb2f4b8a67cd06,1
3226,1327821420-0ab67ac1e9b84484f388d7d4b12217ad,1
3226,1326457200-bc942a8671e827fa170bab91b2c8f7e1,0
3226,1327188120-587b7a81bdebf588a7e0da94c06b06b5,1
3226,1320712920-1f5ffacad73470c4389cb98195bf4ef4,1
3226,1327350840-145dcd02d9b3e7ef0114ebcb55310063,0
3226,1320983520-c923c9940716fa1d5830cb979d61ba45,0
3226,1327968060-7c1ecc04ed0f23a5ccdcc0116896e62b,1
3226,1321636380-98f23356bae109f31474ce89413db10c,0
3226,1322017800-6d30aa536479d4cc0f8d654c9d86080a,1
3226,1322579640-4fa6bdcb5bb6cedec3f51b74df2aef0f,0
3226,1322671380-5a7ffde6d5f6e4cabed964639fd3776c,0
3226,1323372900-df4aa2fa0a623a1871993588dc0c5d21,0
3226,1327152900-4cf85b7c31521550ee854c12008dbdfb,0
3226,1321639740-60182cdd11813ca160eeeed8daa13b59,1
3226,1323459120-3c3d14d982d310800aee0e6034c24006,1
3226,1323458820-1b37fa9d8a919391b5a8285c709447ed,1
3226,1326732780-60857284accb37c1e193b5278a0a8200,0
3226,1322760540-a5eb219dd4dea125cd69fdde36886d3a,0
3226,1326887640-97b0b1d5011120c94ec2abd5193ba5e9,1
3226,1321364760-86a390022cb67173081accf5638a20db,1
3226,1327156980-136f2d24822d54f9b46c3632facfd872,0
3226,1326280920-701d6ab092c44cce62d539828506459a,1
3226,1327306260-6f91bf11817051ff6201ea8e3afb887d,0
3226,1323433560-4db6ed747084b219f7fbc8faaa08097e,0
3226,1320811860-9b3d2070f27af2f2cc56d3678896d310,0
3226,1326735000-62c2cd25b0db941116f7b4d6975f93d4,1
3226,1326466200-3b1e769b3909a256f1fd052977fb0a52,1
3226,1321716360-35f4a88d7e0da56967a8df6f326c0a0c,1
3226,1325221200-8df447b79996684d8e03017edafeaf65,1
3226,1326132120-6d489b22e9e5f94426f3363058a12c75,1
3226,1326126120-09a7e54f60c907b261fd1110380af0f5,1
3226,1326101820-354d1831a4511f018b252904d9b34965,1
3226,1323779820-f8d495cd12c2d1ea06c107874047ac9a,1
3226,1322773200-b25327934682722f7e12bc60c8df625e,1
3226,1325738460-aea5b77033f658144736332cf863fa2e,0
3226,1323663300-76a3af2c163e851947d01dde7a93de66,1
3226,1324058580-b2b26e9b2357ab58f90d1e70e6b2db21,1
3226,1321904700-37d6320069ae679e6ae9aeb690cd44d1,0
3226,1325146080-ba837f24ac40f7b3d54e27c3521532a8,0
3226,1327635720-c70a695fba83808b3a9e2604215a0803,1
3226,1325268240-b50b0c0b029c2a141d12426e596546af,1
3226,1324254900-222d2f8476ccf47eec76120cc20c67d5,0
3226,1323701100-15814ebb83795c20e2a3fce4515647af,1
3226,1324487700-10c06aea35ede359e91c8cfda2e488e9,0
3226,1323726000-4d917ded73b64bc38f7ae30695294509,1
3226,1325892600-429e647d60d9a11b7dffe6721510f879,1
3226,1321601340-20263c311e5d95737c4e0d4ee959d788,1
3226,1327188300-6f19a5dcf733764f9b16bbc68053498c,0
3226,1322510340-991e1304291009844d1df23f778aaa3c,1
3226,1325803560-4a096617f7ed44c4b41e4d2de458db5c,0
3226,1324051020-d84478d1fabd1c3eea195c44bfb337b0,1
3226,1322312040-5f35995c85ffaf0ae733dd73cf94f4dd,0
3226,1320947400-b6674aacb6f4b22a6157d5a2f3fffdae,0
3226,1327335660-df939d29915541be6107bcfe71b986ff,1
3226,1323714420-fc68f4298086abc82e0dfa8680522a0d,0
3226,1324269120-4451fe5367831201a20847a77f64eb30,0
3226,1325986260-65bcbd0679ad230eb270df6f9535969b,0
3226,1325220840-598b9c766db6035246160830447a61ad,0
3226,1326980940-ad9ab2db39f7fbc088a62d15b5518e03,0
3226,1324218900-f904ea08074b5d86c21e918fd2de1124,0
3226,1326727140-744a63b8d7989bf1ba2ba24e714ca7ba,0
3226,1320890580-8142f92036102c61eb5a909a4b965ab0,0
3226,1320866520-9ad6175498f6c965e09d828274d8e0d6,1
3226,1327314660-d892677c4c76ce2cc33343529d0360fd,1
3226,1326337560-fa4b30eaa212c92888d12f34c12f6fdb,0
3226,1325173920-8e2b54d21cb1095124281dc08e01e909,1
3226,1326493140-4f2dd1f162f7b924c61762d6cb77f04e,0
3226,1321543020-88ffc72e939d64a4c768ecfb46f0e1b0,0
3226,1327916400-3acd01a403df3db5f7250496ad3d5068,0
3226,1326385800-30a8b2d3a50934f8ce6f400fe80ce129,0
3226,1325611440-4fe088dc7e07e09326c4008bcd9532d8,0
3226,1323172740-8624b11ba55bd09fab9da68c31e9fd4c,0
3226,1324335060-6a46c713a0f4993d24c3c26432b6702c,0
3226,1323270720-5f3a984197db4e6a029308bf55bf5aba,0
3226,1326045360-99bfb60d1280880f71d72611ff3e4b09,0
3226,1324315560-0a473d3602b2853b1f116fffb2b7903f,1
3226,1323361980-5702a07bb0ad253422e39ad48a514d1c,0
3226,1322946900-87302ea9566636da3a476cae8f17e176,1
3226,1326019560-546908cf18dc94ecb611d818499cc356,1
3226,1320890580-033ae2eebcf56bd7f333c13e6700fa70,0
3226,1326145740-f7e47264817fbe88a087458ba4e937bd,1
3226,1322524080-d4b1043d1323469c6684777dcf40bea0,0
3226,1325941080-af7a5d7d04b644c566ec74f3e8d82366,0
3226,1321647000-8e261b10eb21e819538d865cc647137e,0
3226,1327544460-5906ed9caa6b85585eef68a4eaf2b8fa,0
3226,1327791060-79846cca53a475628c0431e3bff3191f,1
3226,1321480260-d2eece59b29c8c3a6d54dbfe79995464,0
3226,1321891620-984bb52e460774aab6e3d39bfc89f3d9,0
3226,1321233900-16f583f0cbb393c5213f3569f95355e3,0
3226,1320450300-c8e528997ab476ae87908f6739a815e4,0
3226,1320862260-d1ab883c6ee74e600b262b2cd584f0db,1
3226,1326837900-0755d35cfe0f06377fadd3284038ffda,1
3226,1326843420-3546126d39509fff6f7cb2a11a66486a,1
3226,1326837900-677a36f5a375f10a2b4eaaa8801aa1f7,1
3226,1322504820-b607ee2b7ad3e95cfd89db459b1f7915,0
3226,1323381660-cd9d8642fde1074227c4e7a68877727e,1
3226,1326800340-0324f3562521ae6dd8d75aac27f80a25,1
3226,1321459860-3adb5bcab4d96bf1e3a00672ceb304fb,1
3226,1321464180-704a70b91ae57561300ba2dc6ae5dc1f,1
3226,1321470840-deac6cf2c5eac6831344ea7783410093,1
3226,1321148580-2d0b79f84aebb10532a92a49fb882817,0
3226,1325362260-c91175b1f5db141b60c20df77380fbd0,1
3226,1325188080-d0b96166a7b8f1e4b9f4521c8bbd7863,1
3226,1323695280-8e31169d81c6cf8222395d76a9aa9714,0
3226,1323191400-24b898e26694fd56d2a148bbc3cf1bdd,0
3226,1327957500-2c4f64a477ea088e6534edaa11990134,1
3226,1320203100-7e8805998cba0e571ac9d4f38ea3a388,0
3226,1320894000-9d11495575d19850917e5021b4e2d28b,0
3226,1322740980-9ddf014682d72bd05b6086ba733a4536,0
3226,1326786000-9f36f0104fda33e7b29b2867a52a6bc2,1
3226,1320537420-442b291fc21ef82766398ca087e9eeeb,0
3226,1326493140-2ac93ed1e36a203d1fd4799058e93abe,0
3226,1328005800-614194f63586a926a0ac3d93b869897b,0
3226,1321751940-8a14fa3b3f6ec4e3d70942f7a83097fc,0
3226,1324234440-cd5f426a249a5c98d76b9b002aa6e411,0
3226,1324676880-5e42e4cdc5bcdf8f875d2d4fc3d2f47d,0
3226,1325959680-5660d28f6471b0ae92687ee61de7898f,1
3226,1325961420-63ce3d9309cb25d697fe94aa20c44f44,1
3226,1326327960-a413dc5bf5439e9fb5b1cf52772d6138,0
3226,1325350440-d3d451f2d3ede8cb04dc9ce7fca2d7cc,0
3226,1325366040-987158a6413221e4e0dabd951a4b1309,1
3226,1326204480-cfba12275b95728f4ccb05e6a0661a01,0
3226,1323884760-ab98f2e50b5f8f99315b0d1bb71f38e3,0
3226,1321915380-cd5d5192e47d387c6fabf32f7d931650,0
3226,1326306120-0d62e21ad7c385bdfa04154a36bb2c4a,0
3226,1321542240-5470dd9027f9f0a4c89851fdccc3f8f1,1
3226,1321542240-cf261649392970316d2262a5a0bdaf75,1
3226,1322567520-11210cc58b94df5dc09af2cb2417c1ce,1
3226,1321369320-867231bf6a1f8fe76215ce865a77364a,0
3226,1326405360-7780b9c5dd81458a1ccb7ffa4fa88031,0
3226,1322218020-c013ff73a37f5c0df75457bde8af4bd3,0
3226,1326905940-fb03828eec866a1d43493a9b4ef71430,0
3226,1320988800-d58ae27d524facaaaa13c7802c1b687b,0
3226,1326164400-ad93e6e36d8531c2a3dbbc8739b58ae1,1
3226,1323220080-310abf0c94de37920411bdc8ec1f7230,0
3226,1324639800-39a555bc18daa3805188c4b0e708501d,0
3226,1320133020-604399ab27214134424449f909858973,0
3226,1322781900-b91d70b8089fd133fac29cbdef4c0184,0
3226,1324153320-7a58c2602b219ede0f46935b025a4e93,1
3226,1320810840-0feae11318b68a84ad41984ad305f887,0
3226,1324012260-92e646f5bcd20f15dd7d2a08d34f1468,1
3226,1325810400-056a0aa3c3a21fcd3111b0bf7716d4a3,0
3226,1327611960-6f800832f47ab1ba5bca34e73488878f,0
3226,1323961680-c63ee4503a933326dbe284921d3a867d,0
3226,1327342260-6676aa25f1c4db40c3caa87cf57588b6,0
3226,1327371780-83c39b94649c2c802f72e05b0b9e63a9,0
3226,1320418200-5220a42313878727b3434f80641bbd2d,0
3226,1320448860-d219915c2ab7cccef9c5d9e8e0f8e969,0
3226,1325178180-cc4152e3152fb98e5de186bc5f92da75,0
3226,1320803700-0fff30bda4d198727225b26afc7e227e,1
3226,1324498140-327545668e417099ecce2222512533b3,0
3226,1326917700-184ab12f610dd3ad4dfe25e09d9fea55,1
3226,1320201180-f0b6b4cdb60e5a6d6b3bf2a118a7ead9,0
3226,1326998220-12e761e324b545852de8ee556824c8e9,1
3226,1327036980-9e5390b66b8ad4df7369e04ea082cbe1,0
3226,1327560360-0a58f985620c41a4adb437bb5873285b,1
3226,1322740980-0c779ed857298df5a6bfc5991775ce0f,0
3226,1325682120-0ff51f9b8e1d324bb4000fd8576c362b,0
3226,1327005000-1cda25de4ad10cb843df4732611a2770,0
3226,1325233380-f2b77dc0b77ce13bc3a601478860ebf7,0
3226,1320680640-2aaad929dfdea2727ddbff46e9e64bee,1
3226,1324397340-69988cdec67061d71f71d2c26e8db79d,0
3226,1323516000-ff87c53aeb7ea137591aa124fceb7e63,0
3226,1323977580-b3157dcaa26622dcea653831e9fa9301,0
3226,1324904820-a9afbc68dd3322257f1c2d099089e60c,0
3226,1324480740-805e0e13a0b609f724892ac9509f5d14,0
3226,1326526680-31602ce1b8fa80ac00c26c2c9a0d823e,1
3226,1324501200-fe5f13156f89b8c509fecec42be9b13e,0
3226,1322014320-b327d465137c4c9810166e9acd68199a,0
3226,1323884760-97ca69908cc2b5d1e9eb279bf01c26a1,0
3226,1326225480-1d7aee706a5951e7445ceb884c695c81,0
3226,1326385800-62c743be836968a2b4f354f14f32bca8,0
3226,1320440700-f586f89a765d1467ba812109c79dc2ef,0
3226,1327061640-64b2248d5c2daf66283cf8d9b3463181,0
3226,1325008500-df7067376b8f15b25e0a5547a383e7d5,0
3226,1322511300-a63cbd3a657166c64b2ac1f204052900,1
3226,1322241540-6f008b139414c63d9fcc5c3943c37e4f,0
3226,1321495920-7690b62949db7e4566fc9af18a8e045c,1
3226,1323306600-81e1b86d621ba3f1e837dd91421f7bb7,0
3226,1326232080-9cbe2c3c269154102b1a78d88689ad06,0
3226,1325364780-588e92e358f27f23dd4c734e47dadc30,0
3226,1324970640-2d9741b4b1c9b58e0e954f4730ed46d9,0
3226,1324234440-d1bcb62bf4643639219c84968ec6272f,0
3226,1327362360-5f403d0bbed006b89a5d313b41edb9b7,0
3226,1325560980-5550a112090db567dc7ea77da8b2e945,0
3226,1322264100-4c700f07ee3d3151c51b7de8efac9329,1
3226,1326381720-5034ce586991c6a5d513b1c79d2d5158,0
3226,1321636380-d20af6c315d31a5dd9d416f935077419,0
3226,1326173100-2116e0aa2458bed74604c2354347c814,0
3226,1325708940-0ebac44cb5254a21df77bccef4a1d2ca,0
3226,1327551780-27ef1f3fa65861dfa97fe6c5275e0968,0
3226,1326049500-f1d46b30b62beddb4165f49abd788032,0
3226,1321189200-880cd0df3b77bdbac6e76fb12888662d,1
3226,1328014500-5adeddbd604faf80e7b7cf6fa4553d15,1
3226,1328053500-197a59ec1b26d299e72ac5c617005b65,0
3226,1320238740-687a21725d4dd98b60fb47b9ef1f12c8,0
3226,1320800400-5e8ca5dbdadc9553cea8ea4dc0ec6dd3,0
3226,1326676440-0390abdd1c631a46d4fe61120db3da6f,1
3226,1322251860-54d381f062e6e2cff41fe020bf5a49bb,0
3226,1325857560-6c790b7961034d77468f515194ec1b44,0
3226,1323270720-6bd46cad60a920bd23be4e77a163e9bf,0
3226,1320800400-b812d97f233819d753b6134c2c0f184a,0
3226,1325682120-04a931f411de42368b565453c6a07354,0
3226,1325720040-2091fa159bbefcf4aaffb8a5fec956da,0
3226,1324043460-f08a259de5b125f80539a9a684762f77,0
3226,1320236580-ab6b600da9812b8443be8a2a54455cf9,0
3226,1325014080-a7f2c65594cb247c8f507ada31812f70,0
3226,1322671380-80aa26efa9cd7ef1da0bd23f8201fa7a,0
3226,1325075100-59d013c4c579fd67c89ad24a89406ecf,0
3226,1327671120-adaf70d0df113be67a3bb5da044ae4a6,0
3226,1326214380-c2735355b69f64227752987fabd94d8f,0
3226,1321288320-a6dc0955664d110e1d9bcad41f339933,0
3226,1324704060-66f6498420e48b979a4281b856822ed2,0
3226,1322671380-22ed893e0608037b50d094571cc6744d,0
3226,1327945740-5b9cc0504b18416d9d74e1993f72f981,1
3226,1324531740-045aaabcaf2e12b0b2eb41aaac99c71e,0
3226,1321042380-8cfa5a3f7cba7a6cb1fdc9e9c8d00d2d,0
3226,1323824940-f810dfa2d6629b13ff541154ab714242,0
3226,1321302420-0acc9582f80986b9df616b037dad81d7,0
3226,1323630540-20561f2938858f93301ee9159b4924c8,0
3226,1325855040-f3cbd10626b0ff1b1b861e1a0d42bccb,1
3226,1323556980-bc6f2ca5dcb3cb2b369f8b31fde12d07,1
3226,1326201240-5badd63045efa57d84d4400996356391,0
3226,1324271160-4e5ebd0fb07273c4c089cfa2f4751c2c,0
3226,1325855040-337f47dc8f31707c4e9070126df8e57c,1
3226,1325199240-970962c53d47f7582dac01aa8bc9e424,0
3226,1320862860-5fad2ef24308d3a39236dc228ac907a3,0
3226,1325739360-972cd8a1b4cdc72f3a1f1665169acdfe,0
3226,1325233380-a1d59f83ff212f273f5814fd41c6b74e,0
3226,1324431660-1dc165ba2fd963629c1e3467dfe29250,1
3226,1327501680-37c35087df3cfb36156d3458d10157c5,0
3226,1323155280-3c1ba9383a8ece0a6da339901f373b4b,1
3226,1327542720-8244b870279ae58794df4853b247d052,0
3226,1327502580-45ffff424d786f24cfbb95d66a00623e,0
3226,1327897800-df1ec30fba5966b597c825075fb89c91,0
3226,1323611640-0bf0efec29d0fb399f205fa47e47ba7d,0
3226,1324745340-f52f70b169ab7f68879c23319828ee99,1
3226,1326019860-6e43c3512be2ed614cf6e7594b8f83dd,0
3226,1327432080-1156a879d662c509ac30786d8638bf30,0
3226,1323172740-d60ab5b7197150ceb3d18483ded411a4,0
3226,1322504820-0240b9c8b2e4477437abb98760c89c04,0
3226,1324993620-482dae6e139188c9e8ffa2c9bb68e546,1
3226,1320549240-f7a0aa7aa9951c64c7a9664017df1ade,0
3226,1327560360-01217329be5e2b6cf8226071cec6a767,0
3226,1324487700-c3f95e6e743e109724d08f44b0ce50c4,0
3226,1325295180-bd7a7a127f8cb54a1efc2949bef770ec,0
3226,1324427760-805933b612ce63e7e1f1115a36113dc5,0
3226,1325295180-b8dbf0b77067f72899b3e506b970dc93,0
3226,1323579960-182323f98dec30959e14f8b8d6111a7a,0
3226,1322757840-dd488707d1f9dcc27e8e16e54e798639,0
3226,1325229840-8afd1a04cbd1de98756dcf400df32cbf,0
3226,1326519360-373b2de6b20797c9736783d0f29358dc,0
3226,1322046540-6b34d2b2c23e6d415180c140abf27755,1
3226,1320567060-416893f6c68dd5ba4a6bd8890610de5a,1
3226,1320566520-52fb02b240171051705e2d9bcc918198,1
3226,1325237520-b9c69c83b387a7a1071c7442a37c8edc,1
3226,1323801240-13cbe1aab11f7feaad40a53abb9d9bda,0
3226,1324480740-f07e52a1cf574443e02ade92675fbc74,0
3226,1321924260-5c0ba09a3b2c981b1aa6c68d04abbbe5,1
3226,1321645740-cf2d4b4f59245631f7020713ef0f5d77,0
3226,1322619780-25d73e50b86092b041635da54c5bab7c,0
3226,1322303760-d5cdeb6fa3b79348c1a158257efe5cc1,1
3226,1321453440-68e6fac86597b33d5a03c6b71a3a23bc,1
3226,1320325560-fce7662e2fba7432892d21138946ea51,1
3226,1320869520-d04724841b93b48597f7614a7ddc7421,1
3226,1326304500-f83cfb33a748f2bb4ad91495ef434b77,0
3226,1325548680-ab6c2dc301a6971d56b33ff0fba910a3,0
3226,1321560420-80cf920bbc0cea9f1aced4f72da55047,0
3226,1323799260-562307505efa60b9af37d21d895dc0a4,0
3226,1327362360-9289e02906e856452a12a55abf56fe1b,0
3226,1326507900-cfe263a892d539ea3d7eab150521d7eb,0
3226,1321374600-466b7e78bd5e500d22c7bd44ff5c8d1a,0
3226,1320441960-82d7b4a8b37eaa4113ce722a1f1b1bcb,1
3226,1322388240-dc99c9d7bbe30013d398b67e9d926f8f,0
3226,1325754780-ac3633a3145cac6df4daf7e30543e5d3,0
3226,1321397580-6d47305b380124b42e04232fa77dd537,0
3226,1323343740-636bcf9a1b99b71120fb0199c3be8b12,0
3226,1325265420-7cd996020cc013189cd5b11fd996b085,0
3226,1322847120-bb7e6f57274c9c2cf6cb2d9b1e2657a1,0
3226,1327609500-1495cec7ff214ce66b361533449c2ae7,0
3226,1326615720-f21450fb66f891859ef9bd29009dae51,0
3226,1320795180-dde7927e975b355f164c74187f94d6ff,0
3226,1327194540-447811b10d78f245a8c91431ae61e7a3,0
3226,1327632000-11ddee166f0b0ae8238a324d2d92a586,0
3226,1327181760-57a9acccb01d627e5bdf8c8cf69fb152,0
3226,1326223260-d9df27011e5f924560bab8164514588f,1
3226,1326203460-3a1392da58d7a3b37ab46cb405beba5c,1
3226,1326682800-2d0d9dbb33226c03592482f74b51337f,1
3226,1321500180-954bbe0b6814070c2e6304f17cd3bdc0,0
3226,1322069160-24e8bf0570d2e225f806bf7e11dfd02f,0
3226,1320796740-9a0100136ed5b27187bcc60f87ea01bf,0
3226,1321541460-9c26778cbcb755a49dad84c63ce91482,0
3226,1326134760-25e3f367ba43706f85dbf1d29c1ec2fe,1
3226,1326304380-329caf28f2a45982f4babb30ff43c9a2,1
3226,1327689840-4fb1561107fe2907617bcab14d246740,0
3226,1325800560-67a5182fc3e31f31473c6639cf416fab,0
3226,1327918080-b27d6a1f00c5405487e9f99a6f2058f8,0
3226,1326330300-6ee00a3451c758b5de57e2fae783e1f7,0
3226,1323807000-499f891092123dba20004b22f7b8b0a9,0
3226,1321921200-21c85d662752a8d5044518c979b0c12d,0
3226,1321391940-f07f63f459d74356a1119043fd2a0cf6,0
3226,1326190500-3028ea12eb8ec56c243df0ec2218761c,0
3226,1321649940-d62d304c5beff83de6a2bb8911fb18fd,0
3226,1326938700-66722fbed1c52a190d550aea3b61cdf4,0
3226,1324427760-3f2933c77248cf8f63ea8ac3a9c2fc3a,0
3226,1327609500-527d90a37b5f9cab7fcc0d9fe0926d7b,0
3226,1321939920-2c21bbd0227b4ae414b2a0b14d657677,0
3226,1322413500-8ad791493edbb4f0a94fbebb85ec9c87,0
3226,1327036620-b873c0286b46351cd5ede7a5cb6b7aad,0
3226,1321316880-6ed66c8cd9751ecb632e3b8b007f4a63,0
3226,1322923020-33012874c23bbdeecc9681fc7211e6cf,0
3226,1323725700-c073659e334b6a30aa651cf436fbd994,0
3226,1326892020-d8829c22f959793c8ab588e7e9406023,1
3226,1327594200-1c067199ca30543c58dd44953cddd7ef,0
3226,1320800400-a4684b2d3fc078323b3536b102287961,0
3226,1327499220-6c89a841cb13becb8a0b1ca179641918,0
3226,1323118500-7323aa43bc1518bec2c6f555dd753ae9,0
3226,1325523600-47968c31de71ad493ab6dea8df4ea196,0
3226,1326387180-22ddc4c297cd9bea588f1f582adc4fb1,0
3226,1322495100-84481044f3499b263c8049cd6665e860,0
3226,1326098880-c7ca0ca0b4a8ae4cf4831a157bb59bfc,0
3226,1323716880-580a34ccd95f774ff0ac1426ae5c3f84,0
3226,1325075400-064a5954050a1e0e2904da0a03458e96,0
3226,1325645400-63b1bce5c801b47101afc8c2475598ed,0
3226,1325717460-a6e909fe5f8ec321cdcf5abf021e8eef,0
3226,1327086720-22525fc6c5bbff2ceb5f622c8e03d707,0
3226,1326935880-09a8f3b90f95b8bfa71600f3ad9b453a,0
3226,1323243780-c44297e59c0b799d999199bd04c8cb8d,0
3226,1327384980-b731a51d0a853a028480ef0924c192e8,0
3226,1321151940-58a7510fb72d8a141788c873ca4a68a5,0
3226,1322771220-b19a2ea8b02fe5d67877e46b38ccb241,0
3226,1324234440-3411858b903f752c3e6d64f19c262daa,0
3226,1326997920-f48434219202fd20389c7778c76dfc0f,0
3226,1326075420-ad8bf88691fd3bef1fc8129383a38eca,0
3226,1322493420-9fb1312714da45ec0772be2b8e059711,1
3226,1320796800-7c4a9712ec42270c9a1812461bb6a4ed,0
3226,1324134300-2e8f28681f4d12a3935314daaa89c4f5,1
3226,1325788080-6d5319f0d2c195974ca974d2a41943ec,0
3226,1321636440-0ef71f8cfdfb5935313b03c810caab3b,0
3226,1325280600-23463157c4993fed20d478632fb17358,0
3226,1321985700-d943bdf16367bbbd422632279de4c85e,0
3226,1325008320-d833e93bb08b17747a6d1f050f589c15,0
3226,1324353540-26eb40f2b41eceb3dda8706259fe6d29,0
3226,1321295280-988ba366a9ddf3be8c4427ebc885aec5,0
3226,1324447860-d69f29cfec658b20e060af1eab0dbf48,0
3226,1322806800-4e8faf3b76164c1711cf63788aa000f4,0
3226,1323401040-5f4496f50146f39de6f68efd1c565111,0
3226,1323838920-0f020948716dd23eff7f0a6b505b976b,1
3226,1323873060-04c29f58099cf35b696e503ef5035c0d,1
3226,1325760360-2aa2d0833ade07d40baadaf82eb8ede6,0
3226,1323836100-cc501472b65e1494323641b18fcb6691,0
3226,1327620840-07fe30808441ff678df075c30c8f05fb,0
3226,1320919680-b0078b02f43590c96b5199ab9928f268,0
3226,1324443600-ff21a5df242c55445135ba9d1037ffcc,0
3226,1325619840-53c8c0e1454257011b1067a5b996f929,0
3226,1327326960-cc04e97e3b663249a97e0b27c47a47da,0
3226,1320826320-1a8e801af93d4fe6dca329888fd1f5a0,0
3226,1326979140-7e9b6964b376730d20a02954e482a480,0
3226,1321716360-159efd23bda95de4d8133e2ad01ecfb2,0
3226,1327245420-3d7096d4eb20cb0b9ed079c8f336eb08,0
3226,1321522080-a84f2db9349c26412b060f6a85bfa81d,0
3226,1320819420-a54e1b2fc90a21ac1b1e9520c346e608,0
3226,1326519360-2c4ecc2d3e863d3fe9a1c878d1ec70ea,0
3226,1322168640-b9ce6cae94d10fc2180dd64b1b93e234,0
3226,1325371260-192d514807863c2b060a6ba678adb3ff,0
3226,1321541460-3ac7b67fa5da7bc68f90463aaa09fd8a,0
3226,1323216960-2a598a01c46dbb56b394d49a577ffa31,0
3226,1327639020-c745cfc9b23775d4a46937602915c8e3,0
3226,1322878440-2d7a53a5e3b6dfa08ffae4d4a856ddec,0
3226,1327612440-f06d24d81676d1fccdbf43994727dffa,0
3226,1321336200-3f997d7632b9ea86961ce8499dd264cd,0
3226,1323100920-35b4ec9d601140e9c8ca4c2c4d91140b,0
3226,1327086720-596368b9d393248fd00e092da054022f,0
3226,1327218060-08accc9561c1653e7eaed4114e408045,0
3226,1321687560-bda49f9ef3bcd8773dc2c56500f6cc1a,0
3226,1326495060-747c32e8deacdb380638eaf7a62abbaa,0
3226,1320901380-1803b29916d266dcc517dc6e5392b66d,0
3226,1321481340-979518f3e3b9fecd5456b540cd6535ab,0
3226,1325740440-fc34050d6fac9fc14b11b9efd93704e9,0
3226,1321288320-ab2a96320c855f007cdfd35df5c44ad2,0
3226,1327620840-82dd1049cb1e226ce1d2601f4202c968,0
3226,1322041080-3efa4bd8ccf207bb40cd969e9fd77087,0
3226,1326225480-b4ea3eb43ec3644710517afa9bf20661,0
3226,1323890820-c5dda20b2bc322401b38493deb01fa5c,0
3226,1326238560-536d34afc75b0f51e978ca261a569113,0
3226,1322508000-1b1a244da8481443541bebc5bdfd908c,0
3226,1324938600-71cb5c9c061a0338e53e3cce481ce4c1,0
3226,1326046020-ac4d023bf71015cc0ec428d63c3f32d2,0
3226,1327979700-7fa687b94c729ba6ca5f59f48a9d1c6e,0
3226,1322781900-5b61726d2e335ea591a26ea28bb2a273,0
3226,1327080780-6366adc8a9f833cccef92f74607bb29d,0
3226,1324676880-8269f0315aee847e29da8fc02458a90a,0
3226,1325970480-a00e60a63fdfb20fbb25c241c48997c6,0
3226,1326361320-46ecec6c39bca67dbf5785c2a0609011,0
3226,1321316880-beae41268e2b5d6baef834c01c3b2f51,0
3226,1325893980-a99bd2230a8e532dae8b387986b594d2,0
3226,1323725700-b40a99668272a064b406dfaa06c4cb52,0
3226,1322247420-f29924ae4f05ecb075580a954c85c383,0
3226,1324328580-86dfea8a23ea7aaa53ea9ab1b23e1a30,0
3226,1326294180-3a76865b2dad18f2444b265534844924,0
3226,1326264120-a8d12323a6b635bd13fb410c4f73ad12,0
3226,1326902640-65106801eaf5543a4a4b34e43cce8821,1
3226,1327432080-27ead00031610e0d8581c973175f3ce0,0
3226,1320176040-ba6af7e9a0ebd761d30cf2296e0aa89a,0
3226,1327918200-8af01ac31e076ef0f01ed5c6c2d1b64a,0
3226,1322017920-96723e89da2a0d34f3e253bf3ad04b0d,0
3226,1327096980-7cef3f35adebb58c95e4589c72038bfb,0
3226,1322572560-40fa74d3fb28a0dda24735e15383099a,0
3226,1327422000-4eb3f49a3bfd774abb1fa35d874f7946,0
3226,1323401040-1bebabd8a8fb36d1c9a56dbd1c574560,1
3226,1321051560-9e6f6d914f701bb4776261eaaaae0676,1
3226,1322493420-ab69e86ddbdea8682521bf83600b6d4b,1
3226,1324010580-4a98210fbe1c00fe7f17fea2a7a8df39,0
3226,1326977580-da56402acfe225f882e2324ba709750a,0
3226,1326006780-1160155183c7682e9ab008a3bbd893d7,1
3226,1326006780-a0ad55adfeadd1d80dd1682fd76db040,1
3226,1320467640-33d7d8bfb956d0572a22d549a78a3011,0
3226,1327095780-59b39c4389ee51368e0b0b2ce55d2d30,0
3226,1325108520-34123560d7dbb527a2956cfe42bdaf55,0
3226,1326029400-fbe7fe5ad7470e826321abf194ab6363,0
3226,1327012920-c3d4f491574d11498f7a4e88c86ffffc,0
3226,1324350960-2079636adb3c1266a5ebbf4b0ac20b5f,0
3226,1321114200-798e6688c5a63f4f3c3447a5325fe363,0
3226,1322626200-61d1f6161f9ea061deab319fc915fef5,0
3226,1322108040-92a51cc0a0250667d6e717859bb0a38c,0
3226,1321478100-dcc698e2af30726b2a8096aa2153967c,0
3226,1327979700-86553cdf793ca905f6fb908c93415698,0
3226,1325133900-aa7eb32e95dc021b3e1411db14a5e585,0
3226,1325445720-ac50135ecf26e940d79a1978a7261efa,1
3226,1321660320-fb055ae178128bf9d822ba1d0680ad99,0
3226,1323411900-121036c64e6fd8f6c42b7d86b30c244f,0
3226,1325319180-2aba556520457339a69d7f1c8acecefe,0
3226,1323813660-83c33ea3c6a7d13646a03585e7d4ae4d,0
3226,1323715620-cbc97c330c29fec47d3063d16adbf151,0
3226,1327611960-69e0af96f5d0cc6d7d4750b96f609a15,0
3226,1324377660-b5f7a41379d4af2ac7d8e101e434ea6f,0
3226,1326826500-53a10c99a07db465b9d55fec75ccf83a,0
3226,1326477540-7d1436bcede79d98389604ddb8caaf75,0
3226,1327500780-c7cbc6b349cdc5718013fb5b4ff6b940,0
3226,1323344580-b8cff84483a7282d3d0ec51f3bed8cd4,0
3226,1326202980-3772e4412582943c4cea6ba4faaf3efa,0
3226,1323324360-f0ec27ac97df9b4131f0b751ca6e7564,0
3226,1326890640-fdf24aca35e8d39f76be18451096c7c8,0
3226,1327432080-34f26844762419d7580783b11c8892f9,1
3226,1326416580-53087946cf4ff4ab1e9ac5f9dd0a4fec,0
3226,1324010580-97494c953b9e166cbe6f841828e97af8,0
3226,1323636900-c543b50936578b68f11022d363101a40,0
3226,1327879260-a670d25b790de295301221f48b20fac4,0
3226,1326057960-601d60e33949d3cc09baacd8ea0230bd,0
3226,1322923020-80824286d319ab60c05bebf5940845c8,0
3226,1326398640-329caff63a9cc66deb365f64c888e7fb,0
3226,1320772080-c2a1a89272a8efad8c277868373a9ff8,1
3226,1326582180-543cc24e55e04b4cf9dbfc33f0e74dac,0
3226,1326244140-62988ec681c27a8a235b074513402a78,0
3226,1325800560-de7eda674c824211e60554080c93d054,0
3226,1321458000-72a6f8e66747ba25a69441b234bf42cf,0
3226,1326359580-bd8103bb715b017a5d8ce28c987800ac,0
3226,1321461840-0a436b30420ead4e6735ecc4485fb736,1
3226,1321017900-b0801a219bb0e9fdda4f288c08daa349,0
3226,1321797180-f60722fd597b9a360de05a78174a1c0d,1
3226,1321915140-fdb548a91c97a0e6e760b546a4a77a94,0
3226,1326261660-031740faef751d0d7d930a62bf885dd4,0
3226,1320858480-5917ec3635cff4c1d9ac87eb57adad93,0
3226,1326769980-b71c0ce1cc19725209db3c3beee64733,0
3226,1323333300-5fe60bf987fd5db64ccc7f9d02689b7e,0
3226,1325799780-4eecfbb421f02dc48e05546cfaa9a435,0
3226,1325137440-c0c01b05ce00945125772a7ac684cc34,0
3226,1320457620-237822aaea8ce37fd1fa0d2185582353,0
3226,1325728740-946f7608facf190827b4554dbc285bb3,0
3226,1324344120-bc6a0d9e41b4e0a23ceaa415aa66a363,0
3226,1325818620-6cd5f5ff62a89883d73b37ea1e97a355,0
3226,1324400760-0926968965902669ce40b2981e921843,0
3226,1326347160-05bb7127f8189217fcccb0768b78d8fa,0
3226,1325827740-9da799f4903666a3fef808126bdb7ad9,0
3226,1320756600-fa9b37fb0ce04abb42348c67eab4bf00,1
3226,1328053140-5b8878773779987f268e5020feff8b53,0
3226,1327609500-0d3f96862e3355f4cb9cde2c0e1f67c4,0
3226,1321488840-3fa20484ccb6a10fd6aea35840099d13,0
3226,1326368700-73761413988e7320f876d978f6d51fe6,0
3226,1322178420-d2af222dff25529eccefffa2e49b796c,0
3226,1324604400-d7123c83cf05b02f93367f100535ab52,0
3226,1321376280-429e0ba9f8a973aab0ff2f031c4bc0c5,0
3226,1326985860-74690899aa8e5bb89413e505c9d96a50,0
3226,1326853560-a873324e063222cec4ac04e9bba681cb,0
3226,1323619560-6d94a9f7286945cd636ff7baefef1ee1,0
3226,1325371260-0844f16b188131c5c69d3110ff52e012,0
3226,1324596660-d8b02538d671ee826ee49d91332c222e,0
3226,1327701420-066b12e2dec292197ae50f1704f3ba2b,0
3226,1322202720-f452772c8d7d12d8a6a122c4c15d845c,0
3226,1326847020-04e1500ad07852cf1f782b7abc10308b,0
3226,1325010480-be0a501b3f281bece95fe111a1e70c2a,0
3226,1323494640-2ba6155a3fd108710290c82ab4142a67,0
3226,1320797760-51f198759ce6ef18962d727ced198703,0
3226,1325642520-372cc048e53b778974da3a9a6d6ea63f,0
3226,1321051560-251de30f5c8e5bf84e8c93143e04a064,0
3226,1327707780-904dc5b4677059d9da28f16ec75e3426,0
3226,1325698800-19bde90c3551e31afd70547ab58a4b0b,0
3226,1324346580-a0270e55888004dc2f1935e90f358d0d,0
3226,1321573500-552abd931f663519ac6cba952ca66f12,0
3226,1326300900-fae55115bb4603970d29d6fb4efb0476,0
3226,1323700380-74982c14e72982d2b0592e01a890b88c,0
3226,1321418400-8d877f19eb25b8e96c7653f714c4d67a,0
3226,1321745520-b35e7837879d31f81437300fafdb4bbb,0
3226,1327951020-d43379f1a19796ad3ec6c48e8011ebc7,0
3226,1324643940-184592841710a6dfa4bb389251f72f2f,0
3226,1326347160-8809766d2b57060cf36a9bda4ee11362,0
3226,1321050120-898204c4a36e20359e5e428830b5f793,0
3226,1323117000-8ca84a87b1baaaf67f81a2316aa544ba,0
3226,1321630200-92165b283dcfd3d9f669b08833709bea,0
3226,1326405360-663d9f44e38b6724fd5ff32339b7fe43,0
3226,1328014500-32805544b7dc082af02a2f6c786479d4,0
3226,1322626080-0159a9b26c8bc7936401bb9cd4501df4,0
3226,1327209780-804c403160d9c28a5956cfb084aeac8c,0
3226,1326677160-8767891da3d56d1b8496a1d8a0d88a3e,0
3226,1321481640-097e525a911af212faf5bea2423b5170,0
3226,1321821720-14645cb2b8985632a714370c2300e4ef,0
3226,1323890940-7cf6e66214abde08369c43b41a39b52f,0
3226,1326516180-ccae7f554352aeaf90b56644e33bdbc1,0
3226,1326665520-fea1a92ee2c79e85dd7311f67fdfd3d7,0
3226,1327356780-bf1be3fbacae1acde088825dbfb62c70,0
3226,1327350900-f9b0f50a56e5a70608bd059827c8674b,0
3226,1326930720-7ab0e2ff79f22d67486a63431db64bb0,0
3226,1326364620-94a921d647011b3f0ac6f9c4becfdc95,0
3226,1323460680-0aa4a88caa2029c29832a8974b553a39,0
3226,1327947360-11392640af7bc5a282ec130eba608e3b,0
3226,1324412880-dbf273a9fb9e3d282c51a6702069009e,0
3226,1327654800-089fefee3b254dbf3efd3e37ad0fa5f0,0
3226,1326385800-c9e7e4889f1838106fece610b0147809,0
3226,1326930480-f26f2e3ce5403a0f6c3e72cb3ab09f72,0
3226,1321019220-d1e8e22fa93bc4ef63b367c12189818a,0
3226,1324355580-da36e8bd69da879dcf22d74415749034,0
3226,1325075100-1cbb470b81316e987db6f212fd88f630,0
3226,1324338780-8df7bf53ce0c6481f892c3b0665a5cbe,0
3226,1320816360-641903b7962a3dabd1186a1e8846b5fc,0
3226,1325528700-f2460eb6796b93a0480f047e0baf0eb6,0
3226,1323117000-99ee67222d66007a09074351dd387712,0
3226,1320949320-8aa01861fc6258a1e5013b0b3e78fb91,1
3226,1322975820-f1fd474d4b0f43a099c89709b627c6c7,0
3226,1321685760-fb2c2116870c47f8575d54d9cfd21670,0
3226,1327560360-28e16466d166ebb3b4c6afca348d2477,0
3226,1326175740-365a737bb0ef50f50f7f70ea22ac209e,0
3226,1321039140-61bc1141cae12899da5d6631d9f1ebcf,0
3226,1326147780-256baaeec7ff16bd989761783443f81d,0
3226,1326762780-b035f1c7bd24a2ee28b7a7a955acce22,0
3226,1327342800-47f268cc874714d64e42601cc42f2985,0
3226,1323199380-ab013400a13e47d6a819ed4623089a93,1
3226,1320537420-6f944eaa7903083d3d90ff2dfeaae810,1
3226,1324688580-7d9c962ac0fe266dbf54c53fe98d923c,0
3226,1326233220-9d786d53b0bc9712a4101e5fca92b813,0
3226,1320937980-059e63eaa6498a19bc9a536547e799a1,1
3226,1320718260-8d428e504b80c18f0e61ca030d57582e,0
3226,1325640180-c296ada964e253cf39a415c639ec30d6,0
3226,1326300900-4bbe16143708a7d3b527ae6b01ff39db,0
3226,1320814620-647afd6a158e429f37a10e6d5879d369,0
3226,1322932440-a254287800e468d05ccf282f21dacafd,0
3226,1321979820-108625c9423ee00e9d02dae04f5238af,0
3226,1325402940-2c0004b1ccddb1b4b3534695ddf28f10,0
3226,1320895080-b5306f57126d1e4d5ad71740a5702506,1
3226,1323469800-ac46454db692e237e32db1317762fc3f,0
3226,1324099560-091746f1272fdd9e78e0ff25cb1dc215,0
3226,1321323360-84b49a5e663535d0c6d34c1a31497605,0
3226,1326879540-4c0e7afefebeee5823437fa3405aacb8,0
3226,1323762060-cbc17d41176d29c455b6332644e481ab,0
3226,1326516000-fe42c63dcb6d7e44318761fdd8ca9f11,0
3226,1324242060-4b6911fe883c9b199e15bd3c23b0497d,0
3226,1320927840-848fd76ec5fb48f405091f77418ec5bf,0
3226,1325720040-77c79e966e867465c83be87cdf0ff78b,0
3226,1325870880-80400b6418a19dbdf5d1e8c06bd6248a,0
3226,1321394460-5de1392ccefa6226c7f6681286606bd9,0
3226,1324319640-a03233fd23ac08e1b7f66629e279426c,0
3226,1324515900-26b34fbab704cf7df66fea939af8a416,0
3226,1325533380-7528f4b73c0793fe4791b2e2de63e823,0
3226,1323358740-78eb333e8918d488df67ebfa140b2cb0,0
3226,1326145200-c20451b0c261b56e272f78d0616cdb8b,0
3226,1323716880-461cc98cdeb2bf2a32f74ae2d1ca8b7d,0
3226,1326058380-74c226a18d4747605f290676f73629eb,0
3226,1327254660-8181ddfc80f7044405ffb87e14b538bc,0
3226,1327669200-884763ad1743d75d83daa8a8dbacc1d7,0
3226,1327181760-9bed2318b2ff8c59205e8cdd7c81f322,0
3226,1325112960-45e8c1254cfe981a2d229e596af7796b,1
3226,1323908460-33d65def3ef004d67b8b5eb611f69bc6,0
3226,1325189880-6186bb698da40d5f4380b5b0cb2b8031,1
3226,1326475440-bdcf73557797413ed1af1d4b094bce7f,0
3226,1323188760-f2be4058069d0072fbc026f04fb4dc23,0
3226,1322757840-1e56992d759270a697842024c07e2e95,0
3226,1326140280-d53dd9d0a90f1bdf73e982a6d135167e,0
3226,1322956620-626eabf73f55e0206c3ae604c143f8a3,1
3226,1321999260-2d727cb5f9049d70c604ed7ce98bd8d1,0
3226,1320883200-872732339839ea69d39bb00e43dbf06b,0
3226,1322183220-2888000c28f858fb8bc441a784dafc54,0
3226,1326100140-c3b17dd35d0fee1b0b1f8d68b7ca2301,0
3226,1324670580-3746b76d6f62d2d2744ac89c332ffd98,0
3226,1325902860-b876c904a767baa59aee7303b87e5bb2,1
3226,1326991020-8ebcaa5c161fccfc9cffd7aa8691a814,0
3226,1323207000-bb75e17fc8faeb693456d5c838562e57,0
3226,1323732300-fdce3408b1e6fe1daf01bc411d5e4008,0
3226,1325395320-98aaf18415356a3ef215748d55f9c671,0
3226,1327194720-b2fe57180897adea7054d44f2dd2cadc,0
3226,1323949320-4151e2c6b72997c6dbb498a31f4ac346,0
3226,1323138780-286f5e972ec7825c7648a0e1e04f7564,0
3226,1323540240-829f5f96a1ca33f3df2afe0e373b8bc3,0
3226,1322331480-237c98d7b140e1b4773f287b089837f9,0
3226,1324517580-0f92769550e2ca5cff89c985fe322481,0
3226,1327637340-063ca6da28c896c0bc5e7d51e452654a,0
3226,1326202020-6f7f05056e6f83b6fb4fc446f7e37a30,0
3226,1322671380-35f4ccf6282bec3eef647a00c76ac2bc,0
3226,1320238740-71c3a1714bd9262b4775f4604cb99b0c,1
3226,1325915820-234b2865f7be6ac7e1ad1995367d9efc,0
3226,1324539540-abafd627987e8581ffcbe08049549929,0
3226,1320894360-b38f6cf796a64055d67b98c06589299f,0
3226,1321288320-798f0f34d707899706257bbbf25966cd,0
3226,1325513580-93b8ecce590da2d61fd23507486f647a,0
3226,1327549020-b9ebb012bdf8f385e1816eb52b56781b,0
3226,1321988700-d8826e2ec5956c683689292e90808263,0
3226,1325751660-1c361df4993a854fec8fae38e3ba3f60,0
3226,1326258300-9f33033f8a6c8cb0097dddca05022adf,0
3226,1324699680-a091630d35acadd0e5dcc1f834773df1,0
3226,1321680660-f5318960adc26b4eaef9b37c677fc186,0
3226,1325679960-1c3b29561750850a62ff7224e3a425a8,0
3226,1322838960-2af0510d31bc3ff948133ae9be2dc015,0
3226,1327038840-6f42049387dcc68413a0fc9f35a5775b,0
3226,1327944960-d173bb54071acf4b8c35e0f0a972d896,0
3226,1322754360-174b1b78d8b4c140ee9cd5dcd539df6b,0
3226,1326464220-6a14f28b737af039b799c2b6fcf2d515,0
3226,1320902160-80e6371147149b4292fa19e028366cdd,0
3226,1327244520-fbbf015fa6299019d32d6b38bea9ce5b,0
3226,1326429780-177671fabdfba76da55e1c0dec75d6bb,0
3226,1326212880-aed6d7d8241143211214cf52c910d6d2,0
3226,1327427460-8c0057905b64abc7334e25bd6b1ea29d,0
3226,1326681780-3e6042ec6f1562996c2c63e7941752e0,0
3226,1322593200-9fe96b415b1e5d9dde3987a10817796f,0
3226,1323890820-9258705d6d5bfc8fe87f67757943a45f,0
3226,1326847020-708633d393e63b14f3943cf41aea4fb6,0
3226,1322847120-3d6449554f7186f1a2f256e0762cea17,0
3226,1325697600-11fb18e456625670d05bdc638a859ea2,0
3226,1321877220-4afd53fbd8d6bb57afaab7ea2868013b,1
3226,1325395320-4a39b36bd21981ec55e7376ac344527b,0
3226,1324510320-5425fd83a83da444a879b97f91854fcf,0
3226,1321874760-1eb5c7a7183ada1508964d61328aea49,0
3226,1322755140-fe920121cfff9827c9895656e1b4f43f,0
3226,1327548540-4e39d0e06d28eef297a176869d649edb,0
3226,1323207600-db09108b6df0471b7b74903071965053,0
3226,1320530280-d236cc1a1ad095e8d06c2f5857f15d30,0
3226,1324319640-937eb0b61a59ca96c1fb01f938cd31c2,0
3226,1324927080-648a8159e26ae1ae6be1ff281f192b30,0
3226,1323023700-1b084c5910f4dea54d5543675eae98cf,1
3226,1325701740-2acc08a39fe80c3eda039b9e98a46bf7,0
3226,1321884960-c1ba7a8e40251851549781607986cadb,0
3226,1326616620-866eaea4af75c9303b13f3c283afecfb,0
3226,1321042020-814cb35b77796d8b2ffbb899a6f593fd,0
3226,1322831940-bc44235322c61c45ceb48da1b062be82,0
3226,1326130740-53b7194a0ecd064e5bf8c20fa7a8735d,0
3226,1322741040-78c3ca94ee6cd8ae5af3dbbc08379215,0
3226,1325371920-6507149969f3d61752914c284eda1d72,0
3226,1323444240-3efc0ebbb844c5cc39648923284dca92,0
3226,1327499220-a016caeb4a09973ee31da5e8795855e8,0
3226,1323117000-b7498ae2a9cd00e5a1f1a05268598019,0
3226,1324690680-8a12cd7da23802bfd8a0641ddba4c45b,0
3226,1326229200-c7ea169be1e801b5541948ddb9fd46ec,0
3226,1326733920-9ac37c5e3d4e280df33c96b04792d9be,1
3226,1321951320-516295b37a8fd3aaf37b91fea8c1db68,0
3226,1320608220-fffb5cf167552626d85e9fb81f49468f,0
3226,1324608420-b8e299fd078a91d67c205bc70acc1a4b,0
3226,1323716880-02e53adbcaba0a75f0f1b397a4fa3195,0
3226,1325737200-c357cc975aabffb96f96200d050c8ea5,0
3226,1326250920-9e14c017e015ba95df058d2be9f0ad4f,0
3226,1320816360-4988edc2621e760a0f8791d86a5ddebc,0
3226,1326230460-b9b388626ee613314de4d73ddfe2e85c,0
3226,1326892020-04c10af7236dc39f5ede3b2f7fd1e03e,0
3226,1324880760-d6b47d48c70552c512f8bc1c733cf595,0
3226,1324731300-00dabcdbc9185ca70911b74c7a635b3b,0
3226,1322677320-a4a7dc55713ebb8d63ce0d81d65b7c61,0
3226,1325941080-0b701a4f95b4c2d0d75b68ba6f602dae,0
3226,1321316880-669b8f7cda6603f91f4b23a8e318354e,0
3226,1323485580-661e8a3ab19d4d7d54bd7950bb780579,0
3226,1320937980-d969de7589e88ff2ca93effd55a00adf,1
3226,1326405360-f60e95adb407af363129981926dc2d09,0
3226,1327672380-accb36511a4e575726adc0b28c2a86d3,0
3226,1326291780-26dda6d3363750aa6c4db2076fc91390,0
3226,1327061640-d9726a203eab7a61152cbde2d36a6eca,0
3226,1327665540-df9280034d0a64671d103e3c0f5f84b0,0
3226,1327334280-3f6df05e06b8880765e6652036e928ed,0
3226,1326905940-75af1e9bfc47615b31919d8aaccf6342,0
3226,1326162060-2d96444c8f4df1738bd98302cf6791ce,0
3226,1323205260-5d2c112855a053bc1bb80445018fefb9,0
3226,1320927780-54319e16e5d936ba5004a067e60df606,0
3226,1320865800-f2d18435d42fa76982fc7baf45b11f0a,0
3226,1321666200-8569590e06fb3c4f6583a81a9afce0fc,0
3226,1325960100-a82838354443fb37239ced0a0fa9190c,0
3226,1327113960-7df1acf4a16630fb36a4266d841fa301,0
3226,1326317760-6718e873e378775669a13dc4623c06bc,0
3226,1323992100-f602e77c8ecd058d09d72b3c12420d90,0
3226,1325129880-8f1b907a0dae0f146fda1cf881850878,0
3226,1325278680-ce9b6730f945e0162729926b9512f527,0
3226,1321544460-66ad1c08337c69d3eb38e189338ba636,0
3226,1321394460-44a68fcf55793f4e4a62113dba023ec3,0
3226,1323779460-514b77514ed70e233e4400fefc2d81c6,0
3226,1321940220-4dedfa46d0bdaddce1af80eeea9f6459,0
3226,1326851160-7701ed6fdd496bf0415e06d193a88eb1,0
3226,1326413340-0b35ac0cf023957b4ab448398e699a1b,0
3226,1327717080-71a838f53bf95b168f95a9fc18f4a365,0
3226,1323531420-4b0c4c7f8a0dd07ed83db8fb40232cbd,0
3226,1320954540-45f5c1f43df223ef03e62070916e99bf,0
3226,1322061000-215c83dd6a5b22764b49f9ea6b34eb4f,0
3226,1326381300-1da92aeba53182f4b641c80ff358196c,0
3226,1326986760-56bdef5fbbc27c17e2bdc1c524950aff,0
3226,1322313360-089adbe3f62b9d16e6e3c12f067c7992,0
3226,1325523600-18119c8c8f86d2f63a38b47be0a601d7,0
3226,1322341920-b5bffc2348db1f4cdbed2e25b1f2328d,0
3226,1326347220-6450b4a8386dd2b4c7f5f56a927b651f,0
3226,1327427460-dbef5f42a6d2b7affdd60bbb59f0338e,0
3226,1321546920-9f604c5076e8d26bb6a34e4bca8462cc,0
3226,1327055460-57dc7bc7838c4f7689584c3ca68c8450,0
3226,1325713200-55de8dd988eea79509fea529ee2e7206,0
3226,1321357860-9e8a29b678d6ce8ed133d1fd02581aac,0
3226,1326150540-64e4a28fa2e3ba480639c3efece102f2,0
3226,1325641260-6ceb8e7c33ad1534aa15e8371186f249,0
3226,1322694180-d5914ff23a5f431616885494b638a713,0
3226,1322704680-d751b9e942b285f1add9a54a90179874,1
3226,1322320800-5f4909efad4a08010ee34a300e3acec6,0
3226,1322412720-639b1b700451820931e99c0e37b81e82,0
3226,1326823680-2fe5d6519378928883f81eec124a2a11,0
3226,1321044240-f78e7ba6d51adbe82115ef4d12bacc15,0
3226,1323726660-a2b06fdf6690dc6d5851ac8945a11696,0
3226,1325000820-6db5ac12a67c967a0a714eec66e177d3,0
3226,1323797820-6436ea703869117beae5652f11ce23b0,0
3226,1323891660-ca519873a714e545f3961ec50e125e11,0
3226,1326145200-ff881696d6c2d846a46f4e66ab63d034,0
3226,1324235700-5ccc4309e392955a8942d302c73823cc,0
3226,1322377260-72ace284ddde44199bfb8aea652f3dfa,0
3226,1327237980-44cbd4cd6d9294a1d126648c93ca471d,0
3226,1325239620-9da1e08c73e72f2db730446ed601fcd6,1
3226,1325239620-8dab9a9b2930ccc7fd40ceba5126b909,1
3226,1320505680-4d98863fe0364af711ebdf4ebc7f11fd,0
3226,1321749180-2ef7a1ffa43c1480c2518a48ce092e5d,0
3226,1321378740-7cbc8aef9a661d040f10b352df67df6f,0
3226,1321672740-ae703e172176f64a7f841c647ef845d1,0
3226,1326519360-75926a22d2fc3b93bb12e0796c0ff63c,0
3226,1321253640-c8e23c96e9f2e5a74e3ade7df26d009d,0
3226,1326451860-2b8acbf76e05cebdd4b0d5a405343104,0
3226,1324276500-dc71039bc58c234ef8ff6e88b2c583dc,0
3226,1326840180-ca5325fda867a065a468516d7e3a4f7d,0
3226,1322516820-83d42e537f0262f87bebb341848dc7a0,0
3226,1327662540-a72c8ae883be0319a2807569d0b04701,0
3226,1327061640-682f1a1f80b95e8346ec1c97f0068884,0
3226,1327643040-6ea44963a366348ecb63a5471f4b6904,0
3226,1323563700-c23584a5134dc7fed2dc4bbfd90e6fcb,0
3226,1322042580-d727bae7e417a2bc8bd657812fdbdc2e,0
3226,1320132420-859487a70361d6c9db23369eef109b6a,0
3226,1324060620-6a8916b56fdf49739dddcb5659b3197d,0
3226,1325319480-b1e5b8fe6c3acb9fe8f3be084a06d7a2,0
3226,1327705320-5c533cbb92c3297ec31336037a17cc7d,0
3226,1325893980-c195b6e2d681453038aa97e60ba0e4ab,0
3226,1320810060-d720d9d271fd0d438bf5c817cbd5bec5,0
3226,1326408300-b59b45ce55e34813e6c8b59e182097dc,0
3226,1322024820-c41970f7c73cd03ab65e9f35a57679be,0
3226,1327528020-9289cb36b03977f4d5ce5411ed80c23a,0
3226,1327937160-91ec7424ef2ad114f52916677d2e5c15,0
3226,1321830900-73b54afaef8411116a4fa545307c153c,0
3226,1325662080-7141d81cd5c2355ea7ce5e41e490dbaf,0
3226,1326327960-1a085a16619993fe8c4f414c34e5ba4f,0
3226,1327611180-fc5632e6d7b7edaaeb3bebd820f74b2e,0
3226,1324559880-1ede4114ed181c0d0271f918ccee5226,0
3226,1323279660-6b4684781223b58f2453175dda3b12a9,0
3226,1321331580-da82e88eb925928dd38fefba2ef806ab,0
3226,1325634240-822cd27edc799041cb8e0c56aaaa7a0c,0
3226,1321086120-5a90e85456b07a1d5e27331c88a7df0b,0
3226,1322314620-213f764438ca683ebe04f7c10be06d55,0
3226,1322954880-25e66bd932b3ff0da9f1685f2f2524bb,0
3226,1323195540-4134bb8954dd8551108694c6108b5cb6,0
3226,1323148140-7ac0f2d924166db95baed15b93afb55c,0
3226,1326842400-413f6b466c5642bdd47b898eca948d61,0
3226,1326782460-52f50018e0838dd7935f4dc0c524440c,0
3226,1321471080-634cba097d62b15be1019a5cfe580a66,0
3226,1325003940-3b03ff5badda98439bdf462cf07aad58,0
3226,1326858600-7e075aa14acfaa0826e926ef056f0fd0,0
3226,1325884860-5d79333aa70e53a0cb30edfa1e55bdd4,0
3226,1326358800-b2dccc102358480d7736d888391a6b5b,0
3226,1320758820-71e6809dc47060cb82d59d696f030f49,0
3226,1322300700-5d3ea06a5f23a63c3afafc7254024b84,0
3226,1325740440-8ad4c1210781136d63010ee0806adee4,0
3226,1327620840-36c770bc72ab47a9f26e0b33272dfafb,0
3226,1321770000-a54aea14baa20e6702db3fdb578390d0,0
3226,1321499040-923c4dc451d518004f3be4413dbe0f9c,0
3226,1320686640-157a2e6e1501027afbe083d3caf8db36,0
3226,1326823680-b575d802d31daf768ecb3fece52b769f,0
3226,1321024440-39b7e196d05f609b4943576a22a7f29a,0
3226,1323992820-b8ef961271796541df03c76566a8a2f1,0
3226,1321636440-af3b9bd8d3ee0e9a7d6775c7a9eb9ab5,0
3226,1324409280-362609140b26b7148f5a100434d9fad4,0
3226,1326597240-d459f01c5c7bef4518a96d8ed1c616e5,0
3226,1326003000-3dcaef96789ff10ec1c674474e182fbc,0
3226,1320180000-04a13269211c486655a9a5916572c32c,0
3226,1325129880-060960c6d9f3ec6a6341b35b540bfc91,0
3226,1326616620-3bcb890a57e17c54857c25595af7810d,0
3226,1326258300-3ecd6b51677f7210048111e8228dc00a,0
3226,1323716880-1f9dd285530862da8d4e84abade9e1ae,0
3226,1327609500-df59ec3907adadb12ee41ec7bde76895,0
3226,1320171300-7e3e963c271a04874216b74e0c230d71,0
3226,1320721860-0e5dd280e178f0b43d87de3b0a760b5d,0
3226,1324891620-056ea0f7e27c90190cfb2e7bf2ed935c,0
3226,1326462480-2c65611b6d09b06aeee207fd590a7f3a,0
3226,1323479640-716fc4e52bc0cb58ff11568b3441f9a2,0
3226,1324283280-f90c39bd21580f0cc1565cbe463ca5d5,0
3226,1322250060-b1bbaadf4225bf1b11c553215fae05d1,0
3226,1323670200-46d3f7b069c9954df5b4d7b09ad2354f,0
3226,1327021980-b9d2b5955fbc1eac1174a48291a333eb,0
3226,1321646580-38ec69efcae4a29c17bcbea73ecc0d61,0
3226,1326323940-cc5f91fd21f9324d75ff4b614f7cc883,0
3226,1320179040-76c920ed31b32d4a41f768615c7c82b5,0
3226,1321636440-115862e28f7ac14a174decc2a554403c,0
3226,1322880900-f30f27f55c85d7cfea9117d9409fa616,0
3226,1325576400-49081cb9965a90cd27a683a247f349da,0
3226,1324313160-cf2bb7bd68c9773b66932bfb63d3e911,0
3226,1324770240-f67f566a66388eb721fbe394ea8edabc,0
3226,1320454320-6820827550d7b8b6a327f9cf7bf0e0eb,0
3226,1326127620-ca86d99eeff30c8a25dcb5e4de574874,0
3226,1325024100-f83f85521bdf2223a5c5a53e44af7753,0
3226,1327383360-607ecd7e1c73ab06c4f140e5e2059348,0
3226,1324216020-9228a2a59e45f04f98ccbd39c9975eff,0
3226,1320873480-d2a9b2ef68ef1a2d6fca4b4e2f02e1ac,0
3226,1326196800-745049ef28bc8a6ee8ab503f8e062388,0
3226,1326727140-71353be99a887b7bbe9dd135060fc3ef,0
3226,1326604860-9a7059b4225fa036cdad65ade372c4d2,0
3226,1327444680-449f2f0f56a91e44c01a392b43908e9f,0
3226,1326247740-0de2a3bd739d5d15d55f2f08d46dbc32,0
3226,1326462480-45dfbf1afb782c8ae4822f0ff61916a6,0
3226,1326222180-2156332fde9dbb405f7d5ff4011cf8de,0
3226,1326400560-8d46e8fc0510a1ed6266fa6e3049e286,0
3226,1321466880-b6aac8723c82ffdc6a5a24d89d1fe5df,0
3226,1321324020-96834d1075fb625987e689e8493bc478,0
3226,1325620800-2fc36916821027cd586a5fdce2c4e976,0
3226,1323017940-4043a243be6f506b63ae56f0d0d4519a,0
3226,1324078800-dcbb47343c40740ee11bca84ad7b7520,0
3226,1322875080-ac2a151692e25ea67bbadf4921af324f,0
3226,1323890820-308778ad17cd98a74eaec88ae871353d,0
3226,1322502960-663e163458dcdf3d261333c64996e68e,0
3226,1324659600-f010f4bb7b7e29b478034225bca82bb1,0
3226,1325643180-5a643f4b09646d557ddeb71acd1eba97,0
3226,1327525620-2ba897543bd368df330e06b5cee3f23d,0
3226,1325685000-845dc5955a1508c5f353b0ffe66e9110,0
3226,1320440700-b173f6f72db8b71b9ed6a22e9017cc0c,0
3226,1326483240-05bbcae48bb267d2be91fea61078572d,0
3226,1320467640-caeb3d062166cd8162a5f0a2cbb09cbd,0
3226,1321639740-f8e5d9168be4d4cb77ad784f05ba1fca,0
3226,1321408080-52e76750f2363f0ea0bf8f605f32d3ba,0
3226,1321702560-11e3365ba8ee64cdd4d4ac9a6a326669,0
3226,1325874360-8d0c9e41d5c9b02c4b0b1384cb15b3a7,0
3226,1320450300-6c22c2f352617ca91e0d07a341a8ecbf,0
3226,1320450300-dfab3133536167095b794c50344aff10,0
3226,1323962220-dec63c84b2b3971ad65bcb02d7cf4068,0
3226,1327476660-4c88adb268036bbd6126595357b2d286,0
3226,1323298860-546dd6ba694cfd945fac2435709c4683,0
3226,1322412720-0ba55031ba15f7bfb6fab3e2e7f340cd,0
3226,1325829420-7f5d5226534f1111b3b39e5fb7b648cb,0
3226,1326630780-06bf85856f373011b0fd2a5581ed11e1,0
3226,1325817660-4fc787cd583e643f22569d5fe93ca26a,0
3226,1327611720-445f08a505c3d25508aada2ed3fe2e06,0
3226,1322286240-b2d833dde153e747b8aa34a187995732,0
3226,1323735660-0df02cddb0d31eff3948695936b41f01,0
3226,1325037180-9f621eb327591495720b160616d6c925,0
3226,1322317080-dc1b33434e0c8584562cecf19d23b5d6,0
3226,1324549440-a193a19c12c4ebcf2616dce9436a5ca5,0
3226,1320914340-8b1749dadabb704ee5758d4d2abf2fd4,0
3226,1326937800-4cdd2990f2f49a299acaf376def1062e,0
3226,1321809180-c4c7c80584e3a0a80467d0d455cad8f8,0
3226,1323819000-7d9ebe4d292c7f7be84fd3d5377c23e0,0
3226,1324047660-bb45f61e5f19b652550b348a5446f6fb,0
3226,1324571640-459e8b488eacfa2d11b542534f343cee,0
3226,1327536840-d826844e3d7c1625853e92537848bb38,0
3226,1321702560-cae2a4bb4adb9bb39137ec8b592ee933,0
3226,1325758080-dcb32919804a93e03843ce8e71441bc7,0
3226,1325688360-9e492e05e5b0870efe228ae6aef004bf,0
3226,1326078720-be487eb0b002ad01f9218b1526fee66a,0
3226,1322915580-93f871966787bf6fd7b7b6166a94bc21,0
3226,1321324680-12998314e2f085e30e8fb7d5a2e9dde6,0
3226,1320411840-9ed2c2aeead03915313019920c545abe,0
3226,1325485260-765ec24fa2d03f7379125eeae4f156f6,0
3226,1323320940-29962b4dfa83941d0f179cfc4d433135,0
3226,1322575140-4099417447ae2e5d8f7ebcd2afb5cf4f,0
3226,1328059800-ad2855b7ae50d079cbed63bbd5188db3,0
3226,1326404460-77cbb1c786216af6929f9ec432968211,0
3226,1325183160-2d8defdcf9e791b918a58e5ba1ad6e16,0
3226,1326462480-48ef270d05c216819d17c09c373a24b3,0
3226,1327638480-114d1b1d6b6a57d17c0c841424134c8e,0
3226,1320530280-14d5bad59b3e6b4296cdb3cc714d2ede,0
3226,1325038920-3262b72b7974b13b0a3381e323791261,0
3226,1326600660-998be4c7f5f0732b95309eeab0d9a79a,0
3226,1324846380-2a35c0ed6e2e121a29d4ffd588fd4c2d,0
3226,1320903420-f22bb8626bf4bdb7344cd88d581bf500,0
3226,1324312440-2f9f1454663282a8ca86d7ba4d95d666,0
3226,1326457200-3e2079d0852ffdf2666745a40112ae4d,0
3226,1327678560-4a35f1e99a84be1070f59af489c2229e,0
3226,1322930760-845ffc152bd5620890f1e485ee89b798,0
3226,1325594100-1dc04fc19415686b5a374a5ed48aac5a,0
3226,1327525620-73358d3da6dd27f40ad7005ef73c08f9,0
3226,1326462480-a434a8a74d12c21047335f297ac96b2f,0
3226,1326392940-4c598c6dbbde642cf6f7a719a6eb2881,0
3226,1321324020-822c9194992185a4ce5c6ce17bff3389,0
3226,1322619180-4b084e43e9735618d8ccc4b36fd62ba4,0
3226,1320360480-caca4581df8171277b784e80d07420b7,0
3226,1323883140-44e51c76e77064f151f428055b5e431b,0
3226,1325790000-bc91b5200c3847b3717bc189e0f52eec,0
3226,1324387920-98c045aabedd6c9320a65ca8621e9570,0
3226,1320834300-a0aa6d00c998f9f9d4562522d21b36fa,0
3226,1326616620-7be8f20779fd47e18fe7bdd3d015113b,0
3226,1322493420-300c34533c4ad6e339fcfc1d92b3def6,0
3226,1323479220-86940aaeec06f01f6ab94237b13fa8da,0
3226,1321410720-1555bb90012e843e927d666a43fb8328,0
3226,1320874320-286e3e9cb61adc8db4ec2d1477025967,0
3226,1323222060-d8e531d363e3c396c16955bf3e3947d9,0
3226,1322538720-4995d75660425852e745736084a51451,0
3226,1321494180-8c73a58c1e39949e8ba55fc807e476e2,0
3226,1322628780-955df2c3bcd75844a4531ef929e905d4,0
3226,1321051560-9377be33c180353bcee52100c5eed33e,0
3226,1325805960-9400118ebc24dcfb39c72b761fab22cb,0
3226,1324068120-f3450bc792b698bb736a8bb1204bb7f7,0
3226,1321316880-fcc9d7bf037054a0571b4fa02ccbe1e8,0
3226,1327012920-4612d20491d3ea74e143e28d6e11163c,0
3226,1324926960-43742972e7e94dfbaaa1c274d1a25267,0
3226,1322868120-49138dd01c5fc42919eb1432bf1472e3,0
3226,1321499520-31ea18a783a2d4e105b0cf7d267ae581,0
3226,1321492380-a4029b85560eac43c01b6a53f1b70852,0
3226,1325995740-0f60e2cbd2fd15376762efa485709ce0,0
3226,1323485580-3e4c89cc17dd0c4c8aa6b6d080d3d28a,0
3226,1327418160-0848c0f684d7d3a8525daf8fec5d8d6b,0
3226,1324670040-4d95e694fc13091bff93531cc31d059b,0
3226,1323466320-bc54ce2598819df250c458b28614e540,0
3226,1326923160-138d900f95ab9f5c03e9b1b086b89c30,0
3226,1321316880-9d3d477880d3d52d34a33ff4a3c74cf1,0
3226,1321319340-77968e746b42bdd7bda501bfd40ccb73,0
3226,1327553100-8d504fe9e412fe7ee9f7cb940918a380,0
3226,1327256880-1989b9db6f4df5262b4783e3bbb34d8c,0
3226,1326251760-04c2422b5e390f5b69bb20970dde223b,0
3226,1322852820-a4597bb0867c7bac70ebc59308a2ff45,0
3226,1323801480-07f85cf20ed6c088436db1c4e6b80674,1
3226,1324493520-028bc95ebd404a71c24d3b378fef1f9a,0
3226,1323496680-7332183707e7b67f746df1bca25196ee,0
3226,1327461240-3f87f95fbd0a63c7c950d8a5199538dc,0
3226,1325054400-08c7b9a6cf1197db6dbe8e0eb68576ba,0
3226,1325349840-d0e274dabd1bb9b4bbc0d5b6b54f2ef8,0
3226,1324623960-c63109a419a06a656ff142e2745c8898,0
3226,1326677160-5301bb2cec531474bf18b2c769f31c31,0
3226,1326080400-bbd412ed5a6aee4e7e3fb5171b5c35c7,0
3226,1321461600-5004fbe82260f7c5388d97e61a601dee,0
3226,1323195420-83187791667cf0f184998405f0cd4b8d,0
3226,1326997920-4f2c6c103ba20a31d0adab20718ffbba,0
3226,1325199000-5456cdbc0c82a38a7e598380dfe2eb33,0
3226,1325770020-f8e6fc0dbc23fdc285e898d0a3a9e2b1,0
3226,1322552040-71ccc9d098c5d936b38bcaf0c6e57c66,0
3226,1326408300-b204c711d2f1ec453a0a8f41f2bbc112,0
3226,1324069080-11b73dcf2fd79f83f136942a126f9159,1
3226,1325691960-9d284caabf68b43a4bac5f3200a120b0,0
3226,1325941080-4739fcbc6795e457b87ccd5547dd1f20,0
3226,1324317300-a5958296e1acf0f60465a9d1c582fd4e,0
3226,1326318900-c90fd557ab717b3c0a9db4e8df3416f9,0
3226,1321666200-a9a6e0a4e342286e70cc56fdbfc1850f,0
3226,1324655400-4644990f1e1a53a0dbe7144d27590a89,0
3226,1325689260-a581eaec902e059d831a716623b211ca,0
3226,1327461840-b35b5712f1d8a5d02798bc00f2530727,0
3226,1322825460-a363785d55842f8c4b3f726f014b4a82,0
3226,1324020000-1e99ebd2883af8e11c9de2fc0410afc8,0
3226,1320176160-0ba49a0cf69317a2e968b7f6767a39fa,0
3226,1325883420-39028fdcae3797fc32e73ab46c8ebabe,0
3226,1322178360-8f4e8aa922b4f31f0be86f6d3320ba6d,0
3226,1325292000-ccaa4d1b16504d70bbb1571a0ffe89ff,0
3226,1324536060-9350b35886768b6da7dec9a3682237f3,0
3226,1320360480-b027965ae51f6d9c558af4d2f90e9d5b,0
3226,1323238140-1eee38eccc0b3acb24fc3b9a95842de3,0
3226,1326615600-47f5661a5bf21619b0d493616347f702,0
3226,1323824400-f14db1c8505c64861eaf0adcbc04b020,0
3226,1325377560-d12e78c5995656a9891cd7d33a42bda4,0
3226,1321031580-ae0423e6ad84e911b22919f15dbac931,1
3226,1321886820-3c23a94bbfedd2a0b671e9d5c1f6f11b,1
3226,1327506600-6129c8ed593df1706aff5847898f01c3,1
3226,1327506600-605d093a6900a240e8b9c7ad795da479,0
3226,1328053500-344877c4cedc40b0f5c79e2009cffc10,0
3226,1320238740-9cf92fc3b6890a0226ff31311447c267,0
3226,1322403480-a817d4b35a6063cdb0e77c57e8fce22d,1
3226,1323869820-f0aba74cbeee09ee15ae24eea3f88da6,0
3226,1323869880-b8aee348e7e0453f02ca80bcb0083394,0
3226,1325173920-a5956f958e8f4fe576c5c1afea970b5f,0
3226,1323630540-195f6655fab7cefded176b35b86ff4ea,0
3226,1325510160-c21e0a145d016eddf129cf0478ddf072,1
3226,1321643280-225addbe7357ba88ea45867628945aed,1
3226,1328053500-81f13dde92737991dd230b36aed69442,0
3226,1323869820-b44814e8bb68e30d46ad268a0c87ef7b,0
3226,1325510160-16b051fc69c355a59846eb128d525949,0
3226,1324639800-0125493cf4920cf1e6ccc0f46382d221,0
3226,1326723840-d1e7773b4c555a1dd56a94e3d6a7b625,0
3226,1325084460-8644b654c2d98bf0629e788b3bd9a5c6,0
3226,1323017940-b29ae4aa001963fd29d99c575c06ec29,0
3226,1324397340-cf6841b5c182d7ecb59875f7c729a63a,0
3226,1320800400-7e19cd45501cdbe0626de4e222c0d784,0
3226,1320234840-a76964b2bd0b7c0ee6a39aa460520d71,0
3226,1325081760-29447a4fcd837ef156426e02f6685ea0,0
3226,1326839220-236e09ae7146afa96d9d55a5f41f149e,0
3226,1325828160-9e8dc9c21d9fe613409cc7e5fab4e7bf,0
3226,1325930640-b1b373fe46963f664ff18c377d36c229,0
3226,1328019540-dbaf9beb32e101f08ee04ad5cbb6572b,0
3226,1327711620-789d093d3073833b1d5cf0b933223364,0
3226,1326121380-76545069112314fabe83f075c9289fb2,0
3226,1321568940-5d917aeff34d738256ea4d514e242e76,0
3226,1323630540-2cd95495132b527647d28487c37673c4,1
3226,1326550800-4576bebff30e4f79f066adb2bc6c4bcd,0
3226,1324680300-74583186b59a8c38adb0e1c3d14b941d,0
3226,1322790360-78e4aa29240d85c6d1c17952d4331bbc,0
3226,1321614960-bbca0e0d867f5fda23ec6dd22ae453c1,0
3226,1325178180-4858f593d0d7dadb3ff71b252eaa36a3,0
3226,1324323300-adf16abe4cb91bc3e56775570508e4d0,0
3226,1324792080-b2d8ad3431b2b1f58c2a42db24d97695,0
3226,1322522340-058bbeee36b85df51600eafda0a6489f,0
3226,1320838020-6898c1d4873c73f75cf82ee69926e43d,0
3226,1324313700-3860e12817a3cb56d6e159d1ba6ba04f,0
3226,1327847220-37877cf6eb5dad8d34a711ad2818704e,0
3226,1320925140-85167f146ce0014057ec6cd63f7d8d34,0
3226,1327707600-118a8c3387e8221ae6b4e65d210a05b5,0
3226,1322579940-2782f6a193f7e2eb6d6c965b92564b10,0
3226,1323185820-f1e92a8fad6169817c81ba93b5b544f9,0
3226,1322755620-d018cffbb292efb3c0e50610e14c7f48,0
3226,1324336800-15991c69a48f400e93f998cc527b61f5,0
3226,1321051560-64bcefdfc09720564ba8934f53defb07,0
3226,1324886340-37b8af5c13c199f31ae11297333b85c7,0
3226,1320802680-199f68d8ca3015a594f45506124c2de9,0
3226,1326601080-727122d6ac9201df39bedac083c6112a,0
3226,1320127560-dadd9e7461f8775f13fd8b1e771a35c2,0
3226,1323851760-a7975da9e13db8ea45bf14cea96c51f9,0
3226,1320537420-436dd898401d276d7ab905021e096140,0
3226,1320914280-9c35d04067782fa09021f27ea9dd0d7a,0
3226,1327947600-8a0492b4bb68cd7be3e800a14a2b1125,0
3226,1324510320-2976cfa4acfb93ee4b4fdcbfd14d4e05,0
3226,1325601540-ba4a520cf8d14b3e0ff4b32e9b466879,0
3226,1324234440-d497516fa36b0ccfc7e10e97eea701c4,0
3226,1323011700-21dcfd4043084e51a1542745b2d81fd5,0
3226,1325248980-f4aebaec767a762705cf2693f88d01b8,0
3226,1323313980-101090d065cc65462fdd2a9d614f07e7,0
3226,1326640680-f052c202e274ccb6acb409b93ef85905,0
3226,1324620840-45cfd3f79ae5898343633fbe7e7f8821,0
3226,1322614860-39406443f3322e7cc3ff132982bc7b84,0
3226,1325839140-ae272636722c78e2773c98dc2c8f1093,0
3226,1325753640-fc4b3bfdfad3a3a96396b66cdbcf0107,0
3226,1327493640-9920355ce5116eda802640d2d8961eaf,0
3226,1327005060-598ba3c2786685e678c1c4cd648421b3,0
3226,1325826960-29f85c31f20d4115b1decb20b0fbb7ca,0
3226,1327010940-ff5c3cd9919c464e9fe82300aa2ce601,0
3226,1325872260-c8cff4cb8bf178b415203f7d021e9670,0
3226,1324577820-21037493dac88e3046892998e3db25a4,0
3226,1324415760-91e1d62aa498f9463ca316fc38f4b455,0
3226,1326331200-0b8f6e21535691d9ab5e1fb02d9dede5,0
3226,1326242100-066c6b7f575b09dd3893c4811f862c97,0
3226,1326813660-b79f3fd34a26514c9c7a93ce48eec44f,0
3226,1321675200-634b946b51e8803aa842db6fd3440d4d,0
3226,1322060520-9713b2a83b228fc39d1bee041fe554be,0
3226,1324251600-ad9744fbe6b5a165508bb855e5d81b7b,0
3226,1324643940-f9089a6ac34ce84bc06144c1d83d784d,0
3226,1324510320-c1778583add01646337aaccee91e5654,0
3226,1321639740-102d4ac62eb9674de0a4ea88236e164c,0
3226,1323718260-76792ac92a421460c1227f927b0f2256,0
3226,1324154520-5a64cc0f3cf8d16e7ca7944ddb4a24ba,0
3226,1326485580-768cf2acc4b0d41ddff1eb8eb9d4dab8,0
3226,1325200860-1de9ddbd3151f77055c2348c9ec40e83,0
3226,1322257440-7f1f43203f22a27678975e20b81db2c0,0
3226,1323011700-4fd259c0595312b54d9713e2f88a0f3e,0
3226,1325380320-2d47470cd60a8b5a23ca97accaaa3d37,0
3226,1320234840-b7e9b25db173a4b1535afb60e8cd4208,0
3226,1327015020-0a0f798ea7ef6cb80ef652902404e027,0
3226,1320718920-8d24247b166c6e06c01d0d3ab3fc5375,0
3226,1326198300-a5f77d01dfc40cac22e03bd75169f1fb,0
3226,1323906960-3d6569506de3feb733a5d91e3ae3e29d,0
3226,1322758200-d6d6178540e33614918215b11d391f21,0
3226,1324500780-bf45e5380e80bebc235c07d8901ad81a,0
3226,1326385800-50aa444ac7202434bc326e04eea83c5c,0
3226,1327902840-952a25f5a716c7808c3a9216ea6b212a,0
3226,1324703520-7b08d1036dec49292a15c0858e1c0ce4,0
3226,1322007000-7b065501c7ad7a69c4b3942e2cbb5dd6,0
3226,1321312560-b965d366c79e004d06abc8b10e9ec9e0,0
3226,1321335720-71915e3a471e8e0b3b76874e37d5e0bd,0
3226,1326462480-7ebd1f20044a34769442edce296a1908,0
3226,1327749960-a256bfac9cc7f846907dcdd70ddb37c0,0
3226,1324207080-87d2fd88de6f178253b5a7e4142d7c96,1
3226,1324966800-01dcc84e44ae0db9a0b50abac3f2d481,0
3226,1321887060-98424117a0acf0b4b02d4adb2e8e7ed2,0
3226,1325697240-0ab96feebb171404bd3b8dc5f3566594,0
3226,1325375400-d99ea5aa9b57a5c0dada4a603d8cd02d,0
3226,1326097800-6ef63cf9d74e158c236fa32df5952610,0
3226,1324510320-23bdd28237ee145bd75f643931698cbc,0
3226,1325973900-7ad4e9c39547c98b5f5d9d156b6ca718,0
3226,1326525600-b7f7e5045bac9e08b7968dbcc9ce27ce,0
3226,1321062900-13782b7b7d0e72030ecba14c57b13d9f,1
3226,1324514520-0f188a174f5b43cf5e0cc9c733e2d5cf,0
3226,1325744880-5a4e336fedfb04ea5a0bdc45df867dcc,0
3226,1322987520-0f722f467a6c3b1c3379a5a857b88c24,0
3226,1326901560-bf68b9eb87f6008161f16b5e27fcf24c,0
3226,1325544900-83fe9e63205d4508c52b1049b42f9f25,0
3226,1322788620-8741695b50613334a1f2e27062c5437c,0
3226,1320852420-291bd62f7155600d1cb52c2c8999755f,0
3226,1326311160-6f5a8c5e66a7fd569b6b02fa8f7303ea,0
3226,1327040460-14b054bbc1360b876304d2e0a152f0d9,0
3226,1325745360-53455fc323420984e060cbb5263fc267,0
3226,1324929360-3c98df5d5d34d5c2edeb15f8720722d4,0
3226,1322874780-12fc4c2c2b54371af49b965a4b45e5f4,0
3226,1326704160-000c96085d7a2678765a1d91d7589fe0,0
3226,1327012500-b9e8ae66cc35989ebbd28c4d1e2d9c93,0
3226,1322615160-98d71a7b344653a35da67f423921872c,0
3226,1323557580-a6f0e0e99403f1046aeef230bfa08f23,0
3226,1326732000-d9c5e29a681cf329ae9b480754fde246,0
3226,1324422720-93d41f9bf6803101b906da0fe04f70f7,0
3226,1320433920-b3f52341d6d427b0f564ea79fbb983f5,0
3226,1327096740-496e48488d6edea7a2de44b0dcd88e8d,0
3226,1324697940-7a8c991dd4a8b407d86b893883c2199b,0
3226,1322753220-556bdbe1998d56b7707c473bba8ea0d9,0
3226,1322333160-2609fff814da750e3049a206e2ca3665,0
3226,1325515380-da07631a97d46a9268e5de5ce6cf6e9f,0
3226,1322254740-76962fe15bb97a93209af523ee0bf5e0,0
3226,1325269680-73b427d92d341568ca1459c905c592f0,1
3226,1322418720-f067c452dcaa1637d82399453258b5a7,0
3226,1326228480-03dee5fe8b0b3a51554a106894e9cf10,0
3226,1325941980-9d344ad1e88597131f5a00b32695a032,0
3226,1321456140-2a821bdbdd026f09b03daab9e06c9e8a,0
3226,1321299600-402541a1fe3686388e76882cddacf22f,0
3226,1324723740-d1d59e8071526e366b956e4f76f8bd62,0
3226,1321196760-5dcfe373a7d92d5b30a9907dfe8f0731,0
3226,1322317080-0c8272272684c998b5c546da9bedca44,0
3226,1326033360-a5a9be98b8017cfcc858b25a40cbce88,0
3226,1326401400-8cef7e6451ce27acd281b5dc561c023a,0
3226,1327638780-5dbc55e6ea158a23d7f2436a79b013ac,0
3226,1326303000-408ba54f8b472b151e31b7eb3d6913c6,0
3226,1327141200-180777917050fa4dd8b11b0616a908c2,0
3226,1323104820-669fc7ee2b894b56f2f8b4b82107a9b3,0
3226,1322247480-388c2d11222fac0ba7fa383efd5df062,0
3226,1321968840-6f8b937cca3512939b6f452f7926f493,0
3226,1324584420-41bf10f4c6a2c278fb288ca43d947433,0
3226,1326704160-176e4ed48e407fea2f2286c1f9d97abb,0
3226,1327000680-c2c7236e7654b80bf24f2ab1f36a992c,0
3226,1326318960-b4b6d0ad870278c6d0539e31967d5e49,0
3226,1321467660-492178f0a8bc8bd4c1a01593bb0d8e9f,0
3226,1323307440-34e02ddeaf7207de756e3a683f653f9c,0
3226,1325134680-8856d8a886c11726bc588824228b04e9,1
3226,1320796800-06dd453f9769fe5c75bb6a1bc75e8e73,0
3226,1321219020-546ddcbcbc43a188eed871a68be81e8b,0
3226,1324721340-3d4d536af9fdd45cb426cd1a2969972a,0
3226,1325545440-414787a0bfd90c6dcb6905164afcb2e4,0
3226,1325230920-8e7c4297f9cd1bc38e41269c92f51c7a,0
3226,1324732020-c0ec33559a7f79e3bdfdd572a38e653a,0
3226,1320341100-34b465b7a3bd15c8bd85b6739b9193b4,0
3226,1322251140-1d58b940c289d0c79ac7edd3aa5ce56d,0
3226,1321636380-7fef255baca8a93a0d7bc59a5e6bb908,0
3226,1325128680-49a188b70e55efc0154f5114278c0a22,0
3226,1322579640-cdb555482188a707852d8cad5ef89bd4,0
3226,1323833580-4a9cf4898d7efbc7560d40b14ace360a,0
3226,1327879260-0fc9ff990afa7dc3d4093a383272654a,0
3226,1326895680-da530d19d181ba5324e5c3bd20fc1d30,1
3226,1327386840-500882c50b7c498f0cbfeb36eb5b0274,0
3226,1321184280-7c5a47a69df9a85bb22334568e1e112d,0
3226,1325318100-09c33dc396b9d62a21608a25baabbea9,0
3226,1324037400-b14b719b6247dd064754bc86232fdc39,0
3226,1327090260-b96192ed750a3d9dc88c7a6468e4d2d4,0
3226,1320248880-3c3ba44f0408143fb0d1988dfdd4b88a,0
3226,1323114360-41c4841514ee0ff7cd83a75ac4b42498,0
3226,1324910040-044fcfc3f636421bb3f9529373501e2f,0
3226,1321547940-7b0bfa06d58cd6c358bf52b0491badb4,0
3226,1321114200-9bfcc31ac361ac2ca5b6c94095dd863b,0
3226,1326721500-52f80a955d0155ba0d6ad81d97cad90c,0
3226,1326463020-b86c77a2e12611833b76143035746d04,0
3226,1323699480-96f4f9b5939687c6d1feaea32ef5899b,0
3226,1323009960-c6e5b5a34033c76ead81c35b7c56d6c4,0
3226,1324534740-7556f340ff91a6d8fc5cb04ad57c63f9,0
3226,1321323660-7a8d0e2adbe49ea8eff0355e9f69f525,0
3226,1323200340-04e1903073628c4bf5f940ae8f43c42f,0
3226,1323742980-7dfd71a87937b428ae0b722b6eaf0ed7,0
3226,1323372960-a157a8ae1eb668c39aa20e8fb2a126e1,0
3226,1320755640-86bec04d45cb9b31bb8406a4ce564e05,0
3226,1326721920-71c223a9287b814249fda185ff96cd18,0
3226,1326571020-a43d550ce2db51a8699f767c7c68a298,0
3226,1320176220-6a892dc2b1f62b35229fd927a7422919,0
3226,1326939180-28b57a76aa11a0131e6f182ec8839036,0
3226,1322013780-b5e5ddcac010b5f4fe460ae655b6e349,0
3226,1322181540-db02ff63ea4d920e65b2409ae0495d64,0
3226,1327678500-a9a45e496fc225f0d5510b01e4455ff8,0
3226,1327359120-760eafffcc464280b1a5d76f24438462,0
3226,1320896280-200ba2917743487bd065d866e64ccade,0
3226,1322672880-2dc7f0878fbcc7784d1e37cc27e72216,0
3226,1323909660-11bbc196b5e9348e2c5fd19c3ea30e29,0
3226,1325023800-8c3de2e0c62c465ba07f306127390cfe,0
3226,1323139560-a9147d6a9bc3a903e881b28d85b44f24,0
3226,1324766040-85c01face6fabc640e445322c2d7e7d2,0
3226,1320681120-99dbe847a7dd5723cbb1ea68148a82b7,0
3226,1323698940-8dfbee6e46ba6a143e8844800f862617,0
3226,1325566860-118b01b085f3b358a218074c54f22536,0
3226,1321933740-fba483cd318dd0eee82da8dda8380262,0
3226,1320441660-32bc792d79ceeb3c47fc296781288e92,0
3226,1323343080-ad841c2ba7fa417df2918b4286523261,0
3226,1327726440-582616b6f107dbaf078ddced60d5d5f3,0
3226,1320475740-9b59a23695ce47ad0cf50fe0ce1a69e3,0
3226,1324588800-0664e21f228202fd5c12df50f9202206,0
3226,1323308220-65557f147140bd15d611b9fae4e22400,0
3226,1325588220-08f8215b9ee34d2da1e0528c904881b6,0
3226,1320708780-38d3d0ea8d73e92b4ec0eb22ca9f05d7,0
3226,1327668540-8bbc0e478e41c60f71a7ca01576b2eac,0
3226,1324405380-5b077881a1d020abcebf72f14e43b142,0
3226,1326638940-b607234d32901527f81ffff24eaffc97,0
3226,1326904560-12ca1eed1795f2fea65125e8e9f1cc11,0
3226,1324487580-b39de5e3c1e86024517371c664a9ee5e,0
3226,1327044960-0064bd7624d8e069036701f318e51f94,0
3226,1326327540-d043b313f02355475f23b1031cd7ac07,0
3226,1326318960-a5e1505e925650f0b067c274b104e381,0
3226,1324934340-cbe07441e411ac15452c6f0cc952e50a,0
3226,1324462800-d3be3dbce3a9ceb9ca6c2117c235bd11,0
3226,1320914340-fd2a4c4ef40e7dc0e1bc16c4d97da012,0
3226,1323132540-8013d39b3f6eb868415763ad739aa3f5,0
3226,1322516460-29e10756899f0dfb29a2683fbe360e1a,0
3226,1321532880-93872d6f4ae1fbab84c5a443cfefa42c,0
3226,1323283320-b2b601e6efdf40791beb4301e07dcaa1,0
3226,1323444360-786fbb5fcff64aff204091aa6886d786,0
3226,1321492380-773b522f02434184cfb9b9c8d83a3132,0
3226,1327584000-094bb8738ddcd3c7af3def98d35f3ca2,0
3226,1323953040-ddca433cf36617a2a77434a811074139,0
3226,1320180960-8831be4b979af3c3d5fb7ce6e710f803,0
3226,1325984880-52863177026def43430f6771de1434b3,0
3226,1325186040-a043d1e0125a2200df7184739e11612d,0
3226,1320878100-891b00bb78004a5fe0d011d87bc081a4,0
3226,1326067800-091d9149063ae737374d10630fc1e7f3,0
3226,1320833340-7a54fd3790a2c8d46bfe56278979a543,0
3226,1325349120-23063f5086e76a6cffd4f53d98c938ce,0
3226,1325876400-6667c2b3d105f4b5edfbed62b2bd10af,0
3226,1322017080-97aca323fff1a6ab637a157b3eb50368,0
3226,1326992400-65e2f164f82c67d612babe6c3aff9522,0
3226,1321641840-c5b9ff3eb9b80be597867f07175b9f98,0
3226,1326899280-c735aff6d1ad2263227dfb60cadaad90,0
3226,1327991340-83ea0963dc061415f49dd6636ae846ab,0
3226,1320589500-4b049632445a3329f2c4234031b808a0,0
3226,1324584720-da88be2afe0926fa59a96cc96cf810fe,0
3226,1324911480-2edc843f5ca8e8c7270b647636dc99d7,0
3226,1324422000-b8e11cf698922ee5427585c887e16747,0
3226,1322615640-d3197445d984e9ebf61e8fe54f3b9e7b,0
3226,1320726540-bb8d4b19d0cfdcfa9ae2ca505e60bee8,0
3226,1326434100-298ec4bd4e5bec11ba88d83c45d9c9e7,0
3226,1322200620-3ff3e1f1869f57cc2a4bc666cfda020f,0
3226,1327047000-6ec79d2a2554163eb4d46b17e71c1495,0
3226,1323801780-878ff5dd64a174d3f36b972d3c25d4cc,0
3226,1327737180-bc06fbe215df774b98fa13c6dd519d36,0
3226,1320210900-d1b5babcc561e7408928f1e6823b53cb,0
3226,1321662900-7614208bd9c5a0c22bb8d69b1e53f72a,0
3226,1325256600-5a9820fe99a28db54c254e8c274c827a,0
3226,1327368660-33fe8405077a83a6f6c4d69b2445e27c,0
3226,1326976380-0763760f5df9bc3e1f6bdd64b9f725fd,0
3226,1323211620-56bcdcb9e77c8ed5b798298203007341,0
3226,1322252760-0434b1d2f436c71d83332b59e9315003,0
3226,1321506900-f7a1f243532ce4e1e8c4fdf370a5a3ca,0
3226,1324598280-261840f0f0a776bd2b0135d5c608fa7f,0
3226,1320796800-de8bc2439bd0310002c9ba743cbf6135,0
3226,1326422280-b1ddeb5ae32b1def915e3e69321c6ec4,0
3226,1322251860-c9575e3a2e289008358271c1a93dd605,0
3226,1322020860-ce439bcdf9f379a398fdfbf42f4f0d4a,0
3226,1321951200-ccb249ad1aa47bc000a1d6c514168dd1,0
3226,1324511220-506a668fd935ac7a19343dd5a0d625c3,0
3226,1327437900-2814acc5f0acba7a7844e24d3101c634,0
3226,1320816780-292bb897cab5f29e1accfa19ab019b25,0
3226,1327611180-fbd759d23b576f8e2acf655c95a2182d,0
3226,1325839140-f3c471bf59c08922a38cf346a304672a,0
3226,1323727800-626f52da7e9353159881f18a491be71f,0
3226,1323708000-0bb26329d8458897fa86f887a1063175,0
3226,1326884880-7f5426fc6ce53b1f09d4ff2d6e6850ae,0
3226,1321363260-7edd85d02ca56bd943d6b032f2c5ceb1,0
3226,1321981320-90fad85874a8d3431f66e63dbd53bed1,0
3226,1324050360-4cbecef44fabbc4b92c7bac3282e976a,0
3226,1326823680-c52db18d6219f418cf4ec51a06e8bb91,0
3226,1325305500-9346be36f6b5edc8b13ce55c6f050c9c,1
3226,1325305500-b15f70088606077c0f4f9240122f840e,1
3226,1326632280-c42f40138f7bbcf9a52072961ecfa968,0
3226,1327250700-8d1e04580c6c28aa8ec11bd4a340bade,0
3226,1321066440-1346311fbec1b1afb461614ed9f7a589,0
3226,1327339200-fc7af86b4fb41b4cb31e45d67f20842b,0
3226,1323529380-d2c2f7153c299a0f2d172a9497cd11a3,1
3226,1324995660-afa6ce24e3f1f5b6da1c087afa6fe17f,0
3226,1320695160-70aa7612424e7999dad37965e4fea379,0
3226,1327252500-86fb901f36a8cd183e93c14804a98297,0
3226,1327536060-1382fca9685e2e80cb24c50848b0eb20,0
3226,1321429320-4dca54493efd3db6b90ee12bba9ddab1,0
3226,1322587560-707d14eb636ef1bfd93a0a6aa890432f,0
3226,1324876380-d4ba32aaacf96ea35151969533e19deb,0
3226,1324005000-5396db0b63f00e814bce775d2e964cf9,0
3226,1321654860-dd617cee40ef8465480df9db56a0637f,0
3226,1321090020-69fee63f69db4e57fc4e73c245d62a6d,0
3226,1322912160-9c5dee3970a0ee99b599b85d9fc45e65,0
3226,1321574220-96032b40efedd00929a195d9968b3aa5,0
3226,1320932760-75fd53ef5cd0987fb8998ea500afa430,0
3226,1321407420-92e0ce680b9b81f4ab170ac76942d669,0
3226,1325071980-73004530e85d50f30ced153f93ce9285,0
3226,1323313080-0d163e7104b02918a5b06fdc47d49350,0
3226,1327203780-c4a2d74b643ba0b6c8c13ed7066050aa,0
3226,1325088000-13cf477b8ea6bb885363095fd769f78a,0
3226,1325097120-011ec9e8df4daf9d7984e205d5886e20,0
3226,1324506000-d2c17bcca7bd5c837d6d1fc8f270f2b3,0
3226,1327448880-7328c76b51be77ee4e6c41b4666e9ed6,0
3226,1325701320-0c4db549c239338cc992eedbfc292fde,0
3226,1323344340-f4eb43820ae7b7384f53244b0c58d765,0
3226,1323213660-c695278d2d237c7d4b11149cb429f1b9,0
3226,1320815640-7a09f30eef96e1002cdb1a6438e06a96,0
3226,1322637720-354e8ce9dfa296112271ba84d959d030,0
3226,1326132120-6f1c2d4426086446731ffda7c1b370ad,0
3226,1326616740-103102a3bdc13a4f07429a943e55a5c0,0
3226,1324023780-3b0d8ee77b1764fdaac93ee808a80e62,0
3226,1325808000-79d689e74072ef7bb4eb14a38b7223c8,0
3226,1326839220-d8854674c4233ee65ccf3d7040e14620,0
3226,1324344000-86bec21779eb484b7ed1384692cf9286,0
3226,1323720960-4cb96e4aada14877d1a822d94c91cfc4,0
3226,1326767520-d5f8170856af7ca49bc45518053a60fb,0
3226,1325246580-5a760eee392b9021ce92be38afe4043a,0
3226,1322977560-fd7a4d565a3b26df20b4a48db58b2326,0
3226,1321112580-862f5b4a167906477050b53e49553e76,0
3226,1321993200-b0d8cf769bda1e9c96214cfa6d71468f,0
3226,1327252920-0fde7bfa3e379381997d7b77e5e06af2,0
3226,1324504500-62303a8ae85f0bae5c21828bdfeb3bba,0
3226,1321409340-cdc4e1af1dd98cf95dff98b3a8f9d751,0
3226,1321316880-56968ff14e0c2754dfb1340c509385be,0
3226,1323727800-71f1d28b8235706311c1784a84648bfe,0
3226,1321387800-fd0d893e5e6600cfebcade6c46469193,0
3226,1325890140-ad23051961ac0e657801bc6661449edf,0
3226,1322890620-8398a97a1d5d4b70eb06561d3d4e7583,0
3226,1320816060-7dad96ae126e9bb8523a08cfaaf16858,0
3226,1322727180-281bf3670f3047031fdd9a6ca6eea591,0
3226,1326823680-20f59e18d761aac3f27cd7e307b7e581,0
3226,1327551960-91f543f7b73303e72d8335cc20675246,0
3226,1326422280-b158be5184356c6a9439eeef879c5778,0
3226,1322835600-0eb19937171998d3c442185219194019,0
3226,1326432540-4b8f86fc2caec6dfbb11de1ef7642a64,0
3226,1324245720-64d1e5f4004679946b2a2d58eae090c7,0
3226,1325078400-998c087f3db8ecc472e2b5d9f8c2801c,0
3226,1326105780-62f920dd408c4c85992f75f1a57ed378,0
3226,1327399440-f7e083510f019c4cddf2b45d4766c856,0
3226,1325196420-fe5e68898f5a06f7df41337bb96b15b1,0
3226,1328010060-7936fcb98662f66dbc81d448e9adfda8,0
3226,1324006320-31e8791b01e5cef3f0176a5a165a2fb1,0
3226,1321395120-0902a7b9ea07428fb912e94fb375182b,0
3226,1324777740-0d9482c037fb9f95a2b8171c0268f7fb,0
3226,1323657960-4b9f00fb7a8777915b11bdd36df99f7e,0
3226,1320897600-1127f706df8fbf5ca7359a28d28343de,0
3226,1323754260-342bf22d4583aad96499b146fbbb2d12,0
3226,1321189200-a2caf0e32328de853e5068852f3dde68,0
3226,1325161740-55fe5628f7643389ee15b5a58cfa23aa,0
3226,1327565280-d7f0b9513c0ffa20dee3ae81ccb160cc,0
3226,1322313120-97707d914e9c8ac7bbedd1536afbf3d5,0
3226,1325812380-6e7db7a42d55286c4e43325fe390964a,0
3226,1325063220-3e43b6fd5a55eeb98a3e147b6c161551,0
3226,1326926160-fd5181eaa35b7cd0637a1f5eeac8b2a8,0
3226,1323758340-f6e6a1ea1209348a4fa34db7dbb3f985,0
3226,1320430860-65d309f80b10186f2db29c356b5bad1e,0
3226,1327121400-dd4d8e7f8fa6d7cc9e6e7d6a60c59ad3,0
3226,1321583640-9d083a0accbaf9dee05922d05a4a8937,0
3226,1325100300-fb5bee7070cdbf4b922064347c45e450,0
3226,1323850380-ba6d6b89e8f701e68f1b626ab44d6905,0
3226,1325194980-6b9bc6902b957795c985bc7db42bc6c0,0
3226,1325061480-275647ceeabd62c7e658c844cc0ccfeb,0
3226,1323906960-064dfbcad1e3f04d2e8a1cecc6640977,0
3226,1325017320-40ddc63ed6d4aaef58b047768e97b78b,0
3226,1327724940-a0dc7826813aabc26e2e3502d91874b4,0
3226,1326209280-cb157e3b5f84f603483173efc431d275,0
3226,1326486780-a370f79a1940a99ead50afb68eaec960,0
3226,1321112580-cd13764faded60e9c81758ac51f880e1,0
3226,1327859760-71036ac59c20b8202723a0e673740f66,0
3226,1325629380-7cfe5d537b70733c7c882cf101bd91cd,0
3226,1320968580-cf8a4ac14cc7a7f7689ecccb1948c181,0
3226,1325857560-95e7b64ab9c209d7a3d3fc02a6643ad4,0
3226,1321293420-aeac40a66df0d2c309947dc0b5187da5,0
3226,1326969540-f6529b54c2638e91f733b9291d8daf54,0
3226,1326151500-251b79321746736adabe259397ed15ba,0
3226,1321643280-dd1c120c0ae249da475456f2dd8940f8,1
3226,1320862860-af16b9eeb7a88afdb0c7b19d0398be87,1
3226,1327201140-bd7d2147734e5c1d2d003a9b581c8c4d,0
3226,1323411420-aabab84e84a9a738a4a0707bf520e83f,0
3226,1327357260-224fb3439e620d629dba7cdeb62699fb,0
3226,1322505840-becae8a4f190beab31029a56c602431d,0
3226,1324152180-df36e8443f59fbc959de7461299e2058,0
3226,1320725580-d52535db28485ab38353bda6cbd58b4d,0
3226,1324057740-fc5d24719811f9a9bfc249f19c0eb2e3,0
3226,1325680140-724f6ed7724a406bb7d6aef5841a447c,0
3226,1327748160-1a9de64a7c560f65d25f6f78a3ecceb2,0
3226,1321042020-9325976dc9103eb8e3b03d5219990277,0
3226,1327006920-36fb221a2907c8245219aeb8f8001b49,0
3226,1327678560-311b697525e99fa23e7ec7e7d2998319,0
3226,1325743080-2b50b25c58c871e41a10fcaff8f352d6,0
3226,1323221940-50a7681513d87a7cd3a7eabdc1e84b30,0
3226,1327336980-408b36048b260daf0c3f62be94c8e860,0
3226,1320530280-8d290f472f48738ae3dd70bccaaa499e,0
3226,1324674360-b1985436f0cc05558643997cd8ce39c9,0
3226,1322783820-6e1556fc03457271e0bc0e8f9837afcd,0
3226,1327592160-bbbd54a78e1ef4d9c3861a60b9ed26cb,0
3226,1327373100-585d0aceeaa1cc9f1bdf78c761f49c68,0
3226,1327968900-f5aacde3f10c55e365186956cd43e42b,0
3226,1326541320-47c0e9a1164eaa4bd27b64617f618170,0
3226,1325095500-acc48e55bb333db12614386e24820c5e,0
3226,1320120660-92ad60cd553a9825854445e856832ca1,0
3226,1324386660-1ebc15f25c68a908b4e3988cc7c316e0,0
3226,1323900840-8e86948eb22be9b7c380d2516a7c9726,0
3226,1321887060-500d8faf05e0738465595d58ee2dfad1,0
3226,1326102060-0e9c6232ec609df44c95878e2571aa4a,0
3226,1325847660-7e4350a5d64f8a9aedcbb5e7a54a1600,0
3226,1327213140-b6eec8f31e6236de23e4367e84725460,0
3226,1325850660-5fe3b9351e9eae8ea3b7434565da8f03,0
3226,1321288320-56b334f1298dcac0a3435449676a3a19,0
3226,1327984800-4b165d5a9fb6b078e5c4e5508209598e,0
3226,1323444360-0fc75fb0c9641ffab51ea4f14fa80a65,0
3226,1326823920-96a70bfed27545cfafd994f13cb61dd5,0
3226,1324057740-415805bb80c658be5a3310ed0c2cbf6e,0
3226,1320881880-43165dd409878032466a9831de40fd46,0
3226,1327072920-42bac9c7beff5b1b0f3354d3d8678e25,0
3226,1325223660-1b17ea20f625a8fc9125eaee3ec70210,0
3226,1325770020-4ceef3ea4f8b8ff184924164bb7a3b41,0
3226,1327191960-149cb01a088969be0ea766606ebf5826,0
3226,1324313040-1905d605786c53f29185f431b3c21949,0
3226,1321151640-27538c261ffd5f98df3a51f88f81c609,0
3226,1326113400-815998cd6dcd580f9fbdd39326fd074c,0
3226,1320111540-3a79b30781ec7a062adcd2f2bb9cef7f,0
3226,1324433820-cf627c0f881b4d0716a53da385470318,0
3226,1325790000-52dac726848255a33fc4a9f1d7bb5bce,0
3226,1325885640-613fbf22d6660fad5854617f24161439,0
3226,1324260660-b8f3abb9008dc19e9240d4b88a3e2379,0
3226,1327630560-5e59194a2358322023e773ef82d2639a,0
3226,1320865320-718d6f2c1b9a1d6915b6e99d2fd3cd54,0
3226,1326897780-c0b0bf4179d1775e56faa0e26e178581,0
3226,1321616100-2278ce1dba8e9423f56a3267ae41a26d,0
3226,1323290400-4f68f2f03f6e6794a61b8f601aa7fb37,0
3226,1324814580-d641bd36c6ba1ede98a62e9cf027a8a9,0
3226,1327152780-1fd0c650e82477f18502090e20117a70,0
3226,1326541320-a0c867bc31392cd11283671238081648,0
3226,1321614960-2527a7ec19fce2b099caf3744eb74e0a,0
3226,1322437920-45960b4eb8c415c8086be31c9ec6c9c3,0
3226,1323781860-0eb25889388837a6fcd3815d550fa7e1,0
3226,1321422660-d065fa9b8b3b711ad0f99d8767850876,0
3226,1325779200-38a1c1ed123c1dd2d135f1bd0af1a62e,0
3226,1322317080-fb37e8767a70df7637e3c5aaa22246e1,0
3226,1327731540-cf0724c343c9c19cd81aa16ce85b6140,0
3226,1326325860-d91e2092e0ba37aa1d0844a89ff5a7f2,0
3226,1326965940-671fa6e2b0ae94842aec42b482c010f1,0
3226,1320405840-6ce496774281af6d99a06390a876dace,0
3226,1324319940-1cabcbc1d6413b1285dead29aebc377c,0
3226,1320675480-a7920510c3c4e9b76f3c4b94510882a8,0
3226,1327392000-c14276a45657e9260b990943d97aa45c,0
3226,1325687400-18ebc174614ea3a866053b092ab17ec5,0
3226,1323446820-6eafa308a923841691b17bfe9c11c679,0
3226,1322843160-388357bb1527ff45fdb645095a1e7c31,0
3226,1325425740-474270ccfe3b89c828f87ebaf582f8f6,0
3226,1325119380-97f79c146e37b65ad7942824240f691c,0
3226,1324696260-6e68abe0a27b7377acfbfdf481e144d7,0
3226,1327254060-3dc4560be4c0010c4a38311b7f2731a0,0
3226,1320829560-8823734c8dd215050de61b01e7c44828,0
3226,1320731820-32c578a2638d59242331f6c247a5bf40,0
3226,1326609840-6b5513db46721f0f66396303a319731d,0
3226,1325814300-aa335f0c706974f06b5d90a8a188fc1d,0
3226,1324890360-05d158570e2cc1a601d98acc33f0c4f2,0
3226,1323813240-18bdbf652efc91a78e8822dff919ef7f,0
3226,1324351140-0221c92e54eeef80968d41da0958f2f0,0
3226,1321025340-76cee3448d2da084428897a4ba73b4a6,0
3226,1327872420-5c97df2114dc0ae05325960bfdfa1f75,0
3226,1321029060-d82baa331d672aea2e5570e471418e23,0
3226,1323535500-974642e786fa23e74790034f5040a392,0
3226,1321776660-aecc8e6045825031f734b6268b3d0377,0
3226,1324487220-2c8c37d94306cca2c40d38dd685d96fd,0
3226,1326083760-d1ce5a61d65990a82ebaf5ed7607abea,0
3226,1326999780-2a59c5be8e4c9c18e1dca83dd5413e04,0
3226,1327242420-4cd5de10ead9296bac611b53d5cb26c1,0
3226,1322608440-d1e052b6c1b5b96393683c96b3008d2d,0
3226,1321981320-aae761c2a4615267498b6ddbf7fc52db,0
3226,1320725880-f5534095bf266323985e8491c4b86b91,0
3226,1323714420-0bb0b6181a699b72e26f6ff30e2dd040,0
3226,1321019160-7463e4990f6055cdb2e4823ad45bb166,0
3226,1320962280-6a8ec3b6f8b3e1655724398784dd7d46,0
3226,1326996840-01733edb9007283c2d19a811be285bd9,0
3226,1327096800-273c65700008b788eef41ca10854bb97,0
3226,1321616100-d9e9e54af8434faf6b9734f5e4d347f0,0
3226,1320755640-fd80652894c828f0a9b318ed6ae57f20,1
3226,1326978780-b8dc67acb05ae3d6beedb3a983281805,0
3226,1324392600-91193fbf3d238c25338f9147942dc090,0
3226,1322890620-f0d861c9983c99da6961a3476dc5843b,0
3226,1320112500-8fd2698a433abc0b4fc050e9bf66cdaf,0
3226,1324589700-af0cfaf70e694b102fd62b012d7db91e,0
3226,1320430860-1d8e8b0044b2f3d567897c897357114f,0
3226,1325832840-6a42e698ef4a67d6e33d442a98ec83be,0
3226,1324128060-1676509e687a34714faea845e5824a90,0
3226,1323458640-cea1c6b3fb1a56a422fe991011172218,0
3226,1323126540-cab87abdf1c02f55a3966f45d5f1f0fd,0
3226,1321915440-1d43685e8e4e93f9d6ef914ca4c9feb8,0
3226,1327066380-2cad19925bcc923dad943a3bfc3c1471,0
3226,1321838400-61593879e03901a76c4fab7ab74f7a67,0
3226,1324391700-779e1f20d9eeeee6738cd17d89d49c7a,0
3226,1320462840-d6f09090b89afa0ee67006355107c5d8,0
3226,1324597560-8e387c893fd5fd414cd28ad2624b99d0,0
3226,1321462140-382cdda87dc42559a213ceb6e56a285d,0
3226,1321809240-2faeceb29e143cace9e4308f630e9b1a,0
3226,1322142660-db87b27ada740a5fa6adcbaabc1cf1e0,0
3226,1327393800-1352a545ea4fbf987e3979fd588520ae,0
3226,1321558800-bdc415ed7e578efe4fbef01abb864a71,0
3226,1321636740-dae6b6d435e4433d3907da2121fc420b,0
3226,1324890600-0c79a874b12c855dce19de79451820b0,0
3226,1322868180-075f3ed49509094805578a149ab0d71e,0
3226,1324955640-cef1dd49e30c3a13c5297ad2f796471d,0
3226,1327605060-fdb9c2a9623d390f8a7522cc175d5d5e,0
3226,1321799220-264aca74d78f650badb408320834554f,0
3226,1327191720-f478394c2e7f1511f83bdc3aed0baffa,0
3226,1325708640-4bb41912f1bba4a488db9f2bbc8514ba,0
3226,1323976080-aaa46dee44f3962120d3b94aa0d9450d,0
3226,1327940580-564b814dbdd27adf96d6c97dbfe21bd5,0
3226,1322478420-91faf73973deaa7cf4d708e4b0275e1b,0
3226,1323899100-b74d827f9ac4436f314b18f9da1a1c61,0
3226,1326313860-03bcc36fba9ef655a2394800f4479587,0
3226,1322792940-2e46141c78934e109e18a3f9f2d8b3cb,0
3226,1327005000-6e4573d5f3502c9652c3f683c0876ec9,0
3226,1323202980-bf18e338d7edb35785a176a3072aed4e,0
3226,1320796800-5a22860e018b0da51b45ec5c6fb69d96,0
3226,1324990320-09fc4dd77ab68e493e1845817efcf80d,0
3226,1327692660-80759c94c4998b07a868d9337fcf81d7,0
3226,1326879540-51a0e1fd3b405130b2d2afe268439cdc,0
3226,1326029400-a7ac9644509a0019ae037a60546c1bd2,0
3226,1323749580-f8e504d94e5c74da86aca416fc7fd3f6,0
3226,1321058640-0fb6af77f0cab8f6632aed08a7d6a691,0
3226,1325222940-bdd706ea712d3b74332cc6eb46081d77,0
3226,1320685920-9bedcfe535851f6a39400211dddd5a4a,0
3226,1323963480-3ee468815d472f49fae86f517855a8ff,0
3226,1326330240-669409d313e3b2d64e8e8a5e3b2dfaf2,0
3226,1321161720-9e5b5021a54f2e3c6e23fdc267268869,0
3226,1322493420-4bb6e4ef227b9a4e3c721e1e43d528e3,0
3226,1323695100-7df68071294630e1be0d0ee0c3052b0f,0
3226,1325915820-58f5be17c597677b5ff4ebbaeccf4889,0
3226,1324326000-879dfba56bcb148de727179b840de28f,0
3226,1327510740-077f8685cc16d1c1f77b045e73aabd35,0
3226,1321738740-c60d35d73ced9a06da39db7e9157d2c9,0
3226,1326060120-9085790e00d48c22c9b853c32a4718fa,0
3226,1326487260-b0dda88d96bdda3b42fa248618ce97f3,0
3226,1326923340-8c6f3a6f39480d094c50f1ddb33ddbbe,0
3226,1327634760-00ba11e3dfd74076736b0a15a22056f4,0
3226,1320839400-3411f4f6aa914eea43a5ceb4b64f1561,0
3226,1321645560-bffc55dec8aa2d44d0d98f1ac1b2ec89,0
3226,1325230920-3f3239bbee9504ecc25f114d773573c9,0
3226,1322535900-70ddc2c7dbbd8c723c006f1884ed7d34,0
3226,1321120560-261ec7836713f9ff353c415d849ebf40,0
3226,1323267780-3548c9bf6506db4408ca4e0b46fbc44d,0
3226,1327358580-2e0297016d83d7434dd8a2fdb906e97d,0
3226,1320720120-0771bb8927575f272b83cadf3cc39fe5,0
3226,1321392780-70e841a5f98ac517827f713853b50362,0
3226,1325818620-0bee5749bada7e48cb233b32dfa35462,0
3226,1325409960-97996a345caeddd27064d684717bb874,0
3226,1322541660-95381ad603ef9aeed7d67ddf1e2e257f,0
3226,1325953080-8994bb063338e78de801679d12d0be73,0
3226,1326341040-818f2a81012e5101e9beb669f843f425,0
3226,1325627640-dc6696612f422783784e1e115c146056,0
3226,1323498840-59cc794cc84de0644a2ac0e39fd42b72,0
3226,1327897980-d9a2938e728ce6f960b713fd49f52f87,0
3226,1320426120-5f49a15d73d4ec22384e98bfa56ee8a8,0
3226,1320234840-7b96756c7f9ae96f417bea557bffb9ff,0
3226,1322499120-41bcef72fe73bf30565ba6b86eeebc0c,0
3226,1323391920-4da7dbfb6a9a20c1eeafa3567ea8249d,1
3226,1320458340-dc040b493e778eed7a4069fe561ea843,0
3226,1326324480-c65b538208cb524482975e59708df266,0
3226,1323188280-dcba78d9903aee808b77e4cf1f91811c,0
3226,1323611640-a415db384f6d4a82eb05011142a94171,0
3226,1324015680-4664baccdd3326570fa69dc8d4f9e7d8,0
3226,1322437920-019268d3e0c884f4716204f7cf5d2e71,0
3226,1320429180-836f2f66ed42ad5037e752793389f3ae,0
3226,1326179940-1a71ff7888d642fdbf9a23ad33fbe866,0
3226,1326962220-2df500ca10d6eff40b2bed648060ce76,0
3226,1321476660-342d05b037ad3218a44ad8ddc8eeeab7,0
3226,1322159220-7377f3dca62521e210e1cc54f3408f5b,1
3226,1321734780-a09fa6eaa3ae08c5126b99649fbdc86b,1
3226,1325781420-4ef888e957ac43fd10e7d2e590cd35bb,1
3226,1325899080-6ef0f483f16065a01a6167bbb9ea5bdf,1
3226,1323130740-469ecec8092b2a05384ef656e2272a60,1
3226,1324395660-48e752895f86546ecdd6b75337f917de,1
3226,1323819960-41b7ac17d711ee8bb3e738725d5f68da,1
3226,1323819960-2866b00d5234e7c1134d47346fb2fd54,1
3226,1325174580-0edcb3437611eea740594a0a459f0b9d,1
3226,1321905720-017cdead9a1479b034657c75b9e9930c,1
3226,1327207080-b4d45479f9cebe069b598ecc5f902974,1
3226,1321404120-3265d314556316a86ad4a98a9382d069,1
3226,1321161900-49578a76bf00db98469a6a37818967b7,1
3226,1321161900-cdeafd223c13bbefab30d29cd1ed2bfa,1
3226,1324787580-94a814d9e2d26f40d27aca8314e74aa4,1
3226,1322272440-51dafd9f946fd4f56abe1bca638184e7,1
3226,1321603440-fb9ac0eb79d856721f2cf336a557bdd4,1
3226,1323911160-71b8397696c68da073dbcf459972c2ad,1
3226,1326417660-c1306082b63921558b193f569e0323da,1
3226,1323738540-989328f6a9131e260f00a47eaf18009b,1
3226,1322368620-9d9b83165feafc869299af92f5018982,1
3226,1324267260-f1b72a880eb95e0f1520deaca5c726f9,1
3226,1326339780-665c52a89cd7c0156f06f0f31fa0a834,1
3226,1322494680-8b73926af56449444c96a072c208b290,1
3226,1325122680-b3a4a98586ba597caa7001cf886eec24,1
3226,1327651320-ac769e3e76b132f8c0307ba8931627f0,1
3226,1320562680-8e85e19e5f8e248792ffb85ef822d443,1
3226,1325735700-196c18b2c5920fa8e471e7f7255f07e0,1
3226,1320562680-c0bf6a0ea030f9d9f0c6fc521224d473,1
3226,1327713900-3dbeeadabeb1c1f42f0870f0c9d59cf2,1
3226,1324874700-51ac9cb58820810d99ba79b29d7690c4,1
3226,1325826480-8b9eb5bb49b6f62e06d745f46749aa4c,1
3226,1322279340-1d8ecb422fb8ea980f7cb0493b9e8c5a,1
3226,1324524360-6b55ecdd5b50d21f3d07b5c112587751,1
3226,1320772020-c513f1462c6ee31f0568d198f6330282,1
3226,1323892800-96180fc7b4609df7f2849f327063a5b8,1
3226,1326151980-5e261dce797357133f20a08072864a08,1
3226,1325192280-be90c811d1d13e37326653006aa2081e,1
3226,1326422280-fd508a04f3c7b33c63f4c49d0ca881c8,1
3226,1321625820-72c179efa2c7f9cca68cf5f7fecf8f5b,1
3226,1321548540-8a5f646bd797f5fc7e40659dd26f863e,1
3226,1324082100-6ef3400eb9ad5b5db81aa670912f80c3,1
3226,1325607180-5af374a05942fac57d7f4ef4cae7eb0f,1
3226,1322018160-8b4d8285c09e6cf4192aa866b7829914,1
3226,1327032000-17f0ec50e4cba54490783579444e84f6,1
3226,1325480940-65a9c6518f51bbe2030716071661fd1d,1
3226,1327121400-0cdd950ea61a1c76d734e282c0afc4ca,1
3226,1325304960-841b0c9ac43ad9ef69835e8ce0d30ea1,1
3226,1325125920-ccb3f3629f1653951c836e276b90660e,1
3226,1322706540-8cfd8dbe3cf3774e0ec3c9c66df91245,1
3226,1325008260-34bf99432293f3ea89b22381593f41ce,1
3226,1326831780-5875b698d2561018c8b45500b8e60c41,1
3226,1323899700-2d99dcd7436b1f622b524a4cecf5400f,1
3226,1322985960-4bfbaaa42a46c338d6ef46467d856416,1
3226,1324180740-0712a273d65c8e3ddc70d723f554723a,1
3226,1327207080-5b1662d5ab3b599dbe456bbf38e95ead,1
3226,1326501780-7fccc2b645607b5d61176d2534514179,1
3226,1321161900-d785e11218b1eea62fa08082ef5858d2,1
3226,1321373580-0883417c7a01c45396b171b391e8ba4c,1
3226,1323153240-33719628cb98f1dd7528b594769308af,1
3226,1323969060-1c445a4b5160746a8c3777d446446005,1
3226,1323532800-83129a3fc661ccefc9754c007f5b6125,1
3226,1325628480-bf9a432eb4daeebf2c9acebba5c3b1ff,1
3226,1323360120-be7f6e421a6d57e671c6337f72e62577,1
3226,1323955140-39cef5a396150c2d3a829e9693b634d2,1
3226,1326317640-2ce08d77007ea1c23296b1d71abd27e8,1
3226,1323465360-3b166cf8fe1460342de73140c315b09f,1
3226,1323819960-0532b3aadda117dca164d10968628073,1
3226,1326415500-a845a853049c73101196b5a4dc4cd276,1
3226,1320746220-79092a2601bf7c3950f4e4fa8b9dc593,1
3226,1324523040-0407bdc792256144eabf7c92804537d5,1
3226,1324002060-b6d062c70cf3d9f9c59816c04afdb617,1
3226,1324949100-10dfcbcce941d412fcc95b43b558a745,1
3226,1325809620-868932c64b0561365aee850d76a93860,1
3226,1320714060-f7bfe94ab81d3e88ffd99dfd782d9757,1
3226,1322018160-40ee81d3cf673e19ada6f8693bc054a9,1
3226,1320825240-5e6f9a81b0443dc913acc8ef0b5021be,1
3226,1325475300-038f0a9b0cfff15aa47a277353a183f2,1
3226,1321761240-cf7c066692f6882c2d90ec4e9e7d4e32,1
3226,1325285340-c18bac17a0797e3a4359a4d13c3a7781,1
3226,1325285700-548e6a28510fcb6e69b4ea7638bcbb60,1
3226,1324128540-29e7312cdb5768816c374b63906fdc01,1
3226,1324050720-48f04f0c7a1fcbd2183ceb5ab617fe32,1
3226,1321996560-7f9424f2d625fbaa4688dede41715723,1
3226,1325082240-516a8a6c68f3e8748b9f66bdc691c2ee,1
3226,1325168280-fa97e0e5a741e057f63cdb7a5e8cf26e,1
3226,1326516120-7a00fd836d95fa8068042c2f27c29107,1
3226,1320746220-bb1d0b33e2f37e1aed766a7a8688afdd,1
3226,1320714060-6e4ccef18a4f5412bfed873f14f2a2d6,1
3226,1325121000-06f2d2e7c68257954dfca5a8c6888df2,1
3226,1325304960-97d071d3864a8fe4380c9d8806e1f81f,1
3226,1326168480-f5ef8230c25a9f1d142eb0c06dcf6f08,1
3226,1326426780-6cc4267e9b349442d14e5d3cf25ddad1,1
3226,1320825240-35a2f01f294dd2f3e93ac265ce9cbac9,1
3226,1326945600-1d18db5c50d0f02b102561be99b8b4c3,1
3226,1322680380-6b4a931efe94293269d7eece1b3b1073,1
3226,1322080260-94cd1a5011bbfefe841d55f9ca177ba4,1
3226,1324332360-a151b51b09952e5761b2ec264a69250c,1
3226,1323872880-ab4b17d5c15d6f604ff9c57e994269e6,1
3226,1325646300-8542a7a8776911958ad269a5b247d1b4,1
3226,1323834840-db884deda143bf09ec6eca6e74e10ff9,1
3226,1326501780-f217fdcfa052fdc5f4d19ce5edba93e0,1
3226,1326339780-81fc9345c4d4f08fcc3ea454f3089dcd,1
3226,1320312600-ad12198881b8fddf6d00b93ca4f41390,1
3226,1321161900-daf49a306dee7a9d637ed91a13709660,1
3226,1321846620-7c7c93e18f228c88a3179ca53c1f9cda,1
3226,1321587780-75ce2cf9a36af5c3e73f6760877b9ff7,1
3226,1325651880-dd7f3732a70bad61d53f7d542365f65e,1
3226,1326162060-fe2c3869a4c1476295145e7156453d13,1
3226,1326127980-b8b0659a56d61d1e7ba9795153ea016f,1
3226,1324226520-48be92ba2981be106f7e5af6f47e93c9,1
3226,1325720760-86b8e4068b37f3f313ede97cd499fd94,1
3226,1320869100-213ab05d6931cf762d7ecd1c2682f03b,1
3226,1325107560-8fa762c2d3b291d53ab2403c8982f1fa,1
3226,1324516020-9caf11d2a0843a5bbc2050164ca19e63,1
3226,1321761240-d878ce04bb81d1a7392462df96de668c,1
3226,1326158880-7244c88664323b3c880723e25b875769,1
3226,1324354500-0889ec3dd5bed1e0fc1aad043411a60f,1
3226,1327725540-18f4ff9fcdf8555e92f0e99a5e155367,1
3226,1326516120-25cdf0cc1841ea2f0b76955c1811944e,1
3226,1320224340-4914d45961bad0ea88af69c1111d471d,1
3226,1326951540-3a24acef20ab6985de82d47da29dd90a,1
3226,1320746220-130f2e4f03dd2c8e46ba1fe5db766fe3,1
3226,1322380980-3a0447310f50479145aec66ed81ca0a8,1
3226,1321169820-6e821f7c9df499c37d6aba605358ca2c,1
3226,1326513600-ca5dfa287ae03c12f9babed863a6ee1c,1
3226,1326342060-19d8f9a8cb3533dbb3820cbc9a2eb921,1
3226,1325639040-b5dab9dff0deb1267c988ff174db5f25,1
3226,1321846620-d42f09b506bd4a9420df17e4148a1843,1
3226,1321603440-cb5af162f74510ecd743ccc8d07c6f89,1
3226,1323657240-8279e2d334c6fcb8421b945e8ce6b7bf,1
3226,1323130740-7a9f1122068e31167a69c60cd5d1f13c,1
3226,1320507900-320d628bcd890c7da62eebeff02976a2,1
3226,1327584600-6e4eafb8deb9a609080ec2ceeecfb51c,1
3226,1320692760-d21be37727a6a2c16e6b5f9839f89ba8,1
3226,1321333860-ca8b107e2b18b2189a771ac913fb1657,1
3226,1326516120-b7777d06502954e85511ca9bda95dc9c,1
3226,1325892000-6f24f63ba49a7c900e5a43c9cbf5c388,1
3226,1325898480-1ffa8c147c5fa7e7cf79c2dd39dff412,1
3226,1322695680-b2a1a1533c48452b9c7de854ca27179f,1
3226,1325784060-2da66a8a5c845e0da48ed62f2fb334ba,1
3226,1321924620-882046a6a6f649817d7783006a125cf1,1
3226,1325108220-314121d0f31e3848a50dae0bfb61da1b,1
3226,1326165120-7f02f0fac246a88bb1bf4f65c8679717,1
3226,1326832200-12b3a621c4316d04e3ae4eacecb4d257,1
3226,1321996560-0f76f35d9d85f0ff5f74b5261c46b06a,1
3226,1321407960-85fb8c8acd6c55d6e391959552b95b6f,1
3226,1326996540-9cacc3e9993dda236608f3b791ae0963,1
3226,1326580860-1f9b3c9ee34822d47f32fa105ba543d8,1
3226,1327687680-b86c9e9cbe0079f263e42f1198920259,1
3226,1325304960-221661d6083190e0efd6e2fedf943486,1
3226,1326258840-40f275b41eff16288a15b293fdd266b1,1
3226,1326426780-89570898993e158a639f4037cd0f527d,1
3226,1320224340-3973ec5541802f7c7270233334cabfcc,1
3226,1322625720-14dd4cdfb1262a0d1c71fc5aae5817fb,1
3226,1327121400-b3bf31ad9e4e6da42300d403e85c6da3,1
3226,1324715040-db8bea4f07bc6234c266f95b2cfcc76a,1
3226,1324785600-07310509b36fa69a1a84df0231a5d049,1
3226,1325304960-2fd016550405b7b8ba10fd71391657de,1
3226,1321078020-79dba28498e424d69aec8464bb0dee9a,1
3226,1327219440-837e4bffefbde72ae7177e1c411a019f,1
3226,1324862700-01a4157163e1c286c3501ad9d9f95b66,1
3226,1322018160-01286feaf1494624610faead80c3ad67,1
3226,1322018160-2f029e4719424f1239f0cef6925a7cbc,1
3226,1322442420-2bb3d29d51f708dd17436beda9b93676,1
3226,1325123940-546fa0bcc7f1d5df4b09fd5a8c928545,1
3226,1327219440-642ee6898b5c560d8dd7286398ea9357,1
3226,1324761060-1a4c7d270b640941c8abb9c1321845b3,1
3226,1320746220-c2c13778ee041bb666beb2d4ea4adf4d,1
3226,1326779340-61d756a6520f2d561438e319ffd80df1,1
3226,1325059260-fe445fe48b9fab6549a4f1976268db5a,1
3226,1320991080-1272f99d502714fdfda7711da78d95d6,1
3226,1326836700-cef85fc3a16baf39519ec363bba67095,1
3226,1322092920-c1a26dbfa98a70e411f27d1e121d2c87,1
3226,1325615640-9c25d14a02f9afa206c88513e3ee9c96,1
3226,1326168480-cc35d2fb80d8a2a3da824c46997a47a0,1
3226,1325647920-78c1c692832b37f20f28ffe7b9067257,1
3226,1320967380-19d2c8829832fcf06203f4110349ce5b,1
3226,1327687680-9164b63bc9e75d21c133e856fea06979,1
3226,1323976980-f95641484cbefce3371145901afc0f24,1
3226,1323754260-136fedfb4042e4b1aa97401822f96591,1
3226,1323217140-37c4b65c92473d081c82ba2f482d4adb,1
3226,1323463140-f84bba86035695d90493f1082ef8c266,0
3226,1326223140-8abc1ea02fb9b51b3684ee0fb6c0f49a,1
3226,1320462780-796df6997676dc737a33bd34fffa3ea5,1
3226,1325647920-51a8a9659b7ca8b2de8868eca0b5080b,1
3226,1327127460-65ac2587dbfb5d78968f71f9a0093f91,1
3226,1320613440-30607750818e8aaf816e34ec1b63fc97,1
3226,1321567020-230bf5c08979288e0cfca394049cacce,1
3226,1326229140-090fbc226d3c58b65bec9d6aa1c75c65,1
3226,1324322280-285611482af5ab2463eaa6bb7b2131e0,1
3226,1325647920-5d51657bbe43a2292bebe1ea2929d924,1
3226,1325081220-32c25430d1209d914bd515bd8f0341e8,1
3226,1324050660-73830c23f88911c708cf08fa4899fd7b,1
3226,1325008260-b03f61400c60a17a6be470a2755e2c36,1
3226,1321971240-2fd9bb580b334dbbb1e56782830a444f,1
3226,1326845880-a2715729dd654dd442e2d53b25ba8127,1
3226,1326409440-cdba8ddfc4d512b6f2edb2fe0378dba2,1
3226,1327586760-2869bee7185f4580a7bc1f954d6aec61,1
3226,1325557320-82e0aa8998d60f721a3f1d5f5dc50b66,1
3226,1321888740-c646a44ec8501623ad4e094f43a73c42,1
3226,1321996560-070690e881e9842ad49c8fc1e6cec0b9,1
3226,1326474120-7604dc85f0c9d5af21d574fc59e11427,1
3226,1325285700-b8ddb13dc7e63a5afb42319c394a2d3c,1
3226,1327374120-91ba4cd7a8921ebac4814aa3ab838876,1
3226,1322092920-35201759f2c7727c5e735274f47e7f14,1
3226,1325304960-ddee8294b40c0d6afda1a7f43aa69741,1
3226,1326249300-a7897babe5b54a3784ca1702eda2e004,1
3226,1324050660-f06b000ac3327c0cdd876cb4546bffe8,1
3226,1322442420-57606de6f18ebfba9513b9d4f95ea69b,1
3226,1322096580-6cefb4198b4cc6e9eb9c94fed3ebe3ec,1
3226,1325475000-55e243d5cf9f27fc0405bba0c62006ff,1
3226,1320224340-5cf16cb6eca22434c44e4cb16e0d22fd,1
3226,1322207940-08bf96c675f33df563892a23a5510700,1
3226,1325475000-1c3980269783e4f26c2eede16947f91b,1
3226,1326317640-36304c38c95910e912bbf4cdcc38768d,1
3226,1325306040-189aa49914ba2fe228dae950543f9b45,1
3226,1324911180-032101e03cd7d88f40b3ec44b1323aac,1
3226,1323290100-676d18f3a04c0b9be6123e081e7a4f27,1
3226,1326809820-7b0abe7336d7dc15367d5a1d13121521,1
3226,1325206320-43db4c74fc07c0a3269228124667223c,1
3226,1320825240-a539315f31b4dcc725d56ba0d53b8bb0,1
3226,1320825240-640d8d2b5a7cb390766819cfad477ca0,1
3226,1324002060-67b07d2aaf3e8f95c68f5b50a10052c7,1
3226,1327121400-d373e657e9de290382649e4d4edf6b03,1
3226,1327032000-854d4201e0520fed31a88e2ff2af5d96,1
3226,1324273320-86cb38b8a9155c5c21639ef8af86292f,1
3226,1326330840-574288c01e4c7e78c066fda2d2998fd8,1
3226,1323331140-2a2d98e8c9d6a563fece040ac6b60161,1
3226,1324002060-3bf29185968e9c5bff5b4acc12aabb4d,1
3226,1326516120-9c29878c5eed9aa9eebe223b5513ad9f,1
3226,1327725540-fb13a2d8eca81cb0975b89e3f4023638,1
3226,1321169820-3f49f02637010910262d362acc2ab7a2,1
3226,1321169820-11f3a9fbfecfd4c0c8912048102316f4,1
3226,1325646300-bf8d0efe9d650168b699d5165b36e34f,1
3226,1321161900-4f219ab5659181207874406e30d6274a,1
3226,1321161900-0a587638194739eeaab9e91bf757187d,1
3226,1322279340-572ca28be35461d7bf9663c4040a6783,1
3226,1326677400-1623e136b15b32b402f4e281af39f2e2,1
3226,1323921180-25b147615a42047c7527898f7ef1e0f9,1
3226,1326342060-67c576a0b8192cb127b2e1b4b77c0d45,1
3226,1325826480-bc8d446a55a64fda58a550e4236cc235,1
3226,1322620320-44eaf52f7efd06771582cc32dbf28be1,1
3226,1322368620-c4a03ce1e0d86443712bf65c7299ada8,1
3226,1325773560-40b23ee8692b573a714a4fe424bac5ab,1
3226,1322873220-c62f178e168526fa508b390c344b0d8f,1
3226,1321938120-310a1858c63946f5c11eb5d1b9acebc9,1
3226,1322708280-9ed251dfaa5018e753c9c66fd243055b,1
3226,1321995180-4d5d99e99fc2f9b076bd36ea46d837ae,1
3226,1322695680-061bfcf61986bbce5ccc4caaf0c9cdaf,1
3226,1327586760-91e6fd1f989b97c8a725ecca11c464c4,1
3226,1326223140-f02d7669ae87e73b9aee3d56e046296d,1
3226,1324128300-3f1c4ff86df9a650928b5495c8697f2c,1
3226,1323892800-7396e8afa142e23e8a0817125fd2a690,1
3226,1325610900-ffaa32634d2c261b7bcd8987b7965441,1
3226,1325216940-679db153dff8ea237a65b03a397cb8a3,1
3226,1321996560-1d884386bf9ff8c6d4e7c778f4ff50cb,1
3226,1324515360-0108cc865c0c98827f1b204133141ff5,1
3226,1325271420-fceace955dfa0413b2aaf91d0fc9d3ed,1
3226,1327894680-a25aa3ff6e249bf80a4f27e806aca084,1
3226,1324523040-af8e2f1c781233657c0b3221d69aeb30,1
3226,1323403260-323656596add8173cb5f45ff396b9119,1
3226,1325475000-54078f481113dbd284482d8e95fe1e4e,1
3226,1326516120-cd96a80b9e3723b594cd77c25e7b9a2b,1
3226,1324523040-97e58a679f9f4fb022b34ebc237deaa3,1
3226,1325130000-4b0dc789905cc24ff93fde37cf554800,1
3226,1325206320-a331386e3b94254c853941406eaf5100,1
3226,1322018160-9f90afb9a81ce19a8dccf2aa38f82273,1
3226,1321938120-dcd7508d75a56b605c2641c21b8d178f,1
3226,1325646300-36199b3597056680810dd1b0dfa0762f,1
3226,1325735700-34a4415d8914be0f67f8810092068dd3,1
3226,1324787580-67bc85a5b68d714e8b72f98b92ee3b4d,1
3226,1326426180-286ec16df32f67a8d7a16b2fb89f426e,1
3226,1326342060-959d45e430c7e84179dee9af2d47b1d9,1
3226,1322708280-9ee672ab18ca0e0aba292e6e32ff7e2a,1
3226,1320562680-f0e0c2d55fc0bfcbf3da54443e2508d4,1
3226,1326426180-92671cf57289f07ee99f9d1b4078b6a6,1
3226,1323834840-24ead5adea24c437c1427022378a3471,1
3226,1321401600-020ffb4b87eb95be09a48d5e172f80d4,1
3226,1321649940-6effd30599ea79bf28532dd1115ce25f,1
3226,1326809820-ddacf2148b381a25ab44fdcf94628fe6,1
3226,1327706700-391ec3951f76b97917ea69f79bd102d1,1
3226,1321394220-582d7e272eb6cbbdc804391386437e8d,1
3226,1326040440-b5cde564a42c8e576b3c588e06fe4f4e,1
3226,1326647340-87c0f798054c96e84807ff8f899513d1,1
3226,1325008260-be285716697f59d05cf16a541219d55a,1
3226,1326831780-d427d0366010b0950954850c3b51b88e,1
3226,1327960440-37fdc0a9ab9758a3fb83e72ab54c2cb0,1
3226,1320343500-628332e8a2405d0e62ea11f9d1562e96,1
3226,1326647340-f50e263c2239771a85ee6a63c74ad772,1
3226,1321567020-b3d3373946eff6f102ce26121c6259b6,1
3226,1322493420-ad2d7fd409d7ca5c8b26c91ea632f844,1
3226,1320641220-5c5305c8e179d65d7b2b993ade2115fc,1
3226,1325562420-2b0b4adc7d260d0a95f33e9a2002fc60,1
3226,1324313880-101fb48e6186a19ff426e61f41b900d9,1
3226,1325899080-1d5e7f06fc15873758da3e1d1544d9e1,1
3226,1320352200-64de7256cc4bfa70144ab91091616adc,1
3226,1320507900-2eed4a3c5aa84b10c42e78c997c132c1,1
3226,1327713900-c78e5d94b4c6097105bf753c72e7bca9,1
3226,1327633260-90809237e8a6bcbdfb151f70d3c1e4dd,1
3226,1323738540-624154d1dfdf713d35e8793cda87d20b,1
3226,1320507900-8bd4f3afc6c32910e31f86e0d83fc629,1
3226,1326940140-1950529e6f86f230e86707dc75cf467b,1
3226,1323738540-df701387778a4a392c5088735e287cee,1
3226,1324874700-dd4ac279379b1b276be3fbb5deb31579,1
3226,1325302620-88b14a862df7401a6bf4a54e5e3c6234,1
3226,1323153240-d811848a092fad76f19ef1201f4c7774,1
3226,1323834840-0590bc773cde49f873bab8f84adcc1c7,1
3226,1325916720-2f47bd07e888fb81db94b2dd5ba9d218,1
3226,1325984880-7a6a915de7e408bab1202484f40305c5,1
3226,1326083640-2b2f4f7e05635382315073e41885c37f,1
3226,1327219440-c9b92d24deb712f00319ee8179008f4f,1
3226,1324983300-bc01f66756e806a45396ca06f4839a0d,1
3226,1320746220-169477b2c543cf444d107e479881bafa,1
3226,1325394120-9708071daaec0add206483094f13901c,1
3226,1326258840-4c78f811ec1003bae6e2c9b68e85abb3,1
3226,1325475000-0d05e9bbfe2936cb5e1118c4c1fed64a,1
3226,1322628720-70b351bebbc08d903bd8d2d1aa9ea071,1
3226,1327541760-2c7e98f98d78985bdfab757261d0e06b,1
3226,1325475000-19a1633fa942f74fcfd33c558d315f96,1
3226,1324610820-c03fd7fee8abccc261f3012e9678d286,1
3226,1325991120-521874c6c1c39eb43dccdfc869aa5264,1
3226,1320746220-7a7e861f986a8216d3ab14a0327bd24c,1
3226,1325123940-192690efc023a85578c4368dd96e0187,1
3226,1320991080-295f5bf87a17dc9961b71681084581bf,1
3226,1323752880-97d64a1a7f5f797997184f1f4b801672,1
3226,1324610820-71ebf3eb18135a74b4e7d8bceb61650a,1
3226,1326258840-c275fa812fd4356597527a90dfae2a5e,1
3226,1325809620-f19ddc4ad456fc53d7fc5c0511e63ac8,1
3226,1322096580-78d4314dd38fab0830d84304bd2288e5,1
3226,1324002060-3987a52a3f7dd2ba93aa48a3a9bbafc9,1
3226,1325304960-7e3a0ef11bef9af2fdbb9b45884c1d23,1
3226,1322987040-13fd2ee214b97969164d5298d6997e55,1
3226,1320805920-59371e3d3335f72212a3560862cec534,1
3226,1325870340-c12a5cff9e6337641d04d0e4411a8e0d,1
3226,1327121400-9c25c43f44d397abb53582e1735b8af9,1
3226,1325475300-bf0d864f710e84311c3c4605a1c31436,1
3226,1327219440-283745805ef062db106a966321b67f99,1
3226,1327894680-1a42ff2436ffce5de69f54c92e7df92e,1
3226,1326426780-78147c20fae65595a1efa00fa23b7d6c,1
3226,1321600260-bb77c15bdfbaf2d9ebe51cf3b316cecf,1
3226,1327471620-0a175cd4fdd52bbadb43b22c2105d9db,1
3226,1320825240-58b9750c4cf0e91e48aad7f046e24cc4,1
3226,1325304960-f9b239c237b5eb078368bf4c8940257d,1
3226,1325557320-0cef177669237651209babd82fd4eb78,1
3226,1325117700-2fc7813c14a60930094fe05ebba1ef1d,1
3226,1321761240-1e1470ab192873c88891e028a2d8a8d6,1
3226,1324515360-0b3ddd3072213dbdf022025cf089f291,1
3226,1325636940-bece8daeceb9d52bd4f41bc743a7d6d8,1
3226,1324515360-93f75b0b4b74fe3df205f3f1ef34bbb8,1
3226,1327219440-d435cf0b44888c62847a690f3826135f,1
3226,1324785600-bf83a463b6b429644bcffbcc41e0125f,1
3226,1325297940-defebcd45586e8ac5f6b368cf54e7b2f,1
3226,1325304960-c2492635bd368f7aab82b444d1c0983f,1
3226,1320800160-9c50de9f8139409c7f48b01059374957,1
3226,1320847740-d08c51cf4806cf357ae60698f22697c0,1
3226,1326168480-c904b49851ecae7ea5cfb6f315d66bb6,1
3226,1326258840-133dd1203f87e350b6280eadcff75d44,1
3226,1322096580-5ee7b3ec1e69e2d65dc837351e4290c4,1
3226,1326516120-0ac97c5cf402e2be305e8c109cc8ddc2,1
3226,1326749700-9e41aae3ab5eeb3f7c0b13e85efce5eb,1
3226,1321934340-1a5b4ddc3bf8a63eae140941a3309ba5,1
3226,1321412220-7b1741a3436598ffda86ef962d15b4ee,1
3226,1321559820-778927782557a086976ebe596170846b,1
3226,1323456420-1137d96b0ecd1b28cffc7a450c482729,1
3226,1323456420-12ab2514772608259cc524b8b1813680,1
3226,1324855740-69ba2b6a9e63d2925c7a892c2cb21c88,1
3226,1320103920-5ed588bfa219fad7389e84be9b3e61bc,1
3226,1323797400-4fe260f6456416f2a9e165c7bc13c6c3,1
3226,1326832080-3cce933e151dd00006bc1ffedae28bce,1
3226,1321169820-dbf5aac99a6103607001b3066b5eb8e6,1
3226,1324787580-68225fc0898ac736ee533dada97ddfe7,1
3226,1321169820-a3fb4e44eacfdb590ca8a312a4513da8,1
3226,1324697820-b8e99fc4692b9da89d862471db5cb195,1
3226,1324089780-0358e31d782aacd624744fa014f7aec5,1
3226,1323123780-0444e70ec0ef16a4ae2cd23f96bc5590,1
3226,1323310800-c4d28ec277f859e9a33b9fe23e69d5ba,1
3226,1326407700-1d83731ece8f85b55f2b24b0486e2d39,1
3226,1327343940-c73f84fec0a2bc6ae22d2c39dcf47e02,1
3226,1325826480-6ff5c28b61f5299b0e58cead1028eb70,1
3226,1326422280-f9c28a3a3863003c5caf3ed63625f9f9,1
3226,1325906940-939eb5537e236a7dd084da3c5e626619,1
3226,1325646300-18c23517a593cac8a88237e8c9a20187,1
3226,1322380980-a85e1f3a1f48b6c1a7911637ba2f67e2,1
3226,1327028880-50df73330a78689c4694a810e055eacf,1
3226,1323921180-3186f150455f3b1ff1b25e92dbaa73f6,1
3226,1326051120-3512476bf7038fed3d6bc829f9210f91,1
3226,1326476100-b2bcc7bda9e89a3f4c4894b3241136a9,1
3226,1323476280-58623b58cec6c398231fc36e75207f8e,1
3226,1325808660-d948ab98353a1c38dfae2032d57cf34b,1
3226,1326417720-23891204bdb80edadcb9e16fe3002ee5,1
3226,1322954520-4da9e98de86c495bc6fe1758b90d63fa,1
3226,1325108220-06d55c3079afe7f2d84b48222609643e,1
3226,1323273660-081e2d7614da3d23fde940600d052275,1
3226,1325781420-2523be2b5365189dc4ce74f607ad616a,1
3226,1327651320-d76b73a33d4edd4975732d4d715d920a,1
3226,1325735700-647ecfda92e4b484ea379fcb955c45df,1
3226,1321846620-896aed1afcaac5229d903df7ecba503b,1
3226,1321846620-9bcf7455d661ea82e6eb74a201672bcf,1
3226,1321161900-0d449d2d93cdeaaf9b53f3a60991ee77,1
3226,1321405080-40349445dd83c8fc59071770d6a0baec,1
3226,1322539200-3d286080bab692e893a021e7fc142e48,1
3226,1322985960-6509854635182fcb376c92809fc4d2c5,1
3226,1326513600-c1457a85a5f3765835e8b65c412c276e,1
3226,1321161900-61135b5fb5cfda3949b8f022f0de74cd,1
3226,1323176580-162027f971959998fbeba1c513ac20b5,1
3226,1325050680-1ccfdde1e715a19bb77121cb75d16d42,1
3226,1325231940-5a2a32df56a7c50c910efdcbf01e90cc,1
3226,1323921180-f56f6656162804830d0dc97006606ab7,1
3226,1321373580-a6a4db953bbf344aacb0cb90628cb81b,1
3226,1324022520-7bedeba07c30970b4fd1c9ad7967b76c,1
3226,1321587780-b7cf4d16946d81cd89e22bdab3a97bce,1
3226,1322985960-30c7056d3c9cd114d605274a3ca25c40,1
3226,1323738540-b13f8fbe6f58fb16c96e25390861ffbd,1
3226,1325824680-fec00f29ca139de50453bda52138eb02,1
3226,1320312600-919dc183e22c564c5d8cc2da40da6d20,1
3226,1324089780-40131a81ce2ab591a6174f680df0f932,1
3226,1324058760-c12547c61f53fb80baab793ab95be234,1
3226,1324910700-a516a69e0b13e99ca9cbd8fcbb4635df,1
3226,1325727060-d05a0883b22ff9eedaad9c25e4c31a5d,1
3226,1320469440-1d6a7e0e96825c4ad873d73a993f05dd,1
3226,1325294220-7b57b1ca45699ef8f1dd444af1720fd4,1
3226,1326951540-9a9fdb34cf649c58ba5925fb5f167608,1
3226,1322018160-396c19a6ccf154b630ec391b1d21950e,1
3226,1321934340-b00a2b78c60a055c3af8090e3e4d337a,1
3226,1325557320-bfdfca83604ced73ea303b6fd1c7f3c5,1
3226,1325319240-d2b81e0214e7fede8bd65b4d3feb7046,1
3226,1325475000-8d8ad24a28d809ad5d3d52790480e80b,1
3226,1321233480-7b3fe065ebf632fb6c027739b6bb3500,1
3226,1324949100-63b976e7737966c0ae4eaa6a18a417f6,1
3226,1324865760-577eae183a16dd140fc449f56f5c0da8,1
3226,1326135720-5a3a92d4aa637a2ff83f625dd5ef9b2a,1
3226,1326402480-70e97198d3adea871480956b7a78585a,1
3226,1325192280-7a976ce634bf24b0ef424a3bf5658d7b,1
3226,1326417660-340f1ab81bdff52fb1c88b37787bb29d,1
3226,1326168000-24b157c1872b0bb469c7a0ee84311625,1
3226,1321169820-824fe7511ec594dcead60c0ab5e6774f,1
3226,1320312600-fa06e4c40290752aa08a6f028504d7e7,1
3226,1326339780-ad47442dd4d18fcc887580816d4e7f02,1
3226,1323403260-2adfe554c1ed02fd9cec17c3b0a6953c,1
3226,1324863660-4a7cec76c5575183dfdf00e65cf9a54e,1
3226,1321381200-8305b96a0e4d0780903a41f9c865222c,1
3226,1326088920-92024a498942feadc42a20da371638a8,1
3226,1325610900-957a8e29d637653e3aa61e6e23f3209e,1
3226,1322854860-8126f5780f2045868be2ae74c854cede,1
3226,1323296220-17a0c6cd2f9e78079e46f00537b9654e,1
3226,1322092920-7e9589bfbfa21c06d282523d9ca9f8fa,1
3226,1327105800-d2120f594eae09460bc92372b6fc4b93,1
3226,1322867460-94333a48e1c778d68117f1acded5eb71,1
3226,1326831780-70e80c7ba6e08ca6d27ad72f9e2c1e9d,1
3226,1326832200-5c302accc3869bb9276dfbe3f4f7b159,1
3226,1323317760-db99c4083a0460f19c3a940aabc4a94b,1
3226,1320342300-37074a821f721c3805f56f0a4f4868e6,1
3226,1321375860-fc8087086de43b3a71b595f7d5771cff,1
3226,1320534960-1bad8dcf0e585224797bc2ada3b53764,1
3226,1325736600-23d7646e728b97ac0a5dac357f2d8d31,1
3226,1324156080-59793280a54301a90f8fe4049aabf78e,1
3226,1326587760-67e2765dee428b810e1232b9f4252e79,1
3226,1321230360-ae1d5cbe0bc3e3b2ab3f68e4e612eeeb,1
3226,1323130740-f43a3f550c230f0c668031c16a126f7c,1
3226,1320903660-673b7f8b11893c1609f81cc9d6548965,1
3226,1326294600-98bb336e722d6dea14282fb3fd7e5a3c,1
3226,1327672800-600bc4735fea36dfd1f348b523c219d6,1
3226,1325050680-20a734f6f4f794c4f8c1d208bfd3e6db,1
3226,1327633260-2bd77dbda74a29cff8c45cc9660ab3d8,1
3226,1323834840-81b884949d200a6fc0b9f4872fb5f05e,1
3226,1323834840-d1c6a6cdc9a1f39eb97403ef44f0fd7a,1
3226,1322368620-a14fe3cebefe96f0b7871a07c6a54245,1
3226,1320562680-02edad9b8a88495ddca69db16566378f,1
3226,1327633260-47470b8d760d68e9afcf54cdce6d6d6d,1
3226,1325735700-d93248fa3abccb49fe81d03a3b34f652,1
3226,1321587780-776ed4ba391b1b10a48d74b5712827a3,1
3226,1321587780-381539351bb47f0b309207469a6faa1c,1
3226,1320312600-da8e0bfca06b62ea8757b876e2095180,1
3226,1325050680-14a16291347ff92ce8838ad48bf5b26c,1
3226,1325122680-c407c7f21adb80d74e5ff296e5295684,1
3226,1327018500-667a2250e5919acc4a0d2faf686a9bbe,1
3226,1323072000-173d6cce1aa08856802cf9b4b00a1d58,1
3226,1322873220-799606c3187240b24dd52e0a4fc40c2a,1
3226,1324261800-397e069fd8319e7bcad75f79c462cd19,1
3226,1324039920-cf2dd307f90117cefea87c369b1f9287,1
3226,1325646300-aa8176c4b87d3c6342818f7cec564b9b,1
3226,1322272440-a1cda924e9aa936744d494cc7d4186c3,1
3226,1321846620-0d598410d8bcf08f3e27109368794b61,1
3226,1320886620-196c56401b66bba843446feb2b9a9a77,1
3226,1326513600-d73b145f8217328e0b9fbffb0734310c,1
3226,1322380980-f09c5f6d3717839d2fc765d673bbae35,1
3226,1327651320-961a76f00858c9ad49c4ba00a13b7c8d,1
3226,1327727520-2f3c986feb0219abdbbd5d28966fa440,1
3226,1322985960-623d779d19020ca5e726caa26644891d,1
3226,1321176900-b76ee9aae94da6799555851a601a8c72,1
3226,1323417660-2a81304b736f88db5c47ac4079223381,1
3226,1320312600-fdaf649506c66dc7ad2205043bfbaf36,1
3226,1324261800-859e29dbc8a34136d81b9fa2ab8914cc,1
3226,1325050680-3a3e5b0f19583cae66b31c279216b7d3,1
3226,1320883920-f4cfa47da6e33d91a06fece4dcfde4ed,1
3226,1325121000-163782b98dc2a91abf613bf9b08e55b6,1
3226,1326779340-9ce2ae6ebe9f8359fa26bd58a02a6b98,1
3226,1324002060-990a4fdafc856b243e74ea11d60b35f5,1
3226,1325641620-5a0cfa39998964b8a300cb039256bf05,1
3226,1326167940-7a70e091703d0f9d069df96335e3ce7e,1
3226,1322368620-a02b6b9ec8ad6f3ae6d656e27e70f0d4,1
3226,1326513780-cede390cf857936d9d9b27e131236892,1
3226,1320746220-8b2954abfc80c8462c7f94afacdabfb6,1
3226,1320211320-f7c1a49f37dff816c2c2437cda731391,0
3226,1323047100-ccc59819f2dee6e4691cfa19a80a9cb5,1
3226,1323481860-ad68967778c846425e5fa9a6fe007d3b,1
3226,1327121400-125fe4d30e23507edcf2e05355f412ec,1
3226,1325291100-4a5bc27d696b3b2a35a7f505c74c7fc9,1
3226,1321084860-685594396cf27a58baed6eb3c99fe9ce,1
3226,1320991080-f17ec9a589c153945a334ff878e4c26b,1
3226,1325047500-7aaae595b83634dc59b3b481ab26400e,1
3226,1323481860-297722c80a7aebd1ef4a8f5e4759510b,1
3226,1320469440-4c63c9a036277759cfffa33707a6706c,1
3226,1323225000-b4dfacb22635f15c21df56d2c555e410,1
3226,1324869480-9ad6fcd3042afc2f3e04f7a022f4d4f0,1
3226,1327800660-63ab4f2df171f412be92ec116c706064,1
3226,1320991080-b2362abe69f082f13dcce780eb8542ff,1
3226,1326516120-a4bb3be2fa8e63a6ff734c1dcbc8f25b,1
3226,1325978880-b6ff2004ed149294aa120ec4237590f7,1
3226,1322018160-cb44b278639472afe65f9d0e2d5f32c4,1
3226,1323704880-8207e0f7f2a3e7b02d104619ea7d7e5a,1
3226,1320396000-02d43cea4c0d3ef492564f9f36209803,1
3226,1324428240-9e3cd0d3a04981f13a507bc9cb301429,1
3226,1327452900-4f6cd1a8f6b70b769079a83f76919991,1
3226,1325294220-1e94f064211d77de14b64c97c8ff8c89,1
3226,1325034840-94545b8d13b24858db9b2510171f0145,0
3226,1327931220-a906622e0f4c3019f52922ca380663b3,0
3226,1324195260-4b34124edfb7caea264e3810a2ff1617,0
3226,1322879640-bcc37b5758dfa02b646ac87bd71c6e3a,0
3226,1325279940-6b2e9bf76ea7dfdf53108cd4303f5ca8,0
3226,1323076080-bdec66b03a6cc0e297413fa66d38284c,0
3226,1327287060-17b30e81e316ce9500d8f68d664c66ea,0
3226,1326746820-60c8530b5770856c989c6715b3f6348b,0
3226,1325784180-ffc159cf04d3173b9bf4f26c1a315b66,0
3226,1320821160-29f6b55d6e5edf4ddae73470b4ae5973,0
3226,1323662580-6281fa7b7a599d6f84c6e0ae65c78628,0
3226,1320821160-3d9a8f6fc636bedb9c22b64c47fcbcab,0
3226,1325557980-94592d7fdf55aca0db0c39bf869eb0d7,0
3226,1321734660-89e7868d7188949736f10c3bf2a868be,0
3226,1325180760-bc277dc87391af4ddb5a7e3d2960ba6c,0
3226,1322525820-1f103d2c3097bb4a5bd1736d937e9331,0
3226,1327467720-dbc01e1163d2f1136268391835d83484,0
3226,1323740160-505f8d8fd4343a475f19e77c787de575,0
3226,1323840360-70b86d041961a5eff9605df856d739ef,0
3226,1320963360-a665516b408a1e4787a7d06edd2330fa,0
3226,1323662580-94763f3b02ec1bdb1d5113ed237ce382,0
3226,1321658760-9cf23bfa8e73005795013f88498fb5b9,0
3226,1326481080-a30dd8bd454560a7c051803d9118df61,0
3226,1323662580-39ff3a53b26183c861dc668ad51bbf77,0
3226,1323116820-73b2c49a09fe386d3efb8d3571715da5,0
3226,1327464360-fc7f51f57a5a052cfedce38a05184499,0
3226,1327555980-9ed7c2bdea7b76dcda99f47c5982e909,0
3226,1325557980-7283a5a8c0fa260c3fcee0e564bf3bc2,0
3226,1322080440-9c1ec6b705c52840600295083da4b5a0,0
3226,1322509620-775f8baf81229e88676e34781112ce97,0
3226,1326488040-0ef432f561c32712ad312a2f18ad3103,0
3226,1325034840-78f86b8e2f615b4979496600df5adc18,0
3226,1321718520-ae023259b8a17c55da8b2711b6480b64,0
3226,1322812740-471dc8c7ec1c60ee73870350c10c7cee,0
3226,1321594560-fb5ea05beea51ca72ce8f6eb9670d717,0
3226,1320507420-8f83fcee231510802db978524a7feb9b,0
3226,1325991600-a312a77a9faa4e668671ca15f55c8c84,0
3226,1323849660-c44f37a6e020d2bfe6a0c35dc2a4be1e,0
3226,1323913680-2f8f34a21bd9fac9aa051c96335eff6a,0
3226,1327434120-8f00ee348d18773fa7f96ce2bbfeb8f9,0
3226,1322865960-20129ecefc9b29f5a1edf48723ef76f5,0
3226,1323840360-2b0f50a128fa34f229843c628b5d0360,0
3226,1320177900-6fdc7b74f3fac0e623080e9e84f3cdfc,0
3226,1326009660-7b37ab5b3ff3b89224d20198a6eeee17,0
3226,1321978560-2dd3772cad1290497bef8ead2ba9800e,0
3226,1325638260-b6a4736c507cb280f9ebfd7707437084,0
3226,1325541600-d8da7a26238110e0e35a86c5e35fde10,0
3226,1327367700-80226f3194a4e2a74824d1443732292b,0
3226,1324863360-3bb765093551e1a09df49f7fb2a49510,0
3226,1323913680-ace42f3ad21d719e8358b1ac0c2efb8f,0
3226,1325819640-8ad288b0c73c079d9195d816666d46af,0
3226,1327540080-f639bb909f63a1fefbb90af6a6b5c627,0
3226,1320821160-5abb87c8920048de3921527ea0da6a0b,0
3226,1324073100-7f0b579512ea432a8fc4d396893dc275,0
3226,1326415020-47bbe51768c1a10d80c60834c88d1869,0
3226,1326415020-c0e21a669845eb54e80982b53b230491,0
3226,1324864500-9aa80975124cd4e15e24d394f0e00c61,0
3226,1325044800-32fb5e422d7527b09cf36f98bd7a69a4,0
3226,1321662240-3e82afba391d57eec55f5d05aec57280,0
3226,1322726460-a721dc74cbc241d69aa6f9895c23b968,0
3226,1323160560-3a8357513b785c71a3728641299e7735,0
3226,1324959000-d2cce1e25aec805d6a32b40461da5029,0
3226,1325279940-49bc74ca04b8c87fbea6c6da6b11dfd4,0
3226,1326849120-2945034b4642439877e7df2968b196a2,0
3226,1326292560-f4d718a8809b65040adfad45f068dcd4,0
3226,1324451700-3491a52d86224334077bcfe3608ee5ac,0
3226,1325096280-77f41f678e1d129c86f0384f93ee09d8,0
3226,1322673600-4c40fa44c1d0152e71ab8b080d97d313,0
3226,1326939540-f312df498028967a812ec65cc59314ee,0
3226,1327593780-8bfbb1fe6adaacee91c3722ed72916d9,0
3226,1323740160-6b6d71bcc5a3ebc35a93e0a4f92b65b1,0
3226,1322792340-996279c15a47b784dd7d3e0e83b65a94,0
3226,1326503940-da82b78779c7abc94ff3b7012a24cab0,0
3226,1324347720-75de71945c05d366c133d528aa8b2d35,0
3226,1326009660-93f492521d13d299e3ad0318e4e1cb67,0
3226,1326960240-b4b6188094884b65a4ad07a6b7f13d37,0
3226,1325557980-4b459fa708479f38c110deee09bee233,0
3226,1324195260-4f53be702447bac7d75cf7d8c7e5844f,0
3226,1326009660-43daaf40e4ae5cdd502b7d325d134f9a,0
3226,1326009660-b485ceaf4844121602e43054b1b13c8c,0
3226,1323394020-c0688762adcb74ec244341307bd350d2,0
3226,1325608080-5750f9fa713bfc28320a7cf3e5ea09ef,0
3226,1320718980-cb6393d6349e014ba5f1e5a088685210,0
3226,1325044440-da62c8ca7e68e4caa299d0aabbb1ff78,0
3226,1326096060-8523111b8407d291b3b1e92bcbcd48c1,0
3226,1326686700-c6776e2d13aeb093cf50d5095bdb5cdd,0
3226,1323164460-219387606647feb910569b440fd21113,0
3226,1322515500-975c099b42101d8314d055d2e3eacbda,0
3226,1323840360-6a39aa6db5226d186fa29d29a0450f42,0
3226,1324875120-c2bdbc96f63662c2bc75b97e2dca4fe2,0
3226,1326466140-1751d7447e8c6c261aaeb62c2dd3a7f2,0
3226,1326428940-152c914949643021b8570652d2666730,0
3226,1326686700-d50ec40c531ff4357d2a005e2cd34fe2,0
3226,1325034840-d29e5e97c8a3ecbb5f01028f498a800b,0
3226,1325132880-8188ceaeb0ad2b8cea8874a018753170,0
3226,1324268040-82a3d10584270de05617898311402e09,0
3226,1323393180-0383f979c513815bf58f94469d696b59,0
3226,1320718980-61820202458f810b8e093db0c8254f27,0
3226,1325638260-589c5411d2659210428d186facc524f2,0
3226,1322687280-ff7879df1f998d0d006f6bc1f161e118,0
3226,1322701320-4a27c9d8c1623f9d3ff309f6632c0377,0
3226,1323573180-35f20f6ccc375d34909420afc667aca7,0
3226,1321594560-f5a20047a8604c1e4fbef477bf64787d,0
3226,1323824760-705257d8fb6c8750fd3b66f6b6d1ca33,0
3226,1327287060-ccbbdb434f43c542758ee0e4f700fdc6,0
3226,1327287060-cf2446de896534eb734151825a0fe3f6,0
3226,1320163380-15ba926dbee84375666b97db0c1371af,0
3226,1326787320-99de8e707237f1ca858726cdaf66ce3c,0
3226,1321504980-c41c297f11f33cd5708a70aefda50d42,0
3226,1326415140-94310e3d283cc4ebb79f7cb076589a51,0
3226,1326939540-7f1dc441a35213becf0179e375a7f1fe,0
3226,1325736120-3ccd48260cf8aa46b9e68a6823b273ba,0
3226,1323296940-2760cab78eff25b52c388c4225244fa4,0
3226,1321753980-33fb6a3a4d6a41c5e0a2cf8ca8991f44,0
3226,1323143340-860e6cdecec4fcd8ec77d319f5f6d584,0
3226,1325044440-0b76a19f6f3dfc1b6244aa87c4226818,0
3226,1324011420-27b5f9a7c437490f93c9cd4464bedf33,0
3226,1321402260-ccd20b92aca57d628972855949b41720,0
3226,1323662580-10b74df3168977ae529591ff47cd83b3,0
3226,1327450800-2db6ecd9a963fe767aa431e9936601ff,0
3226,1320340500-022847e384806349f259bda2292745f6,0
3226,1326334440-53b2b8762051f6e2835588c0a8796c57,0
3226,1323726480-b1f7586e0142634954d13d97c0c2a75d,0
3226,1326415140-8722351f2e0e2f418047011369ba31b6,0
3226,1320821160-85c3b92960760c36ed4e241669b674bd,0
3226,1320821160-374f061adc621c8a1fdf14d51824a5ae,0
3226,1321513740-b115eaa961e84b56c540a664c9a1f9cc,0
3226,1321216740-6e7c6f2b36b09587fc611be890da0444,0
3226,1323139260-ffd8a707ad4aa85687ea224c0933ba93,0
3226,1322712720-3f86840617b589df0eeccb96bb5cbf50,0
3226,1325557980-253b59a118adbedbac755f639eec9394,0
3226,1326860640-91da87df9989b0cc7fac32b6e2fbb463,0
3226,1323821340-54662f7ae12152ac882ce5d12d0f06fe,0
3226,1323179580-c8032bb828eb5444a1be15e9cf2b5a13,0
3226,1322080440-d0ffad755e44845ffc1c229fb01842f0,0
3226,1321576260-a09aa30d56fa11761739a9986f6ca3e3,0
3226,1322659620-f68a8dc1740024483aae832f43a5ae67,0
3226,1326367860-6e1c4c1aa7d821822c7dbc2fd103f4b6,1
3226,1326371160-dbbd54db245adbcdaa528fec5fe0822d,1
3226,1324091040-63ab5a601691196216282f5806b799cc,0
3226,1325437740-226337fbc74f7aa3fe32f8cf790b33ca,0
3226,1320211320-23ea8b24f86298ab2fd13b504fe7f012,0
3226,1325177280-c695a2b34e86729a92c74184d72a29a4,0
3226,1322001360-fbab61fcd6e0241d9a88ba46c9aeb52c,0
3226,1326404760-88461c8d797224b0969f597785128880,0
3226,1320889320-cdbe67560e005cd9e5ff67ccff0cf53b,0
3226,1323662580-673ef07316b14d3439c11a8fff2af49f,0
3226,1326495120-18614a49aa93a619c2173100b85164b2,0
3226,1323028800-77ae881e2358d52bbbba1ae29baba0dc,0
3226,1320679680-5813d495cb946480bc47396d7c4a466d,0
3226,1324268040-0e9d0737b6e5abd3a4d19ee17ef6ed89,0
3226,1321658760-f62f5c2b5fc71a4bee45e79d396a1884,0
3226,1323096180-b4112930eb6f32313eec32cdc422a51b,0
3226,1320679680-2f1cf91e3d1de32b4816de850673e4d4,0
3226,1323139260-8c74a40a0bc6d98be8e5fba3b18e1d19,0
3226,1325557980-63c5c4dff64e5016d7b6a5eeb1965a41,0
3226,1327427400-a7490aef25891d1dc35510ce1041ae72,0
3226,1323109860-31a97b8e47d9e3a9ab824f0a4739003e,0
3226,1327569900-286048603c11d7438e7eedc238fc83ee,0
3226,1327786320-258c38e63844ba5bd19c8d136fb7c9e2,0
3226,1325895060-334f7d09200cd767ed16ec36d765d30b,0
3226,1321469760-7a56dfaf0c61e01927c97c68be4ae6a2,0
3226,1324606320-8c3dbf92a43bcda5decb44e164946446,0
3226,1325791020-a9bbc2f176804b52df7b975cfa2092f9,0
3226,1323840360-b28e9f7b1710c913af07d2ceec7bbcdc,0
3226,1323139260-4df2f9eac9bee0377f6d9a90a094ba28,0
3226,1323139260-46ff4ece741882be3b9dd2fe171c9e40,0
3226,1327352040-037725b4345975b7d4b67bdbe4fdd47b,0
3226,1325108220-53daed44435949da979ceefb953abb67,0
3226,1320821160-b1e87634c205ed60bab0a3c4af43a02d,0
3226,1322000160-010ee98dda59402bc72e4723938bfb73,0
3226,1321919460-b0305da2f9967b70ac606c9772d54598,0
3226,1324268040-d108dc26e68b99fc6b992853cfe306b2,0
3226,1320327000-aa0775c6623e138681ca9bb874f5d61f,0
3226,1322963940-66d2464b863f589da913e50ea60584b1,0
3226,1325638260-9aed096f8c270976129406427b8d8e2c,0
3226,1327399140-1459319d1e85128940d7d37ad7bbe362,0
3226,1320946800-4603881dca5773e5dc8bbbbc27692de6,0
3226,1326481080-a7bc6c6b366973b4f215cdf93542673a,0
3226,1320519060-45c6bca5e5718d9963f36506c3977ba4,0
3226,1325557980-7c40a784d7132549d4902b682f57a2f7,0
3226,1320969120-ba4ebbd295eb51bb0bdd88eb2ee3ceec,0
3226,1321385280-5ddbac4d224951f6a267697679db5718,0
3226,1323878460-3bc322c24da1ded3017f2b7c0286a1f1,0
3226,1326832080-48782a5812f1daa8db7b0ffaeb462566,0
3226,1324270980-8fcc357770e982fdf63968c9a75f3e23,0
3226,1322074440-f4849f3398d9b686bf67fb04a5f3f079,0
3226,1321753980-63ca1b2cf44c70a43a8e06e3734eaa60,0
3226,1323213720-78f76c641469ca96098c82adf86fd83b,0
3226,1321913760-b8f4e9925cba9938f49ce8d8fe6a7ac5,0
3226,1324349520-c5d9e1c43da7eddf37e6fe45e980be91,0
3226,1325034840-6643e325566f4f2fee810bc90dfa9008,0
3226,1323470880-5848e632763f71efc9f7650d8ffc1d91,0
3226,1325661000-3c67ffe5ee9869ec842c444f8f90b1cc,0
3226,1325607540-b9dcc493cfd7756f6ebf7bc2d1c1dd67,0
3226,1322962020-7d284654057baa9a97c8143d46159cad,0
3226,1321753980-9f20fe8bf031c0991f0f47e6f211784b,0
3226,1323109860-2738afb08b2666634a51b91a146ad991,0
3226,1325119680-8aedfc469f8bf875fc7f566142f511b3,0
3226,1323356880-93323ebef00fdf22141f2ba67685ba99,0
3226,1324309440-325eaefe00ea9467d63adf92ac5133a8,0
3226,1324232220-23344fe438cbd8065f3256ca1a798b21,0
3226,1322962020-7e9985c7778f809444394d0c04df4f71,0
3226,1325671260-a3f2564c9a201fb052cec25958c93de5,0
3226,1325045100-0c0a9e3002093d5f03605fd9efa02745,1
3226,1324993560-c78dbe328af338e325f7e4214a00d6d8,0
3226,1326238560-dba89008a2cbc4464f06fd8a10f7fcf6,0
3226,1324281660-183a1a7d86f7f34f09daa35db6fcabb5,0
3226,1324428360-cd4756de1a1b5273241f1cc861c5b492,0
3226,1323143340-2f40c4b270bdbc330890930c9e69c468,0
3226,1323322680-97d0207e33b61ba26aa7fa75b46b49a2,0
3226,1326837780-813ec481f6b9717c1a4511f9db65b8b9,0
3226,1323222180-61ebfdbc3fc07a4b65ec786540d9b2a1,0
3226,1327367940-ae6fd70cb7c20074012fcb326f02330a,0
3226,1322853540-bf7bcefdef86ff1481bdca2f1bab72ab,0
3226,1325552880-0d495176cd36229e0bc7edb043365836,0
3226,1325793060-d7568b6008ad530b418764ff37477407,0
3226,1321497300-4583674948b7fd7340fecaede1b835bc,0
3226,1326378000-b8d48fb6b8182de7c8eecf9419165720,0
3226,1322946480-020e358b83cd34aa91aa460b0b4f141e,0
3226,1323110460-d7043a3313e52e021aecefbeb33da241,0
3226,1325001480-2a6efe3f16aeefba1a5bca996036b242,0
3226,1321401420-bdc6a5c8da19742c9c49468a3b9b861e,0
3226,1320679680-ff8ef3f125b0b670c72edad5b86244ba,0
3226,1325188380-88fdf3a422d974145dc925a4303dea53,0
3226,1323457260-4d1ac7c028570f9d22392c799dd3fac7,0
3226,1322183700-48c4a3474b040db2461093c82015a43b,0
3226,1326787320-5b95580456b5f417f2ee3f909dea1f5e,0
3226,1325001480-c5f9baef9092301ba51c0470892d772c,0
3226,1326653700-b6fcfcb72cb4b18acac33dbf1989c062,0
3226,1325512740-3974768009c3a28e93d658086c94f1c6,0
3226,1325188380-5e5d1bc334485100b800bd48bb0ac9d3,0
3226,1325640240-864a940d7d722d9344b35691c814ff8b,0
3226,1324565460-d35f00db83dcf66fb0a5a45bf0aaa59b,0
3226,1325806920-19d5b8e90506ae7c06eeed3dec2f4554,0
3226,1324528080-6923c84f648c30b8fa70df46c3f75eb2,0
3226,1323457260-126467cb908d0debfb2c7d15e009028a,0
3226,1323735300-2d9ab4008ca62b089eab59474e5d5b29,0
3226,1327443180-d7cf9319adb6d76adc4f2c6e3276b670,0
3226,1324014840-898d47f71e6dec43bcc8d5f72d3c2e1f,0
3226,1326495120-b209f06f2a2d15a5375dc814dc736a93,0
3226,1327110600-99b8cafc31d8847d0f4d29f6fdb6a313,0
3226,1323217560-8c0289230b3e5d0c2816b36da2d95414,0
3226,1326241860-9388ad16205bf9591736af54ccce9914,0
3226,1323367200-8eac947ff1ec561ff867975422d134ef,0
3226,1321594560-9842e0cac7ad51b38878dd9abb2bff95,0
3226,1326860580-13884f3962e0aea710eb0763f2af61c0,0
3226,1322760000-bf241f947520498cc085217934292ccb,0
3226,1322845740-b866e3c0f68ea9e0c9e8ff6713f3932e,0
3226,1326081840-a6149cc00e25027a4733eaca1eb0c455,0
3226,1326305520-b56045f9800e9cd1efb28a4eda4795a2,0
3226,1325898840-5bf3e9b37fc60ecd0056454fc43a5bc6,0
3226,1326149340-297219709c9f4a4b3791cb17421ee28a,0
3226,1321071660-f9a32ef85f7d02afccb8a6b56830665e,0
3226,1323741900-d8f96a2de7619043e1db0e4494a8b3fb,0
3226,1324068780-75f8396e604f2700c0cdd2b16260d97b,0
3226,1320440400-9885b0052663ac8c2f600ff6595f3da8,0
3226,1326503640-86e8f3f8690af6417e6854c511e4ae2b,0
3226,1327680720-5d79f8d8d1f6ba0044569bc606b79ff3,0
3226,1321913760-6a456714497a66bdce71de236854a141,0
3226,1321299660-d43a375f264d8dfb9298d7ed914aa5c1,0
3226,1327331640-5ec8448a6ef4fda026821a5a446e0df0,0
3226,1322845740-00cddb94adf80d41ee1c51c3cc9e0b5f,0
3226,1323733380-45991e41d91ee90eb7bf8940e5e023da,0
3226,1326922140-98b47ed6376109de4b6eb73913fdf56f,0
3226,1322013780-ff42e6686e98161d13d936d7daca4d11,0
3226,1325618160-298001e9b7f9d63ffa362ddee01ee893,0
3226,1321141320-0885b947be5f8793841d70a625cd41ec,0
3226,1320698700-0cc7f64771155fa2355457afec35713c,0
3226,1322193240-bd77a5cb7340990318abaafa2c8c489a,0
3226,1323110460-6fc170d0d2d142d532358308fb93efcf,0
3226,1320447300-b92c1ac4f325a265c7a08b0843be5107,0
3226,1322083980-62649e43479642db4bb414d3a6a79b65,0
3226,1326994440-ace319e543d014da2eef8bd484a8a8ba,0
3226,1320719400-4b5f95a799fba82def6a9694a9273f4d,0
3226,1328015760-14c5ea64fa284d37d6dd358f0aa16b38,0
3226,1320530100-bfd58ef4cce90566f21e77106d342166,0
3226,1320303360-97c36672de0ea8f4c4dfd47323c2361b,0
3226,1323993840-b6f0502104dc20b920adc31a66f9d062,0
3226,1324677120-a8cc4db46d7ac3c4d26eb3db9e34d974,0
3226,1323109860-dead8e8cba2dc876a3b138b34877554c,0
3226,1325661000-c686c3f4b3754b1bbe448a7b4a3f0fb0,0
3226,1328015700-3fff4e6e85b592998901191e3453807b,0
3226,1321163820-950c9fc15106a4e74d8cbb0d7e2060ca,0
3226,1324412340-29095bc6cbeadae732723050f4c8379b,0
3226,1327065120-b36fd69e0bd7f9686096f1b85c6c08bc,0
3226,1322887080-691632adddda364a9e45376e6df47644,0
3226,1326966780-9aee671f0a7799e44f0af4e0154b32fd,0
3226,1325035920-13bd8caa936c9139bb1a4ffb50b21ee6,0
3226,1326725520-2306d14ca5689df22a74cca6e1a1eddb,0
3226,1322748600-a1d6283108bfa99ac426aa09fbe71d2b,0
3226,1324094340-7c6c522fdbc18789a1e5a0999ed6284e,0
3226,1327362240-8fb11b9b40ba0a5dc3bb65dee1bb3da7,0
3226,1327356300-19cd4b03f1a34a8c112cf52dadc259f6,0
3226,1327302540-7aa1f02ca0f7bb5b608879e6129de15b,0
3226,1321418460-406be0534e69ae9d701c0af1ba8d6b6a,0
3226,1325351400-079a0fd290c6c78f075ffb54ff54025c,0
3226,1323192600-94a9d72b2cfd25275e12bb270ea2407c,0
3226,1325151960-4f8a5950463d4af85e81a934425b8abb,0
3226,1322669340-77a2a73995c662d63d85b996c7656d24,0
3226,1322412720-cf724e075cd27be7e1f3567c6d3913df,0
3226,1325618160-0bd9125cff581971d2cb813679ea6ffc,0
3226,1325096280-d24fbea543e19a71186a8f1a2b30ae5d,0
3226,1322006580-c13faf074e444d859657e66e378b6f6b,0
3226,1320813840-35111771d51fc67af1d76fb580d4027c,0
3226,1321474500-cfd5568a59ef7267850f43eb0abcb4ce,0
3226,1324863900-0586bb20066596ea453588bbfc644f95,0
3226,1320165660-50016813254472679082358e9e704b21,0
3226,1323110460-b6217b41dcbe9fd0c8d83cb2c7838165,0
3226,1320597960-ceb276b36918d381112d1242a407ad9d,0
3226,1322962020-ddee088dbc92070fab499e469caf31c6,0
3226,1326600300-6d99e72b50bbac1175a3aecf44798851,0
3226,1323096180-5a9918898aff83d9867ec71b63154f55,0
3226,1325784180-8f24875ce737c7351ffe66d365a3faba,0
3226,1327629480-4163ff90c7e78e4f85df7c10d3d46949,0
3226,1321581000-2649db6da57630d14b492ec58e707243,0
3226,1326777960-38b34f26e49c202eb5084280f5a696da,0
3226,1325895060-4a1b7ad49f5ac183321d365ea3d6649b,0
3226,1327077180-c324c5dffa7edbcd7a38b73ff243d81b,0
3226,1323110460-ab3e9482e2aff23a5c290b154b367057,0
3226,1325188380-30b8cf82cce3fea35a2d921e56042263,0
3226,1326130560-4439b469466a8135a89cd7db5c5d47fe,0
3226,1322001600-b238c35cac2bd761d822f5b9e78e0276,0
3226,1325736480-57260ca6a9038d000c4fad356278c5fa,0
3226,1325177280-6e285dc0f401022ef527833bd8f9e3b0,0
3226,1326051420-baf5c438e5658e5a1c61dceefa10d966,0
3226,1322705820-283ebd41caf442d9c9acd862ff438a55,0
3226,1322512620-8920c11ebdd4470b9669794c29ea5899,0
3226,1327523400-6a38ca9b20dc07eda5226d70b986a100,0
3226,1324866600-3cc6b220481ee513cb454ff4a8abfbdc,0
3226,1326503940-4a0b2351173233f8305a88fac3d35b17,0
3226,1320522360-722c6448761ea3e487e90f4a3d23a043,0
3226,1327352040-509badf7b784e69e0bc5ed0398652bb6,0
3226,1326310920-4912bc327cb9ec519c923251ff9977e0,0
3226,1326607800-5f2502fbb6de92b803a5ac6a638bcdbc,0
3226,1325655240-7027f32b765cd1ab48e1277fde4881eb,0
3226,1323457260-05b85b63d96421a6f11c09641ee520b4,0
3226,1326849120-b26bd0125852af5b4bda2246f4f87524,0
3226,1321846320-579b93c20af075467373d498389efbfa,0
3226,1322830980-aefe5b1c556ac7b6e1c980393fc9acc3,0
3226,1322701320-5a24ceb7221a3fdfb45fc561b0b32f57,0
3226,1323924840-70b98135e5db49e0bcbbc9a999275a38,0
3226,1323131400-84713940eed2585a8d61a96596bb12c7,0
3226,1323587220-004ab125b8ec5c3601cbc948c0ca19d4,0
3226,1321504980-4b61827d74b00170a8a72458ba8e07a2,0
3226,1320787080-ca4dd58ea153f1885f3ae40f8ae6487a,0
3226,1323477240-c70acd19c44dde119a2da416564cf624,0
3226,1325267040-4b1b15f8d76e82da2f24695a59e1f06e,0
3226,1323913380-03de2a4629d77b8d06312d1ebccbaed8,0
3226,1325916660-2156a08f07ac2e76111bbd4bedd06d22,0
3226,1320923340-04f0d00447b5a9af87baab17ed1d32a3,0
3226,1321427400-ad840ff08c538295e97da219216e0116,0
3226,1325177280-762552009e020730afa82922058af521,0
3226,1324565460-8b57c6561dcff01d4ebad649d2744f95,0
3226,1325638260-5b26f027e72b673cdff74576d52e58db,0
3226,1326814560-2acbe0066b6f3fb7b6e326b276289c81,0
3226,1321696560-37dbf73fa3f4012280e0bf4ac96e507a,0
3226,1322554020-4d51a2365135822b3941382a1d88587c,0
3226,1320959280-910e5bb4b1d1f202f793e70930826249,0
3226,1325538960-16bf8e85a07fdc8d80b2bfce7c1ebea1,0
3226,1324315140-bed8d69b201f7098253206c5ebe84d65,0
3226,1322600640-7a802e37e2795dfad056c7dde2d716a7,0
3226,1321485300-88cc8243eb4a8e3e730db385014c292d,0
3226,1320712020-06cf44f3d20508af3df9ba52c7f2f78e,0
3226,1324863900-976058dfbc2695b46d649447098ad253,0
3226,1321930800-1f2b3acd612073fe927d2c8874c49afd,0
3226,1322533560-86447c6ef117a624e5e2efe35ee5a4e6,0
3226,1321822920-734f2e02b7fa904804d06146b37c41bd,0
3226,1321859640-111f445e22426d2fb2587912174841c4,0
3226,1322355720-7c27ce011593046f30d205ba762bedc0,0
3226,1320710880-bc14a2755ff1fa40892dfa8c109aa859,0
3226,1320421680-99d269b4c74d73614931bf1b4589946f,0
3226,1327464000-206eda28ace8879f2567bb8604e37764,0
3226,1326600300-651b6ff84ef5ecc0997cc09ab1b3afad,0
3226,1323124020-fb93bb2eae7bb7ce1294b1644f361aa5,0
3226,1325233380-941d3b0acc27de6dabbeeaf8c65b5f67,0
3226,1323463140-c0919d547f0db5dddcd3dc622cdf78a8,0
3226,1323718500-61441032f71891ad6d9a7313e6cfd15e,0
3226,1326820860-173c6bd6e31676c1fe6dc0f1f69f4029,0
3226,1326317640-6c002f1e45c6249c09c47133082a8545,0
3226,1325562240-83398b5472ced72b29736efebea2873f,0
3226,1327094400-c0432bfb638141f3b7d6c00cda1352aa,0
3226,1321380480-0293bd98b6f20daa63dda06cb913ea1e,0
3226,1323304500-9fd93af8e16dba24cceaa57b2ff0c3b1,0
3226,1322198400-f0af3ab3d785712ec0f567cd96a94dca,0
3226,1322962020-43c9442e92426a71a8c2a05f3d06d4a0,0
3226,1324846380-5d33ae005b8b03f2a4b84698db736d98,0
3226,1321099260-963634a05fb93aaadcfa72b2e2579111,0
3226,1323569760-4696b6be2193efec24ce0d97aae52041,0
3226,1325279940-f4c2d763340d5dc2dcf991981ed533b3,0
3226,1326051120-6250da57c384c5973d856cb24afad66c,0
3226,1322005680-f3a78528f308745c5222faecf9ef0720,0
3226,1323125100-121ad65e0f55e640896d04bdf59bed17,0
3226,1325994240-b6baee0d6802bc421307b24b3aa4a236,0
3226,1325652180-fc2d392c1b34fbf21af6a9d04be0c793,0
3226,1325898840-307ae0a29aebb757147b883f71800e17,0
3226,1324296420-919bf526d7ee1768259747cd340411fe,0
3226,1325900940-3f435a700ce511dcd8fa66880f231a17,0
3226,1324831200-4744a98618b1fef027df0022dd3a34ec,0
3226,1322626860-55926bdf4911ef544728a39214d606fc,0
3226,1327896060-5de38bc63419de869abc65764a9a853e,0
3226,1325648580-c957c97b1fbe9defed1fb82eab1a1d80,0
3226,1323315420-b6e8ccb357cdbdd0b86cfee07b2acac3,0
3226,1327615260-9894362069dfc1a4f4525bae01045011,0
3226,1322878980-cbad081b02fdb695470afc9456202842,0
3226,1323698220-2c8bea7679c0d701b5fc4e8717f82d0d,0
3226,1325714280-bf43d4e032e3556d2ca98bd089039be9,0
3226,1325985360-832155cdb95a4d1b3ab098ba193bee82,0
3226,1326159540-5958fb595463d5f153a11927451e0586,0
3226,1320141120-4277ff24abff27bf674e65c3a828a12f,0
3226,1324003260-5dcd2372235547178c8a7ca6d47d0042,0
3226,1323109860-d79bfc1e365eff4d892507ccdcaf833f,0
3226,1327961760-d82ca00d064b62247f25ae7b766a7ad9,0
3226,1326481080-da7c359c265f1efce28c952259a53f08,0
3226,1325923260-0b4d578a2890eeed01a7ae187b609396,0
3226,1327986000-d1fea4dd4f64f0f20044fc7957c0f673,0
3226,1321388580-764ba4d97a5238b808c702831933646b,0
3226,1323110460-9e8b8179da920499c91e62aa598e930b,0
3226,1325634300-9f1ecaac2accd18bf233976db79bbe36,0
3226,1321603560-7c4ec09dcdc4153645ab2aebabe7537a,0
3226,1321934280-55fb7227d332917cf062cef4660dba4d,0
3226,1325818980-b31f806350673d139b3f7e75de0b5503,0
3226,1324342620-ddc3f8f16edce06043c0c7591a0e31dc,0
3226,1325130600-d051d9538c8afb3a1d423a4585d8b308,0
3226,1327258620-df8eb1c8afe1a0b773518c276d7e2d7c,0
3226,1322844120-95b9ee5b615cda426487aa7c166072a1,0
3226,1322702520-54f9124799a4c9e303d3daae032eaba5,0
3226,1324959180-9917dc8fa17bc87c3aff161f0cac89be,0
3226,1323131400-216e627536a9529cca24763b45af4af0,0
3226,1323968820-7236db398f174c0d06c84845481ff62b,0
3226,1325913720-daf0286259e58d6ffbc025aa036830c8,0
3226,1326947760-1b46334a1747548ac0de38a190a1b1c1,0
3226,1320211320-3abc91c01dddcb80811f95ec0ad16e0f,0
3226,1325233380-869f9a4a8ebd622ab8c00104fecf29bf,0
3226,1323315420-7fa31423bae5ba82c5d9fe609000f8cb,0
3226,1320902940-c3e8872debef8ec9642d2cee01007d22,0
3226,1325188380-ae4ca796bd415d52ce126cd0aae0cdb0,0
3226,1320443940-607026fd8d1af8f45eb62da4251f9eaf,0
3226,1323306360-1d846f59be4d9736fba8d9de9ae22bee,0
3226,1325351700-6caf551d5d71c3ae16803e113c8aa7d6,0
3226,1326224640-6a4a955a759244c6a1fa7da69fd886e3,0
3226,1323406140-939fc68c9fef2167b6e0cf9795e9db5b,0
3226,1320923340-af5a356f8047da53b782de06636226e6,0
3226,1321754580-a20b0db582297088badffb14d13051b5,0
3226,1323406140-fed5fe6de5a57a22be41612ab8f9947e,0
3226,1326150240-89976ce0867c76ddba6825aba38f0920,0
3226,1321487760-10e3d047ae2f936546581cda637c9893,0
3226,1323139260-c9d10778e5fb9fc157716a01802ac25c,0
3226,1326422280-93f96b8a798b23f8e9f90fa2ebf818fb,0
3226,1323837480-985e6f241e22c0462ab285ef4b57f611,0
3226,1323469500-bc39a6fdb2c4beaf3839a20d375919ef,0
3226,1321062120-4f46fbd2293637ac5dea29364d4d69fe,0
3226,1324703340-25d5443faa6580ad8bd6d4a801c368dd,0
3226,1324434240-fcccd82fde771d4ee1e4ae92ebd584f8,0
3226,1326577140-371a9bd06485685d3dbe1a76931ddabb,0
3226,1325827620-3b921550a879939c42abfdb9508d4e1e,0
3226,1327954800-132e0e95389a06f90d7b1cb01067ef57,0
3226,1323651780-505de581f82a145f7e49f29fa005730c,0
3226,1325791740-d5711968f2104843cb6c6caf77ac9305,0
3226,1325823060-2239f3df1f99942e719e8ccf68c793fd,0
3226,1326901380-bb88dad6b60bf6e2038362ffe2714813,0
3226,1326777960-b40e00ef3bce61868dc042cf5dbdcfd3,0
3226,1323921780-1ee0e38ea2c7d4cfe86082b89ea52f8e,0
3226,1324267140-b13054b3b0ca83b11bb7f87f2385bebc,0
3226,1320904980-58566ba4ab4699ad6eadc4f61bde61d1,0
3226,1325818980-810c8826e0b9680c3ebff782e3c6f316,0
3226,1327365780-2bc4d2e2c610f1c4417afbb0ec65271e,0
3226,1321059840-c1c252a9bc1c6b77bfffc6254946c0f3,0
3226,1324703340-54b0d68c8e36ba1ef80abaac83ba66d5,0
3226,1321945500-90c1dafa29724a1dc5737a7d6961addd,0
3226,1326764820-2dc63e944106d254dcdac56d31485304,0
3226,1325596500-35e5ea5c234078c310331a998ce17b86,0
3226,1324343160-bceec8b2ecaa3e7b13f66d2d62826825,0
3226,1322809980-150ab9ad1a3ff5b8bfdd31d432aa8fe7,0
3226,1320604260-c0b46879f2332430d803d9259c33b7a8,0
3226,1323990660-0d36c47d84d204a60a2db5e32ba60b21,0
3226,1323922680-4349542cbf908558043b458de029be12,0
3226,1322607240-cd016dd6e1b94be465c8a76636edb24d,0
3226,1327969500-1362b952a33b4de34f26011ff4f67684,0
3226,1325823060-9eb1069799412cfff2ecc9548565c2f6,0
3226,1320964140-d4b2432e5f6c4cef4b8dab3250726238,0
3226,1324962000-c49ecb27a969216a7a9dfb877afaae3f,0
3226,1323569760-2e2a17e1a6cd5221fd027c810a26c9c2,0
3226,1323652140-f465c3f8da108a9d869ba71e9363ada9,0
3226,1322962020-6a4b2dd2181196d85efe4ecb92ef2f98,0
3226,1323916620-8d5c3dac1c7714a01e935bfb823de823,0
3226,1325700420-5967b29c14f54d37a6a804beeacf9f55,0
3226,1326684780-90629666554aefe75671b06b2ce38d56,0
3226,1323838680-fc668731107df83acfaca9af4e65ecc1,0
3226,1326280920-b6d6ab080a2ad4404c86733a848a9076,0
3226,1328058240-19024ec47cfc7747ed490d0b5535b876,0
3226,1326957000-333a93894c81d121bc1bf12940b9c078,0
3226,1323812100-3741c8e9639e9092846cc122c1663d53,0
3226,1325730120-9ace5dea87dc7c577df6a510cc4caf21,0
3226,1322890560-55301efdbfd446a31d3de709e1de23ac,0
3226,1326681000-bdab87584cdc91236d2140e9053d020e,0
3226,1326507000-7f45233c421b703cad92246f4bfde9f4,0
3226,1326866460-cd1ef216babaa27bb8ddfb60fdeae873,0
3226,1322279940-faf9a04aedbb3b5d2419dbf8ae2390ec,0
3226,1323985380-73b6212bd26fb6e1797b7dd002e79487,0
3226,1324258560-d073c4c31bd1c282b54889c83b6279ee,0
3226,1323736380-4922b682706b292e53328355096e75df,0
3226,1325276700-140fa0379258d2d009418eed8c3f7656,0
3226,1326432300-c95f1e03c912fe4e47cf6b1f71efd612,0
3226,1327946460-1856e02b04115fbcc6247cff54d21e96,0
3226,1322136900-1f103fba5071045ec965d9106374062d,0
3226,1328032200-41f3d8390e71eeebca6f2cddfc064887,0
3226,1321685040-aa95598de8bce541dfdf6db8b55e42d6,0
3226,1325029140-95efa112b7b748c75752919289895f11,0
3226,1323838680-6479e4fd79baf25b48f463a95de7c8ee,0
3226,1321955940-0f0fd5eac5abf165334f131d569fbd2b,0
3226,1322668620-008122077894d82033260fa00146e153,0
3226,1326417000-9e10c9773dee7f7f730d1dcb7c5261c3,0
3226,1322512260-f09f58ba44c29481fe567ba0e1325e83,0
3226,1320125520-d4f7fca2b21eea7158a8915fbf085616,0
3226,1326607800-137906e4db8dd61d9affc1ad1445167d,0
3226,1325870340-0c85f681208b5498074b2309e7b74b4c,0
3226,1326292560-45b1882b5e8b8c70cfc30ad2a616d7ed,0
3226,1322028780-09ff841911f4ff8b2f4230832d3cd33d,0
3226,1326220800-7be010c9d913033b54d11ef3a482756a,0
3226,1320723060-cf3a3df1c02511eaad508c8658045474,0
3226,1324879560-3f23ced03670f64c0ffe1da6bf44a170,0
3226,1320723060-b7ab53d648e739babf2b4ec1f048174a,0
3226,1326832380-6d30a1ddbfdfab6a821d9821f95f5256,0
3226,1321859640-4a5d13c8a4e21e9a59f8dbfa8e1ff945,0
3226,1326415680-a462ac9581bea1e9437041e91608d582,0
3226,1326518220-2d9556eaebac1abccc73e73c1d694335,0
3226,1327287600-b9c3d48cac65b18d2863245759bb2abe,0
3226,1327476600-49b82406ff4ab7620a4ebb4d2508c69d,0
3226,1325350860-5466f6f33c2e91973bbd72a7c9e2a281,0
3226,1326855000-98308837367f575bdb3e356fec8f778a,0
3226,1322962020-1721796b820b068dc6bbc8646a9e8fc2,0
3226,1325895060-a9df45a0bf090cfde9ca271dd09aa404,0
3226,1321908780-f7abc47e3c295c28c74ed382a29b68bd,0
3226,1321323480-f76ccbc4016f0cbd530715e5878dcc5f,0
3226,1326182640-8081e115369b9115c75418ffec1ac58b,0
3226,1323698820-f7e1ae274ecac8489697c9707c44efa7,0
3226,1324073580-75278195a336fd3b986045634b0bd556,0
3226,1326947760-42f059dd08e9f2a66ec1d01da8767dc8,0
3226,1327517820-757ecbca118ddf8e6f12fe702f8499e7,0
3226,1322626860-daf9f2b09b3b633a8dbe700f882d0be2,0
3226,1324994040-341c3d5ae56f2f36a3f9f8662dbe6fc2,0
3226,1321158420-4278a29289cd4fd14e780635325a4e70,0
3226,1321769520-88374a7d1510b61033c9b42727a36a04,0
3226,1326916860-777e9a4f6401f129afcdb3891390e0f1,0
3226,1326852060-9770a4aa5e8b3d9ef5f7a2f9c48852c8,0
3226,1322962020-db0f0d67060d41bd985309688244614a,0
3226,1322258160-5444c2bc725681e078c3c39508359065,0
3226,1323406140-a82b344c82361c2722b9e1efbcd6d21e,0
3226,1322193240-3b2c6091575c3cae51db6b7edfa9a0e9,0
3226,1327954380-aaea0eaf9d6d54ffd876cb8b32da57fc,0
3226,1326947760-a1f2665b15102428e0ba0a5a3cd36c3f,0
3226,1327166040-9241a6517db4bd29e7472527e8c43ab3,0
3226,1321816860-b319f07b6e93b73c77439b96c465da64,0
3226,1323746220-64800549804c35543b09a9dcc8385546,0
3226,1323817320-c56a1fed20000e77bb6343dfab667d6c,0
3226,1324258560-95f1383eef0ae038c48d60628f038986,0
3226,1324145160-ba37d0839a856a70fd98bb6afec819b8,0
3226,1325806500-59920a1ef97a50598c89d7ab361d40a2,0
3226,1327129500-29512c90105f1ae1c03154f69e78125a,0
3226,1322323200-cacb920f70491059e3bf62e05669c4ea,0
3226,1322962020-441251d1b68bf85fb75ef14f475dc923,0
3226,1326251100-6756fd8ab79a4445018ce46c92cf87e5,0
3226,1322611080-f06e318e870e9b969d7eb91a6a918f04,0
3226,1324861500-46a5879c748b44bb85dc347b15461475,0
3226,1327679400-4764c90d5ad7c3df60dab44f7efaa0f3,0
3226,1327061640-3eac05e003241fb1399bdb387f685c5d,0
3226,1324612920-f4daae3050ea0c78fbfc81cc3aa32938,0
3226,1323110460-64506ebf4a5e84b4b7d4ffb097574435,0
3226,1321556400-c251cae5c5ad31e614cfce12ef499486,0
3226,1323495000-5e1f56c1b4f4cd707e6bb4c8aeda9475,0
3226,1326254280-43162944010d69f7bf1f2fb2117660b1,0
3226,1327467420-b329e58030952bc2aa37c0452bd003cb,0
3226,1326158220-8593bc1bf30d172cee21b9892407779c,0
3226,1326257940-1fb2f846ffca0d16a2ac92b5f3bba6c7,0
3226,1327379220-67e369bcd1f58d6fe648b4222afa2203,0
3226,1323110460-6433f6e6cdc039ecbff0f1c1a8d38f06,0
3226,1324910700-76bb4531bcaebe3e5abb373077ae140f,0
3226,1327519980-33021d3f078bae2bb8090a6ff674e54c,0
3226,1323110460-92071f0fac88a16d90d2366c820c4858,0
3226,1327532040-68628b208b7d88074fdf96df10f33313,0
3226,1327581660-bd874308a696512b08ffb4ef9206b50a,0
3226,1326254280-abf702a6d9a28a5ed47ee5b6a7e80d23,0
3226,1326121320-cd5d82e5fae183c4921349c984491a23,0
3226,1323636900-b7a4bfe3c67171385f475911bccbd8c7,0
3226,1324391640-6504618946af063026cc5e5f2e3d1214,0
3226,1321320300-6096fafd0213c0a6a4089f05ee3a4800,0
3226,1323244740-bbfd00d2dacc0111a072a584e4e3dd9b,0
3226,1324702440-f1f3a2cc1b382f884bff819350041695,0
3226,1324866600-359bc030d24fab62d9b124dbfa705c77,0
3226,1324713600-a98e0935fa9761c348e898ec5665094d,0
3226,1327067640-9614c9863b84eb6402608c5a28183f27,0
3226,1320903840-71f5bc3f7306e2db44c5062a2b0c3a49,0
3226,1326809820-29e110eb88471c4df674c21af0b4d00c,0
3226,1325401320-cba696cd7a524cd4d22547bd9b447d8b,0
3226,1324735680-51f9c2e46eff04f1a8eb24dbf1e83526,0
3226,1327095540-43edd77a35179589303f91454df30ff6,0
3226,1321315140-2c272a958c45f98ac4f25e12f889fb3c,0
3226,1327074780-99bb350d4f7324614e05a5e44c4be23c,0
3226,1323148740-f0bff85a08cccb88bb637ec78f0d187f,0
3226,1326052020-f1f1c2aa1e177f3cfc0bc4a7cff2a23a,0
3226,1320984720-6529f83df3fdfad17b1a287ecf5c6df3,0
3226,1326838380-4f1f4434ec0a2f5ea7c8e9b677435b31,0
3226,1327107780-d4c7956a677fedece361d5a080576830,0
3226,1323148740-2e600d9b1da8fc59b8a1876bb79cf687,0
3226,1322962020-cb697ec48fca403ca63d8a05b81f7099,0
3226,1321859280-af6ee3444e10a625f200bc76304492ee,0
3226,1325015100-220fca2498756126a38ab0b7e6d7b0a4,0
3226,1327576980-fc72ea75e23e4d349e7e83ae78db87fe,0
3226,1323389700-f33999cc0e4a416298e5269cd054ac76,0
3226,1325904060-64bf31f1536dc4a36e66b35ff26ae12f,0
3226,1323110460-a7f1c59240f428d75399390adc38b17d,0
3226,1322341500-8bf1191abb81e28751b66a86eca6c105,0
3226,1321363860-c739ff8f10523ef70106f5e81f6424da,0
3226,1320923340-af38ba50d3e958078d8c6a248f2cb14e,0
3226,1323863280-33f8dea97dc932d00087f138c2c8ed0d,0
3226,1323491940-fb3a61ba210d177df14ecf1785e78ada,0
3226,1327523400-953620e3e8422a1c4ec8f2b9bdeb23ae,0
3226,1321058040-6a9baedea4ce4c6ed74a59b8c9c4adab,0
3226,1320461640-c7bb2e1fb552406e465c3458832cb77f,0
3226,1323110460-b58de382f05e2439e1ef76c79305a1cd,0
3226,1325044620-18a765b47a47ec0df2cfbaaea41c6f7d,0
3226,1325298960-f81bed2d3ca3ec235077d611880fb475,0
3226,1323804180-a9ee681085a9768d1ece27f5e63cd5b5,0
3226,1326777960-a404352bc34f43306d82134142506765,0
3226,1322733300-c58394eea259d771f417eae81ae7f397,0
3226,1321597380-31f61fe416b766b851c69b729bd31b0f,0
3226,1326790800-ab65d51939ef0453205c36ae7c5267b8,0
3226,1324369380-f738531576ff4a7ad36cfbc52afbab14,0
3226,1324014840-583b0c743564d5f5666e696750020310,0
3226,1326787320-4b68dec532e2328978f7f55e93bdb29a,0
3226,1324501980-b2fa4c2748f2c3675e3b99c3977fe1b5,0
3226,1320798600-f50dd2c164013d519e11b1d8f2353a4a,0
3226,1324731540-02628f93c89ea79981d2c89aa381278f,0
3226,1326947760-3f564b1bfe7e3be07a5d910cd871c59e,0
3226,1321502580-d9591cec666ac1d837893f4b55915731,0
3226,1326333180-3d941c3af9624df92e630900a435feba,0
3226,1326600300-c03cceede40fd27d1ac61b60cf1f67dd,0
3226,1323495000-554b856c426232075329b6f50e5dee1c,0
3226,1323748860-ca88e4f050020bcb4700bb97e71ad24b,0
3226,1325204160-a85efa0eda2e005ff7097e46be3d7d88,0
3226,1323132540-0795b1550aeb2cef8e42d1b265c567a3,0
3226,1325483940-264ae2ec86a43c85a36a516dcfbfe299,0
3226,1325214420-4ad8a76cef0c3f0f1375d24fbc68c88a,0
3226,1327549380-c735e9117dfa3e3a666fd60cd945df31,0
3226,1325429040-c301fc9f044ae76f9f21361bf63bd701,0
3226,1327291260-1a80d008f51ad77b09fb765d9439d85c,0
3226,1320984300-7eb492ba776dd5ddba2392e952e538fc,0
3226,1323578220-4ee243a14d2daff843372dfe89bfc3d2,0
3226,1322695560-6531319808c95123d3f72f0f94475191,0
3226,1323831240-064f7c768a83ea08057a39dfe10712aa,0
3226,1323108360-cd23e23eeac2d7b2632056353f578fb4,0
3226,1327339200-56426a5e6abd5c6f37a1d87b3109c731,0
3226,1326083760-c0992675cbfe364c4e393995846cce18,0
3226,1326645660-fa3785f5ef86a970419f5597a4030357,0
3226,1322499840-813cb20563dba830de4fe858ec3a5e95,0
3226,1321099440-b6a75604df6125f943a770754c0e3db5,0
3226,1328028120-92b75c37cd353f7ea50aa86005ee3350,0
3226,1327291260-42184ca5a2763ac58c027e70efda42c4,0
3226,1320694020-b38324f321e7afa08841dcd251d0d17d,0
3226,1326204540-438fd9a2ab76b92a77776e71daffb426,0
3226,1322680080-a17fc6d94a67837b69d3d9658620a2e6,0
3226,1323876240-9ec0361b7a7d55385c58c15e8a711e60,0
3226,1326122940-8a2a13bf40f24e2eb7308155288d3d00,0
3226,1326426660-7236acddd277ffe53abd96615d2857a5,0
3226,1325647920-7fc0690c2d23a56d1ab16bb7f09537ba,0
3226,1327507800-bd383a32192c42b9b493aa9a84d73b7b,0
3226,1323730980-7943b0dc424f5d805b904c96b266623f,0
3226,1326290280-b2141f518f859daca124fb830d59dcf1,0
3226,1326507000-9e5418a4cceb82a93f8f6c4e8ccb6462,0
3226,1327711500-c210a3244b559e520d4ba54ef932e44b,0
3226,1324368120-b883c4fa4e6a4590f3f1e28b23ad8059,0
3226,1326073560-00ab492b3a81bb68c9c413623edce30a,0
3226,1326816420-18338980eeb13b637e9e511b722f0385,0
3226,1323850380-bf5b706eb2b36570aa1fafb576dd6047,0
3226,1326250320-6de1db3d234a9dfbf178ef7798615d93,0
3226,1325812440-71f08569b958652b384f08f280664fcb,0
3226,1327975200-0b90b8e032338a6319d301aa0906ceab,0
3226,1327379940-d4c99513092f9f3eb12faaecd084ff5c,0
3226,1321767300-5d993e039252b306f67a47b0d4d8cddd,0
3226,1326848640-3624df28ae6a76e97ff2019b0e7c555e,0
3226,1321912800-5fb72d7c56f5b46394b7607e4466461d,0
3226,1325119080-4c0690139c9459761f3ba126044beedf,0
3226,1327342680-2c3ba7e35bf4a4429e0d80ff9171d7bd,0
3226,1326821760-c3c9fde76bd8ad95ea638d92c9bf67c0,0
3226,1322110740-1bcc6f363550cf27a8b42a4b4557249b,0
3226,1324624200-837bcedcd84056d07bf70925c0908bf6,0
3226,1324369380-04b2b6970dd167d45603a474e8f57402,0
3226,1325971140-ffb49718398130e04759f78aa3cfccb8,0
3226,1325648580-ce762525898831abee05ea9656d8d606,0
3226,1321288380-5a0ac085a16afe659a4d02f239c0119c,0
3226,1326933420-5de945a42c9781bfcb830b08e2fee126,0
3226,1327554540-8e152cece0298d8561382dde00b00e98,0
3226,1325895060-682003286215b4fabbedc01f83fb7865,0
3226,1327523400-8cbd1414cb81fdf8731c0a63d59678e2,0
3226,1321839840-aaba8a5159f1763ae4d2e99597dc4a3a,0
3226,1321770000-15d6720ba55530c01a65bd34b819b979,0
3226,1325351700-85b24dc24288d30148500992052466ce,0
3226,1325292300-720fac49147ae1fe8d4b8fd2b4faac1e,0
3226,1324023540-89d658bb22081c3c5ab899af5477e2d3,0
3226,1324623600-73c367bb6eb3d03bb54a793fd7a73329,0
3226,1327890720-21ecb79ca8a7d77cb3afd07c0065b5cd,0
3226,1326846660-92a6e212fab6250ae15a11dc1a8af748,0
3226,1322936760-bf807919b6ae994581cb06e0bbbf4685,0
3226,1322521320-6bd6328c4fb28a88193af3f5e15ceba4,0
3226,1324183680-b71659a6f4f67e6b30329e5f2d558531,0
3226,1327111140-6128f27f28018a2b1e12067e4d7e670b,0
3226,1324527240-fa48e2566e5af5e9848d6e3a758f11c9,0
3226,1322528040-809823a90f1e9adec4dd335be97743cd,0
3226,1321495560-8f00dfe89ddf6f8c5c26cdbcdb873093,0
3226,1322702520-fad4df7aea72fbd4cbcc933f88fbbea1,0
3226,1322267220-813c0295d1d76152fe3bd407e153d4aa,0
3226,1326890640-80aee2124ff24b5c66e62ee472348c5d,0
3226,1321543380-f1671a9f77c39b72a46df46319bcc578,0
3226,1326918060-0f33675eb3cdea90cc01f1c330cdeca8,0
3226,1320449580-19aafa4a762d554d9a65a3e3a7166ce5,0
3226,1322962020-800133385e60ebeb59c6055c8d772bd0,0
3226,1325806920-8192ece5681e7661af943c772774dc88,0
3226,1324510320-7558e8d53eebaa0f2436d723ac3ee409,0
3226,1321414080-8e0611a3906a59c25003b5cf864e647b,0
3226,1322631960-295d39ed7ef0309a1081a402332660a2,0
3226,1321993860-4b764b445ae663c34db0fed627e320df,0
3226,1321677000-4c6b917b8dff1cb4f45a4ea22a7d5bde,0
3226,1326752100-808dd4b202f3650b3c569a8ec1a24f18,0
3226,1325901600-f1a1205a8a408b561fdbb2949bc6238b,0
3226,1326995760-33e3cf2beb480740b9473cac23d2242d,0
3226,1326326940-5e169b26ab4f1bc021ce4ec67dff6b51,0
3226,1320637800-c6f07a093ed23646f4b01d1ae3b506bf,0
3226,1320719400-bda232a2385559ec3ed69f608b75cbb7,0
3226,1321232220-4a0d5b714c591451ab43213eea279f24,0
3226,1327194780-97a4ddcd5d6936b211cc7ded41ffed71,0
3226,1326864660-773941ad9532b5b7c2c6fc1e5537c66c,0
3226,1325292300-b15e6ce26ccf23df041b774956f40dfb,0
3226,1323109860-76a602dd5c088aac45e72b49b0ecd3c6,0
3226,1328056500-ff494fb65f09de5ca2c125c7808996c2,0
3226,1327727040-95ae6245beb088f4ea026af44b618149,0
3226,1323110460-529e34f5c2b5535aa66ec83506d66bec,0
3226,1325197440-087b35b51cd15d0dfeafb969f88cdb1d,0
3226,1321676940-39998e5ad36004ce7b0ada110cbd0a66,0
3226,1324821120-65b5dbdeb764a5372ffbc057041fcfee,0
3226,1321597380-c783eb86929e281122ff445ea94a5206,0
3226,1326310800-b21963856093a64cc32dc7832a192ddf,0
3226,1320904980-c49936a8328a5d29cca98ada36e22824,0
3226,1323991620-f2700ee8f10c913547898991b60b6599,0
3226,1326836700-6a21b55cc3bd85916036e31d574af34a,0
3226,1320826740-166ea01fd1b53289737d63121ff8d8ca,0
3226,1324615860-b6357d74481be68e38cc558be5b15e96,0
3226,1325108220-54bb69122797654ce06bb2b5bc8711a5,0
3226,1325131920-f4e2364e16064113875fb6d40bd53086,0
3226,1324014840-53d8b842c5b95fbe2e57f4e78f81cee8,0
3226,1323838260-955e6c07815270fda675ccf26a8cce82,0
3226,1325524680-d88038aeb2ad27a0159575692c7cc7d5,0
3226,1322363340-53365d9689c3cdb1ee0cbb81fa34c217,0
3226,1322187480-adfffb4cd2f139fa61869dfe0c094f5b,0
3226,1322864580-b414f27e5d2b5f253abad187ec507297,0
3226,1323781500-f50d3b2fdcf1afaf1a068096380cde05,0
3226,1320946800-488d76fdf5de2d199c76c79087ec8646,0
3226,1321501500-a5d926725675a41a25e9b7a64bad4568,0
3226,1327976580-83f60fdee9791f43898270a4c09b01d5,0
3226,1326079500-fa338de7664af318dce8ae27daaddf38,0
3290,1322079300-93c811ed1ffcf76cbf18beac1712b712,0
3290,1321710720-0fcc7eecb7dc45b16afd2b5982955c6f,0
3290,1321147260-d31dde11c63c85815e168456ccc1a818,0
3290,1321660440-b2041f1bfaac2d21cca643515768077e,0
3290,1324980300-ca18f572d1f75e9309854ce674b85468,1
3290,1325066220-a1c3280f893a7294d0299450f21118bb,1
3290,1322699880-ba705c75b578d0304ea98307848a127f,0
3290,1326413280-acbb07863f05aa3b759aeb0cec3df8f7,0
3290,1322563320-a74cf3925f40a4115a145aeeed4d185b,1
3290,1324399140-c8c8601acc2848b3978146d8b431cdf4,0
3290,1327443660-4e60666d46e0ab14d6f02d8c2fc4fb8f,0
3290,1323772020-04d4baffaff897b4e1a3fa0161c77f2a,1
3290,1321594260-b34a1c05d7c37fe2b3c8c9d520d301e8,0
3290,1325111760-c63f9e31efbc0821bb22283c5969538c,0
3290,1322779980-71d16bf8d945a8e64bcc3537fafac71b,0
3290,1321364400-8719fd673cabaf3cea7d2abfd7f96157,0
3290,1320325560-9d15016fa6d5e23b5e769f758087cf7c,1
3290,1322759040-c01b9bb5ed9c10efbc2cd0136626051b,1
3290,1321933320-bc80817163f89fdc39030a3d4e852fd7,1
3290,1321932960-3d1eca8dddf57735338652a3892d368d,1
3290,1322740740-3060a06e2a9aec4581b8c7fa7bea21a3,0
3290,1320748980-8fc2b30b9229f467a430bc0796df5729,1
3290,1322004540-478c8b8e7a51cee501fb85651f380d59,1
3290,1322007780-65eb2fbdcccc4483d9518d571b02da47,1
3290,1321867140-73a5324c791c960c61f5d78517c64450,1
3290,1321865940-8d694d0b0438b4490cda2792bf0ae670,1
3290,1322382780-4291ace3560d3a1a9a63ddec8abf31ed,0
3290,1323364200-ca8b868baa49fff9b5c47e005e6d5170,0
3290,1326066720-105a2396ca87cab43af6efb460a84dd8,0
3290,1322902080-d0a47a0b5460dc64ba172651c8c06bda,0
3290,1326090060-8e4c71b8d46e843e0a91fc623f0f1505,0
3290,1322702880-236ad15e8137c0f9157a73fff023882d,0
3290,1323479400-f743c14310aa39226604ab9a47e627d8,0
3290,1323726060-7312ce38bb69422676a2465f3462058a,0
3290,1324033620-fcbfced87aac85335eb4e7c800da4f47,0
3290,1322001540-c50fdbccec312059859be02d9db1d628,0
3290,1323705000-cdde6d22ff007084c6447941636336ea,0
3290,1327541760-2c7e98f98d78985bdfab757261d0e06b,0
3290,1323371340-1b8c193c0352855866791cd4bbe18924,0
3290,1327616700-6249645ed1986b2dfab631d47d3e5133,0
3290,1327094340-218e291ab30b9ebd2f8cb271f88e6c9c,1
3290,1326265260-45c3dade96bca7672b0f7ddd450a0ea4,1
3290,1326262620-8d3d5a64549548fcea0167bb5fb27c27,1
3290,1326262620-97ad51c4d5beb2c41b81fdbd179b6416,1
3290,1321053300-051900dc92806a8c0d240ba07b976bef,1
3290,1322461860-6791f2e911c8e58f312efa456d3a216a,0
3290,1320870120-5380a6e2afb96e7f04a71eb0d18539b5,0
3290,1325420940-155312632253551d3234640b781db52f,0
3290,1325650080-8635aeb019962bc7eaf318ae68984ec3,0
3290,1326003180-80566c422a26bdd713169fc155e804c0,0
3290,1324425600-a6b86a6963f3eccce914cbab6dcb1cf2,1
3290,1326082740-7cdc08e165b802644f03d0647116876a,0
3357,1320979440-92249e9c5524df42d29273b329b1f6e9,1
3357,1321319460-0f6af9a72958048f304b4bcf90bc1ce2,1
3357,1322034420-1f162842569782e5c3f179af21f2eb9d,1
3357,1320423240-9e629dfcd4a0a95f52f6720de9844731,1
3357,1320768480-8ec64af92d2d3d5082eb2e2ad135517f,1
3357,1320821100-b8cb1a9118b6d51686ca9d3e3f1802c8,1
3357,1320616320-3b6fef895971f64e6112136d2fed0229,1
3357,1321481700-497df7c9613d94f84e0e84b3ee4c6600,0
3357,1320697320-f6142cef70871137e6031d51198564a6,1
3357,1322003400-264f180a00f85e7371eefe81cfbd9cd5,1
3357,1321506420-16f7a48cd3c9c108a6ecf9d762a5cde1,1
3357,1320557820-40553853aa3deda409015e08225252b7,1
3357,1321488420-b447cf614664508499db2722dde93d84,1
3357,1320332520-4d93b6d505b10df0a6d47f7a850034f8,1
3357,1321502820-3fa52dd0f9d029c8e4cb3e4b6b8f5603,1
3357,1321939080-802a910238447875366905e87bc7562b,1
3357,1322016180-2f80c31e959685a10ccec3187a6aa824,1
3357,1320621480-346e40bad4f68348be92b7fe00a3c6e1,1
3357,1321999800-3b7fa0612777a125fe5c57aa1200c075,1
3357,1320333600-310cbe6ee86ec94cb2a39d52776f6f9a,1
3357,1320799920-908bd9c8ae6ab84125acce859aa7d5b5,1
3357,1320824040-869f6b91b0363b6be67d03d763d8b4cb,1
3357,1323487020-ba4f2d10c74901579e1fe098e510d562,1
3357,1320619140-fa22858892272d3628926df99861941e,1
3357,1321991280-24c3147eb2e8c590eefe7ccb7dae0089,1
3357,1320625440-8c4fd46c6818ef5afd5bbb49b52e3023,1
3357,1320626460-07d5a32632086b08c6c35ddc430f30f3,1
3357,1320789420-ce03d6a83ed62a470fd41ad48bb31cce,1
3357,1320828900-52b0ce85c8c3a5cb3032929cae571799,1
3357,1320801420-b78e397a3d35c8905a1f8e58ac4177cd,1
3357,1320787080-57644a23640adcf5e531dfa15f54cf0a,1
3357,1320799440-a4128eed52419e1e6344d1ce8f888cd3,1
3357,1320827820-bee9f188636ad01562847e1fd603fb3b,1
3357,1320626280-060e77a9d31a7ea9260e035fe0d86d27,1
3357,1322008200-85f9d99950c838986ce8febd5cb85e02,1
3357,1321999620-119707bd96886212d1ffde8cde70668f,1
3357,1321855800-501f1854fde5296895a290805a0b865d,1
3357,1321858200-d444de89e9b74bc32dc23de43e386a5d,1
3357,1321908120-ddd112659eeb5e3d12e0b86e7d8ac23b,1
3357,1321898460-f0d6e004487d9a5e427e601e28ac0342,1
3357,1321934760-fc6e297fe60ecdf059361cb6f7e7e739,1
3357,1322005200-20d6f204449c15974fdc8d0a7a7aedbd,1
3357,1321414140-f008e11eb435949beb3f0b3f50346efc,1
3357,1321853460-4aa15ceab28ff66b210feba7a63533f0,1
3357,1321896660-b23ced49ad19b0c91f7ab9d974972298,1
3357,1321992660-f23aed816a679158e790ac4895d82544,1
3357,1321920780-77ff20be85928d1c17735d5ecfde84d3,1
3357,1321992540-89d1230a890cf835663f86ea2a1ffad4,1
3357,1321415400-7a00843025275911315d790c2745f3a4,1
3357,1320696300-d40801114a70678d979c577b77467c26,1
3357,1321997400-7d8b8a14ad43a33c4a09609b4696c48c,1
3357,1320936840-3374b7eebd1ab74aa38cb1c1f15f1939,1
3357,1320697380-739d179b988c2fe96b3156e5914aaf88,1
3357,1320695760-2fa9c2c4295b7455e399fe072e6cffa5,1
3357,1321994460-6092863f93d9603bfa7b0620631267d2,1
3357,1321997400-03bfc5d457edf6697765cf8c26d4e133,1
3357,1320699060-97e5c7bd48a072ae9329b924b51cee1f,1
3357,1320709320-4f29f16b9d8a3d30e9a95b86b3a6988f,1
3357,1320696180-af13ad1af19a7632eb8b8eb74d351387,1
3357,1320841020-4658a6e51de0ab8737b47fa35c40a98b,1
3357,1322033400-92cfb83490dbd6078be23303ceaa89de,1
3357,1320708360-1151ad685b658657497069160e6a904a,1
3357,1320700320-59abffc94af8e1e641023ab49a6e67b7,1
3357,1320708240-dc4a4a0315d337466358f79b21ad6199,1
3357,1320725580-14a438d19a705f764d7caa7c7ce63946,1
3357,1320695040-8509e88a1635979a51a1562bd1b4f2a6,1
3357,1322085180-cf4335173957df3a875cd2b17a59bb8e,1
3357,1320719160-52480ea7317e41b330cb7aa902e12df0,1
3357,1320714300-cae0259aa3dca6c184955a627dd3e86b,1
3357,1320696000-28b11d41540c7026501a4a41ce21dbb9,1
3357,1320896220-23d48a1b5391b0c6e152a9b2f9aac270,1
3357,1320709440-cce168f0bc0887fb3c6c47c3de021dbd,1
3357,1322113320-2e4aba48735b39538ebd981acf9abb2a,1
3357,1320714780-14eb2f79e80ecb730061334fd8ca1c8f,1
3357,1321823160-a7c3ed036c3f167e678f5fad857aeb8e,0
3357,1320671940-3510521983391d0304e2bd578d3e8784,1
3357,1320862020-686dbab064087ef2fb3534befcb62ec3,1
3357,1321580520-8b4a464f44b41bb82f49274bd64966d1,1
3357,1321550160-68cf0bfc0e97f8b2eb762a8308569133,1
3357,1320862020-ccfbfe2bd43c4ef925ef1983d7d76688,1
3357,1320583080-4861a2593a3834e17415efe775f2ce4b,1
3357,1321205520-7aa3729a548fe552aea86dc55ca8d878,1
3357,1321573500-5723ebfb4841e7160c2ad4c2a79be405,1
3357,1320708300-07753ad10f72738b31b36880e258eb09,1
3357,1321249980-694fce7a16f5cdd3a1177fbea5f3b43c,1
3357,1320552780-5368987cbb0fcd250973689009657363,1
3357,1321354980-60ee895933b3a6f612cb6833bf4e5d65,1
3357,1321481400-34f59d6bd8b00d6c64cb5b8704403b38,1
3357,1321565400-00fd9dc48479cb83270db13421fb0a3d,1
3357,1321481400-f000a680ce40aacc04c2370a8054c16c,1
3357,1320799440-39fe6562cab98f975fe3f06a75a0349d,1
3357,1321667820-ff33e879a9d18349e6e9a961502adf05,1
3357,1320638280-b5577afc7dbb3ffcd3aeccbc5cfa7290,1
3357,1322870400-a8c2d9e0eb91f7066d23868a2a662e0b,1
3357,1320698220-f39d09badb1f5df32a90e7dd57912e67,1
3357,1321219740-03a67f83d1156d4f5517821e8ebcb94f,1
3357,1324392060-13361b405cde390b388251a6c9585a7c,1
3357,1320564000-35de776dcd06a90bc162d43eb22a831e,1
3357,1320799440-fa10fd10b56ffd505c5013ae049de6ff,1
3357,1321691700-36bc4363970cf463c2508baefd78772b,1
3357,1320345300-0f4e7c24611b9f3a525bd1d295ee5ffe,1
3357,1320561600-699cd0699b41c20abb71bc80dc5e5c93,1
3357,1320545460-67c2b31870ce654fe49bb54e37f16569,1
3357,1320548940-5d63c845fa29c2d75396fc303d3ef507,1
3357,1321205760-170e80a0bc4ec6009b7c641fc282c7ae,1
3357,1320617460-732507fe229ba424ddb365d8950639b6,1
3357,1320433500-585756d84d60186ebd83c53be6fd65a5,1
3357,1320545820-34685248fc83909b0dbcba00855802d9,1
3357,1321307220-26d5f84362549193603531fb4a768e02,1
3357,1321317660-886634010f1c4072ec860d6be25fb8b8,1
3357,1322027400-9c4469519aace232935e104544a0ba43,1
3357,1320699240-9477093773b9d648607feddf0622a45e,1
3357,1321598400-f02135a39140e852f2600f9ad5a09997,1
3357,1322099340-125846c4f94059c200643a4329d459b9,1
3357,1320433500-821974d469bf172a8c93d787d37fdcbc,1
3357,1320576600-91fa5ed2c72dc2fa223807478c24182b,1
3357,1321249980-3ba21839b098212303685985297a9ac3,1
3357,1320599460-8c36ef476702b823f0001555088b3cbb,1
3357,1321230840-bf0e908b2b03218fe6858d3df257c672,1
3357,1320583440-fc44f9bb65aa2bb140012028ae09ad6a,1
3357,1320553740-4ac29ee5fc7be20833df0a7d619cb956,1
3357,1321205400-647eac60e4a94085c137aa5cce2296de,1
3357,1321516080-2cfb8d5b45e31beb08b9b6e8bdbb7973,1
3357,1322084460-800f017791228f8bfc018f95550bda9b,1
3357,1320433260-2422ee3589ac91124b362b8e8275eb01,1
3357,1321219380-a80e35accb8014681a3939ef2d247872,1
3357,1320576600-5ade473e30eaa67b35f54790ee574ff5,1
3357,1320799380-38308ec8c2ca5601208a6d0d393b575c,1
3357,1321205460-d9b361b91fd879408639e992c112e414,1
3357,1321220220-525404cfb02c7c6c23c7eb6d19a3dc8a,1
3357,1321157400-987813c8fab7893cc4f4686d07f54842,1
3357,1320810240-37780f0cd3f532e7207b66e0667f6f1f,1
3357,1320785760-47c592da5369eeb3d1cd1ec906850807,1
3357,1321252200-afbbba99da84f12bad7652917b34d676,1
3357,1320563220-8515d5d2eca1c615963d2c103f411baf,1
3357,1320655020-9c7cc96d6553a882aa573b7a859875be,1
3357,1320576600-66a5f76f3f59593e34ab671de046a3cb,1
3357,1320437280-b7f37f07695e68d250422b90d66eb972,1
3357,1320884640-281ce4c0becaf2452934ccc673f03568,1
3357,1320791160-a606e4a559e4c709006d960a3cf68aa9,1
3357,1320813180-61bba1d73160bf4a9ad7e5e9fa93ccb0,1
3357,1321494420-6622ee56bd1b3fb5a5c6b929cc1e9e9f,1
3357,1320886080-15468b2a967601ffe0dcc20639f3df2f,1
3357,1320715680-081769c4746ddde76355a88348698310,1
3357,1320737220-f313307aeaf00f05cb04557771c90127,1
3357,1320454740-1197f3f4db02b1ebd1b4e722d75d278a,1
3357,1320433500-15e567d06d9787fa6f949d32968d2e2e,1
3357,1320433500-4d84a16a3821f1b52e32c4a5b7d62579,1
3357,1321212660-20705dde1fa8687320b5e490fb4db8bb,1
3357,1320799440-43496ae0a42453d4ec8619c8ab1fb73b,1
3357,1320754860-dbcd98ad632bf50b71a89f9df4b6cd27,1
3357,1321592820-cc13e73e41e7ce5032448aa90ccdff31,1
3357,1321304820-294b011bdcae621e04eb05ec181f2334,1
3357,1320460080-95bf8e8d338ea3240607ae486380dc8f,1
3357,1320787080-0683904a316431265d75ec438f84c26e,1
3357,1320793080-0eb1484b150e0526e8c02d6a647ec974,1
3357,1321660200-7d4e9e0906f8638437b2edbffcb0e912,1
3357,1321667820-456a3460b97f385b17ff99cd120b9b5d,1
3357,1320623340-2149c92e52b30ac651289bf7953d977a,1
3357,1321492380-a4029b85560eac43c01b6a53f1b70852,1
3357,1320433260-b6a0bc56f663e646b6bc40efa21a815b,1
3357,1321638060-bf48bc82194fba3eaf3ac1d362b74d49,1
3357,1320799440-09f367adbfcb4e83ef6ee00a1cefe9bc,1
3357,1320620160-408972306f4cd6fcb2c53f98813ad91c,1
3357,1321586940-fea8a77ad72431adf711e1b1b0dd7c5d,1
3357,1320895800-ac062112cfa3519b80007a5ca8ede496,1
3357,1320639600-a1203a2e2123dd99920af904871c15d0,1
3357,1321824000-4f9fa9cc28ecec744381c2103a8acc9a,1
3357,1320958200-ae1fe015238a1c8ab88968b2ef45a07d,1
3357,1321676400-1b3c675896c79120dd085e8911b566ac,1
3357,1320433080-3114afd8495cb1daf52faa73e6473b2a,1
3357,1321586940-28faffe4ce9a101173f71c2f0f062efc,1
3357,1321649820-2c213d43f4292a58a656b6c9948d8b5e,1
3357,1320447480-2997088f65e73f89550b4bf2af2f50cc,1
3357,1321564020-691e67e6efcc7319efda97774c65d13c,1
3357,1320438480-726976764c0d29bd47764fb90b8e3131,1
3357,1320695100-8de786be387252b647bc8c26ee116646,1
3357,1320896040-c9df6630eff6e65132fba77d137d7fa6,1
3357,1320556020-268310edc3b2990583f600d62acf5a56,1
3357,1320896040-adb6bd766a165902e12e5243faccb030,1
3357,1321467840-61c6000cdf97e94d0eb9337f5afa4d19,1
3357,1320352080-8ac11dc7a6c94044c9b12f09da390655,1
3357,1320712500-4331eaf361c9095b32e199ec862aa90d,1
3357,1321550340-3734dfd663cbeabebea9ac965096b4b3,1
3357,1320889020-09d5513509a0cecdad4cb94f52bca79f,1
3357,1321467660-492178f0a8bc8bd4c1a01593bb0d8e9f,1
3357,1320537300-2cb9a960050110f03dc9a1c2ae32db01,1
3357,1321492380-773b522f02434184cfb9b9c8d83a3132,1
3357,1321494240-b170111d6774191f5c818803d6d11195,1
3357,1321496640-849ac511a47e1d4cf7b8cef32fed6a0a,1
3357,1320799440-7758b824a9e228fc4443c4184371372a,1
3357,1320803160-069f9db6e6b41cb6afb21a5caf55aab9,1
3357,1321536060-6a530dceee1b0ae885bee4b59f1564b1,1
3357,1320772680-479346d4a703dabeafa71a560bbf5adc,1
3357,1320792120-99a2b9579af2770730e05bc0e171e9a9,1
3357,1320948420-0c381e05505a3ed039514597d885c08b,1
3357,1320119040-f55db7f9b8a9476ad56180a0806db9b8,1
3357,1320802260-de83717b5395d8dd9a034dc183c54b67,1
3357,1321533780-a38234e5bf7160572d087c41a2e02cea,1
3357,1321500180-954bbe0b6814070c2e6304f17cd3bdc0,1
3357,1320791160-3ab544d8682fbd5d79a8e59534a5c426,1
3357,1320815940-45d1cd1a4e78cd8d04fea6115299b74c,1
3357,1320433500-d9c79ceb04ee6853f5a34d7125b581dc,1
3357,1320799380-198989a92b0b21649a96d19d90890fc0,1
3357,1321051140-f9fc83155c735a2a0835e59d679763c8,1
3357,1321309560-6d21840f419d800169344e050f9202e8,1
3357,1321467360-8c65d4846898ab43687860c8aa23af60,1
3357,1321494360-da1db3d83630e93da78614289cec5645,1
3357,1321532880-93872d6f4ae1fbab84c5a443cfefa42c,1
3357,1321550340-a4eb7d9f3fdd1456f2d468ef07670f4b,1
3357,1321972920-f4ea09b5bdc91e743fed83a0392a4220,1
3357,1320854760-6a3d6ea9bfbf3ed6c93ecb1547d0d5b9,1
3357,1320576600-d436a699058bad2bfbf4b5891a30b4f6,1
3357,1321537380-087ee42746a72faf9842791a4508b37c,1
3357,1320427740-393d70f6afe8d9128bc497030ab37913,1
3357,1321495560-8f00dfe89ddf6f8c5c26cdbcdb873093,1
3357,1320793860-733f10fe1dff7c43e95a992badbd5191,1
3357,1320400800-1e491cad298563d2eead71fedaa83ce7,1
3357,1320796080-83689d87394341798e05ae5d6df58b9e,1
3357,1320945000-d5880ab9e19253348a908707326869b3,1
3357,1321378860-0a78a1a6bbe1b264c842fe6d3774bb40,1
3357,1320533700-d10cf754e7fb7f1d27a67a28525d97c1,1
3357,1320849720-6b4f7d30fd111724d634a2a6b03a5fb0,1
3357,1321547940-7b0bfa06d58cd6c358bf52b0491badb4,1
3357,1320845580-76972636738af635281b672c54be1816,1
3357,1321501500-a5d926725675a41a25e9b7a64bad4568,1
3357,1320885420-6aeac4c2b99501d9c90ed218f0a83afc,1
3357,1321497900-01dcafaffc87455df74d5301fb062654,1
3357,1321550880-1773cb201ec42a99a443602838d718eb,1
3357,1320895500-7cc7cb920776bdcc57a912d93531991d,1
3357,1323635940-3aa29001bba1ec1d9512f3f2edf2b7c8,1
3357,1320521760-2afa48806916005b223567760fd8a57d,1
3357,1324530840-22a6dc14fac6f1ea87931c84b57a1688,1
3357,1323482460-20a700f1951c4fb4c1afea82faab0e81,1
3357,1320687780-7f04aeaf2e8c09ffef656e79cb4e7560,1
3357,1320849720-d093f1899d9ef21b3abcc32c61ee2e42,1
3357,1322090460-a18948ced2af48cedeb589d74736a676,1
3357,1321051140-2916b1ad5f3f5326216175d83d08341f,1
3357,1320843960-120a0981693920a43de82aa03e8a7a06,1
3357,1321674300-46c59908bb045d4672681c39e99c869a,1
3357,1321748160-b55582ff8d9afda1849c3cd76517417a,1
3357,1321496880-f36b35969c1de635f6ee6419bd889d39,1
3357,1320576600-0830d97ca3776de4c950eda5270fbbdc,1
3357,1320712620-2a2c7a778a858b49b12df3c3544ab72d,1
3357,1320896580-55b14fa96654258de706a3ad4fdf4c89,1
3357,1321478400-7b3643bf1b799f40f6007130d533542f,1
3357,1320847740-6374e35d09d7417af1318b3b7afd89c0,1
3357,1320625860-6df09cb28e0601afc8634b17c4f04d08,1
3357,1320427740-2690cb61fdc8798f59df12f9dbd84e33,1
3357,1321913460-13eac84923fa84886f7aedec148c1674,1
3357,1320843900-68082fee93674c289cb4e02727fea12b,1
3357,1320984420-0d11273681b4269c4f35bab4c54f1ce4,1
3357,1320432900-c85512f04270f349e4aa51e72c2c8244,1
3357,1320453540-4586b6952115ae23700b02172aca1290,1
3357,1321460400-de5d7bfef9032b89fdfaf0e7ab8636bf,1
3357,1323478800-7bc0d7fad547afb431fc9de4e9d57c65,0
3357,1321641540-462c1589adfa5ff538a4f767c2e8c2ae,1
3357,1320783660-1977db13a8be201f54f90e9c2948db95,1
3357,1320127620-53dd4ddc0d81899244524cb97bdfbfe6,1
3357,1321391940-f07f63f459d74356a1119043fd2a0cf6,1
3357,1321072020-125e3bfddd7d74ec5b44b688690ef7a9,1
3357,1321336080-ccdf0a039de1bfc5ccddb9efaa17736b,1
3357,1321817340-73d556d5467288f62c0a96491d730073,1
3357,1322871960-bf23e3322a980696916923a42c9b9707,1
3357,1321834200-1e347f711c389b4a4475d5e8af075cd6,1
3357,1320738600-339a360c58a26e4329cb828d02527572,1
3357,1320730620-ca707c0a630dee918d6a2e2d7648946a,1
3357,1320882840-8887df4c9fde41fd245df00f99fbbbd7,1
3357,1320882840-ad0e958d31ede6179d471935d90af44a,1
3357,1321795800-2c7740dfe851c182547e52b02da15e24,1
3357,1320221280-42cb0d75ec5667424663a21e46905d42,1
3357,1321200300-f4ea66998b17e8dbc5212bafed4f5021,1
3357,1321937400-1244496edd4c2355fd264b5be839a49e,1
3357,1322271480-9f567792991a4e490d790b9b778c383e,1
3357,1322146500-5e3e4bc567956ef143b456c3ba60e0d0,1
3357,1321906740-5f905b53fc31cb4a1f4bfc385fbcfa9b,1
3357,1321481400-2470aef1f0d5fd131a2e4da7e8b19dc8,1
3357,1320878940-221df4d919f9af35f7416602e4c8ab2d,1
3357,1321934040-de4d33a6de26befd9d766faa6070dd82,1
3357,1321481400-0792156441a46cf88372cbeb9952f15b,1
3357,1320436440-9ce8acf0cfe517c44fcaee2e1eab644f,1
3357,1320903840-2e27344b3de10d411e209698227454aa,1
3357,1320433500-d2228327c1d26d810fa5d2f6aedb8640,1
3357,1321537380-73222531544db496420db937eb0dfbb2,1
3357,1321820040-91aa00889dd951c657f1a0045c83c1d1,1
3357,1321903980-a6d2d160c96f7ef801b2d5082e832862,1
3357,1323787440-a924c5e1fb8488683e7f3c4d0d428430,1
3357,1321827480-5d698c410df514d433e7f67d4d734fea,1
3357,1322117400-8489f64d5a6f6406bfb711194d6817c3,1
3357,1320171840-07f72860a74b765709279539ad4f938b,1
3357,1320450900-af43819aa0f9cf9bb422b9d633f6bf6f,1
3357,1321604580-de7b9c2be78ec5644b7c13b2abfedf90,1
3357,1322090460-d4037320ed12c910bc2779fcbabc0529,1
3357,1321536060-53be41f2eb918f4cd0eca03272bc32be,1
3357,1320232200-64273b2a603f5065a2e10d5950d75c55,1
3357,1321535700-bee3c8fdb50c72229989382845419cc8,1
3357,1323760800-4b3c9fa82a2b26c6656cbe871e4bd908,1
3357,1320625500-a78edd7a03d536585d4f9fa0a16e377b,1
3357,1321437180-f5ab0e0e972ca39ec5307f21cfdc8250,1
3357,1321516380-41762a793a60967640dfd82aadd2fbc7,1
3357,1320214260-2a118c7a644d805d25a06f1fe7cb0ca2,1
3357,1320980580-1f999597a6012a4aa75e9e75e93b1340,0
3357,1321875480-a0b96a9d4d37106fe75592b9c42775af,1
3357,1321867200-4bca71eab5173f07283f5670077dd906,1
3357,1320737160-16cfd9a1c3a059c72275223036f78fb9,1
3357,1321036620-444bef8b0e4ccfdedf9a0498fe516ea3,1
3357,1321471200-c22496d2d5a5b1ca9fc6414ee19ebfe2,1
3357,1322900340-2a9b2dd6b892880f5c9f3f8498f6b21e,1
3357,1322696580-471d96e4e21b60821bc3fce1353f6248,1
3357,1322710740-342fb0cc5781facabc00b45523c44846,1
3357,1321632480-3977137b69d92e3ff944c8406eb4871f,1
3357,1320898080-b5230038a525b474ca8695b8c78acac4,1
3357,1322010900-516f5bb8c56f7fb5e0a955aedf128286,1
3357,1320722700-38192138cf4f5ee90fb6abd3a73cfe27,1
3357,1320799440-dbe255c6bd8dad17fdc35af0f91faf0b,1
3357,1320862020-f3249d16380284a9173417b0e2077afc,1
3357,1322696640-b1d370fe8ffe05dc7e8ed4a07554fb45,1
3357,1321433700-18cf079a83ca8087c89f66178d68ded3,0
3357,1321666080-366e1291fc6698a4bde9495faa728df1,1
3357,1321856580-33d563e6efff682d700351bb2f311aaa,1
3357,1321494720-f3481f54dfbfef7348b74e4bdc6a82ad,1
3357,1320597960-baf59ed672904ef9512ef35c83756f08,1
3357,1321661400-dba136e7e5675da213ee80eaa580ee6c,1
3357,1321661400-b84ed76fe0b73156f91ef49cfd66baf0,1
3357,1321667400-700a4840ad826252a6e4ca20b2855837,1
3357,1321227180-50e7028abdc8ed29629775b80268368e,1
3357,1320787860-49006a3db93bacedb3d84b21be978037,0
3357,1320617460-43c6df18ba87149f642d9eac3b356393,1
3357,1322023380-113ca2cad38538c40aa423e41722377e,1
3357,1321724640-215b041fc927c142882fbe28c30640aa,1
3357,1321947840-3b07b44d633b9214ea31950047da88d6,1
3357,1323696000-b194e34f352e3e22ffe1807e96456d92,1
3357,1320943320-b00434125b5b923dc74059349258b3b2,1
3357,1320421440-99bff03b673f9a84d3edcc49bc03c864,1
3357,1320824820-812282f5d227e82dfb76901f899ae32a,1
3357,1321667400-1ef4804a3ded8a19214fd72234722f57,1
3357,1321886640-b800b4af1118f1335e52719d7de9b9b4,1
3357,1320710160-cab4dee5a2de6476d41658ab430cdbb5,0
3357,1323471000-b9716ad8ac2c413db87c73a9ce74ded7,1
3357,1320829860-71561264f534c716d147b90f32a13db3,1
3357,1321909200-6b14218ebee84bc05ed5cbe0394ef081,1
3357,1322022180-269af1a3953ce8a5d29f04327d882974,1
3357,1320799440-837fe40967f188569cfb285800ceaf63,1
3357,1320738600-86670a354fbb5d728a9a08a0bf53afd5,1
3357,1321668540-a8d92faee02689dde270ca2f848eab24,1
3357,1322339760-27c640788f899896a9fdb4f1e0484d97,1
3357,1321516380-433740ea5a84b5f507017db65b7c07eb,1
3357,1320132840-6f4a983d5b7b5c8a263216bb5f7812e0,1
3357,1321324740-1087f62d88af46594375e1659c12f1dd,1
3357,1321666440-5895093425945e50d5eb995a4ae02628,1
3357,1322220480-c6270b011e1ba62364dedc7163a8cbc3,1
3357,1321105560-6e4a92ca5681586423c22c24006abe82,1
3357,1320893940-6c3ae4fe98d0903f453ab536c95dcd6e,1
3357,1320214260-1c67509a7d53255d7011346eb0c7ffef,0
3357,1322873400-dc0f5adf363c0e281e708db457174788,1
3357,1320936840-653e682a800f180cc25a6c33b7afb9ed,1
3357,1321824720-6b5cf72902bb8a2606dffe16c166949b,1
3357,1321915200-6b9ea6a71d08c099af0f6f5c0beab4c5,1
3357,1322021400-4ee2cdddd965d4552ff913d29c2bc359,1
3357,1321257360-145daf45e2f1d157372bbcf3575d3a18,1
3357,1321886400-c81ce6f8958fc897bf847fe4cc82941a,1
3357,1321735260-2317a46f345a6425f0eebf7225dcff11,1
3357,1320738600-39ecdee831151af961c28ec5fa4ecdce,1
3357,1320927180-1f601379352af0505cfc82a137fb68b9,0
3357,1321506360-c04c87384ab5bb15ed99dc59b2fffbd3,1
3357,1320791400-f4b9abd94c2a15e8549647b232261428,1
3357,1321968780-8b20e7f64469ccca59fb75eaf989bbb7,1
3357,1322680080-a90ba69558091f339a758427da67ddf6,0
3357,1320629160-8447a132bdfab2901ed4ced7d2708788,1
3357,1320636360-6410030744ac6b708ccd13caac5f4203,1
3357,1321867380-5c6d123e1f6fd773afe7c253d03788e3,1
3357,1320547560-a636a5f19cbce07637374f627406e533,1
3357,1321735560-0eb1d13430a9ec69b429820c9a03167c,1
3357,1321419300-1b7a81e54413eb108e81b63336f72d34,1
3357,1321093020-01b43ab8d8889375851328f4b767d47d,1
3357,1320823860-85cbdfe6ea7712f5e2da032ff1b9c4af,1
3357,1321735200-1e177258705b344f4c64a4a484e82d8b,1
3357,1321753680-6ad1cfcef7109e35a448c524a296aa33,1
3357,1322627160-88e572445e8cf0080cb0768ad29a3c8f,1
3357,1321904700-9e17966474439c7b66ec4046bba745a3,1
3357,1321763940-ae6817fb73eff1851cec33fb1f893ba5,1
3357,1320775620-b063b808cdfdd2579a8565331008e081,1
3357,1320769980-f24aca9aa2049c8066eac1ee422e5046,0
3357,1321849260-d6a018818b1a7b8c6487b40445345e82,1
3357,1321774860-2ddc8b6487667cb881c409d3adf83ef6,1
3357,1320798540-571f9cb2b85fb9ceb75f6cb3bf9731bf,1
3357,1320766920-433345ad32e22be4b08d9a6c53f87e04,1
3357,1323707460-dec5e35a4dd1e4f71eb983afff8c7ff6,1
3357,1322590380-555a5eee282cc396e0a03e913044a881,1
3357,1320799380-1d172c16bfb01fb5194ce56b60b1ca08,1
3357,1323472380-2654ff09795a809670488f6d05f38558,0
3357,1321886400-9fe31e888cc75ecabfa7cdb61fd8600a,1
3357,1321823340-3d2338c9c01c4a19fe242d08b945bb6a,1
3357,1320789540-3ad12fca60399ad31ebbd9b61fd7b7f0,1
3357,1322270400-4b9fac9da66431e189f341e12e262310,1
3357,1323813540-873ac78d2f5813feb939b97a7fb2fdcc,0
3357,1320922080-d073ca9e4623f08dfefefadbd1634ea6,1
3357,1321501560-4098adf00a43af21b655538a1d45a61b,1
3357,1320820860-1e628ac1067b1663adaa07e811dfcdec,1
3357,1321342320-c0ace76a3611ba3366ffafd49f4d2fe6,1
3357,1320892620-c3eae20f58c86cbdd6d42368ecdcef3b,1
3357,1320988320-01bd67bd828c20b0ed28802f62a876fe,1
3357,1322013060-918853d3ec7269353689a55ba12dae53,1
3357,1321661340-dccaa8921deaea9b6e395c6be1df193b,1
3357,1321558860-958a52a9646e9e9605d53371c8e7e473,1
3357,1320842280-2c922270c5ebfdbb26d4b7b82cc6cf19,1
3357,1320880200-b2224ed0e43023481ed5e31a9e31ab87,1
3357,1321707840-3495623713551253c0fbede87d61502b,1
3357,1321663080-867789f710c9fc063d5348dbae2d8885,1
3357,1320620100-12c720837237f359c0c3f457a966c097,1
3357,1320529560-2ba9f03ea8b9135cf37f5cbcc662bd05,1
3357,1321663080-0e999c09dd46646cf85aa08c0c30dd67,1
3357,1322001840-0fe99ea3cc3fef285e57cd1e6d44dd0e,1
3357,1321523820-af101c09965cf12ba11adcf241503b66,1
3357,1321651080-72f7bed81dd7298e8a52dc95e189e2b4,1
3357,1321252200-8cacfcce03b01338c8ae0c560b6f6709,1
3357,1321799280-ff067bbcfabb36a07b47a5f1b69d4323,1
3357,1320567360-28f961b932a0913e27fd83d56bce2965,1
3357,1322046420-440a3bb85890ae7a429a34a97492d729,0
3357,1323211440-c6a74dbfaba63568051d3181ecd96a3e,0
3357,1320766920-571a0864f7b09e3c6cabccf7e3ea7204,1
3357,1321904700-4f974d1dcdd994c8536c1d40756dba67,1
3357,1320453480-0f885271fa133a8375696b183e8b2d14,1
3357,1321892640-00a1f69b73d3bc1a9dba6af83d8c88d8,1
3357,1321875480-0e7f49eb093dbdfacf873aa4d01e4477,1
3357,1322262120-a02bdd42697d7cf3b3d78b86920dd1f6,1
3357,1320455160-6e3c322078819a69e5c36e25038b619b,1
3357,1323238200-203ac2470c43f587d53fac269e59e72e,0
3357,1321808400-522a4a79f06d4184f5f788f8c2d113d8,0
3357,1320453420-f11225786543528fbe1bc115ad9ebeab,1
3357,1322085180-b824390aa594ed87f975638bde259348,1
3357,1320879360-8240c82e77fbf5cf6e441c7155bd8765,1
3357,1320436200-cfa430db258c8e7b705c1f379f687e43,1
3357,1320881520-ae91328e7a2824f1a4359993cf94e3c7,1
3357,1320947400-5d591f7af2b04b144fd28882383aafbc,1
3357,1321319220-d4b1b2a4cfd97051c0a869b0797a87a3,1
3357,1320816000-a20abdd403c236669cb3b112534ee934,1
3357,1321978920-99cd599dacdcf220be96037d1982a78d,1
3357,1321273500-b75529cfca3a106d238387cfe392543b,0
3357,1320525420-91a3747e6193e694c33da29b456b7501,1
3357,1320453060-c3ae85c09692296b6a6c0c1eb6eed406,1
3357,1320834780-56dbc325df26813eb5e659d0ef488ebb,1
3357,1321664520-81523a0d38d873b8c377d49395099ae8,1
3357,1320900840-2519788b2d150e96e99246bceaf25a9d,1
3357,1320849720-285c76ecc505d29067bd057284362b86,1
3357,1321640280-9e70f49717451a0459b265ea52a30a1a,1
3357,1321698840-250f18bf42678355c5cad155029e104d,1
3357,1321640400-005717b062b3d602f11d1d5e42de1f9f,1
3357,1321981680-c7165b479ca45c8595a27d7edcd28189,1
3357,1321664580-59dcec2263efbcdce2c1190cde53bf4e,1
3357,1321980420-4742f6d9460e17111b09a26b0e8f5374,1
3357,1321959900-512ea56e708ac64048654d621d577890,1
3357,1321968180-9238d8dc1ed3794198183012833755f8,1
3357,1321968660-2a1b2115c86e9e739735b7e5e5c4eb6e,1
3357,1322046420-a278e42729ce85cdaf7167a8b00ea68e,1
3357,1321640460-5886c7c3428f6565c52b97805e20380a,1
3357,1321651320-742bb3526952cf5f8a6756343ac1812f,1
3357,1321662300-6e369ba1e497c970e5b5b87ddbbdfaf8,1
3357,1321639980-ae624848862a2497e288b962a879bd11,1
3357,1321652580-b0ddd81f16682a79696d04190efc8aab,1
3357,1321959600-3d0a69ef2521b8220bb3a5909357c3cd,1
3357,1326400560-3d96a8ead6299886e87d7521c352526e,0
3357,1320690600-377808ec29ceaf9c9200fa356bf49863,1
3357,1320693660-02b0cb6a992263ca257740a544ccb668,1
3357,1321981380-f16f0e59a9851abc4bb1733976bade71,0
3357,1321562580-4eb297166d4b40ab5a7091668000cbb6,1
3357,1321873980-3abbb4374bb3ab2a78fcd82ccda5c9be,1
3357,1323241740-12b5e9353bbc82f3d12315fc95002989,1
3357,1320898260-47d73030a5af19a95934b5d45a9d2ba8,1
3357,1320358560-40f30f9c2afa6b0a3ccb6ef0b1d6a1ce,1
3357,1320352260-22ea37d4f461704cff315e66ba67fe23,1
3357,1321931760-fbe0babe171ecb0494e90c11e0b8bbd7,1
3357,1321095720-64110d5d4ff12878bb06a98c9c0a8288,1
3357,1321274460-c65a895d4236e255469234c66a9c3797,0
3357,1320443280-739a649a2fe62ac394a258a1812fbf21,0
3357,1321617480-3f652562fd1a490339dd2f1352d572d1,1
3357,1321641480-a4e6e7a8f2d420021672df85822c2158,1
3357,1321934760-a96c54e41c178f439b38a3b60443b89a,1
3357,1320576600-5f57d461350678c485ad2b5018ca1563,1
3357,1322256840-b35a037c1dd7f3346fae8e9465ffe7ba,0
3357,1322161860-2f7d108afce631768af0eae62d500e01,1
3357,1321028700-3c3b762ef850975365887e2c3710416c,0
3357,1322129400-1d819fea3093c165f05242ba982d2525,1
3357,1321894140-dfd2810cce95cc4eba96efcc88c6b470,1
3357,1321704900-b29f5d6a8e604b0238306088e2c1b69c,1
3357,1320918240-25704d306f357b82eb17f04a770fe76b,0
3357,1322238660-1883ab5170c35841fb8383d1d835d726,1
3357,1322219280-c70310e5952d6a5be243233cd44f04da,1
3357,1322270280-33b44ed53456d92dc399a6e621be24dc,0
3357,1322018400-8df1646de83ec886c48351be4a93b953,1
3357,1321542240-a08ab1fcdd52333620faa6b369fc6eb1,1
3357,1322153760-d86b61a37ba5831edd7fa283fb53d467,0
3357,1320829920-1893295845be58db036789125584cd98,1
3357,1320842220-b6d998810c5bd1deda9f507e8ff3a7b7,1
3357,1325346360-c9b11ebbaeb7794f9bffd7bb208d4ff4,0
3357,1328044560-549ba09a34e646c6ae7b519b312231ee,0
3357,1323698280-7b666e15834e383f0c7f36680d909cb5,0
3357,1321347840-c80dfbfc4ad64e48fbfe074f702a8b5a,0
3357,1320412140-7718d9f6dca44b1b3c4ffa5faa38dc66,1
3357,1320904380-3498c8724a431696bdbc5178a347b62a,1
3357,1321720920-9d138903934f7d4807bdf35fa37eb0c8,1
3357,1320214260-5f1ecefa7c14fa2a4ff001211db95ae3,0
3357,1321897500-6efe26396fe870a24dfc1ebb9054b3ee,1
3357,1322231640-260a46c3d016cebb7626947bbdf31969,1
3357,1322242200-58ea818cea63e0e30a552f1e3d8bd3a7,1
3357,1322344860-884207d5b6f38b99c94b2cb1ed6be177,1
3357,1322237160-67170789c36262bc4be3fcef9f1cb514,1
3357,1325591520-d86d499288a35bdfec5c1d5282ed5e27,0
3357,1321992000-4e55eed4c847743ee32b08fd7a7d4c4f,1
3357,1322255580-fc4c6296d6cb2729a0b0166b69828876,1
3357,1322242260-df0893ee0e2445997427c2aa5c7df0a8,1
3357,1322255400-2cf796d28ea78dc4603e1b41f25baee1,1
3357,1322242560-957a5344fec676b17cbdfba236b00966,1
3357,1322240400-2c4f5a1be8a313b53b6b827a3739c4fa,1
3357,1322231400-c23ab38875d087b98bfe18c2357be458,1
3357,1322142540-2bd047efd2bf07e8b70b5f619988ad37,0
3357,1321249980-77e7bc997a7d031a5c0194cecf40a139,0
3357,1322505300-a3520db09508c934fb1fd53c3b82eb41,1
3357,1321772580-8b8c81a2dfdde362243a079cb6d8ebb6,0
3357,1326775980-be2aee18b358056b20197d2cdbe634a3,1
3357,1322164800-3177e73a658a0274309dca2908bef85e,1
3357,1322685600-9f6cd6903ba0243fc0b929238bb50b6f,1
3357,1322206980-a8660fcb53a8d4a6aefbcca22fc288fe,1
3357,1322018220-44e47e128371f1c2b8412ddb09893df6,1
3357,1320431460-788be7fd389e39f5efbad3e2d9251848,1
3357,1322732640-fd4495a6cb7fa6143438052862b49083,1
3357,1322787480-5b2899e5e9080448af65b5031e6bef5d,1
3357,1322082600-6e888c6cacdc3d0012c53989f0243971,1
3357,1320861300-6b4b9c7e0efe557895c8112744e547c4,1
3357,1320797820-630d36625c4306db0bcc07df9d8d7ccf,1
3357,1322505300-1ef3705bb067c4b47f16e4aee70b9b13,1
3357,1321903200-0aa3d8127589c3e38f7020486525b2d6,1
3357,1321568700-859c043da745f978dfa0393c3fefb477,1
3357,1322190540-4f7873fa487a22a7be377073e39a164a,1
3357,1320788820-4b0c40ab8294b9aa2b819ac4cdfdad3d,1
3357,1322249400-1837025ffa3d2b058be54d261a4b5ca5,1
3357,1320872580-87d91579d816f395394fef21672f7242,1
3357,1320423420-2a164e56b71f05213265ce1a9e6f3d38,1
3357,1322680920-2b4f4dff55dcb4cf7644b78af2c198f2,1
3357,1322093880-8479e1c8005bce9641cd38151e7cbb96,0
3357,1321284660-da49142ff30f82d6fd9b5412a99c3b58,0
3357,1322135940-955f703fbe81b092fb66ddfae2228861,1
3357,1326113520-268476d9d97ba77c2db2805c0b99f536,0
3357,1321951140-40d7eb6cbe3653eb13c4ae7c1bf43065,0
3357,1321114260-78e745e3525e05c285177fec3130615d,0
3357,1320918240-8c47a643ca6ab2b039f6a271ed2fa708,0
3357,1321795800-d83d60b9c0885ad24c193fec8cf5ae60,0
3357,1320990900-114865fe2ca1098d3e00d8084eb18cc2,0
3357,1324175520-ab84eb92a753b4f7d83d61c78f6c6cf4,0
3357,1321800300-76b3ec4bd2f32f108569513683bcb6df,0
3357,1322233380-11c9ee94d1d42d7bea92b716de433328,0
3357,1320423240-d78bc5635e7acfe7257dadc85709a751,1
3357,1321372440-360a8318393f76d29b97bdf9672b7536,1
3357,1320803700-bd7ac7bfcff178e7c9748dbcbe0a4019,0
3357,1321161720-9e5b5021a54f2e3c6e23fdc267268869,0
3357,1320816720-320dd7283208bcbf15975ed958a42057,1
3357,1320937200-f1467228aa99efd094f1d883bf324906,0
3357,1321415940-4afe48e482c70dde91e29246adea7f90,0
3357,1322330460-8b7a9fe124799d1bcd27515661405224,0
3357,1322327700-1687f40e53f93eaff1c04fb450183c64,0
3357,1321440360-abca788d9068667805e8d3aa8dfe11ed,1
3357,1320137040-64523c121e06162f54ae4dccc78b236a,0
3357,1321507380-93e6191d6d7694dd246e734679ac3719,1
3357,1323727680-80b983f6f133417ee1c3182d5bbb486e,0
3357,1322875740-6843b10fa002460dfdb0706a9caa587a,0
3357,1327775760-a9834d8aead5814b12e154c3e4c1e932,0
3357,1322666760-9c66368d5e32cb6031f162d5565bbaea,0
3357,1320769620-1229036fe09e4399fcd63c98932010f5,1
3357,1320754980-1305f5752c46b2d1130bccda2e63544d,1
3357,1322051880-7cae42ad9f52f8b3c004cb8fb2e02579,0
3357,1321492560-b235cf09d78d16967ddf4b796be57e72,1
3357,1321506660-97cad152b6a585b607f9832848b947e5,1
3357,1321860780-22c4ef1a3eb738c682b3c63213adf89e,0
3357,1321455300-a747ac8b26cbafaf85f5b4d40f4fcba8,0
3357,1323475980-3f5e322c4b198625711c866089fab249,0
3357,1321907160-a8710ef1b11eee2172e037ccd4720977,0
3357,1321976520-a81c47b11fd8cba737ad728843570623,1
3357,1322313840-fa2d10c218f21459928fb446aceb1bf9,0
3357,1324569780-be56e7b7b3f9e47cdb96bc024d4a61e5,0
3357,1320862200-3e691de7e5a76fe95ead0c4b2419b1bc,1
3357,1320799440-017bd50235d75e97ef19173faf71bae3,0
3357,1320941580-1da2fef12d084b9cadc01fefa800f429,1
3357,1322313840-23cdef93a961acd37528015ec903f77a,1
3357,1320620520-26da2a328a83091b07f6073d1f79087f,1
3357,1320620040-3826c517b6c428f3c6a9b81c864b36f6,1
3357,1320214260-96cbf4d55ab1fe4d42429df570a4f2ba,1
3357,1321406580-4bfd32ebcff2b7ada0187783fcc0d676,0
3357,1322778180-632786a7601c33c1ef07d05d0023b6fe,0
3357,1322001600-3cd5a54940c89adaed00074e74c2d179,1
3357,1321930380-abb55b32496be446515b9b0f5ed10e5c,1
3357,1321247520-94a2ca5de3bc2dbbd85010491e69720b,0
3357,1322891400-6e65319f5ab0f6ff43d6f33432a73489,1
3357,1320337380-19481817c0c968cea39fca4ead5f76fd,0
3357,1321950780-2ce9ddb354cb9157381a4fad579e8dce,0
3357,1321986540-d7bb5e49cc66577aa6b1ba9f3cc4b7ea,1
3357,1321660620-3cd42aede639ce58248aca5fe024e6c7,0
3357,1321497780-a1af6b9d55be9e4201c3faca591b9f7d,0
3357,1322263800-a5008ea2896d1260984d273b87a90452,1
3357,1320441180-b30204cdf2878bf182f37124f45981e5,1
3357,1323481740-b50b1eb1ce615e2bbbf75765598c9d74,0
3357,1322231640-f3009672c5bd81948b49457c1f683a41,1
3357,1322231640-5cd2e776fccf8a829fa04a869de9427c,1
3357,1321398840-14044fbf550677cb36d020af0db207d6,0
3357,1321051260-f4539b0081caa8fe443d0ef20ab7b64b,0
3357,1322004900-93f72ccaccd7216c9c8c4b40866aa37b,0
3357,1322005080-bf4a219cdee186978aa06476ecc74b40,0
3357,1321551600-7c078128edb5e08def321edf943b4a11,1
3357,1320959100-d32a2f51518b1025a28361586e094d4d,0
3357,1322369880-d38e08f4d74f457bb660774b0f6aa307,0
3357,1320423900-7ca80502ab1bce35ed49ac45aa2521d1,1
3357,1323442860-7000e765dc2cdc146ec90de8de709f1e,0
3357,1325206500-ba38abf5ef6add78a584079fe680029a,0
3357,1320781140-2adee84e4efa901e62837d5f5389e86f,0
3357,1325518500-3e3d4be33ecc54af6e8261cf9dae8e31,0
3357,1322097480-de2cd5c9a1bab17e29542ae5d2c22815,1
3357,1322070660-d5d76684ca3c483c7443a250ef99a09e,1
3357,1322095440-9ada05e41036890ee6b4c78448f495ea,1
3357,1321820580-3affe8637055654050d10b9f25ce0402,0
3357,1321309380-9446b3b58a51a063d36404f504a30b54,0
3357,1321664460-b7490f0b3a9b73fb06847781fae869f8,0
3357,1320444660-147df9a527af3823523a314455cd30d6,0
3357,1322081280-70ac03c026268e0173097e7378cc73a0,0
3357,1321283100-91e1f36a5e57a2c94ad4e8a6130d34cd,0
3357,1321394520-1c65237951bcf5c1980c6bca9e371074,0
3357,1322333400-6e47403574d5c2f0eceea1b9f5a59afb,1
3357,1322333400-d8ffd52f2e112e30474931589de5c716,1
3357,1322438040-f1db48dfc3e78fe6747d159bbbad46e6,0
3357,1321780980-c80ad38780384a290666f23fcebad71d,0
3357,1321043280-d3297e217e9f2552dd58bd50926d98fa,0
3357,1322181000-d7511cbcabf1966217eba1319eb738d2,1
3357,1322272740-80f557308ecc4a1c44f3688794bbfcbe,0
3357,1322392920-04de9b12015f069eb37c0a188d2142f3,0
3357,1322855400-c92dda634c2efab735f540cbb5769397,0
3357,1321508220-dee23527233c2b50a2365efa0ddc4441,1
3357,1327533540-b643e5dbebd8a3351914689b1da44d85,0
3357,1321389660-d60b576a32c4249a0c7dfc85f529cd45,1
3357,1326699900-7c83fe77b8c52826438061f4160b083e,0
3357,1321867920-89bf9837d0b24d0a347bbc37f91ec66e,1
3357,1321914600-43067394d905da198aa184632f6e1576,1
3357,1321566060-09d3021f70803ce8581ccc6e51c6e703,0
3357,1321397820-5a6ccc0ccc3dd626973540f49d680135,1
3357,1321399740-d13ebafd49a0c1c9c4459f4a43513e43,1
3357,1321380540-dd0cc0f28275880281b7ae225831cdd1,0
3357,1322230200-7e8d6557c0a7ef0a51a1e3b3606308c2,0
3357,1321816620-d18441a2a9283af733aa4874b2ca48b6,0
3357,1323312360-24def6544eb65c613d3646c19eaed4de,0
3357,1321563300-5aedafd9981409fbc254758aad3a0198,0
3357,1321836000-ab05c0baecf5999d1577353c3d606a5f,0
3357,1322893920-c375bc3ffea2f0d72be14ebb938666f3,0
3357,1321886100-bd82a143f957d6918d15af186c7a9573,0
3357,1320937800-3575961d7d9c809f90800a32fd51f576,0
3357,1321645620-21e1b799f36679aac9deef7b3ddede31,0
3357,1321085040-728d2099f37733c308d4c7661695a7fd,0
3357,1320197040-0fc8c8b7172a3a1774ae3777b9128038,0
3357,1322251980-5f8facdd6d9b612cbe3f76f89e3643df,0
3357,1323130020-9f0b7f3b9b573d440a46822f93b53e79,0
3357,1323488040-5d87fe6ab13572dc10fd841e2815a405,0
3357,1320874740-2988102c9b5d8abf746adb18c933e9da,0
3357,1320800640-95298e9633facc22aefae824ec748f24,0
3357,1321852680-8338dcd039c5aac6e7cf4efd146c057f,0
3357,1321494840-87379f162f065ed421a62e5b75bd1424,1
3357,1320714840-7cac0413c8ebf897061f144134126bc1,1
3357,1321045200-45dc38433058bbf9612a3225d4ee347f,0
3357,1320978240-63b0d08dc9d0311a91268462b0ed687a,0
3357,1321423140-436d00725fce7071301ca764548b6096,1
3357,1322242980-fabb4d5eff94cbbaa1a5d77391458129,0
3357,1322769840-c3a6afcb654021516ccf3b34ad65a05d,0
3357,1320108780-a9cbe4be6df794d8338a2dcc8729f4e9,1
3357,1321409880-5550ba04eeddb0b0b36a40503d79eb0a,0
3357,1321351800-b4fe8a68a66828870249263f654af574,0
3357,1321476420-af8877bc71a56754bd9e1ea84ca8db1e,0
3357,1320886380-4684c4b01fe2b563ec31d07860594932,1
3357,1320964680-090c4da5b520f3b0f250cde03f7bb2a2,1
3357,1320964440-c74e7cc131948ad0848cab5720f868b6,1
3357,1320964080-0bc0b6b71f5d80d32719230965f3d61c,1
3357,1321065540-44dc43752ff0e48c254be3e3b187c107,0
3357,1320713700-0796ce823b4464c4a3f4cda7ea33e379,0
3357,1321803420-4fd51c535cd589c0124e0e903a78b0c9,0
3357,1321312440-8f02f25a335985e5ab9903679c0a2d30,0
3357,1322067360-427df8030562bbf3aa4fdaa24a5c9208,0
3357,1323516000-740ac339dda6c6ead16df20f834c3c4b,0
3357,1321980720-51cc6ea95bfe261e5cb733b095691509,0
3357,1325201220-338518f45490644999b10429f6eeb63f,0
3357,1320648420-8ddfe4d3121529fe4a6c450a908ef2db,0
3357,1321550340-43d70ec8f854a8cca821bd01176eb4fa,1
3357,1321362000-07f42990ac93944a206c18c1751dd849,0
3357,1321516380-19cac7d35f01eabb5d0e0cc341dcc752,0
3357,1321606080-a0fc4aa93c3774915b7509f42fe4c29c,0
3357,1321288740-3c879ae01237a4dd659b0ef8eb3a4a3e,0
3357,1321775100-1ffd05ca36fd6a8dba5be70751c575f2,0
3357,1323682380-acf317d45a1fae1b98320776a331f59a,0
3357,1323480540-b6d689d31c9c96a3ca7d8daedb5fd9ef,0
3357,1321827600-511295bee66839621fe7ec500090fd32,0
3357,1320871560-0cf6b1459e2e9103a9245850fc574b48,0
3357,1322364780-87c5ec4025131f72a3c6520ae962d832,0
3357,1322023080-58be197cb5e0c691cd5a5bc981dd9e8a,0
3357,1322600520-5d02d4addd5295fcb9d5b453e50d2c2e,0
3357,1322007900-9e47a60cf0880dc116f4534212e3cda4,0
3357,1320815640-495a3817f6389631530119b97e2f4d4f,1
3357,1320810540-9328cd60a0eace6f251d0ba72e4c9070,1
3357,1322224860-7c581bf305f9eaf5f68d6787d962127a,1
3357,1321547040-0c0b25eb211391e659245ddab4a5db4d,0
3357,1321944660-a881566e07ae363d5ceef7240c6c86ff,0
3357,1323084540-bae0e070d3d96d48d174bf7ddb7037fa,0
3357,1322671200-397cfa15c1ff7c8af0d661e41a1d71f1,0
3357,1322013540-2a3185f866de077a820d78b244380d90,0
3357,1320715200-c35cd0da541b8afe0ec5e185c8758823,0
3357,1325262900-9d1c8d349dbd9c74d393840cad01fe47,0
3357,1322108220-dd4a5076bc51a57a7e0e4ec7a2e8d2e4,0
3357,1322007900-c8fb484ae275b1583a71b326db52d93b,0
3357,1321843680-a487e589237448745792a673df0f4cb1,0
3357,1321387620-4cb8d6618b457317378e329bcea3781a,0
3357,1325722560-b28a29305d279a26fc6d6109df58835b,0
3357,1321646700-3197dacda4fa9c5415c8b393fe8ec485,0
3357,1321971540-c6f2520487f6ba44f9980ebbde9eebd0,1
3357,1322478600-8eccf87987d0dcd49f499eec8228514f,0
3357,1321558620-9b97333b044b838a473ad2ff40446444,0
3357,1321305540-3ff66ad0ed15952a7f1029f6aa22f012,0
3357,1320580500-996674a719dcb974bf12d270e1118118,0
3357,1320793860-1af06b26705903a47678c5e842300d7a,1
3357,1320976440-b5d3ac5fa8521df3a740937537335d5f,0
3357,1322275260-a1f9ea7dd13054adfc09e511015a90fe,0
3357,1321415940-1529fc8c297b3e2ee6bdff07af4ca55e,0
3357,1321117080-11e5e6bbfed9911a592af0851517b009,0
3357,1323376260-ce1df2851b322c46162ecbc9904e97e2,0
3357,1322730060-875e30c37909a59b2219b487d6afb5ff,0
3357,1321050420-52142eef554011d4669e450da3398a68,0
3357,1321667400-41bdbfc552cad882baea55945e906da5,0
3357,1323734400-0ecbf72be3e73c71a967d920a8339b08,0
3357,1321767540-f0904ffe326c074dbcbec4b09f6f1c28,1
3357,1322012340-5f0e279c9b42b6e1bdf08e1c7c6bbba2,0
3357,1321817640-c7d8d97cfe307be35013d785e51dbc5a,0
3357,1321619940-ff1563837ef487a2b23287b93ba95731,1
3357,1322556600-7d81c92764fd75d1acf135a25eea6bb0,0
3357,1320491400-0aef86e79886e611743fc3772584494e,1
3357,1323482160-75a11e83c117df14a149dec15405256e,0
3357,1323214380-41a27586783c50be2a323567932f3910,0
3357,1322266140-4f0e8515d9e87907a6f03197824780cb,1
3357,1321367040-7632894c2961383a9bf8eea6353133f3,0
3357,1323323400-fc17be4a4da5c2f73174351e8c1345cd,0
3357,1321297500-7a2a28616ade5b961f3544e1324394b2,0
3357,1320826200-3c4e6bc9acbb8f4f274d7576fb20313b,0
3357,1324482000-f2ad4c597928c40f76ef71a656644927,0
3357,1322419740-6fc214b30234e43d48e2590a45f7e72c,0
3357,1320339660-84ff3fece0e58e2e525e2ea0e744a31c,0
3357,1320834600-fc6f346fc289d86606ca07eb84e2c272,0
3357,1321323360-f510d87c07072c4a3df0961457ada189,0
3357,1322254740-5ef8bf8b9a57bb73ea4e2e6c3ed4d9a1,0
3357,1321659000-9c73964d090b5532011dd6646851ec27,0
3357,1321541040-5947bd753b5024e3cbb42afbd6dbb95a,0
3357,1326214560-826da3deb2565fad2997437847353563,0
3357,1321464660-f4887ad1e4117f430c74b77397499625,1
3357,1321468740-5fdca670ddd382cc4396107ab2a9e07d,1
3357,1320537420-76bafd5a2aa83bf2dc7526fd5e203e46,0
3357,1326140520-dc37e33c6f03d07b39eb61874bb369ab,0
3357,1327598340-431a2b6d47166177e697afc8c6819a8a,0
3357,1326306480-0c34f6444e0c047714d2acd153c58769,0
3357,1321572840-b2494bf91e8d262d17beba42f995708a,1
3357,1321376700-160366b9649c1fe56c86d3a339c87857,1
3357,1323210480-d13efaa232371e72a6587f340b551ccd,0
3357,1321591080-74a751d26391533e3e3067c1ff3b861f,0
3357,1325282700-3e2ed967fbdaf72db89c38ec81187de0,0
3357,1320876600-3f6ead6ab785ca7c85d5f4ca47fb7477,1
3357,1320725580-47532320069791deb4f5acaeb5d4cdd1,0
3357,1322302200-151a0ab3b17a522822ae206fd6456794,0
3357,1321651980-8a80948213c3c29d4a547c82ad07a431,0
3357,1321382460-c34cd69c3d9fdbcb56419b88a583515b,0
3357,1321488660-af6725a27fe4774af691f3eb64183d8b,1
3357,1321509720-de7c753105236c1af94524549b536f05,1
3357,1321488780-5ceea511c4ca11b5a1daece219c300a3,1
3357,1321497120-ab7842ce4a7690027ab45b15c08ff3b0,1
3357,1321505040-4ccfc7c701d502e2221f61d811b5d552,1
3357,1321501260-924827268bd1943321c2c584ba6c67cc,1
3357,1321704900-5b48360da091a8e28849b18d7ab1e547,0
3357,1325883240-03a2064f58248ce820644ad798f698fb,0
3357,1320782100-d1ec0dbae3a214328c32b3302aa10d1d,0
3357,1322630340-7948c7d726b632b1847c9219db0f29f5,0
3357,1320964740-674c4257a9abbc9440a998b2bdbc64b0,0
3357,1320770040-89431b17cfa49aa7689d3c643152bf74,0
3357,1320956640-6a76a5f5e39610babf7e9d8bd819adb4,0
3357,1321920300-f3ebe917d2754e4f43561667d8f31d83,0
3357,1324557900-4cae24809a2bdf9b092b4a02acb47cb4,0
3357,1321334700-793285bb7276448b2ba55934c047a9b6,0
3357,1326748380-ff43c1e7ebd41cb5b8458394889175b5,0
3357,1322092080-26221d39483cf560c0ac49bb7eab6d11,0
3357,1320621600-223a9e804b4825a0a3e0236a1eafa8f7,0
3357,1321780980-670f1d38f1fe718f17e6bb9dd25d9d8b,0
3357,1321397400-97a9c5eaf716ccfd618d05747f315362,0
3357,1320108780-3c885cac2dc98717c4daa0b2cce5cca5,0
3357,1321408560-72b7b8b94b95fecd0f1837a2b58cd2a7,1
3357,1322777160-34c5e5dc31df4f0e49eb192d7e80b722,0
3357,1321647660-6a41b4623be979af40ecbe01f5688508,0
3357,1326139260-29cacd2a2741d968ca6130a13ee55042,0
3357,1321359000-c3554b6aebb9a67d8383ddf01cc3dafd,0
3357,1321252500-86bb9ed20e99692118ab444b2e87b90e,0
3357,1321650240-91ab9cc29b7f9653216e03aa9706e5f1,0
3357,1327100640-4b8810d57add92e0c6622b655336b7fc,0
3357,1322527860-4f945eb8a6d651c60307b1ffd9788832,0
3357,1321971720-4943b259613e6a614a0e426d15df4579,0
3357,1323459360-27c4535ef9f38c216ec13970979d6760,0
3357,1321386300-5407794a1b486f69b142b18290747a7b,0
3357,1323967560-f0e1699cb43b3d9e23db5b0a8c7f64eb,0
3357,1322008860-7f1f84bf421f5f4b85cc7b942d914c02,0
3357,1321308360-be123cfc51666486013f951139dea7cd,1
3357,1322194560-1d4b6aa954dc3b68be43cc80c73b5d72,0
3357,1320721800-2a544907483e5eda6be6c3dd06accec4,1
3357,1321994460-879f099d374728a395a0480a1285f81c,0
3357,1321706400-77e7227c36e4100333143afdc434ac68,0
3357,1321388160-1bad948bab105b54c4cf3133095b51ae,0
3357,1323285600-ced04462df2e75c6cce890ee44be2fbf,0
3357,1321015920-d4848205245a83f96c18c735841fe4e6,0
3357,1321983000-a5de1631c4f7686cc07fadf90da080e5,0
3357,1321421400-c1149704d6f100323065f426f4494444,0
3357,1321485060-68bff804c20b5424a1269b853f1f238f,1
3357,1321568040-f5d0235dc81981e9d4d85d5f9bf66dca,0
3357,1322061900-270a88179dddce8d4bfa2f6d5cd6a6f4,0
3357,1327367700-317f2971616ec3d9d30aa278dcb30acc,0
3357,1321388280-8229deb3328ca93000d85d834db29d90,0
3357,1322983740-7dce3b14f366d59010dd2f1d08f6e655,0
3357,1321593000-3a3fa818048c7bd29f3bb4362f99cfe3,0
3357,1321387560-6a3b750cc49b17d5dba994bc5d7d9425,0
3357,1321056840-2f334485c91489461c3f987114230182,0
3357,1321670520-f8e10ab949835ad17527125be6762bea,0
3357,1321945140-3af09b126daeacb3d921ca2eb9c65ca8,0
3357,1322275200-d42aeb6aeef2fccff52b4478773c5559,0
3357,1322239140-081cf22cddf6e92cd8a9829f5cbd6be2,0
3357,1321124400-785b742203ec5aa54917702777690ee4,0
3357,1322007600-7b2f64563abff4417e5a7bfe353f091e,0
3357,1321994040-f76db7d0cbd4fe41e3c25f444c0184e3,0
3357,1321397400-90f72a06f4b4bda933a0510762c5b1ba,0
3357,1321845240-3e50745ce7613d468ff7b71ed23f18f5,0
3357,1322309280-f926973a7e90f31d89ce89ca3fb68d7d,0
3357,1320439500-17d1bb41b3d751ccd45cefa36d0557c3,0
3357,1322378460-425e6cace66a01893f7f3f188985de44,0
3357,1322791440-395f42e43a3fe9bd6b4aa968f154830e,0
3357,1321366380-325836e1ac3dcd681774c61c0e03e02b,0
3357,1321537380-cd6b3ee6bdc8684658c0e9574255d952,1
3357,1322885400-73dfaea4eecf3bf08788f1885d103a5e,0
3357,1320980580-725ac77051f137aac66f4f553a95c409,0
3357,1325638800-4012c42fd74ac464bd9b95766236a97e,0
3357,1325265300-f1af563d0298c63a2492d573eaaa7c29,0
3357,1325311740-125c886cd738be00b4af7534cc3e11d3,0
3357,1321851360-7ac135a3273119924779d4deb5f1dab8,1
3357,1321159860-26d2b9ea23563662e0c7da3e42009ddf,0
3357,1321435380-99522e5b2335d679a12fb32c318fc748,0
3357,1321915380-14a8bc11a2dcbaae4d6df840ecf7afd3,0
3357,1321287240-31b179ae6e66601cf52f44bee37a5ece,0
3357,1321435380-b30197b3819e091e081a76140ed973d9,0
3357,1322085360-4b04206579edd6eff89bc0da55d0b86a,0
3357,1323288000-bf976e2e3cd2cdc682da48fb109df5e3,0
3357,1321468200-53abd17023a64049394c081e2b923f6e,0
3357,1326293640-a25a1c45f8d721919dc9459c4038bbe8,0
3357,1322075340-68762d3fc068e6af07231a581c846562,0
3357,1322933280-ce34bae187f376d94dabccf6381282de,0
3357,1321638420-4bf907e09c1e39f799b28fb30fe91451,0
3357,1322137800-ffca8e7b5313a9db2f139374a57bc6e6,0
3357,1321853460-d693885f96d6d3b2b486e5e8e950e729,0
3357,1327453560-184afcdd38b346aad572c029bf2c1dc0,0
3357,1320847740-032e5ac792bdba3224788ab72c50928d,0
3357,1321378680-a64392120f7941b4359d874e5e8680f8,1
3357,1327925700-3d382d9cb122a7147a5a2b7ad0802b11,0
3357,1321377780-f6296a1223383c71840830b625a163c4,0
3357,1323301440-ca54d92217d1344c7c9193e43a2f8885,0
3357,1322347020-a79f83ce8a521c3f682225304499c449,0
3357,1321687260-3239fa1db6258cffe9435bb284d605a2,0
3357,1321516380-7b3883873dea65b17f9fbc160e954b09,0
3357,1324493220-73b2b45c97e2ff17e08d1bc2487dbd2f,1
3357,1324459200-f47e2f59e90ecca2c605dcf40a318e2f,1
3357,1322107560-4024a9b7eb15094470993b62823daf17,0
3357,1326227220-d2e7cdcd87bd264600460ec46c0edf73,0
3357,1321744740-cfa9f36305c33bf6cbd6a42c23ad7743,0
3357,1323851460-1bcf27600fc13af4b84c44fc6c092e61,0
3357,1322275560-4b96c043557984771c1919ca1631d38d,0
3357,1322243220-4caa18f8b65cfd1b9a30cc3def9f2d4e,0
3357,1322785800-74778dfb8dd84295e2f0deaf05ada961,0
3357,1324259100-41582aad78981406d374cfff7adc2687,0
3357,1322983080-2ff004b1ef2b9b52b01b4fb40878133c,0
3357,1321227600-2d7924c3b6cead5397628f0f71204af2,0
3357,1325964840-97b53f459b40125a5e1f6e0daa0c087e,0
3357,1321139460-3672f07b6652b1b519de1d2d45bde1e7,0
3357,1326818880-2e8da0d5f7bc7ead6e750dd7c5d719b7,0
3357,1321604580-16257c0d38c64c8c7fdbf3eb2555d5d7,1
3357,1321633980-f73738052638582760152169cf4c6071,1
3357,1321247520-0d85c80edd6895910a57346255b700cf,0
3357,1321310280-4b8aeb726cada6dc1c5fb0ceffabf79d,0
3357,1322071620-410fc6e255e847863013a387af738230,0
3357,1321811400-f7825f63a1a3205f63541546ec78ed94,0
3357,1322370600-4ad72fa09b2b90c57fe489668d8cd37e,0
3357,1321452420-076ed66265de02978bdf33d4d5a868de,0
3357,1321452600-de4685bb85f892f76b82f76f7a6f1f75,0
3357,1321343700-d81dbcd23c9d2c075c2193bb5b496eb4,0
3357,1321257360-1eb4734a36a3fe3ff6789d186de25f4f,0
3357,1321664340-aa216588df9cc9cad33d506ee095e76c,0
3357,1322642700-b57656472e8002922bc990603a21d3b2,0
3357,1321470960-97e693cab05850fe7798aa1ef8d77ec4,0
3357,1321217460-05163e7ac5b19a9b10e573d640df47f7,0
3357,1321952820-ab57d1f9243b12a7e87abe843952e85d,0
3357,1322455140-d3bc00ffd36c221edf61eec02c122549,0
3357,1322147280-c64ae91aa142f1ea17cf375079d803ce,0
3357,1321415940-8ff5ffc3c35174e908091ff54986f1dc,0
3357,1323204900-03852a2bf03d36cb421836958fb831cc,0
3357,1323122460-c3702481fe06c3f9b366c9b01c6d89ad,1
3357,1323156120-d899d8be7322fc8ceed9e714e4c1c0bd,0
3357,1324255260-889a5a6cf0dd51cf6045c980df1f1f95,0
3357,1322075700-8f2d2895a6aef3517ebe39260e959cba,0
3357,1321569660-8f338a8df2f1da7525a5f55e72501953,0
3357,1323031260-f9b56a19d7566f8fcd40cfcc0b2b0045,0
3357,1323134340-9ccae2084a7b9f3f2e38ae86e72d4198,0
3357,1322215620-14dd31ddc888dae71403ad20b1989d55,0
3357,1321137300-221281831bdeb7a7f209cdbe66729df6,0
3357,1322134680-b462e5a1e423b8c6e886e4e7f88e4065,0
3357,1320704220-dad9d7581f09f3abae52c116adc6d81b,0
3357,1321593000-066670383b6d926674cf59ee7f112def,0
3357,1323709800-f62b3bff1edca8a46bc02abe3d95a65f,0
3357,1324539360-4ed91f2cdf77fa3ab0763f737309fa9f,0
3357,1320804240-da19b25ef4da3c7119d63a58f3b5e855,0
3357,1320972060-27947341efe612f3b5f65c47ed3af989,0
3357,1321405620-5ad0a16472d5c5290ff9e57333fd41ad,0
3357,1321439100-9f5dc4b4ef03111562e6b289d70208d2,0
3357,1321385340-0e762a051a7d2d144633fa830c0217ea,0
3357,1321049820-0f3187de86f7450770b9b9b58194e5d1,0
3357,1321803540-48839bf071b6fe8b8dece81b6ad71487,0
3357,1323219180-6123bca3df9ab61a5bc7e64806041d14,0
3357,1321919400-076437823e53a313d3c5f510a1331184,0
3357,1320778560-09532f5b12a01ac6387dbb7e67a7d54a,0
3357,1321920240-1844a589d15f5c86d8df11d00da75f07,0
3357,1321931760-ab46ebbe8439a006ea032b0b378945c1,0
3357,1321406760-9ddada9cbfe13848807e997d3044e896,0
3357,1320685080-5bb0a5e9629d41de35c4d0dae33878d7,0
3357,1324185780-20808eaa359f0e05d890db6e5ed48f7b,0
3357,1321979460-62c242d5ae93d369a90cb71c70345ee0,0
3357,1325591520-78184df32a0f4027f1c5e57d661cc513,0
3357,1322092920-37ac1e6a8fa84cbbe411bfac5e402ce4,0
3357,1322184120-bdc5610de07a8586cbb3cad21df1320d,0
3357,1321633500-57617bcaa309e6d402d34682fc3cb5e1,0
3357,1320956340-bb31da03fb6db183c86252a5c018174b,0
3357,1321762440-6c864f708d8169021827c98397c071f9,0
3357,1320980100-988ebc9c7caf66b8fe5b5aca41c57807,0
3357,1326387540-7ce744de3f36e434ae3fe7aeba7f0a8f,0
3357,1321560600-060266c65ba69e8dbcb8a03818acbe3d,0
3357,1322013900-c7e6e610dd0755a743f1538d51a03479,0
3357,1321814880-499784e075eb5ffbfcd5a121efa55677,0
3357,1320944340-f90f0b3690781ceba191888c43cf7a37,0
3357,1323219900-92b2f0f044d78218c09b3ce0923b2dd9,0
3357,1320522840-9a093568d13ff162fcb640fa597250e0,0
3357,1321376460-f76ba9f8bdc53bd521d97d81525eb298,0
3357,1321474140-44da48e6cd71db30fd677f76d3cbdd22,0
3357,1326179940-fbb3d0862c9b073a63e8c455a112966b,0
3357,1323750120-ae9885733a587980cd678f2090639cdb,0
3357,1322832420-8f7902e28f8f5315a43a1b81a70692de,0
3357,1321524960-6c67476594ee776913431846c6053af7,0
3357,1320826740-49248edfb31e405d65c187a1da8df9c6,0
3357,1322188860-189b1bcfc7a07b1e64410098b0d0b945,0
3357,1321429260-9d4ee08bc35d4b4ac7577f0d69585496,0
3357,1321402740-6e39ac30ebe25c7491078227019f00fe,0
3357,1321367580-69aee21d47033cef6e11cd0c97cd0ac4,0
3357,1320445260-688fc8f86ef512c4fa6505b24606c2b4,0
3357,1322080680-667ce29cce6f44cf8e57b12a7c3b3dbf,0
3357,1327801020-6e280710c257fbe578cb11b90aff1486,0
3357,1322417100-62b5e1bf3acc55dee465dbf981ca1967,0
3357,1321951860-93153472b173c752b0a9b159bcfa6b4f,0
3357,1323324360-84b35d2466b026c78a5d75ae90a7ab25,0
3357,1322497560-fd92d5d53e7c744cff7298072b4c4f25,0
3357,1321564260-7a677378fae3c5aaa05b2a43ff8ce51f,0
3357,1322797620-7435546871a138c195763a1a5983793f,0
3357,1321257540-6a51da7b7fcd7cf02073eba1d102f031,0
3357,1323376200-0fa0a4c910f20d234ef691fcb7e30e4e,0
3357,1322669400-3167fd55a8c7381c65ecbf33d760d356,0
3357,1321479600-5bfa2678948ac26589623f3f03107716,0
3357,1322111580-15be012ff0c79ccd276cf85fec4426f4,0
3357,1322275500-0efdd16c8ff2e39ef5dda50051444a74,0
3357,1322009700-66f67b8607457979ef2fedda6f019d93,0
3357,1321346460-a8429644b741149da004313d212a275d,0
3357,1321218240-32d463aaf11ad4fe9cacea7667dd238f,0
3357,1322103780-a0959d3ba63742af2dccbed331bc6802,0
3357,1321442100-0245537bff57c0d553b71396a575b243,0
3357,1323394440-fd74bde0690136327315ed4f9333c8f3,0
3357,1322357280-94d065788647f89de4a2931620ac6d06,0
3357,1324476900-c795ee24d3d5cd1879919692ed23859c,0
3357,1320458280-ba6e2a23b877760b676830d0d4809836,0
3357,1323190020-bada60c70545f4737214f156abb1e0f6,0
3357,1321402380-14b1c445775ea8de71465eb9ee38fbc9,0
3357,1322682180-65145e446d9a4a2ff98b85967ad5128b,0
3357,1323168060-530c6ff0205da9a9f8bd5ccace2baccc,0
3357,1321416540-94a38b0c4a391e7341f45b53777594a6,0
3357,1321062780-f20bdef886ea7b056f53f293d462ef39,0
3357,1324646100-3b4d2f2c9f050f73c3a1516bc0378bc9,0
3357,1321261260-2869a8a5341f7e55e23f69641fdac7b7,0
3357,1321963080-3ee8c5cb84adb0d95a03a4d730c1eba6,0
3357,1320753000-ac174930aff43cd630df606ed013f840,0
3357,1320957240-919a66fcd278072be860df6f32ba1d63,0
3357,1321668840-7cb0d1d3d8635c2c29e85cc5f14ea27f,0
3357,1320742980-9707297c17fe42b053de972346687b34,0
3357,1320339000-0c1c783576a9ee0729c4306d0ac756da,0
3357,1321397820-9f56bc4349fc8c7c9c6c03f26249d66e,0
3357,1321469400-f70b5a7c889957389107d6f29d2bcdf0,0
3357,1326839340-105b2dab076fb07d6794e3b33f80be34,0
3357,1322082300-707e92b07dc8ad6aa2decc8375705b2f,0
3357,1321070220-9ed5a89a4d46911291063c1bcb76b853,0
3357,1327451940-34485e44f3d2ca61e3e47a6d4b7c65ab,0
3357,1321050180-0ee15c7d715e36ab815ac049da767ca0,0
3357,1320694320-fc4065562f3f96f30cd5cd6446a82b80,0
3357,1321396080-af725d46369f68a19d1c2ee437a2e75f,0
3357,1322513640-9f131922508fe951cb1c3818885acc94,0
3357,1320879060-2d60a567b7a10c1c4f769ed791aef017,0
3357,1322023080-18473d53056d8e63dd39e839256ada07,0
3357,1322855400-5df7e0133926937a90071151013a4d7f,0
3357,1321376460-4bdc9ad4541dcb1928d04045da1367a3,0
3357,1321550280-fc301b44204b948b77d2c4f019a23eb8,1
3357,1321523820-c837b2d0b20d9cde6c14a1514c31d1e4,1
3357,1321577940-855477094527abf796f0f3e3c81e1219,0
3357,1320452580-982bb847d990328f635ff0d5ae7237e1,0
3357,1321498800-7f119b2619430e572381338d0070abcd,1
3357,1321859340-1b08e11654f64986a91b92a24c03aac9,0
3357,1321927980-c21c43d21804d3857314ca8304be651f,0
3357,1321358100-02f9686523dd30dc589e865e90e7e465,0
3357,1322766180-fe9252c922f5f272e2ae72978a9259f4,0
3357,1321485900-b8858dc7f136865ba9cd5c4ed1845f97,0
3357,1321579380-02a56a5c5f57e5c45d940ce4e6963735,0
3357,1323238800-78c53792274ed37f69ec115aea80e6f8,0
3357,1322072280-c2a944ad621390d0af43b76200e76a41,0
3357,1322610840-c1c8aa0329e95ec83c360a51ca59d0b8,0
3357,1321309920-f8a05f87e1f9ecdcd02fdac932ed5f37,0
3357,1327145640-b0d716935a44f14bb2f640e7935e6da7,0
3357,1326183420-79ab8666ec8dbb4dbdf13ed045a89105,0
3357,1326096240-cd57ca58efa9df23645a4261ed4f7ff2,0
3357,1322652360-9acea89edb6a7610c78525d39bb9e96c,0
3357,1321895760-a11e8884a5c1fe5e732845289ca182d6,0
3357,1324588740-789fd2df01b2af006d0fa197a83d2d13,0
3357,1322446800-8524fbe64423b8d3495af60304bc4006,1
3357,1322295600-29de6ae8e4a60ae27ede319fdd5073b0,0
3357,1322399400-108a8f20cef59e85f53f39f300accecb,0
3357,1323524520-a599458f7d56d5e1455b0716de8b7d62,0
3357,1323232200-2d515c09a8bf76e9107766ae3f90733e,0
3357,1321398840-61b1e4d76ab4df3a43be3b8c148b2e5e,0
3357,1326165600-c5b526a39e1f21dd0e80c2f05085d44e,0
3357,1321322940-291bdae983bda8cd32f7856e937b865b,0
3357,1322396100-5f254f614e5522c8e9b42090b41a2e6a,0
3357,1321707840-d142b2c230bfabdfe6ff30a197f31301,0
3357,1327439280-8102728bb1ef9520a9231f2a1fa71cb4,0
3357,1322134680-4e165dc0073551ee2ed955ff949c7989,0
3357,1321346460-d74b90ce652e68f6fc2e28a7e8435955,0
3357,1321387560-9572314257b7d4c7e5e7d2d7ce2eb011,0
3357,1321514340-394a6727eeb8f1771077a0061187bd7d,0
3357,1326777660-c4e9b672f764b84a2da30e95d30c7bdc,0
3357,1322713140-5f9ffd7224cf17182f46c522d1247673,0
3357,1322333400-cf6ed1af8b99efbf4f9d4bc46a68607d,0
3357,1320800460-2657395a5a317457f61d96e1b5618954,0
3357,1322672400-0c6662d160d22f43ca0ffffd4ccaa24e,0
3357,1321483500-73fd779f309cb2a15baa7f8b5fc37017,0
3357,1321030320-6dd4a7df78c23725585709038a275e03,0
3357,1322266500-97d6016edc2019c6a2129f06d547eef6,0
3357,1321406220-898ce57370e1dddd823da7af2c12eb96,0
3357,1320596700-f3222f9f3f8b7f84964a2fe72d1161f7,0
3357,1326172980-9fa62990e30d8b306262de242a8a6ddc,0
3357,1321383240-6974b031f4e5031f6758eef58270e90b,0
3357,1322103480-11567b79a057b06ba498f1a832f0743d,0
3357,1321373760-7fc6fe0f17ea1dc08a2d14096829e875,0
3357,1323160860-d5b176f6e62a2d69b20828b9a0774a80,0
3357,1324204440-7c352f8d93bdaddd8a2940e310182bd0,0
3357,1321544520-aee9914680fbd54aecdb2bb2d642d758,0
3357,1324174980-d2bbd973ecdd977037bab3ed4354cadf,0
3357,1320738600-8c92825eaf511197cdd739c918fcb8d7,0
3357,1320606660-08f471a6f78093e846675912896fe987,0
3357,1323065220-73a3ddf997b412c188b927915be44d89,0
3357,1326305400-d2be186b0f1d1a43031be93c00325a6b,0
3357,1323025320-874b7be022bc4d51a4ebe103889bfb73,0
3357,1321456080-a8719f573248547f0906a6e21536412e,0
3357,1321396080-996da444c57d5d02e9f08f1a0da1a32f,0
3357,1324527300-71209958fd565529bd05c8a1a7f52bfc,1
3357,1323444060-7d8e1364a984a5707219c4e9f0afb807,0
3357,1326798060-507dd44acc46083a13c0467c9b5c2fa1,0
3357,1327272300-6614d36b34891aba62467410316084ae,0
3357,1320941820-a814a39da59e292bea0966ecc22fef40,0
3357,1321979580-54ff42b82d0839faa5f994bc5c9c82f7,0
3357,1322642700-78bc3e899caf2f6697df6a86be8af258,0
3357,1320859980-4c73c323f696f3697d3df1f210edf4b1,0
3357,1321304820-f74508a819ae59c878f3824222d1b62d,0
3357,1321910760-bc700509c067afc8a67516d2f5e0c0ba,0
3357,1321995780-46a5db11049db0dfad07c9e5ab75f361,0
3357,1321331100-f03822c3fb57f10bf7cbbb28238e991a,0
3357,1325265300-642873e30ffd58fec9faadfd6155e562,0
3357,1326873000-c9b2c97740f9c7a82bf0985eaf46628a,0
3357,1322193600-3de4b08e4dc93bebda7f4d14a6220470,0
3357,1323092520-bde7637d23b8c66880e26b7a8b3964c3,0
3357,1322874180-fa16e54f1879846e08bd5972bb6555ec,0
3357,1321708800-4e98e14c1be914d048182c77f593c5d9,0
3357,1324241460-2dd1956abbe2688672c00f97fdde7ef1,0
3357,1323113940-46fa0edc749d26ffbbe863a805e57eab,0
3357,1322179320-5b01a12f2be49567618d8655927ed76a,0
3357,1322101800-d8b41fab034df3d9dc219a564732ab16,0
3357,1325802300-f5800deaeee21936d6f9a9392bd66785,0
3357,1323191340-4eda761ad320eebd492a853cc270baab,0
3357,1321811340-0dc51a76685a137110a197782c3a0011,0
3357,1322641800-fd2a1c4db94454e91fcd6078c92b2a18,0
3357,1322070660-4d3c1399ba2af8f668113f1ba8125590,1
3357,1325666040-3c3632f03257bf380b853ec5f929a3bc,0
3357,1323117240-8192775f9ceeb5d590ca58d55b0b7b86,0
3357,1321739760-dc393181888ce72ec7a84d945377648c,0
3357,1321200300-319333e1d0256283c71694ad21ba9857,0
3357,1323138780-b911f268d374858df0c1d058f85fdb2e,1
3357,1323125460-0c7f219a9d8ed8c66127de0eceac5bab,1
3357,1327287600-85466c7fa00a4c5a78f147f7592054e8,0
3357,1321231800-72e902cf788f3285bfc5993ae5f4f4c0,0
3357,1320539700-97cf37b2b817bee18dd1ed7faaf86a40,0
3357,1323127620-00d5af8f38be9287e9307c01d27586ac,0
3357,1320164640-f577aec958f9e93535c650e38eab4df4,0
3357,1321553640-290f4628bcc28ea656c0321b614559c0,0
3357,1321201440-c6d3f6db60cbb0f04eb44650cff4ead0,0
3357,1320214260-dfbc9859d481b210ee623ad4fcea71f1,0
3357,1320180060-7a70c2adf6d499f8d00b962a29740112,0
3357,1322109360-5dfda3e956b9225bcc9549b098f299aa,0
3357,1322782860-f405faac8aecb2f16e35008c794df58e,0
3357,1324626300-7d8e7ca021135bbf509210491423ae49,0
3357,1326472140-f38a73ee9654751719652dc0179aadfa,0
3357,1321035180-8c2899619a34c03f02f997bb181cc6ec,0
3357,1321360200-69cdf458805c5fe721eb38cbf7eb3b53,0
3357,1326770700-120ca240b089f06909491a36b2ff430f,0
3357,1320686340-5165cc8e72207b83a5c01699f47db2a5,0
3357,1321115700-f08f3dbc5ce3fb7b3d57a5c6ca5b4572,0
3357,1321882260-b5113d21c677e6199df8a7610da0b870,0
3357,1321886640-ddfda7c561620928805e765365b8c752,0
3357,1323358980-3d0c4ae54fec5fe521d10af43cc1fa6f,0
3357,1327284780-19c244ba9367eccc6d41d53d276e090e,0
3357,1322777100-4127b06e2756542a34c160dc1fe84351,0
3357,1322637600-44b5781c8f947c85a6aa0776cde426d4,0
3357,1321383480-49c781b2e74fa5022deacaed4f77370c,0
3357,1322249100-9993f8ce26ab97ee75150c5b768ef32d,0
3357,1322069700-ccdab972f32ce959072774e16238e6ad,0
3357,1322696760-91637ea6cbd113c0ca03e128c5ede716,0
3357,1321322100-38c85bed1d41e61e48cffaa5cd0a0728,0
3357,1322669400-4dfd48523925ac31d1637b127e848d71,0
3357,1322595780-adb1e59dcd2276c1345ab445a936f17b,0
3357,1327806000-998985f074d6584e91e2fc04d01e3ab7,0
3357,1322887500-915c32f04011ca91e95d415900d218bf,0
3357,1323321000-d9a22f687a1252a04888b633287a36de,0
3357,1321404300-34d8920bdde72fe35dd14642a93e0857,0
3357,1322069220-c28b67436e02480338c2fb51f32cbfce,0
3357,1321916700-a8f5a67000ecf31b2d2732d937e5a149,0
3357,1323387120-1a8ecb7ba4f23936fd290a17d2a9516a,0
3357,1326767460-53ebf69b42751d3544d170c603e901ff,0
3357,1323364080-849e7dbd228fddf3b9a9739b2b6717d8,1
3357,1321510560-511c8b6ffab6045e99e607135a7336fb,0
3357,1321860780-94201ea4e9cda9108e6ec63911379c98,0
3357,1325171760-15a996465d634fdf5e013e5571478b81,0
3357,1322855400-97595cf00e7ca684d8ab7d06be06e294,0
3357,1320952620-1d42824906b25b6057f3306090b3a6ea,0
3357,1327696920-c580fbdc6d62f8ec3124fb14232a50da,0
3357,1321147260-2ff12649278cfa15f24fb40fe832772b,0
3357,1321744800-f3460491c8d21504ef10fe754cbc7830,0
3357,1320686820-f1f5d35a9e54723995964fef15194b13,0
3357,1321024860-d3a3c0166571e7b87f99d20cc9473a44,0
3357,1320733560-0c4686051f833d2cc1c3801634879834,0
3357,1326307200-957a5f5223f16f63c1fa3785fcf56a04,0
3357,1320601620-15bb15e626d8c849e7e972610b5906d6,0
3357,1321908000-994e1dab425ca4e6bbf1d184ebbcca2a,0
3357,1323443700-264818b693d0285b020939fd87631223,0
3357,1321307760-f2a0a530ed376ba00da4a3832d1f7e54,0
3357,1321469400-3b304060cff42a60207cec80c9100995,0
3357,1327970700-fff987e1cf7797d837c704f40b4d2ec6,0
3357,1323333060-78f5cd55bb393c602f84f7ccffbb45e5,0
3357,1321129860-b53b6b8f8771883adec78f5d01f0ff24,0
3357,1321922640-70487abc84e2d9745f100bfca16b0332,0
3357,1320327420-56765cd501757b65f80b696266024ae0,0
3357,1321306800-8d54f1a565b542dafce3a0343d06e036,0
3357,1324651440-dcb3d5ad389b6fbd4f141bb223c93fa7,0
3357,1321345260-3e868f40506ff57626b4987d2987ca76,0
3357,1321166520-335c04b18e8e99201c7b56225b416acd,0
3357,1321992660-0999d5f25793da1d730b15a53fb6634e,0
3357,1322694300-b7ae146ada857e4c788d71978ebb100b,0
3357,1323310320-32110c46c1f6d02c543ede986bf0e447,0
3357,1323403500-49575407a217b10735c3c96a690561a6,0
3357,1323438420-3197906f0f8f76b7cd698809b3def66d,0
3357,1322248200-98b43b6b913dbc9bbb66dd5a84b6daa9,0
3357,1320812340-94d385f6fe16ded5afd12ed18a469f2f,0
3357,1322726040-b5f7fb1b978bac11591e09ad4c438e0d,0
3357,1321502940-60341cbb3b231e955d329fb72c50fe83,0
3357,1327455180-71afbecb265476494054e9b907aa4dd3,0
3357,1323037920-067b0012807335a3d35efc947a5b29e5,0
3357,1322594460-29827798db8e3afea024b0a932c81571,0
3357,1321384140-d2d26192e9555ac893487e5744bc9f72,0
3357,1321575180-20d3328862d741fcff0ca81e65560b22,0
3357,1326765000-ca086faefc33bb8c6cb698a127461c80,0
3357,1320756600-c115f838cb0e4c353c7cfb73895a6bab,0
3357,1321392360-c1e0f068fda591c079680b39949529bc,0
3357,1321745520-8445d167c50d7c03b437af4697d948fd,0
3357,1321717920-2c1be6adae76736168771845d525e30d,0
3357,1321331220-177a7dbce49ba34cd446017bb8aa655d,0
3357,1321643340-935d8f5e4c1f0e98721022ca91647def,0
3357,1321147380-b9ba97ae9c994d91ad5e6f3de62c9bce,0
3357,1321516380-2c7e66673fa2b0bdec33f62a7308b517,0
3357,1321367040-51a2e07f5dd7a22aff304c05c91d2d18,0
3357,1323442320-b5570df50224840796b1a9f774d3e93f,0
3357,1320332280-942921ab7e41df7474811dea934ef579,0
3357,1323936780-407481892e00e0984d4adfc245cc58e1,0
3357,1321918200-9bbb930f311cd59cb9d3fecb31f7b6e5,0
3357,1322174400-428db0c51869014cf5ef5118349ecb0c,0
3357,1320576600-a99fc66322c22184b247ec52d3a0cf9c,0
3357,1324625400-2de5d1545f759b82a9cf16f4863c22d3,0
3357,1322258340-4be9ad0ed3bce9ea42e22710b59f61bf,0
3357,1323083040-a55b2225dc5b1349b92c726b853a40a9,0
3357,1320477840-4a81f02c03bd79e00be6aec5947fca0d,0
3357,1322008080-f393be4f0f4401032bba51c6b9fad5e1,0
3357,1323194580-cdd1c3fc46a1d10cca458d78b9cf14a8,0
3357,1322066700-3d373fad197a1dbe9615f57945a383ea,0
3357,1321398840-5c8bedb384e349f1b6deb9fcfea13a2e,0
3357,1322766060-4e61c02fa1054b019ff379c755896a39,0
3357,1321388760-173e0fff61152489107bb97e41c7c850,0
3357,1321424700-6ff5a7482d2cdcc3050687e6321ad7f5,0
3357,1322788620-66ecdd16433b27acabcc9920d7dc3e1a,0
3357,1322077260-cf1ace91b330c01e21ca9c1a92f077f0,0
3357,1321838280-08ff3ee71a6228181d8c8c417640dca9,0
3357,1322236560-07cb62d7f9e325d983fec34f4ff2b683,0
3357,1321578360-c3ef1b0a3f48e02cda2096e3f662e80c,0
3357,1323801900-bd10843d442566211e2f593d7727b9d2,0
3357,1326774480-fc01d204b9b0e29e0fa92de3ec135724,0
3357,1321461360-4cecd2bc3acc8504daa0181ecf9ca234,0
3357,1322143380-9479ed1204c77747c367640f3527b794,0
3357,1320789900-4c00f3844d6d96ec12f368cf29a8c136,0
3357,1320341340-14d6af076a977456ebcdd92b2c920aad,0
3357,1320865620-9833403f42e63cf458e5216ab930c092,0
3357,1321220520-9c95137945675ea5f9ca4e2ee9ee1a29,0
3357,1321395600-31ca2e7e26a76c77f73129503359b2c0,0
3357,1322024340-c8ea68949d01b5c8d9cef98ddeaaec26,0
3357,1321644360-dcddfa51a42efdf67a9883a5aff93ba8,0
3357,1321860780-bb93788724e85d10d33093e60219a219,0
3357,1327952340-ccf89c7a0e0660e8c51d17adb0cf1902,0
3357,1321433040-7c83198564cae236c4c27136e921c486,0
3357,1321058760-9d7a67efab5bcca67d7c574286683af3,0
3357,1321309020-2c9e891190a70fc2679bc456ed495bb9,0
3357,1322766420-df74c6b36bac53a013c7a9ca908d792b,0
3357,1321394520-a89b7524aba638c00d3675be9332e237,0
3357,1321582680-46741a98c848462d70f6d9ed2135dbec,0
3357,1322853600-7d5173638c18b519abd744c99246333a,0
3357,1324030680-daa89b75d5a51825ea9e349c7c13f5be,0
3357,1321467840-136d36eff9f61f9858f1b5cdc4dc41f9,0
3357,1320333660-91b8fab4e27b1692fc8f71f67f00b8bb,0
3357,1320978000-803c6c215f637f869cc751ccd9d037a7,0
3357,1321450500-c7e7407ffd18c9c60af87ebd776775a9,0
3357,1320871860-1c1ae7ffffb32a65372095fe44c0ed1d,0
3357,1321994640-d7b9fcb4de659427a6de326eef17aabe,0
3357,1321685460-ddcb1d6436326ac5d312516dccb11ebb,0
3357,1323246360-21cc290a7a6c07f72987e083a663699c,0
3357,1324422780-b7a459a83234d9faf304e108606c3fbf,0
3357,1327030980-30373e0309a1494bea1e72b907e18968,0
3357,1321380660-c0aad4dd49cb084e3a61e94b824ff113,0
3357,1321053060-1cffbf7a2b272e5488e9d41e01c4b26e,0
3357,1322086740-1e5be0b80b8b53914834be1b723f5ed0,0
3357,1323491520-476a6129c0653a8ce06fd769350b2916,0
3357,1320796800-f67360dbaefe9e511d369d92418ea870,0
3357,1321406760-32b63b9504923f4b5b4eef911a09df5a,0
3357,1321221360-6049dbe8f9985f8c173235233acf61c8,0
3357,1321915800-927a6aad51f025c8505001fcbbcb292d,0
3357,1326972060-7247d98aea8b48e4617c0f74ea117326,0
3357,1325652120-02dc6fe24f110b895d9a75f31749d20c,0
3357,1321853460-3bc13e19e02926b2f5d5bf4ef70bbc00,0
3357,1321377120-7580e89efaab0d5c907a7bbf5dd57fde,0
3357,1321733580-831870bb516044cb7c1ac0bb9bd17b42,0
3378,1321581540-b6f1b9631f2e75db2f70192230870c35,1
3378,1325671680-0eb69d83d1860d9d7f3fe96e20d5b99e,1
3378,1325666340-1d945a096ab178496ff3eb63283195f0,1
3378,1325671680-84af45ded52777458b618b60365501fa,1
3378,1323343620-2db41244d67d0baa8ec1ccb4b6dd31fd,1
3378,1320781740-bb2542652d32a341849ec3d6e7640857,1
3378,1320790440-d9a6124fcdb0c9a6af8e77bf5de2dd2e,1
3378,1321310940-0412085306c1550672dd6f01efee9e14,1
3378,1324063800-99e42fe79340a16a07914b01b462fc63,1
3378,1325790300-b81356c458aba041eb284ad42d6dd38c,0
3378,1322559840-6c22008ead539912c3249ad1335933bd,1
3378,1323718440-f3482243040ddebd228e89bed731a796,1
3378,1322389200-5112e0485c78276851f6a7257281a2ce,1
3378,1322500200-c49773d7550fa4aaa153a95ee96cd454,1
3378,1326386940-5bd5e0d57e4eec3094b071fd14337283,1
3378,1326750660-931e0a557067138432b7d99c67bb491f,1
3378,1326789840-23c97cdc3ca44675f4ea7eb599cc14a4,1
3378,1326815700-79a70bf176c33d17bddfb75a51a2d9bc,1
3378,1323118860-70addc4bce2ad2465c04df747a7459e4,1
3378,1322868420-f6d0ccf6150c37a331f0872841bd5f48,1
3378,1326910740-6bbd87807be0f2fa45156accf392ea48,0
3378,1323105900-684be992955225a77dab1c0fd863cfae,1
3378,1322964900-ff7e674982b0a98dd7c953da51d8b08c,1
3378,1325730900-34ac97ac14711abebe44b914511b9672,1
3378,1325718900-81adee4623eb8c91c83fe177cd40af21,1
3378,1326907740-6db36dd23ef95177af2feaee14fbf486,1
3378,1326825960-099d8e36ebf343159102283ff6725bfa,1
3378,1325619600-b7161fcdba077cdc1589854c9662a1c0,1
3378,1326994800-f847669f288a0adc51f3f28e04937db4,0
3378,1326914760-8af1af249ded21e428a7c527cd7da996,1
3378,1327544700-22429e81881abc07ee0d870743e08efc,1
3378,1320433800-fc338409ee667fd7fdc2f865eb168dbe,1
3378,1326134100-94fbc7f66a69cb2cccae0f8d1d5d2736,1
3378,1320307260-cd62399830cc969d8d83dde88cbcf595,0
3378,1325704860-0ad254895c13b05da8a2c142d2c4d657,1
3378,1325704860-68575ff7a100f909b5621260c46d1e00,1
3378,1325718360-4c45ed7cf3f6f4dbd28698d6f9499d09,1
3378,1325721900-b0fa627582969d0c13597ede83a83262,0
3378,1327969080-f873163b47a8f1000f2077e0254dc40c,1
3378,1324676700-1bce807b7ea87c5c97867d0e33b840c6,1
3378,1326441960-dad9ca8a5d14d9d9df9bee3fab9cf5f1,1
3378,1326239760-6eb27ce3066c730616a8209cd089861d,1
3378,1325981400-61f6cda2637c5ab5fba52e26965b0fc3,1
3378,1327697100-9982cf3042b6f3f96fbbccab12854649,0
3378,1325981400-a68f9930dae95cdafc5d818febede983,1
3378,1325983260-245c6c654688ad6c37033ca8b3fa7b44,1
3378,1325790600-3e76b561889258681496e68d224894da,0
3378,1321287780-4030e68030f089c443b7e2be61268e4b,1
3378,1321322400-d4f7b92b065d74c5e4f44fdceca67766,0
3378,1326675840-cd269f489a4f7eb8ee0d48107589b69d,0
3378,1323010860-4261d016a051cf15d1e5712f6782a0d6,1
3378,1325706540-118663db9f71e77676eed2c74b97a611,0
3378,1320701280-f833a2abd6d4932b3ad7d1e88315492f,1
3378,1326476520-c0473567521cb1de7373fe6081febb9d,0
3378,1327977420-950be5b270b7f25826754c079da312a7,1
3378,1327446360-201c2cb62a0d49fa55351ce9790592ad,1
3378,1327950300-6f2ec8a92cf99ffb68ce0f149ce7bed2,0
3378,1325093460-ab954ca39c5565570ac36994379f263a,0
3378,1325493780-b99f812a337dfaf3b9e578e93094eae4,0
3378,1327475940-6dd771406754277ccf88eb0c15d1f686,0
3378,1327912560-ddb308cf8986000e721b0cb4888ebb45,0
3378,1320520800-ba3ba89f0c1f835afc72bb5fabb100f8,1
3378,1326330060-58e6e26ec00b6c5ccdb8f339981d55a6,0
3378,1320494100-fdc581eb182c20fb149fc7b72da3a0f7,0
3378,1326233760-74a0a0ee33bec68a4cf16a015337d7e1,0
3378,1321664580-fc87cf0e2ad3d6e7cd43a589bcd30b0b,0
3378,1325197680-6bfc4df90fbd0c661c2656e773122fec,0
3378,1325400120-7bfffc2cd2bf88184dc00afe04223257,0
3378,1323199380-ab013400a13e47d6a819ed4623089a93,1
3378,1322006100-92b0ea03ddfb1537b9fea2dd6f2db48c,1
3378,1321375740-b7ff7c44ee30e8fa5b886d45bb165e2f,1
3378,1321372260-6646d76239023173ed23400ff2b8a52e,1
3378,1328057640-59caafb6e0e6f8f5fdaa543b77fc0893,0
3378,1324985400-98345d01218046cd8498e0361306177e,0
3378,1326342900-224492e9f7dbfdbb696e8ce2eee010f1,0
3378,1327048620-f7fee5a2000af830970995b013413c9e,0
3378,1327248840-cc3cc3e56edcaa2e9c7dace022304111,0
3378,1326318900-8630066c53d03ca392c14bce33d03874,0
3378,1325773500-00cddb7091b27bdec73e540b87cb459d,0
3378,1328029140-4c3a8ba9fd49bc555cac81bf231f28be,0
3378,1327526220-b186b58cef829f15b6f8eb56989776f3,0
3378,1327351500-78dbb598d1bf13e34978d17636e49afc,0
3378,1325703900-692cce6e25eada8408899637b3a4a17e,0
3378,1322750820-4ebfb3eb06571123c96f7cbe468b171b,0
3378,1320717060-22f4c0e7086c0187846fcad1a4255477,0
3378,1327989420-98ce5a1183e66f364e17a603b451119d,0
3378,1324489500-1884f6f5ee657bae20cf4438293e8a7d,0
3378,1320566520-52fb02b240171051705e2d9bcc918198,0
3378,1321708200-0389f80ae7d1190749d40f2aaeb34bc6,0
3378,1325166960-569a94fd2eba6c3689c65bc232e9a95b,0
3378,1320712800-2a2cfed1da41090a90e9ae91a3cfb910,0
3378,1325297100-f8a66aaa50c4f2badb3fb7f84b8c4aee,0
3378,1321474320-78fc37174cbaf22df160071f46d7ddc4,0
3378,1321028160-66612855a14a7e9985988deda68a7778,0
3378,1328011140-cee5e65bc21cba52240384ea62e08ba2,0
3378,1325432760-1bc972af996965277bd9f65caa11de9e,0
3378,1321415760-1f93a8723180781e100ca989a551ebad,0
3378,1326745920-8e37ecba296f4b2dd97c941222776662,0
3378,1327716960-ff4071790d47bdf71c9aa770560c96af,0
3378,1323484200-6708520ee01aff920d54a054d38cfbf7,0
3378,1320355440-bd774485b3ed4806e8f03e870143e7d7,0
3378,1324344900-f2b832262535b919349eada0c59d9b15,1
3378,1323839040-554aaf339faafacb5dce1fa2aadfb137,0
3378,1322098560-9bf506be825c57d6cd34a637f2d7c08e,0
3378,1326122700-bffdb896514cd6ae8a589c263ec95665,0
3378,1321946520-c6e63e97b983611da6b26b7d2f2372cf,0
3378,1326960180-17055f46b0757809179e9cc5ef05da97,0
3378,1320959280-2342943909577a3ac43eea1362a610cb,0
3378,1325494920-71763a5783479678aa11c15791bd5b0c,0
3378,1326761940-7d16f3cb6f866e6e7293e5ecfeca5122,0
3378,1324986960-7c903961724a8cb943dc25f11bca4ef3,0
3378,1321939620-4c8b70a735bbd7cbd5f0bb00f5ad9bda,0
3378,1323141300-79dddcbf4d32db6075656b77035a5af6,0
3378,1326865620-c2a367c52c6937239a96dbff73d9760f,0
3378,1325812620-b6ec3899582abc81baea3feb4c165aa9,0
3378,1326240720-3682798a3c589c8aaac934dfea205ca3,0
3378,1320941280-a227b9738f0eea0ba3163e67122d61be,0
3378,1322965740-8cb241f5834748ccc109ff3b7d3f3abb,0
3378,1320396780-df3b0f6864267062c2473cea1160fedf,0
3378,1320823800-5a4c5c16494bc1fa6c8b23d2ab96ffc0,0
3378,1326253020-44b9ef8cb8abd16adb000fd33ff3bc7a,0
3378,1325811300-c07f863779a764a2409f4e1deb538c3e,0
3378,1320335340-97e07c710331ee3b2d407637d6ee13d2,0
3378,1321238820-41b359455132b167a98e31717ca16edb,0
3378,1323243480-ab55d2ebf350325bc4ee20a36ee6e5b0,0
3378,1322757900-ba89f3870452233b4d4d91a3def2aec6,0
3378,1325706120-d23beb85ba79c165b6e3ba7b6deadbe5,0
3378,1326546960-1ccb054350f6e7110ea8b90945af44ef,0
3378,1321386780-bc3193b97b15840ac2a9141bce7cd750,0
3378,1325747700-03c7abe04c013f240c3ce8bb43f4f672,0
3378,1324240800-732ec4c9aa20737ecde7264229609221,0
3378,1321298160-859281e289dcafb4c56be848404f51d7,0
3423,1326722400-1578aff8dab0bc533a99f4d47b6f3b26,1
3423,1326757980-dfce9e059c58757bca9a1dc5f23f045d,0
3423,1326689280-32ab7b5710c2c0b0e825d72c5fe5e49f,1
3423,1326948900-670360c696be3908c97392981fc87c53,0
3423,1327620120-6167da48b9f0e7126636c84099fbcc35,1
3423,1327700820-b57cce0aff52563bba5707d4fc5686e3,1
3423,1327338600-f972e2b2887c71807ff0c7db4de02349,1
3423,1326672000-baa44d9e0fe345582a2f96114bcf01ae,1
3423,1326727380-cb19b5acc820fb2454bfbe4ca3c0c640,1
3423,1326738060-0214ac5b6528c25a745e7ee49d9edc19,1
3423,1326730440-2fde621cb5e73a70c5e1f40dc1f04a54,1
3423,1326307320-28fb55a4372480c82d07701141af9930,1
3423,1326729420-20de49f054cccf1ea3da21e01fb487ce,1
3423,1326747060-36b9883916c36b14763c07d37e14ae03,1
3423,1326727200-730b1bfacfb66b4fad72cf481f4e16a5,1
3423,1326735600-7932f2dcad9e7ec71999f3d9bf913ee6,1
3423,1327345620-455d50d0532dbbbb4512056e89c9a7e9,1
3423,1326331440-2202a1b48c9e0600f37f67437ca21a22,1
3423,1326310200-9219bcf67ef88b99a3670302ba97bf22,1
3423,1326331440-d6b61ff4eb80728265f52334fb3c5faa,1
3423,1326333360-a709825ba10fdb2e55bcf93ff26abc58,1
3423,1326329820-6963fb7dd80baf28c6fee534f84a993b,1
3423,1326333360-9274d65a24101e144ce89b3620544b5e,1
3423,1326334380-1bd65d5e7ac107ee132f5acb4cde9a17,1
3423,1327646880-ce40fef62e3ac652ba3109b370ff3446,0
3423,1326241800-5a4d8f3e5a164dd3a0d8c9545a82fd39,1
3423,1327363200-46f99167057fe074b08c2231bbb01dcb,1
3423,1327112100-cd520fa1a8037a82ffb3adc1299e2e57,1
3423,1327530780-058db086a2510ae59325ca147bbc60a6,1
3423,1326773400-bb7cabc621dcfe583837cc0a87c74b21,1
3423,1327146540-70d235666b5b2def42cd8923002f19e6,1
3423,1327319340-6da8eb3b5a0d3984492a5d46c3395b18,1
3423,1323325200-bfeb2a1d7c3a77b132b071ca68871ec4,0
3423,1327470300-a3fc79d0333c60db75b7f488c05ba041,1
3423,1327501440-9d2f21593894649790a49a6dc5c1f661,1
3423,1320655800-53211a160cf2c2a342edf173363a70e5,0
3423,1325785860-be46524a8901445a7e751792db26629c,0
3423,1326757020-003a0212fad5784797cbc1ea26f7ed30,1
3423,1322006700-c38cff3200f12d91c74a9a6bc21cc3ef,0
3423,1327797660-401cef5441c674fa16c4538f2082643f,1
3423,1321932360-2368bace0644451b2f0817f87b877996,0
3423,1320779460-50c6725dc97cd736b574114e09c0cf2d,0
3423,1326808740-a5ee15ad008cf3051484097aea121fa3,0
3423,1325120160-a602ec872e07b11cc32df18f58a946d4,0
3423,1326380280-6faeb10a75c4aa6fe740e6f5ea820208,0
3423,1323272160-ba1142fd4fe0bfcfb0f908a86a10985b,0
3423,1322493660-d1153b3468d3f4bb8e054bd08ee4bf94,0
3423,1327985040-3cf4294c7316186ef499900437c4098d,1
3423,1327985040-36c868501561e05a5d2c8c433117139c,0
3423,1326834660-ba39dd0ba2b5312d232115b095da270a,0
3423,1326598260-b390c58dda338e90c596ebc893eb2eed,0
3423,1325671680-9b1924c13e876aa5dd2ed7634269c797,0
3423,1327860600-79220f480db819f845022eb67a04345b,0
3423,1325691240-85365bd704242106a3545afe369a47da,0
3423,1326924600-17a35946dade35329ff4c881815bed59,0
3423,1321950780-a22205649a58fca4e9c745a47be14a7f,0
3423,1323799980-ad7088fac485d0feb72b64e4535d1f96,0
3423,1327645920-174abb07d0d20bae395c562150ed6473,0
3423,1320127620-4e58327d2faedc86015a7d68af0c3189,0
3423,1325777700-1909b0ba0bb581ca00d77f5509d628c7,0
3423,1320714840-a6c95aa39ffad83fa3c1e866adc66875,0
3423,1321327980-b0effa65f17c7d56ced5274644d46c52,0
3423,1323223800-6bf72f8fc1eb5d05fb74e59a09ad63c2,0
3423,1325256960-51ebb0aa6b6a3b152d044d0d1d1d3e14,0
3423,1323483960-6efa0d3084a5d65f3d37490b31be7a04,0
3423,1324080720-0466c8f1e9f2538e23f84dd57469d38f,0
3423,1320931920-24ee55786e20c6a362b88c09a647d63b,0
3423,1325130720-a4b3885c3d4b3e8604136a731261a075,0
3423,1325756580-6e8ad0c60bb392dd1daea61a717f2fb5,0
3423,1321034640-563e5d62e8665f95a77a64163fdf4344,0
3423,1323198120-6098248667248541a1e6437c54c09ad7,0
3423,1322920200-ffd3017f44c69aa18dbd49c7d6272bb3,0
3423,1325197020-a06a17d2c97f458163dc828d5efa5494,0
3423,1320135480-c1ab2fbbb6d76289a27c80d8a5b94620,0
3423,1325195580-8fe5b63071974615cfcdaeb6c56867f2,0
3423,1325670780-70805b285eae9c9cef2a32a4360107c9,0
3423,1320861660-f4b7c0a238ac413518f666fdc58d7130,0
3423,1323988320-5b767cc0fcaefbaaa52598d912d05281,0
3423,1323702660-666e169ee4ed345fffa1f883f4e6eb66,0
3423,1323216960-9c8aef4646ad9f806b86ab43df6bbd76,0
3423,1324085400-f35c4a0af83a1ddd4c72548eab9c04e3,0
3423,1323751140-6997c895ee361a4096e194e8ccf5f82a,0
3423,1325671680-5db02be415c8b3879c9f3d49206e6800,0
3423,1325797320-f043ca7e77742d34d43f2f2ea12b8556,0
3423,1326951180-80c152406c6efb059766a0e94c756d71,0
3423,1326810840-0e8272194f7961e7f7e8e7568536737c,0
3423,1325800680-bdcb94a4c724b5a1b0569cf33f71eb24,0
3423,1325626500-fdd7912d06f97d3c23f993507d70c075,0
3423,1326598260-bb5d2647c5897b7379367280fd4b72c7,0
3423,1322452200-839cdb62bfca08dc24a804a290b10601,0
3423,1327056900-70270a1cc539929d39a46f44b0605923,0
3423,1327700820-915923a94da47af1e67348def27bf60a,1
3423,1325608680-797fcfc59ef9922f1914c7f794bcf724,0
3423,1320132420-bb6eb2288f3d47c3f15e7312d537fde6,0
3423,1325513160-24e6d0cd8a1328f3d22eb7bcfa520c31,0
3423,1323191340-db72c0df0b952242b8ec058f35036243,0
3423,1326845220-b7918e1bfaac7bdac89be77bc3d8e90a,0
3423,1322748600-d5e632c8680050c25b82320ba3358a2d,0
3423,1324501380-258fa5aa9668cc8745f03c64f9d46e8b,0
3423,1326066000-ad2407be46dc140dfc4c167787f64417,0
3423,1324521060-4131fe68aec7aefa378dc9222aa5ef62,0
3423,1325224800-1c1b7dc02243029a680f63a5f50ccae1,0
3423,1322723760-be9f4aea1c8d6e726671bda76cee2950,0
3423,1320249240-85ec1492cfed15ba1b940cf988c4ee04,0
3423,1327700820-bda5c182f73bf6b0e7e4758af6a4ca3f,1
3423,1327700820-7454b45333a453bf8ee3bcaaaff2cfe3,0
3423,1327700820-7338d13e7fad716d7f3a81f072cd57c4,1
3423,1327700820-66775da4d8c0d64b9ea11a088ee9b7d8,0
3423,1327976160-ca05ed775e7da3df568c23f01d91aa38,0
3423,1327641180-1c8f8a7b31f4452f16b4e7f11321798c,0
3423,1324484700-390476af9c94b56a857749298bf9e951,0
3423,1321425180-d479a028f3343008ee3f389ae848159b,0
3423,1327509960-0384254544617f842cd8973cdbf3a200,0
3423,1324282500-0f53db79e3608c07d737bfa39be85da1,0
3423,1320923880-0a61f6fb17776bf9c028af5056a6e2a9,0
3423,1322866140-0520e76347fd70878a78b5dfd1499b55,0
3423,1325700900-745a8ff0760a66e9bd10a11f51c5db9b,0
3423,1325818680-9100d05b64490a7e6127e42fd9ad6e4e,0
3423,1326383280-d11b0782a17133c28aea8e25693a88f1,0
3423,1325619120-5448784a84edd2e13ac4e8f744a1937d,0
3423,1327072800-85daff95fcc65db6ebe996bd6d386194,0
3423,1326298620-0c333da962c9aca57f7669c86d48c470,0
3423,1323092220-af9962861c4965350cf60c3a303fe239,0
3423,1325707140-d70be4b21aaa302d80449c5e6b013c16,0
3423,1323811560-19cbeff47d8f13a57f91afc21996a1ac,0
3423,1323193500-4879a6d314ceb781d47f4bdfe35ca9cd,0
3423,1325099400-b4d6b69679e2a13251a28be2a0a0575d,0
3423,1325756580-4dfe66898e3fa75c8b887fa7d738e68a,0
3423,1323449160-975d7fde36e5005fa86a88bbc1ad54e7,0
3423,1322802600-f8fefe239a7eeea0fae5ea87515cd1cc,0
3423,1320899820-dfa36c1e0cf55481b794d598ad540198,0
3423,1327645200-542907fd24a55dd5f050e0c672c06197,0
3423,1325545440-414787a0bfd90c6dcb6905164afcb2e4,0
3423,1323664980-ae6fb1afd27c967c39331667c7c808fc,0
3423,1321024680-84a500fa9380f63dca7b273b20f52efb,0
3423,1325093280-b7161066cf0036bf786812887bc6580c,0
3423,1324775760-7d983e129dd2b36e276a5a20d7aca9f0,0
3423,1323288000-baf505504b4dbca55056475864152a1c,0
3423,1325095320-b98c23cbcf8c6a81f0186de81cecd53d,0
3423,1326223440-a49a30770046766d381eb47e5499d106,0
3423,1322371740-6a0eae9b67e48e71d8a8def32e07ee76,0
3423,1327283400-2ce84f744dd980940c784e43c83bd14f,0
3423,1322491200-340acea9996055788807dcd0619440bf,0
3423,1320870960-694d06eb62895a5e3956275013518e45,0
3423,1323735660-3376e8ae4424534c612613223250edb7,0
3423,1323162360-f101e04df747c8be05fb22df77697aee,0
3423,1322847060-c246f54a0f688e38453995a3579db382,0
3423,1326612120-f49459e4632ffa4407a9e90efafb5884,0
3423,1326193860-01c69ce94ff8187d362e705994e41f37,0
3423,1325343060-0daf795c75bd5c6adb6cb4f65746f8d6,0
3423,1326778620-65689f32900bca9744105ecf73069ba2,0
3423,1326305580-c67d6969d414119e02d77c3a33730679,0
3431,1325728620-253fc5888334c2ac0631d8f9077cf91f,0
3431,1327446780-a5a242f7cff31bb744cab6cc529617f0,1
3431,1327710120-c6b57d440ef67503b049b3a481249b22,1
3431,1327526100-cad5b4c17a63b3c9d323523ed8f9acb3,1
3431,1327528920-9edd0e8458b4ee821e42ad50a9a5bfe9,1
3431,1327518000-8cb9a86b47bf3f1a57db0d0d0e086642,1
3431,1327509480-5b25daf1e1922ccdebbcd702a25f33fc,1
3431,1327512420-a498d7325983df9f4c8c36e44fadb81f,1
3431,1327587120-0d09590678c734b428b327acc1af310d,1
3431,1320251880-23562e4862d97aae5633bf3d0ee23ce8,1
3431,1326297960-0d818302164868dc5cdfdb68ff07519b,1
3431,1326484320-676cf7e20a58b603eea024db6cc1e2ba,1
3431,1326474540-cbdb8ddbc48718610f572808550f3f32,1
3431,1326474540-8b6baffeb7dc5165a8869d7258f54b3f,1
3431,1326484320-c2d077c3cb6f5723f6d9dbe5f5c8a470,1
3431,1327586100-031081220673449f72b90f179ea19521,1
3431,1327592700-921f7667e5aca8a37b4c6bb84c1263e8,1
3431,1326726900-b7b5c08a1d8589a5d95cbe10935935c0,1
3431,1327407060-8ecfe5a31259b6bbaff791850111c540,1
3431,1326499260-c14256dfbfb9bea9abdfd82e6043401e,1
3431,1327423080-0bf317e7061775db4894856aa56a1d29,1
3431,1326473160-af670bd536a48fbf5c4cf8ee740bd8ed,1
3431,1326481260-91db02b50efbd2ec0de8edc234ec569e,1
3431,1327413840-38c21d52e5024b25c637efabbf5cf624,1
3431,1327427640-8e55c1d08df4f9fcdebca85f53965814,1
3431,1320200460-2f01b42fb89ffb99249aed61c9676961,1
3431,1326480300-097e8af7e3956d239110ce0624219aa8,1
3431,1320878940-1119e98ec29b0b3157f7bbe945dc22b1,1
3431,1320839280-3781ae130ed7236aa4a0797711cd9fc2,1
3431,1320803880-d3158b81db1227e9877024d933972a7c,1
3431,1327844220-125e72729e6a0970ca0675adc5fa2ecc,1
3431,1320971940-aa8a8e1eeac3483edafb52b49992bcf8,1
3431,1327531200-cffcaaafdbfc3116be62a3145b7b26f6,1
3431,1326764040-68bef8d69dc129e4b81bfc5e3790c193,1
3431,1326735720-2e0bbc7e60ca4df6319e698598faa2fd,1
3431,1327525800-3a909c63d7f07b1ee2b12a9ea3ef7d0f,1
3431,1323796800-8b11101aa0792983a5dc314bf7dfad0e,1
3431,1326483000-f36833fd0847bc10346cf2b39d4b3504,1
3431,1323429420-44a54d7d174a58c004d625ed387d2c66,1
3431,1323463440-5a1c93b5f71cb87bb727ebbf0538c873,1
3431,1326486000-bc0aa24c75b33d8624aac362fea784ac,1
3431,1326413400-2d31b1fb4834dd81666145c4b3ddaa8a,1
3431,1320746100-7d2bf38759becd4d844ab5f46f0c32f2,1
3431,1323800760-411be44e18379f1d19c9154b47dadcbb,1
3431,1323787560-9646cd87c96faaeac44dcab5e2761414,1
3431,1323390600-f9127e8ad0dbd17bf1d0f8dfb65c04d8,1
3431,1327701000-5e4ea08f3d301f34c4682c682d95aec4,1
3431,1327627800-c43786c874c27e600119a12dc09f63e7,1
3431,1326496620-ad93a04769d4549b0898a18dce02e7dc,1
3431,1327689000-f12cee009f8a186e2214278703f9975b,1
3431,1327903080-aef32f3ac5b73e6afe743beb459507f7,1
3431,1320801960-8e93792c66df5e530e488ae8b7f850f8,1
3431,1322265600-3f1a3572d146b16146d4a07323265a78,1
3431,1327153200-6480fd09443dc669cce9911318af9a13,1
3431,1326143280-d46aa3e430b16b69860af435d3df32f4,1
3431,1323820200-d88add76d3c7bbc9fb9b415d7a7565b2,1
3431,1320200460-90f89ffbe1310b3740a70435672b2c63,1
3431,1323909660-80565dbf627c048480d9fc3b5cb03e47,1
3431,1323478800-94375e9893735bb9e229f89dedbdda2d,1
3431,1323373020-85d2809f9a42083cb641dae32affb176,1
3431,1326976140-b7ace2b448ba59ca13a6317004318ee0,1
3431,1323430800-20a1496a36097accf99a0b7b764ef98b,1
3431,1326921000-4945b21d103c4f11a4630ef7ff8c7c3a,1
3431,1327895460-6ea9ba63c422da2d2f76cf6e40979222,1
3431,1327867200-214ec1bb78fb1c1d8d989c50349607ed,1
3431,1326933600-0c48df3250c4757cb9234ebbeee4e031,1
3431,1326969240-07931fcb27195ddf51d113c6cff1da0a,1
3431,1321720920-483f46fbf16d7cc05149e140789bd840,1
3431,1322275920-99fe17975ef0260e56835161e151bb22,1
3431,1327762140-0168efb5991519bd37cb25c22156ad55,1
3431,1323484260-0a1f0fcd0bfd705ae2cd996fa5613a71,1
3431,1323521880-8e7c5a51acd661695a20c7166527bd04,1
3431,1327591740-58ab20503f0dc7dda79f9fbe920a7b00,1
3431,1327870800-fad507ab133cf21189f444ed1ff2d5f6,1
3431,1327270320-fbde21d27831f83e51d9881fd7861e92,1
3431,1321686900-093cf582473617355f1772802d31e30d,1
3431,1323415980-fc198db9fd2cc79030963e51fc9b5de9,1
3431,1327570080-2dacf9c9acb39290b24da1c79a809227,1
3431,1323395160-79217e0f1136b2f3fd9b822722439c83,1
3431,1327626600-6da4f26efd9f5503619731da75cdb4c7,1
3431,1326759600-03fa5852ab079573575eddbdcd3a4909,1
3431,1320397500-c1e75a0e5f95dadcd4abbbd741f5759b,1
3431,1327955520-14fb5b9f9a0f4856791949870d3b2897,1
3431,1327969500-b1d107fd7e79816c2f4465ff8636903e,1
3431,1327876200-4771951150cdb28e9dbc54256baec879,1
3431,1327708980-c3a20af4276eb62a6c8169c9409b1a56,1
3431,1326901800-5fe07dddd610d26dbbcd8f798655878e,1
3431,1327962000-d45d118ebc82641c02b93e88cccb9586,1
3431,1326139440-b79c1dea4a2284ae5e3bcfc63ebbf432,1
3431,1327959120-61e99daaea47821fef967d9ed32d7dc7,1
3431,1322288700-64577dcaa84b5a4b2a53be7296b680cd,1
3431,1322558340-49a15ae5a8f0c0c2a3eb17968e222a31,1
3431,1320425700-5c3e12cd4dc8b159c170f16800311653,1
3431,1322529000-1e40c203a3f35f969cbcb42e09f2fb45,1
3431,1326149400-f4c119ed2fe3c4b0dffbcafe8ee3e589,1
3431,1322597280-412c518ffb0d8827f1912f348126c699,1
3431,1326726900-9744ed0a8ba66d5cfbf8d0a43fff9690,1
3431,1322159700-d4de84d5ccb1d0eabb49a3f40023f956,1
3431,1326133920-1d7f4c1bb26a91c1d7b999be901ecb3b,1
3431,1322272800-a06f25e1e7dbb4389ac48313140d4097,1
3431,1321657620-cf0c66a3a9a8b3f509ec9c91b8c941be,1
3431,1326428880-bf04eafdda710ea5ca630d5d5855261a,1
3431,1320971880-04430fd7aebb3006049f4fad332da347,1
3431,1327683660-69d1bb1e80822aa87d59879cd30bb509,1
3431,1322007420-c5badbe163e5335d64bbcb7b18300593,1
3431,1326220140-99cce730326e640cda6fecb1728100ab,1
3431,1321926000-0a10573db34827cc53dadf08cc8973ca,1
3431,1321451880-091903b783f88e799f30b56b53e5c0aa,1
3431,1322159460-44e3b7fdd339a3837cd8a1a192825c76,1
3431,1327703460-1b93c5228f34d0b4efeac06c78b48001,1
3431,1321641000-6c5c5d1b37443d92b28046fbb4ffee5b,1
3431,1322011920-0545fb14fda9efba9ea1b50c7a37bd04,1
3431,1322600340-fddf621b59c5265c2f86945b4395ade5,1
3431,1323712800-71b522416f1a77ec57dcc8d4039640b1,1
3431,1322596260-5c87acfed5e60d5e2f43ad552f704a16,1
3431,1327923900-dc734088d90fc929bfe3ac7358ca362a,1
3431,1326733200-4d2db39b19e522e4671ff4cc14cc0b9f,1
3431,1321375440-0def1c4e559864aee0827eb5f4a186a5,1
3431,1321358700-7b4c67646903029ce2af68541f4c0f5f,1
3431,1321920300-45dfef4dbd61667d21821454d22bed96,1
3431,1326386700-43f4b61427dba442bdb571ea2e0d889c,1
3431,1326391920-cea3f6dd122e06210095b5552b1f0cd1,1
3431,1322591040-891b039ed564a55e80f3c4195c34d220,1
3431,1326420000-09cbc6128565128992c74b3143963ab6,1
3431,1327926900-38c771d35ec66ad8629044395179cd09,1
3431,1322248800-1e9b27a839443e8a863b1bf7044314da,1
3431,1323802920-bfdba1c80cd3c30fec0159804c8f3e52,1
3431,1323132420-727338b0072edff41c034f4e8db7cb41,1
3431,1327862400-71a867833f8289708f75a53573ab8a6d,1
3431,1320422940-8471daf83d8efa267bbc69c0b6f3864d,1
3431,1323473940-9700deaccdc902d380626d38a16be5c6,1
3431,1327849140-9db74b746e5756cbc68e4785d5d6c749,1
3431,1323473940-7282299deb21e40cad72399cc096231e,1
3431,1323471780-320df069f92b37e1f6b343a7292e7f90,1
3431,1323471600-dec6371ff986c05f4b027c02c4e1b3f8,1
3431,1327872600-5c93d6bde065381945d2c247546202f9,1
3431,1320448920-bf00c671bb6272a31a79389a1a67c31c,1
3431,1320426300-644bb977fc8a3bc432077bbb20157b5b,1
3431,1320422220-dfd356faad6e5beff854f95764a1e6c6,1
3431,1322170800-1019890e8bcab2101a4621d56e24ed1a,1
3431,1327117800-c9d47eb04c5186ca839bf50d12afd960,1
3431,1320355380-34421fc826374f5a74f00239114b2a07,1
3431,1321433400-1d7c5d9d9c6058557770fa33302b2ee2,1
3431,1322596440-d7a1868299f64a588c0638285ba7a8eb,1
3431,1321047000-f9f9702fece70f7dee6fa35f0531176d,1
3431,1323471180-51079f1dc309bb04128ad9f67219428a,1
3431,1320956880-28933290032f4a3f41173d248190a0a4,1
3431,1323804600-9108a8134ac241f382507ac5a41f10df,1
3431,1326259860-f9dd1c3d1d30448f48a788260fa7d2fb,1
3431,1320341400-0b2dc3d5defab29906a0e52c9ac61a6b,1
3431,1321315860-21aec016c23329926b62ed71936588ce,1
3431,1320446280-0da2879a653ab3dfc169bd54859b33e9,1
3431,1320332700-431d402d7c9f274b712a55c1139a4c16,1
3431,1321313820-0881a0b13c84413ae7bbf2df3e655428,1
3431,1320448380-98c38a9cc32f10dfb644adb7e947159b,1
3431,1320422760-53c5ad5a8b32de8e4ce8edd1410bc7cf,1
3431,1320421140-46aec8b4d7061db0740f361f7cb54e40,1
3431,1323424440-75cd15250c7c79d572537847b87aaa40,1
3431,1327890360-54cac3bec51d1a64144f19f0857a1fc6,1
3431,1320443760-9310587a5f4bb37dcd3fd6f180e0241b,1
3431,1326106800-d60d4538c5d24c61c092db315863dc3b,1
3431,1320904860-d1c7acf2d9186b9b6720750c704c492b,1
3431,1327869720-35ef25ccd6ca0d9a3cc3ee2d993b6207,1
3431,1327611600-32600b1f3f38a0ac8dbd6773ce483855,1
3431,1323472500-b8152bb484d016d501bc5b706348ac2f,1
3431,1326834900-61a3cbc4c3e816615316ff0be0b0afb6,1
3431,1320334920-b93d8a9325f7bd9deac88d32edc194b8,1
3431,1323737400-502cc04aa11ebcc4b71c09b2541a63fd,1
3431,1326834900-f91c0599484f0df1f5fd3131d50d7bd0,1
3431,1323337380-60b18ce0864cc383f3c547db717b1e89,1
3431,1321927800-4d9215bd6ba021c224558e389173db85,1
3431,1327848360-47c33d08b684c88e9d09b7e279862433,1
3431,1326155760-b6e4cec836709edf8a228f892b92b9c4,1
3431,1320892140-46ae69474faf9c5c2735d70c975d1de9,1
3431,1323713400-490cb0e833b8c25be2d47bc0caf2f709,1
3431,1321929900-f1815550637d78efe7144a68abf173c4,1
3431,1320332760-3a8335b564d5075ae6d58465497c5bfa,1
3431,1320889500-cca83278fe09d3abd6a3fa76c90d8e41,1
3431,1323366480-4bcc5bf3ef61bfef2fc44f19c687e0f5,1
3431,1320878940-320f6d6f89421c73950093b5eb1a17d0,1
3431,1320890100-b99cf626d18212baa9a0849e49909d43,1
3431,1323360960-0348398353e7a7a33bac78587f445424,1
3431,1323371400-5a70024310c15dc1bf2e5a925a0f28c3,1
3431,1323482820-b02fb31a609471f2f5c9e7ddbbe895a7,1
3431,1323372120-9cb86d0d5871491c9df9ba1ad2d7578d,1
3431,1323401340-8c67834235069542a7eff9a1309275c5,1
3431,1323390840-3f97d2bd617f7ac9a75f4057fb501703,1
3431,1320946020-54f6d393c79869aec7b0c0e990419368,1
3431,1320870540-a012ca5cabbee9b122d911fc59f2cfa4,1
3431,1327412760-ac6872eed215923d5fe9618897eee4a4,1
3431,1322526660-646f5c7040c384c3dbbcf357cdae8d4e,1
3431,1322839800-b52c1e86fd677024d14be6727d5b5aae,1
3431,1323733800-f8398676da9a64997eccef7d137e6662,1
3431,1326915600-87800490cfe48f42c302eed9927123b4,1
3431,1323130320-111dcbadd9508ea8301fca7b7ada3c1b,1
3431,1322575380-a14e13b4e6b66bd5191a25e7dd380163,1
3431,1322512380-1b0bf1b3e97fc067a85a434a5f6652d9,1
3431,1327908780-c1764a588fb42128ed6aec3fe5bf8686,1
3431,1322008200-698870a3f8344a9a9c406233e7e29cd0,1
3431,1323134400-30b2f7e9dfa48be49400ffc5b017fbd0,1
3431,1327871160-d319cea2187918e2c80b51147d00e515,1
3431,1320867240-18f119be46c036c8dce0affd03c05cc1,1
3431,1322653800-c120a8cf419e3f6f58adbd6dea7a07f2,1
3431,1320937380-18c2349ecd85ad126be996bb4f2e167a,1
3431,1321653540-b3b775efb5046cc8a269d25230547ce7,1
3431,1323373020-8f818bd76ad6d1fba3e7584a8663f645,1
3431,1326232740-a48aebc6614ca3d205fa81575768c3c9,1
3431,1322078820-4610e5b16791e5385b402a6a4d72e0a6,1
3431,1322615640-435a68bf39dc2665da862d4f5fd453f9,1
3431,1327633260-acf91dd8348954b69851aa5ccd02272d,1
3431,1320813180-15430ff2f50f406e09ffebc79831381a,1
3431,1327928880-b15ac528509e615307bcf1db0ead5b3d,1
3431,1327676400-b0d395dbc39393c96f281c2941bb4277,1
3431,1320791220-18b388689b845a8d48213fd066539480,1
3431,1326909180-30377838686fbc6fa0ed0192c57b2b2a,1
3431,1327627800-b272538886e137a969e257a0b851f514,1
3431,1320780720-91896d84bb1804c4565238ec4ce5f10e,1
3431,1327957260-40bf578caafa008033e71d1b49aad860,1
3431,1327903080-077ae5afed1c026c75779492c437f786,1
3431,1327763760-1eef7195e64c0acdaffed81971e21f57,1
3431,1321458120-1901b571862fef7b112ad15520d16616,1
3431,1327429380-1e59a1df8295a76a1242841e28d4c03a,1
3431,1320948120-d44f0061733e3b3b57ff8a6716562c26,1
3431,1323369000-9d16887cd2e770bba1f99e2e95eb45fb,1
3431,1323371400-0de2d72f1c548b9fac87e0d6e7746074,1
3431,1322512380-82b5e4b1dad96c1d24fd17bfa8a61c54,1
3431,1323406440-f983f2766c0cac21b27aeb435dcd4ed0,1
3431,1326243000-0a93f40be07d1d9c1a27cf290b402cb3,1
3431,1323472620-bb2ab505cfdd2df2c8681135cb8a3cc9,1
3431,1326934200-20af874ba32e48ba1d8ed02116b66083,1
3431,1326909060-0647a36c1ca07371cabf8d857ffc7104,1
3431,1327632060-d6b35cb5ede843fc61919cdc1c4ceacf,1
3431,1327601760-01377811cd78254e94ae02077560491c,1
3431,1323372420-63cc34d572fd160ea1efe1f26150af69,1
3431,1326106800-c7b7cb4ff77b0bc2308e4334af0140e7,1
3431,1326739560-99285c164381265abe949586ac6d2336,1
3431,1327459200-117e960b900be39ae6cc7a98dea1e848,1
3431,1322511900-3a0c3e17f69d22e860101d5bd0791216,1
3431,1327417860-5b2a20da38ccad433c911c795003254b,1
3431,1327745400-b3ed89cba05f8c4a9a666b476aa363be,1
3431,1327684200-0cd43ef36feba62335ac54206d57b9eb,1
3431,1322600520-dd271aa75d1a8400f4b1ad60a06bc957,1
3431,1322278560-bfb8327fdf8e47677a46fd2a97524629,1
3431,1326820260-8116a0b3838008d5c20eff08769b941a,1
3431,1327705500-8678a5865344e1ed53e8eb6226bf95a7,1
3431,1326847800-c44984ec83af5cf56ed4f6a5925994e2,1
3431,1327879860-ca84bbbc13f22a1e21775d09f8eba0d2,1
3431,1327518360-96f88d94e91382d0f27575b01cca9ecc,1
3431,1323177780-97c9507dfe4e2141139a5776918191bb,1
3431,1323910140-71a1b40695e03187d521dd2583ef8de7,1
3431,1326241200-a2428343828d1043e8869b5e2e680db3,1
3431,1328041260-78d1285c6e526edc1db0f28228df8542,1
3431,1320167400-a312220ce037abd54745b9e6f5473e79,1
3431,1323481500-4c481e38ee334914e3a31af9ce6d172d,1
3431,1327851120-03eda7053ba7901317d3e5497f361bd3,1
3431,1326134460-7fbc172e90195299f7c05c92a043056f,1
3431,1327881600-761a6ac3871933bb7d1f2ed881e0892a,1
3431,1326847200-1b5e8c9943717e883aff5a3a7152bb96,1
3431,1327801260-a1d1c4df848404dc0978dfa48ae651ec,1
3431,1323402840-20d5bf2eb8ba32160cc5127e43d08c3a,1
3431,1320420480-99e1aa94b0c117475fe1cedef60f0f9c,1
3431,1326128640-25a3ae1831468ebcafa7fd5e249ae82e,1
3431,1322104080-feef8c07122a200bfbe6dcd6455e6773,1
3431,1323131400-3d540063b152349158c5f8927701ad94,1
3431,1323739800-842da5e358cee443023c5665e9100d6e,1
3431,1327506780-7e9bb31dc3bcb46fa53b2b28d90e8335,1
3431,1320445500-f1c88aa0264ce5be1b781708293ffd84,1
3431,1322602680-253c7f56b070e894c63f5353d8ed6e9b,1
3431,1326739560-c0b3c31229779ffcaa7cf41511c51e22,1
3431,1326134520-51016b895c6a4c03e3904cf6fef84fe5,1
3431,1323392220-049734c02b921eb4bcf78c6b697c884d,1
3431,1326329400-da7caba44d8af884bd02fe1b19dd5f3b,1
3431,1327616340-842e163d1fd9c5eae59de87291ab5c6b,1
3431,1323719400-0946faa8b5b3bc3628d72ef9b09287a4,1
3431,1323378480-590b9c5eb4eb8686280082f24a4661c8,1
3431,1323373020-da3c7d4e757412c19381b2657b51e90f,1
3431,1323372180-9a39f2392f3321712982c450e74bd08e,1
3431,1323399000-648380be253edb52aa15804d76e2daa8,1
3431,1323434880-78016df7f74129347188c2f4c387faf6,1
3431,1327953300-888fd7b04eb0dc5fecce2d476d830427,1
3431,1327903080-4c7c6c5d5ce7f46fecdd9272d8e36ca5,1
3431,1323377460-d86efdfb43bbacb6d6360a2594e2011d,1
3431,1323793020-de10502c618c7b20d6e572e2b25054d4,1
3431,1323441360-b71d2dcf3dfb486054e8983801977e50,1
3431,1326132600-299e89227f0c76934886ee88c5e34dc2,1
3431,1326211320-c8ce56d2c6800307a6ea43f096fdd9cf,1
3431,1327520040-8163ecbebb033e5c9bde79cecce4f4d8,1
3431,1323478560-f5a4807a0863cd2ed73c020cb6969e03,1
3431,1327928340-cf4da74c727bc6a790dc7d495a62c299,1
3431,1323412320-f11942ec2def9f4c3dee78648be3a726,1
3431,1327680060-b41263d4d7bf3d115ce4ad3a8449f912,1
3431,1327684860-cfdd34297010e05e700231b70c6c2f1c,1
3431,1327530840-d1004e124dff190e832a00d5ac8db404,1
3431,1327863420-25ced3db95e646ce096b8fcb50bf652e,1
3431,1323396780-2b8d80d934bc7bdca7c9069809586b7e,1
3431,1326734160-202783d89c441f260e6b8f1072e872fe,1
3431,1323400620-9cf2cf40e1b100dc34a778b44b61c93e,1
3431,1324867620-19032c86ade41bb992636d6779b876c7,1
3431,1322533920-7dd585384e091f4b34f239c0d229f122,1
3431,1327803000-acde8edabcddfee51f1bd434dab350fb,1
3431,1327956060-b827d6d805a8fff436912e52691128eb,1
3431,1323361920-a4509994d844b4ef362711b19f85d031,1
3431,1327864800-88286cbaa886a7b0605d8abb49adb3a1,1
3431,1326213600-713c1b494a60f63c7513630212d14dc4,1
3431,1326220440-c58929c323ee84a9a77f932efcd06e87,1
3431,1321322700-29054083ef43a3bbf82b1eee72ff5595,1
3431,1328053200-4d264c12bdf7923104d2b86ba85247b7,1
3431,1326308640-3bfa1be08d03de39e044b0988f978eca,1
3431,1321306860-9f81df36e13faf2e4b5266b82b6b81ec,1
3431,1326310860-d3c27f775c048a224730e729cc7640d6,1
3431,1327701000-467e9dc74d404cd06b28925c14b3849e,1
3431,1328056800-aa515a906aa1e2a90705d2d85f094197,1
3431,1322616780-801ad32eb4617ac8a4e288441b9bff8e,1
3431,1326307920-86760e6c5667d96d9790138ced194b05,1
3431,1322616660-5c8bcedec86b0cdb7e8d442a0ee43ce0,1
3431,1326294960-98d583f25043059418481ce45bc755f1,1
3431,1326306480-b5238ca32f561cdafbade92ba7770b63,1
3431,1326294660-39e35509f5f3d5793506856112617141,1
3431,1327818000-bf89f37c5567d083fe2f8025412895b3,1
3431,1326835140-f71f0c768e2f82e7f3beb1b8a48261e1,1
3431,1322615520-888bfea58b32c9a67590b0a1f96970aa,1
3431,1326832200-1cc7273e0b45ea31b6ec926cb9cceb8a,1
3431,1327701000-7862d230d2a4a6455eb2877684ba6c61,1
3431,1323482820-42fb0d640b467852730628627793c265,1
3431,1326222540-c24931c76a5a5c3c2776923100d9bbfe,1
3431,1321293060-b6a377e0d52669f4f7a858ebcf2848a0,1
3431,1321391640-84def67b132f0f9934f0b5045284e004,1
3431,1323133320-d3f0e9867ecfd9a3abac1fe25e50057e,1
3431,1327954320-8fc441fd46f1612980c899a5a0583154,1
3431,1321388760-8bb3bf4a9bb46c6661e572f2944c29b8,1
3431,1322580840-9893a637326a44c9ef9aa953f53baeb1,1
3431,1323406440-5b1d6dc2f466bd44346ca6e7978ab2e2,1
3431,1320320580-73057e4c45563007d27d360795d37876,1
3431,1327865460-b07768344e5c7b1690d6a905fd0fef77,1
3431,1327683360-285a18d4d7c5f8eb796335f110b6da6f,1
3431,1323406440-21c7456bdc9b9e36ab2d489bbee5db45,1
3431,1323471120-24759b259358e1b2430b0a8e104e05c0,1
3431,1322621040-94a9287e855df2dc0f53eb30251105da,1
3431,1322596740-bf9ca8de32ad1478f1715cb39599f63f,1
3431,1322681820-aee3da7b92badaf54bb7cd07c3dd6a50,1
3431,1322615400-c2831c239f1347caf1995673d277708e,1
3431,1323397920-447c0dc12dbb6d7a33eaeba4688c35f5,1
3431,1326139440-283b73432e6f593a0bfb9edb09476790,1
3431,1323456300-9158f904881ab687d16f80e9b1f59ba7,1
3431,1322694660-9bce328de4d9809249376360db7fa1dc,1
3431,1327611420-6bae21a64c4c07a1fae776ebbceedf2f,1
3431,1326138120-18eb6ba46940ac3b4877634bf6000b80,1
3431,1327602840-06751c7ddf518b389045a63e4e7219ab,1
3431,1328042520-d9b1d9a7fd120eac6ab0ea8ac80f4af1,1
3431,1323412320-542b2c573eb12f40d816092891111c27,1
3431,1320976080-76d1586ce00b0f16d99a7e46b5397976,1
3431,1322615220-bc2dd8344ace61a02253a0bdc0ba114d,1
3431,1326217680-413ef4117e7201396cd0b2d55407671b,1
3431,1320436500-50ef11f865ffe40f5b3bba6b926240bf,1
3431,1320446880-449d7acb3235c264b49844a47dafb764,1
3431,1327627380-1cc2c3c0116ecbd43a2356953d92e761,1
3431,1322657160-3b773535f9216c0b872e9d2806e5272c,1
3431,1320879060-d907c197705d96eee794910afb7f00e2,1
3431,1327592580-4b4d9f1377b7388a100f204a5a1fe26f,1
3431,1320438420-032df549a4660886677756c47616bcb1,1
3431,1320805740-fdb2a6f8640d73cd4d933de5b3a73887,1
3431,1322078820-f014df481c0ff2ae45fbaf6dc6b6045d,1
3431,1321398960-5e115f90c1120aefa2f3021e813a7716,1
3431,1320437580-ff2e36798cd6fce80f4f79aac5fb3cf8,1
3431,1326215640-1ac902370ba2b15905b0138a012adf71,1
3431,1321638480-4ce48893eac38bcaa30143c6b92e1146,1
3431,1322679060-5311297f4c6eb96749ac5c7db84bf9d2,1
3431,1322610600-2229d5ba517f54e30811f96451e38953,1
3431,1322575500-bab2d26a3d52c907710ee7d18b40e2ef,1
3431,1322006640-64d3e715a7375995e7afd172108dffb2,1
3431,1323395640-801b9ba438ec9e8a65995848f9c9b1a4,1
3431,1322615700-99ad0000cbcc126081bbfdb494834f8d,1
3431,1321388100-d48950b13c23757c96e791b75f2bf7a7,1
3431,1322655240-18b08e3f0103de9d4e63bef9a6106b43,1
3431,1321415520-0100eca127fa6421b73ce8c223e2696f,1
3431,1322620080-417faebd6d23ac93abdb2a4644737b0f,1
3431,1323402840-08e0e03839f72a13c3a528a23e9ae185,1
3431,1320966120-75e1e2795fdd97d51805d7774c5416e0,1
3431,1328007780-df6a6c8e8855af3ee2f0ae2c0b795606,1
3431,1326156000-593d4221342d0f34ae3fd9c6249192e8,1
3431,1320434580-86c2172801bd9a4bcf51028239c31dd1,1
3431,1323402840-0fb87ed48eec000583f6928bbf6c2c5a,1
3431,1320957240-f356c7536eb66ba1c7bd83eeb0ea58f5,1
3431,1320972840-b1a5e91cf5990e1363d6f060ca74421a,1
3431,1320957480-65fdfee32ae6106ac82cf6fe7b648695,1
3431,1327866720-a8744fdf3e99e1267752710ef15072ab,1
3431,1327873980-57af92c82c4efc5688e6d4a71540272d,1
3431,1322661600-99bfa22065de9796ed85e6b54444c9f4,1
3431,1326794640-c4c53404f8a9cff82a0911326f2f911f,1
3431,1320436860-b3496ba084f4f5f5cd161f4b77e43bc1,1
3431,1327809600-dafd1b2fa0809870ea68b62814daeac5,1
3431,1323477780-b95d8ac09bd6accdad09bfb20545281b,1
3431,1323461460-87325a7e0462e1327759a7ede75fe514,1
3431,1327871220-9528dbc4ce35ed46ae840ffaf9cd2ff7,1
3431,1322661840-bac9791efad3e13fcaf975466d7d343b,1
3431,1327966080-0605892671099189a0e9fdc2025a19f4,1
3431,1322144400-7784eb17c25d139c7e78c83c6c9b708d,1
3431,1322150100-d5c6dedd4a08aaf0bc9bf368d5772b1a,1
3431,1324928280-54d16bcf96ee9a05d6df900766463585,1
3431,1322148540-72f0282523bf4318b7a214a6ff9dfc7f,1
3431,1322225580-454ac154569e177a24289001c5d2f3db,1
3431,1323993960-91f9a71f358736357a817de34dbd36fd,1
3431,1327715400-b8b2e6118f717534fd12531541db256a,1
3431,1321992060-3a64d439344f1a87f53f7c2cb6c9e8b9,1
3431,1326223440-728681881abf9555617dfb69f59856f1,1
3431,1327483200-c8acd016b980b75a28070c2b66e0fb03,1
3431,1323898800-6f9b6975bd64a83502d6ae27820ce0a3,1
3431,1327905240-c4e4d9e509b99f3deeb572f91d3f73e7,1
3431,1326315360-1850c3a47132f5efbcb803dc02c376f1,1
3431,1320337020-52ffed85ef1b9a1232f17d969c573289,1
3431,1322134680-1472919444243a623015c1106712e891,1
3431,1322111700-a371085a6612cd56be41d9bc608ce327,1
3431,1327770600-5ae4cde05e7b35bc411025d3ace74010,1
3431,1320336180-fee8f8ba64ab2f506f5fd532dd91efcf,1
3431,1322197320-a64f51582dabe044ba00704daeebdee5,1
3431,1327966260-f27b0aa1026583205b7a797aa951a35e,1
3431,1322259600-d335604e4ddcc72eb20a993be729b220,1
3431,1320336540-5794093ba00206d9a26cdaf53f6feec2,1
3431,1320334800-86d0e4a8bf9703881e46fd42aae16a7d,1
3431,1327960800-67968cf1ca6b01ef7beabfcefa7a5491,1
3431,1320333660-91b8fab4e27b1692fc8f71f67f00b8bb,1
3431,1322094000-a322993b3693a7c996f04bce4c227885,1
3431,1328029800-aec809add14a8ff6f69ba27ed9024180,1
3431,1322012340-22821edec3bbf3eae3f383cec9119f15,1
3431,1327797660-11b8bb2f1c29ecafafc8a0c363aae519,1
3431,1322367120-815b1a1c4923115e28ecc29879a07a46,1
3431,1321377180-4b56fcbe088ae099ff515ba58e8df46e,1
3431,1326403920-17a6c50da551f3a7b832d4741980d24c,1
3431,1327175040-7838450dc71820855a0d20edf054bdca,1
3431,1322301420-5b0db90263b751a4fb2345846c440fc4,1
3431,1322265660-307563809bc753b370b984582a24f656,1
3431,1327634280-c75e068d8104cd8619a95ab09a826702,1
3431,1321385280-8c963edaf76f2f19f4d4567dcb4dc106,1
3431,1326829800-70bead97bab6a9915d067dd92ceb1f3f,1
3431,1326851400-572ca5b857ddeee7782947b8fca57890,1
3431,1326297960-cd34578a5a8b1c197eae3d318e987703,1
3431,1327950660-8d5def2b4035cc19a765d482d4f0dc0e,1
3431,1320925980-4db1aa7087573f79210100ae60cea096,1
3431,1322329200-4bd04e11d031bf7b6bf729f912e964e4,1
3431,1322013060-8e3cfb2d98e3ac400fc67fb0445944fb,1
3431,1328029200-9d9e77ecfe60c937f371d00c1e291b65,1
3431,1327952940-ff7b581e8d575aa7db6aa544f7542222,1
3431,1321316880-0811ac3f5a52051b341b8fe3669545f2,1
3431,1326856200-59080b430f59f4116e7d96eb97da1ca4,1
3431,1326825600-0dad029adb21e0496205b24d57713659,1
3431,1326406260-0471dd63b5de2e59ff854c4af62e9164,1
3431,1321415640-b3922a55fb546e4427239ab819f05a93,1
3431,1322178000-be62fb1d6ce2c6825935b1edbdd091e2,1
3431,1327953840-ff408bf4f30c81fd46e6bb8391f7df03,1
3431,1322693160-dad3179cfbce24af7fc2c819acd618ff,1
3431,1320714780-5893af87c219b9aef78b726db18c3e67,1
3431,1326394500-036566e848a188a5f1b23a28e1f9f697,1
3431,1323484260-056a96356b58bf4588c6ebfe0a2f6ebb,1
3431,1327951500-453c663024c61c3f47ed6582d0f3a888,1
3431,1320714840-c1a29fd26d9d0259ffe4bc7987ba925f,1
3431,1321047000-9ea64f4a95613d7791cac112c4fcb3fc,1
3431,1326383040-ded98697d92009438df31a67bb55b13c,1
3431,1324831920-f30377290720b373ad7de2529641199c,1
3431,1322596740-01e4836019c03b53a46770e48ee85b40,1
3431,1327955760-686514f6815495f14b216fe5fdb784ca,1
3431,1321387860-6066ffe57c5e91f280fef9924b70f3dc,1
3431,1321335960-fa30d685db4327eea78223206bd24b68,1
3431,1322650560-bb86b3bf155ecd8d5c2f583c87c784fb,1
3431,1326217200-3ffe685d84b4257bbd5ebfe291c84a25,1
3431,1320713040-73f0d63f0808092ea070a186b0209e2a,1
3431,1327961400-89591ac5a730fcbf77e7476997e10610,1
3431,1322158440-7f0a536aed943173ee7b2073db92b657,1
3431,1326288180-b1d58ff0a642be20d1455e4081d3cf71,1
3431,1326406260-ffa37fc2d6b6ff6548e72357bc85b38a,1
3431,1321425360-44bb18970392330ff97e8463f68ba455,1
3431,1326219660-4b5178bb8f7ba444bfd0915e307d4a37,1
3431,1321662840-09f0dfb5705313805dee7b9010d8ca69,1
3431,1324928280-9507c93c9bf8b1bf6adfd17ecf63b7b6,1
3431,1322703000-d3d8272e5f50dd30727a88f90e4ee94c,1
3431,1321680600-2f84a6377f5a13d14331724bb65f92c1,1
3431,1323396780-3a5d0949ca83dbf979ed8ff90bb6351c,1
3431,1321675740-7612a5ea15787cb1b604eef07601e5b5,1
3431,1322300700-399b18d05ccac355ffb9719331a4b2b4,1
3431,1320783060-1faa78983ccd22e821f8e00a98a1f4f5,1
3431,1321662300-097371017765a16b39b134a838173645,1
3431,1322621040-4858e682e14808afa38f2ab70071fc3d,1
3431,1323184740-916bc35dd8b2beb21598ed73abab46c4,1
3431,1324829100-a02dbcb117ae2f990c7c335dec404dd6,1
3431,1322176680-4e46de691c165fc016fa3b0476e8d051,1
3431,1321653480-11273e58b48150f0e421551f82b45fec,1
3431,1322104080-beac649160ccb0b4cddac886dc27a683,1
3431,1323137520-26e399967905f1cc5113d64137de52e9,1
3431,1323136200-2cbafa85f947e0831a8a8e7f0403a079,1
3431,1322072220-2856ebc004fbd13b4debcf3ca5f9ef31,1
3431,1320732720-a086866685ee886dc949ea5b556dec12,1
3431,1322137860-229c4036969fcf1ad5a2da71ec477d6d,1
3431,1326307920-3cf58de818661bb2f0f1617305f8aab6,1
3431,1326489780-387d558fea07ca41639912c804e2c2c1,1
3431,1321349460-1982588ac129b356c7f54a7d1fb9683e,1
3431,1322750160-7332d170713001dcee5196d1b58f5322,1
3431,1322526660-5008eb2de9d37021023f892c2428a46e,1
3431,1326476460-cb307b3b204fd0a9a22199f53de8b91b,1
3431,1321435380-05ed8b3ec5c3507c4b9e852d6c23679c,1
3431,1327960920-8b1d1736801a329a7178cc5ea3e30ec6,1
3431,1324828620-42ef6b66eb1fec25d6c632a2c6188f79,1
3431,1322743080-3fef15697e22d9517ee7f584cc143b83,1
3431,1322674920-608eba2b0c377b690afb3e4c59682ad7,1
3431,1322187660-9561b41b6119d44ed474116326df38d7,1
3431,1324830120-8ef8906526a9e5a305462fd41660ef38,1
3431,1323802560-b0fe14d6f9c348b43c6689d59b781ed9,1
3431,1321447260-b743208e647f1957c12a8e73fca0c756,1
3431,1327781460-6bc85b1a0a34a572193322f647840d31,1
3431,1322764320-bbb148297c06a00de1966de010992c03,1
3431,1322167200-d92c69dbe05263f3bd31b6cd45857345,1
3431,1322711400-c6e413c7a01a938671962b54f03e35e9,1
3431,1327910820-87d56e032b45549443b3157c9a4611e8,1
3431,1322764320-6db225402f65637352d09645fcac1343,1
3431,1322823000-5bd3147078947ac1a10bada640039355,1
3431,1322093940-f0f7db488278ffab930f52f75189bf3f,1
3431,1321959900-f1a80c1d83f124b50e84c81d341ab7de,1
3431,1321979820-68252a4570d3c281fb5bdcd36a8f2c89,1
3431,1322617200-1972ea584d46dd89e7dcb38ebc68e74f,1
3431,1323882900-3e52e7fbcf2b4b74caafca867465ee72,1
3431,1326244980-ac091c691aaa1a779e15fed9a5273ced,1
3431,1322180400-fbf7afc15c780940fff501e38d726b37,1
3431,1322692440-4a22f2a2f05787115e9db8b78f10b878,1
3431,1322686800-a0c43a0371046fe06a92d4ec445a44bd,1
3431,1327706460-95f15725d140b9e39f3549d88d3d4f03,1
3431,1322063220-12325553b3282d07aa82b1e3b3610e1f,1
3431,1327894200-4a01fe5602b8a457c293d98ae0ef8890,1
3431,1322095200-fc44dd7666365b136945a7d632be9e1e,1
3431,1322526660-60cb128ccb7dcdb9c4e28fde3530dc21,1
3431,1321901940-9a4a10f670baac18fa8004b6c8b366bd,1
3431,1327544100-97507441bfbdea0017c7db429b3d38a8,1
3431,1321919940-2bbd86d98e6237a6bb96c336b1e2cadf,1
3431,1327908060-2c538bd3b05f3c8af25faab9a305ada8,1
3431,1321458120-45627a75ecc0f3d84257c1bf65c0362e,1
3431,1323402840-11f8f60ab27674151677f2682dbe30b9,1
3431,1327979700-9300e1d303fe825df7fa0c97ece6460f,1
3431,1328014740-0acfd854d97cb2da2d14f6bee686260b,1
3431,1327591200-5ada4742c8aa760a52d6fc2a755111e6,1
3431,1328016000-818dd8c3100d9c7f61b871067ad027f2,1
3431,1322740380-3f3fc992b7028a895c25d5772754342f,1
3431,1327977300-129f952908e789190957f5f101fac01e,1
3431,1320250560-105108cd3375119e860eb4f9eefd6d60,1
3431,1327710120-1b2a40b66716ba658e33cc650d6d5ea3,1
3431,1323138000-1c2205f3fcbb14d995b39b200bbc6323,1
3431,1322704500-1b497af3d19f809c2f43fd589541517c,1
3431,1322200080-0880f0d34919efa7e4c7cf8593a7bbeb,1
3431,1323250860-baaa8c801a410f277486a92d0af708c7,1
3431,1327989420-be50fb06da8691a4d4d8f17fc72af708,1
3431,1323186540-07066c5b4221b4436a2e22278cbb6501,1
3431,1320250260-63d6c8cf414960ac0dc37a54f634969b,1
3431,1323139080-37a0207f811ea47c022bfeb0d61652a0,1
3431,1323188280-bda0958ed6b1c6e56e9bd4a19a318db3,1
3431,1328015820-90755e48bb176a7e49fbc029441bcd35,1
3431,1320251100-bb41d681d892ca5323325a4656d17c91,1
3431,1327710120-6af941542e511719de9bd510770e2d9e,1
3431,1323137520-05b3b6f32a0f494965407b9a738f8dc0,1
3431,1323136740-fc18d43934e8b82540d2436aafc0c6eb,1
3431,1323373020-12f862648bc0b755bc94c737f949822a,1
3431,1323135000-a6c107c87440d4c2cebca5880f5ebf3f,1
3431,1323527400-82db7435401d48930e5298a5a52435be,1
3431,1323416880-3f98cc9225699229c60a8d87517685f9,1
3431,1327965900-7edf812e50466999e912be0530f63b0c,1
3431,1323743400-30b87a5bf9f00f9f09e1ec96976967aa,0
3431,1322514000-50db99c94189932ec49a68688fcdba64,1
3431,1322529660-c871939a68f1a282a635673fcfeec2ad,1
3431,1323703260-bdcf1da9c778c8c0825722d053572427,1
3431,1327710120-8cf300ed262709185304dc9a10f1a310,1
3431,1327710120-1a5282ee6c114777fa303c8ad45e9eae,1
3431,1321695060-f59a84ca28b24eccaff7c3f0438b84ed,1
3431,1324234980-bab76a4b38d8b6563dcff8c571879854,1
3431,1326913800-158461386efd2b0fb7bb0ad778d8e582,1
3431,1328027040-c77263ee661439f9348cbf00d4430e02,1
3431,1321704900-ca1fb32ee50ae47f72cb544d642ee700,1
3431,1327704060-fa7397b99d985521200ad85c9f99460f,1
3431,1323419940-c708d37563ec668dd165d9a98e0cfa04,1
3431,1327639080-746151f51b20f201071adac6cab3863c,0
3431,1327991460-933423641706835b82f80929b7128d45,1
3431,1327710120-431552b494b0458c020db27b28d5c2f2,1
3431,1323199620-9a109f9b35b4bb06253ad63fbfc47949,1
3431,1323412980-79850d277c726bd375e82b75d79b7373,1
3431,1321994460-09b4aeba093d2f6c4936763d7c46abaf,1
3431,1320889320-45e0c3782fd43b0dc9f90e33c3b10fbb,0
3431,1322449560-9634032c92de2b91f44457dea937777b,1
3431,1323242520-78088aaab3d6400de337e43eec00a747,1
3431,1327710120-cd17ddb7d7151c67e8f6031b1acbfec1,1
3431,1322121840-6d689f1c42e87c7d421ea958599b5ba9,1
3431,1321995840-b39a8583d558b3a9ada09f5138b78aaa,1
3431,1321999800-97a5bad47bb5695642f6f35c2028515b,1
3431,1322794920-b0e5fae36f1086baaf6aeaddf371fbff,0
3431,1327970700-a5578ca69fb11ff5b3457bbb94711149,1
3431,1325188800-13b62e2f63462e89bdb917edce62515f,1
3431,1325705280-8551cbafa368e9161fb3a684e3b5aaa9,1
3431,1326838320-aef9aaa8cff2e2f51d90790043c4ee8b,1
3431,1326210540-a15a03fd65383e04150a69fadb3f485c,1
3431,1321476900-f68a383e38c451e4f8e75fd26762150a,1
3431,1320692520-0e3d75fc61c7ecf772a12eb596393bc1,1
3431,1327466100-9917a178d991ce12e05994ac52f120fd,1
3431,1326567780-cfd97e56a7a7c4ddf27aa3b248087671,1
3431,1325720580-6698e181e9f3fd19c72b0bfd90b49b31,1
3431,1322829300-dbf38d5448074e89f74ba4f493163ede,1
3431,1324943880-067ca2a10ed9f51c55b083b8b8d6a85e,1
3431,1324505280-4bb7fc6a6a12e2c41691f4e696e88119,1
3431,1326292200-0a0d47fda5ae0cac347f8b1eba60f443,1
3431,1321805100-fed114bad46c53839e8e9276e4dbfd88,1
3431,1321465980-152519b15d67f376eada801663a25e09,1
3431,1322880360-b8a4ba0310d40e9d35dfce54c74a4a2d,1
3431,1326480300-571ec0eabddca14efb932c059dbc7b8e,1
3431,1326986400-bc35ff7d32b606989bea12bb2a27f4e7,1
3431,1325266260-99306f51dfff69d3cd7068c66d50337f,1
3431,1323386520-b5b496418c2577ea6f51bea180beb7f6,1
3431,1323173760-a5c1bb6ebe205f04c1e0ba7db142899c,1
3431,1321574040-a69188ca9e71368e52f90b319022286a,1
3431,1320673800-d5cc13257e228fe3173722bbed88f86d,1
3431,1322528760-7dd8aad3081f138323c305009aa3129a,1
3431,1320338160-37c836a46376405072a6d20ac0432a81,1
3431,1321881360-3694ae8aa478d98d12b03bc3d8539e83,1
3431,1325100660-c62d64cc748fbda878669db6a72cfa1b,1
3431,1323991260-6bd0c2723de5b04859072379b9385eb3,1
3431,1325723040-02db12233c16d0cc1b5dc513289f616c,1
3431,1320345840-c35a1b0ededd0b75f38146f509590fa3,1
3431,1322840580-525f35ffc9058d47906d02248c617429,1
3431,1327384440-12a809f54e422f040d601d44046c5db4,1
3431,1323531840-7db73c8daeb1390fd7624845f4c44a98,1
3431,1326848520-c58ed102bd8a9087ba707c28c35654f8,1
3431,1326659700-265889b980ae4dfd7176ddcb9f627656,1
3431,1322594940-1a6b3b207beef408b74d5f1ca3f3a79f,1
3431,1324748280-0343d5cc4ec7ea6abf11a708417cfba6,1
3431,1326139080-be7b2283a5358e3ec565ab02ac881b73,1
3431,1324393440-9a0d983dc2d2978e88370333967fabf5,1
3431,1325164200-580ddd0937ebfa693156296d579788c1,1
3431,1326139080-0561d8ba5d062830f9540c80410594ad,1
3431,1320762720-41f137b5149fb47b71056c47bce1c739,1
3431,1321117800-5cf882a513964fabe9ae04bde07be409,1
3431,1327261920-f21fc3632b597442fac3d62d94c0c6e4,1
3431,1324218420-8375864e6970256acc980aa84aed0615,1
3431,1325358120-ace17a7b18cf688ef2eaa0b1e5d361c1,1
3431,1325771580-09ee15d6c16a5e03ade2a569d77b30ab,1
3431,1322763780-c206c1d5cd5cf0a5b9aa342a9c3c3cc7,1
3431,1320795180-90688cea1edd1910aa99390d1ddcd9ea,1
3431,1326981180-b9e39daacd612021cbccc36228bed4dd,1
3431,1325358120-f839fb407c2c8d811f2d7c65b4800122,1
3431,1323397260-ccee063a2080e243fe0989e5eb913740,1
3431,1326838320-c39afe034cc4eba503bf428301fb7050,1
3431,1322103480-11567b79a057b06ba498f1a832f0743d,1
3431,1323282960-9a93cf0ae3b51c0f7242925dc5215a77,1
3431,1325723040-d217d81d448f5c4ceb64956960a88d13,1
3431,1323895500-40521472800658c68a474e4e27ba86fd,1
3431,1323623460-8e2a51d8d33c8bea1d4094f280986494,1
3431,1323348780-4cb9e8cf0a9503a111ef71527f3232f9,1
3431,1322018520-a491ff519fafda3c0ca7f13e07636f24,1
3431,1321995780-bc53dd0d40548122c329cffcf50e85c1,1
3431,1321298640-f82d9d8e42112987f9a3288719f63219,1
3431,1322625240-ba5e7232cb2ddf8e53440f8dc5277bac,1
3431,1321036800-232d49222656dd5e8f21543319eb84d1,1
3431,1325108040-bdc2a01a6a34471de0f3823f1f1c0792,1
3431,1327180320-0957a4145d612f56f4817509de99b695,1
3431,1325516400-1e47b205a016e2c505943d926531fa7c,1
3431,1325715600-6af56bee792b9f73623cbd6734eee92c,1
3431,1325807400-30bf72702cc6c3f54ff41e0d02d80fec,1
3431,1327588680-03f433883ae7af059209eeb05e7428ae,1
3431,1327874460-6874cdccbe545ac0905030641556121b,1
3431,1322250900-19bab60b17ef59133b7675cfa1fd1100,1
3431,1326927120-2f316840cc74198252fc5e0f8d1845eb,1
3431,1325868600-67aeb69606374870d30f6a9c598566f0,1
3431,1321916400-478a9fb6960b5f914a55057474397e36,1
3431,1326557580-a8faed16af4b9bda878e7d3df658b8b5,1
3431,1327068000-b08157975bf939b43fb5bc80f5aa8af4,1
3431,1324656000-f85e19a643f829e8b14accecb302ce71,1
3431,1324068000-26f3c92eb0929dfaaa77b46a68da78a9,1
3431,1324046520-b9c8ad8434a85f830ca5ae855491da21,1
3431,1325449980-fd90919193089ea5ef252be79b0677ce,1
3431,1321449840-86c299540441a61332ec411bc37996d2,1
3431,1323887460-bb5c96da549a15c9de6d9ac245348e00,1
3431,1328042820-fbfd2be0719bbf2d147416a17a801d59,1
3431,1326113640-7108e0d9076aa1a1b9f650fffa631d26,1
3431,1328032740-7c7f246b4a6107ffbd8903d622ac40c7,1
3431,1327609140-6d586dc5da0d1a7333a4b458dd4f8d0f,1
3431,1322608140-0bceaa03df0b8b3b97838e91eadc025e,1
3431,1320718560-dab7b0c4c1bcc77ccd4e36c82d8a171b,1
3431,1326848520-2e209d8ecd85263ac4d2e1ffdd3866ff,1
3431,1322333520-ddda25df0c53f46b5d89976708e1fee3,1
3431,1326491280-664c0428b17584978e18ecdc384a0f38,1
3431,1325955300-a4f37210be6ecbf0d05079fb1d5ac9bf,1
3431,1320670440-4c8ee63d479d5753d809e8c22c566325,1
3431,1324656000-94156214139deaaf403a493e09f70d52,1
3431,1322944260-ccc793166918891de52bf4f276d0beb8,1
3431,1322766840-b72c5cce7867d75dfbd8637d5386e80f,1
3431,1323704280-fe2fc31b4d1c60974d197a536589c4ae,1
3431,1323108360-a0bf50e3375bf9f4f93c12cf8d07573e,1
3431,1323811980-033ba3160010ab129b43d58bc17e4cad,1
3431,1324079280-9cf51a4f0b673d9a605dfe02b49ec6eb,1
3431,1325863500-8d5f45422330aa8b28c1ae7e54f724ce,1
3431,1325784480-28e86be62129e0170e502824c1fcac87,1
3431,1327435500-bdc74cd26de8d53e4b4cc94519327217,1
3431,1327450800-5f3219bf71925e042d240fbe37484f9c,1
3431,1325950260-3f0b19ca3dc905466a6551768084a785,1
3431,1326736320-90d8163c448044c26a5af21d2403e2aa,1
3431,1326557580-db12e07d5156cf4e7bfe5d2e5c7c13f9,1
3431,1327705980-847170e4ff89887e7294e30874023803,1
3431,1321622760-125dcca6d487c81583ac746fbd75615b,1
3431,1320849900-26830b0ae27a97a27766d5eef52ce46a,1
3431,1321886040-2de5d42f81a3d20d57e5019dd64aae70,1
3431,1321670220-d98ba01fe1d19f664c19171463de0fda,1
3431,1322160180-f19dc71c60b7d2f226aa0fc3b8f7780d,1
3431,1325643420-1283017efd842a9a11e4e68d21713984,1
3431,1323696900-04956fc694fdaa48d35a95b9a45bdd09,1
3431,1321110540-0667fbdd791b5520a9730e09cb1c7c1d,1
3431,1324406880-20bd2924d6a51bba2c9551e15073959d,1
3431,1327167240-7a0834dff08c247714d3a1b398216492,1
3431,1325730840-520b66a3116ee971f7497af5548aa014,1
3431,1325521440-4e63634798a6daa31c88f7b83f3fcfee,1
3431,1326812400-9c0e19ac64798dd986dd2db1748625c0,1
3431,1324228140-21ce1f68ef1b36dd666087702cb6d3ae,1
3431,1324344900-8f6bd5aae2a57e7a2e76af4ad1ec31b4,1
3431,1324072140-4dfe1107f1a49f9f20413bb0f308bdb8,1
3431,1325802240-49697c50d0b9db0e3284c867c1d68934,1
3431,1320521100-cf43a351b2ae75d8e7cf4afb9cb2ef5b,1
3431,1321916400-978691b0302dfb743272a56ac81e68c4,1
3431,1321910700-47a9acf7f3acb592d2c7d1602ad2aa1d,1
3431,1322411340-de890074a979a05adb9794b66160db37,1
3431,1322693280-7421a5a006909bff914e1a53439a950b,1
3431,1325863500-7dfe415cbeeb41128885cbf9e9b64264,1
3431,1321714800-6113b02bc493d695a4d5e5f65d33ebc9,1
3431,1323540540-9cf026dfe9268bf8e3c383242d7fffba,1
3431,1323483240-52b4409aa8c0fa69b10a9842b37ee1e3,1
3431,1326113640-be03bc4007c6916d25506987399e4744,1
3431,1323820740-15d2c3b65007ddbcecd5fc2b7497dc29,1
3431,1324524660-9c342089bf89a265fcf9226aea6badff,1
3431,1325091120-8a56fb060bf9a565c77b67ed9018f90f,1
3431,1322018520-4e997cd6e0d8e9be561c51e1a3a14e30,1
3431,1324503960-b864ee934b7a3572b2ff2d02508dcb37,1
3431,1321498740-67eafe376c7cde5225aa4758d2b1e1f4,1
3431,1323027720-8c1bfed0a068583ca624bfa34b23d7cb,1
3431,1325784240-a6d7cc9051a83a981d5a3e5eadbaa136,1
3431,1327782540-fc7a0ee5f54a750e264002fb68b01d30,1
3431,1323186480-da1be00c0b997cb276fffaeb6ae46157,1
3431,1325613360-c0febdccda0e079b1142e9aa0a740132,1
3431,1322324700-1a839a24320f4a41fa723c3872b321a9,1
3431,1326567780-88319d3f4508202b73343b438f624305,1
3431,1322795220-3f7611cc63510b3c53e2fb5d02ba341b,1
3431,1322052660-02b57c6c715dcfb99731ec82286481c2,1
3431,1325460240-4b3988f406d514c24592c99021265f99,1
3431,1322103480-53b447c523c90a5cd575daa100278f2a,1
3431,1326720900-c8637474ffce924a577877e38739f472,1
3431,1325613360-26ac666c93c60f674df8b407662702a2,1
3431,1325960460-d19721c49e215554db63dbc512e231d3,1
3431,1323435000-176835e080adfce4037dc62611ca244f,1
3431,1320687180-56ff5f548e5350917dc6a376a19b9f4e,1
3431,1320113160-5dfdadf8382a52e15feeb773149d366a,1
3431,1326823080-8c63d7dffef9614c29d1ecbbaddadfe4,1
3431,1325960460-39b108c1089a857b16a7933090e6285a,1
3431,1327670400-b8a88917536389da77a379a07eb56ae6,1
3431,1325543580-c16ea81f30e59d2b3cbebd58f2e18b8d,1
3431,1325022180-70cfcc29a6fb06d9f03c0868d1df5270,1
3431,1321665240-a497bd37666497726373986addfd97aa,1
3431,1326363420-fa5ca3bc26c493e6a123f934cc9853e4,1
3431,1323989700-038ee147835e9f102b222c96cd173b29,1
3431,1322426700-da8b8987db2355a9f9a80a7cf6b1529b,1
3431,1327154820-26fb2d212b898a9ffbb4c007eb3a87de,1
3431,1327971420-a28739ba7c09d9905aa2e4c57ae4f0bb,1
3431,1327714920-22f729f1f63e5bf8174042cf6b6e7c5c,1
3431,1327435500-73a76bade359665775d8967c5eb082a0,1
3431,1320892440-3ef9108c1d4ab97c54534de8e6f3834c,1
3431,1327843800-c68f1380ce250f604d52342dd1594324,1
3431,1321900500-bc9ea5cd3202e45c8f171da14632098e,1
3431,1325286720-d1609726a8877b976d0d5b96f8b73710,1
3431,1322602560-bbe7adb5331a15c19619c7117e820059,1
3431,1322168640-7f351cd3bf623cbd5925e265d09d643e,1
3431,1324510080-4191d531e99999ee043b852add98b2bd,1
3431,1324402500-680f4a3445c43b444e2dd4b85b3211b3,1
3431,1325281680-dfac96480c71b0443623c4d3a5bb0958,1
3431,1321314780-a68da0d0d7ab42eb2cd8e6339285c926,1
3431,1320498960-dbe8eee2285371fc0691bfe0d321c5ae,1
3431,1326943440-ddf4d4b6d3ce4f1a4fd399eddaad821a,1
3431,1320113160-36642947f1493c62dcd1d2acdd73b985,1
3431,1324510080-f478be88afbfde0d6a5275d58e2e65e8,1
3431,1323973560-6342a114298b76b72ac22b41047ef127,1
3431,1326816480-1e88fc2e68c851732b82431540df1559,1
3431,1327455900-1ef8ab0e92660e55037016a81da15f39,1
3431,1325271540-1d324717f186f3f5f965b5a59cf93033,1
3431,1327506960-98db0d10acf65ae86078aed2abb63c38,1
3431,1325521440-74e0c25b1b33ad68b01dbd8971281bed,1
3431,1320805920-7cec6895a1ee53d9f0695ac5a300bc86,1
3431,1326288660-269fab82ea49495c7e36a2099519f205,1
3431,1327496700-f986ec6e0d1bb1a5f6d6ce8a822cb449,1
3431,1326241140-4a94b93ed6bae9376955735218042928,1
3431,1324327560-5e2baeaeb85447eab97cfcc28874d444,1
3431,1324666440-7238bc48310b4c60ba4cffee8dad9b3e,1
3431,1327332420-7f054be751289461323fc9c8c242e477,1
3431,1328027520-4e8de54c86727106c63b7df8e9ecf89b,1
3431,1321558380-6484379e2a53501bffdfce9cff4df647,1
3431,1323806580-2d261a306ebd0a3ec074e17a0e844326,1
3431,1324602540-9afed5209c15d4ad3511c50ceddc5b97,1
3431,1322137560-0faf52384927ec09de759ad3f500adb4,1
3431,1326761760-348eda20d299cb3efe24ae5cb82a8fb8,1
3431,1322052660-422661b6a05fecdd342bb5b6599ead38,1
3431,1322511900-9c621326b6521be52245a8b33f31c608,1
3431,1327440600-fda25fcf44f0910a5a5931db72bafbab,1
3431,1325460240-0bf2e391d6a2007693adc9f4953bbcb6,1
3431,1323086940-17c0394d3b77fc35d4c0488da5f897a3,1
3431,1320946080-455d2a16f37884e01d7437a178cbee63,1
3431,1327006740-2b58fe95f1ad73dcb33a0ae587f663c9,1
3431,1326118680-b9a6185d68ce9dc430cb4e127f497ff5,1
3431,1324041420-fcfbe37fababb5bafd6d18a16321218b,1
3431,1322883780-a9eba445a7a64e16891f39d0d2750e75,1
3431,1323962760-fb22f06411d08401ac6fa850f5665de1,1
3431,1320859980-4c73c323f696f3697d3df1f210edf4b1,1
3431,1323192180-04c31c283ea27f09861a7aa62c96bcd1,1
3431,1325608200-4def9c7fd5c86474f115b4225d384a8f,1
3431,1325097840-bc94aea316587d34ee5af77ef5cdc0c4,1
3431,1322230200-7e8d6557c0a7ef0a51a1e3b3606308c2,1
3431,1321713360-34791fc4760ee846f504714bf4e186e0,1
3431,1326577980-70814be5c6f86b089eb47c8d1bb16129,1
3431,1321131060-2d19f9ea17f783f861bbfc17a2fb47cd,1
3431,1326646080-146a438fe451e0fd572ed6d9444c772c,1
3431,1327266780-273cb2e25b828e207cef19d24befa4f3,1
3431,1326748740-9e01d7b388cb7ea421828b273520effc,1
3431,1320844200-4afc97e81639cb3b131dc0642579c7c2,1
3431,1326756660-7e0b53e6a7beb3c9c03fb98c17d00448,1
3431,1321202520-05d776c4acadd1cf66bb0418d6d67ce6,1
3431,1323878400-47d2b0e432895fbc85f3149f878b5947,1
3431,1324677240-0dba40b09fcb50ae8ffef8b1932cedc5,1
3431,1326817920-9ad8c21fc89f0d27510cb83258cc76de,1
3431,1321660380-5cabd8ffad05120239f75fbc5108ac15,1
3431,1324843920-189215d1bd51a5bb781066058996c025,1
3431,1326399420-97c6826b3df3fc3995e171f26c8879f4,1
3431,1325529780-bfc959de667eb681a4f753d1fbfff254,1
3431,1325041800-42433dd1c6d094c8086be7aedc8c2250,1
3431,1323707460-069861c2a72af1da8029105956a1a6a5,1
3431,1325368380-d54ddb08c49a21c9901d5d9454af0f78,1
3431,1320325440-a6857bcad5fa816c76f851d416e98072,1
3431,1320703320-650444157c077e0e7d85aadbb8729f03,1
3431,1328017440-0e27ec974a3565a69e85c429d96072f3,1
3431,1321208580-d63b87a8508786dddb61da391e538906,1
3431,1325075400-5d2cf9de5dcf6cb3aaa38c55aa119b39,1
3431,1327690800-a5a0552447fef3e77ffbaa29b4d31a18,1
3431,1325189760-be1d2152423e498376db18f7295e4241,1
3431,1325817600-41585ce0e54e90d50fb9c9f45abc2cab,1
3431,1325021280-b5c1b70be1dac82fbfac9067f9710b89,1
3431,1321973100-33dde5b40624aba8b73355a8a0f52fca,1
3431,1321977240-95cc9b3ca2047658ae7d95ef7cff6682,1
3431,1321030320-2b77fbcba44c8a187ba614c77ea1d552,1
3431,1326664740-8bd35dd2890ce3909309bf961619a6c6,1
3431,1321985460-d1093bc2fc99454f44dc5581b5bf971c,1
3431,1323188100-7ce8bba5e8ecc5711a1266118f39daef,1
3431,1326333060-af9be9e980c3d7c34b6ef9a325411c0a,1
3431,1321568580-07b51f39790a5e3a2afea5eb7082fd5a,1
3431,1324309320-f2ac5d6b5f00c64a5e1bc414ac3963de,1
3431,1328058240-3c6ed7ce5703b4657ff8fc29442946d5,1
3431,1322341380-8178479949d0db22a36160682d7e823d,1
3431,1326736320-604016015bee5b7fdc63b85aada108b5,1
3431,1323297060-5887b5bc4a1f87e93089ecdfa943f637,1
3431,1324145460-48e723a1928e109dd2d93f34f68feabd,1
3431,1326389220-06e4ce463d17706c0eabdab504e78d3f,1
3431,1322693280-18a97da9d0e5af1932ce008ccf7ee2db,1
3431,1321732440-382e7d01117d36f100bad53f359e06d5,1
3431,1323225000-81bd7e90b18a9a3233b582076e9beff8,1
3431,1324325460-7e1efa975079e773ae0a6c9fe6dd1455,1
3431,1325807400-dc7fa26c4f8b3ad72ebdfe4703e013ae,1
3431,1325802240-bbfd92cef0f4f7c5ba5a8a69543e2c87,1
3431,1320960540-0f61dce930c7cc1bd312d86abaa0366a,1
3431,1325899140-b1f9727c3b96072aba5ed2674ee6f089,1
3431,1326491280-9f07020d454af628b0378987d5ca7201,1
3431,1327415160-2e0470881bca283e1319ef5d0f2700fa,1
3431,1321461060-8faa88c8c3d613e945e57069a6cc2cf0,1
3431,1327685580-cacc9781b5c5bd903afc07f83ff09a0c,1
3431,1321128300-c9b7a6fce61e1fbf806f25353f6adc4e,1
3431,1327343640-c16f57a4c8cb8d861ce40491ea572f4a,1
3431,1325679780-d3be6bb9b77075b3a0509e93087c3ef0,1
3431,1321444800-91a30fc3a01132abb92d18825346d497,1
3431,1321368840-5e8f790df69cf966b0f0f23acd79258a,1
3431,1320768420-5cf193e1d1b5dd9f8da163226a151f69,1
3431,1323779700-4f126db5f2ad01aa198fb405c8ec344a,1
3431,1324092600-d0ba1817581c6e68629c7efd8a200aaa,1
3431,1322868900-82ba268dee479a38ad0a8c7f84e91ea8,1
3431,1322483400-d7724ac109a5b1653cc20fd02d564bf1,1
3431,1327251840-16fffd39739733dc85b7937ea00a2b97,1
3431,1325041800-522be6344afd6127e755de242c40fd48,1
3431,1326919980-dcefb01229da66c700699e2c9372e959,1
3431,1325108040-f66cc0441a24462ab12dd906a6ec6fc5,1
3431,1321455360-2e3cbd82fd87d9b75d3f5aa4758eac45,1
3431,1324472220-43fed2550225a59bf27988a53bd618b5,1
3431,1320174480-f1c2034a640b373c0efa13e25bc25ee1,1
3431,1320703320-42007bed867ad6ed736ea7ff0a1960ed,1
3431,1326475980-a90ff1d4127e7e459607f22dfc6498d5,1
3431,1324582980-f923fe30aa2dd8733dc5f9c6ee221253,1
3431,1326414720-a2d1756bf495f17be3e9d91bdf0951d5,1
3431,1325175540-63dbdf5b632f218100deeac9110c2af0,1
3431,1327634580-230f076e316e39f5c6ac5d2e78a4b1b4,1
3431,1321044120-4f78d157e8b27a68d9a613ebb1a4d35a,1
3431,1325266260-656174ad678b9cc7fe3d8a89f8decc03,1
3431,1324500180-c051174609fe26717e58772f0d520b9f,1
3431,1323209160-cbe168c9bf4a971b32129f9a6b1373bd,1
3431,1325368380-9f8c8aa868707a60197a7272473c1f3a,1
3431,1327609140-bc98c2abccd31c164acf28180735c384,1
3431,1322608140-5dbdd2c952c5d94a8a42b4f7c797fb7c,1
3431,1325097840-cc478be4f9580a972580e0605444adef,1
3431,1326664740-a94b9e7ccf59739a26c1f49c225d4c79,1
3431,1321817400-08e2d2ea99e445c447d91b41e0ac8c8d,1
3431,1325793600-5298b0b699fa3e573e96abec3d68b1e5,1
3431,1322080800-a90aea9fab3843b2a6e5dc343366c116,1
3431,1326741360-4d8c8f60baa3067ffcc817c63832c81f,1
3431,1326302400-7fbd8054d9647fa417da1cfbc7da38bc,1
3431,1327098600-cfd6cb6cccd59985973be4443152b56a,1
3431,1323437880-bd07b630368a65151557041d2151d92c,1
3431,1320784380-5c0e60f7f4b153defb2d6829d1b8d8ed,1
3431,1321551840-daacb2ca460e7a13ce436f0ac54979a5,1
3431,1326506580-49168c21eb9e134b2f968e06561bc32c,1
3431,1323112740-4b85804be3503a33c1686dabe3de07db,1
3431,1324519800-3e4ef8f3603ec0e210efac518d5939bc,1
3431,1322494740-1b6ffbec474252205a1eda4138067084,1
3431,1323810060-069e73357f96c27f615cad46ec839305,1
3431,1326394380-c2fcd0b580aeea76e0e699eb10d41677,1
3431,1327976280-412af4faf7e4ce88a2e35bfcd724ec15,1
3431,1323132420-dfb9fd95d6c493ad12e0524af7ce2cde,1
3431,1323195300-a210756eb739e8ef7469b3df378781ee,1
3431,1320777120-47b1de75288627789acb6b4e65168c77,1
3431,1325628660-d58fe27ff768c6a49818ceb69fe5b69a,1
3431,1326506580-6b974d432a3ede069cff10e9826150b8,1
3431,1322086560-5853a93ea81dc780003f19e58c939d4d,1
3431,1323817380-147ab82a8e10ae6251a6ed86d4505fb0,1
3431,1325705280-f6b2d65a9edf101aef6c0589ff09178b,1
3431,1323180780-9f7e2eb589ddf4000460d8f5497465af,1
3431,1321482240-b7bfdd8763a1fb3fecf9b704e64fd5b2,1
3431,1326052320-0df732ee7c6141bbbe6facd45415781a,1
3431,1327613520-500835e025f1fe566e779ecf7ee0bea0,1
3431,1324675440-55a17de5603b715de7abfb062a1ade60,1
3431,1322925600-17115dff3f939a7f19756500997d1154,1
3431,1322846220-c9a9dc051eb99262be955dc90622aa55,1
3431,1324412880-4b723a7fd5b01bcdf2bea535bfa27f85,1
3431,1327670400-603a037896b8667ffe251a00d687a7ad,1
3431,1325603220-d15b12a339eac2d223493d2738268c60,1
3431,1323995100-31fa165a48bf7e54c774a3d46b71d74c,1
3431,1322062020-60e38c2e7c5f224841536bde123d39a4,1
3431,1326838320-9d76005ba1addb0527abebfd3e7d6a92,1
3431,1324237920-cc46df2c4f8cf892d5c2e45a71d0d519,1
3431,1323634200-f160553990365c8024661d0ddc550507,1
3431,1326501420-86d9ed26b694c0496f41844975a91efb,1
3431,1322596800-4bf38d511e63e2773bb4beffcac945c1,1
3431,1325097840-5614184262e6ead230d1360b5e5d4a92,1
3431,1326333060-929be1c83c2e11f3cffd765c47643abe,1
3431,1328031960-1682911cad080ca604ce4cad468cf3d2,1
3431,1325281680-d5ebd082edc880ae14294a10abf49dbe,1
3431,1324744020-3a21a014642539f2a67ed5be2496c232,1
3431,1320927420-491ae918fc171d0b99196ea33a5d1f3e,1
3431,1326925080-77f3fb084513503d8cc3652d5105adad,1
3431,1321910700-94273224c4247ed0f37f480085780afb,1
3431,1323887460-2858aa8ba8c238e61ea5ae1982aea432,1
3431,1322574180-5f28288ba727336092a61a7f590131ff,1
3431,1328048160-1bbc0fa2180dd1377f97b46836f6d090,1
3431,1326406020-928d244a1bc965fb4d84bda987db1ce4,1
3431,1326465720-7bd4700c3984d156324fb13fc197b6e3,1
3431,1326154380-6d95cfc92b7dc69d37fadaf13f3bf729,1
3431,1324438800-008650c72c6b52dc2c6b3ef7bd14c933,1
3431,1327335300-475929e0ab202fa95cb4be8ccc10f687,1
3431,1325904240-437810b3d718f3ad3415b2dfebb97176,1
3431,1321875660-469da39a41092d5b92f43b5afd0dd1ac,1
3431,1321584780-797760ff63c6b4b43cb63f60b3098c64,1
3431,1323617520-178d45370fee29e379f8873d07473996,1
3431,1327264200-ab109e0f414a8aa65a936fcba3db10dc,1
3431,1322165880-db27a7bb2286e32cb4922657c0579f49,1
3431,1325271540-4067c5b69b88e1a8c6504e5080c90887,1
3431,1326496380-f3c03dc761e3857d6fe8772d212cea20,1
3431,1321289880-63157a53441376053c78cdecb1a67876,1
3431,1322783880-06047e96c872d3f7634098e3537f3bbc,1
3431,1325353020-f6202661d933f687c7e00bd5b1eb235d,1
3431,1326395280-da5ed29911e98345c94bca3f6b59a12f,0
3431,1325695020-fc152997c713a770307a1a5c7cbebdb1,1
3431,1326134040-5f8808a81890ac4b74d41cbacce5346d,1
3431,1321303980-800d4831c18b72e7ab1de2a824ca4a81,1
3431,1326746460-64d630ac9d118f12753916d90de0e0e7,1
3431,1326138720-a019d73d53acef364e0d688b28a834de,1
3431,1325623140-6b34ff5410c0b0a7d986321fcacd9bb0,1
3431,1322741580-fc7347a65a9d5963a919aff3fbdc5c6c,1
3431,1324330200-6e42ff891e6c4ba7510af92bece0787d,1
3431,1323779700-34d6bbbe47375a92e35a87e6cd44110d,1
3431,1325108940-490cf2e2ead7de6dcf3d9ccb1e7f5b41,1
3431,1322519220-df3d7809cac1ee1808c845e34cacaa2d,1
3431,1321066980-a87782a087463b5bd6fd352f0ec4b91a,1
3431,1321809300-cd16964edd23cf625e818b711a9e12e7,1
3431,1326134040-6e2182986a3461fc9c99f47daa825ecf,1
3431,1320423900-7ca80502ab1bce35ed49ac45aa2521d1,1
3431,1324307220-70b64f72ee946c502bf63e86fa8b5727,1
3431,1327874460-03aeef97b3477e7e18e777807c23d64f,1
3431,1327078020-680c657b879ee83eeac038ba938d3ad7,1
3431,1325011080-0b312411d3479dd033a4545f79fb8b27,1
3431,1324563540-9708063c5da1b57fa3aced0cc3a9af30,1
3431,1323887460-7b4c2a173fa3d3111bdd9321064ad5df,1
3431,1323618660-988c26f1125b3bc2e9dbc469ca93ad2b,1
3431,1323833580-6faeae949d2f73d478834e65bc68f8a3,1
3431,1324995780-4b93f871c86fd3dd59040f92ff6c83a2,1
3431,1323467220-490899f2b22954aef5fc6b20838e6ef7,1
3431,1326215640-741add22df7617d4011926cd0f395322,1
3431,1326835500-6a3a29b2633edc542557e1f8da81d45e,1
3431,1325802240-a7d53c79833a93a083fe33ac6922bca2,1
3431,1322789580-71e0768f6261c9935908c05158b6aecb,1
3431,1325256120-d874e02feaf40fdf630f33c8c1f568e0,1
3431,1326823080-cfd91f8f88bfd44b7c278e574d48d1b0,1
3431,1326220740-0b58c79570917a469441fa9502b8a313,1
3431,1326572880-52bbddfa1ace46a7a20d54e668c8d345,1
3431,1326225900-4f0d1bd2dd8344bd9f0a577e96b8e068,1
3431,1325848380-ba0cc911afd5a98adf3e339badddacbf,1
3431,1327027140-357410d0457d4713b0ddcdf38a4d9550,1
3431,1326475980-50454fee5e2685cac1abb8cad8712170,1
3431,1325108040-2bc9a97d9184a865a486ffdb5920b78b,1
3431,1328048160-0dd4af1d6475584814397c4823c2c22a,1
3431,1321374240-2379dd8250c346575c0430da99bb37ff,1
3431,1323118440-ced4d448f3a9688ba137de3c9af97e09,1
3431,1327690800-518a2c284d22ac7cff170dc4a855929b,1
3431,1325337780-fa19dac7382f5b36d15dbf114948a515,1
3431,1325695020-a0674f53c2c1b747ff213241ec635380,1
3431,1321720200-f6f3bc736703a1a57e06a212958b00fc,1
3431,1323192180-27a4d016ae61e8cb4557d15abeec1bc2,1
3431,1325353020-4e9888cebb9d69185def0413bee85999,1
3431,1322500500-c28c3dff983604817d9e2ac89595d0b1,1
3431,1322324700-91f9e1467bfad9d32a334d2f2be6e273,1
3431,1322000940-f57e4434199e631e8e3ce31ca74b11d7,1
3431,1326506580-81b149ef35f43272eefe2c54827d4f36,1
3431,1321493520-5005c7558652890f8828e67a72f47b67,1
3431,1322834880-51f6cf73b7e80df2c1fa0816104fba69,1
3431,1322007120-4f12efef041352811c6360a596b9bdb6,1
3431,1326230940-0825986fd47f1415125d73ae7dc33e34,1
3431,1321030920-d209c1462550849e5b2245dec456b287,1
3431,1325475540-45e309f9b0a6dd7c3729c5c101e11007,1
3431,1320511140-c04d1c30a65adb243591332854c087ff,1
3431,1325868600-9253eaec2e440cc3ba8878d506c125e8,1
3431,1321549980-decf35bf104d75019cc7582ef0052324,1
3431,1321531200-4156bc88a2bdd6fa0ef696b61ca8d402,1
3431,1323354120-95a0b0a04bb8d5e459b90499ed82ba3d,1
3431,1326552480-84c694a983a2847944478895d404086e,1
3431,1320499200-35f053c66d8781e9267d273006432d21,1
3431,1322625240-5b5eea54a0cb9ba28661d2f82f2785f8,1
3431,1323483420-fe6132659f18f71a6a5a20b52c387070,1
3431,1321622760-26f04658cfd8222d60ca4dbdd358007e,1
3431,1322659260-14237c2f7e857e2104dc8a7d001cd99c,1
3431,1322003460-cb640ea83d2831da82f026672c136716,1
3431,1326241140-d46002212a23d603edb6a65f7a65e351,1
3431,1320426240-ce01f5b1b1866efbbaf86e6b44e83852,1
3431,1325679780-abd935137bd168f96f2355488367eb46,1
3431,1323008340-a260dbfaeb06404b832be671d5fd1c58,1
3431,1324135800-6ad79b80abdbf0bf442fa884653b34be,1
3431,1324036380-64077c04f178d8275447c5c2131120b6,1
3431,1323030720-82b90908db3808b9ca0cc8064ace2b62,1
3431,1325603220-ad1eb4c556c1eb01aa12cb660c7866fb,1
3431,1320536040-89c8fb38938874185680735151621726,1
3431,1321217580-63e4aeae57b7f445b634d1bab0cb248f,1
3431,1321374240-fdf8f7066c5d785758d693803aa7d4fe,1
3431,1320405420-559095a1cec05048d2e81a57759136d9,1
3431,1327241520-bead2691946842758ab81f212c48971c,1
3431,1323613920-d7844b944a1dc1bde51ce04cdbdffd2d,1
3431,1327512060-7c6bb49dd670c087caefd068034d2211,1
3431,1324587900-da7d7e29237005f5105ec214dda83772,1
3431,1321654980-959c51118e41b4548063411e6f157db9,1
3431,1325873640-1b2e88cd1235b47c140f2e2f186843f8,1
3431,1327773840-4d573da11ba8720be41b30a8bf69c99d,1
3431,1321563240-d9ecf7a7d6dd3970a6147958563b02fe,1
3431,1322851020-5505d3127f99d7c397691c634c84c71c,1
3431,1322931300-c6e2ca9b5bd5e4d5fef5ee1a7a686a47,1
3431,1325097840-33724b9eae8eaedeb10b63f7dfc3ae2c,1
3431,1321633500-57617bcaa309e6d402d34682fc3cb5e1,1
3431,1326986400-03d7f2c6d6d3b8863d5978ba7a9037b0,1
3431,1321817400-90053e36027b8f747092df71488dc0c2,1
3431,1326577980-237dd8982f6d1dcdf59f667b37eb83f3,1
3431,1321801200-9b7d58da558eaa11dd0345a7af5228f1,1
3431,1326817920-83649bf33b378979f18134fa0a09abef,1
3431,1326460620-bb0aadb23b310e39f9e31e1695ad030c,1
3431,1326154380-faa2d70fcd5b53ea148570d4906aa82a,1
3431,1321378260-535ca0f5a9b48daedcec3a50b763f1a6,1
3431,1323214200-c37e0cd877e8e724f252dedab7728688,1
3431,1326506580-fb2df0e6da75202b4bcb94c9ccb14ccd,1
3431,1325776860-832507bebb458c3452dedd8a75d334fd,1
3431,1320841080-1ab2632e4ea669ffd0ec025bdabbc134,1
3431,1321741800-b5318127aec8ba3f8ff5c77bcc64ba15,1
3431,1323790380-145c7920ad0a1804dbf909cbe41cdbfc,1
3431,1326826620-38b5f57ebd29125e2cad712f877b2b65,1
3431,1322421000-9828beada04f73d53db1c5e28ed5985f,1
3431,1321399740-d13ebafd49a0c1c9c4459f4a43513e43,1
3431,1325782740-c4fdb1eef4a0951f0cf87a1d43113b8b,1
3431,1326928740-575d0bdfd6a230cf95fbc7b8777c6b9f,1
3431,1326741360-019a2c4df13fed8670a98f11c888bf65,1
3431,1322520480-20a5b0ae273842f86152cad85baf91c9,1
3431,1323978960-899fb355742cd7c3c4301622bd118b75,1
3431,1326399420-a630c5f513512da093ef88ecea36bef1,1
3431,1326756660-feb1461fd9c9b80ecab4cb354352327f,1
3431,1321889100-3537d555763e69df1a0ca092cc1670eb,1
3431,1326414720-4a0fd9b4966d07167eacfb7c3f5a4e61,1
3431,1323197760-3bb329c1dfdfec55eafe2dbc6e8af443,1
3431,1325080020-d5d62855193e31544d2d2151895bf76a,1
3431,1324995780-786e91be81a4eaf860e39accc0f21cca,1
3431,1324078320-0282f550aefcf0ab7d063ef224ebe95a,0
3431,1321638780-d4119dcc51f3bf4153c600f104175000,1
3431,1327979760-b80a3aac2784ba15c061970cb9ca1af3,1
3431,1327531200-8d43de2a9f83c98e62d0d3478f643b3f,0
3431,1326400260-232882f0dd0f8146820b191e12c583de,0
3431,1320860400-c14e6c9b469d31600b95bb65d0cf381e,0
3431,1323171960-d1c3b1933cc361ef998f581d8e2c045c,0
3431,1323477000-0e4b0984a41d80428c4ad4a8b41b800b,1
3431,1323451860-6c7aada98c20552a7f852296e3ff5dc1,0
3431,1327702740-2a409a046b4f3f6948e7d7314a97fed3,0
3431,1323718560-df1e9c3fcc5fbb774369625d773c002d,0
3431,1321380960-cdc19b228cb8b95a1e1493d94475ccde,0
3431,1324498200-feffef98ff9dccaa7260fead5f05854a,0
3431,1327593420-d127938e915f13ebd5d17b2dd9247f9f,0
3431,1322219880-f9cf9136109343f5d776d010a6e2beeb,0
3431,1323694320-9a0338e61ac62c33cb272aa7b2aa8d54,1
3431,1327926780-8e1d85a37c164f5adbd2d212869b08c1,0
3431,1321223100-60a6aea6519b5a8f308b303691209375,0
3431,1326325920-ccfa34732d1e1b3f6c6f24b7caee73ad,0
3431,1322491800-d95cab479b4d895a4189b0116c4527af,0
3431,1323595200-cf18fd1041b9f027c4f586f85ed99740,0
3431,1323483240-2d316c9884d6a2eb68a1200029e99498,1
3431,1321087800-10e8b2833238aca71b97768d8de076d0,0
3431,1326744720-35aa85ec9c1c66135ecd2373fe5c2f3c,0
3431,1326919500-0f9729ba5149109332ca1460d7be6ddd,0
3431,1323596340-25eaf0af69720b23ef40baf217ffae5e,1
3431,1322175900-8485638e42d6c28d2589c8c7ea107273,0
3431,1326927600-61af5caa4d4685c17e0d52af45f7e277,0
3431,1324481040-8a56293d602d7bd062a16da4d33c0251,0
3431,1322408040-d3e44b6e9c3192ae0d432c4e0f531f46,0
3431,1327935480-88582aa803630b223ee0f56cd28f0bf4,0
3431,1323476100-338020dcfaf6fe282a4983ef070c8060,1
3431,1327162200-9d89d7aaba6fb93839f0f9b63302596c,0
3431,1326838680-3f112dea58e14b7108041740a1efd309,0
3431,1322582880-141ed5562bc888b8c4c8facde2badb2f,0
3431,1320536160-aa83dffb07b20277e82b819cae893bb1,0
3431,1323799500-dc2e7f2e26f5f51eaf6c7b423972a480,0
3431,1326828300-a12f1b73af00e07b6dbc976c4be2c5e3,0
3431,1323383580-72d413680234b0987056c8ba61ba66a5,0
3431,1326848580-339fa94f1a44e267912c091a0322cc98,0
3431,1327995540-deb6e9ee6ffb3d19d8ab9d8f5c13e5ef,0
3431,1326321540-7e6ba180061c2baa50a7561372c4cdf6,1
3431,1325069460-f59dd548158246f0fd3b90f59a2360c5,1
3431,1327795560-89d075378ec6887358b3d382a4792881,0
3431,1325287680-fea01cf3c4835ed9ba1a2f84536ca89d,0
3431,1326397740-a7bc90218808b5dfc9cce6c83e42c2bb,0
3431,1323884100-0f748e8e05b3e35688ae28528d1cecc8,0
3431,1320936180-992bfee1e7fa92be4b077b9343e58683,0
3431,1320973680-9086be93b875fb8ae877a2d681750cbf,0
3431,1326218280-0b8138864749f858962b5e9933f11007,0
3431,1320116940-6920cdd226f843a0455d7634e200093f,0
3431,1322532900-5ed5082caf2bab5f145bcd1c656c1d4d,0
3431,1321893060-ca402b7f3079a8da6b41adee50100512,0
3431,1325820540-6e490821753119affdd6ab94a34352cb,0
3431,1325184060-713932abfb49a8f5b71fc75768e5873d,0
3431,1328003880-5f88145b451dd57d6eb9094b4c2dc1d6,0
3431,1327167240-6b8a765689993a69f783eb8c26390eae,0
3431,1322869680-70982ef1d5ccff556256f11ff3581cef,0
3431,1322832000-11cad12fdfb73d3ec2662c4e34cec6af,0
3431,1321398840-73deed843e724e58fad92b9ddbd1d1f3,0
3431,1320421380-66c61262ba0fdc3ee2abfd8d58cc492a,0
3431,1322920020-9c4376d8edaaf37fe0f4723e7bed92dc,0
3431,1323642000-12f480cfabc07b52ea0a74da7f595e6e,0
3431,1327393740-02b78ec62f9bc122f2298816049a5198,0
3431,1321620180-6844e9b71d62c39171ab7c93373ae512,0
3431,1323338760-50468d3e71fe88921fcd20fecf479118,1
3431,1325705280-9ec02dbc852ab93ed79e39261506e16c,0
3431,1325136960-60b786508ad6add83eb9593ae6d36b2b,0
3431,1323147540-f1c1b7d1cc162e10e90d4d441364dd19,0
3431,1327452840-7cdc4eff7978d5c913dd38aefde729c0,0
3431,1323802560-10279774a3efc93b11c80637807f12e4,0
3431,1326226560-0016ba806f2e7dd3b540a5f625c887a0,0
3431,1321378080-305bed451ae8431f4e92bdc281d3c739,0
3431,1325108220-6e05522b43de8faf53e8d418d60cbc8b,0
3431,1321707840-2effbb28f19b2ecb029285a7c918a49c,0
3431,1326742620-c5fe09b3e516a760a902e9c0a2dd6160,0
3431,1322105220-58a938a5bb47973fe1722e39b02d793a,1
3431,1322158440-0d95fcf0f9a632edc10b906564eb7874,1
3431,1322101200-3f35bd96bc3b06572cd146135b7b5b70,0
3431,1321901220-a8a526f46817b4d513e04b60cba65209,0
3431,1327323120-842767873f1b6102256e50d77da775ed,0
3431,1326135660-7b533b62395f03c174406ade85d5a014,0
3431,1322149440-81090e043ff5aa106c3f695b9e5b0c8a,0
3431,1324182960-b3c7ca8dc520039af4b1789a55c3aced,0
3431,1323192360-d16c29a077bf15d70679ae60b71155ee,0
3431,1326838680-75905bb78fe2ac0b5b8d2ae1961169ff,0
3431,1325080800-357535c7bfb12e22a5160267ab66817e,0
3431,1327571760-b5aa63024f446a1703dc663f262e40fa,0
3431,1322196960-b8f408a3e1837ee528d1a21c5705a7f3,0
3431,1327869360-2f657682621faa76e95f1cb484d7eca2,0
3431,1326484620-8a9e55bfdf6a84211682f505f78031a6,0
3431,1321170240-6fb7fa62a773e4df766068915880b4a6,0
3431,1321664760-5b34e79a87e8c2958c1f7d97ee8be02d,0
3431,1320954420-d19347262004f43ecbc0132f84256ee2,0
3431,1328047020-bb530f9681ac33f22788afff5438254c,0
3431,1323459720-1f46a944be74c007376f501d2c97cf36,0
3431,1328010720-f2ca245f9d70d00656f4e6bb5d6d39d9,0
3431,1323337140-d25b91d9b7bc6207142a795b2d88aa6d,0
3431,1324570860-a289522842b09bde83f97fa086da301d,0
3431,1326319260-ca07da5b44fb29783cbd8ccbfc01adce,0
3431,1321190580-2bbcf6eb746cae4f04ae904bd2a7af4d,0
3431,1325636880-4a1451eb298cd441ad9ec3c9a74de7ae,0
3431,1327553760-9ae9e792ba06889c45f0b70426fb46b8,0
3431,1320319440-2c0777384e4b2f371f8691f84d547a54,0
3431,1325502840-face1edec4d76abefc9f94b68148eb13,0
3431,1326054000-7599b5ec3cae1306a7ea25f2558f0da2,0
3431,1322251620-61e129d5973ed40aea9869e08a8e6727,0
3431,1321885200-953b43da0a4063673c9a4dd8570b28b1,0
3431,1327967520-a52cf034f02d830ee3063845f3bc3572,0
3431,1327796460-5e2d5d1799e5edebdd71b7dced867714,0
3431,1322184900-cd1419ddf5a67f697ad809c9dfc21efd,0
3431,1325136960-24eafd91def0d84249216f29894722b6,0
3431,1326111060-c2e2291dd9e1925039a3592c7c035766,0
3431,1327952580-3f414352ff8be3061caa698f083721fd,0
3431,1327939920-2eb2e8d0e1115c83e3593bc55b20af33,0
3431,1325636880-33618a6c8d30d3de19a04574ea1f9279,0
3431,1322379000-a4117fdeba3d209ba940c444b6e3ab16,0
3431,1326241440-3ed067a301e994993fcc7fe19635c71f,0
3431,1326047040-bd071c984fdf5b810afa9f8d345769d1,0
3431,1328045160-cfcffd24df6c224953109889be767ad1,0
3431,1321222920-3516bbde7bc8a599f84179a7ef4d3af5,0
3431,1322694600-d3f8312e741722db062c96c1eb2b8cdb,0
3431,1322523840-10c33a3f3804dfe38261a65de83d089e,0
3431,1327929900-52b48fe6386d7cacc3ff1070c0e34d30,0
3431,1325029620-31f14c9ea03d1e1ef54a566d7d05911d,0
3431,1323717480-f14cffcee3cdf5f3180496375e0d8d75,0
3431,1325556660-63714d3428268540b04ba092ae9db97e,0
3431,1322249880-2168a1efeea67c5566807b5b2e06b7a2,0
3431,1325698680-68aa35642a201ee95c2a2479076ddcaf,0
3431,1327339560-f5f148086ce955c5a9413d7314c2cd68,0
3431,1327931100-dd35344d63878794edfde1d6913e88c7,0
3431,1323927000-99c9184006eeb15084bbaffffa7db716,0
3431,1325694780-80151ea0ecd3f5be6babe1ca427e431f,0
3431,1323240900-009b9d13bd39b61247fff0c1f3d200e3,0
3431,1324699140-9199a91b86003d140d29b19f7ddc61c9,0
3431,1326730500-b42a63d403b7450086984491c7403c13,0
3431,1327435560-c29864aed885fc5671025adb196599c4,0
3431,1322877120-56becd3170e3a68cf09f3eceae8e3ea9,0
3431,1327597800-500821f9d6006db7574b678d33e10a42,0
3431,1327353360-40e2f89e9ad781fc8ca4519a9ebc4084,0
3431,1327870020-c5fbd4fe24cc86cc67d36a8f66e64ec4,0
3431,1323473700-ae52de95e6a5d21177b9d43c240ccfb3,0
3431,1321669440-2e09337fa5868cd2b5375c0d474500db,0
3431,1323800160-8fdd0291892a514099b701b7374cc7c3,0
3431,1326054000-9261389ca851166531879c20be16d49e,0
3431,1328050500-336230c635ed267f9fb2f2f05bfb8d5f,0
3431,1322019000-1791ec6de28b2089d7e5f6fe9e1e4419,0
3431,1324152420-29b6ce1620f0f93d5913605a06ee2759,0
3431,1323102780-b4adb1a201a57dc664dfcb9b117ae37d,0
3431,1321690380-86f36bf994108241787c87ea9ff7aaf6,0
3431,1323811860-6470173877102418cb3d1b8f4b2aadfe,0
3431,1326123300-15f31eb585b14e4a96b22b1de60bcc5e,0
3431,1324495080-5067cce21454825b727b487afc378708,0
3431,1321455900-9e57be8d2102e4933bb8456d239bd918,0
3431,1323434940-90635eea882a31fa791048794f5e9f3a,1
3431,1323416880-b133403970c6ae045a13cccb4b26d3e1,1
3431,1323131400-545fa189e423b41facd8ab902f5d4c83,0
3431,1323138240-9c08272a5df4aa13894e21d3e8c18d18,0
3431,1323136740-58ee69369a151a73ca01254e6d2d3102,0
3431,1322473260-441bd56c96b8236463e6d817e89dc1bd,0
3431,1326142200-fcfb563fb80eda1f30065cdde2ce84e3,0
3431,1327155300-38093e6e2ca21798995454d6de2874b3,0
3431,1324010700-b623b8a9853d2dba87e7b91980292475,0
3431,1322596980-cc96c0db865bc75f17fc160c3aedefb4,0
3431,1327748220-54c29e5ba7b671fc979075040b97879c,0
3431,1326948480-b6c60af731b42d3916a7acd3b6c1b6ec,0
3431,1324950060-06821ed5b08a5444d2dca5766061d966,0
3431,1326826260-84fa8a837bd3f810ba091e851a31fcd1,0
3431,1326793740-8606c06e90f38c28f63dedc7d0e7b68b,0
3431,1327510500-9112b102d0afc34da2bc260efc2ffe66,0
3431,1327530120-fc5d5871044abf7909ade26750649b47,0
3431,1323419940-6737c7aab3e45956c6ed84d2b3a8ebd4,0
3431,1322165520-42be0d4194a6224574972ae8d3ae4651,0
3431,1324426800-829c605b65435da47a5377308cdcf429,0
3431,1323402120-0ce048d4abe19becb499f4061288167c,0
3431,1325192280-18ca5e14da61001588a65a28d4cdb791,0
3431,1320888300-6b30a1d943aacf9689c584dc75f4e07a,0
3431,1325820540-1aa81db3a3801b4dbe47c58dc947adcd,0
3431,1326744720-b8223a5b8a6b6f50a76ee7e69291809a,0
3431,1323384240-6c28b6129006951484548705626665ff,0
3431,1326947160-5c370d5229f2ee88491bf88d6740e3fa,0
3431,1323723420-3735c81fba061247c9ad47a471e40d5b,0
3431,1327966620-8e4f2d9bd6d06fb22b98d064179336d2,0
3431,1325287320-6997797f3b54a287406f820e058fb158,0
3431,1324431000-f5e1d51691043bb85269645f38439635,0
3431,1321028160-3cce078a8c9d9d47f88945e18f5b0169,0
3431,1322891100-48bc31fca16c34b8d06194bb2fde896b,0
3431,1320947160-8776243b54a202fb992b1699f239c10f,0
3431,1327867320-35ad9937e9fe7471d74ce22e00523212,0
3431,1327077840-c4da4aa8db4858d8536461dbf0359ce6,0
3431,1321886400-f91145257425854c2e3a654cc261179c,0
3431,1327399260-8746be81043dc8eb56f5bb9bd0828e48,0
3431,1326980520-0fb5f478b285ca492fb88f6bd8705b8a,0
3431,1326707820-ff75b8eaa5c4144bb4d936c22609a4f6,0
3431,1327533120-a92523b77ef4a38c4862b475b2c551cb,0
3431,1326384240-c1d402bba815ac8478f7499092d0a61c,0
3431,1322765760-b3f86f00e9fa4fbf2cb0a3b8cdce8a06,0
3431,1322027160-6b2c3b9a14f480e79a7fae822f762c72,0
3431,1321221900-3042dbb949beb286ed896ac9809fea18,0
3431,1321095720-65ebc77f17b7ba20ca94c5a37ed948d4,0
3431,1323748020-c3949f30ad7ccc005744c7cd35fb8131,0
3431,1323995640-fc477262642a9581a5096a8b9c707146,0
3431,1327427700-fcb6a7ea5ae900a4ce8e7d8e3995fdc5,0
3431,1323131100-98e4d63e3434922f7052b6ed0203a9e2,0
3431,1320517440-859e8ecd6810c738c0bbeb198ace02a0,0
3431,1323192180-8dd302ad561a81be3d689ef0c61777b7,0
3431,1325579100-6d9f9065460e95b0e620b1cb728a731d,0
3431,1323736800-d287bd9a4c8c73e499b06e836cd149a3,0
3431,1326418500-32804b0ba920ccf822a90aa0d1a41c34,0
3431,1327926840-d4b96daa74342a0e56f4ddc84a4c57d4,0
3431,1326484620-dcd0576e8a00759f672fb43e01f279a6,0
3431,1326983700-fa3088ada855ac208535e3da3a3bb2ed,0
3431,1322729640-dae37bbeb76c71e130f2eb3736bfd57c,0
3431,1325701560-0ad4fcf5e185ef5162bddcdcc9417120,0
3431,1320747000-80086c75daee2d876ac7f6fbfa3b98bb,1
3431,1322177460-75f3e29a6d3ec3a5fda8d5aefa300509,1
3431,1320445740-a953de04178ffcc6184c3d92543ffa75,0
3431,1326744540-a592d04a012f0b4a35c30b416a7e37fc,0
3431,1320616440-c29b38f1ff8b2d904549e09234c9804e,0
3431,1324022760-a8fccb122faaf33a955e29fa2caba30d,0
3431,1327983900-4e4a5c78ec6b217e1645530513329c4e,0
3431,1327621500-7f64f349bc1c539f1b6c2eb62db5232d,0
3431,1321846680-d59114c4d4187622b0ffb683ec8b124b,0
3431,1324099560-cd9e3196614dc6d3dd77a70ba0d03af1,0
3431,1326937980-fb27fc2fa17975e23768acd9a03ccac9,0
3431,1326735900-f02845c468c3e3049df15222a4726558,0
3431,1323474420-0783962ea58486a741728e22865d5519,0
3431,1326962220-a06c05cbbfaa466581cb3bb62e2488b8,0
3431,1320976440-255ca6a1c2dec61658360ebfbc4c1d8c,0
3431,1323817380-533a056f6ee46b17b7c5b2e33005402a,0
3431,1328038020-2aa724f2bae6f098c92b5bf601a72c8f,0
3431,1326213480-7349bd92559e27d98fa57699d8a6385d,0
3431,1327627380-7b4e84038f5f8fffd358a672a5722854,0
3431,1325944080-d4f78f150cb4eb23571dcc6ad9ef8bcb,0
3431,1326565200-ca61b2ce4c4720ae66b79b1f7b083650,0
3431,1326309360-c39876545962e84de3483dd8567d53b3,0
3431,1321345320-1ed13d03b7f22b3e18d43c9d2635c79e,0
3431,1325182260-1692e5776deab281d5076c8f8edc3109,0
3431,1325205480-7e4420818b08d828d45c4f64b236a62c,0
3431,1321557540-96ac6078fbbdeb5b4ec0123fc5147234,0
3431,1325422800-bfbcbc4652a59ac434fb3b4aa1ffcb6a,0
3431,1320867960-5f715579912ee0da9eeb5ef447556150,0
3431,1322883120-2c8a4963a03659a21bade2bb3afd262e,0
3431,1323482820-9784494ae6cfd7cb31c02500cc002ed2,0
3431,1320423240-d7f13e376716c829099d73d3dc73e325,0
3431,1322179320-bcc672a3cfdb41580cecebc9c22f388d,0
3431,1321704540-024837d28e99560ae4760927ffa66398,0
3431,1325577660-35e279e5e6bc7fca9c7fbd225b2bab91,0
3431,1323211920-534335baab18b9da90ac79670edbcf1b,0
3431,1320141960-82a5bbb05a5ad190e53519690586a0c3,0
3431,1321114800-7b19ca46cf6365df917d98639b145199,0
3431,1321032180-8fcb6d7eb3a7d0f996210bd2f6c67539,0
3431,1320927180-53829117a0e16c58c71551f3a1fdb476,0
3431,1325517840-5b0168cd5aa6e6368698ad5104a1e5f8,0
3431,1327830900-0b84f34688fd21fc2154433f473d0205,0
3431,1323468000-83e673be82d5dbeccd465c712c4779da,0
3431,1327641420-2ca391838720d460e39651cc0d004fa5,0
3431,1326462300-3776f0cb476291c47a55645b8118afd8,0
3431,1325046720-707abe47860ad31d8453b4d2eff51d0c,0
3431,1327429620-c72b9bd104ea31e6508af0636fbb16d2,0
3431,1320550740-31409af2978617d42a18fcf460a2b6b3,0
3431,1325705400-1ab00f3fdcc44bc9b6ed1546f94bcb9f,0
3431,1322469300-22e69e464699b63efaf3106a0b850497,0
3431,1325287320-3f13b92d7c031f8c6a0dcdae44ab9e56,0
3431,1326896160-356e32165cc311b1f9ba63695551669d,0
3431,1327449000-3d8fc1f236d5bc351a3b4f5e937352d2,0
3431,1326100860-54267143168acfa59f8fe09e6929845c,0
3431,1326400260-33455c69f4333f1a9a63eb0915a27a8e,0
3431,1322261820-8d4073f0d5be0fc6cad83640c4a751d1,0
3431,1320972840-bcfa4acf081e282133769a2cc45ef381,0
3431,1321882440-0eab8719b46d4320d381b722e64db54a,0
3431,1325958360-db76042b9c1f8c34c7fee0df35483a95,0
3431,1322455560-d80cc5985bb58a216e0cff78aa575bbb,0
3431,1325881200-6a224360be1bc275da93966ca782c994,0
3431,1327536600-432a7f73c61f3f3f45171c3f77e65d5f,0
3431,1322584020-03938e1ba24ec1f71e6457ec73fbd84d,0
3431,1323397920-110836e097188c81cbac2e3059358bc1,0
3431,1322523600-10513c51defca7a22178fffa76b246ae,0
3431,1323819540-f790ab7e2d1b585b2ef570e95cf00163,0
3431,1327951620-284c0ea1c885382371a0b5115203d575,0
3431,1327686540-2473d31aba1c8340168692c84f9f6636,0
3431,1321896780-dd684cf00ae3b3dbc46a5d1343c17f7a,0
3431,1324313460-6ee6e1775c1062c1f0ff938f3f9a441c,0
3431,1323131100-a1b45a6eff11d9db70825f7339249f81,0
3431,1325224260-2ad85b23994cb8c460756d91814ee865,0
3431,1327474800-b2f1da0ab2dbe1ceecb9388858a287e4,0
3431,1323031260-8453f67797d25d5faa82756995227571,0
3431,1321497840-8d8b7589eb23df36ea7f1338913556c3,0
3431,1325617200-645fb341d4eb77b5b02a8d052b812fdc,0
3431,1325856660-f8d1bc4ee6c6dd856794911462bcb1de,0
3431,1323213240-12f84cc540d626137502e48f7ee0531d,0
3431,1321466400-d94d4bba616aea384d7c3c9b379814e7,0
3431,1321390620-5e9f0ced22b6f7a946fb16ee2ec76eff,0
3431,1321229340-07860e7022aac624c67f9f5bec929cfe,0
3431,1320433320-4fff15953a6f2dff017b1c452463e082,0
3431,1327979520-8759c8b249351d0dca4b1ca2647cda69,0
3431,1323662580-7bd84536b990f1b533d7798dfb4dc964,0
3431,1327523640-9c06da3aa74de19189a34cfa82d6b649,0
3431,1323128460-cefa7026551876ea7e6f5d304d7b1ea6,1
3431,1323147000-5a796ecba232eccff674bf22d050cd8f,1
3431,1326214620-f81302a77b079d4368e74fece2a14548,0
3431,1327908660-c6b11d974054fd43ce9848918967ce1d,0
3431,1321476480-3e92b2143986e8a8a8e2ff2533ddd448,0
3431,1321883940-93cecc7495c882a0b3344f013d1a611d,0
3431,1321568400-2a18105fa9d3231f8ab64524b5297318,0
3431,1323356880-219b544756de832ed13a462cf9ec40c1,0
3431,1327554900-c2b3108dff431be9106012f6d8806273,0
3431,1326686220-9035012e68a884d4353c876ed856a1f4,0
3431,1327325100-c9b03c60f69306de56f484362063f9ca,0
3431,1323985200-d467a3e8e23f976a5a2fcc94199883fb,0
3431,1324994100-8826ca8872c5ae5107ab4b1233e645c4,0
3431,1323222300-8a8dc83ae5d355f08746f5098c35e3c8,0
3431,1323217020-c436f5eedbdc8b69c5d45e03ff6b73c3,0
3431,1327641120-35566a0a0e481f01c6b716c4f1504e79,0
3431,1321899660-895d91561c32fd7c7c8bf9150a629605,0
3431,1323313620-fe83f9bb84bd5bdddab657bf14a1436c,0
3431,1326386040-b64239d50ce94e031a6ccf20bfb789ad,0
3431,1325102340-92900fe40859631563ba6e5e9bdf8871,0
3431,1326136800-6030fbc5e0e943a3fb5abb99c089a5b1,0
3431,1321389480-a345921fdeb394be0bf0158f81e166d8,0
3431,1321551840-3b7ccf85ffee9515317bcdd5dbb26af1,0
3431,1321220400-274f6770d2c2fdcad3f8851254189435,0
3431,1327480200-4c178892be5e8b411e3cdf37cf197a4d,0
3431,1323306180-428db4495a25241ccdf448d545a61ae0,0
3431,1327313520-90db334ad9c358478ddf8c1d64de5d16,0
3431,1325974740-37326addac8ec4f1f20a6a34680ffd55,0
3431,1321281300-8007605af3e90b3e02b84fc0f7240d33,0
3431,1322697660-9740c9799b63055bf5674b505717092d,0
3431,1325105400-35f5b5e41232fd2202193da75bc15936,0
3431,1327637820-b98f6dc99630a1663eeab7dca3567685,0
3431,1323204720-bb0a6d9db4ab0a3c7938466950b38512,0
3431,1322533740-116d3b495633cd3a2ddbd9a4fbadf089,0
3431,1322138760-41aa975633a8479058d9f637148fcd8e,0
3431,1326752040-b1fffdb4209ca0886bc826c98a17b491,0
3431,1323773460-084253fcae66c73be2be53a53408e6cc,0
3431,1325390760-ffd4c11a80ea3995e9e833c00efd8509,0
3431,1322244060-653e4a486a338d256182908dbc29076d,0
3431,1323302100-d96fe48587a45481600de0289b6ad9ce,0
3431,1326777660-24b7f5cf4ee7c17389d47d1be377540a,0
3431,1322506860-8ae51e6500268753c83c973c5c7ee972,0
3431,1320967560-4553251694cdd457bdbd6ecd66d8ccbd,0
3431,1325621220-52bedb5f59bea34a170de7e3a0499b63,0
3431,1324052400-93f4d4291bff6c8129d944a966f08046,0
3431,1322318760-5c7b3b91acabc6b2753102c02f5da41a,0
3431,1326365520-65958aa1af75ca75c148e92e2566897d,0
3431,1328022000-659addd14127a7b07ee3ed801dfb47b6,0
3431,1320965460-541b0094fda1a3d5584019bea87dc4af,0
3431,1320547800-09520e01e13391a77d5b6be661df4ad2,0
3431,1327498080-73be46c77f68dd50da33eac200d5090f,0
3431,1322867760-201a3a1b041b58e312e5d8d5a0c59734,0
3431,1327797720-3e838f96673312573e8a170d9c047ebe,0
3431,1323938040-f2105c4d3543452fbb29a5df3b1da77b,0
3431,1321679520-81f348e471a653eac58e48431d415354,0
3431,1327945140-6138296676bb54f6cda339e68b98dcef,0
3431,1322782680-2b0d7db73a5f807c1d6deb9972f971be,0
3431,1326462300-9c1cac510aa5f54a8cb8471372647f37,0
3431,1323232980-891220949b1cb1690641adc040871178,0
3431,1325993820-b0bbc8f6d57b575726f36b77346f697d,0
3431,1327339920-5bd2d0c53e1007a1cc3cb3d9e245425a,0
3431,1327119720-6decc80e1c7a3e8ce27f4040bde7ee3f,0
3431,1321477500-bde132545f4bce53563b80fcb6e49da0,0
3431,1323434160-57c4693e912861d9aef3f8b950e710e5,0
3431,1321491360-b1ad4ac39716b1c532aaf7a61310382c,0
3431,1326100860-bc97da0ac2c80201274a88a6230a89ad,0
3431,1324228260-b82f457a8aadd760c3c0cc2ae40d6d11,0
3431,1327023120-abe089545d46d36962f00ed169137c83,0
3431,1327493220-5b03199b1ef53ae04d6c230fdb8bdbe6,0
3431,1322531520-0e918770e54f782b6c6b339f800b1559,0
3431,1321555200-65fc9f2417c30a27bf775dfc8fe28860,0
3431,1322899920-c3822be768c18bedb91dd038a26032bb,0
3431,1320208020-22f018133e1139dd2e64cb9260183e60,0
3431,1322839380-fab2b23c1cf76d305cdf868c3b255170,0
3431,1322595660-7d87a9f54a2b94a9241b4397c2761c95,0
3431,1326024000-86477743ef5c9810cd692b40982f724b,0
3431,1323165720-ff767c04e3542fc2b644fecb659f1091,0
3431,1325728620-f32492b5618b6a8883264daf82f54597,0
3431,1323463440-2cff1aca62810aa4f3446699fd26927a,0
3431,1322894940-4a70fca37bddecf016d3f91a2bec8cc3,1
3431,1322895000-d46a9e827aa8194a0c3499dc1fff51e1,1
3431,1322893980-7318ce8785bc86f4951e6e718f04f73f,1
3431,1322940060-3001eef28322dab073b1cf53e5ece801,1
3431,1323220980-024f3e18de2463d1ea11480b39e77483,1
3431,1323196680-551e518a6f36727bdac3e9ebaf1ce9ed,1
3431,1322996040-21bf74ac081accd72f6ad68418527ce5,1
3431,1322898660-49b5874543f5aa47e1754ef1c1be6e7b,1
3431,1322893860-07e03f34eba902af3888f29300d0cea5,1
3431,1322897940-d023f6091a0c86997a16bfef0bb47716,1
3431,1324043340-0e0194641bffa6a293753094c1031aeb,0
3431,1321495500-4b25a579bf25df49f1bd9bc59cf9b4dd,0
3431,1324400580-2a30913a47c22aa4fa0c461e17ebdee1,0
3431,1325209500-ddb62379b1a470a763f422c72f92b96c,0
3431,1327035600-80b8dd7e6376c7ef4a73c5e1808a7825,0
3431,1324414560-007ba89bcaf776863fa4bac3478cdfd7,0
3431,1322116920-3baf791ee1fadc59c7e03b4e6a08f65a,0
3431,1322645820-500afee5c399a7c8a8157ae1ed49f285,0
3431,1325680260-02ab7721b56339d3cc954536f96e12ea,0
3431,1326151560-66f206b4933add8cb711db6e938fb507,0
3431,1321497840-83327fd3da0bc26be24187446399dfe1,0
3431,1326457200-25d9c918040173102439cfb14ec8c7d8,0
3431,1326418500-dcc7a7857c437c38891fe80909dc05a5,0
3431,1320441180-b30204cdf2878bf182f37124f45981e5,0
3431,1321485840-ba4bfd34dc2f4176cb78f0c3557f652c,0
3431,1327519440-5c98b553333468c3a184e2c437d14788,0
3431,1323228360-6f9d69ee7ccee6ede8c38da6d7e98779,0
3431,1325822760-19e50986ce9d55281421872df1cbeb9f,0
3431,1326381600-d20d2f67c3e9617eef6a6fa2e0d5d7b6,0
3431,1326858480-f3b7feb6cf19022492906e8dd7af7cc6,0
3431,1326984660-3410dfe859d5b53c270aa9d4cf6cc739,0
3431,1325513700-d3dd125534d6dbe112ca42ad1205af26,0
3431,1321003440-b602412f5625f176a4e4ab94439f5ce6,0
3431,1327159020-19f42138016934c4d69a3eb68cbd6fae,0
3431,1326793740-ab70d9b6b37d34c9cf17b31a6e940ca5,0
3431,1326113100-882971856edb8fafc55e53044af0595b,0
3431,1325003940-db1519ff3f5485a3a697bd4717fd7f39,0
3431,1321038060-f4528bdcaefdc18ba7849988763ba0f0,0
3431,1323290460-f2e3394c9b1c7da1031b4580dd69fa88,0
3431,1326142800-7bd576dd55fa931f84bcea58efefd28f,0
3431,1325594880-9a7a62e482bbdf85b7bb6bd36de93b39,0
3431,1327156680-d631d6032aa8ce1dbef4bb3500bcf469,0
3431,1327608480-d9779306dfde617a094ce381eb85b3ff,0
3431,1325881500-d9da4727e0275cc791c35485dd2f7888,0
3431,1324350300-2879f924106bb34e300dee1c281f79e4,0
3431,1321086420-1bd92c85b2cbc6a85bf3397af9b05030,0
3431,1321543260-3f3fbcde1af2eb9e500165c19ae8b803,0
3431,1322699700-fe8e93e0b778133b638a73924d622863,0
3431,1321542480-1fad66cccb5dcbbb9ee2e159895c03c5,0
3431,1327941120-b01a7258bd62b80ebccf8731d78d9708,0
3431,1324656180-bb30c30f2b6d8e5ad8a77b3a2cbb5a93,0
3431,1327987680-fc921efd0b9a5aa357b196e5a43a54ba,0
3431,1321924320-cad68d8f83af8ba40c0cc1dc9042e971,0
3431,1323467280-f70c2598f7f3b2af9728d116f47bdf5e,0
3431,1322959800-4023b6a2f141771ad1019a608f9d48d0,0
3431,1320127860-97a8b514c8c9c55c0748c406b56b16be,0
3431,1326853680-980079ba6761592a3f5df320e29c2cf9,0
3431,1326329520-9ce508f39ce9d0288b3adb5da398b47f,0
3431,1326749400-21389cd86d12049f69c46881f396bd45,0
3431,1324269120-87479a08eb6aed0b8bd1cafda5524a4b,0
3431,1321059420-6f131fe6601538b78cef5b680854c892,0
3431,1323249540-9551095c2a25998709bf931b45542a6d,0
3431,1323397920-c9f4364d5dfbde6b01c2070189885c1b,0
3431,1325130120-a4fca997068301c5009690e1051f1192,0
3431,1327680780-ff808b47c6ca70c44e8090a8769f3645,0
3431,1328055180-40704fdc43d7e8ab5e17fdbbd027e939,0
3431,1322510640-33a42569a0f5ae5cc1c753c8a2955e62,0
3431,1325619840-3cdd0d83b7811f6e4e0bd088e6fee040,0
3431,1325771760-83a3d2132795dc44df91456abfbe0153,0
3431,1325770620-65809a354c7fd27c2d7f0d4f60d25948,0
3431,1320788100-1c8467f918f02bcdfe29ff913faa5f2b,0
3431,1322523360-516be2e1fe6c6ec5fe13d33343a16b45,0
3431,1324054800-3e45f6e5d94d031cb02fe95fae423c63,0
3431,1322857140-8d8cebff10979c5d4edcf52df5917128,0
3431,1321549680-2b2de39bf0c0bcdaf097aa03f2aa4f1f,0
3431,1322202960-00b9d9194c7505879648d276db5ca72d,0
3431,1323256560-f444c07c7d23106cadde63d811f2094c,0
3431,1326502500-1a3af0fd6bc2f39c3e32f2642af9d53a,0
3431,1326317460-f85458ad72c5f035f86dd9d17c2a820b,0
3431,1326276060-6b69c005ce49bd73bf1e0127bc6fd970,0
3431,1323926040-aab1cba9a23ef1ab475a6e4218ad23e9,0
3431,1326212520-9ebc7b3ea1b1e4e455bee123969daa78,0
3431,1320477300-d647ae6c768fb8b80bcb2f35a697b4d4,0
3431,1322848080-0f8f444d5e1d465768d85cc01176d30e,0
3431,1322523600-2ec42a4f39ba112704c52e1732153acd,0
3431,1322507100-15616f3f6393f2c3fb79f7b798212dec,0
3431,1321137480-5c183fc82ae9663a67cd73b716d29ca9,0
3431,1326939960-ae6737c2c841c35a8051a024561bed0b,0
3431,1322254740-a9074dd9f0a56ff15856a9926effb469,0
3431,1326409620-0b3b70efbaafdbb110a554f007256696,0
3431,1321534140-87380dc0d1c69aa21380d4ecc7507fa1,0
3431,1327603320-ab5625eb6f3ed6b0ece2273c631144ce,0
3431,1326210480-47802f18eeb31bb330ff36aaa9a271e8,0
3431,1323294300-fe236ee41d9ad3c70a7222c2fd608e67,0
3431,1320935760-b7e72ea612a2da4baaa94d0d7a7c790e,0
3431,1325346660-71902c10afcf41955d4ded047bc20d48,0
3431,1321587360-d23f317c9e5ac98f7b48d29a5560b0c8,0
3431,1326073620-04968ac268891a0c8ce7dc4cdb78442c,0
3431,1323213240-5eae47d4c360d7a25f2779a353c58ad5,0
3431,1326844800-859c5d6b73e3f65c26fe6c2eadce8cf4,0
3431,1323302520-22e663777cba317d0b0d4996074f5b37,0
3431,1322700060-cebe9e2e9c5f28af64f6e25d90117fe6,0
3431,1327397040-fd96786278f78083f2c1bcec481d2781,0
3431,1326141360-c4cafd4475b04d0b6688168e6d9c03c4,0
3431,1327495380-c4e1747c091521d2e0a1d014379549d3,0
3431,1325593200-6d2a0aec1edeb638faffeee31a7072ad,0
3431,1327979220-5ebdc0595f85f408348d4dd372b32cca,0
3431,1320462600-7f62f936e60fb2a941b00789e2db26e4,0
3431,1324076700-97772393a893a44fc22c5799f926ec2b,0
3431,1324570260-bf598041cd736136a3b6c7854349a7c0,0
3431,1320721620-bcbd52f574b7ab8e3e8ffa80bf8cbd7a,0
3431,1321013040-1c67f4e5836eaddbb65e23edd99e71fd,0
3431,1326141300-acf4b230d3ff72fe46fead8b9253c256,0
3431,1322645820-435803e562af1ebbd48342f4bb60d72e,0
3431,1320169440-928c646cc5018b5548203dfe938154c9,0
3431,1324551900-c4d058e18dfe14ed806e4467639edf0b,0
3431,1327950420-c9bd73c6b2ea0c74f401a7f247ac7b3e,0
3431,1323464400-1c224d74e8a3d9b867ea5f4dc5cc863c,0
3431,1322605500-d10863bbe11bbadca1d793e1c3ab19ee,0
3431,1326519360-640bcb32add58893b8308a43e2a00097,0
3431,1326537900-57d8a939d049a6d8e4a7413dc9827f85,0
3431,1321329780-5a596458eb55ff447138870951cbe28e,0
3431,1321859580-06390169f49b180100f03e42521a6aa5,0
3431,1323105000-c258e077e12ef27d5690035369adcfd1,0
3431,1323373020-fd087a630131741086bab7b8f181cf1a,0
3431,1322504280-dc2d492b5859e79ad521e29444bf58db,0
3431,1326724020-f6873cc5336fd9a4d4613ff2c351e329,0
3431,1322615400-0c8906924d3ad8a8d1aa3291f040818e,0
3431,1326298020-fab3afd7223b455165a25661d8c1a8d6,0
3431,1323218820-3acbfbf067fed6ec1d0c33a5c0f316f2,0
3431,1321811400-599dc6afc181fc54033c0e3ecd74f9e1,0
3431,1323250860-b10832bf9d418b6f0c9a9b5077a3d599,0
3431,1323313980-6a66fd27d961c195759bddca3bbf1125,0
3431,1321548240-4d0f5e65fe61bd05b3ea791d18684fd3,0
3431,1324343460-49835d840acf0d8b2e425a74deb0acd2,0
3431,1324061160-223df4922d071c52e137513d8ad2672f,0
3431,1323476580-77709324a369292b6442c835facac127,0
3431,1325773800-c2b3fe2cd4fcba1aef9e751f60723ee0,0
3431,1323484260-a022601b7b6f89fb46aba45c429bd2cd,0
3431,1321538820-0dd753f75cc6c6a90b2aae0f208000e6,0
3431,1325048400-642454e50e76210f0ebc521ce09a9ce0,0
3431,1323136740-09d6c3eabfdd81394cd3767db8c84349,0
3431,1323042000-764cc4a53fd1de51a0665fc54bf89edf,0
3431,1323297300-459d69cccebf9203833bf900cf07f6a0,0
3431,1320581340-dbd553ea596c7361ce667f38cdb8133c,0
3431,1326793740-fcfc93fa1f574dc22454cca44cb42b6f,0
3431,1322500200-dd9f3966d7c8a42b2701ded784a022a4,0
3431,1326906420-0bb42110b4edafc25403c0b32199a2e3,0
3431,1323361200-11180b13fe8c31ec1febac1e07088ed4,0
3431,1326537480-553014578d9c215127fea859dabcfd20,0
3431,1324460040-1c1cb2f00f34eacdf1a3dca10d3166e7,0
3431,1326985020-33f7b3c876226f4dbf863ef80b20cb0e,0
3431,1328036400-5167ebde3b405be991f2c5bc8781bc5a,0
3431,1325677680-18ab6396ad3bf99a34ef41a1ddea5b99,0
3431,1325501460-3da8f856e486927731038d68b40558b1,0
3431,1320709560-44461e4a351094220cc4f9d0e3d74b32,0
3431,1327972680-3814e206ea25677848f3c5a02c1809a9,0
3431,1323015840-6519697cc88a674c3c013b25cd28a09c,0
3431,1320487200-7200457570b1194048841ffcdbc97602,0
3431,1320113880-26a425af8e1388d130d6df689c3b7e2f,0
3431,1322252400-99f93fd605196d230616e3dc59a3f9a2,0
3431,1327635540-d0efc5e9f7bf00c3d67ed1311e822495,0
3431,1326826620-7ad1ec61087ca5d62f5176c502136f86,0
3431,1323109020-7f3e70b8380c12b395708f96a851ac81,0
3431,1325709960-5897398757b4d9bffe29be5b6df8729d,0
3431,1321488840-78f35bcfce7be55149f9aa9034864be4,0
3431,1322174880-8fa462a81c5718489c5c4f319d072ecd,0
3431,1322682900-72a412cce40f5094f3ec6a789250ea3e,0
3431,1321313460-9c9c60da6c7fc43ad3b9eac2a1762489,0
3431,1320979620-c0cc3b553df85629a6471e3cf21d34fd,0
3431,1322256600-a7d6348e240a70f6625155883b2b5f08,0
3431,1326592200-56254cc17b73ba20ed208435b74f9f8d,0
3431,1325103120-7415672ab59a4db1d22c886940aa6d86,0
3431,1323612300-3dbd0d7eeb1243edf545c87c3404de3f,0
3431,1323927780-21f1522d9dd2cc18ff22c5a62390093d,0
3431,1320608880-326a8d0c5cbc136494d69edab6489eae,0
3431,1321314060-c1a87f35888704b189ac57f904b2795d,0
3431,1323343200-34df7a46c538285acc7e0260e47a21ba,0
3431,1321291560-7708b28c75cd7566e865366100a90556,0
3431,1321032840-23d7c5e873b19a02bd95c97dfb63dfc3,0
3431,1328050020-94b0dd89bbcb454450710949073d89bd,0
3431,1323625680-b6e587388c6f9df65dbfa6475a7d8cf8,0
3431,1325677680-85c721d89678cad5b58e4acd64b861b0,0
3431,1323306060-d86253156b79666d43888551980f7db2,0
3431,1327314000-f84936207cb822c062bdc1633e242449,0
3431,1327719480-a64cb3550e1dd15eb308c966ebf70aa3,0
3431,1326317460-966d42de9fcd7c539e1ea0bd00df9344,0
3431,1321640760-103aa1f1e1b51697f5d79d48e5ba2a60,0
3431,1324758000-57725d5518bae72a29221ce223752d15,0
3431,1323379920-9abc82a33897eb92be78c96179e4d952,0
3431,1320724800-1c268060c784a7f0f783518ddf9c50da,0
3431,1322266680-12dfe4ab6ec3684dc024f222a76758de,0
3431,1321585260-5ae94f7230db683d48d413c588f0f0ee,0
3431,1320863940-d48483ff5d08745d690e3934258e3f1a,0
3431,1327626780-2837c0d173d3ab764fb3f68e8729e6e6,0
3431,1322764800-a75073268f74863fb1d352448c275bc2,0
3431,1322535600-c781d0b89488d09d6f52d4ef3bd07107,0
3431,1321032480-3d3adf42ba89ba48705f776496d20900,0
3431,1321254180-850a59411e5c61291d2ad6acf245115f,0
3431,1323221580-955cfe3ab91b14fcc0e0b6f0ad4cc3cd,0
3431,1324530660-389504cfa560a5922c4fd4a05d34e0e9,0
3431,1326166620-b35e7c1fa8b111ad69cbe02e1bc2fda8,0
3431,1320946140-50d5cf7effeb0061ad07537b8593ddb7,0
3431,1327527600-b8e9307bb1ee97c7a01c977d3e42e228,0
3431,1323187440-cc648b6e713c9d79493733443fcd21d2,0
3431,1325988000-9085b483af508ce1d74626ca6f2de15f,0
3431,1325164980-95f3b360c14c539281f38e7d1d410bde,0
3431,1325169180-891c93fc6307d4c6e5df81bb568c0aee,0
3431,1324202460-d1283155bf5c1cf50f26ba2a810e6d76,0
3431,1325401860-dc4211b7785a7c106551752ff5294887,0
3431,1327875780-b77c03403e2b4e7af0e0a0c551c91e0d,0
3431,1326143220-6ac12190f6421fa7637358d64eb35978,0
3431,1322452020-bf11953e3bace171b1b6a50cf9f6552e,0
3431,1327017720-00d8178a2589fd0f3f299f24d21c281b,0
3431,1323138240-9e4625db6589d52375b38241cf13f3a5,0
3431,1327939440-7c3fce9cb6523fe23c09a58579e72d99,0
3431,1321317000-d7bb6e8a45b6c8bac97f1eb59c781bb2,0
3431,1320467880-1ca2cb00119e3475a443f2ea04af1557,0
3431,1320360480-3b83861db41df3885bad6194080b2334,0
3431,1327467420-669c5ca6416e8d58fe78bf6f82f1078d,0
3431,1320889680-cda7b35da9c15f6dea3e5118431be90c,0
3431,1326396840-36fe4dd14bdd148a462e1b3d8a9b0c6e,0
3431,1325815500-11b419231b9f0ec3cccb020620806128,0
3431,1321852500-a720d96ca65d94545f49d34b44a9a067,0
3431,1324307520-48b0ef0f2aa3369196118d0e16074926,0
3431,1327933920-967837d547f754c630e80b8a9e1e2f2e,0
3431,1324408800-9d51203e5264c3604468c05eccae336f,0
3431,1325604060-cddf144481297641e59e600629500089,0
3431,1321277040-53f4aaa1a688dfc23a377ecb81da6ecb,0
3431,1325771220-d313b6de37eccb9db1693b38355c7fe1,0
3431,1325100720-f5ce87044ebf2e64aee792c98adc5c5f,0
3431,1326475200-b8ac856ab537f9efc8706b9d6a3eae18,0
3431,1326499020-baebd15a5870a2329f2359f8d813f198,0
3431,1327090620-fccfe7594e358d0adc8bb6cbf0fc4470,0
3431,1323825060-76171b7db91f6d74b45aa07ac8d6e65d,0
3431,1323972060-4c9fbe08c669c200c88d1fd36c6fee7a,0
3431,1321375200-cbc95d07bdc313bc92ad99115198f53b,0
3431,1325284620-049f793b36e311f31811e5b8d721396e,0
3431,1323485580-05c2eee146dc38e155f1696eb576d2ab,0
3431,1327777080-212e305674ef2c42f15b1ea85ad02338,0
3431,1323275820-d00346916aa9da0a825aacfe59da69af,0
3431,1322517900-f4076ebf4bcb188587760cbcd811966c,0
3431,1323804660-452906e39ebe616ec475a65895d03e2f,0
3431,1321119600-a89421a2e5b62b84adb806ca372f9f86,0
3431,1326951540-817ee5303f0bcaa8f1f40059df4008b1,0
3431,1322692920-1da00f963ba3e8dfc382e6c344bba670,0
3431,1324577340-620788555d38a1a82198a7c0b6c24ee3,0
3431,1327658820-6aca07cd3fe2663353e011f74a1ee4d7,0
3431,1320674100-a71945f36a1f14446b4567b61561a645,0
3431,1321936440-b56eb659778b60d32903ad1807b553ed,0
3431,1326999120-d0ae39681adcbc067c86793f67f31223,0
3431,1325511960-8be6957452fcd2a363b6273802f09053,0
3431,1327323540-62720eb6734f43fcdb180aff08324f67,0
3431,1325794200-81fbd172650fcad1cc58f4035f2b243f,0
3431,1324053240-dd1de0d7044bfabd734ca65c56124b2e,0
3431,1320919140-3afe023ec301eb4009b1e81a222f62b8,0
3431,1320943680-f51b3dd7c554afc539e78116ab4ff7a3,0
3431,1326964080-0188e2b872a271c80417933dc8f2f08c,0
3431,1323290940-c7c382e5f5e1c604d6e585a2ab20ea1f,0
3431,1325683980-bbec70860ed8e8dd9004bd4c3a8ac4a6,0
3431,1320465660-52f0598a292f43edc255cbc20e3f005a,0
3431,1322151840-609ff354817da05e93af4367f684b757,0
3431,1322014320-225b706dfc92771c51f642a1ab5a444c,0
3431,1321547280-8546ad7bba3be5e5bc4bf16f653cff4c,0
3431,1325165280-a25413f3220e8021e90e6caff2de5427,0
3431,1324405200-1ce86dacc4f5e8e53e4d1cf225b1cc2d,0
3431,1320352680-adb578fede663c3baa3c2b053b9e9aa4,0
3431,1324411800-63e62bceba7119475048eedae1d41532,0
3431,1322162280-0841d269cfbc77ddd87e132dba08541b,0
3431,1320249840-331770eaef15fa853cd8cea51bf5085a,0
3431,1325694780-d691609a7528620add6fe751b5a33122,0
3431,1327770600-ce4018b6401f3d8e5b500e8749ae165d,0
3431,1327116060-76d93f2729afaa43894a4d3872664896,0
3431,1322585940-a7165b8ed29e9c5e7c774b2746e01be4,0
3431,1321938600-c76f6598f1b1d223314d6a3d107b5f0a,0
3431,1327421640-f8a9ebcfd6790487f7be5e827eeeaf94,0
3431,1326428880-05556399cd69567259b79866f2b87cfa,0
3431,1322783400-8f4a25ee3e83b81acff9c523f066979c,0
3431,1323882360-b966234c288a61a077e3192a14f778e1,0
3431,1324278840-a8e9cc38e17d5e9cf14acde4606a8de6,0
3431,1321929840-9544051dd32e684a47e662c1128971dd,0
3431,1321552440-f4946405b8b989d13efbb5f06ec50da2,0
3431,1325800740-6a421422d5abf1295597e340154ed8d0,0
3431,1322940060-1a4b3c86e5d0b51ba7b55b7345dfd0b3,0
3431,1322522100-b73386f4d459cacf79105d0d1a3c3278,0
3431,1323380100-37684c85770c4dfdb5df3f2cf045adfe,0
3431,1327764000-1dc92a3a055ba9c30be6934a889c76f9,0
3431,1320788640-0a988b069272d61c9759a5d3f45d44ae,0
3431,1325659860-dd3ec6b6db2b57d12186cd6df3d79b29,0
3431,1321920900-88b9e58e2c29bf48a9bcf150fadc6998,0
3431,1324244400-27e276b18569b7b42ccbaf5ff1c3636f,0
3431,1327426320-887d4c9f49f7f48b92bb54b9cd90b36f,0
3431,1321593180-ae30b5887fe9616604d327bba9bbf22b,0
3431,1326163620-7d210c47c7c404df6ff767425654af2f,0
3431,1320425520-71318846063d80dc0c5af429b4f23b45,0
3431,1326331440-2202a1b48c9e0600f37f67437ca21a22,0
3431,1327483620-abdd13dda23b8ce9542c33ca4303caba,0
3431,1321012620-71af1a9f8be10ef726b20c63b4867cb3,0
3431,1322358720-7300f586650eafe73142cf75c0cae444,0
3431,1324284120-3cf09c9d7d3c505ac8e4b29a832fe03c,0
3431,1321622580-108ef161f8a3b17e1a3d7f73ddfc09b7,0
3431,1321488420-208de089eb97e66397653b2848081263,0
3431,1325685060-bbbfb971739a497cf41c74d71e98dbcd,0
3431,1326141300-dd26f85201dfa20e52c1dea69994c5d3,0
3431,1325461200-4fbe2ede10aabdffcb0e5617edbae1ef,0
3431,1323224520-81ff5ab4dcfef0fdc3b21dbbc29e7e79,0
3431,1325312280-6bd56f686ffb1069606e6bbafaaf94e1,0
3431,1322005080-9ac29d074be6c24a1de1454dfae6bce5,0
3431,1323318060-d05a3e73a2d74f59ef413e0ae5607e47,0
3431,1321927260-53cdb88f0166ab1e150abfece40fbcef,0
3431,1327933740-bf63bc29d5c7008a1d81cef7ece2eb0e,0
3431,1326873180-6de66866da676eae996d634c66b0f27b,0
3431,1325822760-9dd7bfaaf15812cf1ab5f612d5ed8a67,0
3431,1321910640-2d7e8989c76c692c3f15b1c5bddbcd5f,0
3431,1323480720-300d68d105dd2e87760aabced8a67276,0
3431,1322187720-a9c8c61dd7403d37a6c244d3c142e220,0
3431,1323649800-18bd3b8faf334d3b65188ff38d2f20ee,0
3431,1327984200-44e62e15630c8f245c9406f53a312a1d,0
3431,1323372420-bc86df5cdc6d6456fac9092ae5ab12e8,0
3431,1323313440-96b5597e4784c2bfbc46350a4ef15bec,0
3431,1325503800-a279524ef5897d3c276d34d2d9edddfb,0
3431,1324570740-cd66e39db7bcf0b293ebdf3e22e1e268,0
3431,1326856620-1e287d8cc655dcfdfe1cf387932e55f6,0
3431,1327700700-a3e4b267d9fd8cce40ce3f1482e2364a,0
3431,1322174880-cdf55bcfa5af1d561ec803e7c8e6a3f1,0
3431,1322702460-0683a8f75641a860021cc5f693718587,0
3431,1325619840-f9e73d026838549565bca73dfa4916c3,0
3431,1324152120-8c4adf0d144e4d04c1077d7257c87ad6,0
3431,1325561640-2dab0dee64dbc1d2d5c5f8276eea8fbc,0
3431,1325641260-6ceb8e7c33ad1534aa15e8371186f249,0
3431,1322232240-2e6bb480eda8a7c1860c85967f01b368,0
3431,1321047480-ffb861681155620b3c0093b34b06ca23,0
3431,1321372560-1e4e4ca7398c98bf5e6d8d86f884f1ca,0
3431,1326444780-1bc22f99cde23b6cc44ff48d359ae6f3,0
3431,1325562480-00bf342fe9efa6efcc518ad36905fe28,0
3431,1326563280-f6f1b5240c0e038b83bcc030e493b4ed,0
3431,1321526580-435ae78eaf96f58bc1acdcbdb4b4e55b,0
3431,1322021040-da800fbaa20b9dcab434a88c89ff787c,0
3431,1321137480-24dd2b830f0fd99b79b08b933b617c89,0
3431,1321936080-97152a19323d96928d6360b1ce25271d,0
3431,1322535660-0b0da33dfe9627f6ec4b2b66445d790b,0
3431,1322053980-8de3920456938409d49db30171b5b7c2,0
3431,1323219900-b480f34f4a0fe4252619ceee0f579478,0
3431,1326414660-d85620aa1b47f9a76fac2d34a46a7967,0
3431,1327716480-fc4cf7d623683f3966ab48c8509f3d87,0
3431,1327679640-4f09eb209aaaa153442b27c18bd85a8b,0
3431,1327938420-881cf130a44f7211d4d306354f3ce11d,0
3431,1327424280-4010e342a472b2618400925c0b1ef053,0
3431,1322163780-b587edf82cf8f3576a4d97e0cc25e867,0
3431,1325698680-82c611527c2158dd086f3cd1f41de5d0,0
3431,1322092980-b5a91bbe55ea0a430524b9ce2da42646,0
3431,1326822060-717097e47f4dca4aef910865e9770914,0
3431,1324975320-523fca6d638c4bca3d6542a5b0375495,0
3431,1323264840-50a0fc5e4b887deeffa441939dab8639,0
3431,1325881860-6deffd750593eae6ebea891185a92d62,0
3431,1326432600-087ee1258a445a0263d1376a99c362e3,0
3431,1324239780-a25d7f2224455eea2b8f0c39b1d618a4,0
3431,1326283740-735133a13624b47ae225165763c0aed2,0
3431,1322483700-4ac728633daaa25ca4e7b72e13063f75,0
3431,1320444600-f61b7925726407ba5be3b95318ed97e0,0
3431,1320456120-3268c1de8396093d0d9c2aa68a0cd674,0
3431,1324491360-fcd200b82b6c89ba7e5dc68b58b53f51,0
3431,1328013000-41177fb9bbebe0522d3fa714f36db804,0
3431,1326906840-75ce2f907954e3afecbb07212f868bff,0
3431,1323264780-cacdbeafcad2672c8205a6475bb9a26c,0
3431,1323788760-38316e764691c147625300a53f2fd4d5,0
3431,1320935700-58acfc4ce385178c9567310ceff05278,0
3431,1322077260-058600405f7a459d413c89ac69025c64,0
3431,1325638380-fe3a18fd73e54e24af268981bf42bd6a,0
3431,1326475200-aa060e7aba827fecf15ba54fd084d70b,0
3431,1322106180-5f65972604c5d3a0841ba6a8890b60d6,0
3431,1327337580-ddfc049760fbd05c77ea206d167148b4,0
3431,1327036980-8450a5e1153eb85f8e0bf8f1d7b74b9b,0
3431,1322829420-706a7f8a2ca08d393be6981e4343cf27,0
3431,1320934260-414b26b0e993bdc46b44e7e648d3ec0e,0
3431,1324853880-0b4aa31e89f5d3aa8ed04fd0b57e374e,0
3431,1324527540-4c6897689e54d1617079da179e198c5c,0
3431,1324564440-42d7d55a192033dd3686973ad99acd37,0
3431,1323400620-3b9930ebb477dd9a8a4f69a7bd4e29a1,0
3431,1327310820-067bcd7578866d9690fa12d54cd69492,0
3431,1325739000-dcce6e677ce2237e96a37ca07cfec590,0
3431,1322497560-00d2fdc1e1c8a951d649233640d605a7,0
3431,1322786160-1392d39a67d751118abedccacb09c448,0
3431,1324415640-868b5726ab4f4c9516a28df61730fcd3,0
3431,1327010220-f87ef452a3b09313451a2b55348ae443,0
3431,1323267180-fb100ed3c2556033411169e7d6ca8da7,0
3431,1324237200-533b0a4ba2cd7184a326a19e23e204af,0
3431,1325949600-1d346702f8e8af11d467a45573eb92a7,0
3431,1326818700-f50a4dbbc9c038d69e9250960935987e,0
3431,1326484680-284adb14d61133fbe785dae05757d19a,0
3431,1325612760-df46935832c24c2fbc9899aef87be6bb,0
3431,1324951140-2f068a1c169c59725ed30c7eff1766a1,0
3431,1322630400-dbf7283bf8d85f4c35bbabb4f9afd069,0
3431,1323235320-9e2505b64969b78b3228474a6fdfb14e,0
3431,1326283140-92e3036a18cf9e1edb5e29ff40f56fd0,0
3431,1323115440-2121bace5e0aaccdbcf37cd7961a15f0,0
3431,1320980400-503026c0bec2b9b7530b9c72720bd705,0
3431,1321051680-85e635606c4b835a3eab64598c6ae716,0
3431,1322817300-559207d12def2c0a78149312d7f9d6bc,0
3431,1324946700-94fec83c8ab8dc7e8d974d6eaed513e6,0
3431,1324494300-dd024daef533263e0cda0c21f33be189,0
3431,1326482760-18509935b560b6fe2c74a9469af2a80f,0
3431,1327004580-792dd57973995898b144f980b3f94b5a,0
3431,1321294860-8302f1979b63abfb71583b74eb16a05d,0
3431,1328034540-c688545f3bdd5eda914c3ecbc5a5af6e,0
3431,1326637200-b49fde444944c7adcfb5dcd8d03d4d7c,0
3431,1327068060-078ad715187ad3ad0dd9e2f87de87488,0
3431,1327690380-27808f1d26f131f6579ee4eda9ee8f33,0
3431,1321985400-d3d6d2a01f4f4fbc33d71c388fe33a31,0
3431,1324816740-252cc35521b38b5c23f04cd2df93064b,0
3431,1322149440-dda4d369315a406d900a48f25653e54a,0
3431,1322425020-6d6253734002fd1e2fda380feeec428b,0
3431,1324993920-cef9fa191233b48081f637385128e750,0
3431,1323372120-1fccae71c64eac2b41d6c66046f5a5cb,0
3431,1327062900-a382ee42c0e96c11638dee3a447e986d,0
3431,1324241160-cf59c80a8c9a023dafd90142edc2ebce,0
3431,1321621980-7df85995090606c73f3f574d48d9800a,0
3431,1320896400-85471ca570f9eccbcc1eba3b499030c6,0
3431,1324611840-8e9b317a59804e7659144dd807777b3d,0
3431,1322871480-2c7d14df8e84e1673307feead1ad544a,0
3431,1327915260-84ab5e963309f7f1b1677a4d45c2f3c6,0
3431,1320874260-0942492e78b32b414ed80eef5529ffff,0
3431,1321230900-bc43781b3df3b8f60aff59f329acd16e,0
3431,1324061280-9a0362eb93255a79c4201a1db9fe9e87,0
3431,1325759400-6e380e718e47bbb5e067ecf7a85b737a,0
3431,1320434940-8a051ea5c4e2660360795427c97a89c6,0
3431,1325634240-d7af82b1afa6d8e53061ec8d97e046c7,0
3431,1323451260-778e1325cce7b5cac0bf6a620727a3b6,0
3431,1327671120-adaf70d0df113be67a3bb5da044ae4a6,0
3431,1321935900-c37fd585f71cbe689cb6be9a8c6afd04,0
3431,1324039740-6035770a1dcf3c3a60166a1c52aa9534,0
3431,1322264820-813e58ba4c9daa7b19a6315ffd061572,0
3431,1326283620-a429d08fad4be630483afbfd4ee82a4b,0
3431,1327409940-10be6caaf117c6c65f025523d3388988,0
3431,1325973060-27baaf43c0f9243c4d6878bdb17ad825,0
3431,1326003120-ba814885b0ab1209dd22bdc9100325c5,0
3431,1322451780-03d5123a1ab4d5540ab99c4b568a56f4,0
3431,1328041620-af4b3162d4714ac44c22099f2d20dd2e,0
3431,1325819460-12b47c538d243851bf6fc5595401dc2f,0
3431,1322155800-58ef5780decee4d3b59f2b16fcee32b8,0
3431,1321994460-802a8ebdc3e0b2743de99301481e49c9,0
3431,1327756260-3486bb0428af8d0fef4628e410cd7a5e,0
3431,1322143200-2b8ca058e23097871f829253f6980206,0
3431,1324347120-0ec57cfb11dd02f73eb5d15ee07c9857,0
3431,1327313100-73e8e0eab7440574d16a0af28ef6310c,0
3431,1321742700-d0266dce52db346bf0e51a631622547b,0
3431,1326388680-97310b349608db40acfb1153dcdb25ce,0
3431,1320230100-b392cc6b60768842c6006c32d2d39f98,0
3431,1326393000-299c308fc3cd500d9db23fb844d1b0fe,0
3431,1323381840-24cd4a99dc04aa41628f9e49683a7e47,0
3431,1327974840-ce626577f5dee4d4ca88cdf674b2b9eb,0
3431,1325545440-414787a0bfd90c6dcb6905164afcb2e4,0
3431,1322812020-f05e23b10f5f8a79b11425af4a195892,0
3431,1327462080-7fb86afa2b73a520f6714aa13e817a7b,0
3431,1325534280-057dfeca6ed2647b6329af6e003aa680,0
3431,1326350940-696fe0cb29de87386749054c031984a8,0
3431,1327933140-fb138260a73c659081588cfb1d8d82aa,0
3431,1325828160-174ed55e2db77dc6c33c7d6c43a1ed2b,0
3431,1321451880-31e8a23ab03deb2fd096ea742d6537e5,0
3431,1326363120-d65d0a0a1a0332769880891f9f905ab2,0
3431,1321026060-1c1f9e7e24e6b45096e7ed1c71782953,0
3431,1323191040-492e417258efd615d805d6005327947c,0
3431,1322475720-aa785c0abc62bd80cd27ad6afb73e622,0
3431,1321260060-dea60803f7b357d544117e61211b8be0,0
3431,1322842620-d0a117e2af5e03b107f18e776ec349e6,0
3431,1320405420-f6a38912de9a43cfebf949ad0425bce3,0
3431,1327510020-b61248251cfc5467d56c8d421c3b43db,0
3431,1322678640-a214820b8ebe00a7ce6df23cf9e5b792,0
3431,1322041440-d022d22ecc0b12439b3bad820b1035b0,0
3431,1324037400-0cb1710d8e30627299412edb78f48066,0
3431,1322054040-dfc67c646200cb01ce81a18a8a245894,0
3431,1327597740-683b5b3e31d3017b3c06c7d61066540d,0
3431,1326905400-5a4062130dfa4d058e4a1b0fa3b2afab,0
3431,1324393740-0f26ff19286db0be5bd9bdc7394957e1,0
3431,1320414780-d1a8b380eafd18b4230c7310b942d3e2,0
3431,1323903000-aab2c7a698cd31f2bc883d42a7493c24,0
3431,1327989420-f6c597644ef7e10dfa3f307bb6888c7a,0
3431,1320161760-9f0b524b0df5ecff1adae85c9ccbe42f,0
3431,1320420780-c8ea278d32c18b5810857298a7d1abec,0
3431,1326754500-cb86da0fc99a1115a51a9e5b75f027b1,0
3431,1325479020-46617b104e70e6ce0a5d69f123ea61ac,0
3431,1323132000-42e3a3e2ffd3a7dff9aaf53b46bc5f61,0
3431,1324247400-d18ee57876c37c062324f29e0d452eda,0
3431,1326742620-13c9d27808ba186900d33443c0ed3d64,0
3431,1321705680-2c01c92a39258110552a3743e970e6a2,0
3431,1322451780-319bd57785269bb89776576ed6133a4c,0
3431,1323130860-a8c371b32b4c4d2a1699dbb4b06ff5d1,0
3431,1322183280-ab5489a6f743b6fba8792e59d6777c64,0
3431,1326818100-1867185cfd21acdb22c1d23fb5377349,0
3431,1321379640-a22461e6dc0f3cda2c4993d050d7ee34,0
3431,1323828660-8a6f52c712c9d8746b6bf58fcf39e2fe,0
3431,1322899920-47e0a995d8a6599cef61c617f1e9b56e,0
3431,1321457880-d98e6d754fba91f4af84c435d7271bdd,0
3431,1322597820-8eaaa6bfcf32d2cb52460e0a1f6c74df,0
3431,1323476820-c4769c5b78f2d209d565b31b3de79f0d,0
3431,1321130820-d8953e34a70a48100ad968bc11e9d93e,0
3431,1321481340-136fb8afa52449fb2f210c3e90dd1c40,0
3431,1327001340-62b5e67df1d5f5985275879e976f66d2,0
3431,1327287600-85466c7fa00a4c5a78f147f7592054e8,0
3431,1327672080-28038045db287c070fb1e82a151f3af6,0
3431,1327951500-036a3c5608bbd86dae5fd60d9a20e6c6,0
3431,1320338580-fcc6ee71c15263a2db5eb2dff0261234,0
3431,1320457380-6854d8d636fa5e8a4aeb7807a2652ad9,0
3431,1327951020-5110b0173fd554f6a17137405bfb4ae8,0
3431,1324225260-ad08fdc6b738f48836b41afc0a8d4a98,0
3431,1327098900-573dc4bf7563127788b742655f170680,0
3431,1323175140-d376e88fd50a9a9720268053621b765e,0
3431,1325558220-f694145d258743a476bd30ea998992f8,0
3431,1325957280-2908e8317698bb169c42595ebcdd766f,0
3431,1325851260-3338d9b786ede0e50f27cbf238ac1199,0
3431,1326223440-5f0a78578afb6798c118c66e88763b2d,0
3431,1326799620-c3e4607240e2ed72b0fe29fa7ca5b4c8,0
3431,1320970260-2a0a1921f6bf358cbe4171a3045626c8,0
3431,1328032680-4e383bd1ae6fa299e956d098e2d8ffce,0
3431,1321408800-a1641671be52f90e590adfea957042e5,0
3431,1327945200-6f291c85f18cda2ae36cdbbfc9ac1b4a,0
3431,1321026960-d72cdb900a9aca279329d8794366f8fc,0
3431,1321994460-866eb6766e7a39c566786af4b66e14d3,0
3431,1320214620-0ab98b0ed5680b03e3c7b918e3971930,0
3431,1327910820-6d9b1f5cb2663583f4b989a0d59ab7c1,0
3431,1321978200-a1d053319dbf6438fb7b232a2d352603,0
3431,1323977160-3e76f8c52298c0d8e58d742d2dc86dfa,0
3431,1324152120-b2106434aff2b81e55373423133069a5,0
3431,1327992240-ffd5fbfb4f66427b1c61753026bc437d,0
3431,1323879060-6bf9343076af33072d975b7a4c79ddba,0
3431,1322246700-413c46af76751be5c267ca23423a9cd0,0
3431,1327978620-94aa698179918bc69861920949b845c0,0
3431,1323468480-d92c0d167274b643d02782325e29194a,0
3431,1321884120-6646e32538127c859a9efba199215f4c,0
3431,1320938460-f8d0637e1f7d762e8126e0d248a092aa,0
3431,1324349580-f004c6a024c138ebc91f7be7bea0a763,0
3431,1322078820-0e610e21da784a3034c5a8bbe640fd80,0
3431,1324946280-5c5f40ec351b934fd0232f9bb2d591ff,0
3431,1322920020-71b054b2260fdb34e03e1aecbd2f7097,0
3431,1324051380-731e23ff4d26ec86a71bdacc28a632a0,0
3431,1326856620-a21226a1c41bf153bc2e8c43dc43877e,0
3431,1326423000-3642fbacee3ddcdd1edd4d7e2dc88c80,0
3431,1321699800-fe4213b506fe2d6f697afafa53a360c7,0
3431,1326618840-b1f978b5789651a716539720ec4b9ac9,0
3431,1320739080-b770116e85bbda780f9a60469275ad93,0
3431,1327533120-396e2217b290aa4b5b51d2c174b7cdf1,0
3431,1322575200-55633e2e1dff3f301c128c16c87c9030,0
3431,1323033900-b6d58433e1f28c51450fa1d39fbb9069,0
3431,1325526780-7ff9a8b2263f9689055b17743c0b88b5,0
3431,1325712420-7b92ec3789278797ac7fe2089c923b33,0
3431,1326149880-0471872f7fe42057219e75798bc993ee,0
3431,1327851780-9480e56bd724123c308e15205a1257ec,0
3431,1323738120-078730c3609e5a860bb568e220544be8,0
3431,1324306200-8e79aeea956a81679723f9d3bfc0f345,0
3431,1322467740-8e781e6c2530c087ccc1d85453fc83a4,0
3431,1321817580-d8223e0958cf0394bf3f6afbaf401f8d,0
3431,1321030560-c71bdea18bd1c9d5a45de7e02622dd72,0
3431,1322224860-9127f14888f5755da8583ee4db74108d,0
3431,1322604600-3542617334e63d746c5eb9cbdbde640c,0
3431,1325435760-aa439446f9760bc26417ba077940572f,0
3431,1324502700-b9b975e0daff4c37b58b7df1484ccb14,0
3431,1322607720-aaa9e647a1e24c4fe77a431560fa933f,0
3431,1320863760-dade2176a7fb0fdf5e4a794d1b926cf4,0
3431,1321205520-7aa3729a548fe552aea86dc55ca8d878,0
3431,1325709420-72d1da2f9ea8b08f3252682453d78a74,0
3431,1322710200-8a267aa8d85205e5e966bef97709745a,0
3431,1323491580-394549ada2a6ce9d4a879fd3b2c992b3,0
3431,1321655400-63092d5e0bc7192af2bb6bf68f92ab0b,0
3431,1321510560-2eca42568c6369453161ef052a891b52,0
3431,1326808860-1e848c441472bc1d42605cd5fb0384b5,0
3431,1325902020-1ee2c909afe69284c346e4027c5aa6cb,0
3431,1326221460-254e1073b58260ac4dca95840d13ed03,0
3431,1323479400-f626162119128289259e5d4bda3276a2,0
3431,1321490760-f9fa5c5fcc0edc8e21995c87176cd62f,0
3431,1325647140-a874b2b788df4a840029fc0ee324ef18,0
3431,1327081740-5037384f8d750f1d44628a65d0785c12,0
3431,1321025400-cc256dd0da4219c33a84ecc10ffc48b9,0
3431,1325985960-adf9e8cc4509dd66215cb159fd939430,0
3431,1326858480-5696eb552108be2c274d334292108cd5,0
3431,1320521520-403d163abf0e77f442ae0f105fa4b712,0
3431,1322775660-14e608104b6b5886f569b4a5504017eb,0
3431,1322015700-9f2776e223bf576e875021d7a41a48fa,0
3431,1320765420-cf983481e94de3f2e238cc6922cc6f4c,0
3431,1321307940-59d67a0f39e297c0a314343ad1352376,0
3431,1322271180-519ac5986cfc4d8b684502afcf089a26,0
3431,1324427700-29b7013f33bc76beb7f13f6ee9e8531e,0
3431,1322394300-8e7cc73f47f7bae749825395639640f0,0
3431,1321972800-f767d723a3258907e4fa57e508fea9c8,0
3431,1325373600-49dddc65567a3a897fcb394630e3d4c0,0
3431,1322043420-a1bd9761c5d800e13e5c7d3c7e19986c,0
3431,1327505220-3a5e9afe98f4bb759776c6847364f77f,0
3431,1322499240-0c6f006f74776a8094a850989dc349a8,0
3431,1325473560-f173cab5012caf60c6ded34991cca9a5,0
3431,1321561380-c3361c146570593f2edfed219f432456,0
3431,1323812280-5fea04b226fa7f5ca1771aeb1d0bb99f,0
3431,1323183840-9a8d685c03b8cdb29d3148d7eaf56ed1,0
3431,1322184600-2fbd9b1ea2fc873356b0bffbff962d6b,0
3431,1321386600-70d60068749ea03832dab2a738f1cb54,0
3431,1321542660-0ee02db8434f301ca5c1fa19adeb1297,0
3431,1325019060-10d5237d88ea2d8ade8a6fa475b03b61,0
3431,1323022440-47cf31462524907798095dbf4a96f8ca,0
3431,1320665700-22ee2196732ea851e3339809a9971eac,0
3431,1326238620-59f4dd456d8b15244c7111aad7805c41,0
3431,1325794980-7ec5cecbde14b7a30b97acf4e5f65251,0
3431,1321293540-5aecff10c135bf0a761648391264d756,0
3431,1327785960-a166b5dad054690f1ef5d3be52def52a,0
3431,1322868540-1f02769a47e8838b1de4ab93810937ee,0
3431,1327659000-d2fd6a9a54ffe22691d8bcc09a431703,0
3431,1323457380-051757563d94d2155637f9799cd8fa2e,0
3431,1322256000-4b997d2b8d7758ef7f09b2fea57f13b0,0
3431,1325096100-f0c5136e1ec5a60ff647d86a1479eb9a,0
3431,1324324260-54b3e411e6ad0be8ce3863f32370e490,0
3431,1323110400-3e5b2e3b823a7cd55495e590eca08ecd,0
3431,1322452740-680d53b9cdc610483f70ffdc5e2b08e2,0
3431,1326913800-acb2fa18e8d4c5623f394747337656c1,0
3431,1326387780-99a6e65e866e4eeb7efbc51b5f237f8d,0
3431,1321744440-ce1cec3bb1b41295f2046ba1656ea2ba,0
3431,1320879960-320a6920c2a4bec458ea6b1f62b9cd54,0
3431,1321322700-4c107b21a6e5ee1cdeae9d098b0bf627,0
3431,1323244800-025bf3e55d26fdadcf8b9980b9c3e3ec,0
3431,1322085840-df1232c56f78fedefb5f8f6d67e56253,0
3431,1320425220-506d1bb415415035a88457cac8fd5ebd,0
3431,1323489420-aa59b41f58751e162a7226115dd70681,0
3431,1325055780-651f7a36d3b3b01e048d4b4e9b5d7c1a,0
3431,1326147600-bd916a60b6774d6a626cace6f9d6feb6,0
3431,1327682760-408bbb7f04fd16c73ac516ad770064c2,0
3431,1324665480-1d9c4d45b1e57bf2a1ce2b80601e8d34,0
3431,1323302940-072f4b8e9d3a159f4119a6a05ba81289,0
3431,1320633480-211c2dda02ee0faa42558921370e82d5,0
3431,1320122040-483ba8e98207c70c086c948e81f73a94,0
3431,1326906660-9f395dd4b9b1d8f5df1e7fb699c5bbbc,0
3431,1324372860-f2829146d0cd25db20d160a9b112545f,0
3431,1323447540-c4c00ca973ef092301815071e4cbe952,0
3431,1326227400-acb2b10d2e5b01a558f80d79053c2c35,0
3431,1327907700-00b0ee6ba726c454ab3b7c14678dab55,0
3431,1323354180-a7984c288ef51c9a975670f83bcaf0b8,0
3431,1325527200-fbc640e0855103de73acdfa975639ca9,0
3431,1321435380-20e5cdeace07acc50a413ca01b3918f4,0
3431,1322134620-ff721163bf3a1abc6f4a773e3bc23c54,0
3431,1325773440-62c71ff7d940fd8e9609ab7a0a8ea5f9,0
3431,1320445500-50c01592dd898270dc3ff58f618ce26a,0
3431,1323376680-60c317ae9917bda8fdf06ee5f704a7c0,0
3431,1326927360-2af901ed3240a99cede505ebbce47088,0
3431,1321236000-720e0a4374dacb49ab3326a1b586c6d0,0
3431,1321919220-0f522d57da13e6df73d1512d406d9c2e,0
3431,1320216060-13030122f1cea6854ff8b6f2da2828e2,0
3431,1321651380-6e8e3046a7106fb7d8bcd49b33c81a24,0
3431,1320550380-24a893f314ba2709cf445ab8b2b799ed,0
3431,1325009760-9db195cc144fe93e4bd446f1dcfd37bc,0
3431,1322525820-0acbd2aaa4ee0011e64fd599e8398c91,0
3431,1326317460-4f04b011f9e37382c554215a10eca70c,0
3431,1326903060-36d4f6672bbf515ab2ea1a32092fcc5b,0
3431,1321480500-17aa88bc483c335c168e44111a775fb1,0
3431,1327702740-443da0ec4f92f8dae0af03bf2984f3e1,0
3431,1325817480-10a7bb07641a2d30748b8cc354a9a615,0
3431,1323435720-f7ea45fc8980baf340c43ea44e739482,0
3431,1325808000-b9cd8b2453ad601ead305922355e7485,0
3431,1321017360-b8bcd87af40f73942c043bd3712d3433,0
3431,1323017220-b81b2c95d3d7134ff2899a27b5f7be16,0
3431,1326607800-f2973fc090fc41e2a351ea338694be9c,0
3431,1326270180-c2d8a0c6430cd3b268296f62eca8912c,0
3431,1326142620-3aaf959ea1bdfb96988aba06c3f7f2b7,0
3431,1325558220-07b8a3d39fa2a8e008788bf4de07f301,0
3431,1322782320-3b3416ab0cbf3f25cee23cd6c846336e,0
3431,1323316500-fac8a49cc6754bef79418c8a27ef3eef,0
3431,1324653180-8512ec008b81e1908434a0ffd099e4ec,0
3431,1322277600-2f7941be6edb67a0ed7f090be13c9a93,0
3431,1325987940-289bc0f7d1ce08ad250b260f9a1ff78f,0
3431,1323219000-3621b23a04c28747e4cc7da161fb5cbe,0
3431,1323019500-d3f285be7259fe8f5b5969bf0bdac9b7,0
3431,1323206160-1d6d18110f3bf5c12d177a7a36179323,0
3431,1325092920-04e7672d3395831a75b0df4cbbf7a550,0
3431,1325172600-a31278dc43f30f98a5a0cbc74abbb8ed,0
3431,1324237200-fdeeb2c8382962570091221936f12b07,0
3431,1325612760-22e6f5759505ccc1c48873e5b4124253,0
3431,1322164200-5f19273e0d90f737c2d2b4d84d233b85,0
3431,1320957060-13e15d65fa32bc4370991503f4473a09,0
3431,1320837780-5198ea676ef04954ce93e072d804e62a,0
3431,1323226800-1e9c8f5c70a28290ea898feb86f627d9,0
3431,1327605360-cad11f0d8de8b3ec4ef3453ba70ee3ac,0
3431,1321679100-7fe54ad694ce015de5cae2eea3bf5481,0
3431,1322777400-41109a36cdc53c377d723b06c38ceaf0,0
3431,1326448380-bafa30edfa7998f8db43aaf5ec435698,0
3431,1327536240-f25931b745563180df6e974059f4da88,0
3431,1320939720-2fda1d0a48240abb3aa3030f4f899649,0
3431,1323192720-3cd8ee16520fbe1e8814a8aa21e0d151,0
3431,1325386500-479cfa69136e7b7e4386ae6143cec124,0
3431,1326142140-3f95644c0499d9ed17c358f5723bc820,0
3431,1320793800-5a24a1411eb635b9fb9e4f057e5b8e7f,0
3431,1321448640-c7cdee109079aa2008e0696d1f49f527,0
3431,1327341360-00b319f18a251240986fc677bf5b18d1,0
3431,1325637600-3a21837a2f428d7790b5f5f93886c461,0
3431,1327939440-34ff308c3905f12f32cfda2b8abb55cf,0
3431,1324146840-9b58b81717acb4f0aedfd512065b8482,0
3431,1326846240-c822213781db00a2c759fcbbd7757baf,0
3431,1323713940-2e1c4120065fbb520cd06a37337f9ccb,0
3431,1321939200-c3775f26add91ef7d15064b90a4f9af5,0
3431,1322465820-b66ee82b2851d46a5de8b5a2ccb51d03,0
3431,1323352740-b8e0166f80d1d4b1e0734b4471a63abb,0
3431,1320903960-b25d7722acb0ed03d277635d4e6db8f9,0
3431,1325012100-f660c1e6148908f953a42e2d1f5641b9,0
3431,1324012320-3205d3c4248785ffa5439f63b5663737,0
3431,1325597100-bddc2277ba138762f50762d5062ae1a5,0
3431,1322871300-1259ddc79949f430bc2b0df53c81103f,0
3431,1324345080-b997f6602c8eafd37c42c5b724590cb0,0
3431,1322202960-2214c157e687ad9fff92f48eebadc23a,0
3431,1323095100-75a10ad21e75802a7356f0ff29398d73,0
3431,1324381800-8dc198166977d28c5ecff5162be23be2,0
3431,1322525820-08a3844d6cf243f081f5cbbfc1a7b705,0
3431,1323399000-743b593bacf889cc177758d7ff69b50d,0
3431,1325224260-0530f69d3d5c98015cc618e719966458,0
3431,1326949680-f100af7f0c7a28ad7cb9c6a2b3b3f6a2,0
3431,1321391340-f558fbc3fb69672916240ee2a06f4350,0
3431,1326044520-26ba17af614efdfa9b8fbe3b1ebd4155,0
3431,1326061020-f6122374de7676b3f3bf634488386c52,0
3431,1325720460-7a98bb57b7c7fc5e447c94710bd149af,0
3431,1327406520-0a519b926f08ff9d99446dff0abae73f,0
3431,1326319620-8f1463b4c45ac899322daeee1249e2ca,0
3431,1323491580-9dd9872d42dfcbe3487f78495580c1a4,0
3431,1321455300-a9af6f65bc23b9df8bd6393a7122a4d2,0
3431,1322281080-b42232e2cea14679fd987f32a353abbd,0
3431,1324428060-bcc90562ddbb7462f43bb8eb67ddd67a,0
3431,1326420840-f0446dfc34e8066999966b3e956ac934,0
3431,1323277740-fa59b3d0cde0f70440c40de66f235fa1,0
3431,1322523360-ff2427c28e11e5c6e3a553b3c3c79938,0
3431,1324608060-1d61e3972379d827aa579b26f5924115,0
3431,1324829520-25b98d97c1da949f0150ba2b817bc037,0
3431,1321186800-9ee38c7313148b1f61bd3d9d31b24361,0
3431,1323753480-f77c8d5efd78c5daedcc738b9c6a3213,0
3431,1320417060-3651286c8bddc7f8016e49f9007d3bb5,0
3431,1326153780-8a01e28a4b681367116d67bc94c31ffa,0
3431,1326653700-df1e8e058dc6d1c7d5ef8332636fe2db,0
3431,1320550140-b4e070d0025776ce89b93788210da2f1,0
3431,1326226800-a61102008543bfb5cd44089cd176f424,0
3431,1323297360-a97db9fddf47441c9e40ef3fff22c150,0
3431,1323329520-ac2b1a3c6fceeefeca4de8522f3286e2,0
3431,1325683980-5c4625dd3ee59d947638f6fcdd946c74,0
3431,1322124300-a4af294d4401b28329f033ff34eeb10b,0
3431,1324403880-79dcd0bc7e63c1841af0560297a4fe40,0
3431,1322803980-4ebc214bb746ba8bc1f16686372734c2,0
3431,1322462220-21659f79b2a553174cdc52a1840fdfc4,0
3431,1325187420-da77db64f7be9439f0b38840169b505b,0
3431,1322276400-3301dca1e55beea8decb561ec77b403d,0
3431,1327375620-11b4189c60bd222466811576793c3337,0
3431,1320346140-cf38bdb7f4d87690559f5c6496c95d66,0
3431,1327474140-c880c99fa3f9204d5396fd2586748e18,0
3431,1321390260-36f81c27ec3cc2a783e2b35429346bfa,0
3431,1320992760-16378980d4c6c84e4d79e265e8e02197,0
3431,1321491420-d1f5cefe8e6504616ef7259b3e5e5add,0
3431,1326141960-a4ff3da656906d6c561d12f58ad4038b,0
3431,1321123680-6543857a7638a4b5cf31833f9fc41c01,0
3431,1321713720-f2e2fae4564642f7b555b8d4cd70d2b9,0
3431,1322508540-3feded8019029945b4a4e6239ac2e971,0
3431,1320709440-f462f6b9110477690e2c46102cf6df60,0
3431,1326127800-bb3c7bb8c6c4968e428241bd3a0dae19,0
3431,1323884460-06f32558aeeab26af5be7d9ff6ecb42e,0
3431,1321031400-d1419a9ee12fc25bb44022536ee5208f,0
3431,1320433260-f82d8f78efb688b2b9e39eb273793b83,0
3431,1322729640-037b27b7f907e16a0f3d9e4efc81c82c,0
3431,1326584760-7ce498ffdea07c908baefd5f80847d1e,0
3431,1323306300-690871a046889eef050ed4892c7a4662,0
3431,1321408920-651aabf5fc4d697230db8667a7b01b43,0
3431,1326115680-98b7ca0881dd756b65434695bc250624,0
3481,1324440840-b9c5b0517e15a57cda6d70f268bc1d95,1
3481,1325130600-c33c4e31fe40001fa1f1c49dc490a663,1
3481,1325126940-2a3a615cc0804c3bdb876532e3537c72,1
3481,1327617060-211a22b2be78b15ad7c648e32be5dc27,1
3481,1327618200-fb811021ae13d4e5656c22f71c32f3fd,1
3481,1321886040-0d93bee68022ba8f8606642430a86920,1
3481,1327853040-cfb8fd1981aef48f4a9e846697b67493,1
3481,1324043940-dd05f1b2888724a7682d215bb69ff550,1
3481,1324015800-82ffa88055233ca51d4a4fac32428328,1
3481,1324041960-d17d5dedb5e9fdd9c2a73744418436d9,1
3481,1320904980-4270dc78084e263d4487a0a701ad7a64,1
3481,1322174160-d16fe51627f437d5ba9b2900b979ff30,1
3481,1320821160-d45dc528eeec8a701d09107f95e431b1,1
3481,1326425160-5c73ca30ce53ed342dc256ee8c91528e,1
3481,1323375300-a158ec0291305bd9bb37356a3560c95b,1
3481,1323410820-a69a6e1dc06e06579551d69fe253bfb3,1
3481,1323389760-40302b50c7708de6e9dd69480ad5054a,1
3481,1322718600-87b8b82f15699d2643b795327de54896,1
3481,1323410700-9dd04adae1e522e6dbdadfacc967ed36,1
3481,1323450660-610e44040a38df4682aab524ab06023c,1
3481,1323387960-3fac4d9adebb48166341957c46a8419a,1
3481,1323445920-24abe8367097ca2b124a7447d921b16b,1
3481,1323411360-75f2301bcfa079a56a17efdfac97f03a,1
3481,1323475320-06e87d44c5a3fcd6fb121d0757955f60,1
3481,1323486660-8561130da946829018a177cd9ef3eb17,1
3481,1323412560-bfda577bdf8fda95eea574fbb4085b70,1
3481,1323416940-a5a36063fcb963e21273c3a8ced94e85,1
3481,1326845220-b07f5b46d2f2970397edec320d1dc616,1
3481,1323405420-684af36b261e2801d2e60232d23e4eec,1
3481,1323643980-b83cf00042cf594b67d065c018b5709d,1
3481,1323369120-fccf6b22a2dae1570ea0630c6c78e821,1
3481,1323377220-0f53e64a7dc84f61674baa18dd7616ae,1
3481,1323311940-a8fd29c9526f383da841427d4e929cb2,1
3481,1323397500-2e75b77e29bb69134795efa00ea96422,1
3481,1323684900-2a2213dae2da445e4a49b5860dd2dd34,1
3481,1323483600-62653bc398fc185b29c055e22f6d097c,1
3481,1323395400-594019885d5d83a75fe5811927668c5c,1
3481,1323410760-690441e50c614751f0eb203fd4f62adc,1
3481,1323425520-d7c677d8c62181148b089d9733e38c21,1
3481,1326232020-5a1d8ee8f2c821463cd0c50708d75ba0,1
3481,1323452760-6b98cba37e6ca383d84f8d84541cbbe5,1
3481,1323479820-44b321ec49b12a541a0fcea2046b1a54,1
3481,1325985120-a82df27d1706ce3dc5d6981c7ceb9761,1
3481,1326404100-81dbc3c4e83ea0f8c8dc550529605916,1
3481,1325557680-f383cf6a0e814cbe8617f4710056b626,1
3481,1323437400-37a7b140afd3e92ae86a4197156b417b,1
3481,1325902560-4ecfc1ef5b38df20237220c6fd2da209,1
3481,1325881560-1a4bf582783dc99af47f91700f2036b5,1
3481,1325897400-3d05b802640c4f703872d8ca2808d1a1,1
3481,1320996360-74a6ca99021777d83fdbad525df94842,1
3481,1320347700-c6f0a59b0703fb9ade357686b70a3133,1
3481,1321465680-bbfb545cb82f3adfc2ac78c32d696a68,1
3481,1325549340-b3596f7127137eb9283dd18687d4deab,1
3481,1321557720-8618c1b002f74562896dbe74b4a44d85,1
3481,1325897940-61f484a19f1b7619d805de3850e8fe6f,1
3481,1327443960-54571a76f7389702eff77b14c56ed846,1
3481,1327223400-af3b6817fe067b3ffd6a640512fe9de8,1
3481,1325794380-b8a24189b61b760548a87218d1300ec4,1
3481,1327131060-f3c4e800d045c4fe64668b78cb7f48a0,1
3481,1326145620-b4c46887297841777e56ba3789068abb,1
3481,1326133620-fb055713206da0184aeed3af2d0ddefe,1
3481,1327016880-733ff846198a646cf079f5c53d7d26bb,1
3481,1323296700-5392bc9223840a93a3394f4f8ecdec32,1
3481,1325887620-f41a9ee7efb01898597058fbcdc1a0a4,1
3481,1325011320-b9434caf031a75415d3036d753e32723,1
3481,1323718920-40c55ad2d7441707f336894b7d53ba20,1
3481,1323484680-22679f442e05ad995b25e1ac3fabb5e4,1
3481,1323927060-6bea76dfc7b2b7e8a97c7e21ebac6b39,1
3481,1325732640-3c248571d75574bce8379dbf28867ee5,1
3481,1323486120-8ccb27797bffd7e15fe0a44514b95dce,1
3481,1323486120-d2ce207615a2a6706d5af43aa7b20152,1
3481,1323418620-1d56db92015c61bfeff3e34c1714d0c1,1
3481,1323484080-a031dfd9a25184523002dbc24f4e4bbd,1
3481,1323389940-b9bfc6e4835b17ef5f193aa3a966ded6,1
3481,1322550000-459f4e0e8fd5a9cc41d739c8f5ace5b1,1
3481,1324574940-27b4812624ad3bad1b55950163cb4112,1
3481,1325732640-f10d804e91f6c3c67cc6e7f80940209c,1
3481,1324423860-48086ed41be17b71541baf2366e54bc3,1
3481,1323485100-3e6c9bb343c19510ceb7b558f43b8b56,1
3481,1323190800-38d43c769ca277f2ab2bb565bbb08c6c,1
3481,1322724480-3fb44623842bd5087710fe960207ef6b,1
3481,1322086800-da2bd516a81142a0235bbd2b36bfc99f,1
3481,1320354900-219dc6fdc82127ea20ca066fbadd08ee,1
3481,1325774460-4e9d10d1f8b54ea3a7f26943089c1490,1
3481,1323391920-30faa6b2b15d0cb6dc3063ccec6ce6c2,1
3481,1326784080-d0f26caae65b41083debf386edb4ae08,1
3481,1324172100-689e8070c8da6240324e4683992f43d0,1
3481,1325748000-cb80abf6a251b07a798fd6f66194bace,1
3481,1327100100-027e14cf8c150d4d412f3cc6447730f0,1
3481,1325800560-3483c09b1b3b88fa901567df849d8abf,1
3481,1320318540-b26ce19da1972c6cdf84935e077200ea,1
3481,1327018620-1fe117ef2ab3e595ac98509eda0cd7ff,1
3481,1326630960-c44b2086a64795b9b1b0ac90a9a49af8,1
3481,1320341580-486338b5cde3a13777bb4e1ed8d9ae8a,1
3481,1320876720-1997c8cda4ad8a39b0a904baa1af9f7e,1
3481,1326479100-3b4b75ad6062d557359e68c3ecf2d504,1
3481,1327103880-36e26b288474c43e9677ecfce9cfb409,1
3481,1324972200-512b28161fece11e1fb8eea2c338dfbf,1
3481,1327958760-10358b7e848d7979589dfd74117b60f6,1
3481,1321874700-c500cdffb755d392f983f16eae3e3e59,1
3481,1323810600-44393665047488d898f42ebfd932672b,1
3481,1326482100-7be6865023f7bbe2d11637afe4165656,1
3481,1325550000-bb00f4ca866387edd8853023e89e6392,1
3481,1320780060-150daf4db98a174d0b53cb9e868652d7,1
3481,1325795700-042cc3ec06d2c159284b843cb7276fc4,1
3481,1325721300-18345f15af605578ac5670d783234fa8,1
3481,1324467480-6435cf48cf7ffd8b21096d7d370b9a2e,1
3481,1327009560-abeb2012955b756b46ea1b91dd44b876,1
3481,1326163920-001d4d3b302a1b3554a737c8b6902c4f,1
3481,1327165740-b3da31189435529f8857b7f49e9a1244,1
3481,1323072000-53473c4e644b9cc47d6c41b4b2f7b474,1
3481,1324196040-b8a864abf8e4bb34714971a0ccaa9f43,1
3481,1320958860-a7b8866b75d2ad8b97ae28a46755af14,1
3481,1320991380-f58cffb35b7dfeafc83d77eaa2f5d289,1
3481,1325900040-4204b731fd1bd9fd5fee60723f6a6ce3,1
3481,1325539740-64856dd3fd27e361cab5a35fed64730c,1
3481,1327015500-0878b2c19a62d54a098f295fbefa1bcb,1
3481,1326494100-460a3caa180376cf3d7d8736a9bdd584,1
3481,1320443520-58dbf5930b97c02195e724019de082b0,1
3481,1320443760-25d185f9979a400996063f763dff14f4,1
3481,1327108440-ad2b7150f5d283fdde12668793472682,1
3481,1326289140-3494efb33ed2e1904a6545702430ecf8,1
3481,1326452520-9c0bec1e219ae56b07d663c88d6e4c7c,1
3481,1325978100-f198cbbed8b57c4a9a24e7dc5a4f08a2,1
3481,1320440820-d64ba84320a32bc3e21efa3108773e4c,1
3481,1325987880-9db2d721f4fc1a2b496949ed67a0ce05,1
3481,1325978100-4642c11b01e7dacd8c59ec45295c8597,1
3481,1324905240-33bf7b303683458658b1d3a5a664964a,1
3481,1322300040-83554123fd287558b6c4941860d95c05,1
3481,1327014420-2f260cd403e886a99e2aa7be2e744c63,1
3481,1327009260-d4702caa3d58306cec919ce5495a2309,1
3481,1327015380-f73f69ea6b8f526ffa359ea889f11152,1
3481,1325900280-17d6e09d276b5ffbc70af1ea6f036024,1
3481,1327010580-552ffc5a66a651ca49c1631cbe6b6ac9,1
3481,1327046280-a71099434d07b23d3a494a84bd058ea9,1
3481,1327043760-401f582e1144c127d004e1243b9c528c,1
3481,1323674940-fe02e1af6425328e5913724de20ab06b,1
3481,1326438240-99f19c2d7a4a952a13e9b37710f474e4,1
3481,1327012140-6ee97414d4c780a6172b4bc6fde40cad,1
3481,1327462020-84608defdb9180a2f7b9b91899f0dab8,1
3481,1325721300-401c02c85b7352eaa26a6c8acdeada1a,1
3481,1327467720-a79d6a97bcc63b3ce18f7661e5c83679,1
3481,1326252720-d747882bb73880c806e9bd77402d0d55,1
3481,1321465200-316715ff99cfe23a426472a9f4b443ac,1
3481,1326443940-db7b1ed77f7789656be1518ae4cfcec8,1
3481,1321942800-614aeb0e00191acc4f69c3214578a34f,1
3481,1323770460-714df6e85bd1dd4b3049b7940ee43aec,1
3481,1323818580-a7ca573b41b914fb78201da2052a749a,1
3481,1324019040-6ba9e77a567a4fa34c0fb6619a7504d3,1
3481,1323088560-c5c137d766c38650878aa18c79887055,1
3481,1326438240-b38efd5580c69661c08effe2f05dacc4,1
3481,1327527900-39b5c468c1765aeea2923cb384f08e2c,1
3481,1321579260-ac7e8ef8995bbec1ba27defd38af9573,1
3481,1326425160-a4e1ac385ec975d94b2596dc0f98e5f7,1
3481,1325720160-c8643020880ea078cbf617d7d24c3a43,1
3481,1324205820-a6090d6750df197f7430c15ee94469d0,1
3481,1323448500-5051965f3a3a7c57b4127eac476d600a,1
3481,1323765660-3b55040e4a10798370e8e2f1c83a7d6c,1
3481,1323486120-88306d9924bf2dbb2f9dc86901192ed8,1
3481,1322808660-5d9fa5bd3fe57a55d92eb0186393b7ae,1
3481,1322673780-94fc1abd2d854315e0af311c2a6ffff3,1
3481,1323816240-ab166fab3485b8febe52d932d002f568,1
3481,1323801420-2976e3456f44e7d1856edf15965449f6,1
3481,1325827620-43b71d5787dd5a46fa327d9fea3043ae,1
3481,1326153420-29c056950e7af49454caf3e63719c4db,1
3481,1325629740-bcbee5d2e346eec73bf4aae36ed43080,1
3481,1321316340-0f492a2d3ec414348fa0f587c6392429,1
3481,1322724600-36f2d89fb70ae2dcd2edb204f5ca72d1,1
3481,1321601220-0422a7bccf638e320eddabfaab8e560a,1
3481,1326271920-5ec0ef814547e98abd2aa1f34893df75,1
3481,1326502920-581e5186caeff1ceb2521a28de8734c0,1
3481,1326144060-907a43ffac1093218fa109362ce5f5f6,1
3481,1325053020-78de06d3cec3bdd3c1c3a1e98aa032de,1
3481,1327013460-512afa0fc6bf57c78210eb24e88395c7,1
3481,1326405180-625eed564769763d9d77ed48e4d9b90d,1
3481,1323146700-9cb4d7407a891cfc7e43d092e14bdfe1,1
3481,1326144060-01d58e73d9a818e7fac8d766a946705c,1
3481,1321514880-a7ccc10631f168fc2ff68a52c9fbec73,1
3481,1321641540-b8b86886b4a64e78276f0d66ad67db58,1
3481,1326208680-72620c924552ecd14d51d86592c7c4ec,1
3481,1325036940-424404dcae8e3c95e7e50f616c3ea4e6,1
3481,1326442740-5cb4109f05c0813071cdac78a95ee36d,1
3481,1322609100-716fc660f09f61a94ff234868ae34e03,1
3481,1326443940-1e8a3b27929542efbeef911a530be8d8,1
3481,1323830880-5687139a89eb1e668aedb2263a67bf0e,1
3481,1323819180-62708d40cf000a8b853999de011a936f,1
3481,1323817500-0ab79094f6f7d61dcc9cba1d9e16b9db,1
3481,1327138260-f141cddcde2f3f47436aad2688bf3de4,1
3481,1323439560-3d2ef768871df78050e74d4d2c65f9b7,1
3481,1323490800-cade7e6e78a173ca03200d48e84f81bf,1
3481,1327829700-2572ac9f704692bff90fcee86334e22d,1
3481,1320980100-357cab6a26e8389ec583d917afdd2434,1
3481,1323667800-3c2b2d0f7459a2ecf1ceb748045a6b3d,1
3481,1323718800-f367d229c24cb439fab3ce2dd418a906,1
3481,1321777680-0061a687f935986c7de677167dfbb0c0,1
3481,1323662040-a40e20d1fc5ca4f1617e457480e833cd,1
3481,1325298240-2c257aee66be1076abca4df151ecc4a2,1
3481,1323656520-28b5e5d0a7b32f356f2b2bc9d8ae7dfa,1
3481,1323707880-cddea60846adba811700fd075b47aaaa,1
3481,1327213860-269af6e2e4a9c301af555690db2b0d57,1
3481,1320563880-c27e974865059c58a9d5aa4ce3485f35,1
3481,1326856200-379c7188ff6e69d4e8ece05510d92f7e,1
3481,1323450660-d772ff4a851257cf985f7a6117eb718f,1
3481,1325355900-3e82baff2ccbb435a8d02cbe08947339,1
3481,1326480180-acac739464330d99b369538702af4d97,1
3481,1327744320-82713dfe9314a5d7f5a2eca970e5b6e5,1
3481,1326479100-f94ee8a3741bbbd6cac2ac7d8a754d1f,1
3481,1323500340-14862382c8d5512769f42c717f1d9737,1
3481,1324384860-fdcb290682d653674a70df52666dc7b8,1
3481,1326442380-596606a7fd3f7df4223c3a315e51abad,1
3481,1323375060-5eb96be5dc9e942ab7788f5f549ed85a,1
3481,1323777540-ce3463e9b6e427c8150b1de7476995a6,1
3481,1322692620-19dade3edcd8361f8df49c8af587b57a,1
3481,1324992180-f1c20d4709540cb5cf8f0c257d07bc86,1
3481,1321279200-62914c4f2fc1cb0c209db90636206442,1
3481,1323672180-1f884e111ed261b418da41e068d874f6,1
3481,1321472400-f26d67dae22fe9356d76487c854e247d,1
3481,1325930820-8564a35daea1edbae944ffb93acb5c19,1
3481,1325668200-780279e1272f126ba5551a1cde443e39,1
3481,1325403240-1a3354c29908ce6b16f91625ad910ac0,1
3481,1320991320-b589d2856f848f23ff382dc846436014,1
3481,1320965520-6b42436e41d01625962fc800db297da6,1
3481,1323147180-85ee51802d413c3c824f0c4d4367794c,1
3481,1323776820-d04b35892dcd85a1819729ec3ff9add2,1
3481,1323364980-369f6ddd8c637c0a733a608e4ed3d18c,1
3481,1321723740-648db3cd15eb5a547d313b4a3fa33f47,1
3481,1322616960-b3b6e1679d6e453aeb61388034fab9bc,1
3481,1323295500-bd8cd6f96d1f347ddefb5475a8631e13,1
3481,1325332800-b7ac5476f01d38ffae5b6cd073c7ddd1,1
3481,1320137940-a9138d1d1c730a91c11ae85c0dcce246,1
3481,1321504260-fbc010a9321a52469588c92e8ca1c588,1
3481,1325362080-b5fbc9782589a2f94127ad88f2c9346a,1
3481,1323681180-c531e989ab4bc806b2bd5e04f442f607,1
3481,1325274600-c3b2c8d87b4a3dc3faa4b6df90c97382,1
3481,1321603800-8cdef44d538c9d6d9f4614de48f7dade,1
3481,1322569680-dcbe755a9b60386845586700f940a447,1
3481,1323806400-00632042ceb5940033b667d1286734de,1
3481,1325653500-5a0641fe2fe26e3cf8f5dd712533c44e,1
3481,1321509420-892a94739351681a6056734f56cbd783,1
3481,1320951120-5ec1f0ec84ac00172a9b893d75a30f73,1
3481,1325554440-def999c7997edcbde2e7687081175497,1
3481,1324400940-bb3af8310337047d6e3a7eab5a3adc31,1
3481,1320974520-0248b2c7edbc0b8bee77baa1759dd642,1
3481,1326811800-39e21055f7eeafb846b0e55268b5704e,1
3481,1321724520-0e26de55f936b39855569b212f357d8d,1
3481,1325542680-67128beaa2f07e2e750324fc3add9a89,1
3481,1327008600-788c6dbb70a0641de0fe9ec8c68cb95b,1
3481,1325552880-97fde68fcbeed648237516b93db7531a,1
3481,1325553300-4582a29200064c252fa0a5639eb6dec0,1
3481,1323809040-5e044fa997e41f4743adbd2511fa630f,1
3481,1327289580-5cf23f6c94c43ce8d2266be6d52c921e,1
3481,1326590520-d359f25656cc63ee9f5693a504f3f32b,1
3481,1320764040-c9fe0fa0c891cf646d5282731a5cee9b,1
3481,1321886760-1a61abbdf1b322a9850c8804b3b2eded,1
3481,1323675600-4f37ba381a19d0fd8b7a4c3beaa22220,1
3481,1321403220-5ce386891b1b2a29b27f62f8bef7e380,1
3481,1321303680-8c70478be97329c6b94f5eacd95ac42e,1
3481,1321308420-4c27243d230bc11c4d6ff3bd865964ee,1
3481,1320234360-aa58680578579904769f0f218aad0253,1
3481,1326404460-00f48919babcc9a4cd9e5b73113b441a,1
3481,1324904760-c5c56b359ab37b94f45b027391beacf0,1
3481,1326274140-13d0efd993323d8dbb2fb9391711fe51,1
3481,1327487400-deaad2f77bd39f2abc7bf2c63ddc8fe0,1
3481,1321265700-2cea367e47be5da72e7bf88d8c398e77,1
3481,1322610300-0cb4785ee21762758068207acd935f4a,1
3481,1321491120-91822deec3c99a3fcc058e47b31d3697,1
3481,1325797680-2a23e102285fd5720b2bff8fc12d5888,1
3481,1321924320-cad68d8f83af8ba40c0cc1dc9042e971,1
3481,1323232680-6070a0c36f41cf3511cfdc24f267fe09,1
3481,1325424240-cdfd5b5b6b447c8252526dd0a0af3bc8,1
3481,1326214800-c5cf7016e0a65862b244888c10758adc,1
3481,1325468160-baecd54f6d9c2815149d5a8852cce4bc,1
3481,1326403620-2a72a0387417af1103c491da417270ce,1
3481,1326444060-1db91b042679249679041325c4cb5074,1
3481,1327970580-3b66edb93f9c8fee8f74a3c971a98406,1
3481,1326605520-40081b500c365b843ecf80cf7d53ba78,1
3481,1326732960-b9c78bde7b93085323fb233dc70e3b2b,1
3481,1327619640-14412c017e8297eebeec82d45f77c90a,1
3481,1323208860-d2b20db8a8770da54ffda31dbfb6842d,1
3481,1327435500-56dec91af95fd15b2eeaf667b5f83dac,1
3481,1325370780-381511d12a062c2956710a77868938f1,1
3481,1325578380-a31214a132e70f1ac2e5f57ed590615f,1
3481,1327012500-bf959fd2872feb79d460bd68c3495cb6,1
3481,1326521700-2f611b7e24eec3287e4c6c7d2add5919,1
3481,1321006980-f11b0988185a292b7dfc45de45cf1887,1
3481,1323504000-9b6e8912d4c4e516cd30b5a90863e2ac,1
3481,1321652520-6b322ff24f5b3372ef1e14e3b3fb8403,1
3481,1327860960-3ef0fe17fa86e7fe5be98d4d62e3975b,1
3481,1324991400-7788a383e0b503f7ab0d76f753485532,1
3481,1325424240-0133c122ca53b3adf56a7d16402ee94e,1
3481,1326747360-9eeb6ab4ac9b18e32f8b57436ffd5e9e,1
3481,1326892620-071c2d1e6f1dd5b76a7b1d7cc84e641e,1
3481,1320457920-ddb7283df451bc92968a7254bc1943a0,1
3481,1323799920-12752776f30cc921f170869454d6858f,1
3481,1322718600-77f40ccd0d999086c70b9d0973cc2d10,1
3481,1327459620-4f1308c9b1d133eaee8dbd252ff571c9,1
3481,1326735120-3afbcdb53f04aba605a6eca051b2f6b0,1
3481,1323692940-006162631503985b975004d22f982579,1
3481,1323592200-7c3703f287fe57895294898bcf613518,1
3481,1325578380-380d610d55455b85fea8b3410da7d4fd,1
3481,1321807440-27002c9376ab248358956a709281ecaf,1
3481,1323453900-061a3a612642798bb6858c3f941595d2,1
3481,1326993480-6119ab02f160692a8e569a88dd80e75e,1
3481,1325356320-f75aa0ddcde84c29c5281278d7abb248,1
3481,1322611500-23215e1f3b01e3da8e9a69352ac874d6,1
3481,1322983320-51d974b9f5690dadc077b5d7088210b1,1
3481,1320781980-c331feb8efbc8422e2a0f540c5865ac2,1
3481,1327684560-d48dd0ee0ad421d04cc00d48d342b4e7,1
3481,1326835860-37fc0c44097706a2dd706f4ce2c923fa,1
3481,1320415500-2959d77fe52a931dc7f6fe73d092f825,1
3481,1322983320-575fdede87d3a2f0ba51eee01dea0aa3,1
3481,1325377560-8e9c7b6f96d7f8c778c2db25d2f89fcd,1
3481,1324991400-f4726e5fb139fb42383e5b019787f0e7,1
3481,1326213240-10b707bb0fec41f8b3f81a06b0bdff78,1
3481,1321468860-257a416203aaa9288fead7a20dac1d9f,1
3481,1323397080-223c8b674873e01deeea9a4ddc9bad2b,1
3481,1321447500-771cfc062f98e375f50c729323d32d6f,1
3481,1326289140-aab2bd8fda8038da059a6f248d10bf48,1
3481,1327329300-0b2b237a0a8e7464864a846b6094adeb,1
3481,1322698440-21a7a8b97b9fa370a5276ab4d417c74d,1
3481,1320604680-7c6c0bb822d3baede799ed7311e292b6,1
3481,1321721400-f5326f517aa84eda0b04ed41144f6d47,1
3481,1321000740-f871f8cf25e70f6148256ad667b7bec9,1
3481,1320980220-02681b22a46eb07708736206a1e66111,1
3481,1320817920-64dcd96380d51dbc41e2e128a2a2f924,1
3481,1321298940-3e1e70f11e83d60ffd14799267f7ea64,1
3481,1323986160-01026bc143dfe696b2142742364db0ef,1
3481,1323806280-b6d07c747a67512884b17d9400441225,1
3481,1322376120-7e835fa0da83fd1e33c225c17f4be719,1
3481,1320604680-c45044cdb2e4ababb9f527bc88667b14,1
3481,1323798360-76408d32dfae64fb8ee3c6795ae1cce0,1
3481,1322418660-db78398eeb4639197470f1e72dec3a48,1
3481,1323272280-50af8efaf3b0deafa9df87494e1f01ec,1
3481,1322670360-48a70a61a9d476be896b2d7d7dafc605,1
3481,1326734460-4644b3671d3884e0a00346ac486dc09c,1
3481,1324434540-8d72d2174171a0b27d1d0f679472e51d,1
3481,1320905160-b6cb5db3364e573a1ceda56211d2cd14,1
3481,1321312800-2d3d46d9d94e9c6a25cb194590d113e7,1
3481,1320984000-33eb6b988bf02c60f05c4ebfec006ff4,1
3481,1322824740-9c9aae0f1e165ecfafa0164a9289031f,1
3481,1321023540-bb9b9609329ea1840b73f020d4a70a2a,1
3481,1321000560-45647ef7a1de79d0f26aa130c6e0912a,1
3481,1320989460-2c399f881a8e87a43adb85e18ac194f7,1
3481,1324971480-c8dfdc4eb878556b370bb54a26752749,1
3481,1320964140-8b33c597e76e8643ffeef7ff141db9b4,1
3481,1327465560-a95eb2bedd92c4734d8838e8168747ab,1
3481,1324990440-1ffead5155d4755d450a20d12b167354,1
3481,1325554560-faded48dcf17ff73dc9c751d8766e1e8,1
3481,1320975180-a9072f673f83f7daa8fe9cda97dd893f,1
3481,1320754440-dce6ab444926caadd3e4bca5ec98a7ae,1
3481,1327831560-43d1d97842a8c8d2d6eb70108eb376d7,1
3481,1327669680-3a1e3b89cf8370d7228baa90a2afc5ab,0
3481,1325978280-03d94d018a4fbda602889dff46b8282f,1
3481,1326236820-2893276610de9193dcb24a2d24488b51,1
3481,1323803700-4e772f5750c97b4db5c21f372ddbad44,1
3481,1325978100-02e0ebddef5c888b53ad2e58542cb048,1
3481,1326909960-8218d6fcc6c895e56fb86874f2050c82,1
3481,1325796120-1d1fb2e10a97a904932fd2f97c3086d1,1
3481,1320559620-ad399c37a652b12bc0199ba06b860a90,1
3481,1321335420-2ad37b84d8b9e03ff10de7f477d4bedd,1
3481,1323808680-a5e30fbed7fbdad77bea03072055eea3,1
3481,1326425160-7f13b727d61ee4f408d956243f8204d9,1
3481,1327013160-8e0c4b4aad4010f7774a55f4b44e9872,1
3481,1327428840-0fb77b6d6409dd749f67d7a056d3cae3,1
3481,1321418280-aee1622ff6dcee7adb08739e29e20281,1
3481,1327431660-d9a946f442fa1a5a3578efd740b4ee38,1
3481,1327431660-4716dc93c24eea6898f77ec48d885820,1
3481,1320686040-cd2736cf6090d34de8ae0954cecf64d6,1
3481,1326538260-a7c2a6b80c1991b2dfab89f2b4c31926,1
3481,1320981900-bde7bf017a872590763c109c7ed8266d,1
3481,1327021620-ac39b02ce7bae2b68b1e4583b10ffdd9,1
3481,1320707700-969ed402e9fe8d04252a1911bcf451b1,1
3481,1320723240-8643cf9acca880134fa4cab6eec8f722,1
3481,1324938360-52b3e81e024c5e021fc2c6296352db91,1
3481,1327922640-4bdd37d2ca92ceb4909eb256de9d546d,1
3481,1321938480-6d71315fd2ba7fadfbc492b57be33640,1
3481,1323231300-b550512aa7d0b825c2ad994951879dba,1
3481,1327502100-9f9c32a8dba4a37029eaf5bf82cce351,1
3481,1326521700-a11407e1ae58906bc16b1c4628b5efc4,1
3481,1322376120-022c4bb280d143a71baa4db39a852db6,1
3481,1327242420-d788a50598ffc1448bb94df28a0e58e4,1
3481,1325979000-13ff272a3f0fd17827298e81d4ae4b04,1
3481,1323810120-6197d73c0da615bba017f5f7c76c3f83,1
3481,1325365620-7f77e7c9eca3a7fcdcd11d7edb06c231,1
3481,1322267760-2dfcc6b18ea44aa53ffa71c6daea74e8,1
3481,1326596820-c99aa7dac177d7cd9a289590f63c2df3,1
3481,1322119860-78407132a0d5db946614061c8f8a2ee5,1
3481,1320717240-738ea21af582a709f341e84182365655,1
3481,1325367000-37e2e9b4846274289c866ceb7a9f3bfa,1
3481,1321490040-782f20936d564d7642d75388eb942dba,1
3481,1327505520-679c0dd327309f893033d02e4e1eccec,1
3481,1325638740-6a4550fb46f77686cd9b04826b981eac,1
3481,1323689520-1b4807e763a13da5022cbfb309c4925f,1
3481,1325872620-7abd526ef4227dd675b82a303e65c60e,1
3481,1325977740-a005566a443d8a6a0ce206a75d0a0b77,1
3481,1326733080-76679d28e46e447b2beba0c7c108c013,1
3481,1321757940-4d591ef4cd8a413e8b3fb404d009dff3,1
3481,1324964880-0da7f6acece6cca999e8cb317dbead06,1
3481,1327213860-a242111794497e6bcb0482d80498b54e,1
3481,1321686540-27fb94954ddab1211e5235445ec6c8e4,1
3481,1326381120-ae3a90eae3f6fffa8cf374c0d46d13af,1
3481,1323757080-92f2d830386d00b297008cc47ecbb7f6,1
3481,1321550340-d1966db22acb8087835adbb3d2d8a796,1
3481,1325001900-2bfd8ca881e674affe778399de74d7ff,1
3481,1322815500-5a136ecf124a30073f7ba237644fff91,1
3481,1326833820-2aebbb314bb5537ad066aa0ba7856f20,1
3481,1326068640-ce8bc2c9bc554303952683ef14014b11,1
3481,1326377700-6d640135d790ce0bb6d68c82eb5ffe30,1
3481,1325890680-37be0f84d017baa7ca8305e73c2d1ed1,1
3481,1326253140-63eb98df55b669b3fc6ac43cf1b7c2cb,1
3481,1325730240-58a2f485614dc7a6a8476f1cedc2a88e,1
3481,1323692220-5d35d27158cef7e49d4a6789901372f4,1
3481,1323967620-38c59693693647ff1ca019212c603d8a,1
3481,1323982440-77e12ac62544025d088214aa442aa098,1
3481,1326378060-6c541a4933a76bd7b7ea00d9054986c3,1
3481,1326545700-b8d8c42418fd1de45a7b62ecdbdba874,1
3481,1324623060-01bab6934d8d03f1158c4ea352fa7e0a,1
3481,1326538260-85006dba4643e7f74e29132afa517a7c,1
3481,1325795700-ae3a47a2ebae520336360ee3c14e598f,1
3481,1325550480-a1e979f0410aa48b4e22ae9a7b8a9ce9,1
3481,1326738960-a2ba3a5de509f5c3804082a6346920a8,1
3481,1327393800-2463aad2f1106ecedbde327dd62cc19e,1
3481,1325868240-f27d34c1bb652319f0c48b3bee0ad3ea,1
3481,1325793300-4ee804ee88a181324feeaa073a3fa3b2,1
3481,1321776120-9f2f6bd148ff3ed31c1ea3daf6459dcf,1
3481,1326204660-6c140c71176db9b23b827f64346317c0,1
3481,1325356140-d88f45270bc44db3d511267768124b02,1
3481,1324320420-0854ba75101f06fd3a80778202b6e0f5,1
3481,1324214880-10654b6755bc85f01d38d50e24ffc037,1
3481,1321029780-cc3bf6af712f795d35c0d50c1db287a8,1
3481,1323678720-31aee7138d03a2e3a9606612caf2cc10,1
3481,1326169380-1f1dc7b4379f0f76b2fb5afa377b96bb,1
3481,1325365620-dae4555b5ba93b671f5ab80a91e9002a,1
3481,1326738960-923fa3a24077a479aa1458c028e12410,1
3481,1325365620-cc865ba9e77f2b9ce9059c3460d0e268,1
3481,1323678720-45bcf75332f1ef6afcfdb019f7e9d11f,1
3481,1321843980-ab36f544166505919cdc7a7906a29cb5,1
3481,1325796120-863c63b736571e3da371d893d6394ae5,1
3481,1321147140-d96db1dffe372c0847caf82a631252f3,1
3481,1326212280-06ecde064b3679325a5a48871d5d2a37,1
3481,1322063880-98dae64a4be94a4424edc6ef2316a060,1
3481,1325778840-a222c023ca91de4e32869ad018b13599,1
3481,1321062420-fb3bbeadf84f298495f0ea52f0862b48,1
3481,1323372480-89ca5c35484059681795283d2328d55f,1
3481,1325472780-a8711284e30154b3da5587a7efa846a2,1
3481,1324462740-af2e48a2ba4f2825dc04a6b0314631b6,1
3481,1320235320-25932149fe7e5d82366ca48955de507b,1
3481,1320847140-0b439ba42616349213c9919bef581688,1
3481,1323382320-b07af3e8b8449e89e2cd60c6e5063668,1
3481,1327980300-9ec5d49e2a903ffecf13a660071bfa8e,1
3481,1323966420-9901800664dc1fd9817c383bd733be54,1
3481,1325793360-f5fbb2245e4817a067b5118110c23e57,1
3481,1325594580-41219521df261ff33a363470d7899e08,1
3481,1325594580-849202ee7d8e0410043d772e95136446,1
3481,1324407420-a95d7b2ce92784bf2849e6ffba48ecec,1
3481,1320333360-f033ec8e2d2df4d721a7b8c39e0430ee,1
3481,1322725560-76dcfd17f68633a33cea8c6b7077c8fa,1
3481,1325793060-6387bb00f122dd586a8a130a69882840,1
3481,1325608980-3905212aa827cc8b3119709c97064d99,1
3481,1325793060-b0f86bb6c9f44aaf416ed35ef8f0edf4,1
3481,1323121080-f881a70f3a2124b1043b3837fca3ab47,1
3481,1325485800-fc280349bfa7ba3f2142333c47c46477,1
3481,1326378180-16ef563044472ffd9919e65b8725efd7,1
3481,1325768640-4080c3f3d11b74bd89ec1048b9bad190,1
3481,1327345260-67841d23562c7e78bead732140eb138a,1
3481,1324559640-d909f298600d88e585f4be63482d3416,1
3481,1324196040-1cdae72b1937bd961ffafa32a552e08f,1
3481,1323798420-24236abfbe047d2968d6902d0b2c37c9,1
3481,1327420200-75e9d3016c8e6bd8772e004fc171255c,1
3481,1322737500-c372a4c6d34163106531bc9f001cdfb2,1
3481,1323380880-65b634013504c1ab488028458266a68e,1
3481,1322601900-553ff125396d5b39bd3abb222ccbf720,1
3481,1327255140-0f4c13db794644fb39b492e57ea5949d,1
3481,1326344940-fb319b3259314d770bdfda8e5d022740,1
3481,1323531000-3b2f8e14cb1fe05e7faeb2a290097127,1
3481,1326913680-b74a83c3b0e974791a81aebb9935558b,1
3481,1325467680-54b6a736f688a9a0dd5d235eee7f70b1,1
3481,1324453500-cca0ca38e2dd4a68fdcb18599339fe17,1
3481,1325558640-51da1f8b5a95854586f59a6ac8e8dd6c,1
3481,1326832680-f43460d96fb08d472b98ea9ce5098982,1
3481,1322708700-4cb2b13325e2383cde6349a4d8b118ca,1
3481,1325513100-f88b938c08d8a52e6c40259cf1e7c23a,1
3481,1323623940-f1384ac64191aece0696304114370924,1
3481,1326832680-669991b0a7c3aa0ae1a60337a7c68089,1
3481,1324446000-d6e92d5f1a37ee8a87ff3643d6d0cf0a,1
3481,1325468160-b6a9debcb5ff5ee52e5c5522af948b80,1
3481,1326000660-81ef4573ece9a5634b9be423808ab4d9,1
3481,1327394460-811aa80b146b1c7e321656ecebb49551,1
3481,1321118700-449d9052c1269e213b2efe7d3ac836ab,1
3481,1320553800-b6cec2623232cd37699f010f0f2c37c6,1
3481,1324024560-f311b6f245076398c1e7dd95348e1051,1
3481,1322620020-1650f4a3b5a2d8120337b54397497add,1
3481,1325370780-22fd289c9c0e7920fc876ae02be4bf29,1
3481,1323808620-6840b7082c7ae91ef582fb2c2b97a1ed,1
3481,1323624000-2a1484f1e37e5a431cbc1e402353d206,1
3481,1320644280-667bc06b2abddd2b3d273df47b1b3170,1
3481,1327424340-36f0d1a4152894f6478f1df8c1386373,1
3481,1321012500-ca5d054f6324d5832ededb9639c367f1,1
3481,1323493500-0e648515ea47f6553690e31b9b12f487,1
3481,1324975260-518ea3f52b17a600df4d21f9a88f284b,1
3481,1322652000-84a6e2aac40fa20b0fd1f316d3fd7ba2,1
3481,1323153060-2936433a68d7092835f550cdd1565461,1
3481,1325550480-3d1d09a0711ee2592251b60e895f15ac,1
3481,1326897120-ce03434fd7aa322a85a8f5c5818103f0,1
3481,1327434900-cc9d0afebb69078f89e329f8043c78e8,1
3481,1325648100-f0e1e2ce246046523b01b3138266dbd0,1
3481,1326011880-5499b0c8280c06d8bc593f1ec49fcd34,1
3481,1325547060-d09b42383482f77be52d14a2ba32dfd3,1
3481,1323475620-ba37d377a8ba3d90d24778db4224bbcb,1
3481,1325648100-1ee27d7b4b65b31806e0e74daa013266,1
3481,1322772240-83df339a637959c85e05104f58e85bcb,1
3481,1323390900-241576c26eed9d9d5151654adb960273,1
3481,1320812400-cf6eb57a9b8d0f18255dcd1f636acb8d,1
3481,1326000660-9c3d9c6ceca1c5b270b4a3a12aca0962,1
3481,1324440540-6e914584343d22f891ef39a66ae3d047,1
3481,1324353240-6d33d71ee68e9a76e774120173c1b323,1
3481,1324341240-55b54e6a35f83b357210211eabc180bc,1
3481,1324393980-2443f67e577623b0a8ce92cef33333c2,1
3481,1325274600-8e040354f05e73b9bdd0ec30be11a988,1
3481,1325635140-2fbe85f7f9c6957e9e8940b2c878e696,0
3481,1323830040-c858fe1b98156a787fab1ce1658e42e7,1
3481,1322638620-44d0c7811761b40a27e9a9488cfcf103,1
3481,1323804420-7d33efb6141ec6dfc2e5b9349bbf0e24,1
3481,1323807420-a7eb2e4b5ceddc0da75d6bd421232fd1,1
3481,1323754260-15042b6b6b001a74b92b439ab437b4f0,1
3481,1323133500-1cb2c733eadbe9fd0b3d50a85b28b7b2,1
3481,1325469900-474d4c33894d4a96d78624f5065cdd7c,1
3481,1322630160-db93e1a9ab81ced9da998c67a4d27006,1
3481,1322990100-1c70233b26e0d77306f96e51de0eed12,1
3481,1324467480-7a4c66981eee34a31143db14c4a5d082,1
3481,1321428060-4a1006f29112a7c7428d46055b51a4ef,1
3481,1322987280-2123c9f1d07a307ec0997f69eb4b479b,1
3481,1327212960-403b0a12402f25047eef95fb8aa76c53,1
3481,1327190520-fb1cc92d1cd456ef96bbf64884a86593,1
3481,1327033500-607399994ef098dec61602745517d9c5,1
3481,1327252800-b81d9f3dd0800aa8de1b0df9d90cb025,1
3481,1323807180-dd6d1379d747d4adb57f009f4406eeb8,1
3481,1323160080-80b940071571221e31ada496da0993ab,1
3481,1326011880-baeb42f8d449728db35918cbddb71fea,1
3481,1323806700-c7e941d966540608c70da4c34d54deb9,1
3481,1325366340-beed097ddfa640ac5b9947cba7fb36c2,1
3481,1327637940-7c5a99757029f22cacfeabe367dc1818,1
3481,1326008220-cd651328cf55f73420de44f3c373b364,1
3481,1326577680-f042dec779b0520b835d4987fd8ce48b,1
3481,1321431420-f6fe4243be5b59fceb69477c72ddd3c7,1
3481,1326577680-0f676d1579d2b5e8f415b9a02ca77941,1
3481,1323718320-5117edae58f8246d2a23fca4ef1ec3d9,1
3481,1322818680-1b814b322309ec7efeac2260e4f8f0ac,1
3481,1321189440-db7fff1891f27adffd2cd750bd4028f4,1
3481,1327380540-9069b43bba2286fe9d87f7f7ed781d05,1
3481,1325871480-3746af6eb62189b65836fe4fd5bb78cf,1
3481,1324271880-237f8a78dbffc125cb09dfc3cb0fe1e7,1
3481,1320417840-74590fc4dd643431f531da53e6bd86d3,1
3481,1320485340-6b1cae043ca02e8a41daeeb74f2123aa,1
3481,1326141480-211fe61f68cdfee8b0a501b2b1fb0f79,1
3481,1325025180-894c1194f4284119893e2d4647c568b9,1
3481,1320863040-bf421de65f33d15ccba442d0a6c001e3,1
3481,1326324240-099c157f4c0358ffcb1fa5b771b57465,1
3481,1327327740-6973924146865c2a74945f9a737cbe6a,1
3481,1321080480-f0afff5be3f1269ed37d0667d77755da,1
3481,1322027040-36e80bd0ba51eee6b49ce9a5c9c456c8,1
3481,1325389500-d0b701caefb1f70ea147a9084fc454b3,1
3481,1320122700-1217c2bebd941d80d38d81885066096a,1
3481,1325051220-5bdc0cce17e8cfcd5a20bcea9f8a23c5,1
3481,1324631820-31e86057685dd78cb28c1f5f30cb9b73,1
3481,1322117700-14a93cba61912161fb11e98658f68b6d,1
3481,1323674220-46294bb4e5d28d51ae2365e2b84aa060,1
3481,1325793300-6ce19a6263d40b3b690f002d102c0d2b,1
3481,1325945940-466c54b9db7c7c8de7a0e89e8da403d5,1
3481,1320320820-29be9a016ce4799026219ae78e78647c,1
3481,1320208500-f7da7234bc4c2e8e2841823118a745b1,1
3481,1321208280-8372a020dfcde45f1364ef2776572c45,1
3481,1325656680-9a4fa47058b26883801b8b6d97fcd3bc,1
3481,1320650640-96a4c2fe72f4a249e668301bdba1d954,1
3481,1322107500-b4c8aed006d5040311346ebfb33536b2,1
3481,1327483260-dc80780607b0979e9aed395fd9207752,1
3481,1325656680-051fa260e816a798c38973487270ae29,1
3481,1327625340-b8b3b0be8836e1c23414ad56889b3435,1
3481,1322206500-99ec852b878abc8365092390b0edd454,1
3481,1323769920-6b26d2133358d21c32ca41c5865aa12c,1
3481,1326579840-8595edd791d9616ad11a6d6efd2496a1,1
3481,1321219680-70cce39875c1e6c081e472b8477590e2,1
3481,1323852660-c46511fef52a5761136744b4e9422312,1
3481,1324446000-9ece21c6b85fd88046e556d5d8529512,1
3481,1321241880-9181c0edbf085378e2e42240f88b3671,1
3481,1321309500-aa2f492ee8be8c2e957f85baed73ea61,1
3481,1323888060-831fc32f0b45b46fb92212649970b1d2,1
3481,1324182120-bd97bcfe64078627d0ebbf85db395a45,1
3481,1325732340-d94038d557f9a40242e1026129a27df9,1
3481,1326101700-a93969020d32b49d821c4746fdb49198,1
3481,1326467580-47f82aba37cfb66860acee6fd16b2705,1
3481,1321291800-0049a868a26e55cf93ead3b0f0ade832,1
3481,1324309560-dd293841c82fac2c573bb47dcbc47350,1
3481,1320208320-ce4f344550f77ccfd35421d86d5d18ad,1
3481,1321952880-fa77b25ee4ded81524ba2628fbb3bce9,1
3481,1320333780-cf4ad878994863f051229a1baf666097,1
3481,1321420260-5b1f6b27d2761abcf7b8a3e8d2b9fa4b,1
3481,1322039520-9e858c7b2e81c83c81f5f40462724d5d,1
3481,1322989020-144984b9d46d7e8f70968544eef54ba7,1
3481,1323866640-2f2504535e9acff79fb175050605d591,1
3481,1327310820-617754ad540e4607329f3ae3ac1e7ac6,1
3481,1324050120-3c74578451ff6bd4fbba3144557dcd14,1
3481,1327265460-4c328aab91b70dec59a453e282bbab73,1
3481,1326291420-906b80ea3560135b7eda6df1a4f927ba,1
3481,1321566240-768f0d4ade516de9856a75da79383bb3,1
3481,1326798180-5046ad32b3407e8578a38988143960be,1
3481,1321773120-27572f74afc31b13f6c7143c28c9a360,1
3481,1322680680-aa8a5e053810453885cea918e94c0f3c,1
3481,1321392000-1afb81c43388f72984528e924f5ef7f0,1
3481,1325233620-47a729c27b5c294367ba037f804fb9cd,1
3481,1325409960-c7d35cb13a151b89c38c822889232083,1
3481,1323820200-3586d22187f667fa03eb35e5927bfed3,1
3481,1326798180-8bdb175fca35e1ab76195fc89d725341,1
3481,1320470640-3f57227dad0bc44e56ed2efe7083249b,1
3481,1327732200-66b617c79da3b6847cacd9408509d5bb,1
3481,1324232340-9d3c585cfc2ec533164c7fe309034cb8,1
3481,1327649040-ce45a9a9efe239b21112d034561092cf,1
3481,1326253140-dcd65fd354ddb0a522d12475530f21cd,1
3481,1322063880-57e84900627d92596f20ad71aca7e887,1
3481,1322865360-166be477f71506cd465d0dc2464f0111,1
3481,1323967920-4477bd20d23ae9899035e72ff1fe770e,1
3481,1321032420-c7c0857a19f727fc1b9581812ad0338e,1
3481,1320996360-840b5ca86ffad249b0905f1c1a28d30d,1
3481,1321037880-b979327a84372d386fb1bfcf5f02d8dd,1
3481,1321021380-9ad9fb15fd0b79fb724d506723e481e6,1
3481,1327718100-7522724606343964d5960e33c41f56c3,1
3481,1326556260-763e11d38f8dbba5b4c09d971958e9a7,1
3481,1320598020-fac116a70d91acf46f59c63bb3cd80aa,1
3481,1327938660-51dd314c05589602f2933b4a504345e3,1
3481,1325439000-b9da61337e6f011bc195fec351d3703c,1
3481,1320649620-6636749b0077ea49d7284219995d816a,1
3481,1323015840-c1219383bd89e6c1799d5c44f7cd806a,1
3481,1326416760-d307b1b31bd1dd0311024c5d1f568875,1
3481,1321912860-9f631106bf7c24cb5b7aa13b47b4938a,1
3481,1320426060-2a8100ec1c8f54ac5d8659cfcb1179b9,1
3481,1323542700-f28a9574a67c219c4e01ebe09f6a9100,1
3481,1320564900-668e14d810e63579997eea7887f8d695,1
3481,1326802260-6266fc9d8b3305bf6cbd055507be9a8f,1
3481,1325631420-015daecc9870e2c2029104f348d623ef,1
3481,1326898680-a177f667a1066f292ecc39297e9a9a00,1
3481,1325668320-012bbce1033642072206253e20bb4533,1
3481,1322073360-8e5d709310b05c865df7e1cd3070223d,1
3481,1320563580-297339a0b5e73a735d146eb70fed11ac,1
3481,1322707080-ae7eac057fbb4855285993927917beab,1
3481,1325703660-8d7cb67e5d88a4a74571497319adf137,1
3481,1324372500-54ba2c9c41cbe78191d8cdea3e090706,1
3481,1326558000-8be7acee0ac833e964f4d193b588ea3c,1
3481,1326793140-97bdf0c8222721c8ea075ead48f76f24,1
3481,1324230300-76c3d501c6c5bf6da042bb4538ba6d95,1
3481,1325630460-afe5d1c4a214ea958ff9574c4cea29ad,0
3481,1322958900-b04ac245916aa2ac56464318d8790b00,1
3481,1327158120-74527c6cf219ce619a7cb8efe46afd5d,1
3481,1327127580-532a55cd01c2332cb4c409fea4a3af69,1
3481,1327127100-d0ed5b8b81ed4ed74492c27f91e27c8a,1
3481,1320958680-319b1ac223cb1cdfc7b60e06834c18e1,1
3481,1327160160-72e5d56da14a3ba39642861f50d3cb49,1
3481,1326496860-28a41c46ecab4046ee1808c245d2fc67,1
3481,1321556580-7ea47ce2c792d9ab7262cffdd3d60b68,1
3481,1321575360-4c66d2454721fca01890dc38f5e1aeb8,1
3481,1323531000-fc424365b771466d23d795b3b0050e70,1
3481,1321481100-a26c3f1693ef63d435e117778ec4e688,1
3481,1328056860-f3b9f6ffd454cb693ac793e853822947,1
3481,1324148700-39604bf558d916cb874429fcf464d300,1
3481,1326377700-445cf5110b0233090708eba2c8d021d4,1
3481,1320960840-fc156845c8a3ade6b356575cd7ddb7ef,1
3481,1320996360-4db22b9f815c2fc6eba02cc4a29cef3d,1
3481,1326391500-835e50797156c4a9224887d810c4ccec,1
3481,1326379380-c52e380e8fecf45c2d0b39a9143246de,1
3481,1321168740-65cf608ab9a754d1f02da9c478c5d8d1,1
3481,1326391500-62f8c2e106c2beaf58895344159e97ee,1
3481,1322433480-9dd27ad4b5b752b420c369369c68d5e9,1
3481,1327678380-540f9adc2e1022026298e2e5edea0c3d,1
3481,1326377700-505b61cf339e7522ed34cfeee5f6725e,1
3481,1322543760-3ae48f3eb88b0e9ede742e95d3e5b01b,1
3481,1321657080-d6d65724285dae690e3739847ea13d00,1
3481,1327381200-7f1f89e2a6a92d20c73958a7c91391b5,1
3481,1327950060-6950631fc089b33ed29c3b2688ea024c,1
3481,1324033440-33306cf9189d74fe66462a541213fdc0,1
3481,1323030240-db18ddb9a306932b1be909783d709034,1
3481,1321310640-38747ad79a99db8528eeafedd93496b0,1
3481,1321157100-c219ae9ac13ff95dfbfb1a98e3a5bba2,1
3481,1320911400-fc041988f0debc40ec7a9e5132b0a7db,1
3481,1326216060-a1eaa2974c8092c4c3e71aac33570f38,1
3481,1323996960-560c459dffb8b0f2fccf52f66f2260ef,1
3481,1327516380-18739f4e15e0ba5fd751582753927bfd,1
3481,1326733020-8d42ae7305f9a8f614f1d98bb104f20d,1
3481,1324455120-31869c0eee65e2a702d9f5395bcc6427,1
3481,1323329280-29ab892b2a8025ff540df69767be5d94,1
3481,1323925140-51cb419df11783f39916a5ab16a3c56a,1
3481,1321082220-74256fd91545572d6645a9100f61ffa0,1
3481,1327126860-ca5820dda20016b784d3e321987a5bb9,1
3481,1321075440-198ade704cb2fec6a0afbeebc8aa82c9,1
3481,1327835400-7392e3ece233cf3a91fdb44dc5bca2da,1
3481,1322179200-8cdd6842586f46d57c861c2ef26a8dbe,1
3481,1324237980-89606d4ddfc8177c3f9d61c0bbd9b8a9,1
3481,1323961920-8b31a9738a241f13686b2ba2c6490f94,1
3481,1324330500-39977b7fcfa0021162943af8a399bd84,1
3481,1323895020-4c033bdb1f4dc250cfdcddda7779ef71,1
3481,1324230180-d2fbd26318e4b51fe728812037c0de34,1
3481,1321438320-41d09ee8cb6a9d8bb8bd04309da7bcb3,1
3481,1323852900-266ffe13f66970466cc45ad88e289bdd,1
3481,1323902760-6e03401bbf6bed5e4355c3388f9e0d01,1
3481,1320940500-a7af9029b7c586d085b3fe96ad2b0041,1
3481,1321604700-916982a82fad7700fe2393aefb5642ba,1
3481,1324288020-cf0ac6a2aaa7ab4a3684ed02ab77fed3,1
3481,1326813060-5f6ddf64fcfe402dcd20a930474c54c4,1
3481,1321566240-82186d84be74870b9db56bd6b697a165,1
3481,1320940560-d8e93650b21915d90ee4a97f804cd32d,1
3481,1324341180-90661127296f64a0b045dabd9c48f220,1
3481,1321507200-1768be48b0b80bbeb08a3cef9886d41e,1
3481,1323148080-f3ec1a3d5b9329ecb4d6d9d123dbbbd1,1
3481,1320561720-7f88b850ccc70dac23d351cf27d9a764,1
3481,1323620460-d68c7e9905089b8f524e05d5ace115c5,1
3481,1323205980-234f7ebf683213fe09c7e8f07a3d64dd,1
3481,1325473380-c4ac1e82cdf2afb34756060961c904a6,1
3481,1325752380-18d246deba66bd8be1e0a7526a240eff,1
3481,1320910560-2a31a4839a32ae5f9858f901f20204e1,0
3481,1321460460-f9283b13d4d56b72a2eef3812bda67c7,1
3481,1326909960-46c635ae137494f78a65a3c3bf66d22b,1
3481,1326735240-316ff2b7ac4aab1c27e61e2d7e485188,1
3481,1326733920-11107cc9a5ae46824298b4f2151065b4,1
3481,1326733020-85919148921f920814415ecce25d985e,1
3481,1321418160-b067a8a6dced1e89232a7438a9ae6447,1
3481,1322986620-4cfecb13c3fa78e436330a1dae52418e,1
3481,1321594260-777c005608166fad3a14ce94d29e26e9,1
3481,1327122900-7861fb1bfa6e015f4bbb0e8dfb90a7b9,1
3481,1326205440-834f4b459ebb8cae4a820a0a863f56c1,1
3481,1327622880-6370ab61da4984878899d6dcbeb6bfe8,1
3481,1326618660-90189f5650b04144cb1feb2cc60eaa6a,1
3481,1327504680-165e45e2fa5ce6a73835424a003f5301,1
3481,1323701760-c13718db1303bf495a9d1aa30af68c1d,1
3481,1326558000-1627c99f7e1fc5485e7ff3bae367e32d,1
3481,1323701760-0aa7929f823f95dcfb1efc550f794ddf,1
3481,1322123340-c677f696a2bd17eb434dfe39ea3a7ac4,1
3481,1326625440-0a0e1249792ae0c6a0532f0884948945,1
3481,1320305400-32099fdfeb885c7943afa17f302f0bd3,0
3481,1326555660-42680d48853a7ba6e1239e2a355414f7,1
3481,1320765840-605df69e7346fe4911def96199846ade,1
3481,1323199200-f936663ff44c69b150bc3622a8a63283,1
3481,1324676280-db14d4646d5c16f4f71d5c62bbf2b92c,1
3481,1326811620-5a853589e5ef6edfb2b6fab5d80160b4,1
3481,1326329940-1a0371480f35cb0558c44717980f0ae0,1
3481,1326561000-155a547ffa66c5388297f17d5f9ef084,1
3481,1326557520-5aa19e4f3628390312673c8a5630ddde,1
3481,1324691160-5d260bdb28a93f91a5030a630f436d7b,1
3481,1323709680-23c7105e5a01c847aa3280c2d26fe358,1
3481,1324392780-6af580d484f81f96a7723557306bc6a9,1
3481,1320482820-60dfe0a3b2aa87b4005d20014276b066,1
3481,1325401860-382d6ded68eb5bcac5fdc5731102cc89,1
3481,1326630600-54e9c865501433b71ab2b41f169ffadc,1
3481,1323490620-0352a21252cbdb8c050c26df9f4322aa,1
3481,1325720700-ce2dc8553b192f11f52eec4eef4f8821,1
3481,1326630600-7dbc5d1ed4add1a4b10f46ef7b04de75,1
3481,1326304260-56ccbbd557436f2789d8d3d181d27b58,1
3481,1322899740-d97ae710dbc486b744e5bfa835deeb32,1
3481,1326815040-31ca01bf4678a1f8a043463e7f2286e2,1
3481,1323144120-b69be189e0317bf55eb89959465e16a7,1
3481,1320239220-c2c5fb4069024c80ec688d3e58d57749,1
3481,1327905060-7e35ea1e59f30a25b1e05580b0c8b507,1
3481,1326418500-3993c48f10618f59e8c8ae7756d06469,1
3481,1327889280-030a430cddaa5567ee8bef5f8e29cb4d,1
3481,1320903300-0d5960088619596d081d80da95e4ac5a,1
3481,1320744720-a42ebd3861e2fea7c9ca83d581d65ac6,1
3481,1320947520-439945127912e434e66b5129061b9661,1
3481,1327126140-5a104c1f89b6fe5f77538dfb8e8ed280,1
3481,1321448280-940ca6f80071ec34dbd7ee94733e9f02,1
3481,1327077180-8e574da781c452f9c8812c7c0c3154dd,1
3481,1327249140-fac606bc9e0f6690d7b97b924bcad5e5,1
3481,1320649920-bbdeaf53eef7ff3366f7b36cae1a69b9,1
3481,1327404360-76b58b37028401263a3c8223bfcb7e08,1
3481,1325997960-a826fd9e0f129c2968237012bd97fca7,1
3481,1326130740-5b794787af6070b17258f2577a39cad8,1
3481,1327915920-9ee6333ba4d814c7eec43ee75ce621c2,1
3481,1326667080-7831b6b85405ce8b43af0e871cee25b8,1
3481,1326581160-3b023eafa6dd626fc98885af5bafb8cd,1
3481,1327823520-83f8eacd490edaf6f8b3ceeb8598f26b,1
3481,1327323480-0b5454ee4476b5b05cfe9d6ac729961a,1
3481,1327325220-740e6cd2df6b0bc6b44d9e6e779647e3,1
3481,1326380940-09b60821c05d494b347dd5dc4d6d5422,0
3481,1322106660-763035ce4bf43cc01d809377ca0c0e7a,1
3481,1322472420-dedab12dec00646a6fd0d0ab91d6eb04,1
3481,1320695460-682a521582f2f80d8e2684f5f8ad49ff,1
3481,1322562180-454813993a03339e0296ef38fa279e99,1
3481,1324326420-fb30d31557d18eb922fa56a0e0d28f1a,1
3481,1325727900-c5c7d398761c47f9c0fe3f0eb5a7f9e0,1
3481,1320647040-fad1ca1f9cb690176b04ca15d3a99b78,1
3481,1321082160-fbc0611a8e8358626e9817d5d549657a,1
3481,1327718100-4569a61476fb9fcf8b32d7b4dbef29be,1
3481,1322193180-0f75d7d90d7dde2b92c05c3da6699ecd,1
3481,1325720220-f2ef8d67d63ed18968e03d7d71fad9b7,1
3481,1320446100-4632b770cb3610cbb86ce8a356f55480,1
3481,1326612300-7bd21d9e6fad8a4fb87e5a1120795771,1
3481,1324902600-4feeb82b00a954051c0dbb9a1e8e2644,1
3481,1320858420-6b895e331fb51c37554c1db90d133340,1
3481,1322862000-6fb385696963181e80d19db491e81d6e,1
3481,1322644500-f2416020d0f0acaeaaf76a9209f4493c,1
3481,1321115580-722f4d660e05bb31ad32fbdd244cf5e1,1
3481,1325083140-6764444b560cea38b06b26d783e2a3a1,1
3481,1320826980-4a285cc067dbbde2adad9ae29f9cefa2,1
3481,1323801360-da4ce9d57ab4c0b136af41de06354e27,1
3481,1320828540-c2abd0a207fd9bf487afe05845778ef5,1
3481,1322916900-5a1322a5520f98b4c4d54fcc563f242f,1
3481,1322100720-6c4b55a8d344772b5a0a4e775990ba36,1
3481,1324400640-8f9fe34a549ffc7f15e4de53fd23852d,1
3481,1325668320-f0962ea86218454a35a5edee1be1b40d,1
3481,1325668320-4150c06aef0b513b9196973e703477e6,1
3481,1326913680-19c2cf35194aba92be1b859702e52bd8,1
3481,1323848820-ab1415d7eb626f482199509676ef052f,1
3481,1325629560-551f9520802068679669a6245d10b616,1
3481,1323815160-2ec26a165399e696e212da786e71e897,1
3481,1326407940-1f516192961b47e87389a3f91f8763a6,1
3481,1321402980-1f42e66a269b9ac2a91322dca73ef9c7,1
3481,1323753480-b7b6fe3d9d96ed07eab9540921a80abe,1
3481,1326246240-c55fa92c1053ff8a5590a2464ddecdcb,1
3481,1320642300-28ea8d3fd557b86c416fe5088e6e2d1a,1
3481,1322848980-6d39d1421159341be8b0b21c271fd48e,1
3481,1322960100-715ae8b24fb4f3c6b22288de93e4662a,1
3481,1323798360-537ffb0f63a3e23e62ac37fc95c203f8,1
3481,1327136700-23a3cfdc5c52796a3ed4d05d490db8eb,1
3481,1323904620-af93787a86e211ca7cda4945b3266838,1
3481,1321615020-fa67f13fb30ff04abbc28f677fad8e5d,1
3481,1320992220-91f89c1a3281349dd6ce4ac88025c097,1
3481,1323710820-dc9d3905d8b33d2f0bd20cb8fcd68575,1
3481,1323442320-8c4f3946813d5a957417ee78208d519a,0
3481,1327800240-9bdddfd30eb9af992d72bb8c8c7023ee,1
3481,1323338220-2f34a307ab332053db6feaf3551f57b1,0
3481,1327486860-09f9041a7060327ab334939448a85cde,1
3481,1324154520-370bc03391243b863ca09fd0811e4900,0
3481,1326292680-d1ac5ef3fc09bca88e4c2d08de964718,1
3481,1321518720-772bf30b35ea81235ebda8f62992595b,1
3481,1323222480-069efc368f0df2136c9f40326f116001,1
3481,1322103900-822c70de749def1cc17ef9c47190f110,1
3481,1323237240-c2a034326f8584e9fd2fc2a014bf019d,1
3481,1320667320-11e6adccc0c470db36ded2f9c729b11a,1
3481,1324565100-f0cb8ac53e8e3f71093939560090a200,1
3481,1326784860-2076d7a72dd9a313b2386bcba8c8994c,1
3481,1320680940-c90aa6e04f9553c51b2fe429215ef727,1
3481,1327463580-9cf98d8d0b20f2d8a3284a77bb903e3d,1
3481,1327821900-26676625481c2fc3e0d4be1565156cbe,1
3481,1320866520-6ddf3713b9154cbf6ef845fb4d6afefa,1
3481,1321875360-0020c93d7e4099b8aaa71f74011597f5,1
3481,1324446000-0a36d64d0ec27a4f7348d4e98d2073a4,1
3481,1327469040-710da45cfe6a993a171018335733911e,0
3481,1326853200-65bd10c3d8e3c1e4ef1aa72b5a40d754,1
3481,1321569960-c4a25f5e5436ae96f194ee61fce2f506,1
3481,1324546680-a65c2085232bdfe8a04650d9fa849b59,1
3481,1320736200-2b47b41ef0a4b01793dffb2896435f99,0
3481,1324702440-f2c64a9782da435fa3a876df0a87947b,1
3481,1327588800-284fd325388155c1736535a0dcabc778,1
3481,1320866400-dd4db0000a4e484e97e92411290aa183,1
3481,1327328400-884f2d647c4dbe458181b4a36bdac11f,1
3481,1320829860-d84b2d07045325a41691e4c65d62357d,1
3481,1327336500-07e22c09c87fb1f7cad98a6dae82140e,1
3481,1321294920-d43558ae22163c955041ca853ea809b9,1
3481,1327496880-d2146d5496dc802078ec1a3655d57a58,1
3481,1320911520-4f7978d8c8e12666186598663460e9ba,1
3481,1323630720-427d0394371c2f06f4211a887326a7c9,1
3481,1322889180-00aaee69cdb2287a9ce187ed00bab5ef,1
3481,1326454860-99130b6c1d8adcdc92038b48f4a1ad27,1
3481,1320706380-96484864c3f2ce9d7c7035c9e24c5ae7,1
3481,1327327080-ab18e9b714a402d7f7f189aeb067baf8,1
3481,1323376020-a817f88d217f06e7f84ac3c0b2c1cbe0,1
3481,1321290840-fefb8697daf2b2fedf19b05620706912,1
3481,1327067280-bb25ed7de6b6bba918c3b0312f528b71,1
3481,1324230780-0b2c40dae90f3fa913b45caaaee30aa6,1
3481,1326405240-02d8c606e551680ef7494130450d4a26,1
3481,1323652680-2cca18a451b13114e492f6de03cf40b5,1
3481,1325326980-f6d83453b74c33d320e0faed8419b546,1
3481,1325267940-0ab95aa1b4055a871192b1ad06ad9612,1
3481,1327493340-c3f7d368c5b5a175ac8c0011c5351fed,1
3481,1325347680-2ffbbeedddd02008bec90400d4fa8ca4,1
3481,1325398440-58220cb6372030bb58eabdfa378de76d,1
3481,1323992280-fcbee5ee7eb38a18f0f508a51a370618,1
3481,1326383700-78f05979cdd8d3aa35d19aa07c353b56,1
3481,1321909500-4879c61c21c1b4e0297143203e146f4e,1
3481,1326168240-b0c3ac3ef78f6d5fdb874a05debceca8,1
3481,1326348840-6ab32f721e015d74b5ba29236f808b65,1
3481,1326394860-abef22c6de52e58cc4dc66717ef55291,1
3481,1326027540-2411c5c9d6d382d01fb69a5803280c0d,1
3481,1326498180-9587b08fe0b55d3febfe977c5014baf2,1
3481,1326027540-6c9460046fe3ff03d1df7b2ccc6132f2,1
3481,1320392040-116be78c49d19777daccb8ff9fd7490f,1
3481,1326361380-718b078c22d0cc189ea0b392c5bde13b,0
3481,1327510080-4a04902d1a7f4a41d21640ab8f9a77a6,1
3481,1322780520-47ee518571f5b22c216e9e7c9547faf5,1
3481,1325401980-22a373c75bcdfd069227ab74c6430cb4,1
3481,1325157060-5ee95895a687d54f2d081d4d265df605,1
3481,1326971580-ff715b03d54c5e759a9828159ae708fa,0
3481,1326231000-14bf3810bdc0d2fd7e01dd8660961fd4,1
3481,1326454860-ce1231cb4c64ff1ff66e084b6e0915f9,1
3481,1327549860-b53b3a74823131d824761df2ccdf47d0,1
3481,1327526700-24f6eaeeefbddd9906d109f107f52c90,1
3481,1324393980-44ea3fee014bf4538c7ed457a1478e97,1
3481,1324411500-fa6233d3ed79526e3644c7757a2d98a3,1
3481,1324440540-3bfa221ed4747f1bf80230120d29bd46,1
3481,1325301420-bbe691ade89ff60b56cd8f10178b9138,0
3481,1325379300-a7ef859faa59ce02f1339eaeca7a12f3,1
3481,1325379300-5ec32f022954682c2fc4c0c3efa42c59,1
3481,1325379120-638b94eb694c81b4d9d219d0985b671b,1
3481,1325866560-f668ea0492f1b395ede7ffb408e885a9,1
3481,1327454220-f35c00532cf5e65ad581e4b9da458976,1
3481,1325294220-ca7f5d515ea8d3f2051f944ba4b7238a,1
3481,1320249060-a8dba3e8f5a6db6f44487fb576e14a74,1
3481,1320187080-3392b1cf2688c8019442c8209cd7ec1d,1
3481,1327682940-9cba9a804c61e4ffa8cbfd86ff6c306a,1
3481,1325321460-d223c8851c5f2fee19e1b3904c8111dd,1
3481,1327086480-50eac91e64e1bf0a6017a450b5510f92,1
3481,1328043060-95daff6963d715402e65e2cd98412624,1
3481,1328058240-5468b6ae33aab6c87d5f629188f5337e,1
3481,1326392160-c05e711129d0f53be4dbba9c8d75e5a5,1
3481,1321074300-5a73202cb887050c31d0039459ed12b7,1
3481,1326900000-bac6978b742d5bbcc673ecbe7f0e17ba,1
3481,1326900180-fad8eafbbda0ec6796d010406bfa5f0b,1
3481,1327325160-601a9c26d7543a2117411caf04ad0476,1
3481,1325116800-888a1dcc32a4daa7a8b91c75bdea9aa7,1
3481,1326394080-c593f0a585309f700f2cca74a0de6325,1
3481,1320748320-f29ec970be47fd9907f2635cd2ec7eb7,1
3481,1320857700-b86482578f348b183d585ad890bd1c1d,1
3481,1325862240-21b6e171f74f82f5279f3dab522e71a8,1
3481,1325914140-99211c82447676c02fd80f82ed027e21,1
3481,1326502860-773c21bf56bb046777642aefb5519ce9,0
3481,1327748280-3766ad0d2a44cec5e30f083c9d891fa8,1
3481,1325914140-c944142a6ab40ef03e172e1f61676fc9,1
3481,1325075400-44307e08e5f85d564733213ee2034b81,1
3481,1322092980-0e9f88dc804c0b5a7093c7e1416de747,1
3481,1326394080-d036c4bdfad32865123c4e701f7d23d3,1
3481,1325692080-6a8bf85b1604b2ed785bf428aece4421,1
3481,1324563000-66f3c64a4ce56210e5c9e0962c723923,1
3481,1325658180-b0d498350c1bc1949a6c1225df67c9de,1
3481,1325654640-1015f52e75341b5f22d8cace0375c754,1
3481,1325611140-23f5081818668abe1b7b602707e724a7,1
3481,1327000680-332b3b2bca9162e5ced6ead9bc7ad2a7,1
3481,1326496860-f26b8fd0e83107e851ac0cd6175c7ecf,1
3481,1325002500-bcc012d08ee963899009f6261d0b79dc,1
3481,1321345320-53e846576cc12eee47213ab0c7cc3326,1
3481,1322402040-dc878cc5066fa0bc9c819b842d87f63f,1
3481,1326011220-2ffbfb2c1ac5a1d7e8e5709d009385b2,1
3481,1324370400-9f0a1fdf7a6136d52585e9d7798acb03,1
3481,1325285880-a2714b21208132dff02116a5abd2b8d9,0
3481,1327369560-bea176f1f44742479f104823f82d4713,1
3481,1323181920-f11a4de1e852f6184e00a554d298bd5c,1
3481,1322063340-fd3e1bd2774ebb5dd80268171bc26fd5,1
3481,1327938660-91dd415a1363374d7e56fe946d9df162,1
3481,1321364100-be39dad0a5138e8240090763394c6c15,1
3481,1327823880-87700fc02a87a432e38f06222a4bb494,0
3481,1325668320-dc6c74985b55f430a485d6527dade4c0,1
3481,1324143000-7a6dc2d0c650b9eaa4c9b0c14a412ded,0
3481,1324446000-aa6819dde23777a83ae59ea0c29e97eb,1
3481,1323287760-0a8e358ab3f44594a5f35737bc025a80,1
3481,1322373120-df6395307d7f8fcc4ebe88f628214ad1,1
3481,1325397540-a091ea30f73cc9be59586449621ecfa7,1
3481,1322592120-597a86730cc077879d39ab16a0866b4e,1
3481,1327336140-8b94b72d8eef37f0b5187e24203ed9ed,1
3481,1327209180-0090b33efc59142c0a03eb497283e569,1
3481,1327717980-48391b40929007c82584ea5dc58b22be,1
3481,1320748320-8b004d329bfe81b2922ba004684a88f5,1
3481,1320816000-f1527ae49bd9e8ee48c811192f514a7d,1
3481,1321163760-600a6e2bb1590160b71dd09d3e893368,1
3481,1320927840-bb8c571ef4aefd2c6de4abe6af6a2ead,1
3481,1326481620-208cc0897750dbe3fb7667de4869ce58,1
3481,1327595100-7f7d75dbc11521cd9dddff71d383a99c,1
3481,1327557360-810bb2318f7026ee130a40a6542fe147,1
3481,1322734440-f4c012d58529fc3b2f0362b4afb85d97,1
3481,1327556160-c9d52a5434d4c13cf59383809b6c0834,1
3481,1327578840-b732cd47311b93e2dad05e7232d2f88f,1
3481,1322999940-d1a76d1f763c8a7a38696684fd8d2092,0
3481,1322787960-2676d78e0742805b670e58e1659af74c,1
3481,1322558940-73df931e4deb03e6ed8a7e4d30726d88,1
3481,1325583540-281a6ec4ca4c061dffacc847d831fbcd,1
3481,1324847400-118fa0df3d927ae60aa684ba7c8da9f4,1
3481,1321415700-bbaf3dbd9a7cb949e658783f3ad6b7b8,0
3481,1326833100-0cf3bef1095b046732724d0cbe4c4a15,1
3481,1324865100-abc3b6b5120501e5765b3fc95b07fca6,1
3481,1324772460-12ac20f1e67d0b8428f139a221f1992d,1
3481,1324853400-4981d0e94fa5c81921262abd035984fe,1
3481,1324841820-a219c438e6c19b97a6f732f305b3f0e9,1
3481,1324876620-a8f6e9deb0dda46da4d7604299113409,1
3481,1324870740-98567906e6622ef25c229ebadac3762b,1
3481,1324859520-977e3fdffe6e162f2609d28da6171fb6,1
3481,1326505500-9b2919f95ac3b2a75349cf0fe706bff1,1
3481,1327327740-f6ea71ecab59556e4ff167361fcf4c11,1
3481,1326500100-fed073c599fa500efe457fccfbf3b0cc,1
3481,1327647840-917c8b4ccd652e85aee0326ea74d7543,1
3481,1326481320-9c7f73750e406474295d37d6c7ff6c13,1
3481,1322374200-669c04d2316559accae3650044dfd706,1
3481,1327673760-316390a83a415b00782adb68d508b7b6,1
3481,1322488080-6be26d0f814d920e8a80195ab9e5946e,1
3481,1323171360-a42e83c99a6b5b9daf75280b0174cc66,1
3481,1322567340-4ddac4e5ddc091249e386d30d131c7ab,1
3481,1322580060-0aefc181eb42f640e8800c4b28aae86a,1
3481,1327558680-726bd90daa2e54ecdc518c31612cc07c,0
3481,1326501000-7bf48daa24f8d3651c0ca46dee71ead4,1
3481,1325852640-32d104594d3f50196687a14eab14bffb,1
3481,1325406420-537970d6c84290f6abc36e84bd4d9abf,1
3481,1326590460-121ff98de1cd36e25cd36b586be803de,1
3481,1326498000-fea4cb3495a0a666e9394f92ce8eb81a,1
3481,1323941280-0990745170221a10672646435c7b38a1,1
3481,1325498520-aaf5c41bdbd740b9dd2ec40c1f9c5079,1
3481,1322664840-dd99fefb80dca08ab550d8f6b441b7d2,1
3481,1323794580-649b9a242c1969b1e9ca382abcc31951,1
3481,1322508420-99aca51f47e664d20d17e1103308998e,0
3481,1323802560-5442f10d8c37594e532c963f6e7dca39,1
3481,1324288020-664a68c9ec2fdef65f43653bfd5d99fa,0
3481,1320167580-53fb90048cb3f0ed77b957bf65161308,1
3481,1324437480-3c91ce8e840c1f8eb328ba2194ab20b5,1
3481,1325638740-5e80515c525aa01c34eb6426392e5b98,1
3481,1320626580-05859fe0ec403d0e8bc6c17e8a4425cb,1
3481,1320765540-b6669a032e61295325edc41dadcc00c7,1
3481,1327415100-66aafcc624a96f38ebefacd8db506341,1
3481,1326226620-b0817ba55a2ded11bb3630e5f29b44a6,1
3481,1326228180-a9958270960899ad2a884e88ef37c221,1
3481,1326612120-7e6df32795e71d48c2ee38359b58f804,1
3481,1326379440-08ce71d69c31a30524690b5a4363cd16,0
3481,1323834840-0590bc773cde49f873bab8f84adcc1c7,1
3481,1321369020-a11abb32ac4168439477e7719a258fb6,1
3481,1321381140-17088bce1dc3c2e0ff7faa725734574b,1
3481,1321386720-a79872b8a33cb494b0a1239af7026aec,1
3481,1325325960-a98672f0e4fa1d8d08b21e77eb69eb12,1
3481,1327012680-22714851c0d801697911ebc346230f58,1
3481,1326379260-b4ba856a02b0b2245efb6005af51b7ea,1
3481,1327845540-6c7f4e4e381f1e3816b5006c0bf69eb6,1
3481,1322442960-95d91f84f9f5cca1ae12069aedfcd35d,1
3481,1327455240-39072264f83ba05c0f15d5a1c310527d,1
3481,1325620140-b17545ffb81458e6ffe474a2203c98a0,1
3481,1323963300-72e5039f04ec2e1baed1bacccd25adb5,1
3481,1323934560-cd3853879a626f8baff6c36739b48e63,1
3481,1323930420-7e94a52586633750c9535e7916af473e,1
3481,1326705660-18239e3bd45cf021c3b5e1f0ab8afbab,1
3481,1322783700-1e7d83ead440a6d0adcd2dda1bc6227f,1
3481,1325860680-163402ed09694e661fff8ad4c29992e4,1
3481,1325860680-7a7a76f9579d5d5d63a9c4209ec0629b,1
3481,1320774600-da2cdc14fe9623a54fbb89ce0a382037,1
3481,1327042980-14c80f429df2a58e260a55553a5a6601,1
3481,1322630160-5b515015ebfe7481188a79cd52a1d984,1
3481,1328024820-d653154f7874f0894dc92e339ac01eae,1
3481,1323351120-0d0110917331d0e14fcd335f5557b33d,0
3481,1322737500-cff6860af263ab746ed0f8186dc6afee,1
3481,1323475980-3f5e322c4b198625711c866089fab249,1
3481,1320947640-5681d6e6cbf21402967b0249f54f7b46,0
3481,1323110340-9181c5af395de61ac51dbeea25ea0d01,1
3481,1321531200-20a646f291daae8d5d01139d2f27911b,1
3481,1327538100-aa4d1639e7ac4543df28e1ed7ec87e4c,1
3481,1323375060-6defae37ba97f6dc4d27151d269c7a2f,0
3481,1321566600-8e5b76bfa4780c6d9e1d0ce2eb25ba91,1
3481,1323402960-84c02be5340e42105b38fb1d6e9b6f83,1
3481,1325238600-336ddac02644cd5e7548a4b7320893a5,1
3481,1322828820-6d7f4a0310b85d9dcebb9f19f4d40546,1
3481,1327885200-66730a36cecf0c57fb0718193a5c07af,1
3481,1327383780-31bb1e223f1c3d55a97a75e7b8c9363c,1
3481,1327018620-dc34d5ebdfae4b9125267250bc67ddbf,0
3481,1321895100-a7b9a18c797c09173d7dfd758ccd5923,1
3481,1326661980-9be79ad5411aaf357cd8f41d92ff0950,1
3481,1321420020-fd468a256d5f523d32540e6f7db15513,1
3481,1326556740-c6c35a215a87ab9d5231055fd4f7ccae,1
3481,1325367600-bda360aac1caab4592e604ac93c0060e,1
3481,1323148020-365396c5ef1dc9f8ce0360764ee4f317,1
3481,1321291020-7b10bcee6da37370627b8fb0a55d2436,1
3481,1322539620-332f93fcb3d7bd59a7466912825ef929,1
3481,1324284840-5165df3e86d04aa397b930c83cffc780,1
3481,1325584080-fbed75360217606633dcaf75b874f41f,1
3481,1320651540-2d26231a4820114e060d07bbb613098f,1
3481,1325684040-98746f3401da139f2f1d996cb7a72f09,1
3481,1326216540-3b46269c91f26a8dd1943f9fa5bd6ff8,1
3481,1321361940-9005de2b012471e6c36c81adb0b59283,1
3481,1324041960-4734e20c8a92064abcfe62e83a8c7524,1
3481,1321488120-c4584e50a84a99c012bcd7d319daed2a,0
3481,1326875040-4918fb7ae7d462d63750dd773dff9ea2,1
3481,1322784480-7275a78cbef582fce1f1c278c5e8415b,1
3481,1323260940-1664070a305d31801c46574969e7a6f3,0
3481,1324072500-299ef2e9488ab99e91eb488cae51bbfe,1
3481,1324071600-49e7420d537602ab222d75c5ceea5779,1
3481,1320109020-52538181e80b85953574050c5f9d8b60,1
3481,1323714540-59bb8ba2beff50b677da4b2861ded9b7,1
3481,1321257960-27117fa2a275e62ca2921ddd8a83ef68,1
3481,1326008220-be2bd42f31a1ad54b65cb1f87051161f,1
3481,1325194560-6bef5256dd400154a2742760ad3c465f,1
3481,1320954180-dca88c623aaa7194e60cbd9203a24c83,1
3481,1320617700-6dfbe83cf705808459f702cb2f0971ba,1
3481,1323190440-da87e7c1dc6df01edb74bf4edc09df8c,1
3481,1325633520-f96b351500924e42b6c06320bdd11ac9,1
3481,1326036600-5adac74d166aafd933b6287ec0218c8e,1
3481,1326036600-578646d37d5feb6cd8483b3108fc10d0,1
3481,1321948680-4a146f05f40a6be4c8a02710b196b72b,1
3481,1326670260-c3ff9cf2f8bceb90923d60b9d5e8aee6,0
3481,1321078860-62825c3c471cd965cab3606a10031428,1
3481,1323710820-d7be93ea3f8b748ecd00483f7c572bd4,1
3481,1322780460-fa68a53ef6640ddd3c61f29fecaaca3d,0
3481,1327777500-fd1c1834965bf7d4ea4151890c533eb7,1
3481,1323009840-9b16a0040666775bb170dc719c0aee17,1
3481,1327161180-9120a13e0f5be7736f6cc30a04d2fdb4,1
3481,1326007920-5840c4d4607e8c1a350999bcc12f84a0,1
3481,1327680660-04cabdf6bdfc03f58d74e43cdd814218,1
3481,1324946160-060282656a0e62ae0fba742ee7c8fac6,1
3481,1324963620-fdcc563de98d4d6dadbce39e3d10d804,1
3481,1325010900-de3ce23989233b3c0bd8e7e1857eea7e,1
3481,1326785520-38cb9cb13a7d872c62726049a30b636b,1
3481,1326987720-8581581c70c81589e4b6bebff8b48384,0
3481,1323411360-003f6e58ad7ce639e86af8971bfe41a5,0
3481,1322193180-a36826b7fb477dd292102c7781eddebf,1
3481,1326127560-3d90e1d32ff625974f348372c0da8cc3,1
3481,1323506340-8bb07f833483b1c70a05e303fdff57b1,1
3481,1327369320-298632b36594a3c49e1954dc9c51da8c,1
3481,1327524780-7a8360e098e942e1abd4684c84645ee5,0
3481,1324427460-763c19c90a50cd5f00891e18bfe6225b,0
3481,1325239020-3897d6018207455bafdbe99c4cebb906,1
3481,1323624180-31fce229ff4c3bf2e74f2737b79f70ba,1
3481,1325072340-ad7f64ecfb17e321977e968e4c1fab6e,1
3481,1325072340-90a9dae254759cb14e781a975ee3ec76,1
3481,1323996900-261147360aa7f9b3ff813bed539d70ab,1
3481,1323624300-9e1c4ee807c257c373f1a20644ac5678,1
3481,1325596140-699c057c6b437637e7df5066c676a70e,0
3481,1321394160-9e4945d3f7da9fdffeaa2f5702201da6,1
3481,1327931760-5dd1fbf33ecb00d44c5b9562e3284877,1
3481,1323107700-f8f868bb4a07d210a89f4e72aa71f4ef,1
3481,1325816280-c7059aa0aaa54ea715343741e96d8ff1,0
3481,1324526880-5c91ca413c19fa185b23e21c9ec9d029,1
3481,1324514400-d92b73d57b0658b76cd06cb98723833d,1
3481,1322748060-6c537a291aaf4217c6867f912d84c7f0,1
3481,1324265820-c4e3b573cd32e5dbc1a238a36ec00db2,1
3481,1325620500-7c97a239afc124638b5a289fb8b3b1ae,1
3481,1321430160-53cdee254824a67b10d95be8a254807b,0
3481,1327296720-619936fe1e27e516dd915366ac571f60,1
3481,1322626440-c278a84bcf8084458057fd2966d4050e,1
3481,1327677960-56bcc93c57fde2a4a5e570a3104f77c4,1
3481,1321920480-8eac8c2e4f8a8a8ad2b2e143e56da411,0
3481,1322037540-d96bfe13c00b1992b73a508406c71335,1
3481,1326179820-16a005dd05be5fdda6d518a12e284c1d,1
3481,1325412360-6aae8ceb1a81f422c293e93d6ffa7380,0
3481,1322540640-4f2352376908e25307817b3df953404b,1
3481,1326432420-b835b10e3afd519f21a6a7e60dbcfc45,0
3481,1322778000-ad016e0e76a4902e5efdbec467de7917,0
3481,1324490640-23b59cfd1e13293ede9a8aa95ce14a5f,1
3481,1327879980-6252ae7bb0a8441ddd0a6882c2705abe,1
3481,1320554820-fcba076718337a23667c3a28fac20c6a,0
3481,1326528240-507fafe85a93f0410e42ce3a0f21324f,0
3481,1323543600-2be1ab64997cb71c0a8a8aae1c08071a,1
3481,1322626440-96ec4948c91d189b1d9b9b9010e808bf,1
3481,1327465800-c0717a4203309387e59f7bf7805bab7e,0
3481,1325025180-8ebf4ec6c29cd63f2cea1eb9d79c249e,1
3481,1320644100-1ab0cd5e5a538b3ebc0668df27607604,1
3481,1325749680-ce64beac3cfbf3cdd4a3990eb22fa3a1,1
3481,1325749680-bdfdc861b3530f6c55112305aa2da220,1
3481,1325750220-f895ae2d2e7a77833831dcb24b81c712,1
3481,1325749140-b2b8e12c24a4b8767c4554df339c00ea,1
3481,1325751120-da990d8fdf0da213bcb281a294e73d27,1
3481,1325672100-311963eae18c7cd7881379551e0221c9,1
3481,1326285060-f8b50237d2fa711f50e45726105545b9,1
3481,1326764820-8c62f04ed0d6010dd807fa026f0c9a77,1
3481,1324158420-13f88bd6194d1535a526e40242d5ef84,1
3481,1326764820-ff80795fa6e308479ff2f21296568849,1
3481,1327768860-d1630831c4822b23b09d28c1ab41e314,1
3481,1323714540-02e9a2744e96504c50de46827d7ccada,1
3481,1327160700-c154c279659a92216848bdd5e8932861,1
3481,1326898740-968f1a902c03831857bad35c1c71fd36,0
3481,1321687080-8ae5776aae5d76864f47a8ad075a5b36,1
3481,1320442140-b39359c8fbd6aba8b36edf42facc4d8b,1
3481,1320442140-291d10e7f4a60d895c01a048215396b8,1
3481,1326243420-133328b17d2210d5c694714fc03b83a6,1
3481,1324997820-7445d1cb5fa346c9cf410c9059cf37d5,1
3481,1324997820-77ad4a306650710b5ca5c9b6b7fdf1ad,1
3481,1324997820-16f7c6cc56bd6656bb2cdb42421c8508,1
3481,1324997820-003327d8c3dcd311a029d646c531378d,1
3481,1324997820-92d5d26a77eb0e79604d9870d04a7107,1
3481,1324997820-483d066fe316ca7cc22672493ef3d5ec,1
3481,1324997820-db28398f6cb77554e8e08c42305bb8d9,1
3481,1324997820-401b60db6a7e7e594af72740c050c58e,1
3481,1324997820-8006aef891e613d2c86e1a464dfc9bff,1
3481,1324997820-36d04e4572e74f6fa32e9c8171fd40bb,1
3481,1324997820-f71b116d7eb3992a359311d7fd45df12,1
3481,1324997820-f4d69e7a396c177d5a4062a00c00993c,1
3481,1324997820-5c4a4cea00bd50dd38fe939809fdbe7a,1
3481,1324997820-734d1a300302a700710362faac1cb455,1
3481,1324997820-1427d4b2f43d3eb8ebe80367d7623c83,1
3481,1324997820-6acadba655f080cc4e27c57d12975d0e,1
3481,1324997820-6770e262603f72077fa4c5e6777b6def,1
3481,1324997820-880192793da915c9bc399e2956aadb6d,1
3481,1324997820-11958a644d744787494bac8125eacf34,1
3481,1324997820-61d569c579b19c9f4331b528ad0d2167,1
3481,1324997820-26eede9fbb769ffaac80a89cd962db5d,1
3481,1324997820-7321c9fa2b61a7b306588f9636a6d7d1,1
3481,1324997820-b7cafc1acdcc496226fe55e111ad2fd7,1
3481,1324997820-9bf1c7907dc1de4ebb26122d97448b95,1
3481,1324997820-69f9cfdfaaee806e53d39142200711cd,1
3481,1324997820-961af5d3cdd737a670a1140c4e79b733,1
3481,1324997820-4ed623975b5e2a1ee6a984f7412f8fb9,1
3481,1324997820-679fcd48b3257e5a69c79d2a803328ed,1
3481,1324997820-89bf92cb0d16dd9180fea83600b85b14,1
3481,1324997820-f23c71ec4a1daa8aa1913a6f39c1c157,1
3481,1327821420-1077b3c3317bd373815b344cba7ce276,1
3481,1323999420-d3aa6fa04c7739a7dfb90ba5e197d58c,1
3481,1327988760-076c3fa8d222ee92e9744941871d44dd,1
3481,1327974300-a2690ff0f711868cef5a1bb78d598705,1
3481,1328037420-94715313ffd75137dcddacfb52413e36,1
3481,1323153840-ad671b1ee45e77c7ea90339a8b766f49,1
3481,1321046160-329d6754aa5e4abf70a7000c587dce90,1
3481,1323494280-7b025dd62a0ae3759c32e42c7653e7c9,1
3481,1322680500-9b08aeda3d8595fa6d5bbb47c6066c57,1
3481,1320626580-0d24a7b88efae310ea5b4da8861f95ba,1
3481,1323153780-2e30d669c6a1c2abf1ca9f6c1c008df8,1
3481,1327213800-ab879628afd471bfeb697aa70016cbe2,1
3481,1326924960-4371b47664899517c2eca7cc786a248e,1
3481,1327880580-2b897555ceb4581804ed010cfaee451b,1
3481,1323153780-403da1fa1e2cd5fd63e4ae27e3dae099,1
3481,1328026560-61108364d55e8d12e6dfc39c676384a8,1
3481,1328037420-aaa7bcd05b7c0167eda84a81fe989f18,1
3481,1327995960-ba35e7274df61d8f76f88baf6eaf7bad,1
3481,1328037420-05ce1cf3915f6e585db7dacad4e40bf7,1
3481,1328041680-4e81c67c8b75d49063034162d209806a,1
3481,1327966380-1ca9c9b973e2b5f63c3c4abbf6b57cfc,1
3481,1328032920-b91083a7e22c95f2ad2973ebcbbe4e88,1
3481,1327988760-3d82d096f3f3cfbc4bb092c76ecaecc4,1
3481,1327999200-02a279d632894b626df90f75d00df0a0,1
3481,1328030580-cb147f3cf87b8a5cf02e1635a9058879,1
3481,1328037420-8bfa1eaf16336ad8c2cff598337f7bb8,1
3481,1327988760-fc8efd06d179e9b1aec64d388e569d3a,1
3481,1328037420-fda12d2dcb25d866e93f7c7021fe7723,1
3481,1321390560-a9e4c99417ca79aac1d647fd641c994a,1
3481,1327971600-78a5be99a5bb6bd46bbe207a25cd8951,1
3481,1327971600-9469519d8db1538b6cd041f98ed0a719,1
3481,1328055960-fb09abdba0f5b685c8704d35acdcc84b,1
3481,1327971600-decf0b999356531d26b8999c6118bb64,1
3481,1328041680-8c69be12dfc871869c99576968350647,1
3481,1327971600-3c5e3233d9aa79d3e475da4006f0d5a2,1
3481,1327971600-026b93d68fb5158f3e5d3bedfc8ec8c6,1
3481,1327971600-d6aa6b5aa6abea11fa96093262c5a17e,1
3481,1327983480-5a1f27ced95d24a3d440c352a1475699,1
3481,1327974300-f89b80439e782459775b0d1fdb0a2ce5,1
3481,1327992420-f00248a50afc24f33dfee0057f282b7c,1
3481,1327988580-c5b02bb235bde1cb4980fabcaf70c377,1
3481,1327966380-ac7dab6e5a5d9ef701e93818ed207881,1
3481,1327966380-899632baaff9fbac0bb7461b0adf28db,1
3481,1328055960-266154ef530147ab6c2754393b0b5338,1
3481,1327971600-cb5e049b705c9fe0fd963b532f260da9,1
3481,1327992420-fb685e119291788a23272f5c577ce9fa,1
3481,1327967280-3f58905b5746ab93551c8974ae228601,1
3481,1327995960-2ce5df1013bd88c31472b45f8156c7f8,1
3481,1327971600-891a71a6caae7f169d8fa2f203e6c842,1
3481,1327981320-9357b80ccd39fd15976b62a921eed2fd,1
3481,1322439000-c8a952de36522f4e46d19684d33918da,1
3481,1324609020-c0092a32ee9a09725cf5c0db820adf6f,0
3481,1328054100-73af373ef0e42e6d01318dd5facff832,1
3481,1322296800-1d6becf8452696fc2389d19578b0a60f,1
3481,1320441660-ff19d4dda9936e97c401f7408c18c126,1
3481,1326303840-c41544cf9d37b8af06b3d26272db0ada,1
3481,1326777360-de81bd7d104ed6b74387eb9bd777be8d,1
3481,1322438940-dde673917fb471ca0ed2362f94756231,1
3481,1321157640-593e0310b3cb574e447df3ded0716d71,1
3481,1324609020-46f0b23a76a00d47befa0dc0cfadecbc,1
3481,1322438940-45042edaf5d9d4f95a45183a6f2b7e8b,1
3481,1320461280-4b8ca7e143d3b8bc9e8663d8500b5879,1
3481,1327213800-10c40dda25ac8d4909028c4653dca792,1
3481,1327555860-7baa24a1a632ab11d1b959bb56586a36,1
3481,1326777360-abfc9f0b9e7ef2c95de74a31936ec847,1
3481,1324870860-9350a3aea063faa4d05d673110d89c2a,1
3481,1327646760-dbd1a114d9dc2f45b16c0d62592566ef,1
3481,1325551140-5a7d9e2831d81a12bcece572f30fe0b2,1
3481,1322694660-a79a47419e207760c5aee24e8767cb2b,1
3481,1320441660-3a7c421f42074b2a111c9609f0d66cb3,1
3481,1320441660-b093f54d51f3134d6a94f3a81d6ec090,1
3481,1326777360-11b817d90d46253e1f2e435b3afec08c,1
3481,1323826920-cfe1ba22354c9e586b3a8f8342026a86,1
3481,1323789780-2e427636dbccf396c54ab4d1776ba962,1
3481,1326093300-6c58369694b7a282131eddf54f9d8057,1
3481,1320441660-32bc792d79ceeb3c47fc296781288e92,1
3481,1327213800-333038223e746024f71d28bec9dc386b,1
3481,1323809940-d2361313dddaab6626317dba4ff156bc,1
3481,1323408600-33835bb919594fd4616841c64c80eb91,1
3481,1324681680-204a4cd4af21c9afed1c63bdda50adfc,1
3481,1323789780-79443262b3dcc8a3c8ff9f58e4e72769,1
3481,1325980440-3a7314d6056b9ae298f2fc0914c03f08,1
3481,1323153840-9371d50dbfa18e2e86a6acbe51441997,1
3481,1322296800-6787d27d46de3f86ac208bdb3efc317c,1
3481,1320527280-f5535827aea8c2a963286d5ff760b37d,1
3481,1322680500-c344858f53ab436312265452e909b333,1
3481,1326303840-66431e69af21a1b926c42da193891af6,1
3481,1320626580-5c8cb0b1cbe9f026b6167da4fe8ec4dc,1
3481,1323789780-57b84066112db09eb532719be3b2f396,1
3481,1327381140-378e4f6592b9e299e84e5db8a50f2833,1
3481,1321569780-f03b474727f9e55c8874a990bacc3935,1
3481,1323826920-3015b2723dab79f888f79099eb3d5208,1
3481,1327880580-afff5cf89200fe832253d73c5359dbab,1
3481,1327646760-897562390700f0c6b66aa16a0ab3a7f1,1
3481,1323992340-c0795803254d5fff25ae11595f3ae5bd,1
3481,1323992340-0c9943fa6d4094780f88c2a0c7bb0deb,1
3481,1327545960-46b7ae3775a6b7a67c30c2acc62ce982,1
3481,1320626580-d3358e0a9156c0740fd64ab0ceccaf13,1
3481,1326924960-f916180ceefa413b8f2408a40a6caf86,1
3481,1327723080-48ffbeb02ad6b386898b3dbdd907e029,1
3481,1326129840-436e4bd16f900beca4799e7618f4df2b,1
3481,1321569780-fb6018c42c793668f59848fd0c14d8c5,1
3481,1327545960-42794c70e0c2d1ad536a19ca03749f11,1
3481,1324870860-56581820dcf31dd1f33766b88dbf5fea,1
3481,1323408600-fedcbdf710451ac6f8e5a022d68e4c82,1
3481,1322438940-f9a3120bda3b7c20dbd34824fa2f4ec2,1
3481,1322866320-bb77180b94c750b8de38eed6d5ceccf6,1
3481,1327347720-5a084b77582b662d8974aaa4a7451829,1
3481,1323789780-55be9733500a68827104416d9a73beec,1
3481,1326922740-a5ecf60aedece10762228f8e321f732f,1
3481,1320626580-f7dcdd2931be0d286b1c78196a2ba385,1
3481,1327213800-c8b564b62d02d12ed90ac35408d196e3,1
3481,1323826920-cf6167d3f8ada26f6d3f3c272b8aadea,1
3481,1327521240-a43d6f66a809b31b8f9cd571b935a6bf,1
3481,1322334960-3cda628e7a65bc79520b524647184aac,1
3481,1326303840-3026bd63fd993ed9835ffe20255460d3,1
3481,1323826920-44890ba5a48756a6e395daded140bb75,1
3481,1323408600-16b77158a9a04da9b0e91c27be5f6314,1
3481,1323809940-24d788c78d2d60b34ced84487433240e,1
3481,1326777360-57e692c7843553260477237ca511fbfc,1
3481,1327213800-70ab952b6d4ae8b5980f23d211ec0d06,1
3481,1322438940-be7dfc68258d79a916867163be8974d2,1
3481,1326924960-dc3bc53128053b69030da08a3d49b769,1
3481,1327347720-f6e71722edcbf6486dc9d287be7f73b3,1
3481,1324668480-47d1cae529dfee621da424ff9ec10b0f,1
3481,1323809940-cec76eb8add7552b34b4f06508942d6f,1
3481,1327880580-c7863f3751848bb3a282348d2977f110,1
3481,1323408600-d5cd6e62cc85e63b076316b588f54dc0,1
3481,1327646760-221ccca3e0c99b1678961575d2750a32,1
3481,1320943800-a4b309eb03b516be626a02abbb1f1c0a,1
3481,1323408600-dc39a61f82825c5810bc753285105746,1
3481,1327880580-0635b868c39023323dc0b72ff415c2db,1
3481,1320507540-0badcf5eca68274695fb9af41baeba80,1
3481,1325551140-33eab1e92f65278d6a3a1b34c4a404cf,1
3481,1327880580-1a2b4f92f33f3e090156a04b3f3887b1,1
3481,1323809940-4f683ca873eb3e959657db14baf4c110,1
3481,1323408600-61f97ffe78224fd166abc93364969aea,1
3481,1321569780-523c0ff5098d79f5d84bf13b45d36385,1
3481,1327521240-f27c20b772cd282907f994b434624d20,1
3481,1327130040-f7da06496dfdcd5fc48b08891f552553,1
3481,1326303840-b0416283a5b6ab77e5175ac0deb3dd30,1
3481,1322438940-a2908e04098fd2aef63f2b3d2c2d9904,1
3481,1323757620-f7acf3722bb2102895c8edb597299fe8,1
3481,1320986280-c182040ebdc2814802d054a6185dd5ca,1
3481,1321569780-61f0964a93e5ff09d5e117d2c9f726e3,1
3481,1326777360-4583cfc4e94c14ec14c75cc8d11392d4,1
3481,1320986280-d0bdd91d6600ddda8eb03f5175db7fdb,1
3481,1321421040-74721f45210e0303b2fcaa700fdef340,1
3481,1323826920-c2f44a15c2931a218970aec695eb6dd1,1
3481,1326762360-b81eda2d924125faadc2adc3f57ef206,1
3481,1327953360-1b12b0a698ba89cf4752a5f4e548920b,1
3481,1326924960-46de60fc9d7f7d8957bad785e87f139e,1
3481,1323992340-7c9e3c58e99aabe2205f87d858aae3e0,1
3481,1325835060-d95cd4c0023b7b730334d93c6c8d753b,1
3481,1327213800-ded3ca77bfaaa3b373c1fec883773d60,1
3481,1320441660-b3a6e1cd566ebacc23ebd778c1d347b1,1
3481,1327385520-71d16e0f09d4c0fc4fad763ebf23b28c,1
3481,1322694660-459c5f315dcc7b4f134577292f202832,1
3481,1325551140-24404a3c3897d3e6daa8f8ba63dc82b7,1
3481,1326093300-d8e8bcbb26904c44fa99a767eadb3080,0
3481,1325835060-44a541c12c02368cc35494234e61e65e,1
3481,1324424160-cf2de5cdab147fd705a6cb5d8aa0cfa3,1
3481,1325835060-2bbf45613e2fefaac7ac31d2e8b9709e,1
3481,1323992340-3c0147faceca1d1f788dd1ceafa9679f,1
3481,1320626580-635fb1edf44944abda54bb9c20d8a6f1,1
3481,1322535840-b89c8281efc94f52781b96af26ad794f,1
3481,1323806580-2d261a306ebd0a3ec074e17a0e844326,0
3481,1320761580-4a0378c82e6c84876f965c6aa39c453a,1
3481,1324704300-5c84c2f1b86484a2905ef19eb29748d4,1
3481,1326222180-10e0de0e8568ff77b2614364ccc5f7b1,1
3481,1322501700-1b9e179eb85f6e5eb70a206e4a0b2cab,1
3481,1326261780-4ae32f8df863c1dc17d232fd27862538,1
3481,1323887100-2eb023afb86ed74fb45d075c3a54160d,1
3481,1326519000-f96e9e08f9ac834458acadb5d743eaad,1
3481,1327677660-46cabc6399ca77a61a902439bdc627a4,1
3481,1324891140-547f4bc2a49a52d95da22b056a40efb0,1
3481,1324891140-a70e9e6ef7ed09e87dbcd9553c79083d,1
3481,1327195500-38d9f76df474689e8263b104c3759ce5,1
3481,1326010560-024a5457e6c39e672618f166da71e8da,0
3481,1323736380-1de445be9f19605a3d9ed7697941470e,0
3481,1325144220-cb616e2bb3165efe1a6917e9eae95ba2,0
3481,1323443880-49f027564698d0dde190089a8d60c767,1
3481,1326169980-464c9bda90115801904d03e5603803a4,0
3481,1324765500-79d84ccfb4446ea557e083edc653aaa0,1
3481,1327061700-28a3e3a40406ad469f50a99db0f05a6b,1
3481,1327387080-4be187688e3c326cc94af98fb9423fd1,1
3481,1326651600-7f0ae16987214a8c48ace7ea7ba8fc87,0
3481,1320677580-7f0971c00a87af6690867127a5b35372,0
3481,1323877080-f0375a12e65c10f4bc1f99123e0dd067,1
3481,1321637820-a101fb5a1509230bdedb18a6bd99fb0a,0
3481,1326950040-bb353b5584dd11ffe3a7df81996e04f9,1
3481,1327550400-2b627eaa322149857084e2e2998482c7,1
3481,1324157880-807c124b5591dfef796963cc3c81302d,0
3481,1325733840-538371ed20d0f8072308d45eba5e87e6,0
3481,1320723840-8b9059444ee54023d95e419eca401e0e,1
3481,1320468360-32cb056e00651969b99f82088eea5343,1
3481,1327075140-cc172a7edcca1c4537d627c03f3180a8,0
3481,1325120400-d730cb68ddcb9f937cec07dcc5734fe7,1
3481,1320809940-7fff9de97185d991e8ed8dde8ee1f95a,0
3481,1322094300-2d7c0ce4ae6512420c181238580f1846,0
3481,1320722520-b9a2deb790d0cccc9e17a9ddc30c5880,1
3481,1326428280-7b2f46dd760558d8a2998bc3eb466496,1
3481,1326554340-2f9a823f4ef8cdf0d3e794a3fb7ada90,0
3481,1325060940-a36d2bc4e9d00384b2b15a402b180f9c,1
3481,1325060940-0a368c0f832678c53257bb7e23f4cf01,1
3481,1326351660-2170944102c6db1723b66be9ca5a14ae,0
3481,1323882360-a11995169079645f868a3cf88c2e2690,0
3481,1320418200-9d088361cde3d404f1b34de1196221c6,1
3481,1322643420-bc55aa417cb39fb20b3a058883671bb3,1
3481,1326519000-b435fd7daca5a95e403b4e0a089b54c6,1
3481,1322232780-5653c3be7bd858dcf5099a6221f6e70e,0
3481,1323172500-38588cdae67243a624fd62cd664ae1ba,0
3481,1325060160-b4a1c4466c1fd5629647978ab3519063,1
3481,1327623780-3a12fad4f5fffc8dee35472a44636916,1
3481,1321001280-6cb8784d69be6d1fa50ba6468ebf1a0e,1
3481,1325167260-687f59bb861f4aebf69cc114e4c0b130,1
3481,1325261220-63a347a5e0a5859f12879ee7578dd297,1
3481,1321001280-412557fa4dbaadc4b8de166ea51d1101,1
3481,1321001280-dd48219f2390e1f91b98a4df6edd3bdf,1
3481,1327828620-51f4c15a678b53b7636a439b312ecc35,1
3481,1320309480-7bba266b22da256316d518250e13eaa2,1
3481,1322443380-45e17f17df3a4b47724ef00c8bbd65c9,1
3481,1326443220-b0b45a2bd957838bdc1c9aa85e8072a6,1
3481,1320827220-95d24636949097aec8e4259063b21668,1
3481,1321260240-152865163bc5db1265f377e0fb75fb0b,1
3481,1327701900-375961c4ef9e6b29cadc5591cef242d9,1
3481,1321001280-5ebed46d844de396ac8d4e4af73d7f0c,1
3481,1325666760-f4044bc70bd9c14d31654239c1b85076,1
3481,1320480180-22a95b21d2cdc35f655394789e5cf067,1
3481,1325060160-6eeddcddb10c09f599d1908643a80d8b,1
3481,1327828620-c32f7f7838e453314c27b7bca7e07de5,1
3481,1326443220-470e37e976674cdb6d69ae05347acbb7,1
3481,1326765780-7fb17d21fb3f866264c7b9497f77ea24,1
3481,1320776820-b75a08bdeb17972053a19a493545f16d,1
3481,1325060100-fe43725115698eb6a906bca9d8e34561,1
3481,1326443220-725a4164fe94c7d3dc9c7dd2ebe7e592,1
3481,1322443380-61f22e398e00d17afda8b6d89ba874f3,1
3481,1322443380-9de5b96cd9ed1c104dd0d92e127aa02e,1
3481,1325060160-3aba4ae04aca06dea4e5cc93d4abcbc5,1
3481,1326379620-d0e8cb12d3b49e23b08ee7810d3aedaa,1
3481,1325331840-6292a9b469e1bea3a365e12764943a78,1
3481,1323678540-0e1970446db902af35d20ce1d44018f1,1
3481,1323706920-0dbefde21c13ab33781383e2ce34b2bf,1
3481,1323678540-b6dcbfbfa57f3fd1d9a946599256839d,1
3481,1326701880-6a26d1268063a2df5592467aacdb9c07,1
3481,1323678540-74ee88a0bdf81e7a32589cac61108fa0,1
3481,1326701880-1fd5fd4dbf54a3acd3fe1f07d48f92ee,1
3481,1326701880-cebd6501ac4d002f7448ef544f5cd54b,1
3481,1324375260-4bbb8d331688f33e0050650de7c1378e,1
3481,1321260240-6815f9a5172036e4a711a871fc24e45f,1
3481,1324500600-a1caab27492c918e1bfec55570712cea,1
3481,1324284540-bdcde29456b41354b44558c2088bd31e,1
3481,1320563580-92fa71a750979f0466bb09a26ac1704b,1
3481,1327958340-d3e3003db98724fe8c8508bacead2af6,1
3481,1320480180-0c069884e5d35ae23da1a68d1f8d5000,1
3481,1321001280-a2491d9c721d5a0fabfd6b2575dafc7b,1
3481,1327828620-b722f27f465839ade8448421cb5ff39b,1
3481,1325769960-7b8fc275489fbf268b4eaa84dc92e8d1,1
3481,1327623780-05c9186361b1cdc42ba1d6021330f17a,1
3481,1324715820-094ad51b7ecc23255952f0c4e35db209,0
3481,1320337020-6647fa785e72230dd598711523fc7082,0
3481,1326835320-6578d6bc8ac95c2df6b64028ec8b870f,0
3481,1321260240-642012eb7b181532edec12e5a737e228,1
3481,1321260240-10a3ae7eee81bb7bfff48a7218b76396,1
3481,1322017380-6b121231d447d4a188e0128c3d195044,1
3481,1326168240-9e005cf7df8df26761ad93f68bf77276,1
3481,1327669320-54e91b553b39be22abfecf4d07fbf3be,1
3481,1321260240-baa59ee1f26e161b7270d4ecebf32155,1
3481,1323678540-541cdf68a85a8d81853cf90eca82607b,1
3481,1321260240-fbb01f87dd848488a531f88e8c4284f0,1
3481,1327596900-cb753c4003560970967bf14049ae2fca,1
3481,1322813280-0309a3dc32e38ccd9811b09664285b01,1
3481,1325666700-fe57e7b4c516188fc15697428efa50e5,1
3481,1327828620-bc918eeb1444719a4a163c0f85f76ffe,1
3481,1325060100-08fbe25162586a7af236b8f01cbc66c8,1
3481,1324801080-285bf96b0fede5f0a073f03e9aecfb91,1
3481,1320480180-2236d2b66d18f3e1fa27abd9070f41f5,1
3481,1320563580-bfdb2ffd2d1e2fae602a571b1f677885,1
3481,1325769960-b09d1582668814cbd4bc07fca2ddbdda,1
3481,1326963960-cd18487854596ba892f3bd88f01cf886,1
3481,1325060160-c3ad85d9befb4ede24e206219d4091c2,1
3481,1320826800-b98adeeb16645963eefc48fe650422f2,0
3481,1326186720-58e6594f5d18e0d623bf309acecdfa55,0
3481,1320421380-1a1da9b04da7292cd14aca27475d4f5d,0
3481,1321260240-5515c6fb4c76e9f9225b0206d5fb90aa,1
3481,1327216620-f3ce0fb73b422a9df0b537f815cce205,1
3481,1324434540-6aa430b672e6052f801e89ceeb346215,1
3481,1324638300-b3aad777c88aec75ad42808c40492a04,0
3481,1325521080-0b34ee15875941699ead3fc0da351844,1
3481,1327339620-542754ec66e4ca4fc559252540dd8922,0
3481,1324558440-ac47a4e251208c7dd50ce5cc938cd474,1
3481,1326501600-12fe481ffb66627c6ae88564e5257457,1
3481,1322075760-1753002c9419b258583efa9c19fe3c2a,0
3481,1325311920-15ba2633dffa40978a4e5d71f2a1145c,1
3481,1325348760-ab32f9b09661109f5fed9d4457befdaa,1
3481,1325438460-c1511bd83663f54ce1c30df52742cf94,1
3481,1324330500-c60d5ba120e22a7c0156257548e49952,1
3481,1327667760-dcc1ab25fd4c3ff68145b9b5ad99457e,1
3481,1323325500-c9cf2f8f286be0c02db64d89db426945,1
3481,1325864040-0ce8878247cdf4c3b4487d4079376dec,0
3481,1321926300-d55d77bc2707b4a6655a63d2cd1526fa,0
3481,1323390900-992d53ba74f5c515e39f923962fc84cb,0
3481,1326155340-2adbd1920aa26f86e318d794ef5c8b47,0
3481,1320973920-4add8b48d12cd263d76d8b1e7dd809eb,0
3481,1322297820-2a8cc3731fcd9f05bd9d9525c411c00d,0
3481,1322597280-01d81c0689816bf3fe2c3968277ef652,1
3481,1325890740-14ad7100766ef96265ab6c87f2968974,1
3481,1322596980-96abebb44c49e983b44602197af656ef,1
3481,1325789580-7b535f9427d6e3f262a5466e8cd69ed9,1
3481,1327059480-f43126410b596790f54158745c5de085,1
3481,1326840300-deeaf41381f076f66dd33132588bffbf,0
3481,1323484380-bab50dc428569a51993c1c0a6c36bb89,1
3481,1321414620-6a8278f1fb208ada8866413bfc391f2c,1
3481,1321408800-4a3e2ec5c9c6ec17260171178b37d2bc,1
3481,1321419960-4cad35907ac9273a0d901d48d196074f,1
3481,1321496700-ce00970bf1392f1047735aba4cc1b46e,1
3481,1321481100-3561800578b2eead3388a47242b3ae0a,1
3481,1321510440-d1a2401da735c7b4ab2b73e32c29aa52,1
3481,1325014740-8f048134588b38de476a32ece54891c1,1
3481,1322850900-a4789e87f6901379c9670d6b7eae4779,0
3481,1327134960-128752cec55931e71c90575c66df38e6,0
3481,1322305740-40573bde9bbe983d21c275d01df11fbf,1
3481,1323103080-dc7a01bb13153bd7daeb6530c79fba56,0
3481,1320552900-87268e349e2133d8997338ee89632a41,1
3481,1327040160-d7c85788f9f4b8b3bd684d147bc64854,1
3481,1322540220-dd697f004484f5e99410d9103b5d37e5,1
3481,1323251040-08894fa19d8bacc45bcdffc1d4f7303b,1
3481,1322538360-24b1e60a6e8272468b71524441d462ee,1
3481,1324163760-149f0abf5aa2ad1eca198ce39d778854,1
3481,1322630580-372c2f3af73041865690be6a3b296618,1
3481,1322631300-9e56fc73ee3fc8afcdf042178aa3e66a,1
3481,1325480160-1f0cb914c647671847340ca176f37b6d,1
3481,1322749500-ffa52b50234c7228d536322ea47c2696,0
3481,1320659040-bdc011511a3b1faa41c2ad6ca18c5470,0
3481,1327642260-513672c41e2a17c4e05c05f8de5bb803,1
3481,1324288080-17464c6a378b416a6b5f0bb386bf769b,0
3481,1326764700-0bff242c3710cb35d7b8baa89d46bed2,1
3481,1326764700-38b02ba58c26208f014552c213b1cb93,1
3481,1326249000-dae6f92002c413be313af0255ecd1a64,1
3481,1325842380-96ec66673b9903d61b30220141efcd50,0
3481,1326092160-db621448ca489fbc690b34b4fc3d7e91,0
3481,1325766660-8f827795d8f59f835e8a16e80b4b5b01,1
3481,1327464780-4e33682bf53932aa2f6ef9d3c42abb59,1
3481,1322591820-489024cabf415eaffaa30463fd05658a,0
3481,1325723520-80e355c406b92fc0b78b938a1a3951d9,0
3481,1326887280-8c22d45a96fb5cf9844e494d9e1afd0b,1
3481,1327803300-9ee689669b3fcd0ff76a63b0de36ac74,0
3481,1323229620-f1c6adb744d99bdb9e2eaccb84514fd8,0
3481,1326223980-a697f36f0864d4bda64a931e301505aa,0
3481,1323878040-d0e1373a7d1910662f1492ba816c6737,1
3481,1327931280-9887ba9121479d1953b21fe0b1db4061,1
3481,1326670260-d27500c8b07d99e5013a79742cf5f42e,0
3481,1322630160-d4327d3bfff26c09bac44868f58c7d1e,1
3481,1322794020-a0f6b35af855526eb7144057054d03ff,1
3481,1323268260-361ff75165deef5304780d4ed1af4c45,0
3481,1327672080-461d3c8a995e6ddf53fe7179068516c7,1
3481,1324646340-31384d603f83d8a30a1f7dce314b0e5b,1
3481,1325568240-3c5b47f847665ae2e22e9faabd9335df,0
3481,1325251800-6e0b2123d5efc3849cc638fb472ab7d4,1
3481,1325289540-91e68e151534a7aa016ca7531ba41fb4,1
3481,1326416760-7964760fe53899fd580d7a3968680169,0
3481,1325292780-d136b7c2fb7eea7f606336ca95a3b7ed,1
3481,1323439920-1370ed182f2db475c492953a21ac94b2,0
3481,1320799080-50f33fb9f1ab91fda57ad0b48edeaf0c,0
3481,1322768460-fe13922d7fc8cbdbc4b28b76c5cdf42a,1
3481,1321677600-ffb777558ba7cf4fd004e8aacdb27a05,1
3481,1323115320-45f613503448b39d4466efc762d161da,0
3481,1322298000-162949692e8e552ddc9059526a10668f,0
3481,1326357720-6d981f7e450aa84550695d457fe5889b,1
3481,1326132000-02b7dce717ba759f6648a1cbd1076920,1
3481,1324284540-ce0bd94ebb5cb0613e2efe742f585e41,1
3481,1324803720-b62bb1639f33b4a8603bcb0e891fb899,1
3481,1325666760-42245bb60d6a30920773fd3442972dcd,1
3481,1325783040-52a9df33c181d321fddf438fe3d25dca,1
3481,1320407280-f827c6d4a60a245e29d7fbbd7c22184a,1
3481,1325060100-dd58f07fbea6c1d456d1e87aa9e0177a,1
3481,1327958340-2145c60787cd48d235a7cf05987f95f5,1
3481,1324109820-d38166b72cffdc2de7561718f9793f19,0
3481,1321981800-0088ee19d72555b42f4aa39b9b8e7e25,0
3481,1321322340-86a2ccd2fbd18746f1cd0f837ab85d12,0
3481,1324714740-cd9d7559710c9d029da829bc9c240ed9,0
3481,1327832820-58877b06999eaf4947dc988a7ed9cfaa,1
3481,1323470160-030de9909cfcc8879c2b80cf25718b42,1
3481,1321157100-2cea18f77641a1114715c991956da774,1
3481,1323176640-0075a7f3e1dfec584a11ddada8b19fa3,0
3481,1320761940-69e811256722ac93fadbadf7cae1502d,1
3481,1322373000-a850b795a0d5b91cf3a548fec0140e6b,0
3481,1321007580-dead6d6381392fb1e05b2748d685ca2d,1
3481,1322261100-f452d810dae6be12be652ea9e003aa13,1
3481,1323436920-77c0f89ea4726c545ab731e76e451a06,1
3481,1323442800-f2b591ea3f2cfdc7c7527fef65bf46f7,1
3481,1323183720-7e593c30f23b7d057ebb8026f30cfec9,1
3481,1325237400-319e2c8b5808497dca9b723b48716dee,1
3481,1322013780-c8ee737384a96e57963ef21abb328632,0
3481,1320305400-3fee7e270462f1f9e63cefe148c9e61e,0
3481,1325669040-8c6398e0819e43f2a8fcb03939e08e25,0
3481,1322039520-c68a16ead7780fa5aade948b91d254ce,0
3481,1322835480-3094254797571353235c1136fa019d54,1
3481,1324326840-dd30ff5634854e714c594d27885e4b6c,0
3481,1325060160-8b7ef949d363c67f7c9c5588871caa05,1
3481,1327822680-5e1694420711ea17ab36604f644da560,0
3481,1327690920-b319835cba1e239f9c0353fa5bf8d10f,0
3481,1320312600-b0611279fc61433a1920ef25f76c4d1c,0
3481,1324801080-a1fa4b8d59070fac063633ad1b560dce,1
3481,1325600820-3fe4050e65fbeaa564112cfb2c8b6418,1
3481,1320821280-f6609962b92a33bb735c137cc21341a3,0
3481,1325060100-04ae6340f8396ea8d039497e568be7a3,1
3481,1325666760-9f4f287d527f1f7fe584f8d021cc6115,1
3481,1321812300-5456c0921ed4c2c7bfa6242a84ce3a5a,1
3481,1325666760-26893337a7d3253b7726a8d5e28389e2,1
3481,1321001280-11f7419fee49dcfb48f34ecc88eed1e4,1
3481,1324801080-985014cb0addb8c49b8fb6e2ea83b9b8,1
3481,1326443220-9dcba7c40610f5a5500402d08adea4e5,1
3481,1325060160-dd3c87897fa9488c14e6a8f3c9501b9c,1
3481,1324801080-8fe26c3286aca39cebf797a506ed57c4,1
3481,1325407380-94a3a4a09fac7f5679a9202d19d8a0a7,1
3481,1326963960-a8cfcd93e316988b107f2bacb6318fe7,1
3481,1321001280-b1869d3b47ef0543e4b5946804af760b,1
3481,1323437040-db308e0cbcbc80fa1b73379967c50872,1
3481,1320784680-0921c1acac0d698e0a465fd66863bd0b,1
3481,1325010360-725148509a8076a8d0ce8a07af6108a0,1
3481,1320784680-848c0f4ac276b3b85a4f1d4f0f20eb8e,1
3481,1327828620-953b78e98b02d61c333a8d967475ec7e,1
3481,1324897920-20ce2a9218758bf391bcb11594e73e4b,0
3481,1323129660-8517f3a0ac2079d57303d39446c9247f,1
3481,1321404240-129a90d28de68e91e735575c0d03dd49,1
3481,1327101240-46ba971636cecf6ea5266bcadd6144f8,0
3481,1325774100-9ca3f9eb3794274f7b8fff979ee38910,1
3481,1320624000-8f7c6e53727af296ac434ef144abdb29,0
3481,1321428660-d055ef17b8994351dbf45abf423c8144,1
3481,1320737460-b94941697f95bc6dcf54a49ad9b6b88b,0
3481,1326010740-921e5e695c85d3986b6425c0d5280369,1
3481,1324293000-f08fd7fabe1db07c73d5e1a2b90968a1,0
3481,1320701760-b78b9e52ec9d616455ede3e9f3e116d0,0
3481,1321035120-09c408ca280a688b71e6b87ca90de94a,1
3481,1324109820-62237a05227fa296e9ecf2b7701ac781,0
3481,1326155340-3402c4507a56d4ab15defe795932a4c5,0
3481,1326251400-bb4aa6d27523174a694e7371b728156d,1
3481,1322393640-d2cb107d379ab8720f62577bb397aeaa,0
3481,1320811320-771f4c0fc0966fd77057b8a7a1d08f53,0
3481,1321423860-7a0245f4ee532e268fcf4686c0d6e69a,1
3481,1326726660-6450954b15292f6580f16adf77d07521,0
3481,1326731940-62e0c1406afa8fca4b21ebf9c4c67604,0
3481,1326757740-6688fb59fd8cdc194a4547856e855aa3,0
3481,1327467600-b62eca811fb034e129adae433607250e,0
3481,1325352300-916a2a0aee31c118b2780b7c013deac2,0
3481,1325731620-b4b039e279e6be61cbbd2a3bb0670b8b,1
3481,1325842020-07a83d654f7906b07058225a6dd8488a,1
3481,1325751060-10687e281c39066d3f346f44a2ff19d3,1
3481,1326915900-ad4910aab4e8cbfd28f929f9811b8111,0
3481,1326704400-9ffab428d8d46f4f6ec16de99564c1d4,0
3481,1323163860-b548badb641a3436a0eba92892297cf3,1
3481,1326142980-b0452f3531a7f07e5dc6d0bf20c7c75f,0
3481,1322357760-0d0bc38d54e59109c010f1996bc334a7,0
3481,1327047420-72f5369201b3524eac98d0ef5077b6c1,1
3481,1323908340-ddf5b4784e7e873e29ae117697ae28f2,1
3481,1325838540-9510b125cec19f62128b9e614de31b1d,0
3481,1326120120-446655503ab83312ae60a9c83eeb6b26,0
3481,1325332500-8c2504ec41404ed60c473495f72ed076,0
3481,1326749220-5f02a4b4234b273aa1266e89e940a11d,0
3481,1327695840-91d66ab32f51c809750128ff94a8b453,0
3481,1326007860-000da236d45d6a9ba391996b06ba3b25,0
3481,1322750580-8117e78b64cf68ec9931ecb3179d9810,1
3481,1327030560-15c673f44a3656884ef6c24144e9367c,0
3481,1322726340-79b8ff9a15127d70581098ab2b2ce3c9,1
3481,1323453780-b964fb27debf5a2319931483f0fd28bd,1
3481,1320464520-6e4bf6c1e9d3ddddb373500c59c9e707,1
3481,1322496780-f2ab058075264c56b1efbab55c1e97c6,1
3481,1327547940-94ed6e568991bc78965a6291b6768539,1
3481,1323235860-758dc0f22a70e35e6f17ed12c4d5cbb6,0
3481,1320694020-75a6451a363ab38e1616bbd83a1a1116,0
3481,1327010340-4117d8f7a6d79c4e18a07a72764177a4,1
3481,1320744780-3a4cb87a0e5af00c391635aeba90230e,0
3481,1320979680-2724e5289fec4fc13028cc7955d593eb,0
3481,1326827340-c974d7d6fb3babababe4d26690b447e3,0
3481,1320895320-1382ebd01decb824f10b39110e1f7d95,0
3481,1323181260-a7b92210057bfaf4047d2afe1a69c258,1
3481,1320654660-df7925490e37d8c8003b1d14cb5ef045,0
3481,1323530280-d729d2febd6edd15c92d61d742b1b25b,0
3481,1327167300-c419f0a8cf1f0da64336abe1f6fb3379,0
3481,1321901460-9a92ff6b80a880010f447881c7309fda,0
3481,1321336440-1bfa1aa0c63e04cb6178a19359bf7a65,1
3481,1325022240-25da8034d87293c90b870762b5a17c6d,0
3481,1320573780-4dd7c57ba1a50d39ae587d4e9c009303,0
3481,1321650180-1df5aea2bac97c41248fbd7ce152ebfb,0
3481,1324695240-bae301d510b98453895e492c4e1e01e7,1
3481,1326921780-ba520d78181b4597fcdd5c94f2db0e2e,1
3481,1326918840-9a6b72a56b5fd7f98c4234d4e5aea7bd,1
3481,1326528240-1c1b67da7c41f121a7cde3212461652d,0
3481,1324421760-1bb8ae998af10c027cdc992ac390b081,0
3481,1327138800-4e5ee6fc26270e0c2496980ad37974b3,0
3481,1320832980-292fbf2e2d396b145ebd86316352a72d,0
3481,1327454100-0d8dab64381850c46f02130854ea1f11,1
3481,1327453500-933951444b8eb6f07f49e09310615180,1
3481,1327469760-346718c234754bcef7ecc7cf8f9f6bd3,1
3481,1327460280-69f94a8e635b675b4e046ce734c1d2af,1
3481,1327459440-f5071b52c40a0b6e1751d3cd72555d37,1
3481,1326980340-17f43605cc8e36834d4117dafb06f841,1
3481,1322074920-b4c75adf2de1fba6523a0f0980d75c8c,1
3481,1325998860-bde19f7b086f51d5d5f76c2e29dba0e9,1
3481,1326946020-fb7efb3824b5a86d69c4fb6efbdc8b60,1
3481,1327581540-9c6a2111b3399adc2e2db278e1786232,0
3481,1326439620-7e05da65e1c8c6c211cae6517bee90e6,1
3481,1322889180-3df2bc9c1f3218df2b2618592761e52c,1
3481,1323835800-f63abd54f7aeb104956ce50271f5204b,1
3481,1321766760-0939d06f9e6c7af1a409c1a22683a56b,1
3481,1326312720-04785ca75d2d2bc5afbd357987a55966,1
3481,1326115620-5938146235a1f2ab82ec16b88eb9110b,1
3481,1327679160-ff9516630699ba5a631e3209ba465f63,1
3481,1327937940-1aac03e300c0213d29cda1afdcd4de6f,0
3481,1321938480-9848ce90c02b3d3ab2f53111df956b93,1
3481,1322902500-697ca80b198fcbbd68fbcc23fca8a22a,1
3481,1325647560-98d9228b1107edff4122907e7e2ab6fc,1
3481,1325010120-422237ce64e22d169cfda10b3263cae9,0
3481,1320110760-fd950064f24589aa825de569d8053826,1
3481,1327462320-cd0f6ceee49e34375b7bdf8a1b078631,0
3481,1323784080-2e7c4b1aaec1f3fc0c74f9fa1d13f19d,0
3481,1324615020-7ff52644db27a495285a5ddb1053a6c4,1
3481,1325695620-b892de1d8d5d4efa0cadefe5229176d2,1
3481,1325100780-07b79e582f056adba16e660f3b555a51,0
3481,1325683080-12bd9ad4d50456a9c7e9683369314403,0
3481,1324197360-9885fd0b36065e298ed822aff00efbc5,1
3481,1323582960-86a6d29aea47e6888e5321c88a70096e,1
3481,1324070700-2da64d10741a0a35fabe7ea257b50f3e,0
3481,1323176520-b52d91387411b6a5d5fcea4a66ae709c,0
3481,1321969320-f3e1723037463b6d10b27d3748cf9a1d,0
3481,1326403500-d5265328116e4309a5930c940d711e1f,1
3481,1326704400-4df10cf3b03ad3f1f6b88c89087bb496,0
3481,1326923700-07417384af026e53d53f90c437829768,0
3481,1325561400-a65f4fd7ce800b6431e28bc96386e991,0
3481,1326997800-2b3355564ead9e79be2d4dc8bbf58c7a,1
3481,1322370840-30e2190ee1899e2cc48c5bd87ad79ba7,0
3481,1326290280-14e314f7814f94e1c069fa4b5c7a18d5,1
3481,1322653440-cfb518cdfbc70b96fa8349b9eb17c070,1
3481,1322644500-dd1566aa0afaae81a1a0928fb980352a,1
3481,1321381920-01e6a4b7fdea87c6227a2997eb197228,1
3481,1327610040-de9be596e4bc942833623c4e875d18fb,1
3481,1323245640-ca62cd78f25fa98540485fb022c74ada,1
3481,1327458360-c472c428637218476d4b8cafc3f73c97,0
3481,1321511640-53f650ded7d278f27c85a48eaf95eded,0
3481,1326808260-499a622e80d97a53372fcbad13707d3f,0
3481,1327968960-82c2f0cceb288604d007c849c779837b,0
3481,1325777580-99f343063eeba292118e82fc170d83aa,1
3481,1325777580-59ae30411118199e094d2e778600ff64,1
3481,1323745620-552676cf6fcfca98537299fa457fdf5d,0
3481,1323588060-674223eb6092aa315fd0335c0a524b73,1
3481,1324193040-d56e851438a24281264e4571aa87e33d,1
3481,1322724240-ab5830a715308a319f46a3b3e4290ffd,1
3481,1324193040-f59169dca49ed5173f78c16d43d3e859,1
3481,1326008340-2c72f94c4208166641bce181e7857b7e,1
3481,1321774020-3329e88d78479c75008dc9adba863083,1
3481,1320128820-f6296d68cf5be5f48fb0cd1b13797aa1,1
3481,1320128820-a67d88a2b28252c3aeefd99f9e116db0,1
3481,1322724240-885ad1145b7bd9b1bdb1a38ed7544958,1
3481,1326613140-1266201c59f09da5b4a486bc57896933,1
3481,1324193040-c8e2d1d9eb4080636dff510764bb77e5,1
3481,1323588060-d4173bca637d683283f08a082e515ead,1
3481,1326008340-9d28b2b780bb1af7a6cc72c5e766075e,1
3481,1322724240-f6b65707e8a8b0b1923ddcea9c6540fa,1
3481,1323588060-46a80d0a72aec2e2acf423e6a1ab808d,1
3481,1324797660-caecb4c3436b8f451a5baa293acbd2b2,1
3481,1324824000-0e9c19ce0f3c4d180ba675bf770f592b,1
3481,1323588060-91e334331d8a3d00b1554430537e2b5a,1
3481,1320128820-7d267a490140a1870d69cb965c16f0b5,1
3481,1326613140-00ab3e3af5cfe8fe978fcd02167ff009,1
3481,1320560520-3108e8c9efceff0602d3e991b08619ff,1
3481,1324193040-840be00acf5225d5777641e11e6e95a6,1
3481,1322724240-f11425a6c42444e998c7c3423b66c945,1
3481,1322724240-cb51b7fa8da0cda4e3a5dbdc030d6031,1
3481,1322724240-05d5b2400a1c60c608a2de04085bfcef,1
3481,1322724240-947db07da7b51292492dd24a47db9ccf,1
3481,1324633860-9ee916829d1e76140225d2a4ad1451b2,0
3481,1324797660-59ce11587c060c73cff6a0bbca736cb8,1
3481,1322724240-fdb6abf9f6a39d8c6e4a11c298eb526f,1
3481,1324797660-8d299ee157305c4d0deff6d357817971,1
3481,1320128820-f4710b05a680278c4683b36b09b89c7e,1
3481,1323588060-4be9e7dbedf297308cffef4fd6153c0e,1
3481,1326613140-c3412acddc933e07092ab571476b02d3,1
3481,1327218060-ddf09eb6dbbb9833cc303f4cc60df81e,1
3481,1326008340-aa9b36e4175c8be982f796f438943310,1
3481,1324193040-57710cf5d3327fdd86ac6475f6e356e0,1
3481,1325852640-d6363e85a5bb0467dfffe2c7712fe29c,0
3481,1324101000-9a44bb644d39f0164e066e2007b66879,1
3481,1326188160-dd3fb2d1f55a5d8993e6261e3e04da35,0
3481,1321276440-c1f2377afdeb99b11a4cdf4e49bce1d2,0
3481,1321579980-cd800d623b42f41135918fb943693286,0
3481,1323835800-9bd0ba2d9f21bf2be07ceb533790e014,1
3481,1323851340-1f3e5088f90c911540ed8d7c295e00a8,0
3481,1322180160-818d8f4b3ba7be896a11de97d046f283,0
3481,1323363780-76cee0b941ff5010d0756acaa1b815d0,0
3481,1324368780-10cf01ee5a081dab0959f49983328328,0
3481,1320470640-18f22cfd9aceaffeb998c9d5fa180004,1
3481,1322552700-44e10eba86f318e4253ebeea3bfe5e5b,0
3481,1325719860-0e5e7cfd91240d7f7a2b6ea58a4ebc45,0
3481,1325899200-73b1d87307aaddff9d09db9489789ee6,0
3481,1320962460-f7402050ea6fee0ec87e067486287af5,1
3481,1327809480-264fa642bf154e6bca6363a767ff09a5,0
3481,1322110560-87cf29468d3e44be816f032cb23466b4,0
3481,1327431540-3d2f4974e61a7ee408f9d0fe4424202c,0
3481,1327464660-2ecacde1148964e431b666e767ecd870,0
3481,1327438140-b2c86051afb72b034960db694f586137,1
3481,1320477240-1f15d045d4b85a2bb2b23ed79d0a1bcd,1
3481,1327438140-0af9ab4196fe3f0ec07e80035ca62589,1
3481,1324101000-24b6bbb3e330de7c9427e58906dc5f54,1
3481,1322451420-c40ced5efbe5188a49cb67175b81e249,1
3481,1321003500-d2aa107c64cd928bc8df8147bff55946,1
3481,1321003500-c32466292c1c7ef3707261a891f241ee,1
3481,1323061920-f3e11cef5270ba8e4406612ce9ff3ca8,1
3481,1322609220-858d2e3bf584fe817a5b4ee0591bbeb7,1
3481,1322442540-a8720c8967ef90cf48a1d31f7f6f4938,1
3481,1326957660-925857627f8b26b2a2711e9a8c58cb4a,0
3481,1321766760-d5a0ab508b90770a1d4ba2fdb1d5830d,1
3481,1320203100-6eb4cc42a11c0d0c86f1a72ee39dfc69,0
3481,1323139800-51f9d82b1982058ce527d913c6b711f2,1
3481,1326370020-c6bf6b5a1a8cdfa848fec1c7515ee249,0
3481,1326330360-bb672cbddaeb222c1769da90971fc74b,0
3481,1327428660-8b96688505d5bd8d906260fdf5a9b7eb,0
3481,1326829020-b5fc270eb404f8dbebf3a96ca453a896,0
3481,1327431960-81699e8cb6e04ff12edce33a528bc5f7,1
3481,1321595160-de3375f4a0f2defd4b2dbffe47312bee,0
3481,1326835860-599996a58b9e079788f80b66eeab73c4,0
3481,1323951840-c43fca3181c5ee7e6032bf2d3dafc5d4,0
3481,1323693540-0a5a50d2a1ab7e350478214469c12ce1,0
3481,1320798360-18d3459f839c01c075dbbab0b0d38550,1
3481,1322487360-af4eb458e8c3bb574ac099951a633714,1
3481,1322794020-446d6fdc5ce7396950c0f0a9ab0f8785,1
3481,1321468860-395068317fcefe9fb331709e7c2d7f59,1
3481,1323972720-31d4af191864e904fd194ffcbce06ee5,1
3481,1321587840-b774e651324da66caee653c12c973cb2,1
3481,1322487360-cc27ffdcd770ca87f1629c8009571384,1
3481,1322775300-4165db4bfa3c5bd4e9128b7e75d975d4,0
3481,1322693220-58d12f35eb58bd32d3c8b4c978df0429,1
3481,1323819900-76dfca96c12392c0185d19ff96299fd9,0
3481,1320352980-f7cf295c92f42e228a2cbb80fd9a39dd,1
3481,1320802920-0846ec129f976c8ae51175a36f184895,0
3481,1322853240-2d422cdad45328381aa023df0240535d,1
3481,1320352980-b4aa8d6130f3f1e67de5e334c4e033ec,1
3481,1323493200-da67c3f7e0138ab59e3e3c497aca5945,0
3481,1323365280-6f5138516340b5c76b6e21d04d7d280d,0
3481,1325942580-518bda9fb6e579f4c7d02c7b60a1600a,0
3481,1326411720-261f7b444e3aa57a8ca35fb3e4a8432c,0
3481,1327259160-22b0d943a2191e66200846227c7c9371,0
3481,1323310200-06c393d787b37c546c865d748eb5bbc2,1
3481,1326780720-09ee320f37b0902e5f70ef08fa871c04,0
3481,1325843280-0b2a2345a58bb82c853ee2bc03dc6d64,0
3481,1327593660-a3de0a1437999aff5612be7d84dcf7a8,1
3481,1326751680-264d0e047462ac327471e38955f61d39,0
3481,1325561400-f6d09fa327738cb54c8d259da6510968,0
3481,1320719160-d63c95e544f3ffd1b00b2517ec0c8ffc,0
3481,1325670240-610650bb55397425f0cee5011d9ca28b,0
3481,1326246660-9f0f82d14c529889668bab8cdbda61c8,0
3481,1326790920-d540aa99ed76e424fef366e72ba7a7cc,0
3481,1323960180-771aceee44270784b0fd9d3abdbe8872,1
3481,1322236800-78ec2750ccc9c208b97d08b48526190c,1
3481,1321482720-d9d2d94a42b0c3b63c7bd16f7e24589e,0
3481,1326211140-c806356034e5d9b93fed8785b7303861,0
3481,1322493060-f41cf539073cc8f547ca6dce9172da76,0
3481,1324444980-cb91856cfe1ffd88c86bcb503c3b1a92,0
3481,1324095360-c654df9c1123b6743fe1c0e2e06cba79,0
3481,1325368860-7f605ddafe984058739b96293dfe03a8,0
3481,1320861960-a1f72624afebfb07bf6661b5aecd6636,0
3481,1320565860-4ed897e88393d2590696e7874a178e2b,0
3481,1325294100-59530a0842db1daa89133f7120b85d84,1
3481,1324033860-19e991920d8f6600c46af8b959869260,0
3481,1326919800-f0d59ab7ccbe9bca403b9f3a26ac5d52,0
3481,1327458660-1d94d3863056c9ca8b8f03876ac8bf4b,0
3481,1324681500-0c81802cb9713d13563c765d0f4d5a96,0
3481,1320903840-d1f917cc45071f6f93e7b5ad8393a1aa,0
3481,1325623560-72096117fbb7b8b2b8205a623ebdad6f,0
3481,1328009700-6f11c643333c30fc09a54cf840924acc,0
3481,1323678540-d54707b0b80d3395cd2ac56764f7f0cb,0
3481,1323758280-d8c9ed7bd5e691d57d1243889baf61c9,0
3481,1320815280-13948612dc0833b1a4368078765d38b5,1
3481,1325955060-5de91fdd859d54e37b3a72a8952716e3,0
3481,1320356460-38456400bfe81d319a3ab18a3084f95b,0
3481,1323945840-ca073c37a05d69f50f344f8047907f63,0
3481,1322453880-925f5309fcf64a12de8cf4e296916c46,0
3481,1324716000-2301af5582daf72c3aae085c334156a5,0
3481,1326131700-ade647899990bfd1c4710bfd57298fe4,0
3481,1320663120-2288ef32876b44a6d111c08b1445fdc8,0
3481,1320723780-48a04304bddc5bf4b918823cd3ecec4a,1
3481,1323892260-f44f9468a92120edb9c385908e24afe0,1
3481,1320551520-7308c7514dfff079baf9f2429729280f,1
3481,1327269840-58183e1ee1e87f9ea68964dd9c24fc11,0
3481,1326011220-927d22ebfb9f2a7a60a96daaccff8516,0
3481,1320821460-d5bf54c115e71858973a447ec6328e23,0
3481,1322972640-0e17e3bdee7902c685e7c9a9c2125525,1
3481,1322850360-91f51811bf70f79f97e60af737f03812,1
3481,1321303800-3a9c6968473c59504729bd613ecf2321,0
3481,1320834120-1ef183546ac916d3d51ee1b202688db9,1
3481,1322854020-70097e607a1a72c178a13299df9b695e,0
3481,1321300740-f0809f7e46e0806bf81e6fbaeee5bd2e,0
3481,1326156360-934c0a208111d8c6ba032facfdcbfa9e,0
3481,1327384620-7c02ee7cd667cab4f11a3ef452c9f710,0
3481,1324568220-013a101f9dfd8d35401f51ed688ede70,0
3481,1325412360-b1b17c6e47d55f9d0f13a1eff44eefad,0
3481,1324961880-95be7088552178d5a66c108607fba110,0
3481,1320731580-0220b134776df07abb22f6b4b3679745,0
3481,1327410360-3f8dd9b891e1248d6113cf137703d7c0,0
3481,1326334560-fdcf24380f16dd6fec758fb9493c5cd8,1
3481,1326286500-b5bb871931ce412e5bd660c7b8fe51a5,0
3481,1322972640-fb819c0c2ed4e2c1d2bbfc37c65bd83c,1
3481,1321424580-50e75464db93a542a35599d2c85afb7e,0
3481,1320128820-7427e374256b18da07038623a25dc562,0
3481,1321028520-beaf3e9dfbc9c74445446abd704c0169,1
3481,1322838780-f08634715736a6dccf97306032693829,0
3481,1325668320-193bb4d7a4cbc00d1b90c5cfdb7ead7e,0
3481,1320482580-9a0e39ffc572a59d37e0a2359f4c180d,0
3481,1327224780-76abdde00d1382938714eeed50183452,0
3481,1325559000-c1fa5424419ad857b9a09c8240ff7872,0
3481,1326202680-c6735473dafe542bf51842bfc187e1c2,0
3481,1327462080-204145b2b89c63b9577e55e2d6fdbc44,0
3481,1326291600-4b20f91596a87c91f3742cfc3d3334f8,0
3481,1321351080-ce09ccc2d525d80087d89d662a9a68eb,0
3481,1324630020-b1cf012a894b1a3814fe68c7b8c1eb6c,0
3481,1323175200-b4f87f5c2c11d04a2ef33d1078c7f083,1
3481,1320852480-6ed65f3cbceb7b314aa02cf894ad6199,0
3481,1323260940-7d100608de882815fef5d8fab49909fa,1
3481,1324344300-3900d5f9a51bf6076777ddaa19fce014,0
3481,1321174920-934a37d6dcb65f62cd911d7e7c362847,0
3481,1327619520-986afb857de758f5d7b1a20efaf61c35,0
3481,1323372600-d067574d0dd905a6c5eaaad931ecce62,0
3481,1327258020-c0a06439a44535be8bf4248158518ae3,0
3481,1322871120-cd9a17c90eaa117045a43910093cb399,0
3481,1326958080-ab1bdc1b9b6842a545c112959fa4ef8a,1
3481,1326958080-5c27f0199ea235bb95ed9f8077198365,1
3481,1323723720-7cb330d0713ae1d516c1dc17232c12db,0
3481,1323046800-741cb919a5831673326841a78c33cddb,1
3481,1322974680-6cf8369aef02be459fb68c206c01c138,1
3481,1324714740-4781304e2c6992e563297819402dc1df,0
3481,1327608960-3add4149fadb54e546be53bf6eb3686e,0
3481,1321171860-8c2e4871cbb6eda087b6748f781a6a49,0
3481,1325063220-498b65ac8831a22b25203c0f883e4c07,0
3481,1326014640-3b75fd8610223a58e53f7c56382e2d87,0
3481,1320623820-a702709fca66ed012547d9487293ef4e,0
3481,1321339860-a86f44b7575acfc8f8427c7cc3931b22,0
3481,1325258460-2661176bfe226df2c5d0aeab1220c92a,0
3481,1326931860-3ef2d10294211ca0804728430ec81f2a,0
3481,1327146840-bec897e247ada2ec99e2fae2b33b90fe,0
3481,1324316580-f5684ddaa6f4188a95ce42da26cf7170,0
3481,1325404620-a5a8d5f40ae256078b5bcc225fb9047f,0
3481,1327821060-a57939beb1ceea210fceccfa05f56489,1
3481,1324756020-8041c00b89f07d7f3692c084114d809e,0
3481,1326354420-d70c13d199d4bb7a5fa86c632eae1d62,0
3481,1322914920-40a5ced4cb76ca77c3487b63bc203314,1
3481,1320942300-8254e3050248ae150062849b61bc299c,0
3481,1325027400-337c473ba33f0f506fc6401e893864d1,0
3481,1321378980-94aca96957a22a8be1d0d34353a97873,0
3481,1321603980-2a988ee40c485d577037bf8bb1410448,0
3481,1327499640-1172b48f552d3b6431f0202cb5c18e0b,0
3481,1325676720-a9f023f047d9d6c76935242f5255fd26,0
3481,1327320420-7a4a15d1941331036ae3122214a7a58a,1
3481,1325286060-fd436a0502e6a0ff38d15b007b60be3e,0
3481,1327405980-1daada9d9574e0256ff90a64d1f257da,0
3481,1323064800-f8578cc3ca862a0483e1f03596b322f2,1
3481,1324621320-7e18bca76e07dc8ba8d26f724921ea81,0
3481,1324987320-26a0617e5ef75aacb394f8839d21f81b,0
3481,1325533200-111d807d60f42683ded7ae75de98013a,1
3481,1324642860-cb539bc4c24d5603d06a01b88b5d0feb,0
3481,1320312660-2c5682154816ae5ff79e0a21d35fa89e,0
3481,1324716000-3681c92840270ecb327e9884af94b13b,0
3481,1326354180-12ab9b6e2b2a25d99a46883a97592ec0,0
3481,1323908280-ac154bc8113cc48b2f9c875800097992,0
3481,1320833280-c927531e8b66228a32f322041b91052b,0
3481,1325925720-9d4c03a33c748defcd42009b75a92711,0
3481,1325673600-29a2e0c6b5cbbc8e624e12a23765991e,1
3481,1323565260-c3eb4e18e0ca1c21cc011cdebcfa5b6d,1
3481,1322639880-bd141985f2072abac1ade462493d11e1,0
3481,1327442280-64d0a757fb3820ecc0a67a6676e92312,0
3481,1324308240-d2a0b47526a7dbaac26a571bc6ff387f,1
3481,1321029060-f3d04fb1ac2a49fe09b964f7c967fc9a,0
3481,1326379680-6e8651b78ff5a3b4768ebbb5e95e9709,0
3481,1320594000-73620035fde4c6dcbe76c5c488242118,0
3481,1322465820-be88a6c78c4277440289c955dcc62e87,1
3481,1322773380-d0fb30991ed7f6dcdb59c40223a18c33,0
3481,1326117780-6fa760d0bd1d3f79a6f457afc1dc7643,0
3481,1325171340-87d66e97af86708ab1c50d4ead976087,0
3481,1323386340-40e3dbc4361e5916b205fabe95d503b3,0
3481,1325372400-a82edbdc41068c2bfd74f1d6ac52356a,0
3481,1323786720-8b403c185d1339965629d38b7f5fe902,0
3481,1320865320-6ab8447bf5115025cfa7803f4c1be631,0
3481,1323981540-de50ffe0c0ccad696b93303fcd2fa581,1
3481,1324616820-60af1fd908b8655ced25ca2ff95a40c8,0
3481,1325191320-aba342df1858c3bff03fdef6c1def91d,1
3481,1326607260-039807c66c6b46304545080110e388bc,0
3481,1324865100-cad310c8f108141f96d26a82cdb0fc80,0
3481,1326896220-95c220030ee6ed5217b03fc6200fb463,1
3481,1321560300-a7e566b0a4ab8b7d9f024396fc871166,0
3481,1323372960-386f4d8a260a3777240d127110138698,0
3481,1325403600-84041cc055c28864918c1d8363cf6144,0
3481,1326152220-2c92bbdec0755b82fee2db773473cefd,1
3481,1321052460-423130e19df651524305bbf64e680a8e,1
3481,1320470940-f5eae331afce727682cc778f605266ba,0
3481,1323756480-9e18aa64f02444c8fa989efeeda672cf,0
3481,1323979260-ae46d11d535bc5beabdf7a31caa0c33c,0
3481,1324595580-d20df320cdcc757e24e52036eade00d5,0
3481,1321300980-d1fe17cc90d3c3964c42f2a68282e51b,0
3481,1320631020-0721dee8af93fa3e966731622bcbb84d,0
3481,1322790000-bd442ad1e7de272267b99a60f03b0fa5,0
3481,1322453880-78fb8cc8a02c8806761cd3a3b7b1f37b,0
3481,1320164640-a0433568b4a2c8f5b8902fae0c0bb236,0
3481,1324478040-1c36c4b2202ad0151ad8733fa1c02a32,0
3481,1323826680-9f7879181850bd1615f806cf0622b23a,0
3481,1326827880-bd36f5c9cb4ac12fcef2c4b5a77588c2,0
3481,1322004300-869c402497d6902adf3471190f5a4065,1
3481,1321198620-f0ee7dffa4fa2caa71c3072c94df67de,0
3481,1324452660-568e61a4a2052cd1863e46ecfa8d445f,0
3481,1325673180-f33bef6216f0d9e15ede8391b7a06a57,0
3481,1327700340-fd2102ce8ab3385b2c9f995695d5daca,0
3481,1325526900-8c5806acb7265ed2d28c25aff51c5bdc,0
3481,1323851460-f74103c4016bb2c17cac23f5fdbd70c6,0
3481,1327584000-4565b950abfb474a40bff59e83573130,0
3481,1321722900-18fe60ffc552a64abe451e66a876886d,0
3481,1326269220-ae9d60e0c4d1042a3db58b2520108452,1
3481,1324109820-48857abe4f4cf6be6cd3ad4c49a89869,0
3481,1323109860-f2bf66b32a2da72bf7d2bb11df29bfbc,0
3481,1320551520-f951abc2cdbc761275b5990a9303ca6e,1
3481,1324854300-c6563946eec2e3446fc111e5015c8a0f,0
3481,1320464520-b0bccd628eb653ca34bcec2ac3b5cb62,1
3481,1323900780-6babc010f35679ce87c44d67cd0345db,1
3481,1323827580-8d5a1fea4b6d1a871544b851333b3350,0
3481,1325722620-b3fa1d174d21ecd4ab26b35b995852d1,1
3481,1321104960-2891a20b02356018e06bf36f92352505,0
3481,1322766060-4e61c02fa1054b019ff379c755896a39,0
3481,1326407880-0bfebcc973071aa55f84e4b069df16ae,0
3481,1320704580-d8777129c9e07a5028717651b2963cdf,0
3481,1321338660-a33e6cd0780df370741c1975f415e5af,0
3481,1322713740-17067b82b75e99766bf4b94a6e72768e,0
3481,1324254180-6d50bd00a31d53ac8aea80f47069c67a,1
3481,1324356360-482acfae4ce0cb44700075b86a0341c1,0
3481,1323897540-a889a7a167d99aa5603575839e2406ff,0
3481,1322507700-c9c017881266e83e90ddc4e8365f9200,0
3481,1326625680-6865549aa61489558786736d4d4fdb3a,0
3481,1320810900-b0ec12341f1400678b9da56b5ef4c7b4,0
3481,1326492000-bd97dcc5c3704d6d39af2b9609fa705a,0
3481,1327309320-569437250498eaf9922d481bef4f6cc4,0
3481,1322539500-f14e2d7ee3b285c5c9103f108eb0a05b,0
3481,1327954140-21e1bb923388828320c8447bfed1b133,0
3481,1320826800-8a73d2ed74654345f758b6c21c397cda,0
3481,1320330240-9172d73f69f0de013063498194cbba9c,0
3481,1322403480-a817d4b35a6063cdb0e77c57e8fce22d,0
3481,1321518120-8f0c3ddc53e08bb7f4bae88c6bfd2411,0
3481,1320792300-a6a0842acf59eba849cb4b5a1eda7d00,1
3481,1321001280-615418ccb4c197e576e346d3373c7b41,0
3481,1327329660-89289c5c75c27beb2024e64592c86629,0
3481,1320762300-02713f2d7ec6b1f7fbeae7427ecf75ea,0
3481,1326705660-99c72a2600a45fdb8b150b49939fa9ff,1
3481,1323136560-cbecdaca1da2c7e9f6eaf5411b0ed3cd,0
3481,1321188960-6188a45912418a7dc8877e6d9ebfd6a4,0
3481,1322071860-ba9bfd21666123a800e7951e734a5026,1
3481,1325454840-d41971b50a31bc346aad56f0f240f0aa,0
3481,1324764180-f74f6b7db42521cdfbf5e688f592cbbf,0
3481,1321087860-6eea8948031e097a00312d18d6ea23e5,0
3481,1324636380-2791f60924437a04313628a7615c1f74,0
3481,1323160680-bb3b9ffbb1126638755dcdadf42f2b04,0
3481,1327150140-3b65f14468fbd6fb92d887839feeeab4,0
3481,1326809040-37af0600d8d807772e3c5c057eaa0a8e,0
3481,1322598600-cd023badedf763991be66ff7863d0a29,0
3481,1321917420-ad0f3194f7ba2bcc444f39a36d3df5ce,0
3481,1322870700-15e529621c4f37967039fc938160077f,0
3481,1327381020-87a60459149278402899cb23fd65c077,0
3481,1325696700-d65cb260b5be39ba184cb544bb498256,0
3481,1324699860-aa0fa63a2f63a125d5d0122d730b9f72,0
3481,1325424420-66d3fe18bed79ecba7e06fb2a4f989c8,0
3481,1326618660-ad9f18469073717d58da7324eebce3f1,0
3481,1326832020-dcfbbeb17ac7fee7bf10d8d18398bfea,0
3481,1321433160-afa520a1bca4e16f07851150aa1b377c,0
3481,1320186240-a0298873179f459657a428be119bd2a4,0
3481,1323843540-bec7401764ed8880a4f3cb6fe77ea533,0
3481,1325303220-8cefb0d27e6583d891e194a33fc0d9ee,0
3481,1325542680-1a40b198f3ac159a7f5917ca0af37a4e,0
3481,1323284880-f4a18fb42dd4e158169f34d03cbc726d,0
3481,1320812100-612a63984bec954e1ae563ab8f0d334c,0
3481,1326827700-0488c2516af0b874254b0a1b3fbeef6d,0
3481,1324356780-3c46960d3bb27d86c7e82503a4c6f7f5,1
3481,1321810380-07f9435b87a2e47a968c9533e92a48d8,0
3481,1323615720-8e430714bb4b5b64ab242d146573ce3d,1
3481,1325214540-a89503f31fbc4d17690c7b39b3907dec,0
3481,1320684540-acddbcc94ce6215e4b05067a4b47047e,1
3481,1327368900-523b04f05e694471dee16e5ed27117b4,0
3481,1322039820-1ace2332b34a41649e1213dfe244ea6b,0
3481,1320970440-300435171b3dcc0ce4a54c816d0f0a86,0
3481,1327620600-c5f211761d073ebd8dcaf096dd4c9ff8,0
3481,1323650640-7507300ce0da1c9629013e45cd268277,0
3481,1322644500-c7e3393bde80933e485dc1f8b9fc1d2c,0
3481,1323539880-4465d0866dd99312f5d8f4df7fbb7a92,0
3481,1326682320-5f27e0e378dd98baab1bdd1b207fe478,0
3481,1325998860-d9b0c0363f40222aa9b72c085dcbe81d,1
3481,1326893700-8f568ed74be323cc809a85c8eec65420,0
3481,1326937140-b3d79c7a62eb7ac8d73ec75a0a83a964,0
3481,1327858800-7068b428707bc637561d511d2722b40f,0
3481,1326289920-683e42a6c66300dfb0a9358f712dec92,0
3481,1326889140-3ac71e358984747af237997e841010dc,0
3481,1321389840-1b6192b2a3a88f428626ab244348b19c,1
3481,1321412820-a3b3ac27c261bd7b549a29220a66b79c,0
3481,1323335820-fad177ec62582832aea4c71061ac9749,0
3481,1326861240-dd40863037a133e0a2c14f7ab709f7dc,0
3481,1326302280-fe8909e6e51ad56bbcfd81977b62796f,1
3481,1326546060-c32b6b9a3f26dc599d7f23ad4753a836,0
3481,1326311700-9b543580a76b63271d54c1ffb75290f6,0
3481,1321853400-b19b375fc4076eebbc31c975971d2045,0
3481,1327682100-acc67abd29814ede076ef2f8fe608982,0
3481,1321055400-9aac173daba3a4c2f155f3755d7cd10a,0
3481,1322651700-7a8c778372ae19861f2194e40fae78fc,0
3481,1320765600-9cd59ec0e61b374d41829dcd233bc1e0,0
3481,1323067320-f8f13c5ff73b32e78780aeffd1ad6f24,0
3481,1328059740-f8a235bb40fbf023dea571f50e1a91af,0
3481,1324987320-c64dac9fcf7d6d979b987996da6c0e09,0
3481,1321941900-3891444d3fd0d2e52f6b1517c6c1783d,0
3481,1321202280-368807166eca9ff9a08dc6f555a92844,0
3481,1321518120-94c0bf5c83976300b7819a4ec84312fd,0
3481,1323993060-1521e083084f751e14707205f5f61da8,0
3481,1323149640-24681dd8e4b459f481c62c447bfd2940,0
3481,1327901640-41b50fbc906524c438855e27b97784de,0
3481,1326934320-5e4d3ec82e4204aab08ea6ef5c8541f2,0
3481,1325889000-da2e171d13a5efe8c542f17c5808bdcf,0
3481,1320903600-82d493320110c668113787ac43dfb4ed,0
3481,1320812640-043162bcfd88f1bd98a3ef2a2e85428f,0
3481,1327700820-de8f33fef67b93067629af7983727a82,0
3481,1320352980-87f701321403b89c47b624ef71037111,1
3481,1322719740-14a6a960942cd4460753bef1fb174d7b,0
3481,1327012980-9063562d9c0b5bb3a1f5a3ee64843cf6,0
3481,1323406560-118291dba0a23cb99381459d892d3a09,0
3481,1321263720-ca153af3d70480697e807c5e824191c0,0
3481,1326012120-95c11a3bf33d967a3d414719219429cc,0
3481,1324633860-830de7caeef84847bdda219f474f5f67,0
3481,1320779460-56ad6a435a8ef832444ee566ad1375df,0
3481,1325609340-9561104f4f680a97cc7caaf17c50377d,0
3481,1325542500-8cfffa14391f603682926a479990737e,0
3481,1325111700-2eec0589a59e364bce6cca0acdefecb4,0
3481,1327401060-02c317eea22069c4c8c2f52c2c74598b,0
3481,1324482300-4b3dd6a91c446f4c52bcc3018e257368,0
3481,1326464220-9f6968c815733b89ccc905bd9bc37246,0
3481,1327879800-074b272d1e4875bdcae2652ec15fc550,0
3481,1327297140-9b71b3227ba2d05723e0f75afb70a65e,0
3481,1320464760-512b9e1b2d8770b7402c12fe42f5d3b6,0
3481,1322748900-8113fa3c3287c5f211a9f650b44103c7,0
3481,1325713200-5cc4b6827c0506011d3df59ed2b2c68f,0
3481,1326294240-f0d161cc50659800bd026dae13a54bb3,0
3481,1324594560-99e1b6359a143650a7753b2cfd0a37d4,0
3481,1326749400-d2aee37d6a94d0e9b25db95437af46d6,0
3481,1321260240-64ed30956f24fbd51fe0ecc7bc429c85,0
3481,1323824040-f2047c2440e9fa072ff2ab8c14325b3b,0
3481,1324961340-9106349504362b1236f9ffec6af2b7d7,0
3481,1325396520-dfd940a7925686e5d9e9ff6ed9332901,0
3481,1320728940-31859dd4ce550d6bb36e6a76080c7c74,0
3481,1321436580-7f2e8a21e82b98e3492fa6f90711cb52,0
3481,1323700440-c0ad9d3e21cec65c6455fc23c5cdb059,1
3481,1327966440-0c6c1f795e9853c17cc62ded4a77d296,0
3481,1326375780-b031896baca90807507f9f5ef4b41b50,0
3481,1324992780-ca55c265f2f7ae21419a882ed749a859,0
3481,1327610940-77422f5097305930f9a1fcd5c493d4cd,0
3481,1322558940-af1f6e1c7b8f9e054bbb467737420b96,0
3481,1327421820-9c0e3e696d422e25667dbf566836c225,0
3481,1327033620-4a535784a3dca6d6cee19ce0dc0e7a06,1
3481,1327502520-1515384813b0a06a15989b7e7280d003,0
3481,1322624280-44690c7f5ceed875659b2650ca69d22f,0
3481,1323792300-3219d799d5c0afef80d02691f84cc58c,0
3481,1324668480-71bf71f3407b22ad59a0ab6a2ec3cb64,0
3481,1322197920-f6eaea83c507de7cade3540716e0635e,0
3481,1322472420-b20a97060ff9dc1447dd96444aa2ccc6,1
3481,1321329180-9fa4be359ae4089a7834fb93a39aa182,1
3481,1322151840-609ff354817da05e93af4367f684b757,0
3481,1320865920-0636762cb51f9d7a4d8dacc797730c21,0
3481,1322807580-6bfdddf34b997452e04c46b556866b23,0
3481,1321306800-af33892e04c5ea70730f5e36113b22f5,1
3481,1326202680-14af604589c5167cfb425f80c778e0bd,0
3481,1326240600-1872f4b05f5b0f9ebc4343791a1eef20,0
3481,1321624740-5906e89f83f441c379ef9b5509b88af8,0
3481,1323084900-8d21a595cc0b973e75f3e9a2fa9f6470,0
3481,1325781480-931e1cf98f9f0e5351a1084fffdd2e64,0
3481,1321518120-7bad196185af3365261574a78009fab7,0
3481,1327107000-21c67dd8ee127b26e56172b263951cd5,0
3481,1326777840-0ee1b889cfce1fa9976243e585623a6d,0
3481,1326304740-67e0ac90f467386d2a37837e41c8e2b8,1
3481,1323094140-8e186a2568348d24e042fd50b99aeb41,0
3481,1323924600-0592a42ea2482565155a332da37324d9,0
3481,1326416580-644c2d214e54ac1e06d315f2140cb138,0
3481,1321828500-53677d88ba9bdc1766f71fae141944a3,0
3481,1327413540-508a61d8c7f59fa5784837c6229ce53f,1
3481,1324681800-dbee16b0772e0f18523637e15d7ecfad,0
3481,1326091920-ae7edb547d66c382fb1a08cf0e7fc494,0
3481,1320779940-d6f210c0aad0183b5face816bda1d5ec,0
3481,1320840300-92b949099b6cd053a73b14535a0d766d,1
3481,1326204720-b5c300d7809a995751cd9ad709149bfe,0
3481,1324691100-c8bfe0a71aad9d9c274c9a73b4ef123b,0
3481,1325757480-441f0889b50c5cc2f2242963ddd8808c,0
3481,1323972660-2851c88882f960694cddfc19099c10d2,0
3481,1321534980-32ce5a26d3ef9a0f6b06b2c333a725fc,1
3481,1325319660-185dc3466b7204778b078e1a4dc236a0,0
3481,1321418460-406be0534e69ae9d701c0af1ba8d6b6a,0
3481,1327682520-4ca9e461537bf15a65f60cc299242384,0
3481,1322578200-c3d3d0d116c6e5f25233bae174591e1d,1
3481,1320309240-ac6449ae7b249a1f65442f1fe5b59bc9,0
3481,1326304740-5d5891e146a6c889ed21f4fea4321ca3,1
3481,1327948200-6e46fcea82e0af0156b3bab38c559b61,0
3481,1323348060-7dc9ce3a213c6a53978913739ea62bab,0
3481,1326899220-b8c0a18853e29b808f119ffd134b993b,0
3481,1326734700-56062ebe0bbf70a177ab06364ab87a53,0
3481,1327472100-6d6967a83735281f9bcfab41101f6fd2,0
3481,1325046780-c71ee25d0b5a670e9770fa8d53f1fcaa,0
3481,1326003120-959cde36293c9e1a3dc8427897524226,0
3481,1321560660-8316d355e64a03828c37e3c17b2e55be,0
3481,1323432240-0a6905edcfb44e59dd811a03feae8cdc,0
3481,1327563360-9bba9f87468c9e3305b8fbd3d3a4165d,1
3481,1327558200-6168ac58ca7517443789abb27732bde1,1
3481,1322069520-ca1611b917af9325cb0581c0f79424b8,0
3481,1322100180-8958ee42288bb8c6a09f881323f897c5,0
3481,1324547280-d8c9fcdd8f18f95196307289250b02e8,0
3481,1325626320-dd2326adfd114be2507bc78e3c6a7806,0
3481,1324077420-5c41ccea35a2352ce084278cef13996f,0
3481,1323487860-663a0ba824e536835591676e82ac19af,0
3481,1322465100-fb76c514ad40eb8f256db4441c5f6300,0
3481,1323505740-ac9714c632748ad66317012e25806398,0
3481,1327613940-4bba97dcd005bf1918424c5b32cd0034,0
3481,1322687400-1ba0ec82787af41868a1e30c13870ed8,0
3481,1327684680-45803f9d96e315406cd008c2f7c9a58b,0
3481,1321471260-9da2d56c4e803895f5b7e5425b079acb,0
3481,1323380100-8d1eb8e39fec6b90b6f95f64dc56f22b,0
3481,1327576380-a4a52181e90d7b84fce4fd5a1c25b94a,0
3481,1327467420-1d9fb1443f87d424eb26c0f12f8a5091,0
3481,1327016160-5ccfdeabd96bed9e606b712c3fa2ab17,0
3481,1327488780-d575560c40b6e64dc2d751cd36944674,0
3481,1323108600-25dcbe817de579577130bc798bc123c6,0
3481,1325838540-53fbb89a94167f26509e5fbc4e692c76,0
3481,1322773380-88931f8c52eae33493a398cae9fdb59e,0
3481,1323709440-c0bf7f8b3b70d9d4223d536eca372672,1
3481,1327631760-ce405deae29d8e57fcc534d270fd54d2,1
3481,1323832560-adf255f9cbbf71ba95d4c1de49ceff1a,0
3481,1327510140-3c84814fa37fd26f458a44e0f6beac95,0
3481,1326503220-66b927870ad178de7621940033207561,0
3481,1322973000-88a536bf91f521a1d0c5331c192c4b17,0
3481,1323588060-61abd66c4647a0429ac81f6937489f9d,0
3481,1324182060-b0e1bae0b1de7d6f94f68bd938bf8520,0
3481,1321407780-f404fe5d34c5f9e652cad56c7dc4d4b9,0
3481,1320826740-cac5cd897119983152d7b68105990538,0
3481,1326312300-f3b05fab16c87a53b4d26652f5d7e441,0
3481,1323180900-f9cb3256a6eba30b2ded67aededa25f3,0
3481,1326920040-2ee71b8edc9785bf26d3c4209f296aea,0
3481,1326117780-76527a07a6c9b6432c060a0b284f8f70,0
3481,1320659160-72e376ef416c658421c26a18b5bd311f,0
3481,1326984960-cc43165e5c41540a178bbf1d1ceeaaa2,0
3481,1327017840-a24f3782866fb440778357ebb4ad22ef,0
3481,1324116060-6a76fdf03997df040436a41c23ef0e28,0
3481,1327221000-2607e2dbd5eff8d91a17ccf0507d8ec2,0
3481,1322248440-f9f8a204e4254fa6401db5976ae74406,0
3481,1320914280-9c35d04067782fa09021f27ea9dd0d7a,1
3481,1326705840-fadfbeeb0d2b247ad951d1a0e2ac2656,0
3481,1323395160-80772afffde8cc1a34a0fe047eec6c03,0
3481,1325237880-156ad674653a9e43203b1bb3a267d818,0
3481,1324053420-427de907ec17e234787ec2032e7a9f81,0
3481,1326034020-1f7dcf31e5cac5609e6c817eba0f168c,0
3481,1327021260-6676dbb45324d57f4882520a99854d66,0
3481,1325497920-6723a02fe250f810deb9cca656e8730d,1
3481,1324557120-083cc326f340db38f91a41b42e63414b,0
3481,1323965760-f62d38d3ce071827063984b064dfedb9,0
3481,1326020700-9ec16efa5652563eeb3ea29a143d7540,0
3481,1325620620-9acb9578241c7e263a563a9fde72103f,0
3481,1327030980-a22fb4a602a6a7496d298a1f2d0d9e5f,1
3481,1324491060-fda8dbfff60639cc87687e86825bf0bc,0
3481,1326357900-72176ac06b2fc6469136c8d9ce090d43,0
3481,1327416720-1946fc026a7a848116f24968850d6492,0
3481,1321465140-72f8e39a8fa0dbf3c6167e2cb1925748,0
3481,1327432260-b29f5ad5d1d72d92e4c762654c997a12,0
3481,1321556280-3047ea2a43071e64309de5957fa3cb6d,0
3481,1323153120-57aa326982992b43e2adee97e320f07a,0
3481,1324296180-d1e75c3ff3653d60115210c96a7f4652,0
3481,1320207420-369712872f046733adbffabcfc94fdc7,1
3481,1324667520-f43c81efe78af6feb90ea4e558f6f657,0
3481,1320775920-32342381d81d561f239b830dde791cdb,0
3481,1326558060-0b8418930979001b128d2f6b21a5b470,0
3481,1325647800-dc16b0a53d8a921b3701e36d4b2013e2,0
3481,1321170420-94f9a730022aaffd8993c6daad0940c3,0
3481,1323818880-fa5c23bdfae62ac106a04e1a2e1a706e,0
3481,1322643660-dbfbb1199340abce6ea569bc8b577101,0
3481,1321049280-0a2c169c2859c4bd479046a9248473c9,0
3481,1320675300-c8c7e3d9085e5ad00e5fab64b0b46222,0
3481,1320196500-b94597dbb0f24598db0343d0b5750802,0
3481,1320654360-45a57ff3f71663ce535d5f12fac33339,0
3481,1324166640-a0ec396573378030ed7c0f0d12f6b87f,1
3481,1325665020-f7dcb2ec6b3f7c6b8d36a46cac2c1759,0
3481,1324174860-ac5b5c11648e87a071baa75e658f6611,0
3481,1327506780-b2dd912c7c814f4bffd87a777e9c7f35,1
3481,1327701600-de79dddc2ef79941573b4c8f2e891bd1,0
3481,1327459440-dd690412625c52573024f8cd4481429d,0
3481,1322929200-11ea737af50504963348894bf88bd3ca,0
3481,1326549540-fcd2f0f64f72a38a85b929e59b0432a9,1
3481,1326548880-414cf340555b8cc3bf9f4db083e89f53,1
3481,1322730120-ade85ea85db0e93236cd578152844d8c,0
3481,1325616300-dd57ff3453650fb130e86f02d8389cad,0
3481,1326572820-f367649a6830b9cb5729a585ff6657b8,1
3481,1324199760-5c43248dc56c5d3bd24994adbe01eb82,0
3481,1323787980-31229bbcff82c4630212f1d569091080,0
3481,1327916340-0cdeb1854fd3f73f453e17f23ed1e4e5,0
3481,1324315080-fc030a95d4ca50f75da563d780ba0b6c,0
3481,1326397320-c61a477c2fdbc19758ef3e8c38e5d07d,0
3481,1325697660-4c470f81e44a3be725e9905a2168110a,0
3481,1321984080-9ae3799e9bd3cfe9e4d9d5ceb8374805,0
3481,1321156080-9d54fd0c791e5dfdb426f710796c0352,0
3481,1323180000-d953297d6c9e7810507d282a73fc104c,0
3481,1325625900-2c9ec32887ed7684918229e323eac32b,0
3481,1323869340-80954bf0ddef347986f1f7f3edf86f7f,0
3481,1322773440-a08b3d1179453e7e94eedc2b59d7db36,0
3481,1326884160-d04dfecf3dd59b3178022232667c3970,1
3481,1326888480-324f0a03225733667f257a22652657aa,0
3481,1326989220-cfa4b35a38788643719e10825ee7d8de,0
3481,1327844880-463f8977f62b82ac6643c3b08c1d338b,1
3481,1324578480-19aadb0397991d662fc139b937a93383,0
3481,1324330500-ff906932fe04943772bb90adc008844d,0
3481,1321183980-861c486da943c61cfb02b0470a1a98ff,0
3481,1326171300-bde74b3a54c68ab68e1584a305e6eb1c,0
3481,1321364280-64c835399c26529d2c2db66146867362,0
3481,1326293280-6ad6bf8b0b329c93dad2820a9844c08b,0
3481,1322713020-d81133fece4c19684c58ccaaf0e84ca5,0
3481,1324288080-6ed6b2f54291c75247ef1e6a7d9c7eef,0
3481,1325406360-02a75597c41eb8cca12fd86e754ca970,0
3481,1326971580-0c03495656a7378740b5b74d0223d249,0
3481,1323697020-0174fdc62934e313822512b9c9d6d602,0
3481,1322473440-56458662a58c21d7630857a21a67ce16,0
3481,1326946500-93419513d6239f741726a97180d6d11e,0
3481,1325022660-04cf54d20d781f1503656181890cfd5a,0
3481,1325110200-69321b0c4d704e4b24eee90e1fcef6a6,0
3481,1324306620-6a53585b32f582e41a9b6b9853d66c48,0
3481,1320634680-74aca61bf6ced94c1a19a3ee87205848,0
3481,1323706020-b3eded310ec7a5cef40fca40e7b5b36d,0
3481,1321873740-f8b154eacfd41d96f2f9fc9af3463509,0
3481,1325579460-67947bbe4d62069738210a6c745ace37,0
3481,1321560660-862c3b2304f5e4d0c82eef2c40f847ee,0
3481,1323076440-56d2edbea5d7ef2b1685cb7806cf3ee5,0
3481,1321305720-547dbf87dd0ff0ce0949ae01fc0bf7ca,1
3481,1326619080-035aa47df9a99d68592814894d33a826,0
3481,1320870540-64d466965cca630023de541c5481cf40,0
3481,1320890880-0a68fac45abebe39e60647b624ca239b,0
3481,1324876560-5ceb0b613698a25dc9af844321440a73,1
3481,1324878420-d185cce896b90c1b503c54df21c66156,1
3481,1325535900-c0486006e174274d451a432ca8b0f50e,0
3481,1324509180-a5d28acd0b8c87e7635f19ef3f7bf7e7,1
3481,1326466440-9f70788f25ff727c9bd8f17cb368375b,0
3481,1326638580-a07f9d5cc5def744695fa3d730bbbbf6,0
3481,1322044920-12fa06ae06529a8bca4b7a2ca8949750,1
3481,1327363920-3fea9c4739b9ebd6510caf2a17a0511c,0
3481,1322071860-77835437a738fd74558629546e4c9223,0
3481,1323700620-f32ef67b72f478373de7ac60c8793719,0
3481,1321606620-da1c4e00acc334937e0aa1d181098139,0
3481,1326678780-0d62e579d87d949fffc2c459986d64d3,0
3481,1323844380-baa110ef744efe19db23e92673787b0b,0
3481,1328057760-6f784ce840e80d3cfa2fd60d626d6aaf,0
3481,1324398840-2f36591a007714b4d62065bc9b011972,0
3481,1327735800-cd01b4bb9346a718e2ac01d085cf43d4,0
3481,1323082800-d74e1c1a3b31024affea953ffcfe1188,0
3481,1327615620-5d6545bdb499fc9945d3dc3882b85633,0
3481,1327079220-6cb3fee449d15774cefbf453773ff765,0
3481,1325021400-300ace5149f38ea4ada75d54f02ea8d1,0
3481,1324342020-69f1e1935eb1861ba6b9ea8dbf71ae7e,0
3481,1320821580-f2f8db5df1bfc37d5b97363cf83abb55,0
3481,1326140400-59d5ea9f4cc9b96bfd4642f95da1a8db,0
3481,1325307420-3b09b500c76223b75047bbc334a4dbfa,0
3481,1325892840-34daf416609da6f7572e479239af4cb9,0
3481,1327954860-94a5b818f6bd4d43837afb4f63142e37,0
3481,1322514000-9ac36e354a8d1b3dcedb96708aee504d,0
3481,1320864120-f5dfa7265fc2fba5b79351c9efff6b99,0
3481,1323745500-c67243d066d4f238b5b8513f2a8e4cb9,0
3481,1327355460-13f4f1c6695af45450705f4016557231,1
3481,1324977360-cd3beb949ab498498dd810f96cb0b9d6,1
3481,1324977360-8a8e3948cadd7031b8db7bb19877bd00,1
3481,1325003940-0b02e9741214c3a83456b4deaf6d7ed4,1
3481,1321062120-c06c01464129eef7a3fcd37431596b4f,1
3481,1325756220-2d8414932c395eef4c5d2dbe96f997c9,0
3481,1327828200-1d2f495ecaaf00b99de416362384a896,0
3481,1323999780-0558bd6930b40c6537658a6d447a9e93,0
3481,1321409400-ca323e77a92bff51790f718ee130090e,0
3481,1326764520-76ac1533fc55b7e7c56ce10d92740471,0
3481,1326937020-225ae5238421a7398eb8971b96011003,0
3481,1323070200-98f00e50cc2ed89253f35f9d20dfb208,0
3481,1322453880-f5c7647cec3ca48f2db66eb4d4ee9ac1,0
3481,1323851460-9f2a143194913908b02488da6b4f899e,0
3481,1324527900-8e8b3e6551759a1738dedc569bcc4ed1,1
3481,1323026820-2ac6b5e3002e4a99a1b9dfa34818a5d0,0
3481,1320560580-3cae07a8d85728726334a6da5ad461de,0
3481,1323597420-97e07b46c4d36310597b3d9cf1b3cb70,0
3481,1327134660-d08be908dc45a9c593cc95af745743fa,0
3481,1320779580-9cc6d8f9d64ddc94c8665f88f1e12d75,0
3481,1325449920-9b680e727e595cfc1fc5f461e14adfeb,0
3481,1320184800-150853f3747b2d4012b0fd96a2ceda69,0
3481,1321364100-fcd6aa29ef21f5d7f38b23bfdd18d663,0
3481,1324518780-8e4788081f865e4fba4bf79b2f946bc9,0
3481,1325827020-567e3c9d101acba5cac63ed749c10e36,0
3481,1325026800-894c1d5ea07d0cd26d8b868eb225fd58,0
3481,1321638000-48592027306cbc9a4bb7817ab65875b6,0
3481,1327442280-f17e297d171e84d37cb00912749e74ed,0
3481,1325955060-def03ea94db8b37f5f47e7ec5369c572,0
3481,1326042780-0ba523d5a39da6cdcbb0c9715cb5694b,0
3481,1323244380-9715127a1563a5ad86146388241ba273,0
3481,1327538220-8394d28f72a3ee22c8e5e705dde9e3e9,1
3481,1328020500-9d53aa68c9de6aeeb033ad381ee5892f,0
3481,1325776680-3d523722231f3b14cb4bfa1933efed40,0
3481,1327017840-16d19812f0473225a723a3feb9ae6f2e,0
3481,1326969540-d97ef917f621f5bab39063e05d53017a,0
3481,1327605360-1d123578f76533ac8e3397bd6aaccad6,0
3481,1321183980-556e936a4866500562a19e49dacd6652,0
3481,1327184940-273c844f8147db4d46eabe408b8cbd6b,0
3481,1322402400-07d5232baa56703e062fc03b66b3caa5,0
3481,1320875400-c3da4d476f59b54d5d21e37970baab0b,0
3481,1327326060-7fc0f23c745be571b8171c611871f948,0
3481,1322672760-9f406beadb9198320618ee0bef21c2de,0
3481,1324202400-b4f950dcbaf6d3bff2727a9b1bbee513,0
3481,1325579760-cedd10876d500c7e800fa6f48a315051,0
3481,1325825880-cdc51792b1dadba0f12068b1ec26c48a,0
3481,1326710820-70b5dceef017cb113cc3cd1c1a047c2e,0
3481,1327460040-a34cc3e78a79169024c02b67495a92a0,0
3481,1321624440-f38129fa0d31ced59754d2fd1ae7f51e,0
3481,1320892200-9cd5d497894f5e31088fe11fa04e6661,0
3481,1326079320-17f4e402a0f2352482ee3f2f8db0a076,0
3481,1327616700-65a7d65a8c9d94fb49cce7315409135f,0
3481,1323857700-5b85e5e1e119d7a8972c2d485789ba48,0
3481,1322914440-408c7fcd768cb76898db04f836e96f00,0
3481,1321883220-076a7270aea68ddeaf16ddbbd29b1fd6,0
3481,1320691080-72a4440498fc211d3dc4d6957ddfbe03,0
3481,1320169860-948f6b6757352ba7e9ee7910918af391,0
3481,1325902260-3cffa261ece6cc2ee6c74cd7aee6f685,0
3481,1327714140-d1a635c9156f6e617f79e88d09766db9,0
3481,1327854960-027c743e6ceeb2b07eede4b014b3cf7d,0
3481,1326843300-273b4f4bc8ffd5621452d101f3c1d8e0,0
3481,1327361280-b70b23c57c3dda03d031bdb2681fa917,0
3481,1327694280-9dd8afe67bde7a0fcc02a10f0b10f011,0
3481,1326428880-63f437cae2e103604aa332dc0541b2ea,0
3481,1321518120-b3d818f0ac5a4dede687e3a680fac5ed,0
3481,1327652760-53d29b77062f477f5c0da6d9f8449c5b,0
3481,1322101440-604ea221b2ddd2320f7b91d1030a7f14,0
3481,1321606620-69f24715859bb9e7fb137a0cafe0a703,0
3481,1322383020-aa3135d046eb7bc246d6b7628d094435,0
3481,1322034300-d9e1958bfb3e04f791e17fe5e96e0d91,0
3481,1326342900-91e306d6fe576341e77edb8150901bd0,0
3481,1321354380-fa507ea99c0aa1586f94ba15c96de520,0
3481,1327221840-f357fd04fa6dcde26d59fac6df91d9e1,0
3481,1323343620-2db41244d67d0baa8ec1ccb4b6dd31fd,0
3481,1321327560-7bcb668540772fdd825c7976fc3df0f0,0
3481,1327300140-d9b0a7042678b04c3bd2faf033b8ce65,0
3481,1325403300-fcc2bb3f3becfc000910c238e46d24d9,0
3481,1325261040-301be18682efecdea0e82620059b6687,0
3481,1322607000-afeb4cac827a5a77e0b458d026851359,0
3481,1324670820-537b6095ecbf198d67b4f9c8c63d55e0,0
3481,1320707460-9506d686eb029dace53f4b124136bf6f,0
3481,1327503240-44908a97c043b42e8b8a4529f8fc12d6,0
3481,1327922280-2e579aa27a1afafd14440c9f75ac0282,0
3481,1327641120-27b0dfb767635dac77a54b99f3235409,0
3481,1323754020-36f1f946d2cea818e098a91c3e4b6238,0
3481,1327087860-a158411c00ae0a43a0583625a16d366e,0
3481,1321270500-929d4284fce41ac19e37dadfc06df4f2,0
3481,1326463020-a358f01f09953819ef7e49e6a7e785e2,0
3481,1325749860-bc4eeb79598af5f4ec8c6c1582c8d7ea,0
3481,1325194380-3434b3a8c91c35e65c964aad50924c08,0
3481,1326616620-5ad4ab47f7e0f888ab812e0d7eed799b,0
3481,1323815220-2d043f2010ad0ee12ac1279c9365f3ce,0
3481,1321499580-3d9da2246ab355033a26f9383d391dd6,0
3481,1320447660-9dd844e4363d7f370fb282c9d260eb75,0
3481,1320864360-9069e45b6af9f44a38a60a0962bf7a67,0
3481,1326998640-07fabdb6f6c99483c128627cf42e7b62,0
3481,1321777680-5133254e5241b6595ec37af20e674faf,0
3481,1323831060-71515096c3e29706ddeb0d354f580387,0
3481,1321536780-289a3aff3871b6fa2c377124c7e33a8c,1
3481,1327576380-808b15d5d0e6718603a780114b9812a2,0
3481,1322657640-5b8acb91df8d9aa5b6046504d5c6281c,0
3481,1324323600-678beffbb2595bc32cc5169e5f64b759,0
3481,1322524020-fd430f8134f727003ada059b75d173e4,0
3481,1326294780-f1e9fe9afef75d97cea52e1dfba8dc30,0
3481,1323279420-1995d0c86806ee3ec318939ddf926948,0
3481,1327974300-78d2a2894505838dc0ba0a6e87640757,0
3481,1322843280-3c52b4dc5c1874999bc35028a68c3507,0
3481,1322155800-55d896fd24a2efc8d1f5f522450376e6,0
3481,1324328460-6224f000c9ebf3c23725525771b080ca,0
3481,1320220140-06a00863714b1c6541e351a963d592a2,0
3481,1322641980-9edd75f8270b858382ce84c7decbfbf6,0
3481,1321062360-c19231cabe388a1422603446592be760,0
3481,1322391360-9ee276ec540df8ccfe63dcae708f4228,0
3481,1326762900-83db374668140187980b4230871645d6,0
3481,1327429020-3dd8b56b20dc216270ee14061be6e6a6,0
3481,1321270500-7cb025aed71bed71e42790cb0c5fbe15,0
3481,1327590600-7e24c0ea9cf043e1dba5ff512f69abb3,1
3481,1324129500-3817a3de6e7039d72118c89d81f19334,1
3481,1327496040-c2ad9c1639b0d06adf82a724eb2a2a4b,0
3481,1327968180-6ae634c7d08788fd629011b29883689b,0
3481,1325758080-74753e1e3079bc9f1861a36ff9ff2aba,0
3481,1323967260-3f85cb268120cf254d076fa43cfd8aff,0
3481,1321862880-6532a55e731ca81f827af767af85a97b,0
3481,1323152400-c4da0c98d3cf943ab2cdda3142330b1a,0
3481,1326466320-8f3619b28b93d1c2922da6b9e1edee1c,0
3481,1326989220-77f8c59ba55f7b8b136c50554e64e383,0
3481,1327473840-036bd220dced1f160fdf5571ec9a6184,0
3481,1328051340-def639aed1d2ef76d77dc1044de537e3,0
3481,1323709380-840e615027bc02de91703550e6538548,0
3481,1325196600-8d0fcf313b79d5c68432db957ee88350,0
3481,1321413480-593a6b68bf6d17a42993954a240051ff,0
3481,1323360900-f786780541b7b413f1b86d8a0b02f135,0
3481,1321509420-59e5a2fd64b02ecc29547bff043650b7,0
3481,1327066200-c10381bbfe587da12d491f5c85b76bef,0
3481,1321649640-45ec3aab00889f70b84f78221e606420,0
3481,1325611080-70025d22be7910cc85f7466532f876cd,0
3481,1325724060-095b2e8cb8d52c60dcbe8ea05779b309,0
3481,1323263520-8d7a232790a3f7842329adab5b4e6678,0
3481,1327891140-43ae7ae7c40faeb3a5e963bcc133e6ea,0
3481,1326621960-f1ec685e7b7b5c169e0c2002aa444743,0
3481,1327205580-adf6005d97fb8ebd83047429b056e4c1,0
3481,1327684020-5a57454659495926a5d7b6acd7b2c95b,0
3481,1324468860-417c4a070b38fbe87c39994435de86fc,0
3481,1321471260-ccbd7bc62c6e773234fe01389ced4678,0
3481,1321096440-57ba2ab5cf3bc08c608fa9a1a5d0e63c,0
3481,1322100720-6c937574b20f18cb0525ac7ebc454a4a,1
3481,1324686480-6d164c9859912718e07127d329b3f71b,0
3481,1323348180-4f1644e5b6156ac79800f4ac1a05403e,0
3481,1323133140-4cd7945cb6e34b9eb71c359bd985cf4b,0
3481,1321248240-abc3d4ccef736a9514107f41477e988e,0
3481,1324423920-260550c9d23402dadf9a837abd2caf79,0
3481,1325200980-0fbd0452387d7c0dcca360db63eae454,0
3481,1327495740-1e69dad230a2e5467c6c975372deb68b,0
3481,1326012120-f81b26011bb940334c4b95406be461cf,0
3481,1326605040-f4e1dcad6c702bcec01ad6fcd487d517,0
3481,1327453500-3afe259179910ace414b36fa8b2c6fef,0
3481,1321433340-9ed7495443cbcc2aabde5e5161796950,0
3481,1327201740-0c213a1212b8d3162a67515721ec290f,0
3481,1324078200-62c2b89cc51e290acd0db550fdad951b,0
3481,1326690960-2df62b30bce8982f8fb7770e711c01e3,0
3481,1326376560-b4d37b538dc10fa9d22580e977e555d7,0
3481,1327913220-74881e7fcf0ca9291daca7db9a7b35cb,0
3481,1323849000-751d165384bcb61a70d4fbea66b5ed00,1
3481,1327590180-735a605e3dc12f0234ca8f5e7c0fa286,0
3481,1326997080-8f4f3e5411573b90fd9f9c3ce8f4a372,0
3481,1322198040-1c2e434e8c70022a0d0df8dac0589796,0
3481,1324411800-938eb984b7f7d44afabbc39454d66527,0
3481,1323715320-309cf2196f2e7b6ce70b7c2f80efa5ff,0
3481,1321651440-73c6fc1cc9170cd00d044f4e52453db3,0
3481,1327201800-fdfc8b00d5e41b7b31fd3f1d49f43e9d,0
3481,1323252360-6133cffbb499d31720a497a586d3335e,0
3481,1326117000-d491c3584731b6bf7c40e2573f4e8262,0
3481,1320671820-560ea79c82832a1e6a5181708794e16d,0
3481,1324023480-3c237feacea7a1d38664c135e7f1b550,0
3481,1322860200-2964f7272ec4acc938f6fc40257e9a0d,0
3481,1327211100-34e1c9e68723bf1d84e7bd253dd182c4,0
3481,1326394860-9f0c6a26355c9afc474e12a0ed511a46,0
3481,1321259340-8beab370c1704168019bad091cdad50d,0
3481,1323808620-71c7c0c9dc5520964487938b92296cb4,0
3481,1325068380-2383ccf1b0dc8319d738ca5041e65281,0
3481,1327609260-03d6fa9c7e1189e12750929a854388e4,0
3481,1326663240-75d5f1860605a0aac2771c225f7ddfbe,0
3481,1322887500-f052b0b4fbeb72adfed1022cc5de4e6b,0
3481,1320907860-3be466024718a2ac44c685168d9a278a,1
3481,1320911100-69821e3702b45cafa7e59f9534f3f34f,1
3481,1323166440-a67d4e97f39c9c336a9a0734363e2793,0
3481,1327477260-d706711f6417c1d717c1515324a3464a,0
3481,1326877860-c169433fea4f4a53e33176350868e8ea,0
3481,1326950940-a800db30e2b5391d835ce904fd816eef,0
3481,1320915900-cf06a5796c8c7642ebd39a5f038ab184,0
3481,1320707640-c49b5e3423fdf9893ed21b39064554d6,0
3481,1320424500-d4a4d4fc8f6dd76b4dd462e212be5f4b,0
3481,1323704100-0c9060f75c9ad479dc0fce2f9fa7ed32,0
3481,1322108220-3dd038aa9a74a250775f763546619ef6,0
3481,1327164000-7338099ec220fef74f2233a517f54d0d,0
3481,1320482580-fec11e0be78008e14dae5df00cd9dffc,0
3481,1325263860-cf9c4741a222a4b033dab99870365713,0
3481,1326778020-bfe3bfcce18bea37de050f0ef701f710,0
3481,1323938100-a3e8437c13f553eccf7243ea59b9da57,0
3481,1328024160-ba51a6da04c81e7a29806987782b60c6,0
3481,1325831100-5aa952d10f082f9d2b38834e2a82cad5,0
3481,1326066480-2cddbef879d021867abe24159dcbe9bc,0
3481,1327570860-8677e81fec8b6eb59be4bb5e1636c4bb,0
3481,1324390140-a820619440525d3c19d06d6fd2609849,0
3481,1323166440-c5f07bc74394822265c8ed6c9fb54deb,0
3481,1327074840-bd33b883bf32d0df60bac6271bcbffa4,0
3481,1323188040-160b6011de9f99d8645a3a7b89b29592,0
3481,1325387820-6efe08af4cb3be52a231f1f3193216a7,0
3481,1326472260-099eb9e7705dde0a42be1365d8820e2b,0
3481,1325863200-341c4824f06cdd469c32338b49c66d36,0
3481,1327600440-fb7b5e3ff95c5ad26aac99e05ec64818,1
3481,1325582280-35709105e8a82dc4ad278b105668d770,0
3481,1323815220-fe7cd6660bad7041156c6e566720796b,0
3481,1326840240-a7f501e3687f95ad791ed0f4c5e8a781,0
3481,1327427400-517ba23211c7bff906d49670d6858f34,0
3481,1325173620-bf70b8e148c79d3920a316b6043ca945,0
3481,1326012120-0e5b95bf9c7614de0ebcd8871dbfd6c5,0
3481,1327333380-ae2f1400acabd3d34acbd7be0b5121cc,0
3481,1325051460-1d7a64af77b6adcfd33ff48aa05b5c78,0
3481,1326981420-f86d85b7f71fabd90c8abdaf290e9b2c,0
3481,1323312120-8eccd7fbf1c1241ea8748a69a457730e,1
3481,1327469100-aec262f0983f6bdf6ab1130151622b5b,0
3481,1326012120-57df677d1c762d458662e430384b710f,0
3481,1325406900-1a726bf0b7bdc5fbbff1a22b8df0af8f,0
3481,1325925960-7b28acc333aaa40a62b8afc745392a23,0
3481,1326826920-b6a5988b3752147722a808d76c57ede9,0
3481,1326706020-02408993f28911d457387bbb5af94741,0
3481,1327423020-9d7779bd0234b434e7d29fdc168ba714,0
3481,1321558140-2a8b2d667b839c9d16801c53dc96e16f,0
3481,1320774900-f7b1d90886588d6383ea07b5aefd895f,0
3481,1324344060-96ddf6cdf7a05d81a171ea7e6248630f,0
3481,1327948200-099d8bd19bb3205c05bcc433fdec7d84,0
3481,1326337620-2708a87a1806c467a07cfcce847b2afe,0
3481,1323296040-99cc32194d3de6a69b1c3d250659e816,0
3481,1327323660-6e5a51c4124a0e2d3d34ad2389b27acb,0
3481,1326877860-21018a097e02c0ba58e8e05791d9bf9a,0
3481,1323501300-b21c50310afc0d386a1bf26b4daada4c,0
3481,1322620200-3c686fceaf4375d62c63adc140575d2c,0
3481,1324397760-f5df6270dea695ba9e3da0cccd2f6494,0
3481,1322295660-dabb66c560e2f75e9d25befc29d440ad,0
3481,1324493880-061dbfde6104c672e547d58b92d8bc07,0
3481,1326950940-360c68f6a40d32cc7f94feca2673e252,0
3481,1320415200-95e7b98bc591b5a83df1d0025ae44808,0
3481,1326421920-a38aa25130aff0df7a6b152ff34167e9,0
3481,1325708400-fb6f2da46fabfdfce10df592fa6c0145,0
3481,1323988860-4fd2644f01229211b60c244e1691fb51,0
3481,1326101520-0218ffdef65930a04f16598979e92191,0
3481,1323838680-5c9ad7578bbd3b3d26db2671b29dee7c,0
3481,1324859520-39a34b6f05cdd525b2693a9bdcd8e20e,0
3481,1320479880-dbfa6e4222c59fd4ec9fb56c79fefedd,0
3481,1326116760-91a7e04d7a03d95beb1494df7976a892,0
3481,1326072540-d9cd83490efe7fa9585ebfe9338ab3a8,0
3481,1327847880-798e4bfe58d47988f0576f61fc018300,0
3481,1323807000-499f891092123dba20004b22f7b8b0a9,0
3481,1328057760-3d6d1b60f6692420e06a669371a91f9d,0
3481,1325742420-9199fa5699162722acfb0cc28019f4e5,0
3481,1326016440-2d1020fe0c4ef4dc33c9a23a008f9678,0
3481,1325215500-5149045a064b6386c30d67f523cca851,0
3481,1327514340-43bf82773a08a16339f6b7d568ad8cfe,0
3481,1327334640-32e4be4aeab59793e7a25a096fbdcc08,0
3481,1322379600-003ca93a275c20f08789261e8fd88625,0
3481,1327436400-f1be2ef81dfd90f344bd5ed2343b88dc,0
3481,1321336500-9813967d4b54fbcc03c90cee5dde2917,0
3481,1326310260-654d889132886cc6e073d1da45ca76b4,0
3481,1323174300-869b7aefd9cfa26396275324dee63cc4,0
3481,1323815340-25312e4048a763c9806c7f02b03cf060,0
3481,1327069620-a1593a97f026c215aa5fbe6db7b85f41,0
3481,1327106400-666edea3fbed2392a907306d20d73188,0
3481,1321661160-be85be276446ae7cd4970afa210bc086,1
3481,1321622160-50cf1b2acc93d8ea05097a12cb60372f,1
3481,1324164780-5b6e2a0b87244ca384cc09580eeb2c4a,0
3481,1323403560-7f4f89f7c309787f95ebca47f741a19a,1
3481,1321973400-c09fd4d05d635e34e4e9dc2b835743ad,0
3481,1325012520-575856cd1e95a2f11dfd7adc33a026b3,0
3481,1326223080-cdb801b0e8f2acde109268bc01b82cb4,0
3481,1327938360-791d006c31c54e54348248d3b56b6ffe,0
3481,1320167760-2aeb35c7917a784f5ae2ea9e729d3875,1
3481,1320185640-bf0b59ce903b5ebd4d9434adf7818c06,1
3481,1321296060-c31e0fc4901d1b508638e640e728c96c,0
3481,1324181220-f1e206c30ac04632722dcf2705dd1f5b,1
3481,1326798360-2719dd96774c03f4e2b152bd92150b08,0
3481,1326022380-addd2478089b63b14d5860f66587dd39,0
3481,1326177900-aac4ed5a046287a6fc69270b6135b198,0
3481,1328035200-9ebf4fe01c301740c166f7ed92a23a69,1
3481,1322893980-b019b88a061502750965f1ea1bf03e3a,0
3481,1327438260-74a9000ba27d311ede0554482f9e8a80,0
3481,1323978660-7b6253839d7e1568731842b5641620a7,0
3481,1324449180-378b24392012e3997aa599abae4b37f1,0
3481,1322877240-9b5012ac8c3b41f012d2edbd4e19065d,0
3481,1326941640-9d87ee4af6b17a0063f667161412724f,0
3481,1327940940-f4de8006191c83c7d8076a67e07d2707,0
3481,1322911800-bf3a73080635600bf642265c935d6d0c,1
3481,1324394460-2414f63ba26ed36649d561fe6d8fbf63,0
3481,1325672280-85e319e71bafc380b36cbdbbed85cc7f,0
3481,1321000740-d48f725d1bd2e4e024a96fc564a79f09,0
3481,1321548420-cb5a25a43a31625b139cf0f8f57b3c6b,0
3481,1324291920-5e5bfec99c76fd9b893d4ba59bc4cbf6,1
3481,1325842380-64207f47e107071a47980dba6fb8b4d9,0
3481,1322784120-de5b5a198604f300c4e97c79a760ffe1,0
3481,1322728020-19db33bf46f1594779d2c94f23365a61,0
3481,1323354540-3d2cdb4442833dc257aeee2503f0e5eb,0
3481,1320770460-71f0e726e7b9eb4eab7d8ec077da97f7,0
3481,1328040660-0e29a89b702294710d30cbcd32269fa3,0
3481,1322541660-0e3d2f798fd23082ca9ee2c5ee0f7202,0
3481,1323469980-dba68599c0c8dd3ab6604674d35a2f2b,0
3481,1324071420-2775062649dd115a0a9bf70cd4142b25,0
3481,1326268560-bfb0e87ce1e196c82e7278f606aab6c5,0
3481,1325016060-66772a42f4a8f0a321658ac8cc955655,0
3481,1327552800-ae1844de895bbd9ba0f063f4b78264a7,0
3481,1322379600-ae5c5cc2938b54608085a72f7044e677,0
3481,1326840240-f34dc6bb336c3e6a5dc95e90a511314c,0
3481,1323076440-ac4a4df060fbb7e0800bf04babcbadeb,0
3481,1327617660-41577fdfbd88343865e0e0eda0e397d4,0
3481,1321170240-6fb7fa62a773e4df766068915880b4a6,0
3481,1323768720-6e667ef398dfded92cfa9a9bdecca403,1
3481,1322979900-3a387ba9bca7e17f26941d26962a21b9,0
3481,1325217780-1dba67396a3072d0ad4a26afdff57acb,0
3481,1320685320-558d5a385753fa0b7aea756c5c70df81,0
3481,1322073900-038e6ed36d48956a4809ecf5508ffab8,0
3481,1326960480-56b6e14a1ea7d143dab0ecf0fa8ac731,0
3481,1321690800-63e447d97aec3dbb1935ab370d57aced,0
3481,1324716000-d246beda9d0696b0bd06d7df3186e1af,0
3481,1325796420-de8d67f364fb7208ad829eac93c14bf9,0
3481,1327701960-4950d137e6ac5d7be9b4f0f2fbda1f62,0
3481,1324008000-7ed1497292fb09a53266930ee720893c,0
3481,1326140400-2b1ccb44fd130f142824749d414a1ad4,0
3481,1326877860-fe05427256360dce3a08b989b944ce55,0
3481,1326666780-c64f351559cee6ac2f1ab11d8200d6a0,0
3481,1322785980-fd3c7cfb93bdeeb089e82052d087fe0f,0
3481,1321001220-2da9d624b353cf1b34da7152ac4c6c76,0
3481,1326379680-5afa848bc4c533ba5af25e77648bbc42,0
3481,1323131100-c022d950d3f85ba06d1342c64e6e7b28,0
3481,1323934920-816417517c76066e54461ca62a00ed24,1
3481,1323935400-dadf67bf1f1e8b6c34a5a136f55110a6,0
3481,1324015200-b76fd4d1291ab91b50c3ec9f843ebc14,0
3481,1325288280-1b380eb9ab57d9d450e4615ad40d5a06,0
3481,1325196540-05475b69824ea8679508e521e88eda88,0
3481,1327511220-b0e91e101c732e7eba827f25fb17e8a4,0
3481,1323314100-66a19c5c2753fe8bd3babcd8c9bb2e9a,0
3481,1327781820-4fcc5ac29772e8b561fd33ab115a7cff,0
3481,1327284420-ac50983b721a4182f756ab9623515252,0
3481,1327214400-621f6afbd46fd2b449409459d08b4005,0
3481,1325743920-762457ee01f1d3b11a1fa871c6b4fd5e,0
3481,1325771700-101402ddd6039cb3bc79543fd541dca9,0
3481,1324119480-b439a3fe0ba4bf6abc4f0657a4cc5381,0
3481,1327943820-342b06dae8495c43b8996af3b425ac48,0
3481,1323366960-2fd2f6f67ffa4a83dac1e0f6b04988f5,0
3481,1323991680-9c6296b03b344913238a2a41c7e11f5d,0
3481,1326998640-a9288e8e2cdd051683353fd0a8d147a5,0
3481,1327692300-ba804940671afdee7300eca075552e32,0
3481,1324004160-d8da812c00d666bb808827775c7f072c,0
3481,1325517420-387bef6f72af77a1d4f185b505f16f06,0
3481,1321458120-7cdc616825178f30a852937521ef54cd,0
3481,1327463880-f1807e14c789a59eae3d4f2fafbe174e,0
3481,1324239300-525894c36a048796e452e1e3182dc446,0
3481,1320875400-a87b50dde0f50c000c2a7ad9879c9f03,0
3481,1327631460-4f26a2aaec5a82b9a79940c592afa4ba,0
3481,1323181920-52e91db3bbad3effe1e2e049d8d1daa4,0
3481,1323896340-aa28bc71ce0517f02b7865f3a2c9c485,0
3481,1326261660-f77b9d4cffa1e8549075711e4aeffc54,0
3481,1327606560-63c2c7a819c54e423ca5925237802487,0
3481,1321864200-41e712cf7c48d2b322c2ed7cf7fd6f43,0
3481,1324613820-c91c8eece7fa3f5605d11ce1bf05bbb2,0
3481,1320573780-35b1caa68881a474cd00bf4ee1b81527,0
3481,1322642520-33068a7686c453a8372177e2e43f50cc,1
3481,1325664840-1dc84f7e7719ad88cc07ccb9a408c858,1
3481,1323670980-08523393524e3c46c4c4081fccedc058,0
3481,1323731820-a2401fb464de5ab4c0e02b8457715223,0
3481,1324963980-97b2ec5a25fc52b0d500796db8b2a055,0
3481,1326412500-b87c1333a137035dce0af0357b4a073a,0
3481,1326693600-fe22d066672027ad41cdee218c652220,0
3481,1323724500-a2515d757f2e27a0863615caffe2cd95,0
3481,1327249140-0a17c71effd12ee0e0b38323dbb339df,0
3481,1327127580-93a11de1b8702a2cee7ae2a3d6c4af95,0
3481,1327557420-544e0dc347c497b0df662d1645d91db5,0
3481,1322264880-d562d46c071e790d51383b398aeb1575,0
3481,1324917360-82a9b54140560cc0a10982a76f52b5e8,0
3481,1326812280-028548a6cef9289b1957bd7ca6ce9b42,0
3481,1326816540-38ecec2e3089051ea43b63c2052f84bf,0
3481,1320674280-ad75d4ea23da03ea957f203523016c82,0
3481,1327600140-25e7da15283312748f1628933ffdb43e,0
3481,1326616620-9a116a6e223687df25d32419c7493235,0
3481,1323379500-306ddd8286cb4c0f934c2dd2b5c96503,0
3481,1321364100-948d3e4f9f386caa629267cd5146fa9d,0
3481,1326807180-622bb9d0975c4c8bcf41fe6e2a6ba27c,0
3481,1323601740-001958effbec0601b4dc750fe45527f2,0
3481,1320486120-52b067515f56d3dec5eba12a890bf1c5,0
3481,1325838540-c169ebf8f97c00d6f47ea4a5bfa44577,0
3481,1326790920-6dcf341b9af0f7e7d341fe212107c2e5,0
3481,1321618440-9da0220fb300e3eb90499d43bf41764b,0
3481,1326275280-9bc4e1552a2a9b71ea949e1a32e99d9a,0
3481,1323995100-955521a2ef90f0647b1e4943737ef852,0
3481,1322511180-000dcdef9b4ec14ef0155f30fe065223,0
3481,1327952880-3ffffc15857f28f2cde9cdbb04218ee5,0
3481,1321569480-c8aad5a166138d26602e88a1cf6de6b7,0
3481,1327557180-57f49367be4ee08fc4dd7d840216f126,0
3481,1320824760-a8248b18f8942b748c22627980ce3d7d,0
3481,1321427580-008ec0feb6b7220f05d4f883416ff97c,0
3481,1320600660-513afbcf2750470195429fc2f6dbd857,0
3481,1327345260-accf9106488a1870d26e10f6bdb499ca,0
3481,1321496700-0a75ff6197e48c497b895d94be9a50e4,0
3481,1326949800-adf7778fd82e0bcc9bfbf9baa6113868,0
3481,1320685200-5b0cbb1d5838b9c6b608aee8a73b0a37,0
3481,1327434900-0b87bc413a4ca599ade0cc40985ef606,0
3481,1324716000-be5517f11db0011dead1ea71be185071,0
3481,1321356300-db12708e903f0c2ab43bcaa2125b49b7,0
3481,1322712900-dab0fb295dc6d0d60ff1a01ebf7dbdf9,0
3481,1322202420-765d009be18b755309c04afbbd43206e,0
3481,1325000160-a6ea40d5687965fe3aa6b4f36d5626f8,0
3481,1323515460-6cd7ebeaff43c0489719a36534f417aa,0
3481,1327486020-fb4c52b167bfa52816e95fbd1b7485bc,0
3481,1325838540-d13e04b15699524106436d82277247c8,0
3481,1326360420-cedf90cec4e9adf929f0cdd8adc09aa4,0
3481,1327681560-9e6b142d67fc7f66dc3661f662d3e201,0
3481,1325019600-36d380b021557a43436907923c608ae5,0
3481,1327945740-3bd503eaec5a833cd7725037d9c5a059,0
3481,1326181560-94b21f35231a7c276d49ccacae26de32,0
3481,1320672180-5941c4370d6a8010d70ecd66449a0a3a,0
3481,1326630600-f6bcbd5ace1148f12e85e65d4f85b907,0
3481,1326001440-09c7a063857f707e89496be67525f827,0
3481,1327624560-76814743226422a0e908b278aacc6630,0
3481,1322631600-979200e8a6f49f9922d6affc1bd54ab4,0
3481,1326985020-f382377115e281d2a3abe3d3055e7dfa,0
3481,1326901560-3b8acec8827e9d6424588a3b0e261bb7,0
3481,1326112140-5b8f34b88e186202e5f0bb7574659d81,0
3481,1323808620-033b30da03a129a6f8c2326ba490538c,0
3481,1326298680-498c01d7ef569e4acfed0c4b972f957d,0
3481,1325849460-af1af93ab98a3a38138a671018a9aa76,0
3481,1320833280-2619d29f9851546bc385469ff2a2139e,0
3481,1321586100-73847886dc92750216aa4c1032d4ba39,0
3481,1327959840-1cdbf5f843008de6f2ba58ab12e31216,0
3481,1325683080-aaccd9bb1b5542f1299b7118d271325e,0
3481,1326510180-48fc20e8c82b55086a54d0ff186a9ed3,0
3481,1323137820-67eab8567c987722c49080e774c7c7dd,0
3481,1321595940-c40af5dbe31d0c12d4d6f5df35051e48,0
3481,1325493900-6e1d855ce30908365ebc5ee98bc26daa,0
3481,1325031120-65d5c7e73e574ad2577605ad9307f41b,0
3481,1323321180-618ee590fe22127c69d17f9dff6c2e54,0
3481,1327088940-1f60a236bdf6e1336ce7400c672cdff3,0
3481,1326926940-b5356b0957f1217d93d9b1d0dd7a097f,0
3481,1322773560-f6ec568507c45288313cdab1ba85bcd2,0
3481,1327640520-b5038f34b505a729ff1109ef2fd247b1,0
3481,1326012120-2d537de375a9188712ffe7f88a0a885c,0
3481,1325456460-844d10d464023fc8d82b4fb7e7dd49ea,0
3481,1324912440-0ebad85362c3d23d329cfa07f367b417,0
3481,1321610220-81f91712e8edb92f05620ea55d75a08d,0
3481,1320656580-beada6b7715cdbdfeca72e4b528092b5,0
3481,1321471260-761cac184e6bebecd87e1a69cb649df7,0
3481,1325179920-7405b23864d5d42fcbc0ffa0c4e6e121,0
3481,1325279220-953be96278d028242eb1151a76313382,0
3481,1324147920-3cde94905fb7b81a3d2100022fac1770,0
3481,1320770220-64ed50ae4580613dd447d9476a23d19f,0
3481,1327095600-fb942e7a2004ea24a9451deaff8b0756,0
3481,1321087800-10e8b2833238aca71b97768d8de076d0,0
3481,1328029560-5fe39242b756f0152147f1e3dd75e2e3,0
3481,1326836520-22923e644db678c9bb4bd9396f27ad2c,0
3481,1327300920-8a914fd30bc944a2a98e61c21ee01039,0
3481,1326213900-214d9cf828d8841a6db4531f777bd24f,0
3481,1322152380-a7a28debd1270084bc317df390f2b701,0
3481,1320567360-b4f85ab6fcb728e1e7ceff8ccf3b52ed,0
3481,1327110540-9dc6717915b6a2e0a7bc2a1ec9ac18fc,1
3481,1326144300-29caf72addb42532248a02b7b90804a3,0
3481,1321687620-0138420eaccfac414062f9eb90c9935a,0
3481,1321130160-fde88fd6675e09aac7587660718571ca,0
3481,1323632760-7a29dc65dc5d04631b1b6b3dbaf2f4e6,0
3481,1327395660-2cc5a18a91d2b72a96326abfd7c6aa3f,1
3481,1323889260-40fc12f946ed4e8d674823b019c83125,0
3481,1327879800-72ed6b7e85859f0a8d713a1fec02a297,0
3481,1322544840-99cc7987a29be4618787678467fcb847,0
3481,1327096440-a01a477337ec22434096d050176a7360,0
3481,1324024800-14435c7d03c74b7a2c9c1b62aa1130c8,0
3481,1321545900-01078483d42c4f816187c62ef37856b8,0
3481,1324245360-1344dd7b4e6321c160b54fe744fa4992,0
3481,1327324560-3ecd8e42d1c8653bbdd75f7f8d956d10,0
3481,1323257580-c72089e4738dc2dc203ac770bb00cd78,0
3481,1325830080-36b95bc6bc5f4fa8dd4e46eb6b26474a,1
3481,1325703120-239de90b7ab3d04a8c7e660999626507,0
3481,1323110460-610cccedaf3aea6324e5ab517350fb49,1
3481,1326809700-fe782ff38310998af4bf16746e01ad8b,0
3481,1327290720-cedf4433a33e80af7dcfffca72a51ee4,0
3481,1324429080-2b4a9e0e2f0a2102dd04b58852b2cbfd,0
3481,1325558820-f1fa2ed80b82c0e25382aaa3990a2f89,0
3481,1324955160-2ff5437f013ea65303806aafa018198f,0
3481,1325201460-49d9d73cd18e0a9b8a40351d0397fdb4,0
3481,1321330080-2b37add45d4dad2e4692026de3663765,0
3481,1325046060-9969b1c133aa029722947f86cc9274cc,0
3481,1320918720-9a6f84e9f38c9eb8dd384d4a52951616,0
3481,1323443880-409d817a775ce6d31116c2acaa106cde,0
3481,1325269620-02d7949f169378d75c586259a746d46c,0
3481,1324946460-be1c0752ef4d326d643a5c93c7043726,0
3481,1320637680-d00b25d46cf8c4d0a07d05f70bece150,0
3481,1326693180-7fab2954c1e998735a7750372c3bfc53,0
3481,1322498700-d2a4867dd673e06647306c9628cec539,0
3481,1323505800-7e28a2a7dcc345fc36f1d3c2eabecbb3,0
3481,1322708040-ffedd0b0fe735ab377739fb783151b7f,0
3481,1324719060-fec878748eef4ecf05b2819e7f260496,0
3481,1325661480-d97af08be473f8686b620a09839f7c02,0
3481,1321426320-69b58c4ade2c0f5e26e558887d1f70d9,0
3481,1320450900-bd9f845bfa0d09105c1663854710c6b8,0
3481,1321665480-d2d81651f2a13d216c1c9de2b785e06d,0
3481,1326036240-3e66847d254d0f4b4564f33bbc6c8524,0
3481,1322923260-c7c947fa9218d5b7ec47def6e511ea6c,0
3481,1326149700-789dfc44de84932e43ef7ff41de43652,0
3481,1327996140-c8718a06e1ff40b0606e558f88891f1d,0
3481,1320681420-506c0ffe7bd7319a83430b32b28678a5,0
3481,1322379600-85252cb47e1ba8dff1f320b4ff188019,0
3481,1324466460-bbc4c38d60f3a6ce55e090c09567e5a0,0
3481,1322834400-acf001daf235f4dda948f21975dabe20,0
3481,1327261800-d7a9a11bf5b440c081aa7e573fe270c2,0
3481,1320644220-45c2bec62dcfa51e5896b29e3a217591,0
3481,1326050820-24d84ab6d653233950a2286f9312f24a,0
3481,1324570500-a8da26559efffc0a1e2e31fceeb15862,1
3481,1321561620-9c4f9dee11d8e147e8c3b25ba515e89c,0
3481,1324564080-96f53c7c037a6a3e0c23cd26d30dfc6d,0
3481,1327432020-b124eafb52656e41085077ab66736baf,0
3481,1322729220-15d8e19b861cc09e97a7a72b6b388ca9,0
3481,1326289920-cadc0dde8a126758afe668a69ab533a4,0
3481,1326476160-d6cacb42cab1badc044809c7406c72c3,0
3481,1322378340-800d1a52706c46d15fd402cd078212a7,0
3481,1327579500-7f79f0014ade5fa0cdde04e910f6980c,0
3481,1327970160-89b2fbd5587d8f27c839ec5478cc6df9,0
3481,1327770120-acd8752b1f243e3ffae655f67a0b5696,0
3481,1327094280-a0d0b0be658fe5e42419327293d7932f,0
3481,1327913280-cc38189caaf031d2ff4d2d75b098ad79,0
3481,1320667380-0d64d412df5392c2ac826495fd999050,0
3481,1326412500-af447c211a115ae206faa99ade0412de,0
3481,1323897780-4c54891519373a70ee49fd4e20ccb010,0
3481,1323984900-f0d46ed544d532e3911c3bf4c8aa47ef,0
3481,1324847400-055ae458c11f8b829b5bd2a31648d03e,0
3481,1320888840-81c07633f4e365ef9669ca8780bb3539,0
3481,1321400580-254c27bdb4674d28f47ed121355a4b7a,0
3481,1324560000-548d0081187ac8594bd7a96d28aa136c,0
3481,1326788820-6af0669c67ea6688776228486ddcea3d,0
3481,1321610220-2d2e8e7f4d84d2aac481977b22734ce3,0
3481,1320588000-4af2085ba70ed032ce4f4dd291155a38,0
3481,1326616620-9c5a3429466be448c1204242a061a03b,0
3481,1326185760-7f80c1061086ca11685b71c03f2edcaf,0
3481,1327828200-d2a0d985fd2dc5e2bd312b51a2ce7fa4,0
3481,1321980660-c1bb8ee680cb9426912754b8dc33c23d,0
3481,1325322360-03786f8da60f874c252d79572ae20fb9,0
3481,1323680580-fb369effa5ee1ac4786f4900e73021d0,0
3481,1327515360-9dc40d992c3e48f65b1b412981551bae,0
3481,1325322420-4cf3bb9ac46ecf100bddb3ee3d3c5e39,0
3481,1327916340-44b53e473ca3b7a6683af4f4331d61af,0
3481,1323755760-0445825894a05cf0682d4cc62ac5f76e,0
3481,1320249060-750e70a95604cfab8f07c6dd0f0cdb16,0
3481,1323598200-cabf45b2cf9558373f8c858a2cc72405,1
3481,1320429840-6eb4feaa170ce43a61074bffea929aa2,0
3481,1327737300-45411b16334265f5b6f0f50aabc84e3c,0
3481,1322200380-62caaa7ff913d08c134636178a488e89,0
3481,1325642400-f92404d6a1e9adbb2525ed9cac54c669,0
3481,1323797820-73edfe10f4fa31d5b32b7c7a94d3ba17,0
3481,1326342900-bb6ff5a342bd4cfcdec054d078a81666,0
3481,1327482840-0f6c2376ed60b59d07a28373daf1f8d8,0
3481,1321277280-fce947332e25b901bad5486ca1351cc3,0
3481,1320933300-2b0f0cd617fe45de05873c8daee3a339,0
3481,1325620620-36cb65d375d9c737c002386e0f9087ea,0
3481,1324715820-0129af40cf785134f2f19679df632615,0
3481,1322906340-0679187974857d051fc73b555c6a8008,0
3481,1325454840-80d8ccbeed6fbb659036c9ceaab09096,0
3481,1325287680-46f8fcba04fc6ea43660c40e933a4fdd,0
3481,1324716840-8722fd9424eb8216f1b8b05fec423d76,0
3481,1325080680-6b4a123213f6960ed1e5cf194a2d14ac,0
3481,1322111460-bf35fda728a73e2271e06e39be7cdaef,0
3481,1323618900-2783e142daba863a73fad46f99273be5,0
3481,1327452540-53239c4d2da6a51d88f0b10ec59083d2,0
3481,1327077480-f0f0ae3353a0baa5757e3d67c204edb3,0
3481,1326667140-b3bbe304c0f3d0f263872e41ee8a478a,0
3481,1324734600-3449de74f8deccb29cc834be8929afbd,0
3481,1323127980-98c237aebec07d57bd814a2f6ec54910,0
3481,1323364260-a10e2f6d5c59128f000480039ea4b17b,0
3481,1325774100-4dbf58e6b1ec9d73b7257970fb3d4712,0
3481,1326804660-6847869205d4e8fa09c4240817ad04df,0
3481,1324110120-3f1c0d982b12c8bf3d51fc877cc609a0,0
3481,1325146320-be17cca1a8f6d8c060b34746bb197878,0
3481,1324432500-a58a66038adfd8ed10f7f65a4d401d8c,0
3481,1324288020-19c6aa84dba9523e295444dbf18a233b,0
3481,1324718820-7773c58fc442f0ac99900f4b824dcc80,0
3481,1324692780-5e6b4ffd8cc4dc2156bc7dc43d8e3551,0
3481,1325028900-1d62612f90f968e3d3062038c75a5406,0
3481,1320599220-872e0e93c5d7f5965363c100921feccc,0
3481,1323297000-f5010f5f3063ecce32d3f68623041055,0
3481,1323787980-fcb75c010d845429bff04daefcc5914e,0
3481,1327214400-130948ca26b710cde7ee97a84d010154,0
3481,1327503180-d45fd97bece570f371d0ddab7334379b,0
3481,1323742200-d89c76ad316be61269e672be274d45c4,0
3481,1323146520-a9f84276a5a3d87903b102dd60cffa7b,0
3481,1323262860-2a6cd7cd1d9cc9fbad408bf6edf8ea0b,0
3481,1324176180-a9e8a7f89757ad8cb16c25a938dbfdd4,0
3481,1324423020-fe8a2f7767cfda96d9d8fa5c02b7aacb,0
3481,1321901400-11b12a0a3f5e3947e52770656a9d191e,0
3481,1321193340-d18afabe6a94793112f31852502dd183,0
3481,1325407380-234208349bc7f99ab9cd8b7bfa82044b,0
3481,1323956460-bde9560c6e5a3bd0bda847bafad0a22a,0
3481,1325604900-6cde179b2d8b3e453d23dc71d1442e3a,0
3481,1324473000-0e8a09a6451f5423693ff0fc0789e630,0
3481,1327583280-46415cf06273eaf6219aa5bbe98c7ddd,0
3481,1323513240-d65265d67bb3e6e7c482f2d1572c8458,0
3481,1322817120-2c559a960774c36503944b8b7b387861,0
3481,1326232980-8eded4ae00dae7d0d9948cbbb4ea0b56,0
3481,1323274440-37be821af860474b4bf220a7b9d816d2,0
3481,1326010200-767c8a7e9e658a4a481d08e3cf789e10,0
3481,1323822180-423c286ec57cd884fe27986c582bce27,0
3481,1326832920-f0017507d48088b03d9442454fac792e,0
3481,1324221720-b19e844fe7b98a026c681c2601dd8c1d,0
3481,1322643540-7f801e75c9db8a0b8b057c31d1f960a3,0
3481,1327466520-170e27a470171f8d5ffd86ceb9b34f2d,0
3481,1327903080-2551cd94e960b454715e1353ec8b1940,0
3481,1322804460-5fa5a9734fcd76d74dae3d43b8c4a322,0
3481,1327421820-9ec6389a333b7990501ffa54ea15513c,0
3481,1323796620-047c508f94355fb85488bf88f7e4c2fc,0
3481,1323061020-215797efb83e369094ebda2e48f57805,0
3481,1327900980-d3b2f05e585ab933fbb64cb208e10589,0
3481,1326630600-4226cc6296552348f62200bb5bb804bd,0
3481,1322651280-d764bd173f284734349f5ddc1ff0d46b,0
3481,1320599460-2741ed36aacc52bcb4376acb9516804e,0
3481,1322043360-c8df15f0af71f805a5133a0f79b45f47,0
3481,1321975080-5909b4f5dc28ea9407828fdc175f7061,0
3481,1323995700-3fd3d4c107efc05331084998b17da2b4,0
3481,1326300900-6ba0688d65a9d1012a0f0ecb2ccfe56d,0
3481,1325938020-b1304297c8773d11d7f66c41c69a037e,0
3481,1327656300-cd2bbaacef301ba2d2960cc1a9be6df5,0
3481,1323657300-a5ca231f3a49affd7aa3ed61bf75b398,0
3481,1325943060-6ebbe2e5e4d3e14c85a297aec3deda3f,0
3481,1323662040-07435e32f9f47dc299d1b4818f4d95b5,0
3481,1324560000-8ed912666fb81bd4c166f0801379bd07,0
3481,1321927740-719995bfe9324cdc8f75bdad844b8657,0
3481,1325801580-ce602a3332282378801b77cfcb6f390f,0
3481,1326579780-1ae21aea38328ddf12168401105fc829,0
3481,1325019900-aa03239c551db530272a7c37803f82c1,0
3481,1323354540-3e1c91880a34234c63ff0e60a4625008,0
3481,1320827400-dbd92e8ce12c74527c8e593ea2765067,0
3481,1322468940-cc9d5202757e5f62817344cb6e5d6c67,0
3481,1321887660-1ce9b6083d177e7203a5be09ca42668a,1
3481,1322692080-9be5e228596a03ba0c01a6a49ae849f1,0
3481,1325398680-8a91aaea458b2ba942becb31bf8f4f7f,0
3481,1327932900-30bed4f2ef29b4e8edd06eebe366fc74,0
3481,1322056260-933b0936a4ae76d29ae182ab7bafe6fb,0
3481,1326426780-8bcb7204f8fc5f405bbe99803cbcd1cc,0
3481,1321924680-c73500af6521bda1dbee2b91c72ef8fb,0
3481,1323699900-8e48d4a70955d97bfdc2a456b6caabe8,0
3481,1327007340-dce64be6a55ce93e4214ef4618f4cbe0,0
3481,1323824400-8e915c703dc4b7eb974ceddab4e1447e,0
3481,1323765660-de868fc0e8ca8db35d29b886fb997f13,0
3481,1327958340-12221c43bff85a418d6e6d630adc3516,0
3481,1324172340-f4de302b9510ec56a24f9841b83862e7,0
3481,1325205780-cc213b82eb3023cdadeee5a8db7fb3ca,0
3481,1321090920-20e25bdd1f9d432f226a053229bb626e,0
3481,1326793140-75b3f973acd36b0a850453ff2a6ffb0d,0
3481,1321667100-312121e6ee0171efc328ad87acb885a8,0
3481,1320478620-f2a6af0909b24d351e626df9c3272a6f,0
3481,1322706420-672148c5486ab4cced881cc815a8b056,0
3481,1326836280-aaa8f658a09073b6deef3f77cc6168ec,1
3481,1326946980-6ee249f9eb2ae0f81b3aefc63689287d,0
3481,1327827960-2dea91ce931e74312b4e322ff0ba3d5d,0
3481,1325019600-0b6f69247cd95b90f75b7fc6bc1348be,0
3481,1323862680-5f345bdd86b5fea623ea61b24e4332a5,0
3481,1327011420-9fafc1867cad1648b97f002daeea1a0f,0
3481,1324020780-b31c95f59e970a3ff44571aaeedfd036,0
3481,1323401520-b8eeb1354a70ed9bdc0dd3b046d22761,0
3481,1323706200-1f6794b35e3f4e6d449d826c33b18311,0
3481,1326545580-66bffa8d74e6ca1e80d9bcade0717916,0
3481,1323147720-9ebf9443b41d728698026a172045e1f8,0
3481,1325010660-3362516914693fa84b871a3f9b681f51,0
3481,1324562460-3efe776ecc92c8d655d532bfb4bffa10,0
3481,1323348000-d94ee716b17cc8424cdd75e85b906cc0,0
3481,1323217080-21327e0995bf3c8d9f83cf3de1cb5464,0
3481,1327468800-1dd326a08cd7d162424773bbeab4f036,0
3481,1323769920-2f2f59f3175c475f80540246f61df77c,1
3481,1327597680-d180b60f52c781ad781cf9f5570b2f0a,0
3481,1321884960-90c48f9c072badb62dc9eecd9e3ce6cf,0
3481,1323569100-dcc057687fcdd3e1a0a44af758b30a61,0
3481,1325217780-6e162722dbe155d50c9cea514a1c5198,0
3481,1321895760-f2a62d15dead0bf13c3c691a7d8e08ac,0
3481,1321168680-de6d23fd002390a29ef20ebbead6f34f,0
3481,1326115860-8dfc4bcf040a4905070779704913ba1a,0
3481,1322037540-f7171094d54dfd422503caa22ff1564d,0
3481,1327384740-27490b11ef41de8320b6add4e642d19c,1
3481,1320476700-b8b76a7eff94032b2556ca5839e0ebfe,0
3481,1326262500-f8a78306e6288d40bcd9511387f26e8d,0
3481,1326304320-fcbe358dff552b282c67082b4bb955a9,0
3481,1321326600-6f80e06b73975937f9300a9081c1d5c6,0
3481,1327107840-9729156a73062c44d98907c1233903ca,0
3481,1321349520-0b30655404336120884b599f12cb791b,0
3481,1323237180-15ab48fa8d77d298a0962023769852c5,0
3481,1320564060-5f1cc0e5b2743762c83139d9798c08d2,0
3481,1323143700-9b4e45bab2eb1f437235e9ff1cdfcba2,0
3481,1325201460-0a4d8133f88c5161cd6149a076f1ad40,0
3481,1326921420-8f74a9cd0e66a823ef4a700297c48c8a,0
3481,1323644280-79f8bc6b0dce029d796c36f049b1f2d0,0
3481,1322788800-b208aae0d94aca277b4cb15fedfa8cbe,0
3481,1323581400-af8a44a8db46eef568b95d479f36a7dc,0
3481,1324381680-c3859d16adc2f49640e5591594599c89,0
3481,1323743880-3ae469e12f47d6adae985d5c90687257,0
3481,1323299520-5bea57a51bda108060b1f834fb8cac2e,0
3481,1327138080-9ea8d8ea3ac31c0fa31908f0d877b6bf,0
3481,1326616620-cf1f202ec46c87eae6ecd4e07d6c35f5,0
3481,1327109100-21b1ab8e5426474ebc23c79fa2427fec,0
3481,1326124980-63f67bd8c4f6f64f321b90798f662b6a,0
3481,1325012640-b7ada00b6779955dfc6e99e63124e2f5,0
3481,1327909260-1d86457ea83a514bbe43beb56b036983,0
3481,1320312600-8cba432c5103b3040157f8a7a5c54e32,0
3481,1323603000-982278847e362d858e844bcc85b4b079,0
3481,1322299200-15e8dc0b049b72f41d2cd1aa66a64247,0
3481,1327935120-bb0ffff89c2cce0f1d56b3ccc42f8e21,0
3481,1327587180-78a13158f8c776091f00605c7b66357c,0
3481,1320678900-8cbcb5cdb8f643551377e4709b44a060,0
3481,1327958340-2e66a72df148e10a00e4e452aa724804,0
3481,1320343500-628332e8a2405d0e62ea11f9d1562e96,0
3481,1325217780-1ff0dd2e20be49c2291f1c8ae09d44a1,0
3481,1323127980-02c0cb1cd2b076914856f914642ad5f5,0
3481,1327064520-8704b50a8e6e471e0e4e409bf3c475bf,0
3481,1327518240-24f27dc571fbcf5b189d88ea7180a461,0
3481,1322504400-1648843484972b30c4fab431cee8bf10,0
3481,1327761000-bab19de2b2df7bf301d1915c79d23c90,0
3481,1325524500-1e226a28297801954c460d06c4c4b455,0
3481,1326322080-4ba6f98982034491bbfb53b779daf349,0
3481,1326984120-42425820500444d33d374c5081c6d84e,0
3481,1321433340-96b9604ea2ea51a955bf217a06b5ac81,0
3481,1320450000-f3f2877b2aa2cd4a09cc7eb238474830,0
3481,1323815220-114c0585912d4b3b3cde8d32d6780636,0
3481,1324491900-0f12069617e1de41c933693d15743a65,0
3481,1323762060-96552801110069701c8a489ed733383e,0
3481,1323252120-a4fe71e001328f765a33cea3dc1346b0,0
3481,1327106820-cba037a0da896e8bca90c835f3db383f,1
3481,1323698580-81722510eec171b167f8abf21d326bca,0
3481,1324051800-60b91618296f0fb9632faa8c440aef1f,0
3481,1323656520-215c6d5c24627fc00af1d6f0cfb613d0,0
3481,1326913020-9b81be0bfe87b0ca56b62d721f2ce752,0
3481,1325963460-99d662eddfad735ca50c1fe5fc787c3c,0
3481,1325844540-b9620519879c544215b7b32249d3e348,0
3481,1326809940-db6a1ecedddbedfac5e3e8bb5866e3b2,0
3481,1327107300-1dc26a4b4b67256cd6f7752822f68450,0
3481,1326132960-fb3108f967c3243a9ad4dc14c94a847e,0
3481,1327957080-10edee2feb97fd4c20f41bf43f38d66f,0
3481,1324700100-5516aadd8b65820a5211836f360e957f,0
3481,1327620300-a4ff148ccef146bc574754c4e1936c58,0
3481,1324496940-30f92c1a79c1bc8d339706746ddc00df,0
3481,1324503060-60dfbe2aaf1ea53ecac2b86cbb7e5d0c,0
3481,1325280900-39593b2d8656d11b56590b6b372753d4,0
3481,1326553200-2c787c3f2bcada42ba7c92f5111af33b,0
3481,1321758720-0765703964cdb6d99252fb7ad594ad6a,0
3481,1327591680-17f04a01681666406a9f4cd2850114dd,0
3481,1321433340-5a9675da22f179180b324edf08853a2b,0
3481,1326079800-ce92aeeda3c715909e6958adf2a67141,0
3481,1326966300-98f31e9073cea8cf9cfb159d92a89df3,0
3481,1322255220-ac7114df7b8426634685c9afb82729ce,0
3481,1325579460-8a1fd4b016b0608e75165835cb3a3af2,0
3481,1326913680-b721508b3154229068c454d9ccc8e3b6,0
3481,1321996620-533dd372597cd2600a3c9d36a05eb573,0
3481,1320811500-a0b4c6263a51c0d465955408ed8db06a,0
3481,1321305060-5a7d55cc3dd49aea28356033383e9183,0
3481,1323603060-21282b902e16008a1f5e7f9946963d05,0
3481,1323943800-531eec872e9d8c07c91cd61f90e9a5e7,0
3481,1322297820-670f5ebcd9bc0bf83cb036623f0502d9,0
3481,1324876620-cd0c6714df9e88cd8afb8d658e33fd43,0
3481,1321605000-28fa4cd9d6a1631e282cd0124236acc3,0
3481,1326999780-3169b093690909c1b3835011e17abb9a,0
3481,1321150080-0312ea5a78337c03fab887d2ad58441a,0
3481,1322400060-4bfc0bcaaf2237ea4f5e1fc182fed872,0
3481,1327769100-32d76eaca4788aa8cea3b61e364eb114,0
3481,1325511600-b6be8b100f86a0fedbf9a9d36e1e1b13,0
3481,1326113400-95329154c51b7201827bc39faa1ec593,0
3481,1321407060-a1ae11294e674c9fe8f106491c2352c7,0
3481,1325203320-5f823e477d3dc79a5a808d14567d98f8,0
3481,1326104340-4fd18ca313254baed3a7cc530930848d,0
3481,1322498460-c23a2c91fcf27e3f58c9f410aafc1a49,0
3481,1321650180-16cfe4dfbfc8102019562bb7037c24fb,0
3481,1325093520-b05f95ff696ebed503087aa2c3dcb60d,0
3481,1327474860-175dc92dc62e81825b566b6677af4114,0
3481,1325016060-9022323d085e4f07357f94a0f3ab8bbc,0
3481,1327995360-8ca8d091272119664f6ac1a7098d0bb2,0
3481,1320423120-a37884284f7445c61bb2f7bcf9e34de0,0
3481,1325295060-6aa56ee4b510316f3787560bec69f450,0
3481,1328017920-7a0b07c0dae05c6e28052f0ae1b5401e,0
3481,1323901320-3b6c4e5e78c2e03e1c9231e3cb3b3a04,0
3481,1321610220-ac7bfbf162cfb9ee2e72b61dbdcc52df,0
3481,1326480180-f64bc4ddc9f5ee4afc089ed873a1079d,0
3481,1325454840-a9d9b5aa179ed9e27ce6275a2f4af722,0
3481,1324290600-7ac874065d5ca297e22f085b0bf8661d,0
3481,1323627960-3667125ba86205e6148fec51ec74585a,0
3481,1322675760-fe8047b2167c44c80e8145dcbaeaf78b,0
3481,1327839300-a06288a97b3babdc8da0da509e4bfe41,1
3481,1327817040-91b2486f8a5bf1406df4953ced3613c8,1
3481,1321926600-62f2219995e1e5a5af5283227a4b6615,0
3481,1324647120-b4cad2c0e55f0f0ba988e4f865e54429,0
3481,1325003040-2ce27012ec95af7903f7401d588d394f,0
3481,1327690560-2fa4ecdc1faf6dbd67141d0f5cc578cb,0
3481,1326962820-dc67057869f52a859a6cfdd2ad51baa2,0
3481,1326003120-d0072eabf90fb387bf73429bb074a37d,0
3481,1326148500-01e7515cd68b58f878b622b4e2ecfa96,0
3481,1324368780-cb7d190b8587250bf54664c8cb987268,0
3481,1326978540-0e96b1aced488d67eafaae88ac778eaa,0
3481,1325610240-3f991c5766fdabf13a9ed53da5b01690,0
3481,1320312660-51c02fd5a1c9e89697fbb10949232562,0
3481,1322184240-d8f244827ef683d2f00bffcd15116741,0
3481,1323125340-3b2165c862ffe701ff99e98a5c76f1f2,0
3481,1323851460-f9601de4d39198d975da647981d99a70,0
3481,1327791240-8a4df8c8ccfecb33c69332e653301d80,0
3481,1322868540-6c60f93bb5902387e68ac6daa8f8c4b1,0
3481,1326918600-c711b0b1074047274957432dea7d2e3e,0
3481,1322712240-8798a13ed436a22df1d8a37dc78c87c6,0
3481,1326212280-2d6a9ec3cbbd808967d3f81173e4e665,0
3481,1322774700-721212b62a2105bfafb47997d1629aea,0
3481,1322607000-ff8f6203875fa3b59b8716368bfd8da6,0
3481,1324843200-2a0894979e55009754ddbc4e65cce78f,0
3481,1327609920-016e9b56ab75719fb12b46b104682f2b,0
3481,1326467700-7125bd008ed4f93ef60a10252bb51ba0,0
3481,1325355480-0f550b794cf60b9252a1aee75761df82,0
3481,1325801340-a8193c9f486d78df56a5d10c0d5f056a,1
3481,1323876840-1c34c6fe1cd23254481cf477fa16b6ba,0
3481,1323650100-98014b50e9b87d3d970090be6eb186dc,0
3481,1325060640-1d2605bf392b6da29a63441ac37fced2,0
3481,1327559460-59cc829542e4e8ab84d9339ca6989457,0
3481,1321427580-0c1ed2ab254e7df8ca2f4de7bbeef488,0
3481,1323333420-76d55df86bd92fdf570273ed02c8e8e5,0
3481,1321433340-08e3ffa6782db1e13b67b2d8be9f48f5,0
3481,1321695720-1faed8e43b0f934471cc1f4d674dd60f,0
3481,1320810900-b4e332d8d2d2ba175f647dfe681d07dc,0
3481,1325579400-f64b9664338573879ea6ce92d05bc6bd,0
3481,1321534260-2275e6e824c38b0b4ebdf6e062d704c1,0
3481,1320757860-b1acb5fe40ae3d4ac5a62d8834289a00,0
3481,1326961320-16ef78f8f1c978149780c1a1791a17d4,0
3481,1323387180-0a73028c4e35dc990fd331aff35aaaf5,0
3481,1322681520-0a15bf79906130301c26c90d0641584e,0
3481,1322888940-4d14e1f6d291ec1a16dbf4eb497a4825,0
3481,1326966000-427a89f35ea7318db71745f8d868ae6a,0
3481,1324569900-21bb0b3d698ea80559b3101681c80805,0
3481,1326390660-cdf80b269d8d076f5c8c64520767e573,0
3481,1323418680-258dd8f95c272bc0df56b1b3bc64260f,0
3481,1327453980-2c2b76f3af423ea5ecc235cb6dd832a7,0
3481,1322860800-6caff0030692ae85100225a498ccc24b,0
3481,1323415080-4544bb5e8eaf4476298a0ba3aae9fbe1,0
3481,1327449120-c35cb0dad43cd04019bd9f9a471297cc,0
3481,1327731180-cbc842bfe1a3b17f3505df834e380fd6,0
3481,1327866000-11c2bed875923abd99e49584bb6f3c67,0
3481,1325489640-c81b8e62b316ae7f40e884527c36eba8,0
3481,1320977700-da46d6217b02ea501c44c3e139d7770a,0
3481,1328002200-f98c64290793897c56c41df4c533bdc3,0
3481,1327437600-67941560f4e8284b44a2ad508913ebee,0
3481,1325858400-c1630d723cc5de8770ae77d368d7c670,0
3481,1328018160-370e3e9644ae0ffc2dcbd8d4835f8e4b,0
3481,1325665020-cc7bcc15faef1a8ec444605d27b2cb40,0
3481,1326495900-520dab352c2ec28b8faf3351f0b9edd0,0
3481,1326950580-7c555d543db6fac5412cc6045634bb8c,0
3481,1324966020-d75ad59301378d3887d156c2c32a140d,0
3481,1320827340-ff7d2c9313e5ff8343bb02e2582a9360,0
3481,1327253580-a1f8862905de5406b66d3ce2c7997777,0
3481,1324390260-51b10e4b3e677960168a2995a17bba2e,0
3481,1326772980-28e4afa0faa8296a66185f89fb2e36ff,0
3481,1321610220-82513edd2b623e49a42ab557a2fd2eec,0
3481,1327568160-074835b369c5b47229439878cbc48063,0
3481,1321632360-c81abf6a4e58dcac327dbd9e34e87d03,0
3481,1322054760-083a0b0e189a1cfabb152ba9f02a778d,0
3481,1324362540-b7d05a00dddcb3eae6a54bf54711f0a8,0
3481,1323161220-5c4e4a5790bdc191a8769aaeb8bca7d5,0
3481,1323903660-03f2206de85e412f1bac20fba720caf8,0
3481,1323609960-02c14fbedb3804c05c12a7ba3117ab8e,0
3481,1327354680-80bb4d9bf1edbfa1a7dc484448c41c52,0
3481,1320624900-0f15d2da44475961acef18b689793636,0
3481,1326865080-86b1c228048a964c89e307862eba3843,0
3481,1322633880-afbbbfbd5e386e60a693998e34a31a71,0
3481,1327502220-109398bc606e778cead08d8f99920c22,0
3481,1326690960-74bbda768c7835f33f41a8bcb4a0ad3a,0
3481,1324199760-30acc185153f4e12d997ec1999cbf516,0
3481,1320796080-662574621f0cabb4e47ee65b12937203,0
3481,1327340100-2c0f27e21d83ab9acc668842fdf0527b,0
3481,1325857380-14b3c610a0f7813c85718020a5e166bf,0
3481,1321172400-a9801126370da776adc34ade5fb990c1,0
3481,1321401300-afde6e4c7c04ef85a95fb4f41aaac677,0
3481,1326376800-6af9fa57e24b81472d59f7d48cb86f5f,0
3481,1327179660-83450af9e70e36a01849cd78414a6060,0
3481,1320711780-c84372b561583086bd03613a300143a7,0
3481,1323430200-707398be9e391b397763278d31ca3a00,0
3481,1327482120-0e138a0e26c3360b137805c99d08e280,0
3481,1327427400-03d9700604674d3a7061a5d98b7f4ed4,0
3481,1324046460-4ff5028bc624e8c9d349f34d17960cc4,1
3481,1324042440-c70295747e6453e5fdce6033081d72b5,0
3481,1322856000-d0e20f8f016fac4c0db99d17a4abedb0,0
3481,1323184080-b3354d1f3946d7d19751bdce7ee0213e,0
3481,1323897120-642db80d060046e0a3026c518a0dc916,0
3481,1322459940-8e2ceaae3cf31ebcab9f635b0bc8e3b0,0
3481,1324378440-4c745fff476845737e9c83dc4fc61a28,0
3481,1325597580-9f2d7502b4d78dee017da240ee95087d,0
3481,1325922180-72115a4a72f939a4f997e82591dea6f1,0
3481,1323257580-b5d3d7f8b6992028ff7f1e4759707ac8,0
3481,1322503620-22e72e60cd436dbbd82f33fd3adb288c,0
3481,1327951620-64361d61d6eebac08e6748c64fe775e2,0
3481,1321610220-45196d3a7fda6c59a1df67a4413fe890,0
3481,1322297640-7045b2c03ff0aff12200b7958499ef1a,0
3481,1326212040-f99db8173b4b55852a8fb0b89c9eea00,0
3481,1326756420-bdb6d6ad9db6d4c1c8da7dd9d3cca243,0
3481,1322009280-a6157bfcad72a235b4111138ce4e4bcf,0
3481,1325402640-51c8deb94266863d032c94b6134370bf,0
3481,1320790800-31f4598b9e4c6e8c8800041c46428be7,0
3481,1326933060-304edbd79c2bb5745657176247dba6da,0
3481,1325760360-497816ee1eb791b7e98d9d59082e94ca,0
3481,1324157100-36f56a4462ff2c656567d4cfdb984ad9,0
3481,1327504740-1890342962de8dafda9d0e6d2e6c74ad,0
3481,1328022240-bf6d5b1eb8792008943a5cfeceb0b86b,0
3481,1327875120-cfdd8243b3e6bcd6ab85707ace469dd1,0
3481,1322678460-a97045c907d7a495419e0c7e46d889af,0
3481,1326027960-2cfe8e8de67afd632aa4b712c966b6e7,0
3481,1327369620-4d21e218c662cfa530014991dac53f25,0
3481,1323845760-20c35a394c86aebd72a024b4aa8b6359,0
3481,1322727660-a30674bb73c77f9f540e65131650c081,0
3481,1326348840-4f47779fd4b25682033dc8fbb0534971,0
3481,1325822760-586c074a6c52ccf91a750ddad8aa5cc9,0
3481,1323541620-d426d22336b9c3fd033ad0c052da5aa2,0
3481,1327556880-ac09eaa58cd3fb7c41d63180e9ae810b,0
3481,1321422660-1fdbee76bb01c27ca08d835592df3ffb,0
3481,1324710300-ff8b7c721553b8cf18e3d159710fa3ea,0
3481,1326309600-d07214e95accad6beb1f797ccb4f982a,0
3481,1327496040-254733b64d7c7cad7a277560b762063b,0
3481,1325712180-f7b324ed15f23e82cde8c2191a2cd276,0
3481,1320802620-b50a654344d66329475d6fee61c06a28,0
3481,1327948500-d17954496cc143d09bed99e8176b3004,0
3481,1320472440-cdb29925d2c230640db4170d96286218,0
3481,1325260800-f3ae65295ac4095af9bccd1a6c1df3ff,1
3481,1325260800-b99aac20990c59be42c901c53c0e46fd,1
3481,1325866380-02214eb6bf038155b2bea06413d44a37,0
3481,1323012540-3ecc9220bfa4bdd25fabd7251a134489,0
3481,1323700860-6a95b70ef9fb9a92e0b6b9364b697a2b,0
3481,1322428140-6efacf8433263658732b3d57100e80e7,0
3481,1322701620-ac6ea780db6473180d2acba6b166a50f,0
3481,1323385980-ab30276f874f7499b6d295744ea9a585,0
3481,1325713380-f3fa4da0f4cb8d929e261942d7df557a,0
3481,1325761020-5082552102093501f60be285208ecb4b,0
3481,1327326720-485f0a6e4ee37736ae502a678fdfeac1,0
3481,1325203980-a344ddcdd491de02fcd77adfbe2f69f7,0
3481,1321237380-1567c9e8632fb15f9d4125b2ca206204,0
3481,1326935280-8cceca066c4e142dc1ea8e6260359c89,0
3481,1322554680-d7543a4fc9bcfa8c69b4de08623ead70,0
3481,1322534160-1e1efe4b638582ccbff7b3006a2e95f2,0
3481,1320628080-3278a0e420232251cfe4695e680f48b1,0
3481,1324540080-00cc353e5d2df66db44c6de7bfd06915,0
3481,1321402680-74617f5b62da4dcaf3c47b9a136fb8a8,0
3481,1326789180-acf0abe4efc4d48da71770624a85dfa6,1
3481,1326789180-3e57159290caa9d330c4f5b02a6c9bec,1
3481,1323120960-9c7916dfbfc72f7084e8630f7a854555,1
3481,1326183960-4f368fe3c8c968a3d36cdabe8516e35d,1
3481,1325579400-b5639f5fa019e259690d4e0da7a972e2,1
3481,1325579400-565573aec789f650bb1079437483f7e9,1
3481,1321327020-d04480c8b8949c1fc1b1b2a9688dfb44,0
3481,1324402440-0d551bd7f103a4f2ce5d66177067724c,0
3481,1327597740-82c83735f66e2e320c653b058cece554,0
3481,1322300040-9fc1afa044b67269212938123f0406f8,0
3481,1324977360-fa723714af3038d8213c775bc01ded5f,0
3481,1323466260-cae4f2754c56661ae745c187c90a2241,0
3481,1320215040-45f750a07b0e9acd2e76eb677eb43b10,0
3481,1327480320-36d18b19b43ea59a95b72015f1369f5f,0
3481,1322491500-5e6c7647992cfd672c40fe5292593053,0
3481,1320340500-022847e384806349f259bda2292745f6,0
3481,1324083120-59b3ac0df8ab554229f505120a8cf173,0
3481,1321848000-b53ccb83ce51017a774a7c714a9322be,0
3481,1327489680-21c36692fb0cc2968ae6b084696354e0,0
3481,1323905100-9f609303ca3cf9adfdc5fccab3827a7a,0
3481,1321394760-8727484eb872ce6a86771c0f3073236f,0
3481,1325835180-491893a5980bbd445d383c14f2ae69e5,0
3481,1325666760-88e4d9ff1d0b40edfa9ce029752b1263,0
3481,1323725520-c41f8a2902a2b7a50be77c6b69b4caf0,0
3481,1327653540-01faeb089107dfa14e5208d0fe1f82be,0
3481,1328008020-0c309caf9678487c0e3f6a96dae7fde8,0
3481,1324047840-8166d955aa4b4870322affb737930a48,0
3481,1323290760-388562ee6bee65cb875df6b4fffc8ab0,0
3481,1322816520-a2a5c362a9158f37cf0e453792e0195b,0
3481,1327006080-3f31cfd4a52f9936d400219b242ee9d5,0
3481,1326363060-6c64b6ed9a56d11faa2ba4fda6964e32,0
3481,1327945320-f4c8363e24d7cf2dd614b8ac95d9fb78,0
3481,1322555400-75b16170b2c989177b621229b76e4c70,0
3481,1324422180-3b0de07c4cc14ef82394acdf2d054dfc,0
3481,1324542240-1cb153af122868df8c7c59f405d5ff58,0
3481,1321944180-518e8862468412476a78a96f288bd46b,0
3481,1322529660-2a7386d717487bcde897425275fd1234,0
3481,1326363660-047023f9935f810d3d796f6e98ee4527,0
3481,1320599160-782b43715bb653012d7e11caa0750cb7,0
3481,1321000740-62e05cac2cd3311454309dd1d3fc4e95,0
3481,1322707020-c99a91f09c2eb78069d4fae28a0167a3,0
3481,1326677400-6f148a6dfcdd0904df03f30efe454f83,0
3481,1320600000-a000a4035453d2152cd36df4edeff20c,0
3481,1324282680-1403a89d5ab28427161d6bcfef7c6767,0
3481,1327347600-8a647eff5af9b1ba1612440ad73180ee,0
3481,1326915960-ddc4f32a0f40d8682aa7394f208d02ee,0
3481,1324199580-cb1fb335e29fc587c4077c4bc627db3a,0
3481,1322499960-45964c50d2b2acf6a526dc1224193208,0
3481,1322513940-1f86aea1b7edb8c078c1653d5af12027,0
3481,1321255320-a6e2e736db14e0a3b9006c28c02804e3,0
3481,1322079720-bad7faa6dae9182bad5ec0e9121608b2,0
3481,1321002240-cf9f268a101511d7be8b004f7cfbb74b,0
3481,1328053680-34354fa6e8817cc339b37ba3a88179eb,0
3481,1326444720-6cd86321b16e497e5788f2916362f583,0
3481,1324035120-adba857312969c4a1ee3496d9ebf5728,0
3481,1327817460-71afa6dde6026d04f03e56d777902542,0
3481,1321374000-0dd8017298ed215af52f8f40357e4c33,0
3481,1324462500-0db28906d97b533b8b53e474d2307c03,0
3481,1326186060-367b836fd6fd6ddb0b8a193af00a21c6,0
3481,1325761020-283e740b563119c67ee5a24b5e5c0714,0
3481,1324056840-3cb3cb7ecd03974141006197b09bf27f,0
3481,1327438800-d9106702c7cbe57b5c588b4444e76340,0
3481,1326270600-c79d14302f0e850bafa60cca6f95c332,0
3481,1324458540-00c8e82a4615237af6b718612115cb9d,0
3481,1321793940-624b1af46430433956483f466be816da,0
3481,1321375860-fc8087086de43b3a71b595f7d5771cff,0
3481,1325082840-f2d46e2210bbb9a5e81b020f822a517f,0
3481,1326497400-1abee09884d197c31126b850ef770269,0
3481,1325863080-4e9b967271cdcb8fdd243b298846c6de,0
3481,1322809140-6ebeb2766091155f8630a355da03cb82,0
3481,1326596580-949e6326132389fda3a9f01a75661070,0
3481,1324870740-20e8503ea8ecca01d7ef972ff5ae4f3b,0
3481,1325055720-063696195d0ea1ee24b7302226f308cd,0
3481,1320669300-42589a85326cc19d06a93110121276f4,0
3481,1325750460-a4eadafc9fe37c75dda4426597e9a6f0,0
3481,1321329240-5617765f524e3cc87f3fc45e1152a9c4,0
3481,1327135320-1110decfe8b554a1dba615800fd36e9b,0
3481,1325270940-6f41e3df6b47821cee00e579143fbd1b,0
3481,1326689160-a51ee0871e9ae19955c83a88635cf823,0
3481,1325321460-7ad7f29a55859d526e2516666e245933,0
3481,1324809480-cf69348594544771e4ef44e3f0fdeef4,0
3481,1325369760-5a671e1cddf078706adae80fb6168e2b,0
3481,1324940520-fbd06cc9ddc7e4d406ae0bcb8a032b82,0
3481,1326764520-c2bfd95317777f64a093afcbb0228678,0
3481,1321265700-17199580e73039d8952f6cc43a0489ce,0
3481,1324067520-4266a0d80575ee134d60964c60f937cb,0
3481,1326383700-239441a91b5e987489853ed166601ea0,0
3481,1324422000-fa77b1ac51c360b329002874a925f988,0
3481,1322068680-1977a66c9241277d3079c2c9a630d521,0
3481,1322225340-c8e5177f5b934da865cc3b001ffaca6b,0
3481,1326376740-de1f844ebf5362dca2a37cf4f4d2a54a,0
3481,1327254360-7b4d45e450d94e496939b82ddbb8f872,0
3481,1322605440-77d56107f08056b81c36bfb9c35392a5,0
3481,1322934960-6d0e0d7004694e90e669057654a8b47c,0
3481,1323928500-2efea2665bc2e8ce6e13618132a1226b,0
3481,1326756420-8a8564d1602c1fd4d1e97e97dd27d1b9,0
3481,1325079240-f1ec7403544e622ca7baa788bf2ecc5d,0
3481,1327416720-bbb5ad483248ca0c361185f87d724b3f,0
3481,1326385500-cb17260bd1b3792f1adc49b4ae407e1b,0
3481,1327056060-bc080124fa30812fca1384c7773d870b,0
3481,1322372580-1119ff8533fb970e80b779d291b564ec,0
3481,1324389120-33ffe045a22ee9b429e830af56e83c2f,0
3481,1323665520-10cec4fb288849297625d3f7691b717d,0
3481,1322498460-075acaf25a21f0bca783dbe3d9cdd05a,0
3481,1323736080-3b62f517ca679822ad7ce71c3509462a,0
3481,1325781540-1ffb485808a46746e03edf780d309119,0
3481,1326694200-9875de90de3a9d30bac8beb2f76c27da,0
3481,1320343200-789b58e9c3ba36c2aa9e07eaf26adc39,0
3481,1320890160-dcb50a3b9407c865e60d09f89e1dc63c,0
3481,1327331820-bd5735e3de3ea46f2455259025010520,0
3481,1322908920-8a23ee81c7ca35c306080ca388841197,0
3481,1326542880-9ba04d31cdca76036e09202c29a22505,0
3481,1323899700-69a78a41bb12b65244baad94e5024b7a,0
3481,1327479360-892eab8eedae461ccd0f9ce496430371,0
3481,1327009980-9c0dd21733152f4d07e40f8e8b14ad81,0
3481,1323095580-f94c032b414ea360d93758f759a7a318,0
3481,1322189100-28da7bead552e671c69f5e73e363f5d8,0
3481,1322554860-8126b911145d0175d08b1f67b96b7135,0
3481,1326407880-552ea3e5dd3685bd5e652d2507bb7c64,0
3481,1326922980-3b6752c5cfaf2b8f405e9da97dc6af2e,0
3481,1321037040-9888651581bd05a38aa3ed871f3ad8cf,0
3481,1323938100-aa8a6653a5c3d66778f4fabd9c6aaec2,0
3481,1327487100-85347bb58d6517c5f1c8ce03131410b7,0
3481,1326926280-ac9a7ab4bf5e3b90fff5966b424cc39f,0
3481,1321454820-610eb9106f08db8287436865120e563e,0
3481,1324955160-64b1de8801c842dd1e24065c813be1f7,0
3481,1323191040-dec04c2d37aa00c46f66966d6fbfb692,0
3481,1322054940-dcb721a13d53f2e43aba607f0fc7525f,0
3481,1322117100-5da235c088f42b91df5d5eb7c4b20e33,0
3481,1325152680-f72f1ff8e508ab745bdf76791e445994,0
3481,1320962160-a27f76853877918638029eb60227ecd2,0
3481,1326985860-401b23815753288413303ed4f47b3182,0
3481,1323109860-1625daf945a643018982d0c8e858ec15,0
3481,1326706020-6005515083ce30becb7205a85369ba64,0
3481,1324696800-861c6ff53799b60a69ef3fd4ff0db687,0
3481,1325926260-8c1f7373dbded35987bbde0a8b87ebb0,0
3481,1327788000-7959d7894be331f90d7226fe8f7b961b,0
3481,1320430620-9c659fb0d1c9d006e1c19c9808f63666,0
3481,1322917920-43dda72eeaa0a089ae6ff5c98f536a28,0
3481,1326379680-889c7f4a31bd41c5ece5e217b96528ae,0
3481,1324841820-7d2345d9bf84b03b64b95ac3ab941d4e,0
3481,1321898340-39d18b329a688a20a714cb8cf8268b99,0
3481,1321244640-33058a8b32a6eb1118e3fae6c273d140,0
3481,1321237680-56a4de0acf1af346551a40ed0c10a49d,0
3481,1328058660-7738fe6f99087e00e9c81583cdc5ddfb,0
3481,1321380000-636d3365e0a4929977ae2d9147869df4,0
3481,1323289320-baa1309ca37a6679813b240abfb6801f,0
3481,1326828420-f08ecd0ad470403e8ae3950ea84a414c,0
3481,1323886260-2c761dd710c9aa46b1105c7767df725a,0
3481,1322004420-5030d81fa15c4dd4922c0fe0a99e86da,0
3481,1328018160-1a3b95be6bcc682806a86ece9ce43c52,0
3481,1325636940-f459ae55462ac5894880fff50124e893,0
3481,1323805500-0e33c901093f4c970676b695599767ef,0
3481,1323913680-ace42f3ad21d719e8358b1ac0c2efb8f,0
3481,1323014940-31486ab0b44c676349ba67ca538c30dc,0
3481,1327221240-0a80bd41f7643e0830c70a82668f6dc7,0
3481,1324580460-13d4a835be60ff7c057d582e6e2aaa4e,0
3481,1325105100-81e1fab6564e847a7caa4d070fa84271,0
3481,1326926940-14f2e6033f3c1b2f5db306b5a63a88da,0
3481,1325487480-4f8668f82980df89bc7a7a9234f7e48d,0
3481,1326915180-d2519753e2e1831a853f058ee6235c07,0
3481,1326497400-18ef409b9e2083e2261f5206d9cd5844,0
3481,1325860080-cbe1dad697f8954d73f97dc5a9324399,0
3481,1325403060-b81a923fa67340ca38e665d6a3a1355c,0
3481,1320696360-67947296845aacf20175c3ee12d3745c,0
3481,1325442900-574b08d065a20c41bcad8bf6685893a9,0
3481,1324309920-55a1b63e0f175c277c8cfd11d088cdaa,0
3481,1326458100-f52a6fa0dc2d0e776ff66f4ff059418c,0
3481,1322738340-9e9c7473738f652faeabc2b76588b506,0
3481,1320875040-bbd1e50e09a26f2f5e2e1b8566c41a92,0
3481,1323580500-218f40f71c0055a4987c28d8dd5d7e3f,0
3481,1321497780-7c41b7c219aaceca968f4f860a4b928a,0
3481,1325893320-ca5d90b14a2ac027315e23d32b27c394,0
3481,1323175200-0148da98295228298fb9ed999a9d3ccc,0
3481,1327001580-1e208f50dab056c60601986aca4d5d28,0
3481,1320758580-03bed7feafcafe38b48fd7436ebd711a,0
3481,1323884220-471d34cd6ec132fccd4f8486c0799eb2,0
3481,1328052420-394606b8c0df01ef9b0e3ff4713cf7b3,0
3481,1323338220-cb2fa31bd82ecc15223f45d7caee2f11,0
3481,1324561080-1173e4bac6f10d2c1a2c405e17937d8e,0
3481,1323372420-7b5a5a1ee9b20a402cf0acefdc0f5280,0
3481,1325867880-62ec7c37825e05e4c3ccde8326b07293,0
3481,1326142680-568b98509761992888ec15b1b3355418,0
3481,1325683140-64fbcfb24ddb76105e39d3283efcb08a,0
3481,1327432560-430ddcc38077019e80f7f104742eb8c2,0
3481,1321556820-57c7c22d468d1c8708a3ad8454018027,0
3481,1322202180-25a1af93fec5abc49e5ad487ceef7af2,0
3481,1322351700-cb29c48367ee21b76d00c327945bf035,0
3481,1320881280-8eafa511608e935a12a114336c332317,0
3481,1324625940-d59c6cf12d8641222c63a9611316a444,0
3481,1326057960-3f9a57535ea290babda72cf22c9bd3da,0
3481,1321610220-656dcbeb345c0edac917f70eee4de392,0
3481,1322741340-6e9f11054892718b7b1c90784c272dd2,0
3481,1320799500-f2dd956e5442bc181673e7242f32e24b,0
3481,1320894600-19e609f11f750028c7cc20ab97f2bbed,0
3481,1321309320-15e86e064cdf8bf125d105df83524250,0
3481,1325020980-5ef80ab993e3d392abafcbe6bc03bc48,0
3481,1320723000-0655660892617aa5ca1093fb89e814d3,0
3481,1323123000-8150d00682d52871b5e10a81fa5a6cd8,0
3481,1320999420-df2cced150b06d5f21cbc95a0cbe4d2c,0
3481,1325837340-ae6502432e9e15b9c3b7354bd1533053,0
3481,1321430700-75db0a8cbeda5d61906209cf947796d2,0
3481,1323830040-b10904b6f89f8a67cf3599c468efae69,0
3481,1325203980-23524168cd561bcdc31001c34f0c3d61,0
3481,1324871940-f3c01723066d8e7f7bc37f8f2ee12453,0
3481,1322741940-5849b4189576e99e7fbe4f9ff90d3702,0
3481,1323459000-49a02b9f7d8786db79c8c5ab8b1cc8e5,0
3481,1324471020-29da5998fa0d6e92b9aa3b7ef6fe670f,0
3481,1325991060-42c6f389b36a136990ea6dce407aa801,0
3481,1325373780-d14f5d2f2fbbe1b8246d2dddff7017f1,0
3481,1322378340-8e739497b2f71b997beb06d0c154e26a,0
3481,1320312600-f86bf1854b1b6452b1367c6f9ceed3c4,0
3481,1326290100-677b032757618de3d87adff22e4c8bda,0
3481,1328034240-0203d3021fc4e0c552a8ca53dc99528b,0
3481,1323396720-7bc1e189eb6d0c6cb07b2cb3a2807387,0
3481,1321747380-2a9312af39af5ba289d916f8cf4022a7,0
3481,1325744880-32891794468b45899dbb133c824c684e,0
3481,1327214400-2cc76832ece3bbf7435aa4dcef9849cc,0
3481,1321076340-a5c175644e3f02e8db234f264bbb01c9,0
3481,1322542200-5b505c525a0d036aaa7b74d5a18f4417,0
3481,1323935340-37a890992ccda58b946f0158ba7bcbc4,0
3481,1326441120-1b01fb477e5e284883147b28024b56e2,0
3481,1324485360-27c992642e5e847ddf46d766fbb8fb5d,0
3481,1322392320-72ffd3441bbdc532ebab7145affb3460,0
3481,1326149700-16b8073c0d2f168a392209ae24a5a4df,0
3481,1326706020-1b70045bbc3296348ee78225a2f34c14,0
3481,1320767460-cea54b8696ec58ff166a88d307d5323f,0
3481,1324014540-df7219a5968418db14958f21529d7884,0
3481,1322232180-4a7c3c9e05206eab320fe997059b3dbe,0
3481,1323645600-d84e6ef3c81939be6cee49ff8358f018,0
3481,1320125100-81ee6f7391fe3f4a49f4aa82b4af3f18,0
3481,1326390660-58bb7027050489319b7fdf2535ea0490,0
3481,1324492260-19d98e7cd476307896855db1044fff12,0
3481,1327655400-0274e6baeaa561ab2c03381d88a78e38,0
3481,1326616620-76839690fe0ebddfa0623ae8719ac975,0
3481,1327105260-29ca88c9705a47bb0ed0154a46c8ce72,0
3481,1322266020-6a31085935ec756e97fafe4aa7bc65aa,0
3481,1325138520-cbb7ab75a78125448ba0c30b0fbc5d4e,0
3481,1325429520-0a37d0c2440dcaccbebb6c2dadb4ed26,0
3481,1325940240-9e36477dd6fe66525951a4ac73d7753f,0
3481,1325621160-7d85dcfa68a889685fc9ee348856f2a5,0
3481,1322056020-0979fd0a15f54bf8a43a324f6b3912d3,0
3481,1325456040-c0cf2b39826d45cace07699fe4e58ba2,0
3481,1326386040-184158c027b4f6471f5c3dc9c56c0786,0
3481,1320777540-094417f3945445b86544bce9b1bc07ee,0
3481,1324330260-3b44aef8a97c93e10f682d9502762e05,0
3481,1327495740-2004bfde4426df3499f7a651b5f4e0d3,0
3481,1320219060-5c04fb92f44c11a4494e80a25cb68ebe,0
3481,1320697320-4cbe42d183debea7954a0b38fba3a0b5,0
3481,1324665000-26a1f23c2227379d3ff2f3fb2c482cf2,0
3481,1322394780-2c2736d9e30fedfbfeee76df8ff6b7de,0
3481,1326790920-4049a63363e89f6a254872ed72df8258,0
3481,1324547280-2493efcd9ba100bf5a65618351de85fe,0
3481,1323410700-1a781d3aa142ba17752ca43a2cca8e56,0
3481,1326954000-28466c84271cc3c3ce59024db0bd7351,0
3481,1321693800-2f03a5f43de824c7e088467cf9503af9,0
3481,1326639060-9b2801d427ff61d78ac8062ca73d08a8,0
3481,1323736680-cf8621ab9a4a90bf81c896932d427a45,0
3481,1327570080-a3e9dba029d9d839a882b3a870907f56,0
3481,1323182880-0d180f482467685d4fb494a3445a895c,0
3481,1320867720-f5055eaa6cecc2711e034315dbc2bef3,0
3481,1320927840-0837197bc3c3e9aea84851f5bf1ce05a,0
3481,1323148560-8de89691d29130a72f6e6893687fddcd,0
3481,1323538140-2005f6dfbd0e17668184edf3c9206b70,0
3481,1324281840-6ca97688047160a9960554d93b8279c6,0
3481,1322523660-0910aaa9e0a08d239476701a7a71694d,0
3481,1322796900-171c81cec02795698d75a50ff07832bb,0
3481,1321453020-97c30183a6eace6d778f8383d5d6ffb4,0
3481,1326382380-60f89604d8a888f5254d8366fd8ef111,0
3481,1325586720-fff26c6cb47fd04812b85eab2f713429,0
3481,1322806200-1b3c7df41746ef9e4b6fca5b27bc0e35,0
3481,1326163680-1e2bf529a692e98bb3c1eabf136f1218,0
3481,1321645560-bffc55dec8aa2d44d0d98f1ac1b2ec89,0
3481,1323419820-02ec8c7db2cb6f107e55c1d23944fac8,0
3481,1322751900-33a642ecbb326a2e5c540116ac39b38a,0
3481,1322569680-5db359751ff2bcb341a863a6fc24c61d,0
3481,1321603440-b13b357e8b71f81c8e8075f3f864a099,0
3481,1326241920-9621b62666de67b6cd3920571d9f94f9,0
3481,1327036800-5b443f7443ec1155ff9f56f782c38ff1,0
3481,1320645060-0b32b6b098046d79c76500929e80c000,0
3481,1321746780-44cd9345f0e441ad240bf5c6f667615e,0
3481,1323137400-c9f656260581b6a43f311fa62ab288e0,1
3481,1323790980-d88cc738640d8bf00158f47fa04568af,0
3481,1327392660-28a89e5ac67c3ee9722e43f9e610ab1e,0
3481,1325718000-446675d9d0948541f97f2adeb37f1e06,0
3481,1326042600-b6f62842b013a9e13e3d74a99267947d,0
3481,1325288160-398e0f25fbe2fe373be3e699be5ab712,0
3481,1323950940-639b2cbc3142d7969a65c2ce0cba3ffa,0
3481,1323866520-18edffe819231d58b2e33843e4a1a68e,0
3481,1327094820-4914c4e5fb645c4f8bc7d4d87d6103f7,0
3481,1320831600-6237c2d8501f9e3e306c408909149681,0
3481,1320754860-577d067e0f9566da2b2dc923b4cdab78,0
3481,1326803820-3081c0484f314c56069e6863dfcb7e79,0
3481,1323353160-052ece45a134401a0a0a1b08b2eab70a,0
3481,1325874240-504d51bffb40a9bdf9ebab33036ad430,0
3481,1327002240-4321915fde25c9df63ebd2fddb1f0a40,0
3481,1322189760-0b934c627904c045f6665d74f272b7bc,0
3481,1322826360-c73d44cb6850dd07e73a2aa3b19a15aa,0
3481,1323107700-728f24c7e2cbca9c7e0daef6c5201a0d,0
3481,1324004160-72189679ae34e87459c147ec97d989a6,0
3481,1324831200-f151c9c3797916c1e44bbf62dc91c4e6,0
3481,1327810140-7674b0edcf1b5b024374d1ccd7dc4319,0
3481,1326412800-71d206c324918bdd4a9bb04895b21060,0
3481,1325624700-3db0309f83e4681f71db654ae5b38f74,0
3481,1324524780-937d8c05e8b9ac97cb1c67cc1bd74a13,0
3481,1324457940-acbf833ed83e4547445a86de91911c81,0
3481,1322974680-cd9e8fb9e212d62529d4d90e27d9b062,1
3481,1323419820-5c6821c278c984cab6b8909d43d659c4,0
3481,1324716000-84fd5efc5f5bed92e64b3aeee4e15ca5,0
3481,1327090200-19770f68858962ddf7eacfae4cd9b1fd,0
3481,1326254280-31dac1f82537044c531e4ce01430bacf,0
3481,1321610220-60fe99dd74300c2091bdec3080e8945f,0
3481,1322972640-90056ef781eb9c2364d7b966ca7e55a6,1
3481,1320329760-2113f489323fc9becf5d67b5456d64ca,0
3481,1322013960-afcd20cf26bdd03eecde11ca40d287cc,0
3481,1327641120-1725de4e844e6e0237b7f3ab61030650,0
3481,1321687440-197589fd89c88315d63f5da11e7a2ebd,0
3481,1327657800-71b25315a5f122b68471be8473790bb3,0
3481,1327684740-8333ca433c6594b935d7e4cd3c28b1d6,0
3481,1320956700-7f3f3cb6d31a0f9fcf32a1f10aac12fa,0
3481,1321181580-d6757747e21390c3142dfc0f2542d903,0
3481,1321225680-0e0a08e2e9084d4a365651887a1bf602,0
3481,1327281600-bff769fb293e917815c8e0ff5e5cee5b,0
3481,1325515560-145a784c60d6edf48b6c18e5a28b8dc5,0
3481,1327151460-351c610bc1873b2bb090f50055ad3497,0
3481,1324692000-baa24fb97118039476e84577526b1414,0
3481,1324346400-c0cf967a49ab538899d9b9faa7b9e174,0
3481,1320308340-2fc9e82c28257db71f51bb6b93b0efba,0
3481,1327468140-f72e9eba311b377d50d6c7a40515c4f6,0
3481,1321707120-58268abd9be00a634ae8ab61283eeddc,0
3481,1326357900-0dc8a40ba765b1a1044e19b8d39ead96,0
3481,1322013900-7b8f7e4857fa989bd209223c9c63f75c,0
3481,1320743400-585feb1a1bbb5056347d0764bda1db8b,0
3481,1322813460-a08c164908b281e719b3dd7ae315fcc7,0
3481,1323824400-4f82e4c7ee64465aa781bd4bebe25b2c,0
3481,1320915900-32a2cbc6fe96632864e27001daaa9659,0
3481,1324146060-688da4a38ad38d73f67bf5d2ab0dc546,0
3481,1326011160-8511869c1669e428718db83e45718ced,0
3481,1325442900-3f4980e74d0f867cfbb139131fcc559a,0
3481,1320439500-cf5b778ad41de2746d1fa102e3329e6c,0
3481,1321165440-4fa488274b10747799dd82c194f64bc1,0
3481,1327408920-0aa78dc10ccec56cb42c6f2f4a058606,0
3481,1323775080-538247521d8d384e66862f6cb8f2de79,0
3481,1320827400-13abb3e3dc4901c4f7cdf118ddd60535,0
3481,1327576020-3d906a72970a59c48e4e75b2d2fe4a18,0
3481,1327796880-6627570a3847c1dff9c2bdd68bdc0fe8,0
3481,1320802920-c2312bf34fda9b21da0770ade9c818cc,0
3481,1323884280-803d1103d7c56f8ddf321c96b12d341a,0
3481,1326076200-5c974a3cac11aa9b9f639f400bc578cd,0
3481,1326790920-8e1bed90489d2d8e6437bb2c0f79856c,0
3481,1323234900-c1b4e54ea733a50527bb0994b9cff3df,0
3481,1325060160-932eb9297e52698e93dc2550ccff77d2,0
3481,1326754920-145f4e1aff886950c67fa7655a0c4649,0
3481,1322733780-8b9f096a77d22039c714183e1bd18c00,0
3481,1321949460-ffa5e8cc6b03c5011309ee8035365b28,0
3481,1325222580-139e049e79997fd67a175960192bf267,0
3481,1325895900-1b362813aa0ee93f85130c251f425e42,0
3481,1326655740-f30226a7a60fb3847b29403fd80e916a,0
3481,1326833220-2e5fc7a1f655f86eff96cfe0321bed39,0
3481,1324644060-725fa62be74be7030f5d8851fda7fbec,1
3481,1321943820-79a0a875bed865b472d4c0c2e50e4804,0
3481,1321625040-d63fd0e65743d4ea764c03b15c2857f1,0
3481,1320783660-9d762d962564e3f3b4340a1698ec9e48,0
3481,1325862420-0c202cf8cbed951dd44dbc9816ac102f,0
3481,1324119240-6ecb78c6336ee7a3b098fbe18cb19656,0
3481,1326295320-8bcc5c9b6855646be09963e395b201e0,0
3481,1325720940-d368bc381bef1e032cfb1ad45bb81eda,0
3481,1322662020-9196ca1e901987c6647c9fb01be2ac97,0
3481,1327028940-f13c88ba6cc08893cebedea57a981656,0
3481,1327614720-fa396e95a9bfb75e07ac2484d6d1b661,0
3481,1326129360-d915679ec069aee4a5b08d040c3f703e,0
3481,1326908760-3eb276bf252a63ea3e1a8c0b7ffa85af,0
3481,1325095860-bfc378cff40d1eb85893ea74f6f7dd95,0
3481,1323179400-55e908006ccd950383e69e0196b67af6,0
3481,1327224720-8522fb0c75b64ed9d1d638e1edb1134c,0
3481,1325277960-ae11e64029e36f8b44f4cf0087514357,0
3481,1323363780-b24608d52f8c7609aba32e4cb08b14fa,0
3481,1321015800-330e0c78a5a506f939410e1102d4b686,0
3481,1327309800-634efb1e49e457f297163901e807cfc6,0
3481,1322445060-ab9fe52d162751ccac6081557de41988,0
3481,1323592200-643e601de9fc7436fd63a7705fac084f,0
3481,1324185600-67a0153c6463d2d8e58fd6fe165108a1,0
3481,1327328400-830180f5ca562533db184161d14ceeb8,0
3481,1322839200-054c50e750500945b4b2797ee9d4de1c,0
3481,1321349520-90ebb65598717dddfbe6a4f5cadef131,0
3481,1323717780-d54561944e590c8e257a3b6794499902,0
3481,1322658300-1373302f2cefa441ff234bbde07f5e21,0
3481,1324058580-f80004ab12431b98de94e13bbc2a2820,0
3481,1327712100-820f868eac4481e35f7644124568962c,0
3481,1324153080-cef5d8219e3c8ec1013eecb40b3e7479,0
3481,1322248860-c2ed297d30dacfd9a195c5dbb76441ff,0
3481,1322070660-b0fed2bbba60dbef012b17d340770f35,0
3481,1322240580-8c6dd5de21f9505a346f64dcec651f07,0
3481,1321485000-3b9bb58beefe7b160adabbb9b04e1466,0
3481,1322160180-abab2d6b1008990b179e48c064b807cf,0
3481,1322663460-dbcc24d406a6604b9c6da99a033492b4,0
3481,1326342900-950d6eae91c7d3b5a5cd7cb186c699ed,0
3481,1321076460-76fcee2bb977507be231ae90cde9d4bd,0
3481,1323916260-28071d8bdace91fd58238541d81aa4f0,0
3481,1326303840-1e8f9c0789c0fad5d9e3d505662545e7,0
3481,1321425240-0d0417bdf09fd7e539a453d8397db492,0
3481,1326781980-abfe1360db796765dd37379a37147ee3,0
3481,1321406100-0f75da56b7ea2f82396d702201d2e3dc,0
3481,1320463860-fc84ba166e1caf85747363935cb1b0ab,0
3481,1325019900-bbbf989d3f30adaed0316b07ad1da192,0
3481,1328022960-46da56662fd85fffd1a8b2ad4d751e0d,0
3481,1327443900-0eabdbc0b28b0738b1cb3d4a2c3dba63,0
3481,1323706740-3098184cb1eeae9731e093ba734308c5,1
3481,1327672080-25b08f61793a7be11c6e62c2cd433f94,0
3481,1321610220-b347a34686945b34385634aa06a1fc4d,0
3481,1325164740-c7008c441866b678357918a8e920370a,0
3481,1320650640-b3cb683029a297189603f775db2efd8d,0
3481,1325593920-4fcdfa508600e53c04bd8379666476fc,0
3481,1320866700-51d576a1bbf9e95d40842e2ae409ef18,0
3481,1327218300-736c7524b712102bc8aea83be28569c9,0
3481,1327996320-28fb95d3754bc65ab55bd583bf77c469,0
3481,1327712700-ff62fdb649e90a235363d4d9d151471b,0
3481,1320132000-1fad6a9847be1053be466140520321bf,0
3481,1325695140-07b53f2fa801786354492e98289abc45,0
3481,1321309260-50f37364aeee7c8540828f44fec6b60b,0
3481,1326922140-f0aec0b8feca2aac76aa07a68c419560,0
3481,1321349340-7be0ad8123fb235bee48b33515effe67,0
3481,1323259680-f8857978ec1e2f52b707a11f704350ee,0
3481,1323522960-9a4b1e9f8d63f00feae971e6ab2eb53b,0
3481,1326114540-c8c37b420819dd12c6670da4d8f64e32,0
3481,1325007300-300c4fd0540d5b5175e804f710e63e67,0
3481,1322383860-d80fb9828c9ff22ae0a1abd97fd2969b,0
3481,1327050060-256812f0c41fe09546e6105cc407e33a,0
3481,1321078140-b1dc54ffe217bc54dd50da9039c0c8bd,0
3481,1327851900-fd36ee23f6de4fa30ecd94c27a2c2e30,0
3481,1327204740-f4b5ca3d33f294b0d42961bd3feb3c7f,0
3481,1324330440-6f668c93c6f5e2478be3d39ef630ef71,0
3481,1325121480-48d86982bd259fbfe0915dc22f3026fa,0
3481,1322729340-4f3cb7b5440a5f65a9f15069a8aa953e,0
3481,1324401600-173dc6e5193a8ede5ad0131299561c2c,0
3481,1327307520-17a4983ffe9dc833664fa8c1236281f8,0
3481,1322706420-298944320d1e804ddd075ced54aa54cc,0
3481,1327254900-68c43255641c733a407a5c9cabc65ae9,0
3481,1327858200-8c5d16fad5e7b65a0304f1a8ce5091bc,0
3481,1326135000-aa1b6bf9fe4b5defdc8f286edede043f,0
3481,1322497260-b31fdf96d58eee7ca463c8dd4caea252,0
3481,1322383860-509df1a1cb354b8839df65c229239f26,0
3481,1325454840-abb478cd0f7b8dc449f8bd5c7cbdbe22,0
3481,1323718980-11906a357e7c007d83949279645990a6,0
3481,1320656700-f0d2d729df209be46e50e76e6c7c6175,0
3481,1325592300-108d201e82b87d1374455fee1b397eb4,0
3481,1323225360-22df26b8474ccc30cc19e9d00bf3731c,0
3481,1323184800-4b062f53fb77de35059aa769b0b84e6e,0
3481,1320764880-bf65d0341d7d476d656291e97f5bd00b,0
3481,1320133260-9f0a27ad58a802297369ade56d20f73e,0
3481,1324278360-9544939d399ecac144083fac5defd1d1,0
3481,1326096960-f6978b0366aef7014ae31ba8278442cf,0
3481,1325174400-f4d1c036db4580cdbc3de0896d238aea,0
3481,1323417960-fc96fa03920ada140c6080261889e70d,0
3481,1322516640-b9358758663fafc0cc746021df9026d0,0
3481,1321705140-729eabaa1d3ae5c22a3911cbff1af540,0
3481,1323293100-40a652de5f084c2a84eac9da7c314b69,0
3481,1323993240-2b7f9bd4e4322eff7ab04ce13246221c,0
3481,1324790520-a86219aaf880f103a42cade80751530c,0
3481,1321207440-75a02cf035eb23e6ab568ad0164b373d,0
3481,1325713140-8ae079d186e571629442179fcf5f6fd9,0
3481,1324486980-53b33b36bea9f6c8a3abfa0aac75dbba,0
3481,1327110180-114b5f0493f71852b9040ba9d278431e,0
3481,1325783880-8095a3833dd9860425fda3ff400e3034,0
3481,1326416760-c0042bd2ccdf9f11eec2d6f689f778dd,0
3481,1322444880-0c4962f7522ff7826e7a243beaf6c9c0,0
3481,1328061300-4003ea54802b846076522b7b2252d407,0
3481,1327627080-2aa8231152cbd95cd34403b3aa9c6933,0
3481,1322641980-8978e4612dcca7c69152284954be9e34,0
3481,1326307860-849fa719ae8191b4ec4fd7a09e7e79cc,0
3481,1324541220-6d4c146e4f8d9a4f0884b1f3dc417a19,0
3481,1325287800-5694a774058f5c46a0ad16aefedce4dd,0
3481,1327036980-a6442790e1a75942d002c0b9de1a713d,0
3481,1327219680-4507f36a6646c0b2b6c6d6d7902c936b,0
3481,1322378340-1bbb582fd2590baebb752b81ffa53bcc,0
3481,1327573920-1d8e9c1c4d9d1b93783bb09654fc53b9,0
3481,1323949800-bd8a525959c4f90d5bdc9c677d1e6b99,0
3481,1322735760-f0ff02677c4b9dc91ae50d0780185cf6,0
3481,1323233280-a2ceb11facb6d66f60abb320a5b0920b,0
3481,1322383020-dbe8d8329cd72a4a2ed7ce1abfde0ab4,0
3481,1325396520-888e23df8cf8edb0f53a4eca260f31ae,0
3481,1320754860-2ed2aed3514d89d40eddcaf36cdfb086,0
3481,1321386240-a5ff5fa3520f8e9e960134060d4bdd2d,0
3481,1321002900-6f2677ef2bf0961c255938c2b056e79d,0
3481,1326352500-51c24e14bea3d542c568efa4c49bbc0c,0
3481,1323889560-c284247f1de3e8062967e6ce07198551,0
3481,1325577180-b9a62fd5695eb29ba96a1fe16ebc52f6,0
3481,1323444780-d2c41a575bec826ceb451850d51d6e30,1
3481,1323813120-5c706f33c4292d65188863c944ffffa2,0
3481,1325154600-34e07459a5c73ba1858c19ea1ac43e42,0
3481,1322865300-0315df9c13b084ac8ccd09e69787bc67,0
3481,1321641240-7ec2d8aa2a19ed1cd1ff4fa096cdc9d6,0
3481,1320878220-877f4a559556c769ce70ad6a0cbe401c,0
3481,1324996380-81c50b47f3ef44fce4b72b3aafd03001,0
3481,1325602920-db202510f9a519a1eb263ea377aa5dbe,0
3481,1323169200-2de2259e2d5d5d580f2f58ff4e27622e,0
3481,1326877680-2c4ea46f9076435ba8e47e40adfad473,0
3481,1322234040-1fececfcd5c5f20092b08afe39acd732,0
3481,1324488960-a3f1763db5bfb96f7982fdaf781afa22,0
3481,1325774760-316fb1915e9e008faf6b0ae2d2e8bc5f,0
3481,1321853100-7483c2bf23a738f46c900501c3b1cc46,0
3481,1327445280-333dedd0425b22e115b06370859ad8c2,0
3481,1323411720-7ade86277edf3395ac0bf497c5331ca6,0
3481,1326331800-c90c331952762d6e7fec5b9525801612,0
3481,1320597600-70426658c365e332b5f00a63d954f3a7,0
3481,1321088100-0122fbc3519de5c4e8411e385309ca50,0
3481,1327884900-128a9282fd7dcf086f23056c9780fe7d,0
3481,1320616860-d4421e2b6d9b77934d057434ef1307cc,0
3481,1327975080-2edae8c2af6d46bba1dbbee82e52b6ab,0
3481,1323825240-bf7f65bbeb201a723d48f2277b43e152,0
3481,1323054120-ddbc53cc11a5f4ff78949611f53cf587,0
3481,1324629240-dcfc0dee6498490cdaa0fb1e296aa7ab,0
3481,1320754860-35cbc1a5cafe22f40c281cb040d6a749,0
3481,1326382020-70e5e706689aee77a08908469c89bf0c,0
3481,1326679080-70fc2f036df94f4bc5b59f65d021069b,0
3481,1323592200-bd04ca1e536c791887866008e2e67403,0
3481,1327548600-f64e7d4658e24ceb629ee8dd2a04cfe7,0
3481,1325831340-c5f698dabbe9ddfe9fda5ef3cb172f45,0
3481,1322378340-447770b506f30548c577d6e597026c66,0
3481,1325855760-f02d132d581710f65743a4e865295568,0
3481,1320534900-06004555bb716913d7100fc230367ce4,0
3481,1326718500-2da331606a8cb5053a482c7600270ebd,0
3481,1324333140-5fadc6da2eaab32d2c37fdc064dea934,0
3481,1323102480-bc84a9e7b78003cc0786e745b1f85673,0
3481,1321045980-ffec3ae29c30f456e2b3929f9e929117,0
3481,1321315380-53e2e9cabb3dbffefd01952aaa76ed99,0
3481,1326276180-3a96a3629810cf821832b893eb438d1b,1
3481,1325579460-060b874fbbb5168dc7d16127bee586f4,0
3481,1326136380-64976547dd6e2ae78bf964d616e25bfe,0
3481,1326024000-19706de8132893a0bfc1690255105b66,0
3481,1323069180-0abf68283367f55d8c48709f2d75ba0b,0
3481,1323424080-a703cd630efdeade072f4066c51bd096,0
3481,1321626300-dc904bb0165998465867c0927f137a6a,0
3481,1326723060-71ced46aa104a20b3d96a2659e27bc02,0
3481,1320251760-c665ef3a6ea2188ca3eb543c0e25b719,0
3481,1327518120-4143c20f4bc73589eeb13dc65d85dbec,0
3481,1326012120-f30639beb050b3e7a27f0cb603fdfdfe,0
3481,1322397480-926bba312628f529ef9cc62a01851f77,0
3481,1321628700-3899550c493cb844b46d664689835d1b,0
3481,1327652820-5d9e85e94b548f6620d84c71501dc7c3,0
3481,1323272520-f8fda13b296b94d197e6967206790a1f,0
3481,1321587480-ac91cee6e515bde9519880d95d9d9be7,0
3481,1327527300-7fcf2092a40676f43c302b3ad6eaa698,0
3481,1322511060-157277300f5ff2b14ccba7254d282d16,0
3481,1323822180-9c12041696317e02231332fa9c08b483,0
3481,1325348280-8d7aba95d5e69c6cbd2f8c22616065fd,1
3481,1326934320-1d37f2361b765e6ea7f09219f60d6e09,0
3481,1327072500-21cb72b4bf8d1cb47894a382253c906b,0
3481,1320826800-1a62d70f56610a7edbd6e9fc7c05d595,0
3481,1323268440-2745c20295ea9548b45fda88265b365d,1
3481,1325671620-a173108167c8a4e0f3c42b4a44e96314,0
3481,1325671620-ac483aa092f17d051838281d99ea91be,0
3481,1327355100-4f7c2754b788263907f4c2503e084e83,0
3481,1327531320-b37e4470ccdf0f822be28535fcbbb593,0
3481,1322599860-d828c30fc083b5b1a43aac36c5429e24,0
3481,1323149100-6dd432d9a377180b002a15f47bb91f7d,0
3481,1326806940-4e6800d1a9aad404f99c0299d3fdc394,0
3481,1323505380-3382a0df9b2de5951973907dd1e2f6fa,0
3481,1325683500-47379b41f8a43e987b072155bcf26b49,0
3481,1320741240-c63ed33dc47221f708342621b4859c20,0
3481,1325696760-5015b0e9ca352b34e2815b0b68291020,0
3481,1326916560-8782cee991502b5c550a7d6159a0c251,0
3481,1325718180-5f137f23a2a98c1a4856cdbc0accd2a4,1
3481,1325811000-4b1d655deba4dd589c9367e7737e8171,0
3481,1323804720-1e20ce002a87e810f9b158d61367d44d,0
3481,1326840180-b8bf7c96541bbb9fd9b0b808d53800d1,0
3481,1324426620-bd43bc3b090feecca1ee52f7786b7055,0
3481,1325398440-dc34eff226e57ae8e3ca7e1d9b97bee6,0
3481,1326748260-8065f67a53a72f65f5a3dba7d19f6fdb,0
3481,1325287500-6326724257da62140f3af7707aea906b,0
3481,1322070600-b6e9bb9517f9a7db3f6ee8be2aac01b0,0
3481,1320594660-7e003b445b4fcf006d46b758c36332de,0
3481,1322246280-0e9febc0c135ed6c9b1895deec3d1949,0
3481,1325060100-40dbd6b65391591607cf1ff7b579360a,0
3481,1324280940-1cac85b6b4bef7c7652dd7ed11b37a5c,0
3481,1322985780-2e7fda10f2f28f1f6de4364d2f3b964e,0
3481,1325902860-5457affb4888b3feb4a43ad454b507c6,0
3481,1323790560-a12eeffd4580850e30ec3b70ba206345,0
3481,1321627380-56467dbf6854fa48f4e54a0edd8bf72b,0
3481,1322899980-c4f80c51a04f0c96341bf2a57d8d1d2a,0
3481,1325121480-6924a24ff35b3a82943af272469795a2,0
3481,1321928100-af233946cdac64a41ae04db54904cadd,0
3481,1326616620-a9ceca8c5e6c292a9cdab82a7c425a9e,0
3481,1320558240-0c67c5866bf9505d5c16d98f32d556f4,0
3481,1327925460-b5f3a675925fe617a43a6cf3575219ce,0
3481,1323450000-64cf226ea8cd91cf47b83ec91231a166,0
3481,1326803820-2cc2bc9a1661f87156cd053fc1dd048a,0
3481,1325665860-0a29e721c96386b9fd9557c1013f6e5f,0
3481,1323877560-727ecd855c3dc321b6e38ef669d3e528,0
3481,1328056920-d4b8c873ae48017d8040418db4e184a3,0
3481,1326228060-f068576bc55850c0347bbf5eb81d03e4,0
3481,1322473440-ca452e646a4d3bd4a0d8c32a109d1f6f,0
3481,1321321980-1c212f037a86438dbe02c95a7674a821,0
3481,1326679080-f8fb5b79e0dc8ea43bf1ce08ef24c015,0
3481,1321509420-658898d7634df41450873a21ac9288c6,0
3481,1326394440-39b22f2a23e8cc0239625ae1ebc8bb6e,0
3481,1324710300-66128c273c0bdb0c7882e041165c791b,0
3481,1321489680-6ca7716df809b982186eac8f5086f8b9,0
3481,1327301880-cec289a51d2b7d340faf722781110414,0
3481,1324422180-d542cd592f853804d1c0ebc37c7e4672,0
3481,1322643660-c4ef306da53040370df5d535ca44f3aa,0
3481,1323787680-107af9df1b0f63c01b89cc4e9dc1a009,0
3481,1320113820-51e614249a1a393d6149040c3c024ce6,0
3481,1326379920-7c59443dcbf40ff6bb3884c79ff5254b,0
3481,1325846160-9fa762ae6025fea336c83a25004d1d98,0
3481,1320878520-af60cfd536a04515a7261054e07055a4,0
3481,1323321180-26c11f7258d0a1d367f56aae047ca6ec,0
3481,1321110180-2afa89b2e28b29da7aa732c3ada19bcc,0
3481,1321933620-9007f339a8bc12f764515ac098c5a52e,0
3481,1320474960-fee7087d40c930138dba28c1c03f71ef,0
3481,1326022680-ada98b7ba089b03d76b746c9cbf1506c,0
3481,1326748260-b101c5ec8b9dcce35a49109139eeca1b,0
3481,1321983300-3ff692684e574de2867015e738f8b114,0
3481,1326907080-adaf3dde0246f58f6796eab00f6efd5e,0
3481,1320696840-b385a96230991af5ad55f3eb6c6eb351,0
3481,1322669940-f6ad3d540f5006f2e27b5fcf569df482,0
3481,1323297000-5c27ecf22d567d76fcb1dc148fb6c287,0
3481,1326098880-b35556bcf5bda590c6f0efc579072469,0
3481,1326478680-dec2e603045d4978e97ab8136bf9b989,0
3481,1328054340-32cd1b3a8cf89a2eae616e6d42313eda,0
3481,1326856560-f6864e00a03c3ca16efd19d748622633,0
3481,1323349440-6b4259ab7165c25337df56beb7e00d94,0
3481,1326440580-c3f797dda8b9e3b949db04a72e254824,0
3481,1320744780-77f7e7220e7304380fa53b0af8ca2f92,0
3481,1322519100-1ff353e8c4a8f3b75d7d74c8123e72c0,0
3481,1322780580-d51e96cc797ebd509f26e3d155f93744,0
3481,1322588700-bb0cc436c5e8e3001e4d6a9297dc0af7,0
3481,1325187660-0881f9a5e0dadb79efaa0e0b25f7ee46,0
3481,1324907880-59c57d3b7bf8af890f8abde413901462,0
3481,1324297860-d6a9c07f8139aaf2ce7fb205243a9b8d,0
3481,1322126940-d38319eb8382f92e38b5c30190d4e817,0
3481,1327835400-371c3e6694665e4280f0f9a95ddf06ea,0
3481,1322840340-8fd49ab88a26523fb6086c430543f17a,0
3481,1323451860-97894fc035fc29255e8875f3c2cc15df,0
3481,1323723660-56fb1fe2cd6b1ec7bbc3a9177e317f29,0
3481,1323838440-74b3d4b005b476c942cb474c9e681731,0
3481,1324092900-455e60254b2c7e7438f03b3f1d6ecfb5,0
3481,1323248520-9213586f7dcdfa6f730f2c63fd241266,0
3481,1324285200-61cbeef8a725ac53de0b4d6acbaf7dfe,0
3481,1327849140-6ece5bcc6efc89c501ffc4c1c5081343,0
3481,1321949460-99800a9451e86fe883fc5c600bf78647,0
3481,1321876800-b65c35087f1b04c6efd77b84d579ee8d,0
3481,1325991060-6ece97e20cd482fe08c6e2d3e2fffed6,0
3481,1323505380-61c40a84e87d6f5cb4bfd78d0522c005,0
3481,1325398440-423515740af74133b53226ce8285aafa,0
3481,1326802920-fd573a38858b9fd59de5b7e938bf2966,0
3481,1326078180-58c298dd565e8b5f4eeac52582098d72,0
3481,1322166540-7cf2a4ed8e297b292707b8955c55ab02,0
3481,1322499240-42c6b0fd2f42896e32cf654314981a3c,0
3481,1327070880-2cd2ad0c6c21eda8df0523083d4c6c40,0
3481,1325698260-f5fc19a141ba0404b24678a2bf5707a0,0
3481,1321172340-09678893be02ee9d56f3744a260ad668,0
3481,1321465740-ae8108ca6f7ba767f6efb9bf7f60f3b5,0
3481,1326037440-45bf1140694e963e71aff1629fc6a019,0
3481,1326697200-788005a9150a099e90f312d7d6c6ea7e,0
3481,1325713200-0c7d1260a587e0ae284738e6e7e9cb0f,0
3481,1325697720-8350a044e3a06178d9443d8d254b31ee,0
3481,1322871660-fc14f2187f9e7a959ac7e01f8357bef4,0
3481,1326155400-7fa1ba5c6119f114d4082fabc40d6b3e,0
3481,1321351080-30f5394bcd24b31df17d5d88f27039ae,0
3481,1325723880-d03d9acff1af406a692379f78c6a582f,0
3481,1322899980-8f73f55bed3565f0746b643b59e49a34,0
3481,1323207540-9b8cbba2003d8fb377891cc7b4540293,0
3481,1325680920-c9919fda0b8adcbcb2a24f7e08f6cfc1,0
3481,1322713320-c8f44fc601766feb7d4153931674f1ce,0
3481,1327321980-afceaa3a71d039688a9874e8f7d4169b,0
3481,1320981060-fac7420f63132cffb331ad71640072bd,0
3481,1327545360-6c0fce05c059246282d361301d6ec0fa,0
3481,1320468060-78532be1a96dfcf50a60355f8ffe33c9,0
3481,1323302580-1553ccdb2f68d3a173ddcb2ba7eaf837,0
3481,1322249340-962354e2c82a66115fcba04b5c148341,0
3481,1320466860-4344cfd3b27d2c9802f515cfcf314127,0
3481,1326098640-68cda60659861157a745dfc7d068678c,0
3481,1324024800-23024a63f2da835c433c939c4b424943,0
3481,1327105740-1ca79069bc9fae188b2f97feb3ee8f51,0
3481,1323826260-dda876a182ed271ede027ade138f18ce,0
3481,1321251600-ce9d2f5cd7dbfd37beacbefa485e6dc3,0
3481,1326401460-394f40acdf16a659d8c3d9e163b4cec3,0
3481,1325916660-19ad3a961f8d9d96ba5e0cdd052d61d5,0
3481,1320996780-72f440afbf65c936637e16984a84751d,0
3481,1322344920-f6a5a9fa9dd7554eaea425ef35148a62,0
3481,1327394160-d3e25ddff9b004b270c0ac1172fd3196,0
3481,1326007260-4473331bdddbd14f6106957fa1cc3b45,0
3481,1327992960-8b5e2101a9a7d2d53cd299ac69a5c064,0
3481,1326748260-470c5e3aed54a43f47e556d0e8cd5dec,0
3481,1323821400-236d5a9bdc32ad986299f479c562d2f7,0
3481,1325994000-39b4646c9eeb042b7ad90c30f46a9d8c,0
3481,1323831780-269e082b329c75e155b99772674c5357,0
3481,1325695140-ff5313ef0fd8734c499b4af848d9e250,0
3481,1321923720-bae4b1716125d56d5e43f14e62ed02aa,0
3481,1327168560-25662a4141d7c3f80cf9bf4d428eb090,0
3481,1322539320-095a41731d557d83f552ba6fccc7d02d,0
3481,1321189920-08ddc5e030b98e98c33bec854b905a2f,0
3481,1326892860-6dacb342d784dc6d14d0d7e55eea7716,0
3481,1325060100-c794036726ce4a0bc597e7fbf419a05b,0
3481,1323280920-52acd65b787e824262ffe16e906ff909,0
3481,1326900840-48166e1bc8320d9f34ca10e1f021430c,0
3481,1326039960-6f13bdd8b0bdcc964fb971fbdbf49d03,0
3481,1327701240-74c40340d1224526214718167eddf505,0
3481,1327144260-9f37bf0ab189b66c33e4471f9020f873,0
3481,1321454940-c25260aa0853cf6e670cdd28aaea168c,1
3481,1324734600-9428319e43c3537f7d58a0034655369c,0
3481,1326101700-6a850a032fe221627b4efe027b64befb,0
3481,1325535000-49fac35a337429082c031901b96a64e7,0
3481,1325461980-69bbaa4e1fe1223be87070182c8964e9,0
3481,1323529020-44ac7807854b3f8689b2372a8c9796c4,0
3481,1320334500-4eb54a03f4a74eda77da50659c89ac6a,0
3481,1321880940-729219109ca1dd874e68fd3224bdb553,0
3481,1325408640-b180f34bc50d3d2d1e4c5bc2c6cabd0b,1
3481,1322914140-35fa27200a2e153f1ba68cc6a8a9fe65,0
3481,1322812560-178962edbf8f2af7e3c1705b215b0a23,0
3481,1324249260-f65a4744135e94542b4fb97b3456be6e,0
3481,1324433100-290f9f397aa885bbbaf7c95dfa21c9dd,0
3481,1326876000-097e8825b4e425b1874e98e45ff3a766,0
3481,1322899980-1aceb4af40ab2e6c64452f61660eafbb,0
3481,1323829980-f3fe5c59fd523c79d8c7183fce120e23,0
3481,1327495020-22eed25b9b41214b915ed7b11e6efa80,0
3481,1323153000-1c844bc2312cdc3e2f8c47849b6619e3,0
3481,1324420320-4250bc92a7e559336c3bc3bf0577c441,0
3481,1324734600-a29abf1c837169f47b32743d48882f86,0
3481,1325349000-709cc5df29ea7423d70432c6c6915029,0
3481,1320188580-260a3035682775345dda5fc6f45db448,0
3481,1326804300-14e8f7a1794284d64fc7cb8a006dbd7b,0
3481,1321301820-c2aec6a6c0b38fcba43d62dc90f1900d,0
3481,1322516640-fb86e3f7c8c5af57be9fe5a3174b2c1f,0
3481,1320749940-524d662ccfefc914858d786d38d4d176,0
3481,1321147440-d2555d5e16d2dbc1ed21e384b5732680,0
3481,1327662480-652105ef37f76d507e5c1640441aa8a3,0
3481,1324974000-adc996ad92fd371ceeee91b782eabe9d,0
3481,1327558860-11e93cff87c49a51eaa92f3e34acea21,0
3481,1322506020-71a6a1c44a40f1fe1312f4ef5730daf9,0
3481,1322985780-16d84cafa145673e70f5090bd2db34f5,0
3481,1321454940-68696cf79adb62a6fe9451ef98a3de60,0
3481,1322545080-c9b273577c78bb4871042fcbaaa6b2ad,0
3481,1320723720-aeb99447f6fa36bba9878bf377a3af7b,0
3481,1327494660-3c14acfaee7b462fd21e53ab8630af0b,0
3481,1321528620-b261e3cad093e5f3350a3060d0324700,0
3481,1328008020-99ef6a0eafa28a9635112ef247693309,0
3481,1321198620-b5a787d92efc7d7af65d0c9eeeb6200d,0
3481,1325263320-66d10f1cc28318a427cb3ca9d3cb6e66,0
3481,1327074600-88a184dc4fae567a8da0b2b4c2194b15,0
3481,1322873580-24e3a6f0831a2ceecb7de6a01dd74ecb,0
3481,1325097360-6b09628731d1a9655489e9d0a164c33d,0
3481,1322033820-6cf0e26b619ad6fe32bb142a15951837,0
3481,1326040860-bd4c26b1c1bd6d666ac87ae0516da9f7,0
3481,1324980480-1cd6ea1e422d4eba476d9d909bf0e4e0,0
3481,1320620880-7939394e627a8558bace660fb82c5b4a,0
3481,1322771520-8efdbadf96cc6104569c822cb0933977,0
3481,1327458060-0d5ff2246201ee171ef88e769eb97c66,0
3481,1326834000-30d22cd4666e596f2fbaac58cda59ec1,0
3481,1323159660-d6147a49414077f8ffea68c10fd8b24b,0
3481,1320923160-79cdbd5db2d33ea46e5808b8af95878f,0
3481,1327399920-269e41c544501ae3b8ddaf531c203219,0
3481,1321162200-77e970a52938bd24837cf61867166ef8,0
3481,1320923160-54afb1f82f6494a9914be5c5524f9cb7,0
3481,1325666760-5effd3eb8d9ebf3807d09c41526962e6,0
3481,1323031020-cc202af127d94ca7bb1575eb80459a8c,0
3481,1327641120-33d65ab0527f48e3b6b3ce3be0ea49cb,0
3481,1327427460-699fb8aba6a78eb9b3f40a70f84e6875,0
3481,1322260680-6a61f5bf39ba1154cea5bfc1b5bc2bf4,0
3481,1324568100-ab85f864ec4cf008550edb324aa97e9d,0
3481,1323790200-4d8cb8cd62b940cc742b096d84bbd689,0
3481,1322840040-27a77448dc75bc7f915b18773560756d,0
3481,1327389360-49b00d06ce85b777f4b28923eb38fec2,0
3481,1325578860-c92e0ccdaada4343466284178b9e6c30,0
3481,1326713640-b6a2a5b538d6eb08c556990efaf4deab,0
3481,1326319080-6dc68a32f67c43dbfed3453ef38bb0a3,0
3481,1327776600-c204a89b7c285ad911afe0f49df6eb02,0
3481,1326765540-0692b2fc5e7708cc94f5efef06e42d8d,0
3481,1325385540-8051f02e392a589adc8afe812e078068,0
3481,1326504780-1330f2eca19fc1ba55fab43deca7579a,0
3481,1326396120-563afd6f6aa9f42e5c0eae8ddca18fd3,0
3481,1327127100-37e9090064c692436198ce5f0704f1fc,0
3481,1323755760-140087c0772d78300d25a69bfdb78e33,0
3481,1326748260-36333237f169690f14d85e0a9b042791,0
3481,1325423940-686a29dc66ed31e3b791e74c0f37b524,0
3481,1326011220-524cce1035fcc7f4801ee14023634d7e,0
3481,1323531960-7226d373b2232c9f407d7436cbf3d544,0
3481,1322105580-de9bc547b3874963a80e19656af83a47,0
3481,1320759840-1ef0b58e25e917bec140c134428d4829,0
3481,1326668280-801a230bf91643186b44dd35798937e3,0
3481,1327415640-a08ebc1c7f3d187e376652aba7bd10d9,1
3481,1327387080-8ecec0d4fa66c87750c54edc79973821,1
3481,1327430520-af689019cfde114c948f2597f1c4db20,1
3481,1327388460-1161b5cb35c2556ab2ca3eb39fe561d4,1
3484,1320854580-d9fdda122efa5eaad301358fd657eaad,1
3484,1322091120-ac24ab3bf3436075d20a0a9d9fdf3e50,1
3484,1320880740-2c918be078e59f07bdb3ef17f071b0ac,1
3484,1320698040-0bbc4221aaba924aed1cd5678fb4647b,1
3484,1320710040-83f7bd4314a649d9de1ee41dd74da047,1
3484,1320681840-c4665e03d5a9b26c4bec41aad50f5594,1
3484,1320906600-901e45627e04fa3b218f98aedfe6c813,1
3484,1322143800-17f8c4d801b6ceca9ab8fc965cc03943,1
3484,1322063220-52af27440a1e84d78451b1e48f62ad97,1
3484,1322372280-8dae06bb1fb421629c9f2bfc3dd827d2,1
3484,1322371800-79c25036f02e0aee9d9275780be60915,1
3484,1322750400-1bed4c7a96615fe0beefd4b131c817c0,1
3484,1322749080-836606117f0f97bc141a41a3aecfd602,1
3484,1322067000-84d1a96732e13b1bcaf4366e96857408,1
3484,1322075640-8654bdaefe515773bd4202f8be97523c,1
3484,1322074740-f5f7d5a3267b10a02c79922328607161,1
3484,1322137860-bb621497fb3ef445ed4dd193ccdbf9a7,1
3484,1322366460-6efc7f59905bf96364bf6ba3c2dad8cd,1
3484,1322704740-40207b4608979c51f67fe82d99cc6e3d,1
3484,1320856680-4943da24f01849f194b0dafcaf913d29,1
3484,1320854880-9ffd5ec5721f44305412c7f89fc0f50f,1
3484,1320855540-a86098e611a9443323fb9ee56d784c73,1
3484,1320763020-98a676ca8e573614fdb78da75db16e0b,1
3484,1326516480-cfe0e681e9c799bf93acfd1a8ab2681e,0
3484,1326100620-b3465d27177bea2e430f5a468692ccee,0
3484,1321385640-61df0acb546bf882ed0e4e54a50959a1,0
3484,1322528700-935918735f07fe173e54063cfd35c84f,0
3484,1327309020-f0536095c00f1d87d2ca00470f791895,0
3484,1322986020-1b1d168c53d70a0597af7675d5c57a65,0
3484,1326367800-c3d022576fd5b31be43b3e45d33f0555,0
3484,1324026180-b50bb54c5687017183a932ce0829947b,0
3484,1326387780-cbc2c24181ab52893f72fec0f9c1007b,0
3484,1320761580-afeaa06f4de9fb62e010661bf6f27320,0
3484,1325278020-169a1b3e6bca09052c281b787a412b15,0
3484,1321557420-5e00bccefcfb70f67d8ed490733c6c57,0
3484,1321690380-86f36bf994108241787c87ea9ff7aaf6,0
3484,1320658920-210b4c7572f46a22f2ea210aafc42983,0
3484,1326184200-120206843513f9b82f8d9ca6d6deeb30,0
3484,1323177180-03f0d5440bf294cab2a729a221729a2b,0
3484,1320477120-afaaeab8804ae4536865a77f7dc0b09d,0
3484,1326318660-7e76565820a092d293d2b74cadd255b3,0
3484,1327958400-0a40eab33da1564b610dae7e5e6b8c67,0
3484,1325904480-23246e9bbe4fda11e9ac27c519cd331f,0
3484,1327155060-42ea311bc6d75c57388bf3125e0385e9,0
3484,1326478500-000b930f334072c5a8055329e7e14565,0
3484,1327541400-be31e8f1e4783432f83705104dace705,0
