3089,1324638840-58dcc641c60de30bc467455670a9fd4a,0
3089,1321073340-d0f6242f3c8146f5bb6e5f600303675c,0
3089,1327301700-2f6869cbb9e063ca749afbba40cf0b66,0
3089,1321579980-1dcff90dfc14d9594355128a80ce55cf,0
3089,1326954360-93a8a31f0376af9853fa24829cb48165,1
3089,1326933600-1547a3f85dce04223fd1997d68bc06c8,1
3089,1327006200-68bf0b692e5d19e44387c29c124b8909,1
3089,1320812640-db5bfd8904c9a1808c27fe9467ab9ffe,1
3089,1327044420-1d5852feefa486a0494062b3e25faee3,1
3089,1320908700-69c337e52afd357cba41c3848ed889d0,1
3089,1326762900-ab93da6629acf19d3d3c0dd1d220e835,1
3089,1326760200-cafe3a622887654ce33cf37fe82a4e0e,1
3089,1326741600-12e841f023e80f3523c7f3ca1ceebd3f,1
3089,1321920600-99ba3557a024856bee36a40d8fed1eb2,1
3089,1320892740-ab9e799f36e773d0a4cd17bd3d475fa8,1
3089,1322241000-0cf99c519ce1b8e83555cb5da7fb3f29,1
3089,1326226800-11b0fb09fd8b0227a31f67c9b8b8c4e3,1
3089,1326221400-f30281001d31a4fb369c055258c24185,1
3089,1322025300-bb733e1a7cb5b9ea5a997bff67311a85,1
3089,1322019000-ffa7979a819f5974baee4047f0adb014,1
3089,1322028960-5bdbb94c43f271f41d8573b081530b8b,1
3089,1320896580-06e9536ee4c02036f02df4fb092a464c,1
3089,1320896220-cfb76d5147d4903218aef5e640e21447,1
3089,1320886140-7aeeaea23d3fd16e72d1ac630fe71d56,1
3089,1320900180-1d76fa355dae1b5d8d04670f867a3f25,1
3089,1320895500-9eedbd55fdda14045fe17244d6fc8758,1
3089,1320886800-72fc5236518741f4d6172bb50d0bea16,1
3089,1322019540-0efa07d8cb77c2a58184f1bc5565c76f,1
3089,1320878220-13720a6fbea30f8ec197e20ca95a2a61,1
3089,1322517960-3a32dbabbfa7b0a0d17db0d73af58757,1
3089,1321354980-b16e5afe9de7d92478b9b5a47365a94d,1
3089,1320887040-bfe7a7188ee70eeed04b6203d86a08f6,1
3089,1320605220-795ba23ef5196ac5623439927d25e0f4,1
3089,1322519220-0d3791a6037da55ed40834020cf4e5f8,1
3089,1322518800-63d23c07e27e87715349ec67cd675ab6,1
3089,1321959900-847d7dff9b934b899276c77bf5f3b753,1
3089,1321242480-3ddbf4ffef944fc75624a4b4e470b7c0,1
3089,1321242180-2716cbfca25499a42d9f7750564b93f3,1
3089,1322546700-4cfd3ea81bbbc59aec337c3b3fec71da,1
3089,1322175300-08fe00e59a9d37be512f642824e192d2,1
3089,1321240740-49d8b97bb36bf590959f5202df216c49,1
3089,1322014260-5f3568a3c26930c283040e41c0f53076,1
3089,1320886080-8788da22ad68c247c0d2f5e9d3cfa7b4,1
3089,1320886080-ceb77285280ee9f80e2a82efef9d66f6,1
3089,1321245180-27a47977aa18cb478341f95de6893f8f,1
3089,1322516820-505fb9c0d3b066c067e9a389c5475951,1
3089,1320583440-7c76c05d476dc376b78d5fb75058baff,1
3089,1320588660-4369d3a4f92da946407b27d325758f23,1
3089,1322695080-5972f2488e3cd14eb83b8736ce94961f,1
3089,1322696340-73b81b60046b6a7c18a4e696d456bf74,1
3089,1321923720-ba8a6e199a90b66dc940c93731880784,1
3089,1322702460-4b3a5cfbe0c4c74e66c1de4078195257,1
3089,1320719640-115dae0a3b7056c63e65797b040ee692,1
3089,1322010780-d5c66f9b3c74fc1f53effb8adae4d15f,1
3089,1322072160-ca8859386042fb6d4f5f5ac30852124e,1
3089,1322701560-f365da56b7db90c2f06adcd9d6e101ec,1
3089,1326342600-f18508a98f020997063b25fc7183fd38,1
3089,1321922700-5de4b6670ef456dc4c3606ac1f34aa95,1
3089,1321917540-28c24d82c8877550ae4babfd2a981a4f,1
3089,1320918240-dbe1c2ade0c25f24b56aa4830d441262,1
3089,1322033400-4bfdc932773d6ea1688d3999e4bb85c2,1
3089,1321913400-6dba1633ffddf324bc7b0c6b789902ed,1
3089,1320132180-fb0d635f08e9718d60761e4a44833143,1
3089,1322704440-4b9078f7c9cf6f934983d88583f08036,1
3089,1322520120-2d96d042dba5c06fdad994428e20a4f1,1
3089,1320188700-18a0ca3cd3f327f0868622e1a626dcb7,1
3089,1322028060-b7c65618a4e31e154924e67bd43fd77c,1
3089,1322068680-a1d5529e61aa8dd64a46c26fc98d9e39,1
3089,1322027940-c33af235184793b9c13d5973cfdec19e,1
3089,1322694540-da2fdd9428f42428d13c0fc65e7bc1a7,1
3089,1322108760-d2f9d8d308d8a96f5924e4fde891fbf2,1
3089,1322097360-403830a19d69e7ff953411347873d556,1
3089,1322107200-b5cf64a79f47fcbee43d45a0f94fec58,1
3089,1322096520-5ad75ccdd9d31640ad2bb815133337b8,1
3089,1326322080-b2c008b7a67b9597a7b22119df35a4dc,1
3089,1322215620-6bc8865f9073ca7324706f61ff977cdf,1
3089,1321937400-c04fcac9913429dcadd3b5b1d0a72de8,1
3089,1322701560-a62a5a1e2464e22493d8f8b66d1aea7c,1
3089,1321986300-9c54f256119f62bf7c73358a5dfc4e99,1
3089,1320805500-5e3e4820c5254959720ddfe1aa200b3e,1
3089,1326322080-afeb09a875e35bbfc663739e92f9555b,1
3089,1322612820-b8f1650fe43b85beaaf339c22a1c132b,1
3089,1327599180-41aadbeb27702892ba480f8ef77c9e34,1
3089,1321921620-c108676e48904966eacfb6759e249635,1
3089,1321935180-d93b1001f6c581c29cfcd9d9b9c5b9ae,1
3089,1322212200-d555fb4e36d4f894f9e113f1b20227bd,1
3089,1321919400-0b9544a5681b3f34da750055fafdf971,1
3089,1321979100-2161ec8d1561ecc54e8d121436bf3ab6,1
3089,1321919400-3163d0cefa2c668c7a3ebe35fb95bdaf,1
3089,1321936320-4b578f6cfcc824de16b0d755beab9ac4,1
3089,1321919400-60af82cade4fe3fc98395db98eeeb801,1
3089,1322115360-08931106a8d1b3c990a8288e8a296d15,1
3089,1322010300-922a1adc214185971b0dff4ba851116a,1
3089,1322694960-32324c874b11c54b6bab3d61b4ce0892,1
3089,1322701020-8240e01c8de54c8caeac9002daa433d4,1
3089,1322701560-6e4bad1765c36d7ab9df0ec9786c7bca,1
3089,1322096820-b90502d5260eeec83f17a124dd2de775,1
3089,1322696340-0e952b119991039b988cf0049abf34db,1
3089,1322205600-45dfbc9c0ec227a8a1bf870f23013f68,1
3089,1322114340-83f60c492aa61de24a4ce04faa587869,1
3089,1322134680-854036ec47d8002ebd89f9274918e5be,1
3089,1327448640-5a4c8746e520deaa8e2b743b7b34b874,1
3089,1327437120-a5ce4d86a26e428e21516ebb2ad53478,1
3089,1322211780-99f13061f40da01835d9bb02a5ef424d,1
3089,1324102320-3393741c1011ac1b3e5a2a0b5c76ccf3,1
3089,1322234340-a9d390655522e2beb719a1de75790ff0,1
3089,1327976160-bb9ccec71b16e144f11a82617627c2ee,1
3089,1321674300-13a449fa4703e327b4dc58ddb320d4a7,1
3089,1327479180-f09eebfa5213dfde426ab1f936371e57,1
3089,1327531200-0129f746d3d47704726063a92a5bf6b8,1
3089,1324147200-d8c21f1993b5f619ee3cfdf753569945,1
3089,1327701240-0d890de93166c192813df2e9d795cebf,1
3089,1328057340-ca79cde03c46d929411a57ae685db296,1
3089,1326334200-dc67c05a0443b76f26c9e44b479b0fa2,1
3089,1328046180-698d6ea6267407fd43646bacf83685f1,1
3089,1320738600-8c92825eaf511197cdd739c918fcb8d7,1
3089,1324064400-2a2c1ba628239715722fb4a5aeb4e5f2,1
3089,1327991640-99383442246bee510cd4c2d4b137b5d3,1
3089,1321947840-dad6c758ed448e6f321d3c9625f53668,1
3089,1328056320-a2bff77ece1e6d43f80d17e4b353b636,1
3089,1327997100-bfd97ff1238b39591830b942a4ab1caa,1
3089,1326833400-af1edf70dc04a725ca330629cd704548,1
3089,1327632060-f48cdfb6f45848fb32800ce6478d0313,1
3089,1326397800-96a428eace71246634b04de50e426675,1
3089,1327695000-c881a6c0da7a1a87aab777a22a23b4e3,1
3089,1320127620-1de4e386d292afdc5a3685ec5db57ff4,1
3089,1320326760-96227e8b0821d38b2d86749aef7c9002,1
3089,1326785700-83c5eb5c624222030bb5e645bd94e57d,1
3089,1326487200-c5c86788cd2d625a36f74e7cf57c7c3d,1
3089,1327557900-b37ab548826bca67894a4451d9f32fa2,1
3089,1327695600-8c0b99145539ff12198a9ae2492920ab,1
3089,1327192740-6320ebf9a7b20117adf6d5ae3f54a756,1
3089,1327704600-a3f7aaadbba2782c4bf09b97e3a96fd2,1
3089,1327703640-a241a76ac73cf5931cfe97ff78c62338,1
3089,1323568020-b8054e5f0c0c78aa028a1529fc83b270,1
3089,1320706620-15bef2ede9d9c0f89262c517984b659c,1
3089,1322158440-6b8a9e08a317457c0698e04040923057,1
3089,1327695240-14d52fcaf2558f360062f591b8011459,1
3089,1322766000-78bea9483a7906ae7302b27c1d983626,1
3089,1327702680-9efa00c6d9c5840d9ab505c3b6afb18f,1
3089,1322615400-57985732f518eb5ab4c3a3779dc8f608,1
3089,1324069140-284640092f51be798e6d8cb18a75c6da,1
3089,1320348780-8667a294712b55305032e0df410054b8,1
3089,1321663560-920955c7f93be2ae076ff93e898ba01e,1
3089,1325499000-baef189cb8bd9ca484bb36b43c9d6ed9,1
3089,1320970980-6dff5aefee4bbee86c542920f8d1dba0,1
3089,1322078460-ce3a42726558ec1cb11add437fde70e6,1
3089,1320893940-5e350afbf7307da821e14c5c1e55d1a0,1
3089,1322224380-b6fd5646d12014539692fcc6f4c93702,1
3089,1320983580-50ddb5ee75726d1018f2a8db20cdb2ac,1
3089,1320937440-4111bb328f14d3b56da8cf40f1c0b485,1
3089,1322223300-89e926a5012fd580f92f69273e596e42,1
3089,1322191860-051491b5ffc471d23f238eb82887b855,1
3089,1320983760-7bee4835671447bc1fc5fcfc9f5561c3,1
3089,1322193600-508d1c3344592c42555b281382f553f6,1
3089,1322193420-3d92129fb0bea495847995a3eb0926b9,1
3089,1322225700-586c1189a43ec9a76ede517fe940156c,1
3089,1322194020-bde8f57dfae7d8723fdd9c79450c0f98,1
3089,1322193840-97415545ef49da516e3ebfc7cc13a393,1
3089,1322224740-757e3f575631de3443045e3f71f74a65,1
3089,1323199200-cbb79f8ff62b9158119c91d71c2975e4,1
3089,1323200700-c3e14c2f0b4b735d7842c70028ee6162,1
3089,1321565400-19f630a4ce86943cfd91f56404c2390d,0
3089,1327507080-1234f2740c50d937845ff8c48ddeb43a,1
3089,1325526780-7ff9a8b2263f9689055b17743c0b88b5,1
3089,1325620980-9927c06794e0d49a5a539b3c64a8810d,1
3089,1322265660-94749875daff43432c8dfcb1c0e236b6,1
3089,1323072240-3c361012bc9857b75d66d4970db8fcee,1
3089,1321535280-05b3d55718f72985405afc9e7dc413cd,0
3089,1326534360-02d41026ae1ba211729cf8de2fccbc4d,0
3089,1327531680-d116502ec804e3468873e9a360752109,0
3089,1323395640-6d6103d4f77d668f8144bf2d07c23a6c,0
3089,1325896800-ff41260e5da72afe09d52e8605c857b5,1
3089,1325890620-3190478ef73f67fea8927beed6f7cc2b,1
3089,1325876400-fd2b9c15756e0e2778b93d1ffdb8339c,1
3089,1325887800-40539fbc525b25dd061c84182a6809e6,1
3089,1325893260-046e53b84559ca777fc25ed1f04553a1,1
3089,1324417800-d1c1a7592dec89e977f4f65ddae10f59,1
3089,1324421160-721a142d883ce0cf260df6a7c4eee762,1
3089,1324425480-10fddc9704bc34c3e39d5d33c2be7f4b,1
3089,1324418880-5ef7e98867023f6f17aee88a45ebdc6d,1
3089,1320983580-2adfa43ae5444cb1f30b8b67c1c3520e,0
3089,1320935580-9720c443a6fc7017d22c295d60b9c513,1
3089,1321241100-7bff6db8d613b8f531e5544b5891181b,1
3089,1321242480-d28db3a8fd3baaf6c81fa060be626884,1
3089,1321240740-05495c02b7d4433503d3ddb47766f09e,1
3089,1320812220-1dbd071b4c3272a9e0bf17ce2a9a9645,1
3089,1321562400-9107d605aeef6ecf1d5b62b14c7d00b6,1
3089,1321562400-00f0a340accff6edc2e4c367d3b9fa89,1
3089,1322098800-c9787834e10991303b6c25647a48c053,1
3089,1323258060-467061dbbfb3a9137396f13da01c65e9,1
3089,1323269400-15c09d1ab636f910ba2cc38ca2b5060c,1
3089,1321279680-821ac722983f73cb606a4012154b0a78,0
3089,1321566240-2d0e9803fa044f221c4df26a7816540f,0
3089,1325862960-52fac829964d6fceb2e526b011379746,0
3089,1320879960-320a6920c2a4bec458ea6b1f62b9cd54,0
3089,1323253440-a397e8b4d60a9cdb4ffdbe4b1b791a85,1
3089,1320581220-36ea7b35da7bf3f0a9469b1c9f90e05c,1
3089,1327523280-18dc791c6eb2da0c988e752ad3c7e8b7,1
3089,1320893160-67133fd72f959bd1f00492f47e1d2bdf,1
3089,1321740900-8bf32c1b96d795dee0094128d41244d9,0
3089,1323394800-04833af3da521ece70af466c4b5dbd12,0
3089,1323134160-b55273aeb6bd73beec82eb2993e1aa8b,0
3089,1322098800-448e38bc778d328fc18fedb0ed790866,0
3089,1326185760-2b1e1224b1bf8fd4cc836d566280f5bc,0
3089,1327954860-34b213c8c4a4c4352d6dfa68744d3ec3,1
3089,1323290880-53c2f3d37eaf31f4252efe10af360536,0
3089,1320424200-67f63813c3986fc71ac37f0b651cd990,0
3089,1323407400-28bb3a77ee4f4c9d49be5ca03fb76279,0
3089,1324481040-626c639490195ea5064813e455a25187,0
3089,1322852820-5c0bd72bfb3a7aa6ee89146f58745378,0
3089,1323454200-54b72e7b68f725e6dfe3badf79766c42,1
3089,1322538600-276f77bd1b5a65f5845b046c7dd33507,0
3089,1321306200-b3a474c81b16222caa9393912c726b67,0
3089,1320781500-cb26b3f808a6bcc0cba9f00a9c9f2586,1
3089,1326145380-40559014ff98004dc7efa4e6629c510b,0
3089,1327457100-abe4e40174a2802db9e83c5aa2ec0231,0
3089,1320953100-6e103037a1d0ddb38e3e079f9c0c7b0e,1
3089,1326441720-a4257d1c5c6b7525a24b429016dd1f79,0
3089,1321484880-163ace863398e8c10ff87de0ce7d31ff,1
3089,1321470960-f552f1f174672e648a0ab1f708525807,1
3089,1321468680-408a69300981b415bd7b9baaf77b80fc,1
3089,1321475520-70b60c010de2368a7ae1e3dc006d9c0d,1
3089,1321479480-ffdada943abcc76c72dad48f079ac53e,1
3089,1323369000-19d5a3369a412c7f36685ad92a67b2fd,0
3089,1321168920-1a4e31d9c56fb6c54580b00b75970553,0
3089,1322801760-a4cee897a2f4315bb3da329e9474e811,0
3089,1326304500-03f87520855ff7de848cf466ff9b5946,1
3089,1323678540-3592b958b0efaa3adbaec2778cb06016,0
3089,1325883240-03a2064f58248ce820644ad798f698fb,0
3089,1323281880-f5a5dff7c1824b7fc9941e8dd309f43c,0
3089,1321261740-c0556782b5c32519bf90d75e247c07ce,0
3089,1321497900-886552b8629444f97496e71feff76f84,0
3089,1323219900-c72c195862ebe3ae96797f02790b3dfe,0
3089,1323472200-df201f8e876d7006409dc8b7e5384e8b,0
3089,1321685460-ddcb1d6436326ac5d312516dccb11ebb,0
3089,1325860800-27ea93b06c6efbe93cfaa2054bb7a4fc,0
3089,1323489600-88c62c04645ca78094c4f00db6b6d537,0
3089,1323664200-cf1cac70eda23d79ffc72024eeaa4153,1
3089,1323790800-c0f34e619c657b49187a170721cb686d,0
3089,1324151520-dbfe64d17e07c0d743af17587b6f1be9,0
3089,1320737100-f6f4dd423d853a3cca52d2039be4644e,0
3089,1321568460-311bd391eb3ef9921f27dd7b059e7267,0
3089,1323373800-7858747f36b09c6a85ed81d9edae03f1,0
3089,1324941000-046710511e9fe47bde47158348bc366c,0
3089,1326871440-bfa5c725ba577976dbcafbf75cb133ad,0
3089,1321461900-d7343a7773c4ba99a74e733ee8481b41,0
3089,1320889320-7e626fcf7f1b4bb545d9bdb2b61b53da,0
3089,1321592100-1c0457de371fd25c716348c7383a5a04,0
3089,1322621040-94a9287e855df2dc0f53eb30251105da,0
3089,1320164280-624e45ff4308acec8885befe061ace88,1
3089,1322844180-fbd35a8542545d1b365653cea7e11056,0
3089,1323102660-a7056d72ccc85cadd50a63b5e7a9a5bf,0
3089,1320791400-f4b9abd94c2a15e8549647b232261428,0
3089,1322569560-da3cec1e22e86fc12cc0437c28be3700,0
3089,1325662320-7c840d7c8339ee20be9ca95436e49055,0
3089,1321565820-02d89df3edce3d43282f39853c7d6793,0
3089,1325653860-ae4bbe6b29290880ed0de495acd7844b,1
3089,1325646420-724fab7c8c3f51ddb93a4092905784b3,1
3089,1323804660-452906e39ebe616ec475a65895d03e2f,0
3089,1325047920-9e18ab0f423709191fd979f53ab84a5d,0
3089,1321508220-c85ac0d6ffd9ef503b3d6de76855f24f,1
3089,1321513320-043a3608db173005bc39467f83623464,1
3089,1321506060-d8e87019a262ef8ada83746fbb389b2a,1
3089,1321504440-2c40e8362e8195e196881a8558c49255,1
3089,1321631280-fd4d417bc07ae714b6f35451851994ef,1
3089,1324170900-539bc06bfa0f693c0cd6028bb1cbda9b,0
3089,1321507380-5a8f50fb30095ba4b301c7a3c1dce1f0,0
3089,1321403820-213066c54135810a016dd619ba4c9c1f,0
3089,1322720640-4821f26ea89764f932bd7cfa7ffc238d,0
3089,1324902900-06425cd0e4936feb1689843da3622cf8,0
3089,1322152380-d034cd1d57cdc8f091ee48e12cccf19c,0
3089,1321632180-564f9ac4f393143e6c4b66e774f4809a,0
3089,1322161380-03a4033461c2bc1addc15534ffbd7dc1,1
3089,1323473880-18077a010dbc911afc28f8dd148a7337,0
3089,1321309320-7d63692e82e7cd659377d99c24d01937,0
3089,1320747000-80086c75daee2d876ac7f6fbfa3b98bb,1
3089,1322177460-75f3e29a6d3ec3a5fda8d5aefa300509,0
3089,1322236800-66b617e5ff9cc83d60534c5a7d498395,0
3089,1327416780-62bcf7098f790f63ddd53b1320d5a46d,0
3089,1323439560-46c683c10d7330d1201d0833246e94ba,0
3089,1326926220-80abfc3c48a0d37e7fed392bddd1d31b,0
3089,1321494360-64f5348fb56942edfbfbdcd85cab7614,0
3089,1320983760-11c5ad9cecdf93e53582218cc91f41bf,0
3089,1324004160-60298aa92ed19b29f5391fbb3f0041b4,0
3089,1323379980-f56876de496023f77f8959f7d856c4f5,0
3089,1321577400-4fbeca76cfa00a4c213ced1257b059ba,0
3089,1322073780-b3de988b43c33d46ec06d96581cbe49d,0
3089,1324037400-44c550d1fe8be211658625352488a1f7,0
3089,1321508220-dee23527233c2b50a2365efa0ddc4441,0
3089,1322158440-7f0a536aed943173ee7b2073db92b657,0
3089,1328050020-477920de65a3e62fa2fbcb11999ccfb5,0
3089,1325195400-5cfd21969790bec2b8241f34a87d9365,0
3089,1321510560-af97fd4ed3f31b12981e3052420e90fc,0
3089,1324537680-a7675d2ea3f6dd61dd586106010e8107,0
3089,1322876160-09c98310579b4b269ce7ee129d93bb2e,0
3089,1323201600-1a59093d4d7538c19cdf231714326410,0
3089,1325635920-fc8614a156f87c97f5e6d27824ab5e55,1
3089,1320749160-5de33fab6e028d195e93f290bff2fdbd,0
3089,1321312920-b9d7ec038f19e4abd8ccbd69dd89c137,0
3089,1321293360-554944b0c1f48a1ec8ec63380d8e5f6f,0
3089,1321622460-07187828b46f0c39102419e992603669,0
3089,1320886800-a9f5cf16acbc32a98f6db7b0b01e01f6,0
3089,1322685420-c6a41600ead569ffe91d6fb11b9b1044,0
3089,1322545260-cd02084370350a841a1e2cb3e0d1879a,0
3089,1322178060-69ec198c714f910ba8ee961f198ffbda,0
3089,1321307940-51dac712c87fb1661dde7dd99807d016,0
3089,1323474420-280afa499df5595d649dafb92dc761af,0
3089,1322362980-c70f675e216addc01294205759e1fc0f,0
3089,1325888400-609d71de39612505a329df0a25d5d215,0
3089,1326183420-f3a6834439ab8c7cbec113c589bfd353,0
3089,1324474560-c91761b17a1cd2b3440318704ba0d80e,0
3089,1325736300-6de36cbd5aba29f81a2f6ed999b7e8ca,0
3089,1327123380-72b2912204def70d8f7f4d9b6a5f81f4,0
3089,1321241640-aedde92513be8f5063b6beedf98c61d9,0
3089,1323809100-40aedfb8cde4dc5ac22c24252912206f,0
3089,1321748160-b55582ff8d9afda1849c3cd76517417a,1
3089,1321219740-03a67f83d1156d4f5517821e8ebcb94f,1
3089,1320552780-5368987cbb0fcd250973689009657363,0
3089,1320563220-8515d5d2eca1c615963d2c103f411baf,0
3089,1320738600-86670a354fbb5d728a9a08a0bf53afd5,0
3089,1324050840-f29e42685dad908f4e8c6ed9c0a05f58,1
3089,1324023780-f863e38c6198bd11e9a19e680f626e50,0
3089,1321516380-7b3883873dea65b17f9fbc160e954b09,0
3089,1325806380-cd1cda74e8b52b7504a49ed5b5d80a27,0
3089,1321839660-90d9dfba717954c56ea1136fc13643a8,0
3089,1320168060-b1733ad853589e27e53019d63fae3efb,0
3089,1323222600-8dcb646956bfbc639ae337857ce2c0fd,0
3089,1321388400-c65aad6a18b5e6918233bfcf63beb4e3,0
3089,1321072020-6d9759fc61c4d32937ed282b90f862a2,0
3089,1321645800-72f7c097960a668298efa4372808046c,0
3089,1322551560-7cde33d053e3e0e675bbc39e302b51ca,0
3089,1323316740-03785dc30411a6b8da45fe4dc3ae3568,0
3089,1321249980-3ba21839b098212303685985297a9ac3,0
3089,1321516380-8ea8642ca9f33188ab1543c1d6463c2d,0
3089,1320887040-aeb6283f5de76ca7c54fda61c801e5b3,0
3089,1324284120-36be75c141dd57e3a3b97db2fc1855ba,0
3089,1321537680-49f1d53d80aa31b70ba3a3e89a646fcf,0
3089,1324521600-f2e71303f52bcfde18e85d954d5c4d41,0
3089,1327029780-f854088eae4cafe71070acc4a0e2bf94,0
3089,1323501000-cb088c48092d4ecbd823e79a4aa28cbf,0
3089,1322041620-abaecc767b902c627af9b216155b5055,0
3089,1327679880-01a3cf2824cb1032b8f27b72f1fc6f7f,0
3089,1325034000-a7259c4e10113b58acec53cd570a072e,0
3089,1321308780-00f9ae57c5d1c4aa2c55aeb28cc41184,0
3089,1321498980-84b34565207f34f2ab1a6312cbece6c8,0
3089,1322845380-65de6199c76fe3615562409beef07902,0
3089,1321205520-7aa3729a548fe552aea86dc55ca8d878,0
3089,1327596840-6b847ac4dfc386ec2447410713aacb88,0
3089,1321523820-f665f5dea498c135e70c6b41345a520c,0
3089,1320107460-db2ef4f3fcc58a9030b6e574016fbc15,0
3089,1323727380-bfbf7b8d091a91dea6feecc36d576541,0
3089,1320655020-9c7cc96d6553a882aa573b7a859875be,0
3089,1322868600-aceb4b1865b4b45fcd8fb119f3407633,0
3089,1320598500-4afe8a55f388e33b5be9e94f5b7bda03,0
3089,1321572840-b2494bf91e8d262d17beba42f995708a,0
3089,1320242400-f0547fe98857136e34396db291b08651,0
3089,1323383580-c6b6646fac4bc863cc26b2927a5d0d4f,0
3089,1320434700-a1693251605b8097f02914080f9ae199,0
3089,1327800000-921a32ff15eb598980d51157d1478b57,0
3089,1321610760-f0f2cba779fed05de49ad936b9bba4de,0
3089,1321498980-c096f089d520c09ef849d563a3635914,0
3089,1323272400-1f341ed8dd6c07e0a974906647101ae4,0
3089,1324902900-446ba1821df7d294cb12ca7ef6dd7ef9,0
3089,1321506300-c7bcb768b765dd8f18226a55984a01e8,0
3089,1321584240-2a463576ec5b0cb933ce724e16702668,0
3089,1323141840-d1c19052a242cdb030ce2bc82f8869c3,0
3089,1323809940-9424a0087a7349cfe6ea48113fb9cb27,0
3089,1324560780-a3e61812cd17bdc395c8cc58c638081c,0
3089,1320664380-700957c89197a2a48aa37e028ae81951,0
3089,1321632480-3977137b69d92e3ff944c8406eb4871f,0
3089,1321370340-d7e29e027a3ff7c242d27b9bdac54550,0
3089,1321349460-d5af778d66f2cd68c7c3157cf63c3879,0
3089,1322882040-74f5fac83ac16293fab409fc5db19f99,0
3089,1321537380-8f6883351598b92be0132befaa8d6b25,0
3089,1320854760-b2d98046e9d91707f794dfcbb5bca5c2,0
3089,1323219000-b6df292f6ae96812465aef8d912c85da,0
3089,1323474420-923605f39a526c84d7f5f921eee8db49,0
3089,1321660380-637d516c87456a69fcca6a7ccbbdd58d,0
3089,1321477680-d845292f84b95185b0b7c2d1ce88ca30,0
3089,1322163480-058aa6945b1d3671927b4909ffbb2532,0
3089,1321205460-d9b361b91fd879408639e992c112e414,0
3089,1324018980-5b8fc4a3b04b439e0396f103b5ce836b,0
3089,1323178200-b820b0fa68ca3e26be9b6b990d2be658,0
3089,1322617560-08d7d3a4dacb8756e34244da581c3f78,0
3089,1324678800-207f4e306c89507ab4ad6c5964a2fd63,0
3089,1324279980-1c835ddb8d9d4ee8a43fff6a1d90e05a,0
3089,1326912300-b824163a8b1c319f0705bfd51dc3b510,0
3089,1322007180-f380a67a86acab2bb033842506b5103f,0
3089,1320617460-732507fe229ba424ddb365d8950639b6,0
3089,1321414200-2a0c8acce05c3966ba6d021704121904,0
3089,1323247500-d54e680f7e9a7fdd75777715d5147d48,0
3089,1322791260-5d90fd4c67575eaf69a56f4bd61fdada,0
3089,1321576140-c4cd8745586cd18808f38f0a928f9b26,0
3089,1321487880-b6928e76da0931b312c121343e736bc2,0
3089,1324543740-91e22070d98164290f7f3b458da8505e,0
3089,1321306620-debf4576e6eab61f19d2ed58ad82607a,0
3089,1321658160-590898b4de64634e828083d7ac40472b,0
3089,1320456120-3268c1de8396093d0d9c2aa68a0cd674,0
3089,1321500180-feb6f8c897308a46256f2a83927a6950,0
3089,1320429480-7f53110418c53bc59c2c914e9ba568c1,0
3089,1322097780-d7bcba33529b966457db1e84967d291f,0
3089,1320816780-785801c7143763aacc25197d468f7832,0
3089,1322144400-7784eb17c25d139c7e78c83c6c9b708d,0
3089,1320334740-2329e49c88cb59b16ef1cb0fd07f4c88,0
3089,1324134900-dd72d8d464ad8d782daefd49c91347b3,0
3089,1320127680-3654a710bb80c2fe2b3a0a72f3e30a48,0
3089,1324164360-3d12a5a3ee17e93f5cb1ac15930cf377,0
3089,1322300700-f4431948a2ead4b7122d6d25765f6b84,0
3089,1326985260-271dc412ef6de6c71713aadd52ce21f2,1
3089,1326992280-b2835939a89104a3814ba216115fba90,1
3089,1326987180-124cefb983505e83745cd7afcd196b9b,1
3089,1327014240-2a70f9f53f3b5cf0eef42f1214985967,1
3089,1326988140-5237d97198dffd715ce34800d791daf2,1
3089,1327012260-3dabb3e007d1be292ec86b8053407391,0
3089,1327023480-6b9d559a973c978cae480344e3718f87,0
3089,1327048260-848f56e454bb708e169d1fd5295cf083,0
3089,1327023300-8da4b8567f1f7b3e576cfed599fb4f6f,0
3089,1322768520-68fb5910903978db0919a6183af27ecd,0
3089,1325175120-c9c13ecf9cf592eda5d0a797501cffb7,0
3089,1322865300-b393cb38dc91792ab7c9153d831e09f8,0
3089,1326294600-c4e869411314476fd5f60662565e9503,0
3089,1323125400-c12260c22f7e1a3337483e766661955b,0
3089,1322920020-b716524d1369d6206007146018bed905,0
3089,1327533360-cfb1b160ceb83fa6ace4adce22830188,0
3089,1324168860-4b198f3d879c2b7f1bf9ad4d03a6d53d,0
3089,1322011680-8b88772ccd87ed6b81655826f4dc8501,0
3089,1324531260-3d74b05ac4e0551b7aba875bb156d188,0
3089,1326519000-cf4abd1669d361709ab7fa000643a243,0
3089,1327953180-ac667d800cf1407ebcd3e99009f993c1,0
3089,1323098640-972974cebda1de60801607b1a33ec0e4,0
3089,1325688000-198ff43a4291d480c4500862727de395,0
3089,1323446460-5f44b5f8ca10144625a7ab89f9f5e1c7,0
3089,1320583080-4861a2593a3834e17415efe775f2ce4b,0
3089,1322339760-6858143d147bae557e611b3384ba19b8,0
3089,1322211780-925969481d5439baaf62b5767904fefd,0
3089,1326746400-848d13af8339c5f6b160d260886fb220,0
3089,1326927600-4e00c6c3022ebce7d87e5f2127f72818,0
3089,1320467040-bb5976654988d4b90c4d6418f4e404d6,0
3089,1324435020-8f33d4312737066de3a73b6b28e56d16,0
3089,1321467420-20206827e697e0ae1f17c7ce9c319e03,0
3089,1326144000-00dd0a2ff6069485f9bf34439c0044fc,0
3089,1327954200-3238206b65f0a00c0999eff9bc5882cd,0
3089,1320719160-52480ea7317e41b330cb7aa902e12df0,0
3089,1321374180-d78966b5518aa1f239cd18c6b2170b3d,0
3089,1323055860-1c3f8d5a409fe51e0aa52c569f169d6f,0
3089,1326871440-f79c704d5a91a2759423f8bf05ce59aa,0
3089,1321425360-0775caca05ccd9631afd088c0ad8f61d,0
3089,1322832600-6ccd85e272118c6581080f81823af6d5,0
3089,1320799440-dbe255c6bd8dad17fdc35af0f91faf0b,0
3089,1324079280-9cf51a4f0b673d9a605dfe02b49ec6eb,0
3089,1321593780-49545c0439cf36b37e8122148512e72f,0
3089,1321494960-8a025d6aec48767102b30692563c1050,0
3089,1322776020-224fe6a2cc0f0fffb9cc39f04dc5a51d,0
3089,1327600380-8d32608245dd632a31938cff7cfdfeb1,0
3089,1326204780-5694e8d20cbbceb3eb1f96e187888ee0,0
3089,1321565340-6b2e855d218d2597ccb1b9988658f029,0
3089,1322875800-dcedfc071c6fba7eb9602fe9cb219392,0
3089,1326841860-dcd6e4506e173e73df838fe4510ef200,0
3089,1326861540-88fed8cbbf7431963c6227cbd09b7b69,0
3089,1323137520-8a0bee7f81baddc227bc598dceeb5f69,0
3089,1320412140-7718d9f6dca44b1b3c4ffa5faa38dc66,0
3089,1321455900-d248a5dc39c4155641f5fc5ddd8e5c78,0
3089,1321314120-96768361c1564b6a43c871f94e452557,0
3089,1323394380-cf0d828f79c5110a1e3a81e55eaafee7,0
3089,1327001760-92eadb5a3541da36304dd694f1cd9e9b,0
3089,1322092560-decfefebb865b638648f412dcf437f46,0
3089,1325892000-aa6c4c44a52fb5041a5aa3567f570feb,0
3089,1323460980-275d29fac0a08a54dc3c9b8cf6fe95b2,0
3089,1321128780-6b4b0f2fa1be7cb9495970ff133ec7e2,0
3089,1320816720-320dd7283208bcbf15975ed958a42057,0
3089,1327501860-c215db1e842b95516d2a246d8be77111,0
3089,1322615700-99ad0000cbcc126081bbfdb494834f8d,0
3089,1323376800-9da5177819301c78de1afa106be8f15b,0
3089,1322840700-746bb82dde7040dd4663610fbc173f2d,0
3089,1324441200-d7ff65ecc9802ba4db456e8d0fa62e41,0
3089,1321514160-a6b3095b6f8213d80b3d08351bc32cf2,0
3089,1321452000-a33534962ec796ff2bda456b60d0e428,0
3089,1321446300-a9aaf0081af52e361e64515c31a09d51,0
3089,1323171960-d1c3b1933cc361ef998f581d8e2c045c,0
3089,1322186100-5874a24a2c1434c148c90f2577a152db,0
3089,1327688700-89d990ee6ba743cd55b408d697a93139,0
3089,1320709440-cce168f0bc0887fb3c6c47c3de021dbd,0
3089,1323960060-c5c17813e18b70a5ba78766a05dea96b,0
3089,1322704200-8635f91c98f99878beedf064f1674039,1
3089,1322712540-9cdf57a7a16ee6286da99e3d1b37e7cd,1
3089,1322726040-707af59b07e87ba694c95f27f274cb95,0
3089,1322540700-f5e12d1dc1add727d998ad2fe5404db1,0
3089,1321797000-ff69d62cee7aa50299aef84ba3d81862,0
3089,1322770500-de2a91e10f4aafea28375819ad141dbc,0
3089,1327368660-37e55af681a2c25a6d0fd3bf49c205e1,0
3089,1323313380-a7aac079048fc345b0ee92d3db923099,0
3089,1327734120-827e14fb1572d361b645ac1e4073c7ef,0
3089,1322555040-07e32a9a6871bd019e43c2da25495f52,0
3089,1327592700-d7ce76ca7ad01d797754fe57ffde7a6e,0
3089,1320634080-4378a1732da58733c6272d6b73bb2c37,0
3089,1326325920-70845348f0285d13d000badf74461c4e,1
3089,1327958340-0ef1da15af84c9d886e600f000222060,0
3089,1326268500-dfcaf188989ea11fb8ab64542f065c6e,0
3089,1327095840-9f86e79b6357fbc9606505647b6ef927,0
3089,1328033100-07ebc5d36e6e1de2be8366e0deca41a1,0
3089,1321470780-683aca5b98456a2df65be45e2221de79,0
3089,1322685060-31c84cff03f9db1410d44b2943059ded,0
3089,1322569740-da05d718398f917d9de34033829ea9ac,0
3089,1326901560-a7a1c5913af195e568072ea03ec2ef09,0
3089,1326288180-1653e140adba91acacf323803d5c1a11,0
3089,1327001580-c649dad4f531d042425ed734493f75f1,0
3089,1328029260-fa9f1bf8046b116441620dfd213461d0,0
3089,1327339680-ae50c4c0585c1bd59b1769841c048d27,0
3089,1320357600-2794f5f987108309ce9610686b4080eb,0
3133,1324638840-58dcc641c60de30bc467455670a9fd4a,0
3133,1327301700-2f6869cbb9e063ca749afbba40cf0b66,0
3133,1326282480-2acaee137df55135dbcec23b1ba4d593,0
3133,1322629560-8c30cac42c47fed3ec0cea34218f257e,0
3133,1322279640-5bf5d050314af7b84263b851089d9e5c,0
3133,1321205040-5e88af5a5d1fd250accc767e9f5c0485,0
3133,1323704100-546ce62d8ef5abfe64f483d927bfb969,0
3133,1320513180-ac4ce62c1f0fb44fe3d8eaf5426e3c40,0
3133,1327874820-5094075255e3153a36173dc2db8620ad,0
3133,1327079280-ae64241bb80b2d25cea7946e1e8d9451,0
3133,1322140560-b425506443159417791cf628dea7354a,0
3133,1321185540-269568a1b433bdb9a3408ab8b562cc79,0
3133,1327322520-9ca5b00830527bb346f73bc0dbee2400,0
3133,1323300660-4b35e7611e85b8cb432c83e8de5a46f8,0
3133,1326160140-4b4106e3a11a0ce44f28fe707e3ee751,0
3133,1322971200-9448b9441b2dd39e2bd176084467cc74,0
3133,1325188740-cc98645f91a85f9a63f3cb6fb0d2eed3,0
3133,1323220560-9451ece05c018c6d53ced64698dc71db,0
3133,1322413200-dae3fe7c5f61448d724c3f4375fff185,0
3133,1324546020-a03be79ba80ab7dea663067cb6f30176,0
3133,1327083600-c1268270230e6314872a7bd704b3d887,0
3133,1322493720-046564c16c98559327f97cdedbce07ee,0
3133,1326678420-a6d979153897d34229ef9fb42b13dfdf,0
3133,1320579240-fed2ae820637d39016df1212ac25031e,0
3133,1322882160-2730d64b39c751d596d4c8c626601960,0
3133,1322846940-6dd3a9a1bf50a1176c67c0d38dafd930,0
3133,1324981920-f8ff54586b01ba051993932966aee8f0,0
3133,1325801940-890aeac005a218212bb0651ac195be4c,0
3133,1321130580-0b8626efcb7c18a2620a5cb821ba47f0,0
3133,1322049660-b6a59d280113b687827f640a181dbe67,0
3133,1326920760-5087858b9e06ad7fa7882fdb63e17a6c,0
3133,1325781120-767a77e7fa0b8240cfb2f555993bd3b5,0
3133,1328020560-3ff1e4963bcdc24c8963e8782304485e,0
3133,1321100280-40545c55834bb00ac0dc19eba8d3b9d6,0
3133,1327351380-8200eb7f53496c86899dccf0b396130a,0
3133,1328003640-6bfbdf7f9fee27e64ef654f2a73d67ff,0
3133,1325664300-6103325e9695da89ce9c71360efeefdd,0
3133,1324623000-9f8e0f44c92e2532da362763c60551a9,0
3133,1325664120-4958ddda1dfd8f16ced6fffdf23ba4ce,0
3133,1328049240-363a82fce3ffa2df253aee11c00c6355,0
3133,1321068000-6e9890170a7023616db0759573804b73,0
3133,1323702780-25d85999e1ccb8a76acc5e8888d594ff,0
3133,1320218520-174d2fcf8e4aa0569ed2f0d2ce9d27fd,1
3133,1320572280-b2725e25ef2514278159629bd173b602,1
3133,1323753900-fb5cd3cdb1c45b89000144b7e2426ee9,1
3133,1321744200-fab06c1ab084ca75842735fe3b621d70,1
3133,1321567920-be57aba2f703294c4b7a2d20d31b2ee2,1
3133,1321743720-c473a9955444f827676d67cc14bcc3a9,1
3133,1321627200-cecce9a88da47b06d61f80e14dc90a67,1
3133,1321407240-98de8a23cd61897b291d2d7b527922a3,1
3133,1321037640-5e75bbf739891ef08353949ec40aea2a,1
3133,1321061340-df758c9f14e69b19a4335e1cfe6a767e,1
3133,1320572340-b37a822b733eaac49b4dc00b2cec2995,1
3133,1320537420-a488a96b2be55c7f87ea947bd17ba9d4,1
3133,1323789300-3c9e345c123eed6015e568b40299e998,1
3133,1325412960-712494b0d4982154725c6d3de19d1b9f,1
3133,1325469540-0cc96889188e9f3c6dbd94774569d6ce,1
3133,1324541400-b1652b4f5768a42341b6f4d7d03a87fa,1
3133,1324546020-d2946e625d87d4f63a465982d3519b9a,1
3133,1324509000-2d62fbffe62a3f2affc302a002a0d498,1
3133,1324549560-1fc2eb75ff2dfac22a2eaea80e2e2b09,1
3133,1324457460-0c80e1a790fccfca692cf662bff93643,1
3133,1320810780-227dc1d39679e46e59db5f032de06722,1
3133,1324455900-26ac8bcf38d38a82e6c2744bd8bf69c5,1
3133,1325314260-fcf94bbeb324fc851407d990a0d8bb7c,1
3133,1325238600-336ddac02644cd5e7548a4b7320893a5,1
3133,1325239020-3897d6018207455bafdbe99c4cebb906,1
3133,1323753900-4d3cd25a671fb92694eb65cc3b0ba644,1
3133,1324445340-37aa85b31e799d49eca752bc58338981,1
3133,1320325560-905d90cea2f6335916710af12b79e913,1
3133,1327632600-6c3535977c4c0e4e1db1d07f2e692610,1
3133,1320537420-3dfa3ce47a3bdcf234003bb6b04945aa,1
3133,1320325560-da7ecec6b8f8d00e83283dc2d3797eab,1
3133,1320537420-161b79354aa03ea3749077ac5a442ef2,1
3133,1320218520-5997865295f466278a62281cf4422e99,1
3133,1320325560-485db0a830412822e244459d7c109916,1
3133,1320537420-2e84cfccec99c2cbfcd662a548ea5d13,1
3133,1320572280-76fbc3e2fb26c6ce5055288d0e6ac1d8,1
3133,1327743240-23d16b75a34fdf5c69ea29f7d5a430a6,1
3133,1327145280-145fd53f83ca2b28d4dd0fabc3491e00,1
3133,1327411140-b66d6ba16b6974a74a94d7acd31d804e,1
3133,1320325560-9eeaa14b670001440a5669f04475aa5f,1
3133,1326400560-cf24df6a3b8d18cd97c33dfad46e26c0,1
3133,1327636740-7112e4de14625d2119fac5a6dfca129b,1
3133,1327635840-80725feb873928e5ae85f01e52dccdd8,1
3133,1327469700-b5a345a344f8ab59038fb2edb77a8474,1
3133,1323768660-9f03c32371bb536087af3df2c5f3ac6f,1
3133,1327430940-45be635eb31a8cd7a6c3729889f065dc,1
3133,1324584120-b7e8a329c16dad9cf5f348e48f18cd7c,1
3133,1324599840-af9d27c8fd7e8ca26c3e76b26faa2b04,1
3133,1322793120-2d7d3552c3f8b27c150a0a12ad9006f5,1
3133,1322862240-128e0f2be9b2328173214eb861603d1f,1
3133,1322868420-757c258684873a70cfab843b4905e758,1
3133,1327037340-f09703d46c32e823f44efa1053db84c7,1
3133,1323282060-a8ef24ed751b4ca6e9465fa42f491f1a,1
3133,1320537420-6f944eaa7903083d3d90ff2dfeaae810,1
3133,1320325560-492865cb41c7fc650bb0e59278dd1681,1
3133,1320537420-7a1263174f3b3a23afe586db806eec87,1
3133,1321558800-bdc415ed7e578efe4fbef01abb864a71,1
3133,1320537420-847f47d93e6d403c3ee3fe35c25b01a0,0
3133,1323335460-b60a07b6a072042eaf65c6d70c8e0fe6,1
3133,1324378620-cd91420f1169c8199cc61b4b061dd3b9,1
3133,1323714000-1aad361393478d6c1f74360611aafc0e,1
3133,1320980880-f6e31756ee117922eda10286a0b14e8d,1
3133,1323715080-47c617c427653d348c32f0758b5ab5ad,1
3133,1322878320-2936c37c05a9b1b62e850db9d9c87386,1
3133,1322878140-db7355b13a07af33cb4ccbefaca09f2b,1
3133,1320954960-6d57d78f366c625bf8ddb4b828c587b8,1
3133,1325406300-ac08bb3a5a26ea67158498b1427cd0a7,1
3133,1325406840-227e744a3ce339fb65c2625a019dc9d8,1
3133,1324197060-7c21dcee63237ecddcff79d78fb65d41,1
3133,1321960080-9c6332052b7b41808f9c54fcb8093476,1
3133,1325429160-c696fc8fce92cc1866547f55047fd270,1
3133,1321069800-33c3c843a97fef794871fb45f7e87eff,0
3133,1321453440-68e6fac86597b33d5a03c6b71a3a23bc,1
3133,1327806840-50bce0f4829616457e44d27bdc0b44d0,1
3133,1327809000-397207c8324d2342ad92b3399d4496c8,1
3133,1326675840-4ac6d03a20524cd3d692ee288a644b4f,1
3133,1321542960-2cc97823c26a37bfbd50f6babaae7b59,1
3133,1327720500-a4c862a31b0cd947fc86589997f06332,0
3133,1320218520-9e108568bd49c2a58120f56d48180784,1
3133,1320537420-bf1517a4ad9712d93738a50390937dbd,1
3133,1320949320-8aa01861fc6258a1e5013b0b3e78fb91,1
3133,1322404260-8223ec596a149e54bfbf4a073c103b5f,0
3133,1320897420-4dcb90c8561ced2849803b8eeac8f329,1
3133,1325045100-cf929dbeabef1ed5cdc2d473adee101b,0
3133,1320819420-a0ef4758f6b358ef822d2ea27019cab0,0
3133,1320869520-d04724841b93b48597f7614a7ddc7421,1
3133,1320915720-7f6dcd222c3a37ba02f50d4601b4779e,1
3133,1320909780-9ce56818137dd5f958fee8b3dc18833f,1
3133,1323199380-ab013400a13e47d6a819ed4623089a93,1
3133,1326183600-a0705a786192b3cf801cefe33e1a2409,0
3133,1320537420-b5a13ac727de3f286de805ff7966c017,1
3133,1322502960-663e163458dcdf3d261333c64996e68e,1
3133,1320897420-5706f509b80df45831e5022d6a5dbceb,1
3133,1320325560-7f2a17571300ec6a3f61dc7080244bab,0
3133,1320537420-436dd898401d276d7ab905021e096140,1
3133,1325689020-0c8cd1d6a39836d4c7535042f51141b2,1
3133,1323821940-d89d3571198e7b6c7fc1a3605e08994c,0
3133,1323744180-7f3ee1be534dad93fd2243915269e8d4,0
3133,1322723880-b2871f15cc09bc2bfe56cdf813d97681,1
3133,1324160160-71f6706f57372ae74b19088b20519d55,0
3133,1321324020-96834d1075fb625987e689e8493bc478,1
3133,1321323360-84b49a5e663535d0c6d34c1a31497605,1
3133,1321213860-fe640d8e1fe2296502cebbb0d250fdd6,0
3133,1326630780-4dc2ee4d330234e817eb139a86697b2e,0
3133,1320537420-a8deaa2687d1ac25cfd2838e9d157393,0
3133,1320895080-b5306f57126d1e4d5ad71740a5702506,1
3133,1320893700-34fff515f2ee79f81ee3440da1ea817e,0
3133,1326923640-87e1274d7829f62b9178ab9cc18ef468,0
3133,1324160160-b202f1a448a8c0c7baac1262e4eab563,0
3133,1320537420-700ee4982136aaac513c1a1d632e2efe,0
3133,1320696960-c860cce610383932edd97b5476e0364b,0
3133,1323967860-d8b58e54bdf76e51aad3b9efd327c98d,0
3133,1321100820-1ed60e9e6196aa56a61dd3cc05044f0b,0
3133,1321171920-46f8c4dc3085ba289cc495f66f894d4a,0
3133,1322271780-90af3a7fade4c92bd6cd9b59bb913fb9,0
3133,1323772020-4cdadcfe64d40367ee64547a2d4ee0af,0
3133,1326543060-8d89d52abf7207cf0ff42f5721322f37,0
3133,1326357660-5fa3fcd20579c412e405795e82c4894c,1
3133,1320325560-ba54074e516b084d0188ae657094cc27,1
3133,1320325560-2230b9ccc2ff081f1f06463124051b83,0
3133,1322381040-c7d7e0b0acfa98190d78670c40f5b0b6,0
3133,1320392880-c2b740f068df30b9c7dc9dbb28b38af5,0
3133,1322691780-95db82e13953d0fa18970701ea787500,0
3133,1320537420-191772b1cbac1c4f06e01149efa25d48,0
3133,1322868420-f6d0ccf6150c37a331f0872841bd5f48,1
3133,1327145280-6845f114eeb93a58fd21da5551f5e518,0
3133,1320325560-fce7662e2fba7432892d21138946ea51,1
3133,1320756600-fa9b37fb0ce04abb42348c67eab4bf00,0
3133,1320718260-8d428e504b80c18f0e61ca030d57582e,0
3133,1326400560-df85e87b0109a4900e70f2003370d3be,1
3133,1322852160-fb72ae57ff90360eefb5a4345ca1d8d8,0
3133,1324389120-33ffe045a22ee9b429e830af56e83c2f,0
3133,1324160160-68b329d67b6774f0b127221cf582a205,0
3133,1325625000-978482dd46fc75b16621ca4b65cc1a6f,0
3133,1320325560-9d15016fa6d5e23b5e769f758087cf7c,1
3133,1321954320-2f7364ec16ae502cb67d7c66d1a6b114,0
3133,1327117380-41bc596c97b0f3ac71acb243b191bc4c,0
3133,1320717060-22f4c0e7086c0187846fcad1a4255477,0
3133,1320664320-21ab20e46bfa4db76b5d8c5e9fc2b3ac,0
3133,1320325560-9245fc9da80da4fb2237a25b58cea8cb,0
3133,1324927380-5e203207f33bfe5cf99686f9802f4832,0
3133,1325747100-c02e44880fbcc3fbd0838f2409ce88cd,0
3133,1323274980-53e45e290d9ae8851af78a492807b6be,0
3133,1326153960-f8a19a6eae55b845906d56b106b2d9ea,0
3133,1325429160-0c1b876ff7bece12d1347d18240abef4,0
3133,1321592340-5bddcec469244b8d736644c2074ee003,0
3133,1322232480-feb667de4a101a401b61bb0946c36275,0
3133,1323819000-20b84982f3f05e7cd9715a7ac294c469,0
3133,1320979200-95498dbcbf98a9470b913977508beaf2,0
3133,1327371000-92d29eb078d582fe06ad16a0dc809a36,0
3133,1322903400-b8f375a125a8402ea1ea13e0ea59b887,0
3133,1320307260-bf56d60ae90e8ce15cca45de2115609f,0
3133,1320537420-58bae04850e487c920ed6a2813fb39fa,0
3133,1324160160-5e9c60c8b729e1070be890991d99c936,0
3133,1320983040-835f735e2e2d9fa8722d26ae166153bf,0
3133,1324549680-12b2f762eeb9bbceb09028230e28af69,0
3133,1323860280-a5afaf0993dfbdfea9cb2efe46b0e3c9,0
3133,1320537420-bc63d64cd596aebfafdad4a6ddf6e3e4,0
3133,1325718900-81adee4623eb8c91c83fe177cd40af21,0
3133,1320937980-12e2704c54b146b529f4c5a5f5ae4944,0
3133,1325963220-3e05756bb8bf0f00c129c80a96291db4,0
3133,1322419380-a66ebcfabd55b12e212ae04f1284b102,0
3133,1325031000-de5855c79773a4b4b2057b0ed020d418,0
3133,1321933320-8b8aeec77f604ad36bc1860eab10b652,0
3133,1320537420-82dcda27fbaa0aee8f4f4362264e5cf7,0
3133,1325817960-cb2c5bdc568dc7b988876e2c15bb138b,0
3133,1324961880-95be7088552178d5a66c108607fba110,0
3133,1320572280-0132d4b26bbdd3995f0af6e9ed1ede04,0
3133,1323819000-22c7f5c25738dc6aad1ead8de5ee6a2c,0
3133,1324521780-66231157ac19fcc44b791d00a26b777f,0
3133,1323816900-b97b449e2722fc3a8c8b38c12653be06,0
3133,1326119880-774e1617179fbf565a188ecb7bad63c5,0
3133,1320879240-9d2e8540aba019e0863749bd15944347,0
3133,1322176740-72e0ef65355c6ec78f3a97af586f2457,0
3133,1324378620-4e5c4d9a906ae46d6d68acf832bbb96b,0
3133,1320218520-1e17214785da8a308cba32a99a1b6a0a,0
3133,1324375500-372336c47e079bb6a2e67f6515bbfdfd,0
3133,1324549560-b919842fae0609fbecb2d77380c9de07,1
3133,1327990020-1ee666950b89738d529182dc3db89af9,0
3133,1325591400-58c7cb71aad93fa42037994267c0bc36,0
3133,1326921960-9e85451f107b484b2679052aceadbc80,0
3133,1321982160-19cd688ac54d39296aee4859b25e6154,0
3133,1325125200-32bbadafea993afd2eb7b687ef7b8120,0
3133,1320693660-f86fc9bd387a3dee87d05a1ce8e6ceed,0
3226,1320803700-0fff30bda4d198727225b26afc7e227e,1
3226,1325233380-53f06cde0e47b7791931c0e52fb19eb4,0
3226,1326526680-31602ce1b8fa80ac00c26c2c9a0d823e,1
3226,1324623660-a65453b2c609ca9ba06fcec8e5544454,1
3226,1326875700-7e2af0a39002dda229e5986ac8ac7c89,1
3226,1326892380-56abced877bf58512beb9db9cebb9f21,1
3226,1326866760-855ffaa86b02ed5b1678c840df2dcda6,1
3226,1324550280-947f224b6b552438d852c12abb6b2c45,1
3226,1325823180-be0680a1c6b4bb316a7c50e58d4d3a0f,1
3226,1327742460-7f436696f9c7d07ea3b1bd5c626eefc1,1
3226,1327697040-a36070b68f9c3c0a6dd4e0678b6ac287,1
3226,1326679680-3e44026b2f6425a795ef6308fb8ac55e,1
3226,1326679680-349cca60e920b52ca9c93a47709cafc5,1
3226,1325428620-d603b2b5577cb0294fc581c8013a7eed,1
3226,1325433600-45f3914ec66c71ffe34b3432a2ac6492,1
3226,1325428620-36120cf94dae033f7d17f373375a8907,1
3226,1325433600-41c7302dde471f43ffa3cd727744c873,1
3226,1325813280-bd3d0f912f2cf6454f061fb817b4fc13,1
3226,1326517260-87994d2364aee8dcfe511a7dcd5da4fe,1
3226,1326517260-359be4fb1a4451e8eb653089a62499dc,1
3226,1325813280-68d0dce23039cc873b7f0a88f9ccf08e,1
3226,1322212440-bfdb1ccf0698c18bdad94aa22bd841a9,1
3226,1327717500-44de00a9bc5dd8b98f967b73b919feb0,1
3226,1328056080-c121dd2ba50e71f59a683a0b698639a2,1
3226,1322832180-067a86416b78cdf2fa281c72bf19dd28,1
3226,1322830380-1a9d1195ab8376913ff950afdf147e83,1
3226,1320239340-b74a098abc6eda37d37695a1aaf0fae9,1
3226,1320239220-028f4d827034f2c1d407fa78a312b214,1
3226,1322249400-ad10dbd8a64b191520e309e632f51cff,1
3226,1325823180-71cb65117a17829c591aa305dad65ac8,1
3226,1325059800-2b1c34df867d5382d4f631a2a1bb0326,1
3226,1321017060-f17ecc2aa688c24f3b77d5ec8a9bfea5,1
3226,1321001340-6960682ddc51a7c9d86b4c250e40075d,1
3226,1326165840-f11dd82a027b3a0e50624dbcfd0ed300,1
3226,1321528620-7dedb539f45d00271f7fe0fa3caec72e,1
3226,1325657280-9b0d1905c7220c3eca69b33ff2aa2a4d,1
3226,1325682540-b031a51659cd0316d8bcbcbf3aed8737,1
3226,1325657040-b805623ee3f963a2ecfb834af0a8d5cb,1
3226,1325130180-4a27f095661940c869ef392b587230e7,1
3226,1325130180-60a193c186cfbcddc14638af88704030,1
3226,1325850840-1982a9af2303920a5a1134c62458c066,1
3226,1324364820-3ef61203bde76648112ab7269110d733,1
3226,1321996200-6f3077741ef9e07ff4f090c19eb1d3b2,1
3226,1324358640-ccb842e287b0021052e2f5a1926beabb,1
3226,1322242860-792a5eadddbbc3608a3c022315da0510,1
3226,1325263980-90b7d7d2366d089efedc846904131718,1
3226,1325567520-682371fbc7a133838e6383a1cd0f9097,1
3226,1327713060-009ba46899092fb2d291fab106e54848,1
3226,1321325820-fa725e4bb48002abd1c31d1e3fa7846d,1
3226,1322859360-94e788a6f8cb897359177dda29a85fec,1
3226,1323814680-5fcc96796d29e8d21e694b7b66ff80c9,1
3226,1320452700-26c64f733832a1b4d8891887ce9c18b2,1
3226,1322800920-a24f81f43af2448dd8add9d536d92085,1
3226,1323730380-a77073c57d6164b6ffee6b6745e8111f,1
3226,1326251580-02933240ae3f7a40808734a6f77fc7ae,1
3226,1327123080-26a049f262bb1a741c081c9c9080f771,1
3226,1322715420-f8286d061acf11bb322bf3e231f5b97d,1
3226,1320960300-6ed11fc3c4b3e32fbd0ea319b8fa451e,1
3226,1325891340-4ab43763196e0e4ad34949caa1cd7eb1,1
3226,1321568100-add545cc3db44c009e2910963443b840,1
3226,1324805100-c07fb4391cd7aee8dcee088cbc6bd454,1
3226,1325442660-ab02430d021a4e29a21faf2c308b7ebc,1
3226,1327193700-b9394b61660e34905a840dabd739011b,1
3226,1325443260-2c6545ecf18d4728fb7825c15c28235b,1
3226,1325442660-899369ee810ab98ab9b1721821010453,1
3226,1321411500-a3078cf90e49cd6b7b03be2238e7bce1,1
3226,1326830160-94df719fa6f82daa2db63c11c1b807e2,1
3226,1326482700-ad27575f51883643183b91acd3036b64,1
3226,1327215120-243d73865f4997fb28d7069531320e32,1
3226,1326819720-4f649794d2749e967f7f1bf37bedd690,1
3226,1326401640-35d9f80e0d4bb62dc83bd75cccd5737d,1
3226,1326463800-0d46d300c115d009bab86e0e27574064,1
3226,1323569700-509692fdacf8ecf273935927c9d78ec8,1
3226,1324211580-b4c407f42234098527526f55ccced307,1
3226,1324414620-064bd855f21f5343836258cc7ba60eea,1
3226,1326041700-51f4425a0c69946ee6150a544914b0c8,1
3226,1324350240-1036a8f6ef705bbae4c85cfde0be082a,1
3226,1321332600-9fc905c2fb6c1ba08e2ee7e1b249ba6f,1
3226,1326477000-36e9efd273dd69c0804eff3a89de1c10,1
3226,1321668720-049ce3ee9936d97a8f224268234ab72e,1
3226,1326183480-798b338772d316d0438eda59628df482,1
3226,1321063620-deedb33481fb86d71cd4c7b26529a0f7,1
3226,1327254060-dfd79519e30a6806cf30ef3833c77338,1
3226,1321545900-47d4d22cd7cbb7343f9fd1a33f17444f,1
3226,1325349120-9f6011363e270c14288d8611594e9d64,1
3226,1323806580-bc58712f84e7bef6445deb033f29d99c,1
3226,1325083320-908e0d214e065655f4b2b96095087603,1
3226,1325269680-65738db5b7e130b3e3cdef80562a4217,1
3226,1325133120-c87cb1d98d6aa07181d5496e356a0af7,1
3226,1327532640-7145441207b9934fd5bf0888e460d555,1
3226,1327557600-27e027e685934d75a3f8a50e48d3de8a,1
3226,1325133120-90e77611729ecdc891c269fed80b2fae,1
3226,1321495920-7690b62949db7e4566fc9af18a8e045c,1
3226,1323923460-5207fc8d6db6c670d824536e075b8353,1
3226,1326251460-9b39679a7c4bdd875d3c405820a58302,1
3226,1326403380-1bd6dd8c092054415b8e07f9b371677a,1
3226,1326251460-705f77556dce0ec857167f822375889b,1
3226,1324058580-b2b26e9b2357ab58f90d1e70e6b2db21,1
3226,1324992540-533a662aba919a9b08344d45fb642657,1
3226,1324371900-9694f5baaac7d9aa5efbd724682a2384,1
3226,1325941980-25ea51c859d02e9911c1c2059a498c1d,1
3226,1323663300-76a3af2c163e851947d01dde7a93de66,1
3226,1327032720-a9630601e8a11e6e95c2245b442044f4,1
3226,1326243180-cf31a11cb0a0b13e068bc24aa33bceb8,1
3226,1322946900-87302ea9566636da3a476cae8f17e176,1
3226,1321639740-60182cdd11813ca160eeeed8daa13b59,1
3226,1322775540-18b7c949d3a3a81722ea9846153e4372,1
3226,1325790540-89d3daffe46f73e15222424b54923438,1
3226,1322521620-7dfe5b27ac2b1c9a4b0560ff2c11fba2,1
3226,1320418620-4a81b4a737b46d4d6a9e955091ac9726,1
3226,1325362260-c91175b1f5db141b60c20df77380fbd0,1
3226,1326501600-a6e05ae7c7a2c2a7cbfeb55de688d9cd,1
3226,1326165300-65f200af59f686470208a21cd3d4c364,1
3226,1320537420-faf47d7ef74aee244fa01af62a551f60,1
3226,1326165840-1a116e5240c3a25bf43c72ab3ad8403b,1
3226,1323884760-ab98f2e50b5f8f99315b0d1bb71f38e3,0
3226,1326206100-f23ce656b564093377a46829a1eb2ec9,1
3226,1326165300-9135cd37bd5a325bc03e6f2978a21a5a,1
3226,1324389240-1b2fd5ef2dc10102ae6a0530a1c18351,1
3226,1326962820-19f01a11d5cfb28c2239d094c8af6d9e,1
3226,1326977280-714a2dbf4aaa223176c72c6d77a85d69,1
3226,1320807240-780518ca76a573ae65cf6f39d45c8563,1
3226,1320729060-f0a272018e60c4d605d48752989e4b90,1
3226,1327502100-1dfc8d371030a573980b78c8d2f317ec,1
3226,1320820560-b54f7cdb601a7bda70cc43fc9e9fde90,1
3226,1326868140-fd1b8ed8af8daf45e19661c93d896c19,1
3226,1324510140-fa923d08f17fa26bb4619b77c85e1a5c,1
3226,1322510340-991e1304291009844d1df23f778aaa3c,1
3226,1322373120-49b1ab1db9273d2c38078566f6553581,1
3226,1323801480-07f85cf20ed6c088436db1c4e6b80674,1
3226,1321465980-152519b15d67f376eada801663a25e09,1
3226,1327635720-c70a695fba83808b3a9e2604215a0803,1
3226,1325986260-65bcbd0679ad230eb270df6f9535969b,0
3226,1326869220-6b2afef41883e59a319a1e63e39c8d7d,1
3226,1325134680-8856d8a886c11726bc588824228b04e9,1
3226,1325560980-5550a112090db567dc7ea77da8b2e945,0
3226,1324337280-f965f580a4837fc2ea29be945947f3ce,0
3226,1324069080-11b73dcf2fd79f83f136942a126f9159,1
3226,1322773200-b25327934682722f7e12bc60c8df625e,1
3226,1325251140-751a8e288cd2839ca5b27e931c709437,1
3226,1326843420-3546126d39509fff6f7cb2a11a66486a,1
3226,1326837900-677a36f5a375f10a2b4eaaa8801aa1f7,1
3226,1326632520-a65ab4dc90025cae39b2f2e519ee4c44,1
3226,1326837900-0755d35cfe0f06377fadd3284038ffda,1
3226,1320542880-6a10ecbc10324f7523880964cc268ba5,1
3226,1327551840-2b80eea9bf969b12d408baf81e8cc0be,0
3226,1326842280-238d75340ea632b39b73dfd054fd74ae,1
3226,1323960360-15ef98f126695f21add8d4e4b1fd9032,1
3226,1321461840-0a436b30420ead4e6735ecc4485fb736,1
3226,1320947400-b6674aacb6f4b22a6157d5a2f3fffdae,0
3226,1326387180-22ddc4c297cd9bea588f1f582adc4fb1,0
3226,1320937980-68eab6dd807b827a1657272746f23ba3,1
3226,1323997980-db6f7d64b4a22bfa91019dead7529269,1
3226,1325572140-55d716cca14fc75c8f5ae477bebae041,1
3226,1327239420-741dff87bc3df8cf3ff30d86794589bb,1
3226,1320134880-696a35fe1a6d19347d517b21ac257e3a,1
3226,1322601300-c6d5c943ea1f2f60cea8b05743876209,1
3226,1326793740-091671c60271b1c55b32f70a4d55f8e3,1
3226,1326280920-701d6ab092c44cce62d539828506459a,1
3226,1320210900-d1b5babcc561e7408928f1e6823b53cb,0
3226,1322956620-626eabf73f55e0206c3ae604c143f8a3,1
3226,1321647000-8e261b10eb21e819538d865cc647137e,0
3226,1325704140-6cecd761587a0f58daed03cbb8689123,1
3226,1326980940-ad9ab2db39f7fbc088a62d15b5518e03,0
3226,1322320800-5f4909efad4a08010ee34a300e3acec6,0
3226,1323726000-4d917ded73b64bc38f7ae30695294509,1
3226,1324514520-0f188a174f5b43cf5e0cc9c733e2d5cf,0
3226,1323701100-15814ebb83795c20e2a3fce4515647af,1
3226,1323779820-f8d495cd12c2d1ea06c107874047ac9a,1
3226,1326887640-97b0b1d5011120c94ec2abd5193ba5e9,1
3226,1326101820-354d1831a4511f018b252904d9b34965,1
3226,1326126120-09a7e54f60c907b261fd1110380af0f5,1
3226,1326132120-6d489b22e9e5f94426f3363058a12c75,1
3226,1321626720-80eee7613efe2e20d8974b1cd3f4915c,1
3226,1321797180-363f5c595dea28b58d8eef18563ee011,1
3226,1324563660-9e67e3d87c28a4cebf7fe8f8d77c950b,1
3226,1321324680-12998314e2f085e30e8fb7d5a2e9dde6,0
3226,1320862260-d1ab883c6ee74e600b262b2cd584f0db,1
3226,1327528500-0cb4bb1879686b55c73c18e0a9d7c985,1
3226,1325409720-69f08eeda6c1b775b7c73d11b8b6b023,1
3226,1325268240-b50b0c0b029c2a141d12426e596546af,1
3226,1326019560-546908cf18dc94ecb611d818499cc356,1
3226,1325855040-f3cbd10626b0ff1b1b861e1a0d42bccb,1
3226,1327110660-3234bd21a917e8b01fbf9d62046b70e3,1
3226,1326057960-601d60e33949d3cc09baacd8ea0230bd,0
3226,1324477080-d2fe510a113962331adeab9cbac2e05b,1
3226,1327791060-79846cca53a475628c0431e3bff3191f,1
3226,1324501200-fe5f13156f89b8c509fecec42be9b13e,0
3226,1327350840-145dcd02d9b3e7ef0114ebcb55310063,0
3226,1322296080-4c910ec141ebd659179ed2dd3f4065d1,1
3226,1325008320-d833e93bb08b17747a6d1f050f589c15,0
3226,1324037400-b14b719b6247dd064754bc86232fdc39,0
3226,1327949400-6b9ce8502d4b47132ff9feaf19f9d67b,1
3226,1324144800-0910ab717a6264f6042dc156043ec1c9,1
3226,1326968880-959dd9ca186378789f27f757461a26fd,1
3226,1320811860-9b3d2070f27af2f2cc56d3678896d310,0
3226,1323129720-84d53f5a199dbe8f664ea3e5a44741bc,1
3226,1326203460-3a1392da58d7a3b37ab46cb405beba5c,1
3226,1326223260-d9df27011e5f924560bab8164514588f,1
3226,1324012260-92e646f5bcd20f15dd7d2a08d34f1468,1
3226,1320537420-442b291fc21ef82766398ca087e9eeeb,0
3226,1322178420-d2af222dff25529eccefffa2e49b796c,0
3226,1323695280-8e31169d81c6cf8222395d76a9aa9714,0
3226,1323381660-cd9d8642fde1074227c4e7a68877727e,1
3226,1327454160-67052818ef6f7edf19f4f4f230e998b8,0
3226,1321542240-5470dd9027f9f0a4c89851fdccc3f8f1,1
3226,1321542240-cf261649392970316d2262a5a0bdaf75,1
3226,1327673820-577f7ca0c664cb041de3a7b029c2121e,0
3226,1323172740-8624b11ba55bd09fab9da68c31e9fd4c,0
3226,1326735000-62c2cd25b0db941116f7b4d6975f93d4,1
3226,1325892600-429e647d60d9a11b7dffe6721510f879,1
3226,1323556980-bc6f2ca5dcb3cb2b369f8b31fde12d07,1
3226,1326682800-2d0d9dbb33226c03592482f74b51337f,1
3226,1325959680-5660d28f6471b0ae92687ee61de7898f,1
3226,1326786000-9f36f0104fda33e7b29b2867a52a6bc2,1
3226,1326190500-3028ea12eb8ec56c243df0ec2218761c,0
3226,1321877220-4afd53fbd8d6bb57afaab7ea2868013b,1
3226,1323155280-3c1ba9383a8ece0a6da339901f373b4b,1
3226,1320923340-5dc8b797b87724e1faa836f809ef0b81,1
3226,1320755640-fd80652894c828f0a9b318ed6ae57f20,1
3226,1323873060-04c29f58099cf35b696e503ef5035c0d,1
3226,1321942440-3bb7e0f634373f12578a53854e431e89,0
3226,1323362580-a1727c4e46ff10969420bf54d342a17c,1
3226,1327502580-45ffff424d786f24cfbb95d66a00623e,0
3226,1325366040-987158a6413221e4e0dabd951a4b1309,1
3226,1325188080-d0b96166a7b8f1e4b9f4521c8bbd7863,1
3226,1322605440-26885c10e9b620e7a9e3471cd18e13e9,1
3226,1324323900-73ca0af9a7a676b696beb91ebe7679a2,1
3226,1325208420-f372ff7ea3f98b3ba51f67a168c3a310,0
3226,1325233380-f2b77dc0b77ce13bc3a601478860ebf7,0
3226,1327306260-6f91bf11817051ff6201ea8e3afb887d,0
3226,1323358740-78eb333e8918d488df67ebfa140b2cb0,0
3226,1326800340-0324f3562521ae6dd8d75aac27f80a25,1
3226,1325961420-63ce3d9309cb25d697fe94aa20c44f44,1
3226,1321904700-37d6320069ae679e6ae9aeb690cd44d1,0
3226,1324043460-f08a259de5b125f80539a9a684762f77,0
3226,1321560420-80cf920bbc0cea9f1aced4f72da55047,0
3226,1320681120-99dbe847a7dd5723cbb1ea68148a82b7,0
3226,1323732300-fdce3408b1e6fe1daf01bc411d5e4008,0
3226,1326493140-2ac93ed1e36a203d1fd4799058e93abe,0
3226,1324276500-dc71039bc58c234ef8ff6e88b2c583dc,0
3226,1320624420-82769114491fe9dcf87f4469f32ed3bc,0
3226,1323446820-6eafa308a923841691b17bfe9c11c679,0
3226,1324361940-0b3bf9840e0128e4f20cf4f7d1641cb8,0
3226,1327957500-2c4f64a477ea088e6534edaa11990134,1
3226,1325611440-4fe088dc7e07e09326c4008bcd9532d8,0
3226,1323023700-1b084c5910f4dea54d5543675eae98cf,1
3226,1324269120-4451fe5367831201a20847a77f64eb30,0
3226,1327968060-7c1ecc04ed0f23a5ccdcc0116896e62b,1
3226,1326304380-329caf28f2a45982f4babb30ff43c9a2,1
3226,1323836100-cc501472b65e1494323641b18fcb6691,0
3226,1321017900-b0801a219bb0e9fdda4f288c08daa349,0
3226,1326898740-b2fb44143549c7159c6f4b4ee669190c,1
3226,1326366720-436bf0a3fe3e2c10a4e54fcad4879f83,1
3226,1326981900-204ca66a3c2e3eaf4f7a429d2d4814d8,1
3226,1321059960-737ff910d464476028b1728075059a6c,1
3226,1327335660-df939d29915541be6107bcfe71b986ff,1
3226,1325619120-2a880eaa9064f0ef94e23003640c2921,0
3226,1326767520-d5f8170856af7ca49bc45518053a60fb,0
3226,1323838920-0f020948716dd23eff7f0a6b505b976b,1
3226,1326541200-6bcaac2987901b76f95251585721b0f8,1
3226,1326933420-790ee8a63dd0dd5c5a3acbbf966aa773,1
3226,1324470420-67ebd23cfce7b0edf1205cd4fe3e2e9e,1
3226,1326755520-182309406ea1fc3f9edb77544398189e,1
3226,1323289860-5ae74f83726654d7ca033c757a45edcb,1
3226,1325895300-accf8f7bc450e4b52511fc4b07d07287,1
3226,1321306920-208b9ce8e02ca0e1f439b3ff46900304,1
3226,1327066380-c74a965100e9e2c84a7502dfaaa149eb,1
3226,1323542040-42fb994842e87ac8e81d941eb98e35b3,1
3226,1321141260-cb61b560485f2415bbc5e627b84b8515,1
3226,1324039860-b150bfdcb3641c6c4bf0d31647acc33f,1
3226,1325246460-3463cba362b65e03469bd315701c0eb5,1
3226,1321591260-fb124a5e5036b6edcf97580c5aeb6cba,1
3226,1325867460-2a257fd0ae94c9e1c187735ad69c2bbe,1
3226,1322337660-0cd6f51c38d8b07a084f46809311ca65,1
3226,1321447140-58ec80357df53f1102029896880e6b48,1
3226,1325279580-3b0dc95f77d644e1826f3e60337dc524,1
3226,1324647660-c2d6355d423f9bd76818c72ff3589e5e,1
3226,1322311620-91aa135d05af8c71034dbd4476d8b704,1
3226,1321649460-7ddaa320d41864fe4fda40bf807add74,1
3226,1324154520-d023c4b05074d628977d820576ad9b3a,1
3226,1323289860-7e2d36678efc413ddc96a22cc79a526b,1
3226,1325353620-28fa206512e6749f99191822a947966d,1
3226,1326238140-f3c8052f85d1adefff1e3cfba2666b4b,1
3226,1326632520-602c9d5ce2c6a3dafecd93af56a2b5f6,1
3226,1325195100-37c420d6be00b725241e1915503a8306,1
3226,1322859360-42c33d3e5c053582c35340a04fde86f6,1
3226,1327083300-a0ddb6f7d98ab5d5846137a1000fcf4a,1
3226,1320700020-2d2f329ff2fe255dfd546a2dc8235540,1
3226,1325877300-d75c2eedf14d5758dfac55da4152a7b3,1
3226,1325263680-a0e19824764b860bc48593a684d1fa4f,1
3226,1325331960-3747719c13cdba43dff3ac6a37f83cec,1
3226,1326888300-7f6779c0b3532ce9f823f49f9738bef6,1
3226,1324348260-f3a6662ee1e695321071896391a12b36,1
3226,1326933420-54a77ab6c2017dd770c8e204ab86f29e,1
3226,1322779980-f71d471a79c56877e74871103b895dcd,1
3226,1324556760-6947f3a7ea4903052b308de1364edca4,1
3226,1323868020-8e530b2d0701e0dd3d31472003d83cd4,1
3226,1324642980-3bd0d8b31124724e6a702b21cfb80a57,1
3226,1323347520-bfd4f20d18349e59cd03197861cdc6a5,1
3226,1327560360-01217329be5e2b6cf8226071cec6a767,0
3226,1325697000-02739debfaafa10cbef81196b3ba5efb,1
3226,1324750080-dd5b8623394918972aa66ff96399df1c,1
3226,1321796820-829cc0fb517a3989a1aae288544d6360,1
3226,1321978800-b0480311bbaf5cd17c69944db4955df8,1
3226,1327593360-5c573513aa0cda8ad1f5fb70847c325a,1
3226,1323353280-acb441a7a9e9652f5d01007583df2848,1
3226,1325030880-0305e885e2410d4e9f50d9cad15357a9,1
3226,1325432100-2431fc32c9cefffea65c3bea9e1fc48a,1
3226,1324312980-b90dc17090fbb97ceb956acb3034e446,1
3226,1321306920-d835ee80e136cf7d497308043d68ae82,1
3226,1327935900-0749dd5a03cd4565336112e0994ae790,1
3226,1327001040-c4a872a780c590e2f02fbc6c424982e8,1
3226,1320443820-f61eaccc03400901d0bfd67f08b7492b,1
3226,1324360920-81991c26f96d397dbda10cfb2f5a501a,1
3226,1323605880-f186f149221d32e2c7e5e5a9d8639d9b,1
3226,1327435440-69b003886a876b3bc2a4f4373bec6ef7,1
3226,1325705880-89a2fade7ef9d1707adb087fc6917a31,1
3226,1322804940-606155517ae1d81478b8fc12277c738f,1
3226,1326824940-02c88429f9f81ba6be3271e399e165b3,1
3226,1323965940-92cfa46503e4ab2dfaeb267a00caaa20,1
3226,1323350340-5908f37461bb5efb2b3f65173661a42c,1
3226,1324823400-1c63878b66a4027fe7a8a251682bc78f,1
3226,1320864900-133d9ff8901d0a55d4a646099106966b,1
3226,1324320180-8182a49ab8e81acac000e0260a667b7f,1
3226,1322855400-5b4f9c2cb6fdf15270ac49cfc775b376,1
3226,1327507440-0361964b2afe01d699dc018c48ecd83c,1
3226,1327841940-640ee32ba7c14c3bc49b6d158d0d3a31,1
3226,1322758560-d0ac7554ccb71278e11f5be780230307,1
3226,1326980940-936f18057ae6d70120dbdb92a55ccbe6,1
3226,1321551060-671a32a6a950eb073008cd517b195116,1
3226,1323711540-d35139f3333e33c8fe8add465399fb87,1
3226,1326198480-bb25c3224e481a5b80c0f8314b55cc6b,1
3226,1323096420-80e0c4c2ee69c4a76349dd69b1b630eb,1
3226,1325599080-42b88870af3082354843b05b71cb6ef6,1
3226,1325001300-6815ea3bce2044ce5a69cb95b8fc4a34,1
3226,1326640680-cd651afc7969fd60ff8d9544001cd6b9,1
3226,1322778420-d9653d7d85a3f452ae3cee2891869a6f,1
3226,1327926480-918b1917967637edb913dae3f796d6a4,1
3226,1321790160-b361acfb4ae0d8ec2188ba45b5c89bb3,1
3226,1323609960-02c14fbedb3804c05c12a7ba3117ab8e,1
3226,1321551060-f23f70018d775c3b40292b706ea726c2,1
3226,1326632340-69aa6d3cd17c425079e22f065757f275,1
3226,1323001020-375d7b549305e4911bef6c17a59a0e42,1
3226,1323870000-5102062aae619ca21161da92182710eb,1
3226,1321196760-ca3d62f79efbf44a99ec4cc70c5f6717,1
3226,1322337660-562c6a0487ec3da4631b7fe2548c2b93,1
3226,1322407920-2d5257e922a8fb9ee981b11b217e8161,1
3226,1323129720-c4648fb2e83eb6f14bf15c7e49af038b,1
3226,1326040020-44b5c1993e2f41a590a56170a986bef9,1
3226,1323997980-4c467a835137eabae7d078d1fb22de8a,1
3226,1322401440-b781d3b19666c7ff38d7c7619ce4314c,1
3226,1326033540-ff23d6e1966b5b14c634dde56c5a19d4,1
3226,1324816020-581d78bde8c4f735fc3f859b99cf6c1f,1
3226,1323275640-59bf203badf3badfd0f7482a085b378e,1
3226,1323094800-561e6847c76d05486ed24ea1d49f19cd,1
3226,1321662900-91cc0c01504219a211350754c3375d7e,1
3226,1326395520-b7e3bfef2ee400af15c564f4e99b1dcc,1
3226,1320976380-1fedd42c60a8b0a847edc2f66b23c3dd,1
3226,1327507860-79fd6c456d03681c73a21be9c51fabf1,1
3226,1324437000-d4e7a4b1d1451b1bfff4f054df38ee9f,1
3226,1324160220-0974e87b3b7536bf41020edd5e46940b,1
3226,1321732140-502eb5063ebdfe6bf5b7fc63ed47fb12,1
3226,1326558720-d9cd4e8823ef95f156d5296ed3ccd042,1
3226,1325991240-f3faac8bc3887aac19d6a07dee7ad65b,1
3226,1322944680-49fafeaaab07558eea9005c47133d183,1
3226,1322694180-22075a30026df5143d8c21489d35e5fd,1
3226,1327378080-ddb90e40b6d1043847adeed396788900,1
3226,1326429180-023d9235b83cea513447078d0e317ab6,1
3226,1321744500-7f954958840f68df89376d895ed50939,1
3226,1321300980-1cfd8cff132d356b76ea9b53c1c25d13,1
3226,1321762440-f5070dc61af5d0dddf8a8bd148595331,1
3226,1321762440-7da8a048876d69c66e1169e554fe89ac,1
3226,1326600720-37b83dc2583c7d744403af67f3691df7,1
3226,1325999700-7553c5c6d7efe5805da6d9f7fb8848b1,1
3226,1320945600-ab4444b73744bb82d2e2a4a6d2c0da09,1
3226,1322685840-955c21baab7096276fb3f89f05945e8b,1
3226,1326921780-9c77ec36c9c23ae5ac7813e6bbe0910b,1
3226,1324157640-cf87f2d0841661022f48adaf18778a63,1
3226,1321364760-6c7b91c48186a845d3395d6daad0cfc1,1
3226,1325776680-3d523722231f3b14cb4bfa1933efed40,1
3226,1320869760-0125e5ec6bf4d76d7099ba66b60e7e6f,1
3226,1326837480-741aac7aae77a7f107d0a709e596c002,1
3226,1326844260-6bbc85c9fc18bd7bdb5431efadde4638,1
3226,1320876180-cc4c475afe981432a909740e0feed6d1,1
3226,1323350340-20aa312ebd4f8425ad166a3deb658262,1
3226,1322311620-7dc0c6755d06279f89104393083f830b,1
3226,1326163260-2396a7710a3257012fb940dc4f003646,1
3226,1324843020-2e90a00f04d42171a433c3659e4e1f41,1
3226,1324577040-5b81e2b4cd3782dc5c66065260fa3e85,1
3226,1326632520-4a33f78c3b51cc0cd0f658bfeb5a35cc,1
3226,1325103000-11b1ab00ea18ec0094941fcfcc8ac534,1
3226,1326238140-c129c8fb4fe4f969f2212f954c1170e0,1
3226,1324948080-f8e6fadff606cb504026e16516b34a76,1
3226,1326129180-4d2373459a8a93c7d4e779557964cf52,1
3226,1323572580-0f646047f8ddea2ec1053ea74741b49b,1
3226,1324577040-42190f40fb32fde0c8eb0d53c503163b,1
3226,1327198980-d34c955bd1778d53814d1bbe321885d2,1
3226,1322700300-ba0dc7846a76db15ae76ec19ff8d6c38,1
3226,1321404420-b8ffb4d26fc91c54135b3921d4b0ea25,1
3226,1327445940-fc2caf11491a87a7b326d3d735cf4003,1
3226,1322779980-fbff067ed1b511d851ba6c7e24db3d1b,1
3226,1327624080-fe244bd23734081230731820c7ee8fd4,1
3226,1324012980-5d0a117f279a67cae39dfa9f18bf9737,1
3226,1326837480-5f0202d3d3ab247f54ab69e771544d13,1
3226,1326300840-5eea9ed9ae2fb5b90526fa01eba072cf,1
3226,1321762440-a1d19fe69d24296db56cf46904a87308,1
3226,1320508440-829e5bad7ab987248febf7d1707d292a,1
3226,1321589520-83c7417923d275f22279182ad5141b6a,1
3226,1323889260-beb6714a94a5fe98a673751c6adb5a9a,1
3226,1326813540-cceeeb2bdecc4bfea6b29d5b4a62e5db,1
3226,1327022880-69abf41d8964a110de82b599b63446cf,1
3226,1326513000-ad592fa55da0b96a4125551692f37921,1
3226,1321662900-8d0b409012e5cf6e4223a8ad82d3d6f0,1
3226,1323129720-9bb09d3e295be99a1bd6ad222b1c240a,1
3226,1323386940-70625fb488633e4d19013bcea2af81e6,1
3226,1325606460-1bed1b82ccdefa5c0415c2e316722b58,1
3226,1321065480-1958816d25cb25b84441ce382cf26979,1
3226,1327785720-12269bd0804818aae9ccccdb6f7af3c4,1
3226,1327178460-cca6ac5e12442e376a082ef835265cd0,1
3226,1320452040-523ffa503bf271c60cfae4c9c17bac7e,1
3226,1324592700-ff2c432e18de586177cce725e2bd8195,1
3226,1322327280-9514ab2df8ac2d31a0a95fd730703155,1
3226,1325130720-11fe34b0120e7441b679a928cc300742,1
3226,1326436620-6b0b7e1f3fc56f2ad12587e047ecebda,1
3226,1325431260-3426608bb20ddeb3ba78510a89e2a381,1
3226,1321549740-88851ba6a6d07b8ad094c784dc010517,1
3226,1322632980-193e4ef3c441751989c6695e332bc5fb,1
3226,1326837480-38359da2f9fbc699d27c91a0a8b5c66e,1
3226,1326500880-d40741138e7531bf761be387554e32c1,1
3226,1327506720-b5708088a34cd0a9079927453160e7e2,1
3226,1323306360-83b5131772d6aab1900f682657d34df7,1
3226,1325715240-d6736c54a3efdde07069a3d19271bf6c,1
3226,1322283780-a69e78d32e413fc1059ea8b72c5b5781,1
3226,1323843300-51fe61aeced5fe97e5093b14821538e9,1
3226,1320693600-4dda45a699c2eefa819ecaf8f8268d1a,1
3226,1323289860-13fc37a71ecc56074454b1adffb14403,1
3226,1321069200-9fa03e464c58f388aa8f4e82a6f11b7b,1
3226,1326300840-3b333fbc70646f7379cccd977aa9f84c,1
3226,1324001700-f914bdf122b26aee354ba4b2867ccafb,1
3226,1327210860-38fd430652a678d7841267c82bcb5eaf,1
3226,1325895300-a923fbc3cf89e601b8dc1825d10512c8,1
3226,1326506820-cd6244733da123a0a779eaa6aec856c2,1
3226,1325046900-69314093ada21e893783e110db2ee97d,1
3226,1327728840-02006e07eb1526e395891d2581e1c9c7,1
3226,1325895300-8e8e8b71dc842a0d584717562bb681f4,1
3226,1325303460-b6a28ba2a1e12b2933093b486d6c22ed,1
3226,1320771900-be0d5251e7d0eded3ee7403f47004e60,1
3226,1323893640-8fde0a84a448cfb7fb4880a4ed1ea03d,1
3226,1321762440-bb3ad40c34688395d943c248eb619ae4,1
3226,1324259520-c991213bcee8d9ae79fcf67cb4a17f27,1
3226,1321735740-2791f5beba7a219fa293c9980811ef1e,1
3226,1323925080-0907e1bcf14e74e38ea02eed620a77c1,1
3226,1322024520-6e1c0435338abacc6d714ba2b8690968,1
3226,1322949900-13caccd55cca39014a05aa37daa1a3ac,1
3226,1325737860-9cdfe7a31b8d4e3a2fa856839963e716,1
3226,1327624080-bf8a929a443ba7c1cda4b7ea56b55b50,1
3226,1326421260-b6a58c53b534e17e6cf1e7c93d21c3e0,1
3226,1324490640-09f601e50452e2ce6d6adebdc85f35b5,1
3226,1327210860-deda141306a2df94d88e473e6bec9b7f,1
3226,1323572580-f33b46efd739eaba747dba048b9a4c01,1
3226,1323298320-6ee8ca589f05636156a59ee59d92e687,1
3226,1322778420-4ec03795e99d4d90bdb8e582f3589631,1
3226,1327821420-75538a1c4e611891f029f33e92e865e6,1
3226,1324442100-9deade5219244c1e7af0797d1e49578e,1
3226,1323201360-f904751a467d870b928b5198637ed563,1
3226,1327623840-aec8094d08dc23d8453fc11b476c9bdf,1
3226,1327203780-b031bd638b08047d5a935251da0cb092,1
3226,1325701320-78b9f8883618a62aa7aa612349cd1a2f,1
3226,1323615780-d7b99d6cdbf45af9b35bf6801d3afcfc,1
3226,1327242420-330e8e48290be36a28a2a3b84eef0d38,1
3226,1326844260-2aec126e1446f9a5e03d688f8368598a,1
3226,1323129720-6270af8a34d0c42a0cebc230657386c6,1
3226,1320719400-5469235cc835ccdf44de85ed651490c2,1
3226,1326138240-82b927ae29119cc6c9c264d0b7201361,1
3226,1324490640-4dd51585031ab56d2764b6d885156a89,1
3226,1327821420-12b620a1c832f17dbfe21863fc546b71,1
3226,1320804360-a84869818bd0030c3d357189a5371bd9,1
3226,1327159020-b0efcca62bc4a2a9a258da9712b3d6a4,1
3226,1320816420-54595665e59167191821866604b8f042,1
3226,1322614680-4e60abc50c10f7db2dd814d841c2cd67,1
3226,1323531120-cdb026a938596be1ccce5b5b93b8ca74,1
3226,1325786220-395305d228372cdcfe6a2e11098be376,1
3226,1320712920-dd96a12ac48be38ba96107039998f585,1
3226,1323965940-22e333540f9d2d457205cccc3fb5a44f,1
3226,1325961900-1efdd57c668e886f8cf9150ac777200a,1
3226,1323585420-155445283ed527162116cb1d9fed6571,1
3226,1323282600-dd42cab4b770b345f9022d534cf381c5,1
3226,1326551820-155f27dd6cf2daf411f057fdb48ef609,1
3226,1322802300-9db4667d7064bc20bdb66e88d1d9ae11,1
3226,1321632900-3c8a396e97cbe917ac2c4bff038a22f2,1
3226,1322660640-259b93b60cbebaf55383ca83403be398,1
3226,1323477540-de9ed83044968e7d1685f8169ef5f246,1
3226,1321662900-2f02cf76f02f5929a3a540cb716fedd5,1
3226,1326585900-903ec8980383cc6bb0015d46763d2ad6,1
3226,1327821420-31b7846f14eda34b5926ad89f3742326,1
3226,1325772660-97537bbe7062a37e8ba1b5033f195838,1
3226,1326735000-88a149a92a50d30ed3fb8986e4153e60,1
3226,1323129720-5ecf02e4fb78d1d1d0f9ebdc9b5d674e,1
3226,1321065480-d5d9348359a3a1b840f230620e88523d,1
3226,1324003500-358b501ad44bf39ec82d9b171983590e,1
3226,1326578340-8380a1da92164b2e51aa321137bcdbaa,1
3226,1325895300-a551a8ec37909bc92c09b89adea639fa,1
3226,1327359420-21a08531758ec321699035bf175b9172,1
3226,1323477540-24aa537290056ac652396c647a355a22,1
3226,1326146340-7827d2b8e912f64894e9cf2e275f74cc,1
3226,1321679340-0b8f25fb4502f45ae3486a3e9b79aa26,1
3226,1321506420-ff6c720ef312f24eea1eb40b2d0c9df6,1
3226,1326349080-2c11f7e4d4ff32655b0579bb7d3ef57c,1
3226,1320510720-58df1fc0730b004f4440803e4f0dc502,1
3226,1323201360-6f8a73901bb93e6bbd543be0a8845793,1
3226,1321762440-65f530736942fbd2fe370871e0240150,1
3226,1320543240-d0f80153fbb2bf5df2402386d2a0ad5b,1
3226,1327011660-a7e095066e4f43f724de60617b784bf2,1
3226,1326421260-c4ed70bbedbf2281cfe7ac64f3d3abb3,1
3226,1327011660-0515dea89daa07b526dad5fd8f76e30b,1
3226,1324536780-0eb3f7d7693ef64d75cc11e811248f96,1
3226,1326996900-98e1b30a811caace37650fc0bd3cff8b,1
3226,1326922140-3834c7f58db417737c4c127abc62e157,1
3226,1321447140-4b1a4315a1f033f8126f21bb3df134ed,1
3226,1323843300-2bcb0aec917265fd1598f2336be8980a,1
3226,1323395820-d1e0b527c6075233d71eb0e102ad805e,1
3226,1326433260-173438bc9860767d66b6d50304c9bcbc,1
3226,1326806760-335987f3ec2af83e6403dd4007b67913,1
3226,1327821420-0ab67ac1e9b84484f388d7d4b12217ad,1
3226,1324172280-cd24ed22f5d7f43ca336b440d8a15945,1
3226,1323807000-3f9db54eb0ea15b143a54e255fa48171,1
3226,1322103180-317b1069889054ac9e092f3c357423a5,0
3226,1322859360-ab568f5d118e0004bb6eec350a30af80,1
3226,1325906100-2cc1f03eba6afb0cb1aa9b7835ad94f6,1
3226,1320693600-7957401e49c9cd6ab7292b4979371ad3,1
3226,1321589520-b7db395c50e6f7beb51e749a54fad3b0,1
3226,1325715240-60973773d44454f2bc3456f3b193efdc,1
3226,1322311620-23c86f59e1ff7ade076f472eff594607,1
3226,1324470420-758a749a22e5e206aa1f883e99630562,1
3226,1321662900-0b7b10ec989943493240bd4d5acc1431,1
3226,1322838660-b246afe88c9e21fa407417d5cae7d430,1
3226,1326368760-b850a50818ff25c210d7ca89bbf51333,1
3226,1325887500-89b161b64404cfad36e2bf214e938f17,1
3226,1325970060-0e110869f6f5b9db7345e6a32c6a6a88,1
3226,1326307980-da8e138feafc19eda92c7552e3c57a92,1
3226,1324349580-f004c6a024c138ebc91f7be7bea0a763,1
3226,1326148800-251882c1f27b580bf9cfbcedae526ef1,1
3226,1325907120-b4ce5777b042572902166b02a44ec070,1
3226,1322596380-bbc2608cc35bcf71e0c952ce727d8c8d,1
3226,1323710880-5a0bb671ce4c0416bb41f04cfe3176ce,1
3226,1320693600-260428ce6220e4fd0a5d558b8ddc11f9,1
3226,1324586700-fadc7c693e4e2522220cd090f922c0a7,1
3226,1327083300-d5adb7ebeec8121f6996ae041abbbba5,1
3226,1321211700-4ca65bda879c3ab0e6ea6c586e7a34e4,1
3226,1324586700-4b94c1ce61583f096785c63bbd561406,1
3226,1322842200-a42b7599919d170b30c5a2bb062bd73d,1
3226,1325807880-0ce5511da3998247853bb1736a50d231,1
3226,1324578960-f01d3b1d06b5ee7cd704e055c6ce4951,1
3226,1323113760-6ec5697a86032b9656570425be17541b,1
3226,1325004180-742e3f27ba3eac97e1af3b2a1cbbb49c,1
3226,1323104520-16dbc3b043a65a1df0af0673bca8a4c3,1
3226,1321474860-7de90d756996c1b06d23898b495e7ea2,1
3226,1325736720-5fbc6135a9a2ead31bd1921a85871a94,1
3226,1324490640-5c9ed453a811f50374708092305dd4ec,1
3226,1323743580-c3e63c8f6aae226d824c3bb95bb362f6,1
3226,1321506420-f7c23b2c1691c6057a44196bbf15e085,1
3226,1323989700-f8a9213d4668e0c99b71a79bbd155a0c,1
3226,1325888640-d56021be5b27a2891998235a34b7751d,1
3226,1326755520-cd46c16ede41e5b33de1d43bc335ced2,1
3226,1323808740-889c122688b8508a0529c1896043bd20,1
3226,1326409260-cfb4f26de7586880ff3b51fdc9dfa8fc,1
3226,1326300840-c13c06aabf653a2df52b39276428371b,1
3226,1327797900-19eb091e01a57faae56f12fd5b66044b,1
3226,1322806200-dbc014e5a4364fa2b2ecbe557e63ab81,1
3226,1321462020-ffe87c8cfbc0f76a4066d5f643fd5105,1
3226,1327017840-fc103fe6cc2df529a757ed75447ffefe,1
3226,1321563960-24606d2f7ac0a3455a42d6130fcc7309,1
3226,1322092440-092080ef7d503298222d286ed2f74079,1
3226,1320693720-9c088de23c2668a70bc32ef288f52bcd,1
3226,1326824940-3157ecf0519b9d562fbb388df4caf5de,1
3226,1324764720-b773956bf0c3e26d14ff1a04b91deea7,1
3226,1324490640-f218aa32cf3a927ca75618802619f7db,1
3226,1321814400-b5114aa10ee84c7033d17e3514acca9e,1
3226,1326496920-47ae79cb611774dad6df1e5ec4b37fd1,1
3226,1325028840-06e9a4088b6a0d440da2606485c99e46,1
3226,1323195420-b3149f097e412bc7d446ed2c9d20b962,1
3226,1324655520-3bfedc0185e87e894c41acf463f20f50,1
3226,1325046900-aae980139c1e1df42d88dbcfce31ae05,1
3226,1327342200-ce190d3f26d67ea1cace91e3eb0b048b,1
3226,1327342200-dcd14122f7d6786d82cbbafbeed9af42,1
3226,1324091580-815d454a18422a085c7b2d9e9e8e856d,1
3226,1320973200-2279d8cbc40b6a9cfd4562c5f3dd108a,1
3226,1321290960-91a74de0e11b890767ca1a57e917b2ca,1
3226,1322596380-a120152a1a0e7edf12f5b3bdcf6635ff,1
3226,1327509900-31505c64e5d5621fc7589c3dae1dc67a,1
3226,1327680900-a39ae15189ee96896e34fb39a46c0371,1
3226,1326925020-321a7ef1c0455776bd61bfdb81931648,1
3226,1322584800-46a6c92556eea9d782f9b6822ee55d25,1
3226,1326230280-3d0c37c2f13df53051586012f31ea3d5,1
3226,1322775660-62a09063b658dd104497b73ac86468d6,1
3226,1326237960-22a2b11206dc3a647fcfea6b7316d3fb,1
3226,1327698840-f13c465a483fdc480de0795280e55222,1
3226,1325621220-0bd76a03a64bd2f85230b5a8c7225430,1
3226,1327022880-30876a8d39de2ac3d04457076a44f5f9,1
3226,1325626140-7ab990d74b6d4b4c11ce49517e5568f4,1
3226,1324930080-8e0186b841d6b1d3d496fc7b68424856,1
3226,1326148800-59c99f43714404ab365521cd25fca7ca,1
3226,1320952980-f7cb66638799c95326b1c8826b386541,1
3226,1326657720-6ab2c030812780b744180ce8fc131bd0,1
3226,1327728840-0bd7cdc2e414fd09a599522c10c3b2a7,1
3226,1327110660-00cdeb9bd26c67675f28d552aeb71376,1
3226,1323918960-de510577482e89217fd81f14d55d6dd2,1
3226,1322667720-a07268105cc2e0cd9476a8211bed796c,1
3226,1326329640-2a2eefa5c1b8f8838b6bd337aca0f706,1
3226,1327266720-3e415377d65961a78793071979ad806a,1
3226,1321290960-1686fb8b6b7318de322e02a8eb091e09,1
3226,1327713780-b859ca61b73e6cb8647074858394fb34,1
3226,1321290960-140792a5ee6f42be058458d782758135,1
3226,1326307980-dec024f34eca4c6b029a078be4b9eeba,1
3226,1323031680-7475254cb8d8dabb5f257d6737aeed73,1
3226,1327017840-ae94d3db1fd76bf16fb1762ce8cbfb38,1
3226,1324586700-060668b69618784bc787c3d6eb2eb529,1
3226,1323798900-7ec029d7750b360fe67650b9402e0880,1
3226,1326250080-2ee6c013f7e496bcec4655e733f8728f,1
3226,1324039860-b748979bd6e22c1b259060959b1c0260,1
3226,1320418440-c96f2f158e8444e3c2bd06d13fefd8c9,1
3226,1323404580-6b8e2de725c439c4c0ce251e838b8018,1
3226,1325725200-d9e71d0ce0e71c497dbce721f5a684ba,1
3226,1320686280-0861d1eb311b09706b85619287760f28,1
3226,1321653000-2981d43c145045ecbe83a8335b91385a,1
3226,1323383820-3707a4963fb9014858a6552ac681c996,1
3226,1320631800-8cff3c081692ae18e04d160056a89d70,1
3226,1323195420-960c3ba402f5050912366b7b8add8ca1,1
3226,1326387960-c1a253de82a8af571ff22d528b799735,1
3226,1327445940-99ec95e5613bc230511abc7a405c4bc8,1
3226,1324424580-71001b525290f9d1877156501c578043,1
3226,1327356780-156fdcf0f89535e23c48617150ee8d6f,1
3226,1327695840-311b33c9ff1b3518b28bfede06ecf72f,1
3226,1322938800-a40549230cd3230cdadb135d0e1e2fe7,1
3226,1322508300-42a746180e8bac120bcf8838a9a6b1aa,1
3226,1320452040-dc1b8a4a31e36fa42f80874571c14932,1
3226,1320758760-ba0224eb0a4852eb46683a6609331b7e,1
3226,1323198180-d7accebd2a0818a371aee8eb70927f1a,1
3226,1322785440-dcb0c09d448ec16ce2169cc9ee731baf,1
3226,1324820580-a00a77508456746d172cff3f1a7bca40,1
3226,1325434140-f72dcd91e353c50f6973d6e2b4f2bbed,1
3226,1321385700-069eca874a874e942a894b770269d41a,1
3226,1325121000-6bd158eff1c4fd963fc9bf62f1142657,1
3226,1322092440-6706a52df1dd8e6eee0b8f81d43d7b02,1
3226,1326254640-a07e917ae2d9f167b922fb93cb606c42,1
3226,1325530800-9ac9bc4be91fec46a001da867c4164c8,1
3226,1325176260-d7b2cd514eb4379996af4f57ae5e6d07,1
3226,1323792660-f1dca188590e81b28057a350df17d2f2,1
3226,1324437000-b95d9707bdd42011dc37687dd0ae853c,1
3226,1324514640-6174f6807db2edf3094a355532682f38,1
3226,1322012700-311b855bcdc90575fb1dfd13dd41e742,1
3226,1325098200-1d9441b65e47bda61ea1b1171f4cc136,1
3226,1323889260-0c296d661a7357ec37430177fc9e27ab,1
3226,1326396840-6e9f48faecd3d1a25bb850b007f56533,1
3226,1321888020-dc6547881b51bdcc94d7801c5567bfa6,1
3226,1321888020-17e6e186c2c0da935cc31e52dba736d9,1
3226,1326498420-1434d22e61326c1c317eac9bb3dc4f8a,1
3226,1326171780-a0ffacd068a8a9d0e567ba93f108b212,1
3226,1326541200-c1b1bda61263fc3bf8754da5de065982,1
3226,1324556760-d7a85178e29bb24895749acdc369cece,1
3226,1325535720-9bf7415e1979b9714f05e17fec6e08de,1
3226,1321890360-76678b1b61a9fbfeafca8cfa46856681,1
3226,1326317400-2f73de647aa9dcffef143c7ca8688b36,1
3226,1322064840-3895806bfd4a960d744def4223c37659,1
3226,1321573860-59e62bd6aaf3a5557845c66be730b950,1
3226,1320589020-22af53a0578867fb7212482648f1adcc,1
3226,1322606700-bde2bc18a961cc2f83a9f7714877859a,1
3226,1322848860-b140b52d8fd3ba4a808557ecfd45a1d2,1
3226,1325870100-6ac1a6c63e774be08f4e0d7043d4d50c,1
3226,1327533840-d561c17b3894ce2e08779449489a8398,1
3226,1326132420-94fa61a2ec19231a20680058c868ab6b,1
3226,1324051740-08f88b193a58606f69da13975b8a18f4,1
3226,1327641780-53d1aabf2f361a617c6bb09617750485,1
3226,1326079260-ba48f116432ea428a511fd59875ba073,1
3226,1323016800-44b2fcf3f0cd8fd9f8e8cbd97eaf61c4,1
3226,1321586940-dd2ea02c394e95b402106e5d51ae78bb,1
3226,1323491700-5fcb04fc278b16437a9654af964d2d45,1
3226,1320976440-255ca6a1c2dec61658360ebfbc4c1d8c,1
3226,1326993840-a7ae571f9400489185024b1ed8a858e0,1
3226,1324642980-20932a29a4cbda247cd3bd0a037ac3fb,1
3226,1321065480-615164c0ccf630e442756d96ef2e1513,1
3226,1322224860-a367718c97605e109910c701517e7cb5,1
3226,1321554360-fee939e5e7068110173afd7df3cd7659,1
3226,1326837480-55dab2101476ea03ee18baa875c1eada,1
3226,1324989780-b6d0c08df3d7066a1d3b37136595d5cb,1
3226,1323889260-556a6b1557d5b1e899d0a4380756d75f,1
3226,1325896440-5d9bdacf23ce1987d189adc453599ea8,1
3226,1327611720-7f3c32403df096d985029884804dbe0c,1
3226,1323368760-d479bdf2250d22f355b968b8bc073b7e,1
3226,1323368760-82a238df4f79e9e03996b11e14a43ee7,1
3226,1321293180-1e8db0371659e80205246795325dc72d,1
3226,1325286540-56b7c3148482065f02557f7347f03ef8,1
3226,1321241940-f0d75b2f8ffa34292c2acbb56b981b06,1
3226,1323473700-0802b7bbb5c4f33515e91599e1d6c97a,1
3226,1321486560-d130fd40286fb2b7aafecdc8af7de438,1
3226,1325009460-cd92dabca9889252c8d7a0a0a184c35e,1
3226,1322606700-4dd8b839311cf8043267bfd479fdf8ad,1
3226,1320685560-40fee1856481cf94047fedb27ab9ca9d,1
3226,1324314480-307dc894d5adf707576787ea2d9d04fa,1
3226,1325867460-53a07967330df8b48ea50e66863bee41,1
3226,1324499700-417f2172b015a904fc67c314aab70a72,1
3226,1326396840-36fe4dd14bdd148a462e1b3d8a9b0c6e,1
3226,1324397820-d0c70d0dd782c222a7243a958f6b5204,1
3226,1320935040-f08682bd451c55d3d2bdc2fc4859cc98,1
3226,1325279580-2b207dc13e822598db48753b382e6a7c,1
3226,1325897220-f7516759024d8e7947ac6d06161b2c68,1
3226,1321926120-1488c89a897f5297033c450cddc6d700,1
3226,1321591260-6a9c0ae4840f09117dc5b1de960f97c9,1
3226,1327533840-75fb00a4e548b1eb1f3f17d4180a08b1,1
3226,1321909020-9ef148474076cc87c9cc117ebcd0f827,1
3226,1327011660-b662ba1da98b048648c7297e7e5357d9,1
3226,1326429180-9315aa33c6f495fa1f35423b787ffb39,1
3226,1323295380-945eda1a14b26fc8b8c20fe16fb212b8,1
3226,1323186420-fa31285eb369a8e29d828a76c0422a0a,1
3226,1323232560-12811773c9809657709fb0f0c192d205,1
3226,1326413400-5ad5c9adab7437c6f6ecebfafab10455,1
3226,1322584800-df99292bc0c9a8b5aa38a8dc71a42687,1
3226,1327074780-19e7225f1f87cb8ac0f88e999d9ddffc,1
3226,1325953560-cd7c76bb004c79c049c650ae7b663a13,1
3226,1320954660-64e2c56520fcb8c0ed4df894d1401f2a,1
3226,1326922740-07a8d9887b2f6860ba4eec9f819816ae,1
3226,1325192640-66918e27f6ee834a837fd1129c0b7bb3,1
3226,1327372200-70083c63c5dcb4952e0b96bfc0c7122a,1
3226,1324946160-248d09ca89c6d20fcc41d959bab4a32c,1
3226,1327001520-3e78686d5199b1a4c07021beda81555e,1
3226,1325176260-72b22bf18f65b14f8569bc5975cdb299,1
3226,1323292020-c522f0e199c6c673fb77d43afc81412c,1
3226,1320712800-635c3852f8b4a13eb4222e1228a8eb05,1
3226,1321890360-b9eb5872fb72f8b7de9e8fec7db39431,1
3226,1323123060-02b62c7c19a0d8e922b49e3baa80a843,1
3226,1324314480-5b7aba8636e8c719dd8e336e4945840a,1
3226,1324338720-383f8d78782527b8b9cdd760c3b30ac9,1
3226,1320954660-6a4305383cde596c1d4772578e5fdd55,1
3226,1326933420-03926f1c7b32198120b44b2aaa95e7a3,1
3226,1325024100-a67bd09274382b6bf9af0b74c7761660,1
3226,1327641780-4a42cfa64732b9426fb3bb644bf3b571,1
3226,1321591260-681ae7cd80662561d7d347fc6c2ee5af,1
3226,1326251160-5305e8d477608996f9b6a2c9f4b93b4a,1
3226,1321415340-2ee336ff22c47c880bfe9ccfbde1ba99,1
3226,1325043780-33eb74df6f829da10ffa8c4ac65058c1,1
3226,1326413400-d27f0c2fa6f244747a3e92b2907d3ec8,1
3226,1326406680-5b10c8509c10027f3464e3989f062567,1
3226,1324514640-461ec604379db1a7fc4e5e275e43c1ff,1
3226,1326373800-98918522112c2a971a2d6de4568d4693,1
3226,1326888300-a73c385bab148dd1de8885c740a64544,1
3226,1322828580-ac810591cb24d64f88ca3336c44f2007,1
3226,1320503880-acc61f490193f0832dc0726885769da1,1
3226,1327353300-7792cb9d1e1094f2e1339ae107c48ed6,1
3226,1321659600-536d021e222fed01bb6ed196c1a4c1a5,1
3226,1325526780-b32cb62670535e73a4d62ed0dacd009d,1
3226,1324397820-316d73c26c8241bd2bd715a04b3eb56c,1
3226,1322064840-472ebe79f9e3d321905f2be6091c62b2,1
3226,1327524780-fca7a38c48324fd9c99be2b8e4ce5dc4,1
3226,1325189280-8f5a07a12490fd84ab190f64ffe9d27f,1
3226,1326563280-f6f1b5240c0e038b83bcc030e493b4ed,1
3226,1324314480-f6191b2cc7077f87585e918fbf2fed38,1
3226,1327159020-7f40356fc59a95f8eb8a920fd561beeb,1
3226,1325176260-4ca7d50018afbe5d40015aecf1a9428b,1
3226,1322779980-98adc27a6b71ebbecd5d5746bd1b8b99,1
3226,1327683840-099f2cd6d78a0a48b47e4c418e7f5039,1
3226,1326429180-08e70a81cbcbaf5e1a88cd1cf65402cb,1
3226,1322712720-498e1bb17b2b5c85d02ce6dffd4295ab,1
3226,1326925020-c57820b5c42be713b6cfa6e1cf5035ed,1
3226,1325779560-c5e80cf9c6a0bcef52e2686f4e463a6c,1
3226,1321567500-1142a54564cd77826e60b213515bd32d,1
3226,1325043780-c6fbd67c26de1d3e8c587e428b53202d,1
3226,1321570500-8fca316ffb1688b0f8526277599efdad,1
3226,1322605500-f2c7db0c7a683a33da07da83a3687e1c,1
3226,1322694180-2a8a0c36ff3dd402da89afbb1eba9e37,1
3226,1326218100-0b0c9422867e4f3bb9ee32ea3dd5e466,1
3226,1327101780-7a7569b6a4975232af81a361dd27222f,1
3226,1327506720-12212541fbae934e406677e887707738,1
3226,1320191400-0edf942680ec16bc9f4b4b72d4167930,1
3226,1326317400-918f73548093fcfce86b18f77f9c1fa6,1
3226,1322605500-6b39653fff5581c22d1ae70b4123b112,1
3226,1327507440-823d2a601363ed31f6dfa22971cf475e,1
3226,1323473700-ae52de95e6a5d21177b9d43c240ccfb3,1
3226,1325629740-2c2351243c4c8d673fa40c5dc6dcf284,1
3226,1322712720-3a131e9009647178020646ea6eaac984,1
3226,1324352580-c36363cf4a2e8ddd0b2717d592970a6b,1
3226,1325192640-c17d39b5a6bd11d9fdd925333eb39fa9,1
3226,1327378080-0f9353351502432f9aab0d44759ae997,1
3226,1327011660-36e4c63a74791cce7b1009712f759e4b,1
3226,1321402140-0510dfd2c8f4d80cca9e957ba0cb12e4,1
3226,1326132420-787b8b3706da7c25cf3a2d3c4ed4802e,1
3226,1322772360-1b784af19528acf3dfed5d73d6d70bac,1
3226,1321044960-a7869e4b821b9ed003dd960fcab17c7d,1
3226,1326151980-f4d8fbb7235391ffd1dd8658cfd4fa29,1
3226,1326844260-1fcaacbed7800c97f68cbde4ced21330,1
3226,1324078080-726657ee2d818a6f0b2e3fd6f764c266,1
3226,1323902760-f766df4fda25607f7f13e3dc9b4c47e8,1
3226,1323473700-d24fd3fa2c853e0103f99d2f86d49411,1
3226,1323899640-56168de15379946c66551187fd99c873,1
3226,1327101780-c744d6a96cf8a6f3e667d6c0ac500cb6,1
3226,1320857280-5bcbdb5ab6250834600e49c0e28fef44,1
3226,1326429180-671cff94cb5b0f23d439d43b47fe2334,1
3226,1325705340-096b27c5f45c622d2ea2dda9a969419e,1
3226,1323701580-6d5f115047177603ec75b929c7a1bea0,1
3226,1324007640-c9559f92076935c4998848de50c50da9,1
3226,1320699360-5cd456b5572f5d47d9c4f25dfdf6e08d,1
3226,1326138240-d5d2eb12764f1c1de38bb7634194ce55,1
3226,1327530960-5bb0b7e5302ed580889b6d7bc72e77f0,1
3226,1324078080-82c8540b9d2a6e12aaf8055a042ec8fc,1
3226,1323983640-5d65cf93033b8043cfbfdcc234f8fd00,1
3226,1322694180-435e6b9595bb0045e904ab73d412e1c2,1
3226,1324946160-9813ee051379a1b28ab0ac6f4eafa64c,1
3226,1322694180-2c3d29c4868360d4427a915482a93b5d,1
3226,1327716900-fb7f5d4118cb4e8e841bee1da2ed54f4,1
3226,1326158520-689241143409a8129b13e892c02d5f22,1
3226,1327378080-123401b0e777bb183251d5235baa9c74,1
3226,1325798100-047ab4d21458bbc5ad18a363689feb4a,1
3226,1327947960-72e71ebadb26180b4a6e59376e61fa5e,1
3226,1323914640-1d08839bc481fdde419448898cf4c560,1
3226,1325798100-304002805e530384e77c944896124270,1
3226,1325956920-de7c27068b027c141f239915f5153121,1
3226,1327957020-4eb38c5b4748b693dbe47b0d2bf4cc99,1
3226,1325093400-190198773d3eb59817d5495f59734027,1
3226,1324312320-4e6b72d804dccb78f8bd8960f5a9e7b2,1
3226,1321395600-6caf257c4915ba2fcd53471a2bb0b1a3,1
3226,1324075920-2e5e0b93bf9cdc4e4bfb2f4b8a67cd06,1
3226,1323917580-a77ab56174c4fe61ced676125500e220,1
3226,1320686280-dcd3aa4d558fbaadd500e95edef5784f,1
3226,1324091580-97b680dc7bf4dbb22630d1f8b39217e5,1
3226,1323295380-c7ffa0546d11b3ec071ddf34467f66a1,1
3226,1327533840-ac3ce9fa4d3db6f487c3d73ea5938d47,1
3226,1325257860-8e4ebc88bede2068d8c573c1cf1b6907,1
3226,1327599780-7efbd6a74910b23b8a58b69639ece58a,1
3226,1326855780-f7d964735b31b27202f61011409d0320,1
3226,1324586700-14f51d73ab2c281e4f201f8c72933257,1
3226,1323104520-d43bdb62aee887b554eadfcac9ab0d10,1
3226,1324868580-3f28b68c308787dbf175aeb9815d3bdd,1
3226,1324046580-c706525a32a2b0449f4057d1efb0eb09,1
3226,1323821580-0a6372efcf2f0bf3eb6de253e9fb27a5,1
3226,1322435460-4952ae392411c00303c0fb48e313b334,1
3226,1325020620-53c586666578e98fb84d2c12b4966b7e,1
3226,1326300840-c2aa9ecc280513e92234ddd9d04ada8f,1
3226,1325469180-b80362e418cda403ccc78ec2e4bbd1a5,1
3226,1326469260-de98ae13f78434dc43d784112a9aff42,1
3226,1323734340-bc6361ea1a3164482fa0b8aade47aca9,1
3226,1326472320-a0dcd9dedfe61931f5cbe2609f5ac290,1
3226,1322694180-6f6ca38e1f31deed3558aefbd852aefd,1
3226,1327615020-4978b741260066f12f894470cc191c70,1
3226,1323714420-fc68f4298086abc82e0dfa8680522a0d,0
3226,1324075920-75aa314e46d5d43a96c1674d165f0f39,1
3226,1320703860-6762f5b0a80a76a8702f3661c1b030e8,1
3226,1323836640-3ac49afec16ee28c5aedec67dd288e07,1
3226,1321563960-73c6ff2d6504dd13d32fb7c942476e20,1
3226,1321573860-1bb795494f1a696adafc6b6b4b994bde,1
3226,1320869760-0af4cad2c7a495ece56bfd27555c8398,1
3226,1326158520-d33b47501feefa02d0b241d456ac3db0,1
3226,1321891500-897f98afe5a7cf9de265e3b3b229fd81,1
3226,1327017840-6ea6d3addded902f5633addd1238b006,1
3226,1326493020-3eef0e342fe7e38b5be58034b416fa33,1
3226,1327599780-f12b2082ec9eb375c530d4eb623ae012,1
3226,1321570500-6d8816879f9c70710fcb2d54bcb765fc,1
3226,1321909020-4fa66673186543b128c410a432bcbc51,1
3226,1327704780-7a192b1c9393d348bd9eac59c7ba19dd,1
3226,1321051560-9e6f6d914f701bb4776261eaaaae0676,1
3226,1320685560-a8dd7a6b4063dd71c9449d4c1f9a968e,1
3226,1325887500-4b6f4158d364ea27ccb5b3aba90a643f,1
3226,1327599780-a349a4a9faa923e21d6c2fc61aaf0d22,1
3226,1326125520-adda3a9b32eda2c1387a40742141ed16,1
3226,1323176340-abd2674f3c9cd50f3cd16f19e190cdac,1
3226,1326905940-75af1e9bfc47615b31919d8aaccf6342,0
3226,1326116220-620122655611fa76a8aa0993a488a720,1
3226,1323551760-19af9cb2ff00212ca15dece4ec0389d5,1
3226,1323401040-5f4496f50146f39de6f68efd1c565111,0
3226,1326417240-b3b0b7ab27afef67342b2a806b254175,1
3226,1323989700-8b39f641576d0237d08ef243a24d9b25,1
3226,1320771480-cb64d6b91d50f13f4267ad0f5ff7676c,1
3226,1327356780-f7d43bf646ef42e5a0126d904e01e7a3,1
3226,1321985040-1a7991cc0372a9052b5ad4baadf47934,1
3226,1327344180-2efa9830a73b1cec05fde9b2a7832f52,1
3226,1325281920-900dedcf1feeef099d4cf54b859a083f,1
3226,1327342200-f30ee622f16bf427f3d8e8d20f4bab2d,1
3226,1323899640-0e9f72ca2f419834583650942273d4d2,1
3226,1321762440-a435e7a866fd4b049e9a9923607ea01d,1
3226,1324007640-70d0a29eb620316e0d1d26187d05a75c,1
3226,1321928340-a72886c6918ca8afd18cec845d4115af,1
3226,1324012980-bc2f28e05b5fe6c878e20a0a849c1800,1
3226,1327236240-4b5eabd8383778a27c2c652b0f26778d,1
3226,1322542860-f12a2827feed53ce2035d8a01c5bcea8,1
3226,1326497460-cf1ef35f2893a57021ce2f23cc973959,1
3226,1324352580-634fa1b2b18eef77d2394f319bbddfd8,1
3226,1327776900-a9186263d4d2668f01e5413b54023510,1
3226,1320775860-ac9486e31f0c1ae9a8616f87a583b1e4,1
3226,1323473700-a7783f73179e09b78e0d3ee3e082dbe4,1
3226,1324762020-ca0195981c9bb211b2c8232d618af38a,1
3226,1323911700-096a68f3512e903a16e97be3f930fd5f,1
3226,1323031680-d8f96e36aae748d33bbbea731eec97e8,1
3226,1322504760-17576b5f137c968e9e38d9763b6f042c,1
3226,1324647660-73be6a5aa66df1ceb7b29662311ba74d,1
3226,1322401440-70c9fe11b72ff563b0343f11bfcb96b0,1
3226,1321659600-b6e0012e05d3941108934f45b2a72a20,1
3226,1325786220-9c511351a1e241423a52a3650f4ad315,1
3226,1325870100-572b9448aa0f5774e4d99120bc5ba8b8,1
3226,1326163260-c38d791d153c3df5b61e927fd0e607f3,1
3226,1320685560-d19b2b3131b0cf353c376b3700d5d708,1
3226,1326497580-75bdb670770fbc3612cbdda619093579,1
3226,1326474420-5d0fb771ce9267a21a320a994a5391c7,1
3226,1323276600-c03b2f2474de940ea9874b70126658a3,1
3226,1323710880-4f949e4d8d014b7e5c11f7aaffa776c5,1
3226,1325603940-04de95b06e31d5de56599034c3e6e9da,1
3226,1323298320-3e67276a4487ed177ca7220bf741d2c2,1
3226,1325609760-1a802e073f7a07d0a0897ea1ab1244ce,1
3226,1325609760-7068c612b214de6cdec2e9bf78f65466,1
3226,1321296540-cc3615db32ff49c1e6e62b989b65e500,1
3226,1322698920-22721e4e6fc5cbe83420bf42c2fab660,1
3226,1320467640-33d7d8bfb956d0572a22d549a78a3011,0
3226,1321501140-27d4f4b401b6fdf08d7631ff159df822,1
3226,1321762440-77ed5043d567c4a3951409275ff44bc1,1
3226,1321392480-b2f2a89f53d61f242bbf29774032a6a4,1
3226,1325609760-2cef016f73b52588756d716b807d3622,1
3226,1323808740-dd055bbbc62c99743b6901dc72f9f7df,1
3226,1323997500-6543527450afe8f01da13f9d219b0669,1
3226,1327347360-fc6794fdf625d2dc3b2bc0dafbd77662,1
3226,1326214920-1c8103ebd7cffcb54f422079e28c478b,1
3226,1325606460-290bb28a5f366f914768b4a60ebffe7a,1
3226,1321404420-330c8d6a928f99abd0602f51fc77501f,1
3226,1320771900-94071e0c8ed3daad5f13a19cee666972,1
3226,1323195420-8a601b3389cd4bd3e22cebd18f02a58d,1
3226,1321762440-7863b292fdb181d61ce939932055d14e,1
3226,1325609760-aaa2eac6d82b19180fa50c6b711c1872,1
3226,1326387000-d5b7e3980c5bca6563527e788a543ed1,1
3226,1326900840-11b8a648439e2861780f767e0a2aef77,1
3226,1326951540-33d3a395afc82482fc754c5b5e6c8cfb,1
3226,1325692260-c062c122fb55de665807676c34792957,1
3226,1324470420-55201e23ccebfff6f6349aa366cc37d7,1
3226,1322096880-db42fd2d626311e44231d7069885c9e6,1
3226,1322442540-b667ca6220820a40e4f63a812fdbad7f,1
3226,1321210740-7065053acabc9614c275532c149d2d9c,1
3226,1327766280-c8de8052a218e72b3cc15c3fdeabfd28,1
3226,1321044960-66749bf90d7b7e4a5c0ce921ed2a76a5,1
3226,1322655540-bc61397c78bfde5498b97f6f55a81635,1
3226,1322804940-2029ea05c33cb1645d278c467895d80d,1
3226,1322772360-682c042213e0e9066d66778db2c7dab2,1
3226,1322694180-dbd8d5e61162605e7eee5f5457c41309,1
3226,1326306120-0d62e21ad7c385bdfa04154a36bb2c4a,0
3226,1325635800-f8894b963927b2e1020e41d42a0a0b30,1
3226,1321115100-41ec5ef5f54d45c0bd6d6767264807fb,1
3226,1326224280-caadb2fecd857d8169766f5e4bc059a6,1
3226,1321557960-4901346784c4abbd9ce59959c5e0abbb,1
3226,1323740340-1111aa976d8dfdc3d908c3129b26ddac,0
3226,1322614680-d809c879660ea180820405ae74947203,1
3226,1321570500-51148f4315ede0ad690459895ade7024,1
3226,1325212260-3725b62bc8b73417557292dee7becfca,1
3226,1326926280-bdcb9c96e899a3c630a788e5b7aad5b1,1
3226,1320712920-1f5ffacad73470c4389cb98195bf4ef4,1
3226,1326950100-f2ca45b485285c1d35ac92707fc831c7,1
3226,1320418440-4f5e1507aa0e029dc7b7cff98bc3fa14,1
3226,1327432080-34f26844762419d7580783b11c8892f9,1
3226,1325535960-4dd2427a2f0ed1f28910523d95a54b82,1
3226,1320589020-7de1b2e09c09e8a74a2cde99bd2330bd,1
3226,1327467420-418b0b6e0e94e0a29332ca6efa832259,1
3226,1323791940-ca41ae57600025e580a1296bce653bc0,1
3226,1324430040-1b2b9ca7a2bd6508745f562f86abe444,1
3226,1325630880-5402eb8c5e4f9e8964effaa3f76ff96c,1
3226,1321420080-abb578616c9178187d01e20f239da60c,1
3226,1327617780-0179d56c0f8034f39e1251a84187654d,1
3226,1324520280-88e48eb7240039e6960d8b5ed50a3e51,0
3226,1320703860-4a92cbe773584482e832c8034d332abb,1
3226,1326824940-b298b8a5b5e1582e7425cf312502d80f,1
3226,1321462020-ce25b82ce140855466ea5c5622f07e83,1
3226,1326387000-bb8d07a13a737803281bfec3dbb9a1b1,1
3226,1326373680-5cfaf291cda35434f12e2713f8dda6ea,1
3226,1323104520-91ad3655b9cb64da402313fc9fc77b72,1
3226,1327620840-07fe30808441ff678df075c30c8f05fb,0
3226,1320424740-827b5f265816bd6bc31c6eb1e902dabe,1
3226,1326413400-6ac16efb201255657260a49c642205a1,1
3226,1327619820-4c30da23ec92ddcea20d26e0a6330f9c,1
3226,1322868900-a09c6f8e50f8244de49e7a3560ea06a5,1
3226,1322868720-93b8e3d83c8d5dfc72f11c02c64760ba,1
3226,1321306440-71f4d8873b37bb9bfff4aacab2cae9bb,1
3226,1323368760-6937a2b432734a2e9e25df20467a4f40,1
3226,1322586480-60f33247d44a776065151fc9da17924c,1
3226,1321286820-bbb44b4bccb065f9b6e5f4ba810cd168,1
3226,1325363100-2e230583f0d0b1c8d3e5b9aa69e5ba17,1
3226,1323380580-d89a4238240b6e5521ed7aa1df3ecc09,1
3226,1321387800-95880c9c2cc69f7795b02f0b6084fd91,1
3226,1322606400-ccf47a2e27b9c23fee8977e84fe3a61c,1
3226,1323936180-cb63f8b34788fbc00e47e8ae84efc618,1
3226,1321762440-418eb44764deb04e550a0195d10d375c,1
3226,1327716900-d1edf4d2ac78a240ea55748dce520b63,1
3226,1327854420-30ca19d89c4ff91ca930fa5e3d30a50f,1
3226,1325263680-236e28bfdb533dc7044f81c4c9205743,1
3226,1324424580-f4cecab643636d1adf340ff60dcc4e5f,1
3226,1323542040-f5b24437bfd9bc924f75b881ebb9b591,1
3226,1320890580-c0a0c57a4e4264c824a3a54570d972e1,1
3226,1327842120-5ad7730d11508a4dac56672628a10950,1
3226,1324592700-f4effb6befd8038d54fecf01142e1e49,1
3226,1322859360-9da62575460addae475578b45df91f3b,1
3226,1320779700-4d058078a40cff9084d251eead4d2085,1
3226,1327188120-587b7a81bdebf588a7e0da94c06b06b5,1
3226,1324334640-bb57ed5ed47f551d30bbdb3cec5bdc08,1
3226,1323313860-543aa2ed203e17b4902aa44e394ebf32,1
3226,1325246460-3456fc160a87fee99c88f4aed4f4af50,1
3226,1323372960-a157a8ae1eb668c39aa20e8fb2a126e1,0
3226,1323195420-5852948b19e4c4c70c48d757cf013317,1
3226,1325870100-90cb9b7e48236d12a32d914e7b9cbf09,1
3226,1327507440-1713bdd32069e67355d38c579c702bda,1
3226,1327587180-78a13158f8c776091f00605c7b66357c,1
3226,1321387800-f4da69b5f1ba521247ae0449950cc61e,1
3226,1327649400-8256cfda1748a463d00fc0d60bdf6bb2,1
3226,1324592700-a9ac52f69fbc597bb8fcd2c9676e119b,1
3226,1327698840-50bed6ef67de4419f8062ec8e3339440,1
3226,1321392480-85747595b969b03e1f2564bc0a1d28a3,1
3226,1323617220-51063baa31c5db37213552737b37f4b8,1
3226,1322024520-a663514d31ecd25f3e93537b3b721a05,1
3226,1322852100-2e9679b96c24b8422231c59726cba4e5,1
3226,1321995540-f6ca7aaedc7f37aff36175e83f9d884d,1
3226,1322136120-8089c4188b7830868414a049887c4c54,1
3226,1325791320-09ac1a52df793a8a5c2d6c44dbc2d19c,1
3226,1327615020-faabe2b0882a0cda2327f9f15d1592f8,1
3226,1321423680-9a127f33dcaadc3891aca90321822f67,1
3226,1326813540-282d1ee09756470da81676cfc6eb28cb,1
3226,1324043760-547773f5ed109c5e30b69c99311bba10,1
3226,1327516560-299e501395771acc28b3db98fa831d69,1
3226,1326330540-30430970773cbed4b0244c6f7a4928dc,1
3226,1323728580-bd25a6e1321063950123709be1da737d,1
3226,1325730720-47a87d82c181c99b832c9240735ba586,1
3226,1322828580-c69dfd60f7efc91d41065b7642c36713,1
3226,1323808740-278efa93b9618ba0c1c6690724fba2bd,1
3226,1327461240-a412061dd8a6a0ffa2a4436202ada67d,1
3226,1323630540-20561f2938858f93301ee9159b4924c8,0
3226,1326926280-3385e2ed773dd824cba55864b8cbeac5,1
3226,1320987120-75c83e1725f5bb18b38e06479c4dd4a4,1
3226,1321332840-40aaa38c2dd7e9e2dfde2654a5267a0f,1
3226,1322757840-dd488707d1f9dcc27e8e16e54e798639,0
3226,1327704780-fd180d6d803b3a078facc7a26477e598,1
3226,1326752100-99068ff1aacfcaacb49de601eccf30d2,1
3226,1325621220-52bedb5f59bea34a170de7e3a0499b63,1
3226,1326317400-0b9fb46ba0ecca12f609ec9e8146f426,1
3226,1326993840-f7d0d624911260193a55506d733b8906,1
3226,1327611960-448abbcc7037f59b8f8a06144aafcd6e,1
3226,1325126520-5052c04f70a541546454bdf1ce0b1aef,1
3226,1323186420-263b760bc9252142b039911ac09d184f,1
3226,1325720040-77c79e966e867465c83be87cdf0ff78b,0
3226,1322586540-a73d7b48211d53ac7e5e1311ba4e706b,1
3226,1325855040-5e09f8bce6c641008978ceccef75f234,1
3226,1326244020-3b2c0b41aab904c844cc44f9144166ae,1
3226,1323517260-221cdbe58872bf8ca3577f3ebc3ca623,1
3226,1322949900-7090f0f8137f7fba6447a34492cd2c66,1
3226,1320457620-237822aaea8ce37fd1fa0d2185582353,0
3226,1327509900-12a1ef173b5a1f100bf219a7f69e38b2,1
3226,1323477540-03acb9030ab71cad897ea1919ba13f6c,1
3226,1327242420-d788a50598ffc1448bb94df28a0e58e4,1
3226,1325096700-f56e0407750499dcca23b708168e1c1d,1
3226,1325906100-3f847ddc7bb40efd5e541ca462520bcc,1
3226,1322667720-5b17663648b78bf07cf14efe28d93e0a,1
3226,1326138240-422efd89ddb8b19337abbf5461fad6a9,1
3226,1325910480-9f41cb9b1c3c65d66beca071451150a6,1
3226,1323843300-0c2cb9d3c68865f2ba492f030a1f47ed,1
3226,1327581780-95b3d25d81207eac75bbc5af19332cc4,1
3226,1320771900-103b08542bc5a89af106a814b849217f,1
3226,1324161720-5e5a1da26658898f05bf5c13b2f58781,1
3226,1322859360-63e8d5233a968f87192258ae2efb165d,1
3226,1326125460-775c2c72d4cd663ee41e8fc812aa5c3d,1
3226,1323395820-9ec18a13be4d03e2d5a16f8f81272fdd,1
3226,1327328700-bae9454a2138667e28a1effc7ed4cf49,1
3226,1324661700-4e287aae879819bf87e50547b12dcd7c,1
3226,1323868020-8a4c1367341a5af433a183f6e2f1914d,1
3226,1325895300-15f2c2c72ce28e2dbdc53fdad9d90073,1
3226,1320987120-c29669497e9734b564e0bd9ad70081df,1
3226,1325279580-1655e92dc200b7722ceea58684481649,1
3226,1324317300-8d9d00a8d5e12ea0e476b0281ce07b5f,1
3226,1327171980-58a7cad407e1666912f8fb101d1117d5,1
3226,1323997500-ab5c57de8de58891214555027c8dcbe4,1
3226,1327791780-b79c5bbc8325e09149610871798e327d,0
3226,1324073640-cbf0fdcd911d0a33cc590368d46cb240,1
3226,1326040020-6188b8592a44384c45b3b8cf28b0a732,1
3226,1320338880-c1a0a6f5d796b0872a9f25504700342b,1
3226,1322700300-97322b3b56e7728994d5967e33e0eb91,1
3226,1324930920-8a27ee3d28ecc4aed7842409bea2eba9,1
3226,1322655540-8296c7deb2b86872fe1fe6493682207e,1
3226,1321978800-298fb2086c420c746fe151f3e0ce70c8,1
3226,1323306300-9b2a832d21815a7dad125c99afed6fbe,1
3226,1321420080-66dc03409f358cfef47d7fde54ec3057,1
3226,1325425920-5675d2bcc8d3467dabc64036d54a5e24,1
3226,1323353280-548e101b2c04d1dad4314a300b3b7283,1
3226,1320945600-fa52d2474fe6eb5db20ffac9842310bb,1
3226,1322606700-c17410fd333f40b3067c5893e9554785,1
3226,1322700300-2d7912e6ce39a500e0fbe3f7a9eb9bdd,1
3226,1325206740-2f91d4219cb5be4eac0d66e68884d51e,1
3226,1326828780-b3654b58910f20c6d41581e26be95623,1
3226,1321599000-3c18679b4126cf78530eb7976f0bcf03,1
3226,1326413400-89066f88e5ef8efe134dede198f224ae,1
3226,1323271380-4cd199971669ddf91f78985054e761d5,1
3226,1321636380-98f23356bae109f31474ce89413db10c,0
3226,1325460540-190365baf4d8a23d71bdfc28a18306d6,1
3226,1323842580-2a76b045bff10746a07919b4dcf110aa,1
3226,1326368760-ae3e6276ae0d2de0eb3ed7fecec15d58,1
3226,1325009460-78e3102e5b8ae1ea7cb96bce5f1e5acb,1
3226,1326660240-dc4f54fe04f3a5d6a720788959ab209b,1
3226,1325632620-7e5e067f21910a0acc969b9d2fee74a2,1
3226,1322026560-7f5dda3dbf87cfe594bec23c0051fbe0,1
3226,1323801000-fb963b26691980c51eddde113e1479a4,1
3226,1324510320-c1778583add01646337aaccee91e5654,0
3226,1324001700-68e0a40afff6973778dd143fcb0b990d,1
3226,1326238140-63d21c3b98b7c332a901fbe194e97a6c,1
3226,1323794700-dc3877ac64c864872051578f0708b76f,1
3226,1325621220-148c9426125613753bb85f553229c6e0,1
3226,1324904820-a9afbc68dd3322257f1c2d099089e60c,0
3226,1327347360-5aab68fae52a8b55a723c058538ddc0a,1
3226,1326574500-6b42cd919b6e7e9d9040f87b6ebc1ac3,1
3226,1324012980-4abcf2f2f8b4c35ae5a26a2579ee0c40,1
3226,1323234300-792397369741ded3f8625b894f86ac04,1
3226,1321447140-2c45f3cce43641ecaa89a9da4cd34db7,1
3226,1325601540-5507e022355838f49fd299a805c0425c,0
3226,1323497580-db4e4f891c4d307c9ee20ba62e8248f3,1
3226,1320779700-b62ad7ae06774f1bdff08685f6240427,1
3226,1322814300-fea2a9737960850b9afb5f1809e8a63b,1
3226,1326503640-30400bdd50d6e9402f2bd11750c60237,1
3226,1325331960-814e8355032ff05084d353fab477a735,1
3226,1326660240-bb799c0eb7bd0d4af2e5290000fed612,1
3226,1327306260-dc23f915462381e0c837a312dd4277f6,0
3226,1324946160-fb1aa1fd2f4380632646ba52cdbb67c4,1
3226,1320857280-de7344e406bbff815d3ef1c49c9e42b6,1
3226,1326513000-af93ff1877de293ecb7e216451452188,1
3226,1321051560-2ad967357d4acdb6131bb3654b32bec9,0
3226,1327089840-c4b8bb600bde821401e0e5079410500b,1
3226,1323276600-9daab923811f7e38ee87ed46e736b627,1
3226,1325864280-74fd9ea174317330433cd25284229191,1
3226,1326478560-5df6eb31f8a41189eeb6b0fb25fb0f45,1
3226,1327626780-2837c0d173d3ab764fb3f68e8729e6e6,1
3226,1326405360-f60e95adb407af363129981926dc2d09,0
3226,1326381720-5034ce586991c6a5d513b1c79d2d5158,0
3226,1326872460-06520c7ee3f759eacb5cee5c3f9c87ac,1
3226,1321978440-3eadaf5be98f0f47f90cdc95685168d7,1
3226,1325024100-baa460f9b09bb0a67231013f31a9a7ed,1
3226,1322795940-f06018648b685e29cd7ee7a6749a4ba1,1
3226,1320594300-42fa99abbcedf9d642a2b4edccefb984,1
3226,1325621220-f6ee8b0f794aae1f63519c1294325982,1
3226,1324312320-6f16f3b611c294465ad5309aeabcbe1b,1
3226,1327554900-4c650674eb252f1b4f252daa01edcac2,1
3226,1320686280-dda6aad676f555601323a7d19b45d810,1
3226,1324007640-61359c77cf7eb417eb6416bd7833876b,1
3226,1327452060-4e31fa9eaa2f114e1a4889e774d874c2,1
3226,1325907360-b0d7daf394dbc4367ec916fbda8da55f,1
3226,1324320180-268b125afaf344a9f4e2aeaa34eb2736,1
3226,1326065940-f2cebb61b63dd2e94cb76dcb8fb5f44f,1
3226,1324530120-1c02dd27d2979d9bd76b6843952c0e0f,1
3226,1325371260-0844f16b188131c5c69d3110ff52e012,0
3226,1327710900-60b958d956df08e32b405bb4a214b329,1
3226,1325200860-1db2e7f3443a27259c8bd4c6408a8e1e,1
3226,1322442540-ff70a831fcd2fe63eca98dbfe16898c6,1
3226,1323913080-ca0266d2a5a75502be354045e2ccfaff,1
3226,1327038840-6f42049387dcc68413a0fc9f35a5775b,0
3226,1321364760-86a390022cb67173081accf5638a20db,1
3226,1326592860-dbf2ba4fef6da854ae7ab9aa346a4fec,0
3226,1324994100-8826ca8872c5ae5107ab4b1233e645c4,1
3226,1322771220-697c577ef9f6480e8a40544540e2a8c7,1
3226,1325697000-f16ab274966b724ffabaf9c636d39c7e,1
3226,1323389580-564004755ef0ce6c01ba7aef6a7620d6,1
3226,1325561700-40eb0d5aacf5ad064cde160cfa9ab761,1
3226,1324094580-f552c4b702bd7b4d045cd1e951885ea4,1
3226,1326945780-41900d45923264410bc44c2545c498f5,1
3226,1327374720-12d5b319630ea57d556e41abe6dc2576,1
3226,1320771900-0bb2019c49674ac8d0dbfb05fc35d0c2,1
3226,1327957020-bb960a81663f2458954e40fd1851d251,1
3226,1327716900-1a0b5103d36c19773becf61329c93e2a,1
3226,1321278540-8847a990085bac0d5e91ec7a2457b10b,1
3226,1326516180-ccae7f554352aeaf90b56644e33bdbc1,0
3226,1320405840-da2587683f5879d76e6153b4413e4bbd,0
3226,1325033820-5fe1c5e15a1a44486ce6a694d771b23e,1
3226,1320470940-adb5564a0d1a50d991f3ee6d41aae35b,1
3226,1325652420-021011cdde69c3bf3340fd2886a5563f,1
3226,1323368760-a751f39621e8f8fc711ca4a61d6afb42,1
3226,1325442240-687f54d4303425a887e790a178a3ceb1,1
3226,1322229000-660c4b039f41c8c6d9c4ef7e19ab9dee,0
3226,1323401040-1bebabd8a8fb36d1c9a56dbd1c574560,1
3226,1322504820-0240b9c8b2e4477437abb98760c89c04,0
3226,1324154520-3b2e9c0d25697b4f65b5690f8e3849f4,1
3226,1324484640-4b878c995b52c528c56e90c4dd11585c,1
3226,1322283780-c79124974db5112a7baa8259c6f6bff4,1
3226,1322493420-9fb1312714da45ec0772be2b8e059711,1
3226,1323126240-98c02f95f7bc7a57c3e984dad49abb15,1
3226,1321277280-357b2d976ad51a1f90e7a4bfbb4c180e,1
3226,1325279580-412d0b8714ea00498214064ecd6ddf1d,1
3226,1322938800-7e7fec11620e04ffa64a7c5172244b63,1
3226,1323477540-b24e23af2b290ab1d23004ac4f3ddd5c,1
3226,1326333660-38acc6c0bc604946e8b627f57ba7751c,1
3226,1320510420-0ed19fe8908fb84e8757d3dd065a4283,1
3226,1327001520-dd3edef99bb488fe7292eb3c093f97ce,1
3226,1322760540-a5eb219dd4dea125cd69fdde36886d3a,0
3226,1322775660-bd0c982d9d980b5555996b83908e8088,1
3226,1325910480-755e6a4d190d0ca4230c8473baef19af,1
3226,1322868780-ca26993fd35c6fc5bd6c236cdd4aff15,1
3226,1325645400-63b1bce5c801b47101afc8c2475598ed,0
3226,1321796820-93e45473ed6171c7762a722dfbcea579,1
3226,1321293180-ba2e6a5d0f99c44c4b86982b8d489097,1
3226,1324695240-44e53453271209bab3ff06518fb790bc,0
3226,1323906960-feba3ccf64ef6c3f57cd20da87a5dea8,1
3226,1322779980-4249ccca9d6e502f9181ec6a8524ec60,1
3226,1320685560-a0b6358f060daabc6f24036d204effa6,1
3226,1321677000-3dcc71c111f437410974a34f6f966c3a,1
3226,1324530120-89abd22044463c67e5d80bf0b1b50203,1
3226,1320236580-ab6b600da9812b8443be8a2a54455cf9,0
3226,1323700380-0a9f59f515df06f4ca262d64831a1d63,1
3226,1326132420-bb192d1562aaa875ca1bf66b23db2272,1
3226,1322944680-234d474c73458bcc49bd5a561a5ebd1e,1
3226,1326942780-7f63b4710d1521d2b0ac50bac506dffe,1
3226,1326228120-55ab17998836dd8d40fade7e2d9bd0fb,1
3226,1323389880-a372bc3cf4ab60f12164c48a232ea78c,1
3226,1325109780-a4be436f2242254bbcc0ea5efd857860,1
3226,1323295380-f672c82cd9cf5c13ce189ebf32c414d1,1
3226,1326323100-39e6d78576d03c928162aa1c91e901d1,1
3226,1323289860-4a14aedef18c8bd5916f90fc4e03c8a2,1
3226,1327662480-652105ef37f76d507e5c1640441aa8a3,0
3226,1321293180-b12dd0b6acc7db59373d9958bbf6ce83,1
3226,1323455220-66dfce815683661856cec399209dbdee,1
3226,1321557960-16b9eec15c7470b2153144d0e2604b57,1
3226,1321511160-40828b3a0dd40788f25dec67acdff830,1
3226,1324403760-cb4928ecef6cc7402aa41644f8f23de3,1
3226,1323925080-d6d11f3dca5acb4bbc3a03cd8720d1ae,1
3226,1321105200-13f1cc39ce6623b9c86a3bc6f18c60a3,1
3226,1327821420-3087a393d30156afafc2724a55455448,1
3226,1326323940-cc5f91fd21f9324d75ff4b614f7cc883,0
3226,1323276600-f8cb70fa3825403b87f2939a11de1b3c,1
3226,1327433580-31f528c1c1df22fed06039db2fa14ece,1
3226,1320160500-64e8da5739a1f000683b1107a23ab385,1
3226,1321290960-2523d683bbc87259c6cfe69836359b3b,1
3226,1321909020-6982c7aca9a954607ce1b6155c948853,1
3226,1322524080-a7cbe99b2a34ce1861a8ca5e640cfa1f,1
3226,1323557760-2936981e9a29c3ab665fe610cb89e94a,1
3226,1321762440-ac4c28a61c2730d238cee95f451896f3,1
3226,1322868720-7337945f9cc9ba77221a3a68a3507a95,1
3226,1322586540-cec8a3bb7290229400e8badd9c9df228,1
3226,1324154520-5a64cc0f3cf8d16e7ca7944ddb4a24ba,0
3226,1326895740-3a13bd08df653fc788e2eb4be9ae81f4,1
3226,1322847120-a7154a8b48849050a3ea7281027edded,0
3226,1323836760-329e7181d9b48cf7c395b1825e12621c,1
3226,1324511580-2f238989fa401827f6e1b832fba14337,1
3226,1327119780-90f8defb0a4ea3125606f44a980a5bfb,1
3226,1327554900-c2b3108dff431be9106012f6d8806273,1
3226,1321995540-df11f0bd8899da11a2fb91db3a16a402,1
3226,1323913080-24962c0ab187100bad009b870b601348,1
3226,1323179460-f43aafa29ab6240eb286c629a10d497d,1
3226,1327513140-9759a05ae0872ad1a1ee78313038a56f,1
3226,1326201600-3221a4db2365adc2595bdf0dd2d1e680,1
3226,1325609760-09fe3689ae687d020c92a0822127ecd3,1
3226,1324189020-8a95b54ef57755cd60845c417ca0b3eb,1
3226,1322064840-3aae17408d727661ac19ac5137e2b452,1
3226,1323395580-2d59db392b88d34f862e6962ac4e3d36,0
3226,1323890820-308778ad17cd98a74eaec88ae871353d,0
3226,1326950100-6a4404bb359d57c4211787df40668946,1
3226,1326602640-874ea9b5f4e595b11fcf559ffd2afb58,1
3226,1321387800-209b975c371cff4a1d20516c1d629099,1
3226,1326481020-62e7fc530a5567a19f2a080e27cfc287,1
3226,1320452040-84317a9ce983f59ef7e3c9a591ef8509,1
3226,1327540740-b343a91ee9315738490fa2bbbe320f8d,0
3226,1326145740-f7e47264817fbe88a087458ba4e937bd,1
3226,1327957020-63b0f29e65faec9f8abc80815d17cd1b,1
3226,1321980720-54ff1156a8d5e3a8b9dcf6c669340353,0
3226,1320858480-5917ec3635cff4c1d9ac87eb57adad93,0
3226,1323469500-d3314b6c2222a9389a473a6f3b454211,1
3226,1326344460-2cd70f22ebb1b9436bcc0fb52049c474,0
3226,1321306440-da91987f64587789206b6f786a99a8ff,1
3226,1320693600-b8568fa862254c636d7444a86240c1b1,1
3226,1321316880-669b8f7cda6603f91f4b23a8e318354e,0
3226,1320203100-7e8805998cba0e571ac9d4f38ea3a388,0
3226,1327821420-7732b156799cda06f5562cd658619eb3,1
3226,1323344580-b8cff84483a7282d3d0ec51f3bed8cd4,0
3226,1325887500-3d2b39e50c573a3841453f8b11364032,1
3226,1323906960-5e9539b7bc21cea6a991362dc4faa8e0,0
3226,1325757120-6dc25bafba6d068d7563bdfc47e38fd9,0
3226,1323902760-c0930bd343a403c328cbf9a560fb4dc0,1
3226,1321649460-0834c1d62a669a00153f832f4b359e0c,1
3226,1324477080-1d3b2961ce35334a062d4a21e85b8617,1
3226,1323798900-42becdce4a1db37e9bff616458ab70c5,1
3226,1324556760-7991118350b0b0238aa5c91a030e3437,1
3226,1320338880-b47e603a167c7d199ba3efba9b7b2a85,1
3226,1324039860-b4225aad4a34ca97f9c0c013bdc855b8,1
3226,1322664000-5de9a344eabdb9b8bcbeceff6851f5d6,0
3226,1321549740-a693a97a05b287b7d72fc90aadcd6a20,1
3226,1323782640-8a9810a7e0f1b21986723c1a36e35e2b,1
3226,1320424740-643ef8e8bf2fc01d7fac30dadbbbbd90,1
3226,1327181760-9bed2318b2ff8c59205e8cdd7c81f322,0
3226,1325424240-4e3b06cc8bf0e401be56c05a5c1db53d,1
3226,1327854420-59ee7573e14f3959d126a7764cd98905,1
3226,1322868900-1dd377274e56e6bb9a5095cd257af1dc,1
3226,1327068720-b2a8f688ce477937c70136799c73a55c,1
3226,1323289860-5507ed6aa163464a3ff214178145dc51,1
3226,1323469500-c6c8ce8d4e39fa3dcb5931c2e5862d72,1
3226,1327198080-fe200f7a2443abb4f8998844fd8ab941,1
3226,1327322520-b287783a94449eb2bdc4d3519d964c84,0
3226,1323289860-1e6152a7d736643e46360017e51c57fa,1
3226,1326285960-7f90486f767bcd3d655c544495ac8983,1
3226,1325251620-036714b24de21e8badebab04a703c810,1
3226,1322586480-d3efacb717f84ec3cd9f595963a45f1e,1
3226,1323324360-f0ec27ac97df9b4131f0b751ca6e7564,0
3226,1324737960-069a2af76ffddba8bd21adf60cef5b7a,1
3226,1322779980-809879e37b9d99671472337022cd9d8b,1
3226,1328010060-addf3177848253fc4d0bdeb74a0b8de2,0
3226,1324901640-58f858a68263a93209d4b0550a96f720,1
3226,1320338880-d20fa6c3d62eb5dc872fbba13874f03b,1
3226,1321589520-1b5f7562b16db1fb23812e0c3f3199a1,1
3226,1323906960-064dfbcad1e3f04d2e8a1cecc6640977,0
3226,1326232080-9cbe2c3c269154102b1a78d88689ad06,0
3226,1324660680-2c6438f57c1b56e901d7a442334d5194,1
3226,1327120800-2e68e07945249a40a14e8646aa341ca6,0
3226,1326422280-b1ddeb5ae32b1def915e3e69321c6ec4,0
3226,1326202260-738a553b0470c5828cd8c64c086bc8db,1
3226,1327665540-df9280034d0a64671d103e3c0f5f84b0,0
3226,1323716880-02e53adbcaba0a75f0f1b397a4fa3195,0
3226,1320796800-7c4a9712ec42270c9a1812461bb6a4ed,0
3226,1322241540-6f008b139414c63d9fcc5c3943c37e4f,0
3226,1326990840-ceb7bd57ed581de8a3e4cfbfcef3f8c7,1
3226,1322944680-129a4666f19539f8392b17acbd970799,1
3226,1325738460-aea5b77033f658144736332cf863fa2e,0
3226,1326309780-b62d69ebe8a2d07969b8ba900403b6e8,0
3226,1326397680-774d0ac83a8cd7232113dafe891cff79,1
3226,1327869780-2c0dfa67b18720c53246fa781f90b3b4,1
3226,1321603560-7c4ec09dcdc4153645ab2aebabe7537a,0
3226,1326922560-2ac8b01c029c7787479fab748a629dfe,1
3226,1322513880-72967673d08c23c89cd9ac3fb67609c5,1
3226,1327530960-d3cda2bdd11b67fd65aed2500bab5dc4,1
3226,1326201600-5fa4454080fc0ff296d5673917b1ea9a,1
3226,1324699680-a091630d35acadd0e5dcc1f834773df1,0
3226,1323270720-5f3a984197db4e6a029308bf55bf5aba,0
3226,1327418040-12bb3fe1af2d34fb6bacafa02298e163,1
3226,1322513700-1349cf4fdf5bcdb05bde97a93f72003c,0
3226,1327449840-8a2d55e8ebe09a7b6910a98232d2d5fd,1
3226,1327245420-3d7096d4eb20cb0b9ed079c8f336eb08,0
3226,1323721440-f9bb0b6b549f0f20f59fe04fe3ff7b8a,1
3226,1320549240-f7a0aa7aa9951c64c7a9664017df1ade,0
3226,1327095780-59b39c4389ee51368e0b0b2ce55d2d30,0
3226,1322518980-9af37c5e4d36030a5e8d8d348315256d,0
3226,1322684880-4f6b8735a8ca7f06488b6efec06293e4,1
3226,1326496920-4f450a50d45c1e923641ac1c7bcc9140,1
3226,1323563700-c23584a5134dc7fed2dc4bbfd90e6fcb,0
3226,1325075100-59d013c4c579fd67c89ad24a89406ecf,0
3226,1321601340-20263c311e5d95737c4e0d4ee959d788,1
3226,1323986700-f883b3394fc4e60dc8fe4b1a85232a4c,1
3226,1326896160-356e32165cc311b1f9ba63695551669d,1
3226,1325973900-7ad4e9c39547c98b5f5d9d156b6ca718,0
3226,1327560360-0a58f985620c41a4adb437bb5873285b,1
3226,1323458640-cea1c6b3fb1a56a422fe991011172218,0
3226,1326645780-913042dfcdcb5181c316eedb96fd7154,1
3226,1322884980-7222052f741590e640961d11a82b8d3b,1
3226,1320898980-a9098981fd3300aca44d7201fe7b6d58,1
3226,1323066660-b4c029e137aa13736344455da4864213,0
3226,1327467420-669c5ca6416e8d58fe78bf6f82f1078d,1
3226,1327436640-1c3160c80ebd7d384e8d73e5a7b6a366,1
3226,1323752580-27120bb130508962a523ad6609993452,1
3226,1326576300-18bb289dfd52beb2d4835c77c3451335,1
3226,1326851160-7701ed6fdd496bf0415e06d193a88eb1,0
3226,1327957020-6a08e4f4a93f94f05f6c1484126388fd,1
3226,1327611960-054387b9dace11f1759facc935030bce,1
3226,1322508300-b07103ca09d2ef748b3340a0626f21cb,1
3226,1324314480-112ff2608121d9dcc3b8089c4a4f3372,1
3226,1323292320-db4013b00b121aa213c7c2e0f49b2b18,1
3226,1322671380-5a7ffde6d5f6e4cabed964639fd3776c,0
3226,1321297440-75f51b9342f539340b9f062091c1e4ff,1
3226,1326317760-5994701cc82408f8e53a9306d60001a2,0
3226,1326732780-60857284accb37c1e193b5278a0a8200,0
3226,1324584420-41bf10f4c6a2c278fb288ca43d947433,0
3226,1321499040-923c4dc451d518004f3be4413dbe0f9c,0
3226,1323433560-4db6ed747084b219f7fbc8faaa08097e,0
3226,1326347160-8809766d2b57060cf36a9bda4ee11362,0
3226,1325711220-b15154f5c5ec4949a5423cfe642e60b1,0
3226,1323619560-6d94a9f7286945cd636ff7baefef1ee1,0
3226,1327506600-39e2cd97682cf221ba02f42049ce8c52,0
3226,1327015020-0a0f798ea7ef6cb80ef652902404e027,0
3226,1325704320-3656739a3a76e1675a90b552156afcb6,1
3226,1322024520-dda7287d6fe07cf6f591e80b05a38bc5,1
3226,1325895300-ffd1f600817ee4519d97541aca5d00b5,1
3226,1322805960-b8a62abdedf5c7249d2070a2b4cbd8b0,0
3226,1323477540-a494e146757d381324f93fcd62468614,1
3226,1327185120-5d402e669f511b8d985b5eed59ba1e5b,1
3226,1321636380-d20af6c315d31a5dd9d416f935077419,0
3226,1323200340-04e1903073628c4bf5f940ae8f43c42f,0
3226,1324479060-61736656fffa7249bff5c43e3874d30f,0
3226,1320958980-2a0aa925f7a2c40155b6243faed2cc63,0
3226,1320719580-d9517d2ebfe18860e017e1fc885d2806,1
3226,1327859760-0df9f09f59f519cb85023fdb35b9b7c4,0
3226,1326457200-bc942a8671e827fa170bab91b2c8f7e1,0
3226,1325877300-0fcafb49c8c75449fdc178e67dcf9900,1
3226,1324639800-0125493cf4920cf1e6ccc0f46382d221,0
3226,1325691960-9d284caabf68b43a4bac5f3200a120b0,0
3226,1324490700-786aa2ffcb4ae6b5a30520daef8bc0b8,1
3226,1327632780-90c78a763ba1391c3cd4754b859529ab,1
3226,1322282340-3691bd658846befaa2c7a1d0270db99a,1
3226,1322868900-9df32abc37a7607c8cd36c92e9fcc128,1
3226,1320711000-a0f19a190e3b5f2c63dbda09dc39d28e,1
3226,1321190580-0cca14018c04066866b741178c4a64a6,1
3226,1323735660-0df02cddb0d31eff3948695936b41f01,0
3226,1321459860-3adb5bcab4d96bf1e3a00672ceb304fb,1
3226,1320441960-82d7b4a8b37eaa4113ce722a1f1b1bcb,1
3226,1323574500-dd00d4f2fc481a04fa94bbadfe3bf58b,1
3226,1324427400-a6b24fba69e8154581ffa8660733dd38,0
3226,1323485580-661e8a3ab19d4d7d54bd7950bb780579,0
3226,1321196760-d10277e52861c6393bdd463505eedc41,1
3226,1320589020-bfc32b231aa566c500d105acbb6813d9,1
3226,1321666200-b1f79ba3f294171ea9b6fc1260733bf0,0
3226,1325995380-d4eb7d36da6104c9ba47f0f81401da90,1
3226,1327544460-5906ed9caa6b85585eef68a4eaf2b8fa,0
3226,1325371260-192d514807863c2b060a6ba678adb3ff,0
3226,1327632000-11ddee166f0b0ae8238a324d2d92a586,0
3226,1321797180-f60722fd597b9a360de05a78174a1c0d,1
3226,1325750100-37ca34ab992eb7f07c5d715717b9d54f,1
3226,1327710900-8809f3f3ad846e4e258486048ec6837f,1
3226,1326977580-da56402acfe225f882e2324ba709750a,0
3226,1324344120-bc6a0d9e41b4e0a23ceaa415aa66a363,0
3226,1322155500-700322f19f558298728892433273a961,1
3226,1323117000-8ca84a87b1baaaf67f81a2316aa544ba,0
3226,1321290960-fb0c9d91affb62566b32493eae51ef0b,1
3226,1326214380-c2735355b69f64227752987fabd94d8f,0
3226,1321233900-16f583f0cbb393c5213f3569f95355e3,0
3226,1321545060-1afc7e8ff013ef9c7aee12d6a1348433,0
3226,1326347520-bef9277ec8d6f1344fe89bfb734803ef,0
3226,1322061000-215c83dd6a5b22764b49f9ea6b34eb4f,0
3226,1324355580-da36e8bd69da879dcf22d74415749034,0
3226,1321572780-523283158110b963e994ccd2964c6992,0
3226,1322798280-6a47c36d6bab687338113d326fa51cfb,0
3226,1326997920-f48434219202fd20389c7778c76dfc0f,0
3226,1322710620-5ae35530ac6c89bb9424a5cc2fbdd78b,0
3226,1322586540-b072bae564ea914acb95a9f927caa102,1
3226,1322493420-ab69e86ddbdea8682521bf83600b6d4b,1
3226,1323292320-290568f464b9e1965efc322e3b6fb98e,1
3226,1322781900-5b61726d2e335ea591a26ea28bb2a273,0
3226,1322586480-47509219d7b5ac0f55a9196dd2e5e1ad,1
3226,1322740980-9ddf014682d72bd05b6086ba733a4536,0
3226,1323825720-1420df5828e3a1a617a07ba339773508,0
3226,1326337560-fa4b30eaa212c92888d12f34c12f6fdb,0
3226,1326247620-fa72564356f7762a717b3ee7f6a76f7e,1
3226,1323868020-c79daa9f61d1cbfe457fd4f3d8caf753,1
3226,1322614680-499455f8c0c2b84c59a89c0a75ec66bd,1
3226,1324510320-5425fd83a83da444a879b97f91854fcf,0
3226,1327239420-2eaa607b493d0c88b1b29108ab0d8884,1
3226,1327326960-afe91f4b92ceb849accaa62483a0af47,1
3226,1322076900-21e0c7af5f23f361ca2feeaf2a903773,0
3226,1322300700-5d3ea06a5f23a63c3afafc7254024b84,0
3226,1322245380-524735f15ed55181c08b6872f068e757,0
3226,1323700380-206110a0138ccc5d6ea7a0faa775a525,1
3226,1321546920-9f604c5076e8d26bb6a34e4bca8462cc,0
3226,1321148580-2d0b79f84aebb10532a92a49fb882817,0
3226,1320988800-d58ae27d524facaaaa13c7802c1b687b,0
3226,1323479640-716fc4e52bc0cb58ff11568b3441f9a2,0
3226,1326058380-74c226a18d4747605f290676f73629eb,0
3226,1323411900-5867d3e3104eea0bc91d4e04f1e97048,0
3226,1320201180-f0b6b4cdb60e5a6d6b3bf2a118a7ead9,0
3226,1325409720-a31bd01f641c3d326c6d2fbd76240711,1
3226,1327678560-4b54af6696be539526dadaf8c64e34ee,0
3226,1326848640-7d3f8e6950e79b23f8c5c2a5e259bfc2,0
3226,1322264100-4c700f07ee3d3151c51b7de8efac9329,1
3226,1323884760-97ca69908cc2b5d1e9eb279bf01c26a1,0
3226,1323150960-886feca6ccb76ba3ddb7898d6c601b9f,1
3226,1327001040-85f398b9047f70f6368edf7896ccdef7,1
3226,1326006780-1160155183c7682e9ab008a3bbd893d7,1
3226,1326006780-a0ad55adfeadd1d80dd1682fd76db040,1
3226,1320807300-40d5deb27eba2f6d1b0f1c7d5b64a861,1
3226,1326574560-93b22ba337d53e9816e03a0a571b2c02,1
3226,1326748620-1f46957c9d47e9e13d3a4341edac8e2d,0
3226,1327945740-5b9cc0504b18416d9d74e1993f72f981,1
3226,1325941080-4739fcbc6795e457b87ccd5547dd1f20,0
3226,1326762780-b035f1c7bd24a2ee28b7a7a955acce22,0
3226,1326919440-a4cee801d5c4099119de79a15961ad46,1
3226,1323948240-cb3ca00532d44bfcf7dc8f4e159755db,0
3226,1324315560-5757255a004a1f11caaa1dc3a2f47eb6,0
3226,1321985700-d943bdf16367bbbd422632279de4c85e,0
3226,1326587160-296f32e9e82f348ca56837864e688023,0
3226,1327331820-bd5735e3de3ea46f2455259025010520,1
3226,1326475440-bdcf73557797413ed1af1d4b094bce7f,0
3226,1325799480-57d4dfdfd40eb96c47736614d4cf883a,0
3226,1320530280-8d290f472f48738ae3dd70bccaaa499e,0
3226,1325941080-0b701a4f95b4c2d0d75b68ba6f602dae,0
3226,1326756840-68e80aea68a5d0ed5733f9424e8e54bc,1
3226,1320856800-722056ec7a3b397bbd07cdfc92bade0e,0
3226,1322331480-237c98d7b140e1b4773f287b089837f9,0
3226,1321796820-90b2a0e6d0ba0b38470b824b4b27afba,1
3226,1321058640-0fb6af77f0cab8f6632aed08a7d6a691,0
3226,1324876380-d4ba32aaacf96ea35151969533e19deb,0
3226,1327611180-fc5632e6d7b7edaaeb3bebd820f74b2e,0
3226,1324487580-b39de5e3c1e86024517371c664a9ee5e,0
3226,1327269660-21676bf34b9a1046300b880716187e17,0
3226,1326493020-31cb288069a5b202bf673a4369a68b34,1
3226,1322632080-29d21eb1b9dbb12a6bd69ff7236f813d,0
3226,1327086720-22525fc6c5bbff2ceb5f622c8e03d707,0
3226,1326385800-62c743be836968a2b4f354f14f32bca8,0
3226,1327152900-4cf85b7c31521550ee854c12008dbdfb,0
3226,1321336200-3f997d7632b9ea86961ce8499dd264cd,0
3226,1326563280-dd46cbf3fef37203ccd7927685893dbe,1
3226,1321241940-1385ffca41bcc75f96ad3ced092c5470,1
3226,1320704220-b5c5667a4f49d3ad22eb8de290d66c77,0
3226,1327126080-48fc3a83dd4c78744886f8a276f0659c,0
3226,1324171080-59f8166235a933d37ac5a851f8c024c6,0
3226,1325265420-7cd996020cc013189cd5b11fd996b085,0
3226,1324427760-3f2933c77248cf8f63ea8ac3a9c2fc3a,0
3226,1324481580-5f5524f535c41c2056eaa5549f3c44bb,0
3226,1320179040-96fe3ebbd6ca793cc6bb58e53e4e18b8,0
3226,1324596420-3965bd5b667409ab27fb5433cbc98978,0
3226,1326364620-94a921d647011b3f0ac6f9c4becfdc95,0
3226,1326851160-a239e9198df83308b881de358f265dda,0
3226,1326281940-5c2e30ad083b9f2cce5ebb1792b24e58,0
3226,1326847020-04e1500ad07852cf1f782b7abc10308b,0
3226,1320843480-da8dc99026e1c4e50b407903f4c7ccb2,1
3226,1320418440-49f23d78283158c7fca86a296e9768a9,1
3226,1323205260-36ce9060712e0919f8ddd2c110b57aa0,0
3226,1322698920-483a915d52e54c3fc3d032f52b68cac7,1
3226,1326493140-4f2dd1f162f7b924c61762d6cb77f04e,0
3226,1324430400-bfe17cef8a000767e755fb62d346222a,0
3226,1326417660-c1306082b63921558b193f569e0323da,1
3226,1323911160-71b8397696c68da073dbcf459972c2ad,1
3226,1321161900-cdeafd223c13bbefab30d29cd1ed2bfa,1
3226,1325122680-c407c7f21adb80d74e5ff296e5295684,1
3226,1326501780-7fccc2b645607b5d61176d2534514179,1
3226,1323153240-33719628cb98f1dd7528b594769308af,1
3226,1327018500-667a2250e5919acc4a0d2faf686a9bbe,1
3226,1326415500-a845a853049c73101196b5a4dc4cd276,1
3226,1325607180-5af374a05942fac57d7f4ef4cae7eb0f,1
3226,1325304960-97d071d3864a8fe4380c9d8806e1f81f,1
3226,1320746220-79092a2601bf7c3950f4e4fa8b9dc593,1
3226,1324523040-0407bdc792256144eabf7c92804537d5,1
3226,1320825240-5e6f9a81b0443dc913acc8ef0b5021be,1
3226,1322018160-8b4d8285c09e6cf4192aa866b7829914,1
3226,1321761240-cf7c066692f6882c2d90ec4e9e7d4e32,1
3226,1325475300-038f0a9b0cfff15aa47a277353a183f2,1
3226,1324949100-10dfcbcce941d412fcc95b43b558a745,1
3226,1325082240-516a8a6c68f3e8748b9f66bdc691c2ee,1
3226,1321905720-017cdead9a1479b034657c75b9e9930c,1
3226,1325192280-7a976ce634bf24b0ef424a3bf5658d7b,1
3226,1323360120-be7f6e421a6d57e671c6337f72e62577,1
3226,1323465360-3b166cf8fe1460342de73140c315b09f,1
3226,1325121000-06f2d2e7c68257954dfca5a8c6888df2,1
3226,1325480940-65a9c6518f51bbe2030716071661fd1d,1
3226,1326426780-6cc4267e9b349442d14e5d3cf25ddad1,1
3226,1324002060-b6d062c70cf3d9f9c59816c04afdb617,1
3226,1325304960-841b0c9ac43ad9ef69835e8ce0d30ea1,1
3226,1321161900-d785e11218b1eea62fa08082ef5858d2,1
3226,1321603440-fb9ac0eb79d856721f2cf336a557bdd4,1
3226,1322985960-4bfbaaa42a46c338d6ef46467d856416,1
3226,1322368620-9d9b83165feafc869299af92f5018982,1
3226,1321161900-49578a76bf00db98469a6a37818967b7,1
3226,1325008260-34bf99432293f3ea89b22381593f41ce,1
3226,1323819960-2866b00d5234e7c1134d47346fb2fd54,1
3226,1320772020-c513f1462c6ee31f0568d198f6330282,1
3226,1320869100-213ab05d6931cf762d7ecd1c2682f03b,1
3226,1324395660-48e752895f86546ecdd6b75337f917de,1
3226,1326317640-2ce08d77007ea1c23296b1d71abd27e8,1
3226,1326422280-fd508a04f3c7b33c63f4c49d0ca881c8,1
3226,1320562680-8e85e19e5f8e248792ffb85ef822d443,1
3226,1326162060-fe2c3869a4c1476295145e7156453d13,1
3226,1320562680-c0bf6a0ea030f9d9f0c6fc521224d473,1
3226,1321404120-3265d314556316a86ad4a98a9382d069,1
3226,1322279340-1d8ecb422fb8ea980f7cb0493b9e8c5a,1
3226,1324787580-94a814d9e2d26f40d27aca8314e74aa4,1
3226,1325826480-8b9eb5bb49b6f62e06d745f46749aa4c,1
3226,1324874700-51ac9cb58820810d99ba79b29d7690c4,1
3226,1326501780-f217fdcfa052fdc5f4d19ce5edba93e0,1
3226,1325122680-b3a4a98586ba597caa7001cf886eec24,1
3226,1325651880-dd7f3732a70bad61d53f7d542365f65e,1
3226,1327121400-0cdd950ea61a1c76d734e282c0afc4ca,1
3226,1325304960-221661d6083190e0efd6e2fedf943486,1
3226,1324082100-6ef3400eb9ad5b5db81aa670912f80c3,1
3226,1326151980-5e261dce797357133f20a08072864a08,1
3226,1323899700-2d99dcd7436b1f622b524a4cecf5400f,1
3226,1322680380-6b4a931efe94293269d7eece1b3b1073,1
3226,1321846620-d42f09b506bd4a9420df17e4148a1843,1
3226,1325050680-1ccfdde1e715a19bb77121cb75d16d42,1
3226,1326580860-1f9b3c9ee34822d47f32fa105ba543d8,1
3226,1327687680-b86c9e9cbe0079f263e42f1198920259,1
3226,1321333860-ca8b107e2b18b2189a771ac913fb1657,1
3226,1325107560-8fa762c2d3b291d53ab2403c8982f1fa,1
3226,1320692760-d21be37727a6a2c16e6b5f9839f89ba8,1
3226,1325720760-86b8e4068b37f3f313ede97cd499fd94,1
3226,1320991080-295f5bf87a17dc9961b71681084581bf,1
3226,1326426780-89570898993e158a639f4037cd0f527d,1
3226,1327725540-18f4ff9fcdf8555e92f0e99a5e155367,1
3226,1324002060-3987a52a3f7dd2ba93aa48a3a9bbafc9,1
3226,1322625720-14dd4cdfb1262a0d1c71fc5aae5817fb,1
3226,1320746220-7a7e861f986a8216d3ab14a0327bd24c,1
3226,1325123940-192690efc023a85578c4368dd96e0187,1
3226,1320224340-5cf16cb6eca22434c44e4cb16e0d22fd,1
3226,1325475000-55e243d5cf9f27fc0405bba0c62006ff,1
3226,1325304960-7e3a0ef11bef9af2fdbb9b45884c1d23,1
3226,1321161900-0d449d2d93cdeaaf9b53f3a60991ee77,1
3226,1321405080-40349445dd83c8fc59071770d6a0baec,1
3226,1326677400-1623e136b15b32b402f4e281af39f2e2,1
3226,1326513600-ca5dfa287ae03c12f9babed863a6ee1c,1
3226,1321161900-daf49a306dee7a9d637ed91a13709660,1
3226,1325646300-8542a7a8776911958ad269a5b247d1b4,1
3226,1327651320-d76b73a33d4edd4975732d4d715d920a,1
3226,1327713900-c78e5d94b4c6097105bf753c72e7bca9,1
3226,1321938120-310a1858c63946f5c11eb5d1b9acebc9,1
3226,1326339780-81fc9345c4d4f08fcc3ea454f3089dcd,1
3226,1326513600-c1457a85a5f3765835e8b65c412c276e,1
3226,1325081220-32c25430d1209d914bd515bd8f0341e8,1
3226,1321971240-2fd9bb580b334dbbb1e56782830a444f,1
3226,1326832200-12b3a621c4316d04e3ae4eacecb4d257,1
3226,1322493420-ad2d7fd409d7ca5c8b26c91ea632f844,1
3226,1321924620-882046a6a6f649817d7783006a125cf1,1
3226,1325892000-6f24f63ba49a7c900e5a43c9cbf5c388,1
3226,1320641220-5c5305c8e179d65d7b2b993ade2115fc,1
3226,1325784060-2da66a8a5c845e0da48ed62f2fb334ba,1
3226,1326516120-cd96a80b9e3723b594cd77c25e7b9a2b,1
3226,1323403260-323656596add8173cb5f45ff396b9119,1
3226,1321394220-582d7e272eb6cbbdc804391386437e8d,1
3226,1325781420-2523be2b5365189dc4ce74f607ad616a,1
3226,1324002060-3bf29185968e9c5bff5b4acc12aabb4d,1
3226,1321078020-79dba28498e424d69aec8464bb0dee9a,1
3226,1325557320-82e0aa8998d60f721a3f1d5f5dc50b66,1
3226,1325304960-ddee8294b40c0d6afda1a7f43aa69741,1
3226,1326426780-78147c20fae65595a1efa00fa23b7d6c,1
3226,1326168480-c904b49851ecae7ea5cfb6f315d66bb6,1
3226,1327894680-1a42ff2436ffce5de69f54c92e7df92e,1
3226,1320847740-d08c51cf4806cf357ae60698f22697c0,1
3226,1325475000-54078f481113dbd284482d8e95fe1e4e,1
3226,1325206320-a331386e3b94254c853941406eaf5100,1
3226,1321934340-1a5b4ddc3bf8a63eae140941a3309ba5,1
3226,1320825240-640d8d2b5a7cb390766819cfad477ca0,1
3226,1324273320-86cb38b8a9155c5c21639ef8af86292f,1
3226,1327121400-d373e657e9de290382649e4d4edf6b03,1
3226,1325130000-4b0dc789905cc24ff93fde37cf554800,1
3226,1325646300-36199b3597056680810dd1b0dfa0762f,1
3226,1325735700-34a4415d8914be0f67f8810092068dd3,1
3226,1324022520-7bedeba07c30970b4fd1c9ad7967b76c,1
3226,1327633260-90809237e8a6bcbdfb151f70d3c1e4dd,1
3226,1321587780-b7cf4d16946d81cd89e22bdab3a97bce,1
3226,1321373580-a6a4db953bbf344aacb0cb90628cb81b,1
3226,1323153240-d811848a092fad76f19ef1201f4c7774,1
3226,1324874700-dd4ac279379b1b276be3fbb5deb31579,1
3226,1321161900-61135b5fb5cfda3949b8f022f0de74cd,1
3226,1321169820-11f3a9fbfecfd4c0c8912048102316f4,1
3226,1321412220-7b1741a3436598ffda86ef962d15b4ee,1
3226,1322368620-c4a03ce1e0d86443712bf65c7299ada8,1
3226,1322620320-44eaf52f7efd06771582cc32dbf28be1,1
3226,1326426180-92671cf57289f07ee99f9d1b4078b6a6,1
3226,1325773560-40b23ee8692b573a714a4fe424bac5ab,1
3226,1325647920-51a8a9659b7ca8b2de8868eca0b5080b,1
3226,1327127460-65ac2587dbfb5d78968f71f9a0093f91,1
3226,1322092920-35201759f2c7727c5e735274f47e7f14,1
3226,1324050660-f06b000ac3327c0cdd876cb4546bffe8,1
3226,1321169820-3f49f02637010910262d362acc2ab7a2,1
3226,1320462780-796df6997676dc737a33bd34fffa3ea5,1
3226,1321161900-4f219ab5659181207874406e30d6274a,1
3226,1324787580-67bc85a5b68d714e8b72f98b92ee3b4d,1
3226,1325826480-bc8d446a55a64fda58a550e4236cc235,1
3226,1326342060-67c576a0b8192cb127b2e1b4b77c0d45,1
3226,1326229140-090fbc226d3c58b65bec9d6aa1c75c65,1
3226,1325008260-b03f61400c60a17a6be470a2755e2c36,1
3226,1326223140-8abc1ea02fb9b51b3684ee0fb6c0f49a,1
3226,1326417720-23891204bdb80edadcb9e16fe3002ee5,1
3226,1324983300-bc01f66756e806a45396ca06f4839a0d,1
3226,1322695680-061bfcf61986bbce5ccc4caaf0c9cdaf,1
3226,1327121400-9c25c43f44d397abb53582e1735b8af9,1
3226,1326516120-0ac97c5cf402e2be305e8c109cc8ddc2,1
3226,1326647340-f50e263c2239771a85ee6a63c74ad772,1
3226,1327586760-91e6fd1f989b97c8a725ecca11c464c4,1
3226,1326223140-f02d7669ae87e73b9aee3d56e046296d,1
3226,1327541760-2c7e98f98d78985bdfab757261d0e06b,1
3226,1325008260-be285716697f59d05cf16a541219d55a,1
3226,1326258840-4c78f811ec1003bae6e2c9b68e85abb3,1
3226,1325117700-2fc7813c14a60930094fe05ebba1ef1d,1
3226,1325826480-6ff5c28b61f5299b0e58cead1028eb70,1
3226,1325984880-7a6a915de7e408bab1202484f40305c5,1
3226,1326168000-24b157c1872b0bb469c7a0ee84311625,1
3226,1325906940-939eb5537e236a7dd084da3c5e626619,1
3226,1321169820-a3fb4e44eacfdb590ca8a312a4513da8,1
3226,1323834840-0590bc773cde49f873bab8f84adcc1c7,1
3226,1320103920-5ed588bfa219fad7389e84be9b3e61bc,1
3226,1324089780-0358e31d782aacd624744fa014f7aec5,1
3226,1323456420-1137d96b0ecd1b28cffc7a450c482729,1
3226,1324089780-40131a81ce2ab591a6174f680df0f932,1
3226,1327584600-6e4eafb8deb9a609080ec2ceeecfb51c,1
3226,1326040440-b5cde564a42c8e576b3c588e06fe4f4e,1
3226,1324128300-3f1c4ff86df9a650928b5495c8697f2c,1
3226,1324226520-48be92ba2981be106f7e5af6f47e93c9,1
3226,1325304960-f9b239c237b5eb078368bf4c8940257d,1
3226,1321934340-b00a2b78c60a055c3af8090e3e4d337a,1
3226,1322628720-70b351bebbc08d903bd8d2d1aa9ea071,1
3226,1324610820-c03fd7fee8abccc261f3012e9678d286,1
3226,1320613440-30607750818e8aaf816e34ec1b63fc97,1
3226,1321996560-070690e881e9842ad49c8fc1e6cec0b9,1
3226,1324911180-032101e03cd7d88f40b3ec44b1323aac,1
3226,1321625820-72c179efa2c7f9cca68cf5f7fecf8f5b,1
3226,1327586760-2869bee7185f4580a7bc1f954d6aec61,1
3226,1320469440-1d6a7e0e96825c4ad873d73a993f05dd,1
3226,1326845880-a2715729dd654dd442e2d53b25ba8127,1
3226,1325285700-b8ddb13dc7e63a5afb42319c394a2d3c,1
3226,1323797400-4fe260f6456416f2a9e165c7bc13c6c3,1
3226,1326317640-36304c38c95910e912bbf4cdcc38768d,1
3226,1327727520-2f3c986feb0219abdbbd5d28966fa440,1
3226,1326940140-1950529e6f86f230e86707dc75cf467b,1
3226,1324865760-577eae183a16dd140fc449f56f5c0da8,1
3226,1321649940-6effd30599ea79bf28532dd1115ce25f,1
3226,1323290100-676d18f3a04c0b9be6123e081e7a4f27,1
3226,1325991120-521874c6c1c39eb43dccdfc869aa5264,1
3226,1326516120-a4bb3be2fa8e63a6ff734c1dcbc8f25b,1
3226,1324910700-a516a69e0b13e99ca9cbd8fcbb4635df,1
3226,1326513780-cede390cf857936d9d9b27e131236892,1
3226,1327343940-c73f84fec0a2bc6ae22d2c39dcf47e02,1
3226,1326647340-87c0f798054c96e84807ff8f899513d1,1
3226,1324949100-63b976e7737966c0ae4eaa6a18a417f6,1
3226,1326951540-9a9fdb34cf649c58ba5925fb5f167608,1
3226,1327471620-0a175cd4fdd52bbadb43b22c2105d9db,1
3226,1321233480-7b3fe065ebf632fb6c027739b6bb3500,1
3226,1320507900-8bd4f3afc6c32910e31f86e0d83fc629,1
3226,1326831780-d427d0366010b0950954850c3b51b88e,1
3226,1325557320-bfdfca83604ced73ea303b6fd1c7f3c5,1
3226,1324515360-0b3ddd3072213dbdf022025cf089f291,1
3226,1325475000-0d05e9bbfe2936cb5e1118c4c1fed64a,1
3226,1325294220-7b57b1ca45699ef8f1dd444af1720fd4,1
3226,1320343500-628332e8a2405d0e62ea11f9d1562e96,1
3226,1321169820-824fe7511ec594dcead60c0ab5e6774f,1
3226,1326339780-ad47442dd4d18fcc887580816d4e7f02,1
3226,1327028880-50df73330a78689c4694a810e055eacf,1
3226,1325216940-679db153dff8ea237a65b03a397cb8a3,1
3226,1323273660-081e2d7614da3d23fde940600d052275,1
3226,1326407700-1d83731ece8f85b55f2b24b0486e2d39,1
3226,1323123780-0444e70ec0ef16a4ae2cd23f96bc5590,1
3226,1324855740-69ba2b6a9e63d2925c7a892c2cb21c88,1
3226,1323310800-c4d28ec277f859e9a33b9fe23e69d5ba,1
3226,1327687680-9164b63bc9e75d21c133e856fea06979,1
3226,1325306040-189aa49914ba2fe228dae950543f9b45,1
3226,1324313880-101fb48e6186a19ff426e61f41b900d9,1
3226,1322380980-f09c5f6d3717839d2fc765d673bbae35,1
3226,1322368620-a02b6b9ec8ad6f3ae6d656e27e70f0d4,1
3226,1323834840-d1c6a6cdc9a1f39eb97403ef44f0fd7a,1
3226,1326167940-7a70e091703d0f9d069df96335e3ce7e,1
3226,1325646300-18c23517a593cac8a88237e8c9a20187,1
3226,1325050680-3a3e5b0f19583cae66b31c279216b7d3,1
3226,1322985960-623d779d19020ca5e726caa26644891d,1
3226,1323834840-81b884949d200a6fc0b9f4872fb5f05e,1
3226,1323417660-2a81304b736f88db5c47ac4079223381,1
3226,1326051120-3512476bf7038fed3d6bc829f9210f91,1
3226,1327219440-642ee6898b5c560d8dd7286398ea9357,1
3226,1324156080-59793280a54301a90f8fe4049aabf78e,1
3226,1320534960-1bad8dcf0e585224797bc2ada3b53764,1
3226,1325123940-546fa0bcc7f1d5df4b09fd5a8c928545,1
3226,1324058760-c12547c61f53fb80baab793ab95be234,1
3226,1326168480-f5ef8230c25a9f1d142eb0c06dcf6f08,1
3226,1323317760-db99c4083a0460f19c3a940aabc4a94b,1
3226,1320507900-2eed4a3c5aa84b10c42e78c997c132c1,1
3226,1320714060-f7bfe94ab81d3e88ffd99dfd782d9757,1
3226,1322867460-94333a48e1c778d68117f1acded5eb71,1
3226,1326831780-70e80c7ba6e08ca6d27ad72f9e2c1e9d,1
3226,1325736600-23d7646e728b97ac0a5dac357f2d8d31,1
3226,1323476280-58623b58cec6c398231fc36e75207f8e,1
3226,1326832080-3cce933e151dd00006bc1ffedae28bce,1
3226,1326809820-ddacf2148b381a25ab44fdcf94628fe6,1
3226,1324039920-cf2dd307f90117cefea87c369b1f9287,1
3226,1324050720-48f04f0c7a1fcbd2183ceb5ab617fe32,1
3226,1325050680-20a734f6f4f794c4f8c1d208bfd3e6db,1
3226,1324180740-0712a273d65c8e3ddc70d723f554723a,1
3226,1325285700-548e6a28510fcb6e69b4ea7638bcbb60,1
3226,1325646300-aa8176c4b87d3c6342818f7cec564b9b,1
3226,1327207080-b4d45479f9cebe069b598ecc5f902974,1
3226,1325285340-c18bac17a0797e3a4359a4d13c3a7781,1
3226,1326836700-cef85fc3a16baf39519ec363bba67095,1
3226,1321996560-7f9424f2d625fbaa4688dede41715723,1
3226,1323047100-ccc59819f2dee6e4691cfa19a80a9cb5,1
3226,1326779340-9ce2ae6ebe9f8359fa26bd58a02a6b98,1
3226,1326779340-61d756a6520f2d561438e319ffd80df1,1
3226,1320396000-02d43cea4c0d3ef492564f9f36209803,1
3226,1325978880-b6ff2004ed149294aa120ec4237590f7,1
3226,1324869480-9ad6fcd3042afc2f3e04f7a022f4d4f0,1
3226,1320746220-8b2954abfc80c8462c7f94afacdabfb6,1
3226,1320469440-4c63c9a036277759cfffa33707a6706c,1
3226,1322442420-2bb3d29d51f708dd17436beda9b93676,1
3226,1320746220-c2c13778ee041bb666beb2d4ea4adf4d,1
3226,1320991080-b2362abe69f082f13dcce780eb8542ff,1
3226,1320991080-1272f99d502714fdfda7711da78d95d6,1
3226,1320991080-f17ec9a589c153945a334ff878e4c26b,1
3226,1321084860-685594396cf27a58baed6eb3c99fe9ce,1
3226,1323955140-39cef5a396150c2d3a829e9693b634d2,1
3226,1323969060-1c445a4b5160746a8c3777d446446005,1
3226,1320903660-673b7f8b11893c1609f81cc9d6548965,1
3226,1321375860-fc8087086de43b3a71b595f7d5771cff,1
3226,1323130740-469ecec8092b2a05384ef656e2272a60,1
3226,1325899080-6ef0f483f16065a01a6167bbb9ea5bdf,1
3226,1327032000-17f0ec50e4cba54490783579444e84f6,1
3226,1323662580-6281fa7b7a599d6f84c6e0ae65c78628,0
3226,1320746220-bb1d0b33e2f37e1aed766a7a8688afdd,1
3226,1322018160-40ee81d3cf673e19ada6f8693bc054a9,1
3226,1326945600-1d18db5c50d0f02b102561be99b8b4c3,1
3226,1320714060-6e4ccef18a4f5412bfed873f14f2a2d6,1
3226,1326088920-92024a498942feadc42a20da371638a8,1
3226,1321381200-8305b96a0e4d0780903a41f9c865222c,1
3226,1326476100-b2bcc7bda9e89a3f4c4894b3241136a9,1
3226,1323754260-136fedfb4042e4b1aa97401822f96591,1
3226,1322954520-4da9e98de86c495bc6fe1758b90d63fa,1
3226,1326168480-cc35d2fb80d8a2a3da824c46997a47a0,1
3226,1320312600-fdaf649506c66dc7ad2205043bfbaf36,1
3226,1326513600-d73b145f8217328e0b9fbffb0734310c,1
3226,1321587780-776ed4ba391b1b10a48d74b5712827a3,1
3226,1321846620-0d598410d8bcf08f3e27109368794b61,1
3226,1325050680-14a16291347ff92ce8838ad48bf5b26c,1
3226,1324261800-859e29dbc8a34136d81b9fa2ab8914cc,1
3226,1325168280-fa97e0e5a741e057f63cdb7a5e8cf26e,1
3226,1326009660-43daaf40e4ae5cdd502b7d325d134f9a,0
3226,1326996540-9cacc3e9993dda236608f3b791ae0963,1
3226,1325125920-ccb3f3629f1653951c836e276b90660e,1
3226,1322080260-94cd1a5011bbfefe841d55f9ca177ba4,1
3226,1322706540-8cfd8dbe3cf3774e0ec3c9c66df91245,1
3226,1324128540-29e7312cdb5768816c374b63906fdc01,1
3226,1324524360-6b55ecdd5b50d21f3d07b5c112587751,1
3226,1323130740-f43a3f550c230f0c668031c16a126f7c,1
3226,1322272440-a1cda924e9aa936744d494cc7d4186c3,1
3226,1322272440-51dafd9f946fd4f56abe1bca638184e7,1
3226,1322494680-8b73926af56449444c96a072c208b290,1
3226,1326339780-665c52a89cd7c0156f06f0f31fa0a834,1
3226,1327207080-5b1662d5ab3b599dbe456bbf38e95ead,1
3226,1323738540-989328f6a9131e260f00a47eaf18009b,1
3226,1323662580-10b74df3168977ae529591ff47cd83b3,0
3226,1326587760-67e2765dee428b810e1232b9f4252e79,1
3226,1321230360-ae1d5cbe0bc3e3b2ab3f68e4e612eeeb,1
3226,1325557980-63c5c4dff64e5016d7b6a5eeb1965a41,0
3226,1320825240-35a2f01f294dd2f3e93ac265ce9cbac9,1
3226,1324354500-0889ec3dd5bed1e0fc1aad043411a60f,1
3226,1323872880-ab4b17d5c15d6f604ff9c57e994269e6,1
3226,1326409440-cdba8ddfc4d512b6f2edb2fe0378dba2,1
3226,1327713900-3dbeeadabeb1c1f42f0870f0c9d59cf2,1
3226,1327651320-ac769e3e76b132f8c0307ba8931627f0,1
3226,1320312600-ad12198881b8fddf6d00b93ca4f41390,1
3226,1323834840-db884deda143bf09ec6eca6e74e10ff9,1
3226,1325898480-1ffa8c147c5fa7e7cf79c2dd39dff412,1
3226,1326831780-5875b698d2561018c8b45500b8e60c41,1
3226,1325638260-9aed096f8c270976129406427b8d8e2c,0
3226,1326488040-0ef432f561c32712ad312a2f18ad3103,0
3226,1325475000-1c3980269783e4f26c2eede16947f91b,1
3226,1322096580-78d4314dd38fab0830d84304bd2288e5,1
3226,1325304960-2fd016550405b7b8ba10fd71391657de,1
3226,1326516120-25cdf0cc1841ea2f0b76955c1811944e,1
3226,1326158880-7244c88664323b3c880723e25b875769,1
3226,1320224340-4914d45961bad0ea88af69c1111d471d,1
3226,1320224340-3973ec5541802f7c7270233334cabfcc,1
3226,1325809620-f19ddc4ad456fc53d7fc5c0511e63ac8,1
3226,1323752880-97d64a1a7f5f797997184f1f4b801672,1
3226,1327121400-b3bf31ad9e4e6da42300d403e85c6da3,1
3226,1324785600-07310509b36fa69a1a84df0231a5d049,1
3226,1324516020-9caf11d2a0843a5bbc2050164ca19e63,1
3226,1321761240-d878ce04bb81d1a7392462df96de668c,1
3226,1320746220-130f2e4f03dd2c8e46ba1fe5db766fe3,1
3226,1326951540-3a24acef20ab6985de82d47da29dd90a,1
3226,1326516120-7a00fd836d95fa8068042c2f27c29107,1
3226,1324862700-01a4157163e1c286c3501ad9d9f95b66,1
3226,1326258840-40f275b41eff16288a15b293fdd266b1,1
3226,1322987040-13fd2ee214b97969164d5298d6997e55,1
3226,1324515360-0108cc865c0c98827f1b204133141ff5,1
3226,1327219440-837e4bffefbde72ae7177e1c411a019f,1
3226,1325628480-bf9a432eb4daeebf2c9acebba5c3b1ff,1
3226,1325870340-c12a5cff9e6337641d04d0e4411a8e0d,1
3226,1321548540-8a5f646bd797f5fc7e40659dd26f863e,1
3226,1324332360-a151b51b09952e5761b2ec264a69250c,1
3226,1323892800-96180fc7b4609df7f2849f327063a5b8,1
3226,1326127980-b8b0659a56d61d1e7ba9795153ea016f,1
3226,1324050660-73830c23f88911c708cf08fa4899fd7b,1
3226,1321996560-0f76f35d9d85f0ff5f74b5261c46b06a,1
3226,1321407960-85fb8c8acd6c55d6e391959552b95b6f,1
3226,1324715040-db8bea4f07bc6234c266f95b2cfcc76a,1
3226,1326516120-b7777d06502954e85511ca9bda95dc9c,1
3226,1325562420-2b0b4adc7d260d0a95f33e9a2002fc60,1
3226,1322380980-3a0447310f50479145aec66ed81ca0a8,1
3226,1326342060-19d8f9a8cb3533dbb3820cbc9a2eb921,1
3226,1327725540-fb13a2d8eca81cb0975b89e3f4023638,1
3226,1323921180-f56f6656162804830d0dc97006606ab7,1
3226,1325639040-b5dab9dff0deb1267c988ff174db5f25,1
3226,1326516120-9c29878c5eed9aa9eebe223b5513ad9f,1
3226,1322096580-6cefb4198b4cc6e9eb9c94fed3ebe3ec,1
3226,1321846620-9bcf7455d661ea82e6eb74a201672bcf,1
3226,1323176580-162027f971959998fbeba1c513ac20b5,1
3226,1322018160-9f90afb9a81ce19a8dccf2aa38f82273,1
3226,1320562680-f0e0c2d55fc0bfcbf3da54443e2508d4,1
3226,1323331140-2a2d98e8c9d6a563fece040ac6b60161,1
3226,1325735700-196c18b2c5920fa8e471e7f7255f07e0,1
3226,1324002060-67b07d2aaf3e8f95c68f5b50a10052c7,1
3226,1322096580-5ee7b3ec1e69e2d65dc837351e4290c4,1
3226,1327219440-d435cf0b44888c62847a690f3826135f,1
3226,1324610820-71ebf3eb18135a74b4e7d8bceb61650a,1
3226,1325206320-43db4c74fc07c0a3269228124667223c,1
3226,1320825240-a539315f31b4dcc725d56ba0d53b8bb0,1
3226,1327032000-854d4201e0520fed31a88e2ff2af5d96,1
3226,1322207940-08bf96c675f33df563892a23a5510700,1
3226,1322708280-9ed251dfaa5018e753c9c66fd243055b,1
3226,1321846620-7c7c93e18f228c88a3179ca53c1f9cda,1
3226,1321169820-6e821f7c9df499c37d6aba605358ca2c,1
3226,1324267260-f1b72a880eb95e0f1520deaca5c726f9,1
3226,1321603440-cb5af162f74510ecd743ccc8d07c6f89,1
3226,1322539200-3d286080bab692e893a021e7fc142e48,1
3226,1321587780-75ce2cf9a36af5c3e73f6760877b9ff7,1
3226,1322985960-6509854635182fcb376c92809fc4d2c5,1
3226,1325231940-5a2a32df56a7c50c910efdcbf01e90cc,1
3226,1321846620-896aed1afcaac5229d903df7ecba503b,1
3226,1325735700-647ecfda92e4b484ea379fcb955c45df,1
3226,1325808660-d948ab98353a1c38dfae2032d57cf34b,1
3226,1322279340-572ca28be35461d7bf9663c4040a6783,1
3226,1323834840-24ead5adea24c437c1427022378a3471,1
3226,1322873220-c62f178e168526fa508b390c344b0d8f,1
3226,1326426180-286ec16df32f67a8d7a16b2fb89f426e,1
3226,1321161900-0a587638194739eeaab9e91bf757187d,1
3226,1325824680-fec00f29ca139de50453bda52138eb02,1
3226,1321938120-dcd7508d75a56b605c2641c21b8d178f,1
3226,1323921180-25b147615a42047c7527898f7ef1e0f9,1
3226,1325646300-bf8d0efe9d650168b699d5165b36e34f,1
3226,1320507900-320d628bcd890c7da62eebeff02976a2,1
3226,1323130740-7a9f1122068e31167a69c60cd5d1f13c,1
3226,1323657240-8279e2d334c6fcb8421b945e8ce6b7bf,1
3226,1326165120-7f02f0fac246a88bb1bf4f65c8679717,1
3226,1325192280-be90c811d1d13e37326653006aa2081e,1
3226,1320805920-59371e3d3335f72212a3560862cec534,1
3226,1325174580-0edcb3437611eea740594a0a459f0b9d,1
3226,1323819960-0532b3aadda117dca164d10968628073,1
3226,1321734780-a09fa6eaa3ae08c5126b99649fbdc86b,1
3226,1322159220-7377f3dca62521e210e1cc54f3408f5b,1
3226,1327374120-91ba4cd7a8921ebac4814aa3ab838876,1
3226,1323819960-41b7ac17d711ee8bb3e738725d5f68da,1
3226,1325781420-4ef888e957ac43fd10e7d2e590cd35bb,1
3226,1325647920-5d51657bbe43a2292bebe1ea2929d924,1
3226,1322695680-b2a1a1533c48452b9c7de854ca27179f,1
3226,1326749700-9e41aae3ab5eeb3f7c0b13e85efce5eb,1
3226,1325899080-1d5e7f06fc15873758da3e1d1544d9e1,1
3226,1326474120-7604dc85f0c9d5af21d574fc59e11427,1
3226,1325108220-314121d0f31e3848a50dae0bfb61da1b,1
3226,1324523040-97e58a679f9f4fb022b34ebc237deaa3,1
3226,1326330840-574288c01e4c7e78c066fda2d2998fd8,1
3226,1322442420-57606de6f18ebfba9513b9d4f95ea69b,1
3226,1326258840-133dd1203f87e350b6280eadcff75d44,1
3226,1326249300-a7897babe5b54a3784ca1702eda2e004,1
3226,1325271420-fceace955dfa0413b2aaf91d0fc9d3ed,1
3226,1327960440-37fdc0a9ab9758a3fb83e72ab54c2cb0,1
3226,1324428240-9e3cd0d3a04981f13a507bc9cb301429,1
3226,1325809620-868932c64b0561365aee850d76a93860,1
3226,1327800660-63ab4f2df171f412be92ec116c706064,1
3226,1325291100-4a5bc27d696b3b2a35a7f505c74c7fc9,1
3226,1321995180-4d5d99e99fc2f9b076bd36ea46d837ae,1
3226,1324785600-bf83a463b6b429644bcffbcc41e0125f,1
3226,1325297940-defebcd45586e8ac5f6b368cf54e7b2f,1
3226,1325304960-c2492635bd368f7aab82b444d1c0983f,1
3226,1324515360-93f75b0b4b74fe3df205f3f1ef34bbb8,1
3226,1324523040-af8e2f1c781233657c0b3221d69aeb30,1
3226,1320800160-9c50de9f8139409c7f48b01059374957,1
3226,1325394120-9708071daaec0add206483094f13901c,1
3226,1327894680-a25aa3ff6e249bf80a4f27e806aca084,1
3226,1322708280-9ee672ab18ca0e0aba292e6e32ff7e2a,1
3226,1320967380-19d2c8829832fcf06203f4110349ce5b,1
3226,1320312600-919dc183e22c564c5d8cc2da40da6d20,1
3226,1322985960-30c7056d3c9cd114d605274a3ca25c40,1
3226,1323296220-17a0c6cd2f9e78079e46f00537b9654e,1
3226,1322854860-8126f5780f2045868be2ae74c854cede,1
3226,1323403260-2adfe554c1ed02fd9cec17c3b0a6953c,1
3226,1323217140-37c4b65c92473d081c82ba2f482d4adb,1
3226,1325108220-06d55c3079afe7f2d84b48222609643e,1
3226,1325647920-78c1c692832b37f20f28ffe7b9067257,1
3226,1322092920-7e9589bfbfa21c06d282523d9ca9f8fa,1
3226,1326832200-5c302accc3869bb9276dfbe3f4f7b159,1
3226,1320746220-169477b2c543cf444d107e479881bafa,1
3226,1321559820-778927782557a086976ebe596170846b,1
3226,1326809820-7b0abe7336d7dc15367d5a1d13121521,1
3226,1322018160-396c19a6ccf154b630ec391b1d21950e,1
3226,1327452900-4f6cd1a8f6b70b769079a83f76919991,1
3226,1325294220-1e94f064211d77de14b64c97c8ff8c89,1
3226,1324002060-990a4fdafc856b243e74ea11d60b35f5,1
3226,1323481860-297722c80a7aebd1ef4a8f5e4759510b,1
3226,1325121000-163782b98dc2a91abf613bf9b08e55b6,1
3226,1322018160-cb44b278639472afe65f9d0e2d5f32c4,1
3226,1323704880-8207e0f7f2a3e7b02d104619ea7d7e5a,1
3226,1325319240-d2b81e0214e7fede8bd65b4d3feb7046,1
3226,1321401600-020ffb4b87eb95be09a48d5e172f80d4,1
3226,1325641620-5a0cfa39998964b8a300cb039256bf05,1
3226,1321594560-f5a20047a8604c1e4fbef477bf64787d,0
3226,1326294600-98bb336e722d6dea14282fb3fd7e5a3c,1
3226,1327672800-600bc4735fea36dfd1f348b523c219d6,1
3226,1323532800-83129a3fc661ccefc9754c007f5b6125,1
3226,1325302620-88b14a862df7401a6bf4a54e5e3c6234,1
3226,1323738540-df701387778a4a392c5088735e287cee,1
3226,1326342060-959d45e430c7e84179dee9af2d47b1d9,1
3226,1323738540-b13f8fbe6f58fb16c96e25390861ffbd,1
3226,1323892800-7396e8afa142e23e8a0817125fd2a690,1
3226,1324322280-285611482af5ab2463eaa6bb7b2131e0,1
3226,1322873220-799606c3187240b24dd52e0a4fc40c2a,1
3226,1325557980-253b59a118adbedbac755f639eec9394,0
3226,1320883920-f4cfa47da6e33d91a06fece4dcfde4ed,1
3226,1320312600-da8e0bfca06b62ea8757b876e2095180,1
3226,1320886620-196c56401b66bba843446feb2b9a9a77,1
3226,1325636940-bece8daeceb9d52bd4f41bc743a7d6d8,1
3226,1323456420-12ab2514772608259cc524b8b1813680,1
3226,1323143340-860e6cdecec4fcd8ec77d319f5f6d584,0
3226,1321567020-b3d3373946eff6f102ce26121c6259b6,1
3226,1325034840-6643e325566f4f2fee810bc90dfa9008,0
3226,1326832080-48782a5812f1daa8db7b0ffaeb462566,0
3226,1323143340-2f40c4b270bdbc330890930c9e69c468,0
3226,1325475300-bf0d864f710e84311c3c4605a1c31436,1
3226,1325727060-d05a0883b22ff9eedaad9c25e4c31a5d,1
3226,1323976980-f95641484cbefce3371145901afc0f24,1
3226,1322092920-c1a26dbfa98a70e411f27d1e121d2c87,1
3226,1325916720-2f47bd07e888fb81db94b2dd5ba9d218,1
3226,1326417660-340f1ab81bdff52fb1c88b37787bb29d,1
3226,1326422280-f9c28a3a3863003c5caf3ed63625f9f9,1
3226,1323738540-624154d1dfdf713d35e8793cda87d20b,1
3226,1320312600-fa06e4c40290752aa08a6f028504d7e7,1
3226,1323921180-3186f150455f3b1ff1b25e92dbaa73f6,1
3226,1321169820-dbf5aac99a6103607001b3066b5eb8e6,1
3226,1324270980-8fcc357770e982fdf63968c9a75f3e23,0
3226,1326334440-53b2b8762051f6e2835588c0a8796c57,0
3226,1327569900-286048603c11d7438e7eedc238fc83ee,0
3226,1327706700-391ec3951f76b97917ea69f79bd102d1,1
3226,1324697820-b8e99fc4692b9da89d862471db5cb195,1
3226,1320507420-8f83fcee231510802db978524a7feb9b,0
3226,1321594560-fb5ea05beea51ca72ce8f6eb9670d717,0
3226,1322525820-1f103d2c3097bb4a5bd1736d937e9331,0
3226,1327105800-d2120f594eae09460bc92372b6fc4b93,1
3226,1326258840-c275fa812fd4356597527a90dfae2a5e,1
3226,1324787580-68225fc0898ac736ee533dada97ddfe7,1
3226,1326083640-2b2f4f7e05635382315073e41885c37f,1
3226,1322509620-775f8baf81229e88676e34781112ce97,0
3226,1324528080-6923c84f648c30b8fa70df46c3f75eb2,0
3226,1322018160-2f029e4719424f1239f0cef6925a7cbc,1
3226,1322018160-01286feaf1494624610faead80c3ad67,1
3226,1324761060-1a4c7d270b640941c8abb9c1321845b3,1
3226,1325059260-fe445fe48b9fab6549a4f1976268db5a,1
3226,1326503940-da82b78779c7abc94ff3b7012a24cab0,0
3226,1327219440-283745805ef062db106a966321b67f99,1
3226,1325177280-fb500be025dcfaaf269943539c76f648,0
3226,1323233280-f54a94457654b12fab4092821fe5f335,0
3226,1323139260-c9d10778e5fb9fc157716a01802ac25c,0
3226,1324268040-82a3d10584270de05617898311402e09,0
3226,1324268040-0e9d0737b6e5abd3a4d19ee17ef6ed89,0
3226,1325557320-0cef177669237651209babd82fd4eb78,1
3226,1321658760-f62f5c2b5fc71a4bee45e79d396a1884,0
3226,1321453440-68e6fac86597b33d5a03c6b71a3a23bc,1
3226,1322380980-a85e1f3a1f48b6c1a7911637ba2f67e2,1
3226,1322792340-996279c15a47b784dd7d3e0e83b65a94,0
3226,1320825240-58b9750c4cf0e91e48aad7f046e24cc4,1
3226,1327219440-c9b92d24deb712f00319ee8179008f4f,1
3226,1325615640-9c25d14a02f9afa206c88513e3ee9c96,1
3226,1324863660-4a7cec76c5575183dfdf00e65cf9a54e,1
3226,1327633260-47470b8d760d68e9afcf54cdce6d6d6d,1
3226,1327125000-90e68f3018868206c506f543752ac28f,0
3226,1321978560-2dd3772cad1290497bef8ead2ba9800e,0
3226,1326096060-8523111b8407d291b3b1e92bcbcd48c1,0
3226,1323840360-b28e9f7b1710c913af07d2ceec7bbcdc,0
3226,1321761240-1e1470ab192873c88891e028a2d8a8d6,1
3226,1323863160-64c28952a361f8deabb73dc91bd305d1,0
3226,1322269560-85672b904f2c3654db18121a9715cbf6,0
3226,1325034840-94545b8d13b24858db9b2510171f0145,0
3226,1327036980-9e5390b66b8ad4df7369e04ea082cbe1,0
3226,1324614240-c3c5c3c946ebaf4df55b9a4e9fa952b8,0
3226,1325666700-6a4d85d0a8e6f78dc099e38c2b6b1171,0
3226,1321924260-5c0ba09a3b2c981b1aa6c68d04abbbe5,1
3226,1327375620-11b4189c60bd222466811576793c3337,0
3226,1326415020-c0e21a669845eb54e80982b53b230491,0
3226,1324195260-4f53be702447bac7d75cf7d8c7e5844f,0
3226,1327448880-7328c76b51be77ee4e6c41b4666e9ed6,0
3226,1322812740-471dc8c7ec1c60ee73870350c10c7cee,0
3226,1320354900-89a712190cae330b110c85146c1d18f1,0
3226,1323589080-fe235e2884e26e0d548aa5fe4f38df07,0
3226,1325538960-b5c84203c696b01fe54564898e7e3ca0,0
3226,1326508980-2e0e3e2261b9be502c6e5461dd5d5ef8,0
3226,1325867460-931a8e8f92f3f0578f8766f50a881324,1
3226,1327436640-3f9632e94916b0cb23c8a4d9e2cbb929,1
3226,1327649400-2acba461de6c0363f6e72776cb1ca5af,1
3226,1322586300-7473ede12e90f41a70b9719495b8aae2,0
3226,1327356780-cd2af86faf82d31d203bd1e0e02512f5,0
3226,1328019540-dbaf9beb32e101f08ee04ad5cbb6572b,0
3226,1323840360-70b86d041961a5eff9605df856d739ef,0
3226,1326432300-c95f1e03c912fe4e47cf6b1f71efd612,0
3226,1324534440-1d3a22769874226d5bfbdd6879112068,0
3226,1324994040-341c3d5ae56f2f36a3f9f8662dbe6fc2,0
3226,1324610820-878ca3be38674d65c615d29f3293e00d,0
3226,1326121380-2f214f1624769530739df509dad9fcc3,0
3226,1325075100-1cbb470b81316e987db6f212fd88f630,0
3226,1325751660-1c361df4993a854fec8fae38e3ba3f60,0
3226,1321677000-4c6b917b8dff1cb4f45a4ea22a7d5bde,0
3226,1325610900-957a8e29d637653e3aa61e6e23f3209e,1
3226,1323116820-73b2c49a09fe386d3efb8d3571715da5,0
3226,1325475000-19a1633fa942f74fcfd33c558d315f96,1
3226,1321658760-9cf23bfa8e73005795013f88498fb5b9,0
3226,1321176900-b76ee9aae94da6799555851a601a8c72,1
3226,1323840360-2b0f50a128fa34f229843c628b5d0360,0
3226,1325428320-aab09ef5c81c6d826eab73ac84e815ed,0
3226,1327714140-3e137ccd508cd092c9bab4a8ca517cd1,0
3226,1320822780-6818846565f33765a8066192f601522c,0
3226,1324639800-2f5071c5dd530f82321a0c97a50d9a5b,1
3226,1325704140-58fa3d2240763d4675e00c9b8bb6fe4e,0
3226,1327287060-17b30e81e316ce9500d8f68d664c66ea,0
3226,1320868380-b0470215ec99fa050db625ec26d2915c,1
3226,1325895300-a732ef606850f6bce615be90c7853a19,1
3226,1326429780-177671fabdfba76da55e1c0dec75d6bb,0
3226,1321482300-7eacebccc96a8c4c8798a962a2162c79,0
3226,1326654600-284ffb1daa4391fe3ae30ca90ca7dc57,0
3226,1327701960-23942162819002cee8b37076013527b8,0
3226,1324428360-cd4756de1a1b5273241f1cc861c5b492,0
3226,1322740980-0c779ed857298df5a6bfc5991775ce0f,0
3226,1322664180-c06266ccdad84b82710674fb436744a3,0
3226,1326378360-b9f37af9b38d95b1206f528c1d79de6e,0
3226,1324676880-8269f0315aee847e29da8fc02458a90a,0
3226,1320747360-9a78640141c56dbbec3a77d1b8f545c0,0
3226,1325788080-6d5319f0d2c195974ca974d2a41943ec,0
3226,1326415020-47bbe51768c1a10d80c60834c88d1869,0
3226,1321019220-d1e8e22fa93bc4ef63b367c12189818a,0
3226,1326575820-ab03646858322255490e25cb18544a00,0
3226,1325610900-ffaa32634d2c261b7bcd8987b7965441,1
3226,1323314220-269ed155490f18e7e7b41013f9eaf106,0
3226,1326896400-b88b32bdbb8dbc5418fb1535267daac0,0
3226,1327542720-8244b870279ae58794df4853b247d052,0
3226,1323611640-709b2c3f9ad35471d0a7ea066202402f,0
3226,1325262420-a18aa49ee1e9ee6dbe54a3b5dd9be2d9,1
3226,1321643280-dd1c120c0ae249da475456f2dd8940f8,1
3226,1321031580-ae0423e6ad84e911b22919f15dbac931,1
3226,1324993620-c20437529319593d87e7f643e758e3af,0
3226,1324397340-cf6841b5c182d7ecb59875f7c729a63a,0
3226,1324533960-ce5f630d4b64cd032434387ec4e1bb30,0
3226,1320941940-ddeb4b67e6dfd491117ac597c242808d,0
3226,1324328580-86dfea8a23ea7aaa53ea9ab1b23e1a30,0
3226,1322292540-66d4b50c73d0dd85a5496732c1568f05,0
3226,1323636900-c543b50936578b68f11022d363101a40,0
3226,1326597240-d459f01c5c7bef4518a96d8ed1c616e5,0
3226,1325557980-7c40a784d7132549d4902b682f57a2f7,0
3226,1325044800-32fb5e422d7527b09cf36f98bd7a69a4,0
3226,1327980300-1a81bed12aa343e65f486d1c31e356bd,1
3226,1320821160-3d9a8f6fc636bedb9c22b64c47fcbcab,0
3226,1321423620-dbb728b85d7103eb227120591a8ea30a,0
3226,1327609500-1495cec7ff214ce66b361533449c2ae7,0
3226,1321660320-fb055ae178128bf9d822ba1d0680ad99,0
3226,1326457200-3e2079d0852ffdf2666745a40112ae4d,0
3226,1326516660-3b72466e4771877a54cd0dc666c2565b,0
3226,1322792880-b28c55d1a1dd5c32da88318edec777aa,1
3226,1321502700-4c3578438b4e42da4926c90074023ccf,0
3226,1323308220-65557f147140bd15d611b9fae4e22400,0
3226,1323840360-6a39aa6db5226d186fa29d29a0450f42,0
3226,1320564060-5f1cc0e5b2743762c83139d9798c08d2,0
3226,1327302540-7aa1f02ca0f7bb5b608879e6129de15b,0
3226,1325941980-b61a2472a9d3f4679ecc72cbdbb14a6b,0
3226,1325869980-42789ad71e30b890c1e7c67d53741198,0
3226,1323702000-99c22a3a2479609c26c8a28f467680df,0
3226,1327491780-00e3cf88fd1ccfda50682337b856d4c2,0
3226,1326385800-c9e7e4889f1838106fece610b0147809,0
3226,1322179440-05c696fe02ef37c40836cbb50da3b453,0
3226,1324223580-9dbe1137a8501eb54d21c44b1bfe1ce2,1
3226,1325394600-4e15491370373449c8867ae7d7f5c914,0
3226,1322247420-f29924ae4f05ecb075580a954c85c383,0
3226,1327540080-f639bb909f63a1fefbb90af6a6b5c627,0
3226,1326725520-2306d14ca5689df22a74cca6e1a1eddb,0
3226,1327944960-d173bb54071acf4b8c35e0f0a972d896,0
3226,1321311060-c046c246c5e43e237a0124fd100897c5,0
3226,1321054380-90d82b24d27cd7466ecc3903a43d4827,0
3226,1324541280-3eb127abd6c35156bd5c52420404be78,0
3226,1322582640-1808a0d9c4c451c8ab6582411e311e4a,0
3226,1326915480-19aa095ce08dc85868619f59054860fe,1
3226,1320452040-a4242aea6481a084003987de747c9742,1
3226,1324234440-d1bcb62bf4643639219c84968ec6272f,0
3226,1324571640-459e8b488eacfa2d11b542534f343cee,0
3226,1325557980-4b459fa708479f38c110deee09bee233,0
3226,1321567020-230bf5c08979288e0cfca394049cacce,1
3226,1321636440-0ef71f8cfdfb5935313b03c810caab3b,0
3226,1327710300-98b3ff164ea27c5efebb173b6bfc9596,0
3226,1326686700-c6776e2d13aeb093cf50d5095bdb5cdd,0
3226,1327287060-ccbbdb434f43c542758ee0e4f700fdc6,0
3226,1327471980-1ab1fa50de4b29b312273b599d929984,0
3226,1327737660-7b5619a2f3251a7fe59b9267f4cd7240,0
3226,1323206700-6cab767cdd00e025effd7dc9db23f3d0,0
3226,1321464180-704a70b91ae57561300ba2dc6ae5dc1f,1
3226,1321470840-deac6cf2c5eac6831344ea7783410093,1
3226,1321888740-c646a44ec8501623ad4e094f43a73c42,1
3226,1325701740-2acc08a39fe80c3eda039b9e98a46bf7,0
3226,1324195260-4b34124edfb7caea264e3810a2ff1617,0
3226,1320562680-02edad9b8a88495ddca69db16566378f,1
3226,1320767700-6ff69e6ac93d1aec3810828aeabbc22c,0
3226,1326703380-4771c29edbb013cb45ba47e6deddd50b,0
3226,1326977580-3fcb6257358fb01eee679a8cb0d7125e,0
3226,1327322820-34ba500b6fd9b20f53ca710508165cc2,0
3226,1323890820-c5dda20b2bc322401b38493deb01fa5c,0
3226,1321753980-63ca1b2cf44c70a43a8e06e3734eaa60,0
3226,1323178380-18c7e7c591d2e566298b1d02d3ee1c70,0
3226,1322962020-a28136e7153f447cda1bc7004825dc2d,0
3226,1320352200-64de7256cc4bfa70144ab91091616adc,1
3226,1323463140-c0919d547f0db5dddcd3dc622cdf78a8,0
3226,1326746820-60c8530b5770856c989c6715b3f6348b,0
3226,1326615720-f21450fb66f891859ef9bd29009dae51,0
3226,1320680640-2aaad929dfdea2727ddbff46e9e64bee,1
3226,1324959000-d2cce1e25aec805d6a32b40461da5029,0
3226,1324427760-805933b612ce63e7e1f1115a36113dc5,0
3226,1325720040-2091fa159bbefcf4aaffb8a5fec956da,0
3226,1326927840-81b6075259e86dcdb00bb3e0a5088430,1
3226,1328053500-17615508b620a72b03d827cec4b4a59f,0
3226,1327237980-44cbd4cd6d9294a1d126648c93ca471d,0
3226,1325807520-c3baece3423e40bb9372cc6c87cc0e9a,0
3226,1325034840-d29e5e97c8a3ecbb5f01028f498a800b,0
3226,1323913680-2f8f34a21bd9fac9aa051c96335eff6a,0
3226,1325623380-f5a57097164b0bb11cb42945aa777f17,0
3226,1325103000-f508e0ff9861947620411194aa95300a,0
3226,1325233380-a1d59f83ff212f273f5814fd41c6b74e,0
3226,1320341100-4cdb00e4960c7f5ce241f938da98f4f5,0
3226,1322757840-1e56992d759270a697842024c07e2e95,0
3226,1322882880-a87fa2ac3e14da6fb4ef614f51bfa64f,0
3226,1325023800-8c3de2e0c62c465ba07f306127390cfe,0
3226,1326140820-8759397ff3311dc67d3028b6e8dfdd4d,0
3226,1324412340-29095bc6cbeadae732723050f4c8379b,0
3226,1326902640-d92fb9aa4bb382a079dcdb7ab6cb7b47,0
3226,1323662580-94763f3b02ec1bdb1d5113ed237ce382,0
3226,1326227100-bffcc78e6e8cd6048fd3a17b44d92626,0
3226,1321599000-99464998cfd48c6a1dec2163a0f0b26a,1
3226,1322574420-3833c15765e5b401ab5f92df82a9e73f,0
3226,1324875120-c2bdbc96f63662c2bc75b97e2dca4fe2,0
3226,1325044440-da62c8ca7e68e4caa299d0aabbb1ff78,0
3226,1326859800-8620532a057b5bae8b26d135b4c577af,0
3226,1327411980-3439ade0513c72b1a4711b2192835a70,0
3226,1322579640-4fa6bdcb5bb6cedec3f51b74df2aef0f,0
3226,1327500780-c7cbc6b349cdc5718013fb5b4ff6b940,0
3226,1324431660-1dc165ba2fd963629c1e3467dfe29250,1
3226,1323138780-286f5e972ec7825c7648a0e1e04f7564,0
3226,1321541460-9c26778cbcb755a49dad84c63ce91482,0
3226,1326385740-5634edc557049df6d3cc3a4f60508731,0
3226,1324548000-1980d8244a0fef65e05abe0c1d49ffdd,0
3226,1322845740-48d44d382aa7fc6a864b0902ec5419a3,0
3226,1321908300-132e5b3f141b29591ac82cd823dbe9d8,0
3226,1325404800-a3beeda70ea621e4e299f0aba028043d,0
3226,1327116780-20a701ab58e5a8cc69aa443ffa562f7b,0
3226,1327878420-73b47d603853c00fcd8905b1136e57fc,0
3226,1321541460-3ac7b67fa5da7bc68f90463aaa09fd8a,0
3226,1324183080-a79bf7929e959ee7e6fe4f7462018a46,1
3226,1324344600-83e489ff1df018cabc17b2189f08a5d9,0
3226,1325895060-4a1b7ad49f5ac183321d365ea3d6649b,0
3226,1325044440-0b76a19f6f3dfc1b6244aa87c4226818,0
3226,1322944680-c5815a2efb8b1a99d4a8d0ad5ffed666,1
3226,1327427460-8c0057905b64abc7334e25bd6b1ea29d,0
3226,1326141360-9cbbc650d8009625d432eba6bef19806,0
3226,1325941080-af7a5d7d04b644c566ec74f3e8d82366,0
3226,1323965940-44a8eefba4252d8c351ee082028105b6,1
3226,1326428940-152c914949643021b8570652d2666730,0
3226,1323350280-ad2ccc8503236a09066ab31656ecf008,1
3226,1323983700-b0cabe2350d37ded648b25630a05a970,1
3226,1321939920-2c21bbd0227b4ae414b2a0b14d657677,0
3226,1324750380-87a0bcf64603d9525a152ed79148edb1,0
3226,1327478340-203275a15d0cff130dc1997f29676400,0
3226,1322251860-54d381f062e6e2cff41fe020bf5a49bb,0
3226,1323740160-6b6d71bcc5a3ebc35a93e0a4f92b65b1,0
3226,1324500840-55969262e6079692afb2d308c8a4d737,0
3226,1327651320-961a76f00858c9ad49c4ba00a13b7c8d,1
3226,1321031580-b7e9cedd17cc4694f693f3c0853278a5,0
3226,1326317760-6718e873e378775669a13dc4623c06bc,0
3226,1325278680-ce9b6730f945e0162729926b9512f527,0
3226,1325700420-5967b29c14f54d37a6a804beeacf9f55,0
3226,1321396560-9a03e03988bc069f54b75cdf165faccf,0
3226,1323221400-d9c981a6a3fb93c3a267ce75bf096870,0
3226,1325173920-8e2b54d21cb1095124281dc08e01e909,1
3226,1326860640-91da87df9989b0cc7fac32b6e2fbb463,0
3226,1320890580-033ae2eebcf56bd7f333c13e6700fa70,0
3226,1327102740-44f1ec814aa5bda8330f6cc1cf609c42,0
3226,1326154380-0726f429a6b7e9aec16a9a3a03632494,0
3226,1326826500-53a10c99a07db465b9d55fec75ccf83a,0
3226,1323994980-631b1aaf3903a3721cd57ddda042c200,0
3226,1325037180-9f621eb327591495720b160616d6c925,0
3226,1323746580-6958b1a1453538ab55b8905400731042,0
3226,1326292560-f4d718a8809b65040adfad45f068dcd4,0
3226,1327600800-8da8dc9d1404da46615947c63729e53f,0
3226,1326385800-50aa444ac7202434bc326e04eea83c5c,0
3226,1320987120-9f02c58c18965e1fb6ee69843140eafd,0
3226,1326752040-c450f908287023af62d9a174efe395a8,0
3226,1323316500-630fc279b9882fc22ec56463264e62d2,0
3226,1321266240-784e7349f192782ffdb4ee8834c0071d,1
3226,1321544460-66ad1c08337c69d3eb38e189338ba636,0
3226,1326939540-f312df498028967a812ec65cc59314ee,0
3226,1327969200-753f616749f671d9a730b454867fd960,0
3226,1323700920-99c6192f9178d5b2a6f9815514836917,0
3226,1326860580-13884f3962e0aea710eb0763f2af61c0,0
3226,1322952240-00e79f6617af94d0967e9bc77118335f,0
3226,1326422280-b158be5184356c6a9439eeef879c5778,0
3226,1326164400-ad93e6e36d8531c2a3dbbc8739b58ae1,1
3226,1327342260-6676aa25f1c4db40c3caa87cf57588b6,0
3226,1323361980-ab1488fc79dbff395a36f83dd0ab486f,0
3226,1321636440-115862e28f7ac14a174decc2a554403c,0
3226,1325910780-06f6fd7fc47f6543b7fd38d0507ffec4,0
3226,1327523400-6a38ca9b20dc07eda5226d70b986a100,0
3226,1324435800-46459a364b2bf04267cb14e65089cbdc,0
3226,1327560360-3616bee02f4890b83482dfa96c3d3f56,0
3226,1321398960-f64b027cf2fbf6d4f504f46b278567e7,0
3226,1322225820-af489d0328fff98fed03d8c15866a6a5,0
3226,1324690680-8a12cd7da23802bfd8a0641ddba4c45b,0
3226,1324493640-c914faf358ebe96aa65b6c79ddaa49a2,0
3226,1326415140-8722351f2e0e2f418047011369ba31b6,0
3226,1326686700-d50ec40c531ff4357d2a005e2cd34fe2,0
3226,1324134300-2e8f28681f4d12a3935314daaa89c4f5,1
3226,1326946860-f42bf9120ad3c65aa6831af748b2cde7,0
3226,1322771220-7bf9641a5a79abb2ebeb6b1628d7cb14,0
3226,1326033360-6bf5f32baf7491c118d64b634ff94ea1,0
3226,1323728400-cbe6e5418d6562f7a18ee739c3e67659,0
3226,1326957300-6c825d5b65076f99c763c475599aee88,0
3226,1325485500-28ae79841010bc132cc7dfc86cad8f6a,0
3226,1323849660-c44f37a6e020d2bfe6a0c35dc2a4be1e,0
3226,1325295180-b8dbf0b77067f72899b3e506b970dc93,0
3226,1320718980-cb6393d6349e014ba5f1e5a088685210,0
3226,1324688580-7d9c962ac0fe266dbf54c53fe98d923c,0
3226,1326851160-0e47bba811d64d7b049cbb579ae2c3f2,0
3226,1320325560-fce7662e2fba7432892d21138946ea51,1
3226,1327839900-72e1e62778e69906721ee34f876c5b67,0
3226,1324012980-00ac9a1fe27964bdf7e480782ad2bdfc,1
3226,1321418400-8d877f19eb25b8e96c7653f714c4d67a,0
3226,1322317080-0c8272272684c998b5c546da9bedca44,0
3226,1327527300-c0dcd746d49e61103ee5cc22142fea9c,0
3226,1323267780-3548c9bf6506db4408ca4e0b46fbc44d,0
3226,1325855040-337f47dc8f31707c4e9070126df8e57c,1
3226,1327287060-cf2446de896534eb734151825a0fe3f6,0
3226,1324268040-d108dc26e68b99fc6b992853cfe306b2,0
3226,1325377200-b8565d6b8a9f78ed68905ca80fb20f0a,0
3226,1323647700-58b5392a8ee71477b8faed880cedbc4c,0
3226,1321506900-f7a1f243532ce4e1e8c4fdf370a5a3ca,0
3226,1327440120-c8a3843e9fe80e1cf33626720112ff7c,0
3226,1320718980-61820202458f810b8e093db0c8254f27,0
3226,1326509340-25094d5a708325521867868d8270d82b,0
3226,1320441960-da104f7496957ebe0ad0a2b6ae64c27e,1
3226,1325857560-6c790b7961034d77468f515194ec1b44,0
3226,1325229840-8afd1a04cbd1de98756dcf400df32cbf,0
3226,1320828120-9377be08ab0ef1d9af1819a8e5a89583,0
3226,1322633100-060b909c331ec8b066b7131f9ace304c,1
3226,1322794800-6c183ce11a59cda8e3d0a75d53292d9b,0
3226,1326495120-808d28d7f008535faeec31a362fd0fb0,0
3226,1324015560-670607ac351d991dc8000e34f1b08676,0
3226,1320908280-178ef93f744c5055d0e7af496afd1320,0
3226,1321491600-f29194c058c5ade5d22831fdd19358ac,0
3226,1323700380-74982c14e72982d2b0592e01a890b88c,0
3226,1324073580-75278195a336fd3b986045634b0bd556,0
3226,1322524080-d4b1043d1323469c6684777dcf40bea0,0
3226,1321497300-4583674948b7fd7340fecaede1b835bc,0
3226,1324038060-c2f07a8600a1bf62ad409a7a16c7be2d,0
3226,1321753980-33fb6a3a4d6a41c5e0a2cf8ca8991f44,0
3226,1323869820-367d638ebb838202f7e45ed2440abfe2,0
3226,1321058040-6a9baedea4ce4c6ed74a59b8c9c4adab,0
3226,1325576400-49081cb9965a90cd27a683a247f349da,0
3226,1321873140-a11f30df64cfdd3bf95a67cc8121ada2,0
3226,1325895300-0484b3422217b5439efc816112b127c3,1
3226,1327191420-85a587463ad887c093268ed1fecda52b,0
3226,1326861480-2a8a7ad93c9e2d1af1e22d6392755ac6,0
3226,1324405380-49ff954e073754cf54bb0562080f6fd0,0
3226,1323390780-f59e811265d925976260465bf2287fa4,0
3226,1322879640-bcc37b5758dfa02b646ac87bd71c6e3a,0
3226,1320810840-0feae11318b68a84ad41984ad305f887,0
3226,1321413660-7121a03b6e807e15d6a4eba6498654ff,0
3226,1326175740-365a737bb0ef50f50f7f70ea22ac209e,0
3226,1327379880-0ab49685fb95f2175788229c963de206,1
3226,1323485580-3e4c89cc17dd0c4c8aa6b6d080d3d28a,0
3226,1320468900-580a0d9915a0294bc2eb3ebcc3ffd804,0
3226,1326009660-7b37ab5b3ff3b89224d20198a6eeee17,0
3226,1325941080-349ef0fa6e1bb63f993a488bc4373689,0
3226,1327612440-f06d24d81676d1fccdbf43994727dffa,0
3226,1326174600-94b6bd68f1af2782d411ec4011180cd4,0
3226,1326825780-21a30ba968a7f0725e14856a72960cef,0
3226,1321465740-307b86719210dd9d8f5d8f5c6399fb5e,0
3226,1321915140-fdb548a91c97a0e6e760b546a4a77a94,0
3226,1320599520-40c8c264f2cd9e17f47f8c707fbb8baa,0
3226,1321645560-bffc55dec8aa2d44d0d98f1ac1b2ec89,0
3226,1320931020-7747b8407a32d6a87886e3852219cdf4,0
3226,1323185820-f1e92a8fad6169817c81ba93b5b544f9,0
3226,1324608420-b8e299fd078a91d67c205bc70acc1a4b,0
3226,1324286460-21f2dce280f389170b0a08140c850031,1
3226,1320581340-aba977d131c05c76b646729118c8688b,0
3226,1326294180-3a76865b2dad18f2444b265534844924,0
3226,1322080440-d0ffad755e44845ffc1c229fb01842f0,0
3226,1323460680-0aa4a88caa2029c29832a8974b553a39,0
3226,1324864500-9aa80975124cd4e15e24d394f0e00c61,0
3226,1325806920-8192ece5681e7661af943c772774dc88,0
3226,1325173920-95da10a947126fcbfb7773036c41e249,0
3226,1324245720-64d1e5f4004679946b2a2d58eae090c7,0
3226,1322726460-a721dc74cbc241d69aa6f9895c23b968,0
3226,1322963940-66d2464b863f589da913e50ea60584b1,0
3226,1325267940-68121fc1e92d7116f1d257683d438945,0
3226,1325269200-18e445ce76d1744eb32080964b76b921,1
3226,1327005000-782dc2d824ac4a856faea177e9a02920,0
3226,1324329180-1ac101415c843e229980ccbff81b8671,0
3226,1326702720-d26bf77afe865046d6ad082366aff893,0
3226,1326415140-94310e3d283cc4ebb79f7cb076589a51,0
3226,1321410720-1555bb90012e843e927d666a43fb8328,0
3226,1320821160-374f061adc621c8a1fdf14d51824a5ae,0
3226,1326727140-45ffcdcc4df13388da1dcf1a7d2ea1f1,0
3226,1325269680-73b427d92d341568ca1459c905c592f0,1
3226,1324335060-6a46c713a0f4993d24c3c26432b6702c,0
3226,1323213720-78f76c641469ca96098c82adf86fd83b,0
3226,1327947360-11392640af7bc5a282ec130eba608e3b,0
3226,1320530100-5f56e66ec511729bd5f28a75076a5dd9,0
3226,1323869820-b8cd00c9ff27259641fdcfdaf3a884a2,0
3226,1322410560-a98ffefcdc93e0d9588731fbaedb4362,0
3226,1324946160-9bce503ea49d25966859091cbcd08798,1
3226,1326151980-522b06f7415a82654f02946274afdf7d,1
3226,1320481680-ca863472c574f31b97cfa6ded2cf2690,0
3226,1328059800-ad2855b7ae50d079cbed63bbd5188db3,0
3226,1323393180-0383f979c513815bf58f94469d696b59,0
3226,1326158220-8593bc1bf30d172cee21b9892407779c,0
3226,1325136240-783c861ab18063d3f690cc9ed93b1549,0
3226,1324435500-9ee1ff47d494219f6684f8ca3df6cc80,0
3226,1325292300-b15e6ce26ccf23df041b774956f40dfb,0
3226,1323107400-aaf1f072552661b1c890f782594f6da6,0
3226,1322511780-f9240771790c4ed1d12c1da8a60a4b5c,0
3226,1321316880-fa00dab2efe8f19b1428d8e0966c8e48,0
3226,1325364780-588e92e358f27f23dd4c734e47dadc30,0
3226,1326875340-b144ba27746c415da56116c3963db1c6,0
3226,1326960240-b4b6188094884b65a4ad07a6b7f13d37,0
3226,1325720040-49a30239956a08ff20cbd8bad6af0d96,0
3226,1325803560-4a096617f7ed44c4b41e4d2de458db5c,0
3226,1326254640-0ad0f9f2c173066c9dd394f88e5a535a,1
3226,1323110460-cc91f1d2ef91fdf2625cf55fcd59f6a8,0
3226,1325279940-49bc74ca04b8c87fbea6c6da6b11dfd4,0
3226,1324011120-b6606af7c24e2af0f75a0dd4a2ff7534,0
3226,1322399880-bbc95d4e28794a50c00dde5743366256,1
3226,1325047500-7aaae595b83634dc59b3b481ab26400e,1
3226,1325640540-2430017f79bdb9a151440639429ab360,1
3226,1326045360-99bfb60d1280880f71d72611ff3e4b09,0
3226,1327600800-7791b09a9838cffd7068a29c0ba4c7de,0
3226,1326469260-3111358517d6d66d1f19ec129cd2548c,0
3226,1323889260-ba2b19015ccd99c2dc578480adbe9b5d,0
3226,1324500840-244789804c6c371106f5dcf1cdc93414,0
3226,1326951840-86ac50924a10ec75c09f538cb9d20fbd,0
3226,1325424780-f2c1a9c1802533c9471285d1a40424c3,0
3226,1323606060-f0820e5e7c05c5d7e0c017c578d2012b,0
3226,1325806680-da9841940cccfa959f1eea8655fb093d,0
3226,1323662580-39ff3a53b26183c861dc668ad51bbf77,0
3226,1327689840-4fb1561107fe2907617bcab14d246740,0
3226,1325751960-81afd0ce2a84631c3209a6d3de6d1a8a,0
3226,1323869820-cc232de06cacb89524f61b311f373832,0
3226,1326930720-7ab0e2ff79f22d67486a63431db64bb0,0
3226,1325267040-4b1b15f8d76e82da2f24695a59e1f06e,0
3226,1327694100-098d1f94cb810c21f88732f1812025f7,0
3226,1320721860-0e5dd280e178f0b43d87de3b0a760b5d,0
3226,1321762440-63b50e09055328c61e522e131c2399ca,1
3226,1321302420-0acc9582f80986b9df616b037dad81d7,0
3226,1325710500-7678fe3bda04d7df9c69f6b61e264d4e,1
3226,1321031580-0961012659495c56ef63158bb852c2fe,0
3226,1320111540-3a79b30781ec7a062adcd2f2bb9cef7f,0
3226,1323361980-faf1d7e17db2812a2e1c25ed8df5c56d,0
3226,1325818620-ffbdd6a863c6d89e87d17f7f11ba1b6d,0
3226,1323944580-bf56295d46c1656eefd50474c979c93a,0
3226,1325638260-589c5411d2659210428d186facc524f2,0
3226,1322587860-175af40320469d7ab29c759a50fd5857,0
3226,1326075420-ad8bf88691fd3bef1fc8129383a38eca,0
3226,1325188380-5e5d1bc334485100b800bd48bb0ac9d3,0
3226,1322923020-80824286d319ab60c05bebf5940845c8,0
3226,1323207600-db09108b6df0471b7b74903071965053,0
3226,1323512400-80edb8bd6bdac4a3ad442a5fed005b35,0
3226,1321580220-9a832666a08c3bf0acc16bd630daae17,0
3226,1321493460-f1b697d41fceb31080b084c99328ecf4,1
3226,1326267720-f7081d0639617ddc706d2bd1aeb63cca,0
3226,1322303760-d5cdeb6fa3b79348c1a158257efe5cc1,1
3226,1321666200-a9a6e0a4e342286e70cc56fdbfc1850f,0
3226,1323725700-c073659e334b6a30aa651cf436fbd994,0
3226,1325493000-8f6aa99eded3355e05990380ae3b1b9d,0
3226,1321714800-a63a744e35f367da05e682102962159c,0
3226,1326782460-52f50018e0838dd7935f4dc0c524440c,0
3226,1320710880-bc14a2755ff1fa40892dfa8c109aa859,0
3226,1321300200-0f68b8e51089a2a21544a30d9e89e6d4,0
3226,1321680660-f5318960adc26b4eaef9b37c677fc186,0
3226,1324261800-397e069fd8319e7bcad75f79c462cd19,1
3226,1323225000-b4dfacb22635f15c21df56d2c555e410,1
3226,1325035920-13bd8caa936c9139bb1a4ffb50b21ee6,0
3226,1320811500-bc125463581128799c95194e6b3f6636,0
3226,1321039140-61bc1141cae12899da5d6631d9f1ebcf,0
3226,1325941980-0923812b3e87e79097d9aefe53ec7748,0
3226,1327356300-19cd4b03f1a34a8c112cf52dadc259f6,0
3226,1321716360-4027a39d44d29ed0bb96339416e04782,0
3226,1323525180-9d2e87e3f5a9660399a11185943d0221,1
3226,1325847660-7e4350a5d64f8a9aedcbb5e7a54a1600,0
3226,1325775780-cf62b9298850eb5bee18b70147377197,0
3226,1321502760-f27dcf9c62096fb49821a39cdbfe0d1d,0
3226,1324704060-66f6498420e48b979a4281b856822ed2,0
3226,1325661420-417f20528a2754de347c1416e809c263,0
3226,1323270720-c9d186ac86297029525a93b42c21fa79,0
3226,1327872420-01d2c42134b843644163a542a4f8bcaa,0
3226,1323455220-48b84f75f3abc9fa939e1039ff2493f7,1
3226,1321643280-225addbe7357ba88ea45867628945aed,1
3226,1324346580-a0270e55888004dc2f1935e90f358d0d,0
3226,1326522660-bf2ffdcc609c77b6d0a4a38c83097226,0
3226,1327509900-069de44a490698a963ac5bed6e5f78ea,1
3226,1323334800-c1de3908df17d130ca2f65aaa2158435,0
3226,1323350640-89abe218e31f772ad2a3bdc5b742c35f,0
3226,1325180760-bc277dc87391af4ddb5a7e3d2960ba6c,0
3226,1322874300-593b4a11cc90a6681e21862f4a9e2502,0
3226,1320530280-14d5bad59b3e6b4296cdb3cc714d2ede,0
3226,1327293000-766bb14d1fd2be959f06b4aaf082727b,0
3226,1324309440-325eaefe00ea9467d63adf92ac5133a8,0
3226,1324254900-222d2f8476ccf47eec76120cc20c67d5,0
3226,1325024100-f83f85521bdf2223a5c5a53e44af7753,0
3226,1321184280-7c5a47a69df9a85bb22334568e1e112d,0
3226,1327510740-077f8685cc16d1c1f77b045e73aabd35,0
3226,1320520320-63deb793bcadab18df628a025c608dc7,0
3226,1326848640-3624df28ae6a76e97ff2019b0e7c555e,0
3226,1320869520-d04724841b93b48597f7614a7ddc7421,1
3226,1323269580-92c8464e28b89c280cb1e15e3273a505,0
3226,1324622520-71137f1c16e4922034a61c3fb02ff200,0
3226,1326347160-05bb7127f8189217fcccb0768b78d8fa,0
3226,1325034840-78f86b8e2f615b4979496600df5adc18,0
3226,1326494760-69235971252d355d38dcb6be1051c7a5,0
3226,1320894000-9d11495575d19850917e5021b4e2d28b,0
3226,1324798380-b4ae1ac224789e10914ce4c0b9e56265,0
3226,1326930480-f26f2e3ce5403a0f6c3e72cb3ab09f72,0
3226,1324021740-dcede009a6336e115710a66d790b95a4,0
3226,1324904640-f5809e1e4f2d57f561468c5223fa3c3a,0
3226,1323434820-abb714593777415f7f36eb522d7062bf,0
3226,1325513160-d0763ee0fcdb79b8d9d319ed3fe8b690,0
3226,1326825840-c47980b0a8424d43579b6e9d07f8ee79,0
3226,1327961760-05d379e0f5da04bade0a2a24f762fb28,0
3226,1324910700-76bb4531bcaebe3e5abb373077ae140f,0
3226,1323579960-85248009f801c8b397ebfdd8be720ba6,0
3226,1324697940-7a8c991dd4a8b407d86b893883c2199b,0
3226,1326997920-4f2c6c103ba20a31d0adab20718ffbba,0
3226,1327641780-79940be7fac5a2db783a314e3a174520,0
3226,1321996560-1d884386bf9ff8c6d4e7c778f4ff50cb,1
3226,1321448700-dd4d01d9a1dfda8351e84a06b2d22a0d,0
3226,1324565460-8b57c6561dcff01d4ebad649d2744f95,0
3226,1320238740-8222a336426c5705502c341bd2583303,0
3226,1320642480-01993329c0bc6334e321de5735b2d001,1
3226,1323195060-5477babce91324ea5333d272b763fee2,0
3226,1327191420-962067796e115b0ccc7fde35292fae4e,0
3226,1324596660-f423abe73693c95d04d43b199ba93769,0
3226,1324565460-d35f00db83dcf66fb0a5a45bf0aaa59b,0
3226,1321486560-089713ddbdd06447050c2a8063216f29,1
3226,1320949320-8aa01861fc6258a1e5013b0b3e78fb91,1
3226,1327551660-1d7129780d3d863e8791435d3ad18d4e,0
3226,1322317080-dc1b33434e0c8584562cecf19d23b5d6,0
3226,1320211320-56526f873fba4ff0c41ee43667313ac7,0
3226,1327975200-80fa3d90739c663414c2f45e7bd7d955,0
3226,1326948900-58ae26828ec0103f05373a414b615f79,0
3226,1324336500-9c540c2a34a0c7d6768abf104e913480,0
3226,1320897420-4dcb90c8561ced2849803b8eeac8f329,1
3226,1327474860-175dc92dc62e81825b566b6677af4114,0
3226,1322890620-419a1296a8f71e90cd40ea35e18581dc,0
3226,1323725700-b40a99668272a064b406dfaa06c4cb52,0
3226,1322017380-d6ea5b7ea5656732d3e44ec108e2d25c,0
3226,1326900840-f1d8fe7f059b48c65306145c0aeba5e7,0
3226,1327039020-f54b7fdd703c7e3cc0cffbeb28435e5a,0
3226,1325901600-f1a1205a8a408b561fdbb2949bc6238b,0
3226,1322341920-b5bffc2348db1f4cdbed2e25b1f2328d,0
3226,1322760540-7f5c3bb73d25710e6ce362ffb42b109e,0
3226,1323407580-846b08a7fdecaeb6a0c1bd6c9fa264a7,0
3226,1322828580-773830bc6d7bf0d733affb14d611cf78,1
3226,1325203200-9573b73eaa99c2d3bf3903cf1160611a,0
3226,1325627640-dc6696612f422783784e1e115c146056,0
3226,1323979560-f3cb6a8526bc3bc5c48b0f39c393d955,0
3226,1327851780-bbb99264134a3b180db34ff7254c2694,0
3226,1326938700-66722fbed1c52a190d550aea3b61cdf4,0
3226,1320982740-ba87cdaefa7052573f9a280075ebb733,0
3226,1327707780-904dc5b4677059d9da28f16ec75e3426,0
3226,1323740160-505f8d8fd4343a475f19e77c787de575,0
3226,1323110460-6fc170d0d2d142d532358308fb93efcf,0
3226,1327405920-f4aec6aed5fdb33647f6fe7a24e0ecef,0
3226,1324942680-1b1666de53a7b0d8fe6af97bf71c38c2,1
3226,1320936540-b93387120d174a21f4abfd856785f6d3,0
3226,1325736120-3ccd48260cf8aa46b9e68a6823b273ba,0
3226,1327279620-cdd53ed0b9d8aa0d2c8c1eb8da897af1,0
3226,1320826920-c0dd1493f7a6d676bfb6ac309c54f8ca,0
3226,1320448860-d219915c2ab7cccef9c5d9e8e0f8e969,0
3226,1325178180-cc4152e3152fb98e5de186bc5f92da75,0
3226,1324674360-1fc51bbca4152d2249889dd289075ae5,0
3226,1327347000-2b059df98bb7589cfa61b041bbca3832,0
3226,1320440400-9885b0052663ac8c2f600ff6595f3da8,0
3226,1325319180-2aba556520457339a69d7f1c8acecefe,0
3226,1320437100-401b259cf124a42d868124acf1415942,0
3226,1327096740-12f290adfdb61c4bfa2b4cf62c210622,0
3226,1326367860-6e1c4c1aa7d821822c7dbc2fd103f4b6,1
3226,1326371160-dbbd54db245adbcdaa528fec5fe0822d,1
3226,1326145200-c20451b0c261b56e272f78d0616cdb8b,0
3226,1324151580-4a9fbfbef2d47a6010c58235f7757a16,0
3226,1326646020-c5969e02634d71df7f77e706b65118c2,0
3226,1327953660-4eab994410a4ef0c0f7d7b118b9e914e,0
3226,1322671380-35f4ccf6282bec3eef647a00c76ac2bc,0
3226,1326977580-bd9dbb3ad87a567ecdbc0397f8bc69e1,0
3226,1326943320-ad44f0dc401b32b79f56104b22b2a9d0,0
3226,1321306080-f456731958cfefa9a30799c54b451262,0
3226,1322403480-a817d4b35a6063cdb0e77c57e8fce22d,1
3226,1327432080-36726bd0202a2c9a13a504ca04dcdef6,0
3226,1324517580-0f92769550e2ca5cff89c985fe322481,0
3226,1321799220-264aca74d78f650badb408320834554f,0
3226,1325913240-bda8b9222dd820a3cb77d68418b31dc0,0
3226,1321332000-3477aec5c4f588d4a3586ba2b56ee1f0,0
3226,1321427520-3228c5aa24edb815359a90e3d215ef3f,0
3226,1325812380-fd129b5d160d992f86d3ee20772f62a5,0
3226,1323682620-d807cba954942c301dc9967848804a08,0
3226,1326681780-3e6042ec6f1562996c2c63e7941752e0,0
3226,1324432440-1d645cd97de9f04ab147e5c37c6ab8f6,0
3226,1325570940-1d325656d3ac505f70846b0b8623911a,0
3226,1327350900-f9b0f50a56e5a70608bd059827c8674b,0
3226,1320448740-90905a8ed71fcbe46506404dbb8dbe1b,0
3226,1325371920-6507149969f3d61752914c284eda1d72,0
3226,1321397580-6d47305b380124b42e04232fa77dd537,0
3226,1321114200-9bfcc31ac361ac2ca5b6c94095dd863b,0
3226,1321481340-979518f3e3b9fecd5456b540cd6535ab,0
3226,1323909660-11bbc196b5e9348e2c5fd19c3ea30e29,0
3226,1326856800-bea9b5c26bac983d98ad5431ee567798,0
3226,1321334760-fca1d05449fe43653e8a31e4bffe1b73,0
3226,1324814580-d641bd36c6ba1ede98a62e9cf027a8a9,0
3226,1324861500-46a5879c748b44bb85dc347b15461475,0
3226,1326848640-8ffbb02bda5324b77d23b25a36273ead,0
3226,1326127620-ca86d99eeff30c8a25dcb5e4de574874,0
3226,1320852600-65aed4c669a31e33c52eba0b233e1858,0
3226,1327491780-9ebda598efa6fd6f67b19629da64856c,0
3226,1325279940-6b2e9bf76ea7dfdf53108cd4303f5ca8,0
3226,1327310340-53a6334d2147feb1ae59c8697a2d41bf,0
3226,1322017920-96723e89da2a0d34f3e253bf3ad04b0d,0
3226,1324164000-38f7c313dc155f3e00c8b35edd51b5af,0
3226,1323140580-3ef41aa6de60408ccf20d287318247d5,0
3226,1323141600-2af259daba4dc10052c8a697785a562f,0
3226,1321990620-b260ef5387217e0e8b16638776f2dcf0,0
3226,1325740440-fc34050d6fac9fc14b11b9efd93704e9,0
3226,1325008500-df7067376b8f15b25e0a5547a383e7d5,0
3226,1321079100-cdb1211402847eab5c39c0696b2d2b34,0
3226,1325096280-77f41f678e1d129c86f0384f93ee09d8,0
3226,1320331020-8167e17ddcf0d02e08f2df540f42dc30,0
3226,1327749960-a256bfac9cc7f846907dcdd70ddb37c0,0
3226,1327701960-12729fb0aa4d52e8b997e58f2ea72499,0
3226,1325641260-6ceb8e7c33ad1534aa15e8371186f249,0
3226,1326516000-fe42c63dcb6d7e44318761fdd8ca9f11,0
3226,1323298860-521643211826a03720b79df839555456,0
3226,1325195100-49860791a105a8ebc11b4197ee012cd4,0
3226,1321457100-9a20fb69a8965677a2c71585d54d41c3,0
3226,1325230920-8e7c4297f9cd1bc38e41269c92f51c7a,0
3226,1326402480-70e97198d3adea871480956b7a78585a,1
3226,1327931220-a906622e0f4c3019f52922ca380663b3,0
3226,1324670580-3746b76d6f62d2d2744ac89c332ffd98,0
3226,1322962020-50ea5f25869f31e9addbc1d77d9703dd,0
3226,1323974100-a780c7ab9101d73fb10bd8aa4dfb804e,0
3226,1323072000-173d6cce1aa08856802cf9b4b00a1d58,1
3226,1327198080-dfd9258a5078af1d8a2c75421ba96ac1,1
3226,1323377760-4baabae90c54fead3c4210069eef13cb,0
3226,1323114000-50e50433863880be5e28ae16b5a90057,0
3226,1325221200-8df447b79996684d8e03017edafeaf65,1
3226,1324391700-779e1f20d9eeeee6738cd17d89d49c7a,0
3226,1327086060-413d6ce7fdfe85fc5b4c9ca96415108e,0
3226,1321288320-ab2a96320c855f007cdfd35df5c44ad2,0
3226,1321636380-7fef255baca8a93a0d7bc59a5e6bb908,0
3226,1325803860-be63c7e143b418d34ec5b928b61b55bf,0
3226,1326324660-9ef8e03481c6f4c60e5906ef9e5805e0,0
3226,1328014500-32805544b7dc082af02a2f6c786479d4,0
3226,1326534000-37b1e99a8e01c97b745201a01b4f70f4,0
3226,1325320800-d1c731a47301a3415ff943c85b91ee39,0
3226,1323132540-8013d39b3f6eb868415763ad739aa3f5,0
3226,1327517460-4aa345ad6fd72c455ae45469147609ed,0
3226,1324010580-97494c953b9e166cbe6f841828e97af8,0
3226,1321492680-f3ce57d7e0f1f2e37ba186bdb26e2391,0
3226,1322178360-8f4e8aa922b4f31f0be86f6d3320ba6d,0
3226,1323890820-9258705d6d5bfc8fe87f67757943a45f,0
3226,1325904060-344163ec5dfa4e6e57dcd884ef4b63a9,0
3226,1327804080-5702d7f8d5a0c3e0e99321915aac7c13,0
3226,1320450300-dfab3133536167095b794c50344aff10,0
3226,1320412260-4293cc3ccb241cbe3dbbe5ad8d2ec894,0
3226,1321886820-7b8dd0f28aa4b767ad96839542f9df03,0
3226,1326024900-af1bb1b0283e18a9767772303c0dfab5,0
3226,1320819420-a54e1b2fc90a21ac1b1e9520c346e608,0
3226,1323477540-1ddc095df24d6f2c86da5a8f987f6ae5,0
3226,1327230180-bd02c3f6ccd0591a1059a7f571f66889,0
3226,1320821160-b1e87634c205ed60bab0a3c4af43a02d,0
3226,1323292020-1276823aaadbb28fc6286c71b66ad3dc,1
3226,1320364740-a2631993fbb71d66d181195536461a11,0
3226,1327986780-25db5773ee8764e649a04fe467e927ec,0
3226,1321295280-988ba366a9ddf3be8c4427ebc885aec5,0
3226,1326175680-c9636a0c2df3bdc7fb065c5d2baaba86,0
3226,1323630540-195f6655fab7cefded176b35b86ff4ea,0
3226,1320599160-b18817869ccc20406fe347eb556caa0e,0
3226,1325830500-093412e991664f15600218943f16e863,0
3226,1324422720-93d41f9bf6803101b906da0fe04f70f7,0
3226,1325394600-a6e26e1ecbf3ac8a40c89421db6de73b,0
3226,1325557980-94592d7fdf55aca0db0c39bf869eb0d7,0
3226,1328053500-bac3ef11673d3b0ae2aa5678db507dd3,0
3226,1326417300-de1b70f78fac8c12ab85e19424b9396f,0
3226,1323238140-d8ce24235a38c93fac34f2138e2c4e1f,0
3226,1325196180-0843a77ba8b67cf4f04db49567ef09ee,0
3226,1325638260-b6a4736c507cb280f9ebfd7707437084,0
3226,1320432300-2a8de3311fb4530c0373492e1d05a600,0
3226,1326902640-65106801eaf5543a4a4b34e43cce8821,1
3226,1322941500-0857f06ca25e6829681de6d4beba6288,0
3226,1327847220-37877cf6eb5dad8d34a711ad2818704e,0
3226,1323128280-f2aa099104b353d9dd1aa5bf0d9dd15a,0
3226,1322791740-9e7f282ea18ab12ccdad621fd619a1c3,0
3226,1324487700-c3f95e6e743e109724d08f44b0ce50c4,0
3226,1326213120-76a65c3d3dda8d397a35ff9096e721ec,0
3226,1323961680-c63ee4503a933326dbe284921d3a867d,0
3226,1322698260-2256e80aea74af035c70cd1310f33ef5,0
3226,1324993620-233632dfc134f1e76526ee81f441480a,0
3226,1323009960-c6e5b5a34033c76ead81c35b7c56d6c4,0
3226,1323298860-546dd6ba694cfd945fac2435709c4683,0
3226,1326416580-53087946cf4ff4ab1e9ac5f9dd0a4fec,0
3226,1326359580-bd8103bb715b017a5d8ce28c987800ac,0
3226,1322202720-f452772c8d7d12d8a6a122c4c15d845c,0
3226,1322887500-66a5cd421e3474659da783d677f96b94,0
3226,1327464360-c1b9d831a8a80c6f0d42b496c422c232,0
3226,1323494640-2ba6155a3fd108710290c82ab4142a67,0
3226,1327676400-28aee6eaad1ec900ec367d205f9ae3b0,0
3226,1326309780-4deeab3acdbce0ff4b5e0160b5b80a9a,0
3226,1320537420-700ee4982136aaac513c1a1d632e2efe,0
3226,1323588060-9e01d07d00e20f513bc79fe24a2f77ec,0
3226,1326300900-fae55115bb4603970d29d6fb4efb0476,0
3226,1321596360-aaff261ff1a0def4b0e9782a549ec8fb,0
3226,1321678080-a6ace38e556c67ccda716d0701ef871c,0
3226,1323761820-9024f197b8925a3874e0cd46fbbe30aa,0
3226,1323894960-ce2162143fdd8b403100f4ebc52d6dfd,0
3226,1323125100-121ad65e0f55e640896d04bdf59bed17,0
3226,1327678560-9fb5f1336c223123b03968e10fc3e539,0
3226,1327987080-11218090dba5717c00c25f0b195b58b1,0
3226,1327244520-fbbf015fa6299019d32d6b38bea9ce5b,0
3226,1325800560-67a5182fc3e31f31473c6639cf416fab,0
3226,1327086720-596368b9d393248fd00e092da054022f,0
3226,1325626860-5a7b2ebbc7332ec2cf9ce80679768099,0
3226,1326066720-23d1f4afdc89cd09b2a25ff4ca8ee24c,0
3226,1322875080-ac2a151692e25ea67bbadf4921af324f,0
3226,1324451700-3491a52d86224334077bcfe3608ee5ac,0
3226,1325682120-04a931f411de42368b565453c6a07354,0
3226,1326009660-93f492521d13d299e3ad0318e4e1cb67,0
3226,1324596660-d8b02538d671ee826ee49d91332c222e,0
3226,1327427460-dbef5f42a6d2b7affdd60bbb59f0338e,0
3226,1324779060-92d133e50395e0ca0ad7976b8b2a0af3,0
3226,1321676940-39998e5ad36004ce7b0ada110cbd0a66,0
3226,1321246200-35e072ef652bafea51c4974914fc7f67,0
3226,1323924840-dec1233907aaeab4bd7c1f79d7c6ae16,0
3226,1325119020-23f7d2e1ec7ef156709c0a01d51cddf9,0
3226,1326333180-96d16baeb6344ad8630a1017ae8a14f5,0
3226,1326009660-b485ceaf4844121602e43054b1b13c8c,0
3226,1321753980-9f20fe8bf031c0991f0f47e6f211784b,0
3226,1321922700-b2ed5ec0ea5df7196210ec70f4325708,0
3226,1321587780-381539351bb47f0b309207469a6faa1c,1
3226,1325140380-a2b27606bf855802ae36710ab8b9888c,0
3226,1323715620-cbc97c330c29fec47d3063d16adbf151,0
3226,1327141860-70e378338d6b25402517291b31b604da,0
3226,1326823680-c52db18d6219f418cf4ec51a06e8bb91,0
3226,1323716880-461cc98cdeb2bf2a32f74ae2d1ca8b7d,0
3226,1325601540-ba4a520cf8d14b3e0ff4b32e9b466879,0
3226,1321919580-f46306f2ef199a9c899eea297ee715be,0
3226,1326847020-708633d393e63b14f3943cf41aea4fb6,0
3226,1323990060-9689327696c57d677e88b6fb3da199ef,0
3226,1321821720-14645cb2b8985632a714370c2300e4ef,0
3226,1326519360-75926a22d2fc3b93bb12e0796c0ff63c,0
3226,1327720800-7fa97202fedfa87731ca0674a18e31ba,0
3226,1320363060-1dd46b0bbece9882175da65b73ebe320,0
3226,1320443940-607026fd8d1af8f45eb62da4251f9eaf,0
3226,1320862860-78c4b1da487f37abe2b1d92ef42d3cef,0
3226,1321362300-436eb86c730f9f497f2de73971ad51cc,0
3226,1322033400-2df47ae0c19d0b733f6d0344070468bc,0
3226,1326357600-d7deba6a3c788c9cc044732d19e18a7f,0
3226,1327004880-2ccbf4f29325c9bc760ef299920efcaf,0
3226,1322184840-84fe2b5011f362a0956b98318448008c,0
3226,1326978780-351672ab3633130aa054b3f8fa5215e6,0
3226,1323028800-77ae881e2358d52bbbba1ae29baba0dc,0
3226,1326234600-67e94fef3899edf30e129b28a763e0d4,0
3226,1322493420-4bb6e4ef227b9a4e3c721e1e43d528e3,0
3226,1325682120-0ff51f9b8e1d324bb4000fd8576c362b,0
3226,1321770000-15d6720ba55530c01a65bd34b819b979,0
3226,1326121320-cd5d82e5fae183c4921349c984491a23,0
3226,1327603200-d71f9d3357e1e748030ea85962eeb072,0
3226,1322633100-23e0fc821d3a94fa39213522415b2a94,0
3226,1320821160-85c3b92960760c36ed4e241669b674bd,0
3226,1326485580-768cf2acc4b0d41ddff1eb8eb9d4dab8,0
3226,1327620840-82dd1049cb1e226ce1d2601f4202c968,0
3226,1327356780-bf1be3fbacae1acde088825dbfb62c70,0
3226,1326684780-ffea37f651436ce082ebb0d2b53f4d40,0
3226,1326347520-b5b0b9a85c1cb4eb6279d9c58a99917e,0
3226,1323749580-f8e504d94e5c74da86aca416fc7fd3f6,0
3226,1321316880-6ed66c8cd9751ecb632e3b8b007f4a63,0
3226,1327362360-9289e02906e856452a12a55abf56fe1b,0
3226,1323270720-51322dea3a735eb03339ac94a5804f83,0
3226,1323630540-79a14896c4ccd649ad163d7637c93c09,0
3226,1326320100-ca034015dfb42535de1f48c35750bf16,0
3226,1326779340-659ce6add9747dad3a69a7238c7071ef,0
3226,1327499220-6c89a841cb13becb8a0b1ca179641918,0
3226,1322895600-8bc60efdaa8cd9bb94c8efbbcbdea292,0
3226,1320176040-7d9651c44f983d1cf19fde5c07e52f95,0
3226,1322000160-010ee98dda59402bc72e4723938bfb73,0
3226,1326233220-9d786d53b0bc9712a4101e5fca92b813,0
3226,1321412340-c1247de2efd9fb2b8bec0bdc94f3a9e3,0
3226,1323913320-7b23f57d0a93e6980aa8e1daec23633d,0
3226,1322626200-61d1f6161f9ea061deab319fc915fef5,0
3226,1321745520-b35e7837879d31f81437300fafdb4bbb,0
3226,1325631720-03030f8bb2859753db83e7f7937561df,0
3226,1326211620-40770dc7ab2e9c836ee637ac8b1d55d4,0
3226,1325963100-71a3dfb3093577c931155aed53cca7e3,0
3226,1325893980-c195b6e2d681453038aa97e60ba0e4ab,0
3226,1324319640-a03233fd23ac08e1b7f66629e279426c,0
3226,1325248980-f4aebaec767a762705cf2693f88d01b8,0
3226,1324959180-7ae6cfc9ff966e8d1347e541d8af894e,0
3226,1326010140-dd0eacee6842c0e19c084f4c440b5c2c,0
3226,1323018960-a72249c32032b78bd342696c5cff3524,0
3226,1322962020-ca15cba54ef1744181b346e3215c71f7,0
3226,1327434120-8f00ee348d18773fa7f96ce2bbfeb8f9,0
3226,1323452100-705f1db9f2f157e11e86ccf3e9b26ca7,1
3226,1321506420-4e758938f16551b7cdfd177a927866c8,1
3226,1324474020-b068345fed4925c526e37f427241874a,0
3226,1323579960-182323f98dec30959e14f8b8d6111a7a,0
3226,1325800560-de7eda674c824211e60554080c93d054,0
3226,1321404420-50732dcb0f8289feab8787bdb482847b,1
3226,1321062900-13782b7b7d0e72030ecba14c57b13d9f,1
3226,1321231500-d1fe97204d0ff6b056703bbd0d280c2a,0
3226,1322987820-2baecc4d3ba2675577b841d28c812b72,0
3226,1321323060-606ec8b06491b7cb75db52fa016044e3,0
3226,1323838680-fc668731107df83acfaca9af4e65ecc1,0
3226,1327766280-4892e1a864ec173af372e9d057530aa3,0
3226,1325643180-5a643f4b09646d557ddeb71acd1eba97,0
3226,1323205260-5d2c112855a053bc1bb80445018fefb9,0
3226,1323706320-8c0819c645cda5247bb76afe63c91575,0
3226,1326421800-2278f66dae521a363d728961d4c50c10,0
3226,1321639740-f8e5d9168be4d4cb77ad784f05ba1fca,0
3226,1321051560-5dce83e19f7d57cea323f101894b1c0e,0
3226,1324927080-b31fbe26d90359a141385a86c98aef0c,0
3226,1324703520-7b08d1036dec49292a15c0858e1c0ce4,0
3226,1323906960-3d6569506de3feb733a5d91e3ae3e29d,0
3226,1323389700-f33999cc0e4a416298e5269cd054ac76,0
3226,1325793060-d7568b6008ad530b418764ff37477407,0
3226,1327412340-02fd27e70dff0c7ae44d448f0df2bcd5,0
3226,1323516000-ff87c53aeb7ea137591aa124fceb7e63,0
3226,1326779340-b7c19d02bf7aef5ec4d92d767ef4eab8,0
3226,1321316880-fcc9d7bf037054a0571b4fa02ccbe1e8,0
3226,1326983280-31f725249e4fcdd09332c92bf5ec9e6e,0
3226,1325688360-9e492e05e5b0870efe228ae6aef004bf,0
3226,1327196880-7fce36bddef924437543a0e65e465857,0
3226,1327611720-445f08a505c3d25508aada2ed3fe2e06,0
3226,1321666200-8569590e06fb3c4f6583a81a9afce0fc,0
3226,1323662580-673ef07316b14d3439c11a8fff2af49f,0
3226,1325817600-c73beebbbfff34103ae18ba55138a1c6,0
3226,1326196800-745049ef28bc8a6ee8ab503f8e062388,0
3226,1327678560-4a35f1e99a84be1070f59af489c2229e,0
3226,1324393080-a7980b5bfc0cfd5a2033e3396af791b9,0
3226,1326211260-10663e165d2e50e5f17e1a299fc676c8,0
3226,1325292300-720fac49147ae1fe8d4b8fd2b4faac1e,0
3226,1325793600-a326ffa11dc0d41129f90768c9736be9,0
3226,1321058640-923f4232ec87fbea0fb3388c9098ca09,0
3226,1321541460-282b102e90c6eeb782cd9709004702d0,0
3226,1328053500-5c82d810eb3313bd052b748c0a815b73,1
3226,1320412740-c752322129879dff889c9ecc2ed6bb43,0
3226,1326855540-7ce0aff366615c298ee765889adb575c,0
3226,1320608100-f8da616399055fdcd3f82b9bb465be24,0
3226,1324506000-d2c17bcca7bd5c837d6d1fc8f270f2b3,0
3226,1325812380-6e7db7a42d55286c4e43325fe390964a,0
3226,1326163320-b0322018e99f5a74909e84370ae201a6,0
3226,1327940580-1c9cfcf7c4211a63cbe78aa9607aab59,0
3226,1320796800-5a22860e018b0da51b45ec5c6fb69d96,0
3226,1323406980-d5e9d3c5c07ffaf6fd23fcbe35c6769b,0
3226,1327194960-90d672fa2824423e09cda32050f20bc7,0
3226,1323818400-87e6146d37e76805e598b50535da2510,0
3226,1322890620-f0d861c9983c99da6961a3476dc5843b,0
3226,1325037060-caed6b44ffa2c9e8db23e4743fd31f14,0
3226,1321557660-bafca9990719c1874984e36e0ef22ae6,0
3226,1327072920-42bac9c7beff5b1b0f3354d3d8678e25,0
3226,1327555980-9ed7c2bdea7b76dcda99f47c5982e909,0
3226,1326607800-137906e4db8dd61d9affc1ad1445167d,0
3226,1326361320-46ecec6c39bca67dbf5785c2a0609011,0
3226,1326029460-afa792c5cd543356bcb42059c9eecaef,0
3226,1326239580-8d391f32128c5ffe14ab75b773f274aa,0
3226,1321075740-88970f715d0d3e1c9b73453b748f93f4,0
3226,1327941840-b55b6103c5925d7a0edce3919ea6a037,0
3226,1323944580-9d95f88c9ec66ee9cd3c17ae6d8d85bd,0
3226,1324993620-be19381cad2adb1f434215e0027841d1,0
3226,1326853560-a873324e063222cec4ac04e9bba681cb,0
3226,1324011900-7364d865b65dab39f5b3236400d6d0f8,0
3226,1320207420-3899aec99240012c0fca5b0aa77ca054,0
3226,1321059840-c1c252a9bc1c6b77bfffc6254946c0f3,0
3226,1320249960-131102fe5ddd717e1f53743bdd866e78,0
3226,1327975200-71f0e060fce315039824f52412740b99,0
3226,1325108220-d79c573df4be2fdfa05a1f129fa21bef,0
3226,1320418200-5220a42313878727b3434f80641bbd2d,0
3226,1324498140-327545668e417099ecce2222512533b3,0
3226,1327915320-b81822fc2073b086faf0278500158230,0
3226,1325320800-10b9545eca32c311e3ab22601a56e603,0
3226,1323017940-b29ae4aa001963fd29d99c575c06ec29,0
3226,1326295500-05687144e8478b0b4714865ca9129eda,0
3226,1323906180-53ec9ce84c6890d8e640fc6e89d7ee1b,0
3226,1326330300-6ee00a3451c758b5de57e2fae783e1f7,0
3226,1320338400-7aff00d3a8af42d780db068f593c7e20,0
3226,1324073100-7f0b579512ea432a8fc4d396893dc275,0
3226,1326550800-4576bebff30e4f79f066adb2bc6c4bcd,0
3226,1327374960-46984a678c28c5b7ea21a9490e49d76e,0
3226,1322760540-a959a855995e0039ed8cf41bc2e64c58,0
3226,1326228480-03dee5fe8b0b3a51554a106894e9cf10,0
3226,1320948240-529d054c4a5c1c3220af4700ad5023e5,0
3226,1322007000-3baa6f3b816e3a850a09822b8408b532,0
3226,1323179580-3071ce8d1614162563a1c9ff88bc3c94,0
3226,1327728840-a77c70b49d0ca5ec7c74ee9242244307,0
3226,1322313360-089adbe3f62b9d16e6e3c12f067c7992,0
3226,1326385800-30a8b2d3a50934f8ce6f400fe80ce129,0
3226,1327129380-7242e9d439e3e343973468db3955287a,0
3226,1327371780-83c39b94649c2c802f72e05b0b9e63a9,0
3226,1326777960-a404352bc34f43306d82134142506765,0
3226,1325720040-d608312917c322c899a0764819aa844d,0
3226,1320512340-947bd812ea7b3b5173583d744aec181e,0
3226,1326182640-8081e115369b9115c75418ffec1ac58b,0
3226,1327506600-6129c8ed593df1706aff5847898f01c3,1
3226,1320949260-527d972ab6216f2257a3d061b45f20a5,0
3226,1325292780-3e19318c0433e4c9de4438d0dad1defb,0
3226,1321751940-8a14fa3b3f6ec4e3d70942f7a83097fc,0
3226,1320248880-3c3ba44f0408143fb0d1988dfdd4b88a,0
3226,1322692800-9e56bff285abf1ebdf820dc53fd2d4cb,0
3226,1326212880-aed6d7d8241143211214cf52c910d6d2,0
3226,1327221420-812831be14ba2501158bc09c40b6c87b,0
3226,1324010580-4a98210fbe1c00fe7f17fea2a7a8df39,0
3226,1327506720-9433e7aac910f34fc0b3d8e8dfd3fd5e,1
3226,1325467440-fdd024507221c3b27220a2528082443e,0
3226,1325913600-b2934a657aed73e80c40aca80254c4a1,0
3226,1327902840-952a25f5a716c7808c3a9216ea6b212a,0
3226,1326340500-b886e0aa3cfafb3fac4ea459b2d03551,0
3226,1322962020-3362833b2e4b9974557f83500b8d3a1f,0
3226,1326593460-a6995460f666feb56d366eaf9bc7779e,1
3226,1321151940-58a7510fb72d8a141788c873ca4a68a5,0
3226,1327430340-2c5dc71f7bc9ac4b2b7e2407af6fc9dc,0
3226,1321908180-894e972b0ca78f91f8a0a690a21e824c,0
3226,1320693600-b08f0c3a046a20d8f03cb31f5e92022e,0
3226,1324487700-10c06aea35ede359e91c8cfda2e488e9,0
3226,1323472380-35a5bf0ee172a53e1e9b0735f8a3b737,1
3226,1326714120-8dbd37e1512de9995692bc34892a6479,0
3226,1322080440-9c1ec6b705c52840600295083da4b5a0,0
3226,1324438500-6c01dcd1c59c5c04fad928e5b3e0e100,0
3226,1326300900-64e71a40dc5127382e6eb6cadc995f18,0
3226,1321680660-db319c1c1e2aaae438d728658ae5fe6b,0
3226,1322281200-15cbccb114cfce0f6d1ae257ab0497a1,0
3226,1326799140-df7671528a5e577e2ed4e44516ebc841,0
3226,1325827740-9da799f4903666a3fef808126bdb7ad9,0
3226,1324397340-f5b00e1f15af6e2c1134bfc8c871838d,1
3226,1323361980-93de4018cfabaa8f879b77e75454eb42,1
3226,1320800400-259700ab5441be4072d9746bddd00052,0
3226,1325704140-141fdf73caa8274a2c44525591ddedc4,0
3226,1325409720-322234252867c85cd86deafbf1b0614c,0
3226,1324480740-6c88ad561e5d1bc6a41fcb5f7fbe9acf,0
3226,1324480740-a9fc1269e20a770658128db5137d0244,1
3226,1320906360-96c536617e818352d04f59d1fb165705,0
3226,1326904020-8896b6b738e7a173500423f6ddbb4706,1
3226,1327626420-48ee4ed8f2554d51a60202844490c821,0
3226,1324161660-20985bee2e08a8a01adbe9d451914ebb,0
3226,1321513740-9393311410d936249015c90000fff540,0
3226,1320676740-f0b24064dc13dac42e06c9b2e5d5a302,0
3226,1325958480-2cd80a8495842eeeb628f13f3828189d,0
3226,1323906960-052df018868f8a32876f3514cff2ee73,0
3226,1327338420-33547b8e16a2b3ac4276514b7a289732,0
3226,1327342800-47f268cc874714d64e42601cc42f2985,0
3226,1324846380-2a35c0ed6e2e121a29d4ffd588fd4c2d,0
3226,1322887080-6913c02da12000f2d446e4a4cfbe6a98,0
3226,1324286460-cc7ffe423c5776b5ea36f7b0dbdff50c,1
3226,1327107360-2caf91e987cac7b58785a9d7e4acd876,0
3226,1324480740-a30275b566fcc7b36ba01601dafbe641,0
3226,1321323480-2ea28d45b02d3e1a9b230446408195b9,0
3226,1321781100-86d0d3ff8811471828edf0eb3249f4d3,0
3226,1325717460-a6e909fe5f8ec321cdcf5abf021e8eef,0
3226,1326405360-7780b9c5dd81458a1ccb7ffa4fa88031,0
3226,1325409720-a574b7bcc2ad928320ad94c4670cec50,0
3226,1327191300-6eab747d756f9349906bd82232f3e143,0
3226,1323961680-41cf50df45d2491a72ee6d8f64900932,0
3226,1322094000-51fc9279d51e0203814b570e9bec58fd,0
3226,1327122840-c5f90211812dc0b02822c6e857b8afdc,0
3226,1321935300-0d4a269d20f877cb6e80f7fed09bf44f,0
3226,1327125180-1e6224e38e18c21e56e8ae07feeb473c,0
3226,1326261960-c8080c927e7936e3709599e092c970ce,0
3226,1327445040-8d02b88a5278dfecf90bacd626a33144,0
3226,1323405420-684af36b261e2801d2e60232d23e4eec,0
3226,1321630200-92165b283dcfd3d9f669b08833709bea,0
3226,1326823560-fe0c7d7cd134bcb09ab60ab048c8b802,0
3226,1320923340-bf04c88bdd1523c663422cceacfc74c5,0
3226,1327506600-c6ece428c8e3264b22cab4c97b8c17a8,0
3226,1328014500-5adeddbd604faf80e7b7cf6fa4553d15,1
3226,1326849120-2945034b4642439877e7df2968b196a2,0
3226,1325510160-55cfe3c09742c49505b7291b3a428887,0
3226,1320428520-d52488450a9499cae301bb8b8b555859,0
3226,1326900600-ce3b39e90bbf85f40ddc47212fd9689a,0
3226,1326129600-c44bcd0d0c1a4681d4b1dffa6ad2119b,0
3226,1323011700-4f8519fe821789e422a3e9e3302850b3,0
3226,1323572580-a0cda28f5cf524f909ea51fe92d463d2,1
3226,1325136420-204b636ee84d958bcfa4e697e101e149,0
3226,1323368760-58958ca85ea5d516b7009d03da4a433f,1
3226,1327712160-42e69284f770e9f7a736da0adb350247,0
3226,1325106420-a89e228a36e9621dca9442eed1da1f6f,0
3226,1320831960-d72d3601c71d29bef9da41d2922a64c8,0
3226,1321114200-798e6688c5a63f4f3c3447a5325fe363,0
3226,1320240540-0e59f526a9b5c99b95dc5dabc24296b2,0
3226,1323585420-0e4c228f5eaa11c5c4274875bc3d4d75,0
3226,1322193240-37e2d85b9e4f4b1fadd0e0f03a6edc99,0
3226,1321820580-f6f921907d1d6be50f16b88e6f04e42b,0
3226,1322711580-1dcc0b1415667ce26c4f81c453e7abb2,0
3226,1322932440-a254287800e468d05ccf282f21dacafd,0
3226,1327356840-1d8ba7b72cf280ebd9f6e49ae0b481c2,0
3226,1323495000-91c220f56882ff43ef02e2157b2afb19,0
3226,1322168640-b9ce6cae94d10fc2180dd64b1b93e234,0
3226,1324440180-40c5d56cdc6b882ea665f3025429e50b,0
3226,1324206960-85bd596969af0e81b11dfba867101b5c,0
3226,1325467200-bd51c2910332a2aa33b97bbc812c0aa2,0
3226,1320862860-0791f264f6d6c676a52cb36338031b3c,0
3226,1324380960-84f98556a4e4163ae5148841f02ffc98,0
3226,1320454320-4190a396ee7c16a9e693b77bc608e16e,0
3226,1324400760-0926968965902669ce40b2981e921843,0
3226,1323124380-3a1a25e9574edd0a606a0394299d3e33,0
3226,1322073900-95d3d6bb2803f30cdadd0b89d49d7e80,1
3226,1323106080-4bf2a8940ab604d33e304af29dcd4ad2,0
3226,1321636440-af3b9bd8d3ee0e9a7d6775c7a9eb9ab5,0
3226,1320873780-7362f5b4d2488041e8c93a98ee5bc9b5,0
3226,1324911480-2edc843f5ca8e8c7270b647636dc99d7,0
3226,1323572580-d2b5e4649d605b5ab1f66d75e317f58e,1
3226,1322111400-dec574cd75b1e00ee317d770536c76f0,0
3226,1321569660-921a5f5d3f71c6e60c1bc7323a14c856,0
3226,1322660460-cabf876a1ee00485a4b1f817ac0801ee,0
3226,1320634500-7a7c3b8b6cb1403382816ab1708290a9,0
3226,1324424280-59a1c3cc95e8b0ef70b2794fac0ae185,0
3226,1323434460-c24e00e0e47a15c668f8963b029a3c58,0
3226,1323128280-6bae98d565b70b77c0e1e788b245c7b2,0
3226,1321475040-def544d073bf8b79390560378dd8d5f8,0
3226,1321466880-b6aac8723c82ffdc6a5a24d89d1fe5df,0
3226,1323662040-f5b1b385721e204e90a9468a898759a7,0
3226,1328034960-b9873377ee919cf73fbfa321ff0d0344,0
3226,1320471780-01a06638623815eec2d541e3cbe3fddd,0
3226,1325812440-77daa3ddb1e0728254824acdadab8461,0
3226,1325708400-170d5c1bff58adfcc7898b3f471b78d3,0
3226,1320797760-51f198759ce6ef18962d727ced198703,0
3226,1323212100-8b24f5b35b2715db7b3da03168365809,0
3226,1327372140-bf78dc76a3bcf094f367835f9500b18a,1
3226,1327620840-36c770bc72ab47a9f26e0b33272dfafb,0
3226,1320896280-590f910748ac7c72282bc8b8997c23ba,0
3226,1325779200-43f6e4c27d95ccf199097e2310bb3d63,0
3226,1326508800-336c91cb7cf941979815448d2077e8dd,0
3226,1325628780-3852cb19f1003b9968caacfc24d57739,0
3226,1326257940-15ac832d8b0c4cafc04c53a0a6243c33,0
3226,1326373680-1861745881eeda9e7538b29f1c57385e,0
3226,1321050120-898204c4a36e20359e5e428830b5f793,0
3226,1325969220-2445c44b9f2e7fd71ca7900c336c8067,0
3226,1326771300-1093445fb180de2c284f4347a3042cef,0
3226,1322741040-78c3ca94ee6cd8ae5af3dbbc08379215,0
3226,1327080780-6366adc8a9f833cccef92f74607bb29d,0
3226,1323148740-3f9e283958e32df9ebd5c4c060befe4d,0
3226,1326234600-506a53fd6c88fb888eed772605aa9db3,0
3226,1323698820-f7e1ae274ecac8489697c9707c44efa7,0
3226,1322317080-fb37e8767a70df7637e3c5aaa22246e1,0
3226,1323529380-d2c2f7153c299a0f2d172a9497cd11a3,1
3226,1320896280-2a43b941a281257e31e0c980e1dc5595,0
3226,1325279940-f4c2d763340d5dc2dcf991981ed533b3,0
3226,1324032420-883aa4fbbf65a64beb72d3217eba16f2,0
3226,1326029400-fcfd5021be6de796a15243b0189f68a4,0
3226,1325818620-0bee5749bada7e48cb233b32dfa35462,0
3226,1327209780-804c403160d9c28a5956cfb084aeac8c,0
3226,1322718000-25f32efa4d63cedea21392db32814953,0
3226,1327649400-c4182787eef9735f530ee17fc6cf26d8,0
3226,1323730800-100c32c50c58cfbe48e0e4b25800545e,0
3226,1325594100-1dc04fc19415686b5a374a5ed48aac5a,0
3226,1321032600-d689a9cf9365b4302e505807034efdc5,0
3226,1323224400-d5ce7a569c69cd63d8c3f87e0c645ee8,0
3226,1324480740-7d12ff28b23c60c8d217b65246d45c14,0
3226,1326251100-6756fd8ab79a4445018ce46c92cf87e5,0
3226,1322418720-96f43dabb9893f335b69598981dd5382,0
3226,1321543020-88ffc72e939d64a4c768ecfb46f0e1b0,0
3226,1326257160-c89550b8010c93e3bf9063742a67dd37,0
3226,1327218060-08accc9561c1653e7eaed4114e408045,0
3226,1320312660-f7329ed852e4158c6935994f2d93d166,0
3226,1322448180-47482e68c449fc2d3cabcfcfc749851d,0
3226,1322902380-9dbd8a32b3afe476f758466b9b80f1a6,0
3226,1322704680-d751b9e942b285f1add9a54a90179874,1
3226,1322384280-2385dcefaba7748b1f22593191f9084b,1
3226,1324974000-b7b994e92f67da1a34b0140b47f39760,0
3226,1323992820-b8ef961271796541df03c76566a8a2f1,0
3226,1325105460-85e88ae5ef1d12626b08604db66eb564,0
3226,1323016740-598c7fc9055a6f98f341af43c2d2c094,0
3226,1323571920-45f30935cc0cda9cbb6d59dce3756e9b,0
3226,1327954380-dc9b2e95d538f69ec3b239b13423043c,0
3226,1321649940-d62d304c5beff83de6a2bb8911fb18fd,0
3226,1321378740-7cbc8aef9a661d040f10b352df67df6f,0
3226,1320238740-71c3a1714bd9262b4775f4604cb99b0c,1
3226,1325172660-2bfbd3ff48d2b69131afe20a7cf19557,1
3226,1320800400-334a8a082c33b1678c0e6ee80b3fc1a9,0
3226,1327506600-17850a984f54602878051ff04f80bda5,0
3226,1321163820-61a4250b03840f3ba292b49249e4fbbe,0
3226,1328053500-d0cb40c0a8347bf056e861268dbc1f41,1
3226,1320450300-c8e528997ab476ae87908f6739a815e4,0
3226,1323630540-44e5eb390b76d2f5e3be81dea7e60421,0
3226,1324991220-d485610d9ccad9f2f4fe024823dc2d15,0
3226,1324161660-2341fef545e88d6061ac7f99ffbd3311,0
3226,1321051560-aba8ed2adb0757cb05051ab6f542e3bc,0
3226,1324349460-89f87b8506012e85c1620c048c9d2a3e,0
3226,1327392000-c14276a45657e9260b990943d97aa45c,0
3226,1324397340-beb4c968a6ba93daa407179724f9e38b,0
3226,1321362300-33da01262c0392446e696cf149a2db03,0
3226,1326891780-d127bd000f4c232b14526618b1a78c31,0
3226,1325552700-49b1100d48b8a2a4b569f63cc23e54d8,0
3226,1325084460-8644b654c2d98bf0629e788b3bd9a5c6,0
3226,1324676880-5e42e4cdc5bcdf8f875d2d4fc3d2f47d,0
3226,1323407400-b531cacd87f4a4cb1f6cec02a0cc06fa,0
3226,1326011700-b8068609da780499835a7f7e4dafa877,0
3226,1327198080-035931ce87556492b302a61ab66ff56e,1
3226,1323869820-b44814e8bb68e30d46ad268a0c87ef7b,0
3226,1324353540-26eb40f2b41eceb3dda8706259fe6d29,0
3226,1321887060-98424117a0acf0b4b02d4adb2e8e7ed2,0
3226,1320426240-6c27569313d0ee5f88e905b81b495a5a,0
3226,1325024280-685f07de245bf7815d117ff6b2638c28,0
3226,1327384980-b731a51d0a853a028480ef0924c192e8,0
3226,1326503940-4a0b2351173233f8305a88fac3d35b17,0
3226,1323996420-023fdad9185405c793d2ab033d76ff50,0
3226,1322671380-80aa26efa9cd7ef1da0bd23f8201fa7a,0
3226,1324422720-5d8cf76051e87d805980c91fc4a4b6cd,0
3226,1325173920-023f3d08bf82c9ef4d99118a5d20b2d6,1
3226,1323096420-9cc9dd00d138d2cda6b1438849f6ca2e,0
3226,1321332600-93b03e7281f45c40b8858b45a3e1ebaa,0
3226,1323150300-7564b1f49d518b53103d804dcfa56f5d,0
3226,1325437740-75b509f03a2e63c937e209db111eb091,0
3226,1327362240-a60b04ee1113442b085f41e1f2e6d542,0
3226,1326029400-fbe7fe5ad7470e826321abf194ab6363,0
3226,1323011700-4fdcec5d6b20be0ff9033136564896bd,0
3226,1324063920-95f1a976cf3941c2ae05ed0f56c0042e,0
3226,1327711500-c210a3244b559e520d4ba54ef932e44b,0
3226,1327432080-2e284a4106ef66a4725c34ea1cc8d402,0
3226,1327975200-0b90b8e032338a6319d301aa0906ceab,0
3226,1326570360-4c1f94cab5d4f170ee773b54f4223eba,0
3226,1324066140-79ef56d6f7bfec61d8dfc5ffcca28887,0
3226,1327110600-99b8cafc31d8847d0f4d29f6fdb6a313,0
3226,1324153320-7a58c2602b219ede0f46935b025a4e93,1
3226,1325202060-71987ed8e6329074047086a83a36d59f,0
3226,1327181760-57a9acccb01d627e5bdf8c8cf69fb152,0
3226,1320107700-62eea3d601af53ff7d6960331903f723,0
3226,1321676460-67bacd269ec48b45a91cea99b075d9a0,0
3226,1325280600-23463157c4993fed20d478632fb17358,0
3226,1320325560-77753deb04b0722d4961c28aa7d99ae1,0
3226,1327001520-5b0140023593330a010d2b8c43c83bc4,0
3226,1325425740-474270ccfe3b89c828f87ebaf582f8f6,0
3226,1324145160-7e2a7af5bfc1f910cb2c2a093fe5ff44,0
3226,1322764740-27d3ae142f8a0aff170d8fb7922532ff,0
3226,1324258560-d073c4c31bd1c282b54889c83b6279ee,0
3226,1323673200-329d2894e59dd13849db057033ee1bfc,0
3226,1326396720-741e46dc65eee76308e8c6dde8a49fc4,0
3226,1322024520-b140794e6118a3715e0ba7e1be854d9d,1
3226,1327609500-df59ec3907adadb12ee41ec7bde76895,0
3226,1321566840-b1225002d54b66215480578691c73e8b,0
3226,1328053500-d54a47decabdc4420658d75cd6294cf0,1
3226,1327916400-3acd01a403df3db5f7250496ad3d5068,0
3226,1327506600-605d093a6900a240e8b9c7ad795da479,0
3226,1326605460-a6a1f0735987676f8581cb8fa3dbcc25,0
3226,1327611180-fbd759d23b576f8e2acf655c95a2182d,0
3226,1320821160-29f6b55d6e5edf4ddae73470b4ae5973,0
3226,1321300200-36e25178cb0a0d2d4b83d1ad96c8a521,0
3226,1327948260-1fc62b2e61eb8faedb4e48842047bbab,1
3226,1323824940-f810dfa2d6629b13ff541154ab714242,0
3226,1321797180-1cff6c5da72867ef962492309742fbf7,0
3226,1324094340-d0adf0f927a6a887d1c31740010e6505,0
3226,1323815580-d70f6d3f8bee764f20a71eff6a24ffc7,0
3226,1321716360-921bf530e28eb882f15b8b026d901bc8,0
3226,1326701880-d626acce6f41700b87de11a9bbbfa265,0
3226,1326681000-8338641e38780cbe376b3f3cfe35c451,0
3226,1320530100-bfd58ef4cce90566f21e77106d342166,0
3226,1323630540-2cd95495132b527647d28487c37673c4,1
3226,1320903420-f22bb8626bf4bdb7344cd88d581bf500,0
3226,1325493000-4f4c1ea542ed5a7eab03d51da1d4b142,0
3226,1321189200-880cd0df3b77bdbac6e76fb12888662d,1
3226,1325510160-c21e0a145d016eddf129cf0478ddf072,1
3226,1320862860-b0d0a4160f58ea742675f647071e9e78,0
3226,1325734740-f4556ee877682b878a1a47ce11ebd072,0
3226,1323630540-addb98675a4d1e246fc77d67909acea1,0
3226,1327678560-5c3a1de825088156e06ca54fffdb3d1b,0
3226,1324993620-44409bf529eec19cd94848498234a16c,0
3226,1328025900-d821b30baf627780ae2b1748c4859959,0
3226,1326696000-936fa1777cca6f13a2340bdd9ac0c8bf,0
3226,1321042380-8cfa5a3f7cba7a6cb1fdc9e9c8d00d2d,0
3226,1321669740-c9a7772ba672652a7fd6439f3fb42d5e,0
3226,1326504300-d564e44164aae969fe88ce1ab98fc813,0
3226,1326992400-65e2f164f82c67d612babe6c3aff9522,0
3226,1323704820-4f90aa930802a71a8ef6e7cbc7fbc920,0
3226,1322684820-39b15ee930200ef4e03e819292e291a2,0
3226,1324051020-d84478d1fabd1c3eea195c44bfb337b0,1
3226,1326582180-543cc24e55e04b4cf9dbfc33f0e74dac,0
3226,1322108040-92a51cc0a0250667d6e717859bb0a38c,0
3226,1325721840-333ec109a56149a19ebf2153e40dccc0,0
3226,1326259440-b506f145d2b5b05a3c43dba9e6d7e306,0
3226,1325129880-8f1b907a0dae0f146fda1cf881850878,0
3226,1322042580-d727bae7e417a2bc8bd657812fdbdc2e,0
3226,1320567060-416893f6c68dd5ba4a6bd8890610de5a,1
3226,1320566520-52fb02b240171051705e2d9bcc918198,1
3226,1322915580-b81af53e26d0c33a6592771a6866ec2b,0
3226,1321886820-3c23a94bbfedd2a0b671e9d5c1f6f11b,1
3226,1327506600-b1245e460806252dc9c2951a5b148a07,0
3226,1320238740-9cf92fc3b6890a0226ff31311447c267,0
3226,1327698720-8fb28889630cfe5b3eb5c077165b005f,0
3226,1322498520-69e2bfcb16e454b8bdac338b54c59124,0
3226,1324911480-d29086eff0087eb66c5d429f53768714,0
3226,1327129380-fe9921cb1128d2a5242543e37df0e769,0
3226,1325239020-3897d6018207455bafdbe99c4cebb906,0
3226,1328053500-344877c4cedc40b0f5c79e2009cffc10,0
3226,1320781920-1a85da3097e4028d3683b7bff0d925d4,0
3226,1321305480-7cea963160038d48efee4d61ce37986a,0
3226,1326998340-c4b7001eccd6958166086e05e250b292,0
3226,1322798100-23403b0a8d35d6dc2165d9e3284674dc,0
3226,1326259200-211ebfea6e5d10c94671657519da4a1a,0
3226,1323222060-d8e531d363e3c396c16955bf3e3947d9,0
3226,1323139260-4df2f9eac9bee0377f6d9a90a094ba28,0
3226,1321692060-d87cca971ef91ccb40ab7d8be4479e97,0
3226,1323118560-3826c7fe718a88953e7f36b5344370c9,0
3226,1320354900-b9f3855cf20a80a83ce4650760943b9b,0
3226,1321576680-03a28616f69d732ea83de4bea63174a3,0
3226,1323109860-f0a05af96e3c4556db9b83ccc736783e,0
3226,1324993620-482dae6e139188c9e8ffa2c9bb68e546,1
3226,1327432080-27ead00031610e0d8581c973175f3ce0,0
3226,1323657960-4b9f00fb7a8777915b11bdd36df99f7e,0
3226,1320238740-f84d741d88beba8c3d56167d9b37394a,0
3226,1324315560-763facea87b9170a3e8223b71b7a1b96,1
3226,1324639800-5090c7aa92c3bd0764889268729941a7,0
3226,1321886820-0351bb0031318fe79b36376c80921f26,0
3226,1325217900-587cbc5f8fe8f0d21254ec98a3029370,0
3226,1320857280-c84d5b0aee85fcbfa32b2101a1ba9c4f,1
3226,1325113800-0d403940cbd0916a7d30d22509570c67,0
3226,1321643280-192e9471e2de428fc6b59b33d0fdb80e,0
3226,1322754360-174b1b78d8b4c140ee9cd5dcd539df6b,0
3226,1327159020-19f42138016934c4d69a3eb68cbd6fae,0
3226,1325823900-40e91754948a46af764d4c13bf283350,0
3226,1327040460-c2e3fbea46dc5877cef2b24d57edb761,0
3226,1324627140-8f8add1f5a2a6583b539e29f1a89a830,0
3226,1321677000-56f9e0eb5d950f30e960ef5a44eccf15,0
3226,1321491420-aa93dfef7e062ab9992c8fa7a0f1e714,0
3226,1321725300-4de2c9c9bfe3f53393190bf3d9d4fa7b,0
3226,1325238600-336ddac02644cd5e7548a4b7320893a5,0
3226,1320133020-604399ab27214134424449f909858973,0
3226,1320944940-d3faf49e189bc7cb94c4011354fcd3c0,0
3226,1324057740-415805bb80c658be5a3310ed0c2cbf6e,0
3226,1324639800-07beb13612367a1515f3decbf807d494,0
3226,1325089740-bac4f3554ddb108475ba9fcd434bfe52,0
3226,1320674040-551153c354dbea3c4632766b7a185bb3,0
3226,1325132040-9b6878df5ef776534b80e57e05985d68,0
3226,1320177900-6fdc7b74f3fac0e623080e9e84f3cdfc,0
3226,1325857560-95e7b64ab9c209d7a3d3fc02a6643ad4,0
3226,1323737280-0748e345ea048e7b0a13b504a307660e,0
3226,1321196760-5dcfe373a7d92d5b30a9907dfe8f0731,0
3226,1324480740-805e0e13a0b609f724892ac9509f5d14,0
3226,1320467640-caeb3d062166cd8162a5f0a2cbb09cbd,0
3226,1320969120-91ccc5ad2dfb18e2508f2a98d458a2ee,0
3226,1321051560-b04fc61241cd75588e56fa05258d86c8,0
3226,1325014080-a7f2c65594cb247c8f507ada31812f70,0
3226,1326799140-bd93d1e84a89e6e3b856f4ef255ff9ea,0
3226,1328046660-0036a7e33f721627bb61c1fdf1e8efd7,0
3226,1322750400-ba82e695e9264e3022fbd36f9df07ad9,0
3226,1323009240-b4fc13ef98354b96c509e2cfd034c6ff,0
3226,1324549440-a193a19c12c4ebcf2616dce9436a5ca5,0
3226,1322062620-3d5e359c94294b4fe31945d16f957ffe,0
3226,1327510320-5ca1d3f68f1e5860fdfafc810a1b9f2c,0
3226,1324012980-25161a7ec286f3abcf6934d442b26518,0
3226,1321930800-8bd2b6ada85e385bfb9f03707f47329f,0
3226,1327609500-0d3f96862e3355f4cb9cde2c0e1f67c4,0
3226,1326264540-44664649ac238966069da2aab1fc62ca,0
3226,1325195100-bd782a2227c7b51413a544ca0cf75ede,0
3226,1320810840-40512007b41acbc7b6cd9ca0c9d8b828,0
3226,1326232080-b0da7a90ca0671f3878a633b745fe691,0
3226,1321456620-dfeedf8da1633268a557c6c8c33ce3b8,0
3226,1322981760-b855493b959188e090bd32e285057531,0
3226,1325562240-77eb5648a69c885ec9d5131e60237715,0
3226,1324568160-b019bee47db7f387c3234a6a6fa45389,0
3226,1325062140-32df02ca3ff9afcedd76bc36f863fc3c,0
3226,1325806920-91b3d605149b93e3b0ad6da115a468fd,0
3226,1320833340-7a54fd3790a2c8d46bfe56278979a543,0
3226,1324863900-976058dfbc2695b46d649447098ad253,0
3226,1326078720-be487eb0b002ad01f9218b1526fee66a,0
3226,1320838020-6898c1d4873c73f75cf82ee69926e43d,0
3226,1323361980-74ebd2fa388ccd76043088a71242d6a8,0
3226,1323172740-d60ab5b7197150ceb3d18483ded411a4,0
3226,1321492980-699463cf2e611159c1c75701f692163b,0
3226,1327671120-adaf70d0df113be67a3bb5da044ae4a6,0
3226,1320405840-6ce496774281af6d99a06390a876dace,0
3226,1321716360-159efd23bda95de4d8133e2ad01ecfb2,0
3226,1325011560-c3416f023685359c84ebe55cc0457836,0
3226,1323110460-990765385f8223bfadfd65823b661cd7,0
3226,1325500860-03df4ac8c82f4de24a4dccb58f9ae00f,0
3226,1327970580-04d35aa53d70182958ee5a00645388b6,0
3226,1325223660-ad3be9b2e37b784e5d5f53caba910d82,0
3226,1326771300-2dfe16ef650a248f0fdc55aa652bdd5f,0
3226,1323238140-82aa8e2fa873bc92c284ac9716f9bbc8,0
3226,1326681000-bdab87584cdc91236d2140e9053d020e,0
3226,1326939540-7f1dc441a35213becf0179e375a7f1fe,0
3226,1324890360-57f0a9d027f067f8bdb8c5a0b059a64f,0
3226,1326113280-495420085849c5f020bcdf29c9f18c7f,0
3226,1323714420-2aa1c0b8275580005af75ea334b64f1d,0
3226,1326423300-86f268020afb411f5b23aabbc76c263e,0
3226,1327374960-909495a87c52b6c8c57c6559f35a584d,0
3226,1326787920-abffac8694c613e48b2b0528c903d2d4,0
3226,1321613640-784039ed01e5ce6cb94fae8adb3b967e,1
3226,1322226060-ab8f36e72d38f384b02a5d8a01f7065f,0
3226,1325119680-8aedfc469f8bf875fc7f566142f511b3,0
3226,1326895680-3dda2e02cdb1df44a1e9a0553c52317a,0
3226,1325541600-d8da7a26238110e0e35a86c5e35fde10,0
3226,1321112580-862f5b4a167906477050b53e49553e76,0
3226,1327969200-b54ec3bfa0bac9543f2b825c4c42999e,0
3226,1321591740-17c6c99539c167d21b153d0667d97ba0,0
3226,1326347160-615736cec53e6593943d6f62580bf639,0
3226,1324055040-6cee970c56b25a4fb3c8acd517db4fbb,0
3226,1324069080-4ee8b3b65ea43101e9c1b0066588b509,0
3226,1320436080-0ccc6b9addf9023c9a1a506346257d57,0
3226,1325708400-235cb6a93b1fc3da776135a2f2f97185,0
3226,1326393420-148495c639a0778972c2c8effce9f40a,0
3226,1321239120-0d4868a6ea4d3a408d948b4cec1742fd,0
3226,1321024440-d774733e03cb7471c35b2aa3ca212c52,0
3226,1327342680-ca7428c9b43b3b9a6bda916b55b89425,0
3226,1327354560-7ec24c6a2609f3d44e9e0a59f65b4dff,0
3226,1324575240-5b05a2b5e7699183ede7d4c4a1f5090e,0
3226,1327032060-2e7f874f7d223462a8b9a465423df0aa,0
3226,1322671380-22ed893e0608037b50d094571cc6744d,0
3226,1323378240-115ed91957bd328d042ca06aa9aeaea8,0
3226,1322962020-4e94ae252aa3ffdedcb626450a88d9bd,0
3226,1322094000-784ec5d0f0d3fcab7d620ef81e83379d,0
3226,1326481080-a7bc6c6b366973b4f215cdf93542673a,0
3226,1326268740-8dc98686ddbd807019f89bbd4e872124,0
3226,1327642620-79795690c19726d4fcd27991484662b1,0
3226,1321050060-24a97eef1e9c87d349f17d3f3c86b032,0
3226,1323342180-aa3e7ed251e183211d74cf6904b94865,0
3226,1320858480-5e54e83d73010d0c771d60d915815b58,0
3226,1324422720-f9788f2a647f58f53265702f049a14d3,0
3226,1321930800-a0d8bc96f7f3b2ac5e75d4a8ab01d19e,0
3226,1327724580-5f49496010c2d873ff693c67bf582197,0
3226,1327153560-ca527a870fa47ef5a02d05da174c0b61,0
3226,1324448400-28293dd4d98841f6f3d9f511afa5091c,0
3226,1324045080-848a21d82a2409cab267ada5127f1bac,0
3226,1326816840-20a655fe485c247571334c8d5c0ee109,0
3226,1323927780-3fd11e0db36dc4716cd588e0cfc578e9,0
3226,1325691960-89264ab21991b83a1c200059b9905385,0
3226,1321001640-cf3e1dcd77d0d4be27e4c6671308c39c,0
3226,1323992820-cce816a1ccd5c0578ebbbca563c3e654,0
3226,1328058360-a50d96b6943a38712600a43d72b2c42e,0
3226,1327015080-c5a3e65d28f9a386d3ffac02a389a7ec,0
3226,1327032060-b3dddb2a931b6fa21f03df6d8f7137b3,0
3226,1320865320-21fb10666968e9327d758ce5abf3e97b,0
3226,1327678560-d9c842aeca0051e5d544ffb5d1edd4b1,0
3226,1327079700-8a77a8ecad3d43df482a1c841999810c,0
3226,1325404800-44f2bfc6823230c33d75497678c5bc3a,0
3226,1327517820-757ecbca118ddf8e6f12fe702f8499e7,0
3226,1327711500-dc2b676b0575550a2882394b4e3d4e1a,0
3226,1323388680-3fcc9100fb22b967ba0c16fa610fdd0e,0
3226,1327600800-ba17b1fe66e70c1421a6093ef474dc48,0
3226,1323695640-30026b03e62739e3d38ab34ce6baf20e,0
3226,1322516820-83d42e537f0262f87bebb341848dc7a0,0
3226,1324405440-5b92003e77dcf5bdd6c6dc544fd84393,0
3226,1323725280-2ca669c9b6427e163460e41055e1fb81,0
3226,1326130740-53b7194a0ecd064e5bf8c20fa7a8735d,0
3226,1321504980-c41c297f11f33cd5708a70aefda50d42,0
3226,1327712160-47e7b1f454d2663a60bb60ae9fe2b8a4,0
3226,1326009540-56091aaf6ff19e2327ea4ed9e42f1ccd,0
3226,1323975180-cce4ee2482bdf13cfa1ed081e2ad5b15,0
3226,1326739920-abf5a1a404d5e1034335db6dffa200b8,0
3226,1321995960-30ba565e43d573b3e2a3f6e393b44ee3,0
3226,1326087600-82df62891ba3107d1e7770107cd3831a,0
3226,1321478100-dcc698e2af30726b2a8096aa2153967c,0
3226,1326276900-9c77190c3e6647db2c0a7d7fcedd6662,0
3226,1325601540-84277bfcbbf6143441ee28ff7bc41e22,0
3226,1324349520-8990f45d21e9869345a67e2ccea5d651,0
3226,1326337560-87ec0560e15410fb5e28a19f9c80d888,0
3226,1321643280-934f7b65c4cf2d33b0ac616fe1078961,0
3226,1323813000-8da3f1147ed454b0957366e796853910,0
3226,1323452940-cd51a1d77058f395a5a102002c984c4a,0
3226,1321402260-ccd20b92aca57d628972855949b41720,0
3226,1320530280-9fb370e765b8b61917e949532b22ff15,0
3226,1324339980-266c8cd7b79808e90546208a486d9eb4,0
3226,1323635520-3214c5dc28c91a8b7969d86b09abfa78,0
3226,1326823680-b575d802d31daf768ecb3fece52b769f,0
3226,1324703520-57a0ba6956ed81a00d6f164a372231e4,0
3226,1320719820-136730e7d4554638149deeb499480879,0
3226,1324431660-28d80088ba07c7e037736813f2082afe,0
3226,1326374760-44d20c01b02abdf5cc6c0f483a089203,0
3226,1327403940-069666a9bbb7f7f9907eb29ddbaaac3e,0
3226,1326069960-7c87750deb3993ddfeddedaa33745ae7,0
3226,1321458000-72a6f8e66747ba25a69441b234bf42cf,0
3226,1323462660-9d45017107664e26ab731a72be7201a6,0
3226,1326294600-f5f6a5d5e4f1bbb52da356bc24cce8c5,0
3226,1324500780-bf45e5380e80bebc235c07d8901ad81a,0
3226,1325870880-80400b6418a19dbdf5d1e8c06bd6248a,0
3226,1327519980-33021d3f078bae2bb8090a6ff674e54c,0
3226,1326187080-fed136cf6a6be2ed9506de74b978f8d2,0
3226,1325610900-9270a4d81fd3fddab2db3c2b2cf0100e,0
3226,1323727800-626f52da7e9353159881f18a491be71f,0
3226,1325682120-f7a97d2e3e99fce45734a3ca398ab48f,0
3226,1323139260-ffd8a707ad4aa85687ea224c0933ba93,0
3226,1327091880-cd50cbbee381c340a26bbd67484e9979,0
3226,1324443000-07abdc6c2469142604b925f18b6a937c,0
3226,1326201240-5badd63045efa57d84d4400996356391,0
3226,1327486500-2b6c83cb648a4a618b1282534a3e24c8,0
3226,1326825000-96f4a83139aa9d7eea66da1022fe4341,0
3226,1326933420-5de945a42c9781bfcb830b08e2fee126,0
3226,1327743000-755984548d5fed8048294601162b3680,0
3226,1324794180-13ffaa373f7294f3763e6da818a213fe,0
3226,1325199240-970962c53d47f7582dac01aa8bc9e424,0
3226,1323908460-33d65def3ef004d67b8b5eb611f69bc6,0
3226,1325729100-4318c3d6e2113759419c4c3c83929fc1,0
3226,1322962020-f0c8013be0f6f8e85b401ed4cc0a0cef,0
3226,1321557540-02333e713c0fdcf18b22106feed0fdc6,0
3226,1325271360-541dc30567a33bc211d59aded3cabd3d,0
3226,1325650080-7f14efc02dff4a38f04c130f738330a0,0
3226,1320582000-cbe621e7a0d965c966242298fbb4513c,0
3226,1326947760-3f564b1bfe7e3be07a5d910cd871c59e,0
3226,1321987200-41453af27988cc90cb319b0871225df6,0
3226,1322781900-d15a860c8b3566770413f74d18f8a26b,1
3226,1327611960-69e0af96f5d0cc6d7d4750b96f609a15,0
3226,1326758640-d44918491e9f83e3e56d94514a45c638,0
3226,1326935880-09a8f3b90f95b8bfa71600f3ad9b453a,0
3226,1322504820-b607ee2b7ad3e95cfd89db459b1f7915,0
3226,1322528040-20e199a21df4fb2ce00a166cb6491e76,0
3226,1323913680-ace42f3ad21d719e8358b1ac0c2efb8f,0
3226,1325679960-1c3b29561750850a62ff7224e3a425a8,0
3226,1325917080-f657f2388fc2edf7dbb69f5918e74f9b,0
3226,1325882880-9a7279e9281a8fa104d13affd8e7e079,0
3226,1322578860-958e1d5e12819009d769cb226e520f3a,0
3226,1320725880-f5534095bf266323985e8491c4b86b91,0
3226,1324577580-1f3c4eb623fae29e20f361824f057487,0
3226,1322060160-da3cf1c0a3c62c3c23d15f07c12fb5a1,0
3226,1322096880-6ee0a4bfdc9c6b2e4153e0758185aad1,1
3226,1321316880-beae41268e2b5d6baef834c01c3b2f51,0
3226,1323928560-5d5f3baa575c2b56a5063b20b4212104,0
3226,1321676940-01b956339cf8c856784892d638b702be,0
3226,1320804360-6d61a10fb28c8c747ae85829cb1cda97,0
3226,1321981800-240d83d3e3e8fa9e1c72e551f4beef69,0
3226,1323286320-3e346e8f7a41c79c6c3c24e45d69336b,0
3226,1322613780-82650bd64ed54b32e9505a7ab7276a9d,0
3226,1323721260-d438da077fdb81f9ef2888f0d4a05fa6,0
3226,1323330240-7cced94b1e21f53037453eb295fd116b,0
3226,1323975360-f4987066c49da529a5c3fe1fea2992c5,0
3226,1326405360-663d9f44e38b6724fd5ff32339b7fe43,0
3226,1325275260-1b31a80eb12852e84a699acacf319017,0
3226,1327798200-1fbdfb7d5e98e068dd3ff932927426c9,0
3226,1323965400-424a5176562da619169420438e9b26bc,0
3226,1320339000-306cda342f3e51d8bea85076e4ecd398,0
3226,1320892740-8f6b5485875138f227026d5bb576f238,0
3226,1325634240-822cd27edc799041cb8e0c56aaaa7a0c,0
3226,1325806920-27ba4f3a340c6073b4951b0849505b22,0
3226,1322457120-64900c80e9ddd47ffba67190d578e98e,0
3226,1324695000-8dac52b6b50ff5846a7d850b3480b7f6,0
3226,1323377760-b992abc62308efbcf20acc25dced8b7f,0
3226,1324581420-1efb46f1e5173c0662a37e87a1ae4b5c,0
3226,1327374480-5b34eac3ebacb9b7e5822727f38a3fb3,0
3226,1321457100-73eb4cfb5a498fefce24034f06de7724,0
3226,1327091220-117acc75ca615bf27e195e219b4654ac,0
3226,1321051560-64bcefdfc09720564ba8934f53defb07,0
3226,1325695740-85bfd255441e58521e5fdd62af18b485,0
3226,1327757100-d8f33c7d3580fe763e995b543be613bb,0
3226,1322668260-60e6b23357b131146d72cea858528e0b,0
3226,1321915140-5d5b200b42a31b30050237934e7b3939,0
3226,1320923340-af38ba50d3e958078d8c6a248f2cb14e,0
3226,1323140280-4bb3745467acda3eb898efa653f97566,0
3226,1323935940-b652b353075f6c98f97083f6fa4a31c0,0
3226,1325884860-6134831776b318b5e8f6fd049509a340,0
3226,1323618900-2783e142daba863a73fad46f99273be5,0
3226,1326823920-3c8fc00e587fb3b31bec4dfd014e51f5,0
3226,1321376280-429e0ba9f8a973aab0ff2f031c4bc0c5,0
3226,1323927780-de425d3df907cdc2983d21fe232a3854,0
3226,1323460800-70e13c35e84df9f62b48d008bf05667c,0
3226,1325661000-877e69e078df30587f4281138c1f5198,0
3226,1325009460-ddb55a77c5c230f697971941c0a2df30,1
3226,1323153000-0971b40eb1413ed3f8dd0c2f3eeee4a5,0
3226,1322930640-9402853881f980090fc9a5cd9d02fa00,0
3226,1325641320-2af923f5eef50992c97044d8bc59f86d,0
3226,1324995660-afa6ce24e3f1f5b6da1c087afa6fe17f,0
3226,1323298860-1ef42134d628f377ce56cfadbafab5ba,0
3226,1326936960-ff0aadd1daf6d5e7608dca637a71febf,0
3226,1320462840-f8332ac56e5c5b1fd2898d400c4306e1,0
3226,1323554100-768590b7bca97b2ef2bb2ce6c1cd5136,0
3226,1323104820-669fc7ee2b894b56f2f8b4b82107a9b3,0
3226,1320410040-49fd9a40abb4a19188b7f0702ee35c2c,0
3226,1326169800-12f11434410fbf796a0d2af843dde603,0
3226,1326327540-d043b313f02355475f23b1031cd7ac07,0
3226,1321716360-35f4a88d7e0da56967a8df6f326c0a0c,1
3226,1326347160-90c6c0097aca0c33afd5b5abc6a27eb2,0
3226,1326895680-da530d19d181ba5324e5c3bd20fc1d30,1
3226,1326487140-68242e1fbe9475bb81f2f3b70a2e3498,0
3226,1327173780-13ac24a7a413c81b5e3b8c7f3e94ad29,0
3226,1323873840-0bae0b3935684248b4fd935661382f3e,0
3226,1327528620-7b9b709720102839196355734b731588,0
3226,1322320740-f9543a695b665414ce78b2921bd93aa8,0
3226,1325029800-02e3e1d429dab364f663d27b25a99881,0
3226,1325661000-8a108c20b1fd309cd005115d7ddf9505,0
3226,1323422820-ab457dc4bdd622b07c833017b5a1a36f,0
3226,1321770000-a54aea14baa20e6702db3fdb578390d0,0
3226,1323125100-dee1b38754a1ecc20cf08b7179951c68,0
3226,1327966440-d462a568374ca11e6365a2149bb48a7e,0
3226,1326323280-05b6752e4a45ecda579ac9086910703b,0
3226,1324515900-26b34fbab704cf7df66fea939af8a416,0
3226,1323869880-b8aee348e7e0453f02ca80bcb0083394,0
3226,1323615780-0d0699d48caf867ae015c8b00d2ff155,0
3226,1321316340-001c9954f8ef776212511623085f9cb6,0
3226,1320862860-8d7a8f5a15fb0100d99a154fe340ef73,0
3226,1325949480-9f08492f4ac37d5adff5608b8c81f578,0
3226,1325510160-16b051fc69c355a59846eb128d525949,0
3226,1326837480-b560f9c047de14d1c3dcbb527d9a1be8,1
3226,1325239620-8dab9a9b2930ccc7fd40ceba5126b909,1
3226,1325158380-3594b9244fa5fd5446d23fc3ae713418,0
3226,1326519360-2c4ecc2d3e863d3fe9a1c878d1ec70ea,0
3226,1325673420-069fb4db959b71e52c088a1b05f3bdb2,0
3226,1323651780-11b25ed53dbf4b92a10870ad53af7893,0
3226,1322847120-bb7e6f57274c9c2cf6cb2d9b1e2657a1,0
3226,1325683140-64fbcfb24ddb76105e39d3283efcb08a,0
3226,1322049660-b6a59d280113b687827f640a181dbe67,0
3226,1324770240-f67f566a66388eb721fbe394ea8edabc,0
3226,1328057160-aec73f750b59020da0526953847a83a7,0
3226,1327750020-860edc17ce33c470a6132122fe1b5e3e,0
3226,1327019460-bcef56071c965901a66781214aac36c9,0
3226,1320537120-b4b4b7280a4f09a6a7fb690b0f922aef,1
3226,1323808500-c67e95a8dc0ff6372918706487e852ca,0
3226,1326293880-5611ae4dc159b03027222bfff5c40001,0
3226,1327070880-afe96e072b3bd2bf5a909e5fbafd2fd4,0
3226,1323611640-0bf0efec29d0fb399f205fa47e47ba7d,0
3226,1320866520-9ad6175498f6c965e09d828274d8e0d6,1
3226,1325933640-4a7057fe0042550909d6879b0f1b191c,0
3226,1327352040-2d392a0c1a6919f5e3e71655003fda77,0
3226,1320333780-d3f0d9dd153328d38a0144234d73bce5,0
3226,1324085580-d3ef6711f2dff6492624a093d8dafddd,0
3226,1323458640-3bd41c0480a61e41ee5fa0aa5ada2712,0
3226,1324601160-0f29eeb6407adbb18eae93acb353026a,0
3226,1322312040-5f35995c85ffaf0ae733dd73cf94f4dd,0
3226,1324606320-de26bfc5fdaafb2ee0674cea90e57a4d,0
3226,1325310780-78e1167791cb3de62c7c789beafcf28b,0
3226,1322093700-6fa44e3be298a69d077a87b5aa84da7a,0
3226,1322962020-1721796b820b068dc6bbc8646a9e8fc2,0
3226,1323725940-32e7072826360265e99a36bbab009ea9,0
3226,1327638780-5dbc55e6ea158a23d7f2436a79b013ac,0
3226,1327821420-1077b3c3317bd373815b344cba7ce276,0
3226,1327576980-fc72ea75e23e4d349e7e83ae78db87fe,0
3226,1323779460-514b77514ed70e233e4400fefc2d81c6,0
3226,1323982860-9e35824fda6ec6f70a55f4e560036e42,0
3226,1323935640-67eeee3962e65268b6c649361d075f55,0
3226,1325247960-b85f8941e4ec8dd20b3e84eb8f8d5ee3,0
3226,1321614960-bbca0e0d867f5fda23ec6dd22ae453c1,0
3226,1321514040-a368047f291238a3544743f8e573a59e,0
3226,1324343520-fb4b4cf474a5b024a0e8225256a45898,0
3226,1326073560-aa7cdd5017a239272007dcfa99e30f9d,0
3226,1325963100-1f9637d347c4fe9d727b437719a1e18a,0
3226,1326842580-266a4f6e685ecf0bc55e7ae4421df0d5,0
3226,1325904060-64bf31f1536dc4a36e66b35ff26ae12f,0
3226,1323323580-3e14d3288fa40ef12319a8a77ebbee7a,0
3226,1325130420-dde5b06854e7935764eff6863effe168,0
3226,1321513740-b115eaa961e84b56c540a664c9a1f9cc,0
3226,1327432080-1156a879d662c509ac30786d8638bf30,0
3226,1320772440-88fcdc8278165768c58a9595a5f4cbae,0
3226,1325855040-867f5be3f853293b106753880dc0a339,0
3226,1325469540-0cc96889188e9f3c6dbd94774569d6ce,1
3226,1322071800-b4029cc660391e987005543d2c6fd336,0
3226,1323901320-67fb5c1e41b57755535659f0d6cfa241,0
3226,1324639800-5c34f36a9215e36c8177b223adaf48d4,0
3226,1320984300-7eb492ba776dd5ddba2392e952e538fc,0
3226,1321315140-2c272a958c45f98ac4f25e12f889fb3c,0
3226,1324515300-9574d8a5b208acbff27f87a946086468,0
3226,1320475740-9b59a23695ce47ad0cf50fe0ce1a69e3,0
3226,1320720120-0771bb8927575f272b83cadf3cc39fe5,0
3226,1324214340-720dc849ac77d88452772aec0238e1bd,0
3226,1324879560-3f23ced03670f64c0ffe1da6bf44a170,0
3226,1323443580-58e1baa89fd7bfb8b25981a75bf269ce,0
3226,1327979700-86553cdf793ca905f6fb908c93415698,0
3226,1325884860-5d79333aa70e53a0cb30edfa1e55bdd4,0
3226,1320530280-d236cc1a1ad095e8d06c2f5857f15d30,0
3226,1323313980-101090d065cc65462fdd2a9d614f07e7,0
3226,1320481680-d670cec76483f983fe74034d7faed3ba,0
3226,1327188780-096bbc1a7d87250020c08eb7992af7d7,0
3226,1327107000-b6b71c2d5f909bd88f6b37f6f7a48f31,0
3226,1326460560-167c5576fc085502437906340eafa341,0
3226,1320964980-f49b1040d664bc2c179fc33a11577c6d,0
3226,1325458500-c07ddb744271895d02881f49d513cf31,0
3226,1325976660-2af3d63f2e1d6d9f3352b345973f431f,0
3226,1321762440-800719294f18ff1941f0986b5660b465,1
3226,1323386640-ad1b893b1e5596a822ee12951490377f,0
3226,1326616740-103102a3bdc13a4f07429a943e55a5c0,0
3226,1322925300-a288d7d1145afc6cc25d25822da732e3,0
3226,1328010060-7936fcb98662f66dbc81d448e9adfda8,0
3226,1320216960-f18312cf60530d283a077115e63e3bf5,0
3226,1326134760-25e3f367ba43706f85dbf1d29c1ec2fe,1
3226,1326106380-62f5e2ccf0f8d058f2f952dfe694001b,0
3226,1323887580-7041007281577530758e0a4cecb245e0,0
3226,1323144840-474e4aa8a4cc88d66e1b4bcd104ff9ca,0
3226,1325241120-83110c340cbff97240c7ee6b5ce857d6,0
3226,1321709160-d96693b71f36ea457e4a9e744d937565,0
3226,1326012660-2a13149512fab9f193ecdeef71fb012e,0
3226,1321951260-7c262c3b1e69f2d64124b1f6bbd5e654,0
3226,1321316880-56968ff14e0c2754dfb1340c509385be,0
3226,1321484880-5502e99931605e2b016c2f791ca956e4,0
3226,1324816020-5b78c61fdfeae6979fde31f421b74ff0,0
3226,1325689260-a581eaec902e059d831a716623b211ca,0
3226,1324445280-71241b46ae2f7a6b257e84ba6a53d8e3,0
3226,1323447240-85727f876476d487ac3167fb4793f03d,0
3226,1326220800-f25e4d6f24b59246ceffdbd0401f1b3d,0
3226,1322929800-1ac7a2b5cae2a3e5db1d90843e7ec536,0
3226,1323807000-499f891092123dba20004b22f7b8b0a9,0
3226,1325680140-724f6ed7724a406bb7d6aef5841a447c,0
3226,1327594200-91a3d268f19b86d6dbfcebfbf958f031,0
3226,1325941980-a5df16711a88bcae0021b991861e7aaa,0
3226,1322139000-6f5b326c0765e379244995815ce8ca48,0
3226,1325189640-b0c0cf10564bca935ea5e01da10212dd,0
3226,1327629480-4163ff90c7e78e4f85df7c10d3d46949,0
3226,1327904460-7f13dfd2037a3f5c4b181cfb36a2ae58,0
3226,1325349120-54ccef2ac992b3330fdf439025403ad9,0
3226,1325620920-3b7c52031d030673034c0a8139a36ea3,0
3226,1326316680-7949f13bc23bddd71982d1987de2087b,0
3226,1325886660-d6e0a626622a1e5926cb9e44387c79c9,0
3226,1323894900-1297c585265c1a9ac33f4bfe5a26839e,0
3226,1322954220-bd13135a21ae59ce30d605bb9d44dad1,0
3226,1323924840-38d088573dcbc92409fa8a3962f68a95,0
3226,1324493520-028bc95ebd404a71c24d3b378fef1f9a,0
3226,1327770060-3095844655ade8da6b56ea4524fb7dc4,0
3226,1326842580-02f3204d559ea3c14be56a6ba9044010,0
3226,1321239120-977762a5edbe683fd8d408f1e159e637,0
3226,1325590800-396ce53dcc5a67e0730a6565b7f1100c,0
3226,1325185680-da3cb62cfbe30492964f1483c50dee38,0
3226,1324527240-9ca102397cb538e573296d210c1a732d,0
3226,1325991600-a312a77a9faa4e668671ca15f55c8c84,0
3226,1323714120-3759b80f56f717c708b759c466840632,0
3226,1326638940-b607234d32901527f81ffff24eaffc97,0
3226,1323761820-970213a4e2464c5a6eb1a22c824a5644,0
3226,1327623840-2838038507d6edcc1b78cab9a66ad3cb,1
3226,1325660220-95c613604f12ed76bb91bbdd7efcfd91,0
3226,1322501100-06f5799bbf94afab8745ae6c5f9e1fdf,0
3226,1323557580-a6f0e0e99403f1046aeef230bfa08f23,0
3226,1327967040-14c22a015f0bedb5acdf141c228aeee6,0
3226,1326488940-137f669b479afa4f511f78a811e87d66,0
3226,1325701320-0c4db549c239338cc992eedbfc292fde,0
3226,1324643940-f9089a6ac34ce84bc06144c1d83d784d,0
3226,1321722420-ce65693e096dac93bfd56a171c9dda3f,0
3226,1320865320-718d6f2c1b9a1d6915b6e99d2fd3cd54,0
3226,1320773160-68ebbbd7e38cae14b52b9d6073b6b403,0
3226,1320972780-4a8f15be8175b6079ec3aabcc089dc61,0
3226,1325698800-19bde90c3551e31afd70547ab58a4b0b,0
3226,1327146840-4081b0b2f9b19e0b042c3508236bb8a5,0
3226,1323809280-23c3d172fde07d570cf703f3d7a57336,0
3226,1320813840-35111771d51fc67af1d76fb580d4027c,0
3226,1326453480-a6dfdf069357dcfa6198427ccfec531b,0
3226,1328053500-197a59ec1b26d299e72ac5c617005b65,0
3226,1326724800-5c3622e69d6fbde0355c326b08d00709,0
3226,1326560040-1ac526a82189127ab612b55fe7bc1edd,0
3226,1326397200-8ab5a5586664193325622378ff31e556,0
3226,1323748560-a1815d16ef53f445567a6986acaa40a4,0
3226,1326143100-4a4501d1e4a830690cfdbc807ddc0831,0
3226,1327713780-17be35aca4b50258beccacb4e98546cb,1
3226,1323709500-b6e3497364d6eff9fa26aaf26bd545b0,0
3226,1323192720-d06193afdbf2c4a2674388e715a327b5,0
3226,1327110660-da7293b176dc1cfaf83e57b4940064da,0
3226,1324317300-a5958296e1acf0f60465a9d1c582fd4e,0
3226,1327979700-7fa687b94c729ba6ca5f59f48a9d1c6e,0
3226,1325786220-6d4b5c8d289b7b33a80d91ef9758f740,0
3226,1323479520-659b26a7c6ae239cf876918d57ef7b7e,0
3226,1323546420-3b01a171793c33dc62e7582aea1c4872,0
3226,1324193760-5f88ea97789def1f025808c63d2d3990,0
3226,1325212260-7a62d6de9d0b662d1a82cf05f750eefe,1
3226,1324488300-9ac6c9b2aeec97f6c343e51bedc5ee8c,0
3226,1327973340-da73c0641846e3e9a45b9eff5835cf61,0
3226,1327455000-5603f975b18d6c9aa61fd31d9598216b,0
3226,1326917700-184ab12f610dd3ad4dfe25e09d9fea55,1
3226,1327609500-527d90a37b5f9cab7fcc0d9fe0926d7b,0
3226,1324234440-d497516fa36b0ccfc7e10e97eea701c4,0
3226,1321576740-76fe55761dc762330c360c0491d2b2eb,0
3226,1323017940-4043a243be6f506b63ae56f0d0d4519a,0
3226,1326261960-9e1feb9b2f26055fc9e5b511742ceeec,0
3226,1325816580-7b71b8e7886cd9a65f2b7d967139a5d5,0
3226,1322187900-ab31a7f2bf7d696c535d269ae606ad05,0
3226,1322834760-413443ab741e4a17f67563dc16e88ba4,0
3226,1323716880-1f9dd285530862da8d4e84abade9e1ae,0
3226,1326601080-727122d6ac9201df39bedac083c6112a,0
3226,1322882880-09db7a5fa257bcc18395da7525601eae,0
3226,1327864800-10bf188401f9a5c702944d3c11adef87,0
3226,1327498140-db4442b2ed11a84d4efac284da7dc073,0
3226,1324649100-de2d66624e19d2c4ec4f0c2c96edc5ba,0
3226,1322619780-25d73e50b86092b041635da54c5bab7c,0
3226,1327847880-798e4bfe58d47988f0576f61fc018300,0
3226,1321392000-89a3d73c9a087b62e2ba7bd89272bd41,0
3226,1324145160-cb05533c094b4df3079ee26a98dde62e,0
3226,1321930800-226a64d85dc9ec7cfb4ceab4ba10f3d7,0
3226,1327421280-ab1af80d022db5f17180b68e90983394,0
3226,1322700300-f241c532003dcdc815800ee7086a7cfb,0
3226,1326336240-7b8b66dbbbaa7cc67f029d63229f9ea8,0
3226,1326703380-2a4ee2fdf9984c93ddc9c8836089e634,0
3226,1328044560-06a7198ed7670a4ddfec4731a6fc04c0,0
3226,1323627360-d8ba2dd3d2547125fdc5a338c7604fc8,0
3226,1321087920-2aece1261310cf5b113ed4469dad49c0,0
3226,1325949480-f08497388881fe3deb85a030df084aaf,0
3226,1324785180-872534eb15725d7984dd400f6b154e96,0
3226,1327471980-d20f13415dd26d071859e8b1455304d1,0
3226,1322962020-db0f0d67060d41bd985309688244614a,0
3226,1320179040-76c920ed31b32d4a41f768615c7c82b5,0
3226,1328060280-b49e2f0e62f40239ead3cb3489d55de3,0
3226,1323367560-90572903eb3e31b9cf777a8d4f5da23a,0
3226,1324161660-f9ba6b8e7cc6aef0aa0a48d7171c5e73,1
3226,1325214360-54592a798923e03c985d4112e086fab8,0
3226,1322868900-60c0aae4f4811d8a27d9dcd5c2e69f72,1
3226,1323238140-51d74a49a9878e12cfa4f9a06d198176,0
3226,1326466680-30e460fcab2fe69c7b27743aa3400dff,0
3226,1326240120-3a86153c34af50078b7ac95b1b775158,0
3226,1325274600-8e040354f05e73b9bdd0ec30be11a988,0
3226,1323868020-a5366fd4167a0600e696bb8cf8c75915,0
3226,1326070920-8f47cd5e2288c89262687973a93db627,0
3226,1321676940-026457037f8eabfce8fe244e3cb2d639,0
3226,1325741460-b194f6e0d1dba659f060c7dde4c0c328,0
3226,1326297720-7ce5e90b7aee1970dd0d1dc207d61faf,0
3226,1321024800-013c062faf3a3c106c2615198c8b840a,0
3226,1326067800-091d9149063ae737374d10630fc1e7f3,0
3226,1323994980-46ce9d30b5ce52706f4ad91bf008ee28,0
3226,1321309800-64b1d53bce6dba54fdf9272993c355b4,0
3226,1326397200-033978150896b6db907ab020494aba78,0
3226,1324614660-05a9c0fc968484b1a59f6e18b99a5919,0
3226,1326551820-7cc8504966934b8955e551280f6fcac4,0
3226,1323762060-cbc17d41176d29c455b6332644e481ab,0
3226,1327740000-ca504ec7346bff59455a33ed9c42c2fb,0
3226,1325223960-a6057bc3f8911baccfef3a485b40286c,0
3226,1320951000-c8f183fcaa7d9768719a7441355500ef,0
3226,1323615780-7007046dd3bd9cb05d68250cccd2e4ed,0
3226,1321681980-b0a706029875f61ade96168f58ba4e39,0
3226,1325733780-630aa982e9bccdddb464e0d0c504280e,0
3226,1325665920-d91db32b0263fc10d9a1e006c6b84de5,0
3226,1325084940-7edf4963e7777ede285974d81206345c,0
3226,1326242100-066c6b7f575b09dd3893c4811f862c97,0
3226,1324396260-473c4bef8614ccc2cf055f5733bcc85e,0
3226,1323406140-939fc68c9fef2167b6e0cf9795e9db5b,0
3226,1321886820-a2cd21c9f34b320271bf6e08c21c83b5,0
3226,1323582000-18403d4d64feec37b8d7612e4dfeb6a0,0
3226,1326835860-6eadaa7938741c0758a1f7fa269e3fa3,0
3226,1321293180-ddd326d1f2599183d7745eb4c04bb06a,0
3226,1327459020-bf917f6fdc553533a0368d2a253fd030,0
3226,1323121740-224594dd07f67060df50ff9af7a7182a,0
3226,1320439980-0507e2990b1067d9a9b5ac095724c68e,0
3226,1324701300-712ae32ffe01c69e24acad69eb67e618,0
3226,1327384680-1ee617a5b5a881a3a5edc9a8bf81af37,0
3226,1321676940-91cefdd3b31bffd4f99551b5195d4ca6,0
3226,1325353920-19e5da4cb3a07ef3e11dc35bbf15a5cd,0
3226,1327711500-cff9fd9df9ca81c0d1fc75dd9f75a671,0
3226,1323832560-4066251ed415478a430024b2be85802d,0
3226,1323416400-87aa5f731dfc92b7b79cc362db037ccf,0
3226,1320804540-7c49d7e368b25d49b6b08fabeb2dcb8b,0
3226,1325684580-d1fe6f536eda5e843bf69c46d1a88d33,0
3226,1321705560-d8526b7fe7be0283b85bb0dfbe698510,0
3226,1326087600-c910726e7aca24b1a3920ad4d08f400a,0
3226,1322193240-9e461e6c95f8f6f37becbc7953632816,0
3226,1327012500-b9e8ae66cc35989ebbd28c4d1e2d9c93,0
3226,1320180000-04a13269211c486655a9a5916572c32c,0
3226,1323188760-f2be4058069d0072fbc026f04fb4dc23,0
3226,1321483620-d4eeffc86065b06bcf2a6cbf0b612289,0
3226,1321597380-c32d81b52f6d44d1b5d4dcc30a5ad822,0
3226,1327551840-1e429611d91fec7f9120593f06c288de,0
3226,1322522220-dec4a8f1325cc57ec4a873a8f6b08620,0
3226,1320797760-6a0afeb49a2c1b23d20370855ef1ef6c,1
3226,1326307500-3dcaa3bf8a2a7d0546779594e562b663,0
3226,1321625700-334cae6f93d8c90adac8066e71d0ac81,0
3226,1321504980-4b61827d74b00170a8a72458ba8e07a2,0
3226,1324945860-5cbee21c3d6342bedd759b85b3b7a4c1,0
3226,1321663860-0e74c4a444f001b7d713ddf2e373e566,1
3226,1325112960-45e8c1254cfe981a2d229e596af7796b,1
3226,1321332900-8003d6f75fa3553152c2c6121cd2edbc,0
3226,1322659620-f68a8dc1740024483aae832f43a5ae67,0
3226,1322941260-17efd5bf6bfa07e68396409c6a1efed1,0
3226,1325173920-7667dc814581ad2dfcaf599a454f2f90,0
3226,1326324060-287e08f32f86648066d8481428cb124b,0
3226,1322695560-6531319808c95123d3f72f0f94475191,0
3226,1322760540-5fa79a9ee79eae896457b84469eb54c5,0
3226,1323759300-63bba931619dd60964591a351f7cf7f4,0
3226,1324308720-ab80108dfdc205670914ceb2547316d4,0
3226,1325861400-9c1c3c45a4fc46a8828def628a254f26,0
3226,1326481080-a30dd8bd454560a7c051803d9118df61,0
3226,1327840740-d3f8c5768723106ae3fc1ce3dacfe2fe,0
3226,1324353720-280a89505a5eb536803f409d239f8d02,0
3226,1321003680-628f452e8e285bcdc49b9ecc5ab04eb5,0
3226,1320475560-8ef0416ef3fb704052f662cc6c5cb4b7,0
3226,1322661960-47698c06e34b5e34c5a4d4d2d108c17c,0
3226,1320810060-d720d9d271fd0d438bf5c817cbd5bec5,0
3226,1325060760-926d33f9f726cc7505eb9bae962c976c,0
3226,1322623980-17ca7a1e79f8ccedd68ea35f3fd2e76d,0
3226,1326551400-527bfcc42bda5562c73010ffd7ebaeba,0
3226,1326900360-b482fb1e544887e6a5d8e5db7e24b09e,0
3226,1324272240-6538de7022a3c20688e93c4244932dcc,0
3226,1327194720-b2fe57180897adea7054d44f2dd2cadc,0
3226,1327696560-19bf761a1ae3254d61f6e404b0346936,0
3226,1320420240-f96ab3da038b923170274e711e5ecd4a,0
3226,1326230760-25c35018a88622cb5c72de4380941cb5,0
3226,1327179660-83450af9e70e36a01849cd78414a6060,0
3226,1324692300-677d08bb34087492ae8284fa3d72e5e9,0
3226,1324343520-72389326b9f979afa1d32eab7e9f63e6,0
3226,1324481280-9e2f216d7b81241d334a833a894abeef,0
3226,1327536840-92170bb1c2559c312035d3cac595dc62,0
3226,1321887060-500d8faf05e0738465595d58ee2dfad1,0
3226,1323326400-64365214437d3ce86c9e03261e78e313,0
3226,1326494580-c6b519ee93b4de6c26bb2e3e753c4fac,0
3226,1324182600-d0bec2af60111be44d795c84e0109d8a,0
3226,1324736820-557a5e5e561e2162502126e60095d18d,0
3226,1325383800-d90a308fc8aae4cf47c7a403133f2d60,0
3226,1322347980-66a527e4a1d221bdcc5f1aa38fbbbdd1,0
3226,1324705200-b71ae7c8f4c8f5ddbb0e2f2eff524ad2,0
3226,1321062060-05b867bd2b17c4815fdc30094edf234a,0
3226,1321316880-9d3d477880d3d52d34a33ff4a3c74cf1,0
3226,1324639800-39a555bc18daa3805188c4b0e708501d,0
3226,1320341100-fdaa4420ebe47d85b3b0620b1bcb80f9,0
3226,1324086540-34699a70e722398cf026d6ebc7567563,0
3226,1320896280-ae8a848a61a5617490fba6388a25d1bc,0
3226,1321549800-408a58ad8ead4604fcbcd2a32434c49f,0
3226,1327244520-5adf0c8880c63696615a1c401aff7479,0
3226,1322627280-ba1725f6abafa54580b0dd26bbca1ebb,0
3226,1320582000-b19a3352d68c11f8fa0c055bd5b315df,0
3226,1320338880-b6552f92a990422993eb2cd2f54bcda4,1
3226,1327338840-fbefcae73dd09327e5e5f404c5e5d377,0
3226,1326849840-837ec83c63b29c516540fa896d90d215,0
3226,1322890620-8398a97a1d5d4b70eb06561d3d4e7583,0
3226,1323998040-17f3bb40a86acc70e780912e2ffeab96,0
3226,1321288320-a6dc0955664d110e1d9bcad41f339933,0
3226,1320889200-d16a2c6999ad0b6f45e40d2f94ce24be,0
3226,1324056300-9651cc40ac8af4a5729695ec58811cf8,0
3226,1326375660-ddf979019829a51b77b827a2f9610105,0
3226,1324186380-00f9a364f9534d4144fbd730cee9d4bc,0
3226,1323450120-c8e129806c19c758c189efc93b7d4e91,0
3226,1324714860-840406f0377bda78d13b78427b00deaa,0
3226,1326827040-89e7de99b66b8d978beb82fc1b407cf3,0
3226,1324286460-b2d20cd2c0c6e22e2435c9a2a88add46,0
3226,1324970280-b261dfb1f9cd08679811a13d1d87b0be,0
3226,1328059800-c9a626ce8fa1c0f22c0704cd69c6b37a,0
3226,1325083320-d3a6e9bcd0363a7de24d8d3257453ba1,0
3226,1320951000-cbafbe5faa5ecc00aaabdd8094dc4ec6,0
3226,1326002040-466cecdf6e103fa260f643ca97f666ee,0
3226,1321374600-466b7e78bd5e500d22c7bd44ff5c8d1a,0
3226,1324258560-1446544537a6bde9bb05f8afe435435a,0
3226,1321232220-4a0d5b714c591451ab43213eea279f24,0
3226,1324732020-c0ec33559a7f79e3bdfdd572a38e653a,0
3226,1326727140-71353be99a887b7bbe9dd135060fc3ef,0
3226,1323540960-814d6e7b17c112750a5475d82f057a19,0
3226,1323006960-c073f93c35a709f1544becf46104c01b,1
3226,1326992400-7c9f96e209dfaf2b69522fb1335d6ef6,0
3226,1322596380-ccc1d3b731e0b280c9df50eb954e0af8,1
3226,1324863360-3bb765093551e1a09df49f7fb2a49510,0
3226,1325662800-4931da361cad8068e948bd1038998631,0
3226,1321989180-b1241f24e1b7a986b67dee5817d58e35,0
3226,1322234940-c90cd7a8f48e320023da08c52493848a,0
3226,1327512780-a2300ef5a8496a35b63cb1daaf698ea5,0
3226,1327380180-00139fc3fbf2bfc5a112bf2f950bcff9,0
3226,1322868120-49138dd01c5fc42919eb1432bf1472e3,0
3226,1325259840-6697520a9b40e7f19369eb9ba1ac784d,0
3226,1325050620-1c10ed6387e1a944a3fa8300edc884f0,0
3226,1326333660-c9091e7fab67cb21fc99b2ffeae02082,0
3226,1321357860-9e8a29b678d6ce8ed133d1fd02581aac,0
3226,1326460680-bde7fa513a70db0a4da69c244cf30700,0
3226,1321874760-1eb5c7a7183ada1508964d61328aea49,0
3226,1327584840-a4d323a6895241c1dae38b5b32d820e5,0
3226,1323651780-505de581f82a145f7e49f29fa005730c,0
3226,1326308220-fac2abd3f857c8d538667055cbf8d49b,0
3226,1324040820-9ae3e620cd25d91659d298974e34c20b,1
3226,1324161660-c499b639f554875c7ecb425fd3c2dd5a,0
3226,1321798740-488430c822926d343e21390efb86eb64,1
3226,1326922140-fe882ab55c6b4000f63d76e9f2f1cad6,1
3226,1326841380-6348ab12d847d5ebb3f669747b471e6c,0
3226,1325137440-c0c01b05ce00945125772a7ac684cc34,0
3226,1326400020-76dee410243aef48c03dd9673ba0bb25,0
3226,1324906020-88f4a86a1003b8c696558ff12e6ec1fb,0
3226,1326906960-1248094d8154f924b6fcf9101ffab69d,0
3226,1322534280-f39b42e32ed5c43ad206408a0205855c,0
3226,1324530180-13cbdd06505c2511f7cc97cc3f442d91,0
3226,1321288380-8b23579a206f55ae38c5597d1ea41702,0
3226,1323139560-a9147d6a9bc3a903e881b28d85b44f24,0
3226,1326051120-6250da57c384c5973d856cb24afad66c,0
3226,1326933420-63c41218f7fb9042da164f817324105e,0
3226,1325342700-0e5f81311e94faed12f64378097cf3cf,0
3226,1326392940-4c598c6dbbde642cf6f7a719a6eb2881,0
3226,1323970620-0669fb40b330c657ebac0d198c386442,0
3226,1325116620-8a00a53d3574873951cf44893c7ceaeb,0
3226,1321898100-b72a06f3811bdeb4b5e27bcabbb76d36,0
3226,1323371940-4fc881d085fcd2f7414807fded958eea,0
3226,1327970100-4f70bef91cfad84ce11ae6b286400827,0
3226,1322658120-173b9106b87211fa9ac5a949cad640cf,0
3226,1325093580-2e974c77a2329d6ed18df3760e6d0c6f,0
3226,1320679680-5813d495cb946480bc47396d7c4a466d,0
3226,1324719060-337e07938cef31ee055807b37bbf9cbe,0
3226,1323710820-7fb930b972981be4ba5d7dab9dc2f9c0,0
3226,1327113960-7df1acf4a16630fb36a4266d841fa301,0
3226,1323821340-54662f7ae12152ac882ce5d12d0f06fe,0
3226,1323189720-2b2602d6a1009bb42f0cd9cbf3993af7,0
3226,1320179040-1c9c1dd4eefe533c61ce1e70a0835f87,0
3226,1327430340-dabba7528782f356a2d46b3d702801ce,0
3226,1326955080-248bd667f6c42afe6bafbdcd26e9dfa0,0
3226,1325310900-cabaab3948a7201aa943d266044e888b,0
3226,1327456020-6c62e0918839d4a0b11472a0e1243647,0
3226,1327560360-28e16466d166ebb3b4c6afca348d2477,0
3226,1327452840-0c9b78693a309e676359dce4e5eb1f9d,0
3226,1322971080-de1f86538d1ef9be1bd9205f10092001,0
3226,1324551720-1a2439f9f7337bf54b0f6611eeb2bb9f,0
3226,1320992400-80aa470ea10d17ede2aa7fee46edba7d,0
3226,1323444360-8279609e01e0deb85a7ac11010b33ee9,0
3226,1324643940-184592841710a6dfa4bb389251f72f2f,0
3226,1325639040-43b8bc3f9e24905d98ff7b0301489442,0
3226,1325279820-87551b71a16bc7b36cffbb70e9c6f89d,0
3226,1320679680-2f1cf91e3d1de32b4816de850673e4d4,0
3226,1325239620-9da1e08c73e72f2db730446ed601fcd6,1
3226,1322105280-d4bcb0c0fcbdf4c8db7f90290b1469c3,0
3226,1327594200-1c067199ca30543c58dd44953cddd7ef,0
3226,1320522360-722c6448761ea3e487e90f4a3d23a043,0
3226,1325710920-02f687f0cb0c3e5b281191316beb1da0,0
3226,1326128280-d184528e2bfb41b83f291373528116e1,0
3226,1324006320-31e8791b01e5cef3f0176a5a165a2fb1,0
3226,1326744480-1cf542e31ed0bb4c38668b4f7c895607,0
3226,1320141180-45ef7b8b66b09d5d3e34c998b42bb906,0
3226,1326462480-7ebd1f20044a34769442edce296a1908,0
3226,1321430040-9739b6c004470ccb82c2d4b1183e73e5,0
3226,1323324660-6fce3d1ae02a7810ecc711a9f4e6a4a0,1
3226,1326905940-fb03828eec866a1d43493a9b4ef71430,0
3226,1326737160-4914b2e178096d4a83218175ccb26387,0
3226,1327386840-500882c50b7c498f0cbfeb36eb5b0274,0
3226,1322965560-85df8b47005f6d261b51cb6e66a8b6f8,0
3226,1327757100-3b5c671502a15ab348b07e0b40c8f1bf,0
3226,1321573740-d2fa02c39466368182f51a8fae0a98fb,0
3226,1322007000-7b065501c7ad7a69c4b3942e2cbb5dd6,0
3226,1327055460-57dc7bc7838c4f7689584c3ca68c8450,0
3226,1320216960-1f8d8ee350776b44167c4cbddff06d80,0
3226,1324713600-a98e0935fa9761c348e898ec5665094d,0
3226,1320678540-fbe4fb82b194e0230873afa1b86d5d02,0
3226,1321863180-a6676cbe56b8d96aba8a4e77a085069d,0
3226,1325867460-36c52e2f4b484133758a097a180d4969,0
3226,1326582180-545493c1235068a8394b423e62913ae6,0
3226,1324714860-1f92d1b321466d0eb74a76f8fae7db45,0
3226,1325637300-c4e865f6860c464dd334782f2a78df0e,0
3226,1325552700-778925fc98734309f30f8b40cd0ed482,0
3226,1325743080-2b50b25c58c871e41a10fcaff8f352d6,0
3226,1326630780-06bf85856f373011b0fd2a5581ed11e1,0
3226,1323118560-7fee5c97158b633136c42309f003bf18,0
3226,1322170560-99761b53141a5278b53eb456163b4669,0
3226,1327365780-2b89801e5538c31e924946f24a8845fb,0
3226,1321978440-2736eb4fe6c453b6fd0bf77767a13397,1
3226,1320857280-8ad83ed882d0bc742f15bb22271565d2,1
3226,1325186040-a043d1e0125a2200df7184739e11612d,0
3226,1323644640-3031ba6ab6d0384a6213283a576f6e04,0
3226,1323454440-7c19c49808d99b0d59eaaed14a767e6f,0
3226,1323491460-b2d44156a35c52848d0986ed3e96060a,0
3226,1325098680-396ec45166cd051b6b53ab4b03537912,0
3226,1324412880-5b4d8d52f2bbfae664abb724edf6e7c6,0
3226,1326313860-03bcc36fba9ef655a2394800f4479587,0
3226,1325629740-547933df72836db0922f72ba68eb84bb,1
3226,1321894560-779bdb35ceace0660eb7d80437e83510,0
3226,1322723880-145307407c7b9333bc745e58ec055866,0
3226,1322775660-f4976e71cbe7f6f94428d6f364988cb9,1
3226,1327705320-d3f906db017ceab9f0f4a0b299ba295e,0
3226,1321758540-b973479ede4052721fc799f41cc9d0c6,0
3226,1320896280-b1ec875bf897f8162f2ef043b1e0d03b,0
3226,1320890580-8142f92036102c61eb5a909a4b965ab0,0
3226,1324055760-f0c2494f32c18a4edd1bff16b28f5dfa,0
3226,1328059800-275e8b9315ea6f347951fa88b52097d4,0
3226,1327464360-2b4b23e26f1bb8c0b7902ca989824a77,0
3226,1326191640-81b847e0ac236bc3c6ee27a741994cf0,0
3226,1326163260-bc2d48bfee5b093d2812bd2aaff3c1c0,1
3226,1326723840-d1e7773b4c555a1dd56a94e3d6a7b625,0
3226,1321594560-9842e0cac7ad51b38878dd9abb2bff95,0
3226,1327415460-302634911c7669be483a9dd351c1f2c3,0
3226,1327188120-025bcaa79ea1d6c13d612cfd9fc0e802,1
3226,1320980460-f896ef8292cbab6ec73231820cb1d8ba,0
3226,1324344240-b0c0d1842c5763b62ef0c9ec41a17f84,1
3226,1324430400-facdabc620fa0ccfb3cef6b1abc6fc59,0
3226,1321092180-2a6a47b0fbc5904b632975d44521df97,0
3226,1327096740-496e48488d6edea7a2de44b0dcd88e8d,0
3226,1322158560-470ec55c19ec0ebf8d68d27cc336a180,0
3226,1325635500-3fad6baef87917457953c075689b7a22,0
3226,1326488940-fbf85d1931e8e6eb4ac283c4570ad0f4,0
3226,1325377560-d12e78c5995656a9891cd7d33a42bda4,0
3226,1321063140-7bf74eddd95fc84ce39fd1490963861e,0
3226,1323269760-d348f37d3826b60cb97953f6840fe7ba,0
3226,1326325860-d91e2092e0ba37aa1d0844a89ff5a7f2,0
3226,1321877220-04abfc2cab2f70d9767654370652038a,0
3226,1323791940-0c99950d96ddc1b884158466969cb0b0,0
3226,1327035720-a4c54ed854e9c144044b7a1555d45390,0
3226,1320633300-53427f4aa960be2ff13ed5c578b511c5,0
3226,1326154800-cc8bb1ed78499333b53a2177619e6ef0,0
3226,1328036100-61284c8463e901032d3f4cf46442969f,0
3226,1321648740-3f3ebbc544098039e4be32c3acea6c97,1
3226,1326587700-8f46d69f2ac087c04c4a86d3e9a911f0,0
3226,1326290280-980db28a89e54d7b77f937eee7993244,0
3226,1325750880-6a30ab1abbdf1b9bc71762379517528b,0
3226,1323869880-b5bda4c8713fff87d3c4c43e88282a83,0
3226,1320966480-beb515a1c56fbab05f0500ab0e2e9b50,0
3226,1323576780-4873e5614ce0761eac5a71dab7012177,0
3226,1320176220-6a892dc2b1f62b35229fd927a7422919,0
3226,1327507860-1a6089c0941fa91aea148039cda967fe,1
3226,1325991120-533ba43c4432a5f5b04baad58c0cd366,0
3226,1325889780-d6da376ecf96d6b0bbcde8f64d5d5446,0
3226,1327237980-5357b1b948452d57ea262e6aed0c0742,0
3226,1325806680-be35ccce5b1812f40b4a6e2a4aba99b2,0
3226,1328036100-b3b458cff71b2ae7b058df4110097f01,0
3226,1320431280-cb35d09993f89e3ab13f2b554347f674,0
3226,1326640680-93d1229e89c2781ecd880155ede74cdc,1
3226,1323104820-acd11fc3f507388f9a9b3b2e0b327f9f,0
3226,1327357260-224fb3439e620d629dba7cdeb62699fb,0
3226,1325603760-05394e5abf3160065e80692faf82177c,0
3226,1327382880-295313068c0b616ab0cb50b8cd150e93,0
3226,1322586480-341d3facf3ce61f0091fb3888a047167,1
3226,1324338780-8df7bf53ce0c6481f892c3b0665a5cbe,0
3226,1325548680-ab6c2dc301a6971d56b33ff0fba910a3,0
3226,1327828200-d2a0d985fd2dc5e2bd312b51a2ce7fa4,0
3226,1328049840-c17d9831abaf9f1676132544629f9c15,0
3226,1321306620-159bf4e2a7792d682260ba03874f601d,0
3226,1322366640-f43413fbbfa28d0be30351c0632c9cbe,0
3226,1322973300-ad5be2505f3cc3610c0671672c291b96,0
3226,1321232100-de933b4da486433da80e908a2a620c2c,0
3226,1323799260-562307505efa60b9af37d21d895dc0a4,0
3226,1323011700-8198d4d6edb1e33c257e31aae3bb1081,0
3226,1323314220-9f10f3e0a98e5ed6da376d6a8f2ef34b,0
3226,1327536840-d5e996225b2e9c6ab3f6b55cef14a270,0
3226,1324368120-c67553afca3a8e78ffd6ee5ab07c8185,0
3226,1324483260-20632182c75a220c914be4f693318ee4,0
3226,1326147720-f97260901bb8ae81e983ac426ef6771d,0
3226,1321930800-1f2b3acd612073fe927d2c8874c49afd,0
3226,1325058360-1e2e63c671d52cece30bb47ee3ee172b,0
3226,1328058240-19024ec47cfc7747ed490d0b5535b876,0
3226,1321570680-624d6a2c0ef70df74abacef69aacf81b,0
3226,1325611440-c96309a4747df63d3d728b2d8fe44a43,0
3226,1322229000-cb4f069fa657180936563b3b11c5fbc9,0
3226,1321026780-a51fbc8699a136d449b31fc036f21c91,0
3226,1322781900-b91d70b8089fd133fac29cbdef4c0184,0
3226,1326217680-fc2b8b8f7103adb0c5d765467564f99b,0
3226,1327883220-909444bdb5318d6de89f02d642fe1adf,0
3226,1320896280-b1a8079fa809b0e0d15aefd04822b612,0
3226,1324945860-895b0b3d5db02618ee58456b987b0bee,0
3226,1320111900-436477612775adb70193e86f1aada0b8,0
3226,1325037060-a4c890d1e3d6b098ba1a8f7e8e6813c4,0
3226,1322838960-2af0510d31bc3ff948133ae9be2dc015,0
3226,1321910760-577acb6aa23c17753ae7fa0c8661b719,0
3226,1327133880-5d54cc51d93ebf1c58c23221d09ccd00,0
3226,1326204480-cfba12275b95728f4ccb05e6a0661a01,0
3226,1324581420-fed71e8b69d8b20c9b4a64a288998598,0
3226,1324583340-8ed53047808a44ac3fce4f62ef69670c,0
3226,1326494580-b12b22cebd7dd9fd712d117c90d7adc8,0
3226,1326198300-2b14ebe683b151fde865d301a26826b8,0
3226,1325269680-dcabbf5e706b95541174b7c204ab24cb,0
3226,1326423300-0bce3cd21d7664a241bdf917bd231a83,0
3226,1325009460-d10f7c84f480f81f7f2c1ce46799a265,1
3226,1326287880-c3c8f0d746e6fb2c0099248637e065e0,0
3226,1324183680-158c8ef9d2d4b4c1a9614e12dfc39628,0
3226,1320164160-c589e3bc77c79b5a0e24507fff93dd26,0
3226,1326381300-b480e687e1a495c6b2ff5d31a00e0331,0
3226,1325096280-d24fbea543e19a71186a8f1a2b30ae5d,0
3226,1326309780-46723786bc0fe1160043be5d3350a37e,0
3226,1324584720-da88be2afe0926fa59a96cc96cf810fe,0
3226,1326174000-9f113d859c799ed2ebfbcfa2157e354a,0
3226,1325513580-93b8ecce590da2d61fd23507486f647a,0
3226,1323799980-8f84b091403171fc0bcc21a2d6381760,0
3226,1326873540-c2c668324d951b385d2d66ae8fcb94c7,0
3226,1324588800-0664e21f228202fd5c12df50f9202206,0
3226,1326721920-8de77e10ee441e246a15c8d8afbff5a1,0
3226,1322768580-30bf619c1d34f09cd35e69ed4af846d7,0
3226,1327698720-a68975f99a34640095a95b6465919bcb,0
3226,1324614240-c5ea1eedfcc6f2ad650e09bb831ad240,0
3226,1324050360-0a7cbb124b298b530e68d401c39caefc,1
3226,1325704140-062cff36ae1de31946398961b70d832c,0
3226,1320561600-699cd0699b41c20abb71bc80dc5e5c93,0
3226,1323365280-b2ea658556fe4e2e0ff4b020d8299015,0
3226,1321881780-89ba6f810c99918a58ecc78bfed44e08,0
3226,1323110460-b6217b41dcbe9fd0c8d83cb2c7838165,0
3226,1322822400-9c61a5c867423cbf5b9ffb6529c8db47,0
3226,1328053500-df98f24cbc071b953ba06d8f2dcb634f,0
3226,1320772080-c2a1a89272a8efad8c277868373a9ff8,1
3226,1326139620-bb4462e8f7f7c331347e8e4fa45e4285,0
3226,1322658600-4916825b4917afdaa685cd817b0260b8,0
3226,1324084440-969067b65bf226f4e2d2ff5b05abc15d,0
3226,1326132180-04f0f07823318ca1e155ebdaa42cb8ba,0
3226,1322722620-6931d291efa21e039dcd4000f7e56b4b,0
3226,1320800400-5e8ca5dbdadc9553cea8ea4dc0ec6dd3,0
3226,1325003940-3b03ff5badda98439bdf462cf07aad58,0
3226,1325770020-f8e6fc0dbc23fdc285e898d0a3a9e2b1,0
3226,1321975860-1bd8a9ec879f5c9ed3cbf10566643bd1,0
3226,1321580220-8b75ec206a98c1e06d5568bbc4f73015,0
3226,1323192120-a3faa116a59082bbf7c281c855a93461,0
3226,1324481580-f9274ed57d93cc387ed11a767027e13e,0
3226,1325911560-3c1cec96b78c39d2b9557de5c3ac28f6,0
3226,1326168660-de63f3330683644f4ceed244a2d7d88b,0
3226,1323406140-5950ce3515eeef5a107ff6bda984f878,0
3226,1320819120-8d51f172f278a793fd8a6e2e97eb5667,0
3226,1325994240-b6baee0d6802bc421307b24b3aa4a236,0
3226,1324422000-b8e11cf698922ee5427585c887e16747,0
3226,1323970800-47db6b140921c7ca6ea196969fdacc2d,0
3226,1323216960-2a598a01c46dbb56b394d49a577ffa31,0
3226,1320705600-ae09bfb40753ae42296e1a41e8f05092,0
3226,1325722620-c30ade39cc49ce02251d0e04a96e1469,0
3226,1326481080-da7c359c265f1efce28c952259a53f08,0
3226,1320902160-80e6371147149b4292fa19e028366cdd,0
3226,1326413340-0b35ac0cf023957b4ab448398e699a1b,0
3226,1322375820-6bcb5130f837c646dcc9b2582128404f,0
3226,1324068780-75f8396e604f2700c0cdd2b16260d97b,0
3226,1326300900-96820764495cfbbf9e00aeba354cd7ad,0
3226,1325893980-a99bd2230a8e532dae8b387986b594d2,0
3226,1320450120-b9e17402b5b67b9cb0a15705961bb526,0
3226,1325659920-cd467e33f0443d31be684d6e2fc8b4c0,0
3226,1325735040-b649ebf6c13bc2098a0c132eb03d677b,0
3226,1324705200-68b2068bd5ab62474203988e04a231fd,0
3226,1324305900-c9343ec698863edb677e0c21a460803f,0
3226,1325363100-3f1230dd482f208cfaae94243c7e20a3,1
3226,1324745340-f52f70b169ab7f68879c23319828ee99,1
3226,1327319940-a2471ab7bd99bbe2b666239199f84373,0
3226,1322385060-a427dca792cc63f0d8771c39d5410988,0
3226,1325620440-a82bdf6c4e32ea7413af4c23e2796d1e,0
3226,1325700420-7f18f4c5ea98a02615a88e8fad985dd3,0
3226,1327979700-d7c62f52dcbe85fdcb72c6ab297ba7db,0
3226,1320758820-71e6809dc47060cb82d59d696f030f49,0
3226,1326033540-846d58667e210f07172c429a72b8668f,0
3226,1325233380-869f9a4a8ebd622ab8c00104fecf29bf,0
3226,1327632720-f6e751ada6d1fb4faecc633c271ac38c,0
3226,1327986000-d1fea4dd4f64f0f20044fc7957c0f673,0
3226,1323716880-580a34ccd95f774ff0ac1426ae5c3f84,0
3226,1320819120-0e080b3dcbca162b1c1a82dc449fd4e0,0
3226,1321549740-6607bf6cbf4770fa0eb57b1d0dd1344c,0
3226,1321597380-c934a11d377264674b5ac156f1476ec7,0
3226,1323117000-b7498ae2a9cd00e5a1f1a05268598019,0
3226,1320814740-507931017d67deefb8579823de4222c7,0
3226,1320537120-248005cf48cbf28da59e3804c812386e,1
3226,1327358580-2e0297016d83d7434dd8a2fdb906e97d,0
3226,1321948260-76770445012a91086fab101435dfe752,0
3226,1320948240-c0b4347635998aeaa4dae085687e3de1,0
3226,1322724780-5338a1afb68114de8a3fb6c0647d894e,0
3226,1322286600-f30d7971b49e33de9d08139a91dac77f,0
3226,1327381320-10601e58e0054ed3d3649878dca658eb,0
3226,1323117000-99ee67222d66007a09074351dd387712,0
3226,1323322680-bec650a4292dabb9659c3035207da5a8,0
3226,1324530120-aafe5d612c4b4e59388cffee89dc7cbd,0
3226,1322884860-872f0f9d093bd16246515dbbf4db36d2,0
3226,1322596680-7a10d1a0d0479a9da244e30bb72d0289,0
3226,1327521060-0cca753bd06f10204b98ff74516d0269,0
3226,1323162660-444bfa7eeadf3496da5971505297ea92,0
3226,1322831940-bc44235322c61c45ceb48da1b062be82,0
3226,1326913200-8ec0c72fb17cbea1166692ed80758b51,0
3226,1322067000-2818c57049060fdcf9d1286be5e9e87a,0
3226,1323238140-1eee38eccc0b3acb24fc3b9a95842de3,0
3226,1325204160-a85efa0eda2e005ff7097e46be3d7d88,0
3226,1325626200-cd8da6bc8c0381e78b7c8b23e6593efe,0
3226,1326431040-66a7b64660d51c8cbc80ec8882de545a,0
3226,1323109860-a2dc176a8fdaa56014be7c98e060c2f4,0
3226,1323195540-4134bb8954dd8551108694c6108b5cb6,0
3226,1323746220-f07db25cc4b15ef212e837f41cee2f35,0
3226,1325574600-a04f91fc95aa60def2c4bb1bdb6b3bad,0
3226,1325655300-2e90f23c5f0c3564a05064350a783a2c,0
3226,1323414600-d9bd9b6d62e64754176bf831396906e6,0
3226,1322327280-864cb4d62e7b4f37c917dd2d7a3779fe,0
3226,1325353920-b5d884096ee9f70e23e4c375dd431568,0
3226,1325804820-24bccecdb6137230c6cb60d438729f33,0
3226,1323838680-6572c92778887dee6d3d7c4f7a19c240,0
3226,1320327000-aa0775c6623e138681ca9bb874f5d61f,0
3226,1325875560-c75f42dd3cc6898ea70db6260a93fb26,0
3226,1327124100-43ecef00bde82c5a6de099b1cf49ace2,0
3226,1327334580-010787f4f85655eaa10ed28752a621a5,0
3226,1325237520-b9c69c83b387a7a1071c7442a37c8edc,1
3226,1322768700-b8105aed68475f077fd73ba1070cea40,0
3226,1323218100-824a9c31487271f41ba9524dd88a2ed6,0
3226,1325075400-064a5954050a1e0e2904da0a03458e96,0
3226,1322262900-866b1e6729f7a2eaecbc61d48924b19b,0
3226,1324154520-604d1aefc143dadd5368a5cd2c58bd1d,1
3226,1322761620-defa4ec51d13286dd336207de14af469,0
3226,1324317300-33859f4c89ba61ed34fb7643ba2053c5,0
3226,1320784980-79f71eb8cdcd9689994b140c9c8c58fe,0
3226,1327411980-4b171ab01e4c0fb81865d5b540fc0696,0
3226,1321053360-fe70aad1610ca686309ba75e0d4f99c0,0
3226,1324966800-9c82b45aa1278a8a5b2c0847b7cffa2a,0
3226,1324936260-a6cb338a7fc890fe7370647b89e9e1fe,0
3226,1324267140-76dfed84559567997bcf7417451f0438,0
3226,1321887060-107b640644649ec9b8d6e02c25ab9350,0
3226,1324027620-b1ceecf49f1cbca91204d6dd57875517,0
3226,1326083760-c0992675cbfe364c4e393995846cce18,0
3226,1326108420-53c01e539b8d7156d61f84810df54dc8,0
3226,1321995480-d0a89ba2922215b85d5c0fbdef4c5095,0
3226,1323808740-2812a5a02e135b4c89c159f242118668,0
3226,1326451860-2b8acbf76e05cebdd4b0d5a405343104,0
3226,1325635140-353fe48c7e19012f9e9bd1f5ce1ecdd8,0
3226,1320526620-d8bd37e0d5f24acd95395b91d0c560b1,0
3226,1321077180-50bbcaa276a088c8a9a84fa465815e4f,0
3226,1325343360-17534cfe864afdbaf095c9f2fe958941,0
3226,1322695140-659a552e91546f5e1264162a714b9c89,0
3226,1321933740-fba483cd318dd0eee82da8dda8380262,0
3226,1320715860-5401a1c63e1e40683d1450dd36a04d3b,0
3226,1326508800-945d3bc90c3a6ba2cb748b49b50d190e,0
3226,1325119380-97f79c146e37b65ad7942824240f691c,0
3226,1326992400-824fd4cbd96527924382e49f2d682ca1,0
3226,1326865200-1b42cdaab18a4b8e9fc177905328c88b,0
3226,1320403200-cdb919afe2810bf0d7c27e7f50c6dfd7,0
3226,1324306980-b392399b661b265f541f0b7e34a75e06,0
3226,1327326960-cc04e97e3b663249a97e0b27c47a47da,0
3226,1323124620-a146f13db04cebe03849a012348c6ceb,0
3226,1320794160-5039fbef79128f2585047f05b2dabbed,0
3226,1327637340-063ca6da28c896c0bc5e7d51e452654a,0
3226,1327035600-629e1ccb2e9ac56ed01df91e68ee15e8,0
3226,1327233060-f6abf932c7f818b571eec856b7b7c6c6,0
3226,1327551240-faff684e6b225680caf5943826fa8244,0
3226,1325445720-ac50135ecf26e940d79a1978a7261efa,1
3226,1326676440-0390abdd1c631a46d4fe61120db3da6f,1
3226,1323741000-d6c0da64a6badd30934f877f26e5d819,0
3226,1325189880-6186bb698da40d5f4380b5b0cb2b8031,1
3226,1326060120-9085790e00d48c22c9b853c32a4718fa,0
3226,1327536540-172fd82767f3fb392a6446d83a56e41a,0
3226,1325471340-138f88fda386bab9f474f9fa0df8d9c0,0
3226,1327096740-1b42c89aa6e2841fe935414593d00860,0
3226,1325309100-a3efe90d27c4f5d80d89ab0fc374bf9b,1
3226,1320684960-8461ea2f76f1604fb1f28bef5f8a2769,0
3226,1321499520-31ea18a783a2d4e105b0cf7d267ae581,0
3226,1323074460-160291c09bdeb81110d1184090e0089e,0
3226,1322155500-f57a9161c047c81706daf4b54c73e079,0
3226,1321163820-856f128d1954bc81ebb2fb11291bf4b4,0
3226,1326483060-a19fd5a597b02be538b0865f9da7d9c4,0
3226,1322878440-2d7a53a5e3b6dfa08ffae4d4a856ddec,0
3226,1325818620-6cd5f5ff62a89883d73b37ea1e97a355,0
3226,1323227700-17c6ac9197fe530cd0a78c7bef5c8fd5,0
3226,1320804660-4e2236bf87440a0d19505c2e19722dd6,0
3226,1320634440-da83614d585e9311fa59ff7070869cda,0
3226,1322122080-224522b1f616a6391bf1895b6953cd3d,0
3226,1321025700-35efc488b70064ffdc0ac5059962cdaf,0
3226,1326826500-b633ff2f17fc2ec62740298b337b934c,0
3226,1322602620-4c901bf84b113746f807c29e7bc70431,0
3226,1325214420-a2e57012d623c5d986c256b8eeb4e557,0
3226,1322435040-7ded9effe1ccef720cd49e143b07c893,0
3226,1324623180-3ccbc720791c49ed9caa673bbe0a5919,0
3226,1324959420-64702e6bf3079dba591e095c263e6002,0
3226,1323669900-33d0146c938f7ae7c3482922cc57111f,0
3226,1326985980-1a1f4d7d8d98fc2cc0d3b37084b12d0c,0
3226,1323615960-c6791d4836cb2ec94e7e94ccab525933,0
3226,1323875700-b0a9eb11f688cf6c96431f783488f2b2,0
3226,1325233380-941d3b0acc27de6dabbeeaf8c65b5f67,0
3226,1320916260-cd325e0dc41cf9cbc7994090b18e9f0d,0
3226,1321399740-a1e0d61c2fcc926e2a8a915c792b6791,0
3226,1324145160-1e9ef16ea8e9777263b6a787221fc32e,0
3226,1322927100-56e99581ecf954d4fc81e655918a0ce6,0
3226,1326832380-3a176228ccd49e31e266aa609f554483,0
3226,1326674880-8e4227777c0154bac17efb312d84a10f,0
3226,1323220080-310abf0c94de37920411bdc8ec1f7230,0
3226,1327371900-d6481a3783f5a14acad1e3e62f96315b,0
3226,1325683860-c1b75169db9e7a30e04872f50f1b35df,0
3226,1326825000-c87982b208eb6be7bc6a6570e076f469,0
3226,1324200420-19c7bb36639595ac6c45c0ab6a61af06,0
3226,1324503600-56b629f11beb7a1a005388e132096c6a,0
3226,1322158560-76d5f219bdbea9de23bf72b97f7f53db,0
3226,1323450120-0ba583f09b846ca645a8d2e7c41e1d7f,0
3226,1324510320-af9317f1e0bd93ba043a9813792d8ea0,0
3226,1321480260-d2eece59b29c8c3a6d54dbfe79995464,0
3290,1321762080-c3e38fa46077f597ba366f065fe3d8ce,0
3290,1322013360-d01e0f01f74246a2148fde7527c59d27,0
3290,1327874820-5094075255e3153a36173dc2db8620ad,0
3290,1322007780-65eb2fbdcccc4483d9518d571b02da47,1
3290,1322004540-478c8b8e7a51cee501fb85651f380d59,1
3290,1321932960-3d1eca8dddf57735338652a3892d368d,1
3290,1321933320-bc80817163f89fdc39030a3d4e852fd7,1
3290,1321865940-8d694d0b0438b4490cda2792bf0ae670,1
3290,1321867140-73a5324c791c960c61f5d78517c64450,1
3290,1320748980-8fc2b30b9229f467a430bc0796df5729,1
3290,1320325560-9d15016fa6d5e23b5e769f758087cf7c,1
3290,1322759040-c01b9bb5ed9c10efbc2cd0136626051b,1
3290,1327094340-218e291ab30b9ebd2f8cb271f88e6c9c,1
3290,1326265260-45c3dade96bca7672b0f7ddd450a0ea4,1
3290,1326262620-8d3d5a64549548fcea0167bb5fb27c27,1
3290,1326262620-97ad51c4d5beb2c41b81fdbd179b6416,1
3290,1322699880-ba705c75b578d0304ea98307848a127f,0
3290,1321053300-051900dc92806a8c0d240ba07b976bef,1
3290,1322563320-a74cf3925f40a4115a145aeeed4d185b,1
3290,1324289460-a5102ac9dc5c1287aba35d212f51b0ae,0
3290,1326003180-80566c422a26bdd713169fc155e804c0,0
3290,1322740740-3060a06e2a9aec4581b8c7fa7bea21a3,0
3290,1322461860-6791f2e911c8e58f312efa456d3a216a,0
3290,1322382780-4291ace3560d3a1a9a63ddec8abf31ed,0
3290,1323772020-04d4baffaff897b4e1a3fa0161c77f2a,1
3290,1324399140-c8c8601acc2848b3978146d8b431cdf4,0
3290,1326090060-8e4c71b8d46e843e0a91fc623f0f1505,0
3290,1321293240-090dd1399f35ca9871f7e2942066ef26,0
3290,1323650340-db77205b950438d21a42c97656f19218,0
3290,1326280260-0b110847108ba2f118ff93394978355a,0
3290,1326479880-39beb144d81e06d1d649e1b4aeee2ca4,0
3290,1321594260-b34a1c05d7c37fe2b3c8c9d520d301e8,0
3290,1326818640-aa4da89cbe919f886e98f7135f56cfe6,0
3290,1327382520-01f5c11258e54f5a173b55ffdb200d06,0
3290,1322520000-616f27a63bd5c0cb318b9fca087559e3,0
3290,1326271800-2651af811c67ca03faa7e8223794b01d,0
3290,1324046760-6b473b8dba15f23ce5f39e1ef4a92e6d,0
3290,1325694960-d4d8cddb314c114cd920a5f1eb35b584,0
3290,1326491700-2e7b9569ef891972b598ee24241b167c,0
3290,1322912520-320d072785bac1bf8674f384b6089905,0
3290,1320325560-9245fc9da80da4fb2237a25b58cea8cb,0
3290,1322076180-f8c479ee7f926b56e258a59b08b6641f,0
3290,1325861340-497a7af59d87aa7b11543992c12c06f6,0
3290,1321292880-5b74fc62de9de4ac21a89fd574f566cc,0
3290,1327637040-9ff3eac17ac9182df8788a963ea9f307,0
3290,1326019020-be960a95c1829e8277257b4037827f3d,0
3290,1325375220-5313e4f76495255f61936f83708e6219,0
3290,1324285200-61cbeef8a725ac53de0b4d6acbaf7dfe,0
3290,1322079300-93c811ed1ffcf76cbf18beac1712b712,0
3290,1324425600-a6b86a6963f3eccce914cbab6dcb1cf2,1
3290,1328019060-b31d411e9efe1b9a3fd7a21212a0f726,0
3290,1322702880-236ad15e8137c0f9157a73fff023882d,0
3357,1321903980-a6d2d160c96f7ef801b2d5082e832862,1
3357,1320583080-4861a2593a3834e17415efe775f2ce4b,1
3357,1320671940-3510521983391d0304e2bd578d3e8784,1
3357,1322498700-daf581bcc510bbcfd1b32bb919542a32,0
3357,1320567360-28f961b932a0913e27fd83d56bce2965,1
3357,1321667820-456a3460b97f385b17ff99cd120b9b5d,1
3357,1321536060-6a530dceee1b0ae885bee4b59f1564b1,1
3357,1321354980-60ee895933b3a6f612cb6833bf4e5d65,1
3357,1321093020-01b43ab8d8889375851328f4b767d47d,1
3357,1321105560-6e4a92ca5681586423c22c24006abe82,1
3357,1320400800-1e491cad298563d2eead71fedaa83ce7,1
3357,1320433500-d2228327c1d26d810fa5d2f6aedb8640,1
3357,1320436440-9ce8acf0cfe517c44fcaee2e1eab644f,1
3357,1320521760-2afa48806916005b223567760fd8a57d,1
3357,1320889020-09d5513509a0cecdad4cb94f52bca79f,1
3357,1321488420-b447cf614664508499db2722dde93d84,1
3357,1321506420-16f7a48cd3c9c108a6ecf9d762a5cde1,1
3357,1320708240-dc4a4a0315d337466358f79b21ad6199,1
3357,1321502820-3fa52dd0f9d029c8e4cb3e4b6b8f5603,1
3357,1320714780-14eb2f79e80ecb730061334fd8ca1c8f,1
3357,1320697380-739d179b988c2fe96b3156e5914aaf88,1
3357,1320696300-d40801114a70678d979c577b77467c26,1
3357,1320696180-af13ad1af19a7632eb8b8eb74d351387,1
3357,1320708360-1151ad685b658657497069160e6a904a,1
3357,1320699060-97e5c7bd48a072ae9329b924b51cee1f,1
3357,1320709320-4f29f16b9d8a3d30e9a95b86b3a6988f,1
3357,1320799440-fa10fd10b56ffd505c5013ae049de6ff,1
3357,1320699240-9477093773b9d648607feddf0622a45e,1
3357,1320709440-cce168f0bc0887fb3c6c47c3de021dbd,1
3357,1320719160-52480ea7317e41b330cb7aa902e12df0,1
3357,1320725580-14a438d19a705f764d7caa7c7ce63946,1
3357,1320714300-cae0259aa3dca6c184955a627dd3e86b,1
3357,1320696000-28b11d41540c7026501a4a41ce21dbb9,1
3357,1320768480-8ec64af92d2d3d5082eb2e2ad135517f,1
3357,1320695040-8509e88a1635979a51a1562bd1b4f2a6,1
3357,1320695760-2fa9c2c4295b7455e399fe072e6cffa5,1
3357,1322085180-cf4335173957df3a875cd2b17a59bb8e,1
3357,1320700320-59abffc94af8e1e641023ab49a6e67b7,1
3357,1320687780-7f04aeaf2e8c09ffef656e79cb4e7560,1
3357,1320712620-2a2c7a778a858b49b12df3c3544ab72d,1
3357,1320730620-ca707c0a630dee918d6a2e2d7648946a,1
3357,1320738600-339a360c58a26e4329cb828d02527572,1
3357,1322008200-85f9d99950c838986ce8febd5cb85e02,1
3357,1321886400-9fe31e888cc75ecabfa7cdb61fd8600a,1
3357,1321492380-a4029b85560eac43c01b6a53f1b70852,1
3357,1321467660-492178f0a8bc8bd4c1a01593bb0d8e9f,1
3357,1321492380-773b522f02434184cfb9b9c8d83a3132,1
3357,1320453540-4586b6952115ae23700b02172aca1290,1
3357,1321547940-7b0bfa06d58cd6c358bf52b0491badb4,1
3357,1321500180-954bbe0b6814070c2e6304f17cd3bdc0,1
3357,1321532880-93872d6f4ae1fbab84c5a443cfefa42c,1
3357,1321494420-6622ee56bd1b3fb5a5c6b929cc1e9e9f,1
3357,1321495560-8f00dfe89ddf6f8c5c26cdbcdb873093,1
3357,1321494360-da1db3d83630e93da78614289cec5645,1
3357,1321501500-a5d926725675a41a25e9b7a64bad4568,1
3357,1321467360-8c65d4846898ab43687860c8aa23af60,1
3357,1321674300-46c59908bb045d4672681c39e99c869a,1
3357,1320847740-6374e35d09d7417af1318b3b7afd89c0,1
3357,1320843900-68082fee93674c289cb4e02727fea12b,1
3357,1320896220-23d48a1b5391b0c6e152a9b2f9aac270,1
3357,1320947400-5d591f7af2b04b144fd28882383aafbc,1
3357,1320862020-f3249d16380284a9173417b0e2077afc,1
3357,1320898080-b5230038a525b474ca8695b8c78acac4,1
3357,1321853460-4aa15ceab28ff66b210feba7a63533f0,1
3357,1321651080-72f7bed81dd7298e8a52dc95e189e2b4,1
3357,1321415400-7a00843025275911315d790c2745f3a4,1
3357,1321649820-2c213d43f4292a58a656b6c9948d8b5e,1
3357,1321676400-1b3c675896c79120dd085e8911b566ac,1
3357,1321663080-0e999c09dd46646cf85aa08c0c30dd67,1
3357,1321666080-366e1291fc6698a4bde9495faa728df1,1
3357,1321661400-dba136e7e5675da213ee80eaa580ee6c,1
3357,1321661340-dccaa8921deaea9b6e395c6be1df193b,1
3357,1321661400-b84ed76fe0b73156f91ef49cfd66baf0,1
3357,1321667400-700a4840ad826252a6e4ca20b2855837,1
3357,1321668540-a8d92faee02689dde270ca2f848eab24,1
3357,1321663080-867789f710c9fc063d5348dbae2d8885,1
3357,1321639980-ae624848862a2497e288b962a879bd11,1
3357,1321662300-6e369ba1e497c970e5b5b87ddbbdfaf8,1
3357,1321664580-59dcec2263efbcdce2c1190cde53bf4e,1
3357,1321666440-5895093425945e50d5eb995a4ae02628,1
3357,1321720920-9d138903934f7d4807bdf35fa37eb0c8,1
3357,1321640400-005717b062b3d602f11d1d5e42de1f9f,1
3357,1321652580-b0ddd81f16682a79696d04190efc8aab,1
3357,1321724640-215b041fc927c142882fbe28c30640aa,1
3357,1321667400-1ef4804a3ded8a19214fd72234722f57,1
3357,1321471200-c22496d2d5a5b1ca9fc6414ee19ebfe2,1
3357,1320849720-6b4f7d30fd111724d634a2a6b03a5fb0,1
3357,1320895500-7cc7cb920776bdcc57a912d93531991d,1
3357,1320845580-76972636738af635281b672c54be1816,1
3357,1321051140-2916b1ad5f3f5326216175d83d08341f,1
3357,1320843960-120a0981693920a43de82aa03e8a7a06,1
3357,1321391940-f07f63f459d74356a1119043fd2a0cf6,1
3357,1321641540-462c1589adfa5ff538a4f767c2e8c2ae,1
3357,1320849720-d093f1899d9ef21b3abcc32c61ee2e42,1
3357,1321934040-de4d33a6de26befd9d766faa6070dd82,1
3357,1320775620-b063b808cdfdd2579a8565331008e081,1
3357,1321937400-1244496edd4c2355fd264b5be839a49e,1
3357,1321414140-f008e11eb435949beb3f0b3f50346efc,1
3357,1320882840-8887df4c9fde41fd245df00f99fbbbd7,1
3357,1320849720-285c76ecc505d29067bd057284362b86,1
3357,1320900840-2519788b2d150e96e99246bceaf25a9d,1
3357,1320896580-55b14fa96654258de706a3ad4fdf4c89,1
3357,1321698840-250f18bf42678355c5cad155029e104d,1
3357,1320886080-15468b2a967601ffe0dcc20639f3df2f,1
3357,1320882840-ad0e958d31ede6179d471935d90af44a,1
3357,1321640280-9e70f49717451a0459b265ea52a30a1a,1
3357,1320896040-c9df6630eff6e65132fba77d137d7fa6,1
3357,1320958200-ae1fe015238a1c8ab88968b2ef45a07d,1
3357,1320936840-3374b7eebd1ab74aa38cb1c1f15f1939,1
3357,1320769980-f24aca9aa2049c8066eac1ee422e5046,0
3357,1320896040-adb6bd766a165902e12e5243faccb030,1
3357,1320878940-221df4d919f9af35f7416602e4c8ab2d,1
3357,1320828900-52b0ce85c8c3a5cb3032929cae571799,1
3357,1321660200-7d4e9e0906f8638437b2edbffcb0e912,1
3357,1320881520-ae91328e7a2824f1a4359993cf94e3c7,1
3357,1320884640-281ce4c0becaf2452934ccc673f03568,1
3357,1321906740-5f905b53fc31cb4a1f4bfc385fbcfa9b,1
3357,1320332520-4d93b6d505b10df0a6d47f7a850034f8,1
3357,1320841020-4658a6e51de0ab8737b47fa35c40a98b,1
3357,1321651320-742bb3526952cf5f8a6756343ac1812f,1
3357,1320789420-ce03d6a83ed62a470fd41ad48bb31cce,1
3357,1320824820-812282f5d227e82dfb76901f899ae32a,1
3357,1321640460-5886c7c3428f6565c52b97805e20380a,1
3357,1321497900-01dcafaffc87455df74d5301fb062654,1
3357,1320879360-8240c82e77fbf5cf6e441c7155bd8765,1
3357,1321051140-f9fc83155c735a2a0835e59d679763c8,1
3357,1320816000-a20abdd403c236669cb3b112534ee934,1
3357,1321886400-c81ce6f8958fc897bf847fe4cc82941a,1
3357,1320802260-de83717b5395d8dd9a034dc183c54b67,1
3357,1320885420-6aeac4c2b99501d9c90ed218f0a83afc,1
3357,1321550880-1773cb201ec42a99a443602838d718eb,1
3357,1321481400-34f59d6bd8b00d6c64cb5b8704403b38,1
3357,1321481400-f000a680ce40aacc04c2370a8054c16c,1
3357,1320827820-bee9f188636ad01562847e1fd603fb3b,1
3357,1321664520-81523a0d38d873b8c377d49395099ae8,1
3357,1321886640-b800b4af1118f1335e52719d7de9b9b4,1
3357,1321909200-6b14218ebee84bc05ed5cbe0394ef081,1
3357,1320842220-b6d998810c5bd1deda9f507e8ff3a7b7,1
3357,1321704900-b29f5d6a8e604b0238306088e2c1b69c,1
3357,1320948420-0c381e05505a3ed039514597d885c08b,1
3357,1321999620-119707bd96886212d1ffde8cde70668f,1
3357,1321898460-f0d6e004487d9a5e427e601e28ac0342,1
3357,1321992660-f23aed816a679158e790ac4895d82544,1
3357,1321920780-77ff20be85928d1c17735d5ecfde84d3,1
3357,1322021400-4ee2cdddd965d4552ff913d29c2bc359,1
3357,1321858200-d444de89e9b74bc32dc23de43e386a5d,1
3357,1322005200-20d6f204449c15974fdc8d0a7a7aedbd,1
3357,1321908120-ddd112659eeb5e3d12e0b86e7d8ac23b,1
3357,1321855800-501f1854fde5296895a290805a0b865d,1
3357,1321896660-b23ced49ad19b0c91f7ab9d974972298,1
3357,1321934760-fc6e297fe60ecdf059361cb6f7e7e739,1
3357,1321397820-5a6ccc0ccc3dd626973540f49d680135,1
3357,1322090460-d4037320ed12c910bc2779fcbabc0529,1
3357,1322117400-8489f64d5a6f6406bfb711194d6817c3,1
3357,1321976520-a81c47b11fd8cba737ad728843570623,1
3357,1321930380-abb55b32496be446515b9b0f5ed10e5c,1
3357,1321533780-a38234e5bf7160572d087c41a2e02cea,1
3357,1321915200-6b9ea6a71d08c099af0f6f5c0beab4c5,1
3357,1322090460-a18948ced2af48cedeb589d74736a676,1
3357,1321994460-6092863f93d9603bfa7b0620631267d2,1
3357,1321978920-99cd599dacdcf220be96037d1982a78d,1
3357,1321997400-7d8b8a14ad43a33c4a09609b4696c48c,1
3357,1321399740-d13ebafd49a0c1c9c4459f4a43513e43,1
3357,1322033400-92cfb83490dbd6078be23303ceaa89de,1
3357,1321496640-849ac511a47e1d4cf7b8cef32fed6a0a,1
3357,1321997400-03bfc5d457edf6697765cf8c26d4e133,1
3357,1320943320-b00434125b5b923dc74059349258b3b2,1
3357,1320979440-92249e9c5524df42d29273b329b1f6e9,1
3357,1322027400-9c4469519aace232935e104544a0ba43,1
3357,1321494240-b170111d6774191f5c818803d6d11195,1
3357,1321968780-8b20e7f64469ccca59fb75eaf989bbb7,1
3357,1321992540-89d1230a890cf835663f86ea2a1ffad4,1
3357,1320829920-1893295845be58db036789125584cd98,1
3357,1322001600-3cd5a54940c89adaed00074e74c2d179,1
3357,1320978240-63b0d08dc9d0311a91268462b0ed687a,0
3357,1322084460-800f017791228f8bfc018f95550bda9b,1
3357,1320787080-57644a23640adcf5e531dfa15f54cf0a,1
3357,1320799440-a4128eed52419e1e6344d1ce8f888cd3,1
3357,1320936840-653e682a800f180cc25a6c33b7afb9ed,1
3357,1322034420-1f162842569782e5c3f179af21f2eb9d,1
3357,1322113320-2e4aba48735b39538ebd981acf9abb2a,1
3357,1321564020-691e67e6efcc7319efda97774c65d13c,1
3357,1321968660-2a1b2115c86e9e739735b7e5e5c4eb6e,1
3357,1321304820-294b011bdcae621e04eb05ec181f2334,1
3357,1323487020-ba4f2d10c74901579e1fe098e510d562,1
3357,1320801420-b78e397a3d35c8905a1f8e58ac4177cd,1
3357,1320945000-d5880ab9e19253348a908707326869b3,1
3357,1321968180-9238d8dc1ed3794198183012833755f8,1
3357,1322046420-a278e42729ce85cdaf7167a8b00ea68e,1
3357,1321157400-987813c8fab7893cc4f4686d07f54842,1
3357,1320799920-908bd9c8ae6ab84125acce859aa7d5b5,1
3357,1321980420-4742f6d9460e17111b09a26b0e8f5374,1
3357,1320793860-733f10fe1dff7c43e95a992badbd5191,1
3357,1320454740-1197f3f4db02b1ebd1b4e722d75d278a,1
3357,1321904700-9e17966474439c7b66ec4046bba745a3,1
3357,1320796080-83689d87394341798e05ae5d6df58b9e,1
3357,1321516380-433740ea5a84b5f507017db65b7c07eb,1
3357,1321496880-f36b35969c1de635f6ee6419bd889d39,1
3357,1321894140-dfd2810cce95cc4eba96efcc88c6b470,1
3357,1321824720-6b5cf72902bb8a2606dffe16c166949b,1
3357,1320576600-66a5f76f3f59593e34ab671de046a3cb,1
3357,1321939080-802a910238447875366905e87bc7562b,1
3357,1322023380-113ca2cad38538c40aa423e41722377e,1
3357,1321856580-33d563e6efff682d700351bb2f311aaa,1
3357,1321892640-00a1f69b73d3bc1a9dba6af83d8c88d8,1
3357,1320421440-99bff03b673f9a84d3edcc49bc03c864,1
3357,1321981680-c7165b479ca45c8595a27d7edcd28189,1
3357,1321378860-0a78a1a6bbe1b264c842fe6d3774bb40,1
3357,1321467840-61c6000cdf97e94d0eb9337f5afa4d19,1
3357,1321823340-3d2338c9c01c4a19fe242d08b945bb6a,1
3357,1321095720-64110d5d4ff12878bb06a98c9c0a8288,1
3357,1321823160-a7c3ed036c3f167e678f5fad857aeb8e,0
3357,1321419300-1b7a81e54413eb108e81b63336f72d34,1
3357,1320799380-198989a92b0b21649a96d19d90890fc0,1
3357,1320791160-3ab544d8682fbd5d79a8e59534a5c426,1
3357,1320803160-069f9db6e6b41cb6afb21a5caf55aab9,1
3357,1320799440-7758b824a9e228fc4443c4184371372a,1
3357,1320460080-95bf8e8d338ea3240607ae486380dc8f,1
3357,1320785760-47c592da5369eeb3d1cd1ec906850807,1
3357,1320810240-37780f0cd3f532e7207b66e0667f6f1f,1
3357,1320834780-56dbc325df26813eb5e659d0ef488ebb,1
3357,1320815940-45d1cd1a4e78cd8d04fea6115299b74c,1
3357,1320799380-38308ec8c2ca5601208a6d0d393b575c,1
3357,1321516080-2cfb8d5b45e31beb08b9b6e8bdbb7973,1
3357,1320813180-61bba1d73160bf4a9ad7e5e9fa93ccb0,1
3357,1320791160-a606e4a559e4c709006d960a3cf68aa9,1
3357,1320821100-b8cb1a9118b6d51686ca9d3e3f1802c8,1
3357,1320433080-3114afd8495cb1daf52faa73e6473b2a,1
3357,1320798540-571f9cb2b85fb9ceb75f6cb3bf9731bf,1
3357,1320447480-2997088f65e73f89550b4bf2af2f50cc,1
3357,1320423240-9e629dfcd4a0a95f52f6720de9844731,1
3357,1320438480-726976764c0d29bd47764fb90b8e3131,1
3357,1320893940-6c3ae4fe98d0903f453ab536c95dcd6e,1
3357,1321523820-af101c09965cf12ba11adcf241503b66,1
3357,1320358560-40f30f9c2afa6b0a3ccb6ef0b1d6a1ce,1
3357,1320829860-71561264f534c716d147b90f32a13db3,1
3357,1320433500-585756d84d60186ebd83c53be6fd65a5,1
3357,1320799440-837fe40967f188569cfb285800ceaf63,1
3357,1320433500-4d84a16a3821f1b52e32c4a5b7d62579,1
3357,1320352260-22ea37d4f461704cff315e66ba67fe23,1
3357,1321319460-0f6af9a72958048f304b4bcf90bc1ce2,1
3357,1320455160-6e3c322078819a69e5c36e25038b619b,1
3357,1320433500-15e567d06d9787fa6f949d32968d2e2e,1
3357,1320433260-b6a0bc56f663e646b6bc40efa21a815b,1
3357,1320791400-f4b9abd94c2a15e8549647b232261428,1
3357,1320525420-91a3747e6193e694c33da29b456b7501,1
3357,1320453420-f11225786543528fbe1bc115ad9ebeab,1
3357,1321959900-512ea56e708ac64048654d621d577890,1
3357,1322085180-b824390aa594ed87f975638bde259348,1
3357,1320625440-8c4fd46c6818ef5afd5bbb49b52e3023,1
3357,1321478400-7b3643bf1b799f40f6007130d533542f,1
3357,1321565400-00fd9dc48479cb83270db13421fb0a3d,1
3357,1321460400-de5d7bfef9032b89fdfaf0e7ab8636bf,1
3357,1321931760-fbe0babe171ecb0494e90c11e0b8bbd7,1
3357,1320171840-07f72860a74b765709279539ad4f938b,1
3357,1321824000-4f9fa9cc28ecec744381c2103a8acc9a,1
3357,1320221280-42cb0d75ec5667424663a21e46905d42,1
3357,1320576600-5f57d461350678c485ad2b5018ca1563,1
3357,1320583440-fc44f9bb65aa2bb140012028ae09ad6a,1
3357,1321604580-de7b9c2be78ec5644b7c13b2abfedf90,1
3357,1322001840-0fe99ea3cc3fef285e57cd1e6d44dd0e,1
3357,1320453060-c3ae85c09692296b6a6c0c1eb6eed406,1
3357,1320453480-0f885271fa133a8375696b183e8b2d14,1
3357,1322146500-5e3e4bc567956ef143b456c3ba60e0d0,1
3357,1322099340-125846c4f94059c200643a4329d459b9,1
3357,1321592820-cc13e73e41e7ce5032448aa90ccdff31,1
3357,1320437280-b7f37f07695e68d250422b90d66eb972,1
3357,1321598400-f02135a39140e852f2600f9ad5a09997,1
3357,1320333600-310cbe6ee86ec94cb2a39d52776f6f9a,1
3357,1322240400-2c4f5a1be8a313b53b6b827a3739c4fa,1
3357,1320619140-fa22858892272d3628926df99861941e,1
3357,1322010900-516f5bb8c56f7fb5e0a955aedf128286,1
3357,1321947840-3b07b44d633b9214ea31950047da88d6,1
3357,1321972920-f4ea09b5bdc91e743fed83a0392a4220,1
3357,1323219180-6123bca3df9ab61a5bc7e64806041d14,0
3357,1320597960-baf59ed672904ef9512ef35c83756f08,1
3357,1320617460-732507fe229ba424ddb365d8950639b6,1
3357,1320599460-8c36ef476702b823f0001555088b3cbb,1
3357,1320626460-07d5a32632086b08c6c35ddc430f30f3,1
3357,1320824040-869f6b91b0363b6be67d03d763d8b4cb,1
3357,1321913460-13eac84923fa84886f7aedec148c1674,1
3357,1321481400-0792156441a46cf88372cbeb9952f15b,1
3357,1320563220-8515d5d2eca1c615963d2c103f411baf,1
3357,1321219740-03a67f83d1156d4f5517821e8ebcb94f,1
3357,1320545460-67c2b31870ce654fe49bb54e37f16569,1
3357,1321481400-2470aef1f0d5fd131a2e4da7e8b19dc8,1
3357,1320345300-0f4e7c24611b9f3a525bd1d295ee5ffe,1
3357,1320903840-2e27344b3de10d411e209698227454aa,1
3357,1320698220-f39d09badb1f5df32a90e7dd57912e67,1
3357,1322870400-a8c2d9e0eb91f7066d23868a2a662e0b,1
3357,1320548940-5d63c845fa29c2d75396fc303d3ef507,1
3357,1320576600-91fa5ed2c72dc2fa223807478c24182b,1
3357,1320556020-268310edc3b2990583f600d62acf5a56,1
3357,1320984420-0d11273681b4269c4f35bab4c54f1ce4,1
3357,1321867380-5c6d123e1f6fd773afe7c253d03788e3,1
3357,1320620160-408972306f4cd6fcb2c53f98813ad91c,1
3357,1320799440-09f367adbfcb4e83ef6ee00a1cefe9bc,1
3357,1320552780-5368987cbb0fcd250973689009657363,1
3357,1320545820-34685248fc83909b0dbcba00855802d9,1
3357,1322255400-2cf796d28ea78dc4603e1b41f25baee1,1
3357,1320638280-b5577afc7dbb3ffcd3aeccbc5cfa7290,1
3357,1320561600-699cd0699b41c20abb71bc80dc5e5c93,1
3357,1322242200-58ea818cea63e0e30a552f1e3d8bd3a7,1
3357,1321219380-a80e35accb8014681a3939ef2d247872,1
3357,1322242560-957a5344fec676b17cbdfba236b00966,1
3357,1321249980-3ba21839b098212303685985297a9ac3,1
3357,1322330460-8b7a9fe124799d1bcd27515661405224,0
3357,1321999800-3b7fa0612777a125fe5c57aa1200c075,1
3357,1321212660-20705dde1fa8687320b5e490fb4db8bb,1
3357,1322022180-269af1a3953ce8a5d29f04327d882974,1
3357,1320895800-ac062112cfa3519b80007a5ca8ede496,1
3357,1321991280-24c3147eb2e8c590eefe7ccb7dae0089,1
3357,1320823860-85cbdfe6ea7712f5e2da032ff1b9c4af,1
3357,1321220220-525404cfb02c7c6c23c7eb6d19a3dc8a,1
3357,1321981380-f16f0e59a9851abc4bb1733976bade71,0
3357,1321542240-a08ab1fcdd52333620faa6b369fc6eb1,1
3357,1322873400-dc0f5adf363c0e281e708db457174788,1
3357,1320564000-35de776dcd06a90bc162d43eb22a831e,1
3357,1321959600-3d0a69ef2521b8220bb3a5909357c3cd,1
3357,1320715680-081769c4746ddde76355a88348698310,1
3357,1320695100-8de786be387252b647bc8c26ee116646,1
3357,1320655020-9c7cc96d6553a882aa573b7a859875be,1
3357,1321558860-958a52a9646e9e9605d53371c8e7e473,1
3357,1320553740-4ac29ee5fc7be20833df0a7d619cb956,1
3357,1322161860-2f7d108afce631768af0eae62d500e01,1
3357,1321317660-886634010f1c4072ec860d6be25fb8b8,1
3357,1322231640-f3009672c5bd81948b49457c1f683a41,1
3357,1321904700-4f974d1dcdd994c8536c1d40756dba67,1
3357,1320927180-1f601379352af0505cfc82a137fb68b9,0
3357,1322696640-b1d370fe8ffe05dc7e8ed4a07554fb45,1
3357,1320737220-f313307aeaf00f05cb04557771c90127,1
3357,1321205520-7aa3729a548fe552aea86dc55ca8d878,1
3357,1322710740-342fb0cc5781facabc00b45523c44846,1
3357,1322696580-471d96e4e21b60821bc3fce1353f6248,1
3357,1321550160-68cf0bfc0e97f8b2eb762a8308569133,1
3357,1321573500-5723ebfb4841e7160c2ad4c2a79be405,1
3357,1320904380-3498c8724a431696bdbc5178a347b62a,1
3357,1321580520-8b4a464f44b41bb82f49274bd64966d1,1
3357,1323481740-b50b1eb1ce615e2bbbf75765598c9d74,0
3357,1320722700-38192138cf4f5ee90fb6abd3a73cfe27,1
3357,1323288000-bf976e2e3cd2cdc682da48fb109df5e3,0
3357,1320737160-16cfd9a1c3a059c72275223036f78fb9,1
3357,1321586940-28faffe4ce9a101173f71c2f0f062efc,1
3357,1320433500-d9c79ceb04ee6853f5a34d7125b581dc,1
3357,1320799440-dbe255c6bd8dad17fdc35af0f91faf0b,1
3357,1322237820-b96b5b2ce01da47d5c8639c3a6a0f1a1,0
3357,1321834200-1e347f711c389b4a4475d5e8af075cd6,1
3357,1321795800-2c7740dfe851c182547e52b02da15e24,1
3357,1320427740-393d70f6afe8d9128bc497030ab37913,1
3357,1320625860-6df09cb28e0601afc8634b17c4f04d08,1
3357,1322016180-2f80c31e959685a10ccec3187a6aa824,1
3357,1320433500-821974d469bf172a8c93d787d37fdcbc,1
3357,1320738600-86670a354fbb5d728a9a08a0bf53afd5,1
3357,1324159860-113b4e7116112f12efe034aa134aea00,0
3357,1320712500-4331eaf361c9095b32e199ec862aa90d,1
3357,1320799380-1d172c16bfb01fb5194ce56b60b1ca08,1
3357,1320127620-53dd4ddc0d81899244524cb97bdfbfe6,1
3357,1321072020-125e3bfddd7d74ec5b44b688690ef7a9,1
3357,1320639600-a1203a2e2123dd99920af904871c15d0,1
3357,1320623340-2149c92e52b30ac651289bf7953d977a,1
3357,1321205460-d9b361b91fd879408639e992c112e414,1
3357,1322627160-88e572445e8cf0080cb0768ad29a3c8f,1
3357,1322339760-27c640788f899896a9fdb4f1e0484d97,1
3357,1321307220-26d5f84362549193603531fb4a768e02,1
3357,1321205400-647eac60e4a94085c137aa5cce2296de,1
3357,1320738600-39ecdee831151af961c28ec5fa4ecdce,1
3357,1320956400-31c59e0895f1ee151d8d0b66b37fd5bc,0
3357,1320799440-39fe6562cab98f975fe3f06a75a0349d,1
3357,1320708300-07753ad10f72738b31b36880e258eb09,1
3357,1322051880-7cae42ad9f52f8b3c004cb8fb2e02579,0
3357,1320432900-c85512f04270f349e4aa51e72c2c8244,1
3357,1320787080-0683904a316431265d75ec438f84c26e,1
3357,1320433260-2422ee3589ac91124b362b8e8275eb01,1
3357,1320576600-5ade473e30eaa67b35f54790ee574ff5,1
3357,1321550340-a4eb7d9f3fdd1456f2d468ef07670f4b,1
3357,1321537380-73222531544db496420db937eb0dfbb2,1
3357,1321205760-170e80a0bc4ec6009b7c641fc282c7ae,1
3357,1321230840-bf0e908b2b03218fe6858d3df257c672,1
3357,1320862020-686dbab064087ef2fb3534befcb62ec3,1
3357,1321200300-f4ea66998b17e8dbc5212bafed4f5021,1
3357,1320862020-ccfbfe2bd43c4ef925ef1983d7d76688,1
3357,1321227180-50e7028abdc8ed29629775b80268368e,1
3357,1320427740-2690cb61fdc8798f59df12f9dbd84e33,1
3357,1321537380-087ee42746a72faf9842791a4508b37c,1
3357,1321550340-3734dfd663cbeabebea9ac965096b4b3,1
3357,1320537300-2cb9a960050110f03dc9a1c2ae32db01,1
3357,1321507380-93e6191d6d7694dd246e734679ac3719,1
3357,1320576600-0830d97ca3776de4c950eda5270fbbdc,1
3357,1321036620-444bef8b0e4ccfdedf9a0498fe516ea3,1
3357,1322242260-df0893ee0e2445997427c2aa5c7df0a8,1
3357,1321252200-afbbba99da84f12bad7652917b34d676,1
3357,1321691700-36bc4363970cf463c2508baefd78772b,1
3357,1320772680-479346d4a703dabeafa71a560bbf5adc,1
3357,1320799440-43496ae0a42453d4ec8619c8ab1fb73b,1
3357,1320799440-017bd50235d75e97ef19173faf71bae3,0
3357,1320793080-0eb1484b150e0526e8c02d6a647ec974,1
3357,1320352080-8ac11dc7a6c94044c9b12f09da390655,1
3357,1320783660-1977db13a8be201f54f90e9c2948db95,1
3357,1322263800-a5008ea2896d1260984d273b87a90452,1
3357,1321398840-5c8bedb384e349f1b6deb9fcfea13a2e,0
3357,1320423900-7ca80502ab1bce35ed49ac45aa2521d1,1
3357,1321319220-d4b1b2a4cfd97051c0a869b0797a87a3,1
3357,1321247520-94a2ca5de3bc2dbbd85010491e69720b,0
3357,1320792120-99a2b9579af2770730e05bc0e171e9a9,1
3357,1320854760-6a3d6ea9bfbf3ed6c93ecb1547d0d5b9,1
3357,1322438040-f1db48dfc3e78fe6747d159bbbad46e6,0
3357,1320626280-060e77a9d31a7ea9260e035fe0d86d27,1
3357,1320621480-346e40bad4f68348be92b7fe00a3c6e1,1
3357,1321632480-3977137b69d92e3ff944c8406eb4871f,1
3357,1321257360-145daf45e2f1d157372bbcf3575d3a18,1
3357,1321506360-c04c87384ab5bb15ed99dc59b2fffbd3,1
3357,1322871960-bf23e3322a980696916923a42c9b9707,1
3357,1324392060-13361b405cde390b388251a6c9585a7c,1
3357,1321667820-ff33e879a9d18349e6e9a961502adf05,1
3357,1320580500-996674a719dcb974bf12d270e1118118,0
3357,1320412140-7718d9f6dca44b1b3c4ffa5faa38dc66,1
3357,1321535700-bee3c8fdb50c72229989382845419cc8,1
3357,1320533700-d10cf754e7fb7f1d27a67a28525d97c1,1
3357,1320922080-d073ca9e4623f08dfefefadbd1634ea6,1
3357,1320988320-01bd67bd828c20b0ed28802f62a876fe,1
3357,1321437180-f5ab0e0e972ca39ec5307f21cfdc8250,1
3357,1322255580-fc4c6296d6cb2729a0b0166b69828876,1
3357,1321494720-f3481f54dfbfef7348b74e4bdc6a82ad,1
3357,1322220480-c6270b011e1ba62364dedc7163a8cbc3,1
3357,1321388760-173e0fff61152489107bb97e41c7c850,0
3357,1320576600-d436a699058bad2bfbf4b5891a30b4f6,1
3357,1321516380-41762a793a60967640dfd82aadd2fbc7,1
3357,1322417100-62b5e1bf3acc55dee465dbf981ca1967,0
3357,1320423240-d78bc5635e7acfe7257dadc85709a751,1
3357,1320754860-dbcd98ad632bf50b71a89f9df4b6cd27,1
3357,1320119040-f55db7f9b8a9476ad56180a0806db9b8,1
3357,1321748160-b55582ff8d9afda1849c3cd76517417a,1
3357,1323635940-3aa29001bba1ec1d9512f3f2edf2b7c8,1
3357,1322915940-78d3252d1f78474952f760fd7ac9f1a8,0
3357,1320436200-cfa430db258c8e7b705c1f379f687e43,1
3357,1321568700-859c043da745f978dfa0393c3fefb477,1
3357,1322190540-4f7873fa487a22a7be377073e39a164a,1
3357,1320788820-4b0c40ab8294b9aa2b819ac4cdfdad3d,1
3357,1322018220-44e47e128371f1c2b8412ddb09893df6,1
3357,1320431460-788be7fd389e39f5efbad3e2d9251848,1
3357,1322732640-fd4495a6cb7fa6143438052862b49083,1
3357,1322082600-6e888c6cacdc3d0012c53989f0243971,1
3357,1322685600-9f6cd6903ba0243fc0b929238bb50b6f,1
3357,1322164800-3177e73a658a0274309dca2908bef85e,1
3357,1322505300-a3520db09508c934fb1fd53c3b82eb41,1
3357,1322270400-4b9fac9da66431e189f341e12e262310,1
3357,1320789540-3ad12fca60399ad31ebbd9b61fd7b7f0,1
3357,1320892620-c3eae20f58c86cbdd6d42368ecdcef3b,1
3357,1322206980-a8660fcb53a8d4a6aefbcca22fc288fe,1
3357,1321342320-c0ace76a3611ba3366ffafd49f4d2fe6,1
3357,1320797820-630d36625c4306db0bcc07df9d8d7ccf,1
3357,1320443280-739a649a2fe62ac394a258a1812fbf21,0
3357,1320787860-49006a3db93bacedb3d84b21be978037,0
3357,1321324740-1087f62d88af46594375e1659c12f1dd,1
3357,1321903200-0aa3d8127589c3e38f7020486525b2d6,1
3357,1322787480-5b2899e5e9080448af65b5031e6bef5d,1
3357,1321638060-bf48bc82194fba3eaf3ac1d362b74d49,1
3357,1322505300-1ef3705bb067c4b47f16e4aee70b9b13,1
3357,1321645620-21e1b799f36679aac9deef7b3ddede31,0
3357,1320872580-87d91579d816f395394fef21672f7242,1
3357,1322680920-2b4f4dff55dcb4cf7644b78af2c198f2,1
3357,1320423420-2a164e56b71f05213265ce1a9e6f3d38,1
3357,1320861300-6b4b9c7e0efe557895c8112744e547c4,1
3357,1320820860-1e628ac1067b1663adaa07e811dfcdec,1
3357,1321501560-4098adf00a43af21b655538a1d45a61b,1
3357,1320232200-64273b2a603f5065a2e10d5950d75c55,1
3357,1323787440-a924c5e1fb8488683e7f3c4d0d428430,1
3357,1323760800-4b3c9fa82a2b26c6656cbe871e4bd908,1
3357,1321934760-a96c54e41c178f439b38a3b60443b89a,1
3357,1321951140-40d7eb6cbe3653eb13c4ae7c1bf43065,0
3357,1322275500-0efdd16c8ff2e39ef5dda50051444a74,0
3357,1323482460-20a700f1951c4fb4c1afea82faab0e81,1
3357,1320697320-f6142cef70871137e6031d51198564a6,1
3357,1322231400-c23ab38875d087b98bfe18c2357be458,1
3357,1323471000-b9716ad8ac2c413db87c73a9ce74ded7,1
3357,1320439500-17d1bb41b3d751ccd45cefa36d0557c3,0
3357,1320521760-202f55d910f008aaa56cf0884608ddcd,0
3357,1322231640-260a46c3d016cebb7626947bbdf31969,1
3357,1323696000-b194e34f352e3e22ffe1807e96456d92,1
3357,1322018400-8df1646de83ec886c48351be4a93b953,1
3357,1322344860-884207d5b6f38b99c94b2cb1ed6be177,1
3357,1320636360-6410030744ac6b708ccd13caac5f4203,1
3357,1320625500-a78edd7a03d536585d4f9fa0a16e377b,1
3357,1320214260-5f1ecefa7c14fa2a4ff001211db95ae3,0
3357,1322237160-67170789c36262bc4be3fcef9f1cb514,1
3357,1321992000-4e55eed4c847743ee32b08fd7a7d4c4f,1
3357,1320450900-af43819aa0f9cf9bb422b9d633f6bf6f,1
3357,1321423140-436d00725fce7071301ca764548b6096,1
3357,1322313840-23cdef93a961acd37528015ec903f77a,1
3357,1321920300-f3ebe917d2754e4f43561667d8f31d83,0
3357,1323308400-fc58cf6fae2f2af50d92c0839e9453e5,0
3357,1321586940-fea8a77ad72431adf711e1b1b0dd7c5d,1
3357,1321986540-d7bb5e49cc66577aa6b1ba9f3cc4b7ea,1
3357,1321735200-1e177258705b344f4c64a4a484e82d8b,1
3357,1324493220-73b2b45c97e2ff17e08d1bc2487dbd2f,1
3357,1322392920-04de9b12015f069eb37c0a188d2142f3,0
3357,1321536060-53be41f2eb918f4cd0eca03272bc32be,1
3357,1322095440-9ada05e41036890ee6b4c78448f495ea,1
3357,1321820580-3affe8637055654050d10b9f25ce0402,0
3357,1320547560-a636a5f19cbce07637374f627406e533,1
3357,1320693660-02b0cb6a992263ca257740a544ccb668,1
3357,1320937800-3575961d7d9c809f90800a32fd51f576,0
3357,1321397400-97a9c5eaf716ccfd618d05747f315362,0
3357,1321963080-3ee8c5cb84adb0d95a03a4d730c1eba6,0
3357,1320620520-26da2a328a83091b07f6073d1f79087f,1
3357,1321619940-ff1563837ef487a2b23287b93ba95731,1
3357,1320690600-377808ec29ceaf9c9200fa356bf49863,1
3357,1320620100-12c720837237f359c0c3f457a966c097,1
3357,1321735260-2317a46f345a6425f0eebf7225dcff11,1
3357,1321387620-4cb8d6618b457317378e329bcea3781a,0
3357,1326306480-0c34f6444e0c047714d2acd153c58769,0
3357,1322255100-c64bc34410b1b0de754d29997a63b49b,1
3357,1323478800-7bc0d7fad547afb431fc9de4e9d57c65,0
3357,1321617480-3f652562fd1a490339dd2f1352d572d1,1
3357,1321249980-694fce7a16f5cdd3a1177fbea5f3b43c,1
3357,1320772680-5ac872abda8b9dfca35ca4906a272ec7,0
3357,1321763940-ae6817fb73eff1851cec33fb1f893ba5,1
3357,1320769620-1229036fe09e4399fcd63c98932010f5,1
3357,1320620040-3826c517b6c428f3c6a9b81c864b36f6,1
3357,1321753680-6ad1cfcef7109e35a448c524a296aa33,1
3357,1320842280-2c922270c5ebfdbb26d4b7b82cc6cf19,1
3357,1320880200-b2224ed0e43023481ed5e31a9e31ab87,1
3357,1321817340-73d556d5467288f62c0a96491d730073,1
3357,1321735560-0eb1d13430a9ec69b429820c9a03167c,1
3357,1321591080-74a751d26391533e3e3067c1ff3b861f,0
3357,1321415940-4afe48e482c70dde91e29246adea7f90,0
3357,1321043280-d3297e217e9f2552dd58bd50926d98fa,0
3357,1324557900-4cae24809a2bdf9b092b4a02acb47cb4,0
3357,1322070660-d5d76684ca3c483c7443a250ef99a09e,1
3357,1322097480-de2cd5c9a1bab17e29542ae5d2c22815,1
3357,1325346360-c9b11ebbaeb7794f9bffd7bb208d4ff4,0
3357,1323442860-7000e765dc2cdc146ec90de8de709f1e,0
3357,1321897500-6efe26396fe870a24dfc1ebb9054b3ee,1
3357,1321562580-4eb297166d4b40ab5a7091668000cbb6,1
3357,1323475980-3f5e322c4b198625711c866089fab249,0
3357,1323122100-daeb61fd792f029775ccdf52c993c3ab,0
3357,1322046420-440a3bb85890ae7a429a34a97492d729,0
3357,1321867200-4bca71eab5173f07283f5670077dd906,1
3357,1321875480-a0b96a9d4d37106fe75592b9c42775af,1
3357,1323031200-830decaf484ceae194c88e145324c938,0
3357,1321402740-6e39ac30ebe25c7491078227019f00fe,0
3357,1321914600-43067394d905da198aa184632f6e1576,1
3357,1320793860-1af06b26705903a47678c5e842300d7a,1
3357,1321322700-2ebc3147e7d6a6bee615481cf521cee8,0
3357,1320941820-a814a39da59e292bea0966ecc22fef40,0
3357,1323285600-ced04462df2e75c6cce890ee44be2fbf,0
3357,1320754980-1305f5752c46b2d1130bccda2e63544d,1
3357,1322153760-d86b61a37ba5831edd7fa283fb53d467,0
3357,1322181000-d7511cbcabf1966217eba1319eb738d2,1
3357,1321498800-7f119b2619430e572381338d0070abcd,1
3357,1321494840-87379f162f065ed421a62e5b75bd1424,1
3357,1320941580-1da2fef12d084b9cadc01fefa800f429,1
3357,1321408560-72b7b8b94b95fecd0f1837a2b58cd2a7,1
3357,1321670520-f8e10ab949835ad17527125be6762bea,0
3357,1321875480-0e7f49eb093dbdfacf873aa4d01e4477,1
3357,1320108780-a9cbe4be6df794d8338a2dcc8729f4e9,1
3357,1320862200-3e691de7e5a76fe95ead0c4b2419b1bc,1
3357,1321867920-89bf9837d0b24d0a347bbc37f91ec66e,1
3357,1323698280-7b666e15834e383f0c7f36680d909cb5,0
3357,1322313840-fa2d10c218f21459928fb446aceb1bf9,0
3357,1320815640-495a3817f6389631530119b97e2f4d4f,1
3357,1320491400-0aef86e79886e611743fc3772584494e,1
3357,1321376460-4bdc9ad4541dcb1928d04045da1367a3,0
3357,1321362000-07f42990ac93944a206c18c1751dd849,0
3357,1321873980-3abbb4374bb3ab2a78fcd82ccda5c9be,1
3357,1320542040-7271ef79e05b8f87e854a34674faabb6,0
3357,1320132840-6f4a983d5b7b5c8a263216bb5f7812e0,1
3357,1320816720-320dd7283208bcbf15975ed958a42057,1
3357,1321849260-d6a018818b1a7b8c6487b40445345e82,1
3357,1321252200-8cacfcce03b01338c8ae0c560b6f6709,1
3357,1321922640-70487abc84e2d9745f100bfca16b0332,0
3357,1321643340-935d8f5e4c1f0e98721022ca91647def,0
3357,1322013060-918853d3ec7269353689a55ba12dae53,1
3357,1321032060-deab0c1449a9f45cbd9f842b4e54112f,0
3357,1320985320-78a9d26111ce6167f4644dcbb03241c2,0
3357,1321551600-7c078128edb5e08def321edf943b4a11,1
3357,1322256840-b35a037c1dd7f3346fae8e9465ffe7ba,0
3357,1321537380-cd6b3ee6bdc8684658c0e9574255d952,1
3357,1320710160-cab4dee5a2de6476d41658ab430cdbb5,0
3357,1321647660-6a41b4623be979af40ecbe01f5688508,0
3357,1322015400-25ddd745c6bf376f91cd3b75c4cb90d4,0
3357,1320222180-94bbb6fc2addf421cdc1ce3aaf9f394a,0
3357,1321820040-91aa00889dd951c657f1a0045c83c1d1,1
3357,1321827480-5d698c410df514d433e7f67d4d734fea,1
3357,1321772580-8b8c81a2dfdde362243a079cb6d8ebb6,0
3357,1320988320-2bcf18d9a2cd2215cde141d1cbea8ad3,0
3357,1321808400-522a4a79f06d4184f5f788f8c2d113d8,0
3357,1322271480-9f567792991a4e490d790b9b778c383e,1
3357,1320513120-2d3cd97c28a8c1af8a24ceb2df709bf1,0
3357,1320197040-0fc8c8b7172a3a1774ae3777b9128038,0
3357,1328044560-549ba09a34e646c6ae7b519b312231ee,0
3357,1322135940-955f703fbe81b092fb66ddfae2228861,1
3357,1320617460-43c6df18ba87149f642d9eac3b356393,1
3357,1320629160-8447a132bdfab2901ed4ced7d2708788,1
3357,1326305400-d2be186b0f1d1a43031be93c00325a6b,0
3357,1321979460-62c242d5ae93d369a90cb71c70345ee0,0
3357,1321124400-785b742203ec5aa54917702777690ee4,0
3357,1321910760-bc700509c067afc8a67516d2f5e0c0ba,0
3357,1321050600-5406cd881f8337d338b8a09d60eae33d,0
3357,1321381200-3cebde0bb099b0c65ce85bfd790958dc,0
3357,1320766920-433345ad32e22be4b08d9a6c53f87e04,1
3357,1320766920-571a0864f7b09e3c6cabccf7e3ea7204,1
3357,1322268000-434b37fde898951470508fab31496e71,0
3357,1328033580-0d5d83af5b17409fe7143f18541563c1,0
3357,1321707840-3495623713551253c0fbede87d61502b,1
3357,1320964740-674c4257a9abbc9440a998b2bdbc64b0,0
3357,1321114260-78e745e3525e05c285177fec3130615d,0
3357,1320616320-3b6fef895971f64e6112136d2fed0229,1
3357,1321566060-09d3021f70803ce8581ccc6e51c6e703,0
3357,1322003400-264f180a00f85e7371eefe81cfbd9cd5,1
3357,1320557820-40553853aa3deda409015e08225252b7,1
3357,1321980720-51cc6ea95bfe261e5cb733b095691509,0
3357,1320529560-2ba9f03ea8b9135cf37f5cbcc662bd05,1
3357,1321336080-ccdf0a039de1bfc5ccddb9efaa17736b,1
3357,1321309560-6d21840f419d800169344e050f9202e8,1
3357,1320214260-1c67509a7d53255d7011346eb0c7ffef,0
3357,1321258800-93cbf1d4c621a20ff5ce29caa6648bbb,0
3357,1321771140-db38c3376c4a8311dc45d8d313d0dbc8,0
3357,1321918200-9bbb930f311cd59cb9d3fecb31f7b6e5,0
3357,1321382460-c34cd69c3d9fdbcb56419b88a583515b,0
3357,1321843680-a487e589237448745792a673df0f4cb1,0
3357,1322431200-2b5b302003f65c4d5cc51d2f50b8c8ed,0
3357,1321886100-bd82a143f957d6918d15af186c7a9573,0
3357,1322258340-4be9ad0ed3bce9ea42e22710b59f61bf,0
3357,1320781140-2adee84e4efa901e62837d5f5389e86f,0
3357,1322092920-37ac1e6a8fa84cbbe411bfac5e402ce4,0
3357,1321659000-9c73964d090b5532011dd6646851ec27,0
3357,1321319460-2d8604cb526cfb271b9ea0f958dc24ed,0
3357,1320337380-19481817c0c968cea39fca4ead5f76fd,0
3357,1322891400-6e65319f5ab0f6ff43d6f33432a73489,1
3357,1322897400-b260dd8618601591e8b8863729bbc6b4,0
3357,1320440760-c24332579a2c1b17a14a9053ac4d4dad,0
3357,1323241740-12b5e9353bbc82f3d12315fc95002989,1
3357,1323707460-dec5e35a4dd1e4f71eb983afff8c7ff6,1
3357,1321312440-8f02f25a335985e5ab9903679c0a2d30,0
3357,1321550340-43d70ec8f854a8cca821bd01176eb4fa,1
3357,1322225880-4e5a5af12a6c9c2829f3c737f104fd42,1
3357,1321745520-8445d167c50d7c03b437af4697d948fd,0
3357,1321415940-8ff5ffc3c35174e908091ff54986f1dc,0
3357,1320537480-987f3c3c53f78b08892247ce3c3102ba,0
3357,1323219900-92b2f0f044d78218c09b3ce0923b2dd9,0
3357,1324530840-22a6dc14fac6f1ea87931c84b57a1688,1
3357,1322243220-4caa18f8b65cfd1b9a30cc3def9f2d4e,0
3357,1321803420-4fd51c535cd589c0124e0e903a78b0c9,0
3357,1320937200-f1467228aa99efd094f1d883bf324906,0
3357,1324312740-922c55815050ecf9514326767f13b2cc,1
3357,1323488040-5d87fe6ab13572dc10fd841e2815a405,0
3357,1320888360-3e419753284fba64b736321c8b1d6538,0
3357,1320871560-0cf6b1459e2e9103a9245850fc574b48,0
3357,1321799280-ff067bbcfabb36a07b47a5f1b69d4323,1
3357,1323279600-a3015e707bb4d203b8ec595cfa8e58b2,0
3357,1320443220-478ad5add3a79ed00ce4b91a72ef4a58,0
3357,1322614620-da09363ad9d25736999a3d09980c1385,0
3357,1323117240-8192775f9ceeb5d590ca58d55b0b7b86,0
3357,1321827600-511295bee66839621fe7ec500090fd32,0
3357,1326818880-2e8da0d5f7bc7ead6e750dd7c5d719b7,0
3357,1321386300-5407794a1b486f69b142b18290747a7b,0
3357,1325562840-67b20fafc3f039deb80344ed390c4ca2,0
3357,1322070660-4d3c1399ba2af8f668113f1ba8125590,1
3357,1320879060-2d60a567b7a10c1c4f769ed791aef017,0
3357,1321950780-2ce9ddb354cb9157381a4fad579e8dce,0
3357,1322242980-fabb4d5eff94cbbaa1a5d77391458129,0
3357,1321085040-728d2099f37733c308d4c7661695a7fd,0
3357,1323876360-1e60945077e5ae261a9c9067c0838ca1,1
3357,1322664840-22e9d1a4a066fef39e45b6af388cb502,0
3357,1322069220-c28b67436e02480338c2fb51f32cbfce,0
3357,1321488660-af6725a27fe4774af691f3eb64183d8b,1
3357,1321488780-5ceea511c4ca11b5a1daece219c300a3,1
3357,1321509720-de7c753105236c1af94524549b536f05,1
3357,1321497120-ab7842ce4a7690027ab45b15c08ff3b0,1
3357,1321505040-4ccfc7c701d502e2221f61d811b5d552,1
3357,1321501260-924827268bd1943321c2c584ba6c67cc,1
3357,1320753000-ac174930aff43cd630df606ed013f840,0
3357,1320964680-090c4da5b520f3b0f250cde03f7bb2a2,1
3357,1320964080-0bc0b6b71f5d80d32719230965f3d61c,1
3357,1320964440-c74e7cc131948ad0848cab5720f868b6,1
3357,1321331100-f03822c3fb57f10bf7cbbb28238e991a,0
3357,1321050420-52142eef554011d4669e450da3398a68,0
3357,1321161720-9e5b5021a54f2e3c6e23fdc267268869,0
3357,1320214260-dfbc9859d481b210ee623ad4fcea71f1,0
3357,1321650240-91ab9cc29b7f9653216e03aa9706e5f1,0
3357,1320782100-d1ec0dbae3a214328c32b3302aa10d1d,0
3357,1323233340-bb4eb1b7d4b57c83df257b9f06873c9e,0
3357,1322233380-11c9ee94d1d42d7bea92b716de433328,0
3357,1320826740-49248edfb31e405d65c187a1da8df9c6,0
3357,1323219600-5d6b493905f83856e8b2324709c3c396,0
3357,1320898260-47d73030a5af19a95934b5d45a9d2ba8,1
3357,1320853980-05a197c54a70327918ab59c3386ff804,0
3357,1320918240-8c47a643ca6ab2b039f6a271ed2fa708,0
3357,1322855400-5df7e0133926937a90071151013a4d7f,0
3357,1321800300-76b3ec4bd2f32f108569513683bcb6df,0
3357,1321932360-79aa5630043505c42e9b071d0018fe65,0
3357,1320826200-3c4e6bc9acbb8f4f274d7576fb20313b,0
3357,1323311700-399980a668e1bfc1f64e835531b73df9,0
3357,1321343760-b7593cf2eb07ea54267275d3dd43f156,0
3357,1320444660-147df9a527af3823523a314455cd30d6,0
3357,1322231640-5cd2e776fccf8a829fa04a869de9427c,1
3357,1321415940-1529fc8c297b3e2ee6bdff07af4ca55e,0
3357,1322556600-7d81c92764fd75d1acf135a25eea6bb0,0
3357,1325709780-c4c2ddfeac4ff8f615f3abe53aeaa330,0
3357,1321795800-d83d60b9c0885ad24c193fec8cf5ae60,0
3357,1327453560-184afcdd38b346aad572c029bf2c1dc0,0
3357,1320704220-dad9d7581f09f3abae52c116adc6d81b,0
3357,1325265300-642873e30ffd58fec9faadfd6155e562,0
3357,1321891800-5622001ea3e96ece2b2e2adc06ea34cb,0
3357,1321833000-78b93d8479b09b9c1a9be3f21784a979,0
3357,1321775100-1ffd05ca36fd6a8dba5be70751c575f2,0
3357,1321132020-0778e5ccae11e20aedba18337b7095d4,0
3357,1321780980-c80ad38780384a290666f23fcebad71d,0
3357,1321398840-14044fbf550677cb36d020af0db207d6,0
3357,1321447260-a6b11835640105e47fda4bef24d18c17,0
3357,1322109360-5dfda3e956b9225bcc9549b098f299aa,0
3357,1322302200-151a0ab3b17a522822ae206fd6456794,0
3357,1323127620-00d5af8f38be9287e9307c01d27586ac,0
3357,1323723240-420f2139e541e95dc19df022909598ba,0
3357,1322023080-18473d53056d8e63dd39e839256ada07,0
3357,1322272740-80f557308ecc4a1c44f3688794bbfcbe,0
3357,1322186400-79116c95be4cd99622a3adba4c0a3636,0
3357,1321359000-c3554b6aebb9a67d8383ddf01cc3dafd,0
3357,1323472380-2654ff09795a809670488f6d05f38558,0
3357,1321065540-44dc43752ff0e48c254be3e3b187c107,0
3357,1322012340-5f0e279c9b42b6e1bdf08e1c7c6bbba2,0
3357,1320886380-4684c4b01fe2b563ec31d07860594932,1
3357,1323293940-050ea15d6d5616e35f89f60e8e236ed9,0
3357,1322061900-270a88179dddce8d4bfa2f6d5cd6a6f4,0
3357,1322269200-4a4e7ec2fbd09dd973ec9fb6fcf1a81c,0
3357,1323521880-bfb870b5515fd69230e642e2a9211bfa,0
3357,1322081280-70ac03c026268e0173097e7378cc73a0,0
3357,1321397400-7061ef5785f8cec530008710d63969d7,0
3357,1322075700-8f2d2895a6aef3517ebe39260e959cba,0
3357,1321668840-7cb0d1d3d8635c2c29e85cc5f14ea27f,0
3357,1321056840-2f334485c91489461c3f987114230182,0
3357,1322590380-555a5eee282cc396e0a03e913044a881,1
3357,1320522840-9a093568d13ff162fcb640fa597250e0,0
3357,1323160860-d5b176f6e62a2d69b20828b9a0774a80,0
3357,1324175520-ab84eb92a753b4f7d83d61c78f6c6cf4,0
3357,1322013960-afcd20cf26bdd03eecde11ca40d287cc,0
3357,1321492560-b235cf09d78d16967ddf4b796be57e72,1
3357,1321506660-97cad152b6a585b607f9832848b947e5,1
3357,1321523820-c837b2d0b20d9cde6c14a1514c31d1e4,1
3357,1321550280-fc301b44204b948b77d2c4f019a23eb8,1
3357,1323438420-3197906f0f8f76b7cd698809b3def66d,0
3357,1321931760-c197d2d8b39949a84ab7b4794783eae2,0
3357,1321641480-a4e6e7a8f2d420021672df85822c2158,1
3357,1322983740-7dce3b14f366d59010dd2f1d08f6e655,0
3357,1321153620-d7c68de353328946ae40094c6d9cf479,0
3357,1321497780-a1af6b9d55be9e4201c3faca591b9f7d,0
3357,1321039080-b32cd9798f2392375859a1bf2a24bbcf,0
3357,1321231800-72e902cf788f3285bfc5993ae5f4f4c0,0
3357,1321305540-3ff66ad0ed15952a7f1029f6aa22f012,0
3357,1321115700-f08f3dbc5ce3fb7b3d57a5c6ca5b4572,0
3357,1320686820-f1f5d35a9e54723995964fef15194b13,0
3357,1321367580-69aee21d47033cef6e11cd0c97cd0ac4,0
3357,1320800460-2657395a5a317457f61d96e1b5618954,0
3357,1320787740-cb4ca932640975f61f067e466b48a60f,0
3357,1320863760-887ae46486809180703f956a02ecc852,0
3357,1320918240-25704d306f357b82eb17f04a770fe76b,0
3357,1322275260-a1f9ea7dd13054adfc09e511015a90fe,0
3357,1320621600-223a9e804b4825a0a3e0236a1eafa8f7,0
3357,1324170120-3cbb4bb5492347edafe65c63a0cbc042,0
3357,1321485780-d5ff534829de9683adf19317cfa0692a,0
3357,1328033100-8070ba9fba569169324579ddd475e459,0
3357,1321593000-066670383b6d926674cf59ee7f112def,0
3357,1321405620-5ad0a16472d5c5290ff9e57333fd41ad,0
3357,1321232820-53cdb65cef0dd0647ea4e77bd50d9e93,0
3357,1325129100-4f8d65cbdff54b5988540d75f937a867,0
3357,1322239140-081cf22cddf6e92cd8a9829f5cbd6be2,0
3357,1323682380-acf317d45a1fae1b98320776a331f59a,0
3357,1327878840-647fda64dbba682d2d2da87320001ec6,0
3357,1321886640-ddfda7c561620928805e765365b8c752,0
3357,1322773500-be2f6fc9a0f7b11a91ac7b9ea138e6fd,0
3357,1320980580-1f999597a6012a4aa75e9e75e93b1340,0
3357,1321218240-32d463aaf11ad4fe9cacea7667dd238f,0
3357,1322174400-428db0c51869014cf5ef5118349ecb0c,0
3357,1321558620-9b97333b044b838a473ad2ff40446444,0
3357,1321936980-45d762009632f1abfeeb42fa0b72c5e8,0
3357,1321246260-c3dcc35b0d748c6c607f32182788e0ac,0
3357,1327284780-19c244ba9367eccc6d41d53d276e090e,0
3357,1322716800-3b28960ff234417096041fa75da6fafd,0
3357,1321435380-b30197b3819e091e081a76140ed973d9,0
3357,1320980580-725ac77051f137aac66f4f553a95c409,0
3357,1321461360-4cecd2bc3acc8504daa0181ecf9ca234,0
3357,1320496920-445eedbdff34ff64df37aae1b4becef4,0
3357,1321415940-adfe051c6bc79c4579f083badffa9534,0
3357,1322111580-15be012ff0c79ccd276cf85fec4426f4,0
3357,1324259100-41582aad78981406d374cfff7adc2687,0
3357,1321383480-49c781b2e74fa5022deacaed4f77370c,0
3357,1324484880-9cda72743e54feed4696e76033be0d93,0
3357,1321317660-66992252cfaf030455bfe0ef541b97c1,0
3357,1321593000-3a3fa818048c7bd29f3bb4362f99cfe3,0
3357,1322900340-2a9b2dd6b892880f5c9f3f8498f6b21e,1
3357,1321340280-c9c049dd931a4cf27f7c4c63fd3241da,0
3357,1321660620-3cd42aede639ce58248aca5fe024e6c7,0
3357,1321959360-c468d02c0a6a5fcbcf8158d8cefa5982,0
3357,1321041360-0ad74cdc681d9fa206b2fb44019ed06c,0
3357,1320918780-76f1312546fd419fa8a86f5b32fb7f19,0
3357,1327451940-34485e44f3d2ca61e3e47a6d4b7c65ab,0
3357,1320876600-3f6ead6ab785ca7c85d5f4ca47fb7477,1
3357,1322279940-27e5ba1a3df7bfbe426c70a16f925686,0
3357,1322175300-508fd77b6db639099a986eb7ebce44f9,0
3357,1322756760-a9267bfeb77515cf99c3f00e44b0205c,0
3357,1320810540-9328cd60a0eace6f251d0ba72e4c9070,1
3357,1321049820-0f3187de86f7450770b9b9b58194e5d1,0
3357,1321473300-5d75d508ef01bb442ca472ec095d3b3c,0
3357,1321228380-511f25f117b06c0492fe3724a4dee572,0
3357,1321378680-a64392120f7941b4359d874e5e8680f8,1
3357,1321380540-dd0cc0f28275880281b7ae225831cdd1,0
3357,1321560600-060266c65ba69e8dbcb8a03818acbe3d,0
3357,1321310400-092bc79eef578ddb79edb361baa1eaea,0
3357,1321385340-0e762a051a7d2d144633fa830c0217ea,0
3357,1324459200-f47e2f59e90ecca2c605dcf40a318e2f,1
3357,1321744740-cfa9f36305c33bf6cbd6a42c23ad7743,0
3357,1321975920-5f75f82524a3760ec1feae3d37a55ada,0
3357,1321633500-57617bcaa309e6d402d34682fc3cb5e1,0
3357,1322249400-1837025ffa3d2b058be54d261a4b5ca5,1
3357,1322333400-6e47403574d5c2f0eceea1b9f5a59afb,1
3357,1322333400-d8ffd52f2e112e30474931589de5c716,1
3357,1322370600-4ad72fa09b2b90c57fe489668d8cd37e,0
3357,1323364080-849e7dbd228fddf3b9a9739b2b6717d8,1
3357,1321155120-f7a88f7ff9f0983845eedba564979be1,0
3357,1321419060-cfbf5998869d72b4efe1cc1aa3974fa3,0
3357,1322254740-5ef8bf8b9a57bb73ea4e2e6c3ed4d9a1,0
3357,1325722560-b28a29305d279a26fc6d6109df58835b,0
3357,1321045200-45dc38433058bbf9612a3225d4ee347f,0
3357,1322545620-b3efed87fb796ce53f72d218a4f1f4ec,0
3357,1320302040-82e9cdd70c9e83792a8c0ce07d609fd1,0
3357,1322404260-ca370a1de962a6cd336d8258e7b24735,0
3357,1320535080-9e52520c5524c3ece994e8cb55e7f646,0
3357,1321895760-a11e8884a5c1fe5e732845289ca182d6,0
3357,1321651980-8a80948213c3c29d4a547c82ad07a431,0
3357,1321284660-da49142ff30f82d6fd9b5412a99c3b58,0
3357,1322085360-4b04206579edd6eff89bc0da55d0b86a,0
3357,1320462900-b8d253aba1a2fd20c0cf2f04d49db5fb,0
3357,1320531840-720dc022b5b1eaacef963ff607a77218,0
3357,1323442320-b5570df50224840796b1a9f774d3e93f,0
3357,1321672800-3af600644a7a52331476ba5601247625,0
3357,1324479300-59c726e834b18b4ca5787637e13728c6,0
3357,1322832420-8f7902e28f8f5315a43a1b81a70692de,0
3357,1328023980-0c0100932cac118ad32b01320307176c,0
3357,1322230200-7e8d6557c0a7ef0a51a1e3b3606308c2,0
3357,1320107460-dca3dcd433beba06a12feada12596dba,0
3357,1325265300-f1af563d0298c63a2492d573eaaa7c29,0
3357,1321853460-d693885f96d6d3b2b486e5e8e950e729,0
3357,1321409880-5550ba04eeddb0b0b36a40503d79eb0a,0
3357,1324012620-3e258606d89991e65fbda9ecdabaf522,0
3357,1321435380-99522e5b2335d679a12fb32c318fc748,0
3357,1322282340-fc517a271ff405d6da4aa70b41c8345d,0
3357,1322577600-8fb7678477a595400d9b60994b3307cb,0
3357,1321914780-9c98a848505ec2db33e510d00e6bdfce,0
3357,1321884900-71f2a1317b41e12ef69e81e7f25e508f,0
3357,1328020800-f4f4581eb8a17746713106f9fcd83ba0,0
3357,1323047220-f7fd2b73b2b4a025f5943fd1ed26464c,0
3357,1321394520-a89b7524aba638c00d3675be9332e237,0
3357,1321938840-d10b24c803131773191a0abb5bede741,0
3357,1322275560-4b96c043557984771c1919ca1631d38d,0
3357,1321470960-97e693cab05850fe7798aa1ef8d77ec4,0
3357,1327273500-05dfcfad906dc3b95d7b03e2862b33bb,0
3357,1321367040-51a2e07f5dd7a22aff304c05c91d2d18,0
3357,1321670520-9423329b907f8992d1526f0efc3ff926,0
3357,1321971540-c6f2520487f6ba44f9980ebbde9eebd0,1
3357,1321187160-58b0c708762a33b776c64e46fd4c818a,0
3357,1321763940-8709e28d8120bb1ae7b6d21d6dcf9993,0
3357,1322983080-2ff004b1ef2b9b52b01b4fb40878133c,0
3357,1324073040-af61d51e99b486da5abba3e38fce41c6,0
3357,1320721800-2a544907483e5eda6be6c3dd06accec4,1
3357,1321994640-fc5ef15cd289f7d1edcd0a29d178acd6,0
3357,1321479180-4269120a2b84b81b393c1d07f88c1e75,0
3357,1327632060-f48cdfb6f45848fb32800ce6478d0313,0
3357,1321994460-879f099d374728a395a0480a1285f81c,0
3357,1320766920-bca075fd0563c8d5e8574d2c5db92919,0
3357,1323324120-f36e535614ed9ad97f491c21c7d941c2,0
3357,1321322100-38c85bed1d41e61e48cffaa5cd0a0728,0
3357,1320469140-a048a82da3c707ff90a9e67ed0262bcc,0
3357,1321406760-32b63b9504923f4b5b4eef911a09df5a,0
3357,1323443700-264818b693d0285b020939fd87631223,0
3357,1321485060-68bff804c20b5424a1269b853f1f238f,1
3357,1321261260-2869a8a5341f7e55e23f69641fdac7b7,0
3357,1321137300-221281831bdeb7a7f209cdbe66729df6,0
3357,1323277620-803893125c56ecda70a0d0b431b3ebc6,0
3357,1322664840-c668bfa06fa0beee94a6c85d1ac576f4,1
3357,1321376700-160366b9649c1fe56c86d3a339c87857,1
3357,1320871860-1c1ae7ffffb32a65372095fe44c0ed1d,0
3357,1321944660-a881566e07ae363d5ceef7240c6c86ff,0
3357,1322896920-86af5e439ad39e01409e294a7454f03b,0
3357,1322063640-4f4323d77e2d70ffd9516080f20c039b,0
3357,1326775980-be2aee18b358056b20197d2cdbe634a3,1
3357,1321636200-f6960f51ba471fc15e80a1ee37ad1d7c,1
3357,1321293600-348346a678b26d2f7c47e554c5880f0d,0
3357,1326169980-464c9bda90115801904d03e5603803a4,1
3357,1323403500-49575407a217b10735c3c96a690561a6,0
3357,1323139380-1eb3048bea61013d62d43102c30bcf3b,0
3357,1325719140-a4bf18d3035b78105498ee647483b9a9,0
3357,1321767540-f0904ffe326c074dbcbec4b09f6f1c28,1
3357,1322332980-2f6265740c3f1e96cb66d1ab4274502a,0
3357,1321914360-288d3433aa76d51fc27da3edb1ded1b5,0
3357,1321404900-f195a8e362b0b29150a4508f75eec899,0
3357,1321288680-4d0036fe7990ed67242b6e1be2c36374,0
3357,1322023080-58be197cb5e0c691cd5a5bc981dd9e8a,0
3357,1322069700-80d77b45a578fe1ebe6a1e9b3dd0adaa,1
3357,1324649040-66a27c788b1c2b9ba390eddf2c528dc2,0
3357,1321387560-6a3b750cc49b17d5dba994bc5d7d9425,0
3357,1322013540-12091474efdb4780649450903f1135c8,0
3357,1321309920-f8a05f87e1f9ecdcd02fdac932ed5f37,0
3357,1321799280-74f15dd6886543709223493489916496,1
3357,1321193040-2bf0ffa0ed8364845637812a8219d4ea,1
3357,1324131960-b2efd181190a07891fede05177f0e38e,0
3357,1320838560-161a62d8da2375d7dd21333cd7b04ced,0
3357,1324995960-d8e3c299a7a584109841685ce96b1f89,1
3357,1321712760-3195faadadfe10417e0037865e8fa2d1,0
3357,1327528500-39310b740544301a1bccb47cc44cc271,0
3357,1320791220-fabe8a08b37dc634c860e94ad073606e,0
3357,1322164860-8332761b69a5673977e3cc6726fc720d,0
3357,1320713700-0796ce823b4464c4a3f4cda7ea33e379,0
3357,1321521840-f898e64758b10b0985007652dbb836a7,0
3357,1322769840-c3a6afcb654021516ccf3b34ad65a05d,0
3357,1321644000-cbbfbf8cb4fc1423db68581d8aefe697,0
3357,1321661880-f28db9cdfab42315869a21bce98252c2,0
3357,1321524960-6c67476594ee776913431846c6053af7,0
3357,1322438040-1a4f3e5e83b7e254338ff44a5ecfc814,0
3357,1320557820-b5ff73c777a1be4c08ab3ea60a852e3b,0
3357,1322885400-73dfaea4eecf3bf08788f1885d103a5e,0
3357,1321221360-6049dbe8f9985f8c173235233acf61c8,0
3357,1320107640-4956badfed96d982fa845df4227187c5,0
3357,1321396080-996da444c57d5d02e9f08f1a0da1a32f,0
3357,1321951800-8db2d7078377d958757338c27947700d,0
3357,1321472820-98cdd57bd924da578c926b3a34279cd7,0
3357,1322891220-59b79e34ac051a5e3ad0523f162c9ca1,0
3357,1325149500-34bfdc8f36362751811f87218a4d4ab5,0
3357,1320724680-70083ac0fb3c1b24842c9e8abbe6eed9,0
3357,1321486800-3a5a087cc486d4397247a984777b764c,0
3357,1321633080-f7fb7cd139a0c68ae3f3ec42713d22e9,0
3357,1321510560-511c8b6ffab6045e99e607135a7336fb,0
3357,1325719140-7ab0764a038563d832a4d729aea71b40,0
3357,1325726400-a409006d125c82a66d463ae061ebf75f,0
3357,1321994040-f76db7d0cbd4fe41e3c25f444c0184e3,0
3357,1323460620-dc4b18290eca140a57c5f590a0d518c8,0
3357,1324267020-b6ea40eb843b33866c28bf947b656957,0
3357,1321113840-d6246cb949785a9d09f71f1cfeadd2a5,0
3357,1323036300-879ddddbe3a9fab788bbe41af1ec3877,0
3357,1321774860-2ddc8b6487667cb881c409d3adf83ef6,1
3357,1321819140-f6f5b1cd994701805aa2130e90d549a9,0
3357,1321380660-c0aad4dd49cb084e3a61e94b824ff113,0
3357,1321217460-05163e7ac5b19a9b10e573d640df47f7,0
3357,1320458280-ba6e2a23b877760b676830d0d4809836,0
3357,1321406580-4bfd32ebcff2b7ada0187783fcc0d676,0
3357,1320520380-8f5cc4d043f79d514e5e33643dc8a28a,0
3357,1321193040-7e6ea2cb10d3f6f4f303f4d685798129,0
3357,1321307760-f2a0a530ed376ba00da4a3832d1f7e54,0
3357,1327205760-b1cff5a22fc223a3aba972d0930cf75d,1
3357,1323895800-dbc872fd2f95d51437bbbf06de75f612,0
3357,1324576620-29cd89c2e3506cb3155de4f236eecccf,0
3357,1321377120-7580e89efaab0d5c907a7bbf5dd57fde,0
3357,1322455140-d3bc00ffd36c221edf61eec02c122549,0
3357,1326746400-848d13af8339c5f6b160d260886fb220,0
3357,1321334640-34f5b045d0d2e60cb58824e5083fe5ed,0
3357,1322004900-93f72ccaccd7216c9c8c4b40866aa37b,0
3357,1323226860-44503aac705c2e20804a12a8b7136fd1,0
3357,1320805380-b4c8b13197457b3dbdc4f4909636b532,0
3357,1321048800-04c0d0f4c418d986d437c33cc110519b,0
3357,1321058760-9d7a67efab5bcca67d7c574286683af3,0
3357,1320648420-8ddfe4d3121529fe4a6c450a908ef2db,0
3357,1320952620-1d42824906b25b6057f3306090b3a6ea,0
3357,1323137640-f16bbdbf90b7143260077e7ef73da104,0
3357,1321816620-d18441a2a9283af733aa4874b2ca48b6,0
3357,1321706400-cac1162a190ca3d453e2f6addba29dcb,0
3357,1321845600-6e0812c49286688e1884ae3e1046050c,0
3357,1321224780-6d530b2264a9a8529b8cbd3c27d2fe2d,0
3357,1321971720-4943b259613e6a614a0e426d15df4579,0
3357,1321683300-fe0b8d2429dc950b3e277377b446ffb3,0
3357,1322086740-1e5be0b80b8b53914834be1b723f5ed0,0
3357,1320694320-fc4065562f3f96f30cd5cd6446a82b80,0
3357,1324476900-c795ee24d3d5cd1879919692ed23859c,0
3357,1321487880-cbbd61754cf7f8af3fabc6207dbee5ca,0
3357,1321990980-44e0ad38a6806d8143598357bc700660,0
3357,1321595820-b17bba588512a594dd7cf297b102de7a,0
3357,1327272300-6614d36b34891aba62467410316084ae,0
3357,1321124400-d56b386b7c1246b87540db95a007c43a,0
3357,1321465620-f161299423988dc9aefa263449e41b53,0
3357,1324266060-8f812d57133a3cf1d891114126d948d2,0
3357,1321667400-41bdbfc552cad882baea55945e906da5,0
3357,1321091220-ce1be4a6337450e02c8aaa4fec1852f6,0
3357,1321397820-9f56bc4349fc8c7c9c6c03f26249d66e,0
3357,1326816300-a61eeec06518a8076b4b4ef661be4cef,0
3357,1323317640-d915dc52eb205b7c848309ee9b52c304,0
3357,1326214560-826da3deb2565fad2997437847353563,0
3357,1324059660-dcdd0095d8c6a4344e377aa266a00405,0
3357,1321578360-c3ef1b0a3f48e02cda2096e3f662e80c,0
3357,1323720960-0e2ff7eacc7aab43e75f06579b48787c,0
3357,1323092520-bde7637d23b8c66880e26b7a8b3964c3,0
3357,1321413780-46014f864621aba197838d531a1993d8,0
3357,1326114540-d42c5c4c2685383624ac3de8c560721e,0
3357,1328042460-65a4c2b05f5e4a7feece7f0c8f19b4bc,0
3357,1322521260-b1c492e0d3804e665a2f6355cb911a9f,0
3357,1322542860-ac9775fc8fcad988deaf4dd1578dfd7c,0
3357,1327790400-fda9a1f7f73af7034e97f4689c23c0d1,0
3357,1320214260-53731a21fba805c218155af336d4b53b,0
3357,1320606660-08f471a6f78093e846675912896fe987,0
3357,1321376460-f76ba9f8bdc53bd521d97d81525eb298,0
3357,1322266140-4f0e8515d9e87907a6f03197824780cb,1
3357,1326227220-d2e7cdcd87bd264600460ec46c0edf73,0
3357,1321404480-689397f1560532d8304c346cf06707a7,0
3357,1322618340-640575d2c0e7ffd1036948d411d7365d,0
3357,1322118900-a2cec0a2bc6469d0d05a83fa29613ff5,0
3357,1322236800-a61b2b3c5f0c937e764635d3c7b12b53,0
3357,1321051260-f4539b0081caa8fe443d0ef20ab7b64b,0
3357,1323480540-b6d689d31c9c96a3ca7d8daedb5fd9ef,0
3357,1321468200-53abd17023a64049394c081e2b923f6e,0
3357,1324527300-71209958fd565529bd05c8a1a7f52bfc,1
3357,1320441180-b30204cdf2878bf182f37124f45981e5,1
3357,1320139140-6b7d751d9413b8960e73725cdd9f32af,0
3357,1323202320-57d7c9a61b79942deed36bf753db9c5a,1
3357,1324482000-f2ad4c597928c40f76ef71a656644927,0
3357,1322107560-4024a9b7eb15094470993b62823daf17,0
3357,1320671820-d3a53b3f1f2d3d3b97aec6989e3557ae,0
3357,1326837360-15b37c52dac05d468c9a66803e0a0024,0
3357,1321444800-7db15fc2a0621cf52e8bab67699a7bac,0
3357,1321503240-fe19e628b9135c2dce8707c7189ce270,0
3357,1326871440-f79c704d5a91a2759423f8bf05ce59aa,0
3357,1324312020-2894de6cdc856b52f941ac33a7121540,0
3357,1323351720-f18361c5b33487a59c353669697941ca,0
3357,1321319460-c6bbd2272471fe00f56f55eb653264b1,0
3357,1324481040-29f4ad68b106b67f9758953e6926ffc8,0
3357,1322218020-7d3cb58999c9810a324a338a70f3f047,0
3357,1321288740-3c879ae01237a4dd659b0ef8eb3a4a3e,0
3357,1321987800-1a17602193ddd3c3528a35c9b1d55e12,0
3357,1320801000-507bef5fe65f90b734228e4dc5e0d78a,0
3357,1322364780-87c5ec4025131f72a3c6520ae962d832,0
3357,1320430080-12c71cdfd099c7de4c49bd2b6427384f,0
3357,1324495740-3253a090fbb5528b257aa5583b399d96,0
3357,1323333060-78f5cd55bb393c602f84f7ccffbb45e5,0
3357,1321387560-9572314257b7d4c7e5e7d2d7ce2eb011,0
3357,1326412800-0b86971b71323ac593a3a299ebb1b3c3,0
3357,1320639840-c96038ad931c5cef922393f1c9b8932a,0
3357,1324030680-daa89b75d5a51825ea9e349c7c13f5be,0
3357,1321323360-f510d87c07072c4a3df0961457ada189,0
3357,1321230660-3a9dd199e19f62e2c1433adda88e0b20,0
3357,1321836000-ab05c0baecf5999d1577353c3d606a5f,0
3357,1325620980-9927c06794e0d49a5a539b3c64a8810d,0
3357,1322188380-9a55293b878d17458fe610bffebe8914,0
3357,1322134680-b462e5a1e423b8c6e886e4e7f88e4065,0
3357,1321564260-7a677378fae3c5aaa05b2a43ff8ce51f,0
3357,1324501920-a86136869893e0fe31f255301b88a070,0
3357,1326530280-951bd6b234702acb9d2daa2cb0b94ea6,0
3357,1322233740-7f8bc91cdbcfce4856961a569902c60e,0
3357,1321620540-93610e3e34c206896327878ba5262f91,0
3357,1322262120-a02bdd42697d7cf3b3d78b86920dd1f6,1
3357,1322249100-9993f8ce26ab97ee75150c5b768ef32d,0
3357,1321481700-497df7c9613d94f84e0e84b3ee4c6600,0
3357,1325744460-0b099de847255b49d30cf24fcb34dbe9,0
3357,1322142540-2bd047efd2bf07e8b70b5f619988ad37,0
3357,1322238660-1883ab5170c35841fb8383d1d835d726,1
3357,1322228760-1c791a4a89fee0f894a3f31a12004f08,0
3357,1322270280-33b44ed53456d92dc399a6e621be24dc,0
3357,1321581060-81c9469cf67035a0f36c928e745d7df0,0
3357,1320874740-2988102c9b5d8abf746adb18c933e9da,0
3357,1322009700-66f67b8607457979ef2fedda6f019d93,0
3357,1322008860-7f1f84bf421f5f4b85cc7b942d914c02,0
3357,1322628420-cc6e0247783d107a47835b25ed5444fb,0
3357,1324722420-5f2d5a310c731c6fe7bdf9de8565dc37,0
3357,1320959100-d32a2f51518b1025a28361586e094d4d,0
3357,1322594400-9a06d68e03a6ed00e56af54206acbf9e,0
3357,1322004360-c7ba66ffff3d00c1c659dfecbec8db98,0
3357,1320700980-7494c852799f53137c87dee6bb4c149c,0
3357,1326822060-b5cc4237a828a913bb61159c0662c94e,0
3357,1321113840-db5cae44f5fb4b11f2039fd5278efc05,0
3357,1321973940-88506f213870ae8e6379a9555ad62e7d,0
3357,1320214260-4f0d1e100421938ca71eab6d8da3705b,0
3357,1321035180-8c2899619a34c03f02f997bb181cc6ec,0
3357,1321378740-a85c6f230819aa55a71a2eeaa5e71c64,0
3357,1320911760-96e0fdf2f598aff77b8f86eba5b790fa,0
3357,1321924500-a884201e7fcd04b01d7f1a74fb4600db,0
3357,1321905780-5f199d4c654f82a5de74ee567a3241b1,0
3357,1321568040-6298db5f1a97798d429d1339df6e287f,0
3357,1322728920-b3c3b4e3e666b50a09cea3e234f42657,0
3357,1321050180-0ee15c7d715e36ab815ac049da767ca0,0
3357,1321035840-1881481aff5c0308012d991170eb4930,0
3357,1323300120-d4a6e5e9604b7e25784b5bef6f340761,0
3357,1321978200-a1d053319dbf6438fb7b232a2d352603,0
3357,1322195520-c2e42e7ce4f1057127121e46d49d4545,0
3357,1322013540-2a3185f866de077a820d78b244380d90,0
3357,1326188160-dd3fb2d1f55a5d8993e6261e3e04da35,0
3357,1323232200-2d515c09a8bf76e9107766ae3f90733e,0
3357,1327775160-45863ea62a29e7fabf16aa50ca23a08b,0
3357,1320685080-5bb0a5e9629d41de35c4d0dae33878d7,0
3357,1321583040-2c1fb517adf9b89cf32522edc435a700,0
3357,1322327700-1687f40e53f93eaff1c04fb450183c64,0
3357,1321586100-93ebd4eb868bd297d1385308d83a199a,0
3357,1320772800-8ddde16fe974d1104a9f536c0d25fc44,0
3357,1325590800-396ce53dcc5a67e0730a6565b7f1100c,0
3357,1325961600-fb1b85f9789e53f74b72a6e5b5d8cf1a,0
3357,1321959900-702689e4e5e5008757d67ec11de3ebb6,0
3357,1321397400-d6b5c864b897862dc05f645597946bf6,0
3357,1326302280-fe8909e6e51ad56bbcfd81977b62796f,0
3357,1323098460-09555ccb15e781f1571b5ee8ca564767,1
3357,1321199340-7135c85fa6f00a99c62f6c127efa2de5,0
3357,1322189100-d9740b9f39d2c5c8979f32d1c67fcf9a,0
3357,1322070360-84e036d9fd67220d0a05105b5ebf03b3,0
3357,1321952820-ab57d1f9243b12a7e87abe843952e85d,0
3357,1322784360-ca16fa7662a275da4ddc65189783bf6c,0
3357,1321994760-6fb49b31cd0f8a7ccb5a4e514cc42a45,0
3357,1321639020-514d2de1597429680d39894de0a0ac56,0
3357,1320412860-a8019d4754ef0a5af1f6dab5a9dabe66,0
3357,1327455180-71afbecb265476494054e9b907aa4dd3,0
3357,1321611360-50675939fe835362b3e73fa6564821cb,0
3357,1321633980-f73738052638582760152169cf4c6071,1
3357,1321604580-16257c0d38c64c8c7fdbf3eb2555d5d7,1
3357,1321860780-94201ea4e9cda9108e6ec63911379c98,0
3357,1323190020-bada60c70545f4737214f156abb1e0f6,0
3357,1321433700-18cf079a83ca8087c89f66178d68ded3,0
3357,1325652120-02dc6fe24f110b895d9a75f31749d20c,0
3357,1322625060-c3891df037cee04bebc95e8e198a6bc1,0
3357,1323125460-0c7f219a9d8ed8c66127de0eceac5bab,1
3357,1323156120-d899d8be7322fc8ceed9e714e4c1c0bd,0
3357,1323138780-b911f268d374858df0c1d058f85fdb2e,1
3357,1323143040-a48c4e4c12e01a4a9064b15672cc41ac,0
3357,1323471000-ff7be1688f5a3ed80eff64c2b89b5a47,0
3357,1321803540-48839bf071b6fe8b8dece81b6ad71487,0
3357,1320355200-5a31669f5cc88b8e4b98118afdab8e3f,0
3357,1322569560-55c403b57fba0377a1308bc831d9c793,0
3357,1321388160-1bad948bab105b54c4cf3133095b51ae,0
3357,1326087420-646962d6c6ba2aa9d95bae1cedc92959,0
3357,1321811340-0dc51a76685a137110a197782c3a0011,0
3357,1321996560-86fab6209b8fb7b185a21d72d8798c32,0
3357,1322695800-bb01529160fe47ff1125c4475363340a,0
3357,1326957180-740d0e5b927807e01b8e219f7e0868c2,0
3357,1323739680-890f2d9ac8c63e9eb8ea036136237963,0
3357,1322193600-3de4b08e4dc93bebda7f4d14a6220470,0
3357,1320859980-4c73c323f696f3697d3df1f210edf4b1,0
3357,1321945140-3af09b126daeacb3d921ca2eb9c65ca8,0
3357,1321633020-679fd9e89a4266a88ff63edb60d308a7,0
3357,1323310680-af8406e277cd9e5d98dc7fbcd1793366,0
3357,1324138680-49525ff9dbf6e19f9143f19f04adb670,0
3357,1327648740-35d2eb736432c168784ee58648cf7579,0
3357,1322374020-ac4aa6d1b77a4ce706816969ea71e478,0
3357,1321389660-d60b576a32c4249a0c7dfc85f529cd45,1
3357,1322876400-3335689b1778ebddf2e8c76e33a448d6,0
3357,1321406760-9ddada9cbfe13848807e997d3044e896,0
3357,1326179940-fbb3d0862c9b073a63e8c455a112966b,0
3357,1321166520-335c04b18e8e99201c7b56225b416acd,0
3357,1321247520-0d85c80edd6895910a57346255b700cf,0
3357,1322595780-adb1e59dcd2276c1345ab445a936f17b,0
3357,1321682520-21f8f2ba57f5f923d2590819dd0e3f97,0
3357,1323147540-6123fd3781aa1e5e6922cbfb4088ce52,0
3357,1322674440-8a76fbc664108eb98138cf0a9b8a9b0a,0
3357,1321346460-d74b90ce652e68f6fc2e28a7e8435955,0
3357,1321860780-22c4ef1a3eb738c682b3c63213adf89e,0
3357,1322233380-27634890e5697b9b250a19f5c53f2864,0
3357,1320487980-d974e223a2670835b864c21ad823c437,0
3357,1322766180-fe9252c922f5f272e2ae72978a9259f4,0
3357,1321689540-c6378dda154e7dd0246b59487cd07cee,1
3357,1321572000-df11d8968535139b26f4d3f71b58f878,0
3357,1321739760-dc393181888ce72ec7a84d945377648c,0
3357,1321859340-b03c1ae2fc9094164f0f923f5b21a276,0
3357,1321569660-8f338a8df2f1da7525a5f55e72501953,0
3357,1323142980-35fc7f0a99782faf6e48cb7377748866,0
3357,1321388280-8229deb3328ca93000d85d834db29d90,0
3357,1321117140-b29acafe1b233fe425931c1e75f88061,0
3357,1321187460-9c043565c04940e4d9e5525f1d7a761f,0
3357,1320943320-c80490f81e9786d303851e034598c96c,0
3357,1324265760-dec7ab031e72aa9bceec602b625c82a5,0
3357,1321295040-cab1d29282d1246e429485f15cffa4f2,0
3357,1321117080-11e5e6bbfed9911a592af0851517b009,0
3357,1326087420-75d5bd956d0cea7e8a747e2f7962f6eb,0
3357,1327269540-51afdcfe0612f02aa5ec575214918d07,0
3357,1321888140-d82b1ae9517bb7483c82736d8659f031,0
3357,1322229120-4972275af40dc80c55ae8201bf8909cf,0
3357,1321704900-5b48360da091a8e28849b18d7ab1e547,0
3357,1321851360-7ac135a3273119924779d4deb5f1dab8,1
3357,1321159860-26d2b9ea23563662e0c7da3e42009ddf,0
3357,1320576600-a99fc66322c22184b247ec52d3a0cf9c,0
3357,1320822360-1843cf9848f0d6b2a4c368c2ba75b2fa,0
3357,1321780980-670f1d38f1fe718f17e6bb9dd25d9d8b,0
3357,1321176240-c49082ee15caddd08f53bfd8721840b1,0
3357,1321568040-f5d0235dc81981e9d4d85d5f9bf66dca,0
3357,1322092200-938f0666d2f080b79de2a2c11eeb0a32,0
3357,1321706400-77e7227c36e4100333143afdc434ac68,0
3357,1320778560-09532f5b12a01ac6387dbb7e67a7d54a,0
3357,1327795140-967c3bbfadbcc7da0c4e694975bc3b29,0
3357,1322674380-2547e6dc10ccad02603074af53672724,0
3357,1322099340-b81c09743b047804578a795645acd208,0
3357,1321915380-14a8bc11a2dcbaae4d6df840ecf7afd3,0
3357,1321398840-61b1e4d76ab4df3a43be3b8c148b2e5e,0
3357,1320772680-bff81d02802e5aef9143e045eaa30c7c,0
3357,1321584420-11d60b99c48b0f9743f9c348f32d4dbd,0
3357,1321257540-6a51da7b7fcd7cf02073eba1d102f031,0
3357,1320338580-708cd9a9570edc95dd6c0ba1e7780aa0,0
3357,1320446220-17002961f4f570dab9d2aa19eefbd9ff,0
3357,1322082120-94841551da9336808a4aec55586a5389,0
3357,1322251980-5f8facdd6d9b612cbe3f76f89e3643df,0
3357,1323304740-35ee3db2b06d2540ddc1e5a12606511b,0
3357,1320776160-150d8cf5f6b53fb4093f1f7e75de0b6b,0
3357,1321557960-16b9eec15c7470b2153144d0e2604b57,0
3357,1321845240-3e50745ce7613d468ff7b71ed23f18f5,0
3357,1321547460-bd20cb6b84d2e36f14a98eefcd5d4a92,0
3357,1321671180-09a0d4fc785e7e6a45ba03c2af58ba6d,0
3357,1321394520-1c65237951bcf5c1980c6bca9e371074,0
3357,1320901440-2cbfe79a8189d84233f169d964a87f82,0
3357,1321951860-93153472b173c752b0a9b159bcfa6b4f,0
3357,1327859100-5465eafc468b36a1d0c187443f1d53dd,0
3357,1323895680-822822de33845b2308ed2a6e68c8f711,0
3357,1321048620-897b698589068b66fff5f577190ef33e,0
3357,1323459360-27c4535ef9f38c216ec13970979d6760,0
3357,1323808380-7c250273dfbd0d7c08056984764f6154,0
3357,1321147260-2ff12649278cfa15f24fb40fe832772b,0
3357,1322594460-29827798db8e3afea024b0a932c81571,0
3357,1327390740-68ff8f67e2117bde6a335848d0d180a9,0
3357,1322929980-d2c438a12d8b653cf6c87bb6b1926d34,0
3357,1322865300-12914f10e3c89d158e91f35c4abc5d2d,0
3357,1320681180-6ac81ec2169ce2d35403eddbfd6f67b8,0
3357,1323736800-10f1251c518a3bd2f25a47373e7f1426,0
3357,1321377780-f6296a1223383c71840830b625a163c4,0
3357,1323315000-12ff2c9c24cd014c142c291b6db3bd8e,0
3357,1321859340-1b08e11654f64986a91b92a24c03aac9,0
3357,1320603300-18ee0c53700874d1856ceeb006e54d44,0
3357,1322503800-9b5ecec38fb9d3e5c934eb1f6c506171,0
3357,1321201440-c6d3f6db60cbb0f04eb44650cff4ead0,0
3357,1323229080-c395a4fb1927fb88c46b5c1b1b37143d,0
3357,1321696440-67ff37bd3f24686606e6e243ed2e0d4f,0
3357,1320944340-f90f0b3690781ceba191888c43cf7a37,0
3357,1323936780-407481892e00e0984d4adfc245cc58e1,0
3357,1322236800-78ec2750ccc9c208b97d08b48526190c,1
3357,1322146020-5a1c368c7f0455dfeb3915d7362db8df,0
3357,1321104600-816422425cedb01ba7a7da06f2dbdd23,0
3357,1322077260-cf1ace91b330c01e21ca9c1a92f077f0,0
3357,1322142360-84d8f223c1191acda00961e67dec9d76,0
3357,1323385260-17d446a1e188628c69887199b75f6534,0
3357,1320838560-1d40c1400d677852e9e6e2da8b9998a7,0
3357,1323301440-ca54d92217d1344c7c9193e43a2f8885,0
3357,1320847500-7cb1f04f95a3c05aff15ac601f9944a1,0
3357,1322007900-9e47a60cf0880dc116f4534212e3cda4,0
3357,1322415060-24fed48d5f0c01f61b4ec8dea17b340b,0
3357,1325541540-24628278a0330c1b0469089b5a2352f2,0
3357,1320950400-6f685de5e2845d6e146e42577d6b4f1e,0
3357,1326536880-d88f817d98b6d29defac2bb976eab403,0
3357,1323338700-4614255f9df15d1fb04dcc4fc99fb5cf,0
3357,1322275200-d42aeb6aeef2fccff52b4478773c5559,0
3357,1323991800-ada44447257cd1976857b67a2ab4b838,0
3357,1321509960-ae584096b41914eaf407055f75cd9687,0
3357,1323473520-42e0590621c281b52a3409d058ebdf96,0
3357,1320731820-3b33cd7bb1f687dbd3dd5677662f9f30,0
3357,1322200140-35ff1b7918e94d973454209cf0ee9c52,0
3357,1320984840-b6e483a9f063bc6f6b0341536e801ca6,0
3357,1322194560-1d4b6aa954dc3b68be43cc80c73b5d72,0
3357,1326925860-8cbf2bd99b0a69fa1da582228d7fae68,0
3357,1322080680-667ce29cce6f44cf8e57b12a7c3b3dbf,0
3357,1321811400-f7825f63a1a3205f63541546ec78ed94,0
3357,1321439100-9f5dc4b4ef03111562e6b289d70208d2,0
3357,1322856000-902f510c1d5bb9c725d4fcb71225e718,0
3357,1320601620-15bb15e626d8c849e7e972610b5906d6,0
3357,1321053060-1cffbf7a2b272e5488e9d41e01c4b26e,0
3357,1320328980-97121fae8f0041d701a1c4da67e5cddd,0
3357,1327470720-7328f4d7968987f238e929f57a96d7b9,0
3357,1321464660-f4887ad1e4117f430c74b77397499625,1
3357,1321468740-5fdca670ddd382cc4396107ab2a9e07d,1
3357,1321557540-b4b8b74dac86078ba3183cc5f8519563,0
3357,1321346460-a8429644b741149da004313d212a275d,0
3357,1322141280-a162bfdbea7f5ba186c9106d47df5e68,0
3357,1321628400-014edad47ae3156ed9af664f7baa263a,0
3378,1323343620-2db41244d67d0baa8ec1ccb4b6dd31fd,1
3378,1322559840-6c22008ead539912c3249ad1335933bd,1
3378,1320781740-bb2542652d32a341849ec3d6e7640857,1
3378,1325718900-81adee4623eb8c91c83fe177cd40af21,1
3378,1322964900-ff7e674982b0a98dd7c953da51d8b08c,1
3378,1325619600-b7161fcdba077cdc1589854c9662a1c0,1
3378,1326825960-099d8e36ebf343159102283ff6725bfa,1
3378,1327544700-22429e81881abc07ee0d870743e08efc,1
3378,1326907740-6db36dd23ef95177af2feaee14fbf486,1
3378,1325730900-34ac97ac14711abebe44b914511b9672,1
3378,1321310940-0412085306c1550672dd6f01efee9e14,1
3378,1323105900-684be992955225a77dab1c0fd863cfae,1
3378,1326386940-5bd5e0d57e4eec3094b071fd14337283,1
3378,1324676700-1bce807b7ea87c5c97867d0e33b840c6,1
3378,1323118860-70addc4bce2ad2465c04df747a7459e4,1
3378,1323010860-4261d016a051cf15d1e5712f6782a0d6,1
3378,1326134100-94fbc7f66a69cb2cccae0f8d1d5d2736,1
3378,1322868420-f6d0ccf6150c37a331f0872841bd5f48,1
3378,1325666340-1d945a096ab178496ff3eb63283195f0,1
3378,1325671680-0eb69d83d1860d9d7f3fe96e20d5b99e,1
3378,1325671680-84af45ded52777458b618b60365501fa,1
3378,1322500200-c49773d7550fa4aaa153a95ee96cd454,1
3378,1322389200-5112e0485c78276851f6a7257281a2ce,1
3378,1323199380-ab013400a13e47d6a819ed4623089a93,1
3378,1320433800-fc338409ee667fd7fdc2f865eb168dbe,1
3378,1326910740-6bbd87807be0f2fa45156accf392ea48,0
3378,1320790440-d9a6124fcdb0c9a6af8e77bf5de2dd2e,1
3378,1322006100-92b0ea03ddfb1537b9fea2dd6f2db48c,1
3378,1321375740-b7ff7c44ee30e8fa5b886d45bb165e2f,1
3378,1321372260-6646d76239023173ed23400ff2b8a52e,1
3378,1327977420-950be5b270b7f25826754c079da312a7,1
3378,1327950300-6f2ec8a92cf99ffb68ce0f149ce7bed2,0
3378,1326015720-fca6b0315c9d42372734804eae5c38e9,0
3378,1323962520-949767900ef95570d55c777809567f89,0
3378,1320520800-ba3ba89f0c1f835afc72bb5fabb100f8,1
3378,1326834480-1819c369af797cf9c00bfdbc447d7e37,1
3378,1327453440-f2a675cf91613172241114689c3620cd,0
3378,1325704860-68575ff7a100f909b5621260c46d1e00,1
3378,1325704860-0ad254895c13b05da8a2c142d2c4d657,1
3378,1325790300-b81356c458aba041eb284ad42d6dd38c,0
3378,1325703900-692cce6e25eada8408899637b3a4a17e,0
3378,1326117720-9e5d5dc9090c7750fd9539e62ba91fa5,0
3378,1323718440-f3482243040ddebd228e89bed731a796,1
3378,1322875740-64b9f13d633093a9530b2eb726d9b85a,0
3378,1327720500-851d6edfa5cc9460ea05d008655c4b15,0
3378,1320701280-f833a2abd6d4932b3ad7d1e88315492f,1
3378,1325718360-4c45ed7cf3f6f4dbd28698d6f9499d09,1
3378,1326146100-f8ce01565ff70f3440b106f946a7f735,0
3378,1324344900-f2b832262535b919349eada0c59d9b15,1
3378,1327829160-9ddc3d77a1a74f511d81ff7fe727311b,0
3378,1326476520-c0473567521cb1de7373fe6081febb9d,0
3378,1326914760-8af1af249ded21e428a7c527cd7da996,1
3378,1321287780-4030e68030f089c443b7e2be61268e4b,1
3378,1320638640-b0548d8da94c4311d0491425242abd3a,0
3378,1327969080-f873163b47a8f1000f2077e0254dc40c,1
3378,1326441960-dad9ca8a5d14d9d9df9bee3fab9cf5f1,1
3378,1326239760-6eb27ce3066c730616a8209cd089861d,1
3378,1326815700-79a70bf176c33d17bddfb75a51a2d9bc,1
3378,1326789840-23c97cdc3ca44675f4ea7eb599cc14a4,1
3378,1321322400-d4f7b92b065d74c5e4f44fdceca67766,0
3378,1326750660-931e0a557067138432b7d99c67bb491f,1
3378,1327446360-201c2cb62a0d49fa55351ce9790592ad,1
3378,1323999780-3c60f9b39cb077f83e8fca3470860aa9,0
3378,1323888540-20307544eab2daa8d3d09e02de349e96,0
3378,1323099720-01cb8a81ed1a6ad7e62a8d05e89d415f,0
3378,1325721900-b0fa627582969d0c13597ede83a83262,0
3378,1327720500-a2c2e939eb526ad1df13ba2cbe7a865f,0
3378,1326122700-bffdb896514cd6ae8a589c263ec95665,0
3378,1321581540-b6f1b9631f2e75db2f70192230870c35,1
3378,1327697100-9982cf3042b6f3f96fbbccab12854649,0
3378,1324063800-99e42fe79340a16a07914b01b462fc63,1
3378,1326896820-838f1b3b4f9bff347e50f1484da79502,0
3378,1320731460-f90dad5f2a6d7793d93c9b27901fda79,0
3378,1326916800-09911cec115468e127b4d4af0752f563,0
3378,1327336380-1b605f28922c7e7044975d8c53471855,0
3378,1325493780-b99f812a337dfaf3b9e578e93094eae4,0
3378,1324074660-5bc3d262fcaad6f133dc183284c585f2,0
3378,1321320900-819bdb3bcadf08c693e5ba0df7ac88a3,0
3378,1322964900-34a223ce84703c57d33b43910fd0328a,1
3378,1320428940-1b1e52e2431324a7479cf4aeae10abef,0
3378,1322790180-2e7bab818599256c4b5428099406f76f,0
3378,1326935580-3668d950f70b3c2b3c07109c10938235,0
3378,1325115060-1edfcde87d72cb0e529a5bb99923e6b6,0
3378,1323833760-51d1d89875f66a9cdeb1b3e7ae602bd6,0
3378,1321905540-a28162309fd0bf84ff0fd15966464332,0
3378,1326318900-8630066c53d03ca392c14bce33d03874,0
3378,1327510740-077f8685cc16d1c1f77b045e73aabd35,0
3378,1326148500-433bbd96bbf52fa4724af0f03aab13fb,0
3378,1325783160-0dc0daf3e38a8b07d8f144e972c14532,0
3378,1323183060-3528ad1ded174c5387920a4f7cab8523,0
3378,1322686800-fcc5a7b6a6c247cfffdadfaa34afc1d7,0
3378,1320494100-fdc581eb182c20fb149fc7b72da3a0f7,0
3378,1321677120-0196495f95730d4d4b873da3462f7a35,0
3378,1322894700-2879868915a1fbc8471322d3cbde222a,0
3378,1322589900-2a8d84499013a8d2daa5a4f96627d017,0
3378,1327591500-b9afd1c3d4bdf3ad7c0014cc0e293d7e,0
3378,1327082100-a12d5c6243ab1f2754267e66fa4a0068,0
3378,1326246120-2532b7402302c1d9a852e915b24d2004,0
3378,1321386780-bc3193b97b15840ac2a9141bce7cd750,0
3378,1325011560-a20c2c82cc248982ff1da62c63bae989,0
3378,1323685080-b46228d448824b5e325dce7bc117131d,0
3378,1326620460-84efb5fb4a8dfd3206ece93e0c596f98,0
3378,1321332660-f2e8be52d4e84f8e3e1780bf7766c31c,0
3378,1325817660-973190f7d7b6d3c29b46891dd080d122,0
3378,1326506940-9fc0e040b18bc4c7105955fa561a70b8,0
3378,1326053400-5882364240f70c66582f12d101d5e6e4,0
3378,1323212100-8b24f5b35b2715db7b3da03168365809,0
3378,1325672820-af2bec99b7f6d107166b8a85577781ac,0
3378,1323990900-d6613672c31125e4c6bb970961b5c88a,0
3378,1320717060-22f4c0e7086c0187846fcad1a4255477,0
3378,1325494920-71763a5783479678aa11c15791bd5b0c,0
3378,1326164760-a5be8dc68384d9835f1399d63008cb58,0
3378,1322728440-628266e9f451c4c320d1daa2225025fc,0
3378,1327649160-86abcd8e19e04815541f9172d05ecf0c,0
3378,1328044800-08be15842e6c7bd66abeb0aa406e527f,1
3378,1323726300-2843186fe427dd0611e6a47ca6c884f1,0
3378,1325640660-8ac9445dca9785455db5e6afa4aea2aa,0
3378,1324433760-647ff6dd47a7c4d651cbfd26479abc69,0
3378,1326910560-0abdcde4ed5766e20951712033b410ad,0
3378,1326475500-c4fd15b0cf92e236a4e2c90a8107344e,0
3378,1327721400-036ff577bc188d9b30eea236b9523dc3,0
3378,1324445580-651846ef26ef69846f2ab32f2bde327e,0
3378,1325758080-f0ce3a6893ef26af169fb1434a461adb,0
3378,1323623700-21de51d179e6ee82adf3f53f86d36ff6,0
3378,1320695460-3694fba350c6f082069f1c7c0f65ea21,0
3378,1326186840-f601767a673c345204090323064701d0,0
3378,1322878560-64dfd827850433c6c77c5eb0a04f1bc6,0
3378,1328040300-21a354f38f56416ed67ef7c0d39f63ac,0
3378,1321051560-5dce83e19f7d57cea323f101894b1c0e,0
3378,1326388380-0b27c2088e90077bef30ec2bd774e927,0
3378,1320619620-5adadc686fe6e4fda6e2c6103340da48,0
3378,1327094280-90a435fa856b8633828fdc416927ddf5,0
3423,1326596040-aa3dedf468da7f97e6581597f8b9b7c3,0
3423,1326333360-a709825ba10fdb2e55bcf93ff26abc58,1
3423,1326333360-9274d65a24101e144ce89b3620544b5e,1
3423,1326331440-d6b61ff4eb80728265f52334fb3c5faa,1
3423,1326331440-2202a1b48c9e0600f37f67437ca21a22,1
3423,1326334380-1bd65d5e7ac107ee132f5acb4cde9a17,1
3423,1326329820-6963fb7dd80baf28c6fee534f84a993b,1
3423,1326727380-cb19b5acc820fb2454bfbe4ca3c0c640,1
3423,1326738060-0214ac5b6528c25a745e7ee49d9edc19,1
3423,1326735600-7932f2dcad9e7ec71999f3d9bf913ee6,1
3423,1326727200-730b1bfacfb66b4fad72cf481f4e16a5,1
3423,1326729420-20de49f054cccf1ea3da21e01fb487ce,1
3423,1326747060-36b9883916c36b14763c07d37e14ae03,1
3423,1327338600-f972e2b2887c71807ff0c7db4de02349,1
3423,1326307320-28fb55a4372480c82d07701141af9930,1
3423,1326241800-5a4d8f3e5a164dd3a0d8c9545a82fd39,1
3423,1327345620-455d50d0532dbbbb4512056e89c9a7e9,1
3423,1327112100-cd520fa1a8037a82ffb3adc1299e2e57,1
3423,1326310200-9219bcf67ef88b99a3670302ba97bf22,1
3423,1326672000-baa44d9e0fe345582a2f96114bcf01ae,1
3423,1326722400-1578aff8dab0bc533a99f4d47b6f3b26,1
3423,1326689280-32ab7b5710c2c0b0e825d72c5fe5e49f,1
3423,1326773400-bb7cabc621dcfe583837cc0a87c74b21,1
3423,1326730440-2fde621cb5e73a70c5e1f40dc1f04a54,1
3423,1327470300-a3fc79d0333c60db75b7f488c05ba041,1
3423,1327530780-058db086a2510ae59325ca147bbc60a6,1
3423,1327363200-46f99167057fe074b08c2231bbb01dcb,1
3423,1327620120-6167da48b9f0e7126636c84099fbcc35,1
3423,1327501440-9d2f21593894649790a49a6dc5c1f661,1
3423,1327646880-ce40fef62e3ac652ba3109b370ff3446,0
3423,1327700820-b57cce0aff52563bba5707d4fc5686e3,1
3423,1327319340-6da8eb3b5a0d3984492a5d46c3395b18,1
3423,1327146540-70d235666b5b2def42cd8923002f19e6,1
3423,1327797660-401cef5441c674fa16c4538f2082643f,1
3423,1326808740-a5ee15ad008cf3051484097aea121fa3,0
3423,1327700820-bda5c182f73bf6b0e7e4758af6a4ca3f,1
3423,1327700820-915923a94da47af1e67348def27bf60a,1
3423,1327700820-8a0f281699fbc6809d88c5f536ac711b,0
3423,1322847060-c246f54a0f688e38453995a3579db382,0
3423,1325513160-24e6d0cd8a1328f3d22eb7bcfa520c31,0
3423,1323317100-394324d898d322855ae5b1399eeb5c8f,0
3423,1326316440-2a2e5d45fa27e2ca80703d14b8b3cb68,0
3423,1321146780-02565a36bdd4f10c60c007fd14e7ac2a,0
3423,1325756580-6e8ad0c60bb392dd1daea61a717f2fb5,0
3423,1327708560-01706b8e9e8b76d1d660d8044cb5b063,0
3423,1326757020-003a0212fad5784797cbc1ea26f7ed30,1
3423,1327700820-7454b45333a453bf8ee3bcaaaff2cfe3,0
3423,1327985040-3cf4294c7316186ef499900437c4098d,1
3423,1327790280-62d6aacb1d02497e01a5bf62df760789,0
3423,1325120160-a602ec872e07b11cc32df18f58a946d4,0
3423,1326474480-d9c879d565af4187d94e1550ee2860af,0
3423,1326196680-1b69755177093bf1f80aa51ba61acca7,0
3423,1327985040-36c868501561e05a5d2c8c433117139c,0
3423,1321025820-7f6857d7cfa44f773afa863dea97e1f6,0
3423,1327009560-fd8531cad58e751f50e244f0a77de492,0
3423,1327438980-b511df856c7e6873bc1dc7c5e184dfbe,0
3423,1326757980-dfce9e059c58757bca9a1dc5f23f045d,0
3423,1324528560-be5557539b36203dc91aaf051b5b1eb3,0
3423,1326845220-b7918e1bfaac7bdac89be77bc3d8e90a,0
3423,1321304940-30fc7ec816b7183bf6b56c7302600082,0
3423,1324337760-1472e2c09ac8f4043f80e20c007be7cc,0
3423,1325524200-a9ebddc4f628787b88df8139a913251f,0
3423,1327700820-7338d13e7fad716d7f3a81f072cd57c4,1
3423,1327700820-3cf7790d71e2f7eb581345f0430bad4c,0
3423,1327860600-79220f480db819f845022eb67a04345b,0
3423,1326834660-ba39dd0ba2b5312d232115b095da270a,0
3423,1321053300-f1b8c8c7fdd18555f6371d5b7812c227,0
3423,1328060580-29304ca096f8d5d9a3e75388d9b33fe7,0
3423,1326394260-ae5d137ec9833494420441822793f4a6,0
3423,1327708560-d6b8bb9830f96ab3cd8f32cd347251ad,0
3423,1324288560-043c4db4d096da1c94649ece1c68b724,0
3423,1323834420-9fd114be2722bd8ddb1a1ebd1c848593,0
3423,1320899820-dfa36c1e0cf55481b794d598ad540198,0
3423,1322882400-28110c0d1f768847f5e21b8f154aec2c,0
3423,1320714840-a6c95aa39ffad83fa3c1e866adc66875,0
3423,1327708560-b34cc9cbd6af4a53a350b2a0e8115771,0
3423,1327700820-0711806f5e0ed8e6da5267f1639d1de1,0
3423,1325195580-8fe5b63071974615cfcdaeb6c56867f2,0
3423,1327976640-7fa36c3e09178d448e60303025bd7ae4,0
3423,1323325200-bfeb2a1d7c3a77b132b071ca68871ec4,0
3423,1320736980-c7fa0eb6a73193e1f56083c264552b46,0
3423,1320784860-d731d89cd5e8fbc374bfefc793bc735e,0
3423,1326986580-d0aff0fb974346911e81d338f4d30bd2,0
3423,1323003180-c8d2355faa3d35bc90e1aebbff181b69,0
3423,1326852120-64c2288176eadbdeef80a9a63fd376da,0
3423,1327123320-68483a82e7cddbbabdba7eb897a47a6f,0
3423,1322845200-b9135b2d2ebef72184439ceb010119c9,0
3423,1322156160-01bd1071d4866ae0514cd466482a5275,0
3423,1325130720-a4b3885c3d4b3e8604136a731261a075,0
3423,1322844060-b2ad301155114b8f1deeac22b99d6fae,0
3423,1327700820-2cb6d0059c534fcb92bae28f8dcfc82d,0
3423,1321034640-563e5d62e8665f95a77a64163fdf4344,0
3423,1323988320-5b767cc0fcaefbaaa52598d912d05281,0
3423,1326809460-723d06b6b472daa35e06e3ff791c1d16,0
3423,1327085160-d983c4f0fd162bda93193e26a6e7e691,0
3423,1322006700-c38cff3200f12d91c74a9a6bc21cc3ef,0
3423,1325096880-fb06e0b352fd85dd4feec5bb1d85b4ad,0
3423,1326824220-ac5ac6ce74ab407e40889252d360976b,0
3423,1327689960-61ba87d426f62430675ae7d7b8413771,0
3423,1321425180-d479a028f3343008ee3f389ae848159b,0
3423,1327700820-66775da4d8c0d64b9ea11a088ee9b7d8,0
3423,1320980160-ff1a1d771048e0df10e1b9430d8df5f1,0
3423,1327283400-2ce84f744dd980940c784e43c83bd14f,0
3423,1320923880-0a61f6fb17776bf9c028af5056a6e2a9,0
3423,1326315060-944140043ce426b3be98dc1758a5e688,0
3423,1323976500-6a1ae749dd9025cdf0209225e5a494d5,0
3423,1326305640-48234aa43eefd54254bdb4b4a5341039,0
3423,1324702800-76b66d9b19382007c3e4b267d1bd1892,0
3423,1326314040-7cc522522e65622825faf3ea18ad631a,0
3423,1324521060-4131fe68aec7aefa378dc9222aa5ef62,0
3423,1323360600-36e8c46a3581788d26c3e56a3843bcda,0
3423,1323799980-ad7088fac485d0feb72b64e4535d1f96,0
3423,1320995760-f45dcf3d65c5beddd3ee996774102b55,0
3423,1321932360-2368bace0644451b2f0817f87b877996,0
3423,1327952400-4f9ec47b24e80b769a093ea9b49d9f36,0
3423,1322802600-f8fefe239a7eeea0fae5ea87515cd1cc,0
3423,1325095320-b98c23cbcf8c6a81f0186de81cecd53d,0
3423,1325426880-f93a80a3ca042b98d4a95fee65c2797e,0
3423,1326660660-3f366155924e08a0fd790a59865433fa,0
3423,1327238160-28c44a6e3753e80b10df66b8b6f2b587,0
3423,1324341600-8ef7e137b83fdc899f4a748a64ebf8cb,0
3423,1326980460-fe0336c92647f63018d7efb2eb33c906,0
3423,1327433220-c2ed81024625c377e329989ff277b25c,0
3423,1326404460-f572b0e90559540ec9bbeaf741582a3b,0
3423,1323470220-fddf8b31dd95d88e238b87d007d128f2,0
3423,1327645920-174abb07d0d20bae395c562150ed6473,0
3423,1325089860-4695af0df6b14dc31be6225a98904e15,0
3423,1326611700-0a96f3acd736c05cf7d8330f2358ddac,0
3423,1326116880-68e9ade2d00fdbb83531bdacb1377027,0
3423,1322693880-7525b6b17a5bd3cfbb60a2bc69c914a8,0
3423,1326924600-17a35946dade35329ff4c881815bed59,0
3423,1320761760-1db3a012d458673e15db6411126c8c76,0
3423,1324086840-3540a5eafeb2b681e66bad218cb434ed,0
3423,1321427700-2744b30764e60360a8f755cff78ee97f,0
3423,1326160980-b2d63ef89e7d6d9022690d83ae097823,0
3423,1325756580-4dfe66898e3fa75c8b887fa7d738e68a,0
3423,1327904880-2955c782042c2a997d5170d00917fec1,0
3423,1320995100-8e8acb5bcb011d1eeb261c8ced469821,0
3423,1322869200-90eed0a9a9ae362d8496931ff0066696,0
3423,1327089720-d3e88e3c50e38c69f552c05af317426c,0
3423,1320960660-1966eb03341cb259f57f4ba1a152f9cd,0
3423,1322371740-6a0eae9b67e48e71d8a8def32e07ee76,0
3423,1325527680-f6598d29d466f9c3c7f19ae98ec8a270,0
3423,1320931920-24ee55786e20c6a362b88c09a647d63b,0
3423,1323702660-666e169ee4ed345fffa1f883f4e6eb66,0
3423,1322157180-8af66b79e2a5be57680f34cbcfe49201,0
3423,1327496400-c719fd354709bf799b0de16963bdc8c5,0
3423,1325875800-067aadfc9f90931485f744d0f4dbe25c,0
3423,1323334080-2fe9a21e0f2189dc225ee33ea3bfe503,0
3423,1326415800-379a68db58de91e08e4946f2ef7781f9,0
3423,1325288400-9093b68e355dfc03cda55aa7a56390f2,0
3423,1325491620-1899f30d4864823fd75c3247961933fe,0
3431,1322529660-c871939a68f1a282a635673fcfeec2ad,1
3431,1322514000-50db99c94189932ec49a68688fcdba64,1
3431,1322591040-891b039ed564a55e80f3c4195c34d220,1
3431,1322597280-412c518ffb0d8827f1912f348126c699,1
3431,1322558340-49a15ae5a8f0c0c2a3eb17968e222a31,1
3431,1322529000-1e40c203a3f35f969cbcb42e09f2fb45,1
3431,1322512380-82b5e4b1dad96c1d24fd17bfa8a61c54,1
3431,1327680060-b41263d4d7bf3d115ce4ad3a8449f912,1
3431,1327684860-cfdd34297010e05e700231b70c6c2f1c,1
3431,1327520040-8163ecbebb033e5c9bde79cecce4f4d8,1
3431,1327530840-d1004e124dff190e832a00d5ac8db404,1
3431,1327506780-7e9bb31dc3bcb46fa53b2b28d90e8335,1
3431,1326739560-99285c164381265abe949586ac6d2336,1
3431,1327705500-8678a5865344e1ed53e8eb6226bf95a7,1
3431,1327518360-96f88d94e91382d0f27575b01cca9ecc,1
3431,1326734160-202783d89c441f260e6b8f1072e872fe,1
3431,1327683660-69d1bb1e80822aa87d59879cd30bb509,1
3431,1327703460-1b93c5228f34d0b4efeac06c78b48001,1
3431,1326739560-c0b3c31229779ffcaa7cf41511c51e22,1
3431,1327803000-acde8edabcddfee51f1bd434dab350fb,1
3431,1327689000-f12cee009f8a186e2214278703f9975b,1
3431,1327423080-0bf317e7061775db4894856aa56a1d29,1
3431,1327413840-38c21d52e5024b25c637efabbf5cf624,1
3431,1327427640-8e55c1d08df4f9fcdebca85f53965814,1
3431,1327763760-1eef7195e64c0acdaffed81971e21f57,1
3431,1327871160-d319cea2187918e2c80b51147d00e515,1
3431,1327867200-214ec1bb78fb1c1d8d989c50349607ed,1
3431,1323463440-5a1c93b5f71cb87bb727ebbf0538c873,1
3431,1323429420-44a54d7d174a58c004d625ed387d2c66,1
3431,1326901800-5fe07dddd610d26dbbcd8f798655878e,1
3431,1326921000-4945b21d103c4f11a4630ef7ff8c7c3a,1
3431,1326976140-b7ace2b448ba59ca13a6317004318ee0,1
3431,1326132600-299e89227f0c76934886ee88c5e34dc2,1
3431,1327866720-a8744fdf3e99e1267752710ef15072ab,1
3431,1320946020-54f6d393c79869aec7b0c0e990419368,1
3431,1320892140-46ae69474faf9c5c2735d70c975d1de9,1
3431,1320870540-a012ca5cabbee9b122d911fc59f2cfa4,1
3431,1323802920-bfdba1c80cd3c30fec0159804c8f3e52,1
3431,1327895460-6ea9ba63c422da2d2f76cf6e40979222,1
3431,1327525800-3a909c63d7f07b1ee2b12a9ea3ef7d0f,1
3431,1322596260-5c87acfed5e60d5e2f43ad552f704a16,1
3431,1326969240-07931fcb27195ddf51d113c6cff1da0a,1
3431,1327903080-aef32f3ac5b73e6afe743beb459507f7,1
3431,1326155760-b6e4cec836709edf8a228f892b92b9c4,1
3431,1327879860-ca84bbbc13f22a1e21775d09f8eba0d2,1
3431,1322512380-1b0bf1b3e97fc067a85a434a5f6652d9,1
3431,1322575380-a14e13b4e6b66bd5191a25e7dd380163,1
3431,1327957260-40bf578caafa008033e71d1b49aad860,1
3431,1327959120-61e99daaea47821fef967d9ed32d7dc7,1
3431,1326106800-d60d4538c5d24c61c092db315863dc3b,1
3431,1327863420-25ced3db95e646ce096b8fcb50bf652e,1
3431,1322600520-dd271aa75d1a8400f4b1ad60a06bc957,1
3431,1323390840-3f97d2bd617f7ac9a75f4057fb501703,1
3431,1320425700-5c3e12cd4dc8b159c170f16800311653,1
3431,1320397500-c1e75a0e5f95dadcd4abbbd741f5759b,1
3431,1323372120-9cb86d0d5871491c9df9ba1ad2d7578d,1
3431,1323401340-8c67834235069542a7eff9a1309275c5,1
3431,1323371400-5a70024310c15dc1bf2e5a925a0f28c3,1
3431,1323373020-85d2809f9a42083cb641dae32affb176,1
3431,1323392220-049734c02b921eb4bcf78c6b697c884d,1
3431,1323378480-590b9c5eb4eb8686280082f24a4661c8,1
3431,1323402840-20d5bf2eb8ba32160cc5127e43d08c3a,1
3431,1323412980-79850d277c726bd375e82b75d79b7373,1
3431,1323484260-0a1f0fcd0bfd705ae2cd996fa5613a71,1
3431,1323472500-b8152bb484d016d501bc5b706348ac2f,1
3431,1323199620-9a109f9b35b4bb06253ad63fbfc47949,1
3431,1323136200-2cbafa85f947e0831a8a8e7f0403a079,1
3431,1323478800-94375e9893735bb9e229f89dedbdda2d,1
3431,1323360960-0348398353e7a7a33bac78587f445424,1
3431,1323366480-4bcc5bf3ef61bfef2fc44f19c687e0f5,1
3431,1323184740-916bc35dd8b2beb21598ed73abab46c4,1
3431,1327876200-4771951150cdb28e9dbc54256baec879,1
3431,1323186540-07066c5b4221b4436a2e22278cbb6501,1
3431,1326139440-b79c1dea4a2284ae5e3bcfc63ebbf432,1
3431,1322602680-253c7f56b070e894c63f5353d8ed6e9b,1
3431,1323471600-dec6371ff986c05f4b027c02c4e1b3f8,1
3431,1323372420-63cc34d572fd160ea1efe1f26150af69,1
3431,1323369000-9d16887cd2e770bba1f99e2e95eb45fb,1
3431,1323396780-3a5d0949ca83dbf979ed8ff90bb6351c,1
3431,1323373020-8f818bd76ad6d1fba3e7584a8663f645,1
3431,1322526660-646f5c7040c384c3dbbcf357cdae8d4e,1
3431,1323402840-11f8f60ab27674151677f2682dbe30b9,1
3431,1322575500-bab2d26a3d52c907710ee7d18b40e2ef,1
3431,1327903080-4c7c6c5d5ce7f46fecdd9272d8e36ca5,1
3431,1328053200-4d264c12bdf7923104d2b86ba85247b7,1
3431,1324831920-f30377290720b373ad7de2529641199c,1
3431,1323472620-bb2ab505cfdd2df2c8681135cb8a3cc9,1
3431,1327849140-9db74b746e5756cbc68e4785d5d6c749,1
3431,1327869720-35ef25ccd6ca0d9a3cc3ee2d993b6207,1
3431,1327871220-9528dbc4ce35ed46ae840ffaf9cd2ff7,1
3431,1322839800-b52c1e86fd677024d14be6727d5b5aae,1
3431,1323471780-320df069f92b37e1f6b343a7292e7f90,1
3431,1327848360-47c33d08b684c88e9d09b7e279862433,1
3431,1326149400-f4c119ed2fe3c4b0dffbcafe8ee3e589,1
3431,1326133920-1d7f4c1bb26a91c1d7b999be901ecb3b,1
3431,1326759600-03fa5852ab079573575eddbdcd3a4909,1
3431,1323406440-f983f2766c0cac21b27aeb435dcd4ed0,1
3431,1321920300-45dfef4dbd61667d21821454d22bed96,1
3431,1323482820-b02fb31a609471f2f5c9e7ddbbe895a7,1
3431,1326735720-2e0bbc7e60ca4df6319e698598faa2fd,1
3431,1326764040-68bef8d69dc129e4b81bfc5e3790c193,1
3431,1327966080-0605892671099189a0e9fdc2025a19f4,1
3431,1323371400-0de2d72f1c548b9fac87e0d6e7746074,1
3431,1323177780-97c9507dfe4e2141139a5776918191bb,1
3431,1322580840-9893a637326a44c9ef9aa953f53baeb1,1
3431,1323471180-51079f1dc309bb04128ad9f67219428a,1
3431,1323993960-91f9a71f358736357a817de34dbd36fd,1
3431,1322620080-417faebd6d23ac93abdb2a4644737b0f,1
3431,1327864800-88286cbaa886a7b0605d8abb49adb3a1,1
3431,1326307920-3cf58de818661bb2f0f1617305f8aab6,1
3431,1323131400-3d540063b152349158c5f8927701ad94,1
3431,1323133320-d3f0e9867ecfd9a3abac1fe25e50057e,1
3431,1323820200-d88add76d3c7bbc9fb9b415d7a7565b2,1
3431,1326134460-7fbc172e90195299f7c05c92a043056f,1
3431,1323395160-79217e0f1136b2f3fd9b822722439c83,1
3431,1323415980-fc198db9fd2cc79030963e51fc9b5de9,1
3431,1327956060-b827d6d805a8fff436912e52691128eb,1
3431,1326428880-bf04eafdda710ea5ca630d5d5855261a,1
3431,1322180400-fbf7afc15c780940fff501e38d726b37,1
3431,1326733200-4d2db39b19e522e4671ff4cc14cc0b9f,1
3431,1326480300-097e8af7e3956d239110ce0624219aa8,1
3431,1323373020-da3c7d4e757412c19381b2657b51e90f,1
3431,1323377460-d86efdfb43bbacb6d6360a2594e2011d,1
3431,1323372180-9a39f2392f3321712982c450e74bd08e,1
3431,1327592700-921f7667e5aca8a37b4c6bb84c1263e8,1
3431,1322610600-2229d5ba517f54e30811f96451e38953,1
3431,1323390600-f9127e8ad0dbd17bf1d0f8dfb65c04d8,1
3431,1323473940-9700deaccdc902d380626d38a16be5c6,1
3431,1327954320-8fc441fd46f1612980c899a5a0583154,1
3431,1327862400-71a867833f8289708f75a53573ab8a6d,1
3431,1327632060-d6b35cb5ede843fc61919cdc1c4ceacf,1
3431,1323473940-7282299deb21e40cad72399cc096231e,1
3431,1327969500-b1d107fd7e79816c2f4465ff8636903e,1
3431,1321653540-b3b775efb5046cc8a269d25230547ce7,1
3431,1323395640-801b9ba438ec9e8a65995848f9c9b1a4,1
3431,1321375440-0def1c4e559864aee0827eb5f4a186a5,1
3431,1323521880-8e7c5a51acd661695a20c7166527bd04,1
3431,1323456300-9158f904881ab687d16f80e9b1f59ba7,1
3431,1327587120-0d09590678c734b428b327acc1af310d,1
3431,1326139440-283b73432e6f593a0bfb9edb09476790,1
3431,1326847800-c44984ec83af5cf56ed4f6a5925994e2,1
3431,1320801960-8e93792c66df5e530e488ae8b7f850f8,1
3431,1323477780-b95d8ac09bd6accdad09bfb20545281b,1
3431,1326933600-0c48df3250c4757cb9234ebbeee4e031,1
3431,1323461460-87325a7e0462e1327759a7ede75fe514,1
3431,1328029800-aec809add14a8ff6f69ba27ed9024180,1
3431,1327531200-cffcaaafdbfc3116be62a3145b7b26f6,1
3431,1327928340-cf4da74c727bc6a790dc7d495a62c299,1
3431,1321358700-7b4c67646903029ce2af68541f4c0f5f,1
3431,1322596440-d7a1868299f64a588c0638285ba7a8eb,1
3431,1326259860-f9dd1c3d1d30448f48a788260fa7d2fb,1
3431,1327903080-077ae5afed1c026c75779492c437f786,1
3431,1320341400-0b2dc3d5defab29906a0e52c9ac61a6b,1
3431,1326232740-a48aebc6614ca3d205fa81575768c3c9,1
3431,1327633260-acf91dd8348954b69851aa5ccd02272d,1
3431,1327873980-57af92c82c4efc5688e6d4a71540272d,1
3431,1321653480-11273e58b48150f0e421551f82b45fec,1
3431,1326215640-1ac902370ba2b15905b0138a012adf71,1
3431,1326307920-86760e6c5667d96d9790138ced194b05,1
3431,1327586100-031081220673449f72b90f179ea19521,1
3431,1327870800-fad507ab133cf21189f444ed1ff2d5f6,1
3431,1327684200-0cd43ef36feba62335ac54206d57b9eb,1
3431,1322600340-fddf621b59c5265c2f86945b4395ade5,1
3431,1323787560-9646cd87c96faaeac44dcab5e2761414,1
3431,1326484320-c2d077c3cb6f5723f6d9dbe5f5c8a470,1
3431,1326474540-cbdb8ddbc48718610f572808550f3f32,1
3431,1322008200-698870a3f8344a9a9c406233e7e29cd0,1
3431,1327412760-ac6872eed215923d5fe9618897eee4a4,1
3431,1327459200-117e960b900be39ae6cc7a98dea1e848,1
3431,1321433400-1d7c5d9d9c6058557770fa33302b2ee2,1
3431,1326217680-413ef4117e7201396cd0b2d55407671b,1
3431,1326484320-676cf7e20a58b603eea024db6cc1e2ba,1
3431,1326297960-0d818302164868dc5cdfdb68ff07519b,1
3431,1321638480-4ce48893eac38bcaa30143c6b92e1146,1
3431,1327417860-5b2a20da38ccad433c911c795003254b,1
3431,1327429380-1e59a1df8295a76a1242841e28d4c03a,1
3431,1323399000-648380be253edb52aa15804d76e2daa8,1
3431,1320813180-15430ff2f50f406e09ffebc79831381a,1
3431,1326726900-9744ed0a8ba66d5cfbf8d0a43fff9690,1
3431,1326128640-25a3ae1831468ebcafa7fd5e249ae82e,1
3431,1326106800-c7b7cb4ff77b0bc2308e4334af0140e7,1
3431,1323471120-24759b259358e1b2430b0a8e104e05c0,1
3431,1320925980-4db1aa7087573f79210100ae60cea096,1
3431,1326213600-713c1b494a60f63c7513630212d14dc4,1
3431,1322615640-435a68bf39dc2665da862d4f5fd453f9,1
3431,1322657160-3b773535f9216c0b872e9d2806e5272c,1
3431,1322615220-bc2dd8344ace61a02253a0bdc0ba114d,1
3431,1321315860-21aec016c23329926b62ed71936588ce,1
3431,1322078820-4610e5b16791e5385b402a6a4d72e0a6,1
3431,1321720920-483f46fbf16d7cc05149e140789bd840,1
3431,1327962000-d45d118ebc82641c02b93e88cccb9586,1
3431,1327953300-888fd7b04eb0dc5fecce2d476d830427,1
3431,1326297960-cd34578a5a8b1c197eae3d318e987703,1
3431,1326222540-c24931c76a5a5c3c2776923100d9bbfe,1
3431,1326220440-c58929c323ee84a9a77f932efcd06e87,1
3431,1326211320-c8ce56d2c6800307a6ea43f096fdd9cf,1
3431,1326474540-8b6baffeb7dc5165a8869d7258f54b3f,1
3431,1321047000-f9f9702fece70f7dee6fa35f0531176d,1
3431,1320956880-28933290032f4a3f41173d248190a0a4,1
3431,1326223440-728681881abf9555617dfb69f59856f1,1
3431,1323719400-0946faa8b5b3bc3628d72ef9b09287a4,1
3431,1321313820-0881a0b13c84413ae7bbf2df3e655428,1
3431,1326473160-af670bd536a48fbf5c4cf8ee740bd8ed,1
3431,1323800760-411be44e18379f1d19c9154b47dadcbb,1
3431,1322703000-d3d8272e5f50dd30727a88f90e4ee94c,1
3431,1322078820-f014df481c0ff2ae45fbaf6dc6b6045d,1
3431,1322750160-7332d170713001dcee5196d1b58f5322,1
3431,1326294660-39e35509f5f3d5793506856112617141,1
3431,1327781460-6bc85b1a0a34a572193322f647840d31,1
3431,1327602840-06751c7ddf518b389045a63e4e7219ab,1
3431,1326820260-8116a0b3838008d5c20eff08769b941a,1
3431,1322653800-c120a8cf419e3f6f58adbd6dea7a07f2,1
3431,1327512420-a498d7325983df9f4c8c36e44fadb81f,1
3431,1324829100-a02dbcb117ae2f990c7c335dec404dd6,1
3431,1327708980-c3a20af4276eb62a6c8169c9409b1a56,1
3431,1323739800-842da5e358cee443023c5665e9100d6e,1
3431,1326294960-98d583f25043059418481ce45bc755f1,1
3431,1326306480-b5238ca32f561cdafbade92ba7770b63,1
3431,1326220140-99cce730326e640cda6fecb1728100ab,1
3431,1327762140-0168efb5991519bd37cb25c22156ad55,1
3431,1327890360-54cac3bec51d1a64144f19f0857a1fc6,1
3431,1327872600-5c93d6bde065381945d2c247546202f9,1
3431,1326915600-87800490cfe48f42c302eed9927123b4,1
3431,1327592580-4b4d9f1377b7388a100f204a5a1fe26f,1
3431,1321926000-0a10573db34827cc53dadf08cc8973ca,1
3431,1322533920-7dd585384e091f4b34f239c0d229f122,1
3431,1322104080-feef8c07122a200bfbe6dcd6455e6773,1
3431,1323793020-de10502c618c7b20d6e572e2b25054d4,1
3431,1327627380-1cc2c3c0116ecbd43a2356953d92e761,1
3431,1327955520-14fb5b9f9a0f4856791949870d3b2897,1
3431,1327611600-32600b1f3f38a0ac8dbd6773ce483855,1
3431,1322615400-c2831c239f1347caf1995673d277708e,1
3431,1321047000-9ea64f4a95613d7791cac112c4fcb3fc,1
3431,1327570080-2dacf9c9acb39290b24da1c79a809227,1
3431,1322511900-3a0c3e17f69d22e860101d5bd0791216,1
3431,1327591740-58ab20503f0dc7dda79f9fbe920a7b00,1
3431,1326726900-b7b5c08a1d8589a5d95cbe10935935c0,1
3431,1327844220-125e72729e6a0970ca0675adc5fa2ecc,1
3431,1323481500-4c481e38ee334914e3a31af9ce6d172d,1
3431,1320890100-b99cf626d18212baa9a0849e49909d43,1
3431,1320889500-cca83278fe09d3abd6a3fa76c90d8e41,1
3431,1322288700-64577dcaa84b5a4b2a53be7296b680cd,1
3431,1327407060-8ecfe5a31259b6bbaff791850111c540,1
3431,1327601760-01377811cd78254e94ae02077560491c,1
3431,1322265600-3f1a3572d146b16146d4a07323265a78,1
3431,1321686900-093cf582473617355f1772802d31e30d,1
3431,1322275920-99fe17975ef0260e56835161e151bb22,1
3431,1326496620-ad93a04769d4549b0898a18dce02e7dc,1
3431,1323361920-a4509994d844b4ef362711b19f85d031,1
3431,1326481260-91db02b50efbd2ec0de8edc234ec569e,1
3431,1323796800-8b11101aa0792983a5dc314bf7dfad0e,1
3431,1320878940-320f6d6f89421c73950093b5eb1a17d0,1
3431,1322272800-a06f25e1e7dbb4389ac48313140d4097,1
3431,1327616340-842e163d1fd9c5eae59de87291ab5c6b,1
3431,1323138000-1c2205f3fcbb14d995b39b200bbc6323,1
3431,1322740380-3f3fc992b7028a895c25d5772754342f,1
3431,1322011920-0545fb14fda9efba9ea1b50c7a37bd04,1
3431,1322007420-c5badbe163e5335d64bbcb7b18300593,1
3431,1326829800-70bead97bab6a9915d067dd92ceb1f3f,1
3431,1326825600-0dad029adb21e0496205b24d57713659,1
3431,1322764320-6db225402f65637352d09645fcac1343,1
3431,1326909060-0647a36c1ca07371cabf8d857ffc7104,1
3431,1326934200-20af874ba32e48ba1d8ed02116b66083,1
3431,1326856200-59080b430f59f4116e7d96eb97da1ca4,1
3431,1326851400-572ca5b857ddeee7782947b8fca57890,1
3431,1322616660-5c8bcedec86b0cdb7e8d442a0ee43ce0,1
3431,1327965900-7edf812e50466999e912be0530f63b0c,1
3431,1326847200-1b5e8c9943717e883aff5a3a7152bb96,1
3431,1323712800-71b522416f1a77ec57dcc8d4039640b1,1
3431,1322259600-d335604e4ddcc72eb20a993be729b220,1
3431,1322615520-888bfea58b32c9a67590b0a1f96970aa,1
3431,1323909660-80565dbf627c048480d9fc3b5cb03e47,1
3431,1321641000-6c5c5d1b37443d92b28046fbb4ffee5b,1
3431,1323482820-42fb0d640b467852730628627793c265,1
3431,1326241200-a2428343828d1043e8869b5e2e680db3,1
3431,1326243000-0a93f40be07d1d9c1a27cf290b402cb3,1
3431,1320337020-52ffed85ef1b9a1232f17d969c573289,1
3431,1320334800-86d0e4a8bf9703881e46fd42aae16a7d,1
3431,1322094000-a322993b3693a7c996f04bce4c227885,1
3431,1321322700-29054083ef43a3bbf82b1eee72ff5595,1
3431,1320971940-aa8a8e1eeac3483edafb52b49992bcf8,1
3431,1322616780-801ad32eb4617ac8a4e288441b9bff8e,1
3431,1321293060-b6a377e0d52669f4f7a858ebcf2848a0,1
3431,1320805740-fdb2a6f8640d73cd4d933de5b3a73887,1
3431,1322617200-1972ea584d46dd89e7dcb38ebc68e74f,1
3431,1327926900-38c771d35ec66ad8629044395179cd09,1
3431,1322621040-94a9287e855df2dc0f53eb30251105da,1
3431,1327528920-9edd0e8458b4ee821e42ad50a9a5bfe9,1
3431,1322596740-bf9ca8de32ad1478f1715cb39599f63f,1
3431,1327518000-8cb9a86b47bf3f1a57db0d0d0e086642,1
3431,1322681820-aee3da7b92badaf54bb7cd07c3dd6a50,1
3431,1322012340-22821edec3bbf3eae3f383cec9119f15,1
3431,1326834900-f91c0599484f0df1f5fd3131d50d7bd0,1
3431,1321992060-3a64d439344f1a87f53f7c2cb6c9e8b9,1
3431,1320948120-d44f0061733e3b3b57ff8a6716562c26,1
3431,1322621040-4858e682e14808afa38f2ab70071fc3d,1
3431,1320336180-fee8f8ba64ab2f506f5fd532dd91efcf,1
3431,1327509480-5b25daf1e1922ccdebbcd702a25f33fc,1
3431,1327526100-cad5b4c17a63b3c9d323523ed8f9acb3,1
3431,1320333660-91b8fab4e27b1692fc8f71f67f00b8bb,1
3431,1320336540-5794093ba00206d9a26cdaf53f6feec2,1
3431,1322013060-8e3cfb2d98e3ac400fc67fb0445944fb,1
3431,1322301420-5b0db90263b751a4fb2345846c440fc4,1
3431,1322615700-99ad0000cbcc126081bbfdb494834f8d,1
3431,1323397920-447c0dc12dbb6d7a33eaeba4688c35f5,1
3431,1322596740-01e4836019c03b53a46770e48ee85b40,1
3431,1322655240-18b08e3f0103de9d4e63bef9a6106b43,1
3431,1326386700-43f4b61427dba442bdb571ea2e0d889c,1
3431,1322679060-5311297f4c6eb96749ac5c7db84bf9d2,1
3431,1321657620-cf0c66a3a9a8b3f509ec9c91b8c941be,1
3431,1326835140-f71f0c768e2f82e7f3beb1b8a48261e1,1
3431,1326420000-09cbc6128565128992c74b3143963ab6,1
3431,1326391920-cea3f6dd122e06210095b5552b1f0cd1,1
3431,1323484260-056a96356b58bf4588c6ebfe0a2f6ebb,1
3431,1327797660-11b8bb2f1c29ecafafc8a0c363aae519,1
3431,1322694660-9bce328de4d9809249376360db7fa1dc,1
3431,1320448380-98c38a9cc32f10dfb644adb7e947159b,1
3431,1323337380-60b18ce0864cc383f3c547db717b1e89,1
3431,1320422220-dfd356faad6e5beff854f95764a1e6c6,1
3431,1322095200-fc44dd7666365b136945a7d632be9e1e,1
3431,1324830120-8ef8906526a9e5a305462fd41660ef38,1
3431,1326143280-d46aa3e430b16b69860af435d3df32f4,1
3431,1321451880-091903b783f88e799f30b56b53e5c0aa,1
3431,1320426300-644bb977fc8a3bc432077bbb20157b5b,1
3431,1327923900-dc734088d90fc929bfe3ac7358ca362a,1
3431,1322711400-c6e413c7a01a938671962b54f03e35e9,1
3431,1327745400-b3ed89cba05f8c4a9a666b476aa363be,1
3431,1321306860-9f81df36e13faf2e4b5266b82b6b81ec,1
3431,1322158440-7f0a536aed943173ee7b2073db92b657,1
3431,1320904860-d1c7acf2d9186b9b6720750c704c492b,1
3431,1327270320-fbde21d27831f83e51d9881fd7861e92,1
3431,1322743080-3fef15697e22d9517ee7f584cc143b83,1
3431,1321662300-097371017765a16b39b134a838173645,1
3431,1327953840-ff408bf4f30c81fd46e6bb8391f7df03,1
3431,1327951500-453c663024c61c3f47ed6582d0f3a888,1
3431,1327483200-c8acd016b980b75a28070c2b66e0fb03,1
3431,1326403920-17a6c50da551f3a7b832d4741980d24c,1
3431,1326413400-2d31b1fb4834dd81666145c4b3ddaa8a,1
3431,1321316880-0811ac3f5a52051b341b8fe3669545f2,1
3431,1320251880-23562e4862d97aae5633bf3d0ee23ce8,1
3431,1320448920-bf00c671bb6272a31a79389a1a67c31c,1
3431,1323804600-9108a8134ac241f382507ac5a41f10df,1
3431,1323135000-a6c107c87440d4c2cebca5880f5ebf3f,1
3431,1320334920-b93d8a9325f7bd9deac88d32edc194b8,1
3431,1323402840-0fb87ed48eec000583f6928bbf6c2c5a,1
3431,1320422940-8471daf83d8efa267bbc69c0b6f3864d,1
3431,1323412320-f11942ec2def9f4c3dee78648be3a726,1
3431,1321458120-1901b571862fef7b112ad15520d16616,1
3431,1322178000-be62fb1d6ce2c6825935b1edbdd091e2,1
3431,1326383040-ded98697d92009438df31a67bb55b13c,1
3431,1320421140-46aec8b4d7061db0740f361f7cb54e40,1
3431,1323402840-08e0e03839f72a13c3a528a23e9ae185,1
3431,1326832200-1cc7273e0b45ea31b6ec926cb9cceb8a,1
3431,1322693160-dad3179cfbce24af7fc2c819acd618ff,1
3431,1320422760-53c5ad5a8b32de8e4ce8edd1410bc7cf,1
3431,1323882900-3e52e7fbcf2b4b74caafca867465ee72,1
3431,1321662840-09f0dfb5705313805dee7b9010d8ca69,1
3431,1320443760-9310587a5f4bb37dcd3fd6f180e0241b,1
3431,1321675740-7612a5ea15787cb1b604eef07601e5b5,1
3431,1321680600-2f84a6377f5a13d14331724bb65f92c1,1
3431,1323396780-2b8d80d934bc7bdca7c9069809586b7e,1
3431,1321929900-f1815550637d78efe7144a68abf173c4,1
3431,1327683360-285a18d4d7c5f8eb796335f110b6da6f,1
3431,1323412320-542b2c573eb12f40d816092891111c27,1
3431,1320791220-18b388689b845a8d48213fd066539480,1
3431,1327627800-b272538886e137a969e257a0b851f514,1
3431,1327881600-761a6ac3871933bb7d1f2ed881e0892a,1
3431,1324928280-9507c93c9bf8b1bf6adfd17ecf63b7b6,1
3431,1323400620-9cf2cf40e1b100dc34a778b44b61c93e,1
3431,1323737400-502cc04aa11ebcc4b71c09b2541a63fd,1
3431,1323733800-f8398676da9a64997eccef7d137e6662,1
3431,1323441360-b71d2dcf3dfb486054e8983801977e50,1
3431,1322764320-bbb148297c06a00de1966de010992c03,1
3431,1323434880-78016df7f74129347188c2f4c387faf6,1
3431,1323478560-f5a4807a0863cd2ed73c020cb6969e03,1
3431,1322704500-1b497af3d19f809c2f43fd589541517c,1
3431,1323134400-30b2f7e9dfa48be49400ffc5b017fbd0,1
3431,1322137860-229c4036969fcf1ad5a2da71ec477d6d,1
3431,1327627800-c43786c874c27e600119a12dc09f63e7,1
3431,1322674920-608eba2b0c377b690afb3e4c59682ad7,1
3431,1324828620-42ef6b66eb1fec25d6c632a2c6188f79,1
3431,1320355380-34421fc826374f5a74f00239114b2a07,1
3431,1323406440-5b1d6dc2f466bd44346ca6e7978ab2e2,1
3431,1320445500-f1c88aa0264ce5be1b781708293ffd84,1
3431,1323137520-05b3b6f32a0f494965407b9a738f8dc0,1
3431,1323406440-21c7456bdc9b9e36ab2d489bbee5db45,1
3431,1320420480-99e1aa94b0c117475fe1cedef60f0f9c,1
3431,1322104080-beac649160ccb0b4cddac886dc27a683,1
3431,1322661600-99bfa22065de9796ed85e6b54444c9f4,1
3431,1327966260-f27b0aa1026583205b7a797aa951a35e,1
3431,1323373020-12f862648bc0b755bc94c737f949822a,1
3431,1321927800-4d9215bd6ba021c224558e389173db85,1
3431,1326499260-c14256dfbfb9bea9abdfd82e6043401e,1
3431,1322093940-f0f7db488278ffab930f52f75189bf3f,1
3431,1327544100-97507441bfbdea0017c7db429b3d38a8,1
3431,1323802560-b0fe14d6f9c348b43c6689d59b781ed9,1
3431,1326834900-61a3cbc4c3e816615316ff0be0b0afb6,1
3431,1326406260-0471dd63b5de2e59ff854c4af62e9164,1
3431,1326394500-036566e848a188a5f1b23a28e1f9f697,1
3431,1326406260-ffa37fc2d6b6ff6548e72357bc85b38a,1
3431,1321425360-44bb18970392330ff97e8463f68ba455,1
3431,1327634280-c75e068d8104cd8619a95ab09a826702,1
3431,1327950660-8d5def2b4035cc19a765d482d4f0dc0e,1
3431,1322150100-d5c6dedd4a08aaf0bc9bf368d5772b1a,1
3431,1323910140-71a1b40695e03187d521dd2583ef8de7,1
3431,1320780720-91896d84bb1804c4565238ec4ce5f10e,1
3431,1322170800-1019890e8bcab2101a4621d56e24ed1a,1
3431,1320867240-18f119be46c036c8dce0affd03c05cc1,1
3431,1322159460-44e3b7fdd339a3837cd8a1a192825c76,1
3431,1320937380-18c2349ecd85ad126be996bb4f2e167a,1
3431,1320332760-3a8335b564d5075ae6d58465497c5bfa,1
3431,1322159700-d4de84d5ccb1d0eabb49a3f40023f956,1
3431,1320803880-d3158b81db1227e9877024d933972a7c,1
3431,1327955760-686514f6815495f14b216fe5fdb784ca,1
3431,1323137520-26e399967905f1cc5113d64137de52e9,1
3431,1327710120-6af941542e511719de9bd510770e2d9e,1
3431,1323424440-75cd15250c7c79d572537847b87aaa40,1
3431,1326244980-ac091c691aaa1a779e15fed9a5273ced,1
3431,1320839280-3781ae130ed7236aa4a0797711cd9fc2,1
3431,1327952940-ff7b581e8d575aa7db6aa544f7542222,1
3431,1322686800-a0c43a0371046fe06a92d4ec445a44bd,1
3431,1326219660-4b5178bb8f7ba444bfd0915e307d4a37,1
3431,1328016000-818dd8c3100d9c7f61b871067ad027f2,1
3431,1323713400-490cb0e833b8c25be2d47bc0caf2f709,1
3431,1326217200-3ffe685d84b4257bbd5ebfe291c84a25,1
3431,1321335960-fa30d685db4327eea78223206bd24b68,1
3431,1320200460-90f89ffbe1310b3740a70435672b2c63,1
3431,1322526660-5008eb2de9d37021023f892c2428a46e,1
3431,1320976080-76d1586ce00b0f16d99a7e46b5397976,1
3431,1323136740-fc18d43934e8b82540d2436aafc0c6eb,1
3431,1322661840-bac9791efad3e13fcaf975466d7d343b,1
3431,1327701000-7862d230d2a4a6455eb2877684ba6c61,1
3431,1327701000-467e9dc74d404cd06b28925c14b3849e,1
3431,1326315360-1850c3a47132f5efbcb803dc02c376f1,1
3431,1327928880-b15ac528509e615307bcf1db0ead5b3d,1
3431,1323139080-37a0207f811ea47c022bfeb0d61652a0,1
3431,1323188280-bda0958ed6b1c6e56e9bd4a19a318db3,1
3431,1326909180-30377838686fbc6fa0ed0192c57b2b2a,1
3431,1327175040-7838450dc71820855a0d20edf054bdca,1
3431,1320878940-1119e98ec29b0b3157f7bbe945dc22b1,1
3431,1327701000-5e4ea08f3d301f34c4682c682d95aec4,1
3431,1320332700-431d402d7c9f274b712a55c1139a4c16,1
3431,1322265660-307563809bc753b370b984582a24f656,1
3431,1321695060-f59a84ca28b24eccaff7c3f0438b84ed,1
3431,1321704900-ca1fb32ee50ae47f72cb544d642ee700,1
3431,1322006640-64d3e715a7375995e7afd172108dffb2,1
3431,1327908780-c1764a588fb42128ed6aec3fe5bf8686,1
3431,1320200460-2f01b42fb89ffb99249aed61c9676961,1
3431,1321349460-1982588ac129b356c7f54a7d1fb9683e,1
3431,1320320580-73057e4c45563007d27d360795d37876,1
3431,1328027040-c77263ee661439f9348cbf00d4430e02,1
3431,1327626600-6da4f26efd9f5503619731da75cdb4c7,1
3431,1327991460-933423641706835b82f80929b7128d45,1
3431,1326134520-51016b895c6a4c03e3904cf6fef84fe5,1
3431,1322144400-7784eb17c25d139c7e78c83c6c9b708d,1
3431,1326486000-bc0aa24c75b33d8624aac362fea784ac,1
3431,1326476460-cb307b3b204fd0a9a22199f53de8b91b,1
3431,1326489780-387d558fea07ca41639912c804e2c2c1,1
3431,1320957480-65fdfee32ae6106ac82cf6fe7b648695,1
3431,1326156000-593d4221342d0f34ae3fd9c6249192e8,1
3431,1328029200-9d9e77ecfe60c937f371d00c1e291b65,1
3431,1326138120-18eb6ba46940ac3b4877634bf6000b80,1
3431,1328007780-df6a6c8e8855af3ee2f0ae2c0b795606,1
3431,1320434580-86c2172801bd9a4bcf51028239c31dd1,1
3431,1320966120-75e1e2795fdd97d51805d7774c5416e0,1
3431,1327961400-89591ac5a730fcbf77e7476997e10610,1
3431,1322278560-bfb8327fdf8e47677a46fd2a97524629,1
3431,1322449560-9634032c92de2b91f44457dea937777b,1
3431,1326483000-f36833fd0847bc10346cf2b39d4b3504,1
3431,1320957240-f356c7536eb66ba1c7bd83eeb0ea58f5,1
3431,1324867620-19032c86ade41bb992636d6779b876c7,1
3431,1321388760-8bb3bf4a9bb46c6661e572f2944c29b8,1
3431,1320972840-b1a5e91cf5990e1363d6f060ca74421a,1
3431,1326310860-d3c27f775c048a224730e729cc7640d6,1
3431,1320250260-63d6c8cf414960ac0dc37a54f634969b,1
3431,1320250560-105108cd3375119e860eb4f9eefd6d60,1
3431,1327989420-be50fb06da8691a4d4d8f17fc72af708,1
3431,1322072220-2856ebc004fbd13b4debcf3ca5f9ef31,1
3431,1320251100-bb41d681d892ca5323325a4656d17c91,1
3431,1326288180-b1d58ff0a642be20d1455e4081d3cf71,1
3431,1321415520-0100eca127fa6421b73ce8c223e2696f,1
3431,1320714780-5893af87c219b9aef78b726db18c3e67,1
3431,1321388100-d48950b13c23757c96e791b75f2bf7a7,1
3431,1321391640-84def67b132f0f9934f0b5045284e004,1
3431,1321398960-5e115f90c1120aefa2f3021e813a7716,1
3431,1320732720-a086866685ee886dc949ea5b556dec12,1
3431,1326308640-3bfa1be08d03de39e044b0988f978eca,1
3431,1327979700-9300e1d303fe825df7fa0c97ece6460f,1
3431,1326913800-158461386efd2b0fb7bb0ad778d8e582,1
3431,1322063220-12325553b3282d07aa82b1e3b3610e1f,1
3431,1326329400-da7caba44d8af884bd02fe1b19dd5f3b,1
3431,1320714840-c1a29fd26d9d0259ffe4bc7987ba925f,1
3431,1320713040-73f0d63f0808092ea070a186b0209e2a,1
3431,1322367120-815b1a1c4923115e28ecc29879a07a46,1
3431,1324928280-54d16bcf96ee9a05d6df900766463585,1
3431,1322225580-454ac154569e177a24289001c5d2f3db,1
3431,1326794640-c4c53404f8a9cff82a0911326f2f911f,1
3431,1320436860-b3496ba084f4f5f5cd161f4b77e43bc1,1
3431,1320167400-a312220ce037abd54745b9e6f5473e79,1
3431,1320971880-04430fd7aebb3006049f4fad332da347,1
3431,1321377180-4b56fcbe088ae099ff515ba58e8df46e,1
3431,1320746100-7d2bf38759becd4d844ab5f46f0c32f2,1
3431,1322176680-4e46de691c165fc016fa3b0476e8d051,1
3431,1328042520-d9b1d9a7fd120eac6ab0ea8ac80f4af1,1
3431,1321959900-f1a80c1d83f124b50e84c81d341ab7de,1
3431,1320783060-1faa78983ccd22e821f8e00a98a1f4f5,1
3431,1322823000-5bd3147078947ac1a10bada640039355,1
3431,1322197320-a64f51582dabe044ba00704daeebdee5,1
3431,1322692440-4a22f2a2f05787115e9db8b78f10b878,1
3431,1327818000-bf89f37c5567d083fe2f8025412895b3,1
3431,1323898800-6f9b6975bd64a83502d6ae27820ce0a3,1
3431,1321415640-b3922a55fb546e4427239ab819f05a93,1
3431,1327676400-b0d395dbc39393c96f281c2941bb4277,1
3431,1323430800-20a1496a36097accf99a0b7b764ef98b,1
3431,1322200080-0880f0d34919efa7e4c7cf8593a7bbeb,1
3431,1323743400-30b87a5bf9f00f9f09e1ec96976967aa,0
3431,1321458120-45627a75ecc0f3d84257c1bf65c0362e,1
3431,1327704060-fa7397b99d985521200ad85c9f99460f,1
3431,1321447260-b743208e647f1957c12a8e73fca0c756,1
3431,1321385280-8c963edaf76f2f19f4d4567dcb4dc106,1
3431,1321901940-9a4a10f670baac18fa8004b6c8b366bd,1
3431,1327710120-c6b57d440ef67503b049b3a481249b22,1
3431,1320446280-0da2879a653ab3dfc169bd54859b33e9,1
3431,1322300700-399b18d05ccac355ffb9719331a4b2b4,1
3431,1328056800-aa515a906aa1e2a90705d2d85f094197,1
3431,1327611420-6bae21a64c4c07a1fae776ebbceedf2f,1
3431,1322148540-72f0282523bf4318b7a214a6ff9dfc7f,1
3431,1327710120-8cf300ed262709185304dc9a10f1a310,1
3431,1328041260-78d1285c6e526edc1db0f28228df8542,1
3431,1321979820-68252a4570d3c281fb5bdcd36a8f2c89,1
3431,1321919940-2bbd86d98e6237a6bb96c336b1e2cadf,1
3431,1320437580-ff2e36798cd6fce80f4f79aac5fb3cf8,1
3431,1327865460-b07768344e5c7b1690d6a905fd0fef77,1
3431,1322111700-a371085a6612cd56be41d9bc608ce327,1
3431,1320436500-50ef11f865ffe40f5b3bba6b926240bf,1
3431,1320446880-449d7acb3235c264b49844a47dafb764,1
3431,1321387860-6066ffe57c5e91f280fef9924b70f3dc,1
3431,1327809600-dafd1b2fa0809870ea68b62814daeac5,1
3431,1320438420-032df549a4660886677756c47616bcb1,1
3431,1322167200-d92c69dbe05263f3bd31b6cd45857345,1
3431,1327715400-b8b2e6118f717534fd12531541db256a,1
3431,1327977300-129f952908e789190957f5f101fac01e,1
3431,1327960920-8b1d1736801a329a7178cc5ea3e30ec6,1
3431,1321435380-05ed8b3ec5c3507c4b9e852d6c23679c,1
3431,1327960800-67968cf1ca6b01ef7beabfcefa7a5491,1
3431,1322329200-4bd04e11d031bf7b6bf729f912e964e4,1
3431,1327801260-a1d1c4df848404dc0978dfa48ae651ec,1
3431,1327770600-5ae4cde05e7b35bc411025d3ace74010,1
3431,1322248800-1e9b27a839443e8a863b1bf7044314da,1
3431,1327851120-03eda7053ba7901317d3e5497f361bd3,1
3431,1320879060-d907c197705d96eee794910afb7f00e2,1
3431,1322134680-1472919444243a623015c1106712e891,1
3431,1327910820-87d56e032b45549443b3157c9a4611e8,1
3431,1327117800-c9d47eb04c5186ca839bf50d12afd960,1
3431,1327908060-2c538bd3b05f3c8af25faab9a305ada8,1
3431,1327710120-1b2a40b66716ba658e33cc650d6d5ea3,1
3431,1327710120-431552b494b0458c020db27b28d5c2f2,1
3431,1323130320-111dcbadd9508ea8301fca7b7ada3c1b,1
3431,1327153200-6480fd09443dc669cce9911318af9a13,1
3431,1327905240-c4e4d9e509b99f3deeb572f91d3f73e7,1
3431,1323132420-727338b0072edff41c034f4e8db7cb41,1
3431,1327710120-1a5282ee6c114777fa303c8ad45e9eae,1
3431,1327446780-a5a242f7cff31bb744cab6cc529617f0,1
3431,1322187660-9561b41b6119d44ed474116326df38d7,1
3431,1323477000-0e4b0984a41d80428c4ad4a8b41b800b,1
3431,1327591200-5ada4742c8aa760a52d6fc2a755111e6,1
3431,1327970700-a5578ca69fb11ff5b3457bbb94711149,1
3431,1328014740-0acfd854d97cb2da2d14f6bee686260b,1
3431,1321885200-953b43da0a4063673c9a4dd8570b28b1,0
3431,1322526660-60cb128ccb7dcdb9c4e28fde3530dc21,1
3431,1322650560-bb86b3bf155ecd8d5c2f583c87c784fb,1
3431,1327979760-b80a3aac2784ba15c061970cb9ca1af3,1
3431,1323527400-82db7435401d48930e5298a5a52435be,1
3431,1328015820-90755e48bb176a7e49fbc029441bcd35,1
3431,1322121840-6d689f1c42e87c7d421ea958599b5ba9,1
3431,1327710120-cd17ddb7d7151c67e8f6031b1acbfec1,1
3431,1323483240-2d316c9884d6a2eb68a1200029e99498,1
3431,1323484260-a022601b7b6f89fb46aba45c429bd2cd,0
3431,1323416880-3f98cc9225699229c60a8d87517685f9,1
3431,1323419940-c708d37563ec668dd165d9a98e0cfa04,1
3431,1327894200-4a01fe5602b8a457c293d98ae0ef8890,1
3431,1324316160-9c820eeda2a5c11995b86881511b9fe5,0
3431,1323703260-bdcf1da9c778c8c0825722d053572427,1
3431,1327926780-8e1d85a37c164f5adbd2d212869b08c1,0
3431,1324234980-bab76a4b38d8b6563dcff8c571879854,1
3431,1327706460-95f15725d140b9e39f3549d88d3d4f03,1
3431,1321994460-09b4aeba093d2f6c4936763d7c46abaf,1
3431,1321995840-b39a8583d558b3a9ada09f5138b78aaa,1
3431,1327870020-c5fbd4fe24cc86cc67d36a8f66e64ec4,0
3431,1321999800-97a5bad47bb5695642f6f35c2028515b,1
3431,1323779700-34d6bbbe47375a92e35a87e6cd44110d,1
3431,1323810060-069e73357f96c27f615cad46ec839305,1
3431,1323878400-47d2b0e432895fbc85f3149f878b5947,1
3431,1328048160-1bbc0fa2180dd1377f97b46836f6d090,1
3431,1327449000-3d8fc1f236d5bc351a3b4f5e937352d2,0
3431,1323817380-533a056f6ee46b17b7c5b2e33005402a,0
3431,1321707840-2effbb28f19b2ecb029285a7c918a49c,0
3431,1325784480-28e86be62129e0170e502824c1fcac87,1
3431,1323242520-78088aaab3d6400de337e43eec00a747,1
3431,1325784240-a6d7cc9051a83a981d5a3e5eadbaa136,1
3431,1327588680-03f433883ae7af059209eeb05e7428ae,1
3431,1327609140-6d586dc5da0d1a7333a4b458dd4f8d0f,1
3431,1326812400-9c0e19ac64798dd986dd2db1748625c0,1
3431,1321298640-f82d9d8e42112987f9a3288719f63219,1
3431,1324041420-fcfbe37fababb5bafd6d18a16321218b,1
3431,1322763780-c206c1d5cd5cf0a5b9aa342a9c3c3cc7,1
3431,1324072140-4dfe1107f1a49f9f20413bb0f308bdb8,1
3431,1321208580-d63b87a8508786dddb61da391e538906,1
3431,1323696900-04956fc694fdaa48d35a95b9a45bdd09,1
3431,1326139080-be7b2283a5358e3ec565ab02ac881b73,1
3431,1321886040-2de5d42f81a3d20d57e5019dd64aae70,1
3431,1327976280-412af4faf7e4ce88a2e35bfcd724ec15,1
3431,1325281680-d5ebd082edc880ae14294a10abf49dbe,1
3431,1326406020-928d244a1bc965fb4d84bda987db1ce4,1
3431,1325904240-437810b3d718f3ad3415b2dfebb97176,1
3431,1321551840-daacb2ca460e7a13ce436f0ac54979a5,1
3431,1326741360-4d8c8f60baa3067ffcc817c63832c81f,1
3431,1324309320-f2ac5d6b5f00c64a5e1bc414ac3963de,1
3431,1322608140-5dbdd2c952c5d94a8a42b4f7c797fb7c,1
3431,1324519800-3e4ef8f3603ec0e210efac518d5939bc,1
3431,1327496700-f986ec6e0d1bb1a5f6d6ce8a822cb449,1
3431,1325521440-74e0c25b1b33ad68b01dbd8971281bed,1
3431,1321568580-07b51f39790a5e3a2afea5eb7082fd5a,1
3431,1324666440-7238bc48310b4c60ba4cffee8dad9b3e,1
3431,1320927420-491ae918fc171d0b99196ea33a5d1f3e,1
3431,1321110540-0667fbdd791b5520a9730e09cb1c7c1d,1
3431,1328027520-4e8de54c86727106c63b7df8e9ecf89b,1
3431,1321732440-382e7d01117d36f100bad53f359e06d5,1
3431,1324145460-48e723a1928e109dd2d93f34f68feabd,1
3431,1326333060-af9be9e980c3d7c34b6ef9a325411c0a,1
3431,1324327560-5e2baeaeb85447eab97cfcc28874d444,1
3431,1328058240-3c6ed7ce5703b4657ff8fc29442946d5,1
3431,1323297060-5887b5bc4a1f87e93089ecdfa943f637,1
3431,1327154820-26fb2d212b898a9ffbb4c007eb3a87de,1
3431,1324307220-70b64f72ee946c502bf63e86fa8b5727,1
3431,1322426700-da8b8987db2355a9f9a80a7cf6b1529b,1
3431,1327843800-c68f1380ce250f604d52342dd1594324,1
3431,1327714920-22f729f1f63e5bf8174042cf6b6e7c5c,1
3431,1322519220-df3d7809cac1ee1808c845e34cacaa2d,1
3431,1326823080-8c63d7dffef9614c29d1ecbbaddadfe4,1
3431,1321660380-5cabd8ffad05120239f75fbc5108ac15,1
3431,1325807400-dc7fa26c4f8b3ad72ebdfe4703e013ae,1
3431,1327435500-73a76bade359665775d8967c5eb082a0,1
3431,1328017440-0e27ec974a3565a69e85c429d96072f3,1
3431,1320703320-650444157c077e0e7d85aadbb8729f03,1
3431,1326399420-97c6826b3df3fc3995e171f26c8879f4,1
3431,1325041800-42433dd1c6d094c8086be7aedc8c2250,1
3431,1325075400-5d2cf9de5dcf6cb3aaa38c55aa119b39,1
3431,1321066980-a87782a087463b5bd6fd352f0ec4b91a,1
3431,1325695020-fc152997c713a770307a1a5c7cbebdb1,1
3431,1325108940-490cf2e2ead7de6dcf3d9ccb1e7f5b41,1
3431,1321809300-cd16964edd23cf625e818b711a9e12e7,1
3431,1325011080-0b312411d3479dd033a4545f79fb8b27,1
3431,1326363420-fa5ca3bc26c493e6a123f934cc9853e4,1
3431,1324563540-9708063c5da1b57fa3aced0cc3a9af30,1
3431,1323989700-038ee147835e9f102b222c96cd173b29,1
3431,1327078020-680c657b879ee83eeac038ba938d3ad7,1
3431,1326138720-a019d73d53acef364e0d688b28a834de,1
3431,1326491280-9f07020d454af628b0378987d5ca7201,1
3431,1324402500-680f4a3445c43b444e2dd4b85b3211b3,1
3431,1322868900-82ba268dee479a38ad0a8c7f84e91ea8,1
3431,1326646080-146a438fe451e0fd572ed6d9444c772c,1
3431,1320703320-42007bed867ad6ed736ea7ff0a1960ed,1
3431,1325529780-bfc959de667eb681a4f753d1fbfff254,1
3431,1326414720-a2d1756bf495f17be3e9d91bdf0951d5,1
3431,1326134040-5f8808a81890ac4b74d41cbacce5346d,1
3431,1325175540-63dbdf5b632f218100deeac9110c2af0,1
3431,1322741580-fc7347a65a9d5963a919aff3fbdc5c6c,1
3431,1324330200-6e42ff891e6c4ba7510af92bece0787d,1
3431,1325353020-f6202661d933f687c7e00bd5b1eb235d,1
3431,1324092600-d0ba1817581c6e68629c7efd8a200aaa,1
3431,1326496380-f3c03dc761e3857d6fe8772d212cea20,1
3431,1321916400-478a9fb6960b5f914a55057474397e36,1
3431,1327027140-357410d0457d4713b0ddcdf38a4d9550,1
3431,1326113640-7108e0d9076aa1a1b9f650fffa631d26,1
3431,1326572880-52bbddfa1ace46a7a20d54e668c8d345,1
3431,1325899140-b1f9727c3b96072aba5ed2674ee6f089,1
3431,1321665240-a497bd37666497726373986addfd97aa,1
3431,1320960540-0f61dce930c7cc1bd312d86abaa0366a,1
3431,1324995780-786e91be81a4eaf860e39accc0f21cca,1
3431,1323435000-176835e080adfce4037dc62611ca244f,1
3431,1321654980-959c51118e41b4548063411e6f157db9,1
3431,1322625240-5b5eea54a0cb9ba28661d2f82f2785f8,1
3431,1326118680-b9a6185d68ce9dc430cb4e127f497ff5,1
3431,1321563240-d9ecf7a7d6dd3970a6147958563b02fe,1
3431,1326506580-81b149ef35f43272eefe2c54827d4f36,1
3431,1326506580-fb2df0e6da75202b4bcb94c9ccb14ccd,1
3431,1323613920-d7844b944a1dc1bde51ce04cdbdffd2d,1
3431,1320405420-559095a1cec05048d2e81a57759136d9,1
3431,1322421000-9828beada04f73d53db1c5e28ed5985f,1
3431,1325817600-41585ce0e54e90d50fb9c9f45abc2cab,1
3431,1325271540-4067c5b69b88e1a8c6504e5080c90887,1
3431,1320338160-37c836a46376405072a6d20ac0432a81,1
3431,1325782740-c4fdb1eef4a0951f0cf87a1d43113b8b,1
3431,1326741360-019a2c4df13fed8670a98f11c888bf65,1
3431,1320113160-5dfdadf8382a52e15feeb773149d366a,1
3431,1322851020-5505d3127f99d7c397691c634c84c71c,1
3431,1321399740-d13ebafd49a0c1c9c4459f4a43513e43,1
3431,1326927120-2f316840cc74198252fc5e0f8d1845eb,1
3431,1323192180-04c31c283ea27f09861a7aa62c96bcd1,1
3431,1321482240-b7bfdd8763a1fb3fecf9b704e64fd5b2,1
3431,1326748740-9e01d7b388cb7ea421828b273520effc,1
3431,1322925600-17115dff3f939a7f19756500997d1154,1
3431,1322086560-5853a93ea81dc780003f19e58c939d4d,1
3431,1322511900-9c621326b6521be52245a8b33f31c608,1
3431,1320859980-4c73c323f696f3697d3df1f210edf4b1,1
3431,1320946080-455d2a16f37884e01d7437a178cbee63,1
3431,1325097840-33724b9eae8eaedeb10b63f7dfc3ae2c,1
3431,1327773840-4d573da11ba8720be41b30a8bf69c99d,1
3431,1325873640-1b2e88cd1235b47c140f2e2f186843f8,1
3431,1322931300-c6e2ca9b5bd5e4d5fef5ee1a7a686a47,1
3431,1323806580-2d261a306ebd0a3ec074e17a0e844326,1
3431,1326986400-03d7f2c6d6d3b8863d5978ba7a9037b0,1
3431,1321817400-90053e36027b8f747092df71488dc0c2,1
3431,1321995780-bc53dd0d40548122c329cffcf50e85c1,1
3431,1322052660-422661b6a05fecdd342bb5b6599ead38,1
3431,1327440600-fda25fcf44f0910a5a5931db72bafbab,1
3431,1322883780-a9eba445a7a64e16891f39d0d2750e75,1
3431,1320687180-56ff5f548e5350917dc6a376a19b9f4e,1
3431,1322659260-14237c2f7e857e2104dc8a7d001cd99c,1
3431,1321493520-5005c7558652890f8828e67a72f47b67,1
3431,1327332420-7f054be751289461323fc9c8c242e477,1
3431,1324748280-0343d5cc4ec7ea6abf11a708417cfba6,1
3431,1324943880-067ca2a10ed9f51c55b083b8b8d6a85e,1
3431,1325723040-02db12233c16d0cc1b5dc513289f616c,1
3431,1322594940-1a6b3b207beef408b74d5f1ca3f3a79f,1
3431,1326761760-348eda20d299cb3efe24ae5cb82a8fb8,1
3431,1325188800-13b62e2f63462e89bdb917edce62515f,1
3431,1327384440-12a809f54e422f040d601d44046c5db4,1
3431,1322829300-dbf38d5448074e89f74ba4f493163ede,1
3431,1325460240-0bf2e391d6a2007693adc9f4953bbcb6,1
3431,1322834880-51f6cf73b7e80df2c1fa0816104fba69,1
3431,1322795220-3f7611cc63510b3c53e2fb5d02ba341b,1
3431,1325281680-dfac96480c71b0443623c4d3a5bb0958,1
3431,1324505280-4bb7fc6a6a12e2c41691f4e696e88119,1
3431,1327180320-0957a4145d612f56f4817509de99b695,1
3431,1322880360-b8a4ba0310d40e9d35dfce54c74a4a2d,1
3431,1325097840-bc94aea316587d34ee5af77ef5cdc0c4,1
3431,1327782540-fc7a0ee5f54a750e264002fb68b01d30,1
3431,1321720200-f6f3bc736703a1a57e06a212958b00fc,1
3431,1326659700-265889b980ae4dfd7176ddcb9f627656,1
3431,1324393440-9a0d983dc2d2978e88370333967fabf5,1
3431,1320762720-41f137b5149fb47b71056c47bce1c739,1
3431,1321117800-5cf882a513964fabe9ae04bde07be409,1
3431,1325271540-1d324717f186f3f5f965b5a59cf93033,1
3431,1323027720-8c1bfed0a068583ca624bfa34b23d7cb,1
3431,1325613360-c0febdccda0e079b1142e9aa0a740132,1
3431,1322324700-1a839a24320f4a41fa723c3872b321a9,1
3431,1325100660-c62d64cc748fbda878669db6a72cfa1b,1
3431,1320844200-4afc97e81639cb3b131dc0642579c7c2,1
3431,1321713360-34791fc4760ee846f504714bf4e186e0,1
3431,1325695020-a0674f53c2c1b747ff213241ec635380,1
3431,1325608200-4def9c7fd5c86474f115b4225d384a8f,1
3431,1322052660-02b57c6c715dcfb99731ec82286481c2,1
3431,1321558380-6484379e2a53501bffdfce9cff4df647,1
3431,1321378260-535ca0f5a9b48daedcec3a50b763f1a6,1
3431,1325960460-d19721c49e215554db63dbc512e231d3,1
3431,1325460240-4b3988f406d514c24592c99021265f99,1
3431,1322103480-53b447c523c90a5cd575daa100278f2a,1
3431,1324510080-4191d531e99999ee043b852add98b2bd,1
3431,1325613360-26ac666c93c60f674df8b407662702a2,1
3431,1323790380-145c7920ad0a1804dbf909cbe41cdbfc,1
3431,1325960460-39b108c1089a857b16a7933090e6285a,1
3431,1324995780-4b93f871c86fd3dd59040f92ff6c83a2,1
3431,1321977240-95cc9b3ca2047658ae7d95ef7cff6682,1
3431,1325628660-d58fe27ff768c6a49818ceb69fe5b69a,1
3431,1320795180-90688cea1edd1910aa99390d1ddcd9ea,1
3431,1327613520-500835e025f1fe566e779ecf7ee0bea0,1
3431,1323225000-81bd7e90b18a9a3233b582076e9beff8,1
3431,1323118440-ced4d448f3a9688ba137de3c9af97e09,1
3431,1322574180-5f28288ba727336092a61a7f590131ff,1
3431,1326052320-0df732ee7c6141bbbe6facd45415781a,1
3431,1325679780-d3be6bb9b77075b3a0509e93087c3ef0,1
3431,1327343640-c16f57a4c8cb8d861ce40491ea572f4a,1
3431,1321461060-8faa88c8c3d613e945e57069a6cc2cf0,1
3431,1320426240-ce01f5b1b1866efbbaf86e6b44e83852,1
3431,1322341380-8178479949d0db22a36160682d7e823d,1
3431,1321973100-33dde5b40624aba8b73355a8a0f52fca,1
3431,1322500500-c28c3dff983604817d9e2ac89595d0b1,1
3431,1321314780-a68da0d0d7ab42eb2cd8e6339285c926,1
3431,1326552480-84c694a983a2847944478895d404086e,1
3431,1323192180-27a4d016ae61e8cb4557d15abeec1bc2,1
3431,1323354120-95a0b0a04bb8d5e459b90499ed82ba3d,1
3431,1325189760-be1d2152423e498376db18f7295e4241,1
3431,1322230200-7e8d6557c0a7ef0a51a1e3b3606308c2,1
3431,1325353020-4e9888cebb9d69185def0413bee85999,1
3431,1322324700-91f9e1467bfad9d32a334d2f2be6e273,1
3431,1326480300-571ec0eabddca14efb932c059dbc7b8e,1
3431,1321044120-4f78d157e8b27a68d9a613ebb1a4d35a,1
3431,1322003460-cb640ea83d2831da82f026672c136716,1
3431,1324412880-4b723a7fd5b01bcdf2bea535bfa27f85,1
3431,1321985460-d1093bc2fc99454f44dc5581b5bf971c,1
3431,1321817400-08e2d2ea99e445c447d91b41e0ac8c8d,1
3431,1326394380-c2fcd0b580aeea76e0e699eb10d41677,1
3431,1326736320-604016015bee5b7fdc63b85aada108b5,1
3431,1325603220-d15b12a339eac2d223493d2738268c60,1
3431,1325097840-cc478be4f9580a972580e0605444adef,1
3431,1326399420-a630c5f513512da093ef88ecea36bef1,1
3431,1322165880-db27a7bb2286e32cb4922657c0579f49,1
3431,1326414720-4a0fd9b4966d07167eacfb7c3f5a4e61,1
3431,1323180780-9f7e2eb589ddf4000460d8f5497465af,1
3431,1323467220-490899f2b22954aef5fc6b20838e6ef7,1
3431,1325337780-fa19dac7382f5b36d15dbf114948a515,1
3431,1320718560-dab7b0c4c1bcc77ccd4e36c82d8a171b,1
3431,1324036380-64077c04f178d8275447c5c2131120b6,1
3431,1321030320-2b77fbcba44c8a187ba614c77ea1d552,1
3431,1322080800-a90aea9fab3843b2a6e5dc343366c116,1
3431,1323008340-a260dbfaeb06404b832be671d5fd1c58,1
3431,1320777120-47b1de75288627789acb6b4e65168c77,1
3431,1321217580-63e4aeae57b7f445b634d1bab0cb248f,1
3431,1325679780-abd935137bd168f96f2355488367eb46,1
3431,1325603220-ad1eb4c556c1eb01aa12cb660c7866fb,1
3431,1321549980-decf35bf104d75019cc7582ef0052324,1
3431,1325097840-5614184262e6ead230d1360b5e5d4a92,1
3431,1327670400-b8a88917536389da77a379a07eb56ae6,1
3431,1322494740-1b6ffbec474252205a1eda4138067084,1
3431,1323209160-cbe168c9bf4a971b32129f9a6b1373bd,1
3431,1326210540-a15a03fd65383e04150a69fadb3f485c,1
3431,1327415160-2e0470881bca283e1319ef5d0f2700fa,1
3431,1325041800-522be6344afd6127e755de242c40fd48,1
3431,1322789580-71e0768f6261c9935908c05158b6aecb,1
3431,1323348780-4cb9e8cf0a9503a111ef71527f3232f9,1
3431,1323895500-40521472800658c68a474e4e27ba86fd,1
3431,1325802240-bbfd92cef0f4f7c5ba5a8a69543e2c87,1
3431,1325807400-30bf72702cc6c3f54ff41e0d02d80fec,1
3431,1322007120-4f12efef041352811c6360a596b9bdb6,1
3431,1326848520-c58ed102bd8a9087ba707c28c35654f8,1
3431,1321881360-3694ae8aa478d98d12b03bc3d8539e83,1
3431,1326557580-a8faed16af4b9bda878e7d3df658b8b5,1
3431,1321875660-469da39a41092d5b92f43b5afd0dd1ac,1
3431,1326225900-4f0d1bd2dd8344bd9f0a577e96b8e068,1
3431,1321638780-d4119dcc51f3bf4153c600f104175000,1
3431,1326215640-741add22df7617d4011926cd0f395322,1
3431,1324656000-f85e19a643f829e8b14accecb302ce71,1
3431,1326220740-0b58c79570917a469441fa9502b8a313,1
3431,1322483400-d7724ac109a5b1653cc20fd02d564bf1,1
3431,1326823080-cfd91f8f88bfd44b7c278e574d48d1b0,1
3431,1328042820-fbfd2be0719bbf2d147416a17a801d59,1
3431,1325715600-6af56bee792b9f73623cbd6734eee92c,1
3431,1326139080-0561d8ba5d062830f9540c80410594ad,1
3431,1321036800-232d49222656dd5e8f21543319eb84d1,1
3431,1325256120-d874e02feaf40fdf630f33c8c1f568e0,1
3431,1325802240-a7d53c79833a93a083fe33ac6922bca2,1
3431,1323704280-fe2fc31b4d1c60974d197a536589c4ae,1
3431,1322137560-0faf52384927ec09de759ad3f500adb4,1
3431,1326848520-2e209d8ecd85263ac4d2e1ffdd3866ff,1
3431,1327261920-f21fc3632b597442fac3d62d94c0c6e4,1
3431,1325955300-a4f37210be6ecbf0d05079fb1d5ac9bf,1
3431,1324218420-8375864e6970256acc980aa84aed0615,1
3431,1322840580-525f35ffc9058d47906d02248c617429,1
3431,1325516400-1e47b205a016e2c505943d926531fa7c,1
3431,1328048160-0dd4af1d6475584814397c4823c2c22a,1
3431,1323437880-bd07b630368a65151557041d2151d92c,1
3431,1326838320-c39afe034cc4eba503bf428301fb7050,1
3431,1321531200-4156bc88a2bdd6fa0ef696b61ca8d402,1
3431,1326835500-6a3a29b2633edc542557e1f8da81d45e,1
3431,1320521100-cf43a351b2ae75d8e7cf4afb9cb2ef5b,1
3431,1325475540-45e309f9b0a6dd7c3729c5c101e11007,1
3431,1322411340-de890074a979a05adb9794b66160db37,1
3431,1324068000-26f3c92eb0929dfaaa77b46a68da78a9,1
3431,1327068000-b08157975bf939b43fb5bc80f5aa8af4,1
3431,1323887460-bb5c96da549a15c9de6d9ac245348e00,1
3431,1325720580-6698e181e9f3fd19c72b0bfd90b49b31,1
3431,1321574040-a69188ca9e71368e52f90b319022286a,1
3431,1323887460-2858aa8ba8c238e61ea5ae1982aea432,1
3431,1326736320-90d8163c448044c26a5af21d2403e2aa,1
3431,1320849900-26830b0ae27a97a27766d5eef52ce46a,1
3431,1327670400-603a037896b8667ffe251a00d687a7ad,1
3431,1326986400-bc35ff7d32b606989bea12bb2a27f4e7,1
3431,1325449980-fd90919193089ea5ef252be79b0677ce,1
3431,1321374240-fdf8f7066c5d785758d693803aa7d4fe,1
3431,1325868600-9253eaec2e440cc3ba8878d506c125e8,1
3431,1321498740-67eafe376c7cde5225aa4758d2b1e1f4,1
3431,1323540540-9cf026dfe9268bf8e3c383242d7fffba,1
3431,1320536040-89c8fb38938874185680735151621726,1
3431,1325868600-67aeb69606374870d30f6a9c598566f0,1
3431,1326230940-0825986fd47f1415125d73ae7dc33e34,1
3431,1326292200-0a0d47fda5ae0cac347f8b1eba60f443,1
3431,1324503960-b864ee934b7a3572b2ff2d02508dcb37,1
3431,1326557580-db12e07d5156cf4e7bfe5d2e5c7c13f9,1
3431,1326241140-4a94b93ed6bae9376955735218042928,1
3431,1320892440-3ef9108c1d4ab97c54534de8e6f3834c,1
3431,1325358120-ace17a7b18cf688ef2eaa0b1e5d361c1,1
3431,1323991260-6bd0c2723de5b04859072379b9385eb3,1
3431,1321714800-6113b02bc493d695a4d5e5f65d33ebc9,1
3431,1326302400-7fbd8054d9647fa417da1cfbc7da38bc,1
3431,1322766840-b72c5cce7867d75dfbd8637d5386e80f,1
3431,1323397260-ccee063a2080e243fe0989e5eb913740,1
3431,1326241140-d46002212a23d603edb6a65f7a65e351,1
3431,1326491280-664c0428b17584978e18ecdc384a0f38,1
3431,1323962760-fb22f06411d08401ac6fa850f5665de1,1
3431,1324656000-94156214139deaaf403a493e09f70d52,1
3431,1325164200-580ddd0937ebfa693156296d579788c1,1
3431,1325266260-656174ad678b9cc7fe3d8a89f8decc03,1
3431,1325266260-99306f51dfff69d3cd7068c66d50337f,1
3431,1325771580-09ee15d6c16a5e03ade2a569d77b30ab,1
3431,1321131060-2d19f9ea17f783f861bbfc17a2fb47cd,1
3431,1325358120-f839fb407c2c8d811f2d7c65b4800122,1
3431,1326567780-cfd97e56a7a7c4ddf27aa3b248087671,1
3431,1326720900-c8637474ffce924a577877e38739f472,1
3431,1326756660-7e0b53e6a7beb3c9c03fb98c17d00448,1
3431,1320345840-c35a1b0ededd0b75f38146f509590fa3,1
3431,1323531840-7db73c8daeb1390fd7624845f4c44a98,1
3431,1326501420-86d9ed26b694c0496f41844975a91efb,1
3431,1326475980-50454fee5e2685cac1abb8cad8712170,1
3431,1321374240-2379dd8250c346575c0430da99bb37ff,1
3431,1325543580-c16ea81f30e59d2b3cbebd58f2e18b8d,1
3431,1321805100-fed114bad46c53839e8e9276e4dbfd88,1
3431,1326475980-a90ff1d4127e7e459607f22dfc6498d5,1
3431,1325863500-7dfe415cbeeb41128885cbf9e9b64264,1
3431,1326756660-feb1461fd9c9b80ecab4cb354352327f,1
3431,1327705980-847170e4ff89887e7294e30874023803,1
3431,1322168640-7f351cd3bf623cbd5925e265d09d643e,1
3431,1326288660-269fab82ea49495c7e36a2099519f205,1
3431,1325022180-70cfcc29a6fb06d9f03c0868d1df5270,1
3431,1325863500-8d5f45422330aa8b28c1ae7e54f724ce,1
3431,1322103480-11567b79a057b06ba498f1a832f0743d,1
3431,1327609140-bc98c2abccd31c164acf28180735c384,1
3431,1324046520-b9c8ad8434a85f830ca5ae855491da21,1
3431,1323186480-da1be00c0b997cb276fffaeb6ae46157,1
3431,1325730840-520b66a3116ee971f7497af5548aa014,1
3431,1327450800-5f3219bf71925e042d240fbe37484f9c,1
3431,1326981180-b9e39daacd612021cbccc36228bed4dd,1
3431,1321889100-3537d555763e69df1a0ca092cc1670eb,1
3431,1321030920-d209c1462550849e5b2245dec456b287,1
3431,1325080020-d5d62855193e31544d2d2151895bf76a,1
3431,1320498960-dbe8eee2285371fc0691bfe0d321c5ae,1
3431,1322250900-19bab60b17ef59133b7675cfa1fd1100,1
3431,1322625240-ba5e7232cb2ddf8e53440f8dc5277bac,1
3431,1323820740-15d2c3b65007ddbcecd5fc2b7497dc29,1
3431,1326943440-ddf4d4b6d3ce4f1a4fd399eddaad821a,1
3431,1323973560-6342a114298b76b72ac22b41047ef127,1
3431,1320784380-5c0e60f7f4b153defb2d6829d1b8d8ed,1
3431,1324325460-7e1efa975079e773ae0a6c9fe6dd1455,1
3431,1326928740-575d0bdfd6a230cf95fbc7b8777c6b9f,1
3431,1327506960-98db0d10acf65ae86078aed2abb63c38,1
3431,1323173760-a5c1bb6ebe205f04c1e0ba7db142899c,1
3431,1321368840-5e8f790df69cf966b0f0f23acd79258a,1
3431,1325705280-8551cbafa368e9161fb3a684e3b5aaa9,1
3431,1322000940-f57e4434199e631e8e3ce31ca74b11d7,1
3431,1322520480-20a5b0ae273842f86152cad85baf91c9,1
3431,1325021280-b5c1b70be1dac82fbfac9067f9710b89,1
3431,1322528760-7dd8aad3081f138323c305009aa3129a,1
3431,1320113160-36642947f1493c62dcd1d2acdd73b985,1
3431,1321444800-91a30fc3a01132abb92d18825346d497,1
3431,1324500180-c051174609fe26717e58772f0d520b9f,1
3431,1324510080-f478be88afbfde0d6a5275d58e2e65e8,1
3431,1321622760-125dcca6d487c81583ac746fbd75615b,1
3431,1323623460-8e2a51d8d33c8bea1d4094f280986494,1
3431,1326389220-06e4ce463d17706c0eabdab504e78d3f,1
3431,1325286720-d1609726a8877b976d0d5b96f8b73710,1
3431,1322608140-0bceaa03df0b8b3b97838e91eadc025e,1
3431,1322602560-bbe7adb5331a15c19619c7117e820059,1
3431,1323386520-b5b496418c2577ea6f51bea180beb7f6,1
3431,1321910700-47a9acf7f3acb592d2c7d1602ad2aa1d,1
3431,1325643420-1283017efd842a9a11e4e68d21713984,1
3431,1327241520-bead2691946842758ab81f212c48971c,1
3431,1324406880-20bd2924d6a51bba2c9551e15073959d,1
3431,1321476900-f68a383e38c451e4f8e75fd26762150a,1
3431,1325091120-8a56fb060bf9a565c77b67ed9018f90f,1
3431,1327167240-7a0834dff08c247714d3a1b398216492,1
3431,1322846220-c9a9dc051eb99262be955dc90622aa55,1
3431,1323833580-6faeae949d2f73d478834e65bc68f8a3,1
3431,1320673800-d5cc13257e228fe3173722bbed88f86d,1
3431,1321202520-05d776c4acadd1cf66bb0418d6d67ce6,1
3431,1320692520-0e3d75fc61c7ecf772a12eb596393bc1,1
3431,1327685580-cacc9781b5c5bd903afc07f83ff09a0c,1
3431,1328031960-1682911cad080ca604ce4cad468cf3d2,1
3431,1326816480-1e88fc2e68c851732b82431540df1559,1
3431,1323618660-988c26f1125b3bc2e9dbc469ca93ad2b,1
3431,1321916400-978691b0302dfb743272a56ac81e68c4,1
3431,1326746460-64d630ac9d118f12753916d90de0e0e7,1
3431,1323811980-033ba3160010ab129b43d58bc17e4cad,1
3431,1320841080-1ab2632e4ea669ffd0ec025bdabbc134,1
3431,1327335300-475929e0ab202fa95cb4be8ccc10f687,1
3431,1324344900-8f6bd5aae2a57e7a2e76af4ad1ec31b4,1
3431,1322596800-4bf38d511e63e2773bb4beffcac945c1,1
3431,1321584780-797760ff63c6b4b43cb63f60b3098c64,1
3431,1322018520-4e997cd6e0d8e9be561c51e1a3a14e30,1
3431,1323617520-178d45370fee29e379f8873d07473996,1
3431,1321633500-57617bcaa309e6d402d34682fc3cb5e1,1
3431,1323483420-fe6132659f18f71a6a5a20b52c387070,1
3431,1326838320-9d76005ba1addb0527abebfd3e7d6a92,1
3431,1323112740-4b85804be3503a33c1686dabe3de07db,1
3431,1321303980-800d4831c18b72e7ab1de2a824ca4a81,1
3431,1326465720-7bd4700c3984d156324fb13fc197b6e3,1
3431,1326577980-237dd8982f6d1dcdf59f667b37eb83f3,1
3431,1326567780-88319d3f4508202b73343b438f624305,1
3431,1326817920-83649bf33b378979f18134fa0a09abef,1
3431,1326817920-9ad8c21fc89f0d27510cb83258cc76de,1
3431,1323887460-7b4c2a173fa3d3111bdd9321064ad5df,1
3431,1324602540-9afed5209c15d4ad3511c50ceddc5b97,1
3431,1320805920-7cec6895a1ee53d9f0695ac5a300bc86,1
3431,1321900500-bc9ea5cd3202e45c8f171da14632098e,1
3431,1327634580-230f076e316e39f5c6ac5d2e78a4b1b4,1
3431,1326577980-70814be5c6f86b089eb47c8d1bb16129,1
3431,1321622760-26f04658cfd8222d60ca4dbdd358007e,1
3431,1322160180-f19dc71c60b7d2f226aa0fc3b8f7780d,1
3431,1326925080-77f3fb084513503d8cc3652d5105adad,1
3431,1320670440-4c8ee63d479d5753d809e8c22c566325,1
3431,1326838320-aef9aaa8cff2e2f51d90790043c4ee8b,1
3431,1328032740-7c7f246b4a6107ffbd8903d622ac40c7,1
3431,1324438800-008650c72c6b52dc2c6b3ef7bd14c933,1
3431,1324744020-3a21a014642539f2a67ed5be2496c232,1
3431,1326664740-a94b9e7ccf59739a26c1f49c225d4c79,1
3431,1326154380-6d95cfc92b7dc69d37fadaf13f3bf729,1
3431,1322944260-ccc793166918891de52bf4f276d0beb8,1
3431,1326664740-8bd35dd2890ce3909309bf961619a6c6,1
3431,1326134040-6e2182986a3461fc9c99f47daa825ecf,1
3431,1327512060-7c6bb49dd670c087caefd068034d2211,1
3431,1323483240-52b4409aa8c0fa69b10a9842b37ee1e3,1
3431,1327251840-16fffd39739733dc85b7937ea00a2b97,1
3431,1322783880-06047e96c872d3f7634098e3537f3bbc,1
3431,1323779700-4f126db5f2ad01aa198fb405c8ec344a,1
3431,1323132420-dfb9fd95d6c493ad12e0524af7ce2cde,1
3431,1322333520-ddda25df0c53f46b5d89976708e1fee3,1
3431,1324524660-9c342089bf89a265fcf9226aea6badff,1
3431,1326460620-bb0aadb23b310e39f9e31e1695ad030c,1
3431,1327266780-273cb2e25b828e207cef19d24befa4f3,1
3431,1327006740-2b58fe95f1ad73dcb33a0ae587f663c9,1
3431,1327874460-03aeef97b3477e7e18e777807c23d64f,1
3431,1327690800-518a2c284d22ac7cff170dc4a855929b,1
3431,1323282960-9a93cf0ae3b51c0f7242925dc5215a77,1
3431,1321289880-63157a53441376053c78cdecb1a67876,1
3431,1327264200-ab109e0f414a8aa65a936fcba3db10dc,1
3431,1320499200-35f053c66d8781e9267d273006432d21,1
3431,1322062020-60e38c2e7c5f224841536bde123d39a4,1
3431,1323188100-7ce8bba5e8ecc5711a1266118f39daef,1
3431,1323197760-3bb329c1dfdfec55eafe2dbc6e8af443,1
3431,1321741800-b5318127aec8ba3f8ff5c77bcc64ba15,1
3431,1321465980-152519b15d67f376eada801663a25e09,1
3431,1321128300-c9b7a6fce61e1fbf806f25353f6adc4e,1
3431,1325108040-f66cc0441a24462ab12dd906a6ec6fc5,1
3431,1323086940-17c0394d3b77fc35d4c0488da5f897a3,1
3431,1327971420-a28739ba7c09d9905aa2e4c57ae4f0bb,1
3431,1325776860-832507bebb458c3452dedd8a75d334fd,1
3431,1324587900-da7d7e29237005f5105ec214dda83772,1
3431,1323817380-147ab82a8e10ae6251a6ed86d4505fb0,1
3431,1323030720-82b90908db3808b9ca0cc8064ace2b62,1
3431,1324582980-f923fe30aa2dd8733dc5f9c6ee221253,1
3431,1326113640-be03bc4007c6916d25506987399e4744,1
3431,1320511140-c04d1c30a65adb243591332854c087ff,1
3431,1325521440-4e63634798a6daa31c88f7b83f3fcfee,1
3431,1326506580-49168c21eb9e134b2f968e06561bc32c,1
3431,1320325440-a6857bcad5fa816c76f851d416e98072,1
3431,1322693280-7421a5a006909bff914e1a53439a950b,1
3431,1326506580-6b974d432a3ede069cff10e9826150b8,1
3431,1324675440-55a17de5603b715de7abfb062a1ade60,1
3431,1324228140-21ce1f68ef1b36dd666087702cb6d3ae,1
3431,1325623140-6b34ff5410c0b0a7d986321fcacd9bb0,1
3431,1323214200-c37e0cd877e8e724f252dedab7728688,1
3431,1325368380-9f8c8aa868707a60197a7272473c1f3a,1
3431,1326141360-c4cafd4475b04d0b6688168e6d9c03c4,0
3431,1327435500-bdc74cd26de8d53e4b4cc94519327217,1
3431,1325723040-d217d81d448f5c4ceb64956960a88d13,1
3431,1323707460-069861c2a72af1da8029105956a1a6a5,1
3431,1326919980-dcefb01229da66c700699e2c9372e959,1
3431,1324472220-43fed2550225a59bf27988a53bd618b5,1
3431,1323108360-a0bf50e3375bf9f4f93c12cf8d07573e,1
3431,1327690800-a5a0552447fef3e77ffbaa29b4d31a18,1
3431,1326333060-929be1c83c2e11f3cffd765c47643abe,1
3431,1323195300-a210756eb739e8ef7469b3df378781ee,1
3431,1325793600-5298b0b699fa3e573e96abec3d68b1e5,1
3431,1325802240-49697c50d0b9db0e3284c867c1d68934,1
3431,1321449840-86c299540441a61332ec411bc37996d2,1
3431,1320174480-f1c2034a640b373c0efa13e25bc25ee1,1
3431,1321801200-9b7d58da558eaa11dd0345a7af5228f1,1
3431,1327593420-d127938e915f13ebd5d17b2dd9247f9f,0
3431,1325368380-d54ddb08c49a21c9901d5d9454af0f78,1
3431,1322018520-a491ff519fafda3c0ca7f13e07636f24,1
3431,1323634200-f160553990365c8024661d0ddc550507,1
3431,1326154380-faa2d70fcd5b53ea148570d4906aa82a,1
3431,1321670220-d98ba01fe1d19f664c19171463de0fda,1
3431,1323995100-31fa165a48bf7e54c774a3d46b71d74c,1
3431,1322693280-18a97da9d0e5af1932ce008ccf7ee2db,1
3431,1327466100-9917a178d991ce12e05994ac52f120fd,1
3431,1320423900-7ca80502ab1bce35ed49ac45aa2521d1,1
3431,1327874460-6874cdccbe545ac0905030641556121b,1
3431,1320768420-5cf193e1d1b5dd9f8da163226a151f69,1
3431,1321910700-94273224c4247ed0f37f480085780afb,1
3431,1327953840-228f5bb8672f6731a3a4f7f17b683c76,0
3431,1323171960-d1c3b1933cc361ef998f581d8e2c045c,0
3431,1323474420-0783962ea58486a741728e22865d5519,0
3431,1325848380-ba0cc911afd5a98adf3e339badddacbf,1
3431,1324677240-0dba40b09fcb50ae8ffef8b1932cedc5,1
3431,1322899920-47e0a995d8a6599cef61c617f1e9b56e,0
3431,1325950260-3f0b19ca3dc905466a6551768084a785,1
3431,1324843920-189215d1bd51a5bb781066058996c025,1
3431,1326826620-38b5f57ebd29125e2cad712f877b2b65,1
3431,1324135800-6ad79b80abdbf0bf442fa884653b34be,1
3431,1327323120-842767873f1b6102256e50d77da775ed,0
3431,1321455360-2e3cbd82fd87d9b75d3f5aa4758eac45,1
3431,1320610260-6348b1949ed3a5aadf2ef29d558e6c16,0
3431,1325705280-f6b2d65a9edf101aef6c0589ff09178b,1
3431,1320429540-33233e7eaf4b22fd14ea650b85fc8128,0
3431,1324079280-9cf51a4f0b673d9a605dfe02b49ec6eb,1
3431,1326241440-3ed067a301e994993fcc7fe19635c71f,0
3431,1321013040-3ac28d3c2981d12d2ef1892bc98f5ba0,0
3431,1323250860-baaa8c801a410f277486a92d0af708c7,1
3431,1327795560-89d075378ec6887358b3d382a4792881,0
3431,1325334300-344bede35445e2b91c02fb7b7f0fe7fa,0
3431,1325108040-2bc9a97d9184a865a486ffdb5920b78b,1
3431,1322073960-0832ed26043efb97255dc2777e3dc3de,0
3431,1321003440-b602412f5625f176a4e4ab94439f5ce6,0
3431,1321690380-86f36bf994108241787c87ea9ff7aaf6,0
3431,1327696380-b3eea3e21dc2eb50ceffff5c1625802e,0
3431,1320895740-b5fc57294a9c1292a53a672c14bbbf6d,0
3431,1322193300-d22309aa3aa588c11d352d23e5cb18f3,0
3431,1325802360-dfe338f134e7ac5e2c1f4394796d7d48,0
3431,1320536160-aa83dffb07b20277e82b819cae893bb1,0
3431,1323130620-90d2d2ce572ba565dbba4327ecd096d2,0
3431,1328032560-4d623bec1229f780210e9bf638f32db8,0
3431,1323381840-24cd4a99dc04aa41628f9e49683a7e47,0
3431,1323274320-8bc3fb3c3c52937f557d80d64198d4a9,0
3431,1323596340-25eaf0af69720b23ef40baf217ffae5e,1
3431,1323476100-338020dcfaf6fe282a4983ef070c8060,1
3431,1324661340-c49ed56b08b02d61a032f8458ca89f74,0
3431,1325881920-b0c4852fe3718e1dad999c27bf336255,0
3431,1327351020-0ca353c73b695d8e89c99d163bea34bf,0
3431,1322920020-9c4376d8edaaf37fe0f4723e7bed92dc,0
3431,1323338760-50468d3e71fe88921fcd20fecf479118,1
3431,1324237920-cc46df2c4f8cf892d5c2e45a71d0d519,1
3431,1324400580-2a30913a47c22aa4fa0c461e17ebdee1,0
3431,1325780580-b2f9b637568a4ea02b69891517414ee9,0
3431,1324053780-1aa410afddf5df7bc3a68bbbd3ca6751,0
3431,1327830900-0b84f34688fd21fc2154433f473d0205,0
3431,1320424620-54ff15545eb6c9b5b350d1d1cdea00f3,0
3431,1323416880-b133403970c6ae045a13cccb4b26d3e1,1
3431,1321065420-f9a11047f0c4506529633f4c2ad92ea3,0
3431,1323879600-33870735542a7061938248ed28b79f0a,0
3431,1320404640-4d70d6a6604e89dddf6fc271f90c47ea,0
3431,1323489300-ff5b3eedaa0c78df43ed2767efb32a57,0
3431,1322521260-067b804d30224f1aece8e6290aef8915,0
3431,1323138720-18898af1745c0a6dd1dac0f86790f296,0
3431,1320747000-80086c75daee2d876ac7f6fbfa3b98bb,1
3431,1322177460-75f3e29a6d3ec3a5fda8d5aefa300509,1
3431,1327869360-2f657682621faa76e95f1cb484d7eca2,0
3431,1327694160-a58b4d987e89db75d788a1b4b45a9c6d,0
3431,1323903000-aab2c7a698cd31f2bc883d42a7493c24,0
3431,1321748820-565ea1520f6a11fe8ad83fd9064f9794,0
3431,1327098600-cfd6cb6cccd59985973be4443152b56a,1
3431,1326353580-9b78a735afacac88cf437e560c9a1aa3,0
3431,1325108040-bdc2a01a6a34471de0f3823f1f1c0792,1
3431,1323476520-53e8f2c8a1c9684119a60949c2678d49,0
3431,1327933140-fb138260a73c659081588cfb1d8d82aa,0
3431,1325694780-80151ea0ecd3f5be6babe1ca427e431f,0
3431,1321314060-c1a87f35888704b189ac57f904b2795d,0
3431,1327578060-27710b03fd99bfe2b5dc4627268b6d71,0
3431,1320356460-38456400bfe81d319a3ab18a3084f95b,0
3431,1320161760-090bdd387bdd8def42677520e7320615,0
3431,1321236420-cf5a4b9332df6bd19f13c782f5a17836,0
3431,1325604060-cddf144481297641e59e600629500089,0
3431,1327952580-3f414352ff8be3061caa698f083721fd,0
3431,1320967560-4553251694cdd457bdbd6ecd66d8ccbd,0
3431,1321893060-ca402b7f3079a8da6b41adee50100512,0
3431,1326905400-5a4062130dfa4d058e4a1b0fa3b2afab,0
3431,1323434940-90635eea882a31fa791048794f5e9f3a,1
3431,1323271500-4c5f5e993c37ec432b69d76502340232,0
3431,1323402960-68cb8dc23a6ef8637e5a676694014dde,0
3431,1323303540-7b2865e046802dd93a51cd9c996f91de,0
3431,1325334300-64c69b4d3056799f2628bd6d3328b148,0
3431,1327977660-4c7057c342b4400062cec5c19389dd41,0
3431,1322151600-11a95b009554ef0b2bc70d4909551aa1,0
3431,1321059420-6f131fe6601538b78cef5b680854c892,0
3431,1323261900-0cc786fbf01587e8ea5ead6d20dc7394,0
3431,1323358680-6740eb18df6913ea5ac0efdc21b68fec,0
3431,1326744720-35aa85ec9c1c66135ecd2373fe5c2f3c,0
3431,1321499280-2f8c064fcee1145fc09553a28f585b38,0
3431,1326831780-2026d02feaf5d1a97760e69c4c0d854d,0
3431,1324426800-829c605b65435da47a5377308cdcf429,0
3431,1327929900-52b48fe6386d7cacc3ff1070c0e34d30,0
3431,1320163380-c79b1d33e3af275c69ae9862a022d065,0
3431,1325706300-a3866101948dd839c7e39e29fc11e289,0
3431,1320867360-a944fe39eabd02447e1e7deb9387b783,0
3431,1323694320-9a0338e61ac62c33cb272aa7b2aa8d54,1
3431,1322842860-225e59fd0434ebfa7e9eccae5fa8666b,0
3431,1323380100-37684c85770c4dfdb5df3f2cf045adfe,0
3431,1324248960-1ee4f84b10ab428f5576542480ffbbb3,0
3431,1322184900-cd1419ddf5a67f697ad809c9dfc21efd,0
3431,1320421380-66c61262ba0fdc3ee2abfd8d58cc492a,0
3431,1322137860-bb621497fb3ef445ed4dd193ccdbf9a7,0
3431,1323980040-71591ff55e4cdda14c5451b5ac01768a,0
3431,1321874640-9984ff239f457c571f5365d43e9d3c4c,0
3431,1322290140-f938195fda1a0180e6f189aae3749e6c,0
3431,1325721720-dd259777eaa38a0388910e70d2def656,0
3431,1322563320-aa7c92c6b7d1f5e677c59a0b1d22f316,0
3431,1327995540-deb6e9ee6ffb3d19d8ab9d8f5c13e5ef,0
3431,1327686540-2473d31aba1c8340168692c84f9f6636,0
3431,1327171140-baacfafd8840dd7d0b08f70427f1a01d,0
3431,1322101200-3f35bd96bc3b06572cd146135b7b5b70,0
3431,1326454380-b59023c43cc7dedadeb9344565fc77cd,0
3431,1324006500-2fc886f6cb8f6dc13ea8def34a7f691f,0
3431,1321736640-9de00a1092c537c05738df098b6d4f81,0
3431,1323165720-ff767c04e3542fc2b644fecb659f1091,0
3431,1320948540-2c9a66e21d97c6d308ab5171bf7d1d9c,0
3431,1323480540-ada6e848db3697b72b38cb6e0df226d2,0
3431,1320104220-de4c2264bfb17e4dcbf0d531f47e3beb,0
3431,1326218280-0b8138864749f858962b5e9933f11007,0
3431,1327951620-284c0ea1c885382371a0b5115203d575,0
3431,1321583100-1eb1d8ea2b816f6d64cd65277a7e8b97,0
3431,1321114800-7b19ca46cf6365df917d98639b145199,0
3431,1321610940-cb34784fe7ebae6c38a014c3a45b8790,0
3431,1321245240-650758386086e109d999436398ae1fc4,0
3431,1322256600-a7d6348e240a70f6625155883b2b5f08,0
3431,1325820540-1aa81db3a3801b4dbe47c58dc947adcd,0
3431,1320428160-79feb5195a31d6b82d815d308ff10d44,0
3431,1321984980-1ffa5542e5c7ecd16ff04cbcfcd8f361,0
3431,1324497120-ff0f610e799b85f32f96f2df6845bd8e,0
3431,1324157400-1a0f19a41ccc5134ceb8aa014a72c14d,0
3431,1327976160-bb9ccec71b16e144f11a82617627c2ee,0
3431,1326167940-0bbb5888707c0588fb77105741df9ad6,0
3431,1327926840-d4b96daa74342a0e56f4ddc84a4c57d4,0
3431,1320887880-f8f8b783bdc13097f5b45c56bdd29003,0
3431,1325594880-9a7a62e482bbdf85b7bb6bd36de93b39,0
3431,1321444680-1856bd6990d6265979d707ddc1f150e6,0
3431,1321870980-413033db335319ab172eab375d3a327f,0
3431,1325701560-0ad4fcf5e185ef5162bddcdcc9417120,0
3431,1323158340-951472948dcddd0a9d51b65e603423e1,0
3431,1322599140-f2eabe3c747ce515ab54c7c5f1c1a6be,0
3431,1324078320-0282f550aefcf0ab7d063ef224ebe95a,0
3431,1320655620-5130bc7a1a8972073717d02ee8f00c70,0
3431,1322219880-021b0f4adb45e5090f0fdb793bacbb87,0
3431,1326484620-dcd0576e8a00759f672fb43e01f279a6,0
3431,1321886400-f91145257425854c2e3a654cc261179c,0
3431,1326288360-3df60c3158a7ea9cec6e671b661a0610,0
3431,1327635540-d0efc5e9f7bf00c3d67ed1311e822495,0
3431,1325647140-a874b2b788df4a840029fc0ee324ef18,0
3431,1322729640-dae37bbeb76c71e130f2eb3736bfd57c,0
3431,1328055840-ab3ef709dd1d0521117613e27b8bff11,0
3431,1327090620-fccfe7594e358d0adc8bb6cbf0fc4470,0
3431,1323259200-b1448d714f5e42b320051a2f014a3a54,0
3431,1327962000-443ec2137eaab3e9f843fcc94d87deb2,0
3431,1326618060-1e9413a9f168aebf0173d1623797bc9f,0
3431,1322078820-0e610e21da784a3034c5a8bbe640fd80,0
3431,1323211560-16f5bb8ecf4918cfa86e017f2103ab60,0
3431,1320708720-d739ecb7947623c66a9ad22dcf329b99,0
3431,1321742700-d0266dce52db346bf0e51a631622547b,0
3431,1326318000-949ac050db02a59c768042983e4ccd67,0
3431,1322184600-2fbd9b1ea2fc873356b0bffbff962d6b,0
3431,1323444780-293b84c6731f81d938bba0561d54c9d9,0
3431,1321764720-c98ff5f9c0d23ba827892fb8d91850e7,0
3431,1326940200-97c63f8017a252bd3ed2cfe075f126a4,0
3431,1321745280-ff348236c217543bdc1d16d24a743610,0
3431,1321075500-0acba2f4c97c9c7e0f1867f1b4dee631,0
3431,1325511000-dab7c7d7e502c1aa86ee1484f8d713d4,0
3431,1320440760-c24332579a2c1b17a14a9053ac4d4dad,0
3431,1327494600-32fb24cd2e60ebc41a17fae5618d441d,0
3431,1326313200-406e9197110b2f070f45cbccdbccca38,0
3431,1322233080-0afdefce9ecb743185be02a5bc81764d,0
3431,1326856620-1e287d8cc655dcfdfe1cf387932e55f6,0
3431,1323773460-084253fcae66c73be2be53a53408e6cc,0
3431,1325726460-9ca42cda46d040c03fe04c5121aa5e3e,0
3431,1326136800-6030fbc5e0e943a3fb5abb99c089a5b1,0
3431,1323191040-492e417258efd615d805d6005327947c,0
3431,1323799500-dc2e7f2e26f5f51eaf6c7b423972a480,0
3431,1327192740-6320ebf9a7b20117adf6d5ae3f54a756,0
3431,1320972840-bcfa4acf081e282133769a2cc45ef381,0
3431,1324331340-ce204abf9c5cc6e36d5cb048474729ce,0
3431,1321222920-3516bbde7bc8a599f84179a7ef4d3af5,0
3431,1326744720-b8223a5b8a6b6f50a76ee7e69291809a,0
3431,1326153780-8a01e28a4b681367116d67bc94c31ffa,0
3431,1327611420-07cca91f48aaa3fee106b0d3f2071d52,0
3431,1322137860-607a9503a37b207a75649196a6ec3453,0
3431,1324515000-918385a695e71028ef8f8327f9940992,0
3431,1323481860-f7569eb9f37ccb601d8ce41148270c82,0
3431,1327018320-9fd3ddba808f131ff1eee8db35355823,0
3431,1321649940-48aef90a1517bd19a861a9d3b5b0f6c6,0
3431,1322621040-bfe1fa61d4c9855e214af1f991f2d02a,0
3431,1322018520-f6b2a0911f76f92bdc878a608b6cac6f,0
3431,1323131400-545fa189e423b41facd8ab902f5d4c83,0
3431,1323194520-b64c9c59cee3b726ef610dc0d61e1a64,0
3431,1325036040-19c801e85e62106755c147c4c9e6c014,0
3431,1320433380-54c03ec503a0e6c22e32ff363d81415d,0
3431,1322610180-a9ab464b692cbbab996a7edf1f29c594,0
3431,1326484620-8a9e55bfdf6a84211682f505f78031a6,0
3431,1323302940-7a742172c23f4269712576625799a3d5,0
3431,1324404180-2f7545c17b633c992eeaebcccba2447a,0
3431,1321891680-6669e094fdb222e51ba0cf772d791c77,0
3431,1322063220-52af27440a1e84d78451b1e48f62ad97,0
3431,1327668300-0cbc63cfdf580613078c47149aee7cea,0
3431,1327344360-f5296162a1468a7b3487fc4d62fb82b9,0
3431,1321555980-9f0ea65d5fd823b39365952f9bc1d732,0
3431,1327493220-5b03199b1ef53ae04d6c230fdb8bdbe6,0
3431,1322875860-5f0f16deb30a9525a7eff6439e8166ae,0
3431,1327579740-12d5d7eb461320a98b91b4636cd8383a,0
3431,1325182260-1692e5776deab281d5076c8f8edc3109,0
3431,1328035080-06f163d93e533ff9159abbb39f0f0137,0
3431,1321620180-6844e9b71d62c39171ab7c93373ae512,0
3431,1323464340-6e41a36bfff55b13f26d59fafffc6f51,0
3431,1323889680-9b00114ef6d2be56b558d619cf2a2246,0
3431,1320915480-02917f6ebc8cc74962d8f98197e02c64,0
3431,1323294300-fe236ee41d9ad3c70a7222c2fd608e67,0
3431,1323213960-a2de4ce431ba38a168155a6a4a46a693,0
3431,1322582880-141ed5562bc888b8c4c8facde2badb2f,0
3431,1325705280-9ec02dbc852ab93ed79e39261506e16c,0
3431,1323479400-f626162119128289259e5d4bda3276a2,0
3431,1325593200-6d2a0aec1edeb638faffeee31a7072ad,0
3431,1327521540-f3b624f996d53a284bb344bbadbb0bac,0
3431,1320951840-442e095d180dfbdd8ba25e756cfe19ab,0
3431,1321225800-03c1f91916abfb7c46088f554e823486,0
3431,1323780180-4936c2be0d2f769a9e4857ebd9981507,0
3431,1325805540-fe33dbedac603164104526c79054bb70,0
3431,1321663200-dcbb71e8aaae75f4fdcc3395a83ca0b9,0
3431,1320934260-414b26b0e993bdc46b44e7e648d3ec0e,0
3431,1320958260-ab7d29d3c5290cb24fa23875072e54aa,0
3431,1327023720-6e2ac9ca1c761005c7a3bce701f097cb,0
3431,1327119720-6decc80e1c7a3e8ce27f4040bde7ee3f,0
3431,1322229840-f2c790bb715cd9c6b3c7fdd72776b0d7,0
3431,1320958800-2dc75b42716f14f58d236d2825818e65,0
3431,1325888040-42af59f44debc9bcb3bf04e91118ce46,0
3431,1326918600-5a9a1f8545064d65622bf4b4485cec96,0
3431,1321875780-718d5ed2143a3eabf3808530894a8ba4,0
3431,1321314060-f33d9d5dc24b007e44c951db616ead45,0
3431,1325506380-d87858211aded796dca28c5a1a7538cb,0
3431,1327488900-5f9a1da91967b232023b685501c51bcc,0
3431,1327696140-966b049a15a1ec6c303409d181044dfe,0
3431,1323489420-aa59b41f58751e162a7226115dd70681,0
3431,1321378080-305bed451ae8431f4e92bdc281d3c739,0
3431,1325623320-fcdcbc899166d1987023bb920ce717de,0
3431,1322854380-db916b4895f9b569dd38551078b73346,0
3431,1325709960-5897398757b4d9bffe29be5b6df8729d,0
3431,1326141600-5e014a74aedb7410eb7fea2bfddcff74,0
3431,1323450000-64cf226ea8cd91cf47b83ec91231a166,0
3431,1324431000-f5e1d51691043bb85269645f38439635,0
3431,1325457840-dbc4fc80955f1b8f1a48f026ca487195,0
3431,1327342680-82f9800f117c8b2b924fb191fb6481bd,0
3431,1328022000-659addd14127a7b07ee3ed801dfb47b6,0
3431,1321563240-33b7aa8ce1880a765614bb1ac5e71df3,0
3431,1321664760-5b34e79a87e8c2958c1f7d97ee8be02d,0
3431,1323702960-66e37184c766d32ac43f636534b72148,0
3431,1323884100-0f748e8e05b3e35688ae28528d1cecc8,0
3431,1323384960-bb5d9294ff0d80bfe1f27e244d2a0834,0
3431,1322598780-26a2fa687f5ad13f454f0e4fe188a228,0
3431,1325639280-633aeae8e592c3376028bbb717dcf752,0
3431,1321455900-9e57be8d2102e4933bb8456d239bd918,0
3431,1320418980-b7b5a90a3962a984881a23b408817cd0,0
3431,1327597740-683b5b3e31d3017b3c06c7d61066540d,0
3431,1327068780-872f54e20c4650f1d4f8c481192424e0,0
3431,1321950960-803800c392414fb440b50a3da13c28c1,0
3431,1327945200-6f291c85f18cda2ae36cdbbfc9ac1b4a,0
3431,1325871840-92dfc56dee28138284e2d32b42ad5d35,0
3431,1321312440-8f02f25a335985e5ab9903679c0a2d30,0
3431,1326830640-d4461706a3c8c94e30b13600b0deadea,0
3431,1327888680-9e99c3b0cc8f2a0d66618267720a3a71,0
3431,1326718200-391797b07b915a76a10e4200e99f2201,0
3431,1324010700-b623b8a9853d2dba87e7b91980292475,0
3431,1322632800-6c86ab07f2ddaccaa9ca68b1f3ddf8dc,0
3431,1324061160-223df4922d071c52e137513d8ad2672f,0
3431,1321384860-96697bb7833773a31422d0d8b55027d1,0
3431,1323316740-6660fde35f19d63e5a58fe586d7c3396,0
3431,1321119600-a89421a2e5b62b84adb806ca372f9f86,0
3431,1323482820-f60b05010f2d6161f857bf12b451cb67,0
3431,1322094300-029ca369f197c553c8b42f83870bdd43,0
3431,1323477000-120a9141adec6c080cc14f4948d777a8,0
3431,1325608980-23a8d405ce11d700d923a3bef14a58e7,0
3431,1322795580-51a196039fbab5eab396047727dfc7c2,0
3431,1322543160-faf40b7cdeec73d60b24f4c49e6d904c,0
3431,1325884860-de0d09f77f4ec74f7434a65b7c6ae143,0
3431,1327498080-73be46c77f68dd50da33eac200d5090f,0
3431,1323288720-1284a2be7ce5311e427abca7631532db,0
3431,1322876160-c8d038eeab9c3278e88196a7d2619fef,0
3431,1325694780-d691609a7528620add6fe751b5a33122,0
3431,1320433320-4fff15953a6f2dff017b1c452463e082,0
3431,1327530480-d1de5980d9ef8377e9de411e6b6966ef,0
3431,1327597800-500821f9d6006db7574b678d33e10a42,0
3431,1327262520-f1273740c1f504ad4c4ad45d585e9ec9,0
3431,1322266500-9fcea2f14b5d5e0cea78d7937f625965,0
3431,1325820540-6e490821753119affdd6ab94a34352cb,0
3431,1325777580-222fe3a7a102f91f0b83c94f502e779e,0
3431,1323133680-ad0b252e91ab9b9bf7012321c1fbdc52,0
3431,1327967520-a52cf034f02d830ee3063845f3bc3572,0
3431,1322662020-93293029c38ad580a2ff01e9d91158a1,0
3431,1326408900-a1901436652b8644ac9d78c73f63753e,0
3431,1326975000-2e92fce842d0538307f195662d354f4a,0
3431,1322902920-f8ede751503ba1c34ab475d4cde5565c,0
3431,1321811040-0bb1ff2c3d7345a44c80faf8155e219a,0
3431,1323896460-9c3c48bdceb6432d7138044b1ee718cb,0
3431,1326142800-7bd576dd55fa931f84bcea58efefd28f,0
3431,1320964620-ad08e08cc624a91451807e67d74f7b7e,0
3431,1321012440-3e49f4057857761402d2976f5504299f,0
3431,1324311600-a1aa441d47d7c3698715c66d531e0740,0
3431,1324446840-c71b76f1a91c15ae7a886ea5671ab63e,0
3431,1323802560-10279774a3efc93b11c80637807f12e4,0
3431,1321137480-b12c41e326bf90c1c14464afbb3e721b,0
3431,1322445060-ab9fe52d162751ccac6081557de41988,0
3431,1320413100-af03e9c6c11ab742b4e6f506b4ccab75,0
3431,1322887020-9edd50c069d0827a01b2a4552b2fc941,0
3431,1322608320-df89605fbc987f206a15ca3770a18a03,0
3431,1326367860-38db508e4636a39a38161fe59fbf11d3,0
3431,1320697860-8f060a59d0bde345c41c258ddbc1ac9b,0
3431,1326395280-da5ed29911e98345c94bca3f6b59a12f,0
3431,1322032260-84ca721e7d78132f0e5a1430a7633c15,0
3431,1320943680-d864d05c93d39ab01becbfbc4bb2e299,0
3431,1321435380-d081e127cec659f0adfb12f2f151ef89,0
3431,1325860800-27ea93b06c6efbe93cfaa2054bb7a4fc,0
3431,1320861180-50fced17277caab00d592a431728d727,0
3431,1326135660-7b533b62395f03c174406ade85d5a014,0
3431,1327162200-9d89d7aaba6fb93839f0f9b63302596c,0
3431,1327600680-d10d7366f38296431d0285e5779448e0,0
3431,1322824740-9c9aae0f1e165ecfafa0164a9289031f,0
3431,1323718560-df1e9c3fcc5fbb774369625d773c002d,0
3431,1322073000-b783590dc40c303f720d1902f7a24a92,0
3431,1326919800-c0532d69d404edfea1c8be3977a25b2b,0
3431,1323821460-752e4ad0eedaf80b7c4a4a9817e16318,0
3431,1326492360-d00450dea453312b3f2e57bfcf5561e3,0
3431,1326815400-897131e85af14bf8c3ee7023715a8edf,0
3431,1327695960-d65575a83d562397c9179cc243ceb064,0
3431,1322070960-7dfda0dcc96d706a9235f1032acbd798,0
3431,1325501460-3da8f856e486927731038d68b40558b1,0
3431,1325795460-97168557a4f8b8ae342551206dc0811d,0
3431,1323995640-fc477262642a9581a5096a8b9c707146,0
3431,1324427580-3af86e32d253d3f01497d1568f85137b,0
3431,1327921620-a48edcc5e43235fa0721aab3558ae929,0
3431,1325706300-8c826116a160508385f0e9925a69fda1,0
3431,1321289880-187fe49a5e9f36da7e00b82629fbcb96,0
3431,1320465660-52f0598a292f43edc255cbc20e3f005a,0
3431,1323787080-a2c4b7fa78bdc8591411c2ee88c691e8,0
3431,1323468600-94f23bbc72dfb913d21194abfe8e7b77,0
3431,1320698040-0bbc4221aaba924aed1cd5678fb4647b,0
3431,1321655940-9d0bb9a8a2f7edc6f0eef08e4c299031,0
3431,1323467280-f70c2598f7f3b2af9728d116f47bdf5e,0
3431,1322179320-bcc672a3cfdb41580cecebc9c22f388d,0
3431,1321706400-77e7227c36e4100333143afdc434ac68,0
3431,1323136740-58ee69369a151a73ca01254e6d2d3102,0
3431,1323264840-50a0fc5e4b887deeffa441939dab8639,0
3431,1322012340-250be3e26fc562985784ff0186285976,0
3431,1327502100-c793b3913fad6a3eadecd269539be25e,0
3431,1320196440-c1325a63cc1b7fdd6edf7d2337473ed4,0
3431,1326818880-66751781534917888b1189f52ae05955,0
3431,1321472880-0ff13ca65efd550efddebdc1fffdab1b,0
3431,1326979140-30cd2dec1d84c85d761c250be2b1a7c6,0
3431,1323016920-396217dbcdb6a48568f0a249ddda6a26,0
3431,1324772400-02b67ea2a78d17a0ea9b3771afe5df3e,0
3431,1323473700-ae52de95e6a5d21177b9d43c240ccfb3,0
3431,1323148440-7df9915b064914ee02c20a0c47c72f0d,0
3431,1324388940-ba365014dd9bef61a4b1e3a886d76124,0
3431,1326793740-8606c06e90f38c28f63dedc7d0e7b68b,0
3431,1326969240-2716c6986d67bc11f67a14b5148964f1,0
3431,1322611080-839fc36e8457f99330ea4f5fdfe6d256,0
3431,1320439500-9048dc7f3fe9bc93264efc5368cb6e2d,0
3431,1327627380-7b4e84038f5f8fffd358a672a5722854,0
3431,1324620000-2b460cdb4e92e8e224e836bd53e5af04,0
3431,1326534360-02d41026ae1ba211729cf8de2fccbc4d,0
3431,1323717480-f14cffcee3cdf5f3180496375e0d8d75,0
3431,1320951420-4966a58e3cc77b43afe93dd3c54204e7,0
3431,1324691460-4221db24ca731d563e49a1403726799f,0
3431,1320866040-922c32e3aaf9b01f5b8c27e9feca0d1f,0
3431,1320946140-50d5cf7effeb0061ad07537b8593ddb7,0
3431,1325076600-37ad751e30eddd617aae8dc3e1bbc65d,0
3431,1327954860-7204fca53bc8b4f8ca51c81400fd76e1,0
3431,1326054000-9261389ca851166531879c20be16d49e,0
3431,1321420320-43a8d428d5f0d9c7176b29716ca8367b,0
3431,1322366460-6efc7f59905bf96364bf6ba3c2dad8cd,0
3431,1327531200-8d43de2a9f83c98e62d0d3478f643b3f,0
3431,1322179200-54371097b9a8770186efe592b2f5877e,0
3431,1321044180-d18526585c3ea4a1f30f306e58b28d1d,0
3431,1321879560-22fc4c986e86e4bef129a43310cef9f8,0
3431,1323199620-df4833e3bf1cc8c45a02e6c7ef1df85f,0
3431,1322094000-4424b58f1a27fdbe641a478f97fe0df1,0
3431,1323879420-2bf3d6931e110f4dcbba724fd44e392f,0
3431,1323332040-0b5fb332b59f2527a12502064be87b63,0
3431,1320431760-1cc69cddeb0379d6695e2afd2ea8ea92,0
3431,1322109000-a42c3e013b0d70943cfdf1fd9d6eeae1,0
3431,1322070660-994a44532122cf8d9d524cb2d938312d,0
3431,1325715000-b7108940929b0be70602f0665082e254,0
3431,1320681840-c4665e03d5a9b26c4bec41aad50f5594,0
3431,1323201000-c6727fd92d985b0097339d4761d50fdb,0
3431,1320719520-13a2e61954e361ec59007908cc6647ab,0
3431,1326558060-2d7c48f5463c219e8323444faa4b59b3,0
3431,1324570740-cd66e39db7bcf0b293ebdf3e22e1e268,0
3431,1322018580-dee767b571ce8287db7c7fbeed388a30,0
3431,1323095100-6adc7220a1d0d365c33f9843e4bbadcb,0
3431,1323683880-c349d429092458e47e4b2ce466fdf3dd,0
3431,1321007700-af82df4d487d7a1e0eceee4d091de4ff,0
3431,1323127800-d56e0233ea323616cb07ed006c8656ea,0
3431,1323548460-390fef1774daefab2a2c81eb79098aa8,0
3431,1325699040-9cce4722812a77c62302291138aa9c78,0
3431,1325795460-bc890d921a931b769459ad86cd35806c,0
3431,1323539640-fddd428bb10e3f503fb12bd29257f0d8,0
3431,1324415640-868b5726ab4f4c9516a28df61730fcd3,0
3431,1320107460-dc62fe37b9bdedfd5a998f274f850ed2,0
3431,1321910640-2d7e8989c76c692c3f15b1c5bddbcd5f,0
3431,1322267340-a6ef6cccf4211a7caec14d817b6ac659,0
3431,1325794980-7ec5cecbde14b7a30b97acf4e5f65251,0
3431,1327961040-4b95e3c0474e9206116366e7d000453b,0
3431,1322605020-61cde387c5b531a83ec0391365bd4873,0
3431,1327994820-96ca564afd2125810dbd2e60ed4130ff,0
3431,1327702740-2a409a046b4f3f6948e7d7314a97fed3,0
3431,1326902160-d268842dcd4347e5bc11fa9653f839b8,0
3431,1326754920-76333cd8c11b7d45d480887adfe85323,0
3431,1323453480-912d3d7453812b9dd105c5a9fb6c309c,0
3431,1324437480-6f114eba39f3159d13613a32b84cf28e,0
3431,1321278660-87fd88093297684fe2b794b6d6bf6df5,0
3431,1326903060-36d4f6672bbf515ab2ea1a32092fcc5b,0
3431,1322143800-17f8c4d801b6ceca9ab8fc965cc03943,0
3431,1321812000-7988e2f8d3bce41522ead794103df81c,0
3431,1327621500-7f64f349bc1c539f1b6c2eb62db5232d,0
3431,1320328980-996dcb1e1fa6a41be1b1e759046f848f,0
3431,1327618740-9ab20f80118ab2e82b10a5f3a1dfd2b4,0
3431,1324677600-30b76786fcd56ec4380a23c02f4d1a4f,0
3431,1323893520-274688a74b6a018f7545b513509492f6,0
3431,1320416880-486409335cba445850f3fd8e9b56d1c5,0
3431,1326585780-d620125329723e4df7109578ac011aca,0
3431,1326828300-8d56fd290a6e286a7ca973256d3ec2bb,0
3431,1323703740-93635297cb1820d85093513bb9ef1cd1,0
3431,1326808860-1e848c441472bc1d42605cd5fb0384b5,0
3431,1320895440-cc65895a33f9cc41c161b2fab4d8511e,0
3431,1328050020-94b0dd89bbcb454450710949073d89bd,0
3431,1323467460-04886a5f901fd2f9d614c600098f200c,0
3431,1326480300-c01715c887b21feb8e080d71112e8867,0
3431,1326310020-22321e56863b1dc1cb24958b676ab985,0
3431,1324076700-97772393a893a44fc22c5799f926ec2b,0
3431,1325722980-82ff1a87adacb3dc56da9fd6f7a0e0cd,0
3431,1325036040-99daf3302a081131bbd4d9cbcea45d79,0
3431,1322899920-0ebb0bb55888d8684c7fd3193ca019bf,0
3431,1322175900-8485638e42d6c28d2589c8c7ea107273,0
3431,1326388680-97310b349608db40acfb1153dcdb25ce,0
3431,1320414900-c0b66c15244346990e3e3e34820f98cb,0
3431,1320413100-bdf003d6a07f0130807c4c7fb105027d,0
3431,1322900760-d85d05e94bc833d9ca7bc721f56da9d9,0
3431,1321319940-3dcbb962d6e6232470ba627dc5501b28,0
3431,1327958340-85991b4c62e3f0299db36323ebb9db50,0
3431,1324146840-9b58b81717acb4f0aedfd512065b8482,0
3431,1320851520-87a0573d7fb47a12be4b8747dd8cd391,0
3431,1324065180-df4da641957bd2c2728f36c3776fd59f,0
3431,1325770620-65809a354c7fd27c2d7f0d4f60d25948,0
3431,1327474080-81b8ae3d204d02e269197999c1405ec7,0
3431,1323910980-76bdc90295afa78f6b746ee934cb1a71,0
3431,1323482820-4e071b6f086533330f67e20915b0f21e,0
3431,1322483700-4ac728633daaa25ca4e7b72e13063f75,0
3431,1323994680-c01ee4e0e9544acd472258d03775bac9,0
3431,1322243940-1d7d495be2a07b5790e45de7ee690f05,0
3431,1325619840-3cdd0d83b7811f6e4e0bd088e6fee040,0
3431,1321674300-13a449fa4703e327b4dc58ddb320d4a7,0
3431,1323827160-4b177846adeb1c40de38bbd988a0ec34,0
3431,1327054620-7adde50a744368607a9ae59f5887c387,0
3431,1321833120-fd9437b0ce4fd72bfa5ab51de62576c0,0
3431,1320192360-403d6ba90e82fadb47bab5c39f1eaa0a,0
3431,1320418680-681aec17d838356df1635f2e7607fa9e,0
3431,1326321540-7e6ba180061c2baa50a7561372c4cdf6,1
3431,1320230100-b392cc6b60768842c6006c32d2d39f98,0
3431,1321483500-73fd779f309cb2a15baa7f8b5fc37017,0
3431,1323384240-83e57aa465a01073af466c7c2f6d1a3b,0
3431,1320879960-320a6920c2a4bec458ea6b1f62b9cd54,0
3431,1323390480-5c4c2d2088b5f9483469384dd6b300b0,1
3431,1327959540-1068a36becf57b5559ab160da9a94ee3,0
3431,1327323540-62720eb6734f43fcdb180aff08324f67,0
3431,1320932100-1cfcbd54352965dde2ac64ddeba1935f,0
3431,1322219820-acf4962dc25eebfff3f5499b45012607,0
3431,1322154540-4065b8e82eb36a6cc55e25b701bcd83c,0
3431,1325288040-d055dc5e711e07738a9b6fd14f5e5e93,0
3431,1326937200-4fd5e398da36eb55315afc073a7d8036,0
3431,1326574500-8d60cd440234a90a52c15b88579790ae,0
3431,1323879060-6bf9343076af33072d975b7a4c79ddba,0
3431,1323149640-1d387d50b0894dfb7758f623f712b96d,0
3431,1322158440-0d95fcf0f9a632edc10b906564eb7874,1
3431,1322105220-58a938a5bb47973fe1722e39b02d793a,1
3431,1322149440-81090e043ff5aa106c3f695b9e5b0c8a,0
3431,1325834220-5e09ec9955a195dda3730c5df0258ca3,0
3431,1326818100-db4585e0da2a6152662392f7c88246cf,0
3431,1321796520-661cd4850fad9fe9f4eeb8cf5029da92,0
3431,1322070600-11ad95c47fedf23598075bffead030f4,0
3431,1326917640-0413a422c42c012ee91b7d84b05d21e3,0
3431,1322219880-f9cf9136109343f5d776d010a6e2beeb,0
3431,1327026180-253b1fcfdf3f060ccde1120cd68327a2,0
3431,1320127860-97a8b514c8c9c55c0748c406b56b16be,0
3431,1324408920-b853ad5e453ad2b1a64d8971db0f8584,0
3431,1320839280-0f836d3bb847a38dad09e5f9c096a60f,0
3431,1321013040-1c67f4e5836eaddbb65e23edd99e71fd,0
3431,1323359160-dd40eb4e8b79e4be035fc8c81af8e199,0
3431,1323828660-8a6f52c712c9d8746b6bf58fcf39e2fe,0
3431,1323451740-de6a695f5a77bd14c9876744f45cfdf6,0
3431,1320494040-f89c9741d073c65408afbc78f693565b,0
3431,1327694760-d7868fd3df96dd6744c9ed3c4f110b69,0
3431,1320878040-bd72643be727de812dc6b634ae9a3878,0
3431,1321875720-ce672d718c162d025ee0faa796e23a62,0
3431,1321319220-5044135eef94e3076bb79f0ebbe2d174,0
3431,1327991640-f2f352b4e1ab776ad04bc6af616699d0,0
3431,1323380880-f60644ae8c6e967798efed02e5a98bc9,0
3431,1322914980-690f33d45b08cac5ea3f82b2716462cd,0
3431,1326319620-8f1463b4c45ac899322daeee1249e2ca,0
3431,1326906660-f5d8efe6c2c39ac9bccf91d894cc4c5c,0
3431,1323213960-27e8815f63fc791b42113d981c76f15b,0
3431,1323798540-bbc37a0968210470e12972672ed94c38,0
3431,1325896380-f187e0cd22191b86bb003abaea99e476,0
3431,1326397740-a7bc90218808b5dfc9cce6c83e42c2bb,0
3431,1327427700-fcb6a7ea5ae900a4ce8e7d8e3995fdc5,0
3431,1323202740-a11adaf4b101aa4376f1b712335b5c78,0
3431,1322529240-5a4d377fe46af832b484b159773bd815,0
3431,1320547800-09520e01e13391a77d5b6be661df4ad2,0
3431,1322869680-70982ef1d5ccff556256f11ff3581cef,0
3431,1323165000-3276e87e8d4221d0402dea5879b9ae1b,0
3431,1327495380-c4e1747c091521d2e0a1d014379549d3,0
3431,1323200880-f5aa2bac4ff11d3edd5f732f016dced3,0
3431,1325046720-707abe47860ad31d8453b4d2eff51d0c,0
3431,1325726700-6a52a41c172fbc80be793e6ed339b169,0
3431,1322075520-50663db8e7334f50f896462c283b91e7,0
3431,1325623320-a7c90a8f240ba58007c27a4c7ab3ad6a,0
3431,1323095100-8d3cc49c87ad444f48efc0ba24f20de7,0
3431,1326472020-d824f9c1215dde2cfb215068c73c8a8b,0
3431,1325506380-2d9bdd8e8bf23534e18f284009e2d5d7,0
3431,1321959900-9f79e3e00b6ce342b86faeabddee13e9,0
3431,1323126720-6b0994da2490548afb02680500475a3a,0
3431,1322063520-5ea835f9decc0416de1e9eba488849d2,0
3431,1325106960-7f2f3284d82386208a6e408498e20434,0
3431,1327966620-8e4f2d9bd6d06fb22b98d064179336d2,0
3431,1326898260-4c9a0c93e2702ffdc22dfe5b0726bee7,0
3431,1327775520-63384f81a8523ba60fd67b9bc68702e7,0
3431,1324343280-9b6140fb891bb0e1ec122497bd520a81,0
3431,1323042000-764cc4a53fd1de51a0665fc54bf89edf,0
3431,1322097480-cc10a2dbc4bf7d3384fd53bacd3cee23,0
3431,1323400620-3b9930ebb477dd9a8a4f69a7bd4e29a1,0
3431,1323107400-cc0f6e89aa3b493cf925a0ca0f9a810e,0
3431,1325246040-665ec770c306d8fae240e90f0288255d,0
3431,1325868180-fe2a9474c514a84c0169830188cb6a3f,0
3431,1320429540-d672f02ad2912f0146d09a54b44af555,0
3431,1322875560-0a205818169d95e87dd71a4bbbb7d68d,0
3431,1328001000-541ec38bfa45ef30e030ef5f25affdc2,0
3431,1323351180-82faed787decfe3fdae71d0188133291,0
3431,1324582200-da1363b15d4fd2784a3295321ef001f4,0
3431,1325628600-ff94522d98ebdf76cf1d45c61b936b64,0
3431,1322685000-be7fe218a36cd40ac393da6c6c45508c,0
3431,1321810200-b00c0f0c00e438cfa1597bb5f882ea10,0
3431,1324620840-f91331718041122dd72a0422ee28e419,0
3431,1320515220-4a3af082bf5f213800a0ebb6eacf8f46,0
3431,1326054000-7599b5ec3cae1306a7ea25f2558f0da2,0
3431,1322534760-5bd231526c11be4b6853c69ff17c58a2,0
3431,1325699880-cd591dc47f8ea8cc84e59c52de9fa3c9,0
3431,1324551900-c4d058e18dfe14ed806e4467639edf0b,0
3431,1321482540-23d761763dd5faa0bced8582c038df10,0
3431,1328035560-465e2685c5dd65aff338103090da784e,0
3431,1323777600-79af044e97b6495a9d5ddd83992591b0,0
3431,1321223100-60a6aea6519b5a8f308b303691209375,0
3431,1322408040-d3e44b6e9c3192ae0d432c4e0f531f46,0
3431,1321323660-b4e1009b7484f20b51d7aa595c0efc77,0
3431,1323119700-d2f9862c039d608fb1001ea831c41490,0
3431,1321594860-6216bcd3490f8675a6317dac3d0df70a,0
3431,1321190580-2bbcf6eb746cae4f04ae904bd2a7af4d,0
3431,1323482820-5e0a489256c2dec01698aad01f878ac8,0
3431,1326777660-24b7f5cf4ee7c17389d47d1be377540a,0
3431,1321014300-7574aec122006b8f8209c00f6a6f1718,0
3431,1323249540-9551095c2a25998709bf931b45542a6d,0
3431,1323183540-63c80cfca88ff268f865a44d86cb1412,0
3431,1325517840-5b0168cd5aa6e6368698ad5104a1e5f8,0
3431,1322844180-a5e394869231df575707497639db5961,0
3431,1325710260-22a42e1200263039f8f94dfe49fdc232,0
3431,1322294100-d524720261bef3d567839d38872bb02b,0
3431,1320348540-97ed263f60393eb26e304bd31cb8d633,0
3431,1322267880-9c7b6225b799d6c0bb7cfbeb76c60736,0
3431,1327931100-dd35344d63878794edfde1d6913e88c7,0
3431,1321917540-28c24d82c8877550ae4babfd2a981a4f,0
3431,1326109920-58d44d6797dd69255056a37131936557,0
3431,1323056280-07b2a6216b9229450319b9d517d06b12,0
3431,1323343200-34df7a46c538285acc7e0260e47a21ba,0
3431,1322607540-b417de9e927e94e13ec54d8237cbf7c4,0
3431,1323033480-c92da440f0d8836c1b3ca85363867c63,0
3431,1320765960-248b32ca3b303d13dbac0b7954317d1d,0
3431,1323999540-8a451d4fe8c8127c6d4a82d994647531,0
3431,1326818100-1867185cfd21acdb22c1d23fb5377349,0
3431,1326822060-717097e47f4dca4aef910865e9770914,0
3431,1323138240-9c08272a5df4aa13894e21d3e8c18d18,0
3431,1323479760-172d4c4469d76bc123c3ec6b40468103,0
3431,1321991880-94d00038ecd710c5cd1482591ba905f7,0
3431,1321902420-0cb09d97d7cf325bcd93c1d79ffd447f,0
3431,1321558860-521ab6856b91d1247e36afbcf761519b,0
3431,1327933560-8379948b65196255efc6302532280b9e,0
3431,1322678760-7646896f2b8984dba3e59d3aa070606b,0
3431,1323100740-733eddd430c9bf41cecce6a99dae70be,0
3431,1325456520-cc340eeadaa39a7f5dced843e2c63f53,0
3431,1320417060-3651286c8bddc7f8016e49f9007d3bb5,0
3431,1322686140-f7c7387de3922486c4edf60277f56e43,0
3431,1320961740-7c0bda26165725b89c9d7e376a0a1f5b,0
3431,1327126800-9c001e6e76d7a6dd80a979a5a4dfd0ea,0
3431,1323384240-c80d2b10cb50d1cde3ab7bb200385192,0
3431,1325203080-4d1b472af4b74950565b5b4e33810888,0
3431,1326906420-cce5a36c5088963157680b5141fe77a8,0
3431,1323800160-8fdd0291892a514099b701b7374cc7c3,0
3431,1324662060-211fdd25577787a1c2c96273e0a30322,0
3431,1326793740-fcfc93fa1f574dc22454cca44cb42b6f,0
3431,1326883920-a1b8a537e4b2a696e7056c25978583f1,0
3431,1322187720-c41a29f46069b1ae29e3c69b32327834,0
3431,1322605620-2fc176c699fb06c732cf4b355a9f58df,0
3431,1320118860-959b9b2e6fce8c9022c34b2cd2e8cad6,0
3431,1322499240-0c6f006f74776a8094a850989dc349a8,0
3431,1325873580-49845157d4e6088647e45f14da844c9e,0
3431,1327584000-5c36c09efc1dbc8bdf49109c351ec03c,0
3431,1323447540-c4c00ca973ef092301815071e4cbe952,0
3431,1321125900-327127aa038d7ea9ccd2862d3d7520c9,0
3431,1323723420-3735c81fba061247c9ad47a471e40d5b,0
3431,1322029080-8de8f29293e63bb6f893c8d0c6efa4b4,0
3431,1322266440-74224fd3d031d7525687c8f953d3e207,0
3431,1322609220-7c0a52f5438481201ad2ffdcda434e63,0
3431,1324407420-61bec05cb9873b8df0a3222485f46bc7,0
3431,1321985400-d3d6d2a01f4f4fbc33d71c388fe33a31,0
3431,1327494180-6fc75a27a84eb3326c431bb12880f7d1,0
3431,1325672340-7b086de7735a8aef486ae7d2148e5295,0
3431,1325856300-32e6249f1a88a4a41f77bec324cc0e93,0
3431,1324481760-f22dda447ed3db525f7803f0e7268df7,0
3431,1323896040-0d1fce9c9339695c9820c387c33f9513,0
3431,1327608480-d9779306dfde617a094ce381eb85b3ff,0
3431,1320795180-d9e04c5f08c060f526ba446e9a2fbab9,0
3431,1324782120-3b26eeeda50bff3ba468e2ceff420854,0
3431,1323978960-899fb355742cd7c3c4301622bd118b75,1
3431,1322499300-a763ea7da5f8db1a0d03eabc182e3057,0
3431,1326811260-cce1cbfcf58a4a412df98d2d2ba16298,0
3431,1322136300-12f441be8cad8c2799c6dc34d2aee0ec,0
3431,1322497800-1668013fee2a8b812a2f17c96090659b,0
3431,1320474120-935c2ca126c285c607e715dbdf445600,0
3431,1323042240-470110de526715b9834c4f09c3a3b5ce,0
3431,1323183660-6fa60933d9bdf4f9ff70631186021af6,0
3431,1322773380-2aaaba16f86ec919132ffa43f611b765,0
3431,1323740040-063082c0895c04740c842e7d6105c578,0
3431,1323787080-7cd902dd8ef30ca0933f25d0e91ff0fe,0
3431,1321882440-0eab8719b46d4320d381b722e64db54a,0
3431,1325794620-c67a8100890fc0bbf50c35e25ade372a,0
3431,1326558060-a7ca5c7c8fd759e3114db472d816cad6,0
3431,1322163240-7c36f7454fcc15bbeef8af0ea55751e5,0
3431,1320427740-1b978d797f10e722da2bef6985d8cf6d,0
3431,1327165620-6e109667c866397cc523c9caa15c5575,0
3431,1327091400-32b81d1d81cf8550f809f87745ffc83b,0
3431,1320765960-d06f5ced8f0c572f7ddc7e55284b0ff1,0
3431,1322057220-1315fd8b9f84a40c238b20404e8f0143,0
3431,1327122720-2d4b10d48c2970333c4ebae384ce5c57,0
3431,1325390760-ffd4c11a80ea3995e9e833c00efd8509,0
3431,1321228680-8b268e4df8102b05a44c91252b360c38,0
3431,1323291660-5f462939b145ead22e8e7da622cab79d,0
3431,1323232740-0ac61e10e02c841216bcbba9f8467a5d,0
3431,1323416880-2eb46f40cd9d0c1179588c53e3d2fe20,0
3431,1325726700-1cf0a552327bd3ef5366e58af689e708,0
3431,1327633020-62ed01ab0909a288a20891e42eee1655,0
3431,1322521020-669694ae005090738ff0306664768112,0
3431,1327474140-c880c99fa3f9204d5396fd2586748e18,0
3431,1325021940-55f1424bc5b5aa6921784a2cc28064cc,0
3431,1327946820-b410d463318ace0fd56dabbd53aee6ac,0
3431,1326923400-9f2a7bf255cfcda3884b1273bee8dcc1,0
3431,1322090220-1a81a63de561961be1c90d3a35fcf3b7,0
3431,1322711100-94361afba80827c739be980a643a5bc0,0
3431,1326143220-6ac12190f6421fa7637358d64eb35978,0
3431,1323195420-f12dc70621110503c13c5b2754459bd9,0
3431,1325983320-5be94df988117926fc05f8be3141fa62,0
3431,1327604220-bc8744aace1d6d38c594ac4e4a5f9b1f,0
3431,1327915260-84ab5e963309f7f1b1677a4d45c2f3c6,0
3431,1327788960-944c284e81e2dc0ddf8abbc441b7bb9d,0
3431,1322423040-663fec165ab420ad144604c9798551c2,0
3431,1323198960-33a2af0b1b53ac3d041ee71b1cc71fe3,0
3431,1326142860-0e07d099803e007b3be952cd63a3dcf9,0
3431,1322865660-259d398d8d0deeadc1934e8a41f393c7,0
3431,1325499000-baef189cb8bd9ca484bb36b43c9d6ed9,0
3431,1321458120-3934273989d30425dcdefd9867177a0c,0
3431,1321313460-9c9c60da6c7fc43ad3b9eac2a1762489,0
3431,1325797140-d8a7589b03c03d11e52ffec29f4be6d3,0
3431,1325472180-5bb686c7819b67674232dfbdb9e9e09f,0
3431,1327700940-a9abae127040d12e254fd2a4416458c7,0
3431,1325268000-9683406eedd8a9bfbfafc0bb9fffdca5,0
3431,1324413060-cdf7525b110b0b6bb342365f5c77e247,0
3431,1322876160-afa62cc2d6a871a8d3711ce1bc835ca3,0
3431,1320791160-cd0b83e675fae50d3a12140f822425da,0
3431,1325698680-82c611527c2158dd086f3cd1f41de5d0,0
3431,1321665420-fd820401913127a6eb4655ce10f25682,0
3431,1321311180-453b616fc6089a33f99b6737b63173aa,0
3431,1327639080-746151f51b20f201071adac6cab3863c,0
3431,1325187180-03ecaebbfed89cc00b8bc6e698388e11,0
3431,1321392840-6f2efbae1afb30da45acad01e046a949,0
3431,1323484260-4ec149a3789878ebb357dc374bf8d231,0
3431,1324464540-7ed1eea4f49f016bc8aa8704de783679,0
3431,1321654800-69a2264913e65eb611ea8037243e0eb3,0
3431,1326400260-232882f0dd0f8146820b191e12c583de,0
3431,1326660540-c9c175c89e0afdfe9268cc43ecd6099c,0
3431,1324801800-40de34ed45ba4bf9738e5fd02a9dfb6d,0
3431,1327032360-8f5105400db80f779bcf4f578cfc28c1,0
3431,1326707820-ff75b8eaa5c4144bb4d936c22609a4f6,0
3431,1321535580-12c3c1225d505fe0506a9c6de0128793,0
3431,1323349200-a8eadd11a1011b83c3a66300f7232aa9,0
3431,1323399000-743b593bacf889cc177758d7ff69b50d,0
3431,1327578900-cc26362eaca3f6cac28601c025764500,0
3431,1324248960-4ce96d30a42587507b51aa532ca95b8d,0
3431,1323131100-a1b45a6eff11d9db70825f7339249f81,0
3431,1326570720-d41b7e126644b1ccd9aa6496cfc9fb82,0
3431,1320492300-d4963b0cffe0d8533eef3056bdca7915,0
3431,1326475440-7d18ed2cdef266111150e70ba72d6659,0
3431,1326386880-752e0eb55222ac577f01f4691b7575ac,0
3431,1323974280-752df64b85a96e6446036d7c3c311f3d,0
3431,1323071700-9bb8ee264ff119cc303d22e5ec349e9a,0
3431,1328010720-f2ca245f9d70d00656f4e6bb5d6d39d9,0
3431,1323462240-897a69dbcf66be326224f808314b8453,0
3431,1326143220-266b8840493985114e5b4c26ffc27056,0
3431,1322607600-1b4b95ec2e16b89100b49454fe390a0f,0
3431,1320788100-1c8467f918f02bcdfe29ff913faa5f2b,0
3431,1320456240-742dca2956192cc07713f2d3aa4c0337,0
3431,1323434160-57c4693e912861d9aef3f8b950e710e5,0
3431,1326468960-c2c0d207bcd7bb8d4ca26295eb0c4dcb,0
3431,1326108600-b598abd905923a9059eb127acd31cfd6,0
3431,1327285620-b119123d4b926800db7e88cb8fabfc1a,0
3431,1321301760-c06e9c7b3bebc99d587bf030ff6b857e,0
3431,1321929840-9544051dd32e684a47e662c1128971dd,0
3431,1326140520-8f762cbf28f1ea304f0be97f602af9d6,0
3431,1321574280-d2ff3a8096c83d49c82dcc0a8dda8274,0
3431,1320886980-06f0509a7c4fa084579db6473cb4c603,0
3431,1323711000-fde856374c1fe78e0435fa17f1957b16,0
3431,1327399260-8746be81043dc8eb56f5bb9bd0828e48,0
3431,1324599060-843b1426d47d63cb13aa1ec3a211ecbf,0
3431,1323397920-110836e097188c81cbac2e3059358bc1,0
3431,1327948680-6839805fc753a02dae7ec74520e00dea,0
3431,1321651980-c882d64181205796159b729479b18a1b,0
3431,1323115620-c0ca2fd319c55de93af489acab3fde1e,0
3431,1321386900-b6dd3b68d771ef08094cbf413066f173,0
3431,1324661700-4faf2d532a034745fc924478b72bb6f9,0
3431,1327366560-7f0983e06dbdff9a46430b36727a478a,0
3431,1322066760-74624a5e3cce80350f241d2b65a07655,0
3431,1327572600-b7f7ea6811e043a14e021d6ba8d3aa92,0
3431,1323632040-b1173017fc52b0f597c3ef27ce4a096c,0
3431,1323303060-d41a3dd3002669c6b3ae596b338a7534,0
3431,1327029780-f854088eae4cafe71070acc4a0e2bf94,0
3431,1325784060-b595cfacee9c7436e401b9e5580fe520,0
3431,1322605020-c78a124714256b4851f65a535ec6187a,0
3431,1325499000-6aeb90e83d9b8db4f3e1576b2fc6ec73,0
3431,1322794920-b0e5fae36f1086baaf6aeaddf371fbff,0
3431,1321055940-c01a00ecde7285af01b07508bbb6fabf,0
3431,1322059560-cd3e883dcd13c68076f69c54d7b13fdf,0
3431,1324054800-3e45f6e5d94d031cb02fe95fae423c63,0
3431,1323199740-fe0e42a136bf89126ce8308fe1f8baa1,0
3431,1323473400-1ab066251a7e652d4951087009f11e9b,0
3431,1327867320-35ad9937e9fe7471d74ce22e00523212,0
3431,1323987660-703547eed2cab562623d5d5fa8b821e3,0
3431,1327527120-4e7a1380c6cb93b7d1f024603fbfe70e,0
3431,1326331140-6d305a87de3a109067f77d6a52899c35,0
3431,1322183280-ab5489a6f743b6fba8792e59d6777c64,0
3431,1326947160-5c370d5229f2ee88491bf88d6740e3fa,0
3431,1320860400-c14e6c9b469d31600b95bb65d0cf381e,0
3431,1327658820-6aca07cd3fe2663353e011f74a1ee4d7,0
3431,1323479400-84990bd37a570b05033e77ebb3197458,0
3431,1320895440-a58ce4ed641e1b1724ac15677fe02771,0
3431,1323198180-dcb8fca98d63061b21d6e2f97ca1a50a,0
3431,1321296300-df8f75364fc2a3e3fe98fd46f2c71675,0
3431,1321819800-bf732e8bbba26a4e2aae4a010fdb3610,0
3431,1327773480-b06024e104595e0b76000facfc94fbd8,0
3431,1325456520-7cd8a173d638d443c7a2f89bd7db27ed,0
3431,1324175220-80571b967534a259acad47b8c8487b18,0
3431,1326748500-da2b8f63a230731837fb3e5f41685441,0
3431,1324061400-56f125eb220b97561eefd13f14466181,0
3431,1327497480-5c976f10cf9399b753c85d48ac3ecf53,0
3431,1325608740-0720af0ebfe466f819b5b2839495d446,0
3431,1321909620-107e461c9a5517839a0e6c4fbac3114d,0
3431,1322266440-2b356651c3cddd2b4a64ee20fed1a040,0
3431,1321542480-5143fe44ae700adf255397787f1659e5,0
3431,1321729560-3f966e19b5817bd9f04fd769296959fe,0
3431,1322883120-2c8a4963a03659a21bade2bb3afd262e,0
3431,1327346400-fd8a9d33b5811a10e3a74a7033720354,0
3431,1322149440-1175da5a285a658fbbaa2d9a2f82f641,0
3431,1326220320-5a59e508e2bb78117c934d6e82e6e5e0,0
3431,1322003220-c03d4be5fbe127b8c9869254f264331a,0
3431,1326617280-94656c4e64e9e8bc3651a061ad0f173a,0
3431,1321855140-01e081561cc68417a1bae74215272bbb,0
3431,1322872860-99e0c612345541142d4c57622b86444f,0
3431,1323172380-10507342e43ff813ab4648dd3ff3f5eb,0
3431,1321046520-40f7cdfdd7a9f341a9ce8ac0c6efdbc5,0
3431,1322358480-b092dcf03bcd95118b69a429566d7b9b,0
3431,1321532580-fc1bf064cdff0bb463e25c160bf9998f,0
3431,1321775100-735bb3ab0321ba809d798b52b87d38a6,0
3431,1326975540-9dfb7708f1e96f22d6c504bc6e8ff365,0
3431,1327536600-432a7f73c61f3f3f45171c3f77e65d5f,0
3431,1326840600-c6b027a01f174315064e34b990189e38,0
3431,1322731200-6b46ad96d2b23006740f9615dad891ba,0
3431,1321983840-3c5e5c46d673121a833a7e0d9e5ddb17,0
3431,1323364200-26b6a29638bb90ac59f786ad7a64d5a3,0
3431,1322856720-0cff1c0da3ce4d56c5930997e526c330,0
3431,1322603160-a1aae987c967b8ddfa202374b30e93aa,0
3431,1327510020-b61248251cfc5467d56c8d421c3b43db,0
3431,1325815500-11b419231b9f0ec3cccb020620806128,0
3431,1327448520-40c3038dd6ddc928b212c1f304f611c1,0
3431,1322154540-5111bec91c50c42dfc83fd0f1ba4004f,0
3431,1323900600-65d42d9f3749c4df88befe2b970e9472,0
3431,1325136960-60b786508ad6add83eb9593ae6d36b2b,0
3431,1327103640-8ad7289279c8bb1d85b1c8ec498fc143,0
3431,1322264820-81319c49d20a7f540aea8e77a89b940c,0
3431,1323190200-788d3621b0e775d8eefd37e787f29d30,0
3431,1326123300-15f31eb585b14e4a96b22b1de60bcc5e,0
3431,1327935480-88582aa803630b223ee0f56cd28f0bf4,0
3431,1327975980-92ab5f4345342f061fc1c6154741a965,0
3431,1323713940-56873f095a4fe81282ba6841a91d8241,0
3431,1321025400-3ee27f03810adc9196ba5dce900109d1,0
3431,1320961500-70abb623bf42cf4523192f45ffb1c4e7,0
3431,1324199160-d41fa039b080e667df2cc1a83a73ccc2,0
3431,1323135180-cb1f001f884a0d06033e48fbf41845d3,0
3431,1323388440-377d14a2daf9ae00767625964f323ce4,0
3431,1326895260-5a45b2c69d924dc23899da186a5db662,0
3431,1322532240-1f446713978212ad1838356daa32b173,0
3431,1320427680-4c642ef5b2e7e33c94c3f504d656bf1d,0
3431,1321581720-391381d9f8c05261bdc944c5efe1ab4c,0
3431,1327025340-354ac90ca080c4193fe658932925c9e7,0
3431,1323378600-47b857b665bb62819059ac3c83875d7d,0
3431,1326475200-b8ac856ab537f9efc8706b9d6a3eae18,0
3431,1321846740-d996d299260a4b327881620cef9c9276,0
3431,1321875060-c47b3479d98289e1f5f10cd463ea43df,0
3431,1324577340-620788555d38a1a82198a7c0b6c24ee3,0
3431,1324313460-6ee6e1775c1062c1f0ff938f3f9a441c,0
3431,1323204720-bb0a6d9db4ab0a3c7938466950b38512,0
3431,1320879960-63b28b2cdce26cc50469aaaac64e2fe5,0
3431,1323371160-2970f110204705478a8012281b21d1c8,0
3431,1320337620-c06711ac5675415cd17bd03266c93a06,0
3431,1322764320-3764c5a79f55a6e8d0ae6991e05c8790,0
3431,1327987680-fc921efd0b9a5aa357b196e5a43a54ba,0
3431,1326130860-69daf26d7cdfb93d9d95f3d427f963e4,0
3431,1326927600-61af5caa4d4685c17e0d52af45f7e277,0
3431,1327521720-cb429b921d42e1a214eb18e48517dcfe,0
3431,1324754280-d72fc673108efc3f325f0e62438d1c8d,0
3431,1326826260-84fa8a837bd3f810ba091e851a31fcd1,0
3431,1321019220-156aeec8818afd4765f9b6e77e0d4826,0
3431,1324699140-9199a91b86003d140d29b19f7ddc61c9,0
3431,1323989880-5355d02f005a2e7c3c782356af01c99f,0
3431,1324766040-5b9bab07a0f6ab05155920aecc219a80,0
3431,1320311100-4fadaf822f4f43013e8310dc5a4a9ed0,0
3431,1325693160-065958f0a5bf6f54da89cbdd97bb5602,0
3431,1320808620-2e69c37c26295d78ffc88357614ec269,0
3431,1327353660-d512520c4e24c30f229d36e754f9b1b4,0
3431,1321388280-a5b6192dc5701c4f23b2aea10e4b8c3e,0
3431,1323358980-3d0c4ae54fec5fe521d10af43cc1fa6f,0
3431,1322598660-4a0261c597e2067081932226432c78bc,0
3431,1326386880-42b8bcfd03a3490f70c4e404bc2242ec,0
3431,1324647660-0953cfb70a762bc33b3c069559ec43c8,0
3431,1325777580-8b7c08367efd2c34f6ce386f0621f1b7,0
3431,1323425400-a6360272a01dc2ac2b56d7fcf5728663,0
3431,1325900520-f1521f356befbd70ab7bd0e3020391d4,0
3431,1322602680-8231625035d822253d712328ae390b19,0
3431,1321321380-b84e289e2f413d4414c9570c7b6dae85,0
3431,1324758000-57725d5518bae72a29221ce223752d15,0
3431,1326484320-6214f2efa093022476aee2af76e1dd55,0
3431,1323484260-d74d638236a65fa0fc85d7814a316a80,0
3431,1323217440-f5d6476c54ff4687308bf6d648a0b276,0
3431,1322710200-8a267aa8d85205e5e966bef97709745a,0
3431,1323380100-9827e2c4e958809f48fc1449a0c94ff2,0
3431,1325822760-19e50986ce9d55281421872df1cbeb9f,0
3431,1323304140-4cbbdbffac959f28cd89b0143963a9ae,0
3431,1322491560-6b10e944ca639a9ad8c7b95b3fcbccca,0
3431,1323191520-79987f7bfcec7632bafb5c2f29114dd8,0
3431,1325616840-05e08372b51efaef4693a0ac89d893f0,0
3431,1321335600-9db1ca7a8946835b072dfaf9c54d2265,0
3431,1321529400-d27a5e5a3c7b2371089efecd7e166751,0
3431,1324408800-9d51203e5264c3604468c05eccae336f,0
3431,1321054680-f4c2fd5f7c995b1ea935d841609d876f,0
3431,1323845220-2d394c93133a758a87ea71198d47eb49,0
3431,1323302100-d96fe48587a45481600de0289b6ad9ce,0
3431,1326744540-a592d04a012f0b4a35c30b416a7e37fc,0
3431,1322268420-7e10b54b2ff014fb16e401b760f298a4,0
3431,1320456120-3268c1de8396093d0d9c2aa68a0cd674,0
3431,1327001580-87308283dbe2af75b22bec5ced835993,0
3431,1326550200-4c4a636c6e382538215195ab90bdf8bd,0
3431,1326608700-615dc29d356311c1acf0e2c0469888bd,0
3431,1327312800-99ca237582345be3c1a2310d3cbcc4f0,0
3431,1322967600-bf0862c4e44f1dd98adf77a365e44a2e,0
3431,1324152420-29b6ce1620f0f93d5913605a06ee2759,0
3431,1324499100-2bae2141e357f85da7f79729b1ed9b59,0
3431,1326711780-95478de21a9b160b7dff7628425ca21f,0
3431,1321620180-13811830d2994a21c025c41b78950ed9,0
3431,1324611000-a2f040d8cc69cb13d5ddb4fc18e41834,0
3431,1321516140-036e04a66c83c9c7812f2597e235af65,0
3431,1321530120-54cff1975a776a4c973e5142d3db383e,0
3431,1328012880-ce51d1f200c8113ced0140abf29319fb,0
3431,1328045580-d2682bc346762d475f0cb0176c5f7837,0
3431,1320353340-51d9054b22c76454e25c00b605b9e077,0
3431,1321307520-87e156e7e22387823fa574885ff1ce53,0
3431,1327673580-bed4f1ddd50ce624b75dd67185f7e698,0
3431,1327378260-f6eabd74297d17a6a116ed000bac3aaf,0
3431,1326910800-2705c0c1821fe0378eedf8b826dc03be,0
3431,1327499460-4f86f50be2a690ca14183574f1efacd3,0
3431,1323446460-5f44b5f8ca10144625a7ab89f9f5e1c7,0
3431,1324220400-d363dbf1fd1ac2c5cec3e827dbfe3d53,0
3431,1323479400-f2ba8f6b3fb3d0bf8a2ae8bcd065cbe4,0
3431,1323011100-214cec24322d80fcffab49a2a7c5a6da,0
3431,1327641420-2ca391838720d460e39651cc0d004fa5,0
3431,1321497840-5b6e830747e42c6a9f300813a108b8cf,0
3431,1320710040-83f7bd4314a649d9de1ee41dd74da047,0
3431,1321809060-b84f17b7a6472cde203ac0befe911f15,0
3431,1322602560-febc3421747a4198eee88c08cb80fd42,0
3431,1323207840-c784f85bea347d419557a85aefd11a73,0
3431,1327545060-84a3c3bc2387c94888f4252d014a5de5,0
3431,1322563440-723ddb5c76de6eaa221477ab47eda9d9,0
3431,1325354400-9879bb4dd31f509dc62e0e7a536efff8,0
3431,1325814000-27878a5a0154f6b6ca53e67381aa3ca1,0
3431,1326229320-5cf3bb91866ac3c586aa5d0dd7d39938,0
3431,1323727020-cf36849c42acbce2b6599b2af1b34f9f,0
3431,1323984840-2ea10ca0f45332bc4992fb3f1caba9e4,0
3431,1322196960-b8f408a3e1837ee528d1a21c5705a7f3,0
3431,1320855540-a86098e611a9443323fb9ee56d784c73,0
3431,1326338280-51cbbe6495128ce18a4510719a629b59,0
3431,1320858660-7031cb7a80b084edc2463c172fe15a5c,0
3431,1322249880-2168a1efeea67c5566807b5b2e06b7a2,0
3431,1325619840-f9e73d026838549565bca73dfa4916c3,0
3431,1323897780-d678454e1a66096ffd51db89fa128958,0
3431,1327959540-c2be8ab00625e5ebc9549ae9fc4f7c9a,0
3431,1325168340-51c6ff461485291779ab2926aed4320a,0
3431,1327649400-288f5074d72ce63467f1e1330546facb,0
3431,1324696260-1a0bbe812986ab5941f686da990ff1a8,0
3431,1322328000-d9a9d3e457ba8f8eceefb6e5ef8405d3,0
3431,1327165860-ae4755bf86174ef07bf992a82b443c88,0
3431,1326094080-64d8f21e18a7264632d200807bbc44fa,0
3431,1320515640-73c8c814971d77ed722167628a1e83dd,0
3431,1324441740-b31d17c7a5241af971a6a54a91c1ab95,0
3431,1325556660-63714d3428268540b04ba092ae9db97e,0
3431,1322523660-5b2be43e8ab48d7c23ee6890bc8f360d,0
3431,1323305340-1f30d1b08cbaeede47d44bf23f6f4b76,0
3431,1324407000-bdeab5d3070c532a6a7b67b5a1f7f34e,0
3431,1326468960-0e6bdc8d38d212c529a3f13effebbbb2,0
3431,1321501560-fe13a7baf790e4586f0aea8e38a6ee41,0
3431,1326949680-f100af7f0c7a28ad7cb9c6a2b3b3f6a2,0
3431,1327421640-f8a9ebcfd6790487f7be5e827eeeaf94,0
3431,1320816780-785801c7143763aacc25197d468f7832,0
3431,1321884720-2bb0180b2d0d4d65a8116cb4a30c0e12,0
3431,1322869680-7db5907d1c8f1563085350f0976111fd,0
3431,1322817300-559207d12def2c0a78149312d7f9d6bc,0
3431,1327797720-3e838f96673312573e8a170d9c047ebe,0
3431,1323177360-734f08260d594ac1e1d925672446561f,0
3431,1320440100-61361d14d4e251f8c465ea2a6f193627,0
3431,1321280520-fdb26b38128874c717c649d7e0023eba,0
3431,1322261820-caaf6785f0b3c4ceb77e4eddc7412bc1,0
3431,1322662020-2f09ca3080a3cd4ccd5d711608cd8688,0
3431,1321920900-b5d13e000f5339bcc2d6d2ada6fb3af0,0
3431,1323141300-651887fbbc2127edf64aac4e206157b7,0
3431,1326845760-0bce257e13385baeea3a4900ad494154,0
3431,1321450620-625e0efead6e545f5b68833bf787d2a9,0
3431,1323803220-712612c1d27916a034bdfbd48bf5f813,0
3431,1323228540-039a3e9950b881ee28c8d5cdc2d6661a,0
3431,1323173640-a1b5edf666afaa79d9a352b65d77ed03,0
3431,1325398980-10a9da8fd8e88fdb39819d4211b5361e,0
3431,1323189720-2634389d1106c267b10dce123416842b,0
3431,1322179320-5b01a12f2be49567618d8655927ed76a,0
3431,1327927860-a1146366fd7cbf47273c912b63d849f2,0
3431,1320941820-661f176815c5972d6d0693c8a5bc53b1,0
3431,1323873420-784698001f1311c9b38ee860b0bdb56b,0
3431,1323256200-7399caad79ec6ab401eca86c96a0e968,0
3431,1320433260-29c2340b05408562a062e4a1f60a4df9,0
3431,1325825100-5e90c443b2e6c9a8409337ab55383bb2,0
3431,1322300700-6fa8cddff87323a0f45a588edd765c23,0
3431,1323440400-7ad44c854dbe3e642ced59f684adee01,0
3431,1321138980-fb41e6c1af6d55297a5c32ed2e06c0e6,0
3431,1322508540-3feded8019029945b4a4e6239ac2e971,0
3431,1322731020-00f62489c487876a05fac01f2edd33df,0
3431,1323230940-07cdea7c1f44f179b3be774a977d76e5,0
3431,1326473040-bc04653bdf2c536ac7687b5fa863609d,0
3431,1326428880-55b03a3da69b2356748710a87f22b639,0
3431,1322865360-2a60efc1a8108bb2ffa68b50954e6bd7,0
3431,1320441900-216830a15d42e7cce3b38617978fbc2d,0
3431,1325727060-1150d890e705ff3abce03ac41f008616,0
3431,1326748500-ff5e3272beb86f20c5075808910ba930,0
3431,1323803040-510fef0fe9aa15056253b5e5586b7f8a,0
3431,1327449120-12196cb9b3254210fdd6d041e5ac08d0,0
3431,1321936080-97152a19323d96928d6360b1ce25271d,0
3431,1323980100-ce1f40a2736da9f397aea62550a05220,0
3431,1326213600-895c0bc2175738eba96da1eee304dce2,0
3431,1326525120-f32afc2a45c7260df4a09f14326933dd,0
3431,1322283600-14b5b3f30ff3f93d55d9cf8b78a13f09,0
3431,1323237600-d2e2d5dcc85794198c524de85f280da4,0
3431,1322871060-38ad7d80ca6d423f9f3c2eef3fc02063,0
3431,1322782680-3317dedc88832fad2c95b5b173dd2842,0
3431,1321978680-4e3e93bf9470baa61e9bc5dda20c28f1,0
3431,1327096860-85b080c7e3d31c9d1dd2a92be0895931,0
3431,1325693700-09d16f1be08e263df634960b732da092,0
3431,1321632180-564f9ac4f393143e6c4b66e774f4809a,0
3431,1320733080-12a330667863586f1d2dcd767d0ccad0,0
3431,1323462420-6f3fa80a37b72a22fdad3298d3227079,0
3431,1327358820-276aa51b7f0aeac7372aec6a6e25dd3c,0
3431,1327796460-5e2d5d1799e5edebdd71b7dced867714,0
3431,1320859740-08eb7f52215c5610d389ccc293ce1237,0
3431,1327437180-8d324e75940f498e07c4db26c46ef965,0
3431,1322074800-ae31443c84df4f5c536f340cff5019e9,0
3431,1326408900-f3dd4831f9b0019081b7652ac57805bf,0
3431,1326238800-2198420cf023afc49e9ba70a2501ae61,0
3431,1326331440-2202a1b48c9e0600f37f67437ca21a22,0
3431,1322079060-03700e0fe54adc98b4e42748ac6092ac,0
3431,1322899920-c3822be768c18bedb91dd038a26032bb,0
3431,1325863800-81b586322bd7e2e65c678a2b81bca269,0
3431,1322107260-178ed73c974ad08f3e97daea142126cb,0
3431,1321473780-4f94548f3338d24e96fdeae5ec668365,0
3431,1323489300-b8b68dd75057bcf105cc4a23ab834a75,0
3431,1322031000-8ac77b9ca3f5fe1a3a78fff29bfe5aaa,0
3431,1321793460-58eeeff5c6af6085a3a9be5d63ac9d5f,0
3431,1326325920-ccfa34732d1e1b3f6c6f24b7caee73ad,0
3431,1322525820-08a3844d6cf243f081f5cbbfc1a7b705,0
3431,1321491720-302c4dbaf04cb0d37b8d7b0f22d820db,0
3431,1320424620-763c31bb51d58b0222a55c952292c6e2,0
3431,1327657500-19499d711746f27fa58d5dcc12f99c57,0
3431,1325519400-f2912ca0c2715ca1c9f9238271bad960,0
3431,1324409400-afe7a17938657e936a16a58d025ee7cb,0
3431,1322388840-16788346673d7ad97e3942a898b0f4b7,0
3431,1322265060-bbe0a11bc2e65027466e227e0963ac85,0
3431,1322102880-01fef43116621716351267ffa08d631b,0
3431,1324954260-bacd46286681a3bec2801d3ef482fe1d,0
3431,1323035160-c5eac692ff8b07b2cbd94d6097e01021,0
3431,1320471600-6e5e26637df4dc29fe05cd59fa25c7bc,0
3431,1323384240-6c28b6129006951484548705626665ff,0
3431,1326913800-9f624a0d8fe2512fdf76dcbde629c2e3,0
3431,1322300700-d739329d027016c44c136a642bba2745,0
3431,1323030420-533ad51a146a6cb23b0a8353f3ad55bb,0
3431,1320687060-341560b87838810f3161a340db38a45a,0
3431,1327634640-80f32fb9eded52ff472e191c5039012d,0
3431,1321922220-338cbc9925f05f3f19d74da5d76cf322,0
3431,1327167480-69bdf5587cb6aa207b262aa32d4c0fd9,0
3431,1324366320-91e745fd914042d58cc22fe6df150ef7,0
3431,1322403600-822053b18b87c8322af0bfa05926cbd1,0
3431,1326978780-8479d1165b47c3f54f1c7ecd4277bdf8,0
3431,1322599320-6ba741744b0cfcc365ca7a59e9fc94c8,0
3431,1326781440-301884ae42f2669f72b3d9246e136915,0
3431,1326755760-4dc765e41e66b55c105b474ffae137a0,0
3431,1325871420-5b8493335bc366e0b955e2857a300f0d,0
3431,1321000620-3ec66f9fa82a1a8d4c3ec6cd91fb2e25,0
3431,1326858420-5de21b52303d5699e72fc360c0900ec7,0
3431,1323180600-6639e26fd10e88ef7ea9080483105604,0
3431,1326317460-f85458ad72c5f035f86dd9d17c2a820b,0
3431,1326991620-6f050a1f1a0d31ef2956abadf4e01d35,0
3431,1322891400-83b3505758401e6986cc371f9294b31c,0
3431,1323819540-f790ab7e2d1b585b2ef570e95cf00163,0
3431,1322694960-12a01c7d9347c7d1b274f948e4aac022,0
3431,1328010720-14418a15610a8eb4ae39a2cb16aad1bc,0
3431,1326570720-8dc334e4921f68060a6b28c8a29fbe17,0
3431,1324223160-25b9536b6192ebc4894c13ff66e4a1ff,0
3431,1321469880-87465dd92a1ec907a714dea5d7f5eb8c,0
3431,1327768020-a8821c16133a484af33096bab17b60a9,0
3431,1326331140-12f0be14f1aa32593cd512923d0e1aba,0
3431,1322261820-81b4db374a4f9105bd93ab36e3de3d28,0
3431,1321238460-b4f4ff518ca1b50868f7117974f4f7a0,0
3431,1321641480-02817162e4ce9df3bfcd3716912b04fa,0
3431,1322016480-a3e313a4c237e61425c8a2f1e8a8fc67,0
3431,1326122220-bdb167133b1c06fd4f29f083751237fe,0
3431,1322920740-d554fc29a0cebc4c70430eef3432f835,0
3431,1326859920-6207417bb7f37cdb5bfab2fc5cada1b5,0
3431,1327514700-c5ea7caf492a0e9d9944c9c490dda6c1,0
3431,1326418020-b72216f4c7f2a991c04b24ff4f7c4f8f,0
3431,1324515840-956f25ca7d314c5fb65d75e002c28ef1,0
3431,1325954940-84983f69944c76b011bef9736417ff4f,0
3431,1327954680-f5f1b1d9ce2cd99ae1dcbd1ff9df471c,0
3431,1324440960-3170444c0876e088e26350f8ddc09d78,0
3431,1327598940-b10d0f4e134425872c2b8055318fa680,0
3431,1320844500-39c0d25640a53d5eb9d919ce319dcab3,0
3431,1326214620-f81302a77b079d4368e74fece2a14548,0
3431,1322732040-1cc67ee1756e585ce9dd7af4270d7242,0
3431,1321013400-6803026eefc1c07816014e73076cccf7,0
3431,1325521680-2bd9bbc6ec2f5d0ecb3488f4167ab58e,0
3431,1320348540-10dbd09f0408de8398d89e7208de8056,0
3431,1320824040-869f6b91b0363b6be67d03d763d8b4cb,0
3431,1320467880-1ca2cb00119e3475a443f2ea04af1557,0
3431,1327544100-2aab27ed0bb46bd9fae2f0dbf7f0d3d9,0
3431,1322267760-2dfcc6b18ea44aa53ffa71c6daea74e8,0
3431,1322682900-72a412cce40f5094f3ec6a789250ea3e,0
3431,1324254540-7bc18d8e88fa141f73bcef68a617ba45,0
3431,1325971380-4fdc05180b3ef54dd26f9e63878964da,0
3431,1326712320-1efcffc8a743b31c21428fdd94aa76b8,0
3431,1327659000-d2fd6a9a54ffe22691d8bcc09a431703,0
3431,1321476900-c903195ac342f235d6edb2365c87d364,0
3431,1320867240-01ad5f9c5566dbdbf3686ed4dcc3411e,0
3431,1321835460-8d1343be0f0d2774b45a042853caed04,0
3431,1325822580-d902bb2f63980581ecbc01eb49f27163,0
3431,1322748360-2e642697c5442a5c83531a85b677e979,0
3431,1323136740-09d6c3eabfdd81394cd3767db8c84349,0
3431,1326479100-44a9a3b0f009c60ab5d62e853654baf0,0
3431,1321514580-d6564f28776e650bd745f8d4e6dbbe44,0
3431,1321401900-1951725ce93d123e03c856781fa9673b,0
3431,1325988060-4d6ff118d5912d05f0550689531024dc,0
3431,1326918540-696a85b56db4ba344f3a679ebf3506e4,0
3431,1326939960-ae6737c2c841c35a8051a024561bed0b,0
3431,1326220080-ae8a3d86e179a3b6d92f37102bea31a0,0
3431,1322856120-f31c41d3281d10a38b996adfc01a35b5,0
3431,1322782680-2b0d7db73a5f807c1d6deb9972f971be,0
3431,1328029020-0509103118507c50f0f034277c097c05,0
3431,1320551280-d8893e861a87bf70cffb27c14ed30369,0
3431,1321170240-6fb7fa62a773e4df766068915880b4a6,0
3431,1324423800-2146542c01a5026d999f3c7ffa48712b,0
3431,1327951500-75d0023ceeca1076ec07a05cf0e3362c,0
3431,1327154580-cfbbd8ab9b3aa61faaa8ef79ff570411,0
3431,1320867960-5f715579912ee0da9eeb5ef447556150,0
3431,1325076360-8176c5e02f39efc0f4a5d4d541a5a29e,0
3431,1325245980-a6c78a952d1729ad0d831cb00d6f586f,0
3431,1324741320-8241052638fd29aa3b1962ee2ab23bfa,0
3431,1320683700-5744070dd10b3bc94db4dafe813e35c7,0
3431,1321619340-ced089a11fa4827d9e829b2ae57cdd61,0
3431,1326906420-a47d3573f52adcb081f6f071fbf053ec,0
3431,1323596340-62ea6245515f0ffac666fb197e1575f2,0
3431,1324344060-3e645e372422c950870cdaf0067f66ac,0
3431,1326100860-54267143168acfa59f8fe09e6929845c,0
3431,1322344860-79eba8d9d2842a399726389e90734797,0
3431,1323620880-23ae99905d04b5269fc85ccd20480515,0
3431,1323028740-349e2b2b37087c16503453df9ef15756,0
3431,1321303740-88ca8db95edc8df29a30b81c97a1a551,0
3431,1326390660-f8dc9d2b749d2f60c0f14f1a79112069,0
3431,1323155940-da9f94b8ad4cdb95d7606403eccf29d8,0
3431,1322861280-5d558c45a837b4e28d4b6f3b7fbbd7da,0
3431,1320346140-cf38bdb7f4d87690559f5c6496c95d66,0
3431,1323095100-4d28ad9e28630736a3a333f16ff8296b,0
3431,1325597640-ace49555bfbfb063364b6a2d0007de7c,0
3431,1325894460-5e8027ca861cb3d4bf279d8066e4eff5,0
3431,1323463440-2cff1aca62810aa4f3446699fd26927a,0
3431,1323249540-227803653899d764d7e1374ab552f564,0
3431,1322702340-75d1cc3a7e1394631d00d3c0d266fad8,0
3431,1321252200-532daf29abceffdd1d72ed24dfd11934,0
3431,1325288040-812bf74de145fd094a9132b0c1184802,0
3431,1326400260-33455c69f4333f1a9a63eb0915a27a8e,0
3431,1326833820-5a5af5e4825c36414235fde20fc6324b,0
3431,1324588920-660f044c572cabc3839ee6be1f809b88,0
3431,1321577460-3a734f7ddfa070b5970d17d3239e7f32,0
3431,1324977120-c9056cd0ef08d91cdd18a5cd56da36bf,0
3431,1323790320-b759d70ff553c6ca75cb820fc1ca974a,0
3431,1321896780-dd684cf00ae3b3dbc46a5d1343c17f7a,0
3431,1321660380-5188180bd52d8b217358f99e339b934a,0
3431,1323427440-303a2437f5477312a4e576fac07f70a4,0
3431,1322193600-3de4b08e4dc93bebda7f4d14a6220470,0
3431,1324156800-5faa5915a5087de7ffa6b0f9b5665e26,0
3431,1326656880-1bd8cab896f30a836e8ef2123b904563,0
3431,1325617560-cdfdebcfedf7e9d4ac7ab9ef0320952d,0
3431,1320948600-8e12b60fea0bf45f5a1de5b5d58fcf41,0
3431,1322168640-5600fead8ed7330cdc9a97f3eb82c908,0
3431,1322153760-9b693323fa1d354ca443b5b788975edf,0
3431,1323783360-84f36f479f518cf174c076b8e555c5de,0
3431,1327524780-8c5e55027c378971e9bdf52342eac390,0
3431,1321542240-42dad438f8d35c8731c458c00c5e39bc,0
3431,1322833740-294f5e52dbd952c871960ef1b551d2cf,0
3431,1322266440-1904a3d9a8cd05352378b89f5d655fc3,0
3431,1322014320-b327d465137c4c9810166e9acd68199a,0
3431,1326475200-aa060e7aba827fecf15ba54fd084d70b,0
3431,1327107180-755b8bffda2734949a149e40e4b7f4df,0
3431,1322857140-8d8cebff10979c5d4edcf52df5917128,0
3431,1325731620-3901c6876c8692ef8d3373d44485244f,0
3431,1321323840-722035bd054f295ac59cf599a71b2150,0
3431,1326158400-4824846f739826f2aa373efe69f72d30,0
3481,1322279640-5bf5d050314af7b84263b851089d9e5c,0
3481,1327617060-211a22b2be78b15ad7c648e32be5dc27,1
3481,1327619640-14412c017e8297eebeec82d45f77c90a,1
3481,1327618200-fb811021ae13d4e5656c22f71c32f3fd,1
3481,1327637940-7c5a99757029f22cacfeabe367dc1818,1
3481,1327625340-b8b3b0be8836e1c23414ad56889b3435,1
3481,1327649040-ce45a9a9efe239b21112d034561092cf,1
3481,1327381200-7f1f89e2a6a92d20c73958a7c91391b5,1
3481,1325126940-2a3a615cc0804c3bdb876532e3537c72,1
3481,1325130600-c33c4e31fe40001fa1f1c49dc490a663,1
3481,1325902560-4ecfc1ef5b38df20237220c6fd2da209,1
3481,1327443960-54571a76f7389702eff77b14c56ed846,1
3481,1322174160-d16fe51627f437d5ba9b2900b979ff30,1
3481,1327527900-39b5c468c1765aeea2923cb384f08e2c,1
3481,1324041960-d17d5dedb5e9fdd9c2a73744418436d9,1
3481,1321777680-0061a687f935986c7de677167dfbb0c0,1
3481,1323389940-b9bfc6e4835b17ef5f193aa3a966ded6,1
3481,1321465680-bbfb545cb82f3adfc2ac78c32d696a68,1
3481,1321557720-8618c1b002f74562896dbe74b4a44d85,1
3481,1320137940-a9138d1d1c730a91c11ae85c0dcce246,1
3481,1323483600-62653bc398fc185b29c055e22f6d097c,1
3481,1323452760-6b98cba37e6ca383d84f8d84541cbbe5,1
3481,1323479820-44b321ec49b12a541a0fcea2046b1a54,1
3481,1323410700-9dd04adae1e522e6dbdadfacc967ed36,1
3481,1323770460-714df6e85bd1dd4b3049b7940ee43aec,1
3481,1325721300-18345f15af605578ac5670d783234fa8,1
3481,1325721300-401c02c85b7352eaa26a6c8acdeada1a,1
3481,1324196040-b8a864abf8e4bb34714971a0ccaa9f43,1
3481,1323643980-b83cf00042cf594b67d065c018b5709d,1
3481,1323475320-06e87d44c5a3fcd6fb121d0757955f60,1
3481,1323411360-75f2301bcfa079a56a17efdfac97f03a,1
3481,1323486660-8561130da946829018a177cd9ef3eb17,1
3481,1323445920-24abe8367097ca2b124a7447d921b16b,1
3481,1323387960-3fac4d9adebb48166341957c46a8419a,1
3481,1323377220-0f53e64a7dc84f61674baa18dd7616ae,1
3481,1323412560-bfda577bdf8fda95eea574fbb4085b70,1
3481,1323375300-a158ec0291305bd9bb37356a3560c95b,1
3481,1323410820-a69a6e1dc06e06579551d69fe253bfb3,1
3481,1323389760-40302b50c7708de6e9dd69480ad5054a,1
3481,1323369120-fccf6b22a2dae1570ea0630c6c78e821,1
3481,1323416940-a5a36063fcb963e21273c3a8ced94e85,1
3481,1323684900-2a2213dae2da445e4a49b5860dd2dd34,1
3481,1323801420-2976e3456f44e7d1856edf15965449f6,1
3481,1323410760-690441e50c614751f0eb203fd4f62adc,1
3481,1323397500-2e75b77e29bb69134795efa00ea96422,1
3481,1323395400-594019885d5d83a75fe5811927668c5c,1
3481,1323439560-3d2ef768871df78050e74d4d2c65f9b7,1
3481,1323405420-684af36b261e2801d2e60232d23e4eec,1
3481,1323425520-d7c677d8c62181148b089d9733e38c21,1
3481,1323437400-37a7b140afd3e92ae86a4197156b417b,1
3481,1327100100-027e14cf8c150d4d412f3cc6447730f0,1
3481,1324172100-689e8070c8da6240324e4683992f43d0,1
3481,1323810600-44393665047488d898f42ebfd932672b,1
3481,1325720160-c8643020880ea078cbf617d7d24c3a43,1
3481,1323830880-5687139a89eb1e668aedb2263a67bf0e,1
3481,1323418620-1d56db92015c61bfeff3e34c1714d0c1,1
3481,1320904980-4270dc78084e263d4487a0a701ad7a64,1
3481,1323816240-ab166fab3485b8febe52d932d002f568,1
3481,1326845220-b07f5b46d2f2970397edec320d1dc616,1
3481,1327018620-1fe117ef2ab3e595ac98509eda0cd7ff,1
3481,1323484080-a031dfd9a25184523002dbc24f4e4bbd,1
3481,1323927060-6bea76dfc7b2b7e8a97c7e21ebac6b39,1
3481,1323486120-d2ce207615a2a6706d5af43aa7b20152,1
3481,1325887620-f41a9ee7efb01898597058fbcdc1a0a4,1
3481,1323484680-22679f442e05ad995b25e1ac3fabb5e4,1
3481,1325897400-3d05b802640c4f703872d8ca2808d1a1,1
3481,1324574940-27b4812624ad3bad1b55950163cb4112,1
3481,1323818580-a7ca573b41b914fb78201da2052a749a,1
3481,1323810120-6197d73c0da615bba017f5f7c76c3f83,1
3481,1323819180-62708d40cf000a8b853999de011a936f,1
3481,1327131060-f3c4e800d045c4fe64668b78cb7f48a0,1
3481,1323486120-88306d9924bf2dbb2f9dc86901192ed8,1
3481,1323817500-0ab79094f6f7d61dcc9cba1d9e16b9db,1
3481,1323806280-b6d07c747a67512884b17d9400441225,1
3481,1325748000-cb80abf6a251b07a798fd6f66194bace,1
3481,1325897940-61f484a19f1b7619d805de3850e8fe6f,1
3481,1325881560-1a4bf582783dc99af47f91700f2036b5,1
3481,1320821160-d45dc528eeec8a701d09107f95e431b1,1
3481,1325732640-f10d804e91f6c3c67cc6e7f80940209c,1
3481,1325774460-4e9d10d1f8b54ea3a7f26943089c1490,1
3481,1326404460-00f48919babcc9a4cd9e5b73113b441a,1
3481,1323296700-5392bc9223840a93a3394f4f8ecdec32,1
3481,1320996360-74a6ca99021777d83fdbad525df94842,1
3481,1322086800-da2bd516a81142a0235bbd2b36bfc99f,1
3481,1320780060-150daf4db98a174d0b53cb9e868652d7,1
3481,1326482100-7be6865023f7bbe2d11637afe4165656,1
3481,1324043940-dd05f1b2888724a7682d215bb69ff550,1
3481,1326144060-907a43ffac1093218fa109362ce5f5f6,1
3481,1327289580-5cf23f6c94c43ce8d2266be6d52c921e,1
3481,1326144060-01d58e73d9a818e7fac8d766a946705c,1
3481,1325638740-6a4550fb46f77686cd9b04826b981eac,1
3481,1326153420-29c056950e7af49454caf3e63719c4db,1
3481,1325653500-5a0641fe2fe26e3cf8f5dd712533c44e,1
3481,1324015800-82ffa88055233ca51d4a4fac32428328,1
3481,1325732640-3c248571d75574bce8379dbf28867ee5,1
3481,1322569680-dcbe755a9b60386845586700f940a447,1
3481,1326403620-2a72a0387417af1103c491da417270ce,1
3481,1320764040-c9fe0fa0c891cf646d5282731a5cee9b,1
3481,1321579260-ac7e8ef8995bbec1ba27defd38af9573,1
3481,1326289140-3494efb33ed2e1904a6545702430ecf8,1
3481,1323450660-d772ff4a851257cf985f7a6117eb718f,1
3481,1322718600-87b8b82f15699d2643b795327de54896,1
3481,1326271920-5ec0ef814547e98abd2aa1f34893df75,1
3481,1325648100-1ee27d7b4b65b31806e0e74daa013266,1
3481,1324991400-7788a383e0b503f7ab0d76f753485532,1
3481,1320563880-c27e974865059c58a9d5aa4ce3485f35,1
3481,1320991380-f58cffb35b7dfeafc83d77eaa2f5d289,1
3481,1326232020-5a1d8ee8f2c821463cd0c50708d75ba0,1
3481,1320958860-a7b8866b75d2ad8b97ae28a46755af14,1
3481,1322724600-36f2d89fb70ae2dcd2edb204f5ca72d1,1
3481,1325668200-780279e1272f126ba5551a1cde443e39,1
3481,1322987280-2123c9f1d07a307ec0997f69eb4b479b,1
3481,1320318540-b26ce19da1972c6cdf84935e077200ea,1
3481,1324991400-f4726e5fb139fb42383e5b019787f0e7,1
3481,1320341580-486338b5cde3a13777bb4e1ed8d9ae8a,1
3481,1320723240-8643cf9acca880134fa4cab6eec8f722,1
3481,1327853040-cfb8fd1981aef48f4a9e846697b67493,1
3481,1323391920-30faa6b2b15d0cb6dc3063ccec6ce6c2,1
3481,1326133620-fb055713206da0184aeed3af2d0ddefe,1
3481,1326145620-b4c46887297841777e56ba3789068abb,1
3481,1323072000-53473c4e644b9cc47d6c41b4b2f7b474,1
3481,1325011320-b9434caf031a75415d3036d753e32723,1
3481,1321886040-0d93bee68022ba8f8606642430a86920,1
3481,1323776820-d04b35892dcd85a1819729ec3ff9add2,1
3481,1327435500-56dec91af95fd15b2eeaf667b5f83dac,1
3481,1323190800-38d43c769ca277f2ab2bb565bbb08c6c,1
3481,1326208680-72620c924552ecd14d51d86592c7c4ec,1
3481,1325578380-380d610d55455b85fea8b3410da7d4fd,1
3481,1321465200-316715ff99cfe23a426472a9f4b443ac,1
3481,1326605520-40081b500c365b843ecf80cf7d53ba78,1
3481,1320347700-c6f0a59b0703fb9ade357686b70a3133,1
3481,1326545700-b8d8c42418fd1de45a7b62ecdbdba874,1
3481,1326538260-85006dba4643e7f74e29132afa517a7c,1
3481,1325648100-f0e1e2ce246046523b01b3138266dbd0,1
3481,1325800560-3483c09b1b3b88fa901567df849d8abf,1
3481,1322990100-1c70233b26e0d77306f96e51de0eed12,1
3481,1326163920-001d4d3b302a1b3554a737c8b6902c4f,1
3481,1323777540-ce3463e9b6e427c8150b1de7476995a6,1
3481,1323757080-92f2d830386d00b297008cc47ecbb7f6,1
3481,1325362080-b5fbc9782589a2f94127ad88f2c9346a,1
3481,1322983320-51d974b9f5690dadc077b5d7088210b1,1
3481,1324964880-0da7f6acece6cca999e8cb317dbead06,1
3481,1325332800-b7ac5476f01d38ffae5b6cd073c7ddd1,1
3481,1325552880-97fde68fcbeed648237516b93db7531a,1
3481,1325298240-2c257aee66be1076abca4df151ecc4a2,1
3481,1326212280-06ecde064b3679325a5a48871d5d2a37,1
3481,1325001900-2bfd8ca881e674affe778399de74d7ff,1
3481,1324990440-1ffead5155d4755d450a20d12b167354,1
3481,1325558640-51da1f8b5a95854586f59a6ac8e8dd6c,1
3481,1325554440-def999c7997edcbde2e7687081175497,1
3481,1327922640-4bdd37d2ca92ceb4909eb256de9d546d,1
3481,1325542680-67128beaa2f07e2e750324fc3add9a89,1
3481,1323803700-4e772f5750c97b4db5c21f372ddbad44,1
3481,1325547060-d09b42383482f77be52d14a2ba32dfd3,1
3481,1326405180-625eed564769763d9d77ed48e4d9b90d,1
3481,1325594580-849202ee7d8e0410043d772e95136446,1
3481,1322983320-575fdede87d3a2f0ba51eee01dea0aa3,1
3481,1327459620-4f1308c9b1d133eaee8dbd252ff571c9,1
3481,1326252720-d747882bb73880c806e9bd77402d0d55,1
3481,1326442740-5cb4109f05c0813071cdac78a95ee36d,1
3481,1323672180-1f884e111ed261b418da41e068d874f6,1
3481,1325036940-424404dcae8e3c95e7e50f616c3ea4e6,1
3481,1320951120-5ec1f0ec84ac00172a9b893d75a30f73,1
3481,1324462740-af2e48a2ba4f2825dc04a6b0314631b6,1
3481,1321000560-45647ef7a1de79d0f26aa130c6e0912a,1
3481,1320457920-ddb7283df451bc92968a7254bc1943a0,1
3481,1321023540-bb9b9609329ea1840b73f020d4a70a2a,1
3481,1323375060-5eb96be5dc9e942ab7788f5f549ed85a,1
3481,1320989460-2c399f881a8e87a43adb85e18ac194f7,1
3481,1326000660-81ef4573ece9a5634b9be423808ab4d9,1
3481,1322601900-553ff125396d5b39bd3abb222ccbf720,1
3481,1325793060-b0f86bb6c9f44aaf416ed35ef8f0edf4,1
3481,1320415500-2959d77fe52a931dc7f6fe73d092f825,1
3481,1325539740-64856dd3fd27e361cab5a35fed64730c,1
3481,1325594580-41219521df261ff33a363470d7899e08,1
3481,1326404100-81dbc3c4e83ea0f8c8dc550529605916,1
3481,1325629740-bcbee5d2e346eec73bf4aae36ed43080,1
3481,1325978280-03d94d018a4fbda602889dff46b8282f,1
3481,1324230180-d2fbd26318e4b51fe728812037c0de34,1
3481,1326521700-a11407e1ae58906bc16b1c4628b5efc4,1
3481,1326000660-9c3d9c6ceca1c5b270b4a3a12aca0962,1
3481,1320564900-668e14d810e63579997eea7887f8d695,1
3481,1325550000-bb00f4ca866387edd8853023e89e6392,1
3481,1326596820-c99aa7dac177d7cd9a289590f63c2df3,1
3481,1323620460-d68c7e9905089b8f524e05d5ace115c5,1
3481,1325553300-4582a29200064c252fa0a5639eb6dec0,1
3481,1327831560-43d1d97842a8c8d2d6eb70108eb376d7,1
3481,1322724480-3fb44623842bd5087710fe960207ef6b,1
3481,1326521700-2f611b7e24eec3287e4c6c7d2add5919,1
3481,1322620020-1650f4a3b5a2d8120337b54397497add,1
3481,1321418280-aee1622ff6dcee7adb08739e29e20281,1
3481,1325274600-c3b2c8d87b4a3dc3faa4b6df90c97382,1
3481,1323967920-4477bd20d23ae9899035e72ff1fe770e,1
3481,1324384860-fdcb290682d653674a70df52666dc7b8,1
3481,1327958760-10358b7e848d7979589dfd74117b60f6,1
3481,1324230300-76c3d501c6c5bf6da042bb4538ba6d95,1
3481,1324400940-bb3af8310337047d6e3a7eab5a3adc31,1
3481,1324972200-512b28161fece11e1fb8eea2c338dfbf,1
3481,1322818680-1b814b322309ec7efeac2260e4f8f0ac,1
3481,1322376120-7e835fa0da83fd1e33c225c17f4be719,1
3481,1327014420-2f260cd403e886a99e2aa7be2e744c63,1
3481,1324446000-9ece21c6b85fd88046e556d5d8529512,1
3481,1320234360-aa58680578579904769f0f218aad0253,1
3481,1325977740-a005566a443d8a6a0ce206a75d0a0b77,1
3481,1325978100-02e0ebddef5c888b53ad2e58542cb048,1
3481,1320686040-cd2736cf6090d34de8ae0954cecf64d6,1
3481,1323146700-9cb4d7407a891cfc7e43d092e14bdfe1,1
3481,1324446000-d6e92d5f1a37ee8a87ff3643d6d0cf0a,1
3481,1325978100-4642c11b01e7dacd8c59ec45295c8597,1
3481,1327223400-af3b6817fe067b3ffd6a640512fe9de8,1
3481,1322698440-21a7a8b97b9fa370a5276ab4d417c74d,1
3481,1325978100-f198cbbed8b57c4a9a24e7dc5a4f08a2,1
3481,1321641540-b8b86886b4a64e78276f0d66ad67db58,1
3481,1325550480-3d1d09a0711ee2592251b60e895f15ac,1
3481,1323674940-fe02e1af6425328e5913724de20ab06b,1
3481,1321514880-a7ccc10631f168fc2ff68a52c9fbec73,1
3481,1327009260-d4702caa3d58306cec919ce5495a2309,1
3481,1322815500-5a136ecf124a30073f7ba237644fff91,1
3481,1323448500-5051965f3a3a7c57b4127eac476d600a,1
3481,1326101700-a93969020d32b49d821c4746fdb49198,1
3481,1327010580-552ffc5a66a651ca49c1631cbe6b6ac9,1
3481,1325608980-3905212aa827cc8b3119709c97064d99,1
3481,1321265700-2cea367e47be5da72e7bf88d8c398e77,1
3481,1320443520-58dbf5930b97c02195e724019de082b0,1
3481,1327012500-bf959fd2872feb79d460bd68c3495cb6,1
3481,1325550480-a1e979f0410aa48b4e22ae9a7b8a9ce9,1
3481,1324326420-fb30d31557d18eb922fa56a0e0d28f1a,1
3481,1326141480-211fe61f68cdfee8b0a501b2b1fb0f79,1
3481,1326438240-99f19c2d7a4a952a13e9b37710f474e4,1
3481,1327009560-abeb2012955b756b46ea1b91dd44b876,1
3481,1322692620-19dade3edcd8361f8df49c8af587b57a,1
3481,1326738960-a2ba3a5de509f5c3804082a6346920a8,1
3481,1327108440-ad2b7150f5d283fdde12668793472682,1
3481,1326443940-db7b1ed77f7789656be1518ae4cfcec8,1
3481,1327213860-269af6e2e4a9c301af555690db2b0d57,1
3481,1327013460-512afa0fc6bf57c78210eb24e88395c7,1
3481,1323486120-8ccb27797bffd7e15fe0a44514b95dce,1
3481,1324467480-6435cf48cf7ffd8b21096d7d370b9a2e,1
3481,1320650640-96a4c2fe72f4a249e668301bdba1d954,1
3481,1326443940-1e8a3b27929542efbeef911a530be8d8,1
3481,1326738960-923fa3a24077a479aa1458c028e12410,1
3481,1322063880-98dae64a4be94a4424edc6ef2316a060,1
3481,1327015500-0878b2c19a62d54a098f295fbefa1bcb,1
3481,1324467480-7a4c66981eee34a31143db14c4a5d082,1
3481,1327008600-788c6dbb70a0641de0fe9ec8c68cb95b,1
3481,1325900040-4204b731fd1bd9fd5fee60723f6a6ce3,1
3481,1324992180-f1c20d4709540cb5cf8f0c257d07bc86,1
3481,1320443760-25d185f9979a400996063f763dff14f4,1
3481,1326494100-460a3caa180376cf3d7d8736a9bdd584,1
3481,1327015380-f73f69ea6b8f526ffa359ea889f11152,1
3481,1323967620-38c59693693647ff1ca019212c603d8a,1
3481,1323485100-3e6c9bb343c19510ceb7b558f43b8b56,1
3481,1327012140-6ee97414d4c780a6172b4bc6fde40cad,1
3481,1325987880-9db2d721f4fc1a2b496949ed67a0ce05,1
3481,1321601220-0422a7bccf638e320eddabfaab8e560a,1
3481,1325900280-17d6e09d276b5ffbc70af1ea6f036024,1
3481,1326452520-9c0bec1e219ae56b07d663c88d6e4c7c,1
3481,1323982440-77e12ac62544025d088214aa442aa098,1
3481,1320440820-d64ba84320a32bc3e21efa3108773e4c,1
3481,1321652520-6b322ff24f5b3372ef1e14e3b3fb8403,1
3481,1321504260-fbc010a9321a52469588c92e8ca1c588,1
3481,1321006980-f11b0988185a292b7dfc45de45cf1887,1
3481,1323623940-f1384ac64191aece0696304114370924,1
3481,1323147180-85ee51802d413c3c824f0c4d4367794c,1
3481,1326289140-aab2bd8fda8038da059a6f248d10bf48,1
3481,1323806400-00632042ceb5940033b667d1286734de,1
3481,1326734460-4644b3671d3884e0a00346ac486dc09c,1
3481,1326444060-1db91b042679249679041325c4cb5074,1
3481,1326909960-8218d6fcc6c895e56fb86874f2050c82,1
3481,1323925140-51cb419df11783f39916a5ab16a3c56a,1
3481,1323902760-6e03401bbf6bed5e4355c3388f9e0d01,1
3481,1323895020-4c033bdb1f4dc250cfdcddda7779ef71,1
3481,1323208860-d2b20db8a8770da54ffda31dbfb6842d,1
3481,1321468860-257a416203aaa9288fead7a20dac1d9f,1
3481,1323311940-a8fd29c9526f383da841427d4e929cb2,1
3481,1321942800-614aeb0e00191acc4f69c3214578a34f,1
3481,1326733080-76679d28e46e447b2beba0c7c108c013,1
3481,1321807440-27002c9376ab248358956a709281ecaf,1
3481,1327595100-7f7d75dbc11521cd9dddff71d383a99c,1
3481,1320559620-ad399c37a652b12bc0199ba06b860a90,1
3481,1325793360-f5fbb2245e4817a067b5118110c23e57,1
3481,1321118700-449d9052c1269e213b2efe7d3ac836ab,1
3481,1326214800-c5cf7016e0a65862b244888c10758adc,1
3481,1320305400-32099fdfeb885c7943afa17f302f0bd3,0
3481,1320235320-25932149fe7e5d82366ca48955de507b,1
3481,1323798360-76408d32dfae64fb8ee3c6795ae1cce0,1
3481,1327821900-26676625481c2fc3e0d4be1565156cbe,1
3481,1322673780-94fc1abd2d854315e0af311c2a6ffff3,1
3481,1325985120-a82df27d1706ce3dc5d6981c7ceb9761,1
3481,1321874700-c500cdffb755d392f983f16eae3e3e59,1
3481,1325796120-863c63b736571e3da371d893d6394ae5,1
3481,1325795700-ae3a47a2ebae520336360ee3c14e598f,1
3481,1322550000-459f4e0e8fd5a9cc41d739c8f5ace5b1,1
3481,1322610300-0cb4785ee21762758068207acd935f4a,1
3481,1320167580-53fb90048cb3f0ed77b957bf65161308,1
3481,1321509420-892a94739351681a6056734f56cbd783,1
3481,1324205820-a6090d6750df197f7430c15ee94469d0,1
3481,1323681180-c531e989ab4bc806b2bd5e04f442f607,1
3481,1323986160-01026bc143dfe696b2142742364db0ef,1
3481,1325793300-4ee804ee88a181324feeaa073a3fa3b2,1
3481,1327744320-82713dfe9314a5d7f5a2eca970e5b6e5,1
3481,1327013160-8e0c4b4aad4010f7774a55f4b44e9872,1
3481,1326377700-6d640135d790ce0bb6d68c82eb5ffe30,1
3481,1322611500-23215e1f3b01e3da8e9a69352ac874d6,1
3481,1324232340-9d3c585cfc2ec533164c7fe309034cb8,1
3481,1323961920-8b31a9738a241f13686b2ba2c6490f94,1
3481,1327021620-ac39b02ce7bae2b68b1e4583b10ffdd9,1
3481,1327860960-3ef0fe17fa86e7fe5be98d4d62e3975b,1
3481,1323272280-50af8efaf3b0deafa9df87494e1f01ec,1
3481,1327165740-b3da31189435529f8857b7f49e9a1244,1
3481,1322376120-022c4bb280d143a71baa4db39a852db6,1
3481,1326793140-97bdf0c8222721c8ea075ead48f76f24,1
3481,1326361380-718b078c22d0cc189ea0b392c5bde13b,0
3481,1322680680-aa8a5e053810453885cea918e94c0f3c,1
3481,1321723740-648db3cd15eb5a547d313b4a3fa33f47,1
3481,1327669680-3a1e3b89cf8370d7228baa90a2afc5ab,0
3481,1325549340-b3596f7127137eb9283dd18687d4deab,1
3481,1326438240-b38efd5580c69661c08effe2f05dacc4,1
3481,1327462020-84608defdb9180a2f7b9b91899f0dab8,1
3481,1323493500-0e648515ea47f6553690e31b9b12f487,1
3481,1325053020-78de06d3cec3bdd3c1c3a1e98aa032de,1
3481,1325868240-f27d34c1bb652319f0c48b3bee0ad3ea,1
3481,1326500100-fed073c599fa500efe457fccfbf3b0cc,1
3481,1321472400-f26d67dae22fe9356d76487c854e247d,1
3481,1321447500-771cfc062f98e375f50c729323d32d6f,1
3481,1326505500-9b2919f95ac3b2a75349cf0fe706bff1,1
3481,1321724520-0e26de55f936b39855569b212f357d8d,1
3481,1326732960-b9c78bde7b93085323fb233dc70e3b2b,1
3481,1321686540-27fb94954ddab1211e5235445ec6c8e4,1
3481,1327138260-f141cddcde2f3f47436aad2688bf3de4,1
3481,1326835860-37fc0c44097706a2dd706f4ce2c923fa,1
3481,1320604680-c45044cdb2e4ababb9f527bc88667b14,1
3481,1326581160-3b023eafa6dd626fc98885af5bafb8cd,1
3481,1320604680-7c6c0bb822d3baede799ed7311e292b6,1
3481,1323232680-6070a0c36f41cf3511cfdc24f267fe09,1
3481,1325485800-fc280349bfa7ba3f2142333c47c46477,1
3481,1321550340-d1966db22acb8087835adbb3d2d8a796,1
3481,1323231300-b550512aa7d0b825c2ad994951879dba,1
3481,1326784080-d0f26caae65b41083debf386edb4ae08,1
3481,1325557680-f383cf6a0e814cbe8617f4710056b626,1
3481,1325796120-1d1fb2e10a97a904932fd2f97c3086d1,1
3481,1327829700-2572ac9f704692bff90fcee86334e22d,1
3481,1326425160-a4e1ac385ec975d94b2596dc0f98e5f7,1
3481,1321507200-1768be48b0b80bbeb08a3cef9886d41e,1
3481,1324320420-0854ba75101f06fd3a80778202b6e0f5,1
3481,1327213860-a242111794497e6bcb0482d80498b54e,1
3481,1325367000-37e2e9b4846274289c866ceb7a9f3bfa,1
3481,1320812400-cf6eb57a9b8d0f18255dcd1f636acb8d,1
3481,1323121080-f881a70f3a2124b1043b3837fca3ab47,1
3481,1321147140-d96db1dffe372c0847caf82a631252f3,1
3481,1320717240-738ea21af582a709f341e84182365655,1
3481,1326798180-8bdb175fca35e1ab76195fc89d725341,1
3481,1327502100-9f9c32a8dba4a37029eaf5bf82cce351,1
3481,1327950060-6950631fc089b33ed29c3b2688ea024c,1
3481,1327393800-2463aad2f1106ecedbde327dd62cc19e,1
3481,1326735120-3afbcdb53f04aba605a6eca051b2f6b0,1
3481,1325793060-6387bb00f122dd586a8a130a69882840,1
3481,1326425160-5c73ca30ce53ed342dc256ee8c91528e,1
3481,1322718600-77f40ccd0d999086c70b9d0973cc2d10,1
3481,1325439000-b9da61337e6f011bc195fec351d3703c,1
3481,1323675600-4f37ba381a19d0fd8b7a4c3beaa22220,1
3481,1320981900-bde7bf017a872590763c109c7ed8266d,1
3481,1326747360-9eeb6ab4ac9b18e32f8b57436ffd5e9e,1
3481,1322824740-9c9aae0f1e165ecfafa0164a9289031f,1
3481,1322630160-db93e1a9ab81ced9da998c67a4d27006,1
3481,1326667080-7831b6b85405ce8b43af0e871cee25b8,1
3481,1324423860-48086ed41be17b71541baf2366e54bc3,1
3481,1325638740-5e80515c525aa01c34eb6426392e5b98,1
3481,1325872620-7abd526ef4227dd675b82a303e65c60e,1
3481,1327431660-4716dc93c24eea6898f77ec48d885820,1
3481,1326213240-10b707bb0fec41f8b3f81a06b0bdff78,1
3481,1320695460-682a521582f2f80d8e2684f5f8ad49ff,1
3481,1325732340-d94038d557f9a40242e1026129a27df9,1
3481,1327428840-0fb77b6d6409dd749f67d7a056d3cae3,1
3481,1323133500-1cb2c733eadbe9fd0b3d50a85b28b7b2,1
3481,1325513100-f88b938c08d8a52e6c40259cf1e7c23a,1
3481,1326378060-6c541a4933a76bd7b7ea00d9054986c3,1
3481,1325795700-042cc3ec06d2c159284b843cb7276fc4,1
3481,1323504000-9b6e8912d4c4e516cd30b5a90863e2ac,1
3481,1325768640-4080c3f3d11b74bd89ec1048b9bad190,1
3481,1323807420-a7eb2e4b5ceddc0da75d6bd421232fd1,1
3481,1327431660-d9a946f442fa1a5a3578efd740b4ee38,1
3481,1327242420-d788a50598ffc1448bb94df28a0e58e4,1
3481,1323397080-223c8b674873e01deeea9a4ddc9bad2b,1
3481,1326416760-d307b1b31bd1dd0311024c5d1f568875,1
3481,1324271880-237f8a78dbffc125cb09dfc3cb0fe1e7,1
3481,1326169380-1f1dc7b4379f0f76b2fb5afa377b96bb,1
3481,1326383700-78f05979cdd8d3aa35d19aa07c353b56,1
3481,1326348840-6ab32f721e015d74b5ba29236f808b65,1
3481,1326405240-02d8c606e551680ef7494130450d4a26,1
3481,1326394860-abef22c6de52e58cc4dc66717ef55291,1
3481,1320964140-8b33c597e76e8643ffeef7ff141db9b4,1
3481,1321938480-6d71315fd2ba7fadfbc492b57be33640,1
3481,1320996360-840b5ca86ffad249b0905f1c1a28d30d,1
3481,1327327740-6973924146865c2a74945f9a737cbe6a,1
3481,1321335420-2ad37b84d8b9e03ff10de7f477d4bedd,1
3481,1326556260-763e11d38f8dbba5b4c09d971958e9a7,1
3481,1325578380-a31214a132e70f1ac2e5f57ed590615f,1
3481,1323689520-1b4807e763a13da5022cbfb309c4925f,1
3481,1326557520-5aa19e4f3628390312673c8a5630ddde,1
3481,1325554560-faded48dcf17ff73dc9c751d8766e1e8,1
3481,1323030240-db18ddb9a306932b1be909783d709034,1
3481,1325656680-051fa260e816a798c38973487270ae29,1
3481,1320847140-0b439ba42616349213c9919bef581688,1
3481,1321603800-8cdef44d538c9d6d9f4614de48f7dade,1
3481,1327310820-617754ad540e4607329f3ae3ac1e7ac6,1
3481,1326555660-42680d48853a7ba6e1239e2a355414f7,1
3481,1326344940-fb319b3259314d770bdfda8e5d022740,1
3481,1320647040-fad1ca1f9cb690176b04ca15d3a99b78,1
3481,1325890680-37be0f84d017baa7ca8305e73c2d1ed1,1
3481,1326501000-7bf48daa24f8d3651c0ca46dee71ead4,1
3481,1326381120-ae3a90eae3f6fffa8cf374c0d46d13af,1
3481,1326561000-155a547ffa66c5388297f17d5f9ef084,1
3481,1323295500-bd8cd6f96d1f347ddefb5475a8631e13,1
3481,1326498000-fea4cb3495a0a666e9394f92ce8eb81a,1
3481,1326590460-121ff98de1cd36e25cd36b586be803de,1
3481,1321491120-91822deec3c99a3fcc058e47b31d3697,1
3481,1321310640-38747ad79a99db8528eeafedd93496b0,1
3481,1326798180-5046ad32b3407e8578a38988143960be,1
3481,1327329300-0b2b237a0a8e7464864a846b6094adeb,1
3481,1323144120-b69be189e0317bf55eb89959465e16a7,1
3481,1323678720-45bcf75332f1ef6afcfdb019f7e9d11f,1
3481,1323678720-31aee7138d03a2e3a9606612caf2cc10,1
3481,1321000740-f871f8cf25e70f6148256ad667b7bec9,1
3481,1326253140-63eb98df55b669b3fc6ac43cf1b7c2cb,1
3481,1325630460-afe5d1c4a214ea958ff9574c4cea29ad,0
3481,1327126140-5a104c1f89b6fe5f77538dfb8e8ed280,1
3481,1324182120-bd97bcfe64078627d0ebbf85db395a45,1
3481,1320980220-02681b22a46eb07708736206a1e66111,1
3481,1327136700-23a3cfdc5c52796a3ed4d05d490db8eb,1
3481,1321080480-f0afff5be3f1269ed37d0667d77755da,1
3481,1320965520-6b42436e41d01625962fc800db297da6,1
3481,1320446100-4632b770cb3610cbb86ce8a356f55480,1
3481,1327889280-030a430cddaa5567ee8bef5f8e29cb4d,1
3481,1326558000-8be7acee0ac833e964f4d193b588ea3c,1
3481,1323765660-3b55040e4a10798370e8e2f1c83a7d6c,1
3481,1325356320-f75aa0ddcde84c29c5281278d7abb248,1
3481,1325355900-3e82baff2ccbb435a8d02cbe08947339,1
3481,1327126860-ca5820dda20016b784d3e321987a5bb9,1
3481,1322300040-83554123fd287558b6c4941860d95c05,1
3481,1327487400-deaad2f77bd39f2abc7bf2c63ddc8fe0,1
3481,1325403240-1a3354c29908ce6b16f91625ad910ac0,1
3481,1321032420-c7c0857a19f727fc1b9581812ad0338e,1
3481,1326784860-2076d7a72dd9a313b2386bcba8c8994c,1
3481,1326913680-b74a83c3b0e974791a81aebb9935558b,1
3481,1323806700-c7e941d966540608c70da4c34d54deb9,1
3481,1324878420-d185cce896b90c1b503c54df21c66156,1
3481,1325377560-8e9c7b6f96d7f8c778c2db25d2f89fcd,1
3481,1324971480-c8dfdc4eb878556b370bb54a26752749,1
3481,1326115620-5938146235a1f2ab82ec16b88eb9110b,1
3481,1324341240-55b54e6a35f83b357210211eabc180bc,1
3481,1323160080-80b940071571221e31ada496da0993ab,1
3481,1324440540-6e914584343d22f891ef39a66ae3d047,1
3481,1326253140-dcd65fd354ddb0a522d12475530f21cd,1
3481,1321021380-9ad9fb15fd0b79fb724d506723e481e6,1
3481,1321062420-fb3bbeadf84f298495f0ea52f0862b48,1
3481,1326304260-56ccbbd557436f2789d8d3d181d27b58,1
3481,1324876560-5ceb0b613698a25dc9af844321440a73,1
3481,1321037880-b979327a84372d386fb1bfcf5f02d8dd,1
3481,1324353240-6d33d71ee68e9a76e774120173c1b323,1
3481,1324393980-2443f67e577623b0a8ce92cef33333c2,1
3481,1324904760-c5c56b359ab37b94f45b027391beacf0,1
3481,1321843980-ab36f544166505919cdc7a7906a29cb5,1
3481,1325656680-9a4fa47058b26883801b8b6d97fcd3bc,1
3481,1320996360-4db22b9f815c2fc6eba02cc4a29cef3d,1
3481,1321490040-782f20936d564d7642d75388eb942dba,1
3481,1321029780-cc3bf6af712f795d35c0d50c1db287a8,1
3481,1324702440-f2c64a9782da435fa3a876df0a87947b,1
3481,1320958680-319b1ac223cb1cdfc7b60e06834c18e1,1
3481,1322708700-4cb2b13325e2383cde6349a4d8b118ca,1
3481,1323543600-2be1ab64997cb71c0a8a8aae1c08071a,1
3481,1320960840-fc156845c8a3ade6b356575cd7ddb7ef,1
3481,1320828540-c2abd0a207fd9bf487afe05845778ef5,1
3481,1326625440-0a0e1249792ae0c6a0532f0884948945,1
3481,1322418660-db78398eeb4639197470f1e72dec3a48,1
3481,1327678380-540f9adc2e1022026298e2e5edea0c3d,1
3481,1323148080-f3ec1a3d5b9329ecb4d6d9d123dbbbd1,1
3481,1320320820-29be9a016ce4799026219ae78e78647c,1
3481,1320649620-6636749b0077ea49d7284219995d816a,1
3481,1320826980-4a285cc067dbbde2adad9ae29f9cefa2,1
3481,1323364980-369f6ddd8c637c0a733a608e4ed3d18c,1
3481,1326177900-aac4ed5a046287a6fc69270b6135b198,0
3481,1327255140-0f4c13db794644fb39b492e57ea5949d,1
3481,1323365280-6f5138516340b5c76b6e21d04d7d280d,0
3481,1322107500-b4c8aed006d5040311346ebfb33536b2,1
3481,1322100720-6c4b55a8d344772b5a0a4e775990ba36,1
3481,1327190520-fb1cc92d1cd456ef96bbf64884a86593,1
3481,1321075440-198ade704cb2fec6a0afbeebc8aa82c9,1
3481,1326027540-6c9460046fe3ff03d1df7b2ccc6132f2,1
3481,1326027540-2411c5c9d6d382d01fb69a5803280c0d,1
3481,1320354900-219dc6fdc82127ea20ca066fbadd08ee,1
3481,1320333360-f033ec8e2d2df4d721a7b8c39e0430ee,1
3481,1325979000-13ff272a3f0fd17827298e81d4ae4b04,1
3481,1320876720-1997c8cda4ad8a39b0a904baa1af9f7e,1
3481,1323372480-89ca5c35484059681795283d2328d55f,1
3481,1322670360-48a70a61a9d476be896b2d7d7dafc605,1
3481,1323809040-5e044fa997e41f4743adbd2511fa630f,1
3481,1323692220-5d35d27158cef7e49d4a6789901372f4,1
3481,1327127580-532a55cd01c2332cb4c409fea4a3af69,1
3481,1323799920-12752776f30cc921f170869454d6858f,1
3481,1327538220-8394d28f72a3ee22c8e5e705dde9e3e9,1
3481,1327127100-d0ed5b8b81ed4ed74492c27f91e27c8a,1
3481,1323531000-3b2f8e14cb1fe05e7faeb2a290097127,1
3481,1323453900-061a3a612642798bb6858c3f941595d2,1
3481,1326008220-cd651328cf55f73420de44f3c373b364,1
3481,1320239220-c2c5fb4069024c80ec688d3e58d57749,1
3481,1327046280-a71099434d07b23d3a494a84bd058ea9,1
3481,1327043760-401f582e1144c127d004e1243b9c528c,1
3481,1320644280-667bc06b2abddd2b3d273df47b1b3170,1
3481,1323801360-da4ce9d57ab4c0b136af41de06354e27,1
3481,1320781980-c331feb8efbc8422e2a0f540c5865ac2,1
3481,1326579840-8595edd791d9616ad11a6d6efd2496a1,1
3481,1322958900-b04ac245916aa2ac56464318d8790b00,1
3481,1323382320-b07af3e8b8449e89e2cd60c6e5063668,1
3481,1321431420-f6fe4243be5b59fceb69477c72ddd3c7,1
3481,1320208320-ce4f344550f77ccfd35421d86d5d18ad,1
3481,1321403220-5ce386891b1b2a29b27f62f8bef7e380,1
3481,1327107000-21c67dd8ee127b26e56172b263951cd5,0
3481,1323830040-c858fe1b98156a787fab1ce1658e42e7,1
3481,1323804420-7d33efb6141ec6dfc2e5b9349bbf0e24,1
3481,1323808620-6840b7082c7ae91ef582fb2c2b97a1ed,1
3481,1320947520-439945127912e434e66b5129061b9661,1
3481,1320903300-0d5960088619596d081d80da95e4ac5a,1
3481,1323798420-24236abfbe047d2968d6902d0b2c37c9,1
3481,1326618660-90189f5650b04144cb1feb2cc60eaa6a,1
3481,1324623060-01bab6934d8d03f1158c4ea352fa7e0a,1
3481,1325793300-6ce19a6263d40b3b690f002d102c0d2b,1
3481,1327496880-d2146d5496dc802078ec1a3655d57a58,1
3481,1327103880-36e26b288474c43e9677ecfce9cfb409,1
3481,1327510080-4a04902d1a7f4a41d21640ab8f9a77a6,1
3481,1325862240-21b6e171f74f82f5279f3dab522e71a8,1
3481,1326324240-099c157f4c0358ffcb1fa5b771b57465,1
3481,1323852660-c46511fef52a5761136744b4e9422312,1
3481,1324631820-31e86057685dd78cb28c1f5f30cb9b73,1
3481,1323852900-266ffe13f66970466cc45ad88e289bdd,1
3481,1320707700-969ed402e9fe8d04252a1911bcf451b1,1
3481,1323710820-dc9d3905d8b33d2f0bd20cb8fcd68575,1
3481,1320863040-bf421de65f33d15ccba442d0a6c001e3,1
3481,1325794380-b8a24189b61b760548a87218d1300ec4,1
3481,1321566240-82186d84be74870b9db56bd6b697a165,1
3481,1321566240-768f0d4ade516de9856a75da79383bb3,1
3481,1325871480-3746af6eb62189b65836fe4fd5bb78cf,1
3481,1321952880-fa77b25ee4ded81524ba2628fbb3bce9,1
3481,1321773120-27572f74afc31b13f6c7143c28c9a360,1
3481,1323475620-ba37d377a8ba3d90d24778db4224bbcb,1
3481,1323718800-f367d229c24cb439fab3ce2dd418a906,1
3481,1323707880-cddea60846adba811700fd075b47aaaa,1
3481,1323662040-a40e20d1fc5ca4f1617e457480e833cd,1
3481,1323656520-28b5e5d0a7b32f356f2b2bc9d8ae7dfa,1
3481,1323667800-3c2b2d0f7459a2ecf1ceb748045a6b3d,1
3481,1321886760-1a61abbdf1b322a9850c8804b3b2eded,1
3481,1326558000-1627c99f7e1fc5485e7ff3bae367e32d,1
3481,1328056860-f3b9f6ffd454cb693ac793e853822947,1
3481,1321303680-8c70478be97329c6b94f5eacd95ac42e,1
3481,1327938660-51dd314c05589602f2933b4a504345e3,1
3481,1321308420-4c27243d230bc11c4d6ff3bd865964ee,1
3481,1320642300-28ea8d3fd557b86c416fe5088e6e2d1a,1
3481,1322543760-3ae48f3eb88b0e9ede742e95d3e5b01b,1
3481,1324440840-b9c5b0517e15a57cda6d70f268bc1d95,1
3481,1323531000-fc424365b771466d23d795b3b0050e70,1
3481,1326832680-669991b0a7c3aa0ae1a60337a7c68089,1
3481,1322986620-4cfecb13c3fa78e436330a1dae52418e,1
3481,1327505520-679c0dd327309f893033d02e4e1eccec,1
3481,1326832680-f43460d96fb08d472b98ea9ce5098982,1
3481,1328058240-5468b6ae33aab6c87d5f629188f5337e,1
3481,1328043060-95daff6963d715402e65e2cd98412624,1
3481,1322865360-166be477f71506cd465d0dc2464f0111,1
3481,1326856200-379c7188ff6e69d4e8ece05510d92f7e,1
3481,1322772240-83df339a637959c85e05104f58e85bcb,1
3481,1326612300-7bd21d9e6fad8a4fb87e5a1120795771,1
3481,1321776120-9f2f6bd148ff3ed31c1ea3daf6459dcf,1
3481,1325778840-a222c023ca91de4e32869ad018b13599,1
3481,1324453500-cca0ca38e2dd4a68fdcb18599339fe17,1
3481,1324434540-8d72d2174171a0b27d1d0f679472e51d,1
3481,1326425160-7f13b727d61ee4f408d956243f8204d9,1
3481,1320563580-297339a0b5e73a735d146eb70fed11ac,1
3481,1322267760-2dfcc6b18ea44aa53ffa71c6daea74e8,1
3481,1325945940-466c54b9db7c7c8de7a0e89e8da403d5,1
3481,1322631300-9e56fc73ee3fc8afcdf042178aa3e66a,1
3481,1326008220-be2bd42f31a1ad54b65cb1f87051161f,1
3481,1324284840-5165df3e86d04aa397b930c83cffc780,1
3481,1322630580-372c2f3af73041865690be6a3b296618,1
3481,1326068640-ce8bc2c9bc554303952683ef14014b11,1
3481,1320680940-c90aa6e04f9553c51b2fe429215ef727,1
3481,1326274140-13d0efd993323d8dbb2fb9391711fe51,1
3481,1323500340-14862382c8d5512769f42c717f1d9737,1
3481,1327016880-733ff846198a646cf079f5c53d7d26bb,1
3481,1324756020-8041c00b89f07d7f3692c084114d809e,0
3481,1325365620-7f77e7c9eca3a7fcdcd11d7edb06c231,1
3481,1322707080-ae7eac057fbb4855285993927917beab,1
3481,1320185640-bf0b59ce903b5ebd4d9434adf7818c06,1
3481,1323692940-006162631503985b975004d22f982579,1
3481,1321157100-c219ae9ac13ff95dfbfb1a98e3a5bba2,1
3481,1325730240-58a2f485614dc7a6a8476f1cedc2a88e,1
3481,1322027040-36e80bd0ba51eee6b49ce9a5c9c456c8,1
3481,1325473380-c4ac1e82cdf2afb34756060961c904a6,1
3481,1324033440-33306cf9189d74fe66462a541213fdc0,1
3481,1326619080-035aa47df9a99d68592814894d33a826,0
3481,1322206500-99ec852b878abc8365092390b0edd454,1
3481,1320482820-60dfe0a3b2aa87b4005d20014276b066,1
3481,1320485340-6b1cae043ca02e8a41daeeb74f2123aa,1
3481,1326833820-2aebbb314bb5537ad066aa0ba7856f20,1
3481,1322117700-14a93cba61912161fb11e98658f68b6d,1
3481,1327394460-811aa80b146b1c7e321656ecebb49551,1
3481,1325274600-8e040354f05e73b9bdd0ec30be11a988,1
3481,1322609100-716fc660f09f61a94ff234868ae34e03,1
3481,1325727900-c5c7d398761c47f9c0fe3f0eb5a7f9e0,1
3481,1325472780-a8711284e30154b3da5587a7efa846a2,1
3481,1322073360-8e5d709310b05c865df7e1cd3070223d,1
3481,1320975180-a9072f673f83f7daa8fe9cda97dd893f,1
3481,1325797680-2a23e102285fd5720b2bff8fc12d5888,1
3481,1324019040-6ba9e77a567a4fa34c0fb6619a7504d3,1
3481,1327455240-39072264f83ba05c0f15d5a1c310527d,1
3481,1324309560-dd293841c82fac2c573bb47dcbc47350,1
3481,1325157060-5ee95895a687d54f2d081d4d265df605,1
3481,1325467680-54b6a736f688a9a0dd5d235eee7f70b1,1
3481,1321082220-74256fd91545572d6645a9100f61ffa0,1
3481,1322808660-5d9fa5bd3fe57a55d92eb0186393b7ae,1
3481,1325668320-012bbce1033642072206253e20bb4533,1
3481,1326909960-46c635ae137494f78a65a3c3bf66d22b,1
3481,1322562180-454813993a03339e0296ef38fa279e99,1
3481,1321657080-d6d65724285dae690e3739847ea13d00,1
3481,1326391500-835e50797156c4a9224887d810c4ccec,1
3481,1323807180-dd6d1379d747d4adb57f009f4406eeb8,1
3481,1327212960-403b0a12402f25047eef95fb8aa76c53,1
3481,1327345260-67841d23562c7e78bead732140eb138a,1
3481,1324975260-518ea3f52b17a600df4d21f9a88f284b,1
3481,1326630960-c44b2086a64795b9b1b0ac90a9a49af8,1
3481,1327970580-3b66edb93f9c8fee8f74a3c971a98406,1
3481,1326496860-28a41c46ecab4046ee1808c245d2fc67,1
3481,1321428060-4a1006f29112a7c7428d46055b51a4ef,1
3481,1320911520-4f7978d8c8e12666186598663460e9ba,1
3481,1327483260-dc80780607b0979e9aed395fd9207752,1
3481,1325468160-b6a9debcb5ff5ee52e5c5522af948b80,1
3481,1323015840-c1219383bd89e6c1799d5c44f7cd806a,1
3481,1324514400-d92b73d57b0658b76cd06cb98723833d,1
3481,1325468160-baecd54f6d9c2815149d5a8852cce4bc,1
3481,1323820200-3586d22187f667fa03eb35e5927bfed3,1
3481,1327588800-284fd325388155c1736535a0dcabc778,1
3481,1321448280-940ca6f80071ec34dbd7ee94733e9f02,1
3481,1320905160-b6cb5db3364e573a1ceda56211d2cd14,1
3481,1320706380-96484864c3f2ce9d7c7035c9e24c5ae7,1
3481,1323592200-7c3703f287fe57895294898bcf613518,1
3481,1324905240-33bf7b303683458658b1d3a5a664964a,1
3481,1320984000-33eb6b988bf02c60f05c4ebfec006ff4,1
3481,1324024560-f311b6f245076398c1e7dd95348e1051,1
3481,1321312800-2d3d46d9d94e9c6a25cb194590d113e7,1
3481,1326391500-62f8c2e106c2beaf58895344159e97ee,1
3481,1321418160-b067a8a6dced1e89232a7438a9ae6447,1
3481,1325233620-47a729c27b5c294367ba037f804fb9cd,1
3481,1326377700-445cf5110b0233090708eba2c8d021d4,1
3481,1320167760-2aeb35c7917a784f5ae2ea9e729d3875,1
3481,1321424580-50e75464db93a542a35599d2c85afb7e,0
3481,1321973400-c09fd4d05d635e34e4e9dc2b835743ad,0
3481,1322616960-b3b6e1679d6e453aeb61388034fab9bc,1
3481,1322899740-d97ae710dbc486b744e5bfa835deeb32,1
3481,1326236820-2893276610de9193dcb24a2d24488b51,1
3481,1326442380-596606a7fd3f7df4223c3a315e51abad,1
3481,1327160160-72e5d56da14a3ba39642861f50d3cb49,1
3481,1326378180-16ef563044472ffd9919e65b8725efd7,1
3481,1321912860-9f631106bf7c24cb5b7aa13b47b4938a,1
3481,1327622880-6370ab61da4984878899d6dcbeb6bfe8,1
3481,1323009840-9b16a0040666775bb170dc719c0aee17,1
3481,1327980300-9ec5d49e2a903ffecf13a660071bfa8e,1
3481,1327042980-14c80f429df2a58e260a55553a5a6601,1
3481,1327252800-b81d9f3dd0800aa8de1b0df9d90cb025,1
3481,1322039520-9e858c7b2e81c83c81f5f40462724d5d,1
3481,1324446000-aa6819dde23777a83ae59ea0c29e97eb,1
3481,1324446000-0a36d64d0ec27a4f7348d4e98d2073a4,1
3481,1321721400-f5326f517aa84eda0b04ed41144f6d47,1
3481,1325631420-015daecc9870e2c2029104f348d623ef,1
3481,1320122700-1217c2bebd941d80d38d81885066096a,1
3481,1326498180-9587b08fe0b55d3febfe977c5014baf2,1
3481,1327158120-74527c6cf219ce619a7cb8efe46afd5d,1
3481,1326380940-09b60821c05d494b347dd5dc4d6d5422,0
3481,1320598020-fac116a70d91acf46f59c63bb3cd80aa,1
3481,1321924320-cad68d8f83af8ba40c0cc1dc9042e971,1
3481,1321556580-7ea47ce2c792d9ab7262cffdd3d60b68,1
3481,1321615020-fa67f13fb30ff04abbc28f677fad8e5d,1
3481,1327327740-f6ea71ecab59556e4ff167361fcf4c11,1
3481,1326556740-c6c35a215a87ab9d5231055fd4f7ccae,1
3481,1327420200-75e9d3016c8e6bd8772e004fc171255c,1
3481,1320626580-05859fe0ec403d0e8bc6c17e8a4425cb,1
3481,1326735240-316ff2b7ac4aab1c27e61e2d7e485188,1
3481,1326379380-c52e380e8fecf45c2d0b39a9143246de,1
3481,1324370400-9f0a1fdf7a6136d52585e9d7798acb03,1
3481,1324372500-54ba2c9c41cbe78191d8cdea3e090706,1
3481,1324392780-6af580d484f81f96a7723557306bc6a9,1
3481,1326377700-505b61cf339e7522ed34cfeee5f6725e,1
3481,1326011880-baeb42f8d449728db35918cbddb71fea,1
3481,1327821060-a57939beb1ceea210fceccfa05f56489,1
3481,1326011880-5499b0c8280c06d8bc593f1ec49fcd34,1
3481,1321438320-41d09ee8cb6a9d8bb8bd04309da7bcb3,1
3481,1323888060-831fc32f0b45b46fb92212649970b1d2,1
3481,1321887660-1ce9b6083d177e7203a5be09ca42668a,1
3481,1321290840-fefb8697daf2b2fedf19b05620706912,1
3481,1327718100-4569a61476fb9fcf8b32d7b4dbef29be,1
3481,1326554340-2f9a823f4ef8cdf0d3e794a3fb7ada90,0
3481,1326216540-3b46269c91f26a8dd1943f9fa5bd6ff8,1
3481,1321294920-d43558ae22163c955041ca853ea809b9,1
3481,1324148700-39604bf558d916cb874429fcf464d300,1
3481,1326479100-f94ee8a3741bbbd6cac2ac7d8a754d1f,1
3481,1325668320-dc6c74985b55f430a485d6527dade4c0,1
3481,1321291800-0049a868a26e55cf93ead3b0f0ade832,1
3481,1327971600-3c5e3233d9aa79d3e475da4006f0d5a2,1
3481,1326168240-b0c3ac3ef78f6d5fdb874a05debceca8,1
3481,1323718920-40c55ad2d7441707f336894b7d53ba20,1
3481,1323088560-c5c137d766c38650878aa18c79887055,1
3481,1328041680-8c69be12dfc871869c99576968350647,1
3481,1320744720-a42ebd3861e2fea7c9ca83d581d65ac6,1
3481,1326733020-8d42ae7305f9a8f614f1d98bb104f20d,1
3481,1324455120-31869c0eee65e2a702d9f5395bcc6427,1
3481,1327434900-cc9d0afebb69078f89e329f8043c78e8,1
3481,1320911400-fc041988f0debc40ec7a9e5132b0a7db,1
3481,1327424340-36f0d1a4152894f6478f1df8c1386373,1
3481,1326577680-0f676d1579d2b5e8f415b9a02ca77941,1
3481,1326291420-906b80ea3560135b7eda6df1a4f927ba,1
3481,1322638620-44d0c7811761b40a27e9a9488cfcf103,1
3481,1322179200-8cdd6842586f46d57c861c2ef26a8dbe,1
3481,1326577680-f042dec779b0520b835d4987fd8ce48b,1
3481,1322916900-5a1322a5520f98b4c4d54fcc563f242f,1
3481,1322063880-57e84900627d92596f20ad71aca7e887,1
3481,1323794580-649b9a242c1969b1e9ca382abcc31951,1
3481,1324865100-abc3b6b5120501e5765b3fc95b07fca6,1
3481,1326538260-a7c2a6b80c1991b2dfab89f2b4c31926,1
3481,1323569100-dcc057687fcdd3e1a0a44af758b30a61,0
3481,1321012500-ca5d054f6324d5832ededb9639c367f1,1
3481,1323992280-fcbee5ee7eb38a18f0f508a51a370618,1
3481,1324853400-4981d0e94fa5c81921262abd035984fe,1
3481,1324859520-977e3fdffe6e162f2609d28da6171fb6,1
3481,1324772460-12ac20f1e67d0b8428f139a221f1992d,1
3481,1324847400-118fa0df3d927ae60aa684ba7c8da9f4,1
3481,1324870740-98567906e6622ef25c229ebadac3762b,1
3481,1324876620-a8f6e9deb0dda46da4d7604299113409,1
3481,1324841820-a219c438e6c19b97a6f732f305b3f0e9,1
3481,1324393980-44ea3fee014bf4538c7ed457a1478e97,1
3481,1324411500-fa6233d3ed79526e3644c7757a2d98a3,1
3481,1324440540-3bfa221ed4747f1bf80230120d29bd46,1
3481,1326479100-3b4b75ad6062d557359e68c3ecf2d504,1
3481,1322828820-6d7f4a0310b85d9dcebb9f19f4d40546,1
3481,1326733020-85919148921f920814415ecce25d985e,1
3481,1326733920-11107cc9a5ae46824298b4f2151065b4,1
3481,1326480180-acac739464330d99b369538702af4d97,1
3481,1322472420-dedab12dec00646a6fd0d0ab91d6eb04,1
3481,1327122900-7861fb1bfa6e015f4bbb0e8dfb90a7b9,1
3481,1325002500-bcc012d08ee963899009f6261d0b79dc,1
3481,1321007580-dead6d6381392fb1e05b2748d685ca2d,1
3481,1324668480-47d1cae529dfee621da424ff9ec10b0f,1
3481,1320417840-74590fc4dd643431f531da53e6bd86d3,1
3481,1323490800-cade7e6e78a173ca03200d48e84f81bf,1
3481,1323808680-a5e30fbed7fbdad77bea03072055eea3,1
3481,1326205440-834f4b459ebb8cae4a820a0a863f56c1,1
3481,1327938660-91dd415a1363374d7e56fe946d9df162,1
3481,1323996960-560c459dffb8b0f2fccf52f66f2260ef,1
3481,1324341180-90661127296f64a0b045dabd9c48f220,1
3481,1323235860-758dc0f22a70e35e6f17ed12c4d5cbb6,0
3481,1325703660-8d7cb67e5d88a4a74571497319adf137,1
3481,1326853200-65bd10c3d8e3c1e4ef1aa72b5a40d754,1
3481,1327967280-3f58905b5746ab93551c8974ae228601,1
3481,1327467720-a79d6a97bcc63b3ce18f7661e5c83679,1
3481,1326913680-19c2cf35194aba92be1b859702e52bd8,1
3481,1327486860-09f9041a7060327ab334939448a85cde,1
3481,1327971600-026b93d68fb5158f3e5d3bedfc8ec8c6,1
3481,1325827620-43b71d5787dd5a46fa327d9fea3043ae,1
3481,1326216060-a1eaa2974c8092c4c3e71aac33570f38,1
3481,1325365620-cc865ba9e77f2b9ce9059c3460d0e268,1
3481,1327684560-d48dd0ee0ad421d04cc00d48d342b4e7,1
3481,1326502920-581e5186caeff1ceb2521a28de8734c0,1
3481,1322644500-f2416020d0f0acaeaaf76a9209f4493c,1
3481,1327680660-04cabdf6bdfc03f58d74e43cdd814218,1
3481,1323701760-c13718db1303bf495a9d1aa30af68c1d,1
3481,1322652000-84a6e2aac40fa20b0fd1f316d3fd7ba2,1
3481,1322193180-0f75d7d90d7dde2b92c05c3da6699ecd,1
3481,1326231000-14bf3810bdc0d2fd7e01dd8660961fd4,1
3481,1327971600-891a71a6caae7f169d8fa2f203e6c842,1
3481,1323153840-ad671b1ee45e77c7ea90339a8b766f49,1
3481,1323199200-f936663ff44c69b150bc3622a8a63283,1
3481,1322664840-dd99fefb80dca08ab550d8f6b441b7d2,1
3481,1327880580-1a2b4f92f33f3e090156a04b3f3887b1,1
3481,1327953360-1b12b0a698ba89cf4752a5f4e548920b,1
3481,1327974300-f89b80439e782459775b0d1fdb0a2ce5,1
3481,1325366340-beed097ddfa640ac5b9947cba7fb36c2,1
3481,1327981320-9357b80ccd39fd15976b62a921eed2fd,1
3481,1327995960-2ce5df1013bd88c31472b45f8156c7f8,1
3481,1327971600-cb5e049b705c9fe0fd963b532f260da9,1
3481,1327971600-78a5be99a5bb6bd46bbe207a25cd8951,1
3481,1323153780-403da1fa1e2cd5fd63e4ae27e3dae099,1
3481,1325551140-24404a3c3897d3e6daa8f8ba63dc82b7,1
3481,1320986280-c182040ebdc2814802d054a6185dd5ca,1
3481,1327130040-f7da06496dfdcd5fc48b08891f552553,1
3481,1327880580-2b897555ceb4581804ed010cfaee451b,1
3481,1327521240-f27c20b772cd282907f994b434624d20,1
3481,1322694660-a79a47419e207760c5aee24e8767cb2b,1
3481,1327555860-7baa24a1a632ab11d1b959bb56586a36,1
3481,1323992340-c0795803254d5fff25ae11595f3ae5bd,1
3481,1323408600-16b77158a9a04da9b0e91c27be5f6314,1
3481,1322694660-459c5f315dcc7b4f134577292f202832,1
3481,1327723080-48ffbeb02ad6b386898b3dbdd907e029,1
3481,1322866320-bb77180b94c750b8de38eed6d5ceccf6,1
3481,1320626580-d3358e0a9156c0740fd64ab0ceccaf13,1
3481,1323992340-0c9943fa6d4094780f88c2a0c7bb0deb,1
3481,1322438940-f9a3120bda3b7c20dbd34824fa2f4ec2,1
3481,1327992420-f00248a50afc24f33dfee0057f282b7c,1
3481,1323789780-55be9733500a68827104416d9a73beec,1
3481,1322334960-3cda628e7a65bc79520b524647184aac,1
3481,1326924960-dc3bc53128053b69030da08a3d49b769,1
3481,1325980440-3a7314d6056b9ae298f2fc0914c03f08,1
3481,1323826920-cfe1ba22354c9e586b3a8f8342026a86,1
3481,1320441660-3a7c421f42074b2a111c9609f0d66cb3,1
3481,1327880580-0635b868c39023323dc0b72ff415c2db,1
3481,1328055960-fb09abdba0f5b685c8704d35acdcc84b,1
3481,1327992420-fb685e119291788a23272f5c577ce9fa,1
3481,1327646760-897562390700f0c6b66aa16a0ab3a7f1,1
3481,1327971600-decf0b999356531d26b8999c6118bb64,1
3481,1323408600-fedcbdf710451ac6f8e5a022d68e4c82,1
3481,1322438940-be7dfc68258d79a916867163be8974d2,1
3481,1321569780-fb6018c42c793668f59848fd0c14d8c5,1
3481,1327213800-70ab952b6d4ae8b5980f23d211ec0d06,1
3481,1320441660-b3a6e1cd566ebacc23ebd778c1d347b1,1
3481,1323809940-24d788c78d2d60b34ced84487433240e,1
3481,1324870860-56581820dcf31dd1f33766b88dbf5fea,1
3481,1325551140-5a7d9e2831d81a12bcece572f30fe0b2,1
3481,1324681680-204a4cd4af21c9afed1c63bdda50adfc,1
3481,1323992340-3c0147faceca1d1f788dd1ceafa9679f,1
3481,1327999200-02a279d632894b626df90f75d00df0a0,1
3481,1328030580-cb147f3cf87b8a5cf02e1635a9058879,1
3481,1327521240-a43d6f66a809b31b8f9cd571b935a6bf,1
3481,1327971600-9469519d8db1538b6cd041f98ed0a719,1
3481,1323789780-2e427636dbccf396c54ab4d1776ba962,1
3481,1328032920-b91083a7e22c95f2ad2973ebcbbe4e88,1
3481,1323494280-7b025dd62a0ae3759c32e42c7653e7c9,1
3481,1328026560-61108364d55e8d12e6dfc39c676384a8,1
3481,1327971600-d6aa6b5aa6abea11fa96093262c5a17e,1
3481,1327381140-378e4f6592b9e299e84e5db8a50f2833,1
3481,1327983480-5a1f27ced95d24a3d440c352a1475699,1
3481,1323789780-57b84066112db09eb532719be3b2f396,1
3481,1321421040-74721f45210e0303b2fcaa700fdef340,1
3481,1323826920-3015b2723dab79f888f79099eb3d5208,1
3481,1327966380-899632baaff9fbac0bb7461b0adf28db,1
3481,1328041680-4e81c67c8b75d49063034162d209806a,1
3481,1320626580-5c8cb0b1cbe9f026b6167da4fe8ec4dc,1
3481,1328054100-73af373ef0e42e6d01318dd5facff832,1
3481,1320626580-635fb1edf44944abda54bb9c20d8a6f1,1
3481,1320507540-0badcf5eca68274695fb9af41baeba80,1
3481,1327880580-afff5cf89200fe832253d73c5359dbab,1
3481,1322535840-b89c8281efc94f52781b96af26ad794f,1
3481,1327213800-c8b564b62d02d12ed90ac35408d196e3,1
3481,1325835060-44a541c12c02368cc35494234e61e65e,1
3481,1327988580-c5b02bb235bde1cb4980fabcaf70c377,1
3481,1327213800-333038223e746024f71d28bec9dc386b,1
3481,1321390560-a9e4c99417ca79aac1d647fd641c994a,1
3481,1327545960-42794c70e0c2d1ad536a19ca03749f11,1
3481,1326922740-a5ecf60aedece10762228f8e321f732f,1
3481,1326777360-11b817d90d46253e1f2e435b3afec08c,1
3481,1327213800-ded3ca77bfaaa3b373c1fec883773d60,1
3481,1320943800-a4b309eb03b516be626a02abbb1f1c0a,1
3481,1327995960-ba35e7274df61d8f76f88baf6eaf7bad,1
3481,1323153780-2e30d669c6a1c2abf1ca9f6c1c008df8,1
3481,1321046160-329d6754aa5e4abf70a7000c587dce90,1
3481,1320527280-f5535827aea8c2a963286d5ff760b37d,1
3481,1320441660-32bc792d79ceeb3c47fc296781288e92,1
3481,1323826920-44890ba5a48756a6e395daded140bb75,1
3481,1321569780-61f0964a93e5ff09d5e117d2c9f726e3,1
3481,1323408600-d5cd6e62cc85e63b076316b588f54dc0,1
3481,1327988760-076c3fa8d222ee92e9744941871d44dd,1
3481,1328037420-94715313ffd75137dcddacfb52413e36,1
3481,1325835060-2bbf45613e2fefaac7ac31d2e8b9709e,1
3481,1326093300-6c58369694b7a282131eddf54f9d8057,1
3481,1328037420-aaa7bcd05b7c0167eda84a81fe989f18,1
3481,1327966380-1ca9c9b973e2b5f63c3c4abbf6b57cfc,1
3481,1328037420-05ce1cf3915f6e585db7dacad4e40bf7,1
3481,1327974300-a2690ff0f711868cef5a1bb78d598705,1
3481,1326303840-c41544cf9d37b8af06b3d26272db0ada,1
3481,1327988760-fc8efd06d179e9b1aec64d388e569d3a,1
3481,1326303840-b0416283a5b6ab77e5175ac0deb3dd30,1
3481,1328037420-fda12d2dcb25d866e93f7c7021fe7723,1
3481,1322438940-dde673917fb471ca0ed2362f94756231,1
3481,1328037420-8bfa1eaf16336ad8c2cff598337f7bb8,1
3481,1325551140-33eab1e92f65278d6a3a1b34c4a404cf,1
3481,1320441660-ff19d4dda9936e97c401f7408c18c126,1
3481,1328055960-266154ef530147ab6c2754393b0b5338,1
3481,1323408600-61f97ffe78224fd166abc93364969aea,1
3481,1326924960-46de60fc9d7f7d8957bad785e87f139e,1
3481,1327966380-ac7dab6e5a5d9ef701e93818ed207881,1
3481,1327988760-3d82d096f3f3cfbc4bb092c76ecaecc4,1
3481,1327646760-dbd1a114d9dc2f45b16c0d62592566ef,1
3481,1326303840-66431e69af21a1b926c42da193891af6,1
3481,1321569780-f03b474727f9e55c8874a990bacc3935,1
3481,1323992340-7c9e3c58e99aabe2205f87d858aae3e0,1
3481,1326762360-b81eda2d924125faadc2adc3f57ef206,1
3481,1327347720-5a084b77582b662d8974aaa4a7451829,1
3481,1320986280-d0bdd91d6600ddda8eb03f5175db7fdb,1
3481,1327545960-46b7ae3775a6b7a67c30c2acc62ce982,1
3481,1326129840-436e4bd16f900beca4799e7618f4df2b,1
3481,1326777360-4583cfc4e94c14ec14c75cc8d11392d4,1
3481,1323826920-cf6167d3f8ada26f6d3f3c272b8aadea,1
3481,1326924960-f916180ceefa413b8f2408a40a6caf86,1
3481,1320626580-f7dcdd2931be0d286b1c78196a2ba385,1
3481,1324609020-46f0b23a76a00d47befa0dc0cfadecbc,1
3481,1323789780-79443262b3dcc8a3c8ff9f58e4e72769,1
3481,1323153840-9371d50dbfa18e2e86a6acbe51441997,1
3481,1326924960-4371b47664899517c2eca7cc786a248e,1
3481,1326093300-d8e8bcbb26904c44fa99a767eadb3080,0
3481,1325835060-d95cd4c0023b7b730334d93c6c8d753b,1
3481,1322680500-c344858f53ab436312265452e909b333,1
3481,1326777360-57e692c7843553260477237ca511fbfc,1
3481,1326777360-de81bd7d104ed6b74387eb9bd777be8d,1
3481,1327213800-10c40dda25ac8d4909028c4653dca792,1
3481,1322296800-6787d27d46de3f86ac208bdb3efc317c,1
3481,1323826920-c2f44a15c2931a218970aec695eb6dd1,1
3481,1323408600-dc39a61f82825c5810bc753285105746,1
3481,1327213800-ab879628afd471bfeb697aa70016cbe2,1
3481,1324870860-9350a3aea063faa4d05d673110d89c2a,1
3481,1322296800-1d6becf8452696fc2389d19578b0a60f,1
3481,1322438940-45042edaf5d9d4f95a45183a6f2b7e8b,1
3481,1321569780-523c0ff5098d79f5d84bf13b45d36385,1
3481,1320461280-4b8ca7e143d3b8bc9e8663d8500b5879,1
3481,1323408600-33835bb919594fd4616841c64c80eb91,1
3481,1323809940-d2361313dddaab6626317dba4ff156bc,1
3481,1323809940-4f683ca873eb3e959657db14baf4c110,1
3481,1326777360-abfc9f0b9e7ef2c95de74a31936ec847,1
3481,1320626580-0d24a7b88efae310ea5b4da8861f95ba,1
3481,1323757620-f7acf3722bb2102895c8edb597299fe8,1
3481,1327493340-c3f7d368c5b5a175ac8c0011c5351fed,1
3481,1321157640-593e0310b3cb574e447df3ded0716d71,1
3481,1327880580-c7863f3751848bb3a282348d2977f110,1
3481,1327347720-f6e71722edcbf6486dc9d287be7f73b3,1
3481,1327385520-71d16e0f09d4c0fc4fad763ebf23b28c,1
3481,1326303840-3026bd63fd993ed9835ffe20255460d3,1
3481,1322439000-c8a952de36522f4e46d19684d33918da,1
3481,1323809940-cec76eb8add7552b34b4f06508942d6f,1
3481,1322438940-a2908e04098fd2aef63f2b3d2c2d9904,1
3481,1324609020-c0092a32ee9a09725cf5c0db820adf6f,0
3481,1323450660-610e44040a38df4682aab524ab06023c,1
3481,1323718320-5117edae58f8246d2a23fca4ef1ec3d9,1
3481,1323652680-2cca18a451b13114e492f6de03cf40b5,1
3481,1321168740-65cf608ab9a754d1f02da9c478c5d8d1,1
3481,1324230780-0b2c40dae90f3fa913b45caaaee30aa6,1
3481,1325389500-d0b701caefb1f70ea147a9084fc454b3,1
3481,1326811800-39e21055f7eeafb846b0e55268b5704e,1
3481,1322749500-ffa52b50234c7228d536322ea47c2696,0
3481,1320426060-2a8100ec1c8f54ac5d8659cfcb1179b9,1
3481,1323325500-c9cf2f8f286be0c02db64d89db426945,1
3481,1323624000-2a1484f1e37e5a431cbc1e402353d206,1
3481,1323171360-a42e83c99a6b5b9daf75280b0174cc66,1
3481,1322737500-c372a4c6d34163106531bc9f001cdfb2,1
3481,1327832820-58877b06999eaf4947dc988a7ed9cfaa,1
3481,1322592120-597a86730cc077879d39ab16a0866b4e,1
3481,1323674220-46294bb4e5d28d51ae2365e2b84aa060,1
3481,1326811620-5a853589e5ef6edfb2b6fab5d80160b4,1
3481,1321082160-fbc0611a8e8358626e9817d5d549657a,1
3481,1323624180-31fce229ff4c3bf2e74f2737b79f70ba,1
3481,1326354420-d70c13d199d4bb7a5fa86c632eae1d62,0
3481,1323624300-9e1c4ee807c257c373f1a20644ac5678,1
3481,1324143000-7a6dc2d0c650b9eaa4c9b0c14a412ded,0
3481,1327040160-d7c85788f9f4b8b3bd684d147bc64854,1
3481,1321369020-a11abb32ac4168439477e7719a258fb6,1
3481,1321510440-d1a2401da735c7b4ab2b73e32c29aa52,1
3481,1320817920-64dcd96380d51dbc41e2e128a2a2f924,1
3481,1325356140-d88f45270bc44db3d511267768124b02,1
3481,1324902600-4feeb82b00a954051c0dbb9a1e8e2644,1
3481,1320890880-0a68fac45abebe39e60647b624ca239b,0
3481,1325401860-382d6ded68eb5bcac5fdc5731102cc89,1
3481,1325406420-537970d6c84290f6abc36e84bd4d9abf,1
3481,1325372400-a82edbdc41068c2bfd74f1d6ac52356a,0
3481,1327209180-0090b33efc59142c0a03eb497283e569,1
3481,1320940560-d8e93650b21915d90ee4a97f804cd32d,1
3481,1320940500-a7af9029b7c586d085b3fe96ad2b0041,1
3481,1320561720-7f88b850ccc70dac23d351cf27d9a764,1
3481,1320866520-6ddf3713b9154cbf6ef845fb4d6afefa,1
3481,1320866400-dd4db0000a4e484e97e92411290aa183,1
3481,1327383780-31bb1e223f1c3d55a97a75e7b8c9363c,1
3481,1322725560-76dcfd17f68633a33cea8c6b7077c8fa,1
3481,1322643420-bc55aa417cb39fb20b3a058883671bb3,1
3481,1324288020-cf0ac6a2aaa7ab4a3684ed02ab77fed3,1
3481,1327619520-986afb857de758f5d7b1a20efaf61c35,0
3481,1325752380-18d246deba66bd8be1e0a7526a240eff,1
3481,1327465560-a95eb2bedd92c4734d8838e8168747ab,1
3481,1322680500-9b08aeda3d8595fa6d5bbb47c6066c57,1
3481,1323878040-d0e1373a7d1910662f1492ba816c6737,1
3481,1321488120-c4584e50a84a99c012bcd7d319daed2a,0
3481,1323815160-2ec26a165399e696e212da786e71e897,1
3481,1325852640-32d104594d3f50196687a14eab14bffb,1
3481,1325914140-c944142a6ab40ef03e172e1f61676fc9,1
3481,1325914140-99211c82447676c02fd80f82ed027e21,1
3481,1323630720-427d0394371c2f06f4211a887326a7c9,1
3481,1327646760-221ccca3e0c99b1678961575d2750a32,1
3481,1321875360-0020c93d7e4099b8aaa71f74011597f5,1
3481,1320765840-605df69e7346fe4911def96199846ade,1
3481,1326130740-5b794787af6070b17258f2577a39cad8,1
3481,1327216620-f3ce0fb73b422a9df0b537f815cce205,1
3481,1326418500-3993c48f10618f59e8c8ae7756d06469,1
3481,1326394080-c593f0a585309f700f2cca74a0de6325,1
3481,1320754440-dce6ab444926caadd3e4bca5ec98a7ae,1
3481,1322630160-d4327d3bfff26c09bac44868f58c7d1e,1
3481,1322989020-144984b9d46d7e8f70968544eef54ba7,1
3481,1326590520-d359f25656cc63ee9f5693a504f3f32b,1
3481,1324196040-1cdae72b1937bd961ffafa32a552e08f,1
3481,1325816280-c7059aa0aaa54ea715343741e96d8ff1,0
3481,1324407420-a95d7b2ce92784bf2849e6ffba48ecec,1
3481,1327845540-6c7f4e4e381f1e3816b5006c0bf69eb6,1
3481,1325720220-f2ef8d67d63ed18968e03d7d71fad9b7,1
3481,1326226620-b0817ba55a2ded11bb3630e5f29b44a6,1
3481,1326228180-a9958270960899ad2a884e88ef37c221,1
3481,1321414620-6a8278f1fb208ada8866413bfc391f2c,1
3481,1325666760-88e4d9ff1d0b40edfa9ce029752b1263,0
3481,1323775080-538247521d8d384e66862f6cb8f2de79,0
3481,1320470640-3f57227dad0bc44e56ed2efe7083249b,1
3481,1325620500-7c97a239afc124638b5a289fb8b3b1ae,1
3481,1326179820-16a005dd05be5fdda6d518a12e284c1d,1
3481,1326261780-4ae32f8df863c1dc17d232fd27862538,1
3481,1326222180-10e0de0e8568ff77b2614364ccc5f7b1,1
3481,1326481620-208cc0897750dbe3fb7667de4869ce58,1
3481,1327404360-76b58b37028401263a3c8223bfcb7e08,1
3481,1322784480-7275a78cbef582fce1f1c278c5e8415b,1
3481,1324288080-17464c6a378b416a6b5f0bb386bf769b,0
3481,1325194560-6bef5256dd400154a2742760ad3c465f,1
3481,1322737500-cff6860af263ab746ed0f8186dc6afee,1
3481,1320765540-b6669a032e61295325edc41dadcc00c7,1
3481,1325750220-f895ae2d2e7a77833831dcb24b81c712,1
3481,1323701760-0aa7929f823f95dcfb1efc550f794ddf,1
3481,1328024820-d653154f7874f0894dc92e339ac01eae,1
3481,1320187080-3392b1cf2688c8019442c8209cd7ec1d,1
3481,1326204660-6c140c71176db9b23b827f64346317c0,1
3481,1326950040-bb353b5584dd11ffe3a7df81996e04f9,1
3481,1322488080-6be26d0f814d920e8a80195ab9e5946e,1
3481,1322848980-6d39d1421159341be8b0b21c271fd48e,1
3481,1322889180-00aaee69cdb2287a9ce187ed00bab5ef,1
3481,1326807180-622bb9d0975c4c8bcf41fe6e2a6ba27c,0
3481,1324424160-cf2de5cdab147fd705a6cb5d8aa0cfa3,1
3481,1325289540-91e68e151534a7aa016ca7531ba41fb4,1
3481,1326292680-d1ac5ef3fc09bca88e4c2d08de964718,1
3481,1320617700-6dfbe83cf705808459f702cb2f0971ba,1
3481,1325025180-894c1194f4284119893e2d4647c568b9,1
3481,1326813060-5f6ddf64fcfe402dcd20a930474c54c4,1
3481,1326467580-47f82aba37cfb66860acee6fd16b2705,1
3481,1322862000-6fb385696963181e80d19db491e81d6e,1
3481,1326892620-071c2d1e6f1dd5b76a7b1d7cc84e641e,1
3481,1325051220-5bdc0cce17e8cfcd5a20bcea9f8a23c5,1
3481,1322960100-715ae8b24fb4f3c6b22288de93e4662a,1
3481,1322472420-b20a97060ff9dc1447dd96444aa2ccc6,1
3481,1322261100-f452d810dae6be12be652ea9e003aa13,1
3481,1325860680-163402ed09694e661fff8ad4c29992e4,1
3481,1325860680-7a7a76f9579d5d5d63a9c4209ec0629b,1
3481,1321115580-722f4d660e05bb31ad32fbdd244cf5e1,1
3481,1326481320-9c7f73750e406474295d37d6c7ff6c13,1
3481,1321460460-f9283b13d4d56b72a2eef3812bda67c7,1
3481,1321420260-5b1f6b27d2761abcf7b8a3e8d2b9fa4b,1
3481,1325930820-8564a35daea1edbae944ffb93acb5c19,1
3481,1327538100-aa4d1639e7ac4543df28e1ed7ec87e4c,1
3481,1320468360-32cb056e00651969b99f82088eea5343,1
3481,1324546680-a65c2085232bdfe8a04650d9fa849b59,1
3481,1326921780-ba520d78181b4597fcdd5c94f2db0e2e,1
3481,1327823520-83f8eacd490edaf6f8b3ceeb8598f26b,1
3481,1323877080-f0375a12e65c10f4bc1f99123e0dd067,1
3481,1327905060-7e35ea1e59f30a25b1e05580b0c8b507,1
3481,1325370780-381511d12a062c2956710a77868938f1,1
3481,1327600440-fb7b5e3ff95c5ad26aac99e05ec64818,1
3481,1326898680-a177f667a1066f292ecc39297e9a9a00,1
3481,1320809940-7fff9de97185d991e8ed8dde8ee1f95a,0
3481,1323736380-1de445be9f19605a3d9ed7697941470e,0
3481,1323490620-0352a21252cbdb8c050c26df9f4322aa,1
3481,1320594000-73620035fde4c6dcbe76c5c488242118,0
3481,1325365620-dae4555b5ba93b671f5ab80a91e9002a,1
3481,1323908340-ddf5b4784e7e873e29ae117697ae28f2,1
3481,1325285880-a2714b21208132dff02116a5abd2b8d9,0
3481,1325237400-319e2c8b5808497dca9b723b48716dee,1
3481,1323848820-ab1415d7eb626f482199509676ef052f,1
3481,1325003940-0b02e9741214c3a83456b4deaf6d7ed4,1
3481,1320684540-acddbcc94ce6215e4b05067a4b47047e,1
3481,1327642260-513672c41e2a17c4e05c05f8de5bb803,1
3481,1322092980-0e9f88dc804c0b5a7093c7e1416de747,1
3481,1322787960-2676d78e0742805b670e58e1659af74c,1
3481,1327000680-332b3b2bca9162e5ced6ead9bc7ad2a7,1
3481,1327387080-4be187688e3c326cc94af98fb9423fd1,1
3481,1323475980-3f5e322c4b198625711c866089fab249,1
3481,1320553800-b6cec2623232cd37699f010f0f2c37c6,1
3481,1325075400-44307e08e5f85d564733213ee2034b81,1
3481,1326358860-3a084900e8d1d843fcee6bca755f28ff,0
3481,1323166440-c5f07bc74394822265c8ed6c9fb54deb,0
3481,1320392040-116be78c49d19777daccb8ff9fd7490f,1
3481,1327067280-bb25ed7de6b6bba918c3b0312f528b71,1
3481,1323390900-241576c26eed9d9d5151654adb960273,1
3481,1325429520-0a37d0c2440dcaccbebb6c2dadb4ed26,0
3481,1321062120-c06c01464129eef7a3fcd37431596b4f,1
3481,1327030560-15c673f44a3656884ef6c24144e9367c,0
3481,1324050120-3c74578451ff6bd4fbba3144557dcd14,1
3481,1320208500-f7da7234bc4c2e8e2841823118a745b1,1
3481,1322106660-763035ce4bf43cc01d809377ca0c0e7a,1
3481,1324977360-cd3beb949ab498498dd810f96cb0b9d6,1
3481,1320927840-bb8c571ef4aefd2c6de4abe6af6a2ead,1
3481,1324977360-8a8e3948cadd7031b8db7bb19877bd00,1
3481,1325635140-2fbe85f7f9c6957e9e8940b2c878e696,0
3481,1326379260-b4ba856a02b0b2245efb6005af51b7ea,1
3481,1325239020-3897d6018207455bafdbe99c4cebb906,1
3481,1325238600-336ddac02644cd5e7548a4b7320893a5,1
3481,1320816000-f1527ae49bd9e8ee48c811192f514a7d,1
3481,1320829860-d84b2d07045325a41691e4c65d62357d,1
3481,1326971580-ff715b03d54c5e759a9828159ae708fa,0
3481,1321548420-cb5a25a43a31625b139cf0f8f57b3c6b,0
3481,1320996780-72f440afbf65c936637e16984a84751d,0
3481,1327835400-7392e3ece233cf3a91fdb44dc5bca2da,1
3481,1322580060-0aefc181eb42f640e8800c4b28aae86a,1
3481,1324891140-a70e9e6ef7ed09e87dbcd9553c79083d,1
3481,1320748320-f29ec970be47fd9907f2635cd2ec7eb7,1
3481,1324891140-547f4bc2a49a52d95da22b056a40efb0,1
3481,1327464780-4e33682bf53932aa2f6ef9d3c42abb59,1
3481,1327777500-fd1c1834965bf7d4ea4151890c533eb7,1
3481,1320649920-bbdeaf53eef7ff3366f7b36cae1a69b9,1
3481,1322567340-4ddac4e5ddc091249e386d30d131c7ab,1
3481,1326630600-7dbc5d1ed4add1a4b10f46ef7b04de75,1
3481,1326630600-54e9c865501433b71ab2b41f169ffadc,1
3481,1321420020-fd468a256d5f523d32540e6f7db15513,1
3481,1322780520-47ee518571f5b22c216e9e7c9547faf5,1
3481,1327146840-bec897e247ada2ec99e2fae2b33b90fe,0
3481,1326036600-5adac74d166aafd933b6287ec0218c8e,1
3481,1326036600-578646d37d5feb6cd8483b3108fc10d0,1
3481,1322433480-9dd27ad4b5b752b420c369369c68d5e9,1
3481,1322119860-78407132a0d5db946614061c8f8a2ee5,1
3481,1323769920-6b26d2133358d21c32ca41c5865aa12c,1
3481,1321291020-7b10bcee6da37370627b8fb0a55d2436,1
3481,1324437480-3c91ce8e840c1f8eb328ba2194ab20b5,1
3481,1327462080-204145b2b89c63b9577e55e2d6fdbc44,0
3481,1323866640-2f2504535e9acff79fb175050605d591,1
3481,1327454220-f35c00532cf5e65ad581e4b9da458976,1
3481,1321392000-1afb81c43388f72984528e924f5ef7f0,1
3481,1325072340-90a9dae254759cb14e781a975ee3ec76,1
3481,1325668320-4150c06aef0b513b9196973e703477e6,1
3481,1322768460-fe13922d7fc8cbdbc4b28b76c5cdf42a,1
3481,1325409960-c7d35cb13a151b89c38c822889232083,1
3481,1320641820-22efb8e567f4390708f2c50e6bd89320,0
3481,1324938360-52b3e81e024c5e021fc2c6296352db91,1
3481,1323163860-b548badb641a3436a0eba92892297cf3,1
3481,1325370780-22fd289c9c0e7920fc876ae02be4bf29,1
3481,1327327080-ab18e9b714a402d7f7f189aeb067baf8,1
3481,1321895100-a7b9a18c797c09173d7dfd758ccd5923,1
3481,1326897120-ce03434fd7aa322a85a8f5c5818103f0,1
3481,1326815040-31ca01bf4678a1f8a043463e7f2286e2,1
3481,1323181260-a7b92210057bfaf4047d2afe1a69c258,1
3481,1324237980-89606d4ddfc8177c3f9d61c0bbd9b8a9,1
3481,1324214880-10654b6755bc85f01d38d50e24ffc037,1
3481,1325668320-f0962ea86218454a35a5edee1be1b40d,1
3481,1327526700-24f6eaeeefbddd9906d109f107f52c90,1
3481,1321189440-db7fff1891f27adffd2cd750bd4028f4,1
3481,1325620140-b17545ffb81458e6ffe474a2203c98a0,1
3481,1320305400-3fee7e270462f1f9e63cefe148c9e61e,0
3481,1322558940-73df931e4deb03e6ed8a7e4d30726d88,1
3481,1326496860-f26b8fd0e83107e851ac0cd6175c7ecf,1
3481,1323289320-baa1309ca37a6679813b240abfb6801f,0
3481,1327380540-9069b43bba2286fe9d87f7f7ed781d05,1
3481,1323329280-29ab892b2a8025ff540df69767be5d94,1
3481,1326612120-7e6df32795e71d48c2ee38359b58f804,1
3481,1327033500-607399994ef098dec61602745517d9c5,1
3481,1328030340-58b4c4ac5c22f5627e9e7c29bdbd935b,0
3481,1325397540-a091ea30f73cc9be59586449621ecfa7,1
3481,1322074920-b4c75adf2de1fba6523a0f0980d75c8c,1
3481,1322373120-df6395307d7f8fcc4ebe88f628214ad1,1
3481,1320470940-f5eae331afce727682cc778f605266ba,0
3481,1321909500-4879c61c21c1b4e0297143203e146f4e,1
3481,1322151840-609ff354817da05e93af4367f684b757,0
3481,1322123340-c677f696a2bd17eb434dfe39ea3a7ac4,1
3481,1327427460-699fb8aba6a78eb9b3f40a70f84e6875,0
3481,1326211140-c806356034e5d9b93fed8785b7303861,0
3481,1324291920-5e5bfec99c76fd9b893d4ba59bc4cbf6,1
3481,1324181220-f1e206c30ac04632722dcf2705dd1f5b,1
3481,1326918840-9a6b72a56b5fd7f98c4234d4e5aea7bd,1
3481,1325842020-07a83d654f7906b07058225a6dd8488a,1
3481,1321345320-53e846576cc12eee47213ab0c7cc3326,1
3481,1321028520-beaf3e9dfbc9c74445446abd704c0169,1
3481,1323107700-f8f868bb4a07d210a89f4e72aa71f4ef,1
3481,1321428660-d055ef17b8994351dbf45abf423c8144,1
3481,1323966420-9901800664dc1fd9817c383bd733be54,1
3481,1320249060-a8dba3e8f5a6db6f44487fb576e14a74,1
3481,1323442320-8c4f3946813d5a957417ee78208d519a,0
3481,1320464520-6e4bf6c1e9d3ddddb373500c59c9e707,1
3481,1327556160-c9d52a5434d4c13cf59383809b6c0834,1
3481,1327578840-b732cd47311b93e2dad05e7232d2f88f,1
3481,1321208280-8372a020dfcde45f1364ef2776572c45,1
3481,1321219680-70cce39875c1e6c081e472b8477590e2,1
3481,1321241880-9181c0edbf085378e2e42240f88b3671,1
3481,1321309500-aa2f492ee8be8c2e957f85baed73ea61,1
3481,1326519000-f96e9e08f9ac834458acadb5d743eaad,1
3481,1325498520-aaf5c41bdbd740b9dd2ec40c1f9c5079,1
3481,1320821280-f6609962b92a33bb735c137cc21341a3,0
3481,1324972560-6429f22d9401b8957a002585d252c7ce,0
3481,1324559640-d909f298600d88e585f4be63482d3416,1
3481,1326670260-c3ff9cf2f8bceb90923d60b9d5e8aee6,0
3481,1327549860-b53b3a74823131d824761df2ccdf47d0,1
3481,1321569960-c4a25f5e5436ae96f194ee61fce2f506,1
3481,1327300920-8a914fd30bc944a2a98e61c21ee01039,0
3481,1326428280-7b2f46dd760558d8a2998bc3eb466496,1
3481,1320644100-1ab0cd5e5a538b3ebc0668df27607604,1
3481,1326519000-b435fd7daca5a95e403b4e0a089b54c6,1
3481,1320622500-7927fbf702e94e402898a6adfedd40a3,0
3481,1320659040-bdc011511a3b1faa41c2ad6ca18c5470,0
3481,1321409400-ca323e77a92bff51790f718ee130090e,0
3481,1327913280-cc38189caaf031d2ff4d2d75b098ad79,0
3481,1325215500-5149045a064b6386c30d67f523cca851,0
3481,1320311100-c66a0fe9f5193ab4b820141cf7bb2096,0
3481,1321766760-0939d06f9e6c7af1a409c1a22683a56b,1
3481,1325321460-d223c8851c5f2fee19e1b3904c8111dd,1
3481,1320748320-8b004d329bfe81b2922ba004684a88f5,1
3481,1323834840-0590bc773cde49f873bab8f84adcc1c7,1
3481,1325629560-551f9520802068679669a6245d10b616,1
3481,1322783700-1e7d83ead440a6d0adcd2dda1bc6227f,1
3481,1323190440-da87e7c1dc6df01edb74bf4edc09df8c,1
3481,1326329940-1a0371480f35cb0558c44717980f0ae0,1
3481,1323222480-069efc368f0df2136c9f40326f116001,1
3481,1323237240-c2a034326f8584e9fd2fc2a014bf019d,1
3481,1325890740-14ad7100766ef96265ab6c87f2968974,1
3481,1325199600-69fd71ac6a3be2345ba40326e76a7247,0
3481,1323260940-7d100608de882815fef5d8fab49909fa,1
3481,1321298940-3e1e70f11e83d60ffd14799267f7ea64,1
3481,1323380880-65b634013504c1ab488028458266a68e,1
3481,1327336500-07e22c09c87fb1f7cad98a6dae82140e,1
3481,1322596980-96abebb44c49e983b44602197af656ef,1
3481,1323376020-a817f88d217f06e7f84ac3c0b2c1cbe0,1
3481,1326246240-c55fa92c1053ff8a5590a2464ddecdcb,1
3481,1327584000-4565b950abfb474a40bff59e83573130,0
3481,1321078860-62825c3c471cd965cab3606a10031428,1
3481,1323026820-2ac6b5e3002e4a99a1b9dfa34818a5d0,0
3481,1321364100-fcd6aa29ef21f5d7f38b23bfdd18d663,0
3481,1325672100-311963eae18c7cd7881379551e0221c9,1
3481,1323436920-77c0f89ea4726c545ab731e76e451a06,1
3481,1325998860-bde19f7b086f51d5d5f76c2e29dba0e9,1
3481,1320802920-c2312bf34fda9b21da0770ade9c818cc,0
3481,1326186720-58e6594f5d18e0d623bf309acecdfa55,0
3481,1320980100-357cab6a26e8389ec583d917afdd2434,1
3481,1320974520-0248b2c7edbc0b8bee77baa1759dd642,1
3481,1327718100-7522724606343964d5960e33c41f56c3,1
3481,1326621480-a8dab6707a11c4b14f3b29cc4845043b,0
3481,1322870700-15e529621c4f37967039fc938160077f,0
3481,1322305740-40573bde9bbe983d21c275d01df11fbf,1
3481,1320722520-b9a2deb790d0cccc9e17a9ddc30c5880,1
3481,1327996140-c8718a06e1ff40b0606e558f88891f1d,0
3481,1323904620-af93787a86e211ca7cda4945b3266838,1
3481,1325692080-6a8bf85b1604b2ed785bf428aece4421,1
3481,1323086460-bfb8ca30e48ebdbc38396dae33f00d10,0
3481,1326042780-0ba523d5a39da6cdcbb0c9715cb5694b,0
3481,1325367600-bda360aac1caab4592e604ac93c0060e,1
3481,1327558860-11e93cff87c49a51eaa92f3e34acea21,0
3481,1323411360-003f6e58ad7ce639e86af8971bfe41a5,0
3481,1321336440-1bfa1aa0c63e04cb6178a19359bf7a65,1
3481,1327017840-a24f3782866fb440778357ebb4ad22ef,0
3481,1321288320-3e6e0ca929ea35663ee4e7058ce9de18,0
3481,1323710820-d7be93ea3f8b748ecd00483f7c572bd4,1
3481,1325658180-b0d498350c1bc1949a6c1225df67c9de,1
3481,1325749140-b2b8e12c24a4b8767c4554df339c00ea,1
3481,1320573780-4dd7c57ba1a50d39ae587d4e9c009303,0
3481,1323287760-0a8e358ab3f44594a5f35737bc025a80,1
3481,1327249140-fac606bc9e0f6690d7b97b924bcad5e5,1
3481,1325654640-1015f52e75341b5f22d8cace0375c754,1
3481,1325251800-6e0b2123d5efc3849cc638fb472ab7d4,1
3481,1321415700-bbaf3dbd9a7cb949e658783f3ad6b7b8,0
3481,1322094300-2d7c0ce4ae6512420c181238580f1846,0
3481,1326946020-fb7efb3824b5a86d69c4fb6efbdc8b60,1
3481,1321419960-4cad35907ac9273a0d901d48d196074f,1
3481,1321687080-8ae5776aae5d76864f47a8ad075a5b36,1
3481,1321496700-ce00970bf1392f1047735aba4cc1b46e,1
3481,1321481100-3561800578b2eead3388a47242b3ae0a,1
3481,1321408800-4a3e2ec5c9c6ec17260171178b37d2bc,1
3481,1321948680-4a146f05f40a6be4c8a02710b196b72b,1
3481,1327128180-0ba55d737e3299463fcf79cafb29ceec,0
3481,1321402980-1f42e66a269b9ac2a91322dca73ef9c7,1
3481,1324997820-6acadba655f080cc4e27c57d12975d0e,1
3481,1324997820-5c4a4cea00bd50dd38fe939809fdbe7a,1
3481,1324997820-483d066fe316ca7cc22672493ef3d5ec,1
3481,1324997820-f71b116d7eb3992a359311d7fd45df12,1
3481,1324997820-003327d8c3dcd311a029d646c531378d,1
3481,1324997820-36d04e4572e74f6fa32e9c8171fd40bb,1
3481,1324997820-92d5d26a77eb0e79604d9870d04a7107,1
3481,1324997820-401b60db6a7e7e594af72740c050c58e,1
3481,1324997820-1427d4b2f43d3eb8ebe80367d7623c83,1
3481,1324997820-db28398f6cb77554e8e08c42305bb8d9,1
3481,1324997820-8006aef891e613d2c86e1a464dfc9bff,1
3481,1324997820-16f7c6cc56bd6656bb2cdb42421c8508,1
3481,1324997820-f4d69e7a396c177d5a4062a00c00993c,1
3481,1324997820-734d1a300302a700710362faac1cb455,1
3481,1324997820-7445d1cb5fa346c9cf410c9059cf37d5,1
3481,1324997820-77ad4a306650710b5ca5c9b6b7fdf1ad,1
3481,1324997820-f23c71ec4a1daa8aa1913a6f39c1c157,1
3481,1324997820-679fcd48b3257e5a69c79d2a803328ed,1
3481,1324997820-11958a644d744787494bac8125eacf34,1
3481,1324997820-961af5d3cdd737a670a1140c4e79b733,1
3481,1324997820-7321c9fa2b61a7b306588f9636a6d7d1,1
3481,1324997820-69f9cfdfaaee806e53d39142200711cd,1
3481,1324997820-9bf1c7907dc1de4ebb26122d97448b95,1
3481,1324997820-880192793da915c9bc399e2956aadb6d,1
3481,1324997820-b7cafc1acdcc496226fe55e111ad2fd7,1
3481,1324997820-4ed623975b5e2a1ee6a984f7412f8fb9,1
3481,1324997820-26eede9fbb769ffaac80a89cd962db5d,1
3481,1324997820-61d569c579b19c9f4331b528ad0d2167,1
3481,1324997820-6770e262603f72077fa4c5e6777b6def,1
3481,1324997820-89bf92cb0d16dd9180fea83600b85b14,1
3481,1325325960-a98672f0e4fa1d8d08b21e77eb69eb12,1
3481,1320799080-50f33fb9f1ab91fda57ad0b48edeaf0c,0
3481,1327909800-78916f05ca7572b5bfc1af705694aa2e,0
3481,1325083140-6764444b560cea38b06b26d783e2a3a1,1
3481,1321361940-9005de2b012471e6c36c81adb0b59283,1
3481,1325749860-bc4eeb79598af5f4ec8c6c1582c8d7ea,0
3481,1327101240-46ba971636cecf6ea5266bcadd6144f8,0
3481,1325469900-474d4c33894d4a96d78624f5065cdd7c,1
3481,1326670260-d27500c8b07d99e5013a79742cf5f42e,0
3481,1327335900-b04c309705ee66ac2fec2c6592063af4,0
3481,1323297000-5c27ecf22d567d76fcb1dc148fb6c287,0
3481,1321305720-547dbf87dd0ff0ce0949ae01fc0bf7ca,1
3481,1326802260-6266fc9d8b3305bf6cbd055507be9a8f,1
3481,1325424240-cdfd5b5b6b447c8252526dd0a0af3bc8,1
3481,1326385560-6723e3d4cc491e23324896e9242b6eee,0
3481,1327095360-46af56d9309315f0df5adb06d39e68dd,0
3481,1326403500-d5265328116e4309a5930c940d711e1f,1
3481,1327879980-6252ae7bb0a8441ddd0a6882c2705abe,1
3481,1321156080-9d54fd0c791e5dfdb426f710796c0352,0
3481,1325458020-d98e4e8a62348b4e0ac6a090f0ebee56,0
3481,1322651280-d764bd173f284734349f5ddc1ff0d46b,0
3481,1323709440-c0bf7f8b3b70d9d4223d536eca372672,1
3481,1320907860-3be466024718a2ac44c685168d9a278a,1
3481,1320911100-69821e3702b45cafa7e59f9534f3f34f,1
3481,1320947640-5681d6e6cbf21402967b0249f54f7b46,0
3481,1325669040-8c6398e0819e43f2a8fcb03939e08e25,0
3481,1325997960-a826fd9e0f129c2968237012bd97fca7,1
3481,1320552900-87268e349e2133d8997338ee89632a41,1
3481,1326394080-d036c4bdfad32865123c4e701f7d23d3,1
3481,1326392160-c05e711129d0f53be4dbba9c8d75e5a5,1
3481,1325014740-8f048134588b38de476a32ece54891c1,1
3481,1325616300-dd57ff3453650fb130e86f02d8389cad,0
3481,1321595160-de3375f4a0f2defd4b2dbffe47312bee,0
3481,1326407940-1f516192961b47e87389a3f91f8763a6,1
3481,1327748280-3766ad0d2a44cec5e30f083c9d891fa8,1
3481,1324490640-23b59cfd1e13293ede9a8aa95ce14a5f,1
3481,1326010740-921e5e695c85d3986b6425c0d5280369,1
3481,1327195500-38d9f76df474689e8263b104c3759ce5,1
3481,1325568780-949e35873f553e7755e67aa82c2aad9d,0
3481,1327641120-1725de4e844e6e0237b7f3ab61030650,0
3481,1325673180-f33bef6216f0d9e15ede8391b7a06a57,0
3481,1323745620-f21ec0a60cd45e1fc26a81f7ca12f635,0
3481,1326669180-f4f87e38af2fbade0e8477cf12526f59,0
3481,1320164640-a0433568b4a2c8f5b8902fae0c0bb236,0
3481,1320774600-da2cdc14fe9623a54fbb89ce0a382037,1
3481,1325684040-98746f3401da139f2f1d996cb7a72f09,1
3481,1327388460-1161b5cb35c2556ab2ca3eb39fe561d4,1
3481,1322748060-6c537a291aaf4217c6867f912d84c7f0,1
3481,1327974300-78d2a2894505838dc0ba0a6e87640757,0
3481,1322848980-9ab03b3c32e22a878bb4d49f2d0efc13,0
3481,1327558680-726bd90daa2e54ecdc518c31612cc07c,0
3481,1322999940-d1a76d1f763c8a7a38696684fd8d2092,0
3481,1324174860-ac5b5c11648e87a071baa75e658f6611,0
3481,1327430520-af689019cfde114c948f2597f1c4db20,1
3481,1327387080-8ecec0d4fa66c87750c54edc79973821,1
3481,1327415640-a08ebc1c7f3d187e376652aba7bd10d9,1
3481,1327885200-66730a36cecf0c57fb0718193a5c07af,1
3481,1325406900-91cbf309f1190c97a4167cbbff1adc80,0
3481,1325633520-f96b351500924e42b6c06320bdd11ac9,1
3481,1323402960-84c02be5340e42105b38fb1d6e9b6f83,1
3481,1320116640-6427448e85d3d14ed68f4c227681e937,0
3481,1321279200-62914c4f2fc1cb0c209db90636206442,1
3481,1327431960-81699e8cb6e04ff12edce33a528bc5f7,1
3481,1327563360-9bba9f87468c9e3305b8fbd3d3a4165d,1
3481,1321074300-5a73202cb887050c31d0039459ed12b7,1
3481,1327558200-6168ac58ca7517443789abb27732bde1,1
3481,1326439620-7e05da65e1c8c6c211cae6517bee90e6,1
3481,1326806940-4e6800d1a9aad404f99c0299d3fdc394,0
3481,1325583540-281a6ec4ca4c061dffacc847d831fbcd,1
3481,1320770460-71f0e726e7b9eb4eab7d8ec077da97f7,0
3481,1327340160-401ef08609c208db29e72ca9cee853b0,0
3481,1327061700-28a3e3a40406ad469f50a99db0f05a6b,1
3481,1323443880-49f027564698d0dde190089a8d60c767,1
3481,1320991320-b589d2856f848f23ff382dc846436014,1
3481,1327504680-165e45e2fa5ce6a73835424a003f5301,1
3481,1321511640-53f650ded7d278f27c85a48eaf95eded,0
3481,1327647840-917c8b4ccd652e85aee0326ea74d7543,1
3481,1327673760-316390a83a415b00782adb68d508b7b6,1
3481,1323798360-537ffb0f63a3e23e62ac37fc95c203f8,1
3481,1325401980-22a373c75bcdfd069227ab74c6430cb4,1
3481,1325398440-58220cb6372030bb58eabdfa378de76d,1
3481,1324558440-ac47a4e251208c7dd50ce5cc938cd474,1
3481,1320792300-a6a0842acf59eba849cb4b5a1eda7d00,1
3481,1326186060-7a7762f308ea63872c2f6a972cc08644,0
3481,1327077180-8e574da781c452f9c8812c7c0c3154dd,1
3481,1326764700-0bff242c3710cb35d7b8baa89d46bed2,1
3481,1326764700-38b02ba58c26208f014552c213b1cb93,1
3481,1320992220-91f89c1a3281349dd6ce4ac88025c097,1
3481,1326900180-fad8eafbbda0ec6796d010406bfa5f0b,1
3481,1326900000-bac6978b742d5bbcc673ecbe7f0e17ba,1
3481,1326480180-f64bc4ddc9f5ee4afc089ed873a1079d,0
3481,1325533200-111d807d60f42683ded7ae75de98013a,1
3481,1321381920-01e6a4b7fdea87c6227a2997eb197228,1
3481,1327161180-9120a13e0f5be7736f6cc30a04d2fdb4,1
3481,1323204540-b68074e43bf6dab4f2b28e3c0fcacae1,0
3481,1324457940-acbf833ed83e4547445a86de91911c81,0
3481,1327415100-66aafcc624a96f38ebefacd8db506341,1
3481,1326249000-dae6f92002c413be313af0255ecd1a64,1
3481,1324423920-260550c9d23402dadf9a837abd2caf79,0
3481,1324676280-db14d4646d5c16f4f71d5c62bbf2b92c,1
3481,1324691160-5d260bdb28a93f91a5030a630f436d7b,1
3481,1322597700-cba790be9e8a96b935ccb8c9a7472adc,0
3481,1320951420-8cf11f48455355174b7810c6c04fe2fa,0
3481,1326937140-b3d79c7a62eb7ac8d73ec75a0a83a964,0
3481,1321035120-09c408ca280a688b71e6b87ca90de94a,1
3481,1327682940-9cba9a804c61e4ffa8cbfd86ff6c306a,1
3481,1327459440-f5071b52c40a0b6e1751d3cd72555d37,1
3481,1327460280-69f94a8e635b675b4e046ce734c1d2af,1
3481,1327606560-63c2c7a819c54e423ca5925237802487,0
3481,1324041960-4734e20c8a92064abcfe62e83a8c7524,1
3481,1322626440-c278a84bcf8084458057fd2966d4050e,1
3481,1321594260-777c005608166fad3a14ce94d29e26e9,1
3481,1327344720-8edb8640f3ef2170be41aaafd48bd949,0
3481,1328061300-4003ea54802b846076522b7b2252d407,0
3481,1320723840-8b9059444ee54023d95e419eca401e0e,1
3481,1324850100-d55a156c183ea62acc646c7a04a924da,0
3481,1323978660-7b6253839d7e1568731842b5641620a7,0
3481,1324951320-c79a9282957ce0d703498c3f3260307a,0
3481,1325723520-80e355c406b92fc0b78b938a1a3951d9,0
3481,1327597740-82c83735f66e2e320c653b058cece554,0
3481,1324704300-5c84c2f1b86484a2905ef19eb29748d4,1
3481,1327839300-a06288a97b3babdc8da0da509e4bfe41,1
3481,1327138800-4e5ee6fc26270e0c2496980ad37974b3,0
3481,1324400640-8f9fe34a549ffc7f15e4de53fd23852d,1
3481,1327817040-91b2486f8a5bf1406df4953ced3613c8,1
3481,1323784080-2e7c4b1aaec1f3fc0c74f9fa1d13f19d,0
3481,1327462320-cd0f6ceee49e34375b7bdf8a1b078631,0
3481,1327687680-b86c9e9cbe0079f263e42f1198920259,0
3481,1324004160-d8da812c00d666bb808827775c7f072c,0
3481,1322630160-5b515015ebfe7481188a79cd52a1d984,1
3481,1327905120-b1b49a3d979b817c35392deb37b6385a,0
3481,1324808460-b6f156971bd246b70858bceaf033cedd,0
3481,1327033620-4a535784a3dca6d6cee19ce0dc0e7a06,1
3481,1324568220-d13f30cf2cf8b8681cd9cf63b2c33da3,0
3481,1323338220-917f71a3e421261c6ea3c6691463569a,0
3481,1324427460-763c19c90a50cd5f00891e18bfe6225b,0
3481,1321426320-69b58c4ade2c0f5e26e558887d1f70d9,0
3481,1325034300-89cd5a11b32495166c476b58086b5880,1
3481,1320996360-7adf2770b4d28424f20ac0f193a9e259,0
3481,1323380100-8d1eb8e39fec6b90b6f95f64dc56f22b,0
3481,1327649160-173bd108fa57c98d72413b590b1208a3,1
3481,1325720700-ce2dc8553b192f11f52eec4eef4f8821,1
3481,1327732200-66b617c79da3b6847cacd9408509d5bb,1
3481,1320554820-fcba076718337a23667c3a28fac20c6a,0
3481,1321773120-ad8650119de45db2cb23760cba1fdb8c,0
3481,1321942260-7727868357c2fd66dcf75bac53d5e21a,0
3481,1322871120-cd9a17c90eaa117045a43910093cb399,0
3481,1320441660-b093f54d51f3134d6a94f3a81d6ec090,1
3481,1323175200-b4f87f5c2c11d04a2ef33d1078c7f083,1
3481,1322597280-01d81c0689816bf3fe2c3968277ef652,1
3481,1322626440-96ec4948c91d189b1d9b9b9010e808bf,1
3481,1322540220-dd697f004484f5e99410d9103b5d37e5,1
3481,1322540640-4f2352376908e25307817b3df953404b,1
3481,1327587120-272e9bd6d1c6857c5746126b1baf28b2,0
3481,1323252360-6133cffbb499d31720a497a586d3335e,0
3481,1327596900-cb753c4003560970967bf14049ae2fca,1
3481,1323153060-2936433a68d7092835f550cdd1565461,1
3481,1327012680-22714851c0d801697911ebc346230f58,1
3481,1321260240-5515c6fb4c76e9f9225b0206d5fb90aa,1
3481,1323148020-365396c5ef1dc9f8ce0360764ee4f317,1
3481,1326765780-7fb17d21fb3f866264c7b9497f77ea24,1
3481,1325331840-6292a9b469e1bea3a365e12764943a78,1
3481,1321260240-fbb01f87dd848488a531f88e8c4284f0,1
3481,1321260240-642012eb7b181532edec12e5a737e228,1
3481,1321260240-baa59ee1f26e161b7270d4ecebf32155,1
3481,1327669320-54e91b553b39be22abfecf4d07fbf3be,1
3481,1321260240-10a3ae7eee81bb7bfff48a7218b76396,1
3481,1325060100-dd58f07fbea6c1d456d1e87aa9e0177a,1
3481,1322813280-0309a3dc32e38ccd9811b09664285b01,1
3481,1322538360-24b1e60a6e8272468b71524441d462ee,1
3481,1325769960-b09d1582668814cbd4bc07fca2ddbdda,1
3481,1320563580-92fa71a750979f0466bb09a26ac1704b,1
3481,1327958340-d3e3003db98724fe8c8508bacead2af6,1
3481,1327828620-bc918eeb1444719a4a163c0f85f76ffe,1
3481,1324803720-b62bb1639f33b4a8603bcb0e891fb899,1
3481,1325783040-52a9df33c181d321fddf438fe3d25dca,1
3481,1325060100-08fbe25162586a7af236b8f01cbc66c8,1
3481,1327828620-b722f27f465839ade8448421cb5ff39b,1
3481,1320563580-bfdb2ffd2d1e2fae602a571b1f677885,1
3481,1325060100-fe43725115698eb6a906bca9d8e34561,1
3481,1324801080-8fe26c3286aca39cebf797a506ed57c4,1
3481,1325167260-687f59bb861f4aebf69cc114e4c0b130,1
3481,1321001280-412557fa4dbaadc4b8de166ea51d1101,1
3481,1325666760-f4044bc70bd9c14d31654239c1b85076,1
3481,1325060160-dd3c87897fa9488c14e6a8f3c9501b9c,1
3481,1326443220-b0b45a2bd957838bdc1c9aa85e8072a6,1
3481,1325407380-94a3a4a09fac7f5679a9202d19d8a0a7,1
3481,1326963960-a8cfcd93e316988b107f2bacb6318fe7,1
3481,1320309480-7bba266b22da256316d518250e13eaa2,1
3481,1320480180-22a95b21d2cdc35f655394789e5cf067,1
3481,1327701900-375961c4ef9e6b29cadc5591cef242d9,1
3481,1327828620-c32f7f7838e453314c27b7bca7e07de5,1
3481,1327623780-05c9186361b1cdc42ba1d6021330f17a,1
3481,1325060160-3aba4ae04aca06dea4e5cc93d4abcbc5,1
3481,1324375260-4bbb8d331688f33e0050650de7c1378e,1
3481,1322443380-45e17f17df3a4b47724ef00c8bbd65c9,1
3481,1323678540-74ee88a0bdf81e7a32589cac61108fa0,1
3481,1325060160-b4a1c4466c1fd5629647978ab3519063,1
3481,1326701880-6a26d1268063a2df5592467aacdb9c07,1
3481,1324284540-bdcde29456b41354b44558c2088bd31e,1
3481,1321260240-152865163bc5db1265f377e0fb75fb0b,1
3481,1325666760-26893337a7d3253b7726a8d5e28389e2,1
3481,1323437040-db308e0cbcbc80fa1b73379967c50872,1
3481,1325010360-725148509a8076a8d0ce8a07af6108a0,1
3481,1321812300-5456c0921ed4c2c7bfa6242a84ce3a5a,1
3481,1325666760-9f4f287d527f1f7fe584f8d021cc6115,1
3481,1327958340-2145c60787cd48d235a7cf05987f95f5,1
3481,1321001280-b1869d3b47ef0543e4b5946804af760b,1
3481,1325060160-8b7ef949d363c67f7c9c5588871caa05,1
3481,1325060100-04ae6340f8396ea8d039497e568be7a3,1
3481,1324801080-985014cb0addb8c49b8fb6e2ea83b9b8,1
3481,1322443380-61f22e398e00d17afda8b6d89ba874f3,1
3481,1324801080-a1fa4b8d59070fac063633ad1b560dce,1
3481,1321260240-6815f9a5172036e4a711a871fc24e45f,1
3481,1325769960-7b8fc275489fbf268b4eaa84dc92e8d1,1
3481,1320776820-b75a08bdeb17972053a19a493545f16d,1
3481,1327828620-51f4c15a678b53b7636a439b312ecc35,1
3481,1324500600-a1caab27492c918e1bfec55570712cea,1
3481,1326701880-1fd5fd4dbf54a3acd3fe1f07d48f92ee,1
3481,1321001280-11f7419fee49dcfb48f34ecc88eed1e4,1
3481,1326443220-9dcba7c40610f5a5500402d08adea4e5,1
3481,1325666760-42245bb60d6a30920773fd3442972dcd,1
3481,1327828620-953b78e98b02d61c333a8d967475ec7e,1
3481,1326963960-cd18487854596ba892f3bd88f01cf886,1
3481,1326357720-6d981f7e450aa84550695d457fe5889b,1
3481,1326132000-02b7dce717ba759f6648a1cbd1076920,1
3481,1320827220-95d24636949097aec8e4259063b21668,1
3481,1323706920-0dbefde21c13ab33781383e2ce34b2bf,1
3481,1325060160-6eeddcddb10c09f599d1908643a80d8b,1
3481,1326379620-d0e8cb12d3b49e23b08ee7810d3aedaa,1
3481,1321001280-a2491d9c721d5a0fabfd6b2575dafc7b,1
3481,1321001280-5ebed46d844de396ac8d4e4af73d7f0c,1
3481,1321001280-dd48219f2390e1f91b98a4df6edd3bdf,1
3481,1326443220-470e37e976674cdb6d69ae05347acbb7,1
3481,1325000160-a6ea40d5687965fe3aa6b4f36d5626f8,0
3481,1323678540-b6dcbfbfa57f3fd1d9a946599256839d,1
3481,1320407280-f827c6d4a60a245e29d7fbbd7c22184a,1
3481,1324801080-285bf96b0fede5f0a073f03e9aecfb91,1
3481,1325060160-c3ad85d9befb4ede24e206219d4091c2,1
3481,1320480180-2236d2b66d18f3e1fa27abd9070f41f5,1
3481,1326701880-cebd6501ac4d002f7448ef544f5cd54b,1
3481,1323678540-0e1970446db902af35d20ce1d44018f1,1
3481,1325666700-fe57e7b4c516188fc15697428efa50e5,1
3481,1326443220-725a4164fe94c7d3dc9c7dd2ebe7e592,1
3481,1325261220-63a347a5e0a5859f12879ee7578dd297,1
3481,1320480180-0c069884e5d35ae23da1a68d1f8d5000,1
3481,1322443380-9de5b96cd9ed1c104dd0d92e127aa02e,1
3481,1323678540-541cdf68a85a8d81853cf90eca82607b,1
3481,1320784680-848c0f4ac276b3b85a4f1d4f0f20eb8e,1
3481,1320784680-0921c1acac0d698e0a465fd66863bd0b,1
3481,1327623780-3a12fad4f5fffc8dee35472a44636916,1
3481,1321001280-6cb8784d69be6d1fa50ba6468ebf1a0e,1
3481,1324284540-ce0bd94ebb5cb0613e2efe742f585e41,1
3481,1324716000-2e78e2a8b26f58dd9f1db299d1d33eea,0
3481,1324714740-cd9d7559710c9d029da829bc9c240ed9,0
3481,1325756220-2d8414932c395eef4c5d2dbe96f997c9,0
3481,1325091840-7567acc69895fa09180784fa591bf5f2,0
3481,1324109820-62237a05227fa296e9ecf2b7701ac781,0
3481,1324109820-d38166b72cffdc2de7561718f9793f19,0
3481,1325202600-d408985bea62d4f230be5c117a1cbe03,0
3481,1327096440-a01a477337ec22434096d050176a7360,0
3481,1327334880-7845126bf062b2aa4300804e77d2c585,0
3481,1323542700-f28a9574a67c219c4e01ebe09f6a9100,1
3481,1324715820-094ad51b7ecc23255952f0c4e35db209,0
3481,1326693180-7fab2954c1e998735a7750372c3bfc53,0
3481,1320857700-b86482578f348b183d585ad890bd1c1d,1
3481,1320914340-fd2a4c4ef40e7dc0e1bc16c4d97da012,0
3481,1323996900-261147360aa7f9b3ff813bed539d70ab,1
3481,1321263720-ca153af3d70480697e807c5e824191c0,0
3481,1325814300-5f9a6a8f70a3cba3bca17e5dae4bc7d9,0
3481,1322365920-d1e5cd7a92c155b90152a85962bb9517,0
3481,1325407260-8a756b50264c089bfe1b2765c2ee03e9,0
3481,1326091920-ae7edb547d66c382fb1a08cf0e7fc494,0
3481,1325026920-3964aec3836f817d34395849ff1cee39,1
3481,1325214540-a89503f31fbc4d17690c7b39b3907dec,0
3481,1327328400-884f2d647c4dbe458181b4a36bdac11f,1
3481,1327948500-d17954496cc143d09bed99e8176b3004,0
3481,1324658760-25be7d94ade32575cdf476b3d4b7f99e,0
3481,1321193340-d18afabe6a94793112f31852502dd183,0
3481,1326689160-1a53296af3b0733842f5c33b6222ca8d,0
3481,1323064800-f8578cc3ca862a0483e1f03596b322f2,1
3481,1321481100-a26c3f1693ef63d435e117778ec4e688,1
3481,1321575360-4c66d2454721fca01890dc38f5e1aeb8,1
3481,1322103900-822c70de749def1cc17ef9c47190f110,1
3481,1326827700-0488c2516af0b874254b0a1b3fbeef6d,0
3481,1327690920-b319835cba1e239f9c0353fa5bf8d10f,0
3481,1323981540-de50ffe0c0ccad696b93303fcd2fa581,1
3481,1321202580-456dc6372578b9cf47ec54a6af3cb99c,0
3481,1325021400-300ace5149f38ea4ada75d54f02ea8d1,0
3481,1320330240-9172d73f69f0de013063498194cbba9c,0
3481,1325666760-5effd3eb8d9ebf3807d09c41526962e6,0
3481,1326896220-95c220030ee6ed5217b03fc6200fb463,1
3481,1327844880-463f8977f62b82ac6643c3b08c1d338b,1
3481,1326354180-12ab9b6e2b2a25d99a46883a97592ec0,0
3481,1324362540-423487ce799c91bb83a91b9b181add9d,0
3481,1323179400-55e908006ccd950383e69e0196b67af6,0
3481,1327599960-00e9d07eb952eebd848d231f5d30513d,0
3481,1324518780-8e4788081f865e4fba4bf79b2f946bc9,0
3481,1327421820-9c0e3e696d422e25667dbf566836c225,0
3481,1324254180-6d50bd00a31d53ac8aea80f47069c67a,1
3481,1323314100-66a19c5c2753fe8bd3babcd8c9bb2e9a,0
3481,1326968640-8435285cac4e9648140f1849ae2e3306,0
3481,1325733840-538371ed20d0f8072308d45eba5e87e6,0
3481,1323129660-8517f3a0ac2079d57303d39446c9247f,1
3481,1323110460-b58de382f05e2439e1ef76c79305a1cd,0
3481,1327499040-59a59f407e51ac31bfb53a0391447e1d,0
3481,1326160800-80dd1f468a3274b6aa0acb3acdde3dc8,0
3481,1320966660-840f53a1265ebc454f99b04f0fe327ed,0
3481,1323706740-3098184cb1eeae9731e093ba734308c5,1
3481,1323372600-d067574d0dd905a6c5eaaad931ecce62,0
3481,1326835860-251ac0c786a372018355029a8de3df7f,0
3481,1323720060-95f002553e111fc3c61ccfcab07e0245,0
3481,1323442800-f2b591ea3f2cfdc7c7527fef65bf46f7,1
3481,1325942580-518bda9fb6e579f4c7d02c7b60a1600a,0
3481,1322979900-3a387ba9bca7e17f26941d26962a21b9,0
3481,1324716000-2301af5582daf72c3aae085c334156a5,0
3481,1322468940-cc9d5202757e5f62817344cb6e5d6c67,0
3481,1325789580-7b535f9427d6e3f262a5466e8cd69ed9,1
3481,1325105280-9ab9687c11c08dd59f710a275e93573a,0
3481,1321622160-50cf1b2acc93d8ea05097a12cb60372f,1
3481,1325751060-10687e281c39066d3f346f44a2ff19d3,1
3481,1323678540-d54707b0b80d3395cd2ac56764f7f0cb,0
3481,1325863200-341c4824f06cdd469c32338b49c66d36,0
3481,1321351080-ce09ccc2d525d80087d89d662a9a68eb,0
3481,1323802560-5442f10d8c37594e532c963f6e7dca39,1
3481,1325770680-4c9b7e09fd679526fc6f359d9c57f68b,0
3481,1324330440-6f668c93c6f5e2478be3d39ef630ef71,0
3481,1323063600-140b4e5befd7933a99e409245c164a65,0
3481,1323745500-c67243d066d4f238b5b8513f2a8e4cb9,0
3481,1321400580-254c27bdb4674d28f47ed121355a4b7a,0
3481,1327443900-0eabdbc0b28b0738b1cb3d4a2c3dba63,0
3481,1321560720-7dd05b174eb1ecf6c032cf50149b4819,0
3481,1322639880-bd141985f2072abac1ade462493d11e1,0
3481,1324603560-dc4c65a33043aa107fdfc27a1f7ee806,0
3481,1326777840-0ee1b889cfce1fa9976243e585623a6d,0
3481,1321661160-be85be276446ae7cd4970afa210bc086,1
3481,1325442900-44abe3bf3c3f384ea7eea1d558f31439,1
3481,1326101520-0218ffdef65930a04f16598979e92191,0
3481,1325403600-84041cc055c28864918c1d8363cf6144,0
3481,1327821420-1077b3c3317bd373815b344cba7ce276,1
3481,1327996680-4e6c9f7a4b9a6f83843fc761067fd7af,0
3481,1323753480-b7b6fe3d9d96ed07eab9540921a80abe,1
3481,1320884940-341c67f1ef6e27de1e9b68ca916eb55d,0
3481,1321677600-ffb777558ba7cf4fd004e8aacdb27a05,1
3481,1321601640-aa6de3acfa1648cd568b1b54206a62dc,0
3481,1324635120-adc2b616456f2ff7c8c413a22d9bfca9,0
3481,1326395100-dd26503f4736ea28c7dd53c9c8fb8df0,0
3481,1327320780-7f751be2d0d7623b0429ade52c7ec87e,0
3481,1323642420-6a3b71c04001a1451974b7e9a2104a97,0
3481,1326941640-9d87ee4af6b17a0063f667161412724f,0
3481,1325724060-095b2e8cb8d52c60dcbe8ea05779b309,0
3481,1327282740-9df49b791b937c5ecfb0de1c8eabab77,0
3481,1325666400-a51c81a282946d75982195e064dcad29,1
3481,1327756020-689cafc80732e71e40a52de1606871a1,0
3481,1326843300-273b4f4bc8ffd5621452d101f3c1d8e0,0
3481,1324716000-3681c92840270ecb327e9884af94b13b,0
3481,1320421380-3ec29ed53f22d34065c18d8f747d7a0d,1
3481,1322520900-44085135c8816d3e8ebd7e3a1710e9c1,0
3481,1320699540-f1493e0e13dcd85831961ca659ee4caa,0
3481,1327084800-31567d7896fc0deee2b5c41237819a52,0
3481,1326261660-f77b9d4cffa1e8549075711e4aeffc54,0
3481,1326835320-6578d6bc8ac95c2df6b64028ec8b870f,0
3481,1325424240-0133c122ca53b3adf56a7d16402ee94e,1
3481,1322498100-b6827f29939d4fb4a337815c98f6d28f,0
3481,1323897120-642db80d060046e0a3026c518a0dc916,0
3481,1320534720-9b08f08e52f3ec8c480d70b3cc1bc4c3,0
3481,1328053500-bac3ef11673d3b0ae2aa5678db507dd3,0
3481,1325326980-f6d83453b74c33d320e0faed8419b546,1
3481,1325267940-0ab95aa1b4055a871192b1ad06ad9612,1
3481,1326861240-dd40863037a133e0a2c14f7ab709f7dc,0
3481,1321202880-2281fcd1035d9595413c15170492663a,0
3481,1326899220-0c3ec97214d8f22fb020a6de2d05dfec,0
3481,1324202940-4b377e970155a3f4d4c5383ef9c13a06,0
3481,1326188160-dd3fb2d1f55a5d8993e6261e3e04da35,0
3481,1321572360-66b1dada2b7c11b8d1285d651f5ba229,0
3481,1321316340-0f492a2d3ec414348fa0f587c6392429,1
3481,1326001440-09c7a063857f707e89496be67525f827,0
3481,1324024800-888ca6b232f7c5ec66946019ba93dd3d,0
3481,1326156360-934c0a208111d8c6ba032facfdcbfa9e,0
3481,1326007920-5840c4d4607e8c1a350999bcc12f84a0,1
3481,1323700440-c0ad9d3e21cec65c6455fc23c5cdb059,1
3481,1323205980-234f7ebf683213fe09c7e8f07a3d64dd,1
3481,1327552800-ae1844de895bbd9ba0f063f4b78264a7,0
3481,1326950940-360c68f6a40d32cc7f94feca2673e252,0
3481,1325838540-2d7c27837313148615007f5d0858d2b2,0
3481,1322835480-3094254797571353235c1136fa019d54,1
3481,1322794020-a0f6b35af855526eb7144057054d03ff,1
3481,1325600820-3fe4050e65fbeaa564112cfb2c8b6418,1
3481,1323972060-76e8936d711b8fbeda0994f8ecf4cbf6,0
3481,1323172500-38588cdae67243a624fd62cd664ae1ba,0
3481,1325263620-be42f9313be5329ee6afdd6b156cff79,0
3481,1322785980-fd3c7cfb93bdeeb089e82052d087fe0f,0
3481,1323338220-2f34a307ab332053db6feaf3551f57b1,0
3481,1323945840-ca073c37a05d69f50f344f8047907f63,0
3481,1326269220-ae9d60e0c4d1042a3db58b2520108452,1
3481,1324397760-f5df6270dea695ba9e3da0cccd2f6494,0
3481,1320622080-cb642bffe94a01e133454a4bdee58118,0
3481,1323375060-6defae37ba97f6dc4d27151d269c7a2f,0
3481,1323787980-cb92fad6a543371304805e67fa7bd5ae,0
3481,1327803300-9ee689669b3fcd0ff76a63b0de36ac74,0
3481,1326116760-91a7e04d7a03d95beb1494df7976a892,0
3481,1321563960-4887504543b07efab0b5662917e21147,0
3481,1324838760-d33d8fba4a318f279491e6b9c05275c5,0
3481,1320425820-6bc20592b41bf44b7840003d2859f5db,0
3481,1326607260-039807c66c6b46304545080110e388bc,0
3481,1327810140-7674b0edcf1b5b024374d1ccd7dc4319,0
3481,1326294240-f0d161cc50659800bd026dae13a54bb3,0
3481,1323439920-1370ed182f2db475c492953a21ac94b2,0
3481,1324595580-d20df320cdcc757e24e52036eade00d5,0
3481,1326829020-b5fc270eb404f8dbebf3a96ca453a896,0
3481,1323898680-ddbaf076507ce213445f963c90d1c709,1
3481,1323836700-f6568646eae0780fc375c9caf968baac,1
3481,1321386720-a79872b8a33cb494b0a1239af7026aec,1
3481,1324158420-13f88bd6194d1535a526e40242d5ef84,1
3481,1320442140-91d05ac5fef706cacac2d484075f225e,1
3481,1326764820-8c62f04ed0d6010dd807fa026f0c9a77,1
3481,1326243420-133328b17d2210d5c694714fc03b83a6,1
3481,1326391740-cf703f4cf6eeb23383c26c8a314d8f5d,1
3481,1320442140-d659413d9a15e5e8db9280ec234499b2,1
3481,1325704500-81d28d224839f460a8745aaed44e4c00,1
3481,1322858580-7c60578d79cda9a2de8dca7c06a6af40,1
3481,1320442140-38a360c4fb33ba2653312f9feff83007,1
3481,1326243420-64c6803dc8f95ea530b2130571eeb3dc,1
3481,1322526600-b00539e9b0cc82cd4056514e3dd382cb,1
3481,1322526600-025b788bd9fc3f7871a24a3fbee14b7d,1
3481,1325356620-ae66e5afed9cffdd183fc918a5a23dde,1
3481,1323794580-4c3ef92f4ac5276c41bd5856d5ad3ed7,1
3481,1321309380-d4daed0465396d6ff7b3bdf1a30a558b,1
3481,1327453740-8441d4e7a526f4d63635a69da2476f98,1
3481,1321381140-17088bce1dc3c2e0ff7faa725734574b,1
3481,1323714540-59bb8ba2beff50b677da4b2861ded9b7,1
3481,1322100360-a3a9cb3d003a0e0ff433ba889a00fcdf,1
3481,1327850640-7a401ee46916ae0ba3fca9a629a88418,1
3481,1320442140-291d10e7f4a60d895c01a048215396b8,1
3481,1320345360-8ba4dd7c695a551e01662d4e5cf4b5df,1
3481,1321386720-a4dbc0a25149d7de1d7bd6a0b054d16b,1
3481,1320109020-52538181e80b85953574050c5f9d8b60,1
3481,1320442140-b39359c8fbd6aba8b36edf42facc4d8b,1
3481,1320345360-b92d572d719c8125b6c07dc02ce286ef,1
3481,1326764820-ff80795fa6e308479ff2f21296568849,1
3481,1323714540-02e9a2744e96504c50de46827d7ccada,1
3481,1324563360-fd2e672763b8f1dc21a58a96f3aad377,1
3481,1327768860-d1630831c4822b23b09d28c1ab41e314,1
3481,1321381140-78b50ed747fb06ea3293c1b1120a3557,1
3481,1323970200-f669d34bd950ed2fab279653493d1ed2,1
3481,1326913920-08813481ef22f6621be8f0bcaf887cc3,0
3481,1326304440-23ab6a073f748a82faac8ee85a2c7ffc,0
3481,1327453740-cd5c455c20c262e930b8259e17d0feb8,1
3481,1321309380-6f4ed30eb71b5bff2df34773498867d0,1
3481,1320550080-2dcecffd1465b364ba2359d09eff3c09,0
3481,1322033820-6cf0e26b619ad6fe32bb142a15951837,0
3481,1327007940-56542946555fd01c9cacef230266d743,0
3481,1322955180-d6df986020e5d0b6e5c21042c71b86d7,0
3481,1320914280-9c35d04067782fa09021f27ea9dd0d7a,1
3481,1323312120-8eccd7fbf1c1241ea8748a69a457730e,1
3481,1327664940-8174df3507d769aa352d004617ed9d88,0
3481,1320858420-6b895e331fb51c37554c1db90d133340,1
3481,1323883860-7ad0e495a89edd4c2dfb9022465627a8,0
3481,1321259340-8beab370c1704168019bad091cdad50d,0
3481,1325576100-a10c61cc28d4f2c41d1a88a532d94752,0
3481,1327396980-bcb512a6dbbcbc2fc3a0903f45330cc8,0
3481,1322389140-f046f4ad852b83a8e51feaae6a434e3f,0
3481,1323882540-872a7fb28892022cf15ba5230112bd14,0
3481,1321587840-2429e3f1b3020ef0c502483b67b00135,0
3481,1327667760-dcc1ab25fd4c3ff68145b9b5ad99457e,1
3481,1326186060-367b836fd6fd6ddb0b8a193af00a21c6,0
3481,1326749400-d2aee37d6a94d0e9b25db95437af46d6,0
3481,1327531320-b37e4470ccdf0f822be28535fcbbb593,0
3481,1323443880-409d817a775ce6d31116c2acaa106cde,0
3481,1323787680-107af9df1b0f63c01b89cc4e9dc1a009,0
3481,1322672220-f1fb042d6ea9ee3006fd8304ba9c3fb7,0
3481,1325647800-dc16b0a53d8a921b3701e36d4b2013e2,0
3481,1324562400-1747e87058f60ea80fdbbabe8bb18b7e,0
3481,1322719980-a3d31b2a9d6bb70d5549da2db3a69e20,0
3481,1321447260-b743208e647f1957c12a8e73fca0c756,0
3481,1326330360-bb672cbddaeb222c1769da90971fc74b,0
3481,1325542680-1a40b198f3ac159a7f5917ca0af37a4e,0
3481,1326462960-491d40bf836275cdedc3c31daea1fd91,0
3481,1322868540-6c60f93bb5902387e68ac6daa8f8c4b1,0
3481,1322374200-669c04d2316559accae3650044dfd706,1
3481,1326516660-34b83c2a927750890eb0f161097779b4,0
3481,1327637160-f662b0b7b797acfb8e94559b79c8f615,0
3481,1323403560-7f4f89f7c309787f95ebca47f741a19a,1
3481,1326276180-3a96a3629810cf821832b893eb438d1b,1
3481,1324282680-1403a89d5ab28427161d6bcfef7c6767,0
3481,1321676040-0672b5bc785a16b7e35d43840eee10fd,0
3481,1321630920-1d9339e43ac5bed2e17090b7992c685b,0
3481,1323603000-982278847e362d858e844bcc85b4b079,0
3481,1322728020-dd2d7ea861b1ff3d3d493251d0f5b38c,0
3481,1327021260-6676dbb45324d57f4882520a99854d66,0
3481,1321321980-64bfc35408fb7847f6604629c00f55e5,0
3481,1322071860-ba9bfd21666123a800e7951e734a5026,1
3481,1322540040-0df2fdaef49dfdddcc6f03922a67a54a,0
3481,1322932740-0db6bfa2a3b3f5e84a35cbbedb4d94d1,0
3481,1321170240-6fb7fa62a773e4df766068915880b4a6,0
3481,1326428880-63f437cae2e103604aa332dc0541b2ea,0
3481,1320337020-6647fa785e72230dd598711523fc7082,0
3481,1321322340-86a2ccd2fbd18746f1cd0f837ab85d12,0
3481,1322758500-fac93851238905a24f291f66ac86bf0d,0
3481,1326875040-4918fb7ae7d462d63750dd773dff9ea2,1
3481,1328058420-56a030b1aa481f7da7cf8ce0965d767e,0
3481,1325990580-a708e29dce9aa5d86de639aff4816ed2,0
3481,1320736200-2b47b41ef0a4b01793dffb2896435f99,0
3481,1327401060-02c317eea22069c4c8c2f52c2c74598b,0
3481,1321433340-4972a1e921fe22b1aef9f5933bfbe3c1,0
3481,1324646340-31384d603f83d8a30a1f7dce314b0e5b,1
3481,1321422660-1fdbee76bb01c27ca08d835592df3ffb,0
3481,1326528240-ab0437633c0c2fd1d6067643dd577cdd,0
3481,1320770220-64ed50ae4580613dd447d9476a23d19f,0
3481,1327105740-1ca79069bc9fae188b2f97feb3ee8f51,0
3481,1324308240-d2a0b47526a7dbaac26a571bc6ff387f,1
3481,1325497920-6723a02fe250f810deb9cca656e8730d,1
3481,1326669000-32ed61963df3b528c4f1b579e2075a23,0
3481,1321690800-63e447d97aec3dbb1935ab370d57aced,0
3481,1326993480-6119ab02f160692a8e569a88dd80e75e,1
3481,1323176640-0075a7f3e1dfec584a11ddada8b19fa3,0
3481,1321478640-ae20389431ffc376773ae02ae51a7de6,0
3481,1327018620-dc34d5ebdfae4b9125267250bc67ddbf,0
3481,1326131580-d90bd33caad33c626e321f57f69a44b7,0
3481,1327612680-108bb3a8b64358819e262b6481144f49,0
3481,1325998860-d9b0c0363f40222aa9b72c085dcbe81d,1
3481,1324714740-0ddb71de6b71b2921e4a4a94604aa490,0
3481,1326998640-a9288e8e2cdd051683353fd0a8d147a5,0
3481,1321645560-bffc55dec8aa2d44d0d98f1ac1b2ec89,0
3481,1326432420-b835b10e3afd519f21a6a7e60dbcfc45,0
3481,1325691420-8ba4ab2a415c5962a4c4c0184870d0d8,0
3481,1324330500-39977b7fcfa0021162943af8a399bd84,1
3481,1326836280-aaa8f658a09073b6deef3f77cc6168ec,1
3481,1324046460-4ff5028bc624e8c9d349f34d17960cc4,1
3481,1325766660-8f827795d8f59f835e8a16e80b4b5b01,1
3481,1326887280-8c22d45a96fb5cf9844e494d9e1afd0b,1
3481,1327617660-41577fdfbd88343865e0e0eda0e397d4,0
3481,1327510020-30ef6022b55bd4ed4fc3752aca503bd4,0
3481,1322889180-3df2bc9c1f3218df2b2618592761e52c,1
3481,1323835800-f63abd54f7aeb104956ce50271f5204b,1
3481,1327672080-461d3c8a995e6ddf53fe7179068516c7,1
3481,1324116060-6a76fdf03997df040436a41c23ef0e28,0
3481,1320312600-f86bf1854b1b6452b1367c6f9ceed3c4,0
3481,1324330080-d02245cd49f97a2253a6300c6234c067,0
3481,1323723720-7cb330d0713ae1d516c1dc17232c12db,0
3481,1323733080-15aee3aa42c12c9dc60297b49e5e9b97,0
3481,1326517080-a4f5f972c6b1358ce0331f5e94290233,0
3481,1325671620-ac483aa092f17d051838281d99ea91be,0
3481,1325774100-9ca3f9eb3794274f7b8fff979ee38910,1
3481,1322675760-fe8047b2167c44c80e8145dcbaeaf78b,0
3481,1327079220-6cb3fee449d15774cefbf453773ff765,0
3481,1326160800-3ee3f460fa22af56c40eafdf890d2038,0
3481,1327281600-bff769fb293e917815c8e0ff5e5cee5b,0
3481,1326803820-3081c0484f314c56069e6863dfcb7e79,0
3481,1326833100-0cf3bef1095b046732724d0cbe4c4a15,1
3481,1327744320-4acb656edc8516a85233bf10d4521d5d,0
3481,1325085240-b09ee9475c3d49665f09ce4198cb758c,0
3481,1325731620-b4b039e279e6be61cbbd2a3bb0670b8b,1
3481,1325301420-bbe691ade89ff60b56cd8f10178b9138,0
3481,1321265700-17199580e73039d8952f6cc43a0489ce,0
3481,1327686420-1db50231698b5cf02e09216f35ecff57,0
3481,1326980340-17f43605cc8e36834d4117dafb06f841,1
3481,1323372420-7b5a5a1ee9b20a402cf0acefdc0f5280,0
3481,1323470160-030de9909cfcc8879c2b80cf25718b42,1
3481,1325777580-99f343063eeba292118e82fc170d83aa,1
3481,1325777580-59ae30411118199e094d2e778600ff64,1
3481,1324655940-29561c40e832576ce9a86284716b167d,0
3481,1323395160-80772afffde8cc1a34a0fe047eec6c03,0
3481,1320802920-54ddc2b260d8ecc8aae0da1d3dec32a0,0
3481,1320831540-4743ce60fa5b26ccb49fcaeac5f72574,0
3481,1326365400-de79af0e5c83c4d8ae53288e9985b556,0
3481,1327160700-c154c279659a92216848bdd5e8932861,1
3481,1320686100-6e3cce28d3e4f0a275cb3ecd26f28da9,0
3481,1326987000-f5cbe1cf6979ae81b7490704fe9c213b,0
3481,1325379300-a7ef859faa59ce02f1339eaeca7a12f3,1
3481,1327823880-87700fc02a87a432e38f06222a4bb494,0
3481,1325379300-5ec32f022954682c2fc4c0c3efa42c59,1
3481,1325379120-638b94eb694c81b4d9d219d0985b671b,1
3481,1321407780-f404fe5d34c5f9e652cad56c7dc4d4b9,0
3481,1326884160-d04dfecf3dd59b3178022232667c3970,1
3481,1326968160-8fe73f392c7052a0bb2a81b188354e7e,0
3481,1323251040-08894fa19d8bacc45bcdffc1d4f7303b,1
3481,1321757940-4d591ef4cd8a413e8b3fb404d009dff3,1
3481,1324309920-55a1b63e0f175c277c8cfd11d088cdaa,0
3481,1326997800-2b3355564ead9e79be2d4dc8bbf58c7a,1
3481,1326016440-2d1020fe0c4ef4dc33c9a23a008f9678,0
3481,1327502520-1515384813b0a06a15989b7e7280d003,0
3481,1323811680-c7d5f5ed40892839d092631d0e786233,0
3481,1326342900-91e306d6fe576341e77edb8150901bd0,0
3481,1326984120-42425820500444d33d374c5081c6d84e,0
3481,1323301380-444e68ba84da854d14d58304207e91eb,0
3481,1325852640-d6363e85a5bb0467dfffe2c7712fe29c,0
3481,1320682200-d47095b15919f6b6d4e97485233441ea,0
3481,1323901560-dc13ae82acf799cd5b046bcd141ca183,0
3481,1327087980-6734d6f98513cc90c8f199c75c29867a,1
3481,1326195180-6f915b2d68852c9efe0b40597830ff48,0
3481,1321632060-92cd1c99ff1faf096436b14adbdb027e,0
3481,1322887500-f052b0b4fbeb72adfed1022cc5de4e6b,0
3481,1324282680-b3f84f7fa69486175f190bcc87a27fde,0
3481,1324678620-c63b4dc10a968fce4f23b19c46b68308,0
3481,1324368780-2184748b5e7a29ad7c75a5b76ee44cac,0
3481,1321572000-95c7b7c791b25600aa18fb4507ec3492,0
3481,1327800240-9bdddfd30eb9af992d72bb8c8c7023ee,1
3481,1325928120-ba91dd5ccb0567d30c32379c972be33f,0
3481,1326246660-9f0f82d14c529889668bab8cdbda61c8,0
3481,1325673600-29a2e0c6b5cbbc8e624e12a23765991e,1
3481,1325749680-bdfdc861b3530f6c55112305aa2da220,1
3481,1325749680-ce64beac3cfbf3cdd4a3990eb22fa3a1,1
3481,1322499840-c034d13a5966c60d24f705d44c3d5a83,0
3481,1320464520-b0bccd628eb653ca34bcec2ac3b5cb62,1
3481,1326749220-5f02a4b4234b273aa1266e89e940a11d,0
3481,1326827880-bd36f5c9cb4ac12fcef2c4b5a77588c2,0
3481,1322063340-fd3e1bd2774ebb5dd80268171bc26fd5,1
3481,1325444760-3e0c4680ff80175ff1bfd09c564e4966,0
3481,1321889100-795c3277a0c7650f6aa6282a652876a8,0
3481,1321595940-c40af5dbe31d0c12d4d6f5df35051e48,0
3481,1323755760-140087c0772d78300d25a69bfdb78e33,0
3481,1325025180-8ebf4ec6c29cd63f2cea1eb9d79c249e,1
3481,1325774160-2bb125236cb26d0a0cabbbb2706a46e0,0
3481,1320907620-f410f92f93070a05f70bc187c0273ffe,1
3481,1326330180-4b73d8b32dfe87098162015c786c8315,0
3481,1327438140-b2c86051afb72b034960db694f586137,1
3481,1322850360-91f51811bf70f79f97e60af737f03812,1
3481,1323582960-86a6d29aea47e6888e5321c88a70096e,1
3481,1322853240-2d422cdad45328381aa023df0240535d,1
3481,1321306800-af33892e04c5ea70730f5e36113b22f5,1
3481,1321587840-b774e651324da66caee653c12c973cb2,1
3481,1321766760-d5a0ab508b90770a1d4ba2fdb1d5830d,1
3481,1327557360-810bb2318f7026ee130a40a6542fe147,1
3481,1321938480-9848ce90c02b3d3ab2f53111df956b93,1
3481,1322609220-858d2e3bf584fe817a5b4ee0591bbeb7,1
3481,1320352980-f7cf295c92f42e228a2cbb80fd9a39dd,1
3481,1324615020-7ff52644db27a495285a5ddb1053a6c4,1
3481,1324101000-24b6bbb3e330de7c9427e58906dc5f54,1
3481,1322442540-a8720c8967ef90cf48a1d31f7f6f4938,1
3481,1320551520-7308c7514dfff079baf9f2429729280f,1
3481,1320203100-6eb4cc42a11c0d0c86f1a72ee39dfc69,0
3481,1320815280-becc95bbb94d24aabe70e9dd96ac8a17,1
3481,1320110760-fd950064f24589aa825de569d8053826,1
3481,1320352980-b4aa8d6130f3f1e67de5e334c4e033ec,1
3481,1327679160-ff9516630699ba5a631e3209ba465f63,1
3481,1320723780-48a04304bddc5bf4b918823cd3ecec4a,1
3481,1320834120-1ef183546ac916d3d51ee1b202688db9,1
3481,1324101000-9a44bb644d39f0164e066e2007b66879,1
3481,1322487360-cc27ffdcd770ca87f1629c8009571384,1
3481,1322451420-c40ced5efbe5188a49cb67175b81e249,1
3481,1323835800-9bd0ba2d9f21bf2be07ceb533790e014,1
3481,1320551520-f951abc2cdbc761275b5990a9303ca6e,1
3481,1321404240-129a90d28de68e91e735575c0d03dd49,1
3481,1320815280-13948612dc0833b1a4368078765d38b5,1
3481,1321329180-9fa4be359ae4089a7834fb93a39aa182,1
3481,1326164100-24cdd525d8241b10aea90ed90230d520,0
3481,1320470640-18f22cfd9aceaffeb998c9d5fa180004,1
3481,1327814940-41cfecad0d6a424330b1ddfe715adb73,0
3481,1327214400-621f6afbd46fd2b449409459d08b4005,0
3481,1323843300-0c2cb9d3c68865f2ba492f030a1f47ed,0
3481,1326334560-fdcf24380f16dd6fec758fb9493c5cd8,1
3481,1326951600-b8e7bc24e6dd892f842f539efcf2e74b,0
3481,1327645080-783aa848a8962ce0acec5b4644237dfd,0
3481,1321321980-1c212f037a86438dbe02c95a7674a821,0
3481,1326312000-aadbdff57b4c0a3bd2ac804c86b7bc54,0
3481,1326860700-5d1a8067a7fdac4818162c577b95dd67,0
3481,1326989220-77f8c59ba55f7b8b136c50554e64e383,0
3481,1321518720-772bf30b35ea81235ebda8f62992595b,1
3481,1321003500-c32466292c1c7ef3707261a891f241ee,1
3481,1321003500-d2aa107c64cd928bc8df8147bff55946,1
3481,1323892260-f44f9468a92120edb9c385908e24afe0,1
3481,1323565260-015bc3209b39a115551f54f11f5cca8a,1
3481,1322974680-6cf8369aef02be459fb68c206c01c138,1
3481,1321468860-395068317fcefe9fb331709e7c2d7f59,1
3481,1323889260-40fc12f946ed4e8d674823b019c83125,0
3481,1326905220-499d89d8e75cdcab7febd59ebed50791,0
3481,1320235740-f50a93b39da2679d5237da3e208da245,0
3481,1326502860-773c21bf56bb046777642aefb5519ce9,0
3481,1324455120-88c7e56da60f03a8369c78af48b84e65,0
3481,1326568560-90dd25341097bcf07fdc7afb867ce24d,0
3481,1322453880-f5c7647cec3ca48f2db66eb4d4ee9ac1,0
3481,1321364100-948d3e4f9f386caa629267cd5146fa9d,0
3481,1325406360-02a75597c41eb8cca12fd86e754ca970,0
3481,1323218820-8785be43d2ba4889f2dc3287d9a7cbca,0
3481,1320892200-9cd5d497894f5e31088fe11fa04e6661,0
3481,1327576020-3d906a72970a59c48e4e75b2d2fe4a18,0
3481,1323139800-51f9d82b1982058ce527d913c6b711f2,1
3481,1323693000-f93d8c893a2960bca75c8c28e64b08ee,1
3481,1320482580-9a0e39ffc572a59d37e0a2359f4c180d,0
3481,1323930420-7e94a52586633750c9535e7916af473e,1
3481,1323934560-cd3853879a626f8baff6c36739b48e63,1
3481,1324288020-664a68c9ec2fdef65f43653bfd5d99fa,0
3481,1327066200-c10381bbfe587da12d491f5c85b76bef,0
3481,1326416760-7964760fe53899fd580d7a3968680169,0
3481,1327997460-b7ec46bc62f2bf5dfed74548b65c5deb,0
3481,1324542240-1cb153af122868df8c7c59f405d5ff58,0
3481,1325009880-433ab40d8dfc6af7f141a4f2823aa0ef,0
3481,1323565260-c3eb4e18e0ca1c21cc011cdebcfa5b6d,1
3481,1327334640-32e4be4aeab59793e7a25a096fbdcc08,0
3481,1327309320-569437250498eaf9922d481bef4f6cc4,0
3481,1320628080-3278a0e420232251cfe4695e680f48b1,0
3481,1327477260-d706711f6417c1d717c1515324a3464a,0
3481,1325292780-d136b7c2fb7eea7f606336ca95a3b7ed,1
3481,1322899980-1aceb4af40ab2e6c64452f61660eafbb,0
3481,1323061920-f3e11cef5270ba8e4406612ce9ff3ca8,1
3481,1320426720-9ff6fdffd508f523fc3d12a306601b54,0
3481,1325563260-fa860eed60f84c11bc36dbfe37971113,0
3481,1326771000-6ccf5a7a237cb70071812151944bf3a7,0
3481,1325535000-50dabc4c88fecc288807316ca733dbf5,0
3481,1322972640-90056ef781eb9c2364d7b966ca7e55a6,1
3481,1326014640-3b75fd8610223a58e53f7c56382e2d87,0
3481,1323941280-0990745170221a10672646435c7b38a1,1
3481,1326689160-a51ee0871e9ae19955c83a88635cf823,0
3481,1326091080-dc2b6567d22508ac659cdcd8052740af,0
3481,1327094820-4914c4e5fb645c4f8bc7d4d87d6103f7,0
3481,1321296060-c31e0fc4901d1b508638e640e728c96c,0
3481,1326946500-93419513d6239f741726a97180d6d11e,0
3481,1320466440-03c685cf88582a828b8ccd72ec0aa09b,0
3481,1325408640-b180f34bc50d3d2d1e4c5bc2c6cabd0b,1
3481,1327739520-c0e691aff5c99c9abdae6e0958fc4e88,0
3481,1324556640-bec0ed2c7ffd32435a869b2cd07f0ad8,1
3481,1321364280-64c835399c26529d2c2db66146867362,0
3481,1324455120-9f8bf09ed4c4280f642c0561768b4824,0
3481,1325260800-f3ae65295ac4095af9bccd1a6c1df3ff,1
3481,1325260800-b99aac20990c59be42c901c53c0e46fd,1
3481,1326835860-c6075b2ad468bf74126393ad85d6af3a,0
3481,1324287120-8dc5e1eb0be4246934e2d54457fd2e3f,1
3481,1323768720-6e667ef398dfded92cfa9a9bdecca403,1
3481,1326702000-d53a7a4958168484e9dda21623b7c372,0
3481,1323438960-358313014caf7d07fe143fb866f37478,0
3481,1326855000-926d0795c6ae0a133a2455506f276905,0
3481,1321087800-10e8b2833238aca71b97768d8de076d0,0
3481,1320219060-5c04fb92f44c11a4494e80a25cb68ebe,0
3481,1320482580-8a716aa1fb4acecf13b9c78e7071d1a5,0
3481,1325307420-3b09b500c76223b75047bbc334a4dbfa,0
3481,1327369560-bea176f1f44742479f104823f82d4713,1
3481,1322157120-0d1847dce98719991d2ec21e097b637e,0
3481,1324715820-0129af40cf785134f2f19679df632615,0
3481,1327413540-508a61d8c7f59fa5784837c6229ce53f,1
3481,1320583440-9ba6efc68fae9140a87953a91ca8caa4,0
3481,1325259780-3298a2d9f5cebc4ae6b928d51abb162f,0
3481,1324633860-9ee916829d1e76140225d2a4ad1451b2,0
3481,1322666580-51aefb3c42675d361d6abca3870f51db,0
3481,1323437760-1b17b8a2758987418c87c50ff347ab56,0
3481,1327359600-02b9ce064ca021330c878e38af4d5de2,0
3481,1320667320-11e6adccc0c470db36ded2f9c729b11a,1
3481,1327282080-7acb30a594848882860209c9a6544aac,0
3481,1327510380-3283bac7c0c5a28aef51dca0d3c1a432,0
3481,1327094280-540d1a2e627d438a533c9d3057d0c0b1,0
3481,1320812640-043162bcfd88f1bd98a3ef2a2e85428f,0
3481,1327449120-c35cb0dad43cd04019bd9f9a471297cc,0
3481,1327265460-b05faa44678d85f2aeb98e164056ad0b,0
3481,1327423440-a770b911f97448690239dee4b3fa6c3f,0
3481,1326841620-d4bc2c38d0c0465e5dd8ca4800d37795,0
3481,1327996920-a39671fe827d074b2dee2fdadef231c0,0
3481,1320719340-1c66f41ff8ca377522ce20338016a0b0,0
3481,1324065600-dfeabfcdf7f77a5cd5636dfb8cd36a51,0
3481,1324040700-925635180bab3f0bc490ae934017ed03,0
3481,1325760360-497816ee1eb791b7e98d9d59082e94ca,0
3481,1326978600-a8567757f365df22fddf24f539db9995,0
3481,1326226140-118e2ef65bb0e03fd8a56aaa12273abf,0
3481,1327460040-a34cc3e78a79169024c02b67495a92a0,0
3481,1325034960-78b7c6bdd1e8ec1a3e85a9b287a2d239,0
3481,1326150180-451d696dd5a9bdf2f5c3f60fd1d51990,0
3481,1321150080-0312ea5a78337c03fab887d2ad58441a,0
3481,1321518120-7bad196185af3365261574a78009fab7,0
3481,1326304740-5d5891e146a6c889ed21f4fea4321ca3,1
3481,1326304740-67e0ac90f467386d2a37837e41c8e2b8,1
3481,1325561400-f6d09fa327738cb54c8d259da6510968,0
3481,1325590620-8039fedfd65d092d83f85ba09a958ca7,0
3481,1326127560-3d90e1d32ff625974f348372c0da8cc3,1
3481,1325719860-0e5e7cfd91240d7f7a2b6ea58a4ebc45,0
3481,1322118900-6e1a3e9e14f9a1bf541c70371fd1a28b,0
3481,1322442960-95d91f84f9f5cca1ae12069aedfcd35d,1
3481,1325683080-12bd9ad4d50456a9c7e9683369314403,0
3481,1327915920-9ee6333ba4d814c7eec43ee75ce621c2,1
3481,1323541620-d426d22336b9c3fd033ad0c052da5aa2,0
3481,1327680000-596ee8f446e19e0511ef2f94e948c532,0
3481,1324784460-f4ea438ea06aa1cc7c967031f274867c,0
3481,1328051340-def639aed1d2ef76d77dc1044de537e3,0
3481,1326322500-0e2588c22796551b59bc884606f8efaa,0
3481,1326978540-0e96b1aced488d67eafaae88ac778eaa,0
3481,1321486800-ae304017624a49cb69129bfd8d25172d,0
3481,1321901760-bbb464b7fa820386044bfd16b5b28018,1
3481,1325319660-185dc3466b7204778b078e1a4dc236a0,0
3481,1324001160-2f47f2f1c2d67f91d1a9600cae374d7d,0
3481,1327659000-d2fd6a9a54ffe22691d8bcc09a431703,0
3481,1327615560-23474f3d0861498ec126ec01928cff67,0
3481,1326191340-d44d0f9df9fc34b6e7ca4becf47884ea,0
3481,1322578200-c3d3d0d116c6e5f25233bae174591e1d,1
3481,1324562700-d11d1ea510d7105074733a249b088135,0
3481,1327177020-7620f6e38ed897588962dfd829541b3a,0
3481,1322099640-9d0473cd9917d4b94498bbed605ff575,0
3481,1320962160-a27f76853877918638029eb60227ecd2,0
3481,1327178460-cca6ac5e12442e376a082ef835265cd0,0
3481,1320802920-0846ec129f976c8ae51175a36f184895,0
3481,1322412120-b75684a16df0eca4b9e19114f80c0539,0
3481,1327641900-acadc16b844c3ffd80b860a162a90572,0
3481,1323851460-f74103c4016bb2c17cac23f5fdbd70c6,0
3481,1326220500-72d2700c80c95c5d294a468e643f2c1b,0
3481,1323366960-2fd2f6f67ffa4a83dac1e0f6b04988f5,0
3481,1322773560-f6ec568507c45288313cdab1ba85bcd2,0
3481,1326899220-b8c0a18853e29b808f119ffd134b993b,0
3481,1320636360-daa14ed882cef0b2bc795d014720eeac,0
3481,1327616700-65a7d65a8c9d94fb49cce7315409135f,0
3481,1320423120-a37884284f7445c61bb2f7bcf9e34de0,0
3481,1324386120-362907a9bd3908752d32a6516f8d1e63,0
3481,1326487500-db0f677b7872f8f7d52d7f0d4c8ca10b,0
3481,1325892840-34daf416609da6f7572e479239af4cb9,0
3481,1325398680-8a91aaea458b2ba942becb31bf8f4f7f,0
3481,1326394860-9f0c6a26355c9afc474e12a0ed511a46,0
3481,1322496780-f2ab058075264c56b1efbab55c1e97c6,1
3481,1324563000-66f3c64a4ce56210e5c9e0962c723923,1
3481,1326785520-38cb9cb13a7d872c62726049a30b636b,1
3481,1323843540-bec7401764ed8880a4f3cb6fe77ea533,0
3481,1326766260-8b5b6ef570b49cdac3cbe42c68ad524e,0
3481,1324431180-7c4fc6f2169d704bb94663e9e4115f8c,0
3481,1326946980-6ee249f9eb2ae0f81b3aefc63689287d,0
3481,1323160680-bb3b9ffbb1126638755dcdadf42f2b04,0
3481,1322964660-458287a46bf851fedbd8d5b471948613,0
3481,1321356300-db12708e903f0c2ab43bcaa2125b49b7,0
3481,1324716000-93f736e530ca3305fb22aee8dd091e3b,0
3481,1325671620-a173108167c8a4e0f3c42b4a44e96314,0
3481,1322519100-1ff353e8c4a8f3b75d7d74c8123e72c0,0
3481,1325596140-99bf58d81903e0ed0c098e1e017f290f,0
3481,1326076380-bf7af986db5c110812e545c6334b6b0f,0
3481,1325399400-63fc70a5455646a5c450015c6893caf1,0
3481,1327354260-6df60b2a04b0dd1096ab9eea008ca727,0
3481,1327692660-80759c94c4998b07a868d9337fcf81d7,0
3481,1326613140-c3412acddc933e07092ab571476b02d3,1
3481,1321433340-96b9604ea2ea51a955bf217a06b5ac81,0
3481,1326290280-980db28a89e54d7b77f937eee7993244,0
3481,1320819540-27a3940785b0cef6a5c597619b1506a4,1
3481,1324581120-0133e2623fc9cd8a3b8e9b799719e6f7,0
3481,1325708940-5d959110108200efc39b8fa3e903c2ad,0
3481,1324509180-a5d28acd0b8c87e7635f19ef3f7bf7e7,1
3481,1322558640-d669ae21110ae283e3c1ac017a236113,0
3481,1326420780-09b602c5395dcc0818949bd973424dfb,1
3481,1322752260-23152bb063fdf17784d01cfdcea72fac,0
3481,1321353660-ceb74a4e3501503efd4faaa68f74fef5,0
3481,1321818360-10e62bdd72928ae7890b35de74e61ca2,0
3481,1326152220-2c92bbdec0755b82fee2db773473cefd,1
3481,1327943820-342b06dae8495c43b8996af3b425ac48,0
3481,1326473100-99b6b2489c0e6f69788afe3fe7ff18ee,0
3481,1322802000-11c648d0a081439781543912e5062bc7,0
3481,1327464360-4626aa5cade2ee4e2cfdc208296d5f41,0
3481,1323228120-4744c7497c8ffc62199a4de1eabe901d,0
3481,1326888480-324f0a03225733667f257a22652657aa,0
3481,1327968960-82c2f0cceb288604d007c849c779837b,0
3481,1323133140-4cd7945cb6e34b9eb71c359bd985cf4b,0
3481,1320821580-f2f8db5df1bfc37d5b97363cf83abb55,0
3481,1327465860-06fdb4356a008d4b674dddcf917b9fba,0
3481,1323333420-76d55df86bd92fdf570273ed02c8e8e5,0
3481,1327584480-cfaeac434e0cf5f4daaea6a3b5f74bbf,0
3481,1322985780-16d84cafa145673e70f5090bd2db34f5,0
3481,1327931280-9887ba9121479d1953b21fe0b1db4061,1
3481,1326372720-c44f70eaaa6677ddc877b33156bed641,0
3481,1327459440-dd690412625c52573024f8cd4481429d,0
3481,1324609440-a6af1569e3894e2c8c01a1647b387c4f,0
3481,1321560540-229f5c16cc341724d6ac5ab1323e5ede,0
3481,1320970980-6dbb4fbf73ad661ec5db1a50d0d3e688,0
3481,1325599980-29a767a10e0fb55a84266d8fb6d215d6,0
3481,1320970080-106f85c0face59ff25ab582b040cec3c,0
3481,1320482580-6f7851a1fc4cb13cbce025fcb5f1a92c,0
3481,1325611440-c96309a4747df63d3d728b2d8fe44a43,0
3481,1327189860-5bd4429bcb809d90236984f504a7c000,0
3481,1320863640-28f8fdaccb1a84c70b4004c8c3b8b6f6,0
3481,1321606620-9c57d2ba2b043a359a8315e6bb6e6d32,0
3481,1327437720-16d9b9de40dddb1c07c8d6bdbc046dd4,0
3481,1322763360-0173045b627c67d09835060a817484c6,0
3481,1320865320-6ab8447bf5115025cfa7803f4c1be631,0
3481,1322859960-67ecf003243cee63bdf9b77d843815c1,0
3481,1325561400-a65f4fd7ce800b6431e28bc96386e991,0
3481,1324368780-cb7d190b8587250bf54664c8cb987268,0
3481,1328029560-5fe39242b756f0152147f1e3dd75e2e3,0
3481,1324792620-b157ee23b8cb302416e23f03710a67a2,0
3481,1323530280-d729d2febd6edd15c92d61d742b1b25b,0
3481,1326704400-4df10cf3b03ad3f1f6b88c89087bb496,0
3481,1327453500-3afe259179910ace414b36fa8b2c6fef,0
3481,1322807580-6bfdddf34b997452e04c46b556866b23,0
3481,1320128820-7d267a490140a1870d69cb965c16f0b5,1
3481,1326778020-bfe3bfcce18bea37de050f0ef701f710,0
3481,1327903080-51a0dba02b0e23b87dffa2b90267cefc,0
3481,1322539620-332f93fcb3d7bd59a7466912825ef929,1
3481,1325742420-9199fa5699162722acfb0cc28019f4e5,0
3481,1322899980-c4f80c51a04f0c96341bf2a57d8d1d2a,0
3481,1325173620-bf70b8e148c79d3920a316b6043ca945,0
3481,1326149820-1b6ecd180a2c251eb4ea0e0e3fcd115b,0
3481,1328052000-8ec3beded6c38aa85dd6a5acc07778bc,0
3481,1326777420-14894ddf8de9cd9b03ef25b401cab3bf,0
3481,1325026800-894c1d5ea07d0cd26d8b868eb225fd58,0
3481,1323616320-cf5577ccf7ab017ddf7b8862fa906b36,0
3481,1320737460-b94941697f95bc6dcf54a49ad9b6b88b,0
3481,1325080620-91be290e7bda8c9f30ab47f41532640a,0
3481,1321996620-533dd372597cd2600a3c9d36a05eb573,0
3481,1326495660-54c9ad3ada7a6fae65a3868ffa91e573,0
3481,1327496040-c2ad9c1639b0d06adf82a724eb2a2a4b,0
3481,1323974880-a84f955a4e27dccf78ec495d6f7a1b16,0
3481,1321605000-8a6dbfb05e72c41edfea06924d020dd3,0
3481,1327843620-67dc5c091a684c1cd60a4a53a482dac2,0
3481,1320840300-92b949099b6cd053a73b14535a0d766d,1
3481,1321978800-b0480311bbaf5cd17c69944db4955df8,0
3481,1321940220-37b8a2a4de7402cf29f5845ccce599a7,1
3481,1326131940-a8eee486027947218c29fcad62b3b365,0
3481,1326060420-4a3a47afd9870bb89618133414bb62b5,0
3481,1327339620-542754ec66e4ca4fc559252540dd8922,0
3481,1321433160-afa520a1bca4e16f07851150aa1b377c,0
3481,1327392660-28a89e5ac67c3ee9722e43f9e610ab1e,0
3481,1327368600-c1192812f42981b05cef194b29098ad4,0
3481,1323952500-65d6fd11941038721bed8c35f5fb630b,0
3481,1323806580-2d261a306ebd0a3ec074e17a0e844326,0
3481,1320754860-35cbc1a5cafe22f40c281cb040d6a749,0
3481,1326598200-55b475650b1a8f9841aca659be254e45,0
3481,1320588000-4af2085ba70ed032ce4f4dd291155a38,0
3481,1326954000-28466c84271cc3c3ce59024db0bd7351,0
3481,1327090200-a50fb7e6cd2e2bd31a8de055cfd73b97,0
3481,1320811500-a0b4c6263a51c0d465955408ed8db06a,0
3481,1326652680-3a07fe7304e00c2be68bc5142082ce10,0
3481,1327209060-6e63191bb4296c8f951b96174cdb4f36,0
3481,1327889400-8a0631f8a973743b7e3b500dae465601,0
3481,1324166520-0e221849ad39f298491bbe6e3d9790bb,0
3481,1326150180-7201fe74cd146afcab6f2126f2ee00db,0
3481,1326301680-d21b5fcad95a0f8b9605443965ad047f,0
3481,1326500820-19243de226bfd029620239d18c75fe79,0
3481,1321883220-076a7270aea68ddeaf16ddbbd29b1fd6,0
3481,1325399400-7cef3e6360f8f6eb65fc6b3cd59b24fc,0
3481,1321985460-4db77febee9e913a6724f654fcd16ad3,0
3481,1328025120-c73477eeb3829035cdba6cad47d4700d,0
3481,1323755760-7b112c1359431c07c2780f2467093563,0
3481,1321518120-7c1279477b32c4243ce1d8521b4ee78a,0
3481,1327590180-735a605e3dc12f0234ca8f5e7c0fa286,0
3481,1325805720-70f2522edeed7f15333866cdedd57532,0
3481,1326364980-9009751ebba9d72b63cad2b17e3361f6,0
3481,1327578300-84de8ed180ff1c635903eda007afac7b,0
3481,1326923700-07417384af026e53d53f90c437829768,0
3481,1323094140-8e186a2568348d24e042fd50b99aeb41,0
3481,1321604700-916982a82fad7700fe2393aefb5642ba,1
3481,1323321180-43ceec5e99ddcebb61b3f1b52286f769,0
3481,1323076440-56d2edbea5d7ef2b1685cb7806cf3ee5,0
3481,1325683980-6a3fb32e1e06bd9fee546897c0c559a5,0
3481,1323709680-23c7105e5a01c847aa3280c2d26fe358,1
3481,1322787420-0e4af284baecd62e8d005f403e86d43a,0
3481,1327078620-30ac66223f2dd65a0c2846c107bd2061,0
3481,1323110340-9181c5af395de61ac51dbeea25ea0d01,1
3481,1325060940-a36d2bc4e9d00384b2b15a402b180f9c,1
3481,1325060940-0a368c0f832678c53257bb7e23f4cf01,1
3481,1325579400-565573aec789f650bb1079437483f7e9,1
3481,1325579400-b5639f5fa019e259690d4e0da7a972e2,1
3481,1326789180-3e57159290caa9d330c4f5b02a6c9bec,1
3481,1326789180-acf0abe4efc4d48da71770624a85dfa6,1
3481,1326183960-4f368fe3c8c968a3d36cdabe8516e35d,1
3481,1327355460-13f4f1c6695af45450705f4016557231,1
3481,1323120960-9c7916dfbfc72f7084e8630f7a854555,1
3481,1325578860-b683de5ae0142e7ec7648b8a320a9425,0
3481,1327494420-fc7774cd1298e25c6eebd07c48431dcd,0
3481,1321719420-8ab157d1ea1efeace6ff0a0861239d50,0
3481,1323466260-cae4f2754c56661ae745c187c90a2241,0
3481,1323704100-0c9060f75c9ad479dc0fce2f9fa7ed32,0
3481,1323898620-dfb08f4e51557838d45439e64e4f62cc,0
3481,1323073200-6e7a03bee9a052cbaff0e2beda7b94b9,0
3481,1326820020-9a2c5008f70a3e1796d77f40b5fafab5,0
3481,1328058660-f2dd6f10d8bb9de6d2709c9e7543c770,0
3481,1321579980-cd800d623b42f41135918fb943693286,0
3481,1327979940-96dc574d105c45a82e694baa623f97c7,0
3481,1326939600-d9bc8d72d69fd95aeca69e1a42a7928c,0
3481,1326757680-4aee28fe2358f9c06944868b048067b7,0
3481,1321853340-ba818adb86216bc13fba286093babbd1,0
3481,1324347900-307139f57e595d637387cfa967594410,0
3481,1322941020-11d15974a2c9f89cf8615fa9d7bc008a,0
3481,1321277400-c2008215591dfebbcdaa7af0347e27c2,0
3481,1323851460-f9601de4d39198d975da647981d99a70,0
3481,1321914960-85b433129baf86d8b87c35ac323d60aa,0
3481,1320572940-9fb07747e9c4d221a44e26bafa995445,0
3481,1320932280-7e4e91a67ad11605ee86c2357c4cff05,0
3481,1321351080-30f5394bcd24b31df17d5d88f27039ae,0
3481,1326342900-bb6ff5a342bd4cfcdec054d078a81666,0
3481,1326199020-90eafe87af56c031c55fdb99c44e8226,0
3481,1322681100-8174b6fde28f400b127fa12ff2d029ea,0
3481,1322070660-b0fed2bbba60dbef012b17d340770f35,0
3481,1322856000-d0e20f8f016fac4c0db99d17a4abedb0,0
3481,1324897920-20ce2a9218758bf391bcb11594e73e4b,0
3481,1320918720-9f2e18d6cbacb5decb1c7f7aa33a6696,0
3481,1325647260-ba8b5efb5953b75980d6e2dee86647c7,0
3481,1325140380-cfd637a55ce24c94cd2ed30dbad464cd,0
3481,1326383700-37875a102005cd29ce1ed8131ee00a3e,0
3481,1324475400-701de63771fa64872b26c694c8687231,0
3481,1327570860-8677e81fec8b6eb59be4bb5e1636c4bb,0
3481,1321837440-668adbb8d915a3916db679999f458d28,0
3481,1321204980-a36a02b358050063920c586a0d7d2a8e,0
3481,1327945740-3bd503eaec5a833cd7725037d9c5a059,0
3481,1328004660-4b4faacecafde7ec8111f0f6186ffcb6,0
3481,1327888200-7574662e200d24609f3ca1a6fe0e312e,0
3481,1322094660-179033ab8546cdbcd619b0fafdd7a142,0
3481,1321257360-672317c3f25dea9a558d6545e2bad0b1,0
3481,1327566420-0ef4d1840aedbdbe621d6bfba7b05ab7,0
3481,1326865080-86b1c228048a964c89e307862eba3843,0
3481,1322506860-fb90aad400da4e3014d68f50981f8d71,0
3481,1325578860-c92e0ccdaada4343466284178b9e6c30,0
3481,1326010560-024a5457e6c39e672618f166da71e8da,0
3481,1323718800-7acc707991e600ecc01cb1ffcae37343,0
3481,1320494040-963233523bc5f17b314b38c9e8a39fde,0
3481,1323771600-72dc7cb81440e142713d43839f9ac9d5,0
3481,1327465800-c0717a4203309387e59f7bf7805bab7e,0
3481,1320722340-2522dd732a374ff5d7413d3826f8107d,0
3481,1322523660-0910aaa9e0a08d239476701a7a71694d,0
3481,1325934540-1b898dfb12e809bee01cf1cba55f4d5d,0
3481,1324565100-f0cb8ac53e8e3f71093939560090a200,1
3481,1324578600-116410f3ca74ef011a113d3de926fae7,0
3481,1327469040-710da45cfe6a993a171018335733911e,0
3481,1320796080-662574621f0cabb4e47ee65b12937203,0
3481,1325213700-fa6d8f65184643b8cb70899445740319,0
3481,1321656780-bf91529a42df700931cde0250104133a,0
3481,1325620620-9acb9578241c7e263a563a9fde72103f,0
3481,1327345260-accf9106488a1870d26e10f6bdb499ca,0
3481,1324629960-bb621666015a8ab04e970dbb99153b0e,0
3481,1326758100-2c4fae8aba8ee0a52ba2b3fbfe10b759,0
3481,1322544840-99cc7987a29be4618787678467fcb847,0
3481,1324963620-fdcc563de98d4d6dadbce39e3d10d804,1
3481,1325010900-de3ce23989233b3c0bd8e7e1857eea7e,1
3481,1327903080-2551cd94e960b454715e1353ec8b1940,0
3481,1321592280-96d152c1ed3f45fb3fd2c73c5d750a53,0
3481,1320330840-ba110dcfaa5940ecf8fd76230b13deaf,0
3481,1321319100-675a34ebf9211b69142d772810964d88,0
3481,1327739520-bc3143bba0f5549a3362cebeb4aed727,0
3481,1324595400-8075ad0fe72d5b48d664e17fd6ed7d03,0
3481,1322004300-869c402497d6902adf3471190f5a4065,1
3481,1321338660-a33e6cd0780df370741c1975f415e5af,0
3481,1325895900-1b362813aa0ee93f85130c251f425e42,0
3481,1326421920-a38aa25130aff0df7a6b152ff34167e9,0
3481,1325112900-d34d72f2d581332bcba845c62ae944d7,0
3481,1321433340-5a9675da22f179180b324edf08853a2b,0
3481,1322125140-bd552005c3344c0fae63712c8f938a31,0
3481,1324992780-ca55c265f2f7ae21419a882ed749a859,0
3481,1326969540-d97ef917f621f5bab39063e05d53017a,0
3481,1322969520-f27c27d653ee988c0703774cef6c07dd,0
3481,1322021580-51b180ad396316212b9b92342695ab15,0
3481,1320443820-492ce535d4c38235076b79c9193bb406,0
3481,1325580180-8dcbd60b4ba9f8467d1c5aea5b3d64c7,0
3481,1323869340-80954bf0ddef347986f1f7f3edf86f7f,0
3481,1325174400-f4d1c036db4580cdbc3de0896d238aea,0
3481,1320537120-248005cf48cbf28da59e3804c812386e,0
3481,1324415340-0f943ac0fc49215728b06c41ef966f07,0
3481,1326699960-46e2e5672ffadd3607b1d04624dff3cc,0
3481,1324691100-c8bfe0a71aad9d9c274c9a73b4ef123b,0
3481,1321315380-53e2e9cabb3dbffefd01952aaa76ed99,0
3481,1322005800-322cbdb99b7d9e315dbb5bc56c173232,0
3481,1321433340-9ed7495443cbcc2aabde5e5161796950,0
3481,1325055720-063696195d0ea1ee24b7302226f308cd,0
3481,1325508060-226bb8591f33da43db1f2ccd85e11792,0
3481,1325263320-66d10f1cc28318a427cb3ca9d3cb6e66,0
3481,1322899980-35d32aee06a490966fdcd3567ac24c7e,0
3481,1323610080-2434f489c878ea3271150a2010e10d57,0
3481,1325261040-301be18682efecdea0e82620059b6687,0
3481,1328000340-3437b62f7c8d5e34c5bfabf40d194b12,0
3481,1326978600-05299c46892fa244cce2df17a1262c34,0
3481,1323414180-56176f409b3388da5486293594ead3d7,0
3481,1322437620-457857b614e06ed0a674c2c348f2b6b9,0
3481,1325250060-96c2dd54101a414d4f666297c9b61b44,0
3481,1324640520-5e4e27c38ab0e31c2278bfbee982750c,0
3481,1326950220-dae5b4822f9ebffc1430b2a06a59ab6f,0
3481,1324473000-0e8a09a6451f5423693ff0fc0789e630,0
3481,1321632360-c81abf6a4e58dcac327dbd9e34e87d03,0
3481,1326390660-cdf80b269d8d076f5c8c64520767e573,0
3481,1323745620-7c2be54e013001603c9b0d964925c94f,0
3481,1322527920-00ca9229d9dcfe150fc5157a31df4c48,1
3481,1327891140-43ae7ae7c40faeb3a5e963bcc133e6ea,0
3481,1321889100-a3bad5ef00f03117345b48c3ab1e8caf,0
3481,1323567540-c980ba4979e46c31b2bb02339d5deed3,1
3481,1324024800-3bdc1dae6b77174246e9018de1b1e15b,0
3481,1325740740-6ed504f7f5648650039564012de3dc7b,0
3481,1326669180-965ad4185c91d41e86ecc6c9512ba6bd,0
3481,1326210300-237e2bc22b4135d8bd9637088b711e43,0
3481,1322545080-c9b273577c78bb4871042fcbaaa6b2ad,0
3481,1322548500-6fa02f37d0b0b9705a047efa2aa3b858,0
3481,1326348540-42317a09c8c15f65945b592120af76cd,0
3481,1324152480-a4dc9eddea765df5436ccbe4a1558648,0
3481,1323707880-af4b1c56e2b2d47b7b5748ed8632287c,0
3481,1321848600-329a345ca469ebc654e197328d8c6336,0
3481,1326651600-7f0ae16987214a8c48ace7ea7ba8fc87,0
3481,1327517460-4643f84b96ca88c6d404da581706153a,0
3481,1320550080-a3f118f320f1571a0652ce1abb61728c,0
3481,1326705660-18239e3bd45cf021c3b5e1f0ab8afbab,1
3481,1326705660-99c72a2600a45fdb8b150b49939fa9ff,1
3481,1326572820-f367649a6830b9cb5729a585ff6657b8,1
3481,1321594500-ae377957f14c80c3da10124986f9d7ed,0
3481,1322771520-8efdbadf96cc6104569c822cb0933977,0
3481,1321436580-7f2e8a21e82b98e3492fa6f90711cb52,0
3481,1326213060-924520c81af295b80d5af5b9d0ca754a,0
3481,1327384740-27490b11ef41de8320b6add4e642d19c,1
3481,1327113900-11d04a4bbe155dc2a55b3cc718a101a3,0
3481,1323674700-bdf6e58ceb2a121517fad3951511dcfa,0
3481,1325889000-89773f3f41f2102be95553ed33f60cfe,0
3481,1320765600-9cd59ec0e61b374d41829dcd233bc1e0,0
3481,1325962740-6faaf02ac7785c63273e945c955b811b,0
3481,1323015240-fd4aa71179cacb0fc372c4685edea3a2,0
3481,1320744780-3a4cb87a0e5af00c391635aeba90230e,0
3481,1326840300-deeaf41381f076f66dd33132588bffbf,0
3481,1327923360-328d996526caef2e96ac585e02c4323f,0
3481,1325893260-5942c620f615443fcabe239b045276d2,0
3481,1323388200-647b646a6b63dcd770241eba9a6cf3ce,0
3481,1323754980-195877798f26e99375bcb0f9c2ab3189,0
3481,1322543820-67336fafefd701b584b92995d66c66c3,0
3481,1321767660-875777b2c34fc47a8134ac53d2bf6b65,0
3481,1323569700-2e9ae88d92d2a809a5544f39a4d15844,0
3481,1327303560-1a45fc4cc00a252deab740c953313749,0
3481,1327389840-d14480ac2d6811baf8c54a8383209c9c,0
3481,1325580000-ac37e915b6bb8b65306709c8edac1f9e,0
3481,1320624000-8f7c6e53727af296ac434ef144abdb29,0
3481,1320910560-2a31a4839a32ae5f9858f901f20204e1,0
3481,1326877860-c169433fea4f4a53e33176350868e8ea,0
3481,1321259340-293640d63b8e550b453aad7fd617d9eb,0
3481,1323905100-9f609303ca3cf9adfdc5fccab3827a7a,0
3481,1323197040-bf16facff7b73ca6306b589f16185384,0
3481,1327395660-2cc5a18a91d2b72a96326abfd7c6aa3f,1
3481,1327452540-53239c4d2da6a51d88f0b10ec59083d2,0
3481,1327118460-76daa9b01af7f70598b2eafd8d14ce32,0
3481,1326803820-2cc2bc9a1661f87156cd053fc1dd048a,0
3481,1322100180-8958ee42288bb8c6a09f881323f897c5,0
3481,1320177120-bf9696c8c3a74ff1909256f5ad2182b5,0
3481,1326764520-76ac1533fc55b7e7c56ce10d92740471,0
3481,1325590620-692d34681005e970b63cb4fd3c2c9617,0
3481,1326345000-f330ceb204e5e084fcbd7db4840f0c23,0
3481,1322681700-9209662802cbf5701698440d59f18d95,0
3481,1322430420-6703b336af194a9df0bee81223dd6149,0
3481,1321096380-34e8b97675b699b17dc2edb24f3a6b35,0
3481,1326486660-faed1523efc73c4eddbca906bcf7f116,0
3481,1326223980-a697f36f0864d4bda64a931e301505aa,0
3481,1322735760-f0ff02677c4b9dc91ae50d0780185cf6,0
3481,1324325400-14de252b9e981f5107898a0e6ea98c89,0
3481,1320472440-cdb29925d2c230640db4170d96286218,0
3481,1322667060-f16f823ce2e55b39826d4fb1976cd58a,0
3481,1322706540-8cfd8dbe3cf3774e0ec3c9c66df91245,0
3481,1320754860-577d067e0f9566da2b2dc923b4cdab78,0
3481,1321354380-fa507ea99c0aa1586f94ba15c96de520,0
3481,1321992300-af7967ad085aac0ca8180514a41136f7,0
3481,1325743920-25a35e3a18c1920d196792959f3b3807,0
3481,1322034120-2e63658000e8fd5e91ef6c2b81005b7d,0
3481,1327416720-1946fc026a7a848116f24968850d6492,0
3481,1327904100-ab668c81b814c20975e5ecc4180610e0,0
3481,1320749940-524d662ccfefc914858d786d38d4d176,0
3481,1325060160-d9867261febd738a339487200cb19f41,0
3481,1325469780-0f5fe92058761f1797551c221bf43b83,0
3481,1324920900-bf24545b9cf23579e0c352499216b32f,0
3481,1323363780-b24608d52f8c7609aba32e4cb08b14fa,0
3481,1325332500-8c2504ec41404ed60c473495f72ed076,0
3481,1326110760-57dd433a53d244f9ac0bf3dd4ae5134f,0
3481,1322084700-300c552824111dd982f1c229e585c1c4,0
3481,1321060200-78f16ec77fd36368a9621959644489d7,0
3481,1325070180-bc2ab2deef0dc5efe77d1103b8f3308c,0
3481,1326606060-13415735ca51676ad2062ce36efc2250,0
3481,1324027500-3aeee30864e111cd4c3c7a9928663a8d,0
3481,1322595180-0b4e03bb3c275233171c9845733c1a8b,0
3481,1325514660-66c7cb0f3ca2c0ce60d25738b7c2dd81,0
3481,1324024800-b73153efc1fac7863662533f8d1271b3,0
3481,1326907080-adaf3dde0246f58f6796eab00f6efd5e,0
3481,1323513240-d65265d67bb3e6e7c482f2d1572c8458,0
3481,1327325160-601a9c26d7543a2117411caf04ad0476,1
3481,1327095360-24821ff05d1ff18f9f0b284697e28d7f,0
3481,1323826680-9f7879181850bd1615f806cf0622b23a,0
3481,1321595220-5125f8355d16c4a0d41b799a2ac98341,1
3481,1321579260-a480b849a51d2b7fb991bc22707bef94,1
3481,1321339860-a86f44b7575acfc8f8427c7cc3931b22,0
3481,1325274300-c3f5e52cd7bbd0bbcf1e177af35fe54e,0
3481,1327215420-fbcaf90cc111d918f0f1786c9479a819,0
3481,1326310440-38d801525fb60a35045b53fdf8e7f301,0
3481,1325584080-fbed75360217606633dcaf75b874f41f,1
3481,1323448260-f3bc249279dd20029941b04fca7b5ef2,0
3481,1327879800-074b272d1e4875bdcae2652ec15fc550,0
3481,1327560720-28896fdfabbddf1aff52545d2d895641,0
3481,1323999060-3bf10101f759eb8dc20d898e1f2e8849,0
3481,1323588060-61abd66c4647a0429ac81f6937489f9d,0
3481,1323903660-03f2206de85e412f1bac20fba720caf8,0
3481,1327591680-17f04a01681666406a9f4cd2850114dd,0
3481,1324154520-370bc03391243b863ca09fd0811e4900,0
3481,1321813140-20b95ef6080d1f4c7ad58dda23c1af12,0
3481,1320522780-b2e783972edbd28468d8aabfa4a1c07f,0
3481,1322899980-2de63fc15c12d2ace20090487104a897,0
3481,1321425240-8a5fd9902fce27f9b5caba52bac10adc,0
3481,1327021260-cd3baba34ad92ec0809f447f592980c5,0
3481,1325596140-b37bff4d30ef27c3a7ae0afea1b5150e,0
3481,1320918900-abc3d62bf8f534ac76efa296feb4e50d,0
3481,1326621480-1ffbc2d735a41549f86a1ae18e9bedfc,0
3481,1324055280-2e8a84caad27f887861471112623d3ce,0
3481,1325769960-92deac4b0d03f343fd8b4f84926dba27,0
3481,1322945640-c5f1e75ecfcb0ca4f8004598492ada1a,0
3481,1323598200-cabf45b2cf9558373f8c858a2cc72405,1
3481,1324442700-242ec6c7963f88f638b258d69466e986,0
3481,1322378340-8e739497b2f71b997beb06d0c154e26a,0
3481,1327576680-7348139af27051348f15814fde65ce21,0
3481,1320754860-d54025d6bca171f695ad4db81646b8c1,0
3481,1321534260-2275e6e824c38b0b4ebdf6e062d704c1,0
3481,1327306260-0dd7d1f4e1e929d468dfda038c9785ec,0
3481,1321618440-9da0220fb300e3eb90499d43bf41764b,0
3481,1325620980-b16f9ab99f28d2162471dbf14cb89e48,0
3481,1327587180-78a13158f8c776091f00605c7b66357c,0
3481,1323650100-6411c85ba3044d35c02688de9c831b1d,0
3481,1324542780-a14cf16e791cbb761a5386cef33f7413,0
3481,1323409020-bb060ebb082110ef9d729ea821e1256b,0
3481,1326237600-bf9c41d1ccaa2262de2bed63c6d27bc3,0
3481,1327151340-f6eb9be451863a4c1cb6571b890a60bf,1
3481,1326519480-c84f41b90af0a73a9ee91d6f9fee898f,1
3481,1326519480-f4329a5cb54a9136dde7c127e9e9ae82,1
3481,1327151340-82de17e74b4fa37f161dedafad80f110,1
3481,1327151340-33423b687207dc1ae361f2151a0a9023,1
3481,1327151340-85a1369e4194d656a47ec4e4df5a6f2f,1
3481,1327151340-f7125d32d30735322fff65dd72821cf4,1
3481,1327151340-cc47cd2dda262c4523e8726aa422908d,1
3481,1327151340-df85c4c5784512d0d3db74a18c51531e,1
3481,1327151340-87a2624af2b613c054714ac53c39edff,1
3481,1327151340-a097aa3b3bde67f0664bf3d406adfee3,1
3481,1327151340-4e40eab32f35ddc6876acc7d4c2713ad,1
3481,1327151340-fc9422bc39702214b9db9b5377e6380a,1
3481,1327151340-a6f813cfd438405502768f2b2f40d8cc,1
3481,1327151340-78d835daa3dd3ca33b4d11b1b62e274e,1
3481,1327151340-c9ec7ad28ddfb37fe6431c6391c9ebaa,1
3481,1327151340-589ebe989de3042e3cbdaf27c32704d3,1
3481,1327151340-18072d78ef39bf82ad963bfac9a8b7d5,1
3481,1327151340-179edd7e6592ddfe990134fb9efcdcbf,1
3481,1322319480-b32ee65308ac44b88b9ae150df708fe5,0
3481,1322319480-fcf9add8ec659abef4e1d9522f11eb23,0
3481,1323591540-b2dd842d21a5e54fcc2d48f2c7adfb28,0
3481,1325883900-75ddbb53113a2837c0e55b3518785956,0
3481,1325746980-6dd28f8fe4a8d56b349c19ede903d6f0,0
3481,1322319480-dcb791241932fe0e89cb58c8be7f5c17,0
3481,1326799500-7d6ea1681bceb87426d9f5905c0dd8f1,0
3481,1327524780-7a8360e098e942e1abd4684c84645ee5,0
3481,1324100400-fe375840e7c27d4ba76df73114ba7bdd,0
3481,1322080260-94cd1a5011bbfefe841d55f9ca177ba4,0
3481,1325680920-c9919fda0b8adcbcb2a24f7e08f6cfc1,0
3481,1327009320-3ee68b8d4af18b063dc580c9955a96eb,0
3481,1326309420-14810b652c5ccc17f67ad1631069c2b1,0
3481,1327649580-4e40854739d074ef743a4464d67d2fe9,0
3481,1324024800-64e60d2473a3b8815f41b1f0662015bd,0
3481,1320423900-610a9a7996811f6e8560179ee0661744,1
3481,1326327120-8c32ef91cb4adfc342ab436348b01ddd,0
3481,1323709380-840e615027bc02de91703550e6538548,0
3481,1320421740-ccee0f799fec08d07e191e6d46d8d4f6,0
3481,1325317860-03ae64ad2ac4431eef4dedb17c39a7a2,0
3481,1324963980-97b2ec5a25fc52b0d500796db8b2a055,0
3481,1320169860-948f6b6757352ba7e9ee7910918af391,0
3481,1324408200-9260bb3179b822d0a6bbeb804ae4af45,0
3481,1325795760-7b1d6f80cac3aec9b805f25d516194b4,0
3481,1323126540-ba06e363423404a80c65cca45826e755,0
3481,1327035060-052dbc19121d9e13e40da5330850fbf0,0
3481,1326006660-7335d95ca6a78c94ad117c962b7c57d6,0
3481,1324488720-cd87e8a001a6b97a4baee61bd02a5cdc,0
3481,1324714740-4781304e2c6992e563297819402dc1df,0
3481,1321143060-02c6e544238f031dfa3a86f92ab8c090,0
3481,1326780900-f321c614b69a4d80ce5f4584f0d1eb38,0
3481,1327110540-9dc6717915b6a2e0a7bc2a1ec9ac18fc,1
3481,1327323480-0b5454ee4476b5b05cfe9d6ac729961a,1
3481,1327325220-740e6cd2df6b0bc6b44d9e6e779647e3,1
3481,1320651540-2d26231a4820114e060d07bbb613098f,1
3481,1322972640-0e17e3bdee7902c685e7c9a9c2125525,1
3481,1323279420-1995d0c86806ee3ec318939ddf926948,0
3481,1326804660-6847869205d4e8fa09c4240817ad04df,0
3481,1325606760-5809d6226e9bebe1f561b1b6d887c906,0
3481,1327429740-d499f1b4d56fa4de16eb55d3d2cdc6a7,0
3481,1321087860-64b1395173fa7a622d302b7db61697fe,0
3481,1326778380-b315fd6be8aed170e415ec323bc9250d,1
3481,1327816620-0cef4cafaa081838b4b679a153976c6f,0
3481,1321458120-110e92a2d60b5587dca98d1a8aa109bb,0
3481,1328034840-9dd318d7eb0512c425fcf14b52afd22e,0
3481,1325928600-8650af164c754d09cd50f329144f1f89,0
3481,1326451980-3382137ad87de7048ce9824c00867db9,0
3481,1320809940-396cc65a428a582b044f591022207830,0
3481,1323296040-99cc32194d3de6a69b1c3d250659e816,0
3481,1321343520-718ce96ea2aeb0a4eba3d1ce583bfde8,0
3481,1327909260-1d86457ea83a514bbe43beb56b036983,0
3481,1322614320-aba42226ab51e3ce7bfd75862edc45e9,0
3481,1326251400-bb4aa6d27523174a694e7371b728156d,1
3481,1321373160-2834b809104d3e499f428a0a04f7aad8,0
3481,1323833400-7df391bab2ed4b495797c2caa3381955,0
3481,1324338480-54812a5892f2ba2ac5e1532a196b5fb5,0
3481,1321567680-36544db1f6e6b5543e84c85b9547ea8d,0
3481,1320352980-87f701321403b89c47b624ef71037111,1
3481,1321980720-85f2cc16a07de130247bbd4005c78047,0
3481,1323972720-31d4af191864e904fd194ffcbce06ee5,1
3481,1327113900-fb9a8755571c8f8c3f06d7ddb3bd994e,0
3481,1321556280-3047ea2a43071e64309de5957fa3cb6d,0
3481,1322644140-6c6d8cd32a51bad3b6e95223524d0726,0
3481,1322974680-cd9e8fb9e212d62529d4d90e27d9b062,1
3481,1326072540-d9cd83490efe7fa9585ebfe9338ab3a8,0
3481,1324333440-d26e0468b06ae9f1bc363d1b7905b559,0
3481,1322985780-2e7fda10f2f28f1f6de4364d2f3b964e,0
3481,1327587420-6342b1730f91a3e381c40dafec717678,0
3481,1322370840-2be4c23eebe318a0f21a1b73a9a1fd4d,0
3481,1321957620-ff87bab51a41069efd576c9e7624bb79,0
3481,1324428300-157b9488e7324b5d1bb2df51f250877c,0
3481,1327840200-93b293b60579c443af0d384cdc697fda,0
3481,1322773380-88931f8c52eae33493a398cae9fdb59e,0
3481,1325444760-14a0f8724d14ac3312c01fce31b4122b,0
3481,1322006520-74ec99b6ecb39fd76bd625771ad98b6d,0
3481,1327036800-5b443f7443ec1155ff9f56f782c38ff1,0
3481,1327036980-a6442790e1a75942d002c0b9de1a713d,0
3481,1326994500-f551bc2c4762e1ada7692624c37732b4,0
3481,1327106400-666edea3fbed2392a907306d20d73188,0
3481,1322228700-24745db2da66ba8ce81b7791196e617c,0
3481,1322620020-0eee1ee471698cd902d48e85ad36e1f5,0
3481,1323786720-34de7fba9ae2f5838b1cbafa858e7894,0
3481,1327464660-2ecacde1148964e431b666e767ecd870,0
3481,1323866520-18edffe819231d58b2e33843e4a1a68e,0
3481,1326996540-9cacc3e9993dda236608f3b791ae0963,0
3481,1326907740-6db36dd23ef95177af2feaee14fbf486,0
3481,1327663740-39ec4bffe0fb3a3ea68450cb2b097263,0
3481,1325961840-40f4d8b16d0671368e37a69eba5c873e,0
3481,1326357900-0dc8a40ba765b1a1044e19b8d39ead96,0
3481,1320512400-7c92ad4898402dad097991b4ab70551e,0
3481,1327442280-f17e297d171e84d37cb00912749e74ed,0
3481,1328015820-11eb476fda56cc92d93506e42c44b1fc,0
3481,1327600140-25e7da15283312748f1628933ffdb43e,0
3481,1326536880-d88f817d98b6d29defac2bb976eab403,0
3481,1326385500-cb17260bd1b3792f1adc49b4ae407e1b,0
3481,1323830040-b10904b6f89f8a67cf3599c468efae69,0
3481,1322795160-738d52164255508bbf8ff2ebb0e01648,0
3481,1324675260-8f6624218ff46137e9ec4590110ff785,0
3481,1324488720-cbdefaa8b8214d1d5c45344441776ae3,0
3481,1322600880-82138ffa8e684133a8907629a2a3f1a2,0
3481,1320864360-9069e45b6af9f44a38a60a0962bf7a67,0
3481,1327901640-41b50fbc906524c438855e27b97784de,0
3481,1324989300-638b26670c6a14d71929c5ccb2ed3de9,0
3481,1327153380-2e121e5d288c554ffc10e2c222a3daa0,0
3481,1327415820-80714c08692146cfc60bf1b1624fe7b9,0
3481,1322410380-243602fc68ccf05a030c074f75fa25dd,0
3481,1322681520-0a15bf79906130301c26c90d0641584e,0
3481,1322899980-f627ea67e8791523980b1b93aef51510,0
3481,1324153200-c1d354f91008c798c7f7e9eb0e9fa9d1,0
3481,1320940200-6d5b127a7f4ac4be757b2aac5ba4fbc2,0
3481,1327862700-3dbbe26b39eb49f3f8f9b383506a45d4,0
3481,1327265460-4c328aab91b70dec59a453e282bbab73,1
3481,1322319480-b2aaa3dd9b21158019745f8033e05307,0
3481,1326790800-5ad586dd780ca7d5a10c4c4b2340d359,0
3481,1326729540-6ab0cffec5e4ce6c1a93025c0ff4f6b6,0
3481,1325081640-129360fdb1e91c546582eabdf907f9bf,0
3481,1324548480-90f3ebd3c54b3cc82b15d66c91d7f953,0
3481,1324815600-7a5337c5d3ea512068984333ab925a8b,0
3481,1324077420-5c41ccea35a2352ce084278cef13996f,0
3481,1323702780-64b7da1af7e0a9a6ef11beb8039dd0db,0
3481,1327077300-92afbb24e1626116a94d2c001d51afed,0
3481,1327389840-febfe52cc681f31344f83a23ad4ca787,0
3481,1326438240-599d9662f1e46d27441305ef92739c0e,0
3481,1322783880-c7d2e0444a6ca685d74cf373b098b306,0
3481,1326179820-df7b1376877360066b888245f5a497b8,0
3481,1323945780-25b6844e1f012a6583519559e6e9b361,0
3481,1325505420-6c84ddf36dad8d366058231902c5391c,0
3481,1326286500-b5bb871931ce412e5bd660c7b8fe51a5,0
3481,1320858840-404e1ed4ac387df6ba7d5040686daf9e,0
3481,1322875980-3ab939c59fc2f63d45643f97a7e0775e,0
3481,1321434600-f30f7e9efe5e1e8d31f97c7d815a3315,0
3481,1325703900-a0e910463da4ef11a9f503a70b036180,0
3481,1323984840-2ea10ca0f45332bc4992fb3f1caba9e4,0
3481,1324368780-95ffc2dd20119ebb3d35f7a0bc1fc3b6,0
3481,1325635380-551a6c8423c9bba64c724f539f0aa482,0
3481,1324432740-677ab13b08d79694af9d78b401e64a8f,0
3481,1325196600-8d0fcf313b79d5c68432db957ee88350,0
3481,1326131040-881899c919b96df92f0223cbe2fc5eac,0
3481,1321934580-cb8b85beb32157fda9a168135592060a,0
3481,1321610340-f255dc736ffa31887d3faced19ee0e01,0
3481,1327427400-517ba23211c7bff906d49670d6858f34,0
3481,1323343620-69c4e03fd94df37816f7ef277e0a5810,0
3481,1324067160-da3cc9f9c36866546d4cfee7d1c573bd,0
3481,1326920040-2ee71b8edc9785bf26d3c4209f296aea,0
3481,1326941640-52a7da277fb74dbe6604cc5691fc4efa,0
3481,1326304440-c0c98c19676c30b5704a4aa51b9a2560,0
3481,1322506980-0cd81f459c5177019d4a31067fb1a93d,0
3481,1320214260-8bcb57e93c07c61d8948f85d14ca0bbf,0
3481,1321517340-1b224fefc2708803a37ffbae028ec0c2,0
3481,1325620620-36cb65d375d9c737c002386e0f9087ea,0
3481,1323334860-81f40f7035b8fdbcc4239b9b221da8b1,0
3481,1321854360-c4fd491a7690bda1c4280c90306c9b2c,0
3481,1322379600-ae5c5cc2938b54608085a72f7044e677,0
3481,1325904660-ba0bf6838b32b24f750f63d566f21d95,0
3481,1322725200-ba5b232bca7188d7899829506399f18d,0
3481,1326283800-34eff6b93c49468728e03f4790e0adfd,0
3481,1326142980-b0452f3531a7f07e5dc6d0bf20c7c75f,0
3481,1324128540-29e7312cdb5768816c374b63906fdc01,0
3481,1325351160-d3d4be0ee2cb48919b2040dc7d10cc77,0
3481,1327641120-27b0dfb767635dac77a54b99f3235409,0
3481,1327134960-128752cec55931e71c90575c66df38e6,0
3481,1326667860-ca7437c915851e2d8f3cbe28f6122fc7,0
3481,1328057760-6f784ce840e80d3cfa2fd60d626d6aaf,0
3481,1323084900-8d21a595cc0b973e75f3e9a2fa9f6470,0
3481,1326755880-f3444471425dfc982e067062725f2d7e,0
3481,1323604800-012f8080b97bb297353d47ba8f67ba1d,0
3481,1324109820-4990f63ed6832aee95cf6e1329518b86,0
3481,1320428760-94592cac805ffaaeb3cecd2a4c6b5a8a,0
3481,1324003500-39abf265e1a24816e7adf27e9e97e44c,0
3481,1327948200-099d8bd19bb3205c05bcc433fdec7d84,0
3481,1321610220-68c8a534ac3a77cbac8af92f3d491117,0
3481,1323824400-4f82e4c7ee64465aa781bd4bebe25b2c,0
3481,1325933640-b5ce64f3ea77f7ed61b6ed3b12b1854f,0
3481,1322932200-129524c59ac2c99d7353ea1ac2544e0a,0
3481,1321172400-00f2b5364b52955c5d3e8803a9e63345,0
3481,1320895320-1382ebd01decb824f10b39110e1f7d95,0
3481,1325503620-6fe39664bf223ce697abd879b06f27d9,0
3481,1320339360-fec3c8c8e76b087e8a5a9f96845e03df,0
3481,1323425880-4fa02057599fab764078930a39460cf0,0
3481,1326443940-96d4351868f572cfc15c4e9f58c63957,0
3481,1323815340-25312e4048a763c9806c7f02b03cf060,0
3481,1327099680-5a2882991d934893799738489ecad625,0
3481,1323889560-c284247f1de3e8062967e6ce07198551,0
3481,1324605300-181c3b5e47013bb5a3a623aa5f7528a6,0
3481,1322453820-4d810c8939b7566a8eecbbdb6a786458,0
3481,1325721900-b0fa627582969d0c13597ede83a83262,0
3481,1325916660-03d98965a554537b781e1200c8baba61,0
3481,1322319480-f3ef1d3b1b0de4b556121dec1fe5ef0d,0
3481,1322555400-75b16170b2c989177b621229b76e4c70,0
3481,1321319460-f2629d1008233a3bf1d4e52ab467c106,0
3481,1323480060-4cbbccbd8a1804bc2d0806c9f4412749,0
3481,1322986620-8f4ef6870712dbaa04542589751b1fc2,0
3481,1326702000-8f29209cab288e1fa48eb6cfa18145ac,0
3481,1320830280-bc979df4d9cb77c1f7756b1ec308fe43,0
3481,1326319080-6dc68a32f67c43dbfed3453ef38bb0a3,0
3481,1323983340-20489404df0a7e91c27cbe88a4b68398,0
3481,1321430700-75db0a8cbeda5d61906209cf947796d2,0
3481,1323441360-b33937b9322f2ce5ed12b820fe76344f,0
3481,1323667800-0a501822b564e4dccf48ff5e3ff1ee29,0
3481,1326488580-6c7671a70142dbeafc88c657398e2c0e,0
3481,1326706440-967ceb7d22a8b0b9a3bd5fb0ec14f75e,0
3481,1327857060-60f1742aa547fe4f8ea3b9136f2f15b8,0
3481,1322620200-cf4909c8afa5edabe8487aab4727951d,0
3481,1327608960-3add4149fadb54e546be53bf6eb3686e,0
3481,1323951840-c43fca3181c5ee7e6032bf2d3dafc5d4,0
3481,1327510020-407b6279de1f4d50ce2b3676fb91fe9f,0
3481,1322978700-102dbe1270f0c81f62c7a1781f626804,0
3481,1327395180-2a90251c2ebcbfd4b4a90e3e7b26e30e,0
3481,1323967620-22d4556302fd87cde405d4dff0ba861b,0
3481,1326376740-de1f844ebf5362dca2a37cf4f4d2a54a,0
3481,1327468380-05924a1c71bb790d4c2f87db1851f517,0
3481,1326981420-2de1f986c8602495dfb590c9074da836,0
3481,1326331800-69b0e6b52d603c21c8cd47f8fd07bc7a,0
3481,1323459000-49a02b9f7d8786db79c8c5ab8b1cc8e5,0
3481,1320564060-5f1cc0e5b2743762c83139d9798c08d2,0
3481,1327381020-87a60459149278402899cb23fd65c077,0
3481,1320601860-d237d807d2fbe22ca17c1cf455d7baee,0
3481,1326426360-dcfc99453f44fd7fd4783f127f681404,0
3481,1322033940-7cbd607b5f5278b0b7efd9194c21b001,0
3481,1324053420-427de907ec17e234787ec2032e7a9f81,0
3481,1323260580-9fedd30bf07b138a58e36e499b58fa51,0
3481,1325505420-d39530077772e39fe29b4e2f1ec676e5,0
3481,1320634440-d498e3eb3147e8f25105fefe622fd220,0
3481,1322674620-55af1f1a4dd8bfc243ab9438a36bd76e,0
3481,1323300120-c4f4af2e3e8acbb82391b510fded2db6,0
3481,1325282880-b93445dca1091db16be09afc4bf5abcb,0
3481,1323734460-b150c9e1d817f631b1a1396d4c9c8b70,0
3481,1321183980-556e936a4866500562a19e49dacd6652,0
3481,1323590640-2bc519274e15f6326d54dbb44aca8d64,0
3481,1322253900-1937011be2ea2f60d40daaa3932ae6d0,0
3481,1327135320-1110decfe8b554a1dba615800fd36e9b,0
3481,1324498920-afe9cb0599f7b0b3e110ce4625e0990f,0
3481,1323701400-27ef6f9cfd5fa49cfb12d8be3eb6ecda,0
3481,1325168280-fa97e0e5a741e057f63cdb7a5e8cf26e,0
3481,1327337580-a2eb9714638532da64920bd3231335af,0
3481,1325894460-8521e73a569a05b02c36c4d3ffc6d303,0
3481,1324023480-3c237feacea7a1d38664c135e7f1b550,0
3481,1327641120-33d65ab0527f48e3b6b3ce3be0ea49cb,0
3481,1326971580-0c03495656a7378740b5b74d0223d249,0
3481,1325790900-b120a506ef41ec9a56c0cb1de5176397,0
3481,1324419180-66906b93f576b6f5f4b41175e8f1cb35,0
3481,1323706020-b3eded310ec7a5cef40fca40e7b5b36d,0
3481,1325889000-8586dcfece297b77d284b40bdc11869a,0
3481,1323183720-7e593c30f23b7d057ebb8026f30cfec9,1
3481,1324612320-7859bacc518bee6fe4381ae74a40c44c,0
3481,1323900180-55ef15a0bc370a46fb79f2346ec2c5c9,0
3481,1322661840-ca6a0cbe8f59599ee819c3f49d335a06,0
3481,1323987780-234610636e23416e16a72ed244e91c16,0
3481,1327260180-700ffeedac2689cd21938d8349049749,0
3481,1321886100-05e37b8ce2eeecda509fb9ded0dd96fc,0
3481,1322378340-1bbb582fd2590baebb752b81ffa53bcc,0
3481,1325070180-aaec8937e94fd27127a652a5ad7f6d7b,0
3481,1322189520-39339acc11847a483787025b3a513f63,0
3481,1327413600-2fc36e4c82b6b6c1316b7323aeb1e93e,0
3481,1327609920-016e9b56ab75719fb12b46b104682f2b,0
3481,1326703380-1c8e77488e8df61cc548cc368868a8f1,1
3481,1323904080-60dbadaccf6cf6d199004d11ca768bb5,0
3481,1327211100-34e1c9e68723bf1d84e7bd253dd182c4,0
3481,1323972840-00a98109ce99162fb27a9e532f62c9b5,0
3481,1322923020-80824286d319ab60c05bebf5940845c8,0
3481,1321150500-5681f65ddcea2a56ae9bcde9f91fd796,0
3481,1324112040-d5d6cb7e9194051adcc6949b966292fd,0
3481,1326704400-9ffab428d8d46f4f6ec16de99564c1d4,0
3481,1326900840-48166e1bc8320d9f34ca10e1f021430c,0
3481,1320954180-dca88c623aaa7194e60cbd9203a24c83,1
3481,1322766120-761c4a4f55095f128a2036441e89dd3a,0
3481,1323430200-707398be9e391b397763278d31ca3a00,0
3481,1327309380-5346644e8d0fdeccf56bd4fc56944432,0
3481,1322113920-9f66097b9ed2e05ca84850754629497d,0
3481,1321259340-f8c753939b223dd1311f2447703038c0,0
3481,1326485700-202b7d04171c2960aa57b0a7f5c09205,0
3481,1326916440-1c5c674f150a52f8b1f02e05171c8cf1,0
3481,1327134660-d08be908dc45a9c593cc95af745743fa,0
3481,1321489680-6ca7716df809b982186eac8f5086f8b9,0
3481,1324495080-fa3fbf9b7893e67787320a850cd9462a,0
3481,1326889140-3ac71e358984747af237997e841010dc,0
3481,1325526900-8c5806acb7265ed2d28c25aff51c5bdc,0
3481,1322764560-17b56bf949c0f5b124825c2bd1b589f8,0
3481,1325925720-554085fe57a0e66c1a4bbcaa667e4d1b,0
3481,1323844380-baa110ef744efe19db23e92673787b0b,0
3481,1327474740-947f1b5c039d657ae85825ff17074391,0
3481,1325600280-6da7c5c6b922256050e4d3a57d17b943,0
3481,1327500600-1c1584c1e80ab3e12b6f1af19257f843,0
3481,1324716000-d246beda9d0696b0bd06d7df3186e1af,0
3481,1325642400-f92404d6a1e9adbb2525ed9cac54c669,0
3481,1321561620-9c4f9dee11d8e147e8c3b25ba515e89c,0
3481,1322794020-446d6fdc5ce7396950c0f0a9ab0f8785,1
3481,1326338340-2001dcb0e0b2da05d9647300a71b7025,0
3481,1322297640-7045b2c03ff0aff12200b7958499ef1a,0
3481,1323787980-18989dce1f41e5c087c7a07f4e06ac1e,0
3481,1320784080-381e48e7ff0b6975e95645ed74a80c48,0
3481,1328013840-886aaf93c0f0ef43c759a18708cd68e6,0
3481,1324024800-14435c7d03c74b7a2c9c1b62aa1130c8,0
3481,1322005140-0d404c88a51340546e857436d3b15f94,0
3481,1327576380-808b15d5d0e6718603a780114b9812a2,0
3481,1325011560-abe0df3b0719fc413220a8dbb4f9640a,0
3481,1326255840-28dc683b57348a7ce9ae331db7dec3f7,0
3481,1320675480-dae7f4195e62fc78969abb1b0ab83661,0
3481,1320125100-81ee6f7391fe3f4a49f4aa82b4af3f18,0
3481,1321422600-0cb65cf4bb393c609ab86cf756bc7d93,0
3481,1324867980-124aff47e62d50b4f6b637b79cbd8f33,0
3481,1322507700-c9c017881266e83e90ddc4e8365f9200,0
3481,1324510380-168a32d21e88e3559d4b08a364688029,0
3481,1321024380-29140945922f4984aed57823835a099d,0
3481,1320251760-c665ef3a6ea2188ca3eb543c0e25b719,0
3481,1325603580-0d9dcce1ffe6a882aef1eed631b62e20,0
3481,1327373520-c05501f70dd618645cc08a0d135100a9,0
3481,1324042440-c70295747e6453e5fdce6033081d72b5,0
3481,1327423020-9d7779bd0234b434e7d29fdc168ba714,0
3481,1320871860-3bfc4c6a8eb5798cc637ee43ba3a75d5,0
3481,1323243420-4ecc15a85d52211c6c2da7d8cdc9ded6,0
3481,1325863500-153c0388ced6d1cc34dd8b693cc20590,0
3481,1322994300-b2fad95716c0015099d4ee315844944a,0
3481,1321625400-a424ac15167da24608ac28740d37df6a,0
3481,1325022240-25da8034d87293c90b870762b5a17c6d,0
3481,1324627740-a0fadba945ffe778d3365f51bcd35fe4,0
3481,1326424560-06a2039e0d66e49795b03832b273e0ff,0
3481,1327533420-2dd60f9687be5ee45bc863bde7e46515,0
3481,1326678780-0d62e579d87d949fffc2c459986d64d3,0
3481,1323876840-1c34c6fe1cd23254481cf477fa16b6ba,0
3481,1324313700-4a040e15684622cf305219a0eeb3cc13,0
3481,1320834600-3d6c9898ff3c43d4ef55da9c023560b9,0
3481,1323697020-728b8dba39096464500fb6e3048c7205,0
3481,1326615480-8344765eb0517ffc8005bc4e64a30dea,0
3481,1320437460-ce49ed6f942c9bf682502e2a4e53985b,0
3481,1323467460-04886a5f901fd2f9d614c600098f200c,0
3481,1326809040-37af0600d8d807772e3c5c057eaa0a8e,0
3481,1323727680-7872c57509e4b2b4218f003e76539f0c,0
3481,1325194380-3434b3a8c91c35e65c964aad50924c08,0
3481,1327431120-879f5ea1d03479dc4298dc0e32095b9e,0
3481,1323887100-2eb023afb86ed74fb45d075c3a54160d,1
3481,1326389700-27501f7ca5030d1b6f1b6719c58ffc4f,0
3481,1320797040-4530b40a2b7f6eb854697bdb4dbf359e,0
3481,1323401640-0830592a5b554295423f264e66277128,0
3481,1323750780-2aaf2adef84faffb10e73859a20cef41,0
3481,1321934820-fbd50a716ddd424f809c30930561354e,0
3481,1327624620-a9bcc43e4353baf872ebc5e5daeac117,0
3481,1320856500-0b1a84e1d6aef517906ebad27624e5df,0
3481,1323484380-bab50dc428569a51993c1c0a6c36bb89,1
3481,1326170220-07940f7e2969f8509769a4e24afa4c05,0
3481,1326575280-29b90fe3caace333fb58af255b65a403,0
3481,1322644140-4e923fcb55280b46017a3bbb09257a81,0
3481,1324025760-382a203156e973a502f93f79047ce23a,0
3481,1320107760-c642659d499946cb08fab64ec81a0773,0
3481,1325317860-8e299fd4b188095d6a4c4cec78d89647,0
3481,1327458660-1d94d3863056c9ca8b8f03876ac8bf4b,0
3481,1326537960-8eb41f98b5cb0d1a2f9fe94ac5968529,0
3481,1326113400-95329154c51b7201827bc39faa1ec593,0
3481,1326923040-6b7a580b66c18003c3b8ea5138f871a0,0
3481,1322188800-732248e4680afaccd49effcc9792f09b,0
3481,1327034940-fa1d6f8740f3dc8aae0ab5b19005618f,0
3481,1324974120-a6858750ad4338c07301a65dd217bbd5,0
3481,1322949900-13caccd55cca39014a05aa37daa1a3ac,0
3481,1322453880-78fb8cc8a02c8806761cd3a3b7b1f37b,0
3481,1321036380-73c056ba04e7081f22a74944ae515733,0
3481,1321308120-ff9607cea87a981fb46f3f8492e47599,0
3481,1321726320-a441a499b8a48f80dbcb3185645c1b5d,0
3481,1320565320-328285cc76048caeb175b46fe554c844,0
3481,1327467420-1d9fb1443f87d424eb26c0f12f8a5091,0
3481,1320875400-a87b50dde0f50c000c2a7ad9879c9f03,0
3481,1327184940-273c844f8147db4d46eabe408b8cbd6b,0
3481,1324109820-48857abe4f4cf6be6cd3ad4c49a89869,0
3481,1322594520-24a014a09b2342049fee4a2e9fd0421a,0
3481,1326598200-4dd867b45e0c4c270189c7adf1374088,0
3481,1326308820-fb9b9f098ac5d95cf8884f5812907fa7,0
3481,1326726300-3c9649ed58399b704bd381cd915cdf2e,0
3481,1320507060-3271ecd613fcea863532e849121c2dfc,0
3481,1324066080-01b15c108dfc4fe05a7c4be6ec24eb5e,0
3481,1324621320-7e18bca76e07dc8ba8d26f724921ea81,0
3481,1324440540-c42eb891c775d5283aff7704a9d745ac,0
3481,1320343440-87d5c7dd19cc225422bf4ebeb7a775b8,0
3481,1327066440-27dca16b9d4fa11c1096f71e16d72f8d,0
3481,1323879360-42eae88da5b3e65b7dbdb75b3d68bf75,0
3481,1326456480-457e3fbda5f3d1b0f0ea74e1e8f5be3a,0
3481,1324661520-c2c87ed2717a52dce0a467a7490fb8ce,0
3481,1327269840-58183e1ee1e87f9ea68964dd9c24fc11,0
3481,1323204300-84bc68ef9f4e98e8bc1716f4ea055604,0
3481,1324665000-26a1f23c2227379d3ff2f3fb2c482cf2,0
3481,1327809480-264fa642bf154e6bca6363a767ff09a5,0
3481,1325715180-1ca95caebd79d334ed3b150e50d26922,0
3481,1326155400-7fa1ba5c6119f114d4082fabc40d6b3e,0
3481,1322448660-ae5cc3eb224c79371a3d9ed2880961b1,0
3481,1323729660-6c047f3fe4db7a0c656fa4187801d235,0
3481,1322392320-72ffd3441bbdc532ebab7145affb3460,0
3481,1323184800-22ed9cd16e1fbdebdd01026a6584c6a6,0
3481,1322009100-023452348a5a39b4c5f38e9a9ef61a5e,0
3481,1322861640-9dc14005841505ead52a35859b0daab9,0
3481,1325125920-ccb3f3629f1653951c836e276b90660e,0
3481,1321433340-08e3ffa6782db1e13b67b2d8be9f48f5,0
3481,1326320460-416ff89df34bd71c6956963cfdfb5caa,0
3481,1321087860-6eea8948031e097a00312d18d6ea23e5,0
3481,1326838560-170b071540f86e2e1f1a181071a1f534,0
3481,1327951620-64361d61d6eebac08e6748c64fe775e2,0
3481,1327933380-bf7da0dfffc02662fed214e752cc9bbf,0
3481,1326812820-92386b2d8ca27d734dbb22960395b768,0
3481,1321392300-b856b4f7d66d0f268eb9ae8dac46f301,0
3481,1324419180-c9bd80217939bef60d49bf587f6d95c0,0
3481,1322097540-7b52481b0f07882cb4b9282ce47fddee,0
3481,1323787680-88a631b28d9f15a9ae5b8b28ed7eab6e,0
3481,1321549740-88851ba6a6d07b8ad094c784dc010517,0
3481,1320962280-ab6b0dac59f69553decdcee2180866fa,0
3481,1324315380-9e7482545349a15bc5e45aa64aef9a9e,0
3481,1320731580-0220b134776df07abb22f6b4b3679745,0
3481,1327028160-8b2f561c91f6f76583e511941f8ae1f2,0
3481,1327292460-31fed7ac91e722c14561370b7cd7ec5f,0
3481,1325366340-ad549268ffd60aa327615172cb96d28c,0
3481,1322082540-41ccff464debccd724ab06fa3ac22e0e,0
3481,1325846160-9fa762ae6025fea336c83a25004d1d98,0
3481,1320481440-79baaceb161e109cdfda943e8db51b08,0
3481,1323631440-3aae758dd5990fcaaec08325fcee6823,0
3481,1328023260-88662aa093971c02aa753f5f383a38cd,0
3481,1327066920-06780f42b7775bcd0e815669fc80b388,0
3481,1320454680-facd1f210e613f0e4c6df29ce6134863,0
3481,1327432020-b124eafb52656e41085077ab66736baf,0
3481,1322774400-b8b58ae3cc7a07afad89b9372d91b113,0
3481,1326905220-dde4971dcc56eecb87a95d55d4890023,0
3481,1324562460-3efe776ecc92c8d655d532bfb4bffa10,0
3481,1326906300-b95cac7543fa6cfe2723214096d7c747,0
3481,1327086480-50eac91e64e1bf0a6017a450b5510f92,1
3481,1327624560-76814743226422a0e908b278aacc6630,0
3481,1322495160-183e5db6294f7ef208e337887f5780b4,0
3481,1323289500-df6dcf7c936827910e319f87c992443b,0
3481,1324434120-0d9a1e02cd7580c1dc808f4d9b2ebd5f,0
3481,1324179780-d3456bf2ea87f0db54e0dea0c46b06fd,0
3481,1327970820-be4dea2cb0fe10ff25c22974710453d2,0
3481,1327427820-55e3897c50ba20da3ea907da1888eba9,0
3481,1322319480-29446428a0a7b19517ecc17006a0f357,0
3481,1321792740-a82ea565613c8ced31681ff112c62964,0
3481,1326968100-caa75c509201640bbf593d6dedd61938,0
3481,1322745780-a6533c672a6fd2407e11e4a4ac360de6,0
3481,1326966300-98f31e9073cea8cf9cfb159d92a89df3,0
3481,1320600000-a000a4035453d2152cd36df4edeff20c,0
3481,1322402400-07d5232baa56703e062fc03b66b3caa5,0
3481,1324504500-fe0d875a2f1491834f26cc78530bc6f8,0
3481,1321183980-861c486da943c61cfb02b0470a1a98ff,0
3481,1327463220-14b0e3845d965ab249a5ad16f109ab59,0
3481,1326826920-b6a5988b3752147722a808d76c57ede9,0
3481,1321632060-a94076d348bea4267ad0682d2c842b04,0
3481,1320462240-f2b78ebb7e259e13032468ae4c08283c,0
3481,1326078180-58c298dd565e8b5f4eeac52582098d72,0
3481,1325010660-3362516914693fa84b871a3f9b681f51,0
3481,1322077260-9085dc8681c368bfc565e415771c48bd,0
3481,1327296720-619936fe1e27e516dd915366ac571f60,1
3481,1327369320-298632b36594a3c49e1954dc9c51da8c,1
3481,1326785220-ceb14d60f679a4684f8c041013b69bf9,0
3481,1326289920-cadc0dde8a126758afe668a69ab533a4,0
3481,1327193400-935df1f25e1635a3855c0706e10ecaf8,0
3481,1325876700-a9be8b41850c50aa87a93644cfcce26b,0
3481,1326547080-468368dc77aac5a70c4a13aeeaddb9b7,0
3481,1326666780-c64f351559cee6ac2f1ab11d8200d6a0,0
3481,1325409240-1d09963acda5ce38116d087c6e1380d4,0
3481,1326444240-904f0d861a4ef0dadfa1b8bb13faa2e8,0
3481,1323351120-0d0110917331d0e14fcd335f5557b33d,0
3481,1321453440-f4bc7c8bfecf13df5592a8484b73e68f,0
3481,1323296100-a1220c36e38178c63f8068ea957e7753,0
3481,1326192720-be1aea80dde314455301c2241beb49d1,0
3481,1322776200-bb670a28ce9f8c5d1b42cb6e2f210a52,0
3481,1326877860-21018a097e02c0ba58e8e05791d9bf9a,0
3481,1321259340-55e8141aec2f989f041993e2863ed527,0
3481,1323469500-dd42a202197a9bd3b2fab616d6c81866,0
3481,1326430740-1ec79e4fc03493f11326169c9781b811,0
3481,1321259340-af7770f95ab68cbedb0f164959e6e57e,0
3481,1324458540-00c8e82a4615237af6b718612115cb9d,0
3481,1324678200-ffe3e159271a09f9759b08b2d516573e,0
3481,1320112920-4c4d0ebeb567c1b422df5824a1bc26a2,0
3481,1325787840-2e89ba72e1c37cb3bb7c5a27717e306b,0
3481,1326669300-5dbb7ccf6591bd64ebbe4a219f43d618,0
3481,1326428880-2de8b86ea8b0bac4f4eeb5b5a6816246,0
3481,1323283980-07295851fcfa80ccad4878b30cd4a161,0
3481,1320764880-bf65d0341d7d476d656291e97f5bd00b,0
3481,1326468720-6f51724bb5edf6d347dd2d97b6561d3f,0
3481,1320631740-77fcb044db8b5048a2efbfa73e922366,0
3481,1327421820-9ec6389a333b7990501ffa54ea15513c,0
3481,1322750580-8117e78b64cf68ec9931ecb3179d9810,1
3481,1326693600-fe22d066672027ad41cdee218c652220,0
3481,1320236340-cabfdfa577c20b3d6e55016d2e01b377,0
3481,1325116800-888a1dcc32a4daa7a8b91c75bdea9aa7,1
3481,1324583880-c60363d51a603086316c5220626669a1,0
3481,1322402040-dc878cc5066fa0bc9c819b842d87f63f,1
3481,1321364100-be39dad0a5138e8240090763394c6c15,1
3481,1326997380-dc460be6be6e8073e2b2bcba2fa97f7f,0
3481,1323176520-b52d91387411b6a5d5fcea4a66ae709c,0
3481,1321610220-88d6d9a45688ba7ffb164f2fde34bd53,0
3481,1327507140-645db63913f209bb87ffd207cac34fb7,0
3481,1322097540-97541f9133a2718fff437f58060e202f,0
3481,1320774900-f7b1d90886588d6383ea07b5aefd895f,0
3481,1320962460-f7402050ea6fee0ec87e067486287af5,1
3481,1326115080-cb244ef834a6b917841c782f89c9e53f,0
3481,1326238320-4f12305b0ce85f91ad195a3def3cb1b7,0
3481,1328009700-6f11c643333c30fc09a54cf840924acc,0
3481,1327474920-8034623da57fc8fb6228994de4888fea,0
3481,1320547020-a0c6350a7d780abffb87dab12064b5d5,0
3481,1326703380-ab77f0b8fd96823ed31f4252467220cd,1
3481,1320190440-5fd3304dd6ec7b17820bd99bb6c52c57,0
3481,1327554180-8e99718de67c813bf1f119d772bcea68,0
3481,1320312660-51c02fd5a1c9e89697fbb10949232562,0
3481,1320231600-2dcacc205a2e4a2c7949652877af27df,0
3481,1323354540-3e1c91880a34234c63ff0e60a4625008,0
3481,1326464220-9f6968c815733b89ccc905bd9bc37246,0
3481,1327179660-83450af9e70e36a01849cd78414a6060,0
3481,1323363300-8b965d370b51be14f863ae554529cf7b,0
3481,1322378340-447770b506f30548c577d6e597026c66,0
3481,1321518960-8aa9a52f0584c79f73db882b2dde332a,0
3481,1322801400-adc039bdf31e063926a4eeeb65f5019d,0
3481,1326940260-9501911834e10bc100f190407d6347f0,0
3481,1324063860-44e8c88056801f9a2aba90af771f924f,0
3481,1320468060-78532be1a96dfcf50a60355f8ffe33c9,0
3481,1327354680-fa2223986a709d9fc7659a464820c1d6,0
3481,1320534900-06004555bb716913d7100fc230367ce4,0
3481,1323316500-98991c06eb6329b771f679704d05cdb7,0
3481,1324065600-f8dcae528e335eee83137bcc3ad1646d,0
3481,1325677440-4c31065c5059b9272c514857f0749d2d,0
3481,1327614720-fa396e95a9bfb75e07ac2484d6d1b661,0
3481,1325955900-df787b1c173d8a218a168a7cab0e46f6,1
3481,1326210300-3fd5046f3a38142f4c5bc643dc630b7e,0
3481,1327821540-6e4f43b765d5c019a2829fc10e8e0b7b,0
3481,1322567940-95f817c144c1eae3334ee0dfd151037e,0
3481,1323631440-5d385724f6851e32a57af2f9b92085bc,0
3481,1327016160-2be7a9fc39b919385579b6c082c3c98c,0
3481,1326753060-95daf0264ef0984340531cb1211d26bc,0
3481,1322552700-44e10eba86f318e4253ebeea3bfe5e5b,0
3481,1320354240-33f2210d87580faaf5703767c9c5f560,0
3481,1323103080-dc7a01bb13153bd7daeb6530c79fba56,0
3481,1322491500-5e6c7647992cfd672c40fe5292593053,0
3481,1326319080-d0d83f75033adcb263c62eecf4a5925c,0
3481,1328045580-dfc5669bd6140ccacadd56d30312ef21,0
3481,1326697200-788005a9150a099e90f312d7d6c6ea7e,0
3481,1320430620-9c659fb0d1c9d006e1c19c9808f63666,0
3481,1320895980-24fc663c58a6bc371a967374004f1d2f,0
3481,1327437600-67941560f4e8284b44a2ad508913ebee,0
3481,1323046800-741cb919a5831673326841a78c33cddb,1
3481,1327626240-dc1e0cd28401da45478703c6e086c778,0
3481,1322473440-56458662a58c21d7630857a21a67ce16,0
3481,1326306480-f0271af19e5ecd7583922d24c81da00f,0
3481,1328044140-be3dfe1b48c16c2fed6d6acee9ee2094,0
3481,1321906140-2264756798cc4abb5b6884c14327d8d8,0
3481,1325314680-c51f6ce2bc644a72fe89c31a85fd2b62,0
3481,1320913740-aab0feaf80eadc54992e1b414f7dd4b4,0
3481,1325320500-b1e354af75d4b9d90960c1fd6331ba36,0
3481,1326987720-8581581c70c81589e4b6bebff8b48384,0
3481,1320987600-3a80803abd021f6eae6106c930e39379,0
3481,1322972640-fb819c0c2ed4e2c1d2bbfc37c65bd83c,1
3481,1322171160-07bcfd65fd4c7e7f765be06bef847237,0
3481,1322097540-0c13badd8d374850c63fc1bb3b80b263,0
3481,1327088940-1f60a236bdf6e1336ce7400c672cdff3,0
3481,1325231880-04d0ea9e51d10e5995ece3fd8d846725,0
3481,1322542200-5b505c525a0d036aaa7b74d5a18f4417,0
3481,1325072340-ad7f64ecfb17e321977e968e4c1fab6e,1
3481,1323088500-2fd855f8d2d7ca77b23bc8866c6e1348,0
3481,1321924680-c73500af6521bda1dbee2b91c72ef8fb,0
3481,1322692920-b9f7c03baacaef74e4371318a00bb721,0
3481,1326297900-66d73da4638e0220b8ef5b88ef9dcfe8,0
3481,1321453020-97c30183a6eace6d778f8383d5d6ffb4,0
3481,1324451820-27974f7d349dcb138fcda643b9034d1e,0
3481,1327998120-880138fc0c53788570d595b3f766665c,0
3481,1326098640-d8d9d2e01f351988a3fe0db586fc7caf,0
3481,1320559620-c57169c7db080cf0ee2f5c31c44e8d0e,0
3481,1327617060-2c506b55d73caea8aa1464831aa28642,0
3481,1322780580-d51e96cc797ebd509f26e3d155f93744,0
3481,1326799500-2e999293019f894393ca34561ff9467d,0
3481,1323897360-68cff9072f68ac5db255fd8fe9b0fd0f,0
3481,1326163920-73efbf2a75bf3da70e7a4a2bf5446e00,0
3481,1325317860-3f4f57e6dca7004987ad06665b09a7f9,0
3481,1327615680-b0876cb4dda6b08b752171bfb96b654d,0
3481,1321591740-81b4ce93680b06670620c02ad5385a2c,0
3481,1323437760-9656eed19b7e99adca210a34da12af60,0
3481,1321202040-8e9bdc80a755541a63fdd68279f9019b,0
3481,1327078140-5957277607f7394c93553680c1a7529a,0
3481,1323148560-8de89691d29130a72f6e6893687fddcd,0
3481,1322702640-8660c5bae6d9cbef9b898afcc72bdb9f,0
3481,1325726400-053167865feee040d535b2e4d08a7bf7,0
3481,1327405740-27c775f1a7cb76946eb8e8c154b8d2ed,0
3481,1323065580-1fe377e2c9e44499ce9a78cf745345e4,0
3481,1324153140-dfb08fc7d575601c972a8348507a1611,0
3481,1322671440-7a73215e6582db57ae09575616de9b7c,0
3481,1327092600-43ed6aa5d1dc43310e4663d3be34c0eb,0
3481,1322682060-6ed35205d764782be7f9440b91f0b3c8,0
3481,1323998760-dc8ca599853bbcc44ca593eb6b672b77,0
3481,1326052800-8be4afe74c88245a80d3326419982015,0
3481,1326110820-b7d8de4cac6e72b620174f7563c1c479,0
3481,1323998040-dfd0cf6e6c5e3ffa917baad0103e0c9e,0
3481,1322764560-7229a6e70c2bec82178b16221d3916c9,0
3481,1323166440-a67d4e97f39c9c336a9a0734363e2793,0
3481,1328018160-370e3e9644ae0ffc2dcbd8d4835f8e4b,0
3481,1321361760-0e9e5d8b3b842091d85255fe858a3240,0
3481,1326705840-fadfbeeb0d2b247ad951d1a0e2ac2656,0
3481,1327874880-ce56a612abdc6e598cf9b100685008a5,0
3481,1324382460-97c74c874b7abab712965d5653a5e9e7,0
3481,1322005800-68f91e5fc85e56ea65b10c65e8646cd1,0
3481,1321045980-ffec3ae29c30f456e2b3929f9e929117,0
3481,1324996380-81c50b47f3ef44fce4b72b3aafd03001,0
3481,1327529700-797ff0475ac4fe330a130f67ab377887,0
3481,1323365400-d37f1d97593aa31b72043936141b1105,0
3481,1320164640-4a6219c355bfc2d49f568f06d613b3a0,0
3481,1325366340-80ce558b4afa9441bf8782404855315a,0
3481,1327394160-d3e25ddff9b004b270c0ac1172fd3196,0
3481,1323807000-499f891092123dba20004b22f7b8b0a9,0
3481,1323180000-d953297d6c9e7810507d282a73fc104c,0
3481,1326151980-655c6813c62815f935e5d2231ebdf83c,0
3481,1325109600-05ad1a58ebc6b9366ced4e34c9ab963f,0
3481,1324642860-cb539bc4c24d5603d06a01b88b5d0feb,0
3481,1327043820-04c650208d412b1397f6c7bffe064441,0
3481,1326261360-207313b17fccf609f399ac6f7804d827,0
3481,1325317860-5d6693e519097d079967b4c82d50ce32,0
3481,1322723700-a74652ec435b7e3277ba2e331f5dd994,0
3481,1322817240-b0736b931668cf5adcf86ca241544661,0
3481,1321317180-297b4bedfd74d8dcf9c4166dd38143ef,0
3481,1324962000-662a863bf3bff1b644e3f153e133ffbe,0
3481,1321487820-d325b716eeda8752f6d6e3fb741d1bb6,0
3481,1324412100-491b242a5cceef1a7b429fee47416084,0
3481,1327442280-64d0a757fb3820ecc0a67a6676e92312,0
3481,1327682820-cfa2b1928652d16afacf32c513518c44,0
3481,1324570500-a8da26559efffc0a1e2e31fceeb15862,1
3481,1325259780-d180748089b61b883d2f97d661266dfd,0
3481,1327499640-1172b48f552d3b6431f0202cb5c18e0b,0
3481,1324356780-3c46960d3bb27d86c7e82503a4c6f7f5,1
3481,1323580500-218f40f71c0055a4987c28d8dd5d7e3f,0
3481,1320655680-be8b4cecc08b70332677d61ad725f14a,0
3481,1327423080-a1abc043651a33200dff0ddeb8c2038d,0
3481,1325803260-f94c524d218d794638146b2be5a0fb6d,0
3481,1323390900-992d53ba74f5c515e39f923962fc84cb,0
3481,1325277120-3d726a120e2b309092fc3039dc9974a8,0
3481,1325071920-5b8fdb4f16fef15de26821a7289c0552,0
3481,1325356260-2f07cc2005a7042c70b5ea10df4fa6c8,0
3481,1327692600-29a252fa6ea2efaf441d3940d97be862,0
3481,1326793140-75b3f973acd36b0a850453ff2a6ffb0d,0
3481,1322498460-075acaf25a21f0bca783dbe3d9cdd05a,0
3481,1320787080-939db29f769e3f47172f94d6098d3f2b,0
3481,1323229080-c6c8a988f7bcd06a47658cef3165212b,0
3481,1320870300-93dbbb52aba36c9c1b4493191b36e81c,0
3481,1320782640-397dbdc50bd0661909bf92fc727e31f9,0
3481,1323344340-451f52464b5ba67a9df896317c063df5,0
3481,1325878620-c71e150073e8d7a6c90e73729cd8d911,0
3481,1321928640-3fec928860066767a88c7e3afd4b7678,0
3481,1321705140-729eabaa1d3ae5c22a3911cbff1af540,0
3481,1325899200-73b1d87307aaddff9d09db9489789ee6,0
3481,1326970680-10a29e5c0c30ffa84b0961ea244f930a,0
3481,1322563620-0ebba49102051f0189c95c91fc5dac37,0
3481,1321549860-8ba75cd17e5fae53e11b86089c3645aa,0
3481,1323975000-33bf9c63030b23abb8fe9358331a08ed,0
3481,1320701760-b78b9e52ec9d616455ede3e9f3e116d0,0
3481,1322834640-c60a60a0faff08d2f1c89f49c73a1f7a,0
3481,1323755760-0445825894a05cf0682d4cc62ac5f76e,0
3481,1324366380-b3094e7d2b36a7c77443335850a53001,0
3481,1325751120-da990d8fdf0da213bcb281a294e73d27,1
3481,1326616140-f2f105f8009b1f68ef2730cae0d9e643,0
3481,1325712600-24dd571520b2eddcb187b404e1dde13b,0
3481,1327530300-fef88fe601e9580c526d78599a65c51b,0
3481,1320393120-a8ce2a04a54aad90ae36485348956c03,0
3481,1323713160-cd44522befb01508eb00b7705d161b7b,0
3481,1327221240-0a80bd41f7643e0830c70a82668f6dc7,0
3481,1322440860-838c3040ab112b8f587748b7c2d85127,0
3481,1326079320-17f4e402a0f2352482ee3f2f8db0a076,0
3481,1326225300-73919a2e5c2bf5bbdd6e6a6d41da20ea,0
3481,1327525980-02b6a9aeb7fa266e94758d194d95c0ac,0
3481,1322747220-088682e663d679d249e652bec04d7aba,0
3481,1321605000-28fa4cd9d6a1631e282cd0124236acc3,0
3481,1322709900-60ed5663da5421f89e696da9e0898a9d,0
3481,1327110540-dca391919fc4b3579b25c0d2a203ab76,0
3481,1326011220-2ffbfb2c1ac5a1d7e8e5709d009385b2,1
3481,1327618620-3591a704790df9319a9545f19be5e90a,0
3481,1323082800-d74e1c1a3b31024affea953ffcfe1188,0
3481,1321382280-c13c30eebc0e08f1ef20b21b1280f806,0
3481,1323053580-2f0a3b3cef3c7ed0262ed0ede9cf4995,0
3481,1326100140-35861b315446cf5ac8b6fcd2acb1db48,0
3481,1321941900-3891444d3fd0d2e52f6b1517c6c1783d,0
3481,1321139880-33c41efa49cc4e5619c6e09078f80a8d,0
3481,1326839880-f0132149a1fc0c5f13bb320024d3988c,0
3481,1325027400-337c473ba33f0f506fc6401e893864d1,0
3481,1324024800-a4ddcd315566724125ac2ea1406f5832,0
3481,1323414480-387fbd4ab487d877a3d10f996107e0cf,0
3481,1327701060-b823e2a3f490b59d35c36bb2ed5e95d2,0
3481,1321318260-b3dbdd48404fa4e81117dc632ef0ffe6,0
3481,1325643780-d6f27574b6627bc955a54376afddb622,0
3481,1321905960-07b7bf0af8aa7e31903a6485b070d01f,0
3481,1323137820-67eab8567c987722c49080e774c7c7dd,0
3481,1324999740-72d1a77a87d0902d27169a3b80de9829,0
3481,1323979260-ae46d11d535bc5beabdf7a31caa0c33c,0
3481,1327473840-036bd220dced1f160fdf5571ec9a6184,0
3481,1328013900-af5a3db9fd199abe2a641082aff8464a,0
3481,1327331220-56fb6897a714612479a1485a69f94f3f,0
3481,1326978600-882fa3c1e636312a32c481edf7166cc5,0
3481,1326013800-9e07cfdbe6a8dc7c968553d3e0e04e32,0
3481,1326836520-22923e644db678c9bb4bd9396f27ad2c,0
3481,1323738660-a0acb8dde77d40bf9dd6d8071bfc1049,0
3481,1323300060-f7c5a67332a12cf38f369e2af26eb93c,0
3481,1326132120-3801919f4d5dcd3b49206a67b9d9abff,0
3481,1323358200-bba76c4285e77e47e05903d2aa9acd47,0
3481,1322465100-fb76c514ad40eb8f256db4441c5f6300,0
3481,1321672080-674846c4a51c79b2368c43a1920a03cc,0
3481,1326353880-1db037d25e3ebd168428525234551fdb,0
3481,1320808200-0cde76993db6339e18fc94fd72faf230,0
3481,1326946500-a781d59683e0b5853844dbc71b80da85,0
3481,1326723360-bcf99cc260c8b62914e4d96debf4042d,0
3481,1322725200-7cecfd0083687fe038cc083960fd0cbf,0
3481,1320830280-dee352b1c6b860bf7635d9a62f8d695a,0
3481,1322102640-6342c2907f8d184d19da5823a023219d,0
3481,1327658820-6aca07cd3fe2663353e011f74a1ee4d7,0
3481,1323337380-44b527567c2e90e947cab61519f3d3f3,0
3481,1323787980-fcb75c010d845429bff04daefcc5914e,0
3481,1324447620-189fe5e8823de5fd4639b6a84282de31,0
3481,1325722440-3f4eb12d809ba9af8255dec371bedaa9,0
3481,1324578480-19aadb0397991d662fc139b937a93383,0
3481,1324039800-853f27df3733cfe31a71faf98742f162,0
3481,1323227280-dc8a22f4c06e27674613408fcc4dd6e5,0
3481,1324330260-3b44aef8a97c93e10f682d9502762e05,0
3481,1324911660-75cafe779c6e5e905aa5fc3c6dfb7e93,0
3481,1326915960-ddc4f32a0f40d8682aa7394f208d02ee,0
3481,1320312600-8cba432c5103b3040157f8a7a5c54e32,0
3481,1323326880-2b2688dfa6fbc9348b9a6d7deddc2506,0
3481,1325892840-d85ee353b9fc1bd4dee849b9affb874e,0
3481,1326310500-d5eefd920fba170b1ea6ccaa9cc31cc2,0
3481,1324681500-0c81802cb9713d13563c765d0f4d5a96,0
3481,1320312660-2c5682154816ae5ff79e0a21d35fa89e,0
3481,1325355480-0f550b794cf60b9252a1aee75761df82,0
3481,1320616500-8526502112271f8c81bcfce5e1a48d82,0
3481,1321853400-b19b375fc4076eebbc31c975971d2045,0
3481,1321309260-50f37364aeee7c8540828f44fec6b60b,0
3481,1327727700-155dd576f0049c1d8cdff17270a28fc1,0
3481,1322834400-fc48f91df2d63c38b87ee4cc2d9e71be,0
3481,1323745620-552676cf6fcfca98537299fa457fdf5d,0
3481,1327514340-43bf82773a08a16339f6b7d568ad8cfe,0
3481,1327682520-f505d1884696ec7f717e262c0e35b2be,0
3481,1321807980-f5490798eabee1a23762360d1429b71b,0
3481,1325775780-d644daa0dbaff32822c99a8452b69048,0
3481,1326667980-d45fa04989a1dd4d19d6e715952d2780,0
3481,1324455120-bd222dd47c94eac8741e61c99569825a,0
3481,1327437840-00c7db5ca10a140bcd440afc2723a26d,0
3481,1321511220-a08181cd7992fd5169b1c95297c52530,0
3481,1323338220-cb2fa31bd82ecc15223f45d7caee2f11,0
3481,1321491300-09ad9dea2184f8c363ebf12e8e87d285,0
3481,1323505380-ff3cc25a22a28f0c5a07577831cb2ae7,0
3481,1326861180-d6e1947dc81a741810c7cf1b7096d4b2,0
3481,1326013800-3cb60b767b1619a5006ffba8f8b14bb1,0
3481,1327695840-91d66ab32f51c809750128ff94a8b453,0
3481,1323695040-c079bbc32509d3065703d2da47ede087,0
3481,1326816540-131da6557f76ad25a2805ad98c1ad889,0
3481,1327389540-1368db568972af4ce773214bea38effc,0
3481,1325277120-cbc73f1c6d075555d66aa8f3bfeea09e,0
3481,1320337980-d374fa1fdf91b03a76210faa1eb5cffb,0
3481,1326816180-5f771e0ed452b27686e44c544d27b503,0
3481,1326812520-99e608d7ff90dbf4ab5c29c2b71d181c,0
3481,1326892200-f825e309690c92268aad50e3f9ec9ae6,0
3481,1327329660-89289c5c75c27beb2024e64592c86629,0
3481,1321248660-5274633375bb43d13d7b104fcbe81758,0
3481,1323893280-1bdf07e2fb2137b04d8a8f433c9b9c01,0
3481,1326424560-cc4237c0ac0140b3a64f4dde9d2f20e6,0
3481,1326892740-285f4f326cb2d47a610d3fe212c711ff,0
3481,1325201460-912116f70ae758d9ea64057f690ec24c,0
3481,1327503240-44908a97c043b42e8b8a4529f8fc12d6,0
3481,1322733420-9cecdfd9a03cbcd12a74d9ebca221960,0
3481,1327810440-d763badcb882442e08e6f57637483191,0
3481,1327750500-953b8cb4eb84c22b2e5537780c41a795,0
3481,1323883380-9032be51a7c9f79bd1c323dc99a7d12b,0
3481,1322625420-912e25d1180ae7c31f21c1d7438fc76e,0
3481,1324962000-d2c08e7b92c3e51ac2f6465e61a92ef2,0
3481,1325407380-234208349bc7f99ab9cd8b7bfa82044b,0
3481,1326932640-ae97142e3168d80e2793cda3de06aedc,0
3481,1320714060-6e4ccef18a4f5412bfed873f14f2a2d6,0
3481,1321411020-d9fa69444a319da80a22bc5e5593d4ba,1
3481,1321222380-187cd185d8ab8f534f2f547dee6e22e1,0
3481,1326667140-b3bbe304c0f3d0f263872e41ee8a478a,0
3481,1321667520-211cee08ddbcbd9bdd3abe11ad1ed2e0,0
3481,1321029540-3c3fc6b6a8afaf12702e5e29bbdde662,0
3481,1327739520-1666673479f3fedc2f2835f115df05be,0
3481,1325864040-0ce8878247cdf4c3b4487d4079376dec,0
3481,1325149260-30375a37e6547ca75d04569af6f52653,0
3481,1327201740-50a4b7857cd6307e64e359696a18f9d9,0
3481,1320968160-040a0f3e9a92441a43c8c903dea31ca4,0
3481,1325398440-dc34eff226e57ae8e3ca7e1d9b97bee6,0
3481,1325019900-bbbf989d3f30adaed0316b07ad1da192,0
3481,1326050820-24d84ab6d653233950a2286f9312f24a,0
3481,1322087040-143054a42334fd40770e55006d333722,0
3481,1327564620-afc1fcbd8bd11506089d6a4127b7ac95,0
3481,1323137400-c9f656260581b6a43f311fa62ab288e0,1
3481,1323709680-dc69d7ec7f0b40a22bd6c9ea925caa37,0
3481,1328058240-b8eeef8e3cd019f2c13214393d034dac,0
3481,1327389840-25bb29110ac8f1252789443efb9bfdfd,0
3481,1328024160-ba51a6da04c81e7a29806987782b60c6,0
3481,1321548540-c56ca72ef17b2eb8901083be2fad8e12,0
3481,1324695240-bae301d510b98453895e492c4e1e01e7,1
3481,1326225360-899d6d12a9a6ed453223247bc836e3c9,0
3481,1325744640-6eb8fcbd289906365590035f03a7442e,0
3481,1327324140-98e48daed227739468fa0300bc770210,0
3481,1324449480-7f699fc72d0f4e1a72716d3aff1ac691,0
3481,1325395080-fab800427acc4bc7a381806cdfde8781,0
3481,1324495560-1bb31129ec57f91f3fa0f76c7169fca8,0
3481,1322333880-5298541510357124375c708b3526dad8,0
3481,1327088100-b000f9b15b4431eda801bb82857c5612,0
3481,1322611020-bdef1a3117eb5aa6b36e223f66bc3b47,0
3481,1327384260-fcac4a791f38c4c1f3b54a17a9f1e83d,0
3481,1325317860-c4484861c34193f15041fd4452f709c0,0
3481,1325925420-785c9b0428b67edc50beee832e83b041,0
3481,1326398820-b9d6328efa89d6faf12df558313a19f9,0
3481,1321112820-2dae76ed73294c19413dced1c3c4c142,0
3481,1323582120-9a4fa83432b5fba5bc9553ce4cb1fa92,0
3481,1324808520-883039258beaf9bc76bdc9d6f8594dc6,0
3481,1325880540-dbbf3f555c309f2621c42b26e20e517e,0
3481,1323398820-f8de5467120c631743f8922fd0c7e0cc,0
3481,1326294780-f1e9fe9afef75d97cea52e1dfba8dc30,0
3481,1326485640-0990df059f6be750f180e89df4b6b42e,0
3481,1322393640-d2cb107d379ab8720f62577bb397aeaa,0
3481,1326424560-a378d5f68584b2eafbde5c11028f8e1e,0
3481,1323289860-5c363a2b1e86b601cbc63f698d2cef21,0
3481,1322410200-0ad28e032acf08c4a06c62dda0ca7e2c,0
3481,1324641360-c1a490aaddbbc056aeefc7e779e39e7b,0
3481,1324051200-321e1ca6fe93c63f13dce7277dc65090,0
3481,1327218300-736c7524b712102bc8aea83be28569c9,0
3481,1326818760-505e52a8f69d3c18ea8647f06bd888b9,0
3481,1320327180-753dd9a4d258f082885d51338c758ddb,0
3481,1321509420-59e5a2fd64b02ecc29547bff043650b7,0
3481,1326694200-9875de90de3a9d30bac8beb2f76c27da,0
3481,1327701960-4950d137e6ac5d7be9b4f0f2fbda1f62,0
3481,1326861240-90a30c8305237e3a868ff41566fc99e2,0
3481,1324630260-f69ccbc18df8a950f6e0438ac2ceaa98,0
3481,1326802260-fc254ba16ed62bd3622884540d4717df,0
3481,1328048160-ae0be455b8fc744371587d52cea42dcf,0
3481,1326454860-ce1231cb4c64ff1ff66e084b6e0915f9,1
3481,1326454860-99130b6c1d8adcdc92038b48f4a1ad27,1
3481,1325021460-fd678f03f4d7d7bd73c1637331d5fc64,0
3481,1321849260-fef08dd39e661b9655ae46eb50a03631,0
3481,1325791080-223bd310548f08acab436c63f3996de5,0
3481,1321464660-ab738fa1f702623aa3ab7fcac55186eb,0
3481,1327473060-c22f4ff3ba908d74e8128e94e86ddb19,0
3481,1322263440-fe2305a14848b4c67dd9e1615c98af0d,0
3481,1321259340-46a51d054b265f6ddbe3020e3444e74c,0
3481,1327827960-2dea91ce931e74312b4e322ff0ba3d5d,0
3481,1324065240-5489b8f7e4567d53eea097f968f78731,0
3481,1320422520-551e5ced3a2b14c030164ebe16f25338,0
3481,1320909960-c696d3fe6d1943948bd34fe6403355ef,0
3481,1322044920-12fa06ae06529a8bca4b7a2ca8949750,1
3481,1327669860-a37651ca82a5cc747aff8a9481a041a9,0
3481,1323184800-5b604cdd44f80571788ab5573fafcb4d,1
3481,1322815620-2356e0cd4b828dcb43ab1e02ba797a5f,0
3481,1326003120-d0072eabf90fb387bf73429bb074a37d,0
3481,1326601800-fad89b96c9b15dc1b596445dba451ea0,0
3481,1325891640-07e151b6853485ca21092388d4e4697c,0
3481,1328018460-5b96a9f1e2854de23526db98a202e803,0
3481,1323824400-8e915c703dc4b7eb974ceddab4e1447e,0
3481,1322457720-755d90a6757a1fe44198d79291baf05c,0
3481,1327490580-c011e46c099961807cb20634a218b4b2,0
3481,1320897780-cbbab49202b85797d82a84f19a3ea4ad,0
3481,1323740160-9e7fd222bcb0e18e840e04c19cbb0768,0
3481,1325668320-9495a2e832b0282bef21e14dd05a7ae4,0
3481,1326288660-0e93cef280a97a5ca21e3a83af45aa4a,0
3481,1321710960-d4c0dfb240185b0aba24d7d1625cbaa5,0
3481,1326129360-d915679ec069aee4a5b08d040c3f703e,0
3481,1327540740-1c152a1eaf3e5bc49acb05fb4abba360,0
3481,1327580880-7c88b4a5f6da45582547b3b903c5f276,0
3481,1322246280-0e9febc0c135ed6c9b1895deec3d1949,0
3481,1325201460-367a999d9dfe2224c48d5bd06cff799c,0
3481,1327416720-bbb5ad483248ca0c361185f87d724b3f,0
3481,1324341780-654d1d05b7d76ba6276a7fea1be1a9d0,0
3481,1320826800-8a73d2ed74654345f758b6c21c397cda,0
3481,1325369580-f0061f2637f023ce906bcc8982d049c1,0
3481,1320823200-c9051285cc0c5bc73c3ffbbdf42b5f36,0
3481,1324544100-6f8d1f78b28d7d063ede121b9b2dd2b6,0
3481,1326345660-89109fd0235d4316aee6691f2c3c0b09,0
3481,1320942300-5236c05aa2f90b3b3f5271f6b2547f57,0
3481,1327446720-6952ea961964e05711874261f214e064,0
3481,1322709900-41dcba97e0250c825b4db83098c040f2,0
3481,1321994700-18239ed9fce2578559fcc763fa553367,0
3481,1327389300-d18ff789aaccb00ec61ac65ccaaff4b3,0
3481,1327961340-3ef2a14aa5df1fba5a7f09a58d69af9b,0
3481,1326424560-507e82c9fcf9b82fc64c1f10b8a6029a,0
3481,1325320500-ac542a518e1a34ab8230c44cbdd5b95b,0
3481,1325317860-cb9c41a4d397de2fdfff443b3706db9a,0
3481,1326877860-fe05427256360dce3a08b989b944ce55,0
3481,1327482120-0e138a0e26c3360b137805c99d08e280,0
3481,1326949200-090d4b7fbbb0cebbe2b4f019c482f1b6,0
3481,1326832920-f0017507d48088b03d9442454fac792e,0
3481,1326367920-5fcedb204bd1b1f665e641fd7078396e,0
3481,1324078200-4dade243afea38b6f10635e47d1feced,0
3481,1324330500-c60d5ba120e22a7c0156257548e49952,1
3481,1323984720-28e45c6305d2880fe055382295f0e696,0
3481,1320986760-3708be4401114a39a147d183a8634f73,0
3481,1326145620-1fc6c0227a4a170dbc2776b47dfad4cc,0
3481,1322162880-359b421e889a16e36d02d64643d2654e,0
3481,1326444600-508d5c9ad6089ce9b233377a07e6e352,0
3481,1321329360-0871aa2fbeef813bdad77eeb1d7abb61,0
3481,1327694280-9dd8afe67bde7a0fcc02a10f0b10f011,0
3481,1325593920-4fcdfa508600e53c04bd8379666476fc,0
3481,1327913220-74881e7fcf0ca9291daca7db9a7b35cb,0
3481,1325047440-231a9d4584bc128ed91509d49101bfa1,0
3481,1326171300-bde74b3a54c68ab68e1584a305e6eb1c,0
3481,1327621440-db4df2238df2120a5f8de9244a953181,0
3481,1320844320-60caec5330b5c85e3656fd627f27f6b7,1
3481,1327151340-dee59427735d30891bc96d4fcfc00065,1
3481,1327151340-c20d3a37f57f377fabbcb40790e281ed,1
3481,1320844320-104bcffb091929b96047d0a72231ede6,1
3481,1320844320-b494e754af33a3ab437c8dd7d1ea9fc0,1
3481,1320844320-1d3bbbee736c9caf225a178c2891b818,1
3481,1320844320-6014c59e55099100d68eaf0bf5defd9a,1
3481,1320844320-9ca8806a55b54afe0b9f8610debff4a5,1
3481,1320844320-24977bab5da36a0381b32c92ef6ac65c,1
3481,1320844320-1e8cb5693abaf3fa828ea335b4e33557,1
3481,1320844320-21fc01fe77e6365885a593ec039be61d,1
3481,1320844320-95ccf3c91f2923360279d1255cfe7bc4,1
3481,1320844320-fc6493c549af77114034dbdde9e64733,1
3481,1320844320-42ba8badc662bc7c4ea0fed2eabaf691,1
3481,1320844320-facdacac3b669cf5b59f4d2aea51f649,1
3481,1327151340-95506ce81337df31aafa81c190aefab0,1
3481,1320844320-317a69fdd6e50c82f11f37d389624214,1
3481,1320844320-bebf3fee59d4ca8cfd598f4815cc3006,1
3481,1320844320-4e226f721d5bebd2fe1b5644a00903ab,1
3481,1320844320-76c842d46d0ceb51473901af724161d5,1
3481,1320844320-13ef84c6b2635c361503047c90390b2b,1
3481,1320844320-bf9e73c42794a7e8be65b23f662f63e8,1
3481,1327151340-8d71646bd5328458fd0622074cb3858e,1
3481,1320844320-c484118c9761d4e23f1c02a3e2de9392,1
3481,1320844320-6a9fa0585112594f2748c8c479d0718e,1
3481,1327151340-f581a95b799254a7e711b83e502d97b1,1
3481,1326519480-22decd9389c4f66e2f75c2f9331d2289,0
3481,1326519480-a1a98da81bdad7ca222bf007460eefb5,0
3481,1326519480-4423f9edd84a54c16bebdcd8dd59b280,0
3481,1326519480-7402fd9eecd608e31c0feb0127c61cec,0
3481,1326519480-af9ff512efa6fa08749b1c086a1e1d84,0
3481,1326307260-587136faffeb12be13d2ea20cc6a68d3,0
3481,1326519480-33cb3cbb8f4472a9dcf060aebc451569,0
3481,1326519480-2d27097667366781b442102e3c643dcd,0
3481,1326307260-a909f790d72d66bad5df99927d6e46b0,0
3481,1323237660-d0c1ed3365ffd99b7fb77008955b7173,0
3481,1326519480-5e3099004f5c70842625e4c10cb708fe,0
3481,1320993720-655b57e139ad641fd6ec1d432f03e93c,0
3481,1326748260-b101c5ec8b9dcce35a49109139eeca1b,0
3481,1323704280-983f59bd688cab8e50ba4243a6e19955,0
3481,1326307260-20a2e9f0dbc243f789dfac9e77dcc819,0
3481,1321610220-b347a34686945b34385634aa06a1fc4d,0
3481,1326519480-f89995bb843bd1ea801c2a4ee1ec6c33,0
3481,1323237660-dac13fb925af8ede119e44f1d1b2f270,0
3481,1326519480-d67f52d8dfc53a9486da2a01acf06778,0
3481,1321610220-ac7bfbf162cfb9ee2e72b61dbdcc52df,0
3481,1323704280-010cabe7c12c33c06af5a1a4c8e7f4dc,0
3481,1326519480-d46a021ef2df67a5f54dc1ff8d0e964a,0
3481,1321610220-77e59837df6ed793055ec8f8b1fc40f3,0
3481,1324707720-08a64e67723d76ef3f59941be212b06b,0
3481,1324668180-125a68fc3886175e80c876c4481e0523,0
3481,1326424560-a9bcea16e082960e45d0d0d81c69519f,0
3481,1326519480-1e4b215bc49cea5332afd856cbf31cd9,0
3481,1321610220-87d83b13a81d6b018d4630a95fee7e16,0
3481,1320645240-ae9dc99ad409c8e5c5f05c76ad7ee6fc,0
3481,1323704280-289b8e5220a331360ebd1d7d1eac189a,0
3481,1326519480-1ac50d7d6615aee3c87e7c10cc48f50e,0
3481,1320993720-37c63dcb32b626342f1eb39076009da3,0
3481,1321165440-43d9dd8a602f96b882caef269eab56f3,0
3481,1325324760-a2d324c07fa54a14aa23705277a8a124,0
3481,1324707720-7c521d52c78ede0e5671a42b4b1c41aa,0
3481,1321610220-83957a9316a02a46f1384efc892f4596,0
3481,1323704280-5600808299259ad2c1c0a1feb018472a,0
3481,1325643780-c6c175e7cc6b08af3f588e687328df1f,0
3481,1326519480-dc373cada17ebf9954372218400b895b,0
3481,1326114540-dc353f930bf7a01e7a7c538bcfc8f432,0
3481,1326307260-4447a4dd0c6e7c5e921ef25b9f9636c1,0
3481,1327019400-0cb82adaa24217ee2ea5c61bc6f243a2,0
3481,1321412280-9caa1be1cca060c477aa551e06bba964,0
3481,1326519480-a12559f4fa11a24cc54a36d6d5681df5,0
3481,1326424560-c81a240991e12290e9b2997a8bf8800f,0
3481,1324707720-cadfac1c3dcf56e73cdf8267a3b1e6e9,0
3481,1323704280-a7439374fa3ab08ae6817ec37f23815c,0
3481,1321610220-bd5e2b0f6772e2da575ea4faed9cb3d0,0
3481,1323704280-c70a6e65a5a3a8315e9930352067cdb9,0
3481,1324668180-6d483bb03c58b464044f64932b491789,0
3481,1326519480-ba4826c9f53ea0cb14af504cd3d3bbec,0
3481,1322463480-58b9198539bde92fb500ce07dd365f85,1
3481,1324629360-d5c14d26eaf82bfdcd1ad2ea467b66ad,0
3481,1320856260-71371eee5a3cb7b5a0a56e7a1fe4345b,0
3481,1323898680-269d1445dd8dcf9cb7761b1eb1b6d1d5,0
3481,1324411800-7f1adefae8bae81e26802c5d7dffd3f2,0
3481,1320599460-2741ed36aacc52bcb4376acb9516804e,0
3481,1324668180-3a579e2db7d02163f5b9800ae3966536,0
3481,1325886840-fee2a1d5a03985f700586a3413c0fc18,0
3481,1327411980-b244760dcf6d467225328cd43a2d8f8a,0
3481,1323953400-24d1c9cc1ac24da8c30a59e4613ce236,0
3481,1321610220-c2d06f76d90c94b5b84d815145951e5f,0
3481,1324736460-d9120c52bd8d51db9a4fe092b76711b1,0
3481,1324707720-3a2d42cff5a3a11199321a2760ca76c5,0
3481,1326416760-0748da4860ff342affde24596f92eec5,0
3481,1324668180-af0bbcf200202d2f378893c28d0d3f4a,0
3481,1324895460-3012c5c84c9b8561ff5a00053990406c,0
3481,1325317860-a75e304629a5dc9ae0fb0cbaf47ff649,0
3481,1322517540-6089a5f06dadbb1cf61bcdd9ddec2343,0
3481,1326930000-36f74ce6f4f99c660e37eb2cc5aa15d2,0
3481,1321610220-45196d3a7fda6c59a1df67a4413fe890,0
3481,1323189420-a266121e2d645eb521199fd82640baca,0
3481,1326385740-69caf52ed36a217eeef565332113cbe4,0
3481,1321401060-596db3023730d2949350d72b4e2ef369,0
3481,1327596660-d74a1142199a7dfc930487b69597b0cd,0
3481,1322254980-5ab6b94a42e132b9f7bf4ee029e67479,0
3481,1326117780-6fa760d0bd1d3f79a6f457afc1dc7643,0
3481,1324707720-529c7b12dad079161b467271f0decf22,0
3481,1323699240-24868e04273ac861472dca4fd8d20b9a,0
3481,1320993660-1248d1c0c36a59a9bd16c6ed15d486ad,0
3481,1326465780-727444d485f355425b0bda6a75933398,0
3481,1325403060-c58b2f7d3c445e5cf26143a150838894,0
3481,1326412620-f0160233f3a31d1edca6fcda4fc8d3a2,0
3481,1324045800-031946caaebdfd81d8c07df273d56398,0
3481,1326150240-b2288389b056a82a9b28f8bde055a5d8,0
3481,1326945600-1d18db5c50d0f02b102561be99b8b4c3,0
3481,1324668180-4c00c22904e1bb4d24902e694644b122,0
3481,1326424560-d6a8e7c2272a4ffd2a1f08b75bf8315e,0
3481,1327663980-d29fc5c44f3c7bf592b8c8295ba6d2e2,0
3481,1326242160-667fa76b0ce0d50fe17627c843e1a21b,0
3481,1326609660-43e9ce7f992d6741d26ea86a7a58fb80,0
3481,1322598540-69c24d519a6d92ccd9f59de618b3a09c,0
3481,1324045800-af72b779d063638a2c72ba59d8080c3d,0
3481,1326348840-6f06e57c0c123fbcf97784fdfb0b002c,0
3481,1326847620-f6c06ec17da32e38c0385c3d6a47043c,0
3481,1320433260-f82d8f78efb688b2b9e39eb273793b83,0
3481,1324707720-c1a77dbc3ef5b7d057e5ed68e262b17b,0
3481,1321433340-11e50aa225a3472fdb713c709b96b30f,0
3481,1323949800-bd8a525959c4f90d5bdc9c677d1e6b99,0
3481,1322413980-9af5d37603d778accc9a99cb674d1cde,0
3481,1323722460-16ae31fc2d5a8d7beb510f7ae25a74c6,0
3481,1327010340-4117d8f7a6d79c4e18a07a72764177a4,1
3481,1326914100-d9025328d3e0317988f9303e6e1079f8,0
3481,1326893880-dcf910304a5cf1e2e8e192daf7ea548e,0
3481,1325597580-9f2d7502b4d78dee017da240ee95087d,0
3481,1325396520-888e23df8cf8edb0f53a4eca260f31ae,0
3481,1321610220-5b5089e76693f0c1d01c6429beb00fa1,0
3481,1324343400-09f1d9adeaa4ce4c556b7131a959f723,0
3481,1324707720-a8935742b5cca265a069554d9629205a,0
3481,1322781900-d15a860c8b3566770413f74d18f8a26b,0
3481,1321909200-d9415d07f80f71c521ecdcb0a0ae13ce,0
3481,1326307260-185d4f750231d9d958e677e6ed1b0fc6,0
3481,1322056320-8b29269d2e337ee9c98913d94a8738cf,0
3481,1320844380-100ea9b01373e54e3dbc7defe5c30846,0
3481,1322705820-cfc778c7e00fdbdf41d883aa56281852,0
3481,1324592700-ff2c432e18de586177cce725e2bd8195,0
3481,1323819240-fdc8462f8970d9f1192fcf1c13688289,0
3481,1321006920-ca485134178ddafa8c8b255c782b86ea,0
3481,1322847060-7c3a60c57e29702c1cbdf44b24dfb654,0
3481,1323704280-ff6edd533057fca54d6506d00b31325e,0
3481,1323275460-7ba29332fbccb5215db5d689913a652d,0
3481,1327032000-17f0ec50e4cba54490783579444e84f6,0
3481,1322606100-2a4c7c1a09970629bf9de5aa7edccc35,0
3481,1322100360-fad28c3e0200af7bff5b7bf7cf8d2d61,1
3481,1326324180-59427fe704fa8604c3f49e57a357ff4a,0
3481,1320564060-5c17d6e9d17f16b991f8a84c3bd7abfc,0
3481,1323993240-aba6c9aff7ce983aa35d0d9d4c7a7ce1,0
3481,1321610220-26b4c87393424d4b8bdddac0f3fdf13b,0
3481,1322511180-000dcdef9b4ec14ef0155f30fe065223,0
3481,1322628300-30f9906b3016888749ef9f79ab4ef4e9,0
3481,1321610220-656dcbeb345c0edac917f70eee4de392,0
3481,1325849460-af1af93ab98a3a38138a671018a9aa76,0
3481,1328028480-f1fdc49031253ff9186c2f096eff3aec,0
3481,1326961320-16ef78f8f1c978149780c1a1791a17d4,0
3481,1322679000-ac16959e711116abc607014417d9b8a9,0
3481,1320558960-fdcfa7a54c49615dcfe713405b31e22a,0
3481,1327932900-30bed4f2ef29b4e8edd06eebe366fc74,0
3481,1327735020-8b75219c193c18bed2925bc0e449e114,0
3481,1326342900-f4d0db6db16c703cbe78841b9613a142,0
3481,1324707720-d73b4d4c16edc00560a00ddcfebbf670,0
3481,1327214400-130948ca26b710cde7ee97a84d010154,0
3481,1324422120-3f25ecdb3c75aab0aed63024bed07500,0
3481,1320474960-fee7087d40c930138dba28c1c03f71ef,0
3481,1325917920-dba87c8ebba76df0844ab94172262eae,0
3481,1322612160-cb7269f04f376b9d0be495fa49cbb103,0
3481,1327629660-4750e94e9b4e551f3a30ae9bb3410315,1
3481,1325317860-0ec7da3092a456b14ab888f5c8b31eac,0
3481,1327088400-30ab3e655fcc31d7172b1123498af147,0
3481,1327931280-f2f320418afb8c36e34e3c9b67fc66df,0
3481,1320878520-af60cfd536a04515a7261054e07055a4,0
3481,1321922400-b143bf722ed8ea4e085af046cea3d82d,0
3481,1326412620-7c4f6e746dd6334ddbd9f0d96d0a4196,0
3481,1323704280-9393289cff7b55a1871e71bf05099a8e,0
3481,1320853320-44ae5eede8dcc27f54c7a612458270ca,0
3481,1324668180-256058c924b28dc5d1d76eac1c621444,0
3481,1326219660-08b4058e81f28a8829459ae84a5dc1c8,0
3481,1326831000-dc92628c0fef25d5b78fe9b559a98695,0
3481,1321380120-05193d846e9426ee4b7073f5ef509451,0
3481,1324438980-c4a6346a0c69f930e6ccfc1d610cbb72,0
3481,1326307860-849fa719ae8191b4ec4fd7a09e7e79cc,0
3481,1320708780-0b7e64dde05f63dd515c1737e5513f66,0
3481,1321890300-38bde9b5c70987f038d93a7253165762,0
3481,1322840340-9a3f561f5cf5216e8acaa2350163daff,0
3481,1323895260-7c52907f5d3e468378c01ff3d3de9417,0
3481,1325138640-5d5d67158c4c851f90f94f2833b40b5a,0
3481,1325579760-cedd10876d500c7e800fa6f48a315051,0
3481,1326372720-4d4452c5fcc5d4f392481e626a624f59,0
3481,1324707720-c6ae9863e0f42fe4172266249e0ac761,0
3481,1322603160-59003de5fd0c2b89b2b8273de3f72320,0
3481,1326937140-81266bda28b30ec4604ecb12444e759f,0
3481,1323976740-856e4a77e6ebf93b51d4077a4e336f59,0
3481,1326357600-2a36ec6c65847bbc8ea240a5e33729b4,0
3481,1321368420-a4da341a83012ee7d1549b02f44da267,0
3481,1322789940-2b83b37ec4f651c533045dd0f29b4be8,0
3481,1323188880-f059267ffa9cc54289525c8e685e9057,0
3481,1327656780-00110d044018494f3d546a7f464b3e16,0
3481,1327716240-0e62037df7db35bd802ad26207ce64df,0
3481,1326307260-92af8dea6a3238633e676138288e08f3,0
3481,1327463880-f1807e14c789a59eae3d4f2fafbe174e,0
3481,1325426280-031f0550831595f9bd086d2c90d6fdf2,0
3481,1324630260-94bcaf9fba19a242a0ca90ef0ba3b214,0
3481,1322074800-72556e664f557b96650dadb6afc46548,0
3481,1324078200-62c2b89cc51e290acd0db550fdad951b,0
3481,1326342900-d4c3e8554a821d407ee3aba780d6ab80,0
3481,1320778680-f553ab56e07f3e1618dbb225181956c0,0
3481,1326427980-899b61eb95ec173782bbd61e8882f554,0
3481,1322721000-7ec1f9cb7d02e48fc2ae0bf4bd769293,0
3481,1320918720-9a6f84e9f38c9eb8dd384d4a52951616,0
3481,1320910800-b27b5fc5de5a8b714a6e687199b44be7,0
3481,1326669300-8351490ea8fd68e25a462d7aa770b664,0
3481,1325317860-516dd18b2d3cedc7aab771f88b344b63,0
3481,1324638300-b3aad777c88aec75ad42808c40492a04,0
3481,1322600880-6089add0f253c5c98c4de8a54f73e869,0
3481,1323960180-771aceee44270784b0fd9d3abdbe8872,1
3481,1324163760-149f0abf5aa2ad1eca198ce39d778854,1
3481,1323364260-a10e2f6d5c59128f000480039ea4b17b,0
3481,1323212520-5f826a7dffb62fc00c65c7cc05245e1b,0
3481,1326445800-9ee64787005657e0eb0fff35013adc70,0
3481,1325385540-8051f02e392a589adc8afe812e078068,0
3481,1322693220-58d12f35eb58bd32d3c8b4c978df0429,1
3481,1321579140-f5bd76332f3f0e6a088c56f4c5d3529f,0
3481,1323371280-42d15585471e3644c4f15eff4bba68f0,0
3481,1323015840-2f02a1c56fa3bc6aee9daf41418c29a6,0
3481,1320927000-8d16f70fe15aa5f6e95a51856375cc3d,0
3481,1322541660-0e3d2f798fd23082ca9ee2c5ee0f7202,0
3481,1322025660-18ac1099e928445f83785c8482c4f313,0
3481,1321422000-71bcda518c91191b9051d7ceb7e5914b,0
3481,1325813340-16a321b77d55f1d3a2b20a87ce60c99d,0
3481,1324699860-aa0fa63a2f63a125d5d0122d730b9f72,0
3481,1325635080-3124510e233422e4ed4325d3fc93561b,0
3481,1327726200-c0a8e6b45c1e73d4610a60a499e6480b,0
3481,1327568160-61603c417acb04ade1895a64379e135f,0
3481,1324420560-06ae433063ae96e6b17031d51086d429,0
3481,1320774240-72f4ffc7756c3cde7af823a9c58aff04,0
3481,1322672880-640d162d528462cc47aca64b193bcd92,0
3481,1322899980-915dd703258ec0edca1d250a0a07cf7c,0
3481,1320418200-9d088361cde3d404f1b34de1196221c6,1
3481,1326424560-0389b95875e51112fe7b0c53596005a0,0
3481,1326424560-99b628fcfe1dca644c45e554f90aabc0,0
3481,1322018160-40ee81d3cf673e19ada6f8693bc054a9,0
3481,1322987280-33b4eeb10d96d18b3b31a972d88d7459,0
3481,1326980700-5fed737e7321f40bd0797b880f0a02f5,0
3481,1327579500-7f79f0014ade5fa0cdde04e910f6980c,0
3481,1325080680-6b4a123213f6960ed1e5cf194a2d14ac,0
3481,1323704280-b3ee53f265a5c1c4618de0ad0e313ff7,0
3481,1327104660-705d040653c07f737d551ae09fba04e6,0
3481,1326458280-de2118ebb4e61bb9cedf1fefa27bbecd,0
3481,1323644280-79f8bc6b0dce029d796c36f049b1f2d0,0
3481,1327934940-a3f3e80e6b4e7b35cc9eb099cd64abe6,0
3481,1321017180-fa13044839fc2a432a2abdcf599f930b,0
3481,1326351660-2170944102c6db1723b66be9ca5a14ae,0
3481,1326304320-fcbe358dff552b282c67082b4bb955a9,0
3481,1321303800-3a9c6968473c59504729bd613ecf2321,0
3481,1320645240-6ed2c92559763588d738a70a3ac42fd2,0
3481,1322401680-7a6e07665737a35d2188acd52c723032,0
3481,1326922740-82f9f16a56b7024a753823d580a191a6,0
3481,1324212240-d5ab13fb1ae827dc09fda983b7c512fa,0
3481,1322728020-8c57786d5045e5911c856a33e10bdfea,0
3481,1324668180-853b968f506fb89589c6d1f5f1cfac3b,0
3481,1327718100-c13b9be7e4318014d19facc6b99c051a,0
3481,1324031160-51872b198d42437b0efa0b5d9dc81de6,0
3481,1322508420-99aca51f47e664d20d17e1103308998e,0
3481,1326748260-8065f67a53a72f65f5a3dba7d19f6fdb,0
3481,1323997020-cb196e4f9dc1f599362d161b01b09644,0
3481,1320970440-300435171b3dcc0ce4a54c816d0f0a86,0
3481,1325051460-1d7a64af77b6adcfd33ff48aa05b5c78,0
3481,1325069460-d40d5c715ad3b9bd201f58b0f608b083,0
3481,1325442900-574b08d065a20c41bcad8bf6685893a9,0
3481,1326208200-9cb40c14b76c4af29744ef8b8939fcb9,0
3481,1321693080-fa3aecc8dbc8c3f32daadb9a3bfa4e35,0
3481,1323704280-5b6307c16ad3b1aed50a287c603aa47e,0
3481,1322854020-70097e607a1a72c178a13299df9b695e,0
3481,1322820000-f6e78cfb81a1d15a8d27fa21c35efdeb,0
3481,1326383700-74322e31f6033bf2e5fa5363d5a86b99,0
3481,1324045800-5efc68071abac2df41fd479bcd493307,0
3481,1324282680-60a11c3eabb61293016a79fa4614bc02,0
3481,1321610220-82513edd2b623e49a42ab557a2fd2eec,0
3481,1320746220-bb1d0b33e2f37e1aed766a7a8688afdd,0
3481,1325896380-f0d7883a42e26181cf17282a7511e380,0
3481,1323133260-6498aadb6a67ece4cf04f05b2bb56d7c,0
3481,1321889100-3537d555763e69df1a0ca092cc1670eb,0
3481,1327664580-3fd593e0c7ad84152bc67b57d44d3497,0
3481,1323234900-c1b4e54ea733a50527bb0994b9cff3df,0
3481,1322899980-9cc6e15d06d9bb8b2596b9b02faf9813,0
3481,1327995600-63df87a6f3e37fc808ef21895400912a,0
3481,1322734440-f4c012d58529fc3b2f0362b4afb85d97,1
3481,1327449960-1375e4454fedc14461b4b0c96799177f,0
3481,1323769920-2f2f59f3175c475f80540246f61df77c,1
3481,1323323580-a81c5f1efe4868233006a26be356cb66,0
3481,1326337560-f0bfd434cf489f6ada07728f04803a46,0
3481,1322482440-85ab09f7ee1a72da18de3df4947121cb,0
3481,1323313500-b38f82004d767fc5ca967dd99dacb379,0
3481,1320571440-c1eb426ab8db87f32e19b668b45cc1c2,0
3481,1321427400-59ce658aad2a22decf669e8c567ad45d,0
3481,1321168680-de6d23fd002390a29ef20ebbead6f34f,0
3481,1322663700-bd2e0f316c86407fc54d0268556814b8,0
3481,1321296360-3abda0f51ac9b2cde4c4fce6ae44e034,0
3481,1326394860-7278e7bf16852b4b60572bf59c88a008,0
3481,1326542880-9ba04d31cdca76036e09202c29a22505,0
3481,1326458280-c4b1c00da23d289faa0348b23589171d,0
3481,1322462160-8758db4fa95d466f32036b313ae3e02a,0
3481,1324510140-f954dd9a43a60f8d744b1d9942c15866,0
3481,1324584000-72f804c7cef8c2b1d9fbb9da99f5ca4b,0
3481,1321066080-c7eeeedb6f6bfa5b51e95a6df588beb3,0
3481,1321417020-70798a2920e188af6ee1fc2a6ae57b9b,0
3481,1326082620-818871e42ae4f770538794c3caf5e374,0
3481,1327154640-f82f8083551c28e3576465a55eadd952,0
3481,1323896340-81a330d91ff7fbcf567f464dd7dc67f6,0
3481,1324752420-2227a2876469bcd71ae85e575b29b5da,0
3481,1326424560-2fea64a8471d55cc83d8f1276834cb05,0
3481,1324205640-fc02fd689368ca83aa25ec7ac6ff13c1,0
3481,1321257960-27117fa2a275e62ca2921ddd8a83ef68,1
3481,1324307580-de7fa0b33280c4895eb277603aef51c6,0
3481,1327828200-1d2f495ecaaf00b99de416362384a896,0
3481,1326328980-7a2fd3889905ec220f649857c0e374ff,0
3481,1321864980-43bcaa800fcc2f9da704a8de0abc4dd3,0
3481,1325046060-9969b1c133aa029722947f86cc9274cc,0
3481,1325956020-ad3eeade394b450e5e5e9ee91c2e193a,0
3481,1325190600-971cba0828c4aaa4855f2edc79c934c5,0
3481,1322824440-0d9a232a0bbba893da181dc5acd42cab,0
3481,1325737860-9cdfe7a31b8d4e3a2fa856839963e716,0
3481,1322970480-56db38a5beaf6dda5a1c0750f7946ef0,0
3481,1327130160-1c0d067c71e6186d7c1c8372109092d8,0
3481,1323034800-83d8a463c536ea5e7423789b594c2607,0
3481,1322846520-5c250553288b54dec0b74c039eecc1cd,1
3481,1322803200-a738e51dac6f99e3cccbe1aa5e26d759,1
3481,1321568400-6c58e5401742db0b0a03bd7bc97ec02a,0
3481,1323217020-301480dfd1d1b9fc15fa0fab3c3bbf1f,0
3481,1322786100-ae375b340c8870be64e18f381114deb8,0
3481,1325611140-23f5081818668abe1b7b602707e724a7,1
3481,1322836800-fce126eaa20ce8d2467df76d6efef4f2,0
3481,1326955440-0f1b0e30793bffca209c5c3c970d8204,0
3481,1323709680-def8c9dae9d6f1ab2fd395d77784cf53,0
3481,1321975080-5909b4f5dc28ea9407828fdc175f7061,0
3481,1327224180-842c127972a029bc6bbe71a856fa46cd,0
3481,1322378340-800d1a52706c46d15fd402cd078212a7,0
3481,1324608720-56d7230cdb7bf99d4741459686f9da7e,0
3481,1324700040-3d806165377a5968ac3bf5fb97cbd314,0
3481,1324437120-aaa499bd630d16d55554f25122b2499f,0
3481,1324716000-fbb4111695351dd908d553a32202e7fc,0
3481,1325079240-f1ec7403544e622ca7baa788bf2ecc5d,0
3481,1323808620-71c7c0c9dc5520964487938b92296cb4,0
3481,1326330180-833c4508dc7e1493f63f15b7789ff6b6,0
3481,1320823260-90c5f9dbadd36d8f7002d0aac9c3adcf,0
3481,1327353480-58c4dde0fb3ff1b1b1d06e94494a195e,0
3481,1320761940-69e811256722ac93fadbadf7cae1502d,1
3481,1321344960-5a21d4f6d0e4eced5df4353a0d47a635,0
3481,1320597240-ba5d4be71c5376f30ae7e0216cb036ce,0
3481,1324187820-5ee0dfff37ac09d5558884ffb30dfc37,0
3481,1322455140-461a9b1377eab08ddb16610b2db3bb91,0
3481,1325940240-9e36477dd6fe66525951a4ac73d7753f,0
3481,1326968100-334f89df92076baa8a9e6aec0fb3e603,0
3481,1321170420-94f9a730022aaffd8993c6daad0940c3,0
3481,1327015200-24adb0702ab43ef702cd3f2b819f5dc2,0
3481,1326945000-7f47b8a66d95e9863a90d58752c02e0e,0
3481,1320827400-dbd92e8ce12c74527c8e593ea2765067,0
3481,1327323660-6e5a51c4124a0e2d3d34ad2389b27acb,0
3481,1325179860-49228f7b06991c41f93fd8de3366ed36,0
3481,1322179020-4bbe159e0991508b4ad20aee51bda197,0
3481,1321572060-78571f1ab7becf9932692c1945a00b42,0
3481,1324411620-9cee2c64e1060834b37eb2e3b23e8b64,0
3481,1324668480-71bf71f3407b22ad59a0ab6a2ec3cb64,0
3481,1327970160-89b2fbd5587d8f27c839ec5478cc6df9,0
3481,1321610220-14bdce3cc33042a4e6649ef429abae71,0
3481,1320410040-49fd9a40abb4a19188b7f0702ee35c2c,0
3481,1326211080-4fc898602fed0c7e9f502097e012a6ae,0
3481,1323217080-21327e0995bf3c8d9f83cf3de1cb5464,0
3481,1324853040-af43ccc0f60ac9d8661a6b7d60273fc3,0
3481,1324414980-51093e1777759e1a80b9585eed1690da,0
3481,1326805740-d10a6e190615d735ab570ef80fdb9316,0
3481,1322735760-16d0ab7207d5c8e76ec246706b79af29,0
3481,1326664080-3cedfb600271ad5fdd8a2fc7f05b9844,0
3481,1322624760-a130a27594b2d58b9bc88336be7bf341,0
3481,1321166040-26ceed789af8c596d18b85a58156e2fc,0
3481,1326972660-1240f5a045d41db0cd2853710673975e,0
3481,1326926940-14f2e6033f3c1b2f5db306b5a63a88da,0
3481,1326430260-229488eefba072d3ca2c57d2a97208ee,0
3481,1326307260-d1bebd1c0a97e890d5fda08bb83368f1,0
3481,1322902500-697ca80b198fcbbd68fbcc23fca8a22a,1
3481,1321327560-7bcb668540772fdd825c7976fc3df0f0,0
3481,1327576440-26c52d3e5cf3480259a8671d938e840b,0
3481,1327427400-03d9700604674d3a7061a5d98b7f4ed4,0
3481,1323747780-1759cb40e2ee7ff26ffb920309648d4e,0
3481,1322628960-a83eebad549851e3bbd236bc29997c60,0
3481,1324647120-b4cad2c0e55f0f0ba988e4f865e54429,0
3481,1321344900-555fe70bf36cbf601cd31223b7ac10c0,0
3481,1323505740-ac9714c632748ad66317012e25806398,0
3481,1322721780-00c4029b8a7d7b9be4dac6cd75b31e7b,0
3481,1327610940-77422f5097305930f9a1fcd5c493d4cd,0
3481,1321381140-1753bf708a02a862b20f4b9a48abc27a,1
3481,1326424560-4cc01cdddc02c8025fd360520ce096f4,0
3481,1325138520-cbb7ab75a78125448ba0c30b0fbc5d4e,0
3481,1326906120-ce8831211c83d4cc2ea832de281d05c2,0
3481,1322544900-6d7a9e4b90b917ec4a33600f247b5051,0
3481,1326981780-63916dab8365e86051f5155f4aaaa9cf,0
3481,1327651260-95de3f2615f071e9b773006fd6b5fe67,0
3481,1324173900-de09494298472766138ae43868f9a8f6,0
3481,1326997380-dad7a70338953b7ef4b4cf0315390e2b,0
3481,1325285520-9c9b6ab89b6d499ea3cb5bef89196999,0
3481,1327384260-bf2b317987bbf75f20ff2f21a55645b1,0
3481,1323192360-9b2ec9ad1c9a2b730d1d465042eca798,0
3481,1326222960-de03504e759de4b7918ad68813431c6f,0
3481,1325317860-dd45f4c4fbd7263edb7ae4775d2a4e32,0
3481,1320830280-6fa5b583753d326a6881107fc8be1d45,0
3481,1327794600-d64cdb81761088c7d91d168c40b0fb8b,0
3481,1323134640-ac221d050881860d797c903b425eb311,0
3481,1326726660-6450954b15292f6580f16adf77d07521,0
3481,1322733780-8b9f096a77d22039c714183e1bd18c00,0
3481,1327982400-31a68e1ed4841a2008819d7abca54ab6,0
3481,1326186060-3e66e26a68be045b5ad70e0569ce9e4e,1
3481,1325748660-a18fc07de09c242b039333a53075abe3,0
3481,1322854920-384d4d07cf6e0592718c8510742c1670,0
3481,1323996840-891ffc927f5374f9fbade19ffa0a0b3f,0
3481,1327287780-b9ca29392ea3f6cfe20bb0185fd4a722,0
3481,1328019960-68e0b2702e3f0eb0528984846e019e06,0
3481,1322692800-45a48bf76025eedf66074056d8151832,0
3481,1320623820-a702709fca66ed012547d9487293ef4e,0
3481,1326968100-6948b944e77d911bb71444dabac13d42,0
3481,1320855960-0f4a6423f9e7db91bd728643d6298211,0
3481,1321798500-264c6b47e3aefcf661dd48df32fcd614,0
3481,1323237660-7425528c8c5303a92fbd35e1dc261db8,0
3481,1327762020-893cca7b77ab8f682192295e7028d9af,0
3481,1326442740-63436f50819a1fd06cb0d1b9934ca52a,0
3481,1324441380-6d084d1650db36a1f7453213b1c3a161,0
3481,1323868200-1cece76fb3e422196504c0a716b98413,0
3481,1323348000-d94ee716b17cc8424cdd75e85b906cc0,0
3481,1325407260-d6fcb6e255c3ddc3a973c260900666fb,0
3481,1327087860-a158411c00ae0a43a0583625a16d366e,0
3481,1325605320-5cdebe247c4ce2bd339eb9f1b71a8f50,0
3481,1327728840-02006e07eb1526e395891d2581e1c9c7,0
3481,1327516020-cf4aa8d70047b891b375fa0458a1ad54,0
3481,1326246900-1adeeba0a1f51a76e7db3be5c158be7a,0
3481,1321050780-f5f3c06dbefe2f08a1e635a6d8a38340,0
3481,1322090220-06ee97df93546130cc000871f806e6fc,0
3481,1324368720-1d01368eeb8f4223d1b91784ed269d74,0
3481,1325781420-4ef888e957ac43fd10e7d2e590cd35bb,0
3481,1327823340-1a78dfc2d879ec7cb61d8bb85063905b,0
3481,1321447440-a6bd7d2063b8c6ba2149dcc369dc9c7d,0
3481,1323237660-84a390975c853511ed535af94eac4127,0
3481,1326290820-1223c9b1b18c547c7aa119ac7ae6af2f,0
3481,1326424560-578dd6a1635d9b9d83b4c17b57dc6fb2,0
3481,1326668280-801a230bf91643186b44dd35798937e3,0
3481,1320927180-0e5823301dffc28277d44f850e6471d5,0
3481,1324150380-0c604e302ee34ed4450607873a975da7,0
3481,1321040880-bd301aef3caf4d77008562630ae88ebd,0
3481,1326320220-7bd8224de6ff7aaae90fcd191429f8dc,0
3481,1327664220-f263fb545db34428b65a5a13b738145c,0
3481,1326748260-74b5b9a05250015714ddcc1729c47cf3,0
3481,1323136560-cbecdaca1da2c7e9f6eaf5411b0ed3cd,0
3481,1321482720-d9d2d94a42b0c3b63c7bd16f7e24589e,0
3481,1323096780-d423e4f59396f80a6811f56792a4f2bd,0
3481,1322641380-8985d9cac4e4e796ee201510fbbdec8e,0
3481,1321498320-d29e29694cbab215a852cac2b8745f75,0
3481,1326609600-8c65b889a67357dc8c1d9aa615c830db,0
3481,1324668180-525001376006b08f96679805e8b7b056,0
3481,1321414380-f5909b7a778b1df360f826f425d224aa,0
3481,1327349580-dec609c1d868c0e4d0160213e79bc9a0,0
3481,1320993720-976b8214083ec6024846cd5d931d5f8e,0
3481,1325317860-2a238ffc26d383266338e2f787b277ae,0
3481,1325527800-68cb48b7bf752e49574e726f4eecf441,0
3481,1323379260-7147a920bf273d46745f562112a8af2c,0
3481,1324707720-4eaa21ae6091c5fe02d511a16db375e0,0
3481,1323929640-26a8a39bcc58599f9712a319355b1d68,0
3481,1324707720-6156f2e1a7decfff13af6f325b3c9bcb,0
3481,1320893460-62604bb4454d78f67370ee3c7a73f2aa,0
3481,1322601660-ca60dd11047872eef6778665e16a06bd,0
3481,1326943140-dced87910d00aa1e0cacc0814133a91b,0
3481,1326007860-000da236d45d6a9ba391996b06ba3b25,0
3481,1324433700-4fb8ed1b42787adcbedbe9d209d1fff1,0
3481,1325631600-0a0f550834c4be36bc2735affd2f6c3e,0
3481,1322975160-152cda2ff7647f7aadc28132487e1bc7,0
3481,1323354540-4c8ce4d6742c4ef9a3bf1cc73b0b897f,0
3481,1322383020-aa3135d046eb7bc246d6b7628d094435,0
3481,1327465380-80aea6e263d15354d98161e87ddd12ee,0
3481,1328026200-62033dd298185bc6c8e5b10d518ed746,0
3481,1325604540-70285df4af956b8a3a8d746db8b7f336,0
3481,1327051620-cca37bafc3b92def3223e7f2689d6aa8,0
3481,1324423020-fe8a2f7767cfda96d9d8fa5c02b7aacb,0
3481,1323237660-32350d23a415fde538f49a2b124b64e3,0
3481,1327044240-cb812d1c17fb609f7a9de8ccd8c7ff4c,0
3481,1324378440-4c745fff476845737e9c83dc4fc61a28,0
3481,1321394160-9e4945d3f7da9fdffeaa2f5702201da6,1
3481,1321357500-a1e9d391c7bc3fb3f15671f93b61d36c,0
3481,1324560000-8ed912666fb81bd4c166f0801379bd07,0
3481,1320529740-8cd3206855d8af58dd7269d8f75b6c0b,0
3481,1322450040-86526330a87a751c39798a44dfecc0c6,0
3481,1326034020-1f7dcf31e5cac5609e6c817eba0f168c,0
3481,1325213700-45feaf25cc784f8241457b00c1a848a7,0
3481,1326849600-19b0137ee10fe05924f58c5272c80b52,0
3481,1321610220-6d4be6b75c896d9e358f7e102c35005c,0
3481,1323274440-0d8ff96aee3b19fdde860f3e1a717744,0
3481,1323101160-5652f63af6fa95c4c120f3ee8393e662,0
3481,1324042380-a2fe1a21202e73c4f9c368d8d796076f,0
3481,1324316580-f5684ddaa6f4188a95ce42da26cf7170,0
3481,1320658620-d69ef2f0fe05fd3d32f6e4320fca956a,0
3481,1326708060-26c87fed528f914be24a59ff99f3a2cb,0
3481,1323237660-0e19a801b23cd941a0fccb3b5401c2ad,0
3481,1326679080-70fc2f036df94f4bc5b59f65d021069b,0
3481,1325023200-66d20593e168c602de83333fdacacb03,0
3481,1322241840-f7e563da874f62c41eb4d78053320242,0
3481,1323086340-25ff9e7a60c2a6b91b67760bd21aae23,0
3481,1327026300-fc3bf528674b29fde1384dd4b0cd3249,0
3481,1321909500-9eca5b2be259a89c83d2a6d28b413513,0
3481,1325721900-1782c4a789098ad8f4bbc64b20f82a37,0
3481,1320916500-9ce6bad268b17a2638c08cd4626fd91d,0
3481,1320557820-fee60b22fbaba109f3095bbe36f86b67,0
3481,1321270800-79f49733bcc68bb517ba36a50c11339c,0
3481,1321390560-a5be3c4f89949227cfba80e0ffc258b9,0
3481,1322507880-04010ebfbb7508a0926b5c438348b738,0
3481,1327527180-48ef800f774be0e35cd4c8b174967bc7,0
3481,1328045580-3169c84ab2f91dbb4d7949bd8b248844,0
3481,1326404760-b68ef4529ad4901029bb67cdebe6843c,0
3481,1323189060-8abc7e7d0edd0be1f361cd6d72c60526,0
3481,1326308820-32d7550bb83aa21eb45ad9a55efd8ea1,0
3481,1320675300-5e482502a0c0fe3b2ba416cf078dd244,0
3481,1323858180-6eebe9928abb4c2ef115adc52a58c22e,0
3481,1322073900-038e6ed36d48956a4809ecf5508ffab8,0
3481,1327996320-28fb95d3754bc65ab55bd583bf77c469,0
3481,1326357900-60bfe095414e7694bf6afac2b4a09c6a,0
3481,1326208380-7cd9a03c53f793cbb0d675fae7529ffd,0
3481,1326424560-dff84d858ba830e102386d72310836e9,0
3481,1321951140-d8c3a72a73ec7fa627b61961778d6346,0
3481,1321929360-fd65fb12c3218aeda1aa3c8711b2df22,0
3481,1327516380-18739f4e15e0ba5fd751582753927bfd,1
3481,1326204720-b5c300d7809a995751cd9ad709149bfe,0
3481,1322540220-847adbe4777d5d2c959fd3d76e8bdeee,0
3481,1323810120-fdf3f4fe92e0b4b3cc66053fdaf2d286,0
3481,1323012300-bf19ea45ff5ec86288e01c4da5a874f3,0
3481,1326328980-953c945cac5b4a11217e70345cdbbfb8,0
3481,1327361280-b70b23c57c3dda03d031bdb2681fa917,0
3481,1321560300-a7e566b0a4ab8b7d9f024396fc871166,0
3481,1323754260-15042b6b6b001a74b92b439ab437b4f0,1
3481,1326748260-71f66767e67309cab04c85e3a38c256b,0
3481,1322379600-003ca93a275c20f08789261e8fd88625,0
3481,1325267040-403a1c7aaecad6e25b77d40985fe7b17,0
3481,1322641740-bd5e640030791ff8ea0e67e8d145dea0,0
3481,1324668180-998ac5e928d5896d9c558f2b539e3f81,0
3481,1321820880-09c239d0758aacc9c49a3f68f944a973,0
3481,1324707720-f3f98f356cda7761eb388f6f838bf4a4,0
3481,1325981460-8c6e4429da5a28140d0c20d69fce3a3e,0
3481,1326906660-c7ae909971b687d49a4128fd5f7fd750,0
3481,1327452780-cc89f7ad8624a937495108a9376b71f7,0
3481,1326313620-9cc247f3d55055d4c76caccc7cbc6848,1
3481,1323581400-af8a44a8db46eef568b95d479f36a7dc,0
3481,1323516480-dd92bc70132403b470df565dbe3dc656,0
3481,1327177980-9379e50e99f5276a2279c7990a6f0aa9,0
3481,1327862700-1204a828ef3ca278548e608aa16cc715,0
3481,1321050240-d740a0bcc7b8eacf1aa26e41fea00b2e,0
3481,1327438140-0af9ab4196fe3f0ec07e80035ca62589,1
3481,1328027640-4eb15ddacf50873bc196376c91be1d16,0
3481,1320650640-b3cb683029a297189603f775db2efd8d,0
3481,1320122100-26f839ae0cee74fd5adb4dcf5753546b,0
3481,1324767840-f56fa3aeed463fb04fb7ceb416ddf4e9,0
3481,1320552900-3bbda7185c6a8181aae70e03c22f3622,0
3481,1326497400-18ef409b9e2083e2261f5206d9cd5844,0
3481,1327064520-81143a7f700d4fcb1df358e15325b755,0
3481,1321903680-03195dcdb71caa92192f2313fa9395ae,0
3481,1327269840-4a7eef897f3137712c912614d66ab0d5,0
3481,1327705380-f18d0c52c8244978138408fc8b82efb8,0
3481,1320771900-be0d5251e7d0eded3ee7403f47004e60,0
3481,1325289180-6abf75e7a0df6ecfa91a8533fcc43d11,0
3481,1320992760-d9d04b08c612bc514e6a34033c17adcf,0
3481,1327816620-819c06f6a7d1ece21558e4be139c0d40,0
3481,1321928100-af233946cdac64a41ae04db54904cadd,0
3481,1323796440-b553ce8d877d25143ac36795096b7560,0
3481,1326159180-d102577d378e06ef47a036d1a40d56f8,0
3481,1326424560-fa2ae31cb274bfc839bf13a62212892b,0
3481,1322912520-88f058001f919fd288c649da37f1e226,0
3481,1326762900-83db374668140187980b4230871645d6,0
3481,1326145380-4ab8f595f1909b0be9f5b586537ed5e0,0
3481,1325152620-8cb866c767567230c6fe010d5d8185f8,0
3481,1324323180-3097b52c673c84c413454b11cd60c17b,0
3481,1322249340-962354e2c82a66115fcba04b5c148341,0
3481,1327564800-61d8cba3b57f5db32ecaa85b723cb8c5,0
3481,1325534160-512681aef383b4fa5c2ff7b3845e33f5,0
3481,1321259340-af4b58ed629c90c1dbecfd200be7116d,0
3481,1324716000-be5517f11db0011dead1ea71be185071,0
3481,1323152400-c4da0c98d3cf943ab2cdda3142330b1a,0
3481,1325023200-aa9c367100d8010f6929e2f9744eb424,0
3481,1323996600-373598651ae06ca6007b65870713edc8,0
3481,1325533500-d212743439a10ceb5f87f5d86eb8139d,0
3481,1325621520-f762faa029aeed255e07a0d3b164251b,0
3481,1323805500-0e33c901093f4c970676b695599767ef,0
3481,1326289920-683e42a6c66300dfb0a9358f712dec92,0
3481,1327102980-72279e581998afdbc2ffa1e7abc540e5,0
3481,1321188360-4b528b393738e5395e0af503f9e6b512,0
3481,1327068600-16378ae105e04465df3c0d395b3baf7c,0
3481,1323916260-28071d8bdace91fd58238541d81aa4f0,0
3481,1327444500-8578e34cb356897ca8ce1092ab0e4d4d,0
3481,1324707720-09e9fd26d6ad0ade152ab3b245656d37,0
3481,1324542300-2f0da91c2e1b69c8df0eebe4902f10a8,0
3481,1321610220-60fe99dd74300c2091bdec3080e8945f,0
3481,1326812400-4bbf9558f86238dc30f85172b1e2b78e,0
3481,1321293480-0d18b5b229bb6472f0886665bd363039,0
3481,1327418400-6f23bfb82b026e8f4b7e49f2743e0d89,0
3481,1327008660-3dea05ed6f45b7f0f97e94ff0395eeaf,0
3481,1321604700-48a19c6b4e79bfb7ddb24b4450e92e27,0
3481,1322159220-7377f3dca62521e210e1cc54f3408f5b,0
3481,1326208740-8227b08729b9957c1edc8f1d90409353,0
3481,1326290100-7cc95e2c2f6259e8f76507676376c483,0
3481,1324193160-5e8973026eb326c1f2f2924bd403583a,0
3481,1327605780-1991d41b944993f25b741962571e6056,0
3481,1325957700-64067bd7164c724d2994e49ffdf3d95b,0
3481,1324560000-548d0081187ac8594bd7a96d28aa136c,0
3481,1327069560-1d15bba03a0173d0585bfed7d01da44d,0
3481,1320595560-db5049b658630964cae75940fb5d0121,0
3481,1323819960-0532b3aadda117dca164d10968628073,0
3481,1321259340-684c5949df9225155b129e455d622049,0
3481,1322069520-ca1611b917af9325cb0581c0f79424b8,0
3481,1324489440-89fcf5c8a582b067a95cade1f0e9969f,0
3481,1320849240-67f9daf56b488b6be2be53c3c159b808,0
3481,1327828200-d2a0d985fd2dc5e2bd312b51a2ce7fa4,0
3481,1320852480-6ed65f3cbceb7b314aa02cf894ad6199,0
3481,1327047420-72f5369201b3524eac98d0ef5077b6c1,1
3481,1321430160-53cdee254824a67b10d95be8a254807b,0
3481,1326202680-14af604589c5167cfb425f80c778e0bd,0
3481,1325314140-9a42ca2b1f1303d3027ca0002a83682b,0
3481,1321318980-2a247ecbef381048d1658100dba90ec5,0
3481,1324306980-caad16f89cb2e02df0f1a05f2f32b853,0
3481,1320941940-ddeb4b67e6dfd491117ac597c242808d,0
3481,1325655720-fe30a4af13f9572720850cdd62d2d829,0
3481,1321923720-bae4b1716125d56d5e43f14e62ed02aa,0
3481,1326474240-82293ac4feb10e9a21bbaf483b39ce1a,0
3481,1322010660-8dbbdfdaffd53f100cd181bb5d77eea0,0
3481,1321995600-42f9ee4ac284e29fd14ae09092637ae5,0
3481,1323095220-0c1da7a14525684f3146a40c824f0675,0
3481,1323332640-67dc90ef6a4aa384936f2b54977554d1,0
3481,1321239420-ba684d9e26f76d33f4d6bbbcafb808ac,0
3481,1324488960-a3f1763db5bfb96f7982fdaf781afa22,0
3481,1325267040-2ad4257651312955ac5be5457c63621a,0
3481,1321752960-8e3f03f970bba7baae3b03d4fe05a603,0
3481,1320392100-ccec109290dca7f77b4e139fc829e449,0
3481,1321433160-8e3bd94d0f37016f2801550a6a789e7f,0
3481,1327787640-8ffc495a8665084baa991f39ad2651c4,0
3481,1323724020-08cff4117fad6fc5a7cd395da30ff5c4,0
3481,1323069180-0abf68283367f55d8c48709f2d75ba0b,0
3481,1327701060-9fa8f7d8cd9e8109416078fa68601177,0
3481,1326257400-fda36f5c034f085610eedf279ea37480,0
3481,1323991680-9c6296b03b344913238a2a41c7e11f5d,0
3481,1324503060-60dfbe2aaf1ea53ecac2b86cbb7e5d0c,0
3481,1327672080-9b67ecabd56c07202214e547f8940ce0,0
3481,1326051000-41ab88aa324b82e456e32dbe8874a28f,0
3481,1327468620-3a97631c75c7ca72274007fb5de6579f,0
3481,1325896560-9d5a3494a862283e556574cae40c74f4,0
3481,1326307260-58a56d94da3dcf332ea91d9681bcb115,0
3481,1323788820-6afd9ebf51e7b7d94c5edb9530814744,0
3481,1327506780-b2dd912c7c814f4bffd87a777e9c7f35,1
3481,1327980180-86b78ec859546653d0b2bca3181c8ee9,0
3481,1326405960-d30ae893dfc170fbad40df18d50a927e,0
3481,1327302720-47dde58b4fda5aaa9741c5508f65bad2,0
3481,1326424560-0851f4c09870d286800b03c8bad7ee54,0
3481,1321518120-652cd528a8c50b25ad4bc4964b8e302d,0
3481,1323837180-b755e64ecd3708b170fc2d1bfde5a63b,0
3481,1327776180-377bda6aae9bcec6bc41c35ad2e39532,0
3481,1327001760-cd6cb04b629abbc3df0b74d368d6181d,0
3481,1326213180-66fc0b1f70cefc173499f73d285ff86e,0
3481,1323174780-442a4505f575a49cfb8754fc7ac28bd6,0
3481,1325907900-8b6f52189350cbe876102f71e8440599,0
3481,1328054160-722ad826099a73031f322fae2213de68,0
3481,1323656520-215c6d5c24627fc00af1d6f0cfb613d0,0
3481,1320569520-c1e2fa98c57e80d980c9a0ff34cce880,0
3481,1323185820-5045611a15ef580cb9910d0d492b1174,0
3481,1323274020-aefcd9ab947c09ce44353b71588e2f15,0
3481,1328019420-c1d3388a52ce3279a2545bf0e67b3c82,0
3481,1324707720-62d6352b4dd973bd15230cde5e4ac911,0
3481,1326163920-77ccf39564291ebc44d6ff6ee6dc734d,0
3481,1321610220-81f91712e8edb92f05620ea55d75a08d,0
3481,1326307260-256f0d997d6903883e794b37757b43e6,0
3481,1324540080-00cc353e5d2df66db44c6de7bfd06915,0
3481,1326901560-3b8acec8827e9d6424588a3b0e261bb7,0
3481,1322761380-654f8a44e995d6c5870e8b381a636b74,0
3481,1325895300-8e8e8b71dc842a0d584717562bb681f4,0
3481,1322639760-512c1631e1a3455cbdccd8105f075b27,0
3481,1322934900-317582c7bee66b2e4377c3421c3cde63,0
3481,1327030980-30373e0309a1494bea1e72b907e18968,0
3481,1325009820-70870b93b8f550cf4ba7159da5f23a14,0
3481,1321518120-8f0c3ddc53e08bb7f4bae88c6bfd2411,0
3484,1327301700-2f6869cbb9e063ca749afbba40cf0b66,0
3484,1321108140-40ca05138e662c8095ec0e990063625d,0
3484,1321311780-4da89f5cb7f4808a639aff863b5521b3,0
3484,1320800280-ab9ce5e85d2deb0265c81e800d4d1497,0
3484,1327874820-5094075255e3153a36173dc2db8620ad,0
3484,1326018120-4f400eed1546b87cd113f5d5e70724aa,0
3484,1322279640-5bf5d050314af7b84263b851089d9e5c,0
3484,1320470760-908af92e7d91e91a4d4e4c2382766998,0
3484,1320854580-d9fdda122efa5eaad301358fd657eaad,1
3484,1320698040-0bbc4221aaba924aed1cd5678fb4647b,1
3484,1320710040-83f7bd4314a649d9de1ee41dd74da047,1
3484,1320681840-c4665e03d5a9b26c4bec41aad50f5594,1
3484,1322067000-84d1a96732e13b1bcaf4366e96857408,1
3484,1322074740-f5f7d5a3267b10a02c79922328607161,1
3484,1322075640-8654bdaefe515773bd4202f8be97523c,1
3484,1322063220-52af27440a1e84d78451b1e48f62ad97,1
3484,1322371800-79c25036f02e0aee9d9275780be60915,1
3484,1322372280-8dae06bb1fb421629c9f2bfc3dd827d2,1
3484,1322749080-836606117f0f97bc141a41a3aecfd602,1
3484,1322750400-1bed4c7a96615fe0beefd4b131c817c0,1
3484,1322091120-ac24ab3bf3436075d20a0a9d9fdf3e50,1
3484,1322143800-17f8c4d801b6ceca9ab8fc965cc03943,1
3484,1320855540-a86098e611a9443323fb9ee56d784c73,1
3484,1320854880-9ffd5ec5721f44305412c7f89fc0f50f,1
3484,1320856680-4943da24f01849f194b0dafcaf913d29,1
3484,1322704740-40207b4608979c51f67fe82d99cc6e3d,1
3484,1320763020-98a676ca8e573614fdb78da75db16e0b,1
3484,1320880740-2c918be078e59f07bdb3ef17f071b0ac,1
3484,1320906600-901e45627e04fa3b218f98aedfe6c813,1
3484,1322366460-6efc7f59905bf96364bf6ba3c2dad8cd,1
3484,1322137860-bb621497fb3ef445ed4dd193ccdbf9a7,1
3484,1320877560-74e8f60440ca0126eefbec404d702962,0
3484,1326211320-0318aa6345ca7d7c1faa6c17e307dbc6,0
3484,1320761460-3481bd1fa9b9541612dfa53b4adb873e,0
3484,1323301740-269270162ed796ea05c4372f1ff38c23,0
3484,1320127860-41a61f9f6e31f828a927919e36033780,0
3484,1326963360-c3a02d2d35d3cc6e4892c1901370f253,0
3484,1321298040-b72fe43028fdfff757072e4d0e24372e,0
3484,1327927500-b0e99e10518ee57b9046257fb2996d7f,0
3484,1326682920-29544e177c20b0d0e0ae8e4499cce7dc,0
3484,1326739560-99285c164381265abe949586ac6d2336,0
3484,1327370460-f85418022218c5ca42d01bee7384571e,0
3484,1325425500-9232943dbf3913bf48721d3e9924cda0,0
3484,1327474080-81b8ae3d204d02e269197999c1405ec7,0
3484,1324000860-6d9d7760d8e7b56e1088a272f00cae99,0
3484,1323387000-734b85200667711d746bf75b6de3a56a,0
