3089,1327766400-40f8fb5caaed14f2b013afe40823aa43,0
3089,1321073340-d0f6242f3c8146f5bb6e5f600303675c,0
3089,1324797600-c2d32f94eb2e4721f99305ea48541a61,0
3089,1326954360-93a8a31f0376af9853fa24829cb48165,1
3089,1326933600-1547a3f85dce04223fd1997d68bc06c8,1
3089,1320812640-db5bfd8904c9a1808c27fe9467ab9ffe,1
3089,1327006200-68bf0b692e5d19e44387c29c124b8909,1
3089,1320908700-69c337e52afd357cba41c3848ed889d0,1
3089,1326762900-ab93da6629acf19d3d3c0dd1d220e835,1
3089,1327044420-1d5852feefa486a0494062b3e25faee3,1
3089,1326741600-12e841f023e80f3523c7f3ca1ceebd3f,1
3089,1326760200-cafe3a622887654ce33cf37fe82a4e0e,1
3089,1321917540-28c24d82c8877550ae4babfd2a981a4f,1
3089,1320719640-115dae0a3b7056c63e65797b040ee692,1
3089,1322516820-505fb9c0d3b066c067e9a389c5475951,1
3089,1322518800-63d23c07e27e87715349ec67cd675ab6,1
3089,1320892740-ab9e799f36e773d0a4cd17bd3d475fa8,1
3089,1322694540-da2fdd9428f42428d13c0fc65e7bc1a7,1
3089,1322704440-4b9078f7c9cf6f934983d88583f08036,1
3089,1322519220-0d3791a6037da55ed40834020cf4e5f8,1
3089,1322517960-3a32dbabbfa7b0a0d17db0d73af58757,1
3089,1322175300-08fe00e59a9d37be512f642824e192d2,1
3089,1320878220-13720a6fbea30f8ec197e20ca95a2a61,1
3089,1320896220-cfb76d5147d4903218aef5e640e21447,1
3089,1320895500-9eedbd55fdda14045fe17244d6fc8758,1
3089,1320886140-7aeeaea23d3fd16e72d1ac630fe71d56,1
3089,1320900180-1d76fa355dae1b5d8d04670f867a3f25,1
3089,1320886800-72fc5236518741f4d6172bb50d0bea16,1
3089,1320896580-06e9536ee4c02036f02df4fb092a464c,1
3089,1320918240-dbe1c2ade0c25f24b56aa4830d441262,1
3089,1322014260-5f3568a3c26930c283040e41c0f53076,1
3089,1322010780-d5c66f9b3c74fc1f53effb8adae4d15f,1
3089,1321923720-ba8a6e199a90b66dc940c93731880784,1
3089,1321921620-c108676e48904966eacfb6759e249635,1
3089,1321922700-5de4b6670ef456dc4c3606ac1f34aa95,1
3089,1322010300-922a1adc214185971b0dff4ba851116a,1
3089,1322019540-0efa07d8cb77c2a58184f1bc5565c76f,1
3089,1322068680-a1d5529e61aa8dd64a46c26fc98d9e39,1
3089,1321986300-9c54f256119f62bf7c73358a5dfc4e99,1
3089,1322028960-5bdbb94c43f271f41d8573b081530b8b,1
3089,1321937400-c04fcac9913429dcadd3b5b1d0a72de8,1
3089,1321242180-2716cbfca25499a42d9f7750564b93f3,1
3089,1321935180-d93b1001f6c581c29cfcd9d9b9c5b9ae,1
3089,1321979100-2161ec8d1561ecc54e8d121436bf3ab6,1
3089,1321936320-4b578f6cfcc824de16b0d755beab9ac4,1
3089,1321919400-0b9544a5681b3f34da750055fafdf971,1
3089,1321919400-60af82cade4fe3fc98395db98eeeb801,1
3089,1321919400-3163d0cefa2c668c7a3ebe35fb95bdaf,1
3089,1321245180-27a47977aa18cb478341f95de6893f8f,1
3089,1321354980-b16e5afe9de7d92478b9b5a47365a94d,1
3089,1321959900-847d7dff9b934b899276c77bf5f3b753,1
3089,1321242480-3ddbf4ffef944fc75624a4b4e470b7c0,1
3089,1322019000-ffa7979a819f5974baee4047f0adb014,1
3089,1321240740-49d8b97bb36bf590959f5202df216c49,1
3089,1322028060-b7c65618a4e31e154924e67bd43fd77c,1
3089,1322696340-0e952b119991039b988cf0049abf34db,1
3089,1320886080-8788da22ad68c247c0d2f5e9d3cfa7b4,1
3089,1320886080-ceb77285280ee9f80e2a82efef9d66f6,1
3089,1322701560-a62a5a1e2464e22493d8f8b66d1aea7c,1
3089,1322520120-2d96d042dba5c06fdad994428e20a4f1,1
3089,1320887040-bfe7a7188ee70eeed04b6203d86a08f6,1
3089,1322072160-ca8859386042fb6d4f5f5ac30852124e,1
3089,1327599180-41aadbeb27702892ba480f8ef77c9e34,1
3089,1322108760-d2f9d8d308d8a96f5924e4fde891fbf2,1
3089,1322107200-b5cf64a79f47fcbee43d45a0f94fec58,1
3089,1322033400-4bfdc932773d6ea1688d3999e4bb85c2,1
3089,1322027940-c33af235184793b9c13d5973cfdec19e,1
3089,1320188700-18a0ca3cd3f327f0868622e1a626dcb7,1
3089,1322215620-6bc8865f9073ca7324706f61ff977cdf,1
3089,1322115360-08931106a8d1b3c990a8288e8a296d15,1
3089,1322211780-99f13061f40da01835d9bb02a5ef424d,1
3089,1322234340-a9d390655522e2beb719a1de75790ff0,1
3089,1324147200-d8c21f1993b5f619ee3cfdf753569945,1
3089,1326322080-afeb09a875e35bbfc663739e92f9555b,1
3089,1326322080-b2c008b7a67b9597a7b22119df35a4dc,1
3089,1322096520-5ad75ccdd9d31640ad2bb815133337b8,1
3089,1322097360-403830a19d69e7ff953411347873d556,1
3089,1322096820-b90502d5260eeec83f17a124dd2de775,1
3089,1322695080-5972f2488e3cd14eb83b8736ce94961f,1
3089,1322212200-d555fb4e36d4f894f9e113f1b20227bd,1
3089,1322701560-f365da56b7db90c2f06adcd9d6e101ec,1
3089,1322025300-bb733e1a7cb5b9ea5a997bff67311a85,1
3089,1326226800-11b0fb09fd8b0227a31f67c9b8b8c4e3,1
3089,1322205600-45dfbc9c0ec227a8a1bf870f23013f68,1
3089,1322696340-73b81b60046b6a7c18a4e696d456bf74,1
3089,1320583440-7c76c05d476dc376b78d5fb75058baff,1
3089,1320132180-fb0d635f08e9718d60761e4a44833143,1
3089,1322241000-0cf99c519ce1b8e83555cb5da7fb3f29,1
3089,1320605220-795ba23ef5196ac5623439927d25e0f4,1
3089,1327448640-5a4c8746e520deaa8e2b743b7b34b874,1
3089,1327479180-f09eebfa5213dfde426ab1f936371e57,1
3089,1327437120-a5ce4d86a26e428e21516ebb2ad53478,1
3089,1327701240-0d890de93166c192813df2e9d795cebf,1
3089,1327976160-bb9ccec71b16e144f11a82617627c2ee,1
3089,1326221400-f30281001d31a4fb369c055258c24185,1
3089,1326342600-f18508a98f020997063b25fc7183fd38,1
3089,1320738600-8c92825eaf511197cdd739c918fcb8d7,1
3089,1327557900-b37ab548826bca67894a4451d9f32fa2,1
3089,1321920600-99ba3557a024856bee36a40d8fed1eb2,1
3089,1322546700-4cfd3ea81bbbc59aec337c3b3fec71da,1
3089,1320588660-4369d3a4f92da946407b27d325758f23,1
3089,1321947840-dad6c758ed448e6f321d3c9625f53668,1
3089,1328057340-ca79cde03c46d929411a57ae685db296,1
3089,1327991640-99383442246bee510cd4c2d4b137b5d3,1
3089,1327632060-f48cdfb6f45848fb32800ce6478d0313,1
3089,1322702460-4b3a5cfbe0c4c74e66c1de4078195257,1
3089,1321674300-13a449fa4703e327b4dc58ddb320d4a7,1
3089,1327531200-0129f746d3d47704726063a92a5bf6b8,1
3089,1326487200-c5c86788cd2d625a36f74e7cf57c7c3d,1
3089,1328056320-a2bff77ece1e6d43f80d17e4b353b636,1
3089,1328046180-698d6ea6267407fd43646bacf83685f1,1
3089,1321913400-6dba1633ffddf324bc7b0c6b789902ed,1
3089,1327695000-c881a6c0da7a1a87aab777a22a23b4e3,1
3089,1327702680-9efa00c6d9c5840d9ab505c3b6afb18f,1
3089,1327695240-14d52fcaf2558f360062f591b8011459,1
3089,1326334200-dc67c05a0443b76f26c9e44b479b0fa2,1
3089,1327997100-bfd97ff1238b39591830b942a4ab1caa,1
3089,1326833400-af1edf70dc04a725ca330629cd704548,1
3089,1320326760-96227e8b0821d38b2d86749aef7c9002,1
3089,1326785700-83c5eb5c624222030bb5e645bd94e57d,1
3089,1327695600-8c0b99145539ff12198a9ae2492920ab,1
3089,1322114340-83f60c492aa61de24a4ce04faa587869,1
3089,1322612820-b8f1650fe43b85beaaf339c22a1c132b,1
3089,1324102320-3393741c1011ac1b3e5a2a0b5c76ccf3,1
3089,1327192740-6320ebf9a7b20117adf6d5ae3f54a756,1
3089,1322701560-6e4bad1765c36d7ab9df0ec9786c7bca,1
3089,1324064400-2a2c1ba628239715722fb4a5aeb4e5f2,1
3089,1320127620-1de4e386d292afdc5a3685ec5db57ff4,1
3089,1327703640-a241a76ac73cf5931cfe97ff78c62338,1
3089,1320706620-15bef2ede9d9c0f89262c517984b659c,1
3089,1322158440-6b8a9e08a317457c0698e04040923057,1
3089,1327704600-a3f7aaadbba2782c4bf09b97e3a96fd2,1
3089,1326397800-96a428eace71246634b04de50e426675,1
3089,1322766000-78bea9483a7906ae7302b27c1d983626,1
3089,1322694960-32324c874b11c54b6bab3d61b4ce0892,1
3089,1322701020-8240e01c8de54c8caeac9002daa433d4,1
3089,1320348780-8667a294712b55305032e0df410054b8,1
3089,1320805500-5e3e4820c5254959720ddfe1aa200b3e,1
3089,1322615400-57985732f518eb5ab4c3a3779dc8f608,1
3089,1322134680-854036ec47d8002ebd89f9274918e5be,1
3089,1321663560-920955c7f93be2ae076ff93e898ba01e,1
3089,1324069140-284640092f51be798e6d8cb18a75c6da,1
3089,1323568020-b8054e5f0c0c78aa028a1529fc83b270,1
3089,1322078460-ce3a42726558ec1cb11add437fde70e6,1
3089,1327507080-1234f2740c50d937845ff8c48ddeb43a,1
3089,1320983760-7bee4835671447bc1fc5fcfc9f5561c3,1
3089,1320937440-4111bb328f14d3b56da8cf40f1c0b485,1
3089,1322098800-c9787834e10991303b6c25647a48c053,1
3089,1320983580-50ddb5ee75726d1018f2a8db20cdb2ac,1
3089,1321562400-9107d605aeef6ecf1d5b62b14c7d00b6,1
3089,1321562400-00f0a340accff6edc2e4c367d3b9fa89,1
3089,1320935580-9720c443a6fc7017d22c295d60b9c513,1
3089,1321565400-19f630a4ce86943cfd91f56404c2390d,0
3089,1320893940-5e350afbf7307da821e14c5c1e55d1a0,1
3089,1320970980-6dff5aefee4bbee86c542920f8d1dba0,1
3089,1321242480-d28db3a8fd3baaf6c81fa060be626884,1
3089,1322224380-b6fd5646d12014539692fcc6f4c93702,1
3089,1322223300-89e926a5012fd580f92f69273e596e42,1
3089,1322191860-051491b5ffc471d23f238eb82887b855,1
3089,1322194020-bde8f57dfae7d8723fdd9c79450c0f98,1
3089,1322193600-508d1c3344592c42555b281382f553f6,1
3089,1322224740-757e3f575631de3443045e3f71f74a65,1
3089,1320812220-1dbd071b4c3272a9e0bf17ce2a9a9645,1
3089,1322193840-97415545ef49da516e3ebfc7cc13a393,1
3089,1322225700-586c1189a43ec9a76ede517fe940156c,1
3089,1322193420-3d92129fb0bea495847995a3eb0926b9,1
3089,1325896800-ff41260e5da72afe09d52e8605c857b5,1
3089,1321240740-05495c02b7d4433503d3ddb47766f09e,1
3089,1322098800-448e38bc778d328fc18fedb0ed790866,0
3089,1322265660-94749875daff43432c8dfcb1c0e236b6,1
3089,1321241100-7bff6db8d613b8f531e5544b5891181b,1
3089,1320983760-11c5ad9cecdf93e53582218cc91f41bf,0
3089,1323664200-cf1cac70eda23d79ffc72024eeaa4153,1
3089,1322362980-c70f675e216addc01294205759e1fc0f,0
3089,1323804660-452906e39ebe616ec475a65895d03e2f,0
3089,1324151520-dbfe64d17e07c0d743af17587b6f1be9,0
3089,1325890620-3190478ef73f67fea8927beed6f7cc2b,1
3089,1327954860-34b213c8c4a4c4352d6dfa68744d3ec3,1
3089,1325893260-046e53b84559ca777fc25ed1f04553a1,1
3089,1325887800-40539fbc525b25dd061c84182a6809e6,1
3089,1322866380-9bb1e88cd3ecfd8428bc97071cb443b4,0
3089,1325876400-fd2b9c15756e0e2778b93d1ffdb8339c,1
3089,1323253440-a397e8b4d60a9cdb4ffdbe4b1b791a85,1
3089,1325860800-27ea93b06c6efbe93cfaa2054bb7a4fc,0
3089,1325888400-609d71de39612505a329df0a25d5d215,0
3089,1325499000-baef189cb8bd9ca484bb36b43c9d6ed9,1
3089,1325526780-7ff9a8b2263f9689055b17743c0b88b5,1
3089,1325620980-9927c06794e0d49a5a539b3c64a8810d,1
3089,1326204780-5694e8d20cbbceb3eb1f96e187888ee0,0
3089,1323454200-54b72e7b68f725e6dfe3badf79766c42,1
3089,1323474420-280afa499df5595d649dafb92dc761af,0
3089,1324417800-d1c1a7592dec89e977f4f65ddae10f59,1
3089,1324421160-721a142d883ce0cf260df6a7c4eee762,1
3089,1324425480-10fddc9704bc34c3e39d5d33c2be7f4b,1
3089,1324418880-5ef7e98867023f6f17aee88a45ebdc6d,1
3089,1321498980-c096f089d520c09ef849d563a3635914,0
3089,1324537680-a7675d2ea3f6dd61dd586106010e8107,0
3089,1320781500-cb26b3f808a6bcc0cba9f00a9c9f2586,1
3089,1321487400-1e65f0b4fa72fc1e0a857ee2db6bfa5f,0
3089,1327523280-18dc791c6eb2da0c988e752ad3c7e8b7,1
3089,1320581220-36ea7b35da7bf3f0a9469b1c9f90e05c,1
3089,1320893160-67133fd72f959bd1f00492f47e1d2bdf,1
3089,1323457740-f1f8d5c05c1a9a999e80bdde7e8abf19,0
3089,1325195400-5cfd21969790bec2b8241f34a87d9365,0
3089,1323200700-c3e14c2f0b4b735d7842c70028ee6162,1
3089,1323199200-cbb79f8ff62b9158119c91d71c2975e4,1
3089,1323678540-3592b958b0efaa3adbaec2778cb06016,0
3089,1321531500-0cbc43a16b52eff0a25ec1d6ae4cecef,0
3089,1322158440-7f0a536aed943173ee7b2073db92b657,0
3089,1327123380-72b2912204def70d8f7f4d9b6a5f81f4,0
3089,1322012520-33262a9960b884cb0b54f971ad22e660,0
3089,1321168920-1a4e31d9c56fb6c54580b00b75970553,0
3089,1323258060-467061dbbfb3a9137396f13da01c65e9,1
3089,1320889320-7e626fcf7f1b4bb545d9bdb2b61b53da,0
3089,1323133320-9b9684d593ff1939d3d41f7cae43079b,0
3089,1325806380-cd1cda74e8b52b7504a49ed5b5d80a27,0
3089,1323269400-15c09d1ab636f910ba2cc38ca2b5060c,1
3089,1324941000-046710511e9fe47bde47158348bc366c,0
3089,1321484880-163ace863398e8c10ff87de0ce7d31ff,1
3089,1321470960-f552f1f174672e648a0ab1f708525807,1
3089,1321468680-408a69300981b415bd7b9baaf77b80fc,1
3089,1321479480-ffdada943abcc76c72dad48f079ac53e,1
3089,1321475520-70b60c010de2368a7ae1e3dc006d9c0d,1
3089,1323394800-04833af3da521ece70af466c4b5dbd12,0
3089,1320849480-2794898c8125696b869e70ebb80b7347,0
3089,1320824640-410b378e60f61245b35434ab58811b3e,0
3089,1326871440-bfa5c725ba577976dbcafbf75cb133ad,0
3089,1322685420-c6a41600ead569ffe91d6fb11b9b1044,0
3089,1321603080-0c46b1906871ab830653aabcecfd3511,0
3089,1325662320-7c840d7c8339ee20be9ca95436e49055,0
3089,1321566240-2d0e9803fa044f221c4df26a7816540f,0
3089,1321620180-13811830d2994a21c025c41b78950ed9,0
3089,1322720640-4821f26ea89764f932bd7cfa7ffc238d,0
3089,1321537380-8f6883351598b92be0132befaa8d6b25,0
3089,1321279680-821ac722983f73cb606a4012154b0a78,0
3089,1326145380-40559014ff98004dc7efa4e6629c510b,0
3089,1327531680-d116502ec804e3468873e9a360752109,0
3089,1326219600-5a0b869229e34e20857164cd14b109be,0
3089,1325883240-03a2064f58248ce820644ad798f698fb,0
3089,1325579160-ae02bc744bb53f7da6a623e982ecd575,0
3089,1326926220-80abfc3c48a0d37e7fed392bddd1d31b,0
3089,1322868600-aceb4b1865b4b45fcd8fb119f3407633,0
3089,1324481040-626c639490195ea5064813e455a25187,0
3089,1321523820-f665f5dea498c135e70c6b41345a520c,0
3089,1321370340-d7e29e027a3ff7c242d27b9bdac54550,0
3089,1322724060-f24e34b3c3c4cb080d290775a77ade89,0
3089,1321568460-311bd391eb3ef9921f27dd7b059e7267,0
3089,1323222600-8dcb646956bfbc639ae337857ce2c0fd,0
3089,1322301420-d8966ce130716be7dd492773e3becc06,0
3089,1321487880-b6928e76da0931b312c121343e736bc2,0
3089,1328051760-7ca1281cd4fff67e5a5c426c4810c9b5,0
3089,1322097780-d7bcba33529b966457db1e84967d291f,0
3089,1323479040-a57f77b13d52927baebb1370887d995a,0
3089,1320886800-a9f5cf16acbc32a98f6db7b0b01e01f6,0
3089,1324004160-60298aa92ed19b29f5391fbb3f0041b4,0
3089,1323395640-6d6103d4f77d668f8144bf2d07c23a6c,0
3089,1325862960-52fac829964d6fceb2e526b011379746,0
3089,1323313380-a7aac079048fc345b0ee92d3db923099,0
3089,1322007180-afd78e50ac068cd92222240d4d2f3454,0
3089,1321306200-b3a474c81b16222caa9393912c726b67,0
3089,1327457100-abe4e40174a2802db9e83c5aa2ec0231,0
3089,1324560780-a3e61812cd17bdc395c8cc58c638081c,0
3089,1320816780-2720534350cdc9d4bec078bb1ef1c707,0
3089,1322768520-68fb5910903978db0919a6183af27ecd,0
3089,1321497900-886552b8629444f97496e71feff76f84,0
3089,1321072020-6d9759fc61c4d32937ed282b90f862a2,0
3089,1323330060-185b3478adb1d1387e9b6b65a49b3f9c,0
3089,1323474420-923605f39a526c84d7f5f921eee8db49,0
3089,1321827600-18664992214b31e160ad39e10702f8e8,0
3089,1322041380-30d580507ca77b6946b29c66a76a7799,0
3089,1324164360-3d12a5a3ee17e93f5cb1ac15930cf377,0
3089,1323219180-f20ef322f192d5538b808087c688ae71,0
3089,1322144400-7784eb17c25d139c7e78c83c6c9b708d,0
3089,1325047920-9e18ab0f423709191fd979f53ab84a5d,0
3089,1327533360-cfb1b160ceb83fa6ace4adce22830188,0
3089,1325197260-13bd5656f6313462a59e1b156a34639d,0
3089,1321626600-f5f1e42b70b2ec0a6ba1f78f0284d0ff,0
3089,1326325920-70845348f0285d13d000badf74461c4e,1
3089,1325500440-0084948b6c63af4b7e5aa8da28b62e41,0
3089,1325307600-c8fe3be740e32c207aedee401f578770,0
3089,1323985500-faff7595588d21ab755ba57dea91103f,0
3089,1324588920-9510f3b8ece79a8e0baa04ce398e1e20,0
3089,1326400260-232882f0dd0f8146820b191e12c583de,0
3089,1322801760-a4cee897a2f4315bb3da329e9474e811,0
3089,1326300900-c15d0fe25f3d4f2e4ec0df57e3a18f5c,0
3089,1321658160-590898b4de64634e828083d7ac40472b,0
3089,1326840000-2c98d59461f3419304461f3048bdd826,0
3089,1320983580-2adfa43ae5444cb1f30b8b67c1c3520e,0
3089,1322545260-cd02084370350a841a1e2cb3e0d1879a,0
3089,1321498980-84b34565207f34f2ab1a6312cbece6c8,0
3089,1322879460-4cbb250505e840970a869ef8174c4186,0
3089,1323379800-7724496debdff18e2475e228d7550fb3,0
3089,1321455900-d248a5dc39c4155641f5fc5ddd8e5c78,0
3089,1326838320-aef9aaa8cff2e2f51d90790043c4ee8b,0
3089,1321610760-f0f2cba779fed05de49ad936b9bba4de,0
3089,1325289120-baaed487f04c07a4c1d721167c76eb35,0
3089,1323134160-b55273aeb6bd73beec82eb2993e1aa8b,0
3089,1320955560-ad1a2cb3b0c49ab931ba66bf53cfbcb6,0
3089,1320922440-bfe60f878d67c037d74be95cd2fcd840,0
3089,1321740900-8bf32c1b96d795dee0094128d41244d9,0
3089,1320780720-caee2e83b7f9d9cf0dfd53e73110267e,0
3089,1323072240-3c361012bc9857b75d66d4970db8fcee,1
3089,1323290880-53c2f3d37eaf31f4252efe10af360536,0
3089,1322538600-276f77bd1b5a65f5845b046c7dd33507,0
3089,1327026180-253b1fcfdf3f060ccde1120cd68327a2,0
3089,1321510560-af97fd4ed3f31b12981e3052420e90fc,0
3089,1323394380-cf0d828f79c5110a1e3a81e55eaafee7,0
3089,1322580600-9a7b40253e05ae8ce878078ff0912631,0
3089,1327600380-8d32608245dd632a31938cff7cfdfeb1,0
3089,1321478400-d2b6ecd3bfc02b5c71aeeffd3e455959,0
3089,1325139660-a038808bf326a445bfb0b901798fc31f,0
3089,1320887040-aeb6283f5de76ca7c54fda61c801e5b3,0
3089,1320854760-b2d98046e9d91707f794dfcbb5bca5c2,0
3089,1324474560-c91761b17a1cd2b3440318704ba0d80e,0
3089,1320723840-0edcb5c2b1e9bb44eb0d40fae6dae63b,0
3089,1320168240-0c01ccec91315bdc153bfa4b850d1bdb,0
3089,1322893980-0a30422902603055ef1034c280061d77,0
3089,1323473880-18077a010dbc911afc28f8dd148a7337,0
3089,1327534800-3d9295fac3c033872fcd4be06855e95d,0
3089,1322011680-8b88772ccd87ed6b81655826f4dc8501,0
3089,1323125400-c12260c22f7e1a3337483e766661955b,0
3089,1321308780-00f9ae57c5d1c4aa2c55aeb28cc41184,0
3089,1320968940-b5e1795a04c967387833f0931a255c1c,0
3089,1321544220-b635fc92c64c893405d21dceaa8d0668,0
3089,1325359560-4abcf08271a83d409b58e5bd9f465697,0
3089,1321500180-feb6f8c897308a46256f2a83927a6950,0
3089,1322408760-d9a675a8821f2d2d307c71465d75e732,0
3089,1321565820-02d89df3edce3d43282f39853c7d6793,0
3089,1325204400-13c8498514160cd337a40fb4f112fb8a,0
3089,1323955380-1f134f1c528d83203ae8b63cb7e99c5d,0
3089,1324900680-1bee9760314aae06579b54732041ae83,0
3089,1327023480-6b9d559a973c978cae480344e3718f87,0
3089,1323979200-614bef78c4ad17eb23961233d4a2569c,0
3089,1321461900-d7343a7773c4ba99a74e733ee8481b41,0
3089,1323809940-9424a0087a7349cfe6ea48113fb9cb27,0
3089,1328021460-d6c6019af82c4a6bf4f01efdaad525d9,0
3089,1322844180-fbd35a8542545d1b365653cea7e11056,0
3089,1323798480-d447f92fb4ebaff5e9741c2624575ce7,0
3089,1320847500-c99a6f30858ec8c39c821e0f6c88772e,0
3089,1321632180-564f9ac4f393143e6c4b66e774f4809a,0
3089,1323272400-1f341ed8dd6c07e0a974906647101ae4,0
3089,1322007180-f380a67a86acab2bb033842506b5103f,0
3089,1321307940-51dac712c87fb1661dde7dd99807d016,0
3089,1323936780-407481892e00e0984d4adfc245cc58e1,0
3089,1321494960-8a025d6aec48767102b30692563c1050,0
3089,1323457740-1f81ed76d3d087aaf3ee4515637b8ff6,0
3089,1323137520-8a0bee7f81baddc227bc598dceeb5f69,0
3089,1321537680-49f1d53d80aa31b70ba3a3e89a646fcf,0
3089,1320816780-785801c7143763aacc25197d468f7832,0
3089,1324060380-62e1536b42320cb449c4c33aaf108264,0
3089,1322835600-c540e770ba1efd8218082edfd3ec0136,0
3089,1322776020-224fe6a2cc0f0fffb9cc39f04dc5a51d,0
3089,1324341660-d02436ab018209bbd37509fe311c4b44,0
3089,1322596020-8cb751e54f1f59e8ff6193be92e62b99,0
3089,1327958340-0ef1da15af84c9d886e600f000222060,0
3089,1322174220-05d19099a6579f64353143769b8618a5,0
3089,1321658400-1565cd1bd76032be4ce82f6ed54d3ddf,0
3089,1322603160-a1aae987c967b8ddfa202374b30e93aa,0
3089,1322098800-5d77816474e2104abe1e6286bf96d0bd,0
3089,1321593780-49545c0439cf36b37e8122148512e72f,0
3089,1323369000-19d5a3369a412c7f36685ad92a67b2fd,0
3089,1321498740-3dd460fd147fd14f22a0ff80881d1de2,0
3089,1321513320-043a3608db173005bc39467f83623464,1
3089,1321508220-c85ac0d6ffd9ef503b3d6de76855f24f,1
3089,1321506060-d8e87019a262ef8ada83746fbb389b2a,1
3089,1321504440-2c40e8362e8195e196881a8558c49255,1
3089,1321631280-fd4d417bc07ae714b6f35451851994ef,1
3089,1325500440-fb003b5e1917ba30bd346a673000c739,0
3089,1325646420-724fab7c8c3f51ddb93a4092905784b3,1
3089,1323224760-596f467060493f1f18b3c6f6e68ba983,0
3089,1325653860-ae4bbe6b29290880ed0de495acd7844b,1
3089,1322152380-d034cd1d57cdc8f091ee48e12cccf19c,0
3089,1323301560-4273e69c4ddf26ccb5aa3d69e9c0e743,0
3089,1324170900-539bc06bfa0f693c0cd6028bb1cbda9b,0
3089,1327400820-df29361edb8869fbb54e14f796a71b2e,0
3089,1323171960-d1c3b1933cc361ef998f581d8e2c045c,0
3089,1323809100-40aedfb8cde4dc5ac22c24252912206f,0
3089,1321797000-ff69d62cee7aa50299aef84ba3d81862,0
3089,1325646420-f6b1ff0a5c3e452c45fa2167d9293693,0
3089,1323241740-48dbb600016372b2af7b5bba98fbd5eb,0
3089,1322540700-f5e12d1dc1add727d998ad2fe5404db1,0
3089,1326988140-5237d97198dffd715ce34800d791daf2,1
3089,1326992280-b2835939a89104a3814ba216115fba90,1
3089,1326985260-271dc412ef6de6c71713aadd52ce21f2,1
3089,1326987180-124cefb983505e83745cd7afcd196b9b,1
3089,1327014240-2a70f9f53f3b5cf0eef42f1214985967,1
3089,1327048260-848f56e454bb708e169d1fd5295cf083,0
3089,1327023300-8da4b8567f1f7b3e576cfed599fb4f6f,0
3089,1327012260-3dabb3e007d1be292ec86b8053407391,0
3089,1321071780-fb6fbf4b32ff523c35ae8416bbbbe02c,0
3089,1320168060-b1733ad853589e27e53019d63fae3efb,0
3089,1322862600-ab956e58959c7ce0e45f2ef19d56cb2b,0
3089,1320676680-2c99f7dbc360e7c0b538b9b42eae8fa2,0
3089,1324531260-3d74b05ac4e0551b7aba875bb156d188,0
3089,1324168860-4b198f3d879c2b7f1bf9ad4d03a6d53d,0
3089,1321575060-b1c715bcaf7c71a0c0e015307cffec36,0
3089,1321507380-5a8f50fb30095ba4b301c7a3c1dce1f0,0
3089,1325579160-01f70be056f9f76c7be23255300afaa9,0
3089,1323446460-5f44b5f8ca10144625a7ab89f9f5e1c7,0
3089,1322783400-8d7d904a856547677a9301a0a83205ab,0
3089,1321218660-c4d806c3b0cf6f29abbbfff4d332af5b,0
3089,1323472200-df201f8e876d7006409dc8b7e5384e8b,0
3089,1322180640-d3791af4973e009cd158f79f7c72fcd2,0
3089,1322863560-71ad40ebcdf0345fbe49283e8b310e44,0
3089,1320563220-8515d5d2eca1c615963d2c103f411baf,0
3089,1327156980-b4a5bcd3d39cc7255e410b5bcbf642bf,0
3089,1322174400-aaee8b237b945af96e9e70e9436a9177,0
3089,1321634340-cce37bedeb6699e2d1d992a2d979f806,0
3089,1320749160-5de33fab6e028d195e93f290bff2fdbd,0
3089,1326150240-0c65fa454183214290ccf3380eeaae19,0
3089,1322177460-75f3e29a6d3ec3a5fda8d5aefa300509,0
3089,1323089760-9e02c70edd11878562dd624f30f29b1a,0
3089,1324079280-9cf51a4f0b673d9a605dfe02b49ec6eb,0
3089,1327615020-0ca36b887b948558bb4aec216a3d7e97,0
3089,1321386900-61f319b2e3701608b1764ff98914b131,0
3089,1321306620-debf4576e6eab61f19d2ed58ad82607a,0
3089,1327147800-1ec2c5f6f0b506823dfb017ee248794d,0
3089,1321573560-dc5f78bea5617fcbf23d51e21e414447,0
3089,1322920020-b716524d1369d6206007146018bed905,0
3089,1321452000-a33534962ec796ff2bda456b60d0e428,0
3089,1323414720-37fef44e085a403f75a2bd12f67b03a8,0
3089,1326534360-02d41026ae1ba211729cf8de2fccbc4d,0
3089,1327800000-921a32ff15eb598980d51157d1478b57,0
3089,1328060820-cbb194d9a9ad826e4a105657a88142ae,0
3089,1327730160-70d921a49d0b1706876afa0c443a1539,0
3089,1322832600-6ccd85e272118c6581080f81823af6d5,0
3089,1323205260-7f56170b243f42a4a84efb520af39c36,0
3089,1327592700-d7ce76ca7ad01d797754fe57ffde7a6e,0
3089,1324435020-8f33d4312737066de3a73b6b28e56d16,0
3089,1325649600-62699131757810d4fca4738392a6d1fe,0
3089,1322874420-1f63d48f104922d054970665f16cb9ce,0
3089,1322228700-74941396dad9efd7166cb9497e23b8c5,0
3089,1325221800-c0ccd82716b3e5fe01dec0a182fb5ade,0
3089,1321584240-2a463576ec5b0cb933ce724e16702668,0
3089,1327029780-f854088eae4cafe71070acc4a0e2bf94,0
3089,1325704260-2d984ff235b60a46c2217aaf4d7e5ccc,0
3089,1326441720-a4257d1c5c6b7525a24b429016dd1f79,0
3089,1327001760-92eadb5a3541da36304dd694f1cd9e9b,0
3089,1321467420-20206827e697e0ae1f17c7ce9c319e03,0
3089,1326140520-dc37e33c6f03d07b39eb61874bb369ab,0
3089,1323201600-1a59093d4d7538c19cdf231714326410,0
3089,1323219900-c72c195862ebe3ae96797f02790b3dfe,0
3089,1322569740-da05d718398f917d9de34033829ea9ac,0
3089,1323476100-0183f5980adcfd8fb1ee6a735dd49e71,0
3089,1326144000-00dd0a2ff6069485f9bf34439c0044fc,0
3089,1322119680-1bb50c2008df6679254f09a3fa4014d2,0
3089,1322060160-1271f7d4d8ab1e72614fe56ae0b6de68,0
3089,1323808380-7c250273dfbd0d7c08056984764f6154,0
3089,1322914980-c8d94c4ffc63a9505532e75499a02ebc,0
3089,1327954200-3238206b65f0a00c0999eff9bc5882cd,0
3089,1327688700-89d990ee6ba743cd55b408d697a93139,0
3089,1324521600-f2e71303f52bcfde18e85d954d5c4d41,0
3089,1323219000-b6df292f6ae96812465aef8d912c85da,0
3089,1323978780-cfda98dfb436362751845fa164ba05a1,0
3089,1322111700-a371085a6612cd56be41d9bc608ce327,0
3089,1321920480-8eac8c2e4f8a8a8ad2b2e143e56da411,0
3089,1321508520-02c362e7440dd3ab47542ef60de31453,0
3089,1322890020-5a9c733633fe3a9a83da81949494ecde,1
3089,1321391760-c189770e712e06ab35399b4069de255d,0
3089,1321338660-680ba1a70e467407d16c1d5223cd70ee,0
3089,1323261840-14f83b15f511e7c1b9f4e023e6e63cc5,1
3089,1326763200-53e5d0f1c32f69070bd3d8d2abafbe7b,0
3089,1320141960-7648bc56678a0dc01ad1fd4a4cb35266,0
3089,1326179220-723d2e50debd00a5e9b0b426e37d18a8,0
3089,1321374180-d78966b5518aa1f239cd18c6b2170b3d,0
3089,1320163860-7ca47688ea212a913a0e1e2a2562d866,0
3089,1320711060-a8f11e8b30a0ab1839bf60fb0a9ef960,0
3089,1325892000-aa6c4c44a52fb5041a5aa3567f570feb,0
3089,1321015920-143ee6e003843d886fdc9d016cc91194,0
3089,1323611580-3d1f554b3d3dcd45be022e0162f30565,0
3089,1321471440-4f6195c4fad87a89cbd7c055ceeaadcb,0
3089,1321312920-b9d7ec038f19e4abd8ccbd69dd89c137,0
3089,1321349400-1bee8487c54f214e276f7a7dd00192b9,0
3089,1321830000-48eee6a469dd94b505d7423423bfd306,0
3089,1324247700-2fdf13d694bc23b9ddf762ef2f253793,0
3089,1327001580-c649dad4f531d042425ed734493f75f1,0
3089,1323378600-9d63d08ee6ae3a4a58dcbc9a58bace0d,0
3089,1320126900-5ffb200dfd567002c14f1b1975717778,0
3089,1322538480-195a11a31b9d01b656d9c031cbf09c85,0
3089,1322676000-7bf693ef905a3d0327f97cc035490170,0
3089,1321592100-1c0457de371fd25c716348c7383a5a04,0
3089,1320772440-cf961bb2375b954f572850a4a590dd79,0
3089,1322596740-01e4836019c03b53a46770e48ee85b40,0
3089,1323246960-176c30e1cf993e221cfe48fe5fc5927e,0
3089,1324473840-cbc5b0f0e3f21ebf3f4d6a3443b51dd1,0
3089,1323340680-dfdfced38342aaf9abef5e196008ccfb,0
3089,1320864900-bb83c0fd9d08fe9ba20bb349083169ca,0
3089,1327384980-b731a51d0a853a028480ef0924c192e8,0
3089,1322359560-c4f270c0a27fc8cf92c7388b87cc4b6b,0
3089,1323489600-88c62c04645ca78094c4f00db6b6d537,0
3089,1323185580-ae897599cc635dbc3e1f6f296ecbd920,0
3089,1325034000-a7259c4e10113b58acec53cd570a072e,0
3089,1327596840-6b847ac4dfc386ec2447410713aacb88,0
3089,1320685020-54c1bce7339f4d3b95ede85be0d31d16,0
3089,1321565340-6b2e855d218d2597ccb1b9988658f029,0
3089,1322875560-0a205818169d95e87dd71a4bbbb7d68d,0
3089,1320943200-aa6d8df2520d62f172d29ee4e200d5b5,0
3089,1321374900-da1d57a398fa7282c409bbef14d8258a,0
3089,1322882040-74f5fac83ac16293fab409fc5db19f99,0
3089,1321896240-9832c22979ea21dd8aa808ba9cf078e0,0
3089,1322134680-1472919444243a623015c1106712e891,0
3089,1323909660-5e77975902d358b6675757be2e211c13,0
3089,1321249980-3ba21839b098212303685985297a9ac3,0
3089,1325637600-13d605c62ef3daeeafabbe74e113c504,0
3089,1321370820-c6762db4e2c84d9faeded77764f5f303,0
3089,1322821380-361efc059b389e18c46465cec9350272,0
3089,1322826360-a3bc3230306db9101cd8e49dd5e8ba09,0
3089,1324084200-0c3fc2877cf3bc64aacd10eb71aea802,0
3089,1325163960-34fd7b41cf46e0bb2cc3ac49df7b3faa,0
3089,1321419360-9454f9181dd59adb2e2044a7e97688ea,0
3133,1327331700-b058c59f4916c2c3b50e6d13e0fc28fb,0
3133,1322629560-8c30cac42c47fed3ec0cea34218f257e,0
3133,1326341640-2eaa0f07f43aabd54dd7c6cb90b56f3e,0
3133,1321182120-fa9aa3f2a2f34c60c13e401e622a96f0,0
3133,1322790120-88d9f95d6c5935f6447fa551f023ceb8,0
3133,1322014260-0b622ab991f4f77c67e35dbd0079a7de,0
3133,1323220560-9451ece05c018c6d53ced64698dc71db,0
3133,1322493720-046564c16c98559327f97cdedbce07ee,0
3133,1322395140-776e3e6fb4ad12f19e1f3e706abed1e0,0
3133,1323704100-546ce62d8ef5abfe64f483d927bfb969,0
3133,1322413200-dae3fe7c5f61448d724c3f4375fff185,0
3133,1321461240-7720c241e172b3506f2dd4ac1524517f,0
3133,1326494580-5d9a4079f13a5dd4c43f140feab07608,0
3133,1320446220-f5c25efe2b8df7e4d0b26aacab0831af,0
3133,1323863820-5532c3044197d4e6fdd891f1ebac8b2d,0
3133,1321185540-269568a1b433bdb9a3408ab8b562cc79,0
3133,1324986300-9cd22dcb638e9e7712aa7c2d5b1a0718,0
3133,1325801940-890aeac005a218212bb0651ac195be4c,0
3133,1323777540-763f2ab1f39e606ee7691714ba405907,0
3133,1327032180-65e7f49211482a99d0b13b83c4306c1b,0
3133,1321486800-74b33125ec79f6afc7a98fb27f09eb12,0
3133,1323709680-3a7b9d918d8e719cdd90e8055d3ab3f4,0
3133,1326265020-89869a94735d2098abc41b204a1bf2d5,1
3133,1326257400-fda36f5c034f085610eedf279ea37480,0
3133,1323218880-bdfc505f6a33ed603140882a31631201,0
3133,1326069600-4e18f871bd92f338901e81449a2c6db5,0
3133,1325629680-42777c3a91540a66b846cf5f328df5aa,0
3133,1322760600-d051bb2652bcde96394d4afe254301c9,0
3133,1326343380-2d11de3383e47468e3193df787f7f475,0
3133,1326306540-8eb8ca431aa7a9c49dbfa26dc29e017e,0
3133,1326257400-2e56416a7f31f2b8ea213cff48c33e18,0
3133,1326238740-f2e3dab25a496b0cdca5dcc1ffb19bba,0
3133,1325632920-bf49d8669a3970e49806a73675042cb9,0
3133,1321790340-3d91a598ec73c5e8179599e14b5e385d,0
3133,1321276380-89c90dc4358cb0f88609d5d254feb0f7,0
3133,1325967240-4f3e4cf007f7a702d75b37c573bab317,0
3133,1326536880-d88f817d98b6d29defac2bb976eab403,0
3133,1320326040-5bdbab0e1e09eb4b2a0a6b5b2bb14d64,0
3133,1322540220-9a03793077f1579a4b3daab5a9cd782b,0
3133,1325636280-4911df271cef2af46b5afb936fc9ebe8,0
3133,1326308460-87f15a74996ccc5bc700f9efb2ecf08f,0
3133,1325729220-bbc1c06639cf714af71aa539a5b3032c,0
3133,1322834280-0967a6fb54a004fe3e7725f7fbc3c6f3,0
3133,1326036840-bd284a6e4152e4da2aaaae7760f994a6,0
3133,1325350680-99a159fe01c516c79a072a4fd9555351,0
3133,1327377660-c3483ea7335109f3f31ed0dbd82669cc,0
3133,1326244260-f87584407fcd882e9eda985b938ef0da,0
3133,1322629620-936c8090b122a370bda606e232368571,0
3133,1326306480-cf0c2c120e82c6f4deb6cb5796726d91,0
3133,1326279720-bbf6482ba72822d13a9ffbd2b071f0c8,0
3133,1324043640-1c1e34405f26dc4cccdce31c1be56f4f,0
3133,1321232220-7a8e7e606c6dc96af5ac2cb9c67e029f,0
3133,1327299180-0f81751005643ed0287c8541ed4a857e,0
3133,1326014640-30427cf124e657e00ce14dae72f2c1fb,0
3133,1322638320-1527083496d37bd955ce13a4beeb9a20,0
3133,1324547280-d303cbd1d1a4e2f575d61820276c0a45,0
3133,1325244660-d58d4e84cda45439c43217598d921f79,0
3133,1320645360-c49a93297d2300248432172e61902053,0
3133,1326189840-20831da1b92555729134ed31485875c5,0
3133,1326769800-cb99ce99844f7193ad31de204c385c37,0
3133,1323850200-1da258bfdfe1540cc18536ac73f27f61,0
3133,1324406700-d77115351e9e7006746d91a073df8608,0
3133,1325681820-37332bbe73d75b0578de0cb56f52d98c,0
3133,1322629620-8c1e989e5e8b66f080d2b1c0cae46c8b,0
3133,1324294380-5ddbcdb3ef42c71563d64833578cb333,0
3133,1326812400-8d91dbe65ccc0f75be2bf3906766f961,0
3133,1322759640-97e4cb89271b1d80c49b96ca22b01dad,0
3133,1323340320-a7f99e78c0b5334ec45fde19c679c3c1,0
3133,1326081780-fef32a025dfee3f454979136043e555e,0
3133,1322775060-c58a6fb66e82009291532275805b1e24,0
3133,1322632140-34712d4e721a8980f97da7bdf59a3bfa,0
3133,1326957420-f697e7449b28ee088c78271657278532,0
3133,1325934780-723488d553147d11ea7ac79f668faf11,0
3133,1326347160-a44b5832404d65ad052a995dfd43e179,0
3133,1327505340-4738f9ab11a94b1987c6558d8eab8929,0
3133,1321700760-a0d2067c5c09a4d64c98a1e4b079a8f5,0
3133,1324462860-93a39cce7eed31d9d359b8f836c85a62,0
3133,1327005900-55589d1d406ccbd2b243da0498ee6a70,0
3133,1322773560-446ad40831eb1dda97118bbccc24b61d,0
3133,1320332220-30c44eaa1add62e97f5d1926c8a0cad8,0
3133,1326096480-07ea333de072f024a0f4c93a83303255,0
3133,1326867000-236017378660c0f2410eb2009d40ec6a,0
3133,1325800560-2c87342975ea268804e8e620bd8cf35a,0
3133,1326056400-daa73e6f8e5f03e52515d79715f8cb4d,0
3133,1323311400-277753c90a5cc41b44298b0651ac2e88,0
3133,1320980880-104a824f9e31fc56e8ba535ed486a3e0,1
3133,1320967440-13c390d94e593793e35bd0aa5eb35352,0
3133,1320980880-f6e31756ee117922eda10286a0b14e8d,1
3133,1320954960-6d57d78f366c625bf8ddb4b828c587b8,1
3133,1320218520-174d2fcf8e4aa0569ed2f0d2ce9d27fd,1
3133,1321061340-df758c9f14e69b19a4335e1cfe6a767e,1
3133,1321037640-5e75bbf739891ef08353949ec40aea2a,1
3133,1321407240-98de8a23cd61897b291d2d7b527922a3,1
3133,1321744200-fab06c1ab084ca75842735fe3b621d70,1
3133,1321743720-c473a9955444f827676d67cc14bcc3a9,1
3133,1321627200-cecce9a88da47b06d61f80e14dc90a67,1
3133,1321567920-be57aba2f703294c4b7a2d20d31b2ee2,1
3133,1322868420-757c258684873a70cfab843b4905e758,1
3133,1322793120-2d7d3552c3f8b27c150a0a12ad9006f5,1
3133,1324599840-af9d27c8fd7e8ca26c3e76b26faa2b04,1
3133,1322862240-128e0f2be9b2328173214eb861603d1f,1
3133,1324541400-b1652b4f5768a42341b6f4d7d03a87fa,1
3133,1324546020-d2946e625d87d4f63a465982d3519b9a,1
3133,1324549560-1fc2eb75ff2dfac22a2eaea80e2e2b09,1
3133,1325314260-fcf94bbeb324fc851407d990a0d8bb7c,1
3133,1320810780-227dc1d39679e46e59db5f032de06722,1
3133,1324509000-2d62fbffe62a3f2affc302a002a0d498,1
3133,1325412960-712494b0d4982154725c6d3de19d1b9f,1
3133,1324457460-0c80e1a790fccfca692cf662bff93643,1
3133,1324584120-b7e8a329c16dad9cf5f348e48f18cd7c,1
3133,1324455900-26ac8bcf38d38a82e6c2744bd8bf69c5,1
3133,1323335460-b60a07b6a072042eaf65c6d70c8e0fe6,1
3133,1323282060-a8ef24ed751b4ca6e9465fa42f491f1a,1
3133,1324378620-cd91420f1169c8199cc61b4b061dd3b9,1
3133,1325238600-336ddac02644cd5e7548a4b7320893a5,1
3133,1325239020-3897d6018207455bafdbe99c4cebb906,1
3133,1320537420-a488a96b2be55c7f87ea947bd17ba9d4,1
3133,1320325560-9eeaa14b670001440a5669f04475aa5f,1
3133,1325469540-0cc96889188e9f3c6dbd94774569d6ce,1
3133,1323789300-3c9e345c123eed6015e568b40299e998,1
3133,1320218520-5997865295f466278a62281cf4422e99,1
3133,1320572340-b37a822b733eaac49b4dc00b2cec2995,1
3133,1320537420-3dfa3ce47a3bdcf234003bb6b04945aa,1
3133,1324445340-37aa85b31e799d49eca752bc58338981,1
3133,1320325560-da7ecec6b8f8d00e83283dc2d3797eab,1
3133,1320572280-b2725e25ef2514278159629bd173b602,1
3133,1320325560-905d90cea2f6335916710af12b79e913,1
3133,1320325560-485db0a830412822e244459d7c109916,1
3133,1323753900-fb5cd3cdb1c45b89000144b7e2426ee9,1
3133,1320537420-161b79354aa03ea3749077ac5a442ef2,1
3133,1321453440-68e6fac86597b33d5a03c6b71a3a23bc,1
3133,1320537420-2e84cfccec99c2cbfcd662a548ea5d13,1
3133,1321558800-bdc415ed7e578efe4fbef01abb864a71,1
3133,1321542960-2cc97823c26a37bfbd50f6babaae7b59,1
3133,1320218520-9e108568bd49c2a58120f56d48180784,1
3133,1320537420-7a1263174f3b3a23afe586db806eec87,1
3133,1320325560-492865cb41c7fc650bb0e59278dd1681,1
3133,1320325560-7f2a17571300ec6a3f61dc7080244bab,0
3133,1323768660-9f03c32371bb536087af3df2c5f3ac6f,1
3133,1320949320-8aa01861fc6258a1e5013b0b3e78fb91,1
3133,1320869520-d04724841b93b48597f7614a7ddc7421,1
3133,1320897420-4dcb90c8561ced2849803b8eeac8f329,1
3133,1321213860-fe640d8e1fe2296502cebbb0d250fdd6,0
3133,1320572280-76fbc3e2fb26c6ce5055288d0e6ac1d8,1
3133,1323753900-4d3cd25a671fb92694eb65cc3b0ba644,1
3133,1327411140-b66d6ba16b6974a74a94d7acd31d804e,1
3133,1320537420-bf1517a4ad9712d93738a50390937dbd,1
3133,1327743240-23d16b75a34fdf5c69ea29f7d5a430a6,1
3133,1327145280-145fd53f83ca2b28d4dd0fabc3491e00,1
3133,1327632600-6c3535977c4c0e4e1db1d07f2e692610,1
3133,1327636740-7112e4de14625d2119fac5a6dfca129b,1
3133,1327635840-80725feb873928e5ae85f01e52dccdd8,1
3133,1327037340-f09703d46c32e823f44efa1053db84c7,1
3133,1327469700-b5a345a344f8ab59038fb2edb77a8474,1
3133,1326400560-cf24df6a3b8d18cd97c33dfad46e26c0,1
3133,1321960080-9c6332052b7b41808f9c54fcb8093476,1
3133,1327430940-45be635eb31a8cd7a6c3729889f065dc,1
3133,1320325560-ba54074e516b084d0188ae657094cc27,1
3133,1320325560-fce7662e2fba7432892d21138946ea51,1
3133,1320537420-bc63d64cd596aebfafdad4a6ddf6e3e4,0
3133,1320537420-6f944eaa7903083d3d90ff2dfeaae810,1
3133,1323715080-47c617c427653d348c32f0758b5ab5ad,1
3133,1323714000-1aad361393478d6c1f74360611aafc0e,1
3133,1322878320-2936c37c05a9b1b62e850db9d9c87386,1
3133,1325429160-c696fc8fce92cc1866547f55047fd270,1
3133,1322878140-db7355b13a07af33cb4ccbefaca09f2b,1
3133,1324197060-7c21dcee63237ecddcff79d78fb65d41,1
3133,1324160160-68b329d67b6774f0b127221cf582a205,0
3133,1325045100-cf929dbeabef1ed5cdc2d473adee101b,0
3133,1327809000-397207c8324d2342ad92b3399d4496c8,1
3133,1327806840-50bce0f4829616457e44d27bdc0b44d0,1
3133,1327145280-6845f114eeb93a58fd21da5551f5e518,0
3133,1321323360-84b49a5e663535d0c6d34c1a31497605,1
3133,1321324020-96834d1075fb625987e689e8493bc478,1
3133,1325406300-ac08bb3a5a26ea67158498b1427cd0a7,1
3133,1325406840-227e744a3ce339fb65c2625a019dc9d8,1
3133,1322502960-663e163458dcdf3d261333c64996e68e,1
3133,1326675840-4ac6d03a20524cd3d692ee288a644b4f,1
3133,1320819420-a0ef4758f6b358ef822d2ea27019cab0,0
3133,1322404260-8223ec596a149e54bfbf4a073c103b5f,0
3133,1320325560-9245fc9da80da4fb2237a25b58cea8cb,0
3133,1325689020-0c8cd1d6a39836d4c7535042f51141b2,1
3133,1321069800-33c3c843a97fef794871fb45f7e87eff,0
3133,1320537420-a8deaa2687d1ac25cfd2838e9d157393,0
3133,1327720500-a4c862a31b0cd947fc86589997f06332,0
3133,1320537420-700ee4982136aaac513c1a1d632e2efe,0
3133,1320667860-65cfa37649c4b7925d689d766357c749,0
3133,1320895080-b5306f57126d1e4d5ad71740a5702506,1
3133,1320756600-b63b59873081770eb8a1d3fdf21d23e3,0
3133,1325817960-cb2c5bdc568dc7b988876e2c15bb138b,0
3133,1327117380-41bc596c97b0f3ac71acb243b191bc4c,0
3133,1323821940-d89d3571198e7b6c7fc1a3605e08994c,0
3133,1323274980-53e45e290d9ae8851af78a492807b6be,0
3133,1322271780-90af3a7fade4c92bd6cd9b59bb913fb9,0
3133,1320893700-34fff515f2ee79f81ee3440da1ea817e,0
3133,1323819000-20b84982f3f05e7cd9715a7ac294c469,0
3133,1326400560-df85e87b0109a4900e70f2003370d3be,1
3133,1322852160-fb72ae57ff90360eefb5a4345ca1d8d8,0
3133,1320537420-847f47d93e6d403c3ee3fe35c25b01a0,0
3133,1322529660-2e0259981adadd9301df8beb21aaef8a,0
3133,1322381040-c7d7e0b0acfa98190d78670c40f5b0b6,0
3133,1328043000-c63674222ca2ca8676125ff0620b90cf,0
3133,1321100820-1ed60e9e6196aa56a61dd3cc05044f0b,0
3133,1320937980-12e2704c54b146b529f4c5a5f5ae4944,0
3133,1320537420-b5a13ac727de3f286de805ff7966c017,1
3133,1320325560-2230b9ccc2ff081f1f06463124051b83,0
3133,1324160160-71f6706f57372ae74b19088b20519d55,0
3133,1326923640-87e1274d7829f62b9178ab9cc18ef468,0
3133,1320897420-5706f509b80df45831e5022d6a5dbceb,1
3133,1321777260-9c55f2ac9c222d9c3cff601733ebfdcd,0
3133,1320325560-938e973b085f6d30774eb026f8b11568,0
3133,1320983040-835f735e2e2d9fa8722d26ae166153bf,0
3133,1320717060-22f4c0e7086c0187846fcad1a4255477,0
3133,1326357660-5fa3fcd20579c412e405795e82c4894c,1
3133,1320823260-ab2110c9c8cdb375e84d5d28515109f9,0
3133,1322723880-b2871f15cc09bc2bfe56cdf813d97681,1
3133,1327888200-0519df12deed9c1396f3ddff47317bdd,0
3133,1320537420-58bae04850e487c920ed6a2813fb39fa,0
3133,1323803880-575ce17f36d9338ae5045856719d62b3,0
3133,1320537420-436dd898401d276d7ab905021e096140,1
3133,1322232480-feb667de4a101a401b61bb0946c36275,0
3133,1323819000-22c7f5c25738dc6aad1ead8de5ee6a2c,0
3133,1320392880-c2b740f068df30b9c7dc9dbb28b38af5,0
3133,1325429160-0c1b876ff7bece12d1347d18240abef4,0
3133,1320325560-77753deb04b0722d4961c28aa7d99ae1,0
3133,1326153960-f8a19a6eae55b845906d56b106b2d9ea,0
3226,1322282340-3691bd658846befaa2c7a1d0270db99a,1
3226,1326939180-5e6287d922052de46f1003139db68a10,1
3226,1327107000-3124d7de43bd7599df6c96a5c3ac826f,0
3226,1326300900-fae55115bb4603970d29d6fb4efb0476,0
3226,1323267780-3548c9bf6506db4408ca4e0b46fbc44d,0
3226,1324598280-261840f0f0a776bd2b0135d5c608fa7f,0
3226,1326947640-3dcf68f38894f0f7d52d635c1e704bd2,0
3226,1326462360-869b8c90e58e403c3b6cfe9a235c462c,0
3226,1324501200-fe5f13156f89b8c509fecec42be9b13e,0
3226,1321548360-c60b392b014d8c04e7d9f2beef1b3097,0
3226,1323222060-d8e531d363e3c396c16955bf3e3947d9,0
3226,1326401640-35d9f80e0d4bb62dc83bd75cccd5737d,1
3226,1325133120-c87cb1d98d6aa07181d5496e356a0af7,1
3226,1325269680-65738db5b7e130b3e3cdef80562a4217,1
3226,1327254060-dfd79519e30a6806cf30ef3833c77338,1
3226,1326463800-0d46d300c115d009bab86e0e27574064,1
3226,1325349120-9f6011363e270c14288d8611594e9d64,1
3226,1324211580-b4c407f42234098527526f55ccced307,1
3226,1326632520-a65ab4dc90025cae39b2f2e519ee4c44,1
3226,1323806580-bc58712f84e7bef6445deb033f29d99c,1
3226,1325133120-90e77611729ecdc891c269fed80b2fae,1
3226,1322859360-94e788a6f8cb897359177dda29a85fec,1
3226,1321639740-60182cdd11813ca160eeeed8daa13b59,1
3226,1321626720-80eee7613efe2e20d8974b1cd3f4915c,1
3226,1326887640-97b0b1d5011120c94ec2abd5193ba5e9,1
3226,1325409720-69f08eeda6c1b775b7c73d11b8b6b023,1
3226,1325941980-25ea51c859d02e9911c1c2059a498c1d,1
3226,1325083320-908e0d214e065655f4b2b96095087603,1
3226,1321797180-363f5c595dea28b58d8eef18563ee011,1
3226,1326057960-601d60e33949d3cc09baacd8ea0230bd,0
3226,1327516560-299e501395771acc28b3db98fa831d69,1
3226,1326232080-9cbe2c3c269154102b1a78d88689ad06,0
3226,1327239420-741dff87bc3df8cf3ff30d86794589bb,1
3226,1324350240-1036a8f6ef705bbae4c85cfde0be082a,1
3226,1327502580-45ffff424d786f24cfbb95d66a00623e,0
3226,1322830380-1a9d1195ab8376913ff950afdf147e83,1
3226,1322832180-067a86416b78cdf2fa281c72bf19dd28,1
3226,1327742460-7f436696f9c7d07ea3b1bd5c626eefc1,1
3226,1327697040-a36070b68f9c3c0a6dd4e0678b6ac287,1
3226,1320960300-6ed11fc3c4b3e32fbd0ea319b8fa451e,1
3226,1325891340-4ab43763196e0e4ad34949caa1cd7eb1,1
3226,1321568100-add545cc3db44c009e2910963443b840,1
3226,1322715420-f8286d061acf11bb322bf3e231f5b97d,1
3226,1325433600-45f3914ec66c71ffe34b3432a2ac6492,1
3226,1325433600-41c7302dde471f43ffa3cd727744c873,1
3226,1325428620-36120cf94dae033f7d17f373375a8907,1
3226,1325428620-d603b2b5577cb0294fc581c8013a7eed,1
3226,1324623660-a65453b2c609ca9ba06fcec8e5544454,1
3226,1325813280-68d0dce23039cc873b7f0a88f9ccf08e,1
3226,1325813280-bd3d0f912f2cf6454f061fb817b4fc13,1
3226,1323730380-a77073c57d6164b6ffee6b6745e8111f,1
3226,1321325820-fa725e4bb48002abd1c31d1e3fa7846d,1
3226,1322242860-792a5eadddbbc3608a3c022315da0510,1
3226,1325850840-1982a9af2303920a5a1134c62458c066,1
3226,1326517260-87994d2364aee8dcfe511a7dcd5da4fe,1
3226,1325130180-60a193c186cfbcddc14638af88704030,1
3226,1326517260-359be4fb1a4451e8eb653089a62499dc,1
3226,1325130180-4a27f095661940c869ef392b587230e7,1
3226,1321411500-a3078cf90e49cd6b7b03be2238e7bce1,1
3226,1326251580-02933240ae3f7a40808734a6f77fc7ae,1
3226,1324364820-3ef61203bde76648112ab7269110d733,1
3226,1327193700-b9394b61660e34905a840dabd739011b,1
3226,1325823180-71cb65117a17829c591aa305dad65ac8,1
3226,1325443260-2c6545ecf18d4728fb7825c15c28235b,1
3226,1325442660-ab02430d021a4e29a21faf2c308b7ebc,1
3226,1325442660-899369ee810ab98ab9b1721821010453,1
3226,1328056080-c121dd2ba50e71f59a683a0b698639a2,1
3226,1325059800-2b1c34df867d5382d4f631a2a1bb0326,1
3226,1326830160-94df719fa6f82daa2db63c11c1b807e2,1
3226,1320239340-b74a098abc6eda37d37695a1aaf0fae9,1
3226,1320239220-028f4d827034f2c1d407fa78a312b214,1
3226,1324358640-ccb842e287b0021052e2f5a1926beabb,1
3226,1325567520-682371fbc7a133838e6383a1cd0f9097,1
3226,1321063620-deedb33481fb86d71cd4c7b26529a0f7,1
3226,1321996200-6f3077741ef9e07ff4f090c19eb1d3b2,1
3226,1325263980-90b7d7d2366d089efedc846904131718,1
3226,1321545900-47d4d22cd7cbb7343f9fd1a33f17444f,1
3226,1323814680-5fcc96796d29e8d21e694b7b66ff80c9,1
3226,1324414620-064bd855f21f5343836258cc7ba60eea,1
3226,1321528620-7dedb539f45d00271f7fe0fa3caec72e,1
3226,1326679680-3e44026b2f6425a795ef6308fb8ac55e,1
3226,1321001340-6960682ddc51a7c9d86b4c250e40075d,1
3226,1327717500-44de00a9bc5dd8b98f967b73b919feb0,1
3226,1322212440-bfdb1ccf0698c18bdad94aa22bd841a9,1
3226,1326679680-349cca60e920b52ca9c93a47709cafc5,1
3226,1325823180-be0680a1c6b4bb316a7c50e58d4d3a0f,1
3226,1324805100-c07fb4391cd7aee8dcee088cbc6bd454,1
3226,1323569700-509692fdacf8ecf273935927c9d78ec8,1
3226,1326875700-7e2af0a39002dda229e5986ac8ac7c89,1
3226,1326866760-855ffaa86b02ed5b1678c840df2dcda6,1
3226,1320452700-26c64f733832a1b4d8891887ce9c18b2,1
3226,1326892380-56abced877bf58512beb9db9cebb9f21,1
3226,1321668720-049ce3ee9936d97a8f224268234ab72e,1
3226,1320418620-4a81b4a737b46d4d6a9e955091ac9726,1
3226,1322800920-a24f81f43af2448dd8add9d536d92085,1
3226,1325682540-b031a51659cd0316d8bcbcbf3aed8737,1
3226,1321495920-7690b62949db7e4566fc9af18a8e045c,1
3226,1325657040-b805623ee3f963a2ecfb834af0a8d5cb,1
3226,1326482700-ad27575f51883643183b91acd3036b64,1
3226,1325657280-9b0d1905c7220c3eca69b33ff2aa2a4d,1
3226,1326041700-51f4425a0c69946ee6150a544914b0c8,1
3226,1322249400-ad10dbd8a64b191520e309e632f51cff,1
3226,1326165300-65f200af59f686470208a21cd3d4c364,1
3226,1326165300-9135cd37bd5a325bc03e6f2978a21a5a,1
3226,1326165840-f11dd82a027b3a0e50624dbcfd0ed300,1
3226,1326183480-798b338772d316d0438eda59628df482,1
3226,1326165840-1a116e5240c3a25bf43c72ab3ad8403b,1
3226,1326501600-a6e05ae7c7a2c2a7cbfeb55de688d9cd,1
3226,1326477000-36e9efd273dd69c0804eff3a89de1c10,1
3226,1326206100-f23ce656b564093377a46829a1eb2ec9,1
3226,1327532640-7145441207b9934fd5bf0888e460d555,1
3226,1323172740-8624b11ba55bd09fab9da68c31e9fd4c,0
3226,1327215120-243d73865f4997fb28d7069531320e32,1
3226,1327032720-a9630601e8a11e6e95c2245b442044f4,1
3226,1324371900-9694f5baaac7d9aa5efbd724682a2384,1
3226,1325572140-55d716cca14fc75c8f5ae477bebae041,1
3226,1326962820-19f01a11d5cfb28c2239d094c8af6d9e,1
3226,1323997980-db6f7d64b4a22bfa91019dead7529269,1
3226,1321017060-f17ecc2aa688c24f3b77d5ec8a9bfea5,1
3226,1324510140-fa923d08f17fa26bb4619b77c85e1a5c,1
3226,1324389240-1b2fd5ef2dc10102ae6a0530a1c18351,1
3226,1323801480-07f85cf20ed6c088436db1c4e6b80674,1
3226,1324269120-4451fe5367831201a20847a77f64eb30,0
3226,1325263680-a0e19824764b860bc48593a684d1fa4f,1
3226,1327557600-27e027e685934d75a3f8a50e48d3de8a,1
3226,1326977280-714a2dbf4aaa223176c72c6d77a85d69,1
3226,1324069080-11b73dcf2fd79f83f136942a126f9159,1
3226,1320537420-faf47d7ef74aee244fa01af62a551f60,1
3226,1327123080-26a049f262bb1a741c081c9c9080f771,1
3226,1326403380-1bd6dd8c092054415b8e07f9b371677a,1
3226,1326819720-4f649794d2749e967f7f1bf37bedd690,1
3226,1326243180-cf31a11cb0a0b13e068bc24aa33bceb8,1
3226,1326251460-9b39679a7c4bdd875d3c405820a58302,1
3226,1326251460-705f77556dce0ec857167f822375889b,1
3226,1326837900-0755d35cfe0f06377fadd3284038ffda,1
3226,1326837900-677a36f5a375f10a2b4eaaa8801aa1f7,1
3226,1326843420-3546126d39509fff6f7cb2a11a66486a,1
3226,1326868140-fd1b8ed8af8daf45e19661c93d896c19,1
3226,1322773200-b25327934682722f7e12bc60c8df625e,1
3226,1324992540-533a662aba919a9b08344d45fb642657,1
3226,1326869220-6b2afef41883e59a319a1e63e39c8d7d,1
3226,1320947400-b6674aacb6f4b22a6157d5a2f3fffdae,0
3226,1326126120-09a7e54f60c907b261fd1110380af0f5,1
3226,1326101820-354d1831a4511f018b252904d9b34965,1
3226,1326842280-238d75340ea632b39b73dfd054fd74ae,1
3226,1326132120-6d489b22e9e5f94426f3363058a12c75,1
3226,1320542880-6a10ecbc10324f7523880964cc268ba5,1
3226,1327567620-12cb3f67ea7960a0e961a65a5b1fd5bc,0
3226,1320820560-b54f7cdb601a7bda70cc43fc9e9fde90,1
3226,1320937980-68eab6dd807b827a1657272746f23ba3,1
3226,1325790540-89d3daffe46f73e15222424b54923438,1
3226,1322946900-87302ea9566636da3a476cae8f17e176,1
3226,1322704680-d751b9e942b285f1add9a54a90179874,1
3226,1321324680-12998314e2f085e30e8fb7d5a2e9dde6,0
3226,1325867460-931a8e8f92f3f0578f8766f50a881324,1
3226,1320807240-780518ca76a573ae65cf6f39d45c8563,1
3226,1325855040-f3cbd10626b0ff1b1b861e1a0d42bccb,1
3226,1327306260-dc23f915462381e0c837a312dd4277f6,0
3226,1321295280-988ba366a9ddf3be8c4427ebc885aec5,0
3226,1326922560-2ac8b01c029c7787479fab748a629dfe,1
3226,1327528500-0cb4bb1879686b55c73c18e0a9d7c985,1
3226,1322775540-18b7c949d3a3a81722ea9846153e4372,1
3226,1327560360-0a58f985620c41a4adb437bb5873285b,1
3226,1323884760-ab98f2e50b5f8f99315b0d1bb71f38e3,0
3226,1326366720-436bf0a3fe3e2c10a4e54fcad4879f83,1
3226,1327335660-df939d29915541be6107bcfe71b986ff,1
3226,1327350840-145dcd02d9b3e7ef0114ebcb55310063,0
3226,1323732300-fdce3408b1e6fe1daf01bc411d5e4008,0
3226,1325306820-a84ab889949678dce60113e03aff9dea,0
3226,1324431660-1dc165ba2fd963629c1e3467dfe29250,1
3226,1322076360-d01ecc81970117f815c976b65a991577,0
3226,1320537420-442b291fc21ef82766398ca087e9eeeb,0
3226,1323381660-cd9d8642fde1074227c4e7a68877727e,1
3226,1325134680-8856d8a886c11726bc588824228b04e9,1
3226,1322384280-2385dcefaba7748b1f22593191f9084b,1
3226,1325366040-987158a6413221e4e0dabd951a4b1309,1
3226,1323960360-15ef98f126695f21add8d4e4b1fd9032,1
3226,1327791060-79846cca53a475628c0431e3bff3191f,1
3226,1326800340-0324f3562521ae6dd8d75aac27f80a25,1
3226,1323923460-5207fc8d6db6c670d824536e075b8353,1
3226,1326145740-f7e47264817fbe88a087458ba4e937bd,1
3226,1326493140-4f2dd1f162f7b924c61762d6cb77f04e,0
3226,1324563660-9e67e3d87c28a4cebf7fe8f8d77c950b,1
3226,1324550280-947f224b6b552438d852c12abb6b2c45,1
3226,1321465980-152519b15d67f376eada801663a25e09,1
3226,1323779820-f8d495cd12c2d1ea06c107874047ac9a,1
3226,1323726000-4d917ded73b64bc38f7ae30695294509,1
3226,1326280920-701d6ab092c44cce62d539828506459a,1
3226,1326793740-091671c60271b1c55b32f70a4d55f8e3,1
3226,1326019560-546908cf18dc94ecb611d818499cc356,1
3226,1323701100-15814ebb83795c20e2a3fce4515647af,1
3226,1326786000-9f36f0104fda33e7b29b2867a52a6bc2,1
3226,1325268240-b50b0c0b029c2a141d12426e596546af,1
3226,1327673820-577f7ca0c664cb041de3a7b029c2121e,0
3226,1327501680-37c35087df3cfb36156d3458d10157c5,0
3226,1323155280-3c1ba9383a8ece0a6da339901f373b4b,1
3226,1325961420-63ce3d9309cb25d697fe94aa20c44f44,1
3226,1325959680-5660d28f6471b0ae92687ee61de7898f,1
3226,1325892600-429e647d60d9a11b7dffe6721510f879,1
3226,1322521620-7dfe5b27ac2b1c9a4b0560ff2c11fba2,1
3226,1327502100-1dfc8d371030a573980b78c8d2f317ec,1
3226,1320210900-d1b5babcc561e7408928f1e6823b53cb,0
3226,1326422280-b1ddeb5ae32b1def915e3e69321c6ec4,0
3226,1326968880-959dd9ca186378789f27f757461a26fd,1
3226,1326164400-ad93e6e36d8531c2a3dbbc8739b58ae1,1
3226,1326223260-d9df27011e5f924560bab8164514588f,1
3226,1326203460-3a1392da58d7a3b37ab46cb405beba5c,1
3226,1326682800-2d0d9dbb33226c03592482f74b51337f,1
3226,1320441960-82d7b4a8b37eaa4113ce722a1f1b1bcb,1
3226,1326134760-25e3f367ba43706f85dbf1d29c1ec2fe,1
3226,1326190500-3028ea12eb8ec56c243df0ec2218761c,0
3226,1327551840-2b80eea9bf969b12d408baf81e8cc0be,0
3226,1320868380-b0470215ec99fa050db625ec26d2915c,1
3226,1322628780-955df2c3bcd75844a4531ef929e905d4,0
3226,1320549240-f7a0aa7aa9951c64c7a9664017df1ade,0
3226,1324904820-a9afbc68dd3322257f1c2d099089e60c,0
3226,1323129720-84d53f5a199dbe8f664ea3e5a44741bc,1
3226,1324868580-3f28b68c308787dbf175aeb9815d3bdd,1
3226,1321591260-681ae7cd80662561d7d347fc6c2ee5af,1
3226,1321797180-f60722fd597b9a360de05a78174a1c0d,1
3226,1325008500-df7067376b8f15b25e0a5547a383e7d5,0
3226,1324144800-0910ab717a6264f6042dc156043ec1c9,1
3226,1326735000-62c2cd25b0db941116f7b4d6975f93d4,1
3226,1320755640-fd80652894c828f0a9b318ed6ae57f20,1
3226,1320630600-12734dec31950bafe7c091be59607939,0
3226,1321591260-6a9c0ae4840f09117dc5b1de960f97c9,1
3226,1321542240-cf261649392970316d2262a5a0bdaf75,1
3226,1321542240-5470dd9027f9f0a4c89851fdccc3f8f1,1
3226,1327713060-009ba46899092fb2d291fab106e54848,1
3226,1321461840-0a436b30420ead4e6735ecc4485fb736,1
3226,1325362260-c91175b1f5db141b60c20df77380fbd0,1
3226,1326898740-b2fb44143549c7159c6f4b4ee669190c,1
3226,1326981900-204ca66a3c2e3eaf4f7a429d2d4814d8,1
3226,1325303460-b6a28ba2a1e12b2933093b486d6c22ed,1
3226,1323930660-da37357cb9de0c020f2def2048d5199f,0
3226,1325251140-751a8e288cd2839ca5b27e931c709437,1
3226,1322601300-c6d5c943ea1f2f60cea8b05743876209,1
3226,1323515520-7d58449d1bf14221a8d8368dac184a4a,0
3226,1320681120-99dbe847a7dd5723cbb1ea68148a82b7,0
3226,1321469160-be2446330e735c32cd6a807dd3505168,0
3226,1324276500-dc71039bc58c234ef8ff6e88b2c583dc,0
3226,1323836100-cc501472b65e1494323641b18fcb6691,0
3226,1320134880-696a35fe1a6d19347d517b21ac257e3a,1
3226,1324043460-f08a259de5b125f80539a9a684762f77,0
3226,1324704060-66f6498420e48b979a4281b856822ed2,0
3226,1321573500-552abd931f663519ac6cba952ca66f12,0
3226,1322200620-3ff3e1f1869f57cc2a4bc666cfda020f,0
3226,1322605440-26885c10e9b620e7a9e3471cd18e13e9,1
3226,1324012260-92e646f5bcd20f15dd7d2a08d34f1468,1
3226,1327842120-5ad7730d11508a4dac56672628a10950,1
3226,1325704140-6cecd761587a0f58daed03cbb8689123,1
3226,1325188080-d0b96166a7b8f1e4b9f4521c8bbd7863,1
3226,1320771900-be0d5251e7d0eded3ee7403f47004e60,1
3226,1325657400-03feb86727717e2cb7491de557552c6c,0
3226,1327083300-d5adb7ebeec8121f6996ae041abbbba5,1
3226,1320852600-65aed4c669a31e33c52eba0b233e1858,0
3226,1321601340-20263c311e5d95737c4e0d4ee959d788,1
3226,1327306260-6f91bf11817051ff6201ea8e3afb887d,0
3226,1326214380-c2735355b69f64227752987fabd94d8f,0
3226,1322283780-a69e78d32e413fc1059ea8b72c5b5781,1
3226,1323556980-bc6f2ca5dcb3cb2b369f8b31fde12d07,1
3226,1324676880-5e42e4cdc5bcdf8f875d2d4fc3d2f47d,0
3226,1321589520-b7db395c50e6f7beb51e749a54fad3b0,1
3226,1323657960-4b9f00fb7a8777915b11bdd36df99f7e,0
3226,1325457840-ffe21df7fb36a000633e44c230bd0839,0
3226,1323458820-1b37fa9d8a919391b5a8285c709447ed,1
3226,1323459120-3c3d14d982d310800aee0e6034c24006,1
3226,1324596660-f423abe73693c95d04d43b199ba93769,0
3226,1323873060-04c29f58099cf35b696e503ef5035c0d,1
3226,1323838920-0f020948716dd23eff7f0a6b505b976b,1
3226,1323107400-aaf1f072552661b1c890f782594f6da6,0
3226,1321148580-2d0b79f84aebb10532a92a49fb882817,0
3226,1324515900-26b34fbab704cf7df66fea939af8a416,0
3226,1327134660-354d5b324c1e95c61d29749dbef89a40,0
3226,1324153320-7a58c2602b219ede0f46935b025a4e93,1
3226,1326304380-329caf28f2a45982f4babb30ff43c9a2,1
3226,1326261660-031740faef751d0d7d930a62bf885dd4,0
3226,1321019220-d1e8e22fa93bc4ef63b367c12189818a,0
3226,1325872860-2fe8d1d79dad9d1c41ae3fcf75796495,0
3226,1325008320-d833e93bb08b17747a6d1f050f589c15,0
3226,1325889780-d6da376ecf96d6b0bbcde8f64d5d5446,0
3226,1325229840-8afd1a04cbd1de98756dcf400df32cbf,0
3226,1323599820-989be64f45bb135a7ca9516de408d0c1,0
3226,1324779060-92d133e50395e0ca0ad7976b8b2a0af3,0
3226,1327957500-2c4f64a477ea088e6534edaa11990134,1
3226,1327987080-11218090dba5717c00c25f0b195b58b1,0
3226,1324905660-14fd797744a045244dca0638299525ee,0
3226,1323110460-43f178487bbf2de0a41bb3d0804932fc,0
3226,1327665540-df9280034d0a64671d103e3c0f5f84b0,0
3226,1325611440-4fe088dc7e07e09326c4008bcd9532d8,0
3226,1324323900-73ca0af9a7a676b696beb91ebe7679a2,1
3226,1326204480-cfba12275b95728f4ccb05e6a0661a01,0
3226,1325800560-67a5182fc3e31f31473c6639cf416fab,0
3226,1326212880-aed6d7d8241143211214cf52c910d6d2,0
3226,1324134300-2e8f28681f4d12a3935314daaa89c4f5,1
3226,1324058580-b2b26e9b2357ab58f90d1e70e6b2db21,1
3226,1323695280-8e31169d81c6cf8222395d76a9aa9714,0
3226,1325493000-4f4c1ea542ed5a7eab03d51da1d4b142,0
3226,1324344120-bc6a0d9e41b4e0a23ceaa415aa66a363,0
3226,1326330300-6ee00a3451c758b5de57e2fae783e1f7,0
3226,1323324360-f0ec27ac97df9b4131f0b751ca6e7564,0
3226,1321560420-80cf920bbc0cea9f1aced4f72da55047,0
3226,1324051020-d84478d1fabd1c3eea195c44bfb337b0,1
3226,1325964240-dbe73a6bb975f616c2fee159f49cd905,1
3226,1326226800-bb5ca9c0cafb8020ac5186b955b3700d,1
3226,1325221200-8df447b79996684d8e03017edafeaf65,1
3226,1325986260-65bcbd0679ad230eb270df6f9535969b,0
3226,1321459860-3adb5bcab4d96bf1e3a00672ceb304fb,1
3226,1324930080-8e0186b841d6b1d3d496fc7b68424856,1
3226,1321470840-deac6cf2c5eac6831344ea7783410093,1
3226,1321464180-704a70b91ae57561300ba2dc6ae5dc1f,1
3226,1322567520-11210cc58b94df5dc09af2cb2417c1ce,1
3226,1322511300-a63cbd3a657166c64b2ac1f204052900,1
3226,1327629480-4163ff90c7e78e4f85df7c10d3d46949,0
3226,1324353540-26eb40f2b41eceb3dda8706259fe6d29,0
3226,1321636380-d20af6c315d31a5dd9d416f935077419,0
3226,1323663300-76a3af2c163e851947d01dde7a93de66,1
3226,1323619560-6d94a9f7286945cd636ff7baefef1ee1,0
3226,1321536240-15281582abe1e52d561d813a02fc36bb,0
3226,1327545000-f8773c6cff67d1f0d625b66828efe41f,0
3226,1326813540-282d1ee09756470da81676cfc6eb28cb,1
3226,1327704780-7a192b1c9393d348bd9eac59c7ba19dd,1
3226,1327533840-d561c17b3894ce2e08779449489a8398,1
3226,1324352580-634fa1b2b18eef77d2394f319bbddfd8,1
3226,1323836640-3ac49afec16ee28c5aedec67dd288e07,1
3226,1320771480-cb64d6b91d50f13f4267ad0f5ff7676c,1
3226,1324043760-547773f5ed109c5e30b69c99311bba10,1
3226,1327530960-d3cda2bdd11b67fd65aed2500bab5dc4,1
3226,1326201600-3221a4db2365adc2595bdf0dd2d1e680,1
3226,1325192640-66918e27f6ee834a837fd1129c0b7bb3,1
3226,1326429180-08e70a81cbcbaf5e1a88cd1cf65402cb,1
3226,1326563280-f6f1b5240c0e038b83bcc030e493b4ed,1
3226,1326851160-7701ed6fdd496bf0415e06d193a88eb1,0
3226,1326498420-1434d22e61326c1c317eac9bb3dc4f8a,1
3226,1326300840-c2aa9ecc280513e92234ddd9d04ada8f,1
3226,1327617780-0179d56c0f8034f39e1251a84187654d,1
3226,1322852100-2e9679b96c24b8422231c59726cba4e5,1
3226,1326347160-8809766d2b57060cf36a9bda4ee11362,0
3226,1325028840-06e9a4088b6a0d440da2606485c99e46,1
3226,1327869780-2c0dfa67b18720c53246fa781f90b3b4,1
3226,1323989700-f8a9213d4668e0c99b71a79bbd155a0c,1
3226,1325609760-aaa2eac6d82b19180fa50c6b711c1872,1
3226,1322671380-5a7ffde6d5f6e4cabed964639fd3776c,0
3226,1326237960-22a2b11206dc3a647fcfea6b7316d3fb,1
3226,1325434140-f72dcd91e353c50f6973d6e2b4f2bbed,1
3226,1327713780-b859ca61b73e6cb8647074858394fb34,1
3226,1324046580-c706525a32a2b0449f4057d1efb0eb09,1
3226,1321586940-dd2ea02c394e95b402106e5d51ae78bb,1
3226,1326373680-5cfaf291cda35434f12e2713f8dda6ea,1
3226,1325907120-b4ce5777b042572902166b02a44ec070,1
3226,1323195420-b3149f097e412bc7d446ed2c9d20b962,1
3226,1326396840-6e9f48faecd3d1a25bb850b007f56533,1
3226,1323821580-0a6372efcf2f0bf3eb6de253e9fb27a5,1
3226,1325192640-c17d39b5a6bd11d9fdd925333eb39fa9,1
3226,1321032600-d689a9cf9365b4302e505807034efdc5,0
3226,1327615020-faabe2b0882a0cda2327f9f15d1592f8,1
3226,1327119780-90f8defb0a4ea3125606f44a980a5bfb,1
3226,1326058380-74c226a18d4747605f290676f73629eb,0
3226,1325791320-09ac1a52df793a8a5c2d6c44dbc2d19c,1
3226,1327615020-4978b741260066f12f894470cc191c70,1
3226,1325098200-1d9441b65e47bda61ea1b1171f4cc136,1
3226,1324437000-b95d9707bdd42011dc37687dd0ae853c,1
3226,1326151980-f4d8fbb7235391ffd1dd8658cfd4fa29,1
3226,1327533840-ac3ce9fa4d3db6f487c3d73ea5938d47,1
3226,1326519360-75926a22d2fc3b93bb12e0796c0ff63c,0
3226,1327017840-6ea6d3addded902f5633addd1238b006,1
3226,1326844260-1fcaacbed7800c97f68cbde4ced21330,1
3226,1324424580-f4cecab643636d1adf340ff60dcc4e5f,1
3226,1327506720-12212541fbae934e406677e887707738,1
3226,1324427760-805933b612ce63e7e1f1115a36113dc5,0
3226,1327467420-418b0b6e0e94e0a29332ca6efa832259,1
3226,1324352580-c36363cf4a2e8ddd0b2717d592970a6b,1
3226,1324078080-726657ee2d818a6f0b2e3fd6f764c266,1
3226,1324424580-71001b525290f9d1877156501c578043,1
3226,1325535960-4dd2427a2f0ed1f28910523d95a54b82,1
3226,1327698840-f13c465a483fdc480de0795280e55222,1
3226,1327791780-b79c5bbc8325e09149610871798e327d,0
3226,1326824940-3157ecf0519b9d562fbb388df4caf5de,1
3226,1323798900-7ec029d7750b360fe67650b9402e0880,1
3226,1327245420-3d7096d4eb20cb0b9ed079c8f336eb08,0
3226,1327581780-95b3d25d81207eac75bbc5af19332cc4,1
3226,1324490640-f218aa32cf3a927ca75618802619f7db,1
3226,1324578960-f01d3b1d06b5ee7cd704e055c6ce4951,1
3226,1322092440-6706a52df1dd8e6eee0b8f81d43d7b02,1
3226,1325200860-1db2e7f3443a27259c8bd4c6408a8e1e,1
3226,1327554900-4c650674eb252f1b4f252daa01edcac2,1
3226,1327533840-75fb00a4e548b1eb1f3f17d4180a08b1,1
3226,1325043780-c6fbd67c26de1d3e8c587e428b53202d,1
3226,1324091580-97b680dc7bf4dbb22630d1f8b39217e5,1
3226,1326218100-0b0c9422867e4f3bb9ee32ea3dd5e466,1
3226,1325652420-021011cdde69c3bf3340fd2886a5563f,1
3226,1327038840-6f42049387dcc68413a0fc9f35a5775b,0
3226,1327704780-fd180d6d803b3a078facc7a26477e598,1
3226,1325079120-0ee166825a389c128e9f8fcbeab84bf5,0
3226,1326513000-af93ff1877de293ecb7e216451452188,1
3226,1321909020-4fa66673186543b128c410a432bcbc51,1
3226,1321506420-f7c23b2c1691c6057a44196bbf15e085,1
3226,1327101780-c744d6a96cf8a6f3e667d6c0ac500cb6,1
3226,1321332840-40aaa38c2dd7e9e2dfde2654a5267a0f,1
3226,1327379880-0ab49685fb95f2175788229c963de206,1
3226,1324001700-68e0a40afff6973778dd143fcb0b990d,1
3226,1320775860-ac9486e31f0c1ae9a8616f87a583b1e4,1
3226,1327236240-4b5eabd8383778a27c2c652b0f26778d,1
3226,1326413400-5ad5c9adab7437c6f6ecebfafab10455,1
3226,1324338720-383f8d78782527b8b9cdd760c3b30ac9,1
3226,1327530960-5bb0b7e5302ed580889b6d7bc72e77f0,1
3226,1324514640-461ec604379db1a7fc4e5e275e43c1ff,1
3226,1322524080-d4b1043d1323469c6684777dcf40bea0,0
3226,1327017840-fc103fe6cc2df529a757ed75447ffefe,1
3226,1325910480-755e6a4d190d0ca4230c8473baef19af,1
3226,1323794700-712810e1ade883120a71a70f6a87c5b5,0
3226,1322772360-1b784af19528acf3dfed5d73d6d70bac,1
3226,1325043780-33eb74df6f829da10ffa8c4ac65058c1,1
3226,1323491700-5fcb04fc278b16437a9654af964d2d45,1
3226,1321065480-615164c0ccf630e442756d96ef2e1513,1
3226,1325870100-6ac1a6c63e774be08f4e0d7043d4d50c,1
3226,1322779980-98adc27a6b71ebbecd5d5746bd1b8b99,1
3226,1320631800-8cff3c081692ae18e04d160056a89d70,1
3226,1325621220-52bedb5f59bea34a170de7e3a0499b63,1
3226,1325199240-970962c53d47f7582dac01aa8bc9e424,0
3226,1324586700-fadc7c693e4e2522220cd090f922c0a7,1
3226,1325603940-04de95b06e31d5de56599034c3e6e9da,1
3226,1324688580-7d9c962ac0fe266dbf54c53fe98d923c,0
3226,1322606700-bde2bc18a961cc2f83a9f7714877859a,1
3226,1321385700-069eca874a874e942a894b770269d41a,1
3226,1322772360-682c042213e0e9066d66778db2c7dab2,1
3226,1327641780-4a42cfa64732b9426fb3bb644bf3b571,1
3226,1323176340-abd2674f3c9cd50f3cd16f19e190cdac,1
3226,1323395580-2d59db392b88d34f862e6962ac4e3d36,0
3226,1321563960-24606d2f7ac0a3455a42d6130fcc7309,1
3226,1324820580-a00a77508456746d172cff3f1a7bca40,1
3226,1322694180-2c3d29c4868360d4427a915482a93b5d,1
3226,1327671120-adaf70d0df113be67a3bb5da044ae4a6,0
3226,1327716900-fb7f5d4118cb4e8e841bee1da2ed54f4,1
3226,1327011660-36e4c63a74791cce7b1009712f759e4b,1
3226,1326323940-cc5f91fd21f9324d75ff4b614f7cc883,0
3226,1327609500-527d90a37b5f9cab7fcc0d9fe0926d7b,0
3226,1325189280-8f5a07a12490fd84ab190f64ffe9d27f,1
3226,1323890820-c5dda20b2bc322401b38493deb01fa5c,0
3226,1321501140-27d4f4b401b6fdf08d7631ff159df822,1
3226,1320935040-f08682bd451c55d3d2bdc2fc4859cc98,1
3226,1326497460-cf1ef35f2893a57021ce2f23cc973959,1
3226,1322435460-4952ae392411c00303c0fb48e313b334,1
3226,1323231600-3f6dcf130023fa3cb27c080bbc53e6ae,0
3226,1320869760-0af4cad2c7a495ece56bfd27555c8398,1
3226,1321462020-ce25b82ce140855466ea5c5622f07e83,1
3226,1325469180-b80362e418cda403ccc78ec2e4bbd1a5,1
3226,1321939920-2c21bbd0227b4ae414b2a0b14d657677,0
3226,1322064840-3895806bfd4a960d744def4223c37659,1
3226,1321567500-1142a54564cd77826e60b213515bd32d,1
3226,1321554360-fee939e5e7068110173afd7df3cd7659,1
3226,1326926280-bdcb9c96e899a3c630a788e5b7aad5b1,1
3226,1327467420-669c5ca6416e8d58fe78bf6f82f1078d,1
3226,1322890620-f0d861c9983c99da6961a3476dc5843b,0
3226,1326755520-cd46c16ede41e5b33de1d43bc335ced2,1
3226,1323899640-56168de15379946c66551187fd99c873,1
3226,1327068720-b2a8f688ce477937c70136799c73a55c,1
3226,1325887500-89b161b64404cfad36e2bf214e938f17,1
3226,1321395600-6caf257c4915ba2fcd53471a2bb0b1a3,1
3226,1326337560-fa4b30eaa212c92888d12f34c12f6fdb,0
3226,1325640540-2430017f79bdb9a151440639429ab360,1
3226,1326317400-918f73548093fcfce86b18f77f9c1fa6,1
3226,1325897220-f7516759024d8e7947ac6d06161b2c68,1
3226,1323126240-98c02f95f7bc7a57c3e984dad49abb15,1
3226,1327452060-4e31fa9eaa2f114e1a4889e774d874c2,1
3226,1326752100-99068ff1aacfcaacb49de601eccf30d2,1
3226,1326329640-2a2eefa5c1b8f8838b6bd337aca0f706,1
3226,1324091580-815d454a18422a085c7b2d9e9e8e856d,1
3226,1321511160-40828b3a0dd40788f25dec67acdff830,1
3226,1326429180-9315aa33c6f495fa1f35423b787ffb39,1
3226,1321653000-2981d43c145045ecbe83a8335b91385a,1
3226,1326158520-d33b47501feefa02d0b241d456ac3db0,1
3226,1321486560-d130fd40286fb2b7aafecdc8af7de438,1
3226,1327181760-9bed2318b2ff8c59205e8cdd7c81f322,0
3226,1325295180-b8dbf0b77067f72899b3e506b970dc93,0
3226,1327698840-50bed6ef67de4419f8062ec8e3339440,1
3226,1321210740-7065053acabc9614c275532c149d2d9c,1
3226,1322493420-4bb6e4ef227b9a4e3c721e1e43d528e3,0
3226,1321926120-1488c89a897f5297033c450cddc6d700,1
3226,1327017840-ae94d3db1fd76bf16fb1762ce8cbfb38,1
3226,1323813000-8da3f1147ed454b0957366e796853910,0
3226,1325046900-aae980139c1e1df42d88dbcfce31ae05,1
3226,1326347160-05bb7127f8189217fcccb0768b78d8fa,0
3226,1320191400-0edf942680ec16bc9f4b4b72d4167930,1
3226,1321474860-7de90d756996c1b06d23898b495e7ea2,1
3226,1323997500-6543527450afe8f01da13f9d219b0669,1
3226,1321293180-ba2e6a5d0f99c44c4b86982b8d489097,1
3226,1323123060-02b62c7c19a0d8e922b49e3baa80a843,1
3226,1321151940-58a7510fb72d8a141788c873ca4a68a5,0
3226,1321296540-cc3615db32ff49c1e6e62b989b65e500,1
3226,1324314480-307dc894d5adf707576787ea2d9d04fa,1
3226,1324314480-5b7aba8636e8c719dd8e336e4945840a,1
3226,1326472320-a0dcd9dedfe61931f5cbe2609f5ac290,1
3226,1320686280-dcd3aa4d558fbaadd500e95edef5784f,1
3226,1321544460-66ad1c08337c69d3eb38e189338ba636,0
3226,1324946160-fb1aa1fd2f4380632646ba52cdbb67c4,1
3226,1324397820-316d73c26c8241bd2bd715a04b3eb56c,1
3226,1322754360-174b1b78d8b4c140ee9cd5dcd539df6b,0
3226,1324312320-4e6b72d804dccb78f8bd8960f5a9e7b2,1
3226,1326516180-ccae7f554352aeaf90b56644e33bdbc1,0
3226,1321290960-1686fb8b6b7318de322e02a8eb091e09,1
3226,1326307980-da8e138feafc19eda92c7552e3c57a92,1
3226,1324764720-b773956bf0c3e26d14ff1a04b91deea7,1
3226,1326387000-bb8d07a13a737803281bfec3dbb9a1b1,1
3226,1327620840-07fe30808441ff678df075c30c8f05fb,0
3226,1326330540-30430970773cbed4b0244c6f7a4928dc,1
3226,1323031680-d8f96e36aae748d33bbbea731eec97e8,1
3226,1323752520-c49afb0e8afdb2bfc2864ccca75e9afb,0
3226,1327344180-2efa9830a73b1cec05fde9b2a7832f52,1
3226,1325864280-74fd9ea174317330433cd25284229191,1
3226,1324260660-b8f3abb9008dc19e9240d4b88a3e2379,0
3226,1326132420-787b8b3706da7c25cf3a2d3c4ed4802e,1
3226,1324140300-c5cad62526e11a2b89a6a7c47910b20c,0
3226,1323195420-960c3ba402f5050912366b7b8add8ca1,1
3226,1323104520-16dbc3b043a65a1df0af0673bca8a4c3,1
3226,1322064840-472ebe79f9e3d321905f2be6091c62b2,1
3226,1320418440-4f5e1507aa0e029dc7b7cff98bc3fa14,1
3226,1320686280-dda6aad676f555601323a7d19b45d810,1
3226,1321290960-140792a5ee6f42be058458d782758135,1
3226,1321891500-897f98afe5a7cf9de265e3b3b229fd81,1
3226,1321290960-2523d683bbc87259c6cfe69836359b3b,1
3226,1322842200-a42b7599919d170b30c5a2bb062bd73d,1
3226,1322757840-dd488707d1f9dcc27e8e16e54e798639,0
3226,1325692260-c062c122fb55de665807676c34792957,1
3226,1323791940-ca41ae57600025e580a1296bce653bc0,1
3226,1324312320-6f16f3b611c294465ad5309aeabcbe1b,1
3226,1320685560-a0b6358f060daabc6f24036d204effa6,1
3226,1323551760-19af9cb2ff00212ca15dece4ec0389d5,1
3226,1327680900-a39ae15189ee96896e34fb39a46c0371,1
3226,1325176260-4ca7d50018afbe5d40015aecf1a9428b,1
3226,1324946160-9813ee051379a1b28ab0ac6f4eafa64c,1
3226,1326385800-30a8b2d3a50934f8ce6f400fe80ce129,0
3226,1322938800-a40549230cd3230cdadb135d0e1e2fe7,1
3226,1327957020-63b0f29e65faec9f8abc80815d17cd1b,1
3226,1326900840-11b8a648439e2861780f767e0a2aef77,1
3226,1327776900-a9186263d4d2668f01e5413b54023510,1
3226,1326214920-1c8103ebd7cffcb54f422079e28c478b,1
3226,1321462020-ffe87c8cfbc0f76a4066d5f643fd5105,1
3226,1326732780-60857284accb37c1e193b5278a0a8200,0
3226,1324499700-417f2172b015a904fc67c314aab70a72,1
3226,1326429180-671cff94cb5b0f23d439d43b47fe2334,1
3226,1323716880-461cc98cdeb2bf2a32f74ae2d1ca8b7d,0
3226,1321909020-9ef148474076cc87c9cc117ebcd0f827,1
3226,1324154520-3b2e9c0d25697b4f65b5690f8e3849f4,1
3226,1324334640-bb57ed5ed47f551d30bbdb3cec5bdc08,1
3226,1320954660-64e2c56520fcb8c0ed4df894d1401f2a,1
3226,1323983640-5d65cf93033b8043cfbfdcc234f8fd00,1
3226,1321978440-3eadaf5be98f0f47f90cdc95685168d7,1
3226,1322024520-a663514d31ecd25f3e93537b3b721a05,1
3226,1327089840-c4b8bb600bde821401e0e5079410500b,1
3226,1325007660-1751138d3ca8a681c2e481488ca4ad9a,0
3226,1322591040-45339c806356e7b70fc23569d29f6021,0
3226,1323989700-8b39f641576d0237d08ef243a24d9b25,1
3226,1324010580-4a98210fbe1c00fe7f17fea2a7a8df39,0
3226,1326138240-d5d2eb12764f1c1de38bb7634194ce55,1
3226,1321306440-71f4d8873b37bb9bfff4aacab2cae9bb,1
3226,1326151980-522b06f7415a82654f02946274afdf7d,1
3226,1325460540-190365baf4d8a23d71bdfc28a18306d6,1
3226,1327461240-a412061dd8a6a0ffa2a4436202ada67d,1
3226,1322300700-5d3ea06a5f23a63c3afafc7254024b84,0
3226,1322694180-dbd8d5e61162605e7eee5f5457c41309,1
3226,1322694180-22075a30026df5143d8c21489d35e5fd,1
3226,1327095780-59b39c4389ee51368e0b0b2ce55d2d30,0
3226,1327074780-19e7225f1f87cb8ac0f88e999d9ddffc,1
3226,1327342260-6676aa25f1c4db40c3caa87cf57588b6,0
3226,1320203100-7e8805998cba0e571ac9d4f38ea3a388,0
3226,1326762780-b035f1c7bd24a2ee28b7a7a955acce22,0
3226,1323917580-a77ab56174c4fe61ced676125500e220,1
3226,1320866760-680dce832659a75e71a54cbb6b4cb600,0
3226,1322740980-9ddf014682d72bd05b6086ba733a4536,0
3226,1321573860-1bb795494f1a696adafc6b6b4b994bde,1
3226,1322605500-6b39653fff5581c22d1ae70b4123b112,1
3226,1323497580-db4e4f891c4d307c9ee20ba62e8248f3,1
3226,1324015560-670607ac351d991dc8000e34f1b08676,0
3226,1326171780-a0ffacd068a8a9d0e567ba93f108b212,1
3226,1325786220-9c511351a1e241423a52a3650f4ad315,1
3226,1323743580-c3e63c8f6aae226d824c3bb95bb362f6,1
3226,1323276600-9daab923811f7e38ee87ed46e736b627,1
3226,1327178460-cca6ac5e12442e376a082ef835265cd0,1
3226,1325969220-2445c44b9f2e7fd71ca7900c336c8067,0
3226,1320424740-827b5f265816bd6bc31c6eb1e902dabe,1
3226,1320424740-643ef8e8bf2fc01d7fac30dadbbbbd90,1
3226,1327641780-53d1aabf2f361a617c6bb09617750485,1
3226,1327599780-7efbd6a74910b23b8a58b69639ece58a,1
3226,1324762020-ca0195981c9bb211b2c8232d618af38a,1
3226,1325561700-40eb0d5aacf5ad064cde160cfa9ab761,1
3226,1325870100-572b9448aa0f5774e4d99120bc5ba8b8,1
3226,1323983700-b0cabe2350d37ded648b25630a05a970,1
3226,1327371780-83c39b94649c2c802f72e05b0b9e63a9,0
3226,1321636440-115862e28f7ac14a174decc2a554403c,0
3226,1324006320-31e8791b01e5cef3f0176a5a165a2fb1,0
3226,1320890580-8142f92036102c61eb5a909a4b965ab0,0
3226,1324477080-d2fe510a113962331adeab9cbac2e05b,1
3226,1326221580-928947e3c6866ff0004af5da3795f981,0
3226,1321573860-59e62bd6aaf3a5557845c66be730b950,1
3226,1328005800-614194f63586a926a0ac3d93b869897b,0
3226,1327374720-12d5b319630ea57d556e41abe6dc2576,1
3226,1327436640-3f9632e94916b0cb23c8a4d9e2cbb929,1
3226,1324216020-9228a2a59e45f04f98ccbd39c9975eff,0
3226,1323925080-d6d11f3dca5acb4bbc3a03cd8720d1ae,1
3226,1322026560-d4bdd3d7961ab072c3597eacd4eafcd4,1
3226,1324592700-f4effb6befd8038d54fecf01142e1e49,1
3226,1327086720-596368b9d393248fd00e092da054022f,0
3226,1327342200-f30ee622f16bf427f3d8e8d20f4bab2d,1
3226,1322064840-3aae17408d727661ac19ac5137e2b452,1
3226,1324946160-9bce503ea49d25966859091cbcd08798,1
3226,1320719400-5469235cc835ccdf44de85ed651490c2,1
3226,1321894560-80b50710d21a234ee019f5c3809fde3d,0
3226,1322847120-bb7e6f57274c9c2cf6cb2d9b1e2657a1,0
3226,1325020620-53c586666578e98fb84d2c12b4966b7e,1
3226,1325702700-d6b6ea3bf1f6a41bed2e25ba2046b92b,0
3226,1321773000-af6ccbf2836b50a74539019f1a57df76,0
3226,1326368760-ae3e6276ae0d2de0eb3ed7fecec15d58,1
3226,1323868020-8a4c1367341a5af433a183f6e2f1914d,1
3226,1326065940-f2cebb61b63dd2e94cb76dcb8fb5f44f,1
3226,1327250700-8d1e04580c6c28aa8ec11bd4a340bade,0
3226,1325609760-2cef016f73b52588756d716b807d3622,1
3226,1325265420-7cd996020cc013189cd5b11fd996b085,0
3226,1326148800-59c99f43714404ab365521cd25fca7ca,1
3226,1322806200-dbc014e5a4364fa2b2ecbe557e63ab81,1
3226,1327342200-ce190d3f26d67ea1cace91e3eb0b048b,1
3226,1321980720-54ff1156a8d5e3a8b9dcf6c669340353,0
3226,1325126520-5052c04f70a541546454bdf1ce0b1aef,1
3226,1325893980-c195b6e2d681453038aa97e60ba0e4ab,0
3226,1322694180-6f6ca38e1f31deed3558aefbd852aefd,1
3226,1327449840-8a2d55e8ebe09a7b6910a98232d2d5fd,1
3226,1325037180-9f621eb327591495720b160616d6c925,0
3226,1327266720-3e415377d65961a78793071979ad806a,1
3226,1327427460-8c0057905b64abc7334e25bd6b1ea29d,0
3226,1327626780-2837c0d173d3ab764fb3f68e8729e6e6,1
3226,1321659600-536d021e222fed01bb6ed196c1a4c1a5,1
3226,1324397820-d0c70d0dd782c222a7243a958f6b5204,1
3226,1322584800-46a6c92556eea9d782f9b6822ee55d25,1
3226,1323899640-0e9f72ca2f419834583650942273d4d2,1
3226,1326317400-2f73de647aa9dcffef143c7ca8688b36,1
3226,1323186420-fa31285eb369a8e29d828a76c0422a0a,1
3226,1327506720-9433e7aac910f34fc0b3d8e8dfd3fd5e,1
3226,1324510320-c1778583add01646337aaccee91e5654,0
3226,1320973200-2279d8cbc40b6a9cfd4562c5f3dd108a,1
3226,1325635800-f8894b963927b2e1020e41d42a0a0b30,1
3226,1320954660-6a4305383cde596c1d4772578e5fdd55,1
3226,1324596660-d8b02538d671ee826ee49d91332c222e,0
3226,1321300200-36e25178cb0a0d2d4b83d1ad96c8a521,0
3226,1321364760-86a390022cb67173081accf5638a20db,1
3226,1326950100-f2ca45b485285c1d35ac92707fc831c7,1
3226,1326148800-251882c1f27b580bf9cfbcedae526ef1,1
3226,1325760060-999f0c690f5437a0bd7e35087cdcb951,0
3226,1325704140-58fa3d2240763d4675e00c9b8bb6fe4e,0
3226,1321978800-298fb2086c420c746fe151f3e0ce70c8,1
3226,1325084400-235a999a1bc3da36478e5ce7143bf952,0
3226,1327509900-069de44a490698a963ac5bed6e5f78ea,1
3226,1327536840-d826844e3d7c1625853e92537848bb38,0
3226,1321309800-64b1d53bce6dba54fdf9272993c355b4,0
3226,1324823400-1c63878b66a4027fe7a8a251682bc78f,1
3226,1325730720-47a87d82c181c99b832c9240735ba586,1
3226,1326806760-335987f3ec2af83e6403dd4007b67913,1
3226,1324647660-73be6a5aa66df1ceb7b29662311ba74d,1
3226,1326385800-62c743be836968a2b4f354f14f32bca8,0
3226,1324317300-8d9d00a8d5e12ea0e476b0281ce07b5f,1
3226,1323893640-8fde0a84a448cfb7fb4880a4ed1ea03d,1
3226,1323572580-f33b46efd739eaba747dba048b9a4c01,1
3226,1324911480-2edc843f5ca8e8c7270b647636dc99d7,0
3226,1327935900-0749dd5a03cd4565336112e0994ae790,1
3226,1323469500-c6c8ce8d4e39fa3dcb5931c2e5862d72,1
3226,1323842580-2a76b045bff10746a07919b4dcf110aa,1
3226,1321387800-f4da69b5f1ba521247ae0449950cc61e,1
3226,1322875080-ac2a151692e25ea67bbadf4921af324f,0
3226,1324502700-b9b975e0daff4c37b58b7df1484ccb14,0
3226,1326300840-c13c06aabf653a2df52b39276428371b,1
3226,1327509900-12a1ef173b5a1f100bf219a7f69e38b2,1
3226,1326922740-07a8d9887b2f6860ba4eec9f819816ae,1
3226,1321647120-5b5823fa3cfaea4375479480d6bc40d1,0
3226,1326676440-0390abdd1c631a46d4fe61120db3da6f,1
3226,1323276600-c03b2f2474de940ea9874b70126658a3,1
3226,1326519360-373b2de6b20797c9736783d0f29358dc,0
3226,1321499040-923c4dc451d518004f3be4413dbe0f9c,0
3226,1325609760-1a802e073f7a07d0a0897ea1ab1244ce,1
3226,1321231500-d1fe97204d0ff6b056703bbd0d280c2a,0
3226,1324487700-c3f95e6e743e109724d08f44b0ce50c4,0
3226,1324514640-6174f6807db2edf3094a355532682f38,1
3226,1326317400-0b9fb46ba0ecca12f609ec9e8146f426,1
3226,1322828580-ac810591cb24d64f88ca3336c44f2007,1
3226,1325122680-c407c7f21adb80d74e5ff296e5295684,1
3226,1323153240-33719628cb98f1dd7528b594769308af,1
3226,1321587780-381539351bb47f0b309207469a6faa1c,1
3226,1326417660-c1306082b63921558b193f569e0323da,1
3226,1321373580-0883417c7a01c45396b171b391e8ba4c,1
3226,1322985960-4bfbaaa42a46c338d6ef46467d856416,1
3226,1327018500-667a2250e5919acc4a0d2faf686a9bbe,1
3226,1326501780-7fccc2b645607b5d61176d2534514179,1
3226,1323911160-71b8397696c68da073dbcf459972c2ad,1
3226,1324949100-10dfcbcce941d412fcc95b43b558a745,1
3226,1325607180-5af374a05942fac57d7f4ef4cae7eb0f,1
3226,1325475300-038f0a9b0cfff15aa47a277353a183f2,1
3226,1320825240-5e6f9a81b0443dc913acc8ef0b5021be,1
3226,1320772020-c513f1462c6ee31f0568d198f6330282,1
3226,1321905720-017cdead9a1479b034657c75b9e9930c,1
3226,1322092920-c1a26dbfa98a70e411f27d1e121d2c87,1
3226,1321311060-c046c246c5e43e237a0124fd100897c5,0
3226,1326324060-287e08f32f86648066d8481428cb124b,0
3226,1325857560-6c790b7961034d77468f515194ec1b44,0
3226,1323104520-d43bdb62aee887b554eadfcac9ab0d10,1
3226,1327011660-b662ba1da98b048648c7297e7e5357d9,1
3226,1320857280-5bcbdb5ab6250834600e49c0e28fef44,1
3226,1326285960-7f90486f767bcd3d655c544495ac8983,1
3226,1323350280-ad2ccc8503236a09066ab31656ecf008,1
3226,1323259200-11e9f285d271af53fe08a82852119eba,0
3226,1325364780-588e92e358f27f23dd4c734e47dadc30,0
3226,1321942440-3bb7e0f634373f12578a53854e431e89,0
3226,1327554900-c2b3108dff431be9106012f6d8806273,1
3226,1323890820-308778ad17cd98a74eaec88ae871353d,0
3226,1326349080-2c11f7e4d4ff32655b0579bb7d3ef57c,1
3226,1327683840-099f2cd6d78a0a48b47e4c418e7f5039,1
3226,1322542860-f12a2827feed53ce2035d8a01c5bcea8,1
3226,1327969200-b54ec3bfa0bac9543f2b825c4c42999e,0
3226,1320418440-49f23d78283158c7fca86a296e9768a9,1
3226,1327436640-1c3160c80ebd7d384e8d73e5a7b6a366,1
3226,1327544460-5906ed9caa6b85585eef68a4eaf2b8fa,0
3226,1322024520-6e1c0435338abacc6d714ba2b8690968,1
3226,1326138240-82b927ae29119cc6c9c264d0b7201361,1
3226,1326254640-a07e917ae2d9f167b922fb93cb606c42,1
3226,1326844260-6bbc85c9fc18bd7bdb5431efadde4638,1
3226,1321065480-1958816d25cb25b84441ce382cf26979,1
3226,1326040020-6188b8592a44384c45b3b8cf28b0a732,1
3226,1322944680-129a4666f19539f8392b17acbd970799,1
3226,1327347360-fc6794fdf625d2dc3b2bc0dafbd77662,1
3226,1326902640-2afba61b6f9f34a40007851cd240afe1,0
3226,1327854420-30ca19d89c4ff91ca930fa5e3d30a50f,1
3226,1324530120-89abd22044463c67e5d80bf0b1b50203,1
3226,1321981800-240d83d3e3e8fa9e1c72e551f4beef69,0
3226,1321420080-abb578616c9178187d01e20f239da60c,1
3226,1324172280-cd24ed22f5d7f43ca336b440d8a15945,1
3226,1325621220-148c9426125613753bb85f553229c6e0,1
3226,1326513000-ad592fa55da0b96a4125551692f37921,1
3226,1324160220-0974e87b3b7536bf41020edd5e46940b,1
3226,1327611960-054387b9dace11f1759facc935030bce,1
3226,1324422720-5d8cf76051e87d805980c91fc4a4b6cd,0
3226,1327506720-b5708088a34cd0a9079927453160e7e2,1
3226,1322700300-ba0dc7846a76db15ae76ec19ff8d6c38,1
3226,1325715240-d6736c54a3efdde07069a3d19271bf6c,1
3226,1320949260-527d972ab6216f2257a3d061b45f20a5,0
3226,1326951840-86ac50924a10ec75c09f538cb9d20fbd,0
3226,1327957020-bb960a81663f2458954e40fd1851d251,1
3226,1326597240-74f8737653007ae9edcf9272aba385e4,0
3226,1320987120-c29669497e9734b564e0bd9ad70081df,1
3226,1326933420-03926f1c7b32198120b44b2aaa95e7a3,1
3226,1324336500-9c540c2a34a0c7d6768abf104e913480,0
3226,1323395820-9ec18a13be4d03e2d5a16f8f81272fdd,1
3226,1321161900-d785e11218b1eea62fa08082ef5858d2,1
3226,1322368620-9d9b83165feafc869299af92f5018982,1
3226,1321603440-fb9ac0eb79d856721f2cf336a557bdd4,1
3226,1325480940-65a9c6518f51bbe2030716071661fd1d,1
3226,1325122680-b3a4a98586ba597caa7001cf886eec24,1
3226,1326162060-fe2c3869a4c1476295145e7156453d13,1
3226,1326501780-f217fdcfa052fdc5f4d19ce5edba93e0,1
3226,1324082100-6ef3400eb9ad5b5db81aa670912f80c3,1
3226,1322279340-1d8ecb422fb8ea980f7cb0493b9e8c5a,1
3226,1320562680-8e85e19e5f8e248792ffb85ef822d443,1
3226,1320562680-c0bf6a0ea030f9d9f0c6fc521224d473,1
3226,1321404120-3265d314556316a86ad4a98a9382d069,1
3226,1324787580-94a814d9e2d26f40d27aca8314e74aa4,1
3226,1321846620-d42f09b506bd4a9420df17e4148a1843,1
3226,1323819960-2866b00d5234e7c1134d47346fb2fd54,1
3226,1326422280-fd508a04f3c7b33c63f4c49d0ca881c8,1
3226,1320869100-213ab05d6931cf762d7ecd1c2682f03b,1
3226,1326580860-1f9b3c9ee34822d47f32fa105ba543d8,1
3226,1327687680-b86c9e9cbe0079f263e42f1198920259,1
3226,1321333860-ca8b107e2b18b2189a771ac913fb1657,1
3226,1322680380-6b4a931efe94293269d7eece1b3b1073,1
3226,1321405080-40349445dd83c8fc59071770d6a0baec,1
3226,1325050680-1ccfdde1e715a19bb77121cb75d16d42,1
3226,1326339780-81fc9345c4d4f08fcc3ea454f3089dcd,1
3226,1321161900-0d449d2d93cdeaaf9b53f3a60991ee77,1
3226,1327584600-6e4eafb8deb9a609080ec2ceeecfb51c,1
3226,1326426780-89570898993e158a639f4037cd0f527d,1
3226,1322625720-14dd4cdfb1262a0d1c71fc5aae5817fb,1
3226,1321924620-882046a6a6f649817d7783006a125cf1,1
3226,1326832200-12b3a621c4316d04e3ae4eacecb4d257,1
3226,1326513600-c1457a85a5f3765835e8b65c412c276e,1
3226,1326417720-23891204bdb80edadcb9e16fe3002ee5,1
3226,1326677400-1623e136b15b32b402f4e281af39f2e2,1
3226,1325081220-32c25430d1209d914bd515bd8f0341e8,1
3226,1322493420-ad2d7fd409d7ca5c8b26c91ea632f844,1
3226,1321971240-2fd9bb580b334dbbb1e56782830a444f,1
3226,1326167940-7a70e091703d0f9d069df96335e3ce7e,1
3226,1325050680-3a3e5b0f19583cae66b31c279216b7d3,1
3226,1322368620-a02b6b9ec8ad6f3ae6d656e27e70f0d4,1
3226,1323834840-d1c6a6cdc9a1f39eb97403ef44f0fd7a,1
3226,1322985960-623d779d19020ca5e726caa26644891d,1
3226,1323417660-2a81304b736f88db5c47ac4079223381,1
3226,1324865760-577eae183a16dd140fc449f56f5c0da8,1
3226,1326516120-a4bb3be2fa8e63a6ff734c1dcbc8f25b,1
3226,1320746220-8b2954abfc80c8462c7f94afacdabfb6,1
3226,1326513780-cede390cf857936d9d9b27e131236892,1
3226,1323317760-db99c4083a0460f19c3a940aabc4a94b,1
3226,1321078020-79dba28498e424d69aec8464bb0dee9a,1
3226,1322867460-94333a48e1c778d68117f1acded5eb71,1
3226,1322954520-4da9e98de86c495bc6fe1758b90d63fa,1
3226,1326831780-70e80c7ba6e08ca6d27ad72f9e2c1e9d,1
3226,1320534960-1bad8dcf0e585224797bc2ada3b53764,1
3226,1324156080-59793280a54301a90f8fe4049aabf78e,1
3226,1325294220-7b57b1ca45699ef8f1dd444af1720fd4,1
3226,1321934340-b00a2b78c60a055c3af8090e3e4d337a,1
3226,1326951540-9a9fdb34cf649c58ba5925fb5f167608,1
3226,1327541760-2c7e98f98d78985bdfab757261d0e06b,1
3226,1326258840-4c78f811ec1003bae6e2c9b68e85abb3,1
3226,1324949100-63b976e7737966c0ae4eaa6a18a417f6,1
3226,1321233480-7b3fe065ebf632fb6c027739b6bb3500,1
3226,1325304960-f9b239c237b5eb078368bf4c8940257d,1
3226,1324515360-0b3ddd3072213dbdf022025cf089f291,1
3226,1324910700-a516a69e0b13e99ca9cbd8fcbb4635df,1
3226,1325557320-bfdfca83604ced73ea303b6fd1c7f3c5,1
3226,1325475000-0d05e9bbfe2936cb5e1118c4c1fed64a,1
3226,1327727520-2f3c986feb0219abdbbd5d28966fa440,1
3226,1325646300-18c23517a593cac8a88237e8c9a20187,1
3226,1320343500-628332e8a2405d0e62ea11f9d1562e96,1
3226,1326831780-d427d0366010b0950954850c3b51b88e,1
3226,1320507900-8bd4f3afc6c32910e31f86e0d83fc629,1
3226,1324089780-40131a81ce2ab591a6174f680df0f932,1
3226,1325736600-23d7646e728b97ac0a5dac357f2d8d31,1
3226,1326168000-24b157c1872b0bb469c7a0ee84311625,1
3226,1326779340-9ce2ae6ebe9f8359fa26bd58a02a6b98,1
3226,1323153240-d811848a092fad76f19ef1201f4c7774,1
3226,1321169820-a3fb4e44eacfdb590ca8a312a4513da8,1
3226,1323834840-0590bc773cde49f873bab8f84adcc1c7,1
3226,1326779340-61d756a6520f2d561438e319ffd80df1,1
3226,1324869480-9ad6fcd3042afc2f3e04f7a022f4d4f0,1
3226,1320469440-4c63c9a036277759cfffa33707a6706c,1
3226,1325216940-679db153dff8ea237a65b03a397cb8a3,1
3226,1324874700-dd4ac279379b1b276be3fbb5deb31579,1
3226,1324128300-3f1c4ff86df9a650928b5495c8697f2c,1
3226,1327633260-90809237e8a6bcbdfb151f70d3c1e4dd,1
3226,1321373580-a6a4db953bbf344aacb0cb90628cb81b,1
3226,1326051120-3512476bf7038fed3d6bc829f9210f91,1
3226,1325008260-be285716697f59d05cf16a541219d55a,1
3226,1325123940-192690efc023a85578c4368dd96e0187,1
3226,1322695680-061bfcf61986bbce5ccc4caaf0c9cdaf,1
3226,1321161900-4f219ab5659181207874406e30d6274a,1
3226,1323456420-1137d96b0ecd1b28cffc7a450c482729,1
3226,1325735700-34a4415d8914be0f67f8810092068dd3,1
3226,1326040440-b5cde564a42c8e576b3c588e06fe4f4e,1
3226,1320847740-d08c51cf4806cf357ae60698f22697c0,1
3226,1327894680-1a42ff2436ffce5de69f54c92e7df92e,1
3226,1323797400-4fe260f6456416f2a9e165c7bc13c6c3,1
3226,1325826480-bc8d446a55a64fda58a550e4236cc235,1
3226,1323403260-323656596add8173cb5f45ff396b9119,1
3226,1324911180-032101e03cd7d88f40b3ec44b1323aac,1
3226,1321169820-11f3a9fbfecfd4c0c8912048102316f4,1
3226,1324787580-67bc85a5b68d714e8b72f98b92ee3b4d,1
3226,1321169820-3f49f02637010910262d362acc2ab7a2,1
3226,1326342060-67c576a0b8192cb127b2e1b4b77c0d45,1
3226,1324855740-69ba2b6a9e63d2925c7a892c2cb21c88,1
3226,1326513600-d73b145f8217328e0b9fbffb0734310c,1
3226,1326407700-1d83731ece8f85b55f2b24b0486e2d39,1
3226,1323123780-0444e70ec0ef16a4ae2cd23f96bc5590,1
3226,1327343940-c73f84fec0a2bc6ae22d2c39dcf47e02,1
3226,1323310800-c4d28ec277f859e9a33b9fe23e69d5ba,1
3226,1325306040-189aa49914ba2fe228dae950543f9b45,1
3226,1321587780-776ed4ba391b1b10a48d74b5712827a3,1
3226,1326229140-090fbc226d3c58b65bec9d6aa1c75c65,1
3226,1324050660-f06b000ac3327c0cdd876cb4546bffe8,1
3226,1326096060-8523111b8407d291b3b1e92bcbcd48c1,0
3226,1326223140-8abc1ea02fb9b51b3684ee0fb6c0f49a,1
3226,1320825240-640d8d2b5a7cb390766819cfad477ca0,1
3226,1324273320-86cb38b8a9155c5c21639ef8af86292f,1
3226,1325647920-51a8a9659b7ca8b2de8868eca0b5080b,1
3226,1324002060-3bf29185968e9c5bff5b4acc12aabb4d,1
3226,1325304960-ddee8294b40c0d6afda1a7f43aa69741,1
3226,1326845880-a2715729dd654dd442e2d53b25ba8127,1
3226,1321996560-070690e881e9842ad49c8fc1e6cec0b9,1
3226,1325285700-b8ddb13dc7e63a5afb42319c394a2d3c,1
3226,1326832080-3cce933e151dd00006bc1ffedae28bce,1
3226,1321625820-72c179efa2c7f9cca68cf5f7fecf8f5b,1
3226,1325727720-a08708729bc69632d5ba5a4c1664dbb6,0
3226,1323754260-136fedfb4042e4b1aa97401822f96591,1
3226,1320746220-c2c13778ee041bb666beb2d4ea4adf4d,1
3226,1327219440-642ee6898b5c560d8dd7286398ea9357,1
3226,1327687680-9164b63bc9e75d21c133e856fea06979,1
3226,1326168480-f5ef8230c25a9f1d142eb0c06dcf6f08,1
3226,1326088920-92024a498942feadc42a20da371638a8,1
3226,1320991080-1272f99d502714fdfda7711da78d95d6,1
3226,1323476280-58623b58cec6c398231fc36e75207f8e,1
3226,1321084860-685594396cf27a58baed6eb3c99fe9ce,1
3226,1326587760-67e2765dee428b810e1232b9f4252e79,1
3226,1325285340-c18bac17a0797e3a4359a4d13c3a7781,1
3226,1321230360-ae1d5cbe0bc3e3b2ab3f68e4e612eeeb,1
3226,1321996560-7f9424f2d625fbaa4688dede41715723,1
3226,1324332360-a151b51b09952e5761b2ec264a69250c,1
3226,1324039920-cf2dd307f90117cefea87c369b1f9287,1
3226,1325050680-20a734f6f4f794c4f8c1d208bfd3e6db,1
3226,1325646300-aa8176c4b87d3c6342818f7cec564b9b,1
3226,1326168480-cc35d2fb80d8a2a3da824c46997a47a0,1
3226,1325050680-14a16291347ff92ce8838ad48bf5b26c,1
3226,1324261800-859e29dbc8a34136d81b9fa2ab8914cc,1
3226,1323955140-39cef5a396150c2d3a829e9693b634d2,1
3226,1325899080-6ef0f483f16065a01a6167bbb9ea5bdf,1
3226,1323969060-1c445a4b5160746a8c3777d446446005,1
3226,1323130740-469ecec8092b2a05384ef656e2272a60,1
3226,1321375860-fc8087086de43b3a71b595f7d5771cff,1
3226,1325034840-94545b8d13b24858db9b2510171f0145,0
3226,1327032000-17f0ec50e4cba54490783579444e84f6,1
3226,1326945600-1d18db5c50d0f02b102561be99b8b4c3,1
3226,1322018160-40ee81d3cf673e19ada6f8693bc054a9,1
3226,1322706540-8cfd8dbe3cf3774e0ec3c9c66df91245,1
3226,1323130740-f43a3f550c230f0c668031c16a126f7c,1
3226,1325168280-fa97e0e5a741e057f63cdb7a5e8cf26e,1
3226,1326996540-9cacc3e9993dda236608f3b791ae0963,1
3226,1325125920-ccb3f3629f1653951c836e276b90660e,1
3226,1324128540-29e7312cdb5768816c374b63906fdc01,1
3226,1324050720-48f04f0c7a1fcbd2183ceb5ab617fe32,1
3226,1322080260-94cd1a5011bbfefe841d55f9ca177ba4,1
3226,1325898480-1ffa8c147c5fa7e7cf79c2dd39dff412,1
3226,1322272440-51dafd9f946fd4f56abe1bca638184e7,1
3226,1323738540-989328f6a9131e260f00a47eaf18009b,1
3226,1327207080-b4d45479f9cebe069b598ecc5f902974,1
3226,1325174580-0edcb3437611eea740594a0a459f0b9d,1
3226,1325781420-4ef888e957ac43fd10e7d2e590cd35bb,1
3226,1321734780-a09fa6eaa3ae08c5126b99649fbdc86b,1
3226,1320825240-35a2f01f294dd2f3e93ac265ce9cbac9,1
3226,1326516120-7a00fd836d95fa8068042c2f27c29107,1
3226,1320312600-ad12198881b8fddf6d00b93ca4f41390,1
3226,1324267260-f1b72a880eb95e0f1520deaca5c726f9,1
3226,1327713900-3dbeeadabeb1c1f42f0870f0c9d59cf2,1
3226,1327651320-ac769e3e76b132f8c0307ba8931627f0,1
3226,1326831780-5875b698d2561018c8b45500b8e60c41,1
3226,1323892800-96180fc7b4609df7f2849f327063a5b8,1
3226,1326258840-40f275b41eff16288a15b293fdd266b1,1
3226,1325304960-2fd016550405b7b8ba10fd71391657de,1
3226,1325735700-647ecfda92e4b484ea379fcb955c45df,1
3226,1322539200-3d286080bab692e893a021e7fc142e48,1
3226,1325231940-5a2a32df56a7c50c910efdcbf01e90cc,1
3226,1321169820-6e821f7c9df499c37d6aba605358ca2c,1
3226,1321846620-7c7c93e18f228c88a3179ca53c1f9cda,1
3226,1325735700-196c18b2c5920fa8e471e7f7255f07e0,1
3226,1321603440-cb5af162f74510ecd743ccc8d07c6f89,1
3226,1327121400-b3bf31ad9e4e6da42300d403e85c6da3,1
3226,1320224340-4914d45961bad0ea88af69c1111d471d,1
3226,1320224340-3973ec5541802f7c7270233334cabfcc,1
3226,1322096580-78d4314dd38fab0830d84304bd2288e5,1
3226,1324715040-db8bea4f07bc6234c266f95b2cfcc76a,1
3226,1324785600-07310509b36fa69a1a84df0231a5d049,1
3226,1323657240-8279e2d334c6fcb8421b945e8ce6b7bf,1
3226,1326158880-7244c88664323b3c880723e25b875769,1
3226,1321846620-9bcf7455d661ea82e6eb74a201672bcf,1
3226,1323176580-162027f971959998fbeba1c513ac20b5,1
3226,1322380980-3a0447310f50479145aec66ed81ca0a8,1
3226,1325639040-b5dab9dff0deb1267c988ff174db5f25,1
3226,1323921180-f56f6656162804830d0dc97006606ab7,1
3226,1326516120-25cdf0cc1841ea2f0b76955c1811944e,1
3226,1324516020-9caf11d2a0843a5bbc2050164ca19e63,1
3226,1325899080-1d5e7f06fc15873758da3e1d1544d9e1,1
3226,1320746220-130f2e4f03dd2c8e46ba1fe5db766fe3,1
3226,1323130740-7a9f1122068e31167a69c60cd5d1f13c,1
3226,1326516120-b7777d06502954e85511ca9bda95dc9c,1
3226,1321996560-0f76f35d9d85f0ff5f74b5261c46b06a,1
3226,1321407960-85fb8c8acd6c55d6e391959552b95b6f,1
3226,1325824680-fec00f29ca139de50453bda52138eb02,1
3226,1325646300-bf8d0efe9d650168b699d5165b36e34f,1
3226,1326330840-574288c01e4c7e78c066fda2d2998fd8,1
3226,1322207940-08bf96c675f33df563892a23a5510700,1
3226,1323331140-2a2d98e8c9d6a563fece040ac6b60161,1
3226,1327219440-d435cf0b44888c62847a690f3826135f,1
3226,1327032000-854d4201e0520fed31a88e2ff2af5d96,1
3226,1326426180-286ec16df32f67a8d7a16b2fb89f426e,1
3226,1324515360-0108cc865c0c98827f1b204133141ff5,1
3226,1327725540-fb13a2d8eca81cb0975b89e3f4023638,1
3226,1322873220-c62f178e168526fa508b390c344b0d8f,1
3226,1320562680-f0e0c2d55fc0bfcbf3da54443e2508d4,1
3226,1321594560-f5a20047a8604c1e4fbef477bf64787d,0
3226,1326087600-82df62891ba3107d1e7770107cd3831a,0
3226,1323804180-a9ee681085a9768d1ece27f5e63cd5b5,0
3226,1324528080-6923c84f648c30b8fa70df46c3f75eb2,0
3226,1324322280-285611482af5ab2463eaa6bb7b2131e0,1
3226,1326415020-47bbe51768c1a10d80c60834c88d1869,0
3226,1325720760-86b8e4068b37f3f313ede97cd499fd94,1
3226,1327374120-91ba4cd7a8921ebac4814aa3ab838876,1
3226,1321401600-020ffb4b87eb95be09a48d5e172f80d4,1
3226,1325107560-8fa762c2d3b291d53ab2403c8982f1fa,1
3226,1322854860-8126f5780f2045868be2ae74c854cede,1
3226,1325647920-78c1c692832b37f20f28ffe7b9067257,1
3226,1326832200-5c302accc3869bb9276dfbe3f4f7b159,1
3226,1323532800-83129a3fc661ccefc9754c007f5b6125,1
3226,1327672800-600bc4735fea36dfd1f348b523c219d6,1
3226,1323403260-2adfe554c1ed02fd9cec17c3b0a6953c,1
3226,1326809820-7b0abe7336d7dc15367d5a1d13121521,1
3226,1325082240-516a8a6c68f3e8748b9f66bdc691c2ee,1
3226,1323892800-7396e8afa142e23e8a0817125fd2a690,1
3226,1325562420-2b0b4adc7d260d0a95f33e9a2002fc60,1
3226,1326474120-7604dc85f0c9d5af21d574fc59e11427,1
3226,1323738540-b13f8fbe6f58fb16c96e25390861ffbd,1
3226,1321559820-778927782557a086976ebe596170846b,1
3226,1325916720-2f47bd07e888fb81db94b2dd5ba9d218,1
3226,1322985960-30c7056d3c9cd114d605274a3ca25c40,1
3226,1320312600-919dc183e22c564c5d8cc2da40da6d20,1
3226,1323976980-f95641484cbefce3371145901afc0f24,1
3226,1325108220-06d55c3079afe7f2d84b48222609643e,1
3226,1325271420-fceace955dfa0413b2aaf91d0fc9d3ed,1
3226,1326258840-133dd1203f87e350b6280eadcff75d44,1
3226,1322442420-57606de6f18ebfba9513b9d4f95ea69b,1
3226,1323465360-3b166cf8fe1460342de73140c315b09f,1
3226,1326165120-7f02f0fac246a88bb1bf4f65c8679717,1
3226,1323360120-be7f6e421a6d57e671c6337f72e62577,1
3226,1320805920-59371e3d3335f72212a3560862cec534,1
3226,1325892000-6f24f63ba49a7c900e5a43c9cbf5c388,1
3226,1327555980-9ed7c2bdea7b76dcda99f47c5982e909,0
3226,1327127460-65ac2587dbfb5d78968f71f9a0093f91,1
3226,1325557980-253b59a118adbedbac755f639eec9394,0
3226,1327586760-2869bee7185f4580a7bc1f954d6aec61,1
3226,1322695680-b2a1a1533c48452b9c7de854ca27179f,1
3226,1325297940-defebcd45586e8ac5f6b368cf54e7b2f,1
3226,1325394120-9708071daaec0add206483094f13901c,1
3226,1324785600-bf83a463b6b429644bcffbcc41e0125f,1
3226,1324523040-af8e2f1c781233657c0b3221d69aeb30,1
3226,1325304960-c2492635bd368f7aab82b444d1c0983f,1
3226,1323143340-860e6cdecec4fcd8ec77d319f5f6d584,0
3226,1326342060-959d45e430c7e84179dee9af2d47b1d9,1
3226,1321567020-b3d3373946eff6f102ce26121c6259b6,1
3226,1326488040-0ef432f561c32712ad312a2f18ad3103,0
3226,1321594560-fb5ea05beea51ca72ce8f6eb9670d717,0
3226,1320507420-8f83fcee231510802db978524a7feb9b,0
3226,1322792340-996279c15a47b784dd7d3e0e83b65a94,0
3226,1325319240-d2b81e0214e7fede8bd65b4d3feb7046,1
3226,1324002060-b6d062c70cf3d9f9c59816c04afdb617,1
3226,1320312600-fa06e4c40290752aa08a6f028504d7e7,1
3226,1324994040-341c3d5ae56f2f36a3f9f8662dbe6fc2,0
3226,1325121000-06f2d2e7c68257954dfca5a8c6888df2,1
3226,1325727060-d05a0883b22ff9eedaad9c25e4c31a5d,1
3226,1326422280-f9c28a3a3863003c5caf3ed63625f9f9,1
3226,1327219440-c9b92d24deb712f00319ee8179008f4f,1
3226,1323921180-3186f150455f3b1ff1b25e92dbaa73f6,1
3226,1323456420-12ab2514772608259cc524b8b1813680,1
3226,1323139260-ffd8a707ad4aa85687ea224c0933ba93,0
3226,1326151980-5e261dce797357133f20a08072864a08,1
3226,1325557980-7c40a784d7132549d4902b682f57a2f7,0
3226,1320312600-da8e0bfca06b62ea8757b876e2095180,1
3226,1320883920-f4cfa47da6e33d91a06fece4dcfde4ed,1
3226,1326415500-a845a853049c73101196b5a4dc4cd276,1
3226,1321761240-cf7c066692f6882c2d90ec4e9e7d4e32,1
3226,1325475300-bf0d864f710e84311c3c4605a1c31436,1
3226,1327153560-ca527a870fa47ef5a02d05da174c0b61,0
3226,1325809620-868932c64b0561365aee850d76a93860,1
3226,1321888740-c646a44ec8501623ad4e094f43a73c42,1
3226,1324396260-473c4bef8614ccc2cf055f5733bcc85e,0
3226,1321413660-7121a03b6e807e15d6a4eba6498654ff,0
3226,1326083640-2b2f4f7e05635382315073e41885c37f,1
3226,1324268040-82a3d10584270de05617898311402e09,0
3226,1325736720-5fbc6135a9a2ead31bd1921a85871a94,1
3226,1321658760-9cf23bfa8e73005795013f88498fb5b9,0
3226,1326597240-d459f01c5c7bef4518a96d8ed1c616e5,0
3226,1322380980-a85e1f3a1f48b6c1a7911637ba2f67e2,1
3226,1321753980-33fb6a3a4d6a41c5e0a2cf8ca8991f44,0
3226,1326009660-7b37ab5b3ff3b89224d20198a6eeee17,0
3226,1325279940-49bc74ca04b8c87fbea6c6da6b11dfd4,0
3226,1320642480-01993329c0bc6334e321de5735b2d001,1
3226,1323870000-5102062aae619ca21161da92182710eb,1
3226,1325428320-aab09ef5c81c6d826eab73ac84e815ed,0
3226,1326940140-1950529e6f86f230e86707dc75cf467b,1
3226,1322226060-ab8f36e72d38f384b02a5d8a01f7065f,0
3226,1326158220-8593bc1bf30d172cee21b9892407779c,0
3226,1323740160-6b6d71bcc5a3ebc35a93e0a4f92b65b1,0
3226,1325096280-77f41f678e1d129c86f0384f93ee09d8,0
3226,1327269660-21676bf34b9a1046300b880716187e17,0
3226,1324002060-3987a52a3f7dd2ba93aa48a3a9bbafc9,1
3226,1323386640-ad1b893b1e5596a822ee12951490377f,0
3226,1323108240-4a8f0642fba0571b38e8232be8759606,0
3226,1324181640-37cffeb3b9a777a2c640f53dcf772ded,0
3226,1326254640-0ad0f9f2c173066c9dd394f88e5a535a,1
3226,1322373120-49b1ab1db9273d2c38078566f6553581,1
3226,1323116820-73b2c49a09fe386d3efb8d3571715da5,0
3226,1326396840-36fe4dd14bdd148a462e1b3d8a9b0c6e,1
3226,1325093400-190198773d3eb59817d5495f59734027,1
3226,1326258840-c275fa812fd4356597527a90dfae2a5e,1
3226,1325784060-2da66a8a5c845e0da48ed62f2fb334ba,1
3226,1327509900-31505c64e5d5621fc7589c3dae1dc67a,1
3226,1324584420-41bf10f4c6a2c278fb288ca43d947433,0
3226,1322879640-bcc37b5758dfa02b646ac87bd71c6e3a,0
3226,1324075920-2e5e0b93bf9cdc4e4bfb2f4b8a67cd06,1
3226,1321761240-1e1470ab192873c88891e028a2d8a8d6,1
3226,1327121400-0cdd950ea61a1c76d734e282c0afc4ca,1
3226,1323848460-f41d6bdfd27a0404a7e47356efef9984,0
3226,1322525820-1f103d2c3097bb4a5bd1736d937e9331,0
3226,1322012700-311b855bcdc90575fb1dfd13dd41e742,1
3226,1325483940-264ae2ec86a43c85a36a516dcfbfe299,0
3226,1320825240-58b9750c4cf0e91e48aad7f046e24cc4,1
3226,1325798100-304002805e530384e77c944896124270,1
3226,1326993840-a7ae571f9400489185024b1ed8a858e0,1
3226,1327507440-823d2a601363ed31f6dfa22971cf475e,1
3226,1324586700-4b94c1ce61583f096785c63bbd561406,1
3226,1325557320-0cef177669237651209babd82fd4eb78,1
3226,1326307980-dec024f34eca4c6b029a078be4b9eeba,1
3226,1325781420-2523be2b5365189dc4ce74f607ad616a,1
3226,1323704880-8207e0f7f2a3e7b02d104619ea7d7e5a,1
3226,1327800660-63ab4f2df171f412be92ec116c706064,1
3226,1326227100-bffcc78e6e8cd6048fd3a17b44d92626,0
3226,1323225000-b4dfacb22635f15c21df56d2c555e410,1
3226,1324428240-9e3cd0d3a04981f13a507bc9cb301429,1
3226,1322018160-01286feaf1494624610faead80c3ad67,1
3226,1321762440-418eb44764deb04e550a0195d10d375c,1
3226,1326832080-48782a5812f1daa8db7b0ffaeb462566,0
3226,1327152900-4cf85b7c31521550ee854c12008dbdfb,0
3226,1326563280-dd46cbf3fef37203ccd7927685893dbe,1
3226,1321888020-dc6547881b51bdcc94d7801c5567bfa6,1
3226,1326683940-c6640c3da262dc50f9fff0b7934efe8c,0
3226,1327649400-c4182787eef9735f530ee17fc6cf26d8,0
3226,1321381200-8305b96a0e4d0780903a41f9c865222c,1
3226,1320703860-4a92cbe773584482e832c8034d332abb,1
3226,1324051740-08f88b193a58606f69da13975b8a18f4,1
3226,1322508300-b07103ca09d2ef748b3340a0626f21cb,1
3226,1327339200-4dac116db3ebfab915a8f94dd1cb7afa,0
3226,1323914640-1d08839bc481fdde419448898cf4c560,1
3226,1322524080-a7cbe99b2a34ce1861a8ca5e640cfa1f,1
3226,1323485580-3e4c89cc17dd0c4c8aa6b6d080d3d28a,0
3226,1327600800-8da8dc9d1404da46615947c63729e53f,0
3226,1323913680-2f8f34a21bd9fac9aa051c96335eff6a,0
3226,1325626140-7ab990d74b6d4b4c11ce49517e5568f4,1
3226,1324541280-3eb127abd6c35156bd5c52420404be78,0
3226,1325206320-a331386e3b94254c853941406eaf5100,1
3226,1325887500-4b6f4158d364ea27ccb5b3aba90a643f,1
3226,1320894000-9d11495575d19850917e5021b4e2d28b,0
3226,1323314220-269ed155490f18e7e7b41013f9eaf106,0
3226,1321643280-dd1c120c0ae249da475456f2dd8940f8,1
3226,1325779560-c5e80cf9c6a0bcef52e2686f4e463a6c,1
3226,1321636380-7fef255baca8a93a0d7bc59a5e6bb908,0
3226,1326516120-cd96a80b9e3723b594cd77c25e7b9a2b,1
3226,1320746220-79092a2601bf7c3950f4e4fa8b9dc593,1
3226,1325089740-bac4f3554ddb108475ba9fcd434bfe52,0
3226,1322501700-6e36d32985b56f7d41174fc7de01d3e2,0
3226,1321031580-0961012659495c56ef63158bb852c2fe,0
3226,1327632780-90c78a763ba1391c3cd4754b859529ab,1
3226,1325557320-82e0aa8998d60f721a3f1d5f5dc50b66,1
3226,1324496580-5370a9292fb4de48d05fda9902544cd8,0
3226,1326640680-cd651afc7969fd60ff8d9544001cd6b9,1
3226,1325008260-b03f61400c60a17a6be470a2755e2c36,1
3226,1322586540-cec8a3bb7290229400e8badd9c9df228,1
3226,1327528020-4496c031a2884c21e055c7da27bf9554,0
3226,1321486560-089713ddbdd06447050c2a8063216f29,1
3226,1325304960-221661d6083190e0efd6e2fedf943486,1
3226,1321557960-16b9eec15c7470b2153144d0e2604b57,1
3226,1320719580-d9517d2ebfe18860e017e1fc885d2806,1
3226,1320352200-64de7256cc4bfa70144ab91091616adc,1
3226,1325103000-f508e0ff9861947620411194aa95300a,0
3226,1321580220-9a832666a08c3bf0acc16bd630daae17,0
3226,1321753980-63ca1b2cf44c70a43a8e06e3734eaa60,0
3226,1323589080-fe235e2884e26e0d548aa5fe4f38df07,0
3226,1325610900-ffaa32634d2c261b7bcd8987b7965441,1
3226,1327353300-7792cb9d1e1094f2e1339ae107c48ed6,1
3226,1321978560-2dd3772cad1290497bef8ead2ba9800e,0
3226,1325004180-d7d5c1d4f7349311a8e5dc738e8d0ca6,0
3226,1327122840-c5f90211812dc0b02822c6e857b8afdc,0
3226,1320705000-c1d0e2667bc979ac5f1b3d277959ea9a,0
3226,1323913080-ca0266d2a5a75502be354045e2ccfaff,1
3226,1321599000-3c18679b4126cf78530eb7976f0bcf03,1
3226,1327440120-c8a3843e9fe80e1cf33626720112ff7c,0
3226,1322757840-1e56992d759270a697842024c07e2e95,0
3226,1322726460-a721dc74cbc241d69aa6f9895c23b968,0
3226,1320418440-c96f2f158e8444e3c2bd06d13fefd8c9,1
3226,1321241940-1385ffca41bcc75f96ad3ced092c5470,1
3226,1323752580-27120bb130508962a523ad6609993452,1
3226,1321938120-dcd7508d75a56b605c2641c21b8d178f,1
3226,1327728840-0bd7cdc2e414fd09a599522c10c3b2a7,1
3226,1327605060-4897f9460a6c14c461805552d6c4c4be,0
3226,1321680660-db319c1c1e2aaae438d728658ae5fe6b,0
3226,1327600800-7791b09a9838cffd7068a29c0ba4c7de,0
3226,1320963360-a665516b408a1e4787a7d06edd2330fa,0
3226,1326837480-55dab2101476ea03ee18baa875c1eada,1
3226,1326857940-212a2ffa73ed61a9059a6dc293bdb862,0
3226,1326125520-adda3a9b32eda2c1387a40742141ed16,1
3226,1323840360-6a39aa6db5226d186fa29d29a0450f42,0
3226,1327001520-3e78686d5199b1a4c07021beda81555e,1
3226,1327628580-930ff967abdda0c00655dfacb085691c,0
3226,1326083760-c0992675cbfe364c4e393995846cce18,0
3226,1322884980-7222052f741590e640961d11a82b8d3b,1
3226,1325176260-d7b2cd514eb4379996af4f57ae5e6d07,1
3226,1323455220-48b84f75f3abc9fa939e1039ff2493f7,1
3226,1326888300-a73c385bab148dd1de8885c740a64544,1
3226,1320807300-40d5deb27eba2f6d1b0f1c7d5b64a861,1
3226,1321888020-17e6e186c2c0da935cc31e52dba736d9,1
3226,1320686280-0861d1eb311b09706b85619287760f28,1
3226,1325004180-742e3f27ba3eac97e1af3b2a1cbbb49c,1
3226,1327599780-f12b2082ec9eb375c530d4eb623ae012,1
3226,1323362580-a1727c4e46ff10969420bf54d342a17c,1
3226,1321890360-b9eb5872fb72f8b7de9e8fec7db39431,1
3226,1323710880-5a0bb671ce4c0416bb41f04cfe3176ce,1
3226,1320685560-40fee1856481cf94047fedb27ab9ca9d,1
3226,1323113760-6ec5697a86032b9656570425be17541b,1
3226,1325530800-9ac9bc4be91fec46a001da867c4164c8,1
3226,1324319640-937eb0b61a59ca96c1fb01f938cd31c2,0
3226,1322508300-42a746180e8bac120bcf8838a9a6b1aa,1
3226,1327342200-dcd14122f7d6786d82cbbafbeed9af42,1
3226,1320857280-8ad83ed882d0bc742f15bb22271565d2,1
3226,1321293180-1e8db0371659e80205246795325dc72d,1
3226,1323104520-91ad3655b9cb64da402313fc9fc77b72,1
3226,1325096700-f56e0407750499dcca23b708168e1c1d,1
3226,1326132420-bb192d1562aaa875ca1bf66b23db2272,1
3226,1321290960-fb0c9d91affb62566b32493eae51ef0b,1
3226,1325788080-6d5319f0d2c195974ca974d2a41943ec,0
3226,1323936180-cb63f8b34788fbc00e47e8ae84efc618,1
3226,1323117000-8ca84a87b1baaaf67f81a2316aa544ba,0
3226,1323827580-f44db1e6812224e569e24f9d43e5eee8,1
3226,1320641220-5c5305c8e179d65d7b2b993ade2115fc,1
3226,1321392480-b2f2a89f53d61f242bbf29774032a6a4,1
3226,1326228120-55ab17998836dd8d40fade7e2d9bd0fb,1
3226,1322442540-ff70a831fcd2fe63eca98dbfe16898c6,1
3226,1320685560-a8dd7a6b4063dd71c9449d4c1f9a968e,1
3226,1326079260-ba48f116432ea428a511fd59875ba073,1
3226,1322938800-7e7fec11620e04ffa64a7c5172244b63,1
3226,1321636440-af3b9bd8d3ee0e9a7d6775c7a9eb9ab5,0
3226,1322775660-bd0c982d9d980b5555996b83908e8088,1
3226,1322442540-b667ca6220820a40e4f63a812fdbad7f,1
3226,1324586700-060668b69618784bc787c3d6eb2eb529,1
3226,1321286820-bbb44b4bccb065f9b6e5f4ba810cd168,1
3226,1321290960-91a74de0e11b890767ca1a57e917b2ca,1
3226,1320685560-d19b2b3131b0cf353c376b3700d5d708,1
3226,1322667720-5b17663648b78bf07cf14efe28d93e0a,1
3226,1323368760-a751f39621e8f8fc711ca4a61d6afb42,1
3226,1321909020-6982c7aca9a954607ce1b6155c948853,1
3226,1326469260-de98ae13f78434dc43d784112a9aff42,1
3226,1324655520-3bfedc0185e87e894c41acf463f20f50,1
3226,1326387960-c1a253de82a8af571ff22d528b799735,1
3226,1324073640-cbf0fdcd911d0a33cc590368d46cb240,1
3226,1321985040-1a7991cc0372a9052b5ad4baadf47934,1
3226,1325870100-90cb9b7e48236d12a32d914e7b9cbf09,1
3226,1322586540-b072bae564ea914acb95a9f927caa102,1
3226,1323195420-8a601b3389cd4bd3e22cebd18f02a58d,1
3226,1323710880-4f949e4d8d014b7e5c11f7aaffa776c5,1
3226,1325363100-2e230583f0d0b1c8d3e5b9aa69e5ba17,1
3226,1325526780-b32cb62670535e73a4d62ed0dacd009d,1
3226,1326387000-d5b7e3980c5bca6563527e788a543ed1,1
3226,1324314480-f6191b2cc7077f87585e918fbf2fed38,1
3226,1322511780-f9240771790c4ed1d12c1da8a60a4b5c,0
3226,1326756840-68e80aea68a5d0ed5733f9424e8e54bc,1
3226,1325609760-7068c612b214de6cdec2e9bf78f65466,1
3226,1323276600-f8cb70fa3825403b87f2939a11de1b3c,1
3226,1326478560-5df6eb31f8a41189eeb6b0fb25fb0f45,1
3226,1325286540-56b7c3148482065f02557f7347f03ef8,1
3226,1320857280-c84d5b0aee85fcbfa32b2101a1ba9c4f,1
3226,1326849840-837ec83c63b29c516540fa896d90d215,0
3226,1322671380-80aa26efa9cd7ef1da0bd23f8201fa7a,0
3226,1321978440-2736eb4fe6c453b6fd0bf77767a13397,1
3226,1322779980-4249ccca9d6e502f9181ec6a8524ec60,1
3226,1326840600-32e3996e03039e2a11ef535a7fe50ce2,0
3226,1324039860-b748979bd6e22c1b259060959b1c0260,1
3226,1321677000-4c6b917b8dff1cb4f45a4ea22a7d5bde,0
3226,1320816360-4988edc2621e760a0f8791d86a5ddebc,0
3226,1323179460-f43aafa29ab6240eb286c629a10d497d,1
3226,1326681780-3e6042ec6f1562996c2c63e7941752e0,0
3226,1325855040-5e09f8bce6c641008978ceccef75f234,1
3226,1322594880-c0d0b2e03eb496339390fc3272f40d7e,0
3226,1324670580-3746b76d6f62d2d2744ac89c332ffd98,0
3226,1327620840-82dd1049cb1e226ce1d2601f4202c968,0
3226,1323390780-f59e811265d925976260465bf2287fa4,0
3226,1323295380-c7ffa0546d11b3ec071ddf34467f66a1,1
3226,1323216960-2a598a01c46dbb56b394d49a577ffa31,0
3226,1324189020-8a95b54ef57755cd60845c417ca0b3eb,1
3226,1326475440-bdcf73557797413ed1af1d4b094bce7f,0
3226,1326006780-a0ad55adfeadd1d80dd1682fd76db040,1
3226,1326006780-1160155183c7682e9ab008a3bbd893d7,1
3226,1327491780-9ebda598efa6fd6f67b19629da64856c,0
3226,1323295380-945eda1a14b26fc8b8c20fe16fb212b8,1
3226,1326493020-3eef0e342fe7e38b5be58034b416fa33,1
3226,1323473700-a7783f73179e09b78e0d3ee3e082dbe4,1
3226,1324317300-a5958296e1acf0f60465a9d1c582fd4e,0
3226,1323473700-0802b7bbb5c4f33515e91599e1d6c97a,1
3226,1322868780-ca26993fd35c6fc5bd6c236cdd4aff15,1
3226,1321915140-fdb548a91c97a0e6e760b546a4a77a94,0
3226,1325442240-687f54d4303425a887e790a178a3ceb1,1
3226,1324314480-112ff2608121d9dcc3b8089c4a4f3372,1
3226,1324484640-4b878c995b52c528c56e90c4dd11585c,1
3226,1323986700-f883b3394fc4e60dc8fe4b1a85232a4c,1
3226,1327689840-4fb1561107fe2907617bcab14d246740,0
3226,1321890360-76678b1b61a9fbfeafca8cfa46856681,1
3226,1325009460-cd92dabca9889252c8d7a0a0a184c35e,1
3226,1323031680-7475254cb8d8dabb5f257d6737aeed73,1
3226,1325281920-900dedcf1feeef099d4cf54b859a083f,1
3226,1321306440-da91987f64587789206b6f786a99a8ff,1
3226,1320160500-64e8da5739a1f000683b1107a23ab385,1
3226,1323816060-43bd851a7b9b287819784f5b1d0129a1,0
3226,1327710900-60b958d956df08e32b405bb4a214b329,1
3226,1323701580-6d5f115047177603ec75b929c7a1bea0,1
3226,1320207660-d54d145abc2008a8386c30248004ee2f,0
3226,1322848860-b140b52d8fd3ba4a808557ecfd45a1d2,1
3226,1323542040-f5b24437bfd9bc924f75b881ebb9b591,1
3226,1321570500-6d8816879f9c70710fcb2d54bcb765fc,1
3226,1320512340-947bd812ea7b3b5173583d744aec181e,0
3226,1324432440-1d645cd97de9f04ab147e5c37c6ab8f6,0
3226,1323368760-6937a2b432734a2e9e25df20467a4f40,1
3226,1321821720-14645cb2b8985632a714370c2300e4ef,0
3226,1325855040-337f47dc8f31707c4e9070126df8e57c,1
3226,1323292020-c522f0e199c6c673fb77d43afc81412c,1
3226,1325610900-957a8e29d637653e3aa61e6e23f3209e,1
3226,1325000820-6db5ac12a67c967a0a714eec66e177d3,0
3226,1320712800-635c3852f8b4a13eb4222e1228a8eb05,1
3226,1326294180-3a76865b2dad18f2444b265534844924,0
3226,1321010040-9215a9f1bad91098b4424fb5b946ba0c,0
3226,1321877220-4afd53fbd8d6bb57afaab7ea2868013b,1
3226,1327611720-445f08a505c3d25508aada2ed3fe2e06,0
3226,1321478100-dcc698e2af30726b2a8096aa2153967c,0
3226,1327287060-ccbbdb434f43c542758ee0e4f700fdc6,0
3226,1326935880-09a8f3b90f95b8bfa71600f3ad9b453a,0
3226,1324437000-d4e7a4b1d1451b1bfff4f054df38ee9f,1
3226,1324927080-b31fbe26d90359a141385a86c98aef0c,0
3226,1323016800-44b2fcf3f0cd8fd9f8e8cbd97eaf61c4,1
3226,1325953560-cd7c76bb004c79c049c650ae7b663a13,1
3226,1324254900-222d2f8476ccf47eec76120cc20c67d5,0
3226,1323716880-580a34ccd95f774ff0ac1426ae5c3f84,0
3226,1321594560-9842e0cac7ad51b38878dd9abb2bff95,0
3226,1327695840-311b33c9ff1b3518b28bfede06ecf72f,1
3226,1323298320-3e67276a4487ed177ca7220bf741d2c2,1
3226,1326503640-30400bdd50d6e9402f2bd11750c60237,1
3226,1324003500-358b501ad44bf39ec82d9b171983590e,1
3226,1322136120-8089c4188b7830868414a049887c4c54,1
3226,1325014080-a7f2c65594cb247c8f507ada31812f70,0
3226,1322804940-606155517ae1d81478b8fc12277c738f,1
3226,1322311620-91aa135d05af8c71034dbd4476d8b704,1
3226,1323925080-0907e1bcf14e74e38ea02eed620a77c1,1
3226,1323485580-661e8a3ab19d4d7d54bd7950bb780579,0
3226,1323794700-dc3877ac64c864872051578f0708b76f,1
3226,1320641700-79988fe2a5624f53e5a10b73dc9ea0c3,0
3226,1327821420-3087a393d30156afafc2724a55455448,1
3226,1321735740-2791f5beba7a219fa293c9980811ef1e,1
3226,1327678560-d9c842aeca0051e5d544ffb5d1edd4b1,0
3226,1323232560-12811773c9809657709fb0f0c192d205,1
3226,1323707580-33d08946e41427e7685fbac56c3773e3,0
3226,1327797900-19eb091e01a57faae56f12fd5b66044b,1
3226,1325906100-2cc1f03eba6afb0cb1aa9b7835ad94f6,1
3226,1327121400-9c25c43f44d397abb53582e1735b8af9,1
3226,1324946160-248d09ca89c6d20fcc41d959bab4a32c,1
3226,1320594300-42fa99abbcedf9d642a2b4edccefb984,1
3226,1320784980-79f71eb8cdcd9689994b140c9c8c58fe,0
3226,1323843300-0c2cb9d3c68865f2ba492f030a1f47ed,1
3226,1325966820-baa33081a1a850afc25b1f30b25a23b9,0
3226,1326473580-bfd5f639d571a25f99410cca8bae32bc,0
3226,1326583920-a8f1643f11dca0594c884a77d3ba1031,0
3226,1323446820-6eafa308a923841691b17bfe9c11c679,0
3226,1321300980-1cfd8cff132d356b76ea9b53c1c25d13,1
3226,1322579640-4fa6bdcb5bb6cedec3f51b74df2aef0f,0
3226,1321299600-402541a1fe3686388e76882cddacf22f,0
3226,1326317760-5994701cc82408f8e53a9306d60001a2,0
3226,1326422280-b158be5184356c6a9439eeef879c5778,0
3226,1326347520-fc4fda365727e32b531e98c129e1e643,0
3226,1324524360-6b55ecdd5b50d21f3d07b5c112587751,1
3226,1326163260-2396a7710a3257012fb940dc4f003646,1
3226,1322179440-05c696fe02ef37c40836cbb50da3b453,0
3226,1323918960-de510577482e89217fd81f14d55d6dd2,1
3226,1322724780-d8d3270c9deb0776817c88bbbb23c4f8,0
3226,1323494640-2ba6155a3fd108710290c82ab4142a67,0
3226,1321716360-4027a39d44d29ed0bb96339416e04782,0
3226,1324864500-9aa80975124cd4e15e24d394f0e00c61,0
3226,1322868720-7337945f9cc9ba77221a3a68a3507a95,1
3226,1324676880-8269f0315aee847e29da8fc02458a90a,0
3226,1322202720-f452772c8d7d12d8a6a122c4c15d845c,0
3226,1320890580-c0a0c57a4e4264c824a3a54570d972e1,1
3226,1323994980-631b1aaf3903a3721cd57ddda042c200,0
3226,1325177280-2916404c9b84605d352939194815835b,0
3226,1321069200-9fa03e464c58f388aa8f4e82a6f11b7b,1
3226,1327821420-0ab67ac1e9b84484f388d7d4b12217ad,1
3226,1321332600-93b03e7281f45c40b8858b45a3e1ebaa,0
3226,1321546920-9f604c5076e8d26bb6a34e4bca8462cc,0
3226,1324592700-ff2c432e18de586177cce725e2bd8195,1
3226,1322493420-9fb1312714da45ec0772be2b8e059711,1
3226,1326009660-93f492521d13d299e3ad0318e4e1cb67,0
3226,1322264100-4c700f07ee3d3151c51b7de8efac9329,1
3226,1322962020-71b457344fdc6103d9ee0e20992a3773,0
3226,1326749700-9e41aae3ab5eeb3f7c0b13e85efce5eb,1
3226,1328010060-addf3177848253fc4d0bdeb74a0b8de2,0
3226,1322494500-5f2fa571984215a807f12d5563b058ca,0
3226,1327445040-deca2cf5a3e20026d75a511a31d166a6,0
3226,1323591000-ca08969760d0196541395f7ec736220d,0
3226,1322498520-69e2bfcb16e454b8bdac338b54c59124,0
3226,1326202200-1edb8e4cf9980fe034d260cb9fa223e4,0
3226,1322241540-be353de88c903707a541157f97d07669,0
3226,1326942780-7f63b4710d1521d2b0ac50bac506dffe,1
3226,1322630340-65283f7669b71a27d9342919e88800cf,0
3226,1323700380-74982c14e72982d2b0592e01a890b88c,0
3226,1322606700-c17410fd333f40b3067c5893e9554785,1
3226,1323630540-20561f2938858f93301ee9159b4924c8,0
3226,1326385800-c9e7e4889f1838106fece610b0147809,0
3226,1321412340-c1247de2efd9fb2b8bec0bdc94f3a9e3,0
3226,1326905940-fb03828eec866a1d43493a9b4ef71430,0
3226,1325557980-4b459fa708479f38c110deee09bee233,0
3226,1321649940-d62d304c5beff83de6a2bb8911fb18fd,0
3226,1327198080-035931ce87556492b302a61ab66ff56e,1
3226,1325431260-3426608bb20ddeb3ba78510a89e2a381,1
3226,1321549740-88851ba6a6d07b8ad094c784dc010517,1
3226,1326835380-9bab55b086e14d90b2bf5fc210432d57,0
3226,1322798280-6a47c36d6bab687338113d326fa51cfb,0
3226,1324430520-7dc76505f4e73039650f2420d35a4a92,0
3226,1321387800-209b975c371cff4a1d20516c1d629099,1
3226,1323072000-173d6cce1aa08856802cf9b4b00a1d58,1
3226,1326261960-9e1feb9b2f26055fc9e5b511742ceeec,0
3226,1322241540-6f008b139414c63d9fcc5c3943c37e4f,0
3226,1323296220-17a0c6cd2f9e78079e46f00537b9654e,1
3226,1324610820-71ebf3eb18135a74b4e7d8bceb61650a,1
3226,1326749700-bf2f7efd520bc4af3ebd94ecded76923,0
3226,1321176900-b76ee9aae94da6799555851a601a8c72,1
3226,1320201180-f0b6b4cdb60e5a6d6b3bf2a118a7ead9,0
3226,1321486560-6f37b24c9d4edff779afc77d33c0ea9e,0
3226,1322838960-2af0510d31bc3ff948133ae9be2dc015,0
3226,1326925020-321a7ef1c0455776bd61bfdb81931648,1
3226,1327287060-cf2446de896534eb734151825a0fe3f6,0
3226,1323902760-f766df4fda25607f7f13e3dc9b4c47e8,1
3226,1323733740-dc523294a7c526efd397dca3f49df244,0
3226,1323207600-db09108b6df0471b7b74903071965053,0
3226,1323195420-5852948b19e4c4c70c48d757cf013317,1
3226,1320976440-255ca6a1c2dec61658360ebfbc4c1d8c,1
3226,1322671380-35f4ccf6282bec3eef647a00c76ac2bc,0
3226,1320821160-85c3b92960760c36ed4e241669b674bd,0
3226,1325861400-9c1c3c45a4fc46a8828def628a254f26,0
3226,1325192280-7a976ce634bf24b0ef424a3bf5658d7b,1
3226,1324313880-101fb48e6186a19ff426e61f41b900d9,1
3226,1324736700-582b2c295317ec3e3cfa137eec0cec33,0
3226,1326432300-c95f1e03c912fe4e47cf6b1f71efd612,0
3226,1323572580-a0cda28f5cf524f909ea51fe92d463d2,1
3226,1323572580-d2b5e4649d605b5ab1f66d75e317f58e,1
3226,1327821420-12b620a1c832f17dbfe21863fc546b71,1
3226,1327331820-15b775b99e45141416de33fbc66a8088,1
3226,1326592860-dbf2ba4fef6da854ae7ab9aa346a4fec,0
3226,1321990620-b260ef5387217e0e8b16638776f2dcf0,0
3226,1322341920-b5bffc2348db1f4cdbed2e25b1f2328d,0
3226,1320821160-3d9a8f6fc636bedb9c22b64c47fcbcab,0
3226,1326654600-284ffb1daa4391fe3ae30ca90ca7dc57,0
3226,1326921780-9c77ec36c9c23ae5ac7813e6bbe0910b,1
3226,1321231200-9dff0854349d386c3d270601b801d3e8,0
3226,1326660900-a9143fbcd99dafd662523d9a656df38f,0
3226,1323714420-2aa1c0b8275580005af75ea334b64f1d,0
3226,1322962020-b08b721605df9437d4c36338bfc52502,0
3226,1327851780-bbb99264134a3b180db34ff7254c2694,0
3226,1327356780-f7d43bf646ef42e5a0126d904e01e7a3,1
3226,1325629740-547933df72836db0922f72ba68eb84bb,1
3226,1321995540-f6ca7aaedc7f37aff36175e83f9d884d,1
3226,1323791940-4fbe2863829da63c63652817fda5bda4,0
3226,1325705340-096b27c5f45c622d2ea2dda9a969419e,1
3226,1327500780-c7cbc6b349cdc5718013fb5b4ff6b940,0
3226,1327609500-df59ec3907adadb12ee41ec7bde76895,0
3226,1326428940-152c914949643021b8570652d2666730,0
3226,1320810840-0feae11318b68a84ad41984ad305f887,0
3226,1320779700-4d058078a40cff9084d251eead4d2085,1
3226,1322760540-36c87b3740b79207bd923e41db23fe25,0
3226,1322882880-a87fa2ac3e14da6fb4ef614f51bfa64f,0
3226,1322671380-22ed893e0608037b50d094571cc6744d,0
3226,1320325560-fce7662e2fba7432892d21138946ea51,1
3226,1322987040-13fd2ee214b97969164d5298d6997e55,1
3226,1327704720-6cb6bafaf2177a0b7c6ac4691a3c74f2,0
3226,1325280600-23463157c4993fed20d478632fb17358,0
3226,1321995540-df11f0bd8899da11a2fb91db3a16a402,1
3226,1325798100-047ab4d21458bbc5ad18a363689feb4a,1
3226,1321589520-83c7417923d275f22279182ad5141b6a,1
3226,1322868900-1dd377274e56e6bb9a5095cd257af1dc,1
3226,1320879780-0fd3ab78ba7ead7ef09f11bd7bc533bd,0
3226,1322847120-a7154a8b48849050a3ea7281027edded,0
3226,1325263680-236e28bfdb533dc7044f81c4c9205743,1
3226,1325129880-060960c6d9f3ec6a6341b35b540bfc91,0
3226,1322949900-7090f0f8137f7fba6447a34492cd2c66,1
3226,1323531120-cdb026a938596be1ccce5b5b93b8ca74,1
3226,1321316880-fcc9d7bf037054a0571b4fa02ccbe1e8,0
3226,1326919440-a4cee801d5c4099119de79a15961ad46,1
3226,1322596380-ccc1d3b731e0b280c9df50eb954e0af8,1
3226,1325631720-03030f8bb2859753db83e7f7937561df,0
3226,1323901980-d6c8bb435194de762dbf2d379019540b,0
3226,1324157640-cf87f2d0841661022f48adaf18778a63,1
3226,1327378080-0f9353351502432f9aab0d44759ae997,1
3226,1321332000-3477aec5c4f588d4a3586ba2b56ee1f0,0
3226,1327141860-70e378338d6b25402517291b31b604da,0
3226,1327362360-5f403d0bbed006b89a5d313b41edb9b7,0
3226,1320510420-0ed19fe8908fb84e8757d3dd065a4283,1
3226,1327120800-6358070fdc445f6ff6e22ad0f0c3ab04,0
3226,1325044440-da62c8ca7e68e4caa299d0aabbb1ff78,0
3226,1322890620-15b59e6f0fa593445c2b3528c32a803b,0
3226,1320452040-dc1b8a4a31e36fa42f80874571c14932,1
3226,1321115100-41ec5ef5f54d45c0bd6d6767264807fb,1
3226,1320945600-fa52d2474fe6eb5db20ffac9842310bb,1
3226,1326755520-182309406ea1fc3f9edb77544398189e,1
3226,1326239580-8d391f32128c5ffe14ab75b773f274aa,0
3226,1320420240-24aedfe16c58d6f1d49be747b2b31e8f,0
3226,1325178180-cc4152e3152fb98e5de186bc5f92da75,0
3226,1326409260-cfb4f26de7586880ff3b51fdc9dfa8fc,1
3226,1323611640-709b2c3f9ad35471d0a7ea066202402f,0
3226,1320420240-f96ab3da038b923170274e711e5ecd4a,0
3226,1324674360-6caf7628d41f40416710fa0b1233b983,0
3226,1327766280-c8de8052a218e72b3cc15c3fdeabfd28,1
3226,1327649400-2acba461de6c0363f6e72776cb1ca5af,1
3226,1328041080-8eeea608ff988658f1f72f0df6788178,0
3226,1321630200-92165b283dcfd3d9f669b08833709bea,0
3226,1324647660-c2d6355d423f9bd76818c72ff3589e5e,1
3226,1324328580-86dfea8a23ea7aaa53ea9ab1b23e1a30,0
3226,1320718980-61820202458f810b8e093db0c8254f27,0
3226,1321613640-784039ed01e5ce6cb94fae8adb3b967e,1
3226,1325475000-54078f481113dbd284482d8e95fe1e4e,1
3226,1325217900-587cbc5f8fe8f0d21254ec98a3029370,0
3226,1326837480-741aac7aae77a7f107d0a709e596c002,1
3226,1323447960-c85eccae29022ef650cccd28920e1e57,0
3226,1325059260-fe445fe48b9fab6549a4f1976268db5a,1
3226,1327352040-2d392a0c1a6919f5e3e71655003fda77,0
3226,1327821420-75538a1c4e611891f029f33e92e865e6,1
3226,1327356780-cd2af86faf82d31d203bd1e0e02512f5,0
3226,1323711540-d35139f3333e33c8fe8add465399fb87,1
3226,1324959000-d2cce1e25aec805d6a32b40461da5029,0
3226,1323344580-b8cff84483a7282d3d0ec51f3bed8cd4,0
3226,1327716900-d1edf4d2ac78a240ea55748dce520b63,1
3226,1326496920-47ae79cb611774dad6df1e5ec4b37fd1,1
3226,1327957020-6a08e4f4a93f94f05f6c1484126388fd,1
3226,1323889260-beb6714a94a5fe98a673751c6adb5a9a,1
3226,1321475040-def544d073bf8b79390560378dd8d5f8,0
3226,1326235800-186b7b9200462492d90e9bc6feb510b7,0
3226,1321632120-04cd304346de14e5ab2cdcdf42e8b4f1,0
3226,1324520280-88e48eb7240039e6960d8b5ed50a3e51,0
3226,1326891780-d127bd000f4c232b14526618b1a78c31,0
3226,1326848640-3624df28ae6a76e97ff2019b0e7c555e,0
3226,1325870700-49182dc74aa63294f92c493350d3599b,0
3226,1321293180-b12dd0b6acc7db59373d9958bbf6ce83,1
3226,1326320100-34770bdfa135abf76720da2500a36b99,0
3226,1322092440-092080ef7d503298222d286ed2f74079,1
3226,1322504820-b607ee2b7ad3e95cfd89db459b1f7915,0
3226,1327714140-3e137ccd508cd092c9bab4a8ca517cd1,0
3226,1324477080-1d3b2961ce35334a062d4a21e85b8617,1
3226,1324556760-7991118350b0b0238aa5c91a030e3437,1
3226,1324470420-67ebd23cfce7b0edf1205cd4fe3e2e9e,1
3226,1324039860-b4225aad4a34ca97f9c0c013bdc855b8,1
3226,1323868020-8e530b2d0701e0dd3d31472003d83cd4,1
3226,1325353620-28fa206512e6749f99191822a947966d,1
3226,1321576740-76fe55761dc762330c360c0491d2b2eb,0
3226,1321616100-2278ce1dba8e9423f56a3267ae41a26d,0
3226,1327607220-7e44998a241a3d54b5e8731fc3b41f59,0
3226,1324315560-763facea87b9170a3e8223b71b7a1b96,1
3226,1325377560-d12e78c5995656a9891cd7d33a42bda4,0
3226,1321647000-8e261b10eb21e819538d865cc647137e,0
3226,1323791940-0c99950d96ddc1b884158466969cb0b0,0
3226,1323731700-b593d0f434a0bbc1af7ee4c40eb68e30,0
3226,1324511580-2f238989fa401827f6e1b832fba14337,1
3226,1323129720-c4648fb2e83eb6f14bf15c7e49af038b,1
3226,1321753980-9f20fe8bf031c0991f0f47e6f211784b,0
3226,1324051800-490e49a59a82c08b7ca5aaf7e47f5b65,0
3226,1320982740-ba87cdaefa7052573f9a280075ebb733,0
3226,1325804700-a885fae0569625e62e51f6f3b479fe4a,0
3226,1325195100-bd782a2227c7b51413a544ca0cf75ede,0
3226,1326097140-f44afe9939ebe2cd6dea116dcfd82860,0
3226,1325708640-4bb41912f1bba4a488db9f2bbc8514ba,0
3226,1327083300-a0ddb6f7d98ab5d5846137a1000fcf4a,1
3226,1326323100-39e6d78576d03c928162aa1c91e901d1,1
3226,1321677000-3dcc71c111f437410974a34f6f966c3a,1
3226,1321796820-93e45473ed6171c7762a722dfbcea579,1
3226,1324012980-4abcf2f2f8b4c35ae5a26a2579ee0c40,1
3226,1323406980-d5e9d3c5c07ffaf6fd23fcbe35c6769b,0
3226,1327507440-0361964b2afe01d699dc018c48ecd83c,1
3226,1327678560-4a35f1e99a84be1070f59af489c2229e,0
3226,1322026560-7f5dda3dbf87cfe594bec23c0051fbe0,1
3226,1325363100-3f1230dd482f208cfaae94243c7e20a3,1
3226,1321285320-c648307b7e452122a84a1da4e562ed43,0
3226,1324948080-f8e6fadff606cb504026e16516b34a76,1
3226,1326138240-422efd89ddb8b19337abbf5461fad6a9,1
3226,1323965940-39f9608600aadee7b0ff0526c7fbf4e0,0
3226,1323921480-8f28f551168f07cadf43b8a1d83f9304,0
3226,1320779700-b62ad7ae06774f1bdff08685f6240427,1
3226,1325698800-19bde90c3551e31afd70547ab58a4b0b,0
3226,1323201360-f904751a467d870b928b5198637ed563,1
3226,1321196760-ca3d62f79efbf44a99ec4cc70c5f6717,1
3226,1325680320-bf79811ef86f1500d5854929e35f66c5,0
3226,1324577040-5b81e2b4cd3782dc5c66065260fa3e85,1
3226,1323140340-426f1f0eb2f49145d7b701e718eb4762,0
3226,1321767780-274fb1700a75fc036af50a17d856299f,0
3226,1325895300-accf8f7bc450e4b52511fc4b07d07287,1
3226,1321915740-30933aed25bde1cf15da8970164068b3,0
3226,1328034960-b9873377ee919cf73fbfa321ff0d0344,0
3226,1323140340-6282eb9390320fe2d8d67e69be2d4837,0
3226,1321603560-7c4ec09dcdc4153645ab2aebabe7537a,0
3226,1327980300-1a81bed12aa343e65f486d1c31e356bd,1
3226,1327600800-1202864768c4e8717b2a524476863fa1,0
3226,1322700300-f241c532003dcdc815800ee7086a7cfb,0
3226,1321847100-b13a6840d1bff9ee976c52ac933c2317,0
3226,1326746820-60c8530b5770856c989c6715b3f6348b,0
3226,1321762440-a1d19fe69d24296db56cf46904a87308,1
3226,1323273660-081e2d7614da3d23fde940600d052275,1
3226,1324400760-0926968965902669ce40b2981e921843,0
3226,1326576300-18bb289dfd52beb2d4835c77c3451335,1
3226,1327328700-bae9454a2138667e28a1effc7ed4cf49,1
3226,1323557580-a6f0e0e99403f1046aeef230bfa08f23,0
3226,1325621220-f6ee8b0f794aae1f63519c1294325982,1
3226,1323298860-1ef42134d628f377ce56cfadbafab5ba,0
3226,1326436620-6b0b7e1f3fc56f2ad12587e047ecebda,1
3226,1325279580-1655e92dc200b7722ceea58684481649,1
3226,1324500780-bf45e5380e80bebc235c07d8901ad81a,0
3226,1325970060-0e110869f6f5b9db7345e6a32c6a6a88,1
3226,1326503940-da82b78779c7abc94ff3b7012a24cab0,0
3226,1321937400-de0d2753a6404ca34ca9218158ef6414,0
3226,1323906960-064dfbcad1e3f04d2e8a1cecc6640977,0
3226,1327411980-3439ade0513c72b1a4711b2192835a70,0
3226,1322795940-f06018648b685e29cd7ee7a6749a4ba1,1
3226,1324614240-c3c5c3c946ebaf4df55b9a4e9fa952b8,0
3226,1327125000-90e68f3018868206c506f543752ac28f,0
3226,1326782460-52f50018e0838dd7935f4dc0c524440c,0
3226,1325286540-736e59f9afc580c9e8fbed8f5fac0399,1
3226,1323557760-2936981e9a29c3ab665fe610cb89e94a,1
3226,1325777040-bf02fd788e236c962829d3a3a796fcf6,0
3226,1320450300-6c22c2f352617ca91e0d07a341a8ecbf,0
3226,1324490700-786aa2ffcb4ae6b5a30520daef8bc0b8,1
3226,1324699680-a091630d35acadd0e5dcc1f834773df1,0
3226,1323840360-2b0f50a128fa34f229843c628b5d0360,0
3226,1325279580-412d0b8714ea00498214064ecd6ddf1d,1
3226,1327931220-a906622e0f4c3019f52922ca380663b3,0
3226,1325695740-85bfd255441e58521e5fdd62af18b485,0
3226,1326767520-d5f8170856af7ca49bc45518053a60fb,0
3226,1321211700-4ca65bda879c3ab0e6ea6c586e7a34e4,1
3226,1323129720-9bb09d3e295be99a1bd6ad222b1c240a,1
3226,1322632980-193e4ef3c441751989c6695e332bc5fb,1
3226,1321303440-1fae2d4bfa8a1f85d664d9d09f03924d,0
3226,1323716880-1f9dd285530862da8d4e84abade9e1ae,0
3226,1321044960-a7869e4b821b9ed003dd960fcab17c7d,1
3226,1326996900-98e1b30a811caace37650fc0bd3cff8b,1
3226,1326385800-50aa444ac7202434bc326e04eea83c5c,0
3226,1324610820-878ca3be38674d65c615d29f3293e00d,0
3226,1327560360-d57c3d45c2d179f55cde22c983765389,0
3226,1326504300-d564e44164aae969fe88ce1ab98fc813,0
3226,1327191300-6eab747d756f9349906bd82232f3e143,0
3226,1322868900-314cd126e61ff45c76317708f0a1bb5f,0
3226,1325033820-5fe1c5e15a1a44486ce6a694d771b23e,1
3226,1325404800-a3beeda70ea621e4e299f0aba028043d,0
3226,1321933740-fba483cd318dd0eee82da8dda8380262,0
3226,1323824940-f810dfa2d6629b13ff541154ab714242,0
3226,1325302980-2edfe7b8a9681e2e3b4b5b79dcfe9436,0
3226,1321233900-16f583f0cbb393c5213f3569f95355e3,0
3226,1325105580-463836fdc2a6eca6288d9cfbafd7e946,0
3226,1325178180-022e65f756b8e2ac8b56bb5ef25477ca,0
3226,1327756260-dcf3dada922369574aae1ad08985a789,0
3226,1323380580-d89a4238240b6e5521ed7aa1df3ecc09,1
3226,1328032080-1064d754b9f602def54a8c8ecdc7fc4c,0
3226,1320467640-caeb3d062166cd8162a5f0a2cbb09cbd,0
3226,1321762440-7da8a048876d69c66e1169e554fe89ac,1
3226,1322522220-7782ed0600993e7e86b8286cc0e0c37f,0
3226,1327159020-b0efcca62bc4a2a9a258da9712b3d6a4,1
3226,1327611180-fc5632e6d7b7edaaeb3bebd820f74b2e,0
3226,1322080440-d0ffad755e44845ffc1c229fb01842f0,0
3226,1321288320-a73e95315c43debab867540869162b91,0
3226,1327713780-17be35aca4b50258beccacb4e98546cb,1
3226,1327022880-30876a8d39de2ac3d04457076a44f5f9,1
3226,1326534000-37b1e99a8e01c97b745201a01b4f70f4,0
3226,1321996560-1d884386bf9ff8c6d4e7c778f4ff50cb,1
3226,1322614680-d809c879660ea180820405ae74947203,1
3226,1324349580-f004c6a024c138ebc91f7be7bea0a763,1
3226,1326582180-545493c1235068a8394b423e62913ae6,0
3226,1326392940-4c598c6dbbde642cf6f7a719a6eb2881,0
3226,1321762440-77ed5043d567c4a3951409275ff44bc1,1
3226,1320396000-02d43cea4c0d3ef492564f9f36209803,1
3226,1320589020-bfc32b231aa566c500d105acbb6813d9,1
3226,1324863660-4a7cec76c5575183dfdf00e65cf9a54e,1
3226,1322700300-2d7912e6ce39a500e0fbe3f7a9eb9bdd,1
3226,1324498140-327545668e417099ecce2222512533b3,0
3226,1327586760-91e6fd1f989b97c8a725ecca11c464c4,1
3226,1320711000-a0f19a190e3b5f2c63dbda09dc39d28e,1
3226,1328053500-bac3ef11673d3b0ae2aa5678db507dd3,0
3226,1323205260-5d2c112855a053bc1bb80445018fefb9,0
3226,1326457200-799f296c9e906c940b0e81fb76e33bc8,0
3226,1324577040-42190f40fb32fde0c8eb0d53c503163b,1
3226,1327536840-d5e996225b2e9c6ab3f6b55cef14a270,0
3226,1325007660-3016ff25d78586fdad8e1a19075a7368,0
3226,1326960240-b4b6188094884b65a4ad07a6b7f13d37,0
3226,1320599520-40c8c264f2cd9e17f47f8c707fbb8baa,0
3226,1322103180-aa83b6c248098c8093762901102e9e61,0
3226,1325279580-2b207dc13e822598db48753b382e6a7c,1
3226,1326895740-3a13bd08df653fc788e2eb4be9ae81f4,1
3226,1322159220-7377f3dca62521e210e1cc54f3408f5b,1
3226,1321188060-63c9e31c3742c328338a2e642436b591,0
3226,1325047500-7aaae595b83634dc59b3b481ab26400e,1
3226,1326146340-7827d2b8e912f64894e9cf2e275f74cc,1
3226,1320757800-17e445bce3a211b76dbe5adf16df8737,0
3226,1324517580-0f92769550e2ca5cff89c985fe322481,0
3226,1322327280-9514ab2df8ac2d31a0a95fd730703155,1
3226,1320537120-b4b4b7280a4f09a6a7fb690b0f922aef,1
3226,1320771900-0bb2019c49674ac8d0dbfb05fc35d0c2,1
3226,1325720040-49a30239956a08ff20cbd8bad6af0d96,0
3226,1323198180-d7accebd2a0818a371aee8eb70927f1a,1
3226,1327331820-bd5735e3de3ea46f2455259025010520,1
3226,1322664180-c06266ccdad84b82710674fb436744a3,0
3226,1321369320-867231bf6a1f8fe76215ce865a77364a,0
3226,1323734340-bc6361ea1a3164482fa0b8aade47aca9,1
3226,1323298320-6ee8ca589f05636156a59ee59d92e687,1
3226,1324623180-3ccbc720791c49ed9caa673bbe0a5919,0
3226,1327587180-78a13158f8c776091f00605c7b66357c,1
3226,1320692760-d21be37727a6a2c16e6b5f9839f89ba8,1
3226,1327463220-14b0e3845d965ab249a5ad16f109ab59,0
3226,1325606460-290bb28a5f366f914768b4a60ebffe7a,1
3226,1324058760-c12547c61f53fb80baab793ab95be234,1
3226,1326640680-93d1229e89c2781ecd880155ede74cdc,1
3226,1327749960-a256bfac9cc7f846907dcdd70ddb37c0,0
3226,1324451700-3491a52d86224334077bcfe3608ee5ac,0
3226,1323615780-d7b99d6cdbf45af9b35bf6801d3afcfc,1
3226,1327392000-c14276a45657e9260b990943d97aa45c,0
3226,1323647700-58b5392a8ee71477b8faed880cedbc4c,0
3226,1323563700-c23584a5134dc7fed2dc4bbfd90e6fcb,0
3226,1320857280-de7344e406bbff815d3ef1c49c9e42b6,1
3226,1326843900-a7b4e7661ea178198da842d1b0990b05,0
3226,1324059780-deeadfa10a71b343e22998674cca19ac,0
3226,1324428360-cd4756de1a1b5273241f1cc861c5b492,0
3226,1326476100-b2bcc7bda9e89a3f4c4894b3241136a9,1
3226,1327609500-0d3f96862e3355f4cb9cde2c0e1f67c4,0
3226,1326421800-2278f66dae521a363d728961d4c50c10,0
3226,1324395660-48e752895f86546ecdd6b75337f917de,1
3226,1325647920-5d51657bbe43a2292bebe1ea2929d924,1
3226,1325628480-bf9a432eb4daeebf2c9acebba5c3b1ff,1
3226,1321686660-3aaf5963897a7862761d7fa110950e1e,0
3226,1326317640-2ce08d77007ea1c23296b1d71abd27e8,1
3226,1326405360-f60e95adb407af363129981926dc2d09,0
3226,1326860640-91da87df9989b0cc7fac32b6e2fbb463,0
3226,1323411900-5867d3e3104eea0bc91d4e04f1e97048,0
3226,1322601780-f076a29c09394cae9f3dc82fd3f00f26,0
3226,1322251860-54d381f062e6e2cff41fe020bf5a49bb,0
3226,1322868900-a09c6f8e50f8244de49e7a3560ea06a5,1
3226,1322448180-47482e68c449fc2d3cabcfcfc749851d,0
3226,1326742800-cfef4af893ef67da15704fc7766583f5,0
3226,1324584720-da88be2afe0926fa59a96cc96cf810fe,0
3226,1322764740-27d3ae142f8a0aff170d8fb7922532ff,0
3226,1320236580-ab6b600da9812b8443be8a2a54455cf9,0
3226,1325172660-5711c64f404278a891e4c82457f318e3,0
3226,1322272440-a1cda924e9aa936744d494cc7d4186c3,1
3226,1320948240-c0b4347635998aeaa4dae085687e3de1,0
3226,1322000160-010ee98dda59402bc72e4723938bfb73,0
3226,1326541200-6bcaac2987901b76f95251585721b0f8,1
3226,1325371260-0844f16b188131c5c69d3110ff52e012,0
3226,1326151980-c84acebe484e17f1bbfe56fcf59ae6bb,0
3226,1327957020-4eb38c5b4748b693dbe47b0d2bf4cc99,1
3226,1326158520-689241143409a8129b13e892c02d5f22,1
3226,1323444240-3efc0ebbb844c5cc39648923284dca92,0
3226,1323974100-a780c7ab9101d73fb10bd8aa4dfb804e,0
3226,1323532740-694bba6812a3512d0f1c2a54ccfe8d2f,0
3226,1322962020-4e94ae252aa3ffdedcb626450a88d9bd,0
3226,1324161660-f9ba6b8e7cc6aef0aa0a48d7171c5e73,1
3226,1327434120-8f00ee348d18773fa7f96ce2bbfeb8f9,0
3226,1322586480-0c6905e82efb783ef1bb57d0b05b0f4a,0
3226,1321447140-58ec80357df53f1102029896880e6b48,1
3226,1325734740-f4556ee877682b878a1a47ce11ebd072,0
3226,1327821420-7732b156799cda06f5562cd658619eb3,1
3226,1322317080-fb37e8767a70df7637e3c5aaa22246e1,0
3226,1320216960-f18312cf60530d283a077115e63e3bf5,0
3226,1322337660-0cd6f51c38d8b07a084f46809311ca65,1
3226,1326519360-2c4ecc2d3e863d3fe9a1c878d1ec70ea,0
3226,1325173920-8e2b54d21cb1095124281dc08e01e909,1
3226,1322859360-42c33d3e5c053582c35340a04fde86f6,1
3226,1321659600-b6e0012e05d3941108934f45b2a72a20,1
3226,1327560360-01217329be5e2b6cf8226071cec6a767,0
3226,1323220080-310abf0c94de37920411bdc8ec1f7230,0
3226,1322694660-cfb28deb6c74e62650a89bf58ea92123,0
3226,1327194720-b2fe57180897adea7054d44f2dd2cadc,0
3226,1322060160-da3cf1c0a3c62c3c23d15f07c12fb5a1,0
3226,1324994100-8826ca8872c5ae5107ab4b1233e645c4,1
3226,1322620320-44eaf52f7efd06771582cc32dbf28be1,1
3226,1323728580-bd25a6e1321063950123709be1da737d,1
3226,1322586480-60f33247d44a776065151fc9da17924c,1
3226,1321570680-624d6a2c0ef70df74abacef69aacf81b,0
3226,1320803700-0fff30bda4d198727225b26afc7e227e,1
3226,1324418580-7ea69daa76545f078edc3c03110e45c7,0
3226,1323540960-814d6e7b17c112750a5475d82f057a19,0
3226,1323009960-6f64b590c4b454c7962e3674476ded10,0
3226,1320432300-2a8de3311fb4530c0373492e1d05a600,0
3226,1322166240-174eaac8a9e03c2dddf08017f067dbc5,0
3226,1321427820-9f3b07d293a8859611bb68fd3647f676,0
3226,1327954380-dc9b2e95d538f69ec3b239b13423043c,0
3226,1323965940-44a8eefba4252d8c351ee082028105b6,1
3226,1325710500-7678fe3bda04d7df9c69f6b61e264d4e,1
3226,1327203780-b031bd638b08047d5a935251da0cb092,1
3226,1322932440-a254287800e468d05ccf282f21dacafd,0
3226,1327378080-123401b0e777bb183251d5235baa9c74,1
3226,1321557960-4901346784c4abbd9ce59959c5e0abbb,1
3226,1326825840-c47980b0a8424d43579b6e9d07f8ee79,0
3226,1324355580-da36e8bd69da879dcf22d74415749034,0
3226,1320941940-ddeb4b67e6dfd491117ac597c242808d,0
3226,1321649460-0834c1d62a669a00153f832f4b359e0c,1
3226,1321566840-b1225002d54b66215480578691c73e8b,0
3226,1320721860-0e5dd280e178f0b43d87de3b0a760b5d,0
3226,1328044560-06a7198ed7670a4ddfec4731a6fc04c0,0
3226,1327864800-10bf188401f9a5c702944d3c11adef87,0
3226,1320862260-d1ab883c6ee74e600b262b2cd584f0db,1
3226,1323374700-fae67e86d41968cec1849863b11a8b00,0
3226,1324670940-cf37a75a7dd04480b13c70eaaf2a01ba,0
3226,1324221600-a9b085523a185a134440de2b7f4ac4a4,0
3226,1320249960-2911bf468e5652a08e07972bd672c487,0
3226,1320794160-5039fbef79128f2585047f05b2dabbed,0
3226,1326493140-2ac93ed1e36a203d1fd4799058e93abe,0
3226,1322915580-b81af53e26d0c33a6592771a6866ec2b,0
3226,1323818400-87e6146d37e76805e598b50535da2510,0
3226,1326415140-94310e3d283cc4ebb79f7cb076589a51,0
3226,1325799480-57d4dfdfd40eb96c47736614d4cf883a,0
3226,1322094000-784ec5d0f0d3fcab7d620ef81e83379d,0
3226,1326866460-306840c73f94db9f6ad5b7d7acf460e9,0
3226,1325910480-9f41cb9b1c3c65d66beca071451150a6,1
3226,1320462780-796df6997676dc737a33bd34fffa3ea5,1
3226,1327445940-99ec95e5613bc230511abc7a405c4bc8,1
3226,1324816020-581d78bde8c4f735fc3f859b99cf6c1f,1
3226,1324412880-5b4d8d52f2bbfae664abb724edf6e7c6,0
3226,1327015080-295fb96e5bb0a0553158f937de80f32b,0
3226,1321478040-f3fa6345dddb0ed9234d67bedfb8c961,0
3226,1321376280-429e0ba9f8a973aab0ff2f031c4bc0c5,0
3226,1321762440-63b50e09055328c61e522e131c2399ca,1
3226,1321669740-c9a7772ba672652a7fd6439f3fb42d5e,0
3226,1325195100-37c420d6be00b725241e1915503a8306,1
3226,1325697000-02739debfaafa10cbef81196b3ba5efb,1
3226,1321051560-9e6f6d914f701bb4776261eaaaae0676,1
3226,1324348260-f3a6662ee1e695321071896391a12b36,1
3226,1324261800-397e069fd8319e7bcad75f79c462cd19,1
3226,1324012980-00ac9a1fe27964bdf7e480782ad2bdfc,1
3226,1325279580-06675d5c516837067f80b722b66d68d2,1
3226,1324234440-d497516fa36b0ccfc7e10e97eea701c4,0
3226,1325034840-d29e5e97c8a3ecbb5f01028f498a800b,0
3226,1327005000-782dc2d824ac4a856faea177e9a02920,0
3226,1322667720-a07268105cc2e0cd9476a8211bed796c,1
3226,1321392480-85747595b969b03e1f2564bc0a1d28a3,1
3226,1327635720-c70a695fba83808b3a9e2604215a0803,1
3226,1325351700-85b24dc24288d30148500992052466ce,0
3226,1326132420-94fa61a2ec19231a20680058c868ab6b,1
3226,1327948260-1fc62b2e61eb8faedb4e48842047bbab,1
3226,1321447140-2c45f3cce43641ecaa89a9da4cd34db7,1
3226,1325246460-3456fc160a87fee99c88f4aed4f4af50,1
3226,1322586480-47509219d7b5ac0f55a9196dd2e5e1ad,1
3226,1325941080-af7a5d7d04b644c566ec74f3e8d82366,0
3226,1326834840-1d4b944b4e3a392d46c246f603780e61,0
3226,1323217140-37c4b65c92473d081c82ba2f482d4adb,1
3226,1323463020-7d009ba471a5cb2ca69b1b3079efcef8,0
3226,1321649940-6effd30599ea79bf28532dd1115ce25f,1
3226,1322042580-d727bae7e417a2bc8bd657812fdbdc2e,0
3226,1321751940-8a14fa3b3f6ec4e3d70942f7a83097fc,0
3226,1324912020-7ca5467e64151faa4fca5a7deb469cd8,0
3226,1321762440-ac4c28a61c2730d238cee95f451896f3,1
3226,1321762440-a435e7a866fd4b049e9a9923607ea01d,1
3226,1321591740-17c6c99539c167d21b153d0667d97ba0,0
3226,1325717460-a6e909fe5f8ec321cdcf5abf021e8eef,0
3226,1322775660-62a09063b658dd104497b73ac86468d6,1
3226,1324959180-88218f78d0474c62dca0114860fe52a5,0
3226,1321051560-2ad967357d4acdb6131bb3654b32bec9,0
3226,1323977580-b3157dcaa26622dcea653831e9fa9301,0
3226,1325740440-8ad4c1210781136d63010ee0806adee4,0
3226,1325212260-3725b62bc8b73417557292dee7becfca,1
3226,1323794700-191cfe24ff490de9e3f92ef221a9f720,0
3226,1322418720-96f43dabb9893f335b69598981dd5382,0
3226,1320858480-5e54e83d73010d0c771d60d915815b58,0
3226,1324523040-0407bdc792256144eabf7c92804537d5,1
3226,1323721440-f9bb0b6b549f0f20f59fe04fe3ff7b8a,1
3226,1322712720-498e1bb17b2b5c85d02ce6dffd4295ab,1
3226,1322954220-bd13135a21ae59ce30d605bb9d44dad1,0
3226,1326223140-f02d7669ae87e73b9aee3d56e046296d,1
3226,1323186420-263b760bc9252142b039911ac09d184f,1
3226,1323477540-a494e146757d381324f93fcd62468614,1
3226,1327418040-12bb3fe1af2d34fb6bacafa02298e163,1
3226,1321456620-dfeedf8da1633268a557c6c8c33ce3b8,0
3226,1328059800-ad2855b7ae50d079cbed63bbd5188db3,0
3226,1323662580-94763f3b02ec1bdb1d5113ed237ce382,0
3226,1323447900-8eb9b5d144de3e96bcc464510d2ba389,0
3226,1326333180-96d16baeb6344ad8630a1017ae8a14f5,0
3226,1322895960-886ea6db8a5a40cefd10e6263bf664ae,0
3226,1325812380-fd129b5d160d992f86d3ee20772f62a5,0
3226,1320948240-529d054c4a5c1c3220af4700ad5023e5,0
3226,1327611960-448abbcc7037f59b8f8a06144aafcd6e,1
3226,1327198980-d34c955bd1778d53814d1bbe321885d2,1
3226,1323270720-c9d186ac86297029525a93b42c21fa79,0
3226,1325904060-958bd88cb574754cd409b0221036c979,0
3226,1320342300-37074a821f721c3805f56f0a4f4868e6,1
3226,1324442100-fc1ab57a3fcf1659ee9c6ca32f776123,0
3226,1323281280-2d0fd5d58e31fc3e241c3182e0959b51,0
3226,1324047780-8acc1b769622bac2dd9047efa2040d4a,0
3226,1323997500-ab5c57de8de58891214555027c8dcbe4,1
3226,1325118480-c12d7438292790c4cc63629e6aeb6cbc,0
3226,1327015080-c5a3e65d28f9a386d3ffac02a389a7ec,0
3226,1322311620-23c86f59e1ff7ade076f472eff594607,1
3226,1323713640-7b23d4a4bb35e8c6629841babaa676bd,0
3226,1322655540-bc61397c78bfde5498b97f6f55a81635,1
3226,1321105200-13f1cc39ce6623b9c86a3bc6f18c60a3,1
3226,1320944940-d3faf49e189bc7cb94c4011354fcd3c0,0
3226,1326741780-1ebf46db2df78084b31e265ec734ec8b,0
3226,1321176240-8d7f31a9ac7478403addd7e2881372d9,0
3226,1327255860-597ec1fcb20cd2a7d19850735474a1ac,0
3226,1326946860-f42bf9120ad3c65aa6831af748b2cde7,0
3226,1323443580-58e1baa89fd7bfb8b25981a75bf269ce,0
3226,1325718780-458dc750258ffbb413f5563e369b5647,0
3226,1324608420-b8e299fd078a91d67c205bc70acc1a4b,0
3226,1321491420-d1f5cefe8e6504616ef7259b3e5e5add,0
3226,1325651880-dd7f3732a70bad61d53f7d542365f65e,1
3226,1321399740-a1e0d61c2fcc926e2a8a915c792b6791,0
3226,1327641780-79940be7fac5a2db783a314e3a174520,0
3226,1326247620-fa72564356f7762a717b3ee7f6a76f7e,1
3226,1325044440-0b76a19f6f3dfc1b6244aa87c4226818,0
3226,1322018160-2f029e4719424f1239f0cef6925a7cbc,1
3226,1325331960-814e8355032ff05084d353fab477a735,1
3226,1324846380-2a35c0ed6e2e121a29d4ffd588fd4c2d,0
3226,1324470420-758a749a22e5e206aa1f883e99630562,1
3226,1323096420-80e0c4c2ee69c4a76349dd69b1b630eb,1
3226,1321833120-bdac90a177d191cb93bbc760102b3eb6,0
3226,1321685040-aa95598de8bce541dfdf6db8b55e42d6,0
3226,1327371900-d6481a3783f5a14acad1e3e62f96315b,0
3226,1326281940-5c2e30ad083b9f2cce5ebb1792b24e58,0
3226,1323335280-a62276f2dcee441824aebcbbd8411555,0
3226,1320133020-604399ab27214134424449f909858973,0
3226,1323808740-889c122688b8508a0529c1896043bd20,1
3226,1321373760-44eed8a444422184032ff1c36ba36cd6,0
3226,1321557660-bafca9990719c1874984e36e0ef22ae6,0
3226,1327344780-f2b0528867cd163f50dcd7c252e41688,0
3226,1323271380-4cd199971669ddf91f78985054e761d5,1
3226,1321051560-aba8ed2adb0757cb05051ab6f542e3bc,0
3226,1324816020-5b78c61fdfeae6979fde31f421b74ff0,0
3226,1326978780-b8dc67acb05ae3d6beedb3a983281805,0
3226,1327701960-23942162819002cee8b37076013527b8,0
3226,1325991240-f3faac8bc3887aac19d6a07dee7ad65b,1
3226,1323148140-7ac0f2d924166db95baed15b93afb55c,0
3226,1327379220-67e369bcd1f58d6fe648b4222afa2203,0
3226,1323469500-d3314b6c2222a9389a473a6f3b454211,1
3226,1325751660-1c361df4993a854fec8fae38e3ba3f60,0
3226,1320816420-54595665e59167191821866604b8f042,1
3226,1322420220-5600a79535dad19f75b1c3a6676294ac,0
3226,1327612440-f06d24d81676d1fccdbf43994727dffa,0
3226,1324346580-a0270e55888004dc2f1935e90f358d0d,0
3226,1321401780-51fe319fafc2511619d97fa0a5e98f94,0
3226,1323740160-505f8d8fd4343a475f19e77c787de575,0
3226,1327651320-961a76f00858c9ad49c4ba00a13b7c8d,1
3226,1325659860-a34d8948d86e674d383dca88be299a81,0
3226,1326938700-66722fbed1c52a190d550aea3b61cdf4,0
3226,1327967040-07755355d73599355a86b567da121482,0
3226,1325847660-7e4350a5d64f8a9aedcbb5e7a54a1600,0
3226,1321412220-7b1741a3436598ffda86ef962d15b4ee,1
3226,1321666200-8569590e06fb3c4f6583a81a9afce0fc,0
3226,1320103920-5ed588bfa219fad7389e84be9b3e61bc,1
3226,1323739080-70f3ef94f8d47e506549bb2ada0a3dd9,0
3226,1326823920-3c8fc00e587fb3b31bec4dfd014e51f5,0
3226,1325024100-baa460f9b09bb0a67231013f31a9a7ed,1
3226,1323815580-d70f6d3f8bee764f20a71eff6a24ffc7,0
3226,1326361320-46ecec6c39bca67dbf5785c2a0609011,0
3226,1322178360-8f4e8aa922b4f31f0be86f6d3320ba6d,0
3226,1321051560-b04fc61241cd75588e56fa05258d86c8,0
3226,1326896160-356e32165cc311b1f9ba63695551669d,1
3226,1324602840-02f32b67ce0f8e81ab694cfe665ddfb2,0
3226,1323238140-1eee38eccc0b3acb24fc3b9a95842de3,0
3226,1323755040-aa4245c3a78af104b24200158f0a034d,0
3226,1323147720-76ac45b36eb2c8cd6f87eac843e27d52,0
3226,1326423300-0bce3cd21d7664a241bdf917bd231a83,0
3226,1324312980-b90dc17090fbb97ceb956acb3034e446,1
3226,1320452040-84317a9ce983f59ef7e3c9a591ef8509,1
3226,1322606400-ccf47a2e27b9c23fee8977e84fe3a61c,1
3226,1321058640-0fb6af77f0cab8f6632aed08a7d6a691,0
3226,1323129720-5ecf02e4fb78d1d1d0f9ebdc9b5d674e,1
3226,1323295380-f672c82cd9cf5c13ce189ebf32c414d1,1
3226,1326950040-5bbbd1ca868439b597aa473a9612bbd0,0
3226,1320781920-1a85da3097e4028d3683b7bff0d925d4,0
3226,1323662040-f5b1b385721e204e90a9468a898759a7,0
3226,1322494500-56eb10ec42e8cf5486bfece5459b667e,0
3226,1326213120-76a65c3d3dda8d397a35ff9096e721ec,0
3226,1322758140-3aede939264114245ad05c37063aeaec,0
3226,1323389880-a372bc3cf4ab60f12164c48a232ea78c,1
3226,1326002880-cc4aab1de44559dddcdf80bd31142a01,0
3226,1327967040-2b21df473e99d66a9d01ab7fab4cc47e,0
3226,1324055760-f0c2494f32c18a4edd1bff16b28f5dfa,0
3226,1324002060-67b07d2aaf3e8f95c68f5b50a10052c7,1
3226,1323636900-c543b50936578b68f11022d363101a40,0
3226,1327970580-04d35aa53d70182958ee5a00645388b6,0
3226,1326593460-a6995460f666feb56d366eaf9bc7779e,1
3226,1327835400-7392e3ece233cf3a91fdb44dc5bca2da,0
3226,1325024100-f83f85521bdf2223a5c5a53e44af7753,0
3226,1325639040-43b8bc3f9e24905d98ff7b0301489442,0
3226,1323662580-39ff3a53b26183c861dc668ad51bbf77,0
3226,1327536840-92170bb1c2559c312035d3cac595dc62,0
3226,1323710880-628d15984b9414fbfe74412f0bbe486d,0
3226,1320674040-551153c354dbea3c4632766b7a185bb3,0
3226,1325715240-60973773d44454f2bc3456f3b193efdc,1
3226,1324010580-97494c953b9e166cbe6f841828e97af8,0
3226,1320771900-94071e0c8ed3daad5f13a19cee666972,1
3226,1325915820-58f5be17c597677b5ff4ebbaeccf4889,0
3226,1321443000-f9329ded18b25bcaa7091eabd4b5cd5a,0
3226,1322628720-70b351bebbc08d903bd8d2d1aa9ea071,1
3226,1321051560-5dce83e19f7d57cea323f101894b1c0e,0
3226,1320524640-f9c1a592f7a253c6d661d1756f251591,0
3226,1321552740-8f65456bccc60f8fb8894107b6042425,0
3226,1320767700-6ff69e6ac93d1aec3810828aeabbc22c,0
3226,1321891620-984bb52e460774aab6e3d39bfc89f3d9,0
3226,1324397340-cf6841b5c182d7ecb59875f7c729a63a,0
3226,1328019540-dbaf9beb32e101f08ee04ad5cbb6572b,0
3226,1326416580-53087946cf4ff4ab1e9ac5f9dd0a4fec,0
3226,1326495120-808d28d7f008535faeec31a362fd0fb0,0
3226,1321457100-73eb4cfb5a498fefce24034f06de7724,0
3226,1325720040-2091fa159bbefcf4aaffb8a5fec956da,0
3226,1320712920-dd96a12ac48be38ba96107039998f585,1
3226,1320876180-cc4c475afe981432a909740e0feed6d1,1
3226,1320708780-f4e8e15f477f1fe689f64213371ab07b,0
3226,1321052580-cf31f03b75b4679738b2981bbe0471d2,0
3226,1323107400-cb7892c7d0a1b07978775793caa6d43f,0
3226,1327518240-9933c54a1fd6d94ac851109446c6882d,0
3226,1321549740-a693a97a05b287b7d72fc90aadcd6a20,1
3226,1327857720-928c30175cd5512c2b25b99ff5861dbd,0
3226,1327086720-22525fc6c5bbff2ceb5f622c8e03d707,0
3226,1324430400-bfe17cef8a000767e755fb62d346222a,0
3226,1327239420-49bc4f8a87d61c179ab18a3e3ae216bc,0
3226,1324493640-c914faf358ebe96aa65b6c79ddaa49a2,0
3226,1321846620-896aed1afcaac5229d903df7ecba503b,1
3226,1327540080-f639bb909f63a1fefbb90af6a6b5c627,0
3226,1323212220-c1fbda9faa074b8e01fb43023319b195,0
3226,1321387800-95880c9c2cc69f7795b02f0b6084fd91,1
3226,1327947360-11392640af7bc5a282ec130eba608e3b,0
3226,1322760540-00bd70ed4f662b0fb015b02965b5b5d9,0
3226,1325804700-f26e98a768db72357579318ac157cee3,0
3226,1325304960-97d071d3864a8fe4380c9d8806e1f81f,1
3226,1327651320-d76b73a33d4edd4975732d4d715d920a,1
3226,1324015560-f19b65bfbedd375d4b51d79d5e2fcaca,0
3226,1325913600-b2934a657aed73e80c40aca80254c4a1,0
3226,1320865320-21fb10666968e9327d758ce5abf3e97b,0
3226,1326457200-3e2079d0852ffdf2666745a40112ae4d,0
3226,1321928340-a72886c6918ca8afd18cec845d4115af,1
3226,1323740340-1111aa976d8dfdc3d908c3129b26ddac,0
3226,1322493420-ab69e86ddbdea8682521bf83600b6d4b,1
3226,1321677480-bfff54df1396df80dd67e6278b592e64,0
3226,1321662900-8d0b409012e5cf6e4223a8ad82d3d6f0,1
3226,1320903660-673b7f8b11893c1609f81cc9d6548965,1
3226,1327339200-375de7a4fee4f112680ed4a2a08c1a86,0
3226,1327804080-5702d7f8d5a0c3e0e99321915aac7c13,0
3226,1323889260-0c296d661a7357ec37430177fc9e27ab,1
3226,1327068780-067c95135882d01180a2bfdaa6ecdd98,0
3226,1327365780-2cf539f62457d20101d8211f79f7eec8,0
3226,1322804940-2029ea05c33cb1645d278c467895d80d,1
3226,1327362360-9289e02906e856452a12a55abf56fe1b,0
3226,1320505680-4d98863fe0364af711ebdf4ebc7f11fd,0
3226,1325271360-541dc30567a33bc211d59aded3cabd3d,0
3226,1322317080-dc1b33434e0c8584562cecf19d23b5d6,0
3226,1322845740-48d44d382aa7fc6a864b0902ec5419a3,0
3226,1326127620-ca86d99eeff30c8a25dcb5e4de574874,0
3226,1327941840-b55b6103c5925d7a0edce3919ea6a037,0
3226,1321481940-96837188f4f1b9b5771edf312e759b15,0
3226,1320967380-19d2c8829832fcf06203f4110349ce5b,1
3226,1327107360-2caf91e987cac7b58785a9d7e4acd876,0
3226,1321297440-75f51b9342f539340b9f062091c1e4ff,1
3226,1322518740-dc68fea608348c2282095d30c5abbb77,0
3226,1321567020-230bf5c08979288e0cfca394049cacce,1
3226,1327609500-1495cec7ff214ce66b361533449c2ae7,0
3226,1325827740-9da799f4903666a3fef808126bdb7ad9,0
3226,1323128280-f2aa099104b353d9dd1aa5bf0d9dd15a,0
3226,1323477540-03acb9030ab71cad897ea1919ba13f6c,1
3226,1327706700-391ec3951f76b97917ea69f79bd102d1,1
3226,1323150960-886feca6ccb76ba3ddb7898d6c601b9f,1
3226,1325562240-77eb5648a69c885ec9d5131e60237715,0
3226,1326851160-0e47bba811d64d7b049cbb579ae2c3f2,0
3226,1326132180-04f0f07823318ca1e155ebdaa42cb8ba,0
3226,1320111900-436477612775adb70193e86f1aada0b8,0
3226,1323386940-70625fb488633e4d19013bcea2af81e6,1
3226,1326578340-8380a1da92164b2e51aa321137bcdbaa,1
3226,1323306300-9b2a832d21815a7dad125c99afed6fbe,1
3226,1323477540-de9ed83044968e7d1685f8169ef5f246,1
3226,1323308220-65557f147140bd15d611b9fae4e22400,0
3226,1321770000-15d6720ba55530c01a65bd34b819b979,0
3226,1323132540-8013d39b3f6eb868415763ad739aa3f5,0
3226,1325432100-2431fc32c9cefffea65c3bea9e1fc48a,1
3226,1323894960-ce2162143fdd8b403100f4ebc52d6dfd,0
3226,1326276900-9c77190c3e6647db2c0a7d7fcedd6662,0
3226,1324214340-720dc849ac77d88452772aec0238e1bd,0
3226,1326121320-cd5d82e5fae183c4921349c984491a23,0
3226,1320898980-a9098981fd3300aca44d7201fe7b6d58,1
3226,1321660320-fb055ae178128bf9d822ba1d0680ad99,0
3226,1321415340-2ee336ff22c47c880bfe9ccfbde1ba99,1
3226,1321189200-880cd0df3b77bdbac6e76fb12888662d,1
3226,1321770000-a54aea14baa20e6702db3fdb578390d0,0
3226,1323752880-97d64a1a7f5f797997184f1f4b801672,1
3226,1325594100-fa14e80f159fa7fe7ac3a7e623445e08,0
3226,1327450800-2db6ecd9a963fe767aa431e9936601ff,0
3226,1320454320-4190a396ee7c16a9e693b77bc608e16e,0
3226,1326304140-7e1bd5c7db5eb8a7da098ed423a30ca0,0
3226,1325279940-6b2e9bf76ea7dfdf53108cd4303f5ca8,0
3226,1324069020-b90ea9e8ef7ca92c40fbf164b5b257ed,0
3226,1325821260-bb8175b7f8e451de76149b165363b8fb,0
3226,1321411500-27166621b8ddc65a4f1c58721385e0a0,0
3226,1321506420-ff6c720ef312f24eea1eb40b2d0c9df6,1
3226,1320305400-2a6462917a5bf2e5ab6f7db63a37200d,0
3226,1321886820-a2cd21c9f34b320271bf6e08c21c83b5,0
3226,1322303760-d5cdeb6fa3b79348c1a158257efe5cc1,1
3226,1327526520-b0ce89b921383a43a90dc595d248587a,0
3226,1325736120-3ccd48260cf8aa46b9e68a6823b273ba,0
3226,1322712720-3a131e9009647178020646ea6eaac984,1
3226,1322814300-fea2a9737960850b9afb5f1809e8a63b,1
3226,1327094400-5fb49f479bfa4bf37d333f4f2ae40e14,0
3226,1320326220-d52816f115c1168a502b5ca4fdaafb29,0
3226,1321189200-a2caf0e32328de853e5068852f3dde68,0
3226,1325638260-589c5411d2659210428d186facc524f2,0
3226,1324001700-f914bdf122b26aee354ba4b2867ccafb,1
3226,1323965940-22e333540f9d2d457205cccc3fb5a44f,1
3226,1326417240-b3b0b7ab27afef67342b2a806b254175,1
3226,1323110700-516eaedd819acc05c2737b760040f111,0
3226,1322283780-c79124974db5112a7baa8259c6f6bff4,1
3226,1320804360-a84869818bd0030c3d357189a5371bd9,1
3226,1320452040-b893d7f85add5efe1b0c62322f1a5e1b,0
3226,1321065480-d5d9348359a3a1b840f230620e88523d,1
3226,1321570500-8fca316ffb1688b0f8526277599efdad,1
3226,1321455120-d7da61b6316092f767923b7f32897047,0
3226,1323994980-46ce9d30b5ce52706f4ad91bf008ee28,0
3226,1320714060-6e4ccef18a4f5412bfed873f14f2a2d6,1
3226,1324027620-b1ceecf49f1cbca91204d6dd57875517,0
3226,1320858480-5917ec3635cff4c1d9ac87eb57adad93,0
3226,1320403200-bea4f399c59f8505140160d47083b1c7,0
3226,1322229000-660c4b039f41c8c6d9c4ef7e19ab9dee,0
3226,1321307580-5fe168ca4967a1e97b7b29a3f1187e7f,0
3226,1324490640-09f601e50452e2ce6d6adebdc85f35b5,1
3226,1320530280-8d290f472f48738ae3dd70bccaaa499e,0
3226,1323377760-4baabae90c54fead3c4210069eef13cb,0
3226,1325024100-a67bd09274382b6bf9af0b74c7761660,1
3226,1321601760-75b55777e893dd5b48c173ab5ddb7bf1,0
3226,1321488120-ad40cc84ed4b76f7fe12c7ee36a40e16,0
3226,1326601080-727122d6ac9201df39bedac083c6112a,0
3226,1323644640-3031ba6ab6d0384a6213283a576f6e04,0
3226,1326368760-b850a50818ff25c210d7ca89bbf51333,1
3226,1323096420-9cc9dd00d138d2cda6b1438849f6ca2e,0
3226,1326163260-bc2d48bfee5b093d2812bd2aaff3c1c0,1
3226,1325130000-4b0dc789905cc24ff93fde37cf554800,1
3226,1326024900-af1bb1b0283e18a9767772303c0dfab5,0
3226,1328059800-275e8b9315ea6f347951fa88b52097d4,0
3226,1322018160-396c19a6ccf154b630ec391b1d21950e,1
3226,1322433600-f4e81cf83b2b172a7bc3b4df29397bc0,0
3226,1327595580-36533fecad56ed3dd5536d1856ff9ea9,0
3226,1324571640-459e8b488eacfa2d11b542534f343cee,0
3226,1327713900-c78e5d94b4c6097105bf753c72e7bca9,1
3226,1324149540-dbaaa22ebb5d2252daa16f2ebee1479f,0
3226,1325058360-1e2e63c671d52cece30bb47ee3ee172b,0
3226,1323437580-3e4d28da8d3fc1878979ae4f1a8f27f8,0
3226,1325991120-521874c6c1c39eb43dccdfc869aa5264,1
3226,1324642980-3bd0d8b31124724e6a702b21cfb80a57,1
3226,1324179780-93fe45bdad748cba61540854d38585d2,0
3226,1326288540-6aec5c0cf56747143ba8e87370dfa169,0
3226,1323582300-93dbbe204e6235f76d3007102ea2bbe4,0
3226,1323117000-b7498ae2a9cd00e5a1f1a05268598019,0
3226,1326100140-c3b17dd35d0fee1b0b1f8d68b7ca2301,0
3226,1324606980-93a7480e0912ffeac0b19f1183d65c23,0
3226,1326198300-2b14ebe683b151fde865d301a26826b8,0
3226,1325772660-97537bbe7062a37e8ba1b5033f195838,1
3226,1322684880-4f6b8735a8ca7f06488b6efec06293e4,1
3226,1326230280-973137c19dee6fba3bf08642864323ab,0
3226,1325907360-b0d7daf394dbc4367ec916fbda8da55f,1
3226,1321938120-310a1858c63946f5c11eb5d1b9acebc9,1
3226,1326861480-2a8a7ad93c9e2d1af1e22d6392755ac6,0
3226,1324089780-0358e31d782aacd624744fa014f7aec5,1
3226,1327356780-bf1be3fbacae1acde088825dbfb62c70,0
3226,1324601160-0f29eeb6407adbb18eae93acb353026a,0
3226,1326922140-32e7bddd8e3b93bb0cb3a00c28704b8a,0
3226,1320719820-136730e7d4554638149deeb499480879,0
3226,1320856380-0c147c17eee7d0ad7c9f0a8d1999d542,0
3226,1321430040-9739b6c004470ccb82c2d4b1183e73e5,0
3226,1322018160-8b4d8285c09e6cf4192aa866b7829914,1
3226,1324415760-fe41c7e1bdc105b9bf5dd5d73eb958d6,0
3226,1322092920-35201759f2c7727c5e735274f47e7f14,1
3226,1322237700-86c9e4246c63d9c9ca953a56eb19c2bf,0
3226,1325304960-7e3a0ef11bef9af2fdbb9b45884c1d23,1
3226,1321420080-66dc03409f358cfef47d7fde54ec3057,1
3226,1323270720-5f3a984197db4e6a029308bf55bf5aba,0
3226,1325691960-9d284caabf68b43a4bac5f3200a120b0,0
3226,1323949320-4151e2c6b72997c6dbb498a31f4ac346,0
3226,1321563960-73c6ff2d6504dd13d32fb7c942476e20,1
3226,1325729100-4318c3d6e2113759419c4c3c83929fc1,0
3226,1321762440-800719294f18ff1941f0986b5660b465,1
3226,1327210860-38fd430652a678d7841267c82bcb5eaf,1
3226,1324187580-43b551a3987e3d877d9c3c72d21fcf3f,0
3226,1324510320-af9317f1e0bd93ba043a9813792d8ea0,0
3226,1321300200-470aaeb24c9493f46e41b7eeccd407e3,0
3226,1324182600-d0bec2af60111be44d795c84e0109d8a,0
3226,1323047100-ccc59819f2dee6e4691cfa19a80a9cb5,1
3226,1322399880-4e6435f5be8a0e890288319558884dfd,0
3226,1323259560-139e08c5466f6810c94a3d33c7ab9ba9,0
3226,1322606700-4dd8b839311cf8043267bfd479fdf8ad,1
3226,1320471360-913aa8d03c9cffc2019b2f0f57f8c1df,0
3226,1324860060-fefa44736ae8d6714c74d1c0ba863eb1,0
3226,1326422280-94fe8c4b7fbf88a634c6750aef9785c7,0
3226,1326347640-751a893c615e7daaed752a38ccddeedf,0
3226,1322513880-72967673d08c23c89cd9ac3fb67609c5,1
3226,1324660680-2c6438f57c1b56e901d7a442334d5194,1
3226,1324337280-f965f580a4837fc2ea29be945947f3ce,0
3226,1324094580-f552c4b702bd7b4d045cd1e951885ea4,1
3226,1323579960-85248009f801c8b397ebfdd8be720ba6,0
3226,1326429780-177671fabdfba76da55e1c0dec75d6bb,0
3226,1328046900-b0ba8a609e1a9e7236860e62d8e556e1,0
3226,1327403940-069666a9bbb7f7f9907eb29ddbaaac3e,0
3226,1327542720-8244b870279ae58794df4853b247d052,0
3226,1323884760-97ca69908cc2b5d1e9eb279bf01c26a1,0
3226,1325661000-877e69e078df30587f4281138c1f5198,0
3226,1324503600-adc6884562e8e9e319016f4d076e8dc8,0
3226,1321412220-ad0fcc596a70614b9ff6bb6621b705a0,0
3226,1323949320-a89ce7933c4fa91d0086e605209fb51a,0
3226,1325044800-32fb5e422d7527b09cf36f98bd7a69a4,0
3226,1321362300-436eb86c730f9f497f2de73971ad51cc,0
3226,1321930800-8e1b46416b491037b0806611e3547f01,0
3226,1325887500-3d2b39e50c573a3841453f8b11364032,1
3226,1321163820-61a4250b03840f3ba292b49249e4fbbe,0
3226,1322067000-1c3f721ca732a407811a9434da939c20,0
3226,1327506600-b1245e460806252dc9c2951a5b148a07,0
3226,1323990660-0d36c47d84d204a60a2db5e32ba60b21,0
3226,1323843300-2bcb0aec917265fd1598f2336be8980a,1
3226,1321257120-bb6f5e4d6ae8cf72f5f1d639213b220f,0
3226,1324094340-d0adf0f927a6a887d1c31740010e6505,0
3226,1320873780-115388e26f40974a2bfbd33ae3d6eb90,0
3226,1326238140-f3c8052f85d1adefff1e3cfba2666b4b,1
3226,1326401640-a2f6fe207e1928e5d1b68b8d5e18c82f,0
3226,1322509620-775f8baf81229e88676e34781112ce97,0
3226,1321054260-ac632b1287d869c0c91fecdb3a5e2a31,0
3226,1323443580-4706d42cb1adce85951cdb3e238408e6,0
3226,1327983900-762feea76a89824a83e365b89b2856b5,0
3226,1320948240-dd62a5a9e6b1ca94ea8fb2737244a840,0
3226,1322296080-4c910ec141ebd659179ed2dd3f4065d1,1
3226,1325229300-5759a876220a3978ee3ae492c1c5c364,0
3226,1325697000-f16ab274966b724ffabaf9c636d39c7e,1
3226,1327427460-dbef5f42a6d2b7affdd60bbb59f0338e,0
3226,1320440400-9885b0052663ac8c2f600ff6595f3da8,0
3226,1327721460-c714e6c1d9c80030c6dc645e2986c36b,0
3226,1323313980-101090d065cc65462fdd2a9d614f07e7,0
3226,1320941100-7e576f2da59c85b80f20057677093103,0
3226,1322658120-173b9106b87211fa9ac5a949cad640cf,0
3226,1325606460-1bed1b82ccdefa5c0415c2e316722b58,1
3226,1326282000-6171525ea62be03024b5c5458ec96323,0
3226,1320861360-fca8d0e12e0518afd6bb182dbb8bd044,0
3226,1326615720-9aa25cf63c528e3deec21c7106bd92a0,0
3226,1321063800-036878e3752c2909bedcb9951880fe24,0
3226,1320811860-9b3d2070f27af2f2cc56d3678896d310,0
3226,1320498840-b12fd0186bf9c974b2205e91ace743c5,0
3226,1327430340-dabba7528782f356a2d46b3d702801ce,0
3226,1321762440-7863b292fdb181d61ce939932055d14e,1
3226,1325130720-11fe34b0120e7441b679a928cc300742,1
3226,1321404420-b8ffb4d26fc91c54135b3921d4b0ea25,1
3226,1323716880-02e53adbcaba0a75f0f1b397a4fa3195,0
3226,1321028280-5ff2e6294978ea5441cb7ec1880b9f76,0
3226,1325009460-78e3102e5b8ae1ea7cb96bce5f1e5acb,1
3226,1325119680-8aedfc469f8bf875fc7f566142f511b3,0
3226,1327624080-fe244bd23734081230731820c7ee8fd4,1
3226,1326029400-fbe7fe5ad7470e826321abf194ab6363,0
3226,1322775660-f4976e71cbe7f6f94428d6f364988cb9,1
3226,1325701320-78b9f8883618a62aa7aa612349cd1a2f,1
3226,1323270720-51322dea3a735eb03339ac94a5804f83,0
3226,1326381720-5034ce586991c6a5d513b1c79d2d5158,0
3226,1327098780-fbe04f738864ec9dff6e733e796a8a81,0
3226,1324481580-f9274ed57d93cc387ed11a767027e13e,0
3226,1321299960-2b64ef83d1004a0c974049f019abb027,0
3226,1325869980-42789ad71e30b890c1e7c67d53741198,0
3226,1323411900-32b2cb679f0d2df92026ca946a2ac4c1,0
3226,1324412340-29095bc6cbeadae732723050f4c8379b,0
3226,1320444600-8c2e25911fafa3e5c484cede378928eb,0
3226,1323572580-0f646047f8ddea2ec1053ea74741b49b,1
3226,1326901680-8a958321b7d1aa1336c0a26536e60cb2,0
3226,1327961760-05d379e0f5da04bade0a2a24f762fb28,0
3226,1326827340-ad1785441ed302cbe08a0d2c65a3fbee,0
3226,1322981400-c12707a2f8367e54e96b0efd90ebee06,0
3226,1323018960-a72249c32032b78bd342696c5cff3524,0
3226,1327540740-b343a91ee9315738490fa2bbbe320f8d,0
3226,1324341780-654d1d05b7d76ba6276a7fea1be1a9d0,0
3226,1324490640-4dd51585031ab56d2764b6d885156a89,1
3226,1321206180-1c5cf559db633891bec806985e978ee8,0
3226,1322193240-9e461e6c95f8f6f37becbc7953632816,0
3226,1321455960-d9dd9f8186d19abaf80e80c496521ca1,0
3226,1327638780-5dbc55e6ea158a23d7f2436a79b013ac,0
3226,1323878580-7aa24baee92934c103c46556501c30de,1
3226,1326268740-8dc98686ddbd807019f89bbd4e872124,0
3226,1327173780-13ac24a7a413c81b5e3b8c7f3e94ad29,0
3226,1327648020-7f94917747dc312a53e99d45ef0e36b1,0
3226,1325956920-de7c27068b027c141f239915f5153121,1
3226,1323185880-424eba9b65354fabd65dddb6ac53e5f0,0
3226,1327710900-8809f3f3ad846e4e258486048ec6837f,1
3226,1327188120-587b7a81bdebf588a7e0da94c06b06b5,1
3226,1325601540-5507e022355838f49fd299a805c0425c,0
3226,1326230280-3d0c37c2f13df53051586012f31ea3d5,1
3226,1326600720-37b83dc2583c7d744403af67f3691df7,1
3226,1324344600-83e489ff1df018cabc17b2189f08a5d9,0
3226,1323725700-c073659e334b6a30aa651cf436fbd994,0
3226,1321412220-65154444ce030dd2ced18e5402cae7ea,0
3226,1323890820-9258705d6d5bfc8fe87f67757943a45f,0
3226,1326978600-882fa3c1e636312a32c481edf7166cc5,0
3226,1323138780-286f5e972ec7825c7648a0e1e04f7564,0
3226,1323849660-c44f37a6e020d2bfe6a0c35dc2a4be1e,0
3226,1321357860-9e8a29b678d6ce8ed133d1fd02581aac,0
3226,1324595580-314ab75706a99efe5fea865705e4ab87,0
3226,1324050660-73830c23f88911c708cf08fa4899fd7b,1
3226,1323889260-556a6b1557d5b1e899d0a4380756d75f,1
3226,1320785760-5459c9bfdb4cb93dba8e90413de00b93,0
3226,1323393180-0383f979c513815bf58f94469d696b59,0
3226,1324516860-5b2aa862722a5581f8c0c7283c5d87de,0
3226,1322080440-9c1ec6b705c52840600295083da4b5a0,0
3226,1323481860-297722c80a7aebd1ef4a8f5e4759510b,1
3226,1321396560-9a03e03988bc069f54b75cdf165faccf,0
3226,1325356800-60862c9a08fb003a77e2d2c0d727458f,0
3226,1324391640-6504618946af063026cc5e5f2e3d1214,0
3226,1320691860-961f7d5557705e90f4683e6187e8c918,0
3226,1321323480-2ea28d45b02d3e1a9b230446408195b9,0
3226,1320804360-6d61a10fb28c8c747ae85829cb1cda97,0
3226,1323807000-3f9db54eb0ea15b143a54e255fa48171,1
3226,1324974900-53662fbb44c2f10597fd8484a4722f5c,0
3226,1320589020-7de1b2e09c09e8a74a2cde99bd2330bd,1
3226,1325806920-91b3d605149b93e3b0ad6da115a468fd,0
3226,1320450300-c8e528997ab476ae87908f6739a815e4,0
3226,1325642520-372cc048e53b778974da3a9a6d6ea63f,0
3226,1321895700-beba9daf6480ae62bd2a53fe076a090c,0
3226,1325688360-9e492e05e5b0870efe228ae6aef004bf,0
3226,1321196760-d10277e52861c6393bdd463505eedc41,1
3226,1322941260-91952b79c2008b0d1ecb79c02567b1ec,0
3226,1327110660-3234bd21a917e8b01fbf9d62046b70e3,1
3226,1320508440-829e5bad7ab987248febf7d1707d292a,1
3226,1326836700-cef85fc3a16baf39519ec363bba67095,1
3226,1323238140-068358d9a328ee1e2bba95c4f9e2ad3b,0
3226,1320856800-722056ec7a3b397bbd07cdfc92bade0e,0
3226,1323099720-1ffadbd94dc58246c6277d450819d1f2,0
3226,1327728840-02006e07eb1526e395891d2581e1c9c7,1
3226,1326906660-48a521c096118ccbd8d64efbab1f7e3f,0
3226,1327611720-7f3c32403df096d985029884804dbe0c,1
3226,1326300840-5eea9ed9ae2fb5b90526fa01eba072cf,1
3226,1326132420-290874f0e262a44d58870a630a40a01e,0
3226,1323868020-c79daa9f61d1cbfe457fd4f3d8caf753,1
3226,1325310780-78e1167791cb3de62c7c789beafcf28b,0
3226,1325680140-724f6ed7724a406bb7d6aef5841a447c,0
3226,1322069160-24e8bf0570d2e225f806bf7e11dfd02f,0
3226,1323834840-81b884949d200a6fc0b9f4872fb5f05e,1
3226,1327528020-9289cb36b03977f4d5ce5411ed80c23a,0
3226,1321392660-f2165603d8a5ad0df7759e88079ed4d9,0
3226,1324593120-3e93ab8cf76197876b2d9a1fbc554424,0
3226,1323477240-c70acd19c44dde119a2da416564cf624,0
3226,1320537120-248005cf48cbf28da59e3804c812386e,1
3226,1320710880-3bd79ca0abfc6eb4f77affd04087729b,0
3226,1320881880-43165dd409878032466a9831de40fd46,0
3226,1321506420-4e758938f16551b7cdfd177a927866c8,1
3226,1326905940-75af1e9bfc47615b31919d8aaccf6342,0
3226,1324186380-069ce64723fecc65de751046016eba6c,0
3226,1326834840-4f6319c83439852174954c310d73346f,0
3226,1326997920-a1c051238ee4ad02f7720ab9d37dd4e2,0
3226,1320111540-3a79b30781ec7a062adcd2f2bb9cef7f,0
3226,1320643740-f9df6ebe0e57e733e8ba99f4373339a1,0
3226,1323007140-343c36901131c951aac6cdca0b4c0511,0
3226,1320758820-71e6809dc47060cb82d59d696f030f49,0
3226,1327712160-42e69284f770e9f7a736da0adb350247,0
3226,1327944960-d173bb54071acf4b8c35e0f0a972d896,0
3226,1323342180-aa3e7ed251e183211d74cf6904b94865,0
3226,1327437900-2814acc5f0acba7a7844e24d3101c634,0
3226,1321031580-0613d1047593be712950ef2513c14a18,0
3226,1321543020-88ffc72e939d64a4c768ecfb46f0e1b0,0
3226,1322501100-a9a7f91483521cdc0e0bbc6bbe347a6c,0
3226,1323863160-64c28952a361f8deabb73dc91bd305d1,0
3226,1327334880-42ef9ebaf48a0cc9fc00c1f541d8b9d0,0
3226,1320938340-5e1c7a27055603c0c74dc9c554fdaa1e,0
3226,1324843020-2e90a00f04d42171a433c3659e4e1f41,1
3226,1322528040-20e199a21df4fb2ce00a166cb6491e76,0
3226,1322504760-17576b5f137c968e9e38d9763b6f042c,1
3226,1323761820-970213a4e2464c5a6eb1a22c824a5644,0
3226,1320821160-374f061adc621c8a1fdf14d51824a5ae,0
3226,1327611960-6f800832f47ab1ba5bca34e73488878f,0
3226,1324487700-10c06aea35ede359e91c8cfda2e488e9,0
3226,1324430400-694a416ab98b03f54de9c8d0ce4f8503,0
3226,1321001640-cf3e1dcd77d0d4be27e4c6671308c39c,0
3226,1323066660-b4c029e137aa13736344455da4864213,0
3226,1325123160-3bf800067539d9fe648d5cecb1f12aea,0
3226,1326122940-8a2a13bf40f24e2eb7308155288d3d00,0
3226,1326264540-44664649ac238966069da2aab1fc62ca,0
3226,1321564140-d31862294d303ffd414048c8dcc5e352,0
3226,1324682340-784efcf96a634fff2b9b0ccaae5cde1d,0
3226,1323807000-499f891092123dba20004b22f7b8b0a9,0
3226,1322412720-0ba55031ba15f7bfb6fab3e2e7f340cd,0
3226,1322317080-6fb86cb0f4defc6b65629a85ff99b2cf,0
3226,1324592700-a9ac52f69fbc597bb8fcd2c9676e119b,1
3226,1326902640-65106801eaf5543a4a4b34e43cce8821,1
3226,1325176260-72b22bf18f65b14f8569bc5975cdb299,1
3226,1322781900-b91d70b8089fd133fac29cbdef4c0184,0
3226,1325009460-ddb55a77c5c230f697971941c0a2df30,1
3226,1326377700-f1eff7d9b6c1b5e1b0dd62750860065a,0
3226,1325884860-6134831776b318b5e8f6fd049509a340,0
3226,1323007140-0e690512583435c0a781d864398ae637,0
3226,1323217500-7f35932334f80fb5220e700c6a5dd071,0
3226,1323876840-1c34c6fe1cd23254481cf477fa16b6ba,0
3226,1321752060-f0047e36265ea56e94ffe5cf6a2f2cf2,0
3226,1321042380-8cfa5a3f7cba7a6cb1fdc9e9c8d00d2d,0
3226,1325113800-0d403940cbd0916a7d30d22509570c67,0
3226,1325740440-fc34050d6fac9fc14b11b9efd93704e9,0
3226,1324716540-33138d13c445efc1c2e2c14a9bf243e2,0
3226,1322902380-9dbd8a32b3afe476f758466b9b80f1a6,0
3226,1326602640-874ea9b5f4e595b11fcf559ffd2afb58,1
3226,1321404420-330c8d6a928f99abd0602f51fc77501f,1
3226,1320582000-cbe621e7a0d965c966242298fbb4513c,0
3226,1321019160-2f49c292842c7b58b86febf6730121e1,0
3226,1327110660-00cdeb9bd26c67675f28d552aeb71376,1
3226,1324942680-1b1666de53a7b0d8fe6af97bf71c38c2,1
3226,1326163260-c38d791d153c3df5b61e927fd0e607f3,1
3226,1321494180-8c73a58c1e39949e8ba55fc807e476e2,0
3226,1325036340-b8466bf8e7e066c71dc8623a208a948d,0
3226,1324439640-aa43e960bbedc7fe0937f8fc75c12fd4,0
3226,1325012700-0b2f4347d04961ea51e0e43a15f87705,0
3226,1325107080-118b1234b06749d3864e7e606a5deeee,0
3226,1326690540-7423aef599e29d83367b931907b0ec10,0
3226,1325682120-0ff51f9b8e1d324bb4000fd8576c362b,0
3226,1324012980-bc2f28e05b5fe6c878e20a0a849c1800,1
3226,1324045620-135f3e08ad8b7bc00e1cb5355e1e5ff9,0
3226,1323979560-fadebaf67077a119e7fcea1e2ab28a42,0
3226,1324821120-65b5dbdeb764a5372ffbc057041fcfee,0
3226,1320436080-0ccc6b9addf9023c9a1a506346257d57,0
3226,1321141260-cb61b560485f2415bbc5e627b84b8515,1
3226,1321732140-502eb5063ebdfe6bf5b7fc63ed47fb12,1
3226,1324317300-33859f4c89ba61ed34fb7643ba2053c5,0
3226,1324061580-26674404225d085cec5e05f02f6c97e0,0
3226,1321482300-7eacebccc96a8c4c8798a962a2162c79,0
3226,1323901320-67fb5c1e41b57755535659f0d6cfa241,0
3226,1326560040-1ac526a82189127ab612b55fe7bc1edd,0
3226,1322083980-62649e43479642db4bb414d3a6a79b65,0
3226,1323029160-80f33f187e84f4b5fa6052f07083cfcb,0
3226,1327872420-01d2c42134b843644163a542a4f8bcaa,0
3226,1321216740-6e7c6f2b36b09587fc611be890da0444,0
3226,1323094800-561e6847c76d05486ed24ea1d49f19cd,1
3226,1324623600-73c367bb6eb3d03bb54a793fd7a73329,0
3226,1324936260-a6cb338a7fc890fe7370647b89e9e1fe,0
3226,1323458640-cea1c6b3fb1a56a422fe991011172218,0
3226,1327352040-037725b4345975b7d4b67bdbe4fdd47b,0
3226,1320520320-63deb793bcadab18df628a025c608dc7,0
3226,1324606320-de26bfc5fdaafb2ee0674cea90e57a4d,0
3226,1326615720-f21450fb66f891859ef9bd29009dae51,0
3226,1325966160-4398cceacb173d4fa5c081a7faa03d5e,0
3226,1322855400-5b4f9c2cb6fdf15270ac49cfc775b376,1
3226,1325278680-ce9b6730f945e0162729926b9512f527,0
3226,1323574500-dd00d4f2fc481a04fa94bbadfe3bf58b,1
3226,1327839900-72e1e62778e69906721ee34f876c5b67,0
3226,1320991080-b2362abe69f082f13dcce780eb8542ff,1
3226,1326948900-58ae26828ec0103f05373a414b615f79,0
3226,1320949140-5539c9aad9a4473b38a5b5e71cb604bf,0
3226,1326506820-cd6244733da123a0a779eaa6aec856c2,1
3226,1323682620-d807cba954942c301dc9967848804a08,0
3226,1326933420-790ee8a63dd0dd5c5a3acbbf966aa773,1
3226,1321031580-ae0423e6ad84e911b22919f15dbac931,1
3226,1325349120-23063f5086e76a6cffd4f53d98c938ce,0
3226,1320608220-fffb5cf167552626d85e9fb81f49468f,0
3226,1326316680-7949f13bc23bddd71982d1987de2087b,0
3226,1327036620-36a6545b77b060b1f7c8d0a32601f83c,0
3226,1321762260-9a09e414999ba75903f41444b677b50d,0
3226,1327619940-08a39b71ab57eec7b8ffc8e38b818400,0
3226,1327086120-38bfc7d69f4016c9d2a9fa3e6fcdaf05,0
3226,1322923020-80824286d319ab60c05bebf5940845c8,0
3226,1322467680-55857470cd202e9e4070cdbd98b3dafc,0
3226,1326033540-846d58667e210f07172c429a72b8668f,0
3226,1325023800-8c3de2e0c62c465ba07f306127390cfe,0
3226,1327519980-33021d3f078bae2bb8090a6ff674e54c,0
3226,1320644940-ab5ded5c662def663678f4ab7c86b8b2,0
3226,1322103180-317b1069889054ac9e092f3c357423a5,0
3226,1327757100-d8f33c7d3580fe763e995b543be613bb,0
3226,1327126080-48fc3a83dd4c78744886f8a276f0659c,0
3226,1323779460-711bdce733bf69caf30c5d6a15e6adf3,0
3226,1324636140-fb9bc7ee835d0d0e2b7ca6ad5c873b81,0
3226,1323924840-38d088573dcbc92409fa8a3962f68a95,0
3226,1322586480-d3efacb717f84ec3cd9f595963a45f1e,1
3226,1321968840-6f2f3b7e8409aefe1387bd033c10d0d4,0
3226,1325136420-204b636ee84d958bcfa4e697e101e149,0
3226,1325877300-d75c2eedf14d5758dfac55da4152a7b3,1
3226,1326748620-1f46957c9d47e9e13d3a4341edac8e2d,0
3226,1320899940-599f20b6ef549302c99290cc94687829,0
3226,1321397580-6d47305b380124b42e04232fa77dd537,0
3226,1322093940-8bf3847021bad7f0b67fa864470e4691,0
3226,1325233380-f2b77dc0b77ce13bc3a601478860ebf7,0
3226,1326485580-768cf2acc4b0d41ddff1eb8eb9d4dab8,0
3226,1324405440-5b92003e77dcf5bdd6c6dc544fd84393,0
3226,1326128100-a262859bad82d184d47aeeb290fc0149,0
3226,1320896280-b1ec875bf897f8162f2ef043b1e0d03b,0
3226,1321306920-208b9ce8e02ca0e1f439b3ff46900304,1
3226,1321316880-669b8f7cda6603f91f4b23a8e318354e,0
3226,1325867460-2a257fd0ae94c9e1c187735ad69c2bbe,1
3226,1326202260-738a553b0470c5828cd8c64c086bc8db,1
3226,1327676400-9ca96055ee376554684df1414e8da528,0
3226,1321662900-2f02cf76f02f5929a3a540cb716fedd5,1
3226,1323347520-bfd4f20d18349e59cd03197861cdc6a5,1
3226,1326070920-8f47cd5e2288c89262687973a93db627,0
3226,1323779460-514b77514ed70e233e4400fefc2d81c6,0
3226,1327983900-fb9e8021b8a351b74c779b0ec7696371,0
3226,1327110660-da7293b176dc1cfaf83e57b4940064da,0
3226,1327627020-155968960375428b17843714b26d4132,0
3226,1324057740-415805bb80c658be5a3310ed0c2cbf6e,0
3226,1323542040-42fb994842e87ac8e81d941eb98e35b3,1
3226,1323289860-13fc37a71ecc56074454b1adffb14403,1
3226,1325117700-2fc7813c14a60930094fe05ebba1ef1d,1
3226,1327822200-40c04400b336993d1746278e005e2b1d,0
3226,1326125460-775c2c72d4cd663ee41e8fc812aa5c3d,1
3226,1321044960-66749bf90d7b7e4a5c0ce921ed2a76a5,1
3226,1323233280-f54a94457654b12fab4092821fe5f335,0
3226,1326397680-774d0ac83a8cd7232113dafe891cff79,1
3226,1320338880-d20fa6c3d62eb5dc872fbba13874f03b,1
3226,1323407580-846b08a7fdecaeb6a0c1bd6c9fa264a7,0
3226,1325260500-3afe15dcae84ee38671c37119d48c188,0
3226,1322412720-639b1b700451820931e99c0e37b81e82,0
3226,1327140240-9d4ba35d49b5a97cd31d6734c1d97053,0
3226,1327710300-98b3ff164ea27c5efebb173b6bfc9596,0
3226,1321999260-2d727cb5f9049d70c604ed7ce98bd8d1,0
3226,1323846240-4675edb9920c260415a56d797b9b92a4,0
3226,1323289860-1e6152a7d736643e46360017e51c57fa,1
3226,1328010060-7936fcb98662f66dbc81d448e9adfda8,0
3226,1321324920-8d447e34f3574a90c59e40e4e9ce10e0,0
3226,1324442100-9deade5219244c1e7af0797d1e49578e,1
3226,1322331480-237c98d7b140e1b4773f287b089837f9,0
3226,1320746220-7a7e861f986a8216d3ab14a0327bd24c,1
3226,1322534280-f39b42e32ed5c43ad206408a0205855c,0
3226,1323477540-24aa537290056ac652396c647a355a22,1
3226,1324590180-87300fde3bbdec3684741cd2ab222d80,0
3226,1325807880-0ce5511da3998247853bb1736a50d231,1
3226,1320964980-f49b1040d664bc2c179fc33a11577c6d,0
3226,1324403760-cb4928ecef6cc7402aa41644f8f23de3,1
3226,1326113220-4b322c0d8cb342c75b801d89c97e9665,0
3226,1320211320-9b1790fd725023ebc29bb8070a2c9361,0
3226,1322072040-8a2bac20802d8f793aaa54ab786c6993,0
3226,1325424240-4e3b06cc8bf0e401be56c05a5c1db53d,1
3226,1323234300-792397369741ded3f8625b894f86ac04,1
3226,1323727800-626f52da7e9353159881f18a491be71f,0
3226,1325888100-3b22c15e3ebe6e37a3465f027cdb19a5,0
3226,1322634720-04ead5767713069e151292e3c8779938,0
3226,1327191420-85a587463ad887c093268ed1fecda52b,0
3226,1325633100-3d0065d491c6ef125bf85dd647170d4f,0
3226,1324356180-3f606ce95c99102cc9cf94473af2b15f,0
3226,1323469500-130198855eeb543bba17d6647a89e640,0
3226,1324305780-9c364d5780658e886d5324bbc2fcf8a4,0
3226,1327528020-7678fcf132e16a4453908156d1837eb7,0
3226,1327731540-cf0724c343c9c19cd81aa16ce85b6140,0
3226,1326116220-620122655611fa76a8aa0993a488a720,1
3226,1323238140-d8ce24235a38c93fac34f2138e2c4e1f,0
3226,1326825780-21a30ba968a7f0725e14856a72960cef,0
3226,1325279580-3b0dc95f77d644e1826f3e60337dc524,1
3226,1325192280-be90c811d1d13e37326653006aa2081e,1
3226,1327517820-757ecbca118ddf8e6f12fe702f8499e7,0
3226,1325206740-2f91d4219cb5be4eac0d66e68884d51e,1
3226,1320913620-c44493e43b27a15af82fb9ebfb00d505,0
3226,1321636440-0ef71f8cfdfb5935313b03c810caab3b,0
3226,1323368760-58958ca85ea5d516b7009d03da4a433f,1
3226,1324577220-9a6b95a26c8a68510abd93b73c534b97,0
3226,1325217900-9fd6e0d5f0463af841ba8b66c0abe956,0
3226,1321877400-a831f606ba431980f630df102e7097c3,0
3226,1324481280-9e2f216d7b81241d334a833a894abeef,0
3226,1322758200-d6d6178540e33614918215b11d391f21,0
3226,1324890360-a70b0f28f5392c9ff053e82e18843566,0
3226,1325781720-43f269fa0b498b53e6da570b4404663a,0
3226,1320418200-5220a42313878727b3434f80641bbd2d,0
3226,1326855780-f7d964735b31b27202f61011409d0320,1
3226,1327420260-42b83aa150cc3b4eeb3ec0daaf4d49c1,0
3226,1323627360-d8ba2dd3d2547125fdc5a338c7604fc8,0
3226,1327798200-1fbdfb7d5e98e068dd3ff932927426c9,0
3226,1327159020-19f42138016934c4d69a3eb68cbd6fae,0
3226,1324349520-8990f45d21e9869345a67e2ccea5d651,0
3226,1327116780-20a701ab58e5a8cc69aa443ffa562f7b,0
3226,1323117000-99ee67222d66007a09074351dd387712,0
3226,1322781900-d15a860c8b3566770413f74d18f8a26b,1
3226,1322608440-d1e052b6c1b5b96393683c96b3008d2d,0
3226,1324866600-359bc030d24fab62d9b124dbfa705c77,0
3226,1321300200-0f68b8e51089a2a21544a30d9e89e6d4,0
3226,1326849120-2945034b4642439877e7df2968b196a2,0
3226,1321114200-9bfcc31ac361ac2ca5b6c94095dd863b,0
3226,1321576260-a09aa30d56fa11761739a9986f6ca3e3,0
3226,1326496920-4f450a50d45c1e923641ac1c7bcc9140,1
3226,1326261960-c8080c927e7936e3709599e092c970ce,0
3226,1327357260-224fb3439e620d629dba7cdeb62699fb,0
3226,1324530180-13cbdd06505c2511f7cc97cc3f442d91,0
3226,1325798100-0c6bffb558185996c0d60d6b512112b2,1
3226,1324586700-14f51d73ab2c281e4f201f8c72933257,1
3226,1322085600-d38f5e58801c38b6f4b8d4188393f4c4,0
3226,1327512780-a2300ef5a8496a35b63cb1daaf698ea5,0
3226,1320835140-a8e4c40b554507c9cbf14e262a568076,0
3226,1323213960-6783987dcd8cf28ead1fa0cb23835d6e,0
3226,1321644300-a6ccb597d1ecac7e0fe630f10721fc68,0
3226,1323815640-4f7d11c71da68b211bfc1ee2e25d1a61,0
3226,1326826500-53a10c99a07db465b9d55fec75ccf83a,0
3226,1327014780-2c533a88706ff526583e50164dd7d072,0
3226,1325257860-8e4ebc88bede2068d8c573c1cf1b6907,1
3226,1325557980-94592d7fdf55aca0db0c39bf869eb0d7,0
3226,1325172660-6f5d53930bee880356e0d97d58f6b695,0
3226,1325206440-6877f9ddd88a7102ba01fb255a7d7fbe,0
3226,1325865780-0c2b0a41d43d1d012cf59f72a7d8fd35,0
3226,1325129880-8f1b907a0dae0f146fda1cf881850878,0
3226,1324527240-9ca102397cb538e573296d210c1a732d,0
3226,1327624080-bf8a929a443ba7c1cda4b7ea56b55b50,1
3226,1321762440-f5070dc61af5d0dddf8a8bd148595331,1
3226,1326951540-33d3a395afc82482fc754c5b5e6c8cfb,1
3226,1326262260-1c25f5803f51ffbc9fd9ea53b74327fd,0
3226,1321745520-b35e7837879d31f81437300fafdb4bbb,0
3226,1326632520-4a33f78c3b51cc0cd0f658bfeb5a35cc,1
3226,1324588800-0664e21f228202fd5c12df50f9202206,0
3226,1322915580-93f871966787bf6fd7b7b6166a94bc21,0
3226,1327198080-dfd9258a5078af1d8a2c75421ba96ac1,1
3226,1326831900-2a80a3c5bb014285ba971ca2e1b24e6f,0
3226,1323477540-b24e23af2b290ab1d23004ac4f3ddd5c,1
3226,1321418460-406be0534e69ae9d701c0af1ba8d6b6a,0
3226,1325818620-0bee5749bada7e48cb233b32dfa35462,0
3226,1325825640-6c8d0181a1ffa78df1e6019681fb67c3,0
3226,1321015020-68f8a1ca2a206a3d6bd74982fe83d893,0
3226,1323372960-a157a8ae1eb668c39aa20e8fb2a126e1,0
3226,1320897420-4dcb90c8561ced2849803b8eeac8f329,1
3226,1327035600-8e9443b9a04e95bad9380578d509d087,0
3226,1326978600-a8567757f365df22fddf24f539db9995,0
3226,1320686640-157a2e6e1501027afbe083d3caf8db36,0
3226,1326943320-da3cde23e09b319be3faa74f7e573624,0
3226,1326813540-cceeeb2bdecc4bfea6b29d5b4a62e5db,1
3226,1322064900-46ede671ea4e81ed730afb027f14b669,0
3226,1326297720-7ce5e90b7aee1970dd0d1dc207d61faf,0
3226,1324078080-83adef07af64c2a296ac6d72ac5a7c8f,0
3226,1323298860-546dd6ba694cfd945fac2435709c4683,0
3226,1321303440-4c1ad940a87c9f3a8b6ae421c60319c2,0
3226,1326835080-891096227487456c88fe59f028f9db8a,0
3226,1324863360-3bb765093551e1a09df49f7fb2a49510,0
3226,1323292320-db4013b00b121aa213c7c2e0f49b2b18,1
3226,1321051560-9867d2b6c1fe3a30ea2080b699d95a4a,0
3226,1326924480-ffcc9a7792409f1fb782770c6fbb4796,0
3226,1326660240-dc4f54fe04f3a5d6a720788959ab209b,1
3226,1321716360-921bf530e28eb882f15b8b026d901bc8,0
3226,1325267040-4b1b15f8d76e82da2f24695a59e1f06e,0
3226,1326506760-6627c45d6f43a31526b3c7778ebebb5b,0
3226,1326551820-7cc8504966934b8955e551280f6fcac4,0
3226,1320870120-16d40580e4c2373ba5559ce2551c96da,0
3226,1327125540-62b3d05390b2c31d8c4d6450ef51af2d,0
3226,1320420240-1c350144d9420f5815c9b7ef52b77dbd,0
3226,1321841520-532d78579f9651136bd991f9177b5e47,0
3226,1323552840-981c16588781639f65f58961e6a6d5db,0
3226,1320338880-b47e603a167c7d199ba3efba9b7b2a85,1
3226,1323651780-11b25ed53dbf4b92a10870ad53af7893,0
3226,1323017940-4043a243be6f506b63ae56f0d0d4519a,0
3226,1326541200-c1b1bda61263fc3bf8754da5de065982,1
3226,1325096280-d24fbea543e19a71186a8f1a2b30ae5d,0
3226,1326457200-bc942a8671e827fa170bab91b2c8f7e1,0
3226,1320334080-4d6c8024dbe5bca9592495c5d4c5a517,1
3226,1320321420-7343a61fdb13bf2e45249d9e42c8e7b1,0
3226,1322694180-93abfe9577b25eaadcacc37157adc8e7,1
3226,1326735000-88a149a92a50d30ed3fb8986e4153e60,1
3226,1320363060-1dd46b0bbece9882175da65b73ebe320,0
3226,1325425920-5675d2bcc8d3467dabc64036d54a5e24,1
3226,1322633100-060b909c331ec8b066b7131f9ace304c,1
3226,1321470780-b96f39a7ca9ffa36f0ff22b6525a9137,0
3226,1326657720-6ab2c030812780b744180ce8fc131bd0,1
3226,1321504560-a5b167ed1577129878d0e585d2deb933,0
3226,1321933740-59a41890ad47c0c462b9171e4d658750,0
3226,1325807880-bc030c1d1887f198f115f4d6f442b84d,0
3226,1321021320-faa4425351152caaf8d58a2eddac917f,0
3226,1327040460-14b054bbc1360b876304d2e0a152f0d9,0
3226,1327123860-ff8873938f43ee3f72cbab807086b6b6,0
3226,1325995380-d4eb7d36da6104c9ba47f0f81401da90,1
3226,1323869820-cc232de06cacb89524f61b311f373832,0
3226,1321649460-7ddaa320d41864fe4fda40bf807add74,1
3226,1326660240-bb799c0eb7bd0d4af2e5290000fed612,1
3226,1326392400-dd6151bd487b590253a5507316acbced,0
3226,1322760540-975843eab7616be37f7919f2e5410de9,0
3226,1321915140-cfebd4262f4815c0cdc1ede79930c81a,0
3226,1325158380-3594b9244fa5fd5446d23fc3ae713418,0
3226,1324039860-b150bfdcb3641c6c4bf0d31647acc33f,1
3226,1326977580-da56402acfe225f882e2324ba709750a,0
3226,1326078720-be487eb0b002ad01f9218b1526fee66a,0
3226,1325630460-8c8ae169e13191b3600932bc147a4ed3,0
3226,1322407740-fe46923d637b6a1d1f1e96d639510bef,0
3226,1326547380-6a1338d1190bb6e59791fabac8bf86c4,0
3226,1324180440-fa3a64ade48c029725b177f77bb93054,0
3226,1325701320-0c4db549c239338cc992eedbfc292fde,0
3226,1320972780-4a8f15be8175b6079ec3aabcc089dc61,0
3226,1322024520-dda7287d6fe07cf6f591e80b05a38bc5,1
3226,1326727140-45ffcdcc4df13388da1dcf1a7d2ea1f1,0
3226,1320865320-718d6f2c1b9a1d6915b6e99d2fd3cd54,0
3226,1323700380-0a9f59f515df06f4ca262d64831a1d63,1
3226,1321942500-282edab373d2b0bd2eb254d8011535b4,0
3226,1323708720-a27fe0da139d9591915e8e4ad8233c55,0
3226,1323704820-6b6680540eac07b83edb9b501ccfa6ad,0
3226,1325770020-47cd7f3d3d5231e8d52527503c55eb69,0
3226,1320554940-3a4a548fafe00379971b096f910c4d57,0
3226,1322632080-29d21eb1b9dbb12a6bd69ff7236f813d,0
3226,1322890620-419a1296a8f71e90cd40ea35e18581dc,0
3226,1326837780-813ec481f6b9717c1a4511f9db65b8b9,0
3226,1325230920-8e7c4297f9cd1bc38e41269c92f51c7a,0
3226,1323399900-354916ddbd7c8878fd09c4a72dc01142,0
3226,1325645400-63b1bce5c801b47101afc8c2475598ed,0
3226,1323093480-41cfdb35fe38f4f99ebd22d4075c79d5,0
3226,1321543560-32164ed58786f21fc21d28c583cdb0c6,0
3226,1325292000-ccaa4d1b16504d70bbb1571a0ffe89ff,0
3226,1326481020-62e7fc530a5567a19f2a080e27cfc287,1
3226,1325371260-192d514807863c2b060a6ba678adb3ff,0
3226,1327491780-00e3cf88fd1ccfda50682337b856d4c2,0
3226,1327374960-909495a87c52b6c8c57c6559f35a584d,0
3226,1325821200-67f75be8d279b3035223a14123a60f47,0
3226,1327092840-41e0c4c0f49dd4615c032c55ca855045,0
3226,1327001040-85f398b9047f70f6368edf7896ccdef7,1
3226,1325751960-81afd0ce2a84631c3209a6d3de6d1a8a,0
3226,1326145200-c20451b0c261b56e272f78d0616cdb8b,0
3226,1323313860-543aa2ed203e17b4902aa44e394ebf32,1
3226,1322320740-f9543a695b665414ce78b2921bd93aa8,0
3226,1325895060-4a1b7ad49f5ac183321d365ea3d6649b,0
3226,1322017080-97aca323fff1a6ab637a157b3eb50368,0
3226,1324536780-0eb3f7d7693ef64d75cc11e811248f96,1
3226,1325662800-4931da361cad8068e948bd1038998631,0
3226,1323150300-7564b1f49d518b53103d804dcfa56f5d,0
3226,1327045080-4dbd2f7d5e80f5ad76c9a7b488d4b2f3,0
3226,1323460680-0aa4a88caa2029c29832a8974b553a39,0
3226,1328049840-c17d9831abaf9f1676132544629f9c15,0
3226,1325262420-a18aa49ee1e9ee6dbe54a3b5dd9be2d9,1
3226,1325634240-822cd27edc799041cb8e0c56aaaa7a0c,0
3226,1326930720-7ab0e2ff79f22d67486a63431db64bb0,0
3226,1320450120-b9e17402b5b67b9cb0a15705961bb526,0
3226,1327649400-44f1afd95a101e3a98abdb299d85b908,0
3226,1324565460-d35f00db83dcf66fb0a5a45bf0aaa59b,0
3226,1323213960-8506fded3472e5c7cf887ad5a8536c11,0
3226,1325832840-6a42e698ef4a67d6e33d442a98ec83be,0
3226,1324697820-b8e99fc4692b9da89d862471db5cb195,1
3226,1324581420-1efb46f1e5173c0662a37e87a1ae4b5c,0
3226,1324490700-a624cc927ad227b14ed7ce2354c245dd,0
3226,1324154520-d023c4b05074d628977d820576ad9b3a,1
3226,1327986000-d1fea4dd4f64f0f20044fc7957c0f673,0
3226,1325806680-be35ccce5b1812f40b4a6e2a4aba99b2,0
3226,1323361980-93de4018cfabaa8f879b77e75454eb42,1
3226,1326654540-a8e2d455759eb67c75d4cea4eeed330a,0
3226,1323446820-ab92909105a64a5cf5e5adc497c5d808,0
3226,1326828780-b3654b58910f20c6d41581e26be95623,1
3226,1322093700-6fa44e3be298a69d077a87b5aa84da7a,0
3226,1324213380-c84efb722da4040f6fd50f1bfe12f43d,0
3226,1322513880-a9b5dbaa1874438b0948c86288fec188,0
3226,1325437740-75b509f03a2e63c937e209db111eb091,0
3226,1321541460-3ac7b67fa5da7bc68f90463aaa09fd8a,0
3226,1327662480-652105ef37f76d507e5c1640441aa8a3,0
3226,1323110700-32e42e4b69e78f09d9d58016fbb4043f,0
3226,1322698920-22721e4e6fc5cbe83420bf42c2fab660,1
3226,1326990840-ceb7bd57ed581de8a3e4cfbfcef3f8c7,1
3226,1326835380-211e4b331ad1f35108ed7605f8456e03,0
3226,1323900900-52a194a6a1fdaeca7e30623a9cd8beea,0
3226,1324316100-4e741458e4ac71fe68bae144834d8005,0
3226,1323611640-146149bba9aa375c433c8b998d7e8f06,0
3226,1325770020-f8e6fc0dbc23fdc285e898d0a3a9e2b1,0
3226,1322501700-1913c6ae78228f2ca40f180388682237,0
3226,1327404360-76b58b37028401263a3c8223bfcb7e08,0
3226,1324424280-59a1c3cc95e8b0ef70b2794fac0ae185,0
3226,1324391700-55c9bd0d3e165ecc91f02befa9d2753b,0
3226,1321643280-192e9471e2de428fc6b59b33d0fdb80e,0
3226,1326331260-9144dd9162d2cfc86c9e46a842478269,0
3226,1325857560-0b69703dd4bc9c5b6b64cb5cbf20ed1c,0
3226,1320127740-8a0e1373f6156cd14e680078796f5005,0
3226,1320457620-237822aaea8ce37fd1fa0d2185582353,0
3226,1323289860-7e2d36678efc413ddc96a22cc79a526b,1
3226,1324719060-9f0a906d3c52f989955e77c89bc0e986,0
3226,1323725700-b40a99668272a064b406dfaa06c4cb52,0
3226,1323179580-c8032bb828eb5444a1be15e9cf2b5a13,0
3226,1326418860-de23191da07136c6cee2f0cb69254b85,0
3226,1325700420-5967b29c14f54d37a6a804beeacf9f55,0
3226,1321114200-798e6688c5a63f4f3c3447a5325fe363,0
3226,1322584800-df99292bc0c9a8b5aa38a8dc71a42687,1
3226,1327594200-1c067199ca30543c58dd44953cddd7ef,0
3226,1323172740-d60ab5b7197150ceb3d18483ded411a4,0
3226,1323348180-4f1644e5b6156ac79800f4ac1a05403e,0
3226,1327947960-72e71ebadb26180b4a6e59376e61fa5e,1
3226,1326425940-402c14795ec4f51bc0fcf74017e9c69a,0
3226,1320165660-73ff0b7ec3e113d262477edfe76dfd34,0
3226,1326376980-fbbbb07f668f1b66426fd18ce323aa7e,0
3226,1324317060-c460b3dc4134b3e3b600e2e430442831,0
3226,1327356840-1d8ba7b72cf280ebd9f6e49ae0b481c2,0
3226,1325116620-8a00a53d3574873951cf44893c7ceaeb,0
3226,1327986780-25db5773ee8764e649a04fe467e927ec,0
3226,1322868900-9df32abc37a7607c8cd36c92e9fcc128,1
3226,1321908180-cf36a3e6ad3d0838a564c10ea3b5003d,0
3226,1327720080-f3eda76e95d64e1513d8f5e92c3131e1,0
3226,1325212260-7a62d6de9d0b662d1a82cf05f750eefe,1
3226,1326040020-44b5c1993e2f41a590a56170a986bef9,1
3226,1320526620-d8bd37e0d5f24acd95395b91d0c560b1,0
3226,1323617220-51063baa31c5db37213552737b37f4b8,1
3226,1325592060-50dc60979e66058506b93a60f8ca68c7,0
3226,1320746220-169477b2c543cf444d107e479881bafa,1
3226,1323377760-9ffebb30f09a90a57d2b11c2b3925523,0
3226,1324213020-98cb838976b0710d528450e562ce3b7a,0
3226,1327772040-85ff06080f6a2a8621e7726444ad69f9,0
3226,1325195100-49860791a105a8ebc11b4197ee012cd4,0
3226,1326503940-4a0b2351173233f8305a88fac3d35b17,0
3226,1322326860-b6ba899caebb78aa726ab9c96668f713,0
3226,1323906960-feba3ccf64ef6c3f57cd20da87a5dea8,1
3226,1323140580-3ef41aa6de60408ccf20d287318247d5,0
3226,1325893980-a99bd2230a8e532dae8b387986b594d2,0
3226,1325790180-c0de6deef768d6ce4d365d9c840c6f86,0
3226,1325812380-6e7db7a42d55286c4e43325fe390964a,0
3226,1321378740-7cbc8aef9a661d040f10b352df67df6f,0
3226,1325121000-6bd158eff1c4fd963fc9bf62f1142657,1
3226,1324798380-3779a88a5176c581b5c3cf4e371083ca,0
3226,1323109860-f0a05af96e3c4556db9b83ccc736783e,0
3226,1323273300-c6152eb18933fbb34d611e4cf35527c3,0
3226,1326848640-8ffbb02bda5324b77d23b25a36273ead,0
3226,1323466080-4e65b3cdba32bf334e58ae121bbe1cfc,0
3226,1320772440-88fcdc8278165768c58a9595a5f4cbae,0
3226,1320589020-b9f76a1e4fe8efba4bce43196141aa42,0
3226,1323289860-5ae74f83726654d7ca033c757a45edcb,1
3226,1327022880-69abf41d8964a110de82b599b63446cf,1
3226,1324338780-8df7bf53ce0c6481f892c3b0665a5cbe,0
3226,1327374960-46984a678c28c5b7ea21a9490e49d76e,0
3226,1326122280-9f33392a521a1e5fdb94f9408452c92a,0
3226,1322779980-fbff067ed1b511d851ba6c7e24db3d1b,1
3226,1320341100-f605c1cc4e940c6d0b405e30e9fe7d5b,0
3226,1326460560-167c5576fc085502437906340eafa341,0
3226,1323368760-82a238df4f79e9e03996b11e14a43ee7,1
3226,1327011660-0515dea89daa07b526dad5fd8f76e30b,1
3226,1320207420-0c86597ce33918718ec822c088ae5a9c,0
3226,1325512740-3974768009c3a28e93d658086c94f1c6,0
3226,1323372960-9a31e47f5fd90512e6ad1818648819c0,0
3226,1326317640-6c002f1e45c6249c09c47133082a8545,0
3226,1324430400-facdabc620fa0ccfb3cef6b1abc6fc59,0
3226,1325794860-0b6159654b9dcaf0d5fcd4e4cc0a16cd,0
3226,1326816840-98b93001225a460c207f131137c4c3f2,0
3226,1326293880-5611ae4dc159b03027222bfff5c40001,0
3226,1326463800-85b1917ab37a928c4991806ad6cdfaac,0
3226,1323128280-6bae98d565b70b77c0e1e788b245c7b2,0
3226,1323536700-64a6163e4febce483d66b7f8db1cfb8a,0
3226,1321306080-f456731958cfefa9a30799c54b451262,0
3226,1322337660-562c6a0487ec3da4631b7fe2548c2b93,1
3226,1320969120-91ccc5ad2dfb18e2508f2a98d458a2ee,0
3226,1328059800-c9a626ce8fa1c0f22c0704cd69c6b37a,0
3226,1325035920-13bd8caa936c9139bb1a4ffb50b21ee6,0
3226,1321968840-028dfd71fea9d5abd2cc6955ef7554b7,0
3226,1320465000-49df6bbe86a4a0a0fcf1f0c016088d8a,0
3226,1324565460-8b57c6561dcff01d4ebad649d2744f95,0
3226,1326725520-2306d14ca5689df22a74cca6e1a1eddb,0
3226,1323108600-508e1222ce6cff2265a13f42f239d32e,0
3226,1326858600-7e075aa14acfaa0826e926ef056f0fd0,0
3226,1323386940-992418ebaa52296dedc45c94f06ee5c6,0
3226,1321332600-9fc905c2fb6c1ba08e2ee7e1b249ba6f,1
3226,1325973900-7ad4e9c39547c98b5f5d9d156b6ca718,0
3226,1323230280-644d4f1c8d0cdbb82915f66f1d4885cf,0
3226,1324876380-d4ba32aaacf96ea35151969533e19deb,0
3226,1322887080-6913c02da12000f2d446e4a4cfbe6a98,0
3226,1323728400-cbe6e5418d6562f7a18ee739c3e67659,0
3226,1324154520-5a64cc0f3cf8d16e7ca7944ddb4a24ba,0
3226,1325895300-a923fbc3cf89e601b8dc1825d10512c8,1
3226,1321704060-cceadb32a4b342c692059fdd9b563405,0
3226,1326939540-7f1dc441a35213becf0179e375a7f1fe,0
3226,1324329180-682c2086ac2ad9b536c761a2a33618a1,0
3226,1320896280-ae8a848a61a5617490fba6388a25d1bc,0
3226,1324142160-de50a86e715428a7cfa373ee1e9e2d22,0
3226,1327339200-56426a5e6abd5c6f37a1d87b3109c731,0
3226,1325343360-17534cfe864afdbaf095c9f2fe958941,0
3226,1327077840-cd0a80320a3ef5a03cd8afc393d9896a,0
3226,1325786220-395305d228372cdcfe6a2e11098be376,1
3226,1322685840-955c21baab7096276fb3f89f05945e8b,1
3226,1323824760-705257d8fb6c8750fd3b66f6b6d1ca33,0
3226,1326777660-cef7a8fc098320b64a3ddab73f0164ba,0
3226,1325682120-3479916c47cffae64c65e1d4625cd9da,0
3226,1323276720-5878fd522c1c0ae4b9d59524aebd4601,0
3226,1321457100-272b9dc2ffa6ad205de394fb04b864eb,0
3226,1321456560-5a763866126a097e093084dc0a505e54,0
3226,1325248980-f4aebaec767a762705cf2693f88d01b8,0
3226,1326154380-0726f429a6b7e9aec16a9a3a03632494,0
3226,1321796820-90b2a0e6d0ba0b38470b824b4b27afba,1
3226,1326273120-98968f6ee7cc0691769689f7467da8d1,0
3226,1321616100-a23547b9083fc7a6ce9109df9370d5bb,0
3226,1324319640-a03233fd23ac08e1b7f66629e279426c,0
3226,1321999860-8ef8359eeb0a6df1db53c79383e7aa8b,0
3226,1320703860-6762f5b0a80a76a8702f3661c1b030e8,1
3226,1322626200-61d1f6161f9ea061deab319fc915fef5,0
3226,1321935300-0d4a269d20f877cb6e80f7fed09bf44f,0
3226,1322973180-b1fd1d513783758f5ee11b7aaaa303f5,0
3226,1326955080-1a1dc3a75b8566fc98b43642c7097a26,0
3226,1323404580-6b8e2de725c439c4c0ce251e838b8018,1
3226,1325561700-21e0d49bfa5afa31a03935d13cd904f6,0
3226,1321024440-10ebf5680783a76a98f09dda8a9323b9,0
3226,1327551840-1e429611d91fec7f9120593f06c288de,0
3226,1323611640-0bf0efec29d0fb399f205fa47e47ba7d,0
3226,1326522480-89bd0bf2bafbdead8b8d69d7b26dee6c,0
3226,1323965640-d06bf74d2d01de25d3b717f1549239f2,0
3226,1320815640-2154474ce3793573e2c0875d4bb2deb2,0
3226,1322610360-4baccaca2e7c4e3ac288352cb89f8084,0
3226,1327745460-1c999727469915dcf4f4a653588121c0,0
3226,1322096880-6ec607e55335ca4f9a535f4633b38390,1
3226,1327435440-46794daf56f9f024e771aef96ec5ee48,0
3226,1320510720-58df1fc0730b004f4440803e4f0dc502,1
3226,1320819660-6764eb32c1b57cb3087ede472f1fbef6,0
3226,1325687400-18ebc174614ea3a866053b092ab17ec5,0
3226,1327005000-6708aa9e3e06f0ced643b32292aaa2f7,0
3226,1327356780-156fdcf0f89535e23c48617150ee8d6f,1
3226,1326616740-103102a3bdc13a4f07429a943e55a5c0,0
3226,1324474020-b068345fed4925c526e37f427241874a,0
3226,1328060280-b49e2f0e62f40239ead3cb3489d55de3,0
3226,1327018980-805c9156152c5cb72bd7df7a2cac75c5,0
3226,1321922700-b2ed5ec0ea5df7196210ec70f4325708,0
3226,1320794160-679a38b2cf2070ea86b2a5928b18a3c3,0
3226,1320679680-2f1cf91e3d1de32b4816de850673e4d4,0
3226,1325895300-a732ef606850f6bce615be90c7853a19,1
3226,1325188380-5e5d1bc334485100b800bd48bb0ac9d3,0
3226,1325895180-1f94b8ada7bc06d690c322abfda28eab,0
3226,1326746820-7127b0e68c748c1a36875f13b4a3bde5,0
3226,1327649400-8256cfda1748a463d00fc0d60bdf6bb2,1
3226,1322805960-b8a62abdedf5c7249d2070a2b4cbd8b0,0
3226,1325867460-53a07967330df8b48ea50e66863bee41,1
3226,1327878660-0b3e479ad58ef2756c47f4f2b08a140c,0
3226,1324368120-b883c4fa4e6a4590f3f1e28b23ad8059,0
3226,1325691960-89264ab21991b83a1c200059b9905385,0
3226,1327152780-1fd0c650e82477f18502090e20117a70,0
3226,1325643180-5a643f4b09646d557ddeb71acd1eba97,0
3226,1324253220-1b35abf421097f725b3ffea109e27531,0
3226,1324234440-3411858b903f752c3e6d64f19c262daa,0
3226,1325510160-16b051fc69c355a59846eb128d525949,0
3226,1322109780-455d40613047b5fec5f02686bbd25613,0
3226,1327405920-d760479a9f872581ee542cb76852988f,0
3226,1324506540-661aa3f6239d33c1039c16950892c482,0
3226,1324015560-2ed9a6de640dabb340626ee24a99fbb1,0
3226,1325251620-036714b24de21e8badebab04a703c810,1
3226,1323473700-ae52de95e6a5d21177b9d43c240ccfb3,1
3226,1326088980-207f9a44167060dad449ddf20d9ed786,0
3226,1326406680-5b10c8509c10027f3464e3989f062567,1
3226,1326402300-0b146aa8e22a88cd15ea1cbe4db561bd,0
3226,1320693600-260428ce6220e4fd0a5d558b8ddc11f9,1
3226,1325112960-45e8c1254cfe981a2d229e596af7796b,1
3226,1325471340-138f88fda386bab9f474f9fa0df8d9c0,0
3226,1320712920-1f5ffacad73470c4389cb98195bf4ef4,1
3226,1323997020-cb196e4f9dc1f599362d161b01b09644,0
3226,1322008320-225ae3edf469c59b65204e10ca26c627,0
3226,1326927840-d5fe58564337b2863607c9ffc50807a2,0
3226,1326267720-f7081d0639617ddc706d2bd1aeb63cca,0
3226,1325895300-8e8e8b71dc842a0d584717562bb681f4,1
3226,1322661960-47698c06e34b5e34c5a4d4d2d108c17c,0
3226,1321679340-0b8f25fb4502f45ae3486a3e9b79aa26,1
3226,1320207420-86383644315a2d4cef6912210c3c57cf,0
3226,1325108220-d79c573df4be2fdfa05a1f129fa21bef,0
3226,1326405360-663d9f44e38b6724fd5ff32339b7fe43,0
3226,1327249740-67f5065804432d9bb89627a5badbda4e,0
3226,1326493020-31cb288069a5b202bf673a4369a68b34,1
3226,1325223660-1b17ea20f625a8fc9125eaee3ec70210,0
3226,1327124100-43ecef00bde82c5a6de099b1cf49ace2,0
3226,1326864600-510a19252de66a9b22d1d01767cca63f,0
3226,1320530280-14d5bad59b3e6b4296cdb3cc714d2ede,0
3226,1320680640-d912181d0ce7b5a93f65926465242a46,0
3226,1320437520-f207d8efa02a6ccae543b1553ea9f759,0
3226,1320452040-7572d797fe6de5fc8f170e67f37b0c0c,1
3226,1322494500-942e272ed7f98d6a3871b6e8edd3efa7,0
3226,1322692500-ffbcb03935f717f0f907b91bafa1f927,0
3226,1323821340-54662f7ae12152ac882ce5d12d0f06fe,0
3226,1324063920-95f1a976cf3941c2ae05ed0f56c0042e,0
3226,1326585900-903ec8980383cc6bb0015d46763d2ad6,1
3226,1327149540-55575cbb26a1951bfda7bb016063e136,0
3226,1322439840-bae5a99c9e6af44aafc9e6f319ae49d6,0
3226,1325741460-b194f6e0d1dba659f060c7dde4c0c328,0
3226,1326479160-94c8223f7342c260a7f315be0a48d446,0
3226,1323359400-3a945e735a2e86d82d71512a59f2ebf6,0
3226,1325895300-0484b3422217b5439efc816112b127c3,1
3226,1322198400-13de379b8eb6f0c2aa748b21b6f24833,0
3226,1323791580-64156a401cb6ec324e32a646d6cb1346,1
3226,1327821420-0362864ce813dfdeaef432da9aacd2d4,0
3226,1327506600-c6ece428c8e3264b22cab4c97b8c17a8,0
3226,1324409580-a542a35eb642f168dfbe3c6510a28a20,0
3226,1322050800-332537d13c7e460ebcb6b106810d852f,0
3226,1322709720-cc23c32903ddbdbade611e7c616b69ef,0
3226,1327358580-2e0297016d83d7434dd8a2fdb906e97d,0
3226,1325770020-50669c285dd9143f6944318fb8763f26,0
3226,1321643280-225addbe7357ba88ea45867628945aed,1
3226,1322931300-c6e2ca9b5bd5e4d5fef5ee1a7a686a47,0
3226,1322142660-db87b27ada740a5fa6adcbaabc1cf1e0,0
3226,1327945740-5b9cc0504b18416d9d74e1993f72f981,1
3226,1322890620-8398a97a1d5d4b70eb06561d3d4e7583,0
3226,1327433580-31f528c1c1df22fed06039db2fa14ece,1
3226,1322569500-a6310d2e380cebb8115fde59f5055db2,0
3226,1320932760-75fd53ef5cd0987fb8998ea500afa430,0
3226,1322977200-64df5a6ca5b613192ba9e7f80b4e6500,0
3226,1321288380-8b23579a206f55ae38c5597d1ea41702,0
3226,1325237880-140e1aa99c823e55d4e41127c27ddfd9,0
3226,1324487580-b39de5e3c1e86024517371c664a9ee5e,0
3226,1321055700-92dccd74a1eb5f16af0dce0c4f2cc9e3,1
3226,1321766580-2c6dc6da5925ee277402f5ea4b64216e,0
3226,1323902760-c0930bd343a403c328cbf9a560fb4dc0,1
3226,1325776680-3d523722231f3b14cb4bfa1933efed40,1
3226,1326978600-05299c46892fa244cce2df17a1262c34,0
3226,1326421260-b6a58c53b534e17e6cf1e7c93d21c3e0,1
3226,1326051120-6250da57c384c5973d856cb24afad66c,0
3226,1325682120-04a931f411de42368b565453c6a07354,0
3226,1324444380-2a35ff96f0808e62308de47720abbf8f,0
3226,1324021740-dcede009a6336e115710a66d790b95a4,0
3226,1327326960-cc04e97e3b663249a97e0b27c47a47da,0
3226,1326848640-7d3f8e6950e79b23f8c5c2a5e259bfc2,0
3226,1320141180-45ef7b8b66b09d5d3e34c998b42bb906,0
3226,1323238140-51d74a49a9878e12cfa4f9a06d198176,0
3226,1327242420-d788a50598ffc1448bb94df28a0e58e4,1
3226,1326724800-85c6dbacaf58ddce7d0c0a43bdef2e6f,0
3226,1325910420-4a19d958c0d3bc6bd9887923ebfa1800,0
3226,1320693600-4dda45a699c2eefa819ecaf8f8268d1a,1
3226,1322586540-f1602f3a229fe7cb8061a8a97ab28574,0
3226,1327983900-4e4a5c78ec6b217e1645530513329c4e,0
3226,1320823380-db6ec9fbb2809fdd76d1836eb68e3752,0
3226,1328017260-5ae8a7f2cef131c2b03dc51407639987,0
3226,1321555200-395063c430e1c24de1b287105f85a57c,0
3226,1322219700-4041f8c629ce130f0624ddddd1a0fc95,0
3226,1321980120-b604236d7c4db0c3329a7283da1686be,0
3226,1320560580-66c9ef4845f1029a4114eaa487deb571,0
3226,1321306920-d835ee80e136cf7d497308043d68ae82,1
3226,1324309440-325eaefe00ea9467d63adf92ac5133a8,0
3226,1326033360-6bf5f32baf7491c118d64b634ff94ea1,0
3226,1325149440-a412717697a991c6ed856ed673441183,0
3226,1323216000-2b9bd7c30d322da2c3649ea173839b64,0
3226,1327974840-b7b4877a327a0cb0b2e35d1e882c3370,0
3226,1321457100-21139b50d6eaf8e39d64c0b0454a2ff2,0
3226,1324171080-59f8166235a933d37ac5a851f8c024c6,0
3226,1325652180-fc2d392c1b34fbf21af6a9d04be0c793,0
3226,1325801400-b0d9af170907fe70d28f3ae4c2d4ce2d,0
3226,1325409720-b7cfd31855ea26c2b11d9daa9a427b62,0
3226,1323889260-ba2b19015ccd99c2dc578480adbe9b5d,0
3226,1322380980-f09c5f6d3717839d2fc765d673bbae35,1
3226,1326790920-6dcf341b9af0f7e7d341fe212107c2e5,0
3226,1324326540-c1209265e598957eaf19aef25550982a,0
3226,1320710880-bc14a2755ff1fa40892dfa8c109aa859,0
3226,1323110460-6fc170d0d2d142d532358308fb93efcf,0
3226,1321663860-0e74c4a444f001b7d713ddf2e373e566,1
3226,1322659620-f68a8dc1740024483aae832f43a5ae67,0
3226,1320419400-570b33d61654b64e2fc367d9bfb0a293,0
3226,1323779760-4e44f5504b70cd4b2ca0ae2183da653d,0
3226,1321580220-8b75ec206a98c1e06d5568bbc4f73015,0
3226,1321051560-7372531cc7da8ad883fe2432bd6f30fa,0
3226,1323286320-3e346e8f7a41c79c6c3c24e45d69336b,0
3226,1326426660-7236acddd277ffe53abd96615d2857a5,0
3226,1323961680-3f99091292bc6598853ba3e8b673ae7d,0
3226,1321580220-0d011cc9744ad56dfacc3cca95304841,0
3226,1323590640-f4736e2d96195b81fc9d166a163623d7,0
3226,1327005000-1cda25de4ad10cb843df4732611a2770,0
3226,1320870600-4056c1c3dcb85ba98d2f78e1b29ecc82,0
3226,1325806920-8192ece5681e7661af943c772774dc88,0
3226,1320949260-32090e63dcf6b67b923417d8e86c47cb,0
3226,1320391440-80807b7f0f4b23563683ba0100ff3a85,0
3226,1320742620-f3f31e72b5fe29b05f7a5d95fd9f5e7c,0
3226,1325895300-ffd1f600817ee4519d97541aca5d00b5,1
3226,1320674760-a92119dfda2573f99c624101529921ce,0
3226,1327418400-6b92c8549a3169a935ccaafe017bfbcd,0
3226,1326060120-9085790e00d48c22c9b853c32a4718fa,0
3226,1320672300-6766de4d162390adbbf9fa379c9a912f,0
3226,1320339420-1638bc28a633417393b3875ee231bcd7,0
3226,1320700020-2d2f329ff2fe255dfd546a2dc8235540,1
3226,1324748400-577392e1f62a8d50b275915621d27929,0
3226,1324006020-0c58271eb599136205dd769f341a3445,0
3226,1323011700-4f8519fe821789e422a3e9e3302850b3,0
3226,1321594260-cb95c0c4e7b57641e2ceb43ddd2522cd,0
3226,1325750100-37ca34ab992eb7f07c5d715717b9d54f,1
3226,1324674360-1fc51bbca4152d2249889dd289075ae5,0
3226,1323698820-f7e1ae274ecac8489697c9707c44efa7,0
3226,1325818620-ffbdd6a863c6d89e87d17f7f11ba1b6d,0
3226,1322622120-94843a48f2d0df2a39567bdb3d71dc6c,0
3226,1321031580-b7e9cedd17cc4694f693f3c0853278a5,0
3226,1322587980-8bebf6ea9f36c5def9ae1898e31d7cfc,0
3226,1322655540-8296c7deb2b86872fe1fe6493682207e,1
3226,1326238140-63d21c3b98b7c332a901fbe194e97a6c,1
3226,1323259200-67cda234e6039e83e86a5424c7c37008,0
3226,1321031580-25f2f3c2e51efe0e9b266ea2646aeb9d,0
3226,1328053500-5c82d810eb3313bd052b748c0a815b73,1
3226,1322828580-c69dfd60f7efc91d41065b7642c36713,1
3226,1322740980-0c779ed857298df5a6bfc5991775ce0f,0
3226,1325336400-5d25e3c91653edc1bdcc2a170e2d31e7,0
3226,1322724780-1480208591b6dcce901ec7deee52a76f,0
3226,1326198300-a5f77d01dfc40cac22e03bd75169f1fb,0
3226,1325319180-2aba556520457339a69d7f1c8acecefe,0
3226,1326040440-81b0f43f45ed1a74d2529c5f577603bd,0
3226,1320792240-4bac99d7ee661bb8fb1aeea2a1d643e9,0
3226,1325007660-7eaf33431db996419dd3c248452b5046,0
3226,1321112580-98a8aad4e2379a021a6a4cef3a22175a,0
3226,1327077900-76e9d42d8a6ec0e00d8420cf6eda7857,0
3226,1326198480-bb25c3224e481a5b80c0f8314b55cc6b,1
3226,1324456140-435e9af9313deceefaf8993d7c90034e,0
3226,1322944680-49fafeaaab07558eea9005c47133d183,1
3226,1327568100-bd7547fe1894ce0ff7aee236b2c3b4ba,0
3226,1320180000-04a13269211c486655a9a5916572c32c,0
3226,1321024440-d774733e03cb7471c35b2aa3ca212c52,0
3226,1327364640-3d6adf71ea43734538af9ac069fa4392,0
3226,1326574560-93b22ba337d53e9816e03a0a571b2c02,1
3226,1320338880-b6552f92a990422993eb2cd2f54bcda4,1
3226,1320405840-fff55e0877be877c11d7269dd764d9cc,0
3226,1322981760-b855493b959188e090bd32e285057531,0
3226,1321032720-ad91f83ad0bdc7844c47346164b13afb,0
3226,1321744500-7f954958840f68df89376d895ed50939,1
3226,1327847880-798e4bfe58d47988f0576f61fc018300,0
3226,1327644120-140b424be7ad18eb5606f16dc3876b38,0
3226,1326630780-06bf85856f373011b0fd2a5581ed11e1,0
3226,1327600800-6548c62f876dfbf27619011f121b7678,0
3226,1324510320-3687cbee84f62a27faeeb279ebeae13e,0
3226,1322949900-13caccd55cca39014a05aa37daa1a3ac,1
3226,1323477540-1ddc095df24d6f2c86da5a8f987f6ae5,0
3226,1323747660-3b86416fdcd13cad0db43873986a2a2c,0
3226,1326312000-d2a0b28c05ccfc4301817d350be290a8,0
3226,1324065600-3ad3f48c6ec2635e9d544b9487929635,0
3226,1320632220-bf1da3463cd406eb79112a66748e0777,0
3226,1326857880-06c22a311ff2cf822a4dfed2b199fc64,0
3226,1325806680-da9841940cccfa959f1eea8655fb093d,0
3226,1326977580-3fcb6257358fb01eee679a8cb0d7125e,0
3226,1325965500-601e667fce6d936f8439d9937361abfd,0
3226,1326509340-25094d5a708325521867868d8270d82b,0
3226,1320952980-f7cb66638799c95326b1c8826b386541,1
3226,1322852760-5c95cc1acb9d02d62037cc98b409f587,0
3226,1323107220-939c6cc590c54f3c4814ba8baaa0fb05,0
3226,1327754760-9f052b66daa6c5c0436f6d0c6a2cb173,0
3226,1324661580-0e4a89168732610790200583ab38e8a4,0
3226,1321426440-c0988a7eea34d4c508d375b4886b6a49,0
3226,1325159160-fba59ac0dc9cb6027ec54ed35d673edf,0
3226,1320896280-1c2372e65868f83290de65fccaf6ef50,0
3226,1325895300-a551a8ec37909bc92c09b89adea639fa,1
3226,1322317080-0c8272272684c998b5c546da9bedca44,0
3226,1323463560-9ac46a14e6d2fc4f6a2968f0095573b0,0
3226,1326516120-9c29878c5eed9aa9eebe223b5513ad9f,1
3226,1320207420-fa0d38d9265754ca774e82d4d365b6aa,0
3226,1326550800-662af6916d7e5329a7f62551519af08a,0
3226,1324427760-3f2933c77248cf8f63ea8ac3a9c2fc3a,0
3226,1323433560-4db6ed747084b219f7fbc8faaa08097e,0
3226,1321099260-963634a05fb93aaadcfa72b2e2579111,0
3226,1321496640-a4226c2eff14c509057a008e9a74847d,0
3226,1324012980-5d0a117f279a67cae39dfa9f18bf9737,1
3226,1323452100-705f1db9f2f157e11e86ccf3e9b26ca7,1
3226,1326429180-023d9235b83cea513447078d0e317ab6,1
3226,1320642720-f5fee1f9fd1fabacaa914e19e3c95221,0
3226,1323849240-2d1fbac2ca93f1d2f45bd5788bf73024,0
3226,1321887060-af8dd086c015c42bb01ac44091d33a04,0
3226,1326843900-4967c0ddc61f5ce266008787714157c0,0
3226,1324690680-8a12cd7da23802bfd8a0641ddba4c45b,0
3226,1326154380-b02d0c5fc1f5bfc3defa4859e10d8bb9,0
3226,1320886020-5dac378c55073045faa0547b2144759a,0
3226,1325178180-4858f593d0d7dadb3ff71b252eaa36a3,0
3226,1326481080-a30dd8bd454560a7c051803d9118df61,0
3226,1324145160-1e9ef16ea8e9777263b6a787221fc32e,0
3226,1326837480-5f0202d3d3ab247f54ab69e771544d13,1
3226,1325720040-77c79e966e867465c83be87cdf0ff78b,0
3226,1326987840-4edba8921e28d6ad11d05551a7ffb34f,0
3226,1325900940-04d4e51a7e0d88ff7de141805ce95250,0
3226,1320896280-58e6d191a0a0721a69e94fd3d48a5e0b,0
3226,1325173920-023f3d08bf82c9ef4d99118a5d20b2d6,1
3226,1321560180-25da5d59c323816aa03b33b6d3eec199,0
3226,1326503640-10c4f47194aaee3503da68ffe7aa0684,0
3226,1320714060-f7bfe94ab81d3e88ffd99dfd782d9757,1
3226,1322013780-b5e5ddcac010b5f4fe460ae655b6e349,0
3226,1323004260-705b3b8b0f5a74a8165ebb69bcc78ff4,0
3226,1324583340-8ed53047808a44ac3fce4f62ef69670c,0
3226,1325037060-a4c890d1e3d6b098ba1a8f7e8e6813c4,0
3226,1327367700-6adc3f55a6aff66ce4b1c5810c4e41cc,0
3226,1327701960-12729fb0aa4d52e8b997e58f2ea72499,0
3226,1320771900-103b08542bc5a89af106a814b849217f,1
3226,1324761060-1a4c7d270b640941c8abb9c1321845b3,1
3226,1322554020-aec70b5318ddd9729f8b3dc7621bce97,0
3226,1321300200-bf8c774c3792ed581192f9a051b15f37,0
3226,1323714420-0bb0b6181a699b72e26f6ff30e2dd040,0
3226,1324581420-fed71e8b69d8b20c9b4a64a288998598,0
3226,1323738540-624154d1dfdf713d35e8793cda87d20b,1
3226,1321589520-1b5f7562b16db1fb23812e0c3f3199a1,1
3226,1323110460-c2014a9131eccb7141d49dee1998553c,0
3226,1320676740-35c8832eea7c92abaee341a4b5dc2b1d,0
3226,1324911480-d29086eff0087eb66c5d429f53768714,0
3226,1326915480-19aa095ce08dc85868619f59054860fe,1
3226,1321666500-36b21e546d7c45d5d167e197420ffb3d,0
3226,1326373800-9e7c88e3e93bb381ac7ed8c105d09d4f,0
3226,1321995960-30ba565e43d573b3e2a3f6e393b44ee3,0
3226,1320530280-6b08984fa6a35dd3a5b53e231d36929e,0
3226,1320219060-5c04fb92f44c11a4494e80a25cb68ebe,0
3226,1323479520-659b26a7c6ae239cf876918d57ef7b7e,0
3226,1320537120-32c46ff55bfc8ff93dae1f03f06f9538,0
3226,1322694180-435e6b9595bb0045e904ab73d412e1c2,1
3226,1327001520-dd3edef99bb488fe7292eb3c093f97ce,1
3226,1327917840-91c116efad8f2ba4a068cb36faa5afa9,0
3226,1320773160-68ebbbd7e38cae14b52b9d6073b6b403,0
3226,1322930640-9402853881f980090fc9a5cd9d02fa00,0
3226,1321915140-5d5b200b42a31b30050237934e7b3939,0
3226,1327061640-682f1a1f80b95e8346ec1c97f0068884,0
3226,1324076100-2fb841c8907c6497a7c24ca0beb4817e,0
3226,1320819120-0e080b3dcbca162b1c1a82dc449fd4e0,0
3226,1321088100-0122fbc3519de5c4e8411e385309ca50,0
3226,1326309780-46723786bc0fe1160043be5d3350a37e,0
3226,1327110600-99b8cafc31d8847d0f4d29f6fdb6a313,0
3226,1322042040-55d8e3d56c33ca98e10117a243f30fb3,0
3226,1321163820-856f128d1954bc81ebb2fb11291bf4b4,0
3226,1325817900-2a91202086f2acec79bd463707ccf288,0
3226,1324696380-87ba43dcf410941e02003366d075aecf,0
3226,1320703980-dee535cdb22af85281819a5d502fdd1b,0
3226,1323673200-329d2894e59dd13849db057033ee1bfc,0
3226,1326488520-f4a0c1a5b91e78b807d8189def0d3192,0
3226,1327894680-a25aa3ff6e249bf80a4f27e806aca084,1
3226,1326294180-c25c02d9bc21c619a15509677da25154,0
3226,1325662920-a102e5fe50e03cd46d6eafb590f14005,0
3226,1323961560-6c25b4590298b53462144ab6a82403a9,0
3226,1322779980-809879e37b9d99671472337022cd9d8b,1
3226,1325093580-2e974c77a2329d6ed18df3760e6d0c6f,0
3226,1323571920-45f30935cc0cda9cbb6d59dce3756e9b,0
3226,1324639800-39a555bc18daa3805188c4b0e708501d,0
3226,1326955200-7237dcb0bb7388bd662368fe0c364e7e,0
3226,1323906180-53ec9ce84c6890d8e640fc6e89d7ee1b,0
3226,1322962020-f8197b9bc4ebe90a53a71b7be9c8cfad,0
3226,1321639740-f8e5d9168be4d4cb77ad784f05ba1fca,0
3226,1322700300-f6ebe2d282ec0db71915fd79002cab5e,0
3226,1327281840-45fb99a3de920a32c20cd2127a7194db,0
3226,1327005000-6e4573d5f3502c9652c3f683c0876ec9,0
3226,1325949480-9f08492f4ac37d5adff5608b8c81f578,0
3226,1322874300-593b4a11cc90a6681e21862f4a9e2502,0
3226,1324349460-bffedd11851135f63fc517b405895920,0
3226,1325733780-630aa982e9bccdddb464e0d0c504280e,0
3226,1325592960-6e7955160f8e99090580f3f8bdfe877e,0
3226,1326339780-ad47442dd4d18fcc887580816d4e7f02,1
3226,1320473100-77fb639cadf5f6de8161dbaa9442b9f3,0
3226,1321169820-824fe7511ec594dcead60c0ab5e6774f,1
3226,1327380000-3ae8b8635bd2f0b8274448813639b45e,0
3226,1327077180-c324c5dffa7edbcd7a38b73ff243d81b,0
3226,1323387120-a8f6adffa01a4ca420ebd5a5f322a2c8,0
3226,1324890360-05d158570e2cc1a601d98acc33f0c4f2,0
3226,1325309100-a3efe90d27c4f5d80d89ab0fc374bf9b,1
3226,1321984560-ca2df561b9d5ee2f70de8221c758bb51,0
3226,1320813840-743cfb8107b2f6090218c9d8a1a1cb31,0
3226,1325635800-ab9e44da76aba5409bedfd7c0bba8b4d,0
3226,1325202060-71987ed8e6329074047086a83a36d59f,0
3226,1324614660-05a9c0fc968484b1a59f6e18b99a5919,0
3226,1320561300-6755d9fe3b788de4a143ec05b9f23377,0
3226,1324183680-158c8ef9d2d4b4c1a9614e12dfc39628,0
3226,1321179060-051c85254a196036377eb7f8942f0880,0
3226,1326888300-7f6779c0b3532ce9f823f49f9738bef6,1
3226,1322923020-723eefb45344a5b2c92e04114350e5cf,0
3226,1325941080-4739fcbc6795e457b87ccd5547dd1f20,0
3226,1324750380-87a0bcf64603d9525a152ed79148edb1,0
3226,1325209140-ce3bc4cc9def578f2b6398389415e3e4,0
3226,1325075100-1cbb470b81316e987db6f212fd88f630,0
3226,1325629740-2c2351243c4c8d673fa40c5dc6dcf284,1
3226,1326075420-ad8bf88691fd3bef1fc8129383a38eca,0
3226,1326625380-6fc95f0db15d7898b43878e8ee05bac8,0
3226,1325285700-548e6a28510fcb6e69b4ea7638bcbb60,1
3226,1326310560-13490587fa60dce793cce57b7126a4d0,0
3226,1321992120-a540092793777dc3bc86e3c2010f21c7,0
3226,1327032000-dd131069108f50155e53dd071a339fe8,0
3226,1322610060-d3c3bccacf41139b221984e5cede7a5c,0
3226,1320163380-2c9c1262958b6cbd143e806541490c08,0
3226,1325248020-c674527aa1ab4509af0c9c9cd43699cd,0
3226,1325510160-55cfe3c09742c49505b7291b3a428887,0
3226,1326860580-13884f3962e0aea710eb0763f2af61c0,0
3226,1327223400-11902771b0d007d32f3ccc937f998abc,0
3226,1325343360-c1431be8d7b6fd60ec732d54834d514b,0
3226,1327431300-f03c288a8bbae20bfb07949fe55ad2fd,0
3226,1325705880-89a2fade7ef9d1707adb087fc6917a31,1
3226,1326224280-caadb2fecd857d8169766f5e4bc059a6,1
3226,1327838580-56c076036776b0028381d4f3879b8eee,0
3226,1324079220-de8aa4cc2c6f2f7983bbec031d1d7f74,0
3226,1327405920-f4aec6aed5fdb33647f6fe7a24e0ecef,0
3226,1327506600-6129c8ed593df1706aff5847898f01c3,1
3226,1326434100-0fce2d3180ea731571b851006b3ea42c,0
3226,1327347000-2b059df98bb7589cfa61b041bbca3832,0
3226,1322313360-089adbe3f62b9d16e6e3c12f067c7992,0
3226,1323129480-b4fe0f6fbef2579cd1c77ca37a9e7dbf,0
3226,1327005000-394de32c7d06486a2715dfc50c350b7d,0
3226,1320529800-03d27ff677f2baab4a885f4d65f16367,0
3226,1325257860-bf947f7ba0514135e991097c8cfe28d1,0
3226,1324613580-d9567941024d45c3bd77963eee206b86,0
3226,1323269760-d348f37d3826b60cb97953f6840fe7ba,0
3226,1325189880-6186bb698da40d5f4380b5b0cb2b8031,1
3226,1323711000-6aa6caff6bfcc6ac048eb8cdc722d729,0
3226,1322283540-9794f8137e6f0cc3cc5fd6222b73dbfc,0
3226,1325296860-a7c384dcd4269833d34a947692a44aa3,0
3226,1324768020-30222864495189e3d3663922b91b9cdf,0
3226,1326586080-ad1a9d6235d667c69e095ee1ac343176,0
3226,1327322520-b287783a94449eb2bdc4d3519d964c84,0
3226,1327536540-172fd82767f3fb392a6446d83a56e41a,0
3226,1327935060-645a3b4a942576fd19e4b1c6a95735b5,0
3226,1324161660-4e53f543bae7aec6be770d4c328271ba,0
3226,1323975360-f4987066c49da529a5c3fe1fea2992c5,0
3226,1325913600-8663904be8ec515ac4012e41ebb3658a,0
3226,1325203200-9573b73eaa99c2d3bf3903cf1160611a,0
3226,1322744760-64098784e94ee165ed28dac4e4569bf2,0
3226,1326474120-01d79e4d5443a0a89635031180a8ff1c,0
3226,1325770020-4ceef3ea4f8b8ff184924164bb7a3b41,0
3226,1326816840-20a655fe485c247571334c8d5c0ee109,0
3226,1323714120-3759b80f56f717c708b759c466840632,0
3226,1325137440-c0c01b05ce00945125772a7ac684cc34,0
3226,1323289860-4a14aedef18c8bd5916f90fc4e03c8a2,1
3226,1324577580-1f3c4eb623fae29e20f361824f057487,0
3226,1327968060-7c1ecc04ed0f23a5ccdcc0116896e62b,1
3226,1325202900-9a8f8999b251335dca900d1a22344cd6,0
3226,1320991080-f17ec9a589c153945a334ff878e4c26b,1
3226,1321513740-9393311410d936249015c90000fff540,0
3226,1322442420-2bb3d29d51f708dd17436beda9b93676,1
3226,1324610820-c03fd7fee8abccc261f3012e9678d286,1
3226,1323906960-052df018868f8a32876f3514cff2ee73,0
3226,1326820020-70b3b9f2f995b308b677215736f5e4b1,0
3226,1323106080-4bf2a8940ab604d33e304af29dcd4ad2,0
3226,1327944840-3c96d8b1a33e93be5a8b7082e90c7430,0
3226,1323748140-166d16c53c92c1c45d2e73bb9c3bad73,0
3226,1325905920-31a64c3dc4c6685605163e4b71503f92,0
3226,1322956620-626eabf73f55e0206c3ae604c143f8a3,1
3226,1327638960-d05c40b8ec44e1b141a67b3502247997,0
3226,1325049660-1b68bc9cb8e504e237c07a7578ff25e4,0
3226,1325140380-a2b27606bf855802ae36710ab8b9888c,0
3226,1323622740-b69b3e012b9ed10c616c4011c6322880,0
3226,1324343520-bbe4679a9d2a64f7104bfef91fcd73c0,0
3226,1326074280-43c4dd4b39246179320bb0e0847967a4,0
3226,1323763140-524ade3b28732bf60e1ddb9c389009f9,0
3226,1323153000-0971b40eb1413ed3f8dd0c2f3eeee4a5,0
3226,1324472580-aba6b4907678448c66f84d4ee9ec0457,0
3226,1325610900-a6025c2d789c470820034d7f55f768e3,0
3226,1324037580-05caebf9cfa8dc67ebbff21c8e686805,0
3226,1327804080-ac2bc458581044d8fa7b4931ae233288,0
3226,1325944620-3f4c4fc8b7c58a7722492a125172ac5f,0
3226,1325266620-874926dc3aff1fa94e5d9115ce227182,0
3226,1321597380-c934a11d377264674b5ac156f1476ec7,0
3226,1327974840-ce626577f5dee4d4ca88cdf674b2b9eb,0
3226,1327350900-f9b0f50a56e5a70608bd059827c8674b,0
3226,1325292300-720fac49147ae1fe8d4b8fd2b4faac1e,0
3226,1324306980-b392399b661b265f541f0b7e34a75e06,0
3226,1323924840-dec1233907aaeab4bd7c1f79d7c6ae16,0
3226,1322812980-27fb7f25c15fbebd2c2a04fc91d138b6,0
3226,1321846620-0d598410d8bcf08f3e27109368794b61,1
3226,1327872420-114f462166c858d2dd40e40dfcaa703b,0
3226,1325641260-6ceb8e7c33ad1534aa15e8371186f249,0
3226,1323195540-4134bb8954dd8551108694c6108b5cb6,0
3226,1320616620-10c13e810d2eb125232d4353bf12f49f,0
3226,1327374960-86ebd2bda561f0bbfcb6c4be8972adbb,0
3226,1325725200-d9e71d0ce0e71c497dbce721f5a684ba,1
3226,1325609760-09fe3689ae687d020c92a0822127ecd3,1
3226,1320894360-b38f6cf796a64055d67b98c06589299f,0
3226,1323735900-dd673becb79d1f2a156d433588d8a486,0
3226,1323965940-92cfa46503e4ab2dfaeb267a00caaa20,1
3226,1322061000-215c83dd6a5b22764b49f9ea6b34eb4f,0
3226,1325857560-8adea9d73a1b3e677248185d2c89fb1a,0
3226,1327725540-18f4ff9fcdf8555e92f0e99a5e155367,1
3226,1327699680-dc235c194423d4a6fd606115c7e54fba,0
3226,1323900240-48312c341008f456781dd600ea55c465,0
3226,1326417300-de1b70f78fac8c12ab85e19424b9396f,0
3226,1324625400-8173a697f177be09bec5ac83dd4c7719,0
3226,1320440700-f586f89a765d1467ba812109c79dc2ef,0
3226,1322347980-66a527e4a1d221bdcc5f1aa38fbbbdd1,0
3226,1323713640-a0d0f7a1da811776bde2cce57d2e3a62,0
3226,1325208420-f372ff7ea3f98b3ba51f67a168c3a310,0
3226,1324267140-76dfed84559567997bcf7417451f0438,0
3226,1322792940-2e46141c78934e109e18a3f9f2d8b3cb,0
3226,1323104820-acd11fc3f507388f9a9b3b2e0b327f9f,0
3226,1327750020-860edc17ce33c470a6132122fe1b5e3e,0
3226,1321364760-6c7b91c48186a845d3395d6daad0cfc1,1
3226,1326258120-09cd15534f4599b50fdee6432f9d756a,0
3226,1323350340-5908f37461bb5efb2b3f65173661a42c,1
3226,1322962020-7d284654057baa9a97c8143d46159cad,0
3226,1324372380-f60d1088051d29df567f822b2fd56811,0
3226,1325002140-c290184c1df2c088bac2f1fd5b5f269d,0
3226,1323980580-915279cf1ad1b557964af390d9890c25,0
3226,1327645080-783aa848a8962ce0acec5b4644237dfd,0
3226,1326872460-06520c7ee3f759eacb5cee5c3f9c87ac,1
3226,1321392780-b49fc5208633d6222e653b3026d31e20,0
3226,1327293000-766bb14d1fd2be959f06b4aaf082727b,0
3226,1324578720-54d37fda8b1f45931423c58aa03f6484,0
3226,1325793600-a326ffa11dc0d41129f90768c9736be9,0
3226,1328056020-7c38a47f1165671b5bfb9d6f304f9b64,0
3226,1321513200-81f42cb62c4b9b8502889a463cc01bdc,0
3226,1325203980-c1a741db4c3b90d6f77b0db5e7af496d,0
3226,1325269680-c885f37b5b49160d1df2e3026b88804f,0
3226,1323230280-933ad5e08d8898c2900578a07dbda764,0
3226,1327510200-b5041c4830de8ac8a3b59feb8cfe5e90,0
3226,1327716900-1a0b5103d36c19773becf61329c93e2a,1
3226,1327035600-80b8dd7e6376c7ef4a73c5e1808a7825,0
3226,1326823680-2fe5d6519378928883f81eec124a2a11,0
3226,1320865320-f9b6cedfc00e93787e93d92a705a306e,0
3226,1321961820-b096d0ec96294a623fb737cb6adc2421,0
3226,1324153200-a626172d8deddc93289739b8d69ba14a,0
3226,1324440180-40c5d56cdc6b882ea665f3025429e50b,0
3226,1320804540-7c49d7e368b25d49b6b08fabeb2dcb8b,0
3226,1325353920-b5d884096ee9f70e23e4c375dd431568,0
3226,1323838680-6572c92778887dee6d3d7c4f7a19c240,0
3226,1321332900-99c2cf1eaf0a027563b21e85c2cb9aa6,0
3226,1326359580-bd8103bb715b017a5d8ce28c987800ac,0
3226,1324012980-9de0a2e7b850f81a7c2d9c00a3f29ebd,1
3226,1326254280-218d2ba5fcfd9e6f659de4943e7beb62,0
3226,1324215360-74137437ac0d5a2cf3289943bc9fd1a1,0
3226,1326135720-5a3a92d4aa637a2ff83f625dd5ef9b2a,1
3226,1326409440-cdba8ddfc4d512b6f2edb2fe0378dba2,1
3226,1320693600-b8568fa862254c636d7444a86240c1b1,1
3226,1325632620-7e5e067f21910a0acc969b9d2fee74a2,1
3226,1326045360-99bfb60d1280880f71d72611ff3e4b09,0
3226,1326825000-96f4a83139aa9d7eea66da1022fe4341,0
3226,1326526680-31602ce1b8fa80ac00c26c2c9a0d823e,1
3226,1326516120-6e83b3b9529e8595db5e54720f7fa485,0
3226,1326290880-da52050ddb3674c0b3b640ca5aa0aad8,0
3226,1321852380-008f574411ed91bd4e14a643fc77bda6,0
3226,1324642980-20932a29a4cbda247cd3bd0a037ac3fb,1
3226,1324556760-d7a85178e29bb24895749acdc369cece,1
3226,1321357860-cf936a4d823f1face514daf2cc6572cd,0
3226,1324436580-1ccd6a766ecc486dbb570f3eb1c6c957,0
3226,1320224340-5cf16cb6eca22434c44e4cb16e0d22fd,1
3226,1326426780-78147c20fae65595a1efa00fa23b7d6c,1
3226,1324539540-abafd627987e8581ffcbe08049549929,0
3226,1326306120-f8a4c7e16c2c70021d29f756b0ebd980,0
3226,1324383540-5345c3bf80739d6b4a250a6288313814,0
3226,1327979700-7fa687b94c729ba6ca5f59f48a9d1c6e,0
3226,1326824940-b298b8a5b5e1582e7425cf312502d80f,1
3226,1325742240-6bdf6dde52714d80056b6623779bf99d,0
3226,1322017920-96723e89da2a0d34f3e253bf3ad04b0d,0
3226,1323128760-a52fb7cb034ce3e7e111683d5d39dab4,0
3226,1328014500-5adeddbd604faf80e7b7cf6fa4553d15,1
3226,1323899700-2d99dcd7436b1f622b524a4cecf5400f,1
3226,1327710900-91ba00b7c133a71f899c1396cffe693e,0
3226,1322866860-86513e06c15ea2f7c63d8054627491c4,0
3226,1327245420-c296757b373d5f683223896d67a5c63c,0
3226,1326485580-2d372ed434cd693f211d5a6c7cff7afe,0
3226,1322708280-9ee672ab18ca0e0aba292e6e32ff7e2a,1
3226,1325219760-488430116d62bfbe946ae5445782498c,0
3226,1323730380-0b362566095608ba189562daf34daac2,0
3226,1323012000-6fa91978a344ffbac16794f5cca1e665,0
3226,1321586340-aeab61d1f2c117067fae8379f63e5c0a,0
3226,1325806920-27ba4f3a340c6073b4951b0849505b22,0
3226,1320410040-49fd9a40abb4a19188b7f0702ee35c2c,0
3226,1320238740-71c3a1714bd9262b4775f4604cb99b0c,1
3226,1326080400-bbd412ed5a6aee4e7e3fb5171b5c35c7,0
3226,1322327280-864cb4d62e7b4f37c917dd2d7a3779fe,0
3226,1324450320-2c17ecc1897f5e019acef71b19608858,0
3226,1327554540-8e152cece0298d8561382dde00b00e98,0
3226,1326122940-7e6b60b4c483fe559306b87ea4324879,0
3226,1321367760-7f605fe17d8d4647bad46d77db651833,0
3226,1327770720-96bf9b3e9cee9fd5df5646530563bfb5,0
3226,1323279480-fa1fda7c468968256c524504dc1315ce,0
3226,1322962020-7e9985c7778f809444394d0c04df4f71,0
3226,1327678860-7c5b345b4b93c3ad87234a0bfabad5db,0
3226,1326295500-05687144e8478b0b4714865ca9129eda,0
3226,1320870600-fc0e7985f0037e1ba4b98f777efc5ab0,0
3226,1320819120-df9ca27c49bf16ef888055b782b078a1,0
3226,1324055760-8cb912069a3ad0fbc3967c9ac8302369,0
3226,1324686120-6ac4d182b01bf0e26f2942a43bcc652e,0
3226,1321894560-779bdb35ceace0660eb7d80437e83510,0
3226,1325562240-83398b5472ced72b29736efebea2873f,0
3226,1325168400-2245bff4122beb47023a47762308ee72,0
3226,1323304440-2d626377e55f8b9241a42c797a721c57,0
3226,1326009540-56091aaf6ff19e2327ea4ed9e42f1ccd,0
3226,1327260780-41c30a7e480242f3a992d7424e29517f,0
3226,1324577040-382f8cbfd2ec1d8825fde0edebd74683,0
3226,1325105460-85e88ae5ef1d12626b08604db66eb564,0
3226,1326347520-fb78362a2a13f79ad22fe92996cbf8e3,0
3226,1322660460-cabf876a1ee00485a4b1f817ac0801ee,0
3226,1326638580-fd5a39bfb60f1b6f64fee3d4616fe841,0
3226,1320364740-a2631993fbb71d66d181195536461a11,0
3226,1325296860-53d6f654f2b20090f95d3c01836191a1,0
3226,1326434100-298ec4bd4e5bec11ba88d83c45d9c9e7,0
3226,1327960440-37fdc0a9ab9758a3fb83e72ab54c2cb0,1
3226,1325475000-8d8ad24a28d809ad5d3d52790480e80b,1
3226,1324050360-0a7cbb124b298b530e68d401c39caefc,1
3226,1325026380-423d8378c8fa6a104daae29715f4a11a,0
3226,1320933180-35b854848dab249123e18e6e947e6dff,0
3226,1320440160-994c170dd6a54e028ee31f050c453676,0
3226,1325776980-5c8e8dfa9225a15dcef304f301f81dc9,0
3226,1320734400-d6445ff6f3ab06eb040a83d436d9a05c,0
3226,1320828120-9377be08ab0ef1d9af1819a8e5a89583,0
3226,1322067000-2818c57049060fdcf9d1286be5e9e87a,0
3226,1324890360-9779bd5556919b3d41ff537771f99ed8,0
3226,1327940580-1c9cfcf7c4211a63cbe78aa9607aab59,0
3226,1325246460-3463cba362b65e03469bd315701c0eb5,1
3226,1326842580-266a4f6e685ecf0bc55e7ae4421df0d5,0
3226,1325172660-3d3972b062d604869f8d8229d3767297,0
3226,1325903280-4ddb19ccca9b7158f625d7d0f358cd29,0
3226,1326268080-f8bd279465ee93e62eeaf3951523004a,0
3226,1321945500-4fbd4eb2dc645bdca544e59c19c45b7a,0
3226,1326605460-a6a1f0735987676f8581cb8fa3dbcc25,0
3226,1322882880-88fdda4086a4ec8e28c6093b2a8f86e7,0
3226,1323108360-b287b203092b610ac77be65381bb702c,0
3226,1323536400-5fe7519f4e28445c3c199f044fff7e40,0
3226,1326551820-155f27dd6cf2daf411f057fdb48ef609,1
3226,1321316340-001c9954f8ef776212511623085f9cb6,0
3226,1322633220-7f3921eae9287a7c68aa893c297fa1ae,0
3226,1325552880-0d495176cd36229e0bc7edb043365836,0
3226,1326151920-5c6e7a65ebd4a5dc861676fe20e5df07,0
3226,1327907580-dc068c28fef83f3d9b771b01c0b8ad60,0
3226,1321930800-8bd2b6ada85e385bfb9f03707f47329f,0
3226,1325867460-36c52e2f4b484133758a097a180d4969,0
3226,1324037400-b14b719b6247dd064754bc86232fdc39,0
3226,1322286600-f30d7971b49e33de9d08139a91dac77f,0
3226,1325331960-3747719c13cdba43dff3ac6a37f83cec,1
3226,1325675700-db97afd542297bba55346655681b1c5d,0
3226,1325090400-b0fe08391cb597b6a67c4c99fb55d6f7,0
3226,1320437100-401b259cf124a42d868124acf1415942,0
3226,1321607280-926b1e8f049e7deb29090a1412209aed,0
3226,1323068880-5a0dcc09933ee354e95eb39dad56b982,0
3226,1321441320-df8859bf398abbdccd7cac8282c6f7fb,0
3226,1323225600-c41e3ff97bf0fba3517618a4651b30a4,0
3226,1322835600-c93bd40210fde54eded5bc4a1a2f7e78,0
3226,1323359400-c25a87104dccb7f548c29b3a8b18dfbf,0
3226,1323407400-b531cacd87f4a4cb1f6cec02a0cc06fa,0
3226,1322026320-803c41eab7686346db7e7d5e2b32f788,0
3226,1324435800-46459a364b2bf04267cb14e65089cbdc,0
3226,1325712300-4755af490b647cc71d4b4d40891c2be3,0
3226,1322181540-db02ff63ea4d920e65b2409ae0495d64,0
3226,1321505580-6dbe1c41a56862afa9a7a1963253a724,0
3226,1321316880-56968ff14e0c2754dfb1340c509385be,0
3226,1323306360-83b5131772d6aab1900f682657d34df7,1
3226,1323129720-6270af8a34d0c42a0cebc230657386c6,1
3226,1323282600-dd42cab4b770b345f9022d534cf381c5,1
3226,1323205260-36ce9060712e0919f8ddd2c110b57aa0,0
3226,1323808740-2812a5a02e135b4c89c159f242118668,0
3226,1327191420-962067796e115b0ccc7fde35292fae4e,0
3226,1320589020-940cc927212ab80056681bd0e109a4bc,0
3226,1326149340-03ad36ef218d877e0ed6d9f0be13d0c6,0
3226,1326392640-8f25e64e80c72f1f3c97ac95d8873cee,0
3226,1324422720-132b75af211f0aa2305492ee5dc645a6,0
3226,1327966560-f2e41b6f1e914c6f015ad9bbb6c23ab7,0
3226,1325682120-f7a97d2e3e99fce45734a3ca398ab48f,0
3226,1324949880-00d5535b9290be9f0542e8a4ea91257a,0
3226,1322075280-3cd1d6dcad919ef127a095a34f8b4bea,0
3226,1323611640-a415db384f6d4a82eb05011142a94171,0
3226,1324500780-8cb716a6eb154e213a6745b04de57603,0
3226,1322802300-9db4667d7064bc20bdb66e88d1d9ae11,1
3226,1320413460-8dd00019cecc3d0baaa19594a1a82f0d,0
3226,1322792880-b28c55d1a1dd5c32da88318edec777aa,1
3226,1326900840-f1d8fe7f059b48c65306145c0aeba5e7,0
3226,1324104720-5993a58f498002b08ebefa689e619d13,0
3226,1321316880-fa00dab2efe8f19b1428d8e0966c8e48,0
3226,1327242420-330e8e48290be36a28a2a3b84eef0d38,1
3226,1321336200-3f997d7632b9ea86961ce8499dd264cd,0
3226,1325679180-dcea455713d1d973325397973ca58b82,0
3226,1327507860-79fd6c456d03681c73a21be9c51fabf1,1
3226,1323125100-dee1b38754a1ecc20cf08b7179951c68,0
3226,1327381320-10601e58e0054ed3d3649878dca658eb,0
3226,1320403200-cdb919afe2810bf0d7c27e7f50c6dfd7,0
3226,1324535280-5afc8bc51ed5878de7796663f527edbc,0
3226,1322325600-26a987d900533a28075da8139e74ba1f,0
3226,1327011660-a7e095066e4f43f724de60617b784bf2,1
3226,1326309780-4deeab3acdbce0ff4b5e0160b5b80a9a,0
3226,1325342700-0e5f81311e94faed12f64378097cf3cf,0
3226,1322798100-23403b0a8d35d6dc2165d9e3284674dc,0
3226,1323133860-b403cf7717ddf039eb06f89b262411b2,0
3226,1326809820-ddacf2148b381a25ab44fdcf94628fe6,1
3226,1320881880-7c9072fc25f474aab312eee1b392baa2,0
3226,1326926280-3385e2ed773dd824cba55864b8cbeac5,1
3226,1327103820-b21497325b587ad5f649e33dc81344df,0
3226,1326415500-6374f80a1529cbeedf4868af88a410b0,0
3226,1323795660-fd83b72f8ece128a8e4ca3d92823bcf4,0
3226,1324827600-c89255390ede5adffd25f98fccfb2852,0
3226,1326825000-c87982b208eb6be7bc6a6570e076f469,0
3226,1320906960-9e32b3247d78c3cb988be6718575f404,0
3226,1322311620-7dc0c6755d06279f89104393083f830b,1
3226,1327513140-9759a05ae0872ad1a1ee78313038a56f,1
3226,1320726120-4c4c6953d218db7ccda2a01ca21f9230,0
3226,1323889260-7dfacfdfaf63654a009f9e68dbc1fd8b,0
3226,1323906960-3d6569506de3feb733a5d91e3ae3e29d,0
3226,1327334580-cea2ced20504e92fb4f3006bafce1d52,0
3226,1326433260-173438bc9860767d66b6d50304c9bcbc,1
3226,1322614680-4e60abc50c10f7db2dd814d841c2cd67,1
3226,1325619120-2a880eaa9064f0ef94e23003640c2921,0
3226,1326378360-b9f37af9b38d95b1206f528c1d79de6e,0
3226,1325136240-783c861ab18063d3f690cc9ed93b1549,0
3226,1322292780-c65f90618c126c4348392ab32c892aa1,0
3226,1324245720-64d1e5f4004679946b2a2d58eae090c7,0
3226,1325172660-80dfc857bcc45828090c8fc550527be6,0
3226,1324343520-fb4b4cf474a5b024a0e8225256a45898,0
3226,1326873060-d2cd2c23ee585e7a699662f27466e3d1,0
3226,1323269580-92c8464e28b89c280cb1e15e3273a505,0
3226,1327362240-a60b04ee1113442b085f41e1f2e6d542,0
3226,1325920020-80843b13182d905338cd950d1ae0d4f5,0
3226,1326250080-2ee6c013f7e496bcec4655e733f8728f,1
3226,1321484640-0d389199f4d2921408da000a2bffc77a,0
3226,1326110220-06fa85033baf604420025f5da05f0a4e,0
3226,1320530280-d236cc1a1ad095e8d06c2f5857f15d30,0
3226,1324331640-12d98da318ea4a86fddc16fb31db3050,0
3226,1326865200-1b42cdaab18a4b8e9fc177905328c88b,0
3226,1321385280-5ddbac4d224951f6a267697679db5718,0
3226,1325818620-6cd5f5ff62a89883d73b37ea1e97a355,0
3226,1322894880-5da1a507eecd82030007ea0c2e4d8a28,0
3226,1322868900-60c0aae4f4811d8a27d9dcd5c2e69f72,1
3226,1328032080-a2059cc635163a7f7e226ce3eafaa38d,0
3226,1326222060-636503013b6ea8fa24aa0c9789d77e91,0
3226,1320794160-6d29fddff98eee697f28ea5b161d6848,0
3226,1321385280-91ecd9455056e2e479589a0cb148d33c,0
3226,1324993620-482dae6e139188c9e8ffa2c9bb68e546,1
3226,1324861500-46a5879c748b44bb85dc347b15461475,0
3226,1324814580-2a86214bd399efe921988d3491fd913f,0
3226,1321456140-2a821bdbdd026f09b03daab9e06c9e8a,0
3226,1325821260-b1a09199d24e573248e17fd705c26f18,0
3226,1323812100-3741c8e9639e9092846cc122c1663d53,0
3226,1326333660-38acc6c0bc604946e8b627f57ba7751c,1
3226,1320439980-0507e2990b1067d9a9b5ac095724c68e,0
3226,1321288320-798f0f34d707899706257bbbf25966cd,0
3226,1321513740-b115eaa961e84b56c540a664c9a1f9cc,0
3226,1325047500-448228e8cdd4875ae9c6d492de76df04,0
3226,1323272520-199dfd6ecd8b96e9d24e80e97d2214a0,0
3226,1322501700-afaee4e8b9ed2a79ebc151fb7a2309da,0
3226,1323314280-b1e13a0a99793021cc541c7b2f2d70a2,0
3226,1324421880-b25b8ea95cc927823c53d93c8cc18641,0
3226,1321894560-28dc5bbf2deb691a412f1a93b447e031,0
3226,1325817900-5cf3d0de75fdd70d559055cfb3cb681f,0
3226,1326432540-4b8f86fc2caec6dfbb11de1ef7642a64,0
3226,1321924260-5c0ba09a3b2c981b1aa6c68d04abbbe5,1
3226,1325189640-59aa64aa85aa1de516f93270268d1754,0
3226,1320450900-c7eac0acbc7e56ab96823456dc731bfe,0
3226,1324422720-f9788f2a647f58f53265702f049a14d3,0
3226,1326922860-53b53416ab388cc6937fbc9721f0a62a,0
3226,1324395660-3709ecd136b9edd747c59453fb04f1a3,0
3226,1323140340-6341f9ddfb7423288c18c90335eb7c4c,0
3226,1322760540-5fa79a9ee79eae896457b84469eb54c5,0
3226,1321568400-a3d7869fd0a2937100643c2d3cc4b889,0
3226,1325748660-8a307449f969920aab58b966ab9dae3a,0
3226,1322971080-cee410d0b7ff2f6ebfdbd3963a9401db,0
3226,1322758560-d0ac7554ccb71278e11f5be780230307,1
3226,1323970620-0669fb40b330c657ebac0d198c386442,0
3226,1323748560-a1815d16ef53f445567a6986acaa40a4,0
3226,1327407780-5f2e863aeef7182bdf0101d33305aacb,0
3226,1323457260-3a6daa276c320b1e5bb72b0aff907356,0
3226,1320179040-96fe3ebbd6ca793cc6bb58e53e4e18b8,0
3226,1321161300-ce5b570bc14d9fd6f89da8a9886eb054,0
3226,1325546220-a259bde3bd6d461e2ba69c768fd083d2,0
3226,1320249960-f1794e4a84f07be130f493ebe17c00eb,0
3226,1320813840-35111771d51fc67af1d76fb580d4027c,0
3226,1322529660-2a7386d717487bcde897425275fd1234,0
3226,1321316880-beae41268e2b5d6baef834c01c3b2f51,0
3226,1320727860-877df45d5edf920b028e5790ba47a921,0
3226,1324007640-c9559f92076935c4998848de50c50da9,1
3226,1326296880-b19e3971539065d883ade13dec9beafe,0
3226,1327080780-6366adc8a9f833cccef92f74607bb29d,0
3226,1324439640-b7be1b854d55cdd9d44546b5f1c46ff1,0
3226,1320847980-d0468893f6ed24dfd6ce80c54f714297,0
3226,1326292560-f4d718a8809b65040adfad45f068dcd4,0
3226,1326847020-04e1500ad07852cf1f782b7abc10308b,0
3226,1322079480-8b6048e2fd92b23eeda4cddc38239c9f,0
3226,1327339200-845be3bc7f33e28181294ddccc607e66,0
3226,1320391440-94a36599ef7ecf74ef8b5134b3a62371,0
3226,1324522980-00579e8f13c1f5a6ed9bcdba5870e1ef,0
3226,1327695420-bc31f4ed9177f4d23e4c2c9c29d8315c,0
3226,1321469760-7a56dfaf0c61e01927c97c68be4ae6a2,0
3226,1320838020-6898c1d4873c73f75cf82ee69926e43d,0
3226,1320125520-d4f7fca2b21eea7158a8915fbf085616,0
3226,1326500880-d40741138e7531bf761be387554e32c1,1
3226,1322499120-851e96af3c8b5ad3b14dcbb53382588e,0
3226,1327722780-7f3379e785eac2755caf196dcdbb94a4,0
3226,1326057960-01d077c588303ebf4226c544101af0d1,0
3226,1326844260-1b7ef52267f06f247ab2962c86710279,0
3226,1320462840-f8332ac56e5c5b1fd2898d400c4306e1,0
3226,1326847020-708633d393e63b14f3943cf41aea4fb6,0
3226,1320342720-79f5fc0b0ddba5da71e52500480df31e,0
3226,1326854520-caa1660cfc84b5eef1af1d83c1073a2b,0
3226,1321678080-a6ace38e556c67ccda716d0701ef871c,0
3226,1323727860-25529f94ea3bc9ebfbee142cca8f53ec,0
3226,1321722900-18fe60ffc552a64abe451e66a876886d,0
3226,1327637340-063ca6da28c896c0bc5e7d51e452654a,0
3226,1320716700-833cd2acd5a72fbb442080b71348c7c1,0
3226,1327524780-fca7a38c48324fd9c99be2b8e4ce5dc4,1
3226,1327707780-904dc5b4677059d9da28f16ec75e3426,0
3226,1321200120-b20e43134a667388a47b3f048f977a49,0
3226,1325200860-1de9ddbd3151f77055c2348c9ec40e83,0
3226,1326313320-6dbd301f2081337aa8d3d0fd5c281e7b,0
3226,1325638260-5b26f027e72b673cdff74576d52e58db,0
3226,1327497840-a516535d5e7fb15c111a5f4df0cfb59a,0
3226,1326300900-64e71a40dc5127382e6eb6cadc995f18,0
3226,1324180740-0712a273d65c8e3ddc70d723f554723a,1
3226,1324481280-b0d9c7b85a66a63955636c3c027a4eac,0
3226,1322071920-cfeb82d2dd9642484ef586f7abe4a578,0
3226,1327506600-39e2cd97682cf221ba02f42049ce8c52,0
3226,1327096980-7cef3f35adebb58c95e4589c72038bfb,0
3226,1323392100-996e394778825cafe4c5cea528094981,0
3226,1327584840-a4d323a6895241c1dae38b5b32d820e5,0
3226,1320478320-95a021b971925786a506ffe8bef31236,0
3226,1323975360-1be0af973b121cbbbc1316a5a2fda953,0
3226,1324704660-de93ca816b13013f823b6442c3955131,0
3226,1327985460-a777e98ffca492a95f830bc64405f931,0
3226,1324012200-195da841731da3d41b9c1efefe9a45db,0
3226,1320200760-a8fcde7f1ccf43c91114d02feccaa78d,0
3226,1324342620-ddc3f8f16edce06043c0c7591a0e31dc,0
3226,1321396560-3044d60f3ba488fdeb2db0292a783aab,0
3226,1320226080-4c191ea998b5c89dcedaa43cdaf636c1,0
3226,1324824120-d7ba0eed3d173559a2f34468c376fbfe,0
3226,1327626420-48ee4ed8f2554d51a60202844490c821,0
3226,1327372140-bf78dc76a3bcf094f367835f9500b18a,1
3226,1320951000-c8f183fcaa7d9768719a7441355500ef,0
3226,1325134140-955a54326d24133330541148e3e6b1c3,0
3226,1327334580-010787f4f85655eaa10ed28752a621a5,0
3226,1324694520-058bee82d2ea4b556bb02ebf41c442c3,0
3226,1325233380-a1d59f83ff212f273f5814fd41c6b74e,0
3226,1323749580-f8e504d94e5c74da86aca416fc7fd3f6,0
3226,1321374600-466b7e78bd5e500d22c7bd44ff5c8d1a,0
3226,1323962220-dec63c84b2b3971ad65bcb02d7cf4068,0
3226,1323377580-5b8527a7d72414162d38c9c2056e448a,0
3226,1321520160-a263b89145c80ca0e3dee242aaedd598,0
3226,1321676940-39998e5ad36004ce7b0ada110cbd0a66,0
3226,1324011420-27b5f9a7c437490f93c9cd4464bedf33,0
3226,1326840600-781e81610621da16e572a17338ed72b2,0
3226,1327851780-9480e56bd724123c308e15205a1257ec,0
3226,1321402140-0510dfd2c8f4d80cca9e957ba0cb12e4,1
3226,1326465000-204cb01fa0ebbe9442ae25fc1d5e5410,0
3226,1321161660-05ec07e5bbb6175a17aab41be759ec48,0
3226,1323362760-337474c086359de71c6fbb0d09405fb6,0
3226,1324616640-035a042fc3d1d8f4792fa9425907bc41,0
3226,1324349460-89f87b8506012e85c1620c048c9d2a3e,0
3226,1320811500-bc125463581128799c95194e6b3f6636,0
3226,1328039400-257810074426005e38b125e45bda2cfb,0
3226,1324081140-511ced538bdc04fa75f89743b2de553c,0
3226,1321457100-9a20fb69a8965677a2c71585d54d41c3,0
3226,1323868020-a5366fd4167a0600e696bb8cf8c75915,0
3226,1320896280-2a43b941a281257e31e0c980e1dc5595,0
3226,1325109780-a4be436f2242254bbcc0ea5efd857860,1
3226,1321930800-a0d8bc96f7f3b2ac5e75d4a8ab01d19e,0
3226,1326373680-1861745881eeda9e7538b29f1c57385e,0
3226,1321491420-aa93dfef7e062ab9992c8fa7a0f1e714,0
3226,1321654500-5c0e367866960638619af9d79fefe3d4,0
3226,1326582180-6b1e4d46e57fdd77d71f448994721ba3,0
3226,1321061400-67812d575bdf7764cabc802904277e0d,0
3226,1327889100-a48c78a3ed479e18ebbd54975a15d944,0
3226,1323474300-7e28a05983776980b8e7679e52f4c6e0,0
3226,1325983080-3ac95e5523b16a95b1fdddbc0c51a64d,0
3226,1324183680-c345eb5d4dee2119ef04d69cffa46d9c,0
3226,1325711580-d1325ba67e547fb696f5a2042436957d,0
3226,1324422720-93d41f9bf6803101b906da0fe04f70f7,0
3226,1321725300-4de2c9c9bfe3f53393190bf3d9d4fa7b,0
3226,1321617960-b99f4274894f8003d7684c5894ff0fa4,0
3226,1327011420-184a11b8c568cbffa9d843a8c959af65,0
3226,1324099560-091746f1272fdd9e78e0ff25cb1dc215,0
3226,1320765120-197edad084127b7b43344d3213bfe0da,0
3226,1324415760-91e1d62aa498f9463ca316fc38f4b455,0
3226,1325304960-841b0c9ac43ad9ef69835e8ce0d30ea1,1
3226,1327551660-1d7129780d3d863e8791435d3ad18d4e,0
3226,1323906960-5e9539b7bc21cea6a991362dc4faa8e0,0
3226,1324933800-afb67e78e2d06328ae88311437acbf00,0
3226,1327727220-15eb8b251a769b2a3d72fdd092e2bb08,0
3226,1327698720-8fb28889630cfe5b3eb5c077165b005f,0
3226,1324661700-4e287aae879819bf87e50547b12dcd7c,1
3226,1324901640-58f858a68263a93209d4b0550a96f720,1
3226,1324737960-069a2af76ffddba8bd21adf60cef5b7a,1
3226,1326413400-6ac16efb201255657260a49c642205a1,1
3226,1326158160-5cae9f11fea307c3ba09952b78cf0cca,0
3226,1327326960-afe91f4b92ceb849accaa62483a0af47,1
3226,1320796800-5a22860e018b0da51b45ec5c6fb69d96,0
3226,1327171980-58a7cad407e1666912f8fb101d1117d5,1
3226,1323525180-9d2e87e3f5a9660399a11185943d0221,1
3226,1327499220-6c89a841cb13becb8a0b1ca179641918,0
3226,1323997500-975ac32f2451abc148d391d1814f2cba,1
3226,1326413400-d27f0c2fa6f244747a3e92b2907d3ec8,1
3226,1321266240-784e7349f192782ffdb4ee8834c0071d,1
3226,1327926480-918b1917967637edb913dae3f796d6a4,1
3226,1327004880-2ccbf4f29325c9bc760ef299920efcaf,0
3226,1321336500-9813967d4b54fbcc03c90cee5dde2917,0
3226,1322586480-341d3facf3ce61f0091fb3888a047167,1
3226,1325075100-59d013c4c579fd67c89ad24a89406ecf,0
3226,1324154520-d95015b1f7221d138e8be0e732e4c929,1
3226,1321443660-493a25e38383e85b1f696df6ffb2c787,0
3226,1320708780-38d3d0ea8d73e92b4ec0eb22ca9f05d7,0
3226,1324366200-f1681a2bf9ace346b6b0b2960f05049e,0
3226,1326195000-98ec262f69c9896fa0d06c015d5bfcfe,0
3226,1324697940-7a8c991dd4a8b407d86b893883c2199b,0
3226,1327766280-4892e1a864ec173af372e9d057530aa3,0
3226,1326113280-74b9fb531261291d8a1360f58716c2ba,0
3226,1320896280-200ba2917743487bd065d866e64ccade,0
3226,1325631720-6845d3391d04df0135f6884762e68c9b,0
3226,1327553400-9c97ef3742fe6ab8e70b6f3a9c14a9f2,0
3226,1327435440-69b003886a876b3bc2a4f4373bec6ef7,1
3226,1327281240-c91bf985fd9aba11ebd0ebd5f925cb82,0
3226,1320407880-dc1eaee0bfe84723d97d4ba524913a7a,0
3226,1324432260-0dc18c58be8f8ec531e32d3e3defeb7a,0
3226,1327623840-2838038507d6edcc1b78cab9a66ad3cb,1
3226,1322581860-ac0edd50c7f704790a4595b54e2b1958,0
3226,1326841380-6348ab12d847d5ebb3f669747b471e6c,0
3226,1327181760-8a79aaf0a60b88efa4fe0f672f163549,0
3226,1325541600-d8da7a26238110e0e35a86c5e35fde10,0
3226,1327005000-1bf76dde7dc0be2c0e36aea8ea34c74b,0
3226,1320650640-b3cb683029a297189603f775db2efd8d,0
3226,1326935880-3dbcac635ae6f618e4fcade5c4b31565,0
3226,1323889260-0dfc572cf852d96dc5c9bdfdee155966,0
3226,1324395420-6bff5d2eeb0318bcd4ceaf57cc95827a,0
3226,1321587780-b7cf4d16946d81cd89e22bdab3a97bce,1
3226,1326121380-2f214f1624769530739df509dad9fcc3,0
3226,1326912780-6ffa04e3614fc2c67e21dce5c1af0dce,0
3226,1323997980-4c467a835137eabae7d078d1fb22de8a,1
3226,1323280680-56253a028cbcb6ceceb1c23d355c0d55,0
3226,1325999700-7553c5c6d7efe5805da6d9f7fb8848b1,1
3226,1326317760-8f274f7a227a880f44c911ac0047ef0d,0
3226,1326388560-9ab0c72d1799163c905104a8f155180d,0
3226,1323905700-b01f21c1ea625319172f2f23c979bbfb,0
3226,1322096880-6ee0a4bfdc9c6b2e4153e0758185aad1,1
3226,1325530200-a943386ed5bf1f316a4dd4d442157e17,0
3226,1320705600-ae09bfb40753ae42296e1a41e8f05092,0
3226,1326638940-b607234d32901527f81ffff24eaffc97,0
3226,1320861300-2c9ba8d34ff69e4843bcf0ba7d85c008,0
3226,1325430840-436208c6a230b31842f8eb671b909427,0
3226,1327031580-4bcd3bd026deaf05a43e5a889a3bba40,0
3226,1322893980-5af018315a65fd685f4bba1382eb8f4e,0
3226,1325722620-08605fcaba8bd8cf0b348936002e49ad,0
3226,1324643280-a451f8bd6a0fc4f4928dab7424af321b,0
3226,1321232040-13fe9710b7d5e993cd83fa23450ee759,0
3226,1325201580-39c1d6854869a2941bd9b5ea0d72164b,0
3226,1326533340-6e2f7d8e558e2d07477846c20fb3cf42,0
3226,1324186080-51f735d0eb45775659365d358142e01c,0
3226,1324286460-b2d20cd2c0c6e22e2435c9a2a88add46,0
3226,1327339200-fc7af86b4fb41b4cb31e45d67f20842b,0
3226,1324040820-9ae3e620cd25d91659d298974e34c20b,1
3226,1323184980-153b1806f5b19673721cce224778da40,0
3226,1321058640-923f4232ec87fbea0fb3388c9098ca09,0
3226,1326992400-7c9f96e209dfaf2b69522fb1335d6ef6,0
3226,1322024520-b140794e6118a3715e0ba7e1be854d9d,1
3226,1323961680-c63ee4503a933326dbe284921d3a867d,0
3226,1326488940-fbf85d1931e8e6eb4ac283c4570ad0f4,0
3226,1326983280-50dff706def5137666ee2f9e1faf7d6f,0
3226,1325737860-9cdfe7a31b8d4e3a2fa856839963e716,1
3226,1320804120-1908b9781b9af6598b4e72b6db6ab379,0
3226,1325381520-8a5470671b40a1139473c87b9b65e70c,0
3226,1325562120-88c2738f2c8647c5756b7a04faff598c,0
3226,1323911700-096a68f3512e903a16e97be3f930fd5f,1
3226,1321987080-9644769d2a958246dcb5fd71d75225d5,0
3226,1324995660-afa6ce24e3f1f5b6da1c087afa6fe17f,0
3226,1327480320-d1797bb582934632f626ffbccb850ed7,0
3226,1325009460-d10f7c84f480f81f7f2c1ce46799a265,1
3226,1327435380-c55aebdd6a50ede690d3e5cec01e7bb2,0
3226,1321551780-c19bc17f86d64c5647aa4586c5daac8a,0
3226,1326423300-86f268020afb411f5b23aabbc76c263e,0
3226,1320711240-9431ca6fd667bb1d3b70023fba586a44,0
3226,1321277280-fce947332e25b901bad5486ca1351cc3,0
3226,1326116220-0b15de662a9433da09f611dc003e5663,0
3226,1325601540-ba4a520cf8d14b3e0ff4b32e9b466879,0
3226,1324405380-49ff954e073754cf54bb0562080f6fd0,0
3226,1323875700-b0a9eb11f688cf6c96431f783488f2b2,0
3226,1323359400-b6429aad0ab28d885c6c32e5956098be,0
3226,1326603600-404c1f7d28ad24f0425d308e7b05238f,0
3226,1324614240-8de7e7f5562a21b77e5337b8c3fcf98f,0
3226,1323358740-78eb333e8918d488df67ebfa140b2cb0,0
3226,1324668300-ff8fc928200b65ec3a5dfeaa1736f98d,0
3226,1324732020-c0ec33559a7f79e3bdfdd572a38e653a,0
3226,1321597380-27bf9d80e56b06175e565866352260af,0
3226,1320723060-55bfcc0462ddb0254d32e3f599f4c977,0
3226,1326996840-01733edb9007283c2d19a811be285bd9,0
3226,1323819300-17b924acc5c8905cd4f26f0334cd982b,0
3226,1323994980-7496eb029eee3f853bcdb90bbd44ded3,0
3226,1327364640-7c34562e48eca32f1721d4cea2b69ffa,0
3226,1327421100-7e15b3fad3957f9b8bf30efc7223e6d7,0
3226,1320332340-2844552513ac16cceb134005ac9421a4,0
3226,1320964980-2f464f56c36303f35e1ae206e6d0617f,0
3226,1326830580-23b51594ec4344f8ad2d9f8f2d014c4c,0
3226,1322450220-8eadb07116a80da514b80f777fa8b4f7,0
3226,1323706560-a25edf83d780366a69984924db20ebbb,0
3226,1320407880-534b6e24c258e9f325e1f5d3883b593e,0
3226,1322781900-5b61726d2e335ea591a26ea28bb2a273,0
3226,1325108520-34123560d7dbb527a2956cfe42bdaf55,0
3226,1323157860-ddb4000d1e838d68602cf60382ee460a,0
3226,1321404420-50732dcb0f8289feab8787bdb482847b,1
3226,1326766200-31c9bd015b55c36ecb9a31e95dc3f0a5,0
3226,1323405420-2cfcb08dc37a3077b91f4efadccf6daa,0
3226,1323928560-5d5f3baa575c2b56a5063b20b4212104,0
3226,1320945600-ab4444b73744bb82d2e2a4a6d2c0da09,1
3226,1326469260-3111358517d6d66d1f19ec129cd2548c,0
3226,1324019100-3db9f5ea13f850fa52a722c6c328383b,0
3226,1320179040-1c9c1dd4eefe533c61ce1e70a0835f87,0
3226,1323821820-f403bce458338d9b3676b72382ec7208,1
3226,1320667920-709f3c425cf4cd49d5fb3c64c8080260,0
3226,1327678560-311b697525e99fa23e7ec7e7d2998319,0
3226,1326632520-602c9d5ce2c6a3dafecd93af56a2b5f6,1
3226,1322629620-8621d967269b5bce99166cd4acdee76a,0
3226,1321079100-12cd4995fe7d56f79ba35964d061489b,0
3226,1321277280-357b2d976ad51a1f90e7a4bfbb4c180e,1
3226,1325578680-47e3469e98a2ca6ffca0888dbeae5811,0
3226,1327479360-52a987ac71f6624a092f8feb69df6c89,0
3226,1326205740-894927dfe54884b59a2e3ee2cf1b971a,0
3226,1320695640-af4fd52df785a99007c849a3738c8f39,0
3226,1323466080-4a3c4ddbc5588ad9af23f4de5f53989a,0
3226,1326320100-ca034015dfb42535de1f48c35750bf16,0
3226,1321541460-a44c839e359d19ac4bc19b2ea76a14d7,0
3226,1322708280-9ed251dfaa5018e753c9c66fd243055b,1
3226,1326787320-5b95580456b5f417f2ee3f909dea1f5e,0
3226,1326977580-bd9dbb3ad87a567ecdbc0397f8bc69e1,0
3226,1325888640-d56021be5b27a2891998235a34b7751d,1
3226,1326504840-93dc0cec3d5bb92c603015c417edfdc3,0
3226,1321058040-6a9baedea4ce4c6ed74a59b8c9c4adab,0
3226,1322082540-2e5d32f1468660d96b27c446f5cad689,0
3226,1323191460-7ab4ded48c946135d870d31b02a7e12f,0
3226,1321141260-c45e6328303b05d3e6caf1034d5b3e55,0
3226,1320561540-18bdb635b2f17a0e222b059946f377c2,0
3226,1326757200-a4e32394ea549d071b345ce49ce5363e,0
3226,1321316880-6ed66c8cd9751ecb632e3b8b007f4a63,0
3226,1325262420-c0875fedf613e5454dc6a730e891014a,0
3226,1320719100-44b3e3634ec4f89183b12cf596d82496,0
3226,1326345660-1fba1d7ed8f57446b173d05f6a19d121,0
3226,1322624040-23ae6a6294471fe5e29f482497cc87c1,0
3226,1325941080-349ef0fa6e1bb63f993a488bc4373689,0
3226,1326843900-54e3f920ada1e35ce7d7d684f8a7c6c1,0
3226,1324011120-b6606af7c24e2af0f75a0dd4a2ff7534,0
3226,1327020780-d86b377ab81af3866c49d2d676e69130,0
3226,1326419880-7a534d4f963b12bac2c014bbaff854be,0
3226,1324146060-cae2e0cbf3370c7421f54e975bd66923,0
3226,1326203640-7347d01932a17c1556e009734e614cf0,0
3226,1322454540-daa426aa9f8feb9ebbfd6344f77b25c3,0
3226,1320338880-c1a0a6f5d796b0872a9f25504700342b,1
3226,1327602960-3aea45a3cdef47fed5294f19433c2d66,0
3226,1323054060-bce6c7e6d7130151f532410b4cfeeb45,0
3226,1323377760-b992abc62308efbcf20acc25dced8b7f,0
3226,1327720080-93d9188c8f1f1fad8dd8b268d7246f3a,0
3226,1320923340-bf04c88bdd1523c663422cceacfc74c5,0
3226,1321894560-cf1e3fdef5127e4db16b9d7985b09908,0
3226,1325786700-0bd63b9d4d211ddecc7996bc8d90defa,0
3226,1325880840-9dd591d81a4c3ee73ae6edbddea815e0,0
3226,1324361580-2da35121a748e616885971f47bc6326a,0
3226,1321466880-b6aac8723c82ffdc6a5a24d89d1fe5df,0
3226,1325787120-141c67b5076e90e277370d967ddcfac5,0
3226,1321733460-5e57c466e26ff971105cc598083b1560,0
3226,1326558720-d9cd4e8823ef95f156d5296ed3ccd042,1
3226,1323353640-4f74ab02db741fdd3644c3d2ac23f226,0
3226,1323606060-f0820e5e7c05c5d7e0c017c578d2012b,0
3226,1321471080-634cba097d62b15be1019a5cfe580a66,0
3226,1324622520-71137f1c16e4922034a61c3fb02ff200,0
3226,1325267940-68121fc1e92d7116f1d257683d438945,0
3226,1323961680-41cf50df45d2491a72ee6d8f64900932,0
3226,1325186040-a043d1e0125a2200df7184739e11612d,0
3226,1324272240-6538de7022a3c20688e93c4244932dcc,0
3226,1320746220-bb1d0b33e2f37e1aed766a7a8688afdd,1
3226,1323110460-3121a60bfd30411a3c773ee163b2d302,0
3226,1321960740-05a6a868ddd7242c756f14138cf29f06,0
3226,1324145160-b15b293a8bc666e354ff50bc57b9bb70,0
3226,1322184840-84fe2b5011f362a0956b98318448008c,0
3226,1326297720-d4c0be6e5977219b36ba02453ca0213b,0
3226,1324863900-976058dfbc2695b46d649447098ad253,0
3226,1320522360-722c6448761ea3e487e90f4a3d23a043,0
3226,1325854140-895f744f1abd868d2e29266bfecc16f3,0
3226,1327107780-d244b31a1da9353e039d4e44e6136a2b,0
3226,1324568640-5f07eaea1581263104e558375cc001bc,0
3226,1325130600-d051d9538c8afb3a1d423a4585d8b308,0
3226,1320419220-b69fa21933b23582c3343eb40ebbc593,0
3226,1320364020-5edd6e79e4430a110170a78ee7861455,0
3226,1321680660-5ce10c7df81bd57171cb3f9502b9face,0
3226,1323118560-3826c7fe718a88953e7f36b5344370c9,0
3226,1323009240-b4fc13ef98354b96c509e2cfd034c6ff,0
3226,1321814400-b5114aa10ee84c7033d17e3514acca9e,1
3226,1328044080-0437850822032b86685e2835394ac12a,0
3226,1327121400-d373e657e9de290382649e4d4edf6b03,1
3226,1326632520-ca608d03c271758352f4b91d80a9fd48,0
3226,1320758760-1eb63f5dc88c82fa5fb5e5bb4bf7767d,0
3226,1326160800-3ee3f460fa22af56c40eafdf890d2038,0
3226,1323324600-a6a34b86b25ebd75fbca8e809d90423f,0
3226,1325610900-9270a4d81fd3fddab2db3c2b2cf0100e,0
3226,1322028780-09ff841911f4ff8b2f4230832d3cd33d,0
3226,1322845740-b866e3c0f68ea9e0c9e8ff6713f3932e,0
3226,1325081760-3ce9cd0b1de589b6d8afa7b16fb69587,0
3226,1322424960-fde84883a8e6611588303788fd0b31f0,0
3226,1320897600-1127f706df8fbf5ca7359a28d28343de,0
3226,1326902640-a237da1f5aa364f40ec47d82593d97e4,0
3226,1327847220-37877cf6eb5dad8d34a711ad2818704e,0
3226,1327697940-05e63fcaf2f333e3ea35498347aadaba,0
3226,1326522660-bf2ffdcc609c77b6d0a4a38c83097226,0
3226,1327108260-0676ae5f82a3e5f680bf786c4e28cc83,0
3226,1320160980-c4ae63e0e444a50037773fa804115fc4,0
3226,1326787320-99de8e707237f1ca858726cdaf66ce3c,0
3226,1326911760-708b22ac4f0c43773495e313ecf03ac8,0
3226,1327714140-283e9e1913b197e448edac78a0985276,0
3226,1325904060-344163ec5dfa4e6e57dcd884ef4b63a9,0
3226,1321323060-606ec8b06491b7cb75db52fa016044e3,0
3226,1326611160-0c9def982f5a8e4e5e057725b9691be6,0
3226,1323915540-8be0924e3d6fef2226ca21cda58f0cb0,0
3226,1322658660-0dc7e953c9646b9f0d15059f146212f8,0
3226,1327986420-403a95d5e4223b67f9c7b83b8e3fe02a,0
3226,1325611440-5d46d10f84a20a53a9fdd36be886c908,0
3226,1320236760-d3b6c6063069fa691067828e45570a12,0
3226,1321666200-b1f79ba3f294171ea9b6fc1260733bf0,0
3226,1322178420-d2af222dff25529eccefffa2e49b796c,0
3226,1321163820-950c9fc15106a4e74d8cbb0d7e2060ca,0
3226,1322312040-5f35995c85ffaf0ae733dd73cf94f4dd,0
3226,1322771220-343603f3d679e06f50407d9154b4bc31,0
3226,1323848460-abf527421eb4b95ac8effc45c9da2849,0
3226,1323406140-582f2c27b14dcc70138230196cd1aa51,0
3226,1323727860-1b551c46d2ada2781dfa4f0edc0d76bd,0
3226,1324500900-532bbe29704e87666eb52edf8acaecf7,0
3226,1324909680-0959e148ee7d7c83de9e129cda6c7f3d,0
3226,1322826660-653cab620892b0d16ad81360236e95a4,0
3226,1321488960-1e222a41622c6e747eb94161b2780501,0
3226,1320589020-556401027aa3a499f83628361b1e7953,0
3226,1321447140-4b1a4315a1f033f8126f21bb3df134ed,1
3226,1323443100-6f2105782ab351dbd73c4dab211b066f,0
3226,1326943320-ad44f0dc401b32b79f56104b22b2a9d0,0
3226,1324477080-2701c502e631170220cad01cf7d8236e,0
3226,1323315420-9be7b7a3be85751854dfc76d19b0f38d,0
3226,1326859800-8620532a057b5bae8b26d135b4c577af,0
3226,1327594200-91a3d268f19b86d6dbfcebfbf958f031,0
3226,1326496380-02ed2d512b92031ba707a5cc0f25f38c,0
3226,1325475000-55e243d5cf9f27fc0405bba0c62006ff,1
3226,1326928080-589f179fb1c4a1b0032da8985a1f9d16,0
3226,1320470940-adb5564a0d1a50d991f3ee6d41aae35b,1
3226,1328014500-32805544b7dc082af02a2f6c786479d4,0
3226,1321939800-87a80d7abc2f7ec58422527b3de783df,0
3226,1321745340-80e3906f885d629d47e8a626bcabb807,0
3226,1323809580-712b475b45291eefe615ef54614ec79d,0
3226,1324669560-5fe4beaec4b77a7ab18161da59f67593,0
3226,1326474420-5d0fb771ce9267a21a320a994a5391c7,1
3226,1321995180-4d5d99e99fc2f9b076bd36ea46d837ae,1
3226,1327633260-2bd77dbda74a29cff8c45cc9660ab3d8,1
3226,1325611440-c96309a4747df63d3d728b2d8fe44a43,0
3226,1322110740-1bcc6f363550cf27a8b42a4b4557249b,0
3226,1325292300-b15e6ce26ccf23df041b774956f40dfb,0
3226,1320790440-2e9dfd8523767cad2c5992854bf3b40e,0
3226,1327757100-f458268a5ff0d799adf1e22909b528d5,0
3226,1322614680-499455f8c0c2b84c59a89c0a75ec66bd,1
3226,1323341160-9c0d0b953a72918cd70c3a73a22a6fb7,0
3226,1325596320-d0716f9bef6ead64f07f050783cde096,0
3226,1325240640-5feac0dfc55b6422a3ea4b3024f75bb5,0
3226,1321981740-5c3ec43b886b6613c4deb8b124f258f0,0
3226,1326659100-6eda1c1baf95850dc92d29089bc6eccc,0
3226,1323495000-098c75aff7888b79d2f99dd5abd0ec86,0
3226,1323782640-8a9810a7e0f1b21986723c1a36e35e2b,1
3226,1326416400-6407b798b2609026287d7f221f51af02,0
3226,1327612560-5c65c2e2a6029b0e2f637fbef0603b2e,0
3226,1323615780-7007046dd3bd9cb05d68250cccd2e4ed,0
3226,1322768640-7547bf8236d35d5efb0e7b3b494a099b,0
3226,1326347640-306c23b7c30a0c4dee029dec3833bd91,0
3226,1323746580-6958b1a1453538ab55b8905400731042,0
3226,1322096580-6cefb4198b4cc6e9eb9c94fed3ebe3ec,1
3226,1327069620-8cd03706043cd3589ed8311f209a0f9c,0
3226,1326232080-d1f27f551fa6976ae75966d0684f53bf,0
3226,1320873780-7362f5b4d2488041e8c93a98ee5bc9b5,0
3226,1322319360-8fc15d3d0f0e92a936331b7f44721b95,0
3226,1323444360-8279609e01e0deb85a7ac11010b33ee9,0
3226,1324910700-76bb4531bcaebe3e5abb373077ae140f,0
3226,1322368620-c4a03ce1e0d86443712bf65c7299ada8,1
3226,1322639940-06ed0301d4d654cc888bad3b6fb47f30,0
3226,1325689260-a581eaec902e059d831a716623b211ca,0
3226,1326415140-8722351f2e0e2f418047011369ba31b6,0
3226,1321968840-5eb8b12ffd370c2d1981dd6ab48751f6,0
3226,1323580740-b7ab3bc6a93e52577fab171e99c238fc,0
3226,1326820020-235dede149b1db78a5a72c89e430208d,0
3226,1321972020-2d70e6f58e1a064cfa54c3fde76f539e,0
3226,1323709500-b6e3497364d6eff9fa26aaf26bd545b0,0
3226,1327825680-1cf9d6c93f90c0663d343340ae701b36,0
3226,1323741000-d6c0da64a6badd30934f877f26e5d819,0
3226,1320675480-a7920510c3c4e9b76f3c4b94510882a8,0
3226,1327599780-a349a4a9faa923e21d6c2fc61aaf0d22,1
3226,1323587220-004ab125b8ec5c3601cbc948c0ca19d4,0
3226,1325206440-2af0af5caf85247e610fb82842498b58,0
3226,1324017300-ac52c9f4e635d612557fcbac1b7bbdf3,0
3226,1326896400-b88b32bdbb8dbc5418fb1535267daac0,0
3226,1324032420-883aa4fbbf65a64beb72d3217eba16f2,0
3226,1326466200-3b1e769b3909a256f1fd052977fb0a52,1
3226,1320825240-a539315f31b4dcc725d56ba0d53b8bb0,1
3226,1324602060-1830d8da5a61f1e52413cb1818ebd300,0
3226,1326497580-75bdb670770fbc3612cbdda619093579,1
3226,1323289020-6429e7d2b6c97e46400403886b3d960f,0
3226,1324829700-7fa670629704a3f2d054c8bbe8ee4676,0
3226,1323502080-c70dba75128925729c2b90dece39e211,0
3226,1326857760-39dbc5c383c59514738772b16f0bf1da,0
3226,1322695560-6531319808c95123d3f72f0f94475191,0
3226,1326817080-41e8efefc29deaaad3c7b4fa27c7320f,0
3226,1320812760-701c52dfa14018a6fef3a174083c87db,0
3226,1324787580-68225fc0898ac736ee533dada97ddfe7,1
3226,1326516660-3b72466e4771877a54cd0dc666c2565b,0
3226,1322403480-a817d4b35a6063cdb0e77c57e8fce22d,1
3226,1327420260-2123cce0ca8ae33610242a39748e9edc,0
3226,1325256600-5a9820fe99a28db54c254e8c274c827a,0
3226,1323965940-72a79b5fa37a696edf4e9397723fb29c,0
3226,1321519500-819b4841027c9659f25d0cda1ca5af70,0
3226,1325601540-20502089d58ca58616f8d4279d5fec8f,0
3226,1321418400-8d877f19eb25b8e96c7653f714c4d67a,0
3226,1327940580-51a452e0c9f1d8ed188347bac5a32281,0
3226,1324069080-34599f8f01af7efc2021dec1bd30e71d,0
3226,1325784180-ffc159cf04d3173b9bf4f26c1a315b66,0
3226,1326977580-0b9890875b75cb3a83cc8055a7858ffe,0
3226,1323737640-7bd62da6d6fccfe8ea695bf0decb838c,0
3226,1324221600-8212d12debb81adb8ae4c2918313c505,0
3226,1320607920-baf4c86b41fca722ab93b1853737b850,0
3226,1326897780-c0b0bf4179d1775e56faa0e26e178581,0
3226,1326849840-db0202791e50b9b4c0eadeadd1c8ab55,0
3226,1325048340-bf9208058d114b20e9bffe24a454b88d,0
3226,1321870500-b28b713c3d9e59d7cd70600a80739c90,0
3226,1321302420-0acc9582f80986b9df616b037dad81d7,0
3226,1320211320-23ea8b24f86298ab2fd13b504fe7f012,0
3226,1322624940-5a2dfcc4bcd6411bebeb959895daf61a,0
3226,1323699300-bcf6d89254fbd70eb771edc411ff15c0,0
3226,1324627620-47d04e740b29429ced85f4faf02379c1,0
3226,1326570360-4c1f94cab5d4f170ee773b54f4223eba,0
3226,1325270160-114c0273449dc5a3d83a3735b9e69c3b,0
3226,1324069080-ada7fd1a01fd8dabde5e448adafe2083,0
3226,1327933080-1323c64daed501aff8d91b4bf1cc4ff6,0
3226,1326782700-b627abae1f6a99cc7db156b1a4f7c0ca,0
3226,1321988220-0f2d4ea7c1cabcf4857bb44a9242a359,0
3226,1326913020-1a4cd54955c6197eb631ad154b531ec3,0
3226,1322412720-cf724e075cd27be7e1f3567c6d3913df,0
3226,1324313100-611dfbaeb46ccb4a8127c7f136851efd,0
3226,1326647340-f50e263c2239771a85ee6a63c74ad772,1
3226,1323979920-23f3ef082bba0d87af865e13479127ac,0
3226,1327185360-d3df9d25a100c1e2a900bce4456ccd89,0
3226,1327378920-0450f712a2e16c4b38fb0549eafcd071,0
3226,1321678080-b65f3461f7ceff6bd22d43ff86755609,0
3226,1327134240-abc4663542a2092cb9d836d735ee1764,0
3226,1325649600-4e2c5113fbf4df03e15aa1eabc373943,0
3226,1325793060-d7568b6008ad530b418764ff37477407,0
3226,1326779340-659ce6add9747dad3a69a7238c7071ef,0
3226,1321574220-a055bfbb961366add4b9c6e298e8ca11,0
3226,1323652140-f465c3f8da108a9d869ba71e9363ada9,0
3226,1326502500-5679ccb8603a887c521087da9e07bc05,0
3226,1324436400-0bbc6fa6d89dcd98fc8d8baf19d14f35,0
3226,1320763860-711cd21770699327c456a47ab9499c5f,0
3226,1327791780-7d2a1801962f075a5d773b2503b48dfa,0
3226,1323377760-c8e66f2ad665d501857375fa0a7028f2,0
3226,1326437820-0be40d0198c57f068aaf27c2eedad912,0
3226,1325970300-18755d0fc3e8bb8e10344831d28868cf,0
3226,1320120660-6f180771efe0d7787469369c7a5a5ce0,0
3226,1324043820-2e2950d6a98989e5b9dfa6dde6e5210a,0
3226,1326866460-5d3c6d77672ec9584cf5981a1ead1e03,0
3226,1320608220-b1900f59f4844e4eb60137ed73422797,0
3226,1324610820-542f135165587a950caaafb2553e47d6,0
3226,1327711500-cff9fd9df9ca81c0d1fc75dd9f75a671,0
3226,1323120780-1b320f39f4aa3c10f1bf185b5ccd5467,0
3226,1327374480-5b34eac3ebacb9b7e5822727f38a3fb3,0
3226,1326779340-b7c19d02bf7aef5ec4d92d767ef4eab8,0
3226,1324639800-0125493cf4920cf1e6ccc0f46382d221,0
3226,1327895580-9a5d8ac5d85819e06adee5d00bbd64f1,0
3226,1321456140-0373fb98bcd5dbac9b7c83a47d12acfe,0
3226,1323816240-620419c0863d9d17c18018f56ef3e6ac,0
3226,1326050040-10f02289b601f6c6a250666e3c9cae4d,0
3226,1323913380-1b77eec764f8e5c730b1e22a8e2e0c0c,0
3226,1326678000-dfa126689b01896485fd09ff668d298b,0
3226,1327706400-887bc9b9df90f210b793e10e4a8aaf9b,0
3226,1321432020-4c868ef1d77d4337e9d05df9dc2fcb47,0
3226,1321951260-7c262c3b1e69f2d64124b1f6bbd5e654,0
3226,1320537120-61cb7fb621c53f4d0aa1236218bcf35e,0
3226,1326757920-a1fb140c8414972018845e9aacd9419c,0
3226,1324397340-252780849205200e58788e51367130fb,0
3226,1323313980-2d4a098034d16600476ea5460d9367e2,0
3226,1327656300-9e13bd5c5f2f717a0621bde3549a89ec,0
3226,1326922140-3834c7f58db417737c4c127abc62e157,1
3226,1324084620-289ace078b9ec2ffb1b54207b316e924,0
3226,1322579640-346d7725c718f9e4e3b1c734b870364e,0
3226,1321979820-108625c9423ee00e9d02dae04f5238af,0
3226,1327474860-175dc92dc62e81825b566b6677af4114,0
3226,1325269680-dcabbf5e706b95541174b7c204ab24cb,0
3226,1322504820-0240b9c8b2e4477437abb98760c89c04,0
3226,1323415980-54b41e332d3dbfcb0a87aeacd471d97e,0
3226,1323832560-4066251ed415478a430024b2be85802d,0
3226,1326491100-86be423bd18aff2962527be659e4bf66,0
3226,1322851560-a89f2ea9f9f9209af4d721bffd6d9ef2,0
3226,1323238140-82aa8e2fa873bc92c284ac9716f9bbc8,0
3226,1322962020-3362833b2e4b9974557f83500b8d3a1f,0
3226,1327032060-2e7f874f7d223462a8b9a465423df0aa,0
3226,1324427880-db2b50d772de47208fbe4e28dd761d03,0
3226,1323888060-6aa12125d6d51d769496e047f2b2ce6e,0
3226,1323395580-02c76561cf3ba533d340d85085a13839,0
3226,1326984600-89e2388432788c2de2434c43b8b1bdba,0
3226,1324659120-02cca06d7af45367f969126eb89b0e45,0
3226,1325626860-5a7b2ebbc7332ec2cf9ce80679768099,0
3226,1326916260-3a9460671d627db76ba232b7e18e2136,0
3226,1322700300-97322b3b56e7728994d5967e33e0eb91,1
3226,1321981800-4c62f0684877409169309ffdcbe69689,0
3226,1324073100-7f0b579512ea432a8fc4d396893dc275,0
3226,1324398660-664e808adc0b89e784f950ca48120b63,0
3226,1327614540-01174020476ec9b27002118b471e99dc,0
3226,1324366740-bd5bff9598b51faa28a5a3e5dc182afe,0
3226,1325402940-4c7baed4cf574b27d0894c738835f1cb,0
3226,1322522220-dec4a8f1325cc57ec4a873a8f6b08620,0
3226,1325905920-53c4c34cb929f5fb7029ab137cb82f52,0
3226,1320697140-59549e8a04e1da810fe501c355dcc091,0
3226,1327416780-b8bca768c48158ca9ce718a6b2c41a22,0
3226,1321981800-0088ee19d72555b42f4aa39b9b8e7e25,0
3226,1327120800-2e68e07945249a40a14e8646aa341ca6,0
3226,1326600300-6d99e72b50bbac1175a3aecf44798851,0
3226,1327069380-f8674e42f23f03083fd6a526320e52d6,0
3226,1323904740-582794717a322391ad84bf0d2cce5048,0
3226,1326129060-2fbf455dbbd20689f9a6507bb81f4284,0
3226,1325864160-5c42fdfdeaa0df470398bed94644cac2,0
3226,1322418720-1c82e71e78387be0faedf7e00b64c554,0
3226,1327101780-7a7569b6a4975232af81a361dd27222f,1
3226,1327194540-447811b10d78f245a8c91431ae61e7a3,0
3226,1323438480-cc95013d3def875af08447d05ef53bce,0
3226,1326341280-511278e98d13c0328f1f9a977d54f5d1,0
3226,1326238140-c129c8fb4fe4f969f2212f954c1170e0,1
3226,1321419600-0d6fd2ee7c7fc4125fa45e5866d16874,0
3226,1320923340-04f0d00447b5a9af87baab17ed1d32a3,0
3226,1322719620-30bb04399eac647859be0bd3ac37068e,0
3226,1327554540-d5b469bd7698828fac47544e771daa56,0
3226,1323096420-ac8afd98cef248864b006d40c06f90f7,0
3226,1326145200-ff881696d6c2d846a46f4e66ab63d034,0
3226,1325279940-f4c2d763340d5dc2dcf991981ed533b3,0
3226,1324624200-837bcedcd84056d07bf70925c0908bf6,0
3226,1322694180-2a8a0c36ff3dd402da89afbb1eba9e37,1
3226,1322716860-c0f106b56d52f85f79908c9616301139,0
3226,1324496820-2f582154bb75df582d68cb518a777543,0
3226,1326012660-2a13149512fab9f193ecdeef71fb012e,0
3226,1324161660-6c5be1f1f8e3cdd943fd1fbc593157bf,0
3226,1321513380-cfd6ff419000bef1cdd70c71e49f4e0e,0
3226,1326113280-129b198786bae9cd8347314dc59172c1,0
3226,1321461960-280436996f7dc1c9c369d0aeed6c4a6d,0
3226,1326724800-5c3622e69d6fbde0355c326b08d00709,0
3226,1327008780-76dc26b92f5d673638d3ea26a545a0fd,0
3226,1322013840-2505fe0d6594bee9df88b58d4b5567c4,0
3226,1327440900-40aa26d6d7de3cd261d5464185f31e64,0
3226,1321373760-24a3c3c5ee89d1a0c0d82a81a9b6eaca,0
3226,1321919460-b0305da2f9967b70ac606c9772d54598,0
3226,1326985860-74690899aa8e5bb89413e505c9d96a50,0
3226,1323132540-646cd895bbad28e52b01cde834f56453,0
3226,1326701880-b491e261e8063174ccc14f69d9d9d49c,0
3226,1327471980-1ab1fa50de4b29b312273b599d929984,0
3226,1324556760-6947f3a7ea4903052b308de1364edca4,1
3226,1323536400-5856cf63933214ceb585c85f9c55df57,0
3226,1324412700-bbe46cd2adcab19945fabcc20ecbef66,0
3226,1323690780-c59180ca5085c6ee47eb6e9b7019bf99,0
3226,1326129060-b3e44ff699371d9c5fca372e1dace666,0
3226,1324059780-c9ec8ca6f64566703e2ef96947f8c7fe,0
3226,1324680660-674ce442b41bbdfff818e006deb9619e,0
3226,1323401040-81142776d329a6cc2aeacd1a5fa8bcf2,0
3226,1325084940-7edf4963e7777ede285974d81206345c,0
3226,1325624460-fd0e79b8a4c0f31c3f7e335f7612a40a,0
3226,1323239820-095c21cdb4fd030339473046a7c061b7,0
3226,1327414980-b7a5b33e644c813a2f650d4937b0f7ea,0
3226,1320987120-75c83e1725f5bb18b38e06479c4dd4a4,1
3226,1326252000-d162873a0d24cdae1e276bf4d2986d1d,0
3226,1320833340-7a54fd3790a2c8d46bfe56278979a543,0
3226,1321563840-f11cea9c605e075f7d1362ffcd63eecd,0
3226,1327210860-deda141306a2df94d88e473e6bec9b7f,1
3226,1327188120-025bcaa79ea1d6c13d612cfd9fc0e802,1
3226,1324770240-f67f566a66388eb721fbe394ea8edabc,0
3226,1323472380-35a5bf0ee172a53e1e9b0735f8a3b737,1
3226,1324703520-7e1254455df2c28acf3d367295575a90,0
3226,1325770020-945eaacc40c7f245fe45a354d9ddddfe,0
3226,1325215920-f59706f1fc1df33ba7db0f7f0674e546,0
3226,1325710920-02f687f0cb0c3e5b281191316beb1da0,0
3226,1325881080-2dc1e0a95ec07ecf83fe9e67ffe3d5b2,0
3226,1326201600-5fa4454080fc0ff296d5673917b1ea9a,1
3226,1322973300-ad5be2505f3cc3610c0671672c291b96,0
3226,1321325640-31bda0587a0b5b374c0d5a9251016dea,0
3226,1327990620-1d22c543d2ed29bf0f210b24dfb43c34,0
3226,1325506260-1757c9a1293564e626888fcc4fee4df1,0
3226,1323434460-c24e00e0e47a15c668f8963b029a3c58,0
3226,1321481340-979518f3e3b9fecd5456b540cd6535ab,0
3226,1325525700-23f619f871469b5ebad923920f821869,0
3226,1322217120-4b929343f90ff3ddc15bf0a7167f5b2f,0
3226,1321541460-282b102e90c6eeb782cd9709004702d0,0
3226,1327757100-3b5c671502a15ab348b07e0b40c8f1bf,0
3226,1320391440-cab50e30a64f115cf9d2668bd9f56f04,0
3226,1323401040-5f4496f50146f39de6f68efd1c565111,0
3226,1327750020-334c710b8b8a10529af56ff84ee65d37,0
3226,1323285960-447e2a982d508ca024d6dd1fbedfb7e7,0
3226,1327096440-f6591d414b1caae58c0e872dc3dff3d3,0
3226,1325029140-95efa112b7b748c75752919289895f11,0
3226,1326364620-94a921d647011b3f0ac6f9c4becfdc95,0
3226,1323372600-4c0346d9b00752a52564ac89e9b907c2,0
3226,1327445040-8d02b88a5278dfecf90bacd626a33144,0
3226,1327929780-fb24fb675bfae813b255351c329bf436,0
3226,1321050060-24a97eef1e9c87d349f17d3f3c86b032,0
3226,1327352040-509badf7b784e69e0bc5ed0398652bb6,0
3226,1320825840-63efbd9269b90758c696203a84091ac6,0
3226,1325736480-a6d703f1cde89217438fadf5082a0aa7,0
3226,1323140340-b6aba3e3cc50337a0f98ab6902dc7604,0
3226,1326159540-5958fb595463d5f153a11927451e0586,0
3226,1322018160-9f90afb9a81ce19a8dccf2aa38f82273,1
3226,1325924580-c11b304eee602f5d99d4edcbe6b6d7d9,0
3226,1320867120-583677edb28a59989a0170a70b533b64,0
3226,1327739520-12a3d104f0e191e6b7c7c9dd0f3202c0,0
3226,1320806460-d9895b0abb76e90544370da69f7b3d07,0
3290,1322683680-17f61ce5a79cbbd774d6014544dd1d9a,0
3290,1321686540-c87fd134a233ba39079c8e2abdd8dab3,0
3290,1321865940-8d694d0b0438b4490cda2792bf0ae670,1
3290,1321867140-73a5324c791c960c61f5d78517c64450,1
3290,1322004540-478c8b8e7a51cee501fb85651f380d59,1
3290,1322007780-65eb2fbdcccc4483d9518d571b02da47,1
3290,1321933320-bc80817163f89fdc39030a3d4e852fd7,1
3290,1321932960-3d1eca8dddf57735338652a3892d368d,1
3290,1320748980-8fc2b30b9229f467a430bc0796df5729,1
3290,1320325560-9d15016fa6d5e23b5e769f758087cf7c,1
3290,1322759040-c01b9bb5ed9c10efbc2cd0136626051b,1
3290,1326265260-45c3dade96bca7672b0f7ddd450a0ea4,1
3290,1326262620-97ad51c4d5beb2c41b81fdbd179b6416,1
3290,1326262620-8d3d5a64549548fcea0167bb5fb27c27,1
3290,1327094340-218e291ab30b9ebd2f8cb271f88e6c9c,1
3290,1321053300-051900dc92806a8c0d240ba07b976bef,1
3290,1322563320-a74cf3925f40a4115a145aeeed4d185b,1
3290,1322699880-ba705c75b578d0304ea98307848a127f,0
3290,1322461860-6791f2e911c8e58f312efa456d3a216a,0
3290,1322740740-3060a06e2a9aec4581b8c7fa7bea21a3,0
3290,1325650080-cd0a896386823a65b9d76a4619fa950a,0
3290,1325694960-d4d8cddb314c114cd920a5f1eb35b584,0
3290,1326090060-8e4c71b8d46e843e0a91fc623f0f1505,0
3290,1326282900-0f298eaab30c5ebea3ba209d86cd1b40,0
3290,1324046760-6b473b8dba15f23ce5f39e1ef4a92e6d,0
3290,1322382780-4291ace3560d3a1a9a63ddec8abf31ed,0
3290,1323772020-04d4baffaff897b4e1a3fa0161c77f2a,1
3290,1324399140-c8c8601acc2848b3978146d8b431cdf4,0
3290,1321297140-afe3b77f3e5643aabb677a9f4e7f5dfb,0
3290,1327621740-c36efa439984f9adeebfc2e50f2a8c69,0
3290,1322520000-616f27a63bd5c0cb318b9fca087559e3,0
3290,1321594260-b34a1c05d7c37fe2b3c8c9d520d301e8,0
3290,1324285200-61cbeef8a725ac53de0b4d6acbaf7dfe,0
3290,1327548840-78d240f741bb9adcfd81b0a9c475de39,0
3290,1326491700-2e7b9569ef891972b598ee24241b167c,0
3290,1322902080-d0a47a0b5460dc64ba172651c8c06bda,0
3290,1327637040-9ff3eac17ac9182df8788a963ea9f307,0
3290,1327609980-12583ce51726ddda145f6112b688ab08,0
3290,1323847320-b7ef2d3bfd8899c1e7f74d44fbb947ad,0
3290,1323650340-db77205b950438d21a42c97656f19218,0
3290,1322076180-f8c479ee7f926b56e258a59b08b6641f,0
3290,1327382520-01f5c11258e54f5a173b55ffdb200d06,0
3290,1326818640-aa4da89cbe919f886e98f7135f56cfe6,0
3290,1326280260-0b110847108ba2f118ff93394978355a,0
3290,1326271800-2651af811c67ca03faa7e8223794b01d,0
3290,1325375220-5313e4f76495255f61936f83708e6219,0
3290,1324289460-a5102ac9dc5c1287aba35d212f51b0ae,0
3290,1322098560-2505037f262d6c91bb6b2022ca6c6163,0
3290,1321292880-5b74fc62de9de4ac21a89fd574f566cc,0
3290,1324281840-6ca97688047160a9960554d93b8279c6,0
3290,1322079300-93c811ed1ffcf76cbf18beac1712b712,0
3290,1321293240-090dd1399f35ca9871f7e2942066ef26,0
3357,1321903980-a6d2d160c96f7ef801b2d5082e832862,1
3357,1320583080-4861a2593a3834e17415efe775f2ce4b,1
3357,1320671940-3510521983391d0304e2bd578d3e8784,1
3357,1322181060-09edb9053901b7c964d038ff2b08b319,0
3357,1320597960-baf59ed672904ef9512ef35c83756f08,1
3357,1320617460-732507fe229ba424ddb365d8950639b6,1
3357,1320708240-dc4a4a0315d337466358f79b21ad6199,1
3357,1320714780-14eb2f79e80ecb730061334fd8ca1c8f,1
3357,1320696180-af13ad1af19a7632eb8b8eb74d351387,1
3357,1320708360-1151ad685b658657497069160e6a904a,1
3357,1320696000-28b11d41540c7026501a4a41ce21dbb9,1
3357,1320714300-cae0259aa3dca6c184955a627dd3e86b,1
3357,1320699060-97e5c7bd48a072ae9329b924b51cee1f,1
3357,1320709320-4f29f16b9d8a3d30e9a95b86b3a6988f,1
3357,1320695040-8509e88a1635979a51a1562bd1b4f2a6,1
3357,1320695760-2fa9c2c4295b7455e399fe072e6cffa5,1
3357,1320696300-d40801114a70678d979c577b77467c26,1
3357,1320725580-14a438d19a705f764d7caa7c7ce63946,1
3357,1320700320-59abffc94af8e1e641023ab49a6e67b7,1
3357,1320709440-cce168f0bc0887fb3c6c47c3de021dbd,1
3357,1320719160-52480ea7317e41b330cb7aa902e12df0,1
3357,1322085180-cf4335173957df3a875cd2b17a59bb8e,1
3357,1320697380-739d179b988c2fe96b3156e5914aaf88,1
3357,1320699240-9477093773b9d648607feddf0622a45e,1
3357,1320799440-fa10fd10b56ffd505c5013ae049de6ff,1
3357,1321651080-72f7bed81dd7298e8a52dc95e189e2b4,1
3357,1321663080-0e999c09dd46646cf85aa08c0c30dd67,1
3357,1320730620-ca707c0a630dee918d6a2e2d7648946a,1
3357,1321674300-46c59908bb045d4672681c39e99c869a,1
3357,1321641540-462c1589adfa5ff538a4f767c2e8c2ae,1
3357,1321471200-c22496d2d5a5b1ca9fc6414ee19ebfe2,1
3357,1321664580-59dcec2263efbcdce2c1190cde53bf4e,1
3357,1321664520-81523a0d38d873b8c377d49395099ae8,1
3357,1321651320-742bb3526952cf5f8a6756343ac1812f,1
3357,1321652580-b0ddd81f16682a79696d04190efc8aab,1
3357,1321640400-005717b062b3d602f11d1d5e42de1f9f,1
3357,1321724640-215b041fc927c142882fbe28c30640aa,1
3357,1320687780-7f04aeaf2e8c09ffef656e79cb4e7560,1
3357,1321667400-700a4840ad826252a6e4ca20b2855837,1
3357,1321640460-5886c7c3428f6565c52b97805e20380a,1
3357,1321666080-366e1291fc6698a4bde9495faa728df1,1
3357,1320712620-2a2c7a778a858b49b12df3c3544ab72d,1
3357,1320775620-b063b808cdfdd2579a8565331008e081,1
3357,1321667400-1ef4804a3ded8a19214fd72234722f57,1
3357,1321886640-b800b4af1118f1335e52719d7de9b9b4,1
3357,1321661400-dba136e7e5675da213ee80eaa580ee6c,1
3357,1321661400-b84ed76fe0b73156f91ef49cfd66baf0,1
3357,1321639980-ae624848862a2497e288b962a879bd11,1
3357,1321662300-6e369ba1e497c970e5b5b87ddbbdfaf8,1
3357,1322008200-85f9d99950c838986ce8febd5cb85e02,1
3357,1321391940-f07f63f459d74356a1119043fd2a0cf6,1
3357,1320769980-f24aca9aa2049c8066eac1ee422e5046,0
3357,1321500180-954bbe0b6814070c2e6304f17cd3bdc0,1
3357,1321492380-a4029b85560eac43c01b6a53f1b70852,1
3357,1321886400-c81ce6f8958fc897bf847fe4cc82941a,1
3357,1321494360-da1db3d83630e93da78614289cec5645,1
3357,1321467360-8c65d4846898ab43687860c8aa23af60,1
3357,1321494420-6622ee56bd1b3fb5a5c6b929cc1e9e9f,1
3357,1321533780-a38234e5bf7160572d087c41a2e02cea,1
3357,1321467660-492178f0a8bc8bd4c1a01593bb0d8e9f,1
3357,1321492380-773b522f02434184cfb9b9c8d83a3132,1
3357,1321904700-9e17966474439c7b66ec4046bba745a3,1
3357,1321495560-8f00dfe89ddf6f8c5c26cdbcdb873093,1
3357,1321532880-93872d6f4ae1fbab84c5a443cfefa42c,1
3357,1321501500-a5d926725675a41a25e9b7a64bad4568,1
3357,1321547940-7b0bfa06d58cd6c358bf52b0491badb4,1
3357,1321497900-01dcafaffc87455df74d5301fb062654,1
3357,1321550880-1773cb201ec42a99a443602838d718eb,1
3357,1321496640-849ac511a47e1d4cf7b8cef32fed6a0a,1
3357,1321494240-b170111d6774191f5c818803d6d11195,1
3357,1321886400-9fe31e888cc75ecabfa7cdb61fd8600a,1
3357,1321516080-2cfb8d5b45e31beb08b9b6e8bdbb7973,1
3357,1321467840-61c6000cdf97e94d0eb9337f5afa4d19,1
3357,1321976520-a81c47b11fd8cba737ad728843570623,1
3357,1321698840-250f18bf42678355c5cad155029e104d,1
3357,1321867380-5c6d123e1f6fd773afe7c253d03788e3,1
3357,1321663080-867789f710c9fc063d5348dbae2d8885,1
3357,1321640280-9e70f49717451a0459b265ea52a30a1a,1
3357,1321968780-8b20e7f64469ccca59fb75eaf989bbb7,1
3357,1321661340-dccaa8921deaea9b6e395c6be1df193b,1
3357,1321968660-2a1b2115c86e9e739735b7e5e5c4eb6e,1
3357,1321668540-a8d92faee02689dde270ca2f848eab24,1
3357,1321968180-9238d8dc1ed3794198183012833755f8,1
3357,1322046420-a278e42729ce85cdaf7167a8b00ea68e,1
3357,1321858200-d444de89e9b74bc32dc23de43e386a5d,1
3357,1321980420-4742f6d9460e17111b09a26b0e8f5374,1
3357,1321720920-9d138903934f7d4807bdf35fa37eb0c8,1
3357,1320900840-2519788b2d150e96e99246bceaf25a9d,1
3357,1320849720-d093f1899d9ef21b3abcc32c61ee2e42,1
3357,1321898460-f0d6e004487d9a5e427e601e28ac0342,1
3357,1321981680-c7165b479ca45c8595a27d7edcd28189,1
3357,1321908120-ddd112659eeb5e3d12e0b86e7d8ac23b,1
3357,1321992000-4e55eed4c847743ee32b08fd7a7d4c4f,1
3357,1321853460-4aa15ceab28ff66b210feba7a63533f0,1
3357,1321855800-501f1854fde5296895a290805a0b865d,1
3357,1322084460-800f017791228f8bfc018f95550bda9b,1
3357,1320849720-285c76ecc505d29067bd057284362b86,1
3357,1321934760-fc6e297fe60ecdf059361cb6f7e7e739,1
3357,1321992660-f23aed816a679158e790ac4895d82544,1
3357,1320843960-120a0981693920a43de82aa03e8a7a06,1
3357,1321666440-5895093425945e50d5eb995a4ae02628,1
3357,1321978920-99cd599dacdcf220be96037d1982a78d,1
3357,1321896660-b23ced49ad19b0c91f7ab9d974972298,1
3357,1321397820-5a6ccc0ccc3dd626973540f49d680135,1
3357,1321920780-77ff20be85928d1c17735d5ecfde84d3,1
3357,1321999620-119707bd96886212d1ffde8cde70668f,1
3357,1320845580-76972636738af635281b672c54be1816,1
3357,1322005200-20d6f204449c15974fdc8d0a7a7aedbd,1
3357,1322021400-4ee2cdddd965d4552ff913d29c2bc359,1
3357,1320884640-281ce4c0becaf2452934ccc673f03568,1
3357,1322027400-9c4469519aace232935e104544a0ba43,1
3357,1322033400-92cfb83490dbd6078be23303ceaa89de,1
3357,1321997400-7d8b8a14ad43a33c4a09609b4696c48c,1
3357,1320849720-6b4f7d30fd111724d634a2a6b03a5fb0,1
3357,1320896580-55b14fa96654258de706a3ad4fdf4c89,1
3357,1322113320-2e4aba48735b39538ebd981acf9abb2a,1
3357,1321994460-6092863f93d9603bfa7b0620631267d2,1
3357,1321997400-03bfc5d457edf6697765cf8c26d4e133,1
3357,1321992540-89d1230a890cf835663f86ea2a1ffad4,1
3357,1321939080-802a910238447875366905e87bc7562b,1
3357,1320841020-4658a6e51de0ab8737b47fa35c40a98b,1
3357,1322117400-8489f64d5a6f6406bfb711194d6817c3,1
3357,1320895500-7cc7cb920776bdcc57a912d93531991d,1
3357,1321051140-2916b1ad5f3f5326216175d83d08341f,1
3357,1320936840-3374b7eebd1ab74aa38cb1c1f15f1939,1
3357,1320898080-b5230038a525b474ca8695b8c78acac4,1
3357,1320862020-f3249d16380284a9173417b0e2077afc,1
3357,1320886080-15468b2a967601ffe0dcc20639f3df2f,1
3357,1322090460-a18948ced2af48cedeb589d74736a676,1
3357,1320927180-1f601379352af0505cfc82a137fb68b9,0
3357,1322090460-d4037320ed12c910bc2779fcbabc0529,1
3357,1321304820-294b011bdcae621e04eb05ec181f2334,1
3357,1321934040-de4d33a6de26befd9d766faa6070dd82,1
3357,1321660200-7d4e9e0906f8638437b2edbffcb0e912,1
3357,1320785760-47c592da5369eeb3d1cd1ec906850807,1
3357,1321937400-1244496edd4c2355fd264b5be839a49e,1
3357,1321906740-5f905b53fc31cb4a1f4bfc385fbcfa9b,1
3357,1320816000-a20abdd403c236669cb3b112534ee934,1
3357,1320885420-6aeac4c2b99501d9c90ed218f0a83afc,1
3357,1320453540-4586b6952115ae23700b02172aca1290,1
3357,1320801420-b78e397a3d35c8905a1f8e58ac4177cd,1
3357,1321649820-2c213d43f4292a58a656b6c9948d8b5e,1
3357,1320421440-99bff03b673f9a84d3edcc49bc03c864,1
3357,1321676400-1b3c675896c79120dd085e8911b566ac,1
3357,1321478400-7b3643bf1b799f40f6007130d533542f,1
3357,1322034420-1f162842569782e5c3f179af21f2eb9d,1
3357,1320896040-adb6bd766a165902e12e5243faccb030,1
3357,1320958200-ae1fe015238a1c8ab88968b2ef45a07d,1
3357,1320436440-9ce8acf0cfe517c44fcaee2e1eab644f,1
3357,1320896040-c9df6630eff6e65132fba77d137d7fa6,1
3357,1320882840-ad0e958d31ede6179d471935d90af44a,1
3357,1320827820-bee9f188636ad01562847e1fd603fb3b,1
3357,1320789420-ce03d6a83ed62a470fd41ad48bb31cce,1
3357,1320878940-221df4d919f9af35f7416602e4c8ab2d,1
3357,1320882840-8887df4c9fde41fd245df00f99fbbbd7,1
3357,1320433500-d2228327c1d26d810fa5d2f6aedb8640,1
3357,1320948420-0c381e05505a3ed039514597d885c08b,1
3357,1320438480-726976764c0d29bd47764fb90b8e3131,1
3357,1320521760-2afa48806916005b223567760fd8a57d,1
3357,1320447480-2997088f65e73f89550b4bf2af2f50cc,1
3357,1320400800-1e491cad298563d2eead71fedaa83ce7,1
3357,1320791160-a606e4a559e4c709006d960a3cf68aa9,1
3357,1321378860-0a78a1a6bbe1b264c842fe6d3774bb40,1
3357,1320824820-812282f5d227e82dfb76901f899ae32a,1
3357,1320791160-3ab544d8682fbd5d79a8e59534a5c426,1
3357,1321506420-16f7a48cd3c9c108a6ecf9d762a5cde1,1
3357,1321460400-de5d7bfef9032b89fdfaf0e7ab8636bf,1
3357,1320803160-069f9db6e6b41cb6afb21a5caf55aab9,1
3357,1321488420-b447cf614664508499db2722dde93d84,1
3357,1320799440-7758b824a9e228fc4443c4184371372a,1
3357,1320433500-4d84a16a3821f1b52e32c4a5b7d62579,1
3357,1320453420-f11225786543528fbe1bc115ad9ebeab,1
3357,1320525420-91a3747e6193e694c33da29b456b7501,1
3357,1321399740-d13ebafd49a0c1c9c4459f4a43513e43,1
3357,1320460080-95bf8e8d338ea3240607ae486380dc8f,1
3357,1320881520-ae91328e7a2824f1a4359993cf94e3c7,1
3357,1320984420-0d11273681b4269c4f35bab4c54f1ce4,1
3357,1320433080-3114afd8495cb1daf52faa73e6473b2a,1
3357,1320453060-c3ae85c09692296b6a6c0c1eb6eed406,1
3357,1320945000-d5880ab9e19253348a908707326869b3,1
3357,1321095720-64110d5d4ff12878bb06a98c9c0a8288,1
3357,1320936840-653e682a800f180cc25a6c33b7afb9ed,1
3357,1320796080-83689d87394341798e05ae5d6df58b9e,1
3357,1321507380-93e6191d6d7694dd246e734679ac3719,1
3357,1321414140-f008e11eb435949beb3f0b3f50346efc,1
3357,1321542240-a08ab1fcdd52333620faa6b369fc6eb1,1
3357,1322085180-b824390aa594ed87f975638bde259348,1
3357,1321419300-1b7a81e54413eb108e81b63336f72d34,1
3357,1320455160-6e3c322078819a69e5c36e25038b619b,1
3357,1320453480-0f885271fa133a8375696b183e8b2d14,1
3357,1322097480-de2cd5c9a1bab17e29542ae5d2c22815,1
3357,1321823340-3d2338c9c01c4a19fe242d08b945bb6a,1
3357,1321389600-aa278ab51dfea244d84e25deddc58a45,0
3357,1321481400-f000a680ce40aacc04c2370a8054c16c,1
3357,1321824000-4f9fa9cc28ecec744381c2103a8acc9a,1
3357,1321481400-34f59d6bd8b00d6c64cb5b8704403b38,1
3357,1320583440-fc44f9bb65aa2bb140012028ae09ad6a,1
3357,1321502820-3fa52dd0f9d029c8e4cb3e4b6b8f5603,1
3357,1320171840-07f72860a74b765709279539ad4f938b,1
3357,1321415400-7a00843025275911315d790c2745f3a4,1
3357,1322099340-125846c4f94059c200643a4329d459b9,1
3357,1320979440-92249e9c5524df42d29273b329b1f6e9,1
3357,1321999800-3b7fa0612777a125fe5c57aa1200c075,1
3357,1321913460-13eac84923fa84886f7aedec148c1674,1
3357,1320427740-393d70f6afe8d9128bc497030ab37913,1
3357,1320433500-15e567d06d9787fa6f949d32968d2e2e,1
3357,1320433260-b6a0bc56f663e646b6bc40efa21a815b,1
3357,1320423240-9e629dfcd4a0a95f52f6720de9844731,1
3357,1320813180-61bba1d73160bf4a9ad7e5e9fa93ccb0,1
3357,1320893940-6c3ae4fe98d0903f453ab536c95dcd6e,1
3357,1322001600-3cd5a54940c89adaed00074e74c2d179,1
3357,1320810240-37780f0cd3f532e7207b66e0667f6f1f,1
3357,1320843900-68082fee93674c289cb4e02727fea12b,1
3357,1320787080-57644a23640adcf5e531dfa15f54cf0a,1
3357,1321856580-33d563e6efff682d700351bb2f311aaa,1
3357,1320433500-585756d84d60186ebd83c53be6fd65a5,1
3357,1320799440-a4128eed52419e1e6344d1ce8f888cd3,1
3357,1320454740-1197f3f4db02b1ebd1b4e722d75d278a,1
3357,1320576600-5f57d461350678c485ad2b5018ca1563,1
3357,1320576600-66a5f76f3f59593e34ab671de046a3cb,1
3357,1321565400-00fd9dc48479cb83270db13421fb0a3d,1
3357,1321598400-f02135a39140e852f2600f9ad5a09997,1
3357,1321398840-61b1e4d76ab4df3a43be3b8c148b2e5e,0
3357,1320768480-8ec64af92d2d3d5082eb2e2ad135517f,1
3357,1320799920-908bd9c8ae6ab84125acce859aa7d5b5,1
3357,1320738600-339a360c58a26e4329cb828d02527572,1
3357,1320626460-07d5a32632086b08c6c35ddc430f30f3,1
3357,1320847740-6374e35d09d7417af1318b3b7afd89c0,1
3357,1320793860-733f10fe1dff7c43e95a992badbd5191,1
3357,1320828900-52b0ce85c8c3a5cb3032929cae571799,1
3357,1320619140-fa22858892272d3628926df99861941e,1
3357,1321496880-f36b35969c1de635f6ee6419bd889d39,1
3357,1320802260-de83717b5395d8dd9a034dc183c54b67,1
3357,1321354980-60ee895933b3a6f612cb6833bf4e5d65,1
3357,1320563220-8515d5d2eca1c615963d2c103f411baf,1
3357,1321984860-814f0ffc8c5c51ea5b626d7753a2d98c,0
3357,1321319460-0f6af9a72958048f304b4bcf90bc1ce2,1
3357,1321564020-691e67e6efcc7319efda97774c65d13c,1
3357,1321592820-cc13e73e41e7ce5032448aa90ccdff31,1
3357,1320437280-b7f37f07695e68d250422b90d66eb972,1
3357,1322016180-2f80c31e959685a10ccec3187a6aa824,1
3357,1320799380-38308ec8c2ca5601208a6d0d393b575c,1
3357,1320655020-9c7cc96d6553a882aa573b7a859875be,1
3357,1320889020-09d5513509a0cecdad4cb94f52bca79f,1
3357,1320333600-310cbe6ee86ec94cb2a39d52776f6f9a,1
3357,1320815940-45d1cd1a4e78cd8d04fea6115299b74c,1
3357,1321823160-a7c3ed036c3f167e678f5fad857aeb8e,0
3357,1321093020-01b43ab8d8889375851328f4b767d47d,1
3357,1321105560-6e4a92ca5681586423c22c24006abe82,1
3357,1321051140-f9fc83155c735a2a0835e59d679763c8,1
3357,1321317660-886634010f1c4072ec860d6be25fb8b8,1
3357,1321947840-3b07b44d633b9214ea31950047da88d6,1
3357,1321981380-f16f0e59a9851abc4bb1733976bade71,0
3357,1320943320-b00434125b5b923dc74059349258b3b2,1
3357,1320824040-869f6b91b0363b6be67d03d763d8b4cb,1
3357,1320715680-081769c4746ddde76355a88348698310,1
3357,1320791400-f4b9abd94c2a15e8549647b232261428,1
3357,1320829860-71561264f534c716d147b90f32a13db3,1
3357,1320576600-91fa5ed2c72dc2fa223807478c24182b,1
3357,1320798540-571f9cb2b85fb9ceb75f6cb3bf9731bf,1
3357,1321481400-0792156441a46cf88372cbeb9952f15b,1
3357,1321481400-2470aef1f0d5fd131a2e4da7e8b19dc8,1
3357,1320799440-837fe40967f188569cfb285800ceaf63,1
3357,1320620160-408972306f4cd6fcb2c53f98813ad91c,1
3357,1320799440-09f367adbfcb4e83ef6ee00a1cefe9bc,1
3357,1320821100-b8cb1a9118b6d51686ca9d3e3f1802c8,1
3357,1321834200-1e347f711c389b4a4475d5e8af075cd6,1
3357,1320556020-268310edc3b2990583f600d62acf5a56,1
3357,1320903840-2e27344b3de10d411e209698227454aa,1
3357,1321247520-94a2ca5de3bc2dbbd85010491e69720b,0
3357,1321667820-456a3460b97f385b17ff99cd120b9b5d,1
3357,1320548940-5d63c845fa29c2d75396fc303d3ef507,1
3357,1321604580-de7b9c2be78ec5644b7c13b2abfedf90,1
3357,1320625440-8c4fd46c6818ef5afd5bbb49b52e3023,1
3357,1321516380-433740ea5a84b5f507017db65b7c07eb,1
3357,1322146500-5e3e4bc567956ef143b456c3ba60e0d0,1
3357,1320561600-699cd0699b41c20abb71bc80dc5e5c93,1
3357,1320895800-ac062112cfa3519b80007a5ca8ede496,1
3357,1320599460-8c36ef476702b823f0001555088b3cbb,1
3357,1320545820-34685248fc83909b0dbcba00855802d9,1
3357,1320545460-67c2b31870ce654fe49bb54e37f16569,1
3357,1321219740-03a67f83d1156d4f5517821e8ebcb94f,1
3357,1321219380-a80e35accb8014681a3939ef2d247872,1
3357,1321249980-3ba21839b098212303685985297a9ac3,1
3357,1321536060-6a530dceee1b0ae885bee4b59f1564b1,1
3357,1320552780-5368987cbb0fcd250973689009657363,1
3357,1320553740-4ac29ee5fc7be20833df0a7d619cb956,1
3357,1321212660-20705dde1fa8687320b5e490fb4db8bb,1
3357,1322010900-516f5bb8c56f7fb5e0a955aedf128286,1
3357,1321220220-525404cfb02c7c6c23c7eb6d19a3dc8a,1
3357,1320638280-b5577afc7dbb3ffcd3aeccbc5cfa7290,1
3357,1321205520-7aa3729a548fe552aea86dc55ca8d878,1
3357,1320564000-35de776dcd06a90bc162d43eb22a831e,1
3357,1323487020-ba4f2d10c74901579e1fe098e510d562,1
3357,1321252200-afbbba99da84f12bad7652917b34d676,1
3357,1321205460-d9b361b91fd879408639e992c112e414,1
3357,1320433500-d9c79ceb04ee6853f5a34d7125b581dc,1
3357,1320799440-39fe6562cab98f975fe3f06a75a0349d,1
3357,1320737220-f313307aeaf00f05cb04557771c90127,1
3357,1320358560-40f30f9c2afa6b0a3ccb6ef0b1d6a1ce,1
3357,1320345300-0f4e7c24611b9f3a525bd1d295ee5ffe,1
3357,1320695100-8de786be387252b647bc8c26ee116646,1
3357,1320862020-686dbab064087ef2fb3534befcb62ec3,1
3357,1322242260-df0893ee0e2445997427c2aa5c7df0a8,1
3357,1322870400-a8c2d9e0eb91f7066d23868a2a662e0b,1
3357,1320862020-ccfbfe2bd43c4ef925ef1983d7d76688,1
3357,1320787080-0683904a316431265d75ec438f84c26e,1
3357,1321307220-26d5f84362549193603531fb4a768e02,1
3357,1320698220-f39d09badb1f5df32a90e7dd57912e67,1
3357,1321205760-170e80a0bc4ec6009b7c641fc282c7ae,1
3357,1321205400-647eac60e4a94085c137aa5cce2296de,1
3357,1320783660-1977db13a8be201f54f90e9c2948db95,1
3357,1320799380-198989a92b0b21649a96d19d90890fc0,1
3357,1321972920-f4ea09b5bdc91e743fed83a0392a4220,1
3357,1320799440-43496ae0a42453d4ec8619c8ab1fb73b,1
3357,1322873400-dc0f5adf363c0e281e708db457174788,1
3357,1320712500-4331eaf361c9095b32e199ec862aa90d,1
3357,1320708300-07753ad10f72738b31b36880e258eb09,1
3357,1320576600-0830d97ca3776de4c950eda5270fbbdc,1
3357,1320433260-2422ee3589ac91124b362b8e8275eb01,1
3357,1320537300-2cb9a960050110f03dc9a1c2ae32db01,1
3357,1320576600-5ade473e30eaa67b35f54790ee574ff5,1
3357,1323478800-7bc0d7fad547afb431fc9de4e9d57c65,0
3357,1320623340-2149c92e52b30ac651289bf7953d977a,1
3357,1320947400-5d591f7af2b04b144fd28882383aafbc,1
3357,1321200300-f4ea66998b17e8dbc5212bafed4f5021,1
3357,1321227180-50e7028abdc8ed29629775b80268368e,1
3357,1320896220-23d48a1b5391b0c6e152a9b2f9aac270,1
3357,1320127620-53dd4ddc0d81899244524cb97bdfbfe6,1
3357,1320738600-86670a354fbb5d728a9a08a0bf53afd5,1
3357,1320221280-42cb0d75ec5667424663a21e46905d42,1
3357,1321230840-bf0e908b2b03218fe6858d3df257c672,1
3357,1320793080-0eb1484b150e0526e8c02d6a647ec974,1
3357,1324392060-13361b405cde390b388251a6c9585a7c,1
3357,1320119040-f55db7f9b8a9476ad56180a0806db9b8,1
3357,1321157400-987813c8fab7893cc4f4686d07f54842,1
3357,1320693660-02b0cb6a992263ca257740a544ccb668,1
3357,1320625860-6df09cb28e0601afc8634b17c4f04d08,1
3357,1320690600-377808ec29ceaf9c9200fa356bf49863,1
3357,1320626280-060e77a9d31a7ea9260e035fe0d86d27,1
3357,1320639600-a1203a2e2123dd99920af904871c15d0,1
3357,1322070660-d5d76684ca3c483c7443a250ef99a09e,1
3357,1321523820-af101c09965cf12ba11adcf241503b66,1
3357,1320433500-821974d469bf172a8c93d787d37fdcbc,1
3357,1321959900-512ea56e708ac64048654d621d577890,1
3357,1321586940-28faffe4ce9a101173f71c2f0f062efc,1
3357,1322240400-2c4f5a1be8a313b53b6b827a3739c4fa,1
3357,1320432900-c85512f04270f349e4aa51e72c2c8244,1
3357,1320423240-d78bc5635e7acfe7257dadc85709a751,1
3357,1320620520-26da2a328a83091b07f6073d1f79087f,1
3357,1320620040-3826c517b6c428f3c6a9b81c864b36f6,1
3357,1321748160-b55582ff8d9afda1849c3cd76517417a,1
3357,1320854760-6a3d6ea9bfbf3ed6c93ecb1547d0d5b9,1
3357,1320799440-017bd50235d75e97ef19173faf71bae3,0
3357,1320792120-99a2b9579af2770730e05bc0e171e9a9,1
3357,1322696640-b1d370fe8ffe05dc7e8ed4a07554fb45,1
3357,1320352080-8ac11dc7a6c94044c9b12f09da390655,1
3357,1321535700-bee3c8fdb50c72229989382845419cc8,1
3357,1322438040-f1db48dfc3e78fe6747d159bbbad46e6,0
3357,1320816720-320dd7283208bcbf15975ed958a42057,1
3357,1320937800-3575961d7d9c809f90800a32fd51f576,0
3357,1322627160-88e572445e8cf0080cb0768ad29a3c8f,1
3357,1320533700-d10cf754e7fb7f1d27a67a28525d97c1,1
3357,1323285600-ced04462df2e75c6cce890ee44be2fbf,0
3357,1322710740-342fb0cc5781facabc00b45523c44846,1
3357,1321072020-125e3bfddd7d74ec5b44b688690ef7a9,1
3357,1320829920-1893295845be58db036789125584cd98,1
3357,1320834780-56dbc325df26813eb5e659d0ef488ebb,1
3357,1322594460-29827798db8e3afea024b0a932c81571,0
3357,1320427740-2690cb61fdc8798f59df12f9dbd84e33,1
3357,1320332520-4d93b6d505b10df0a6d47f7a850034f8,1
3357,1322023380-113ca2cad38538c40aa423e41722377e,1
3357,1321795800-2c7740dfe851c182547e52b02da15e24,1
3357,1320580500-996674a719dcb974bf12d270e1118118,0
3357,1321415940-4afe48e482c70dde91e29246adea7f90,0
3357,1320842220-b6d998810c5bd1deda9f507e8ff3a7b7,1
3357,1324159860-113b4e7116112f12efe034aa134aea00,0
3357,1320879360-8240c82e77fbf5cf6e441c7155bd8765,1
3357,1320352260-22ea37d4f461704cff315e66ba67fe23,1
3357,1321909200-6b14218ebee84bc05ed5cbe0394ef081,1
3357,1321991280-24c3147eb2e8c590eefe7ccb7dae0089,1
3357,1320737160-16cfd9a1c3a059c72275223036f78fb9,1
3357,1320722700-38192138cf4f5ee90fb6abd3a73cfe27,1
3357,1320799440-dbe255c6bd8dad17fdc35af0f91faf0b,1
3357,1320793860-1af06b26705903a47678c5e842300d7a,1
3357,1320799380-1d172c16bfb01fb5194ce56b60b1ca08,1
3357,1322871960-bf23e3322a980696916923a42c9b9707,1
3357,1321959600-3d0a69ef2521b8220bb3a5909357c3cd,1
3357,1322696580-471d96e4e21b60821bc3fce1353f6248,1
3357,1321558860-958a52a9646e9e9605d53371c8e7e473,1
3357,1321562580-4eb297166d4b40ab5a7091668000cbb6,1
3357,1323635940-3aa29001bba1ec1d9512f3f2edf2b7c8,1
3357,1320423900-7ca80502ab1bce35ed49ac45aa2521d1,1
3357,1320547560-a636a5f19cbce07637374f627406e533,1
3357,1320941820-a814a39da59e292bea0966ecc22fef40,0
3357,1321043280-d3297e217e9f2552dd58bd50926d98fa,0
3357,1322001840-0fe99ea3cc3fef285e57cd1e6d44dd0e,1
3357,1321886640-ddfda7c561620928805e765365b8c752,0
3357,1320621480-346e40bad4f68348be92b7fe00a3c6e1,1
3357,1320988320-01bd67bd828c20b0ed28802f62a876fe,1
3357,1320922080-d073ca9e4623f08dfefefadbd1634ea6,1
3357,1320772680-479346d4a703dabeafa71a560bbf5adc,1
3357,1320232200-64273b2a603f5065a2e10d5950d75c55,1
3357,1321638060-bf48bc82194fba3eaf3ac1d362b74d49,1
3357,1320754860-dbcd98ad632bf50b71a89f9df4b6cd27,1
3357,1321550340-a4eb7d9f3fdd1456f2d468ef07670f4b,1
3357,1321550340-3734dfd663cbeabebea9ac965096b4b3,1
3357,1321632480-3977137b69d92e3ff944c8406eb4871f,1
3357,1321915200-6b9ea6a71d08c099af0f6f5c0beab4c5,1
3357,1321667820-ff33e879a9d18349e6e9a961502adf05,1
3357,1322255580-fc4c6296d6cb2729a0b0166b69828876,1
3357,1322255400-2cf796d28ea78dc4603e1b41f25baee1,1
3357,1321065540-44dc43752ff0e48c254be3e3b187c107,0
3357,1322231400-c23ab38875d087b98bfe18c2357be458,1
3357,1321573500-5723ebfb4841e7160c2ad4c2a79be405,1
3357,1322242200-58ea818cea63e0e30a552f1e3d8bd3a7,1
3357,1321537380-087ee42746a72faf9842791a4508b37c,1
3357,1322242560-957a5344fec676b17cbdfba236b00966,1
3357,1322237160-67170789c36262bc4be3fcef9f1cb514,1
3357,1321580520-8b4a464f44b41bb82f49274bd64966d1,1
3357,1321550160-68cf0bfc0e97f8b2eb762a8308569133,1
3357,1322231640-260a46c3d016cebb7626947bbdf31969,1
3357,1322046420-440a3bb85890ae7a429a34a97492d729,0
3357,1321904700-4f974d1dcdd994c8536c1d40756dba67,1
3357,1321036620-444bef8b0e4ccfdedf9a0498fe516ea3,1
3357,1320823860-85cbdfe6ea7712f5e2da032ff1b9c4af,1
3357,1322022180-269af1a3953ce8a5d29f04327d882974,1
3357,1321824720-6b5cf72902bb8a2606dffe16c166949b,1
3357,1321249980-694fce7a16f5cdd3a1177fbea5f3b43c,1
3357,1320567360-28f961b932a0913e27fd83d56bce2965,1
3357,1322344860-884207d5b6f38b99c94b2cb1ed6be177,1
3357,1322569560-55c403b57fba0377a1308bc831d9c793,0
3357,1323442860-7000e765dc2cdc146ec90de8de709f1e,0
3357,1323117240-8192775f9ceeb5d590ca58d55b0b7b86,0
3357,1322339760-27c640788f899896a9fdb4f1e0484d97,1
3357,1322220480-c6270b011e1ba62364dedc7163a8cbc3,1
3357,1320738600-39ecdee831151af961c28ec5fa4ecdce,1
3357,1321683300-fe0b8d2429dc950b3e277377b446ffb3,0
3357,1320904380-3498c8724a431696bdbc5178a347b62a,1
3357,1321537380-73222531544db496420db937eb0dfbb2,1
3357,1320412140-7718d9f6dca44b1b3c4ffa5faa38dc66,1
3357,1322313840-23cdef93a961acd37528015ec903f77a,1
3357,1320629160-8447a132bdfab2901ed4ced7d2708788,1
3357,1321252200-8cacfcce03b01338c8ae0c560b6f6709,1
3357,1323122100-daeb61fd792f029775ccdf52c993c3ab,0
3357,1320576600-5c79c5884db97ad65f5676593c9a77c1,0
3357,1320862200-3e691de7e5a76fe95ead0c4b2419b1bc,1
3357,1321892640-00a1f69b73d3bc1a9dba6af83d8c88d8,1
3357,1320197040-0fc8c8b7172a3a1774ae3777b9128038,0
3357,1322256840-b35a037c1dd7f3346fae8e9465ffe7ba,0
3357,1320815640-495a3817f6389631530119b97e2f4d4f,1
3357,1320810540-9328cd60a0eace6f251d0ba72e4c9070,1
3357,1322181000-d7511cbcabf1966217eba1319eb738d2,1
3357,1321817340-73d556d5467288f62c0a96491d730073,1
3357,1322161860-2f7d108afce631768af0eae62d500e01,1
3357,1321405620-5ad0a16472d5c5290ff9e57333fd41ad,0
3357,1322263800-a5008ea2896d1260984d273b87a90452,1
3357,1322266140-4f0e8515d9e87907a6f03197824780cb,1
3357,1321633500-57617bcaa309e6d402d34682fc3cb5e1,0
3357,1321038420-55d3ccda757220b1de04a886de637db8,0
3357,1322271480-9f567792991a4e490d790b9b778c383e,1
3357,1322249400-1837025ffa3d2b058be54d261a4b5ca5,1
3357,1320886380-4684c4b01fe2b563ec31d07860594932,1
3357,1320879060-2d60a567b7a10c1c4f769ed791aef017,0
3357,1322333400-d8ffd52f2e112e30474931589de5c716,1
3357,1322333400-6e47403574d5c2f0eceea1b9f5a59afb,1
3357,1320985320-78a9d26111ce6167f4644dcbb03241c2,0
3357,1321388760-173e0fff61152489107bb97e41c7c850,0
3357,1323760800-4b3c9fa82a2b26c6656cbe871e4bd908,1
3357,1323787440-a924c5e1fb8488683e7f3c4d0d428430,1
3357,1323482460-20a700f1951c4fb4c1afea82faab0e81,1
3357,1321934760-a96c54e41c178f439b38a3b60443b89a,1
3357,1320636360-6410030744ac6b708ccd13caac5f4203,1
3357,1321586940-fea8a77ad72431adf711e1b1b0dd7c5d,1
3357,1322013060-918853d3ec7269353689a55ba12dae53,1
3357,1320450900-af43819aa0f9cf9bb422b9d633f6bf6f,1
3357,1321875480-0e7f49eb093dbdfacf873aa4d01e4477,1
3357,1321867200-4bca71eab5173f07283f5670077dd906,1
3357,1321875480-a0b96a9d4d37106fe75592b9c42775af,1
3357,1321873980-3abbb4374bb3ab2a78fcd82ccda5c9be,1
3357,1321763940-ae6817fb73eff1851cec33fb1f893ba5,1
3357,1321849260-d6a018818b1a7b8c6487b40445345e82,1
3357,1321771140-db38c3376c4a8311dc45d8d313d0dbc8,0
3357,1321536060-53be41f2eb918f4cd0eca03272bc32be,1
3357,1322095440-9ada05e41036890ee6b4c78448f495ea,1
3357,1320625500-a78edd7a03d536585d4f9fa0a16e377b,1
3357,1321808400-522a4a79f06d4184f5f788f8c2d113d8,0
3357,1320964740-674c4257a9abbc9440a998b2bdbc64b0,0
3357,1323475980-3f5e322c4b198625711c866089fab249,0
3357,1321951140-40d7eb6cbe3653eb13c4ae7c1bf43065,0
3357,1322081280-70ac03c026268e0173097e7378cc73a0,0
3357,1321971540-d922a379293712da9eea8bab4520a4a7,0
3357,1323696000-b194e34f352e3e22ffe1807e96456d92,1
3357,1321735200-1e177258705b344f4c64a4a484e82d8b,1
3357,1321753680-6ad1cfcef7109e35a448c524a296aa33,1
3357,1321735260-2317a46f345a6425f0eebf7225dcff11,1
3357,1320443280-739a649a2fe62ac394a258a1812fbf21,0
3357,1321691700-36bc4363970cf463c2508baefd78772b,1
3357,1322233380-11c9ee94d1d42d7bea92b716de433328,0
3357,1322063640-4f4323d77e2d70ffd9516080f20c039b,0
3357,1321735560-0eb1d13430a9ec69b429820c9a03167c,1
3357,1320766920-433345ad32e22be4b08d9a6c53f87e04,1
3357,1320952620-1d42824906b25b6057f3306090b3a6ea,0
3357,1320697320-f6142cef70871137e6031d51198564a6,1
3357,1322272740-80f557308ecc4a1c44f3688794bbfcbe,0
3357,1320710160-cab4dee5a2de6476d41658ab430cdbb5,0
3357,1320576600-d436a699058bad2bfbf4b5891a30b4f6,1
3357,1321986540-d7bb5e49cc66577aa6b1ba9f3cc4b7ea,1
3357,1321516380-41762a793a60967640dfd82aadd2fbc7,1
3357,1323241740-12b5e9353bbc82f3d12315fc95002989,1
3357,1320616320-3b6fef895971f64e6112136d2fed0229,1
3357,1320557820-40553853aa3deda409015e08225252b7,1
3357,1321397400-97a9c5eaf716ccfd618d05747f315362,0
3357,1321550340-43d70ec8f854a8cca821bd01176eb4fa,1
3357,1321537380-cd6b3ee6bdc8684658c0e9574255d952,1
3357,1321591080-74a751d26391533e3e3067c1ff3b861f,0
3357,1320787860-49006a3db93bacedb3d84b21be978037,0
3357,1320491400-0aef86e79886e611743fc3772584494e,1
3357,1322018400-8df1646de83ec886c48351be4a93b953,1
3357,1320108780-a9cbe4be6df794d8338a2dcc8729f4e9,1
3357,1321930380-abb55b32496be446515b9b0f5ed10e5c,1
3357,1320222180-94bbb6fc2addf421cdc1ce3aaf9f394a,0
3357,1320132840-6f4a983d5b7b5c8a263216bb5f7812e0,1
3357,1322111580-15be012ff0c79ccd276cf85fec4426f4,0
3357,1321704900-b29f5d6a8e604b0238306088e2c1b69c,1
3357,1321485780-d5ff534829de9683adf19317cfa0692a,0
3357,1321415940-8ff5ffc3c35174e908091ff54986f1dc,0
3357,1323481740-b50b1eb1ce615e2bbbf75765598c9d74,0
3357,1328044560-549ba09a34e646c6ae7b519b312231ee,0
3357,1320557820-b5ff73c777a1be4c08ab3ea60a852e3b,0
3357,1321404900-f195a8e362b0b29150a4508f75eec899,0
3357,1321494720-f3481f54dfbfef7348b74e4bdc6a82ad,1
3357,1321506360-c04c87384ab5bb15ed99dc59b2fffbd3,1
3357,1322505300-1ef3705bb067c4b47f16e4aee70b9b13,1
3357,1321903200-0aa3d8127589c3e38f7020486525b2d6,1
3357,1321501560-4098adf00a43af21b655538a1d45a61b,1
3357,1322270400-4b9fac9da66431e189f341e12e262310,1
3357,1321342320-c0ace76a3611ba3366ffafd49f4d2fe6,1
3357,1322051880-7cae42ad9f52f8b3c004cb8fb2e02579,0
3357,1321707840-3495623713551253c0fbede87d61502b,1
3357,1322255100-c64bc34410b1b0de754d29997a63b49b,1
3357,1320842280-2c922270c5ebfdbb26d4b7b82cc6cf19,1
3357,1320880200-b2224ed0e43023481ed5e31a9e31ab87,1
3357,1320214260-5f1ecefa7c14fa2a4ff001211db95ae3,0
3357,1321273500-b75529cfca3a106d238387cfe392543b,0
3357,1324557900-4cae24809a2bdf9b092b4a02acb47cb4,0
3357,1320766920-571a0864f7b09e3c6cabccf7e3ea7204,1
3357,1321336080-ccdf0a039de1bfc5ccddb9efaa17736b,1
3357,1321309560-6d21840f419d800169344e050f9202e8,1
3357,1321153620-d7c68de353328946ae40094c6d9cf479,0
3357,1322225880-4e5a5af12a6c9c2829f3c737f104fd42,1
3357,1321820040-91aa00889dd951c657f1a0045c83c1d1,1
3357,1321827480-5d698c410df514d433e7f67d4d734fea,1
3357,1321039080-b32cd9798f2392375859a1bf2a24bbcf,0
3357,1323219180-6123bca3df9ab61a5bc7e64806041d14,0
3357,1321494840-87379f162f065ed421a62e5b75bd1424,1
3357,1321114260-78e745e3525e05c285177fec3130615d,0
3357,1321558620-9b97333b044b838a473ad2ff40446444,0
3357,1322175300-508fd77b6db639099a986eb7ebce44f9,0
3357,1322231640-f3009672c5bd81948b49457c1f683a41,1
3357,1321387620-4cb8d6618b457317378e329bcea3781a,0
3357,1322229840-57339651c62863aae6dc02bfff7151eb,0
3357,1321591620-7ee347b7c7a611659d35345487a069f3,0
3357,1322003400-264f180a00f85e7371eefe81cfbd9cd5,1
3357,1323288000-bf976e2e3cd2cdc682da48fb109df5e3,0
3357,1321566060-09d3021f70803ce8581ccc6e51c6e703,0
3357,1321914600-43067394d905da198aa184632f6e1576,1
3357,1322832420-8f7902e28f8f5315a43a1b81a70692de,0
3357,1327470720-7328f4d7968987f238e929f57a96d7b9,0
3357,1321980720-51cc6ea95bfe261e5cb733b095691509,0
3357,1321398840-14044fbf550677cb36d020af0db207d6,0
3357,1323736800-17a8f41a5e6ad5836020ea3959760cc3,0
3357,1321201440-c6d3f6db60cbb0f04eb44650cff4ead0,0
3357,1321506660-97cad152b6a585b607f9832848b947e5,1
3357,1321492560-b235cf09d78d16967ddf4b796be57e72,1
3357,1321498800-7f119b2619430e572381338d0070abcd,1
3357,1320522840-9a093568d13ff162fcb640fa597250e0,0
3357,1321827600-511295bee66839621fe7ec500090fd32,0
3357,1322243220-4caa18f8b65cfd1b9a30cc3def9f2d4e,0
3357,1320980580-725ac77051f137aac66f4f553a95c409,0
3357,1321816620-d18441a2a9283af733aa4874b2ca48b6,0
3357,1321617480-3f652562fd1a490339dd2f1352d572d1,1
3357,1324493220-73b2b45c97e2ff17e08d1bc2487dbd2f,1
3357,1321408560-72b7b8b94b95fecd0f1837a2b58cd2a7,1
3357,1324459200-f47e2f59e90ecca2c605dcf40a318e2f,1
3357,1322012340-5f0e279c9b42b6e1bdf08e1c7c6bbba2,0
3357,1321187460-9c043565c04940e4d9e5525f1d7a761f,0
3357,1320898260-47d73030a5af19a95934b5d45a9d2ba8,1
3357,1321932360-79aa5630043505c42e9b071d0018fe65,0
3357,1321257360-145daf45e2f1d157372bbcf3575d3a18,1
3357,1321488660-af6725a27fe4774af691f3eb64183d8b,1
3357,1321488780-5ceea511c4ca11b5a1daece219c300a3,1
3357,1321509720-de7c753105236c1af94524549b536f05,1
3357,1321505040-4ccfc7c701d502e2221f61d811b5d552,1
3357,1321501260-924827268bd1943321c2c584ba6c67cc,1
3357,1321497120-ab7842ce4a7690027ab45b15c08ff3b0,1
3357,1322556600-7d81c92764fd75d1acf135a25eea6bb0,0
3357,1321376700-160366b9649c1fe56c86d3a339c87857,1
3357,1321851360-7ac135a3273119924779d4deb5f1dab8,1
3357,1320918240-25704d306f357b82eb17f04a770fe76b,0
3357,1322073600-0da2aeb3dc85aaa8f105255a820f43eb,0
3357,1320871560-0cf6b1459e2e9103a9245850fc574b48,0
3357,1321056840-2f334485c91489461c3f987114230182,0
3357,1322313840-fa2d10c218f21459928fb446aceb1bf9,0
3357,1323310680-af8406e277cd9e5d98dc7fbcd1793366,0
3357,1321319460-2d8604cb526cfb271b9ea0f958dc24ed,0
3357,1321423140-436d00725fce7071301ca764548b6096,1
3357,1322249100-9993f8ce26ab97ee75150c5b768ef32d,0
3357,1321485060-68bff804c20b5424a1269b853f1f238f,1
3357,1322773500-be2f6fc9a0f7b11a91ac7b9ea138e6fd,0
3357,1328033580-0d5d83af5b17409fe7143f18541563c1,0
3357,1321324740-1087f62d88af46594375e1659c12f1dd,1
3357,1320542040-7271ef79e05b8f87e854a34674faabb6,0
3357,1321231800-72e902cf788f3285bfc5993ae5f4f4c0,0
3357,1320754980-1305f5752c46b2d1130bccda2e63544d,1
3357,1321619940-ff1563837ef487a2b23287b93ba95731,1
3357,1324481040-29f4ad68b106b67f9758953e6926ffc8,0
3357,1321936980-7a7cf2e1b27201b84a0207caf4e1dfcc,0
3357,1321319460-c6bbd2272471fe00f56f55eb653264b1,0
3357,1322330460-8b7a9fe124799d1bcd27515661405224,0
3357,1320826200-3c4e6bc9acbb8f4f274d7576fb20313b,0
3357,1321551600-7c078128edb5e08def321edf943b4a11,1
3357,1320871860-1c1ae7ffffb32a65372095fe44c0ed1d,0
3357,1321415940-1529fc8c297b3e2ee6bdff07af4ca55e,0
3357,1320617460-43c6df18ba87149f642d9eac3b356393,1
3357,1321232820-53cdb65cef0dd0647ea4e77bd50d9e93,0
3357,1321643340-935d8f5e4c1f0e98721022ca91647def,0
3357,1321775100-1ffd05ca36fd6a8dba5be70751c575f2,0
3357,1321867920-89bf9837d0b24d0a347bbc37f91ec66e,1
3357,1320964440-c74e7cc131948ad0848cab5720f868b6,1
3357,1320964680-090c4da5b520f3b0f250cde03f7bb2a2,1
3357,1320964080-0bc0b6b71f5d80d32719230965f3d61c,1
3357,1321473240-19672c773a35e2dd1fb89388e5ff9a2f,0
3357,1321397820-9f56bc4349fc8c7c9c6c03f26249d66e,0
3357,1320439500-17d1bb41b3d751ccd45cefa36d0557c3,0
3357,1321137300-221281831bdeb7a7f209cdbe66729df6,0
3357,1320107460-dca3dcd433beba06a12feada12596dba,0
3357,1321672800-3af600644a7a52331476ba5601247625,0
3357,1321820580-3affe8637055654050d10b9f25ce0402,0
3357,1323521880-bfb870b5515fd69230e642e2a9211bfa,0
3357,1321415940-adfe051c6bc79c4579f083badffa9534,0
3357,1320980580-1f999597a6012a4aa75e9e75e93b1340,0
3357,1323460620-dc4b18290eca140a57c5f590a0d518c8,0
3357,1321767540-f0904ffe326c074dbcbec4b09f6f1c28,1
3357,1321963080-3ee8c5cb84adb0d95a03a4d730c1eba6,0
3357,1321650240-91ab9cc29b7f9653216e03aa9706e5f1,0
3357,1322231640-5cd2e776fccf8a829fa04a869de9427c,1
3357,1322237820-b96b5b2ce01da47d5c8639c3a6a0f1a1,0
3357,1324259100-41582aad78981406d374cfff7adc2687,0
3357,1321161720-9e5b5021a54f2e3c6e23fdc267268869,0
3357,1321437180-f5ab0e0e972ca39ec5307f21cfdc8250,1
3357,1322085360-4b04206579edd6eff89bc0da55d0b86a,0
3357,1322242980-fabb4d5eff94cbbaa1a5d77391458129,0
3357,1320805380-b4c8b13197457b3dbdc4f4909636b532,0
3357,1327451940-34485e44f3d2ca61e3e47a6d4b7c65ab,0
3357,1320782100-d1ec0dbae3a214328c32b3302aa10d1d,0
3357,1322061900-270a88179dddce8d4bfa2f6d5cd6a6f4,0
3357,1322769840-c3a6afcb654021516ccf3b34ad65a05d,0
3357,1323371940-bfe368d2a8413f608c5c168286a17fbb,0
3357,1321641480-a4e6e7a8f2d420021672df85822c2158,1
3357,1321382460-c34cd69c3d9fdbcb56419b88a583515b,0
3357,1322254740-5ef8bf8b9a57bb73ea4e2e6c3ed4d9a1,0
3357,1321085040-728d2099f37733c308d4c7661695a7fd,0
3357,1321419780-59f8bd2a0b4602455efed7b1ee2807bf,0
3357,1321931760-fbe0babe171ecb0494e90c11e0b8bbd7,1
3357,1321667400-41bdbfc552cad882baea55945e906da5,0
3357,1323219900-92b2f0f044d78218c09b3ce0923b2dd9,0
3357,1321049820-0f3187de86f7450770b9b9b58194e5d1,0
3357,1323698280-7b666e15834e383f0c7f36680d909cb5,0
3357,1321799280-ff067bbcfabb36a07b47a5f1b69d4323,1
3357,1322590380-555a5eee282cc396e0a03e913044a881,1
3357,1326775980-be2aee18b358056b20197d2cdbe634a3,1
3357,1323876360-1e60945077e5ae261a9c9067c0838ca1,1
3357,1322756760-a9267bfeb77515cf99c3f00e44b0205c,0
3357,1320214260-1c67509a7d53255d7011346eb0c7ffef,0
3357,1322236800-a61b2b3c5f0c937e764635d3c7b12b53,0
3357,1320888360-3e419753284fba64b736321c8b1d6538,0
3357,1326169980-464c9bda90115801904d03e5603803a4,1
3357,1324312740-922c55815050ecf9514326767f13b2cc,1
3357,1322664840-22e9d1a4a066fef39e45b6af388cb502,0
3357,1321593000-066670383b6d926674cf59ee7f112def,0
3357,1322013960-afcd20cf26bdd03eecde11ca40d287cc,0
3357,1321860780-22c4ef1a3eb738c682b3c63213adf89e,0
3357,1323480540-b6d689d31c9c96a3ca7d8daedb5fd9ef,0
3357,1322915940-78d3252d1f78474952f760fd7ac9f1a8,0
3357,1321706400-cac1162a190ca3d453e2f6addba29dcb,0
3357,1322108220-dd4a5076bc51a57a7e0e4ec7a2e8d2e4,0
3357,1324059660-dcdd0095d8c6a4344e377aa266a00405,0
3357,1321124400-785b742203ec5aa54917702777690ee4,0
3357,1321950060-70947a4c89168c65cebbd6502306ecec,0
3357,1320639840-c96038ad931c5cef922393f1c9b8932a,0
3357,1321647660-6a41b4623be979af40ecbe01f5688508,0
3357,1323471000-b9716ad8ac2c413db87c73a9ce74ded7,1
3357,1323472380-2654ff09795a809670488f6d05f38558,0
3357,1321287780-de5251d3f834f6757a242d73e3b99d06,0
3357,1323707460-dec5e35a4dd1e4f71eb983afff8c7ff6,1
3357,1323488040-5d87fe6ab13572dc10fd841e2815a405,0
3357,1321050420-52142eef554011d4669e450da3398a68,0
3357,1326305400-d2be186b0f1d1a43031be93c00325a6b,0
3357,1321386300-5407794a1b486f69b142b18290747a7b,0
3357,1321772580-8b8c81a2dfdde362243a079cb6d8ebb6,0
3357,1322392920-04de9b12015f069eb37c0a188d2142f3,0
3357,1321246260-c3dcc35b0d748c6c607f32182788e0ac,0
3357,1321312440-8f02f25a335985e5ab9903679c0a2d30,0
3357,1321944660-a881566e07ae363d5ceef7240c6c86ff,0
3357,1323232200-2d515c09a8bf76e9107766ae3f90733e,0
3357,1321413540-f42abf8688c064f633ec70428725c47b,0
3357,1322239140-081cf22cddf6e92cd8a9829f5cbd6be2,0
3357,1323723240-420f2139e541e95dc19df022909598ba,0
3357,1322153760-d86b61a37ba5831edd7fa283fb53d467,0
3357,1320781140-2adee84e4efa901e62837d5f5389e86f,0
3357,1322275500-0efdd16c8ff2e39ef5dda50051444a74,0
3357,1321651980-8a80948213c3c29d4a547c82ad07a431,0
3357,1324530840-22a6dc14fac6f1ea87931c84b57a1688,1
3357,1321319220-d4b1b2a4cfd97051c0a869b0797a87a3,1
3357,1321922640-70487abc84e2d9745f100bfca16b0332,0
3357,1320714840-7cac0413c8ebf897061f144134126bc1,1
3357,1321604580-16257c0d38c64c8c7fdbf3eb2555d5d7,1
3357,1320620100-12c720837237f359c0c3f457a966c097,1
3357,1320621600-223a9e804b4825a0a3e0236a1eafa8f7,0
3357,1321633980-f73738052638582760152169cf4c6071,1
3357,1322891400-6e65319f5ab0f6ff43d6f33432a73489,1
3357,1327859100-5465eafc468b36a1d0c187443f1d53dd,0
3357,1320800460-2657395a5a317457f61d96e1b5618954,0
3357,1321845600-6e0812c49286688e1884ae3e1046050c,0
3357,1323160860-d5b176f6e62a2d69b20828b9a0774a80,0
3357,1322612820-5377472b954ee57ef441b1bed4bbd0d8,0
3357,1322897400-b260dd8618601591e8b8863729bbc6b4,0
3357,1321340280-c9c049dd931a4cf27f7c4c63fd3241da,0
3357,1322015400-25ddd745c6bf376f91cd3b75c4cb90d4,0
3357,1321803420-4fd51c535cd589c0124e0e903a78b0c9,0
3357,1322099340-b81c09743b047804578a795645acd208,0
3357,1321486800-3a5a087cc486d4397247a984777b764c,0
3357,1322302200-151a0ab3b17a522822ae206fd6456794,0
3357,1321288740-3c879ae01237a4dd659b0ef8eb3a4a3e,0
3357,1327453560-184afcdd38b346aad572c029bf2c1dc0,0
3357,1321795800-d83d60b9c0885ad24c193fec8cf5ae60,0
3357,1322983740-7dce3b14f366d59010dd2f1d08f6e655,0
3357,1321659000-9c73964d090b5532011dd6646851ec27,0
3357,1320441180-b30204cdf2878bf182f37124f45981e5,1
3357,1326699900-7c83fe77b8c52826438061f4160b083e,0
3357,1326188160-dd3fb2d1f55a5d8993e6261e3e04da35,0
3357,1327048260-848f56e454bb708e169d1fd5295cf083,0
3357,1321774860-2ddc8b6487667cb881c409d3adf83ef6,1
3357,1321374180-aa5fc192260c9273d8c82f55bde7ce2e,0
3357,1322193600-3de4b08e4dc93bebda7f4d14a6220470,0
3357,1321860780-94201ea4e9cda9108e6ec63911379c98,0
3357,1322174400-428db0c51869014cf5ef5118349ecb0c,0
3357,1324482000-f2ad4c597928c40f76ef71a656644927,0
3357,1320487980-d974e223a2670835b864c21ad823c437,0
3357,1320787740-cb4ca932640975f61f067e466b48a60f,0
3357,1321045200-45dc38433058bbf9612a3225d4ee347f,0
3357,1322258340-4be9ad0ed3bce9ea42e22710b59f61bf,0
3357,1321413780-46014f864621aba197838d531a1993d8,0
3357,1320355200-5a31669f5cc88b8e4b98118afdab8e3f,0
3357,1320804240-da19b25ef4da3c7119d63a58f3b5e855,0
3357,1321920300-f3ebe917d2754e4f43561667d8f31d83,0
3357,1320853980-05a197c54a70327918ab59c3386ff804,0
3357,1321373760-7fc6fe0f17ea1dc08a2d14096829e875,0
3357,1321166040-78f3b12187025d374a7ad75293dc3bda,0
3357,1321936980-45d762009632f1abfeeb42fa0b72c5e8,0
3357,1321521840-f898e64758b10b0985007652dbb836a7,0
3357,1320606660-08f471a6f78093e846675912896fe987,0
3357,1321770000-acc6bf1d9a23a4868c1cc16be0f1161d,0
3357,1321376460-4bdc9ad4541dcb1928d04045da1367a3,0
3357,1321853460-d693885f96d6d3b2b486e5e8e950e729,0
3357,1323125460-0c7f219a9d8ed8c66127de0eceac5bab,1
3357,1325857500-9ced6b62a0856d67314579447d299c94,0
3357,1326183420-79ab8666ec8dbb4dbdf13ed045a89105,0
3357,1321914360-288d3433aa76d51fc27da3edb1ded1b5,0
3357,1320978240-63b0d08dc9d0311a91268462b0ed687a,0
3357,1321994460-879f099d374728a395a0480a1285f81c,0
3357,1320444660-147df9a527af3823523a314455cd30d6,0
3357,1322013540-12091474efdb4780649450903f1135c8,0
3357,1321115700-f08f3dbc5ce3fb7b3d57a5c6ca5b4572,0
3357,1321959900-702689e4e5e5008757d67ec11de3ebb6,0
3357,1323127620-00d5af8f38be9287e9307c01d27586ac,0
3357,1321398840-5c8bedb384e349f1b6deb9fcfea13a2e,0
3357,1321670520-f8e10ab949835ad17527125be6762bea,0
3357,1321433700-18cf079a83ca8087c89f66178d68ded3,0
3357,1323338700-4614255f9df15d1fb04dcc4fc99fb5cf,0
3357,1323682380-acf317d45a1fae1b98320776a331f59a,0
3357,1321843680-a487e589237448745792a673df0f4cb1,0
3357,1322664840-c668bfa06fa0beee94a6c85d1ac576f4,1
3357,1326114540-d42c5c4c2685383624ac3de8c560721e,0
3357,1321367580-69aee21d47033cef6e11cd0c97cd0ac4,0
3357,1321994040-f76db7d0cbd4fe41e3c25f444c0184e3,0
3357,1321224780-6d530b2264a9a8529b8cbd3c27d2fe2d,0
3357,1322983080-2ff004b1ef2b9b52b01b4fb40878133c,0
3357,1321333560-815bf15b3818a87e4d1aef67180f86ea,0
3357,1321051260-f4539b0081caa8fe443d0ef20ab7b64b,0
3357,1321376460-f76ba9f8bdc53bd521d97d81525eb298,0
3357,1324476900-c795ee24d3d5cd1879919692ed23859c,0
3357,1321444800-7db15fc2a0621cf52e8bab67699a7bac,0
3357,1322374200-786cb6a7c9fd4bc192f8c8775ba9b8b0,0
3357,1322090400-0a8624e4deabf2f10f49e942ac3de873,0
3357,1327455180-71afbecb265476494054e9b907aa4dd3,0
3357,1322900340-2a9b2dd6b892880f5c9f3f8498f6b21e,1
3357,1322134680-b462e5a1e423b8c6e886e4e7f88e4065,0
3357,1321387560-6a3b750cc49b17d5dba994bc5d7d9425,0
3357,1321763940-8709e28d8120bb1ae7b6d21d6dcf9993,0
3357,1321482300-a6b6010f79d61b30edd451c7022b8f30,0
3357,1320699300-4f4752b7d421f9a6aac6d377bd5cbee3,0
3357,1322351460-36dcde6e5945e093acfda5444c72a1fd,0
3357,1323333060-78f5cd55bb393c602f84f7ccffbb45e5,0
3357,1321199340-7135c85fa6f00a99c62f6c127efa2de5,0
3357,1321469400-3b304060cff42a60207cec80c9100995,0
3357,1320648420-8ddfe4d3121529fe4a6c450a908ef2db,0
3357,1321820100-9747994226de1b150b10d4aa89c403ec,0
3357,1321910760-bc700509c067afc8a67516d2f5e0c0ba,0
3357,1321331100-f03822c3fb57f10bf7cbbb28238e991a,0
3357,1320826740-49248edfb31e405d65c187a1da8df9c6,0
3357,1326306480-0c34f6444e0c047714d2acd153c58769,0
3357,1321461360-4cecd2bc3acc8504daa0181ecf9ca234,0
3357,1320531840-720dc022b5b1eaacef963ff607a77218,0
3357,1321660620-3cd42aede639ce58248aca5fe024e6c7,0
3357,1321780980-670f1d38f1fe718f17e6bb9dd25d9d8b,0
3357,1324649040-66a27c788b1c2b9ba390eddf2c528dc2,0
3357,1320214260-dfbc9859d481b210ee623ad4fcea71f1,0
3357,1321159860-26d2b9ea23563662e0c7da3e42009ddf,0
3357,1323190020-bada60c70545f4737214f156abb1e0f6,0
3357,1321799280-74f15dd6886543709223493489916496,1
3357,1321473240-75a344132c54bb2b54b77435628525cf,0
3357,1321193040-2bf0ffa0ed8364845637812a8219d4ea,1
3357,1320838560-161a62d8da2375d7dd21333cd7b04ced,0
3357,1321636200-f6960f51ba471fc15e80a1ee37ad1d7c,1
3357,1324138680-49525ff9dbf6e19f9143f19f04adb670,0
3357,1321293600-348346a678b26d2f7c47e554c5880f0d,0
3357,1320879360-a4faa623c3e990b141fdb48064d36f22,0
3357,1321990980-44e0ad38a6806d8143598357bc700660,0
3357,1321764060-0451b0f70ce818d1c1a9e15cd2ae6779,0
3357,1321547460-bd20cb6b84d2e36f14a98eefcd5d4a92,0
3357,1321203780-23375c9a6eb9cdcd0f5095a0134fe00e,0
3357,1324651440-dcb3d5ad389b6fbd4f141bb223c93fa7,0
3357,1320225660-75150c93b7eb405fbb1147071350d79e,0
3357,1321696440-67ff37bd3f24686606e6e243ed2e0d4f,0
3357,1320721800-2a544907483e5eda6be6c3dd06accec4,1
3357,1328020800-f4f4581eb8a17746713106f9fcd83ba0,0
3357,1320713700-0796ce823b4464c4a3f4cda7ea33e379,0
3357,1320778560-09532f5b12a01ac6387dbb7e67a7d54a,0
3357,1321367040-51a2e07f5dd7a22aff304c05c91d2d18,0
3357,1321470960-97e693cab05850fe7798aa1ef8d77ec4,0
3357,1322251980-5f8facdd6d9b612cbe3f76f89e3643df,0
3357,1321452600-de4685bb85f892f76b82f76f7a6f1f75,0
3357,1321549620-1c56b71990ece368aaf67cb1f84e5f91,0
3357,1321228380-511f25f117b06c0492fe3724a4dee572,0
3357,1321419060-cfbf5998869d72b4efe1cc1aa3974fa3,0
3357,1321041360-0ad74cdc681d9fa206b2fb44019ed06c,0
3357,1321915380-14a8bc11a2dcbaae4d6df840ecf7afd3,0
3357,1323702600-017c8687f5714400472d913a8e3e95ac,0
3357,1324501920-a86136869893e0fe31f255301b88a070,0
3357,1321447260-a6b11835640105e47fda4bef24d18c17,0
3357,1321780980-c80ad38780384a290666f23fcebad71d,0
3357,1321345260-3e868f40506ff57626b4987d2987ca76,0
3357,1321495860-55f6c24b2ffd8b14dc4ad698ded82ec1,0
3357,1322592900-06b53db1238147ddb93107b5e7b64b7b,0
3357,1326957180-740d0e5b927807e01b8e219f7e0868c2,0
3357,1324030680-daa89b75d5a51825ea9e349c7c13f5be,0
3357,1321187160-58b0c708762a33b776c64e46fd4c818a,0
3357,1323311700-399980a668e1bfc1f64e835531b73df9,0
3357,1320601620-15bb15e626d8c849e7e972610b5906d6,0
3357,1321311180-1febbc23c5561e88ecc5e629317671a3,0
3357,1321194180-5728aa3b7ddd4a58d4717691aa29cd07,0
3357,1321155120-f7a88f7ff9f0983845eedba564979be1,0
3357,1322013540-2a3185f866de077a820d78b244380d90,0
3357,1322135940-955f703fbe81b092fb66ddfae2228861,1
3357,1321628400-014edad47ae3156ed9af664f7baa263a,0
3357,1321915800-927a6aad51f025c8505001fcbbcb292d,0
3357,1322164860-8332761b69a5673977e3cc6726fc720d,0
3357,1321924500-a884201e7fcd04b01d7f1a74fb4600db,0
3357,1320118080-23dc5b740a91c0fd535a47e4dffcc321,0
3357,1322107560-4024a9b7eb15094470993b62823daf17,0
3357,1326822060-b5cc4237a828a913bb61159c0662c94e,0
3357,1323098460-09555ccb15e781f1571b5ee8ca564767,1
3357,1321639020-514d2de1597429680d39894de0a0ac56,0
3357,1322641800-fd2a1c4db94454e91fcd6078c92b2a18,0
3357,1324175520-ab84eb92a753b4f7d83d61c78f6c6cf4,0
3357,1320338580-708cd9a9570edc95dd6c0ba1e7780aa0,0
3357,1324131960-b2efd181190a07891fede05177f0e38e,0
3357,1322007900-9e47a60cf0880dc116f4534212e3cda4,0
3357,1320876600-3f6ead6ab785ca7c85d5f4ca47fb7477,1
3357,1320918240-8c47a643ca6ab2b039f6a271ed2fa708,0
3357,1320844980-b20554d36261ca4fed356cca99637e30,0
3357,1321689540-c6378dda154e7dd0246b59487cd07cee,1
3357,1321670520-9423329b907f8992d1526f0efc3ff926,0
3357,1321661880-f28db9cdfab42315869a21bce98252c2,0
3357,1320859980-4c73c323f696f3697d3df1f210edf4b1,0
3357,1321213980-01511b7d373d2823154c888acd445dac,0
3357,1325590800-396ce53dcc5a67e0730a6565b7f1100c,0
3357,1323148980-f194e5097d41523eadd0dbb1ca252805,0
3357,1322069700-80d77b45a578fe1ebe6a1e9b3dd0adaa,1
3357,1322404260-ca370a1de962a6cd336d8258e7b24735,0
3357,1321744740-cfa9f36305c33bf6cbd6a42c23ad7743,0
3357,1321249980-77e7bc997a7d031a5c0194cecf40a139,0
3357,1321397400-7061ef5785f8cec530008710d63969d7,0
3357,1320417360-531e9bcc0aa27eefeb85afd59b1444f8,0
3357,1323471000-ff7be1688f5a3ed80eff64c2b89b5a47,0
3357,1322069700-ccdab972f32ce959072774e16238e6ad,0
3357,1320632940-4157bb3b72f59580fa4fc607ad6bdc37,0
3357,1321561380-6fdf4f327efecca80a3bb3f04601fec0,0
3357,1321894140-dfd2810cce95cc4eba96efcc88c6b470,1
3357,1321843140-4b822652eafcff5a7f6e354dcaa80d96,0
3357,1322186280-248deb6fecadebb0872242537d77208c,0
3357,1323295140-d8c83bb1b8cbecef673817b5d0a7f935,0
3357,1321221360-6049dbe8f9985f8c173235233acf61c8,0
3357,1324495740-3253a090fbb5528b257aa5583b399d96,0
3357,1321214460-98eba218a69e8de9fa589e686effdcdf,0
3357,1322230200-7e8d6557c0a7ef0a51a1e3b3606308c2,0
3357,1322896920-86af5e439ad39e01409e294a7454f03b,0
3357,1321406580-4bfd32ebcff2b7ada0187783fcc0d676,0
3357,1321668840-7cb0d1d3d8635c2c29e85cc5f14ea27f,0
3357,1322885400-73dfaea4eecf3bf08788f1885d103a5e,0
3357,1321884900-71f2a1317b41e12ef69e81e7f25e508f,0
3357,1322228760-1c791a4a89fee0f894a3f31a12004f08,0
3357,1322086740-1e5be0b80b8b53914834be1b723f5ed0,0
3357,1326172980-9fa62990e30d8b306262de242a8a6ddc,0
3357,1321660380-637d516c87456a69fcca6a7ccbbdd58d,0
3357,1323442320-b5570df50224840796b1a9f774d3e93f,0
3357,1322233380-27634890e5697b9b250a19f5c53f2864,0
3357,1322143380-9479ed1204c77747c367640f3527b794,0
3357,1321307760-f2a0a530ed376ba00da4a3832d1f7e54,0
3357,1320959100-d32a2f51518b1025a28361586e094d4d,0
3357,1320918780-76f1312546fd419fa8a86f5b32fb7f19,0
3357,1321117140-b29acafe1b233fe425931c1e75f88061,0
3357,1321293840-a9e5ead7be501a3542473ecc3a4cbcb7,0
3357,1322275260-a1f9ea7dd13054adfc09e511015a90fe,0
3357,1324686120-b3ebb587fd7fd74bed3d89d64bb2bf54,0
3357,1321377120-7580e89efaab0d5c907a7bbf5dd57fde,0
3357,1321833000-78b93d8479b09b9c1a9be3f21784a979,0
3357,1323991800-ada44447257cd1976857b67a2ab4b838,0
3357,1320896640-a44f4e6c8a6518a3e0830b372a4a9b51,0
3357,1326113520-268476d9d97ba77c2db2805c0b99f536,0
3357,1321347840-c80dfbfc4ad64e48fbfe074f702a8b5a,0
3357,1321435380-99522e5b2335d679a12fb32c318fc748,0
3357,1321568040-f5d0235dc81981e9d4d85d5f9bf66dca,0
3357,1322785800-74778dfb8dd84295e2f0deaf05ada961,0
3357,1320769620-1229036fe09e4399fcd63c98932010f5,1
3357,1321050600-5406cd881f8337d338b8a09d60eae33d,0
3357,1321401120-632ccf78a37585b8f489c4efb5574f06,0
3357,1325518500-3e3d4be33ecc54af6e8261cf9dae8e31,0
3357,1321389660-d60b576a32c4249a0c7dfc85f529cd45,1
3357,1322233740-7f8bc91cdbcfce4856961a569902c60e,0
3357,1324073040-af61d51e99b486da5abba3e38fce41c6,0
3357,1321343760-b7593cf2eb07ea54267275d3dd43f156,0
3357,1320988320-2bcf18d9a2cd2215cde141d1cbea8ad3,0
3357,1322142540-2bd047efd2bf07e8b70b5f619988ad37,0
3357,1321971540-c6f2520487f6ba44f9980ebbde9eebd0,1
3357,1322109360-5dfda3e956b9225bcc9549b098f299aa,0
3357,1322164200-ac5cab20ba7252f1a358f41744a726d1,0
3357,1321859340-b03c1ae2fc9094164f0f923f5b21a276,0
3357,1322185740-af7bdd52f1afc19bf3fe2c8703e20eb7,0
3357,1326819360-a37673ceedbe746c28717dac4208f364,0
3357,1322438040-1a4f3e5e83b7e254338ff44a5ecfc814,0
3357,1321931760-c197d2d8b39949a84ab7b4794783eae2,0
3357,1323310320-96a8ac10e7a3614ab3f0ebc54ec49956,0
3357,1321440360-abca788d9068667805e8d3aa8dfe11ed,1
3357,1322218020-7d3cb58999c9810a324a338a70f3f047,0
3357,1321062240-95b5bb87af3860ca5d6e422b7452396f,0
3357,1321435380-b30197b3819e091e081a76140ed973d9,0
3357,1320776160-150d8cf5f6b53fb4093f1f7e75de0b6b,0
3357,1321845240-3e50745ce7613d468ff7b71ed23f18f5,0
3357,1321359000-c3554b6aebb9a67d8383ddf01cc3dafd,0
3357,1321269600-c96df102b163c22d4ab37eb29199e548,0
3357,1323483300-376b702dec1e5a4e74ecc38c6b2fb59a,0
3357,1321611360-50675939fe835362b3e73fa6564821cb,0
3357,1321623900-32c7d18a8b20a04c333bf0566a8c1643,0
3357,1320107640-4956badfed96d982fa845df4227187c5,0
3357,1321284660-da49142ff30f82d6fd9b5412a99c3b58,0
3357,1320214260-4f0d1e100421938ca71eab6d8da3705b,0
3357,1321550160-683d0fb4386eff34c9ada0ce2ad341e6,0
3357,1322125200-9af537835fb7c30702d2195587928152,0
3357,1321938600-51e783b02895c6b9164c9286834cbea9,0
3357,1321572000-df11d8968535139b26f4d3f71b58f878,0
3357,1320766920-bca075fd0563c8d5e8574d2c5db92919,0
3357,1320430080-12c71cdfd099c7de4c49bd2b6427384f,0
3357,1323438420-3197906f0f8f76b7cd698809b3def66d,0
3357,1321682520-21f8f2ba57f5f923d2590819dd0e3f97,0
3357,1322282340-fc517a271ff405d6da4aa70b41c8345d,0
3357,1321200300-319333e1d0256283c71694ad21ba9857,0
3357,1321309920-f8a05f87e1f9ecdcd02fdac932ed5f37,0
3357,1323143040-a48c4e4c12e01a4a9064b15672cc41ac,0
3357,1320445260-688fc8f86ef512c4fa6505b24606c2b4,0
3357,1322179320-5b01a12f2be49567618d8655927ed76a,0
3357,1321800300-76b3ec4bd2f32f108569513683bcb6df,0
3357,1321859340-1b08e11654f64986a91b92a24c03aac9,0
3357,1324484880-9cda72743e54feed4696e76033be0d93,0
3357,1322594400-9a06d68e03a6ed00e56af54206acbf9e,0
3357,1322612940-0d0037ac13389c064e08468d50211900,0
3357,1327229940-42740c40f6e9b1c81d0d09b27b891bb0,0
3357,1321378680-a64392120f7941b4359d874e5e8680f8,1
3357,1323122460-c3702481fe06c3f9b366c9b01c6d89ad,1
3357,1327863360-b092cf409a79a26d7dc34602d055456b,0
3357,1321803540-48839bf071b6fe8b8dece81b6ad71487,0
3357,1322069220-c28b67436e02480338c2fb51f32cbfce,0
3357,1327790400-fda9a1f7f73af7034e97f4689c23c0d1,0
3357,1326948900-7232ba2aafc54a2922192cecd25c3f5b,0
3357,1322275200-d42aeb6aeef2fccff52b4478773c5559,0
3357,1321407120-58e0f097f3df482fc1ddababa89cdc93,0
3357,1322092920-37ac1e6a8fa84cbbe411bfac5e402ce4,0
3357,1321193040-7e6ea2cb10d3f6f4f303f4d685798129,0
3357,1322262120-a02bdd42697d7cf3b3d78b86920dd1f6,1
3357,1322238660-1883ab5170c35841fb8383d1d835d726,1
3357,1322219280-c70310e5952d6a5be243233cd44f04da,1
3357,1322248200-98b43b6b913dbc9bbb66dd5a84b6daa9,0
3357,1322215620-14dd31ddc888dae71403ad20b1989d55,0
3357,1322008860-7f1f84bf421f5f4b85cc7b942d914c02,0
3357,1322327700-1687f40e53f93eaff1c04fb450183c64,0
3357,1322293560-339f9e635e635eab5c5f354545d4b905,0
3357,1321986900-6ced14f1c90e4de4a90931e30d1e4ce0,0
3357,1321346460-a8429644b741149da004313d212a275d,0
3357,1321218240-32d463aaf11ad4fe9cacea7667dd238f,0
3357,1324722420-5f2d5a310c731c6fe7bdf9de8565dc37,0
3357,1321894080-0c476117ee2668bd9139cb3a155b2817,0
3357,1323851460-0a70904c5bd923d53de48d31169c3cec,0
3357,1323156120-d899d8be7322fc8ceed9e714e4c1c0bd,0
3357,1321672500-0871cc033b78f620dd352370c6ae352c,0
3357,1321223820-0bcab5b3f6c96e0642e2f3ef46baf832,0
3357,1323443700-264818b693d0285b020939fd87631223,0
3357,1327821600-4d7d292670b3e44ec0f08b2eadc1eac8,0
3357,1321308360-be123cfc51666486013f951139dea7cd,1
3357,1321909140-f77ad44885fe2e3e5c21e7bf43a9531c,0
3357,1322766180-fe9252c922f5f272e2ae72978a9259f4,0
3357,1321230660-3a9dd199e19f62e2c1433adda88e0b20,0
3357,1320783420-1c1ed7baea1b00c5d2b73d0f2aa7e66c,0
3357,1321288680-4d0036fe7990ed67242b6e1be2c36374,0
3357,1321323360-f510d87c07072c4a3df0961457ada189,0
3357,1321397400-d6b5c864b897862dc05f645597946bf6,0
3357,1321517280-06962f08bed80fd0eb9034d1da801238,0
3357,1320948480-081e4edba63477b11a8e6d742a52b75c,0
3357,1322070360-84e036d9fd67220d0a05105b5ebf03b3,0
3357,1321886100-bd82a143f957d6918d15af186c7a9573,0
3357,1320725580-47532320069791deb4f5acaeb5d4cdd1,0
3357,1321836000-ab05c0baecf5999d1577353c3d606a5f,0
3357,1323459360-27c4535ef9f38c216ec13970979d6760,0
3357,1321811340-0dc51a76685a137110a197782c3a0011,0
3357,1321636740-1dcb9f603f67445973346edc300f2195,0
3357,1321035180-8c2899619a34c03f02f997bb181cc6ec,0
3357,1322252880-0d40ec9a309e2fa58d84f6ded8da8756,0
3357,1320972060-27947341efe612f3b5f65c47ed3af989,0
3357,1321468740-5fdca670ddd382cc4396107ab2a9e07d,1
3357,1321464660-f4887ad1e4117f430c74b77397499625,1
3357,1325985660-01f8d25a4b82d0b49f3601eb6b26cb19,0
3357,1322876400-3335689b1778ebddf2e8c76e33a448d6,0
3357,1326925860-8cbf2bd99b0a69fa1da582228d7fae68,0
3357,1320520380-8f5cc4d043f79d514e5e33643dc8a28a,0
3357,1322510160-2caedcd2e7842f99eeda49d284edc70a,0
3357,1322142360-84d8f223c1191acda00961e67dec9d76,0
3357,1321744800-f3460491c8d21504ef10fe754cbc7830,0
3357,1321257360-a1bb889c07357868f203cf93d70ca3fa,0
3357,1321091220-ce1be4a6337450e02c8aaa4fec1852f6,0
3357,1322389200-f78a0ee0b621a59447141b94d3b959b6,0
3357,1321108620-5441f095424c3351755bf2718a9d55a1,0
3357,1327795140-967c3bbfadbcc7da0c4e694975bc3b29,0
3357,1322236740-984d4c023503b53aa4fa45dcf6494f73,0
3357,1321884840-3d62fa0b7e68f76bd1f79a678807afa1,0
3357,1321047480-4a9190253e71ddba30b8006ce0e0bfb7,0
3357,1322009700-66f67b8607457979ef2fedda6f019d93,0
3357,1327794660-0a6d99a0841ec2016fd33d6e4c048556,0
3357,1321472820-98cdd57bd924da578c926b3a34279cd7,0
3357,1320956880-c77f8a1f26e459c4694c79d5f1fbf93e,0
3357,1321409880-5550ba04eeddb0b0b36a40503d79eb0a,0
3357,1320753000-ac174930aff43cd630df606ed013f840,0
3357,1322467740-7d42f5b279a79faaa8af0ed758e3ba5e,0
3357,1321983000-a5de1631c4f7686cc07fadf90da080e5,0
3357,1326816300-a61eeec06518a8076b4b4ef661be4cef,0
3357,1321466400-d2fc9385674683778569ba359d7d0d3b,0
3357,1321897500-6efe26396fe870a24dfc1ebb9054b3ee,1
3357,1321920240-1844a589d15f5c86d8df11d00da75f07,0
3357,1322610840-c1c8aa0329e95ec83c360a51ca59d0b8,0
3357,1322073960-4c137f1efac1be1ecb940a5fa1faa8cc,0
3357,1322098320-35440395957dfde6c3e19abe85ad77f8,0
3357,1321362000-07f42990ac93944a206c18c1751dd849,0
3357,1321888140-d82b1ae9517bb7483c82736d8659f031,0
3357,1327287600-85466c7fa00a4c5a78f147f7592054e8,0
3357,1322865300-12914f10e3c89d158e91f35c4abc5d2d,0
3357,1322625060-c3891df037cee04bebc95e8e198a6bc1,0
3357,1321109580-58ba26175d5f5c274a273f6c4e6e6a75,0
3357,1322270280-33b44ed53456d92dc399a6e621be24dc,0
3357,1320657900-004f920ed31e56ce58137c9126f63854,0
3357,1323139380-1eb3048bea61013d62d43102c30bcf3b,0
3357,1321951860-93153472b173c752b0a9b159bcfa6b4f,0
3357,1320955920-f002a5507cef0a27b914e294177b964a,0
3357,1323065220-73a3ddf997b412c188b927915be44d89,0
3357,1321687260-3239fa1db6258cffe9435bb284d605a2,0
3357,1322004900-93f72ccaccd7216c9c8c4b40866aa37b,0
3357,1326992280-b2835939a89104a3814ba216115fba90,0
3357,1321380540-dd0cc0f28275880281b7ae225831cdd1,0
3357,1321919400-076437823e53a313d3c5f510a1331184,0
3357,1321287240-31b179ae6e66601cf52f44bee37a5ece,0
3357,1321994760-6fb49b31cd0f8a7ccb5a4e514cc42a45,0
3357,1322242560-0c953a66412b435f74b2d9b0a3793191,0
3357,1322503800-9b5ecec38fb9d3e5c934eb1f6c506171,0
3357,1321295040-cab1d29282d1246e429485f15cffa4f2,0
3357,1326871440-f79c704d5a91a2759423f8bf05ce59aa,0
3357,1321936140-72d422ecc74e9311f0fcd1f3aeebbcaa,0
3357,1321048620-897b698589068b66fff5f577190ef33e,0
3357,1326042600-b6f62842b013a9e13e3d74a99267947d,0
3357,1320424620-7ad25f872870ddd296d5558459f4f820,0
3357,1320901440-2cbfe79a8189d84233f169d964a87f82,0
3357,1325114580-a6916ae6254e2a12a0e25241f5f0bac3,0
3357,1321834560-73efca42de7c3f58ffe168cb9a74feaa,0
3357,1320341340-14d6af076a977456ebcdd92b2c920aad,0
3357,1321479180-4269120a2b84b81b393c1d07f88c1e75,0
3357,1321776060-329dc116465e62de8f4b39934f3e8bed,0
3357,1323147540-6123fd3781aa1e5e6922cbfb4088ce52,0
3357,1321317660-66992252cfaf030455bfe0ef541b97c1,0
3357,1325102340-fcf628bfcfb777e2e56ef579f04a0e00,0
3357,1320686820-f1f5d35a9e54723995964fef15194b13,0
3357,1321569660-8f338a8df2f1da7525a5f55e72501953,0
3357,1321257540-6a51da7b7fcd7cf02073eba1d102f031,0
3357,1321907160-a8710ef1b11eee2172e037ccd4720977,0
3357,1324307460-0a3cd5aa50df9bfcfdd65bde4f0083aa,0
3357,1321310280-4b8aeb726cada6dc1c5fb0ceffabf79d,0
3357,1320829380-10312c3e87f77844337797c9a04ded33,0
3357,1321384860-b94a634176887a0258c6218cc33d3364,0
3357,1321479600-5bfa2678948ac26589623f3f03107716,0
3357,1321378740-a85c6f230819aa55a71a2eeaa5e71c64,0
3357,1321050000-71418bee9c492149379f4f7018c9203b,0
3357,1321113840-d6246cb949785a9d09f71f1cfeadd2a5,0
3357,1320754860-c53b51dc69aa7944ab89f96907570c8c,0
3357,1321035840-1881481aff5c0308012d991170eb4930,0
3357,1321860780-bb93788724e85d10d33093e60219a219,0
3357,1321581420-2254e3d7d41e1e0d9a3f62f7e20d0112,0
3357,1322101800-d8b41fab034df3d9dc219a564732ab16,0
3357,1321945140-3af09b126daeacb3d921ca2eb9c65ca8,0
3357,1324255260-889a5a6cf0dd51cf6045c980df1f1f95,0
3357,1323243780-00e46ef994f0315eb8677ad5d6a174f3,0
3357,1321645620-21e1b799f36679aac9deef7b3ddede31,0
3357,1321113840-db5cae44f5fb4b11f2039fd5278efc05,0
3357,1321979580-54ff42b82d0839faa5f994bc5c9c82f7,0
3357,1321129860-b53b6b8f8771883adec78f5d01f0ff24,0
3357,1320122040-3b6b7fed4280f7116a0d2d1eb16183f2,0
3357,1322229120-4972275af40dc80c55ae8201bf8909cf,0
3357,1325129100-4f8d65cbdff54b5988540d75f937a867,0
3357,1322596440-9d58f411d149a67ad6e989af6784fd46,0
3357,1321107180-02d5248c355c671a9cc4c8ac7b3994d5,0
3357,1324238460-d8c621fce7ed9e1071f636769fae0bd1,0
3357,1322618340-640575d2c0e7ffd1036948d411d7365d,0
3357,1321568040-6298db5f1a97798d429d1339df6e287f,0
3357,1328033100-8070ba9fba569169324579ddd475e459,0
3357,1320348660-2c522c53262ef8a8a5551eeb04e36c70,0
3357,1322374020-ac4aa6d1b77a4ce706816969ea71e478,0
3357,1323137640-10d53ea0f36d867a88debb0bcf548260,0
3357,1320139140-6b7d751d9413b8960e73725cdd9f32af,0
3357,1323290340-35b4df03234a847eb8200ce31a275eeb,0
3357,1321048800-04c0d0f4c418d986d437c33cc110519b,0
3357,1321497780-a1af6b9d55be9e4201c3faca591b9f7d,0
3357,1327464000-6f4eb84f428a47b6f811ec153dc6fa9c,0
3357,1321439100-9f5dc4b4ef03111562e6b289d70208d2,0
3357,1323168060-530c6ff0205da9a9f8bd5ccace2baccc,0
3357,1320972060-da795fb7fc1d97be55cb44997198af28,0
3357,1321987800-3b731c953747eeb7c0120726d8f430a3,0
3357,1325541540-24628278a0330c1b0469089b5a2352f2,0
3357,1320822360-1843cf9848f0d6b2a4c368c2ba75b2fa,0
3357,1327100880-a9ffc0c9c0671d06bbc871668315b03e,0
3357,1322933280-ce34bae187f376d94dabccf6381282de,0
3357,1321649520-2776a369fcd2bcd917ebe930ee117bc1,0
3357,1321671180-09a0d4fc785e7e6a45ba03c2af58ba6d,0
3357,1322082120-94841551da9336808a4aec55586a5389,0
3357,1321971720-4943b259613e6a614a0e426d15df4579,0
3357,1321914780-9c98a848505ec2db33e510d00e6bdfce,0
3357,1323001680-544b842290c7749f202b0155667c80cd,0
3357,1322533620-196e916231060a927444b2723b4beab4,0
3357,1321503240-fe19e628b9135c2dce8707c7189ce270,0
3357,1325780520-29d13bad5039240ca5eb60e81e636684,0
3357,1321396080-996da444c57d5d02e9f08f1a0da1a32f,0
3357,1321247520-0d85c80edd6895910a57346255b700cf,0
3357,1321628700-1ec3095d58102244e2e5be0c833161d0,0
3357,1321383480-49c781b2e74fa5022deacaed4f77370c,0
3357,1322239440-62be12b912bd552e39be7146d927a06a,0
3357,1321978200-a1d053319dbf6438fb7b232a2d352603,0
3357,1321706400-77e7227c36e4100333143afdc434ac68,0
3357,1323213300-282cb2ae9e82180a02977299ccbaf379,0
3357,1321952820-ab57d1f9243b12a7e87abe843952e85d,0
3357,1322023080-58be197cb5e0c691cd5a5bc981dd9e8a,0
3357,1322876400-0d8f78a234cea977a4b49cb373b6cc9b,0
3357,1322332980-2f6265740c3f1e96cb66d1ab4274502a,0
3357,1320984840-b6e483a9f063bc6f6b0341536e801ca6,0
3357,1322194560-1d4b6aa954dc3b68be43cc80c73b5d72,0
3357,1323395520-71ad450953c87eed0ac49913cd378f54,0
3357,1320861240-532efcaac879bdd165cd6330e931dad9,1
3357,1320894600-71b9122a283bbb346ca32f44a8a05c2a,0
3357,1320539700-97cf37b2b817bee18dd1ed7faaf86a40,0
3357,1321973940-88506f213870ae8e6379a9555ad62e7d,0
3357,1321280820-0e90e7fbe4bcd8a744c6e259be5acad6,0
3357,1322370600-4ad72fa09b2b90c57fe489668d8cd37e,0
3357,1323311700-8e8af5cedc1beac3fc40c9160735ae81,0
3357,1321946040-532342293a6ee9eb334da9ddec8eb3f0,0
3357,1320941580-1da2fef12d084b9cadc01fefa800f429,1
3357,1320865500-d390d720459659ecfbd2583a10b77260,0
3357,1321846740-498cb755fbe324b24b059b346ca560df,0
3357,1321309020-2c9e891190a70fc2679bc456ed495bb9,0
3357,1320883020-4051da6b8edf0ec5fb627517010b3fd8,0
3357,1322367120-d6b7e7bc34f7206d3d48de86130032d8,0
3357,1321918200-9bbb930f311cd59cb9d3fecb31f7b6e5,0
3357,1320596700-f3222f9f3f8b7f84964a2fe72d1161f7,0
3357,1323301440-ca54d92217d1344c7c9193e43a2f8885,0
3357,1324045080-1dc210390f08bcbc8c9bc251b5b5b414,0
3357,1321547040-0c0b25eb211391e659245ddab4a5db4d,0
3357,1325249460-5877756f19c53e10ac1d17ef9f8605f4,0
3357,1320797820-630d36625c4306db0bcc07df9d8d7ccf,1
3357,1321685460-ddcb1d6436326ac5d312516dccb11ebb,0
3357,1324185780-20808eaa359f0e05d890db6e5ed48f7b,0
3357,1321540620-46e28a4b77c0d75f8dbbc15f9dffdd00,0
3357,1322028720-123efe23d33f906607fb12ab639ee6e2,0
3357,1323219600-5d6b493905f83856e8b2324709c3c396,0
3357,1320108780-3c885cac2dc98717c4daa0b2cce5cca5,0
3357,1321304820-f74508a819ae59c878f3824222d1b62d,0
3357,1321819140-f6f5b1cd994701805aa2130e90d549a9,0
3357,1321776360-330e912f28f94a3905af95bc9eb111b6,0
3357,1321493100-b74423561ba7ef8f9b9fc615d1c99a28,0
3357,1320462900-b8d253aba1a2fd20c0cf2f04d49db5fb,0
3357,1322053140-10068fcd4bb2a22f46fdc88e292aa66b,0
3357,1320412860-a8019d4754ef0a5af1f6dab5a9dabe66,0
3357,1326307200-957a5f5223f16f63c1fa3785fcf56a04,0
3357,1322364780-87c5ec4025131f72a3c6520ae962d832,0
3357,1325255280-364f3a830521a2700b5265ffd0339740,0
3357,1321733580-831870bb516044cb7c1ac0bb9bd17b42,0
3357,1325985660-c7ddc582d550ef6be48892b6cf5fc84c,0
3357,1321288440-2450b56c85af65135c423da83f7f0024,0
3357,1321995240-bc36bb0094c3d12d171243ffd85dc698,0
3357,1322855400-5df7e0133926937a90071151013a4d7f,0
3357,1327925700-3d382d9cb122a7147a5a2b7ad0802b11,0
3357,1322538480-3c54c54fa7e74fa47e23761a019dbaaa,0
3357,1320803700-bd7ac7bfcff178e7c9748dbcbe0a4019,0
3357,1321577760-3df05897945a9756f53835a854dff7df,0
3357,1325562840-67b20fafc3f039deb80344ed390c4ca2,0
3357,1321808220-247ef08945caaf210fbeb92562209db4,0
3357,1322501880-3d9326cd62fbccc8b795cee0e9f8a6a6,0
3357,1323193140-fd24687bc3f7ab2bcb8f1260b0f9c3ee,0
3357,1320978660-4ad19186103facde9697d56ff47eded7,0
3357,1321644480-617f704f226d4cc73ff189d424285791,0
3357,1321171080-33f66c2217d6ba73d1932140ae1c9934,0
3357,1322333700-6556f513d7f3b758920bf0749eb86d65,0
3357,1322652360-9acea89edb6a7610c78525d39bb9e96c,0
3357,1322497560-fd92d5d53e7c744cff7298072b4c4f25,0
3357,1320214260-96cbf4d55ab1fe4d42429df570a4f2ba,1
3357,1320214260-2a118c7a644d805d25a06f1fe7cb0ca2,1
3357,1320214260-53731a21fba805c218155af336d4b53b,0
3357,1320970980-fa942c133cd1614dcb60f2575b8c407f,0
3357,1320520200-83fb4e28f6396989cf1ebce042eadab1,0
3357,1321407720-cf3c5363b8e728654067c1caf9d6cf3e,0
3357,1321311600-6252b1fddd96182548611da09341f878,0
3357,1324742940-786c0358cf841ac394397a8a9b6b8aea,0
3357,1320515940-9df1ed09700404123e50b9c707f17cc7,0
3357,1320441960-1b713800f2947ffccc34e7c4c502e868,0
3357,1323383040-30540a038e17a47dfa0f0490b82bdc4a,0
3357,1322798820-9c3c67ebd8953a341b73702c367670c4,0
3357,1326985260-271dc412ef6de6c71713aadd52ce21f2,0
3357,1322513640-9f131922508fe951cb1c3818885acc94,0
3357,1321148460-bec31002a4cab420582eb338a728a008,0
3357,1321938840-d10b24c803131773191a0abb5bede741,0
3357,1321471080-b76428177037c42987d0ef9c312139ed,0
3357,1325395200-7b28e9065a35ebf7e93a977f022694a6,0
3357,1322247840-09abb157d30909ae8bab49cec2874a74,0
3357,1321124400-29cf8b70e016aa7d3b120da0d223bc0e,0
3357,1321550280-fc301b44204b948b77d2c4f019a23eb8,1
3357,1321523820-c837b2d0b20d9cde6c14a1514c31d1e4,1
3378,1323343620-2db41244d67d0baa8ec1ccb4b6dd31fd,1
3378,1320781740-bb2542652d32a341849ec3d6e7640857,1
3378,1321310940-0412085306c1550672dd6f01efee9e14,1
3378,1322964900-ff7e674982b0a98dd7c953da51d8b08c,1
3378,1323118860-70addc4bce2ad2465c04df747a7459e4,1
3378,1324676700-1bce807b7ea87c5c97867d0e33b840c6,1
3378,1326386940-5bd5e0d57e4eec3094b071fd14337283,1
3378,1325619600-b7161fcdba077cdc1589854c9662a1c0,1
3378,1320433800-fc338409ee667fd7fdc2f865eb168dbe,1
3378,1327977420-950be5b270b7f25826754c079da312a7,1
3378,1322894700-2879868915a1fbc8471322d3cbde222a,0
3378,1323105900-684be992955225a77dab1c0fd863cfae,1
3378,1322868420-f6d0ccf6150c37a331f0872841bd5f48,1
3378,1322389200-5112e0485c78276851f6a7257281a2ce,1
3378,1322500200-c49773d7550fa4aaa153a95ee96cd454,1
3378,1325730900-34ac97ac14711abebe44b914511b9672,1
3378,1326134100-94fbc7f66a69cb2cccae0f8d1d5d2736,1
3378,1326825960-099d8e36ebf343159102283ff6725bfa,1
3378,1326907740-6db36dd23ef95177af2feaee14fbf486,1
3378,1325718900-81adee4623eb8c91c83fe177cd40af21,1
3378,1327544700-22429e81881abc07ee0d870743e08efc,1
3378,1325671680-0eb69d83d1860d9d7f3fe96e20d5b99e,1
3378,1325671680-84af45ded52777458b618b60365501fa,1
3378,1325666340-1d945a096ab178496ff3eb63283195f0,1
3378,1320790440-d9a6124fcdb0c9a6af8e77bf5de2dd2e,1
3378,1323010860-4261d016a051cf15d1e5712f6782a0d6,1
3378,1323199380-ab013400a13e47d6a819ed4623089a93,1
3378,1322006100-92b0ea03ddfb1537b9fea2dd6f2db48c,1
3378,1325790300-b81356c458aba041eb284ad42d6dd38c,0
3378,1322559840-6c22008ead539912c3249ad1335933bd,1
3378,1321375740-b7ff7c44ee30e8fa5b886d45bb165e2f,1
3378,1321372260-6646d76239023173ed23400ff2b8a52e,1
3378,1323962520-949767900ef95570d55c777809567f89,0
3378,1325718360-4c45ed7cf3f6f4dbd28698d6f9499d09,1
3378,1326914760-8af1af249ded21e428a7c527cd7da996,1
3378,1327950300-6f2ec8a92cf99ffb68ce0f149ce7bed2,0
3378,1326834480-1819c369af797cf9c00bfdbc447d7e37,1
3378,1322875740-64b9f13d633093a9530b2eb726d9b85a,0
3378,1320304800-b0aaa0f4eb21d92dd94b1a806fa769c4,0
3378,1320520800-ba3ba89f0c1f835afc72bb5fabb100f8,1
3378,1325704860-68575ff7a100f909b5621260c46d1e00,1
3378,1325704860-0ad254895c13b05da8a2c142d2c4d657,1
3378,1326239760-6eb27ce3066c730616a8209cd089861d,1
3378,1326815700-79a70bf176c33d17bddfb75a51a2d9bc,1
3378,1326789840-23c97cdc3ca44675f4ea7eb599cc14a4,1
3378,1326441960-dad9ca8a5d14d9d9df9bee3fab9cf5f1,1
3378,1326750660-931e0a557067138432b7d99c67bb491f,1
3378,1326910740-6bbd87807be0f2fa45156accf392ea48,0
3378,1324344900-f2b832262535b919349eada0c59d9b15,1
3378,1321322400-d4f7b92b065d74c5e4f44fdceca67766,0
3378,1327453440-f2a675cf91613172241114689c3620cd,0
3378,1325721900-b0fa627582969d0c13597ede83a83262,0
3378,1320307260-cd62399830cc969d8d83dde88cbcf595,0
3378,1327969080-f873163b47a8f1000f2077e0254dc40c,1
3378,1327446360-201c2cb62a0d49fa55351ce9790592ad,1
3378,1325272920-c33027dd7fc9f01be634660a7cf4546e,0
3378,1326318900-8630066c53d03ca392c14bce33d03874,0
3378,1326476520-c0473567521cb1de7373fe6081febb9d,0
3378,1326246120-2532b7402302c1d9a852e915b24d2004,0
3378,1326825960-83de5ba6c55f8fac29bb795b4e77a984,0
3378,1326358020-c69c28eb9ba6710c218ea34c4bd6e242,0
3378,1320740040-4ff7ff6cb9dd3fff0e64cb4faf990758,0
3378,1321581540-b6f1b9631f2e75db2f70192230870c35,1
3378,1321386780-bc3193b97b15840ac2a9141bce7cd750,0
3378,1322790180-2e7bab818599256c4b5428099406f76f,0
3378,1327720500-a2c2e939eb526ad1df13ba2cbe7a865f,0
3378,1327697100-9982cf3042b6f3f96fbbccab12854649,0
3378,1325112240-16d3711fbf2130282b98205f8e028619,0
3378,1323841560-dca28028f0b6ba68163cdeba28cb536f,0
3378,1326916800-09911cec115468e127b4d4af0752f563,0
3378,1325182260-9b1a3d1ac497cd56e2a521acc57ee2d2,0
3378,1324317060-52e70d3317aee4e3d818ad052a233d58,0
3378,1322964900-34a223ce84703c57d33b43910fd0328a,1
3378,1323990900-d6613672c31125e4c6bb970961b5c88a,0
3378,1324063800-99e42fe79340a16a07914b01b462fc63,1
3378,1322965740-8cb241f5834748ccc109ff3b7d3f3abb,0
3378,1327094280-90a435fa856b8633828fdc416927ddf5,0
3378,1324074660-5bc3d262fcaad6f133dc183284c585f2,0
3378,1324336740-b2e311d1fe15d319f3fb45a476fd6675,0
3378,1325124840-38334be17dd357653387e1b10fbee7e4,0
3378,1320428940-1b1e52e2431324a7479cf4aeae10abef,0
3378,1327471980-d20f13415dd26d071859e8b1455304d1,0
3378,1327591500-b9afd1c3d4bdf3ad7c0014cc0e293d7e,0
3378,1323888540-20307544eab2daa8d3d09e02de349e96,0
3378,1325819880-1baaa88359c4ac6b294d629fc12dbaa5,0
3378,1322686800-fcc5a7b6a6c247cfffdadfaa34afc1d7,0
3378,1325384340-3f843ba8fd020cfdf8ce27e0afb426f4,0
3378,1323825600-530d52a011d4f0f59e12501504537d3d,0
3378,1321905540-a28162309fd0bf84ff0fd15966464332,0
3378,1327336380-1b605f28922c7e7044975d8c53471855,0
3378,1321287780-4030e68030f089c443b7e2be61268e4b,1
3378,1325729580-037a4f73cd5500ae2f337e5f313dfcf8,0
3378,1326148500-433bbd96bbf52fa4724af0f03aab13fb,0
3378,1320717060-22f4c0e7086c0187846fcad1a4255477,0
3378,1320695460-3694fba350c6f082069f1c7c0f65ea21,0
3378,1324069200-50ce1a1600e0a7e6cd120ef2ffb6e5ab,0
3378,1325115060-1edfcde87d72cb0e529a5bb99923e6b6,0
3378,1326122700-bffdb896514cd6ae8a589c263ec95665,0
3378,1327082100-a12d5c6243ab1f2754267e66fa4a0068,0
3378,1323833760-51d1d89875f66a9cdeb1b3e7ae602bd6,0
3378,1327649160-86abcd8e19e04815541f9172d05ecf0c,0
3378,1323018900-521d9e47c2dba0f75396cbb2b956f6e4,0
3378,1324331700-a0b95136cd2b715eff8602def6f4eb30,0
3378,1323726300-2843186fe427dd0611e6a47ca6c884f1,0
3378,1326506940-9fc0e040b18bc4c7105955fa561a70b8,0
3378,1327352880-d9b0b6b93ccdafd54d76f6c4a39f9ab2,0
3378,1325494920-71763a5783479678aa11c15791bd5b0c,0
3378,1323171120-7bd4a2a73fb80c3fe3d97115b1ee53a8,0
3378,1323212100-8b24f5b35b2715db7b3da03168365809,0
3378,1325747700-03c7abe04c013f240c3ce8bb43f4f672,0
3378,1326896820-838f1b3b4f9bff347e50f1484da79502,0
3378,1328044800-08be15842e6c7bd66abeb0aa406e527f,1
3378,1325773500-00cddb7091b27bdec73e540b87cb459d,0
3378,1325758080-21c3a7e7bfb7a5e667e3201b16f5d627,0
3378,1325703180-3222175efae022ce17c565c7f833a21f,0
3378,1325816700-0bef1a19d76215d462498bf7ebe7295b,0
3378,1327721400-036ff577bc188d9b30eea236b9523dc3,0
3378,1325640480-6f0bb7123bd6c6b60286610af09a1fb1,0
3378,1320731460-f90dad5f2a6d7793d93c9b27901fda79,0
3378,1325672820-af2bec99b7f6d107166b8a85577781ac,0
3378,1324433760-647ff6dd47a7c4d651cbfd26479abc69,0
3378,1322234520-5d55922da19ac6d3be457a8621918501,0
3378,1321804740-c2e29ca9a325f37f37dfc155e137ced5,0
3378,1322520900-73a0508c460a2b7979bf263035d0dcc4,0
3378,1324662600-60e5465a895a78e731898a692a7b821d,0
3378,1327373220-d92d9ffbb4b7f4ba57e8d5f3c1fde5a3,0
3378,1322716920-b42aed91c6ef2f012e9d4f905ee8f61b,0
3378,1323685080-b46228d448824b5e325dce7bc117131d,0
3378,1323731100-5a05009226529703fbb1003111dc915b,0
3378,1324000860-a75a98195e39700d1c1b1b277bd0d1f9,0
3378,1322421720-233bd2ae9175d0a593e664f1fd0dd656,0
3378,1321946520-c6e63e97b983611da6b26b7d2f2372cf,0
3423,1326738060-0214ac5b6528c25a745e7ee49d9edc19,1
3423,1326727380-cb19b5acc820fb2454bfbe4ca3c0c640,1
3423,1326735600-7932f2dcad9e7ec71999f3d9bf913ee6,1
3423,1326727200-730b1bfacfb66b4fad72cf481f4e16a5,1
3423,1326729420-20de49f054cccf1ea3da21e01fb487ce,1
3423,1326747060-36b9883916c36b14763c07d37e14ae03,1
3423,1326722400-1578aff8dab0bc533a99f4d47b6f3b26,1
3423,1326689280-32ab7b5710c2c0b0e825d72c5fe5e49f,1
3423,1327338600-f972e2b2887c71807ff0c7db4de02349,1
3423,1326307320-28fb55a4372480c82d07701141af9930,1
3423,1326331440-2202a1b48c9e0600f37f67437ca21a22,1
3423,1326334380-1bd65d5e7ac107ee132f5acb4cde9a17,1
3423,1326331440-d6b61ff4eb80728265f52334fb3c5faa,1
3423,1326329820-6963fb7dd80baf28c6fee534f84a993b,1
3423,1326333360-9274d65a24101e144ce89b3620544b5e,1
3423,1326333360-a709825ba10fdb2e55bcf93ff26abc58,1
3423,1326310200-9219bcf67ef88b99a3670302ba97bf22,1
3423,1327345620-455d50d0532dbbbb4512056e89c9a7e9,1
3423,1326241800-5a4d8f3e5a164dd3a0d8c9545a82fd39,1
3423,1326672000-baa44d9e0fe345582a2f96114bcf01ae,1
3423,1326773400-bb7cabc621dcfe583837cc0a87c74b21,1
3423,1327112100-cd520fa1a8037a82ffb3adc1299e2e57,1
3423,1327363200-46f99167057fe074b08c2231bbb01dcb,1
3423,1327620120-6167da48b9f0e7126636c84099fbcc35,1
3423,1327146540-70d235666b5b2def42cd8923002f19e6,1
3423,1326730440-2fde621cb5e73a70c5e1f40dc1f04a54,1
3423,1327470300-a3fc79d0333c60db75b7f488c05ba041,1
3423,1327530780-058db086a2510ae59325ca147bbc60a6,1
3423,1327501440-9d2f21593894649790a49a6dc5c1f661,1
3423,1327319340-6da8eb3b5a0d3984492a5d46c3395b18,1
3423,1327700820-b57cce0aff52563bba5707d4fc5686e3,1
3423,1327646880-ce40fef62e3ac652ba3109b370ff3446,0
3423,1327797660-401cef5441c674fa16c4538f2082643f,1
3423,1327985040-3cf4294c7316186ef499900437c4098d,1
3423,1322847060-c246f54a0f688e38453995a3579db382,0
3423,1326808740-a5ee15ad008cf3051484097aea121fa3,0
3423,1323003180-c8d2355faa3d35bc90e1aebbff181b69,0
3423,1326852120-64c2288176eadbdeef80a9a63fd376da,0
3423,1327441740-7ac741b884a588ea804c2c872d5a03ca,0
3423,1320160980-cde8e046a6195ad61f489f4080dc454c,0
3423,1327985040-36c868501561e05a5d2c8c433117139c,0
3423,1323976500-6a1ae749dd9025cdf0209225e5a494d5,0
3423,1326757020-003a0212fad5784797cbc1ea26f7ed30,1
3423,1321146780-02565a36bdd4f10c60c007fd14e7ac2a,0
3423,1323325200-bfeb2a1d7c3a77b132b071ca68871ec4,0
3423,1327700820-7454b45333a453bf8ee3bcaaaff2cfe3,0
3423,1326834660-ba39dd0ba2b5312d232115b095da270a,0
3423,1321053300-f1b8c8c7fdd18555f6371d5b7812c227,0
3423,1327976640-7fa36c3e09178d448e60303025bd7ae4,0
3423,1327860600-79220f480db819f845022eb67a04345b,0
3423,1326845220-b7918e1bfaac7bdac89be77bc3d8e90a,0
3423,1325130720-a4b3885c3d4b3e8604136a731261a075,0
3423,1321425180-d479a028f3343008ee3f389ae848159b,0
3423,1326415800-379a68db58de91e08e4946f2ef7781f9,0
3423,1327790280-62d6aacb1d02497e01a5bf62df760789,0
3423,1324085400-f35c4a0af83a1ddd4c72548eab9c04e3,0
3423,1320899820-dfa36c1e0cf55481b794d598ad540198,0
3423,1320884460-4209e7891e513fb19ca3160523def9b0,0
3423,1325195580-8fe5b63071974615cfcdaeb6c56867f2,0
3423,1325089860-4695af0df6b14dc31be6225a98904e15,0
3423,1327700820-bda5c182f73bf6b0e7e4758af6a4ca3f,1
3423,1327700820-915923a94da47af1e67348def27bf60a,1
3423,1327708560-d6b8bb9830f96ab3cd8f32cd347251ad,0
3423,1327700820-8a0f281699fbc6809d88c5f536ac711b,0
3423,1327708560-01706b8e9e8b76d1d660d8044cb5b063,0
3423,1327700820-7338d13e7fad716d7f3a81f072cd57c4,1
3423,1327700820-3cf7790d71e2f7eb581345f0430bad4c,0
3423,1323942960-7fed1a9302a59a4e428ed3468117358f,0
3423,1320995760-f45dcf3d65c5beddd3ee996774102b55,0
3423,1320736980-c7fa0eb6a73193e1f56083c264552b46,0
3423,1327952400-4f9ec47b24e80b769a093ea9b49d9f36,0
3423,1327123320-68483a82e7cddbbabdba7eb897a47a6f,0
3423,1322802600-f8fefe239a7eeea0fae5ea87515cd1cc,0
3423,1324528560-be5557539b36203dc91aaf051b5b1eb3,0
3423,1327700820-0711806f5e0ed8e6da5267f1639d1de1,0
3423,1326757980-dfce9e059c58757bca9a1dc5f23f045d,0
3423,1327238160-28c44a6e3753e80b10df66b8b6f2b587,0
3423,1326809460-723d06b6b472daa35e06e3ff791c1d16,0
3423,1322493660-d1153b3468d3f4bb8e054bd08ee4bf94,0
3423,1326652500-544cbdbd68915ec17f21e13aa23108d3,0
3423,1327708560-b34cc9cbd6af4a53a350b2a0e8115771,0
3423,1327731420-b22cd094ea237a6bf229afb0196153b0,0
3423,1323360600-36e8c46a3581788d26c3e56a3843bcda,0
3423,1327700820-2cb6d0059c534fcb92bae28f8dcfc82d,0
3423,1320714840-a6c95aa39ffad83fa3c1e866adc66875,0
3423,1326824220-ac5ac6ce74ab407e40889252d360976b,0
3423,1320784860-d731d89cd5e8fbc374bfefc793bc735e,0
3423,1322142540-4e2c80105a16bcd70ddc9c07333d33b5,0
3423,1325491620-1899f30d4864823fd75c3247961933fe,0
3423,1323988320-5b767cc0fcaefbaaa52598d912d05281,0
3423,1322693880-7525b6b17a5bd3cfbb60a2bc69c914a8,0
3423,1327283400-2ce84f744dd980940c784e43c83bd14f,0
3423,1322845200-b9135b2d2ebef72184439ceb010119c9,0
3423,1324155480-463667ab0e1882765719d1e05f9de2a6,0
3423,1327700820-66775da4d8c0d64b9ea11a088ee9b7d8,0
3423,1327438980-b511df856c7e6873bc1dc7c5e184dfbe,0
3423,1321932360-2368bace0644451b2f0817f87b877996,0
3423,1325096880-fb06e0b352fd85dd4feec5bb1d85b4ad,0
3423,1326611700-0a96f3acd736c05cf7d8330f2358ddac,0
3423,1326193860-01c69ce94ff8187d362e705994e41f37,0
3423,1327463040-948da73289cc7ae51c5bc03f3cd1e4dc,0
3423,1325756580-6e8ad0c60bb392dd1daea61a717f2fb5,0
3423,1326394260-ae5d137ec9833494420441822793f4a6,0
3423,1320995100-8e8acb5bcb011d1eeb261c8ced469821,0
3423,1322844060-b2ad301155114b8f1deeac22b99d6fae,0
3423,1326943680-aa638fdcb1bc8b7f500c6490ca2533d3,0
3423,1323274260-2a2d477fec4edb6e208ba245e639ec3f,0
3423,1326126600-50f836ac83f60429bbee860a5bcded4a,0
3423,1326314040-7cc522522e65622825faf3ea18ad631a,0
3423,1328024400-dd10cae63d6e8e69b7a00af0dbe7ecde,0
3423,1325120160-a602ec872e07b11cc32df18f58a946d4,0
3423,1324080720-0466c8f1e9f2538e23f84dd57469d38f,0
3423,1322528940-09d0f68e73d6df303dec44bca5582f24,0
3423,1327904880-2955c782042c2a997d5170d00917fec1,0
3423,1326777300-647de8776097d6caf071e15331358dd6,0
3423,1321034640-563e5d62e8665f95a77a64163fdf4344,0
3423,1325875800-067aadfc9f90931485f744d0f4dbe25c,0
3423,1326316440-2a2e5d45fa27e2ca80703d14b8b3cb68,0
3423,1326924600-17a35946dade35329ff4c881815bed59,0
3423,1327366800-344a552cc93bd9be7d5e0f60ec222d1e,0
3423,1327945140-6138296676bb54f6cda339e68b98dcef,0
3423,1321416840-499588ea19ebc419f84c311c202ca285,0
3423,1322157180-8af66b79e2a5be57680f34cbcfe49201,0
3423,1322583180-87e579aa4d7e151e785bdb818164a4ae,0
3423,1327645920-174abb07d0d20bae395c562150ed6473,0
3423,1324890600-3d2a7a6d9b296a96cb1b9b32b0927228,0
3423,1326660660-3f366155924e08a0fd790a59865433fa,0
3423,1324521060-4131fe68aec7aefa378dc9222aa5ef62,0
3423,1320759960-5dcdda21c5c480482c363bb192be2d28,0
3423,1323334080-2fe9a21e0f2189dc225ee33ea3bfe503,0
3423,1327880400-86c7767a6bd72cc08e44a1a7e8b1db76,0
3423,1326315060-944140043ce426b3be98dc1758a5e688,0
3423,1323702660-666e169ee4ed345fffa1f883f4e6eb66,0
3423,1320923880-0a61f6fb17776bf9c028af5056a6e2a9,0
3423,1322882400-28110c0d1f768847f5e21b8f154aec2c,0
3423,1326783300-9a90f0cc31062171db38575ff6bfa7a2,0
3423,1326612120-f49459e4632ffa4407a9e90efafb5884,0
3423,1320955740-f79660b0b68d1d8edcc73a7e956333a0,0
3423,1327432740-2918c2f7070870aba1fe1800253e8fc9,0
3423,1325898420-8e4842a548dee3bcefd1d93d7d6df779,0
3423,1325513160-24e6d0cd8a1328f3d22eb7bcfa520c31,0
3423,1320414960-8da79c52f97955e2657e6d304fc720e9,0
3423,1322020320-8c45165ed75421c2c13986341995218b,0
3423,1325645640-78300d4bc7dc240b244958be99e740a0,0
3423,1321304940-30fc7ec816b7183bf6b56c7302600082,0
3423,1323834420-9fd114be2722bd8ddb1a1ebd1c848593,0
3423,1326404460-f572b0e90559540ec9bbeaf741582a3b,0
3423,1322498820-9f2ad86a860d7a66354f205576a6c5c8,0
3423,1325756580-4dfe66898e3fa75c8b887fa7d738e68a,0
3423,1322006040-c2a5206b8d141cea43748cc443875cd3,0
3423,1327009560-fd8531cad58e751f50e244f0a77de492,0
3423,1322156160-01bd1071d4866ae0514cd466482a5275,0
3431,1327766400-40f8fb5caaed14f2b013afe40823aa43,0
3431,1324516740-18c7b832092b6784898d88195c2be0fd,0
3431,1327172220-2ff92c01a438f2314bb47b57090bf303,0
3431,1326969060-7f68608c21e12810884b224893ec60be,0
3431,1325718600-0452879f62ffbbcd2c4749f38e3f38b8,0
3431,1320725880-b3ab5b3b35358525f0250c3a8c0fc29a,0
3431,1320163380-c79b1d33e3af275c69ae9862a022d065,0
3431,1326481260-91db02b50efbd2ec0de8edc234ec569e,1
3431,1326473160-af670bd536a48fbf5c4cf8ee740bd8ed,1
3431,1326484320-676cf7e20a58b603eea024db6cc1e2ba,1
3431,1326474540-8b6baffeb7dc5165a8869d7258f54b3f,1
3431,1326474540-cbdb8ddbc48718610f572808550f3f32,1
3431,1326484320-c2d077c3cb6f5723f6d9dbe5f5c8a470,1
3431,1326297960-0d818302164868dc5cdfdb68ff07519b,1
3431,1326480300-097e8af7e3956d239110ce0624219aa8,1
3431,1326383040-ded98697d92009438df31a67bb55b13c,1
3431,1326394500-036566e848a188a5f1b23a28e1f9f697,1
3431,1326406260-0471dd63b5de2e59ff854c4af62e9164,1
3431,1326406260-ffa37fc2d6b6ff6548e72357bc85b38a,1
3431,1326403920-17a6c50da551f3a7b832d4741980d24c,1
3431,1326220140-99cce730326e640cda6fecb1728100ab,1
3431,1326211320-c8ce56d2c6800307a6ea43f096fdd9cf,1
3431,1326220440-c58929c323ee84a9a77f932efcd06e87,1
3431,1326223440-728681881abf9555617dfb69f59856f1,1
3431,1326213600-713c1b494a60f63c7513630212d14dc4,1
3431,1326222540-c24931c76a5a5c3c2776923100d9bbfe,1
3431,1326215640-1ac902370ba2b15905b0138a012adf71,1
3431,1326726900-b7b5c08a1d8589a5d95cbe10935935c0,1
3431,1326726900-9744ed0a8ba66d5cfbf8d0a43fff9690,1
3431,1326413400-2d31b1fb4834dd81666145c4b3ddaa8a,1
3431,1326139440-283b73432e6f593a0bfb9edb09476790,1
3431,1326106800-c7b7cb4ff77b0bc2308e4334af0140e7,1
3431,1326134460-7fbc172e90195299f7c05c92a043056f,1
3431,1326128640-25a3ae1831468ebcafa7fd5e249ae82e,1
3431,1326106800-d60d4538c5d24c61c092db315863dc3b,1
3431,1326139440-b79c1dea4a2284ae5e3bcfc63ebbf432,1
3431,1326155760-b6e4cec836709edf8a228f892b92b9c4,1
3431,1326149400-f4c119ed2fe3c4b0dffbcafe8ee3e589,1
3431,1326133920-1d7f4c1bb26a91c1d7b999be901ecb3b,1
3431,1326759600-03fa5852ab079573575eddbdcd3a4909,1
3431,1326294960-98d583f25043059418481ce45bc755f1,1
3431,1326294660-39e35509f5f3d5793506856112617141,1
3431,1326306480-b5238ca32f561cdafbade92ba7770b63,1
3431,1326297960-cd34578a5a8b1c197eae3d318e987703,1
3431,1326307920-3cf58de818661bb2f0f1617305f8aab6,1
3431,1326307920-86760e6c5667d96d9790138ced194b05,1
3431,1327512420-a498d7325983df9f4c8c36e44fadb81f,1
3431,1327518000-8cb9a86b47bf3f1a57db0d0d0e086642,1
3431,1327526100-cad5b4c17a63b3c9d323523ed8f9acb3,1
3431,1327528920-9edd0e8458b4ee821e42ad50a9a5bfe9,1
3431,1327509480-5b25daf1e1922ccdebbcd702a25f33fc,1
3431,1323366480-4bcc5bf3ef61bfef2fc44f19c687e0f5,1
3431,1323360960-0348398353e7a7a33bac78587f445424,1
3431,1327592700-921f7667e5aca8a37b4c6bb84c1263e8,1
3431,1323471120-24759b259358e1b2430b0a8e104e05c0,1
3431,1323456300-9158f904881ab687d16f80e9b1f59ba7,1
3431,1323463440-5a1c93b5f71cb87bb727ebbf0538c873,1
3431,1327586100-031081220673449f72b90f179ea19521,1
3431,1327587120-0d09590678c734b428b327acc1af310d,1
3431,1323429420-44a54d7d174a58c004d625ed387d2c66,1
3431,1320867240-18f119be46c036c8dce0affd03c05cc1,1
3431,1323395160-79217e0f1136b2f3fd9b822722439c83,1
3431,1323800760-411be44e18379f1d19c9154b47dadcbb,1
3431,1322533920-7dd585384e091f4b34f239c0d229f122,1
3431,1320251880-23562e4862d97aae5633bf3d0ee23ce8,1
3431,1327611600-32600b1f3f38a0ac8dbd6773ce483855,1
3431,1327413840-38c21d52e5024b25c637efabbf5cf624,1
3431,1322511900-3a0c3e17f69d22e860101d5bd0791216,1
3431,1327423080-0bf317e7061775db4894856aa56a1d29,1
3431,1327862400-71a867833f8289708f75a53573ab8a6d,1
3431,1327870800-fad507ab133cf21189f444ed1ff2d5f6,1
3431,1323712800-71b522416f1a77ec57dcc8d4039640b1,1
3431,1323787560-9646cd87c96faaeac44dcab5e2761414,1
3431,1327903080-4c7c6c5d5ce7f46fecdd9272d8e36ca5,1
3431,1327848360-47c33d08b684c88e9d09b7e279862433,1
3431,1327872600-5c93d6bde065381945d2c247546202f9,1
3431,1327890360-54cac3bec51d1a64144f19f0857a1fc6,1
3431,1323471600-dec6371ff986c05f4b027c02c4e1b3f8,1
3431,1327962000-d45d118ebc82641c02b93e88cccb9586,1
3431,1320791220-18b388689b845a8d48213fd066539480,1
3431,1320937380-18c2349ecd85ad126be996bb4f2e167a,1
3431,1327427640-8e55c1d08df4f9fcdebca85f53965814,1
3431,1327601760-01377811cd78254e94ae02077560491c,1
3431,1323369000-9d16887cd2e770bba1f99e2e95eb45fb,1
3431,1323372420-63cc34d572fd160ea1efe1f26150af69,1
3431,1326259860-f9dd1c3d1d30448f48a788260fa7d2fb,1
3431,1320904860-d1c7acf2d9186b9b6720750c704c492b,1
3431,1323406440-f983f2766c0cac21b27aeb435dcd4ed0,1
3431,1323372180-9a39f2392f3321712982c450e74bd08e,1
3431,1320320580-73057e4c45563007d27d360795d37876,1
3431,1323484260-0a1f0fcd0bfd705ae2cd996fa5613a71,1
3431,1327863420-25ced3db95e646ce096b8fcb50bf652e,1
3431,1323373020-da3c7d4e757412c19381b2657b51e90f,1
3431,1327849140-9db74b746e5756cbc68e4785d5d6c749,1
3431,1323372120-9cb86d0d5871491c9df9ba1ad2d7578d,1
3431,1327876200-4771951150cdb28e9dbc54256baec879,1
3431,1323390840-3f97d2bd617f7ac9a75f4057fb501703,1
3431,1323401340-8c67834235069542a7eff9a1309275c5,1
3431,1327903080-aef32f3ac5b73e6afe743beb459507f7,1
3431,1327869720-35ef25ccd6ca0d9a3cc3ee2d993b6207,1
3431,1327871160-d319cea2187918e2c80b51147d00e515,1
3431,1327926900-38c771d35ec66ad8629044395179cd09,1
3431,1327803000-acde8edabcddfee51f1bd434dab350fb,1
3431,1327928340-cf4da74c727bc6a790dc7d495a62c299,1
3431,1326217680-413ef4117e7201396cd0b2d55407671b,1
3431,1323373020-85d2809f9a42083cb641dae32affb176,1
3431,1323361920-a4509994d844b4ef362711b19f85d031,1
3431,1320780720-91896d84bb1804c4565238ec4ce5f10e,1
3431,1320890100-b99cf626d18212baa9a0849e49909d43,1
3431,1320889500-cca83278fe09d3abd6a3fa76c90d8e41,1
3431,1327923900-dc734088d90fc929bfe3ac7358ca362a,1
3431,1323337380-60b18ce0864cc383f3c547db717b1e89,1
3431,1323472620-bb2ab505cfdd2df2c8681135cb8a3cc9,1
3431,1320397500-c1e75a0e5f95dadcd4abbbd741f5759b,1
3431,1320425700-5c3e12cd4dc8b159c170f16800311653,1
3431,1327781460-6bc85b1a0a34a572193322f647840d31,1
3431,1327616340-842e163d1fd9c5eae59de87291ab5c6b,1
3431,1323471780-320df069f92b37e1f6b343a7292e7f90,1
3431,1323471180-51079f1dc309bb04128ad9f67219428a,1
3431,1323473940-9700deaccdc902d380626d38a16be5c6,1
3431,1323473940-7282299deb21e40cad72399cc096231e,1
3431,1327602840-06751c7ddf518b389045a63e4e7219ab,1
3431,1327969500-b1d107fd7e79816c2f4465ff8636903e,1
3431,1327955520-14fb5b9f9a0f4856791949870d3b2897,1
3431,1327627380-1cc2c3c0116ecbd43a2356953d92e761,1
3431,1326496620-ad93a04769d4549b0898a18dce02e7dc,1
3431,1327592580-4b4d9f1377b7388a100f204a5a1fe26f,1
3431,1326976140-b7ace2b448ba59ca13a6317004318ee0,1
3431,1326921000-4945b21d103c4f11a4630ef7ff8c7c3a,1
3431,1320946020-54f6d393c79869aec7b0c0e990419368,1
3431,1323377460-d86efdfb43bbacb6d6360a2594e2011d,1
3431,1326969240-07931fcb27195ddf51d113c6cff1da0a,1
3431,1327762140-0168efb5991519bd37cb25c22156ad55,1
3431,1327591740-58ab20503f0dc7dda79f9fbe920a7b00,1
3431,1322653800-c120a8cf419e3f6f58adbd6dea7a07f2,1
3431,1327956060-b827d6d805a8fff436912e52691128eb,1
3431,1327525800-3a909c63d7f07b1ee2b12a9ea3ef7d0f,1
3431,1327959120-61e99daaea47821fef967d9ed32d7dc7,1
3431,1327866720-a8744fdf3e99e1267752710ef15072ab,1
3431,1323472500-b8152bb484d016d501bc5b706348ac2f,1
3431,1323802920-bfdba1c80cd3c30fec0159804c8f3e52,1
3431,1327632060-d6b35cb5ede843fc61919cdc1c4ceacf,1
3431,1327745400-b3ed89cba05f8c4a9a666b476aa363be,1
3431,1327531200-cffcaaafdbfc3116be62a3145b7b26f6,1
3431,1320878940-320f6d6f89421c73950093b5eb1a17d0,1
3431,1327518360-96f88d94e91382d0f27575b01cca9ecc,1
3431,1327763760-1eef7195e64c0acdaffed81971e21f57,1
3431,1327683660-69d1bb1e80822aa87d59879cd30bb509,1
3431,1327684200-0cd43ef36feba62335ac54206d57b9eb,1
3431,1327412760-ac6872eed215923d5fe9618897eee4a4,1
3431,1327879860-ca84bbbc13f22a1e21775d09f8eba0d2,1
3431,1327703460-1b93c5228f34d0b4efeac06c78b48001,1
3431,1320803880-d3158b81db1227e9877024d933972a7c,1
3431,1321929900-f1815550637d78efe7144a68abf173c4,1
3431,1327708980-c3a20af4276eb62a6c8169c9409b1a56,1
3431,1322839800-b52c1e86fd677024d14be6727d5b5aae,1
3431,1321433400-1d7c5d9d9c6058557770fa33302b2ee2,1
3431,1323482820-b02fb31a609471f2f5c9e7ddbbe895a7,1
3431,1323909660-80565dbf627c048480d9fc3b5cb03e47,1
3431,1321641000-6c5c5d1b37443d92b28046fbb4ffee5b,1
3431,1326835140-f71f0c768e2f82e7f3beb1b8a48261e1,1
3431,1322159460-44e3b7fdd339a3837cd8a1a192825c76,1
3431,1322596260-5c87acfed5e60d5e2f43ad552f704a16,1
3431,1327871220-9528dbc4ce35ed46ae840ffaf9cd2ff7,1
3431,1321047000-f9f9702fece70f7dee6fa35f0531176d,1
3431,1320200460-2f01b42fb89ffb99249aed61c9676961,1
3431,1320948120-d44f0061733e3b3b57ff8a6716562c26,1
3431,1327270320-fbde21d27831f83e51d9881fd7861e92,1
3431,1321451880-091903b783f88e799f30b56b53e5c0aa,1
3431,1320839280-3781ae130ed7236aa4a0797711cd9fc2,1
3431,1323478800-94375e9893735bb9e229f89dedbdda2d,1
3431,1323378480-590b9c5eb4eb8686280082f24a4661c8,1
3431,1326241200-a2428343828d1043e8869b5e2e680db3,1
3431,1323390600-f9127e8ad0dbd17bf1d0f8dfb65c04d8,1
3431,1322159700-d4de84d5ccb1d0eabb49a3f40023f956,1
3431,1326933600-0c48df3250c4757cb9234ebbeee4e031,1
3431,1327407060-8ecfe5a31259b6bbaff791850111c540,1
3431,1326832200-1cc7273e0b45ea31b6ec926cb9cceb8a,1
3431,1326834900-f91c0599484f0df1f5fd3131d50d7bd0,1
3431,1327881600-761a6ac3871933bb7d1f2ed881e0892a,1
3431,1320870540-a012ca5cabbee9b122d911fc59f2cfa4,1
3431,1326834900-61a3cbc4c3e816615316ff0be0b0afb6,1
3431,1326486000-bc0aa24c75b33d8624aac362fea784ac,1
3431,1321358700-7b4c67646903029ce2af68541f4c0f5f,1
3431,1320956880-28933290032f4a3f41173d248190a0a4,1
3431,1327530840-d1004e124dff190e832a00d5ac8db404,1
3431,1320878940-1119e98ec29b0b3157f7bbe945dc22b1,1
3431,1326739560-99285c164381265abe949586ac6d2336,1
3431,1322512380-1b0bf1b3e97fc067a85a434a5f6652d9,1
3431,1320334920-b93d8a9325f7bd9deac88d32edc194b8,1
3431,1323477780-b95d8ac09bd6accdad09bfb20545281b,1
3431,1323461460-87325a7e0462e1327759a7ede75fe514,1
3431,1327633260-acf91dd8348954b69851aa5ccd02272d,1
3431,1320925980-4db1aa7087573f79210100ae60cea096,1
3431,1322512380-82b5e4b1dad96c1d24fd17bfa8a61c54,1
3431,1328053200-4d264c12bdf7923104d2b86ba85247b7,1
3431,1323424440-75cd15250c7c79d572537847b87aaa40,1
3431,1320801960-8e93792c66df5e530e488ae8b7f850f8,1
3431,1327506780-7e9bb31dc3bcb46fa53b2b28d90e8335,1
3431,1322170800-1019890e8bcab2101a4621d56e24ed1a,1
3431,1326483000-f36833fd0847bc10346cf2b39d4b3504,1
3431,1326739560-c0b3c31229779ffcaa7cf41511c51e22,1
3431,1326734160-202783d89c441f260e6b8f1072e872fe,1
3431,1327520040-8163ecbebb033e5c9bde79cecce4f4d8,1
3431,1323371400-5a70024310c15dc1bf2e5a925a0f28c3,1
3431,1327701000-7862d230d2a4a6455eb2877684ba6c61,1
3431,1322008200-698870a3f8344a9a9c406233e7e29cd0,1
3431,1327689000-f12cee009f8a186e2214278703f9975b,1
3431,1327684860-cfdd34297010e05e700231b70c6c2f1c,1
3431,1326499260-c14256dfbfb9bea9abdfd82e6043401e,1
3431,1327705500-8678a5865344e1ed53e8eb6226bf95a7,1
3431,1321306860-9f81df36e13faf2e4b5266b82b6b81ec,1
3431,1327627800-b272538886e137a969e257a0b851f514,1
3431,1322526660-646f5c7040c384c3dbbcf357cdae8d4e,1
3431,1320200460-90f89ffbe1310b3740a70435672b2c63,1
3431,1321657620-cf0c66a3a9a8b3f509ec9c91b8c941be,1
3431,1326901800-5fe07dddd610d26dbbcd8f798655878e,1
3431,1322575380-a14e13b4e6b66bd5191a25e7dd380163,1
3431,1322011920-0545fb14fda9efba9ea1b50c7a37bd04,1
3431,1327680060-b41263d4d7bf3d115ce4ad3a8449f912,1
3431,1324928280-9507c93c9bf8b1bf6adfd17ecf63b7b6,1
3431,1320892140-46ae69474faf9c5c2735d70c975d1de9,1
3431,1326143280-d46aa3e430b16b69860af435d3df32f4,1
3431,1327903080-077ae5afed1c026c75779492c437f786,1
3431,1326735720-2e0bbc7e60ca4df6319e698598faa2fd,1
3431,1326764040-68bef8d69dc129e4b81bfc5e3790c193,1
3431,1327417860-5b2a20da38ccad433c911c795003254b,1
3431,1321375440-0def1c4e559864aee0827eb5f4a186a5,1
3431,1322596440-d7a1868299f64a588c0638285ba7a8eb,1
3431,1323482820-42fb0d640b467852730628627793c265,1
3431,1322615640-435a68bf39dc2665da862d4f5fd453f9,1
3431,1323177780-97c9507dfe4e2141139a5776918191bb,1
3431,1327950660-8d5def2b4035cc19a765d482d4f0dc0e,1
3431,1322600520-dd271aa75d1a8400f4b1ad60a06bc957,1
3431,1322602680-253c7f56b070e894c63f5353d8ed6e9b,1
3431,1322007420-c5badbe163e5335d64bbcb7b18300593,1
3431,1326733200-4d2db39b19e522e4671ff4cc14cc0b9f,1
3431,1321920300-45dfef4dbd61667d21821454d22bed96,1
3431,1321316880-0811ac3f5a52051b341b8fe3669545f2,1
3431,1321388760-8bb3bf4a9bb46c6661e572f2944c29b8,1
3431,1326219660-4b5178bb8f7ba444bfd0915e307d4a37,1
3431,1322600340-fddf621b59c5265c2f86945b4395ade5,1
3431,1326847200-1b5e8c9943717e883aff5a3a7152bb96,1
3431,1323373020-8f818bd76ad6d1fba3e7584a8663f645,1
3431,1322681820-aee3da7b92badaf54bb7cd07c3dd6a50,1
3431,1326244980-ac091c691aaa1a779e15fed9a5273ced,1
3431,1326217200-3ffe685d84b4257bbd5ebfe291c84a25,1
3431,1323481500-4c481e38ee334914e3a31af9ce6d172d,1
3431,1320332700-431d402d7c9f274b712a55c1139a4c16,1
3431,1322621040-94a9287e855df2dc0f53eb30251105da,1
3431,1321720920-483f46fbf16d7cc05149e140789bd840,1
3431,1320957480-65fdfee32ae6106ac82cf6fe7b648695,1
3431,1322596740-bf9ca8de32ad1478f1715cb39599f63f,1
3431,1320434580-86c2172801bd9a4bcf51028239c31dd1,1
3431,1322575500-bab2d26a3d52c907710ee7d18b40e2ef,1
3431,1327952940-ff7b581e8d575aa7db6aa544f7542222,1
3431,1326243000-0a93f40be07d1d9c1a27cf290b402cb3,1
3431,1327701000-467e9dc74d404cd06b28925c14b3849e,1
3431,1321391640-84def67b132f0f9934f0b5045284e004,1
3431,1322275920-99fe17975ef0260e56835161e151bb22,1
3431,1321388100-d48950b13c23757c96e791b75f2bf7a7,1
3431,1321638480-4ce48893eac38bcaa30143c6b92e1146,1
3431,1327429380-1e59a1df8295a76a1242841e28d4c03a,1
3431,1326934200-20af874ba32e48ba1d8ed02116b66083,1
3431,1321415520-0100eca127fa6421b73ce8c223e2696f,1
3431,1327683360-285a18d4d7c5f8eb796335f110b6da6f,1
3431,1326820260-8116a0b3838008d5c20eff08769b941a,1
3431,1321653480-11273e58b48150f0e421551f82b45fec,1
3431,1327459200-117e960b900be39ae6cc7a98dea1e848,1
3431,1327701000-5e4ea08f3d301f34c4682c682d95aec4,1
3431,1326909180-30377838686fbc6fa0ed0192c57b2b2a,1
3431,1327483200-c8acd016b980b75a28070c2b66e0fb03,1
3431,1320957240-f356c7536eb66ba1c7bd83eeb0ea58f5,1
3431,1323136200-2cbafa85f947e0831a8a8e7f0403a079,1
3431,1320966120-75e1e2795fdd97d51805d7774c5416e0,1
3431,1327867200-214ec1bb78fb1c1d8d989c50349607ed,1
3431,1320334800-86d0e4a8bf9703881e46fd42aae16a7d,1
3431,1327895460-6ea9ba63c422da2d2f76cf6e40979222,1
3431,1327966080-0605892671099189a0e9fdc2025a19f4,1
3431,1324867620-19032c86ade41bb992636d6779b876c7,1
3431,1320972840-b1a5e91cf5990e1363d6f060ca74421a,1
3431,1327955760-686514f6815495f14b216fe5fdb784ca,1
3431,1323134400-30b2f7e9dfa48be49400ffc5b017fbd0,1
3431,1323392220-049734c02b921eb4bcf78c6b697c884d,1
3431,1322013060-8e3cfb2d98e3ac400fc67fb0445944fb,1
3431,1326132600-299e89227f0c76934886ee88c5e34dc2,1
3431,1328029200-9d9e77ecfe60c937f371d00c1e291b65,1
3431,1327928880-b15ac528509e615307bcf1db0ead5b3d,1
3431,1321322700-29054083ef43a3bbf82b1eee72ff5595,1
3431,1322580840-9893a637326a44c9ef9aa953f53baeb1,1
3431,1321926000-0a10573db34827cc53dadf08cc8973ca,1
3431,1323402840-20d5bf2eb8ba32160cc5127e43d08c3a,1
3431,1323521880-8e7c5a51acd661695a20c7166527bd04,1
3431,1327175040-7838450dc71820855a0d20edf054bdca,1
3431,1323131400-3d540063b152349158c5f8927701ad94,1
3431,1323737400-502cc04aa11ebcc4b71c09b2541a63fd,1
3431,1327626600-6da4f26efd9f5503619731da75cdb4c7,1
3431,1320336180-fee8f8ba64ab2f506f5fd532dd91efcf,1
3431,1321398960-5e115f90c1120aefa2f3021e813a7716,1
3431,1327634280-c75e068d8104cd8619a95ab09a826702,1
3431,1327957260-40bf578caafa008033e71d1b49aad860,1
3431,1327961400-89591ac5a730fcbf77e7476997e10610,1
3431,1321293060-b6a377e0d52669f4f7a858ebcf2848a0,1
3431,1327953300-888fd7b04eb0dc5fecce2d476d830427,1
3431,1326909060-0647a36c1ca07371cabf8d857ffc7104,1
3431,1326825600-0dad029adb21e0496205b24d57713659,1
3431,1323820200-d88add76d3c7bbc9fb9b415d7a7565b2,1
3431,1323430800-20a1496a36097accf99a0b7b764ef98b,1
3431,1327953840-ff408bf4f30c81fd46e6bb8391f7df03,1
3431,1327710120-6af941542e511719de9bd510770e2d9e,1
3431,1320337020-52ffed85ef1b9a1232f17d969c573289,1
3431,1321992060-3a64d439344f1a87f53f7c2cb6c9e8b9,1
3431,1327951500-453c663024c61c3f47ed6582d0f3a888,1
3431,1327873980-57af92c82c4efc5688e6d4a71540272d,1
3431,1322072220-2856ebc004fbd13b4debcf3ca5f9ef31,1
3431,1320421140-46aec8b4d7061db0740f361f7cb54e40,1
3431,1326310860-d3c27f775c048a224730e729cc7640d6,1
3431,1320426300-644bb977fc8a3bc432077bbb20157b5b,1
3431,1322616780-801ad32eb4617ac8a4e288441b9bff8e,1
3431,1322693160-dad3179cfbce24af7fc2c819acd618ff,1
3431,1324831920-f30377290720b373ad7de2529641199c,1
3431,1323434880-78016df7f74129347188c2f4c387faf6,1
3431,1327864800-88286cbaa886a7b0605d8abb49adb3a1,1
3431,1323371400-0de2d72f1c548b9fac87e0d6e7746074,1
3431,1327818000-bf89f37c5567d083fe2f8025412895b3,1
3431,1322063220-12325553b3282d07aa82b1e3b3610e1f,1
3431,1322615700-99ad0000cbcc126081bbfdb494834f8d,1
3431,1326829800-70bead97bab6a9915d067dd92ceb1f3f,1
3431,1320446280-0da2879a653ab3dfc169bd54859b33e9,1
3431,1320336540-5794093ba00206d9a26cdaf53f6feec2,1
3431,1320443760-9310587a5f4bb37dcd3fd6f180e0241b,1
3431,1320341400-0b2dc3d5defab29906a0e52c9ac61a6b,1
3431,1322095200-fc44dd7666365b136945a7d632be9e1e,1
3431,1326308640-3bfa1be08d03de39e044b0988f978eca,1
3431,1327627800-c43786c874c27e600119a12dc09f63e7,1
3431,1326315360-1850c3a47132f5efbcb803dc02c376f1,1
3431,1320436860-b3496ba084f4f5f5cd161f4b77e43bc1,1
3431,1322743080-3fef15697e22d9517ee7f584cc143b83,1
3431,1323412320-f11942ec2def9f4c3dee78648be3a726,1
3431,1320448380-98c38a9cc32f10dfb644adb7e947159b,1
3431,1322615400-c2831c239f1347caf1995673d277708e,1
3431,1320422760-53c5ad5a8b32de8e4ce8edd1410bc7cf,1
3431,1326847800-c44984ec83af5cf56ed4f6a5925994e2,1
3431,1321927800-4d9215bd6ba021c224558e389173db85,1
3431,1323733800-f8398676da9a64997eccef7d137e6662,1
3431,1320422220-dfd356faad6e5beff854f95764a1e6c6,1
3431,1320448920-bf00c671bb6272a31a79389a1a67c31c,1
3431,1320420480-99e1aa94b0c117475fe1cedef60f0f9c,1
3431,1322094000-a322993b3693a7c996f04bce4c227885,1
3431,1322711400-c6e413c7a01a938671962b54f03e35e9,1
3431,1320422940-8471daf83d8efa267bbc69c0b6f3864d,1
3431,1320445500-f1c88aa0264ce5be1b781708293ffd84,1
3431,1322661840-bac9791efad3e13fcaf975466d7d343b,1
3431,1322529000-1e40c203a3f35f969cbcb42e09f2fb45,1
3431,1327676400-b0d395dbc39393c96f281c2941bb4277,1
3431,1322178000-be62fb1d6ce2c6825935b1edbdd091e2,1
3431,1323441360-b71d2dcf3dfb486054e8983801977e50,1
3431,1323137520-26e399967905f1cc5113d64137de52e9,1
3431,1322661600-99bfa22065de9796ed85e6b54444c9f4,1
3431,1320732720-a086866685ee886dc949ea5b556dec12,1
3431,1320714780-5893af87c219b9aef78b726db18c3e67,1
3431,1323739800-842da5e358cee443023c5665e9100d6e,1
3431,1323412320-542b2c573eb12f40d816092891111c27,1
3431,1322621040-4858e682e14808afa38f2ab70071fc3d,1
3431,1321335960-fa30d685db4327eea78223206bd24b68,1
3431,1320714840-c1a29fd26d9d0259ffe4bc7987ba925f,1
3431,1320713040-73f0d63f0808092ea070a186b0209e2a,1
3431,1323478560-f5a4807a0863cd2ed73c020cb6969e03,1
3431,1322616660-5c8bcedec86b0cdb7e8d442a0ee43ce0,1
3431,1323406440-21c7456bdc9b9e36ab2d489bbee5db45,1
3431,1328029800-aec809add14a8ff6f69ba27ed9024180,1
3431,1322615520-888bfea58b32c9a67590b0a1f96970aa,1
3431,1326134520-51016b895c6a4c03e3904cf6fef84fe5,1
3431,1327544100-97507441bfbdea0017c7db429b3d38a8,1
3431,1323396780-2b8d80d934bc7bdca7c9069809586b7e,1
3431,1323400620-9cf2cf40e1b100dc34a778b44b61c93e,1
3431,1323138000-1c2205f3fcbb14d995b39b200bbc6323,1
3431,1322006640-64d3e715a7375995e7afd172108dffb2,1
3431,1321315860-21aec016c23329926b62ed71936588ce,1
3431,1323793020-de10502c618c7b20d6e572e2b25054d4,1
3431,1320250260-63d6c8cf414960ac0dc37a54f634969b,1
3431,1323406440-5b1d6dc2f466bd44346ca6e7978ab2e2,1
3431,1322012340-22821edec3bbf3eae3f383cec9119f15,1
3431,1323719400-0946faa8b5b3bc3628d72ef9b09287a4,1
3431,1320251100-bb41d681d892ca5323325a4656d17c91,1
3431,1320437580-ff2e36798cd6fce80f4f79aac5fb3cf8,1
3431,1320250560-105108cd3375119e860eb4f9eefd6d60,1
3431,1321653540-b3b775efb5046cc8a269d25230547ce7,1
3431,1327954320-8fc441fd46f1612980c899a5a0583154,1
3431,1323397920-447c0dc12dbb6d7a33eaeba4688c35f5,1
3431,1322704500-1b497af3d19f809c2f43fd589541517c,1
3431,1321662300-097371017765a16b39b134a838173645,1
3431,1323804600-9108a8134ac241f382507ac5a41f10df,1
3431,1323395640-801b9ba438ec9e8a65995848f9c9b1a4,1
3431,1320436500-50ef11f865ffe40f5b3bba6b926240bf,1
3431,1322278560-bfb8327fdf8e47677a46fd2a97524629,1
3431,1320746100-7d2bf38759becd4d844ab5f46f0c32f2,1
3431,1321313820-0881a0b13c84413ae7bbf2df3e655428,1
3431,1323402840-0fb87ed48eec000583f6928bbf6c2c5a,1
3431,1326476460-cb307b3b204fd0a9a22199f53de8b91b,1
3431,1326428880-bf04eafdda710ea5ca630d5d5855261a,1
3431,1322620080-417faebd6d23ac93abdb2a4644737b0f,1
3431,1322078820-4610e5b16791e5385b402a6a4d72e0a6,1
3431,1322610600-2229d5ba517f54e30811f96451e38953,1
3431,1326915600-87800490cfe48f42c302eed9927123b4,1
3431,1327715400-b8b2e6118f717534fd12531541db256a,1
3431,1327908780-c1764a588fb42128ed6aec3fe5bf8686,1
3431,1323415980-fc198db9fd2cc79030963e51fc9b5de9,1
3431,1324830120-8ef8906526a9e5a305462fd41660ef38,1
3431,1327570080-2dacf9c9acb39290b24da1c79a809227,1
3431,1322093940-f0f7db488278ffab930f52f75189bf3f,1
3431,1323993960-91f9a71f358736357a817de34dbd36fd,1
3431,1323713400-490cb0e833b8c25be2d47bc0caf2f709,1
3431,1327809600-dafd1b2fa0809870ea68b62814daeac5,1
3431,1327770600-5ae4cde05e7b35bc411025d3ace74010,1
3431,1322686800-a0c43a0371046fe06a92d4ec445a44bd,1
3431,1328056800-aa515a906aa1e2a90705d2d85f094197,1
3431,1323399000-648380be253edb52aa15804d76e2daa8,1
3431,1323133320-d3f0e9867ecfd9a3abac1fe25e50057e,1
3431,1327865460-b07768344e5c7b1690d6a905fd0fef77,1
3431,1323402840-08e0e03839f72a13c3a528a23e9ae185,1
3431,1320446880-449d7acb3235c264b49844a47dafb764,1
3431,1322526660-5008eb2de9d37021023f892c2428a46e,1
3431,1324928280-54d16bcf96ee9a05d6df900766463585,1
3431,1326138120-18eb6ba46940ac3b4877634bf6000b80,1
3431,1326156000-593d4221342d0f34ae3fd9c6249192e8,1
3431,1320355380-34421fc826374f5a74f00239114b2a07,1
3431,1320167400-a312220ce037abd54745b9e6f5473e79,1
3431,1320438420-032df549a4660886677756c47616bcb1,1
3431,1327966260-f27b0aa1026583205b7a797aa951a35e,1
3431,1324828620-42ef6b66eb1fec25d6c632a2c6188f79,1
3431,1322655240-18b08e3f0103de9d4e63bef9a6106b43,1
3431,1326856200-59080b430f59f4116e7d96eb97da1ca4,1
3431,1322265600-3f1a3572d146b16146d4a07323265a78,1
3431,1323136740-fc18d43934e8b82540d2436aafc0c6eb,1
3431,1327905240-c4e4d9e509b99f3deeb572f91d3f73e7,1
3431,1326329400-da7caba44d8af884bd02fe1b19dd5f3b,1
3431,1324829100-a02dbcb117ae2f990c7c335dec404dd6,1
3431,1327979700-9300e1d303fe825df7fa0c97ece6460f,1
3431,1322558340-49a15ae5a8f0c0c2a3eb17968e222a31,1
3431,1322692440-4a22f2a2f05787115e9db8b78f10b878,1
3431,1322703000-d3d8272e5f50dd30727a88f90e4ee94c,1
3431,1322200080-0880f0d34919efa7e4c7cf8593a7bbeb,1
3431,1326420000-09cbc6128565128992c74b3143963ab6,1
3431,1322674920-608eba2b0c377b690afb3e4c59682ad7,1
3431,1322617200-1972ea584d46dd89e7dcb38ebc68e74f,1
3431,1322137860-229c4036969fcf1ad5a2da71ec477d6d,1
3431,1328007780-df6a6c8e8855af3ee2f0ae2c0b795606,1
3431,1321662840-09f0dfb5705313805dee7b9010d8ca69,1
3431,1320783060-1faa78983ccd22e821f8e00a98a1f4f5,1
3431,1322657160-3b773535f9216c0b872e9d2806e5272c,1
3431,1323139080-37a0207f811ea47c022bfeb0d61652a0,1
3431,1322597280-412c518ffb0d8827f1912f348126c699,1
3431,1326913800-158461386efd2b0fb7bb0ad778d8e582,1
3431,1323137520-05b3b6f32a0f494965407b9a738f8dc0,1
3431,1326851400-572ca5b857ddeee7782947b8fca57890,1
3431,1323186540-07066c5b4221b4436a2e22278cbb6501,1
3431,1321675740-7612a5ea15787cb1b604eef07601e5b5,1
3431,1328016000-818dd8c3100d9c7f61b871067ad027f2,1
3431,1323373020-12f862648bc0b755bc94c737f949822a,1
3431,1327117800-c9d47eb04c5186ca839bf50d12afd960,1
3431,1328042520-d9b1d9a7fd120eac6ab0ea8ac80f4af1,1
3431,1323188280-bda0958ed6b1c6e56e9bd4a19a318db3,1
3431,1321349460-1982588ac129b356c7f54a7d1fb9683e,1
3431,1327989420-be50fb06da8691a4d4d8f17fc72af708,1
3431,1327797660-11b8bb2f1c29ecafafc8a0c363aae519,1
3431,1327844220-125e72729e6a0970ca0675adc5fa2ecc,1
3431,1320971940-aa8a8e1eeac3483edafb52b49992bcf8,1
3431,1322078820-f014df481c0ff2ae45fbaf6dc6b6045d,1
3431,1326391920-cea3f6dd122e06210095b5552b1f0cd1,1
3431,1321901940-9a4a10f670baac18fa8004b6c8b366bd,1
3431,1326232740-a48aebc6614ca3d205fa81575768c3c9,1
3431,1323898800-6f9b6975bd64a83502d6ae27820ce0a3,1
3431,1320879060-d907c197705d96eee794910afb7f00e2,1
3431,1322740380-3f3fc992b7028a895c25d5772754342f,1
3431,1323402840-11f8f60ab27674151677f2682dbe30b9,1
3431,1321680600-2f84a6377f5a13d14331724bb65f92c1,1
3431,1320976080-76d1586ce00b0f16d99a7e46b5397976,1
3431,1327977300-129f952908e789190957f5f101fac01e,1
3431,1323796800-8b11101aa0792983a5dc314bf7dfad0e,1
3431,1326288180-b1d58ff0a642be20d1455e4081d3cf71,1
3431,1322679060-5311297f4c6eb96749ac5c7db84bf9d2,1
3431,1322144400-7784eb17c25d139c7e78c83c6c9b708d,1
3431,1323910140-71a1b40695e03187d521dd2583ef8de7,1
3431,1327991460-933423641706835b82f80929b7128d45,1
3431,1323184740-916bc35dd8b2beb21598ed73abab46c4,1
3431,1322225580-454ac154569e177a24289001c5d2f3db,1
3431,1320813180-15430ff2f50f406e09ffebc79831381a,1
3431,1326386700-43f4b61427dba442bdb571ea2e0d889c,1
3431,1321959900-f1a80c1d83f124b50e84c81d341ab7de,1
3431,1322596740-01e4836019c03b53a46770e48ee85b40,1
3431,1322197320-a64f51582dabe044ba00704daeebdee5,1
3431,1327851120-03eda7053ba7901317d3e5497f361bd3,1
3431,1327710120-1a5282ee6c114777fa303c8ad45e9eae,1
3431,1322180400-fbf7afc15c780940fff501e38d726b37,1
3431,1322167200-d92c69dbe05263f3bd31b6cd45857345,1
3431,1323396780-3a5d0949ca83dbf979ed8ff90bb6351c,1
3431,1322104080-feef8c07122a200bfbe6dcd6455e6773,1
3431,1322750160-7332d170713001dcee5196d1b58f5322,1
3431,1322615220-bc2dd8344ace61a02253a0bdc0ba114d,1
3431,1323484260-056a96356b58bf4588c6ebfe0a2f6ebb,1
3431,1322265660-307563809bc753b370b984582a24f656,1
3431,1322591040-891b039ed564a55e80f3c4195c34d220,1
3431,1326794640-c4c53404f8a9cff82a0911326f2f911f,1
3431,1321458120-1901b571862fef7b112ad15520d16616,1
3431,1320805740-fdb2a6f8640d73cd4d933de5b3a73887,1
3431,1326489780-387d558fea07ca41639912c804e2c2c1,1
3431,1327611420-6bae21a64c4c07a1fae776ebbceedf2f,1
3431,1327801260-a1d1c4df848404dc0978dfa48ae651ec,1
3431,1321979820-68252a4570d3c281fb5bdcd36a8f2c89,1
3431,1327153200-6480fd09443dc669cce9911318af9a13,1
3431,1322158440-7f0a536aed943173ee7b2073db92b657,1
3431,1322329200-4bd04e11d031bf7b6bf729f912e964e4,1
3431,1321919940-2bbd86d98e6237a6bb96c336b1e2cadf,1
3431,1322764320-6db225402f65637352d09645fcac1343,1
3431,1322764320-bbb148297c06a00de1966de010992c03,1
3431,1323135000-a6c107c87440d4c2cebca5880f5ebf3f,1
3431,1323199620-9a109f9b35b4bb06253ad63fbfc47949,1
3431,1323412980-79850d277c726bd375e82b75d79b7373,1
3431,1321047000-9ea64f4a95613d7791cac112c4fcb3fc,1
3431,1328041260-78d1285c6e526edc1db0f28228df8542,1
3431,1320333660-91b8fab4e27b1692fc8f71f67f00b8bb,1
3431,1322694660-9bce328de4d9809249376360db7fa1dc,1
3431,1322301420-5b0db90263b751a4fb2345846c440fc4,1
3431,1327910820-87d56e032b45549443b3157c9a4611e8,1
3431,1328027040-c77263ee661439f9348cbf00d4430e02,1
3431,1327908060-2c538bd3b05f3c8af25faab9a305ada8,1
3431,1322300700-399b18d05ccac355ffb9719331a4b2b4,1
3431,1322823000-5bd3147078947ac1a10bada640039355,1
3431,1322514000-50db99c94189932ec49a68688fcdba64,1
3431,1321704900-ca1fb32ee50ae47f72cb544d642ee700,1
3431,1323802560-b0fe14d6f9c348b43c6689d59b781ed9,1
3431,1321435380-05ed8b3ec5c3507c4b9e852d6c23679c,1
3431,1321425360-44bb18970392330ff97e8463f68ba455,1
3431,1327710120-c6b57d440ef67503b049b3a481249b22,1
3431,1323132420-727338b0072edff41c034f4e8db7cb41,1
3431,1321686900-093cf582473617355f1772802d31e30d,1
3431,1321415640-b3922a55fb546e4427239ab819f05a93,1
3431,1328014740-0acfd854d97cb2da2d14f6bee686260b,1
3431,1321377180-4b56fcbe088ae099ff515ba58e8df46e,1
3431,1327894200-4a01fe5602b8a457c293d98ae0ef8890,1
3431,1323416880-3f98cc9225699229c60a8d87517685f9,1
3431,1321447260-b743208e647f1957c12a8e73fca0c756,1
3431,1320332760-3a8335b564d5075ae6d58465497c5bfa,1
3431,1321387860-6066ffe57c5e91f280fef9924b70f3dc,1
3431,1327960800-67968cf1ca6b01ef7beabfcefa7a5491,1
3431,1327591200-5ada4742c8aa760a52d6fc2a755111e6,1
3431,1323483240-2d316c9884d6a2eb68a1200029e99498,1
3431,1322134680-1472919444243a623015c1106712e891,1
3431,1321385280-8c963edaf76f2f19f4d4567dcb4dc106,1
3431,1322104080-beac649160ccb0b4cddac886dc27a683,1
3431,1327710120-8cf300ed262709185304dc9a10f1a310,1
3431,1323419940-c708d37563ec668dd165d9a98e0cfa04,1
3431,1322248800-1e9b27a839443e8a863b1bf7044314da,1
3431,1322148540-72f0282523bf4318b7a214a6ff9dfc7f,1
3431,1322150100-d5c6dedd4a08aaf0bc9bf368d5772b1a,1
3431,1327960920-8b1d1736801a329a7178cc5ea3e30ec6,1
3431,1322187660-9561b41b6119d44ed474116326df38d7,1
3431,1322111700-a371085a6612cd56be41d9bc608ce327,1
3431,1322176680-4e46de691c165fc016fa3b0476e8d051,1
3431,1322259600-d335604e4ddcc72eb20a993be729b220,1
3431,1320971880-04430fd7aebb3006049f4fad332da347,1
3431,1322272800-a06f25e1e7dbb4389ac48313140d4097,1
3431,1322529660-c871939a68f1a282a635673fcfeec2ad,1
3431,1322288700-64577dcaa84b5a4b2a53be7296b680cd,1
3431,1323882900-3e52e7fbcf2b4b74caafca867465ee72,1
3431,1327970700-a5578ca69fb11ff5b3457bbb94711149,1
3431,1327704060-fa7397b99d985521200ad85c9f99460f,1
3431,1322526660-60cb128ccb7dcdb9c4e28fde3530dc21,1
3431,1327710120-431552b494b0458c020db27b28d5c2f2,1
3431,1327965900-7edf812e50466999e912be0530f63b0c,1
3431,1321695060-f59a84ca28b24eccaff7c3f0438b84ed,1
3431,1321458120-45627a75ecc0f3d84257c1bf65c0362e,1
3431,1328015820-90755e48bb176a7e49fbc029441bcd35,1
3431,1323130320-111dcbadd9508ea8301fca7b7ada3c1b,1
3431,1322449560-9634032c92de2b91f44457dea937777b,1
3431,1327710120-1b2a40b66716ba658e33cc650d6d5ea3,1
3431,1327979760-b80a3aac2784ba15c061970cb9ca1af3,1
3431,1322650560-bb86b3bf155ecd8d5c2f583c87c784fb,1
3431,1323477000-0e4b0984a41d80428c4ad4a8b41b800b,1
3431,1323743400-30b87a5bf9f00f9f09e1ec96976967aa,0
3431,1322367120-815b1a1c4923115e28ecc29879a07a46,1
3431,1323703260-bdcf1da9c778c8c0825722d053572427,1
3431,1327706460-95f15725d140b9e39f3549d88d3d4f03,1
3431,1321994460-09b4aeba093d2f6c4936763d7c46abaf,1
3431,1321995840-b39a8583d558b3a9ada09f5138b78aaa,1
3431,1321707840-2effbb28f19b2ecb029285a7c918a49c,0
3431,1327710120-cd17ddb7d7151c67e8f6031b1acbfec1,1
3431,1321885200-953b43da0a4063673c9a4dd8570b28b1,0
3431,1321999800-97a5bad47bb5695642f6f35c2028515b,1
3431,1327446780-a5a242f7cff31bb744cab6cc529617f0,1
3431,1326241440-3ed067a301e994993fcc7fe19635c71f,0
3431,1323527400-82db7435401d48930e5298a5a52435be,1
3431,1327979880-6063cf88e1130544380f95af3824e760,0
3431,1320703320-42007bed867ad6ed736ea7ff0a1960ed,1
3431,1324234980-bab76a4b38d8b6563dcff8c571879854,1
3431,1325812200-0f3ad8d27292e97d554b69b987ac8799,0
3431,1323479400-f626162119128289259e5d4bda3276a2,0
3431,1321059420-6f131fe6601538b78cef5b680854c892,0
3431,1322053980-8de3920456938409d49db30171b5b7c2,0
3431,1327593420-d127938e915f13ebd5d17b2dd9247f9f,0
3431,1323596340-25eaf0af69720b23ef40baf217ffae5e,1
3431,1323476100-338020dcfaf6fe282a4983ef070c8060,1
3431,1323338760-50468d3e71fe88921fcd20fecf479118,1
3431,1321307520-87e156e7e22387823fa574885ff1ce53,0
3431,1322121840-6d689f1c42e87c7d421ea958599b5ba9,1
3431,1321477500-bde132545f4bce53563b80fcb6e49da0,0
3431,1327967520-a52cf034f02d830ee3063845f3bc3572,0
3431,1326386880-42b8bcfd03a3490f70c4e404bc2242ec,0
3431,1327696380-b3eea3e21dc2eb50ceffff5c1625802e,0
3431,1327536600-432a7f73c61f3f3f45171c3f77e65d5f,0
3431,1325136960-24eafd91def0d84249216f29894722b6,0
3431,1321455900-9e57be8d2102e4933bb8456d239bd918,0
3431,1323810060-069e73357f96c27f615cad46ec839305,1
3431,1323779700-34d6bbbe47375a92e35a87e6cd44110d,1
3431,1323817380-533a056f6ee46b17b7c5b2e33005402a,0
3431,1323437880-bd07b630368a65151557041d2151d92c,1
3431,1322763780-c206c1d5cd5cf0a5b9aa342a9c3c3cc7,1
3431,1323878400-47d2b0e432895fbc85f3149f878b5947,1
3431,1323887460-2858aa8ba8c238e61ea5ae1982aea432,1
3431,1321030320-2b77fbcba44c8a187ba614c77ea1d552,1
3431,1325175540-63dbdf5b632f218100deeac9110c2af0,1
3431,1324510080-4191d531e99999ee043b852add98b2bd,1
3431,1325516400-1e47b205a016e2c505943d926531fa7c,1
3431,1325868600-67aeb69606374870d30f6a9c598566f0,1
3431,1325868600-9253eaec2e440cc3ba8878d506c125e8,1
3431,1325475540-45e309f9b0a6dd7c3729c5c101e11007,1
3431,1325449980-fd90919193089ea5ef252be79b0677ce,1
3431,1325011080-0b312411d3479dd033a4545f79fb8b27,1
3431,1325784480-28e86be62129e0170e502824c1fcac87,1
3431,1325784240-a6d7cc9051a83a981d5a3e5eadbaa136,1
3431,1322925600-17115dff3f939a7f19756500997d1154,1
3431,1321973100-33dde5b40624aba8b73355a8a0f52fca,1
3431,1322608140-5dbdd2c952c5d94a8a42b4f7c797fb7c,1
3431,1323348780-4cb9e8cf0a9503a111ef71527f3232f9,1
3431,1326557580-a8faed16af4b9bda878e7d3df658b8b5,1
3431,1326557580-db12e07d5156cf4e7bfe5d2e5c7c13f9,1
3431,1322625240-5b5eea54a0cb9ba28661d2f82f2785f8,1
3431,1326052320-0df732ee7c6141bbbe6facd45415781a,1
3431,1322659260-14237c2f7e857e2104dc8a7d001cd99c,1
3431,1328058240-3c6ed7ce5703b4657ff8fc29442946d5,1
3431,1326399420-a630c5f513512da093ef88ecea36bef1,1
3431,1325108040-f66cc0441a24462ab12dd906a6ec6fc5,1
3431,1326646080-146a438fe451e0fd572ed6d9444c772c,1
3431,1321482240-b7bfdd8763a1fb3fecf9b704e64fd5b2,1
3431,1322080800-a90aea9fab3843b2a6e5dc343366c116,1
3431,1323704280-fe2fc31b4d1c60974d197a536589c4ae,1
3431,1325271540-4067c5b69b88e1a8c6504e5080c90887,1
3431,1326399420-97c6826b3df3fc3995e171f26c8879f4,1
3431,1325271540-1d324717f186f3f5f965b5a59cf93033,1
3431,1326460620-bb0aadb23b310e39f9e31e1695ad030c,1
3431,1324412880-4b723a7fd5b01bcdf2bea535bfa27f85,1
3431,1322137560-0faf52384927ec09de759ad3f500adb4,1
3431,1322868900-82ba268dee479a38ad0a8c7f84e91ea8,1
3431,1325041800-42433dd1c6d094c8086be7aedc8c2250,1
3431,1326501420-86d9ed26b694c0496f41844975a91efb,1
3431,1322500500-c28c3dff983604817d9e2ac89595d0b1,1
3431,1322324700-1a839a24320f4a41fa723c3872b321a9,1
3431,1326491280-664c0428b17584978e18ecdc384a0f38,1
3431,1326567780-cfd97e56a7a7c4ddf27aa3b248087671,1
3431,1327323120-842767873f1b6102256e50d77da775ed,0
3431,1321217580-63e4aeae57b7f445b634d1bab0cb248f,1
3431,1325164200-580ddd0937ebfa693156296d579788c1,1
3431,1325097840-33724b9eae8eaedeb10b63f7dfc3ae2c,1
3431,1325097840-bc94aea316587d34ee5af77ef5cdc0c4,1
3431,1326986400-03d7f2c6d6d3b8863d5978ba7a9037b0,1
3431,1326506580-81b149ef35f43272eefe2c54827d4f36,1
3431,1327241520-bead2691946842758ab81f212c48971c,1
3431,1322931300-c6e2ca9b5bd5e4d5fef5ee1a7a686a47,1
3431,1326506580-fb2df0e6da75202b4bcb94c9ccb14ccd,1
3431,1323531840-7db73c8daeb1390fd7624845f4c44a98,1
3431,1325041800-522be6344afd6127e755de242c40fd48,1
3431,1323108360-a0bf50e3375bf9f4f93c12cf8d07573e,1
3431,1324675440-55a17de5603b715de7abfb062a1ade60,1
3431,1321563240-d9ecf7a7d6dd3970a6147958563b02fe,1
3431,1325188800-13b62e2f63462e89bdb917edce62515f,1
3431,1322250900-19bab60b17ef59133b7675cfa1fd1100,1
3431,1324510080-f478be88afbfde0d6a5275d58e2e65e8,1
3431,1327670400-b8a88917536389da77a379a07eb56ae6,1
3431,1326567780-88319d3f4508202b73343b438f624305,1
3431,1321881360-3694ae8aa478d98d12b03bc3d8539e83,1
3431,1326986400-bc35ff7d32b606989bea12bb2a27f4e7,1
3431,1322169600-cb6ab1bb59974bdcdbb711e574c9fede,0
3431,1323209160-cbe168c9bf4a971b32129f9a6b1373bd,1
3431,1320345840-c35a1b0ededd0b75f38146f509590fa3,1
3431,1325281680-d5ebd082edc880ae14294a10abf49dbe,1
3431,1323779700-4f126db5f2ad01aa198fb405c8ec344a,1
3431,1328017440-0e27ec974a3565a69e85c429d96072f3,1
3431,1321558380-6484379e2a53501bffdfce9cff4df647,1
3431,1322494740-1b6ffbec474252205a1eda4138067084,1
3431,1323817380-147ab82a8e10ae6251a6ed86d4505fb0,1
3431,1326414720-4a0fd9b4966d07167eacfb7c3f5a4e61,1
3431,1320844200-4afc97e81639cb3b131dc0642579c7c2,1
3431,1324582980-f923fe30aa2dd8733dc5f9c6ee221253,1
3431,1326414720-a2d1756bf495f17be3e9d91bdf0951d5,1
3431,1320777120-47b1de75288627789acb6b4e65168c77,1
3431,1325281680-dfac96480c71b0443623c4d3a5bb0958,1
3431,1322333520-ddda25df0c53f46b5d89976708e1fee3,1
3431,1322511900-9c621326b6521be52245a8b33f31c608,1
3431,1321809300-cd16964edd23cf625e818b711a9e12e7,1
3431,1326981180-b9e39daacd612021cbccc36228bed4dd,1
3431,1326741360-019a2c4df13fed8670a98f11c888bf65,1
3431,1324995780-786e91be81a4eaf860e39accc0f21cca,1
3431,1324330200-6e42ff891e6c4ba7510af92bece0787d,1
3431,1322741580-fc7347a65a9d5963a919aff3fbdc5c6c,1
3431,1324995780-4b93f871c86fd3dd59040f92ff6c83a2,1
3431,1327180320-0957a4145d612f56f4817509de99b695,1
3431,1324307220-70b64f72ee946c502bf63e86fa8b5727,1
3431,1323192180-27a4d016ae61e8cb4557d15abeec1bc2,1
3431,1326741360-4d8c8f60baa3067ffcc817c63832c81f,1
3431,1320849900-26830b0ae27a97a27766d5eef52ce46a,1
3431,1321622760-26f04658cfd8222d60ca4dbdd358007e,1
3431,1321660380-5cabd8ffad05120239f75fbc5108ac15,1
3431,1322086560-5853a93ea81dc780003f19e58c939d4d,1
3431,1323397260-ccee063a2080e243fe0989e5eb913740,1
3431,1326302400-7fbd8054d9647fa417da1cfbc7da38bc,1
3431,1320892440-3ef9108c1d4ab97c54534de8e6f3834c,1
3431,1323467220-490899f2b22954aef5fc6b20838e6ef7,1
3431,1323180780-9f7e2eb589ddf4000460d8f5497465af,1
3431,1324228140-21ce1f68ef1b36dd666087702cb6d3ae,1
3431,1326572880-52bbddfa1ace46a7a20d54e668c8d345,1
3431,1321461060-8faa88c8c3d613e945e57069a6cc2cf0,1
3431,1323806580-2d261a306ebd0a3ec074e17a0e844326,1
3431,1325904240-437810b3d718f3ad3415b2dfebb97176,1
3431,1326761760-348eda20d299cb3efe24ae5cb82a8fb8,1
3431,1327343640-c16f57a4c8cb8d861ce40491ea572f4a,1
3431,1321805100-fed114bad46c53839e8e9276e4dbfd88,1
3431,1322574180-5f28288ba727336092a61a7f590131ff,1
3431,1320927420-491ae918fc171d0b99196ea33a5d1f3e,1
3431,1327496700-f986ec6e0d1bb1a5f6d6ce8a822cb449,1
3431,1326925080-77f3fb084513503d8cc3652d5105adad,1
3431,1327609140-6d586dc5da0d1a7333a4b458dd4f8d0f,1
3431,1323354120-95a0b0a04bb8d5e459b90499ed82ba3d,1
3431,1322829300-dbf38d5448074e89f74ba4f493163ede,1
3431,1321208580-d63b87a8508786dddb61da391e538906,1
3431,1323112740-4b85804be3503a33c1686dabe3de07db,1
3431,1322411340-de890074a979a05adb9794b66160db37,1
3431,1321732440-382e7d01117d36f100bad53f359e06d5,1
3431,1325521440-4e63634798a6daa31c88f7b83f3fcfee,1
3431,1322103480-53b447c523c90a5cd575daa100278f2a,1
3431,1326394380-c2fcd0b580aeea76e0e699eb10d41677,1
3431,1321584780-797760ff63c6b4b43cb63f60b3098c64,1
3431,1323297060-5887b5bc4a1f87e93089ecdfa943f637,1
3431,1322103480-11567b79a057b06ba498f1a832f0743d,1
3431,1322052660-422661b6a05fecdd342bb5b6599ead38,1
3431,1325521440-74e0c25b1b33ad68b01dbd8971281bed,1
3431,1321498740-67eafe376c7cde5225aa4758d2b1e1f4,1
3431,1321493520-5005c7558652890f8828e67a72f47b67,1
3431,1322052660-02b57c6c715dcfb99731ec82286481c2,1
3431,1326720900-c8637474ffce924a577877e38739f472,1
3431,1322426700-da8b8987db2355a9f9a80a7cf6b1529b,1
3431,1323086940-17c0394d3b77fc35d4c0488da5f897a3,1
3431,1324072140-4dfe1107f1a49f9f20413bb0f308bdb8,1
3431,1321551840-daacb2ca460e7a13ce436f0ac54979a5,1
3431,1320498960-dbe8eee2285371fc0691bfe0d321c5ae,1
3431,1320670440-4c8ee63d479d5753d809e8c22c566325,1
3431,1324041420-fcfbe37fababb5bafd6d18a16321218b,1
3431,1325256120-d874e02feaf40fdf630f33c8c1f568e0,1
3431,1323962760-fb22f06411d08401ac6fa850f5665de1,1
3431,1326220740-0b58c79570917a469441fa9502b8a313,1
3431,1325608200-4def9c7fd5c86474f115b4225d384a8f,1
3431,1323027720-8c1bfed0a068583ca624bfa34b23d7cb,1
3431,1320499200-35f053c66d8781e9267d273006432d21,1
3431,1326215640-741add22df7617d4011926cd0f395322,1
3431,1322421000-9828beada04f73d53db1c5e28ed5985f,1
3431,1323225000-81bd7e90b18a9a3233b582076e9beff8,1
3431,1326134040-5f8808a81890ac4b74d41cbacce5346d,1
3431,1322840580-525f35ffc9058d47906d02248c617429,1
3431,1321110540-0667fbdd791b5520a9730e09cb1c7c1d,1
3431,1325960460-39b108c1089a857b16a7933090e6285a,1
3431,1322594940-1a6b3b207beef408b74d5f1ca3f3a79f,1
3431,1322324700-91f9e1467bfad9d32a334d2f2be6e273,1
3431,1324145460-48e723a1928e109dd2d93f34f68feabd,1
3431,1321633500-57617bcaa309e6d402d34682fc3cb5e1,1
3431,1321817400-90053e36027b8f747092df71488dc0c2,1
3431,1324218420-8375864e6970256acc980aa84aed0615,1
3431,1321638780-d4119dcc51f3bf4153c600f104175000,1
3431,1322596800-4bf38d511e63e2773bb4beffcac945c1,1
3431,1326230940-0825986fd47f1415125d73ae7dc33e34,1
3431,1321368840-5e8f790df69cf966b0f0f23acd79258a,1
3431,1323540540-9cf026dfe9268bf8e3c383242d7fffba,1
3431,1325097840-cc478be4f9580a972580e0605444adef,1
3431,1325960460-d19721c49e215554db63dbc512e231d3,1
3431,1321817400-08e2d2ea99e445c447d91b41e0ac8c8d,1
3431,1323991260-6bd0c2723de5b04859072379b9385eb3,1
3431,1324406880-20bd2924d6a51bba2c9551e15073959d,1
3431,1323386520-b5b496418c2577ea6f51bea180beb7f6,1
3431,1321916400-478a9fb6960b5f914a55057474397e36,1
3431,1322018520-4e997cd6e0d8e9be561c51e1a3a14e30,1
3431,1325899140-b1f9727c3b96072aba5ed2674ee6f089,1
3431,1323820740-15d2c3b65007ddbcecd5fc2b7497dc29,1
3431,1322519220-df3d7809cac1ee1808c845e34cacaa2d,1
3431,1326241140-4a94b93ed6bae9376955735218042928,1
3431,1325189760-be1d2152423e498376db18f7295e4241,1
3431,1326736320-90d8163c448044c26a5af21d2403e2aa,1
3431,1321476900-f68a383e38c451e4f8e75fd26762150a,1
3431,1320687180-56ff5f548e5350917dc6a376a19b9f4e,1
3431,1323887460-7b4c2a173fa3d3111bdd9321064ad5df,1
3431,1324325460-7e1efa975079e773ae0a6c9fe6dd1455,1
3431,1326838320-9d76005ba1addb0527abebfd3e7d6a92,1
3431,1326139080-be7b2283a5358e3ec565ab02ac881b73,1
3431,1321720200-f6f3bc736703a1a57e06a212958b00fc,1
3431,1325679780-abd935137bd168f96f2355488367eb46,1
3431,1326838320-aef9aaa8cff2e2f51d90790043c4ee8b,1
3431,1320174480-f1c2034a640b373c0efa13e25bc25ee1,1
3431,1326113640-7108e0d9076aa1a1b9f650fffa631d26,1
3431,1326241140-d46002212a23d603edb6a65f7a65e351,1
3431,1326113640-be03bc4007c6916d25506987399e4744,1
3431,1326134040-6e2182986a3461fc9c99f47daa825ecf,1
3431,1325802240-bbfd92cef0f4f7c5ba5a8a69543e2c87,1
3431,1325353020-4e9888cebb9d69185def0413bee85999,1
3431,1326744720-b8223a5b8a6b6f50a76ee7e69291809a,0
3431,1321036800-232d49222656dd5e8f21543319eb84d1,1
3431,1327971420-a28739ba7c09d9905aa2e4c57ae4f0bb,1
3431,1323973560-6342a114298b76b72ac22b41047ef127,1
3431,1326210540-a15a03fd65383e04150a69fadb3f485c,1
3431,1320113160-5dfdadf8382a52e15feeb773149d366a,1
3431,1324524660-9c342089bf89a265fcf9226aea6badff,1
3431,1325097840-5614184262e6ead230d1360b5e5d4a92,1
3431,1322842860-225e59fd0434ebfa7e9eccae5fa8666b,0
3431,1326333060-af9be9e980c3d7c34b6ef9a325411c0a,1
3431,1325603220-ad1eb4c556c1eb01aa12cb660c7866fb,1
3431,1326756660-7e0b53e6a7beb3c9c03fb98c17d00448,1
3431,1325075400-5d2cf9de5dcf6cb3aaa38c55aa119b39,1
3431,1320805920-7cec6895a1ee53d9f0695ac5a300bc86,1
3431,1327506960-98db0d10acf65ae86078aed2abb63c38,1
3431,1327843800-c68f1380ce250f604d52342dd1594324,1
3431,1323118440-ced4d448f3a9688ba137de3c9af97e09,1
3431,1321549980-decf35bf104d75019cc7582ef0052324,1
3431,1325529780-bfc959de667eb681a4f753d1fbfff254,1
3431,1325266260-656174ad678b9cc7fe3d8a89f8decc03,1
3431,1328048160-1bbc0fa2180dd1377f97b46836f6d090,1
3431,1326561480-5ea74f9d303bbd5a6c5031db40049da9,0
3431,1326817920-83649bf33b378979f18134fa0a09abef,1
3431,1321298640-f82d9d8e42112987f9a3288719f63219,1
3431,1321713360-34791fc4760ee846f504714bf4e186e0,1
3431,1326817920-9ad8c21fc89f0d27510cb83258cc76de,1
3431,1320521100-cf43a351b2ae75d8e7cf4afb9cb2ef5b,1
3431,1326475980-50454fee5e2685cac1abb8cad8712170,1
3431,1326475980-a90ff1d4127e7e459607f22dfc6498d5,1
3431,1325603220-d15b12a339eac2d223493d2738268c60,1
3431,1321374240-2379dd8250c346575c0430da99bb37ff,1
3431,1321670220-d98ba01fe1d19f664c19171463de0fda,1
3431,1320405420-559095a1cec05048d2e81a57759136d9,1
3431,1326812400-9c0e19ac64798dd986dd2db1748625c0,1
3431,1320692520-0e3d75fc61c7ecf772a12eb596393bc1,1
3431,1322608140-0bceaa03df0b8b3b97838e91eadc025e,1
3431,1324472220-43fed2550225a59bf27988a53bd618b5,1
3431,1326389220-06e4ce463d17706c0eabdab504e78d3f,1
3431,1324656000-f85e19a643f829e8b14accecb302ce71,1
3431,1321131060-2d19f9ea17f783f861bbfc17a2fb47cd,1
3431,1326139080-0561d8ba5d062830f9540c80410594ad,1
3431,1325715600-6af56bee792b9f73623cbd6734eee92c,1
3431,1326288660-269fab82ea49495c7e36a2099519f205,1
3431,1323989700-038ee147835e9f102b222c96cd173b29,1
3431,1323613920-d7844b944a1dc1bde51ce04cdbdffd2d,1
3431,1322168640-7f351cd3bf623cbd5925e265d09d643e,1
3431,1325679780-d3be6bb9b77075b3a0509e93087c3ef0,1
3431,1322007120-4f12efef041352811c6360a596b9bdb6,1
3431,1324046520-b9c8ad8434a85f830ca5ae855491da21,1
3431,1323195300-a210756eb739e8ef7469b3df378781ee,1
3431,1323188100-7ce8bba5e8ecc5711a1266118f39daef,1
3431,1322789580-71e0768f6261c9935908c05158b6aecb,1
3431,1327690800-a5a0552447fef3e77ffbaa29b4d31a18,1
3431,1320762720-41f137b5149fb47b71056c47bce1c739,1
3431,1321303980-800d4831c18b72e7ab1de2a824ca4a81,1
3431,1326756660-feb1461fd9c9b80ecab4cb354352327f,1
3431,1322883780-a9eba445a7a64e16891f39d0d2750e75,1
3431,1322193300-d22309aa3aa588c11d352d23e5cb18f3,0
3431,1324656000-94156214139deaaf403a493e09f70d52,1
3431,1322341380-8178479949d0db22a36160682d7e823d,1
3431,1324563540-9708063c5da1b57fa3aced0cc3a9af30,1
3431,1321030920-d209c1462550849e5b2245dec456b287,1
3431,1323008340-a260dbfaeb06404b832be671d5fd1c58,1
3431,1321374240-fdf8f7066c5d785758d693803aa7d4fe,1
3431,1327782540-fc7a0ee5f54a750e264002fb68b01d30,1
3431,1323282960-9a93cf0ae3b51c0f7242925dc5215a77,1
3431,1321886040-2de5d42f81a3d20d57e5019dd64aae70,1
3431,1325955300-a4f37210be6ecbf0d05079fb1d5ac9bf,1
3431,1324666440-7238bc48310b4c60ba4cffee8dad9b3e,1
3431,1325358120-ace17a7b18cf688ef2eaa0b1e5d361c1,1
3431,1321222920-3516bbde7bc8a599f84179a7ef4d3af5,0
3431,1322846220-c9a9dc051eb99262be955dc90622aa55,1
3431,1326319620-8f1463b4c45ac899322daeee1249e2ca,0
3431,1325460240-4b3988f406d514c24592c99021265f99,1
3431,1322483400-d7724ac109a5b1653cc20fd02d564bf1,1
3431,1325706300-8c826116a160508385f0e9925a69fda1,0
3431,1325613360-26ac666c93c60f674df8b407662702a2,1
3431,1325628660-d58fe27ff768c6a49818ceb69fe5b69a,1
3431,1327714920-22f729f1f63e5bf8174042cf6b6e7c5c,1
3431,1326480300-571ec0eabddca14efb932c059dbc7b8e,1
3431,1327705980-847170e4ff89887e7294e30874023803,1
3431,1323173760-a5c1bb6ebe205f04c1e0ba7db142899c,1
3431,1327068000-b08157975bf939b43fb5bc80f5aa8af4,1
3431,1324344900-8f6bd5aae2a57e7a2e76af4ad1ec31b4,1
3431,1326919980-dcefb01229da66c700699e2c9372e959,1
3431,1327773840-4d573da11ba8720be41b30a8bf69c99d,1
3431,1326496380-f3c03dc761e3857d6fe8772d212cea20,1
3431,1326943440-ddf4d4b6d3ce4f1a4fd399eddaad821a,1
3431,1325613360-c0febdccda0e079b1142e9aa0a740132,1
3431,1321444800-91a30fc3a01132abb92d18825346d497,1
3431,1322018520-a491ff519fafda3c0ca7f13e07636f24,1
3431,1325353020-f6202661d933f687c7e00bd5b1eb235d,1
3431,1323483420-fe6132659f18f71a6a5a20b52c387070,1
3431,1323790380-145c7920ad0a1804dbf909cbe41cdbfc,1
3431,1322062020-60e38c2e7c5f224841536bde123d39a4,1
3431,1322160180-f19dc71c60b7d2f226aa0fc3b8f7780d,1
3431,1321622760-125dcca6d487c81583ac746fbd75615b,1
3431,1327976280-412af4faf7e4ce88a2e35bfcd724ec15,1
3431,1321654980-959c51118e41b4548063411e6f157db9,1
3431,1326577980-237dd8982f6d1dcdf59f667b37eb83f3,1
3431,1323895500-40521472800658c68a474e4e27ba86fd,1
3431,1323811980-033ba3160010ab129b43d58bc17e4cad,1
3431,1322230200-7e8d6557c0a7ef0a51a1e3b3606308c2,1
3431,1324079280-9cf51a4f0b673d9a605dfe02b49ec6eb,1
3431,1322944260-ccc793166918891de52bf4f276d0beb8,1
3431,1323833580-6faeae949d2f73d478834e65bc68f8a3,1
3431,1322000940-f57e4434199e631e8e3ce31ca74b11d7,1
3431,1320426240-ce01f5b1b1866efbbaf86e6b44e83852,1
3431,1326118680-b9a6185d68ce9dc430cb4e127f497ff5,1
3431,1326928740-575d0bdfd6a230cf95fbc7b8777c6b9f,1
3431,1320423900-7ca80502ab1bce35ed49ac45aa2521d1,1
3431,1326577980-70814be5c6f86b089eb47c8d1bb16129,1
3431,1322520480-20a5b0ae273842f86152cad85baf91c9,1
3431,1320859980-4c73c323f696f3697d3df1f210edf4b1,1
3431,1325802240-a7d53c79833a93a083fe33ac6922bca2,1
3431,1324092600-d0ba1817581c6e68629c7efd8a200aaa,1
3431,1327078020-680c657b879ee83eeac038ba938d3ad7,1
3431,1325723040-d217d81d448f5c4ceb64956960a88d13,1
3431,1325782740-c4fdb1eef4a0951f0cf87a1d43113b8b,1
3431,1326406020-928d244a1bc965fb4d84bda987db1ce4,1
3431,1325817600-41585ce0e54e90d50fb9c9f45abc2cab,1
3431,1326746460-64d630ac9d118f12753916d90de0e0e7,1
3431,1326225900-4f0d1bd2dd8344bd9f0a577e96b8e068,1
3431,1327384440-12a809f54e422f040d601d44046c5db4,1
3431,1327335300-475929e0ab202fa95cb4be8ccc10f687,1
3431,1327266780-273cb2e25b828e207cef19d24befa4f3,1
3431,1320784380-5c0e60f7f4b153defb2d6829d1b8d8ed,1
3431,1327251840-16fffd39739733dc85b7937ea00a2b97,1
3431,1323696900-04956fc694fdaa48d35a95b9a45bdd09,1
3431,1327435500-bdc74cd26de8d53e4b4cc94519327217,1
3431,1327874460-03aeef97b3477e7e18e777807c23d64f,1
3431,1321289880-63157a53441376053c78cdecb1a67876,1
3431,1323995100-31fa165a48bf7e54c774a3d46b71d74c,1
3431,1323634200-f160553990365c8024661d0ddc550507,1
3431,1325108940-490cf2e2ead7de6dcf3d9ccb1e7f5b41,1
3431,1325460240-0bf2e391d6a2007693adc9f4953bbcb6,1
3431,1326154380-6d95cfc92b7dc69d37fadaf13f3bf729,1
3431,1321910700-47a9acf7f3acb592d2c7d1602ad2aa1d,1
3431,1322165880-db27a7bb2286e32cb4922657c0579f49,1
3431,1321128300-c9b7a6fce61e1fbf806f25353f6adc4e,1
3431,1325358120-f839fb407c2c8d811f2d7c65b4800122,1
3431,1322783880-06047e96c872d3f7634098e3537f3bbc,1
3431,1321465980-152519b15d67f376eada801663a25e09,1
3431,1327264200-ab109e0f414a8aa65a936fcba3db10dc,1
3431,1326154380-faa2d70fcd5b53ea148570d4906aa82a,1
3431,1325863500-8d5f45422330aa8b28c1ae7e54f724ce,1
3431,1321741800-b5318127aec8ba3f8ff5c77bcc64ba15,1
3431,1321995780-bc53dd0d40548122c329cffcf50e85c1,1
3431,1320325440-a6857bcad5fa816c76f851d416e98072,1
3431,1325723040-02db12233c16d0cc1b5dc513289f616c,1
3431,1326826620-38b5f57ebd29125e2cad712f877b2b65,1
3431,1321449840-86c299540441a61332ec411bc37996d2,1
3431,1322078820-0e610e21da784a3034c5a8bbe640fd80,0
3431,1325286720-d1609726a8877b976d0d5b96f8b73710,1
3431,1326823080-8c63d7dffef9614c29d1ecbbaddadfe4,1
3431,1325080020-d5d62855193e31544d2d2151895bf76a,1
3431,1326848520-c58ed102bd8a9087ba707c28c35654f8,1
3431,1326823080-cfd91f8f88bfd44b7c278e574d48d1b0,1
3431,1321455360-2e3cbd82fd87d9b75d3f5aa4758eac45,1
3431,1326838320-c39afe034cc4eba503bf428301fb7050,1
3431,1326927120-2f316840cc74198252fc5e0f8d1845eb,1
3431,1325873640-1b2e88cd1235b47c140f2e2f186843f8,1
3431,1327440600-fda25fcf44f0910a5a5931db72bafbab,1
3431,1323978960-899fb355742cd7c3c4301622bd118b75,1
3431,1326491280-9f07020d454af628b0378987d5ca7201,1
3431,1322795220-3f7611cc63510b3c53e2fb5d02ba341b,1
3431,1324068000-26f3c92eb0929dfaaa77b46a68da78a9,1
3431,1321910700-94273224c4247ed0f37f480085780afb,1
3431,1321568580-07b51f39790a5e3a2afea5eb7082fd5a,1
3431,1325337780-fa19dac7382f5b36d15dbf114948a515,1
3431,1325848380-ba0cc911afd5a98adf3e339badddacbf,1
3431,1326506580-49168c21eb9e134b2f968e06561bc32c,1
3431,1321801200-9b7d58da558eaa11dd0345a7af5228f1,1
3431,1327154820-26fb2d212b898a9ffbb4c007eb3a87de,1
3431,1325100660-c62d64cc748fbda878669db6a72cfa1b,1
3431,1325863500-7dfe415cbeeb41128885cbf9e9b64264,1
3431,1327450800-5f3219bf71925e042d240fbe37484f9c,1
3431,1322693280-18a97da9d0e5af1932ce008ccf7ee2db,1
3431,1324438800-008650c72c6b52dc2c6b3ef7bd14c933,1
3431,1323483240-52b4409aa8c0fa69b10a9842b37ee1e3,1
3431,1323707460-069861c2a72af1da8029105956a1a6a5,1
3431,1325022180-70cfcc29a6fb06d9f03c0868d1df5270,1
3431,1323618660-988c26f1125b3bc2e9dbc469ca93ad2b,1
3431,1323617520-178d45370fee29e379f8873d07473996,1
3431,1322528760-7dd8aad3081f138323c305009aa3129a,1
3431,1325021280-b5c1b70be1dac82fbfac9067f9710b89,1
3431,1324135800-6ad79b80abdbf0bf442fa884653b34be,1
3431,1327006740-2b58fe95f1ad73dcb33a0ae587f663c9,1
3431,1320511140-c04d1c30a65adb243591332854c087ff,1
3431,1324237920-cc46df2c4f8cf892d5c2e45a71d0d519,1
3431,1325695020-a0674f53c2c1b747ff213241ec635380,1
3431,1326736320-604016015bee5b7fdc63b85aada108b5,1
3431,1327634580-230f076e316e39f5c6ac5d2e78a4b1b4,1
3431,1324402500-680f4a3445c43b444e2dd4b85b3211b3,1
3431,1324677240-0dba40b09fcb50ae8ffef8b1932cedc5,1
3431,1327609140-bc98c2abccd31c164acf28180735c384,1
3431,1326848520-2e209d8ecd85263ac4d2e1ffdd3866ff,1
3431,1324393440-9a0d983dc2d2978e88370333967fabf5,1
3431,1326506580-6b974d432a3ede069cff10e9826150b8,1
3431,1324505280-4bb7fc6a6a12e2c41691f4e696e88119,1
3431,1321117800-5cf882a513964fabe9ae04bde07be409,1
3431,1325108040-2bc9a97d9184a865a486ffdb5920b78b,1
3431,1325771580-09ee15d6c16a5e03ade2a569d77b30ab,1
3431,1325108040-bdc2a01a6a34471de0f3823f1f1c0792,1
3431,1320703320-650444157c077e0e7d85aadbb8729f03,1
3431,1320113160-36642947f1493c62dcd1d2acdd73b985,1
3431,1322766840-b72c5cce7867d75dfbd8637d5386e80f,1
3431,1322602560-bbe7adb5331a15c19619c7117e820059,1
3431,1326659700-265889b980ae4dfd7176ddcb9f627656,1
3431,1325266260-99306f51dfff69d3cd7068c66d50337f,1
3431,1325695020-fc152997c713a770307a1a5c7cbebdb1,1
3431,1327167240-7a0834dff08c247714d3a1b398216492,1
3431,1321574040-a69188ca9e71368e52f90b319022286a,1
3431,1322003460-cb640ea83d2831da82f026672c136716,1
3431,1321531200-4156bc88a2bdd6fa0ef696b61ca8d402,1
3431,1323197760-3bb329c1dfdfec55eafe2dbc6e8af443,1
3431,1322499300-a763ea7da5f8db1a0d03eabc182e3057,0
3431,1325984880-a1b70525ed151e0764de427ba17e04b0,0
3431,1320841080-1ab2632e4ea669ffd0ec025bdabbc134,1
3431,1327951620-284c0ea1c885382371a0b5115203d575,0
3431,1324519800-3e4ef8f3603ec0e210efac518d5939bc,1
3431,1326835500-6a3a29b2633edc542557e1f8da81d45e,1
3431,1323477000-120a9141adec6c080cc14f4948d777a8,0
3431,1326552480-84c694a983a2847944478895d404086e,1
3431,1325807400-dc7fa26c4f8b3ad72ebdfe4703e013ae,1
3431,1326816480-1e88fc2e68c851732b82431540df1559,1
3431,1325807400-30bf72702cc6c3f54ff41e0d02d80fec,1
3431,1324036380-64077c04f178d8275447c5c2131120b6,1
3431,1320718560-dab7b0c4c1bcc77ccd4e36c82d8a171b,1
3431,1321378260-535ca0f5a9b48daedcec3a50b763f1a6,1
3431,1327512060-7c6bb49dd670c087caefd068034d2211,1
3431,1321202520-05d776c4acadd1cf66bb0418d6d67ce6,1
3431,1325543580-c16ea81f30e59d2b3cbebd58f2e18b8d,1
3431,1328031960-1682911cad080ca604ce4cad468cf3d2,1
3431,1327588680-03f433883ae7af059209eeb05e7428ae,1
3431,1324602540-9afed5209c15d4ad3511c50ceddc5b97,1
3431,1321714800-6113b02bc493d695a4d5e5f65d33ebc9,1
3431,1324748280-0343d5cc4ec7ea6abf11a708417cfba6,1
3431,1325802240-49697c50d0b9db0e3284c867c1d68934,1
3431,1326141600-5e014a74aedb7410eb7fea2bfddcff74,0
3431,1320433320-4fff15953a6f2dff017b1c452463e082,0
3431,1327690800-518a2c284d22ac7cff170dc4a855929b,1
3431,1326664740-a94b9e7ccf59739a26c1f49c225d4c79,1
3431,1327261920-f21fc3632b597442fac3d62d94c0c6e4,1
3431,1322233080-0afdefce9ecb743185be02a5bc81764d,0
3431,1327332420-7f054be751289461323fc9c8c242e477,1
3431,1325511000-dab7c7d7e502c1aa86ee1484f8d713d4,0
3431,1320338160-37c836a46376405072a6d20ac0432a81,1
3431,1326664740-8bd35dd2890ce3909309bf961619a6c6,1
3431,1326465720-7bd4700c3984d156324fb13fc197b6e3,1
3431,1321900500-bc9ea5cd3202e45c8f171da14632098e,1
3431,1321916400-978691b0302dfb743272a56ac81e68c4,1
3431,1326333060-929be1c83c2e11f3cffd765c47643abe,1
3431,1327678920-de73ef5ded734c0041e6d4e98eb13df5,0
3431,1324587900-da7d7e29237005f5105ec214dda83772,1
3431,1322605020-61cde387c5b531a83ec0391365bd4873,0
3431,1324503960-b864ee934b7a3572b2ff2d02508dcb37,1
3431,1323214200-c37e0cd877e8e724f252dedab7728688,1
3431,1328042820-fbfd2be0719bbf2d147416a17a801d59,1
3431,1325091120-8a56fb060bf9a565c77b67ed9018f90f,1
3431,1327466100-9917a178d991ce12e05994ac52f120fd,1
3431,1324500180-c051174609fe26717e58772f0d520b9f,1
3431,1320795180-90688cea1edd1910aa99390d1ddcd9ea,1
3431,1320948540-2c9a66e21d97c6d308ab5171bf7d1d9c,0
3431,1320673800-d5cc13257e228fe3173722bbed88f86d,1
3431,1325776860-832507bebb458c3452dedd8a75d334fd,1
3431,1321065420-f9a11047f0c4506529633f4c2ad92ea3,0
3431,1325820540-6e490821753119affdd6ab94a34352cb,0
3431,1325793600-5298b0b699fa3e573e96abec3d68b1e5,1
3431,1321665240-a497bd37666497726373986addfd97aa,1
3431,1328032740-7c7f246b4a6107ffbd8903d622ac40c7,1
3431,1327952580-3f414352ff8be3061caa698f083721fd,0
3431,1320430860-5bc726984920b536da6033d5a082f590,0
3431,1327027140-357410d0457d4713b0ddcdf38a4d9550,1
3431,1322834880-51f6cf73b7e80df2c1fa0816104fba69,1
3431,1321066980-a87782a087463b5bd6fd352f0ec4b91a,1
3431,1323623460-8e2a51d8d33c8bea1d4094f280986494,1
3431,1323435000-176835e080adfce4037dc62611ca244f,1
3431,1324744020-3a21a014642539f2a67ed5be2496c232,1
3431,1322625240-ba5e7232cb2ddf8e53440f8dc5277bac,1
3431,1323887460-bb5c96da549a15c9de6d9ac245348e00,1
3431,1327435500-73a76bade359665775d8967c5eb082a0,1
3431,1322851020-5505d3127f99d7c397691c634c84c71c,1
3431,1321985460-d1093bc2fc99454f44dc5581b5bf971c,1
3431,1322693280-7421a5a006909bff914e1a53439a950b,1
3431,1323030720-82b90908db3808b9ca0cc8064ace2b62,1
3431,1321399740-d13ebafd49a0c1c9c4459f4a43513e43,1
3431,1323403140-bb052d667c4280641f9450043242a8d7,0
3431,1325705280-f6b2d65a9edf101aef6c0589ff09178b,1
3431,1323132420-dfb9fd95d6c493ad12e0524af7ce2cde,1
3431,1320888120-5cc319b721c1f70c1f3208f0ffc7ed3b,0
3431,1327874460-6874cdccbe545ac0905030641556121b,1
3431,1325705280-8551cbafa368e9161fb3a684e3b5aaa9,1
3431,1321742700-d0266dce52db346bf0e51a631622547b,0
3431,1323219000-3621b23a04c28747e4cc7da161fb5cbe,0
3431,1321977240-95cc9b3ca2047658ae7d95ef7cff6682,1
3431,1321013040-3ac28d3c2981d12d2ef1892bc98f5ba0,0
3431,1327455900-1ef8ab0e92660e55037016a81da15f39,1
3431,1320946080-455d2a16f37884e01d7437a178cbee63,1
3431,1327415160-2e0470881bca283e1319ef5d0f2700fa,1
3431,1328048160-0dd4af1d6475584814397c4823c2c22a,1
3431,1323131400-545fa189e423b41facd8ab902f5d4c83,0
3431,1320768420-5cf193e1d1b5dd9f8da163226a151f69,1
3431,1326905400-5a4062130dfa4d058e4a1b0fa3b2afab,0
3431,1322151600-11a95b009554ef0b2bc70d4909551aa1,0
3431,1327670400-603a037896b8667ffe251a00d687a7ad,1
3431,1326292200-0a0d47fda5ae0cac347f8b1eba60f443,1
3431,1322254740-2084152113ab45e4ca38d3c8f261421d,0
3431,1327946820-b410d463318ace0fd56dabbd53aee6ac,0
3431,1326744720-35aa85ec9c1c66135ecd2373fe5c2f3c,0
3431,1323259200-b1448d714f5e42b320051a2f014a3a54,0
3431,1326363420-fa5ca3bc26c493e6a123f934cc9853e4,1
3431,1327023720-6e2ac9ca1c761005c7a3bce701f097cb,0
3431,1325873580-49845157d4e6088647e45f14da844c9e,0
3431,1324364520-43500d08a5696fb462af184ab0a6d7de,0
3431,1320967560-4553251694cdd457bdbd6ecd66d8ccbd,0
3431,1320536040-89c8fb38938874185680735151621726,1
3431,1324958460-47895addb4031504418cd508908297f8,0
3431,1320467880-1ca2cb00119e3475a443f2ea04af1557,0
3431,1327170660-1002dad32118484c07a23d65e74a2530,0
3431,1326136800-6030fbc5e0e943a3fb5abb99c089a5b1,0
3431,1321290360-fea56321c36bba34324e01eb9f0c834e,0
3431,1324407420-61bec05cb9873b8df0a3222485f46bc7,0
3431,1327775520-5ad7012bc70184dc8514c4fb6b0c6d6c,0
3431,1323274320-8bc3fb3c3c52937f557d80d64198d4a9,0
3431,1321314780-a68da0d0d7ab42eb2cd8e6339285c926,1
3431,1323186480-da1be00c0b997cb276fffaeb6ae46157,1
3431,1321610940-cb34784fe7ebae6c38a014c3a45b8790,0
3431,1320494040-f89c9741d073c65408afbc78f693565b,0
3431,1323885420-ac8e3daeb8e2ffd2bd8f32439bf56c48,0
3431,1325180880-babf73a13f3d4b2dda1a503c24e0992f,0
3431,1327386000-4aa43a65d4249c33d4ad1460e2f807ab,0
3431,1327673580-bed4f1ddd50ce624b75dd67185f7e698,0
3431,1325422800-bfbcbc4652a59ac434fb3b4aa1ffcb6a,0
3431,1326138720-a019d73d53acef364e0d688b28a834de,1
3431,1324500480-4aa0fe593f4a03106308eaa69d8d337d,0
3431,1328027520-4e8de54c86727106c63b7df8e9ecf89b,1
3431,1321044120-4f78d157e8b27a68d9a613ebb1a4d35a,1
3431,1322659740-6c4bda6f71edd92ce1a10eaea9eb6fab,0
3431,1321314060-c1a87f35888704b189ac57f904b2795d,0
3431,1324407960-6218aa6bb992e05c0cd2b3604b332ac6,0
3431,1326484620-dcd0576e8a00759f672fb43e01f279a6,0
3431,1327685580-cacc9781b5c5bd903afc07f83ff09a0c,1
3431,1326841440-4ca52c1b97aed11710ac53237fd188c7,0
3431,1322450280-612077d902989226c9eea4c030c70213,0
3431,1321476900-c903195ac342f235d6edb2365c87d364,0
3431,1322063220-52af27440a1e84d78451b1e48f62ad97,0
3431,1320107460-dc62fe37b9bdedfd5a998f274f850ed2,0
3431,1322729640-dae37bbeb76c71e130f2eb3736bfd57c,0
3431,1327090620-fccfe7594e358d0adc8bb6cbf0fc4470,0
3431,1327613520-500835e025f1fe566e779ecf7ee0bea0,1
3431,1326302400-64f349775d4a138c55f91123c0f84592,0
3431,1323381840-24cd4a99dc04aa41628f9e49683a7e47,0
3431,1325972700-4e68b4e8349dbd5f837316b20d35f124,0
3431,1320465660-52f0598a292f43edc255cbc20e3f005a,0
3431,1325192280-18ca5e14da61001588a65a28d4cdb791,0
3431,1320328980-996dcb1e1fa6a41be1b1e759046f848f,0
3431,1320960540-0f61dce930c7cc1bd312d86abaa0366a,1
3431,1325720580-6698e181e9f3fd19c72b0bfd90b49b31,1
3431,1323889680-9b00114ef6d2be56b558d619cf2a2246,0
3431,1321142760-25376dce97b8858d299fc653132654b0,0
3431,1324943880-067ca2a10ed9f51c55b083b8b8d6a85e,1
3431,1321889100-3537d555763e69df1a0ca092cc1670eb,1
3431,1323165720-ff767c04e3542fc2b644fecb659f1091,0
3431,1322514000-73a05dd42f75dd512328835572329f32,0
3431,1321706400-77e7227c36e4100333143afdc434ac68,0
3431,1326318000-949ac050db02a59c768042983e4ccd67,0
3431,1322497800-1668013fee2a8b812a2f17c96090659b,0
3431,1328012880-ce51d1f200c8113ced0140abf29319fb,0
3431,1322179200-54371097b9a8770186efe592b2f5877e,0
3431,1327098600-cfd6cb6cccd59985973be4443152b56a,1
3431,1326164520-918bc0a795903f47f0a5f0b9a1e7bee4,0
3431,1327171140-baacfafd8840dd7d0b08f70427f1a01d,0
3431,1325794620-c67a8100890fc0bbf50c35e25ade372a,0
3431,1322598780-26a2fa687f5ad13f454f0e4fe188a228,0
3431,1323192180-04c31c283ea27f09861a7aa62c96bcd1,1
3431,1326561480-328986f9bf3d3706e614b47a2fd66df7,0
3431,1326350940-696fe0cb29de87386749054c031984a8,0
3431,1326806760-bfbb2e8e275201be86544d6ddb632b39,0
3431,1326321540-7e6ba180061c2baa50a7561372c4cdf6,1
3431,1323702960-66e37184c766d32ac43f636534b72148,0
3431,1323718560-df1e9c3fcc5fbb774369625d773c002d,0
3431,1321875660-469da39a41092d5b92f43b5afd0dd1ac,1
3431,1320888060-76a2ce9a9a70a0e72c8eaea1c5063580,0
3431,1327869360-2f657682621faa76e95f1cb484d7eca2,0
3431,1328035860-61afc335659a66eeca0cc5461c2eaa0f,0
3431,1326060180-12593700305edd455dca35ae6b02bddb,0
3431,1322266680-f61b377bdacfacd8b53536b702b3835a,0
3431,1324415640-868b5726ab4f4c9516a28df61730fcd3,0
3431,1322099640-0b7d66906b2ea2ea6de7194fc0b4e664,0
3431,1322899920-0ebb0bb55888d8684c7fd3193ca019bf,0
3431,1324051620-ab1fbb012cf96b8ff7efc1197f8f3270,0
3431,1323897780-d678454e1a66096ffd51db89fa128958,0
3431,1326323880-d8d87b2d54d6aff6f5d631733ddbfc53,0
3431,1326484620-8a9e55bfdf6a84211682f505f78031a6,0
3431,1326570720-8dc334e4921f68060a6b28c8a29fbe17,0
3431,1321870980-413033db335319ab172eab375d3a327f,0
3431,1323288480-baf70a7dd0b7301b04757820062ecf02,0
3431,1327935480-88582aa803630b223ee0f56cd28f0bf4,0
3431,1322079060-03700e0fe54adc98b4e42748ac6092ac,0
3431,1323928260-c641749c1dd6c899d6e79231b6588b6d,0
3431,1323200700-c3e14c2f0b4b735d7842c70028ee6162,0
3431,1326303300-b301672caf1365c39a966a862f1b1bf7,0
3431,1327635540-d0efc5e9f7bf00c3d67ed1311e822495,0
3431,1323802020-6c7b80e0a8abda8c62d2a3369a80bf0a,0
3431,1323232980-891220949b1cb1690641adc040871178,0
3431,1326291600-bdff67ca4265d998011421a27ee7caa2,0
3431,1322073000-b783590dc40c303f720d1902f7a24a92,0
3431,1326565200-ca61b2ce4c4720ae66b79b1f7b083650,0
3431,1321574280-d24c73270c933dab5bed2f59ed3f92f6,0
3431,1322070600-11ad95c47fedf23598075bffead030f4,0
3431,1325706300-a3866101948dd839c7e39e29fc11e289,0
3431,1322144700-56bf8532d7b9c86ba1b0bf693fb4de48,0
3431,1322899920-47e0a995d8a6599cef61c617f1e9b56e,0
3431,1325368380-9f8c8aa868707a60197a7272473c1f3a,1
3431,1325368380-d54ddb08c49a21c9901d5d9454af0f78,1
3431,1327775520-63384f81a8523ba60fd67b9bc68702e7,0
3431,1326141360-c4cafd4475b04d0b6688168e6d9c03c4,0
3431,1322880360-b8a4ba0310d40e9d35dfce54c74a4a2d,1
3431,1324319460-dd086b112db70bac0211461ded73e9ed,0
3431,1324327560-5e2baeaeb85447eab97cfcc28874d444,1
3431,1324309320-f2ac5d6b5f00c64a5e1bc414ac3963de,1
3431,1326062400-fa9dcf08b22681983eb5aa4cee96f888,0
3431,1325048640-f89ba77ad640bc3514e0e6f4cacb5435,0
3431,1327069320-43d7e596bd218a1d031ce421c8228609,0
3431,1323187440-cc648b6e713c9d79493733443fcd21d2,0
3431,1320711540-f7dda249297e9a54aaeafafe835c453a,0
3431,1323217440-f2ca26ffdb2555f6d5c30be4ebdcebfa,0
3431,1321655940-9d0bb9a8a2f7edc6f0eef08e4c299031,0
3431,1326109920-58d44d6797dd69255056a37131936557,0
3431,1323699180-d49706e13748cf04b5ac44de90f6a01d,0
3431,1320765960-248b32ca3b303d13dbac0b7954317d1d,0
3431,1327598940-b10d0f4e134425872c2b8055318fa680,0
3431,1327995540-deb6e9ee6ffb3d19d8ab9d8f5c13e5ef,0
3431,1320515220-4a3af082bf5f213800a0ebb6eacf8f46,0
3431,1324584480-50bd2105272605e9df7f93208eecee25,0
3431,1323821460-752e4ad0eedaf80b7c4a4a9817e16318,0
3431,1325967780-a9684d340ba5ace8d612289f330ee919,0
3431,1321812000-7988e2f8d3bce41522ead794103df81c,0
3431,1324700880-c461753d9b85ed9af50d45821c223e4a,0
3431,1322602560-febc3421747a4198eee88c08cb80fd42,0
3431,1322525700-44b649e305e6c9c6437c23b1a386bf90,0
3431,1324474380-f9e90e93ee3f785d5477313425f954df,0
3431,1327344360-f5296162a1468a7b3487fc4d62fb82b9,0
3431,1323484260-a022601b7b6f89fb46aba45c429bd2cd,0
3431,1323539640-fddd428bb10e3f503fb12bd29257f0d8,0
3431,1320424620-54ff15545eb6c9b5b350d1d1cdea00f3,0
3431,1326906420-a47d3573f52adcb081f6f071fbf053ec,0
3431,1320879960-63b28b2cdce26cc50469aaaac64e2fe5,0
3431,1323011100-214cec24322d80fcffab49a2a7c5a6da,0
3431,1324500480-c821be2a50452ef678dd24a68c302b60,0
3431,1324407000-bdeab5d3070c532a6a7b67b5a1f7f34e,0
3431,1326167940-0bbb5888707c0588fb77105741df9ad6,0
3431,1323828660-8a6f52c712c9d8746b6bf58fcf39e2fe,0
3431,1325730840-520b66a3116ee971f7497af5548aa014,1
3431,1323108360-6601beb9e8de161fbdadf879706cf2be,0
3431,1326754920-76333cd8c11b7d45d480887adfe85323,0
3431,1323271500-4c5f5e993c37ec432b69d76502340232,0
3431,1323692520-269cd231fb524daf89908334979c4c0a,0
3431,1324390800-dbf6272aa5fae8029992db6f42d846ab,0
3431,1320951420-4966a58e3cc77b43afe93dd3c54204e7,0
3431,1322183280-ab5489a6f743b6fba8792e59d6777c64,0
3431,1326140520-8f762cbf28f1ea304f0be97f602af9d6,0
3431,1321587780-f170dccfa3292ee6c7f87d446d5e85f1,0
3431,1322657940-ba95b63d1cd5ffb3669dbac98f5df37d,0
3431,1322824740-9c9aae0f1e165ecfafa0164a9289031f,0
3431,1323711000-fde856374c1fe78e0435fa17f1957b16,0
3431,1321748820-565ea1520f6a11fe8ad83fd9064f9794,0
3431,1324073940-0c965a57b1bf17eda3729735b62079f3,0
3431,1327504740-7dd37faaa3b5ec9ba2e82e4f32f4652f,0
3431,1321632180-564f9ac4f393143e6c4b66e774f4809a,0
3431,1326913800-9f624a0d8fe2512fdf76dcbde629c2e3,0
3431,1323694320-9a0338e61ac62c33cb272aa7b2aa8d54,1
3431,1324400580-2a30913a47c22aa4fa0c461e17ebdee1,0
3431,1326302400-b9d1d29aca03c8d96a69bcb83791fb7b,0
3431,1321741800-3893a3e951f6fbec102e7cce463f4708,0
3431,1321653540-081b89c1a3ff3f969ac6bdd753cc6dc1,0
3431,1323171960-d1c3b1933cc361ef998f581d8e2c045c,0
3431,1326758280-cdb89df97f0c2e5760a25cb886c10fd8,0
3431,1325623140-6b34ff5410c0b0a7d986321fcacd9bb0,1
3431,1325974740-37326addac8ec4f1f20a6a34680ffd55,0
3431,1321293540-5aecff10c135bf0a761648391264d756,0
3431,1322610180-a9ab464b692cbbab996a7edf1f29c594,0
3431,1323416880-b133403970c6ae045a13cccb4b26d3e1,1
3431,1322183460-431078eb0c2907197a433a8b44d48c59,0
3431,1320932100-1cfcbd54352965dde2ac64ddeba1935f,0
3431,1323200940-4cdb865590892eafde5181b86e803095,0
3431,1322869740-918dd93dd09707fb57c5faa93b893c87,0
3431,1327676700-ca4b58a738e9df927c12da0dcc49c774,0
3431,1324573800-850fc7f449580ad5f86d6d0ada67998f,0
3431,1321399140-729b20eeb10c0d1dcae7cd9768d73f7e,0
3431,1323879720-8efef1a6750d3a0144471a16c06f36d1,0
3431,1324509300-c2a1d23494eeaef1b68b8a35a192f15d,0
3431,1322154540-617c9d735b7f5c3b3e79b8a34f898b41,0
3431,1322408040-d3e44b6e9c3192ae0d432c4e0f531f46,0
3431,1322533140-cd8166b7c4f8e167e52e52e9129bc4f5,0
3431,1326570720-d41b7e126644b1ccd9aa6496cfc9fb82,0
3431,1322491140-477c6eb6c460d1569db872e4138d82e0,0
3431,1324053780-1aa410afddf5df7bc3a68bbbd3ca6751,0
3431,1323217440-f5d6476c54ff4687308bf6d648a0b276,0
3431,1326969240-ac7a5d85ef118cf9aecb20b1e9ecdbf8,0
3431,1323191040-492e417258efd615d805d6005327947c,0
3431,1325820540-1aa81db3a3801b4dbe47c58dc947adcd,0
3431,1320941820-661f176815c5972d6d0693c8a5bc53b1,0
3431,1325794200-81fbd172650fcad1cc58f4035f2b243f,0
3431,1323984360-2149ad100181e1ccc20ca054f3a2ec51,0
3431,1326386880-752e0eb55222ac577f01f4691b7575ac,0
3431,1323814740-bb512a449dcd6fe45e3e6d34948e595e,0
3431,1324451460-612b0a425f88726f19cae505022e748c,0
3431,1323958080-3075fb40b77c472df56b0596fedda661,0
3431,1326315360-35c9e7021f80b6f93bb61329bf149f53,0
3431,1327621500-619802518d9dce0f7d67f4232b274651,0
3431,1327926840-d4b96daa74342a0e56f4ddc84a4c57d4,0
3431,1322875860-5f0f16deb30a9525a7eff6439e8166ae,0
3431,1320118860-959b9b2e6fce8c9022c34b2cd2e8cad6,0
3431,1326983940-d38b6934350730c3d5606cd547be6bcb,0
3431,1326307860-f88732b05753803cc373665477c7be2f,0
3431,1321323780-0bcd6a7e1cd6515f4b42ceba7441a014,0
3431,1325594880-dd7b80679be5d8bbba35f26efafc82d6,0
3431,1320972840-bcfa4acf081e282133769a2cc45ef381,0
3431,1326468960-c2c0d207bcd7bb8d4ca26295eb0c4dcb,0
3431,1320439500-9048dc7f3fe9bc93264efc5368cb6e2d,0
3431,1325880420-7138d45b4b7cb2bc62ce2c1970ee0e5e,0
3431,1327521540-7e83fca490da846104702ce3f5a12a4d,0
3431,1324423800-2146542c01a5026d999f3c7ffa48712b,0
3431,1321287420-42050d4d3c85be9359b892e0420eb3a1,0
3431,1322283600-14b5b3f30ff3f93d55d9cf8b78a13f09,0
3431,1322869680-70982ef1d5ccff556256f11ff3581cef,0
3431,1325860800-27ea93b06c6efbe93cfaa2054bb7a4fc,0
3431,1322229840-f2c790bb715cd9c6b3c7fdd72776b0d7,0
3431,1324072140-6236a9b7549db7eeeded571152a4e2c5,0
3431,1322920020-9c4376d8edaaf37fe0f4723e7bed92dc,0
3431,1327445160-0f57f300638e47657e586faa039753ee,0
3431,1324054800-3e45f6e5d94d031cb02fe95fae423c63,0
3431,1322423040-663fec165ab420ad144604c9798551c2,0
3431,1326338280-51cbbe6495128ce18a4510719a629b59,0
3431,1324364520-2b92b81091cf60818b59b254bc4bf10e,0
3431,1324673640-a4687b33a888afb04926474018aa408a,0
3431,1322263800-a5008ea2896d1260984d273b87a90452,0
3431,1321472880-0ff13ca65efd550efddebdc1fffdab1b,0
3431,1324157400-1a0f19a41ccc5134ceb8aa014a72c14d,0
3431,1321659000-23e2a7725e02ce64509fbf4e08d26398,0
3431,1320767820-790cc97360a27f83a55cf61a79e0f8dd,0
3431,1327702740-2a409a046b4f3f6948e7d7314a97fed3,0
3431,1323773460-084253fcae66c73be2be53a53408e6cc,0
3431,1325802360-dfe338f134e7ac5e2c1f4394796d7d48,0
3431,1320895740-b5fc57294a9c1292a53a672c14bbbf6d,0
3431,1321751040-c5db444180ab66e3c6e45492410271d7,0
3431,1321665420-fd820401913127a6eb4655ce10f25682,0
3431,1325268000-9683406eedd8a9bfbfafc0bb9fffdca5,0
3431,1321245240-650758386086e109d999436398ae1fc4,0
3431,1325113320-55ca3a89017c40329a66339c4627b831,0
3431,1321577460-3a734f7ddfa070b5970d17d3239e7f32,0
3431,1323444780-293b84c6731f81d938bba0561d54c9d9,0
3431,1326218280-0b8138864749f858962b5e9933f11007,0
3431,1322599320-6ba741744b0cfcc365ca7a59e9fc94c8,0
3431,1326310020-22321e56863b1dc1cb24958b676ab985,0
3431,1326132240-418b8e151cb717936525059cbac228a7,0
3431,1326108600-b598abd905923a9059eb127acd31cfd6,0
3431,1323173640-a1b5edf666afaa79d9a352b65d77ed03,0
3431,1320433260-29c2340b05408562a062e4a1f60a4df9,0
3431,1323790320-b759d70ff553c6ca75cb820fc1ca974a,0
3431,1322547300-5c8e9360fcfed50ad62771b8d8a6b441,0
3431,1327285620-b119123d4b926800db7e88cb8fabfc1a,0
3431,1327925820-8cdf866c11812af20bde451537293382,0
3431,1322523660-5b2be43e8ab48d7c23ee6890bc8f360d,0
3431,1323904860-1812989d43ca5390fd8c5dedf6799d19,0
3431,1322794740-b23bcbef9a5005b657bde46a3a24bd2c,0
3431,1323351180-82faed787decfe3fdae71d0188133291,0
3431,1325871420-5b8493335bc366e0b955e2857a300f0d,0
3431,1327585020-2d00a269a424ce7caa8c70546112983b,0
3431,1323031080-7b7aa7575f9d5805b9db4882f17c5db2,0
3431,1322582880-1e9f65ce331c0766164e64c3a0d8d477,0
3431,1321378680-559d729a5360383b9b6926ecd0690321,0
3431,1321117680-de41360c040d81a9709e8613475b5a35,0
3431,1320683700-5744070dd10b3bc94db4dafe813e35c7,0
3431,1321574280-d2ff3a8096c83d49c82dcc0a8dda8274,0
3431,1320515640-73c8c814971d77ed722167628a1e83dd,0
3431,1323429420-4344f1570550e543ae8a13f9a667083b,0
3431,1323799500-dc2e7f2e26f5f51eaf6c7b423972a480,0
3431,1322165460-399ba87c3e511db6fb6eecfe065c4cd8,0
3431,1323224760-596f467060493f1f18b3c6f6e68ba983,0
3431,1326397740-a7bc90218808b5dfc9cce6c83e42c2bb,0
3431,1323872580-46132e4e5f520fe3cb037cb885c1f8a0,0
3431,1322155080-99ff66446b65fe8c0ffc2c9317dc14be,0
3431,1327435560-c29864aed885fc5671025adb196599c4,0
3431,1323484260-4ec149a3789878ebb357dc374bf8d231,0
3431,1326300960-51fef428df85cdb11c46bcc66863bc3f,0
3431,1327952940-53312b91e055d013828a1ce531479c7a,0
3431,1321302720-4afb8eaa349078caa82ff567a4e9e418,0
3431,1327348800-12305ac9803eedd51c1644db9cf574a2,0
3431,1323845220-2d394c93133a758a87ea71198d47eb49,0
3431,1326412260-d8cedde5aea899e27ebea167f0c220a2,0
3431,1324482060-7d4bd9a810751c290e891c5bea39382c,0
3431,1326748740-9e01d7b388cb7ea421828b273520effc,1
3431,1323354180-a7984c288ef51c9a975670f83bcaf0b8,0
3431,1326122220-bdb167133b1c06fd4f29f083751237fe,0
3431,1321594860-6216bcd3490f8675a6317dac3d0df70a,0
3431,1323910980-76bdc90295afa78f6b746ee934cb1a71,0
3431,1326903060-36d4f6672bbf515ab2ea1a32092fcc5b,0
3431,1323264840-50a0fc5e4b887deeffa441939dab8639,0
3431,1321451880-31e8a23ab03deb2fd096ea742d6537e5,0
3431,1322259660-1f13690d746073629367a8a56c13811a,0
3431,1323364200-26b6a29638bb90ac59f786ad7a64d5a3,0
3431,1321674300-13a449fa4703e327b4dc58ddb320d4a7,0
3431,1322686140-f7c7387de3922486c4edf60277f56e43,0
3431,1327633020-065aa8e9e0a8a4916c48c82012cc6cdd,0
3431,1325452860-02a7add012cf3fac8ba25951f6915286,0
3431,1323205200-21599186264c79a583facb153ec0b55d,0
3431,1325479020-46617b104e70e6ce0a5d69f123ea61ac,0
3431,1324326780-4b8933b329dd7a87b4e3c77bb85895d0,0
3431,1324146840-9b58b81717acb4f0aedfd512065b8482,0
3431,1325817480-10a7bb07641a2d30748b8cc354a9a615,0
3431,1325723700-bc01a0191764a640861eb37b7324dafb,0
3431,1324053300-86f334b0be6a2fa481aba9c933e0fec4,0
3431,1321390620-5e9f0ced22b6f7a946fb16ee2ec76eff,0
3431,1321735560-518761e70400b3226be9ae477b027b10,0
3431,1322372280-8dae06bb1fb421629c9f2bfc3dd827d2,0
3431,1321258980-35720b1a20adefe805706e6883ca55a7,0
3431,1327593600-1833d0de8cf92792422c597b8db596e6,0
3431,1326748500-ff5e3272beb86f20c5075808910ba930,0
3431,1323925800-2ec0470e33cb79101608c82e4f88b16d,0
3431,1322184600-2fbd9b1ea2fc873356b0bffbff962d6b,0
3431,1326239400-9df4cca0a4936c3a44facbebfe05c129,0
3431,1324405200-1ce86dacc4f5e8e53e4d1cf225b1cc2d,0
3431,1323482820-bbe53b3dbb7bf84ce2a4024d76846d35,0
3431,1327458360-b5957df024701105be2fac85a6e7daa3,0
3431,1324344060-3e645e372422c950870cdaf0067f66ac,0
3431,1326976980-f9da6a7722882c59756b495cee86d946,0
3431,1327954860-7204fca53bc8b4f8ca51c81400fd76e1,0
3431,1326032820-9d7f390d4c1f787309a24930b798c49b,0
3431,1321378080-305bed451ae8431f4e92bdc281d3c739,0
3431,1323042960-85a13f96f99827ecdbf468671bf2325e,0
3431,1321507380-610f61eb4d85bc4ae9a7e47059f11f7c,0
3431,1322861640-fd80a0b7aba06bb41ebc1098e9651e99,0
3431,1320887880-f8f8b783bdc13097f5b45c56bdd29003,0
3431,1326663720-ff6c712ae7e1bcf6b6bb66541fbe4cfe,0
3431,1320978720-406c217f9da59bb65796bd1bf977cf19,0
3431,1320942360-dd8b7a1e33b75ccad41b2743268e1d68,0
3431,1320934260-414b26b0e993bdc46b44e7e648d3ec0e,0
3431,1322104500-153c5434db6bdaf6e04637149d8d8df7,0
3431,1324010700-b623b8a9853d2dba87e7b91980292475,0
3431,1326142860-0e07d099803e007b3be952cd63a3dcf9,0
3431,1323896040-0d1fce9c9339695c9820c387c33f9513,0
3431,1326969240-2716c6986d67bc11f67a14b5148964f1,0
3431,1325902020-1ee2c909afe69284c346e4027c5aa6cb,0
3431,1325594880-9a7a62e482bbdf85b7bb6bd36de93b39,0
3431,1325877540-371c49ffb3775669973f72d58e3b4f0c,0
3431,1327001580-87308283dbe2af75b22bec5ced835993,0
3431,1321739820-f76ac42d75e160c93968990bc9f5e168,0
3431,1326618060-1e9413a9f168aebf0173d1623797bc9f,0
3431,1321115700-58fbdca9d7dfe6ba3a5fee2e7eab3246,0
3431,1322243940-1d7d495be2a07b5790e45de7ee690f05,0
3431,1322219880-021b0f4adb45e5090f0fdb793bacbb87,0
3431,1320795180-d9e04c5f08c060f526ba446e9a2fbab9,0
3431,1326454380-b59023c43cc7dedadeb9344565fc77cd,0
3431,1320860400-c14e6c9b469d31600b95bb65d0cf381e,0
3431,1320973200-0c3cab1ad26ea55852b5bce5b5ac4035,0
3431,1324426800-829c605b65435da47a5377308cdcf429,0
3431,1327977660-4c7057c342b4400062cec5c19389dd41,0
3431,1322182680-11f094644505e9f46e2b6283fd149943,0
3431,1325880420-47eb66e527c93ac0c7a1a743762b969f,0
3431,1321297200-c628614d3b4d4621ae292848f65da418,0
3431,1323394800-7714f451117250cd5fe8def923b66e0d,0
3431,1324436940-2e94c9a249833f3abbe730ea7949d1b0,0
3431,1322237820-b96b5b2ce01da47d5c8639c3a6a0f1a1,0
3431,1326906660-f5d8efe6c2c39ac9bccf91d894cc4c5c,0
3431,1320428160-79feb5195a31d6b82d815d308ff10d44,0
3431,1323266340-fd3cf2035a0c7e3c300a863ccddbcdec,0
3431,1321528500-02e78771ebdbfc2baa83d1b5f679c56f,0
3431,1322070960-7dfda0dcc96d706a9235f1032acbd798,0
3431,1327499460-4f86f50be2a690ca14183574f1efacd3,0
3431,1327701240-0d890de93166c192813df2e9d795cebf,0
3431,1327474080-81b8ae3d204d02e269197999c1405ec7,0
3431,1321143900-be6ecdeb29f1210ec40fdfaa30121cc4,0
3431,1322259420-c4ea1fbca9ef20ef43f0491057a47a0f,0
3431,1323349200-a8eadd11a1011b83c3a66300f7232aa9,0
3431,1324431000-f5e1d51691043bb85269645f38439635,0
3431,1324314900-bbdd44afdb33633d847806a9922628f5,0
3431,1327346400-fd8a9d33b5811a10e3a74a7033720354,0
3431,1322107260-178ed73c974ad08f3e97daea142126cb,0
3431,1323476520-53e8f2c8a1c9684119a60949c2678d49,0
3431,1326908640-cc0c0a4742e8c6c0aee4fc5d8fea0717,0
3431,1321499280-2f8c064fcee1145fc09553a28f585b38,0
3431,1322143800-17f8c4d801b6ceca9ab8fc965cc03943,0
3431,1322236740-984d4c023503b53aa4fa45dcf6494f73,0
3431,1323447540-c4c00ca973ef092301815071e4cbe952,0
3431,1323130620-90d2d2ce572ba565dbba4327ecd096d2,0
3431,1326288660-90b71b1226f31508846753aab80c813a,0
3431,1321558860-521ab6856b91d1247e36afbcf761519b,0
3431,1323198960-33a2af0b1b53ac3d041ee71b1cc71fe3,0
3431,1321379640-a22461e6dc0f3cda2c4993d050d7ee34,0
3431,1323136740-58ee69369a151a73ca01254e6d2d3102,0
3431,1325182260-1692e5776deab281d5076c8f8edc3109,0
3431,1325108580-1b45a9f015244beb19f319278c037cf4,0
3431,1326818880-66751781534917888b1189f52ae05955,0
3431,1322605020-c78a124714256b4851f65a535ec6187a,0
3431,1322137860-607a9503a37b207a75649196a6ec3453,0
3431,1327680480-8d5ca64184d3182017d428a451ffe8cc,0
3431,1325950260-3f0b19ca3dc905466a6551768084a785,1
3431,1325608980-23a8d405ce11d700d923a3bef14a58e7,0
3431,1321909860-1d43f47b47e9de57d2a27d54a4da4f6e,0
3431,1322521260-067b804d30224f1aece8e6290aef8915,0
3431,1327445160-113c7dfbab85d525e8e56fff060011d9,0
3431,1323207840-b6dddbd872d3087e530774e210738f78,0
3431,1327701240-5d79f4fa291f55911dc7a88095e0da3e,0
3431,1327581960-0589ea3ad120e6c26b23adee51e73dbe,0
3431,1323975540-dfa8a5f0857fd516ea4b2d3e3e7f50be,0
3431,1324067100-576d3a78faa8df542732b9dd155bbc60,0
3431,1320346140-cf38bdb7f4d87690559f5c6496c95d66,0
3431,1323309540-4dac968e975ce6adb99242dbd8325d88,0
3431,1324074600-859c4a2fe7db0821354038df4dc5188e,0
3431,1323790320-41d321841ea3a8808396a2ccb2009ef3,0
3431,1326229860-33b48a74abd2d82c1421cab9e02b9edf,0
3431,1322854380-db916b4895f9b569dd38551078b73346,0
3431,1325197200-27dfc6b8ff943e368932763c9cb716dc,0
3431,1326158400-6c0e0e2eaa9b84d912d4bce74569632a,0
3431,1324220400-d363dbf1fd1ac2c5cec3e827dbfe3d53,0
3431,1323095100-7de4f39aa4585650394089f2c5a26875,0
3431,1320987300-8d7f9367b9ebf83b4893cd002d3b6461,0
3431,1320955920-aa0fb3ddead5d4c0149933800aebb901,0
3431,1320350580-854fcabb02a111abd25d2264f7fe0445,0
3431,1327521540-f3b624f996d53a284bb344bbadbb0bac,0
3431,1325955720-f16826cf95f527402005012ffaf026fe,0
3431,1328040420-9720f9ad88a7e92b39786d596a74b57a,0
3431,1326143220-266b8840493985114e5b4c26ffc27056,0
3431,1323981780-9913bf773c34370bc66469c33de33013,0
3431,1326719400-0d6717b518339077553d3f6051f9d058,0
3431,1323427440-303a2437f5477312a4e576fac07f70a4,0
3431,1322832900-02aaf63efe4e2e53bd886654b346f2ed,0
3431,1323467460-04886a5f901fd2f9d614c600098f200c,0
3431,1321371000-febc987680cd7459ccbeaf96cb8e1d24,0
3431,1324394100-af55e34804a6924f96aeb22e2d582956,0
3431,1323787080-5d8404c1e4d15e016056fae46a956162,0
3431,1322604600-3542617334e63d746c5eb9cbdbde640c,0
3431,1326646080-7b3ac080234ca606be26cab88eed8567,0
3431,1321279080-5923c14f00642c4ec086465b906b2a19,0
3431,1322731020-00f62489c487876a05fac01f2edd33df,0
3431,1323184200-9c8941e8b5215cdcd61940f9db0cefb4,0
3431,1325795460-97168557a4f8b8ae342551206dc0811d,0
3431,1322813640-7a78689cda24348873f0ec8d2692f67f,0
3431,1323385200-d770d817ca01332489d8c1003fed3457,0
3431,1322227140-ac3f247217acd33008dc004f8ff5cdb6,0
3431,1326739800-137de3e042773cc84ea25191941fc854,0
3431,1324401000-c62332c77529c48cfb22052cb1edb2aa,0
3431,1326322080-ca409b351e52181f574337ce1da22f2e,0
3431,1320536160-aa83dffb07b20277e82b819cae893bb1,0
3431,1326949680-f100af7f0c7a28ad7cb9c6a2b3b3f6a2,0
3431,1323809940-9424a0087a7349cfe6ea48113fb9cb27,0
3431,1323896460-9c3c48bdceb6432d7138044b1ee718cb,0
3431,1322297340-1a9ac1a3aa06048bb526b674974ef968,0
3431,1320550380-24a893f314ba2709cf445ab8b2b799ed,0
3431,1326936600-7cf164fa551824895520d0532bd5b68b,0
3431,1324186200-67d20c75825975f04f39278803cc1759,0
3431,1327077840-c4da4aa8db4858d8536461dbf0359ce6,0
3431,1323232740-0ac61e10e02c841216bcbba9f8467a5d,0
3431,1321745280-ff348236c217543bdc1d16d24a743610,0
3431,1326023640-7e1ec8a24770c7f76d4e31f0fa9867f2,0
3431,1320687060-341560b87838810f3161a340db38a45a,0
3431,1322662020-2f09ca3080a3cd4ccd5d711608cd8688,0
3431,1323719100-983593b70a9af0891402f1d7f2422072,0
3431,1327915260-84ab5e963309f7f1b1677a4d45c2f3c6,0
3431,1327104060-6189a80a4c91a48130ef4be2fa556287,0
3431,1323482820-52bdb3d2002b2c433c98412f9eb59740,0
3431,1324388940-ba365014dd9bef61a4b1e3a886d76124,0
3431,1323353880-7bce77b9ccba9cb12a52e4e5d6c5a8c9,0
3431,1320805800-d7624f0d26e6ba96b1295ff5fd378e7a,0
3431,1326841200-ad0168fab1707f81da630567a047eef0,0
3431,1323459720-1f46a944be74c007376f501d2c97cf36,0
3431,1321380960-cdc19b228cb8b95a1e1493d94475ccde,0
3431,1326937200-4fd5e398da36eb55315afc073a7d8036,0
3431,1320169500-a8ced1fdc6431907746bdcac15485590,0
3431,1321319940-d083b55a278705bc9f154aea3f27c39a,0
3431,1325795580-d8dc8c71fe9af6444d1ea3cd9bc08981,0
3431,1325829180-127ad368836ee57e89dfda31fabc030c,0
3431,1321555980-9f0ea65d5fd823b39365952f9bc1d732,0
3431,1327493220-5b03199b1ef53ae04d6c230fdb8bdbe6,0
3431,1320322140-9922b6a40a8155810a5e53fb5ed03eb4,0
3431,1322499240-0c6f006f74776a8094a850989dc349a8,0
3431,1326468960-0e6bdc8d38d212c529a3f13effebbbb2,0
3431,1322267880-9c7b6225b799d6c0bb7cfbeb76c60736,0
3431,1320951840-442e095d180dfbdd8ba25e756cfe19ab,0
3431,1327597740-683b5b3e31d3017b3c06c7d61066540d,0
3431,1323130860-a8c371b32b4c4d2a1699dbb4b06ff5d1,0
3431,1327634640-80f32fb9eded52ff472e191c5039012d,0
3431,1323297960-bb3513f58a989c81ce495cab629f4bfa,0
3431,1327247340-75d76106fc113b8ff0d373b097826429,0
3431,1323141300-651887fbbc2127edf64aac4e206157b7,0
3431,1325695560-f24e73506d346bf7695b60abb96cf4a4,0
3431,1321679880-4e14cf57e69285d88f4e1709e0cd8e37,0
3431,1324311840-45f4fe5c9571f11620721bc6c434f554,0
3431,1322196960-b8f408a3e1837ee528d1a21c5705a7f3,0
3431,1322249520-7d1439737cd61b29d8a431f4b23bd5e1,0
3431,1320456120-3268c1de8396093d0d9c2aa68a0cd674,0
3431,1322252880-0d40ec9a309e2fa58d84f6ded8da8756,0
3431,1324410300-b5239beb4a2294b152a8fe283a0826f9,0
3431,1324064100-7f4ddc7025bed8b94b8a570c56d35bef,0
3431,1323713940-2e1c4120065fbb520cd06a37337f9ccb,0
3431,1327348020-2fa86f51c9d8cc6bdfd130fbcbb1b41d,0
3431,1321289880-187fe49a5e9f36da7e00b82629fbcb96,0
3431,1324246500-2b8355ad388789bcec75fbf9dc6a54b8,0
3431,1327677780-0dc7cefd1de135bad23002a7a8eabd3f,0
3431,1323207840-c784f85bea347d419557a85aefd11a73,0
3431,1325856300-32e6249f1a88a4a41f77bec324cc0e93,0
3431,1326746940-00ad7af549e2769e0106de5be338dbb0,0
3431,1322678280-51d135e6a4e4c671875233fd590ad1e5,0
3431,1321620180-6844e9b71d62c39171ab7c93373ae512,0
3431,1326418020-b72216f4c7f2a991c04b24ff4f7c4f8f,0
3431,1323149640-1d387d50b0894dfb7758f623f712b96d,0
3431,1326574500-8d60cd440234a90a52c15b88579790ae,0
3431,1324464540-7ed1eea4f49f016bc8aa8704de783679,0
3431,1327029780-d03ee3df2015ab4e30622d65079aa56f,0
3431,1327960080-433c52d850b63fea0207ee1f81936919,0
3431,1323479580-928aa188bed431ef420835253614286d,0
3431,1323012660-4f5f5b25f5757ead020645f557d6175e,0
3431,1326726480-031fa806504006f7b3f2be67384e5f53,0
3431,1324146840-f3d795be6712ccbb81f6902ed734ed4e,0
3431,1323777600-79af044e97b6495a9d5ddd83992591b0,0
3431,1325286720-5b004f1f0464c05470ae2b3536f177ba,0
3431,1323489420-aa59b41f58751e162a7226115dd70681,0
3431,1323102780-b4adb1a201a57dc664dfcb9b117ae37d,0
3431,1320550140-b4e070d0025776ce89b93788210da2f1,0
3431,1323994260-bd1ec1aee66146c394a3394c34b75563,0
3431,1320142320-7e803cde02dedd1b895d554426827a7d,0
3431,1327104660-da0684634daee9e8c36bcd5064983a1f,0
3431,1327093140-d14fb8df78db45f0b753f807a7de38cd,0
3431,1324079280-931a69823da9076a0275aeb9af6cba43,0
3431,1320634620-3e1eeadfeffe65ed9aa5271de471bd88,0
3431,1323477060-310ac75b938700b1716f4e0d4941e6f1,0
3431,1320681840-c4665e03d5a9b26c4bec41aad50f5594,0
3431,1323354480-cc616d285d0842de9b035f9d32ce73f5,0
3431,1326806700-c2a2a18fb2cd1951d53cb1dc4591ceb5,0
3431,1326400260-232882f0dd0f8146820b191e12c583de,0
3431,1323997140-fcca0deedfbec70d23e562cf65421846,0
3431,1322165520-42be0d4194a6224574972ae8d3ae4651,0
3431,1323294300-fe236ee41d9ad3c70a7222c2fd608e67,0
3431,1325612760-df46935832c24c2fbc9899aef87be6bb,0
3431,1327782540-c06a87b5101a839407906f695983a9cc,0
3431,1327119720-6decc80e1c7a3e8ce27f4040bde7ee3f,0
3431,1322508540-3feded8019029945b4a4e6239ac2e971,0
3431,1326482580-c79dae8ec13acfd62c70590a1298d4a1,0
3431,1323705600-72bd17ae0b51027a7e21682c70030168,0
3431,1326647460-99913f486d04fe702fab629efb7cbfca,0
3431,1327773480-b06024e104595e0b76000facfc94fbd8,0
3431,1326143220-6ac12190f6421fa7637358d64eb35978,0
3431,1322582880-141ed5562bc888b8c4c8facde2badb2f,0
3431,1320104220-de4c2264bfb17e4dcbf0d531f47e3beb,0
3431,1323022440-47cf31462524907798095dbf4a96f8ca,0
3431,1326294840-47eb1109d756da4c34b15bad208b204b,0
3431,1322672940-cc893e121c2f8e8bb72fe85954ec3a13,0
3431,1324409400-afe7a17938657e936a16a58d025ee7cb,0
3431,1327103160-9d80032e84f13ab6838d3eac79f0b3b9,0
3431,1326412320-c44044fbc0a68521deb28f6e57500e49,0
3431,1320970980-96ed8903d01714feee7bc66e96c2f8d2,0
3431,1323384240-6c28b6129006951484548705626665ff,0
3431,1320961740-7c0bda26165725b89c9d7e376a0a1f5b,0
3431,1322440200-c67a755063583482bfe18119c3acff41,0
3431,1326830340-cfbc60114f3d7ecf218e28a1ea9a1b17,0
3431,1322179320-5b01a12f2be49567618d8655927ed76a,0
3431,1323201180-cee503821f48cc2e7129cd4ccec8bed0,0
3431,1327687980-443bbdbc1f901ec628d80cb9a946cee0,0
3431,1326082560-a83dc7c10f2d316a178519db34a6bbf4,0
3431,1327718400-b03cdb55541b8de8509a7a4a32852f8f,0
3431,1322296680-347ff8425af163fecb609fea1b8e8432,0
3431,1322514660-11f39178184a06a2ff99aba0eea57e22,0
3431,1326757680-521f3160c8be270613d1f8953c887ec5,0
3431,1327333380-b736e2cb04756303a178b717db5ab798,0
3431,1323395640-b1db299b4cf873c3913dc44a239cb7d5,0
3431,1323882900-6a4f3891b9624d73dbbe931405ec3db4,0
3431,1322143260-4b1c43aaecc61ffe37b514b36f166386,0
3431,1323143940-6e1bec6992b8bb737d5745325d7d7e31,0
3431,1327961040-4b95e3c0474e9206116366e7d000453b,0
3431,1326849960-766ae3633210dd72d317c6ad161d6082,0
3431,1327608480-d9779306dfde617a094ce381eb85b3ff,0
3431,1324152120-31978285caabfbe74dae76869b53a222,0
3431,1320958800-2dc75b42716f14f58d236d2825818e65,0
3431,1327604040-af72efbedea840a963b2e212d94d3bce,0
3431,1326474360-53ff1fd66bc72bcb7e029d5eee426083,0
3431,1321014300-7574aec122006b8f8209c00f6a6f1718,0
3431,1323426780-6b00804a96a1f3d1a7f9cfaad7cabc03,0
3431,1325727060-1150d890e705ff3abce03ac41f008616,0
3431,1325797200-628a78188e547da71ad4a4a66e7a27cc,0
3431,1321319280-11778657481c2fd32432c0329005f3d1,0
3431,1326977280-193c364c4d0bfce4a409d926506a51b8,0
3431,1325602020-1d72cc76278f17490348154e92b1e861,0
3431,1326840000-8870b6cef427fed893894ca8e7d33b68,0
3431,1321125900-327127aa038d7ea9ccd2862d3d7520c9,0
3431,1321063140-d6f5d7df8a294ce658f949b6f69f26a3,0
3431,1322328000-d9a9d3e457ba8f8eceefb6e5ef8405d3,0
3431,1326032820-133910a970dfebf63bc0b23ef5d74f32,0
3431,1324063800-5d9b637bc56effe2b9702d9a7565ad96,0
3431,1323160140-5919089be2fa6977aec541ced356c776,0
3431,1323717480-f14cffcee3cdf5f3180496375e0d8d75,0
3431,1326339240-fa2c5d2f24ed758a2b257ce6656538fa,0
3431,1320851520-87a0573d7fb47a12be4b8747dd8cd391,0
3431,1325694780-80151ea0ecd3f5be6babe1ca427e431f,0
3431,1322256600-a7d6348e240a70f6625155883b2b5f08,0
3431,1323298860-cbf37e93c35aa142a9cf64ec1748c052,0
3431,1323425400-a6360272a01dc2ac2b56d7fcf5728663,0
3431,1322534760-5bd231526c11be4b6853c69ff17c58a2,0
3431,1320943680-d864d05c93d39ab01becbfbc4bb2e299,0
3431,1321221900-3042dbb949beb286ed896ac9809fea18,0
3431,1324156800-5faa5915a5087de7ffa6b0f9b5665e26,0
3431,1323257400-0ab4c32c0a4ce60ae8374769bf9506d3,0
3431,1325517840-5b0168cd5aa6e6368698ad5104a1e5f8,0
3431,1326169020-3fb7fafbdfe11e8f4095ad7c8d3e7ffd,0
3431,1325268420-b9db9bf5e8ab53e2bf0177417118d893,0
3431,1322608620-3bfc48234e59d13cceaaba1dd3c784c5,0
3431,1327610940-68e74c909b0c8d8159f01b8c2b9ffc97,0
3431,1320943680-a6013f03660178f97678904cd89eaab8,0
3431,1326923400-9f2a7bf255cfcda3884b1273bee8dcc1,0
3431,1326856620-1e287d8cc655dcfdfe1cf387932e55f6,0
3431,1324337640-57fa8ca3a52efc51513398a674a09f45,0
3431,1320522120-02dcc488bc1a311f5f2aa8db1cf013d0,0
3431,1322693160-49d74d4eaef883282562c2a09af5205b,0
3431,1320431760-1cc69cddeb0379d6695e2afd2ea8ea92,0
3431,1320103740-4b56472833841341d950396aa0c01c36,0
3431,1324164660-99e87fd5f939a27ea500fab4c0b61596,0
3431,1327446660-8c274c8407065258e8658ef18e781052,0
3431,1326315540-9f701b0f10b893486e07342c885e9893,0
3431,1321162620-57798101eb176c93450eb9b963123252,0
3431,1327098600-0214b3436262e6e9910855ed4d9d40c8,0
3431,1322154120-f2d9373db703158c847ea9f678a9a13f,0
3431,1327444800-943d2118711e5019aba296eeb6541ce8,0
3431,1323354660-f612c0c1b55c48e768573016408574d3,0
3431,1325795460-bc890d921a931b769459ad86cd35806c,0
3431,1325288040-812bf74de145fd094a9132b0c1184802,0
3431,1328058600-cc3516e45c81936d304544aaa9e99223,0
3431,1321811040-0bb1ff2c3d7345a44c80faf8155e219a,0
3431,1325612760-22e6f5759505ccc1c48873e5b4124253,0
3431,1327696140-966b049a15a1ec6c303409d181044dfe,0
3431,1323127080-595489129354daec8b3b955f2a3ff3dd,0
3431,1326325920-ccfa34732d1e1b3f6c6f24b7caee73ad,0
3431,1321922220-338cbc9925f05f3f19d74da5d76cf322,0
3431,1326120000-14a1fc5a762e4b685538680e7796a38f,0
3431,1325344260-262581fc274d0a7d91f8e80034859225,0
3431,1320185460-b559efe55616209264f3c5b2dbb9ba55,0
3431,1323982560-09b4bb14dc94ba1261bdcedf418ead7b,0
3431,1324754220-f7edf8125f5e341dce3a685548302173,0
3431,1327929900-52b48fe6386d7cacc3ff1070c0e34d30,0
3431,1322081280-765525795a455a025c517efbcc2e5854,0
3431,1322914980-690f33d45b08cac5ea3f82b2716462cd,0
3431,1323789420-d6d97a8d932d641120001fca7fc9e00e,0
3431,1326428880-55b03a3da69b2356748710a87f22b639,0
3431,1327624080-01b6798f1813f188861fe6541665f95b,0
3431,1322445060-ab9fe52d162751ccac6081557de41988,0
3431,1327953840-228f5bb8672f6731a3a4f7f17b683c76,0
3431,1327444740-89ec048d2e9db66ec272f375c00eb7eb,0
3431,1325534640-ae438052f1793639728cd40a2b4dc5b9,0
3431,1322229840-57339651c62863aae6dc02bfff7151eb,0
3431,1323427440-6d5c3eca28b2aae9a62424c3b771432f,0
3431,1324408800-9d51203e5264c3604468c05eccae336f,0
3431,1327512960-dc84a62b658ce6c253c50fdcf60f38a5,0
3431,1322152800-5a97bda9a6dc89923214a78ee168ad13,0
3431,1326320160-d2f82a19ec2b12044047bc4d1d9959d7,0
3431,1321629780-c4b35d500738670df7ebb2458286f5a9,0
3431,1322094000-4424b58f1a27fdbe641a478f97fe0df1,0
3431,1326036840-c551024d1c493e06f9fe8470ed3a7cc2,0
3431,1322584740-4a7b00dbed31cc18912b8ba5a924f523,0
3431,1323399480-69db2612ac41de3ba25ead549ad6ae21,0
3431,1323453480-912d3d7453812b9dd105c5a9fb6c309c,0
3431,1321298940-6a5ff1588b113307626e8b49d37d278f,0
3431,1323480600-f5d62c8ab52d7337ad914decb328ca35,0
3431,1324598400-a7404df2491e70779457a241d388b3ec,0
3431,1326748500-da2b8f63a230731837fb3e5f41685441,0
3431,1321311600-0936e865b2e62fa5b194f94125b09102,0
3431,1324377180-1ca73fe31fb57634e3d37b8295b86d81,0
3431,1323304140-4cbbdbffac959f28cd89b0143963a9ae,0
3431,1327493760-7d2a3117a63bd35f464b310cf87c5e5a,0
3431,1322532240-1f446713978212ad1838356daa32b173,0
3431,1324322940-58fd7ea19160e77454739e24cccb7e10,0
3431,1322136300-12f441be8cad8c2799c6dc34d2aee0ec,0
3431,1320780720-8b5e92b62ac9d94f93044ca239439ca2,0
3431,1322107200-b5cf64a79f47fcbee43d45a0f94fec58,0
3431,1325167860-43b123fadb60db0407c7b6dfc077fc47,0
3431,1326826200-2f960b5270c71600e6b1600e74042611,0
3431,1326284640-dffcab7b67f3be38ca0c3487432ff346,0
3431,1325353500-92555b62d64b22bdfefa2e5c570d87a7,0
3431,1325923200-3f28b948e0630dc69357cf15f57d7390,0
3431,1323561000-181a63ddb67e38e34603af7be334f6c1,0
3431,1322218260-5018d33f3e7b38130858ddd64237b084,0
3431,1325694780-d691609a7528620add6fe751b5a33122,0
3431,1322692920-686aab94336cfa57def62c39b7e7e418,0
3431,1323337140-d25b91d9b7bc6207142a795b2d88aa6d,0
3431,1321451880-36c42a13afec363fd0a34eddf063a922,0
3431,1322185380-b612c2f21e2be1ddc699343a070303aa,0
3431,1325604060-cddf144481297641e59e600629500089,0
3431,1324553760-073e9dd07e7b60ec76b463cd42d90495,0
3431,1322085480-65b1b19885af0b57c0344bb6569a68f2,0
3431,1322155440-88494432bcc44af881974582bf871bc2,0
3431,1323596340-62ea6245515f0ffac666fb197e1575f2,0
3431,1323780180-4936c2be0d2f769a9e4857ebd9981507,0
3431,1322840400-b315c0a6a0808f89cff16e8adb303812,0
3431,1327080180-2d691d3b95b2f8de0e133bf5f0b4ec9e,0
3431,1322143380-9479ed1204c77747c367640f3527b794,0
3431,1324012200-4f396d33999636cb0bc10567c61b4804,0
3431,1326229860-c2b46c5eb83234ef21abf23d7b18376e,0
3431,1327012560-acab2868f7abaef4d87e1e5d08c25243,0
3431,1324570740-cd66e39db7bcf0b293ebdf3e22e1e268,0
3431,1327830900-0b84f34688fd21fc2154433f473d0205,0
3431,1321319220-5044135eef94e3076bb79f0ebbe2d174,0
3431,1326136200-0b5626cd60ce4ba2bd7ff539a9c92ae3,0
3431,1327679760-1154148ee27d4361a46559ad9473902c,0
3431,1326323280-077562a38c07e13ca6ed0992348cacc6,0
3431,1326294840-46813d4893d04d1c7f733c23466a7774,0
3431,1326693720-65fac7957706f586de8c2f7ef43d06ce,0
3431,1321840740-99cfc8447bb4aba8a5129a81490a527a,0
3431,1321893060-ca402b7f3079a8da6b41adee50100512,0
3431,1324364520-a0c3f15828164ca3fc18452ca8ceaee4,0
3431,1325829180-caa056716bb3f6a663fbea37873c9da7,0
3431,1320440760-c24332579a2c1b17a14a9053ac4d4dad,0
3431,1327933140-fb138260a73c659081588cfb1d8d82aa,0
3431,1321387560-c3b54d4a1d6c70b2ba6467716e1bed21,0
3431,1322341680-7f531723eb0a195437046623527e42fc,0
3431,1323740160-9e7fd222bcb0e18e840e04c19cbb0768,0
3431,1322806020-f53d6dcc8071c73689147133f3125463,0
3431,1323798540-bbc37a0968210470e12972672ed94c38,0
3431,1326317460-966d42de9fcd7c539e1ea0bd00df9344,0
3431,1326054000-9261389ca851166531879c20be16d49e,0
3431,1323117060-c3666c4193bb1c18d578c763712e9060,0
3431,1323403200-d2e94a9603748bd1a0b653119c228aeb,0
3431,1320693840-b3e69dbf68d72c80431f0b767aea6e3e,0
3431,1321891860-c9c6571ac9e98ea9231b4783be0b5e0c,0
3431,1326223440-5f0a78578afb6798c118c66e88763b2d,0
3431,1321936080-97152a19323d96928d6360b1ce25271d,0
3431,1324152420-29b6ce1620f0f93d5913605a06ee2759,0
3431,1324602060-74a8fd93b4cbd0aa080e2d09237a11a1,0
3431,1321048200-1448584c58541153f01e478709631ae3,0
3431,1325634600-d95beda9ffd95c3b34aec3bd55e0f268,0
3431,1322802600-d288378cb8d1cb709af18bad31ac1247,0
3431,1321197000-164bc5e7769bfb028ec08955fff23aff,0
3431,1326858420-5de21b52303d5699e72fc360c0900ec7,0
3431,1328056320-a2bff77ece1e6d43f80d17e4b353b636,0
3431,1321248660-c7f3326ec708167976d1c51a012a081c,0
3431,1323134340-89b33f80f022a82aa8d60e55b159052b,0
3431,1327702740-443da0ec4f92f8dae0af03bf2984f3e1,0
3431,1326140820-4bc1f12a1b1f734b8ab7e1a5783a6b45,0
3431,1325169180-891c93fc6307d4c6e5df81bb568c0aee,0
3431,1321296840-754fd7430a8a23c5b6976fd09ef62a44,0
3431,1326475200-b8ac856ab537f9efc8706b9d6a3eae18,0
3431,1327870020-c5fbd4fe24cc86cc67d36a8f66e64ec4,0
3431,1323511020-cb27fea10b65861e17116c79b2beaf97,0
3431,1321282860-746b9c8e30f7fcdfe2f20b584b088a4b,0
3431,1322766540-f40d7427cfebcd883cc06ea4eae841f2,0
3431,1320723180-9cccf1db3eedd47bca805d66d1c0038b,0
3431,1326232860-dd004cdc50df31fa21affc465ac51a47,0
3431,1325897520-9711911331bdb6ef17b7461aa2d7401a,0
3431,1326608700-615dc29d356311c1acf0e2c0469888bd,0
3431,1327926780-8e1d85a37c164f5adbd2d212869b08c1,0
3431,1321471920-f4b47add11756b7cf1fa82c43c4797fa,0
3431,1323858060-2b0d51412f69ce8155fe783ec7fc46f1,0
3431,1322186280-248deb6fecadebb0872242537d77208c,0
3431,1322580840-93ebc67a207dbfc39705e1bc58217e32,0
3431,1322710800-7b235b11185e2052b2b2154e0ce3f829,0
3431,1322095920-148092ba0d13b9e0dc087d662260c9a3,0
3431,1326579840-6f357832dbb268d5032dea50744c1f78,0
3431,1321141140-167bb07fd40fd666a62ebdf55d7a83ff,0
3431,1326322080-70e51be9acb3f14de72d11b35a7ab172,0
3431,1323939060-4dd558ff2a126f9d9a0ac09645d9bc29,0
3431,1323144900-52068261c9cac3a1045363eae87dd1d8,0
3431,1323199200-cbb79f8ff62b9158119c91d71c2975e4,0
3431,1322101200-3f35bd96bc3b06572cd146135b7b5b70,0
3431,1324607400-08dbb2b06cbec1e1a941e6ca394c8c82,0
3431,1321421160-526fc4a241ba7339c7988cfd7505071d,0
3431,1328056620-bc039423367a2eea5e41223e57c3b203,0
3431,1327668240-0414977007c49b448c5e8f4e246ccf9c,0
3431,1325782740-b34bfc920aed0b95f448f65270d863dc,0
3431,1323179040-dca63dee32f0fb12fe10f14384adfaeb,0
3431,1320943680-f02bcc27d86ddefe665233d681203792,0
3431,1321044180-d18526585c3ea4a1f30f306e58b28d1d,0
3431,1321318440-183dd3b0c3c7353912167a94cf1cd3fa,0
3431,1326247020-db8262ce21039d62161a902bf1a2b805,0
3431,1322893860-07e03f34eba902af3888f29300d0cea5,1
3431,1323228360-6f9d69ee7ccee6ede8c38da6d7e98779,0
3431,1325863800-81b586322bd7e2e65c678a2b81bca269,0
3431,1323240900-009b9d13bd39b61247fff0c1f3d200e3,0
3431,1326830340-ca57c318a039dbf39fd890b949abb004,0
3431,1322808900-528a2298def8c5a6d9cd4ae42eba85ef,0
3431,1323802560-10279774a3efc93b11c80637807f12e4,0
3431,1326764820-8c62f04ed0d6010dd807fa026f0c9a77,0
3431,1323303540-7b2865e046802dd93a51cd9c996f91de,0
3431,1320943680-f51b3dd7c554afc539e78116ab4ff7a3,0
3431,1326243780-4e852246cd0183b147e1a8dc15fbfc0b,0
3431,1325794980-7ec5cecbde14b7a30b97acf4e5f65251,0
3431,1326261840-201e3185aa63006df96f2f0410f7e778,0
3431,1322497560-00d2fdc1e1c8a951d649233640d605a7,0
3431,1320127860-97a8b514c8c9c55c0748c406b56b16be,0
3431,1322321640-9827a0b78a928c3d3207a087b178dd7c,0
3431,1322090760-f38f9e75b0276c822a958c93e5fbd5a0,0
3431,1326501540-2a0aefaa919cf3c387b209aa3fef4f8c,0
3431,1321920300-9797d9d0de81085c18d380dc3adfb8ea,0
3431,1321420320-43a8d428d5f0d9c7176b29716ca8367b,0
3431,1322150580-ff9e9c6c9defc620f7e10018ed56dc80,0
3431,1325182500-b9d7817731314d6d1d55bfd853eafb7a,0
3431,1321938180-a272f7fa9c49a6d99aaf3e12248905bc,0
3431,1325523660-c9f5bc8a54fce9066b77bd9331c131fe,0
3431,1323249540-9551095c2a25998709bf931b45542a6d,0
3431,1322542500-8195604c60cd4ac8836e7d6d6806f6c5,0
3431,1322266440-2b356651c3cddd2b4a64ee20fed1a040,0
3431,1321652460-fbfd4edea3e992856221b07bd2681bbc,0
3431,1322371800-79c25036f02e0aee9d9275780be60915,0
3431,1320927180-28cb101888607083e5d0a9ffbfa68a46,0
3431,1325711640-f8c5069ff82470fef22791042f6223d2,0
3431,1325592180-bc462c32b6bdf7d56b470000dc17c9c8,0
3431,1325871840-92dfc56dee28138284e2d32b42ad5d35,0
3431,1327107180-755b8bffda2734949a149e40e4b7f4df,0
3431,1327092120-2acace35b9d6bc71d65f094d5d780902,0
3431,1321542480-5143fe44ae700adf255397787f1659e5,0
3431,1320433320-a7c9b9f791f7e171c2e7c3d045f9dfda,0
3431,1326472020-d824f9c1215dde2cfb215068c73c8a8b,0
3431,1321875060-c47b3479d98289e1f5f10cd463ea43df,0
3431,1322090280-7a3f70fe50f8af04cd982d40f07e800e,0
3431,1322856720-0cff1c0da3ce4d56c5930997e526c330,0
3431,1325900820-5d9a9db10944224ecf79f7ebba0d14c3,0
3431,1327421640-f8a9ebcfd6790487f7be5e827eeeaf94,0
3431,1323195420-f12dc70621110503c13c5b2754459bd9,0
3431,1321302720-dd1ae0d45cce6735c54a609e740dd3ff,0
3431,1323304140-fdf569d2d227f3c91eefe56c4edc1f1b,0
3431,1327987680-fc921efd0b9a5aa357b196e5a43a54ba,0
3431,1326979140-30cd2dec1d84c85d761c250be2b1a7c6,0
3431,1320551280-d8893e861a87bf70cffb27c14ed30369,0
3431,1326474360-bd1c62eddcb6c20a69d368bdf27732c4,0
3431,1327590360-1be148249f9101bc13ddf27df55e3be8,0
3431,1321464600-6a0c4c77767ac593ab2998a337d06b0f,0
3431,1326828300-8d56fd290a6e286a7ca973256d3ec2bb,0
3431,1324151520-96d1b837aaf7772236a6ef0149ab0d22,0
3431,1324411800-63e62bceba7119475048eedae1d41532,0
3431,1321984980-83e6e04ed50628505388be7f73565cb0,0
3431,1327935180-b64bcbd2caa4d88e03e0634576924fd9,0
3431,1326534360-02d41026ae1ba211729cf8de2fccbc4d,0
3431,1324627620-8f05c2b990a3e4b92a37fe535e2d2b8a,0
3431,1326906420-cce5a36c5088963157680b5141fe77a8,0
3431,1321984980-1ffa5542e5c7ecd16ff04cbcfcd8f361,0
3431,1320943680-72379f01094996989e718296d0475073,0
3431,1321491720-302c4dbaf04cb0d37b8d7b0f22d820db,0
3431,1322704080-327f499cb49321a00dd7f9aeebcb78b5,0
3431,1325288040-d055dc5e711e07738a9b6fd14f5e5e93,0
3431,1324408020-494362d55c7231066a0b0db8fbe1e084,0
3431,1324313460-6ee6e1775c1062c1f0ff938f3f9a441c,0
3431,1322193600-3de4b08e4dc93bebda7f4d14a6220470,0
3431,1327413840-fb5b28a93631a566474ab647a7415d62,0
3431,1323272040-af597123bb0f4b11065917d7c96cfcad,0
3431,1323384960-bb5d9294ff0d80bfe1f27e244d2a0834,0
3431,1324428060-bcc90562ddbb7462f43bb8eb67ddd67a,0
3431,1327116780-20a701ab58e5a8cc69aa443ffa562f7b,0
3431,1324251540-6d5712bc947aeef520bd668d7994c390,0
3431,1323474420-0783962ea58486a741728e22865d5519,0
3431,1324468800-1422ed7120306557f4cec86c2b954c2d,0
3431,1327264080-a35ecfe9025a7fbead0ded1e7bb0bebc,0
3431,1323911820-4ec409c1ce0a459881a56edc23b49175,0
3431,1325680260-02ab7721b56339d3cc954536f96e12ea,0
3431,1327162620-2c761e0816e8891e2091e14f647dff30,0
3431,1323800160-8fdd0291892a514099b701b7374cc7c3,0
3431,1326251700-5f511fee5678b8c55d96aee2bc295f07,0
3431,1323306060-d86253156b79666d43888551980f7db2,0
3431,1326808860-1e848c441472bc1d42605cd5fb0384b5,0
3431,1323055380-0d43f8709eceecd51f3712c74d47a2e0,0
3431,1326315360-8fe117b9a306fb0171c1bd42bff061bc,0
3431,1323482820-f60b05010f2d6161f857bf12b451cb67,0
3431,1322748360-2e642697c5442a5c83531a85b677e979,0
3431,1327641420-2ca391838720d460e39651cc0d004fa5,0
3431,1323794280-becfdacc9aec105762e85d4311876cd7,0
3431,1321620180-13811830d2994a21c025c41b78950ed9,0
3431,1322183340-013a57c2d320efcae0423d8e2081bd1f,0
3431,1325602020-8a0b1a1ea441fbb1843eb61bb070c57a,0
3431,1322774460-b8af58eda206e6229505a67f942ccfa1,0
3431,1321298760-161a424ad278f12064cbce814f784ccc,0
3431,1326822060-717097e47f4dca4aef910865e9770914,0
3431,1322672460-ad62e55a38943e9ffb59359359fed013,0
3431,1322974380-0263bf6cc9de7504282ac096aac8f050,0
3431,1322796360-44e510e1b73516ca176dca1d87ea6d9c,0
3431,1325089560-2e3614bb6d6d25ff9429a1b65b6a2776,0
3431,1326777660-24b7f5cf4ee7c17389d47d1be377540a,0
3431,1327615740-a743142d731695806418f4fc1036ff76,0
3431,1321278660-934c83b9fde5d15210cbd2f1ae812871,0
3431,1322665980-3f9db5b002a07fed3ff60b448e308750,0
3431,1324061160-223df4922d071c52e137513d8ad2672f,0
3431,1326815400-897131e85af14bf8c3ee7023715a8edf,0
3431,1321289400-8f61cab337f5ea2fc7810bf1408994f1,0
3431,1327530540-7c5ba10ba810e04e25c064f95e464886,0
3431,1321012440-3e49f4057857761402d2976f5504299f,0
3431,1327926900-1296431e8368765e7572da8a87356927,0
3431,1326388680-97310b349608db40acfb1153dcdb25ce,0
3431,1321054320-589e79c5424e3801a6f9dc5e2918ea88,0
3431,1323489300-ff5b3eedaa0c78df43ed2767efb32a57,0
3431,1326781440-301884ae42f2669f72b3d9246e136915,0
3431,1327966620-8e4f2d9bd6d06fb22b98d064179336d2,0
3431,1322865660-259d398d8d0deeadc1934e8a41f393c7,0
3431,1321019220-156aeec8818afd4765f9b6e77e0d4826,0
3431,1327636080-2366bb062a492651dc180cbeb1a7323b,0
3431,1322897940-d023f6091a0c86997a16bfef0bb47716,1
3431,1322893980-7318ce8785bc86f4951e6e718f04f73f,1
3431,1323196680-551e518a6f36727bdac3e9ebaf1ce9ed,1
3431,1322898660-49b5874543f5aa47e1754ef1c1be6e7b,1
3431,1322894940-4a70fca37bddecf016d3f91a2bec8cc3,1
3431,1322940060-3001eef28322dab073b1cf53e5ece801,1
3431,1322996040-21bf74ac081accd72f6ad68418527ce5,1
3431,1323220980-024f3e18de2463d1ea11480b39e77483,1
3431,1322895000-d46a9e827aa8194a0c3499dc1fff51e1,1
3431,1323190980-2447116b02c5f7a6ed2b37ee29fdf37d,0
3431,1323228540-039a3e9950b881ee28c8d5cdc2d6661a,0
3431,1322509440-c67d89c79706d523b5b2c7d77ba02fa3,0
3431,1323250860-baaa8c801a410f277486a92d0af708c7,1
3431,1323242520-78088aaab3d6400de337e43eec00a747,1
3431,1323213600-82371a485998da03db8b71cad528699c,0
3431,1323226740-129e373e97fbd46f437303281028483e,0
3431,1323256560-f444c07c7d23106cadde63d811f2094c,0
3431,1323129480-1961127a01e76c6401a905ff3a4c67d6,0
3431,1323397920-c9f4364d5dfbde6b01c2070189885c1b,0
3431,1323235320-9e2505b64969b78b3228474a6fdfb14e,0
3431,1323235260-0c32bea5568963ca63c150bccfb0e430,0
3431,1322681820-d5922087cdb0957c7f6e0696ae03fab6,0
3431,1322149440-81090e043ff5aa106c3f695b9e5b0c8a,0
3431,1323912780-6f7fa8714fd5a48f6646e67306ef2ff5,0
3431,1320445320-695752092e45a7c096a69a5eb31df4c4,0
3431,1327935900-dddefb34966902a493f2d6d0fd1d8846,0
3431,1320444660-0a5d7adb530fc9736110d5b100fad2cc,0
3431,1322179320-bcc672a3cfdb41580cecebc9c22f388d,0
3431,1322937780-3a258a84c4547fa229f3b59cb3ecb2fa,0
3431,1323957660-c6a310140fbcbfa563870079edccb6b9,0
3431,1322267520-8117e0648e60e457712868e0e0f9104c,0
3431,1321306500-13d1741215f7c0f8e7db449fa9fc7653,0
3431,1320342120-ddb6d4625d15be003f4593bf11674ae7,0
3431,1320914520-bd9310592b3c2a2612535cca1ec82db8,0
3431,1327497840-9df77a99ea5a36dfdc98697738db14d4,0
3431,1322551020-0591e22467a60ec4feaad955db1b08eb,0
3431,1324624800-157ce2201e44abd4f8f6813d67414366,0
3431,1323905640-5159e8e80f720536b9e2d35d4c177d41,0
3431,1325016060-b3de290b1cf6ec25febcc69bc1d256e3,0
3431,1325165580-d500e2f881fdd93bb3104cdd1be585a1,0
3431,1322102880-01fef43116621716351267ffa08d631b,0
3431,1323895200-5c080fad4217dc34c19dd3a218b3182c,0
3431,1323666600-bf2eabf4ce8356a7d92be171834f71dc,0
3431,1323902820-05cdb8b944e54d6a855eb9fc7bdf98a2,0
3431,1321308120-52623037906cea84db7fd74e0dd1074a,0
3431,1321574280-87d2cdb3cc5d4027e3480d70c883b10b,0
3431,1326559200-8e6b1c9f8fd5a17fe5e39772072e0b3d,0
3431,1321383000-0a588d0fe9a605e156db407b57acf967,0
3431,1322347980-77e464f485b833597e2ebc88f45239e1,0
3431,1321972800-a823b5645fd865d995b073fba8375592,0
3431,1322170440-50ed206f5746c14f5a530bbeae4dec0d,0
3431,1323467280-f70c2598f7f3b2af9728d116f47bdf5e,0
3431,1322154540-4065b8e82eb36a6cc55e25b701bcd83c,0
3431,1320462480-793cd4c33dfd72b883a38aa96abb260f,0
3431,1322680440-039b0aa5eea4e3cb50badcc681b4876f,0
3431,1327358340-08ae6fe067c245f90152a4ec11d9747e,0
3431,1324404180-2f7545c17b633c992eeaebcccba2447a,0
3431,1326993780-bc40ba53404c3115f12ac3189900e8e8,0
3431,1326804360-41eb8d7863a1e142ebbcbd442a09b032,0
3431,1321579980-d94531fea8ef4a2dfabed97ae12f1b3f,0
3431,1322175000-02d8635c3043ed739c4447a7f1c7da87,0
3431,1321317900-a77f8d0a266283fab1db964482e1cb28,0
3431,1322856120-f31c41d3281d10a38b996adfc01a35b5,0
3431,1323296100-3671743015deade2c3ab3f27f4025b3f,0
3431,1323394380-99810c59bdcda6a05571b64421203139,0
3431,1327641540-150375e33c9051a0c84e9c8e20a619b1,0
3431,1327795560-89d075378ec6887358b3d382a4792881,0
3431,1325797140-d8a7589b03c03d11e52ffec29f4be6d3,0
3431,1322848680-3d56102f07aef0f68bd743f2d5076d49,0
3431,1321223100-60a6aea6519b5a8f308b303691209375,0
3431,1321819800-1696e859b2350eb0dc8daf752e89cc05,0
3431,1321114800-7b19ca46cf6365df917d98639b145199,0
3431,1327339800-c8477b9d7edf14b77bf0bae01338f569,0
3431,1322271060-c886bce851efdc1f78f1da89b58eb074,0
3431,1323055140-af01e4a037e72864cd37879df7b1c23f,0
3431,1327510020-b61248251cfc5467d56c8d421c3b43db,0
3431,1325274900-71df4b8aa4506a0093f31174d09c0382,0
3431,1323373020-fd087a630131741086bab7b8f181cf1a,0
3431,1323095100-6adc7220a1d0d365c33f9843e4bbadcb,0
3431,1326353580-9b78a735afacac88cf437e560c9a1aa3,0
3431,1320427740-1b978d797f10e722da2bef6985d8cf6d,0
3431,1322611080-839fc36e8457f99330ea4f5fdfe6d256,0
3431,1322868240-8e259cdbfb00cb936f74eebf91eceaf0,0
3431,1320547800-09520e01e13391a77d5b6be661df4ad2,0
3431,1322152140-5c652fe7051676e6c615ea2ab2253a0c,0
3431,1323243180-5ee8f9a9010277121261b6269d9b959d,0
3431,1327935180-a70c9b6d1b8ab059ab432b3e475ae15f,0
3431,1320776460-03a45be3d37697ecd494969ed04ac8de,0
3431,1326569460-0b1e30602665f8f1d4717f476644485d,0
3431,1322050920-92e44b02b80e76cf51e5358671c979b8,0
3431,1327716480-2ba08563ee92e01ac77a6c2bb456eb3f,0
3431,1323380880-f60644ae8c6e967798efed02e5a98bc9,0
3431,1325816940-d80f627ec59ec1490f1c9c2fae8a6459,0
3431,1323434160-57c4693e912861d9aef3f8b950e710e5,0
3431,1326906420-d9b8317d15b92933cf3c6b102efaac1e,0
3431,1320948600-96ba4d21d80b71b79fc87b29b4e1f374,0
3431,1327640820-b6f8a87d2e91bd47d25908dc1c25685c,0
3431,1323884100-c7f4c8f455e3ebd50cd68644056e62d8,0
3431,1326148800-251882c1f27b580bf9cfbcedae526ef1,0
3431,1326719400-07b0f9499b2683789f47f3a64f17de73,0
3431,1321591320-6511a3c7938c8dde87fbc4d537a50ac0,0
3431,1322483700-4ac728633daaa25ca4e7b72e13063f75,0
3431,1322219880-f9cf9136109343f5d776d010a6e2beeb,0
3431,1321620180-6ea5f4dc4710c42dff2a8d97e5486ed2,0
3431,1320429540-d672f02ad2912f0146d09a54b44af555,0
3431,1326558060-2d7c48f5463c219e8323444faa4b59b3,0
3431,1327371540-dff72a6f1139cfa041d48ee58f34150f,0
3431,1323359040-f8d6c9d12b5c2f40e8f89cbff58c8eea,0
3431,1320938460-f8d0637e1f7d762e8126e0d248a092aa,0
3431,1320967020-996079d2b56e080089dc84d067f228da,0
3431,1325111640-83af830c6dab9c5c6992cc961e586d73,0
3431,1323165000-3276e87e8d4221d0402dea5879b9ae1b,0
3431,1323968460-381efd1fcdfb9365aa070388123afb25,0
3431,1325889900-93224348fab1438da76077e48a80fa07,0
3431,1322137860-388f40f49e6dd5b3a491fa54debac6ca,0
3431,1323400500-166cf4df4562af8bd3b8613616a398bf,0
3431,1321895760-d2495b0607884a8c79c1ecdcfffb5bb1,0
3431,1323967800-a5373a24e164a09a058b1be881f12c4d,0
3431,1322091540-a19674f75ded0a87b22e959fc5b86385,0
3431,1321401900-1951725ce93d123e03c856781fa9673b,0
3431,1327954200-3238206b65f0a00c0999eff9bc5882cd,0
3431,1323588840-99abd6c059f9d1267e67bfec68d502a6,0
3431,1327657800-f4f5c2098231784c6d88aacef85ef45b,0
3431,1322057220-6b5c845319a8711de34d9b0c56a4e76b,0
3431,1324186620-5c53bb57cb63cc405aeda0a841771ea6,0
3431,1325856300-f1cf4720bc3e82d88f7e28f4b59f3d3c,0
3431,1322108760-d2f9d8d308d8a96f5924e4fde891fbf2,0
3431,1323026160-cabc7cf4a20aae28edb6abb00f340f1d,0
3431,1320808980-ce9bcabbb556b30b58ae58eae29ff2ab,0
3431,1322869680-7db5907d1c8f1563085350f0976111fd,0
3431,1320954420-d19347262004f43ecbc0132f84256ee2,0
3431,1326987180-8511479c55161f4f23ca308e0ea00435,0
3431,1321818840-14e828306d4d948a241617aba5242fd8,0
3431,1321319220-3f389b2886bbcf1d4c1f012f5afece75,0
3431,1323243120-caa7e7ddfab53769c2b40bc4f022e471,0
3431,1320782880-a3ca8cb33da6d8b28869ab979402df36,0
3431,1326828180-dc57f155644f348ecf9bb96b641b4a70,0
3431,1320425520-71318846063d80dc0c5af429b4f23b45,0
3431,1325164620-cd647850480ef037d9730e4f4cebe00a,0
3431,1321641480-02817162e4ce9df3bfcd3716912b04fa,0
3431,1321410780-91061d43ca5037ea1b0bc573f2a01f13,0
3431,1327348380-be48fa848f8a29eeba5660e11ff62ce7,0
3431,1322013540-2a3185f866de077a820d78b244380d90,0
3431,1321209360-38c68658c88f835e4570bcd4a15e1b08,0
3431,1328060100-f84049c3557ff9132b735305c869db76,0
3431,1322266500-9fcea2f14b5d5e0cea78d7937f625965,0
3431,1321307940-352bc03b6d661e9d7b175375d2b0ac87,0
3431,1327631520-822ab4b5437645e77451478caceae035,0
3431,1326220680-5abce9c0c2443496597d29392b653e93,0
3431,1321399860-c6131bc6da412b4ba31ba516b88233b1,0
3431,1327887120-479ec0fea6e32c79cb09d642f02facce,0
3431,1325590680-133ae3037994749887c132e5979bd327,0
3431,1326501540-2c7507e263b1fd02bfd4f1f502a05b1a,0
3431,1323201000-c6727fd92d985b0097339d4761d50fdb,0
3431,1325783820-d68b4d2521df667d47536ce28f13f017,0
3431,1323134220-f61712ae0f479642b0ad231ea3f0ed05,0
3431,1323809100-40aedfb8cde4dc5ac22c24252912206f,0
3431,1322840400-a23268358d587fbe087da774278e2941,0
3431,1323990960-04f12fa907a5ede2ae7976c1430726a2,0
3431,1321024860-d3f308b774149611013e1b47b031e77e,0
3431,1326718200-391797b07b915a76a10e4200e99f2201,0
3431,1322964480-7f1baeb9828dca0d0240bbc0e4bf5df6,0
3431,1322290320-de31525d3017bd6c64bda938346dcc6c,0
3431,1321978680-4e3e93bf9470baa61e9bc5dda20c28f1,0
3431,1324183920-b0d42e3c0f136270897fec43393ca383,0
3431,1323207840-6cc13478368e6b0861624cca9b0500f7,0
3431,1322156160-b4ef8ea16d4e10ed93c18e09e302ab47,0
3431,1326385860-cc78b6d01c12b63fe227301f290ed65a,0
3431,1327694940-f00709716671a5bdb87a877b8a0aa528,0
3431,1322137860-bb621497fb3ef445ed4dd193ccdbf9a7,0
3431,1322073000-9bdb3bfea0ed78637db3c72341bfe947,0
3431,1323407400-28bb3a77ee4f4c9d49be5ca03fb76279,0
3431,1322526660-74d90f0188ab325c9d3a815ba738442b,0
3431,1321566180-4be2ae16547078fd1bfbf4ba85ac4b45,0
3431,1325536440-4035f98b1275aef95c4b6c4fa01aafa4,0
3431,1322883120-2c8a4963a03659a21bade2bb3afd262e,0
3431,1322582880-89b6081c178aaaaee75dbcddbb57d9b4,0
3431,1323135180-cb1f001f884a0d06033e48fbf41845d3,0
3431,1322012400-398e44c6cff3499ed1deb3bf595afa96,0
3431,1323472860-66353dec425cf57b091b71d85b2e3392,0
3431,1323009000-34bcd7e6edab03ec51d61410682579f7,0
3431,1323031140-4aea060dcf1e127cac4e40d05c2d0c58,0
3431,1321137480-b12c41e326bf90c1c14464afbb3e721b,0
3431,1326480420-3177b943751fc5b2d15f434c799b456a,0
3431,1325774880-fe9a4377f63cd14d4086858afe6c999c,0
3431,1326943860-316c771de95715bc56ad36f5d238fac6,0
3431,1320611040-0714725ed2faaa9111fa3b8afabfb263,0
3431,1323384240-c80d2b10cb50d1cde3ab7bb200385192,0
3431,1326323280-55937f9229a86e7a59e7c9a9d93fe1eb,0
3431,1320943680-7576f637b084a535f062dfada8aad99b,0
3431,1322244060-b0585c1dc91d4200796177ac67737835,0
3431,1322280300-77f8f98691ba46c7a243a514a12abaa9,0
3431,1322800380-d2c3fbf6c9ea83070b1e4c882ca8b58b,0
3431,1321986780-8db2fb9593b0d202e743b67c95ea892c,0
3431,1326300960-608c666598bdc37ab0c9c82915d9b3ef,0
3431,1322266680-12dfe4ab6ec3684dc024f222a76758de,0
3431,1321052100-c9b494913c197d362bc7d70361ae6653,0
3431,1320895440-cc65895a33f9cc41c161b2fab4d8511e,0
3431,1324147200-d8c21f1993b5f619ee3cfdf753569945,0
3431,1327631520-f982e437f6b0d1b70875569ec641bb30,0
3431,1322921400-0be7d011ac6baa3b1eabe6485026e1cf,0
3431,1324175220-80571b967534a259acad47b8c8487b18,0
3431,1322731020-b75e4cbb94a0d30050ae67cdddf0962a,0
3431,1325896380-f187e0cd22191b86bb003abaea99e476,0
3431,1326123300-15f31eb585b14e4a96b22b1de60bcc5e,0
3431,1323794580-a17cc29cd4f6787b799d99707e1ed341,0
3431,1323566340-51a0fd6af37b0e8265512b6a81118997,0
3431,1327363320-a44fb958207a120cff05e87d6b15ebd7,0
3431,1325619840-f9e73d026838549565bca73dfa4916c3,0
3431,1322155320-19e3f8c8b2c1832cb1699699b7bb0e83,0
3431,1325816940-d91374f0fbb24bfd0ab7f6a3708e6f92,0
3431,1321818300-d984d5876fcc1bc6c11855d376871519,0
3431,1320440100-61361d14d4e251f8c465ea2a6f193627,0
3431,1324246860-fefbedcf140721f1b965048f8ac08cc9,0
3431,1320953580-64436280786c6d39090574bbbb1da0b8,0
3431,1323224520-81ff5ab4dcfef0fdc3b21dbbc29e7e79,0
3431,1327684620-c2dc2f8604ffc04a53b6c8f1277efca4,0
3431,1322164620-345537b27fab5cd056f63ca8e1f787de,0
3431,1323136740-09d6c3eabfdd81394cd3767db8c84349,0
3431,1321897680-9180d93a9ef2fce6c7e93d87a6f9458a,0
3431,1324496160-ccd8f67fd077b4be116671df81f77c38,0
3481,1323770460-714df6e85bd1dd4b3049b7940ee43aec,1
3481,1327922640-4bdd37d2ca92ceb4909eb256de9d546d,1
3481,1324041960-d17d5dedb5e9fdd9c2a73744418436d9,1
3481,1321465200-316715ff99cfe23a426472a9f4b443ac,1
3481,1327618200-fb811021ae13d4e5656c22f71c32f3fd,1
3481,1327617060-211a22b2be78b15ad7c648e32be5dc27,1
3481,1327619640-14412c017e8297eebeec82d45f77c90a,1
3481,1325130600-c33c4e31fe40001fa1f1c49dc490a663,1
3481,1325126940-2a3a615cc0804c3bdb876532e3537c72,1
3481,1321777680-0061a687f935986c7de677167dfbb0c0,1
3481,1327443960-54571a76f7389702eff77b14c56ed846,1
3481,1320341580-486338b5cde3a13777bb4e1ed8d9ae8a,1
3481,1320318540-b26ce19da1972c6cdf84935e077200ea,1
3481,1325720160-c8643020880ea078cbf617d7d24c3a43,1
3481,1325629740-bcbee5d2e346eec73bf4aae36ed43080,1
3481,1320764040-c9fe0fa0c891cf646d5282731a5cee9b,1
3481,1325578380-380d610d55455b85fea8b3410da7d4fd,1
3481,1325668200-780279e1272f126ba5551a1cde443e39,1
3481,1325768640-4080c3f3d11b74bd89ec1048b9bad190,1
3481,1323448500-5051965f3a3a7c57b4127eac476d600a,1
3481,1324384860-fdcb290682d653674a70df52666dc7b8,1
3481,1324574940-27b4812624ad3bad1b55950163cb4112,1
3481,1326482100-7be6865023f7bbe2d11637afe4165656,1
3481,1321942800-614aeb0e00191acc4f69c3214578a34f,1
3481,1325298240-2c257aee66be1076abca4df151ecc4a2,1
3481,1325362080-b5fbc9782589a2f94127ad88f2c9346a,1
3481,1325332800-b7ac5476f01d38ffae5b6cd073c7ddd1,1
3481,1321807440-27002c9376ab248358956a709281ecaf,1
3481,1322174160-d16fe51627f437d5ba9b2900b979ff30,1
3481,1321023540-bb9b9609329ea1840b73f020d4a70a2a,1
3481,1320989460-2c399f881a8e87a43adb85e18ac194f7,1
3481,1323411360-75f2301bcfa079a56a17efdfac97f03a,1
3481,1321000560-45647ef7a1de79d0f26aa130c6e0912a,1
3481,1323445920-24abe8367097ca2b124a7447d921b16b,1
3481,1323475320-06e87d44c5a3fcd6fb121d0757955f60,1
3481,1323486660-8561130da946829018a177cd9ef3eb17,1
3481,1323387960-3fac4d9adebb48166341957c46a8419a,1
3481,1325721300-18345f15af605578ac5670d783234fa8,1
3481,1326144060-907a43ffac1093218fa109362ce5f5f6,1
3481,1326144060-01d58e73d9a818e7fac8d766a946705c,1
3481,1323643980-b83cf00042cf594b67d065c018b5709d,1
3481,1323684900-2a2213dae2da445e4a49b5860dd2dd34,1
3481,1323410700-9dd04adae1e522e6dbdadfacc967ed36,1
3481,1323405420-684af36b261e2801d2e60232d23e4eec,1
3481,1323410760-690441e50c614751f0eb203fd4f62adc,1
3481,1325721300-401c02c85b7352eaa26a6c8acdeada1a,1
3481,1323452760-6b98cba37e6ca383d84f8d84541cbbe5,1
3481,1323369120-fccf6b22a2dae1570ea0630c6c78e821,1
3481,1323375300-a158ec0291305bd9bb37356a3560c95b,1
3481,1323410820-a69a6e1dc06e06579551d69fe253bfb3,1
3481,1323389760-40302b50c7708de6e9dd69480ad5054a,1
3481,1323418620-1d56db92015c61bfeff3e34c1714d0c1,1
3481,1323397500-2e75b77e29bb69134795efa00ea96422,1
3481,1323395400-594019885d5d83a75fe5811927668c5c,1
3481,1323479820-44b321ec49b12a541a0fcea2046b1a54,1
3481,1323483600-62653bc398fc185b29c055e22f6d097c,1
3481,1323416940-a5a36063fcb963e21273c3a8ced94e85,1
3481,1325897940-61f484a19f1b7619d805de3850e8fe6f,1
3481,1327100100-027e14cf8c150d4d412f3cc6447730f0,1
3481,1323377220-0f53e64a7dc84f61674baa18dd7616ae,1
3481,1323389940-b9bfc6e4835b17ef5f193aa3a966ded6,1
3481,1320904980-4270dc78084e263d4487a0a701ad7a64,1
3481,1324172100-689e8070c8da6240324e4683992f43d0,1
3481,1323810600-44393665047488d898f42ebfd932672b,1
3481,1320821160-d45dc528eeec8a701d09107f95e431b1,1
3481,1323412560-bfda577bdf8fda95eea574fbb4085b70,1
3481,1323437400-37a7b140afd3e92ae86a4197156b417b,1
3481,1322990100-1c70233b26e0d77306f96e51de0eed12,1
3481,1321557720-8618c1b002f74562896dbe74b4a44d85,1
3481,1325748000-cb80abf6a251b07a798fd6f66194bace,1
3481,1323439560-3d2ef768871df78050e74d4d2c65f9b7,1
3481,1323810120-6197d73c0da615bba017f5f7c76c3f83,1
3481,1323425520-d7c677d8c62181148b089d9733e38c21,1
3481,1323801420-2976e3456f44e7d1856edf15965449f6,1
3481,1322086800-da2bd516a81142a0235bbd2b36bfc99f,1
3481,1326404460-00f48919babcc9a4cd9e5b73113b441a,1
3481,1323816240-ab166fab3485b8febe52d932d002f568,1
3481,1325732640-3c248571d75574bce8379dbf28867ee5,1
3481,1325732640-f10d804e91f6c3c67cc6e7f80940209c,1
3481,1320563880-c27e974865059c58a9d5aa4ce3485f35,1
3481,1323818580-a7ca573b41b914fb78201da2052a749a,1
3481,1323803700-4e772f5750c97b4db5c21f372ddbad44,1
3481,1325774460-4e9d10d1f8b54ea3a7f26943089c1490,1
3481,1323830880-5687139a89eb1e668aedb2263a67bf0e,1
3481,1320137940-a9138d1d1c730a91c11ae85c0dcce246,1
3481,1325648100-1ee27d7b4b65b31806e0e74daa013266,1
3481,1323072000-53473c4e644b9cc47d6c41b4b2f7b474,1
3481,1325648100-f0e1e2ce246046523b01b3138266dbd0,1
3481,1322987280-2123c9f1d07a307ec0997f69eb4b479b,1
3481,1323133500-1cb2c733eadbe9fd0b3d50a85b28b7b2,1
3481,1327289580-5cf23f6c94c43ce8d2266be6d52c921e,1
3481,1324196040-b8a864abf8e4bb34714971a0ccaa9f43,1
3481,1326596820-c99aa7dac177d7cd9a289590f63c2df3,1
3481,1323757080-92f2d830386d00b297008cc47ecbb7f6,1
3481,1320723240-8643cf9acca880134fa4cab6eec8f722,1
3481,1326403620-2a72a0387417af1103c491da417270ce,1
3481,1320564900-668e14d810e63579997eea7887f8d695,1
3481,1323819180-62708d40cf000a8b853999de011a936f,1
3481,1323311940-a8fd29c9526f383da841427d4e929cb2,1
3481,1325594580-849202ee7d8e0410043d772e95136446,1
3481,1325594580-41219521df261ff33a363470d7899e08,1
3481,1324462740-af2e48a2ba4f2825dc04a6b0314631b6,1
3481,1326208680-72620c924552ecd14d51d86592c7c4ec,1
3481,1322983320-51d974b9f5690dadc077b5d7088210b1,1
3481,1325902560-4ecfc1ef5b38df20237220c6fd2da209,1
3481,1323672180-1f884e111ed261b418da41e068d874f6,1
3481,1327014420-2f260cd403e886a99e2aa7be2e744c63,1
3481,1321418280-aee1622ff6dcee7adb08739e29e20281,1
3481,1325978100-4642c11b01e7dacd8c59ec45295c8597,1
3481,1325978100-f198cbbed8b57c4a9a24e7dc5a4f08a2,1
3481,1323486120-88306d9924bf2dbb2f9dc86901192ed8,1
3481,1326443940-db7b1ed77f7789656be1518ae4cfcec8,1
3481,1324446000-9ece21c6b85fd88046e556d5d8529512,1
3481,1325011320-b9434caf031a75415d3036d753e32723,1
3481,1325608980-3905212aa827cc8b3119709c97064d99,1
3481,1324446000-d6e92d5f1a37ee8a87ff3643d6d0cf0a,1
3481,1320443520-58dbf5930b97c02195e724019de082b0,1
3481,1321514880-a7ccc10631f168fc2ff68a52c9fbec73,1
3481,1326405180-625eed564769763d9d77ed48e4d9b90d,1
3481,1321886040-0d93bee68022ba8f8606642430a86920,1
3481,1320996360-840b5ca86ffad249b0905f1c1a28d30d,1
3481,1322818680-1b814b322309ec7efeac2260e4f8f0ac,1
3481,1326581160-3b023eafa6dd626fc98885af5bafb8cd,1
3481,1326252720-d747882bb73880c806e9bd77402d0d55,1
3481,1321006980-f11b0988185a292b7dfc45de45cf1887,1
3481,1323807420-a7eb2e4b5ceddc0da75d6bd421232fd1,1
3481,1321652520-6b322ff24f5b3372ef1e14e3b3fb8403,1
3481,1322724600-36f2d89fb70ae2dcd2edb204f5ca72d1,1
3481,1323674940-fe02e1af6425328e5913724de20ab06b,1
3481,1325978100-02e0ebddef5c888b53ad2e58542cb048,1
3481,1326443940-1e8a3b27929542efbeef911a530be8d8,1
3481,1327012500-bf959fd2872feb79d460bd68c3495cb6,1
3481,1327860960-3ef0fe17fa86e7fe5be98d4d62e3975b,1
3481,1326163920-001d4d3b302a1b3554a737c8b6902c4f,1
3481,1322983320-575fdede87d3a2f0ba51eee01dea0aa3,1
3481,1325978280-03d94d018a4fbda602889dff46b8282f,1
3481,1321037880-b979327a84372d386fb1bfcf5f02d8dd,1
3481,1320996360-74a6ca99021777d83fdbad525df94842,1
3481,1323681180-c531e989ab4bc806b2bd5e04f442f607,1
3481,1321032420-c7c0857a19f727fc1b9581812ad0338e,1
3481,1323675600-4f37ba381a19d0fd8b7a4c3beaa22220,1
3481,1325900040-4204b731fd1bd9fd5fee60723f6a6ce3,1
3481,1325900280-17d6e09d276b5ffbc70af1ea6f036024,1
3481,1326494100-460a3caa180376cf3d7d8736a9bdd584,1
3481,1325550000-bb00f4ca866387edd8853023e89e6392,1
3481,1323375060-5eb96be5dc9e942ab7788f5f549ed85a,1
3481,1325987880-9db2d721f4fc1a2b496949ed67a0ce05,1
3481,1323798360-76408d32dfae64fb8ee3c6795ae1cce0,1
3481,1327015380-f73f69ea6b8f526ffa359ea889f11152,1
3481,1326452520-9c0bec1e219ae56b07d663c88d6e4c7c,1
3481,1327108440-ad2b7150f5d283fdde12668793472682,1
3481,1320443760-25d185f9979a400996063f763dff14f4,1
3481,1320440820-d64ba84320a32bc3e21efa3108773e4c,1
3481,1327015500-0878b2c19a62d54a098f295fbefa1bcb,1
3481,1325547060-d09b42383482f77be52d14a2ba32dfd3,1
3481,1321504260-fbc010a9321a52469588c92e8ca1c588,1
3481,1326444060-1db91b042679249679041325c4cb5074,1
3481,1324400940-bb3af8310337047d6e3a7eab5a3adc31,1
3481,1326909960-8218d6fcc6c895e56fb86874f2050c82,1
3481,1325881560-1a4bf582783dc99af47f91700f2036b5,1
3481,1325550480-3d1d09a0711ee2592251b60e895f15ac,1
3481,1325800560-3483c09b1b3b88fa901567df849d8abf,1
3481,1325887620-f41a9ee7efb01898597058fbcdc1a0a4,1
3481,1327046280-a71099434d07b23d3a494a84bd058ea9,1
3481,1324423860-48086ed41be17b71541baf2366e54bc3,1
3481,1326538260-85006dba4643e7f74e29132afa517a7c,1
3481,1323450660-d772ff4a851257cf985f7a6117eb718f,1
3481,1326545700-b8d8c42418fd1de45a7b62ecdbdba874,1
3481,1324992180-f1c20d4709540cb5cf8f0c257d07bc86,1
3481,1327013460-512afa0fc6bf57c78210eb24e88395c7,1
3481,1327831560-43d1d97842a8c8d2d6eb70108eb376d7,1
3481,1325897400-3d05b802640c4f703872d8ca2808d1a1,1
3481,1324043940-dd05f1b2888724a7682d215bb69ff550,1
3481,1327013160-8e0c4b4aad4010f7774a55f4b44e9872,1
3481,1323689520-1b4807e763a13da5022cbfb309c4925f,1
3481,1325979000-13ff272a3f0fd17827298e81d4ae4b04,1
3481,1322376120-7e835fa0da83fd1e33c225c17f4be719,1
3481,1327012140-6ee97414d4c780a6172b4bc6fde40cad,1
3481,1324467480-6435cf48cf7ffd8b21096d7d370b9a2e,1
3481,1325274600-c3b2c8d87b4a3dc3faa4b6df90c97382,1
3481,1325550480-a1e979f0410aa48b4e22ae9a7b8a9ce9,1
3481,1326027540-6c9460046fe3ff03d1df7b2ccc6132f2,1
3481,1326027540-2411c5c9d6d382d01fb69a5803280c0d,1
3481,1326236820-2893276610de9193dcb24a2d24488b51,1
3481,1327107000-21c67dd8ee127b26e56172b263951cd5,0
3481,1323620460-d68c7e9905089b8f524e05d5ace115c5,1
3481,1320604680-7c6c0bb822d3baede799ed7311e292b6,1
3481,1321448280-940ca6f80071ec34dbd7ee94733e9f02,1
3481,1324015800-82ffa88055233ca51d4a4fac32428328,1
3481,1320604680-c45044cdb2e4ababb9f527bc88667b14,1
3481,1323961920-8b31a9738a241f13686b2ba2c6490f94,1
3481,1323982440-77e12ac62544025d088214aa442aa098,1
3481,1320991380-f58cffb35b7dfeafc83d77eaa2f5d289,1
3481,1326133620-fb055713206da0184aeed3af2d0ddefe,1
3481,1321021380-9ad9fb15fd0b79fb724d506723e481e6,1
3481,1323121080-f881a70f3a2124b1043b3837fca3ab47,1
3481,1324971480-c8dfdc4eb878556b370bb54a26752749,1
3481,1323776820-d04b35892dcd85a1819729ec3ff9add2,1
3481,1320958860-a7b8866b75d2ad8b97ae28a46755af14,1
3481,1323486120-d2ce207615a2a6706d5af43aa7b20152,1
3481,1323967620-38c59693693647ff1ca019212c603d8a,1
3481,1326145620-b4c46887297841777e56ba3789068abb,1
3481,1323453900-061a3a612642798bb6858c3f941595d2,1
3481,1323484080-a031dfd9a25184523002dbc24f4e4bbd,1
3481,1321601220-0422a7bccf638e320eddabfaab8e560a,1
3481,1320780060-150daf4db98a174d0b53cb9e868652d7,1
3481,1321418160-b067a8a6dced1e89232a7438a9ae6447,1
3481,1323500340-14862382c8d5512769f42c717f1d9737,1
3481,1327131060-f3c4e800d045c4fe64668b78cb7f48a0,1
3481,1324205820-a6090d6750df197f7430c15ee94469d0,1
3481,1323806400-00632042ceb5940033b667d1286734de,1
3481,1322611500-23215e1f3b01e3da8e9a69352ac874d6,1
3481,1323927060-6bea76dfc7b2b7e8a97c7e21ebac6b39,1
3481,1326404100-81dbc3c4e83ea0f8c8dc550529605916,1
3481,1327018620-1fe117ef2ab3e595ac98509eda0cd7ff,1
3481,1320347700-c6f0a59b0703fb9ade357686b70a3133,1
3481,1326605520-40081b500c365b843ecf80cf7d53ba78,1
3481,1320457920-ddb7283df451bc92968a7254bc1943a0,1
3481,1326845220-b07f5b46d2f2970397edec320d1dc616,1
3481,1326784080-d0f26caae65b41083debf386edb4ae08,1
3481,1323817500-0ab79094f6f7d61dcc9cba1d9e16b9db,1
3481,1320415500-2959d77fe52a931dc7f6fe73d092f825,1
3481,1321641540-b8b86886b4a64e78276f0d66ad67db58,1
3481,1323484680-22679f442e05ad995b25e1ac3fabb5e4,1
3481,1326213240-10b707bb0fec41f8b3f81a06b0bdff78,1
3481,1323777540-ce3463e9b6e427c8150b1de7476995a6,1
3481,1327165740-b3da31189435529f8857b7f49e9a1244,1
3481,1325638740-6a4550fb46f77686cd9b04826b981eac,1
3481,1320559620-ad399c37a652b12bc0199ba06b860a90,1
3481,1321843980-ab36f544166505919cdc7a7906a29cb5,1
3481,1320717240-738ea21af582a709f341e84182365655,1
3481,1322073360-8e5d709310b05c865df7e1cd3070223d,1
3481,1322100720-6c4b55a8d344772b5a0a4e775990ba36,1
3481,1326521700-2f611b7e24eec3287e4c6c7d2add5919,1
3481,1320235320-25932149fe7e5d82366ca48955de507b,1
3481,1320234360-aa58680578579904769f0f218aad0253,1
3481,1321465680-bbfb545cb82f3adfc2ac78c32d696a68,1
3481,1320320820-29be9a016ce4799026219ae78e78647c,1
3481,1323190800-38d43c769ca277f2ab2bb565bbb08c6c,1
3481,1326521700-a11407e1ae58906bc16b1c4628b5efc4,1
3481,1324320420-0854ba75101f06fd3a80778202b6e0f5,1
3481,1326212280-06ecde064b3679325a5a48871d5d2a37,1
3481,1327829700-2572ac9f704692bff90fcee86334e22d,1
3481,1327950060-6950631fc089b33ed29c3b2688ea024c,1
3481,1320876720-1997c8cda4ad8a39b0a904baa1af9f7e,1
3481,1325653500-5a0641fe2fe26e3cf8f5dd712533c44e,1
3481,1326442740-5cb4109f05c0813071cdac78a95ee36d,1
3481,1322824740-9c9aae0f1e165ecfafa0164a9289031f,1
3481,1323391920-30faa6b2b15d0cb6dc3063ccec6ce6c2,1
3481,1320965520-6b42436e41d01625962fc800db297da6,1
3481,1327431660-4716dc93c24eea6898f77ec48d885820,1
3481,1325795700-042cc3ec06d2c159284b843cb7276fc4,1
3481,1321938480-6d71315fd2ba7fadfbc492b57be33640,1
3481,1325549340-b3596f7127137eb9283dd18687d4deab,1
3481,1326998640-a9288e8e2cdd051683353fd0a8d147a5,0
3481,1323531000-3b2f8e14cb1fe05e7faeb2a290097127,1
3481,1325890680-37be0f84d017baa7ca8305e73c2d1ed1,1
3481,1326324240-099c157f4c0358ffcb1fa5b771b57465,1
3481,1322063880-98dae64a4be94a4424edc6ef2316a060,1
3481,1320781980-c331feb8efbc8422e2a0f540c5865ac2,1
3481,1325797680-2a23e102285fd5720b2bff8fc12d5888,1
3481,1325557680-f383cf6a0e814cbe8617f4710056b626,1
3481,1327255140-0f4c13db794644fb39b492e57ea5949d,1
3481,1322724480-3fb44623842bd5087710fe960207ef6b,1
3481,1326101700-a93969020d32b49d821c4746fdb49198,1
3481,1322300040-83554123fd287558b6c4941860d95c05,1
3481,1323486120-8ccb27797bffd7e15fe0a44514b95dce,1
3481,1323397080-223c8b674873e01deeea9a4ddc9bad2b,1
3481,1323272280-50af8efaf3b0deafa9df87494e1f01ec,1
3481,1323147180-85ee51802d413c3c824f0c4d4367794c,1
3481,1324434540-8d72d2174171a0b27d1d0f679472e51d,1
3481,1323809040-5e044fa997e41f4743adbd2511fa630f,1
3481,1325793060-b0f86bb6c9f44aaf416ed35ef8f0edf4,1
3481,1327190520-fb1cc92d1cd456ef96bbf64884a86593,1
3481,1325367000-37e2e9b4846274289c866ceb7a9f3bfa,1
3481,1320354900-219dc6fdc82127ea20ca066fbadd08ee,1
3481,1323504000-9b6e8912d4c4e516cd30b5a90863e2ac,1
3481,1326378060-6c541a4933a76bd7b7ea00d9054986c3,1
3481,1325542680-67128beaa2f07e2e750324fc3add9a89,1
3481,1324467480-7a4c66981eee34a31143db14c4a5d082,1
3481,1324453500-cca0ca38e2dd4a68fdcb18599339fe17,1
3481,1325439000-b9da61337e6f011bc195fec351d3703c,1
3481,1321157100-c219ae9ac13ff95dfbfb1a98e3a5bba2,1
3481,1323232680-6070a0c36f41cf3511cfdc24f267fe09,1
3481,1327016880-733ff846198a646cf079f5c53d7d26bb,1
3481,1320812400-cf6eb57a9b8d0f18255dcd1f636acb8d,1
3481,1323146700-9cb4d7407a891cfc7e43d092e14bdfe1,1
3481,1325485800-fc280349bfa7ba3f2142333c47c46477,1
3481,1327021620-ac39b02ce7bae2b68b1e4583b10ffdd9,1
3481,1323806700-c7e941d966540608c70da4c34d54deb9,1
3481,1322692620-19dade3edcd8361f8df49c8af587b57a,1
3481,1326271920-5ec0ef814547e98abd2aa1f34893df75,1
3481,1325795700-ae3a47a2ebae520336360ee3c14e598f,1
3481,1325793060-6387bb00f122dd586a8a130a69882840,1
3481,1325796120-1d1fb2e10a97a904932fd2f97c3086d1,1
3481,1327103880-36e26b288474c43e9677ecfce9cfb409,1
3481,1322620020-1650f4a3b5a2d8120337b54397497add,1
3481,1320650640-96a4c2fe72f4a249e668301bdba1d954,1
3481,1326253140-dcd65fd354ddb0a522d12475530f21cd,1
3481,1321468860-257a416203aaa9288fead7a20dac1d9f,1
3481,1326377700-6d640135d790ce0bb6d68c82eb5ffe30,1
3481,1327958760-10358b7e848d7979589dfd74117b60f6,1
3481,1321447500-771cfc062f98e375f50c729323d32d6f,1
3481,1326425160-5c73ca30ce53ed342dc256ee8c91528e,1
3481,1325868240-f27d34c1bb652319f0c48b3bee0ad3ea,1
3481,1321491120-91822deec3c99a3fcc058e47b31d3697,1
3481,1327381200-7f1f89e2a6a92d20c73958a7c91391b5,1
3481,1325513100-f88b938c08d8a52e6c40259cf1e7c23a,1
3481,1327431660-d9a946f442fa1a5a3578efd740b4ee38,1
3481,1325539740-64856dd3fd27e361cab5a35fed64730c,1
3481,1321000740-f871f8cf25e70f6148256ad667b7bec9,1
3481,1321490040-782f20936d564d7642d75388eb942dba,1
3481,1326425160-a4e1ac385ec975d94b2596dc0f98e5f7,1
3481,1322610300-0cb4785ee21762758068207acd935f4a,1
3481,1322718600-77f40ccd0d999086c70b9d0973cc2d10,1
3481,1326557520-5aa19e4f3628390312673c8a5630ddde,1
3481,1327428840-0fb77b6d6409dd749f67d7a056d3cae3,1
3481,1322616960-b3b6e1679d6e453aeb61388034fab9bc,1
3481,1326438240-b38efd5580c69661c08effe2f05dacc4,1
3481,1325558640-51da1f8b5a95854586f59a6ac8e8dd6c,1
3481,1322601900-553ff125396d5b39bd3abb222ccbf720,1
3481,1322698440-21a7a8b97b9fa370a5276ab4d417c74d,1
3481,1325793360-f5fbb2245e4817a067b5118110c23e57,1
3481,1323986160-01026bc143dfe696b2142742364db0ef,1
3481,1327329300-0b2b237a0a8e7464864a846b6094adeb,1
3481,1325630460-afe5d1c4a214ea958ff9574c4cea29ad,0
3481,1323806280-b6d07c747a67512884b17d9400441225,1
3481,1321265700-2cea367e47be5da72e7bf88d8c398e77,1
3481,1320980220-02681b22a46eb07708736206a1e66111,1
3481,1325796120-863c63b736571e3da371d893d6394ae5,1
3481,1325036940-424404dcae8e3c95e7e50f616c3ea4e6,1
3481,1326344940-fb319b3259314d770bdfda8e5d022740,1
3481,1324019040-6ba9e77a567a4fa34c0fb6619a7504d3,1
3481,1321080480-f0afff5be3f1269ed37d0667d77755da,1
3481,1326169380-1f1dc7b4379f0f76b2fb5afa377b96bb,1
3481,1325793300-4ee804ee88a181324feeaa073a3fa3b2,1
3481,1327138260-f141cddcde2f3f47436aad2688bf3de4,1
3481,1321029780-cc3bf6af712f795d35c0d50c1db287a8,1
3481,1323490800-cade7e6e78a173ca03200d48e84f81bf,1
3481,1325793300-6ce19a6263d40b3b690f002d102c0d2b,1
3481,1327853040-cfb8fd1981aef48f4a9e846697b67493,1
3481,1321062420-fb3bbeadf84f298495f0ea52f0862b48,1
3481,1323148080-f3ec1a3d5b9329ecb4d6d9d123dbbbd1,1
3481,1321603800-8cdef44d538c9d6d9f4614de48f7dade,1
3481,1320333360-f033ec8e2d2df4d721a7b8c39e0430ee,1
3481,1323030240-db18ddb9a306932b1be909783d709034,1
3481,1326438240-99f19c2d7a4a952a13e9b37710f474e4,1
3481,1325871480-3746af6eb62189b65836fe4fd5bb78cf,1
3481,1323160080-80b940071571221e31ada496da0993ab,1
3481,1327622880-6370ab61da4984878899d6dcbeb6bfe8,1
3481,1322376120-022c4bb280d143a71baa4db39a852db6,1
3481,1320208320-ce4f344550f77ccfd35421d86d5d18ad,1
3481,1327327740-6973924146865c2a74945f9a737cbe6a,1
3481,1326909960-46c635ae137494f78a65a3c3bf66d22b,1
3481,1324271880-237f8a78dbffc125cb09dfc3cb0fe1e7,1
3481,1321773120-27572f74afc31b13f6c7143c28c9a360,1
3481,1326141480-211fe61f68cdfee8b0a501b2b1fb0f79,1
3481,1321403220-5ce386891b1b2a29b27f62f8bef7e380,1
3481,1321952880-fa77b25ee4ded81524ba2628fbb3bce9,1
3481,1322609100-716fc660f09f61a94ff234868ae34e03,1
3481,1321579260-ac7e8ef8995bbec1ba27defd38af9573,1
3481,1325732340-d94038d557f9a40242e1026129a27df9,1
3481,1322569680-dcbe755a9b60386845586700f940a447,1
3481,1325778840-a222c023ca91de4e32869ad018b13599,1
3481,1325872620-7abd526ef4227dd675b82a303e65c60e,1
3481,1321118700-449d9052c1269e213b2efe7d3ac836ab,1
3481,1323382320-b07af3e8b8449e89e2cd60c6e5063668,1
3481,1326425160-7f13b727d61ee4f408d956243f8204d9,1
3481,1327310820-617754ad540e4607329f3ae3ac1e7ac6,1
3481,1320686040-cd2736cf6090d34de8ae0954cecf64d6,1
3481,1321507200-1768be48b0b80bbeb08a3cef9886d41e,1
3481,1320996360-4db22b9f815c2fc6eba02cc4a29cef3d,1
3481,1320958680-319b1ac223cb1cdfc7b60e06834c18e1,1
3481,1324182120-bd97bcfe64078627d0ebbf85db395a45,1
3481,1326232020-5a1d8ee8f2c821463cd0c50708d75ba0,1
3481,1327223400-af3b6817fe067b3ffd6a640512fe9de8,1
3481,1325053020-78de06d3cec3bdd3c1c3a1e98aa032de,1
3481,1327393800-2463aad2f1106ecedbde327dd62cc19e,1
3481,1321776120-9f2f6bd148ff3ed31c1ea3daf6459dcf,1
3481,1326289140-3494efb33ed2e1904a6545702430ecf8,1
3481,1323295500-bd8cd6f96d1f347ddefb5475a8631e13,1
3481,1321310640-38747ad79a99db8528eeafedd93496b0,1
3481,1326008220-cd651328cf55f73420de44f3c373b364,1
3481,1327637940-7c5a99757029f22cacfeabe367dc1818,1
3481,1322718600-87b8b82f15699d2643b795327de54896,1
3481,1323801360-da4ce9d57ab4c0b136af41de06354e27,1
3481,1327242420-d788a50598ffc1448bb94df28a0e58e4,1
3481,1324991400-7788a383e0b503f7ab0d76f753485532,1
3481,1323531000-fc424365b771466d23d795b3b0050e70,1
3481,1327625340-b8b3b0be8836e1c23414ad56889b3435,1
3481,1320975180-a9072f673f83f7daa8fe9cda97dd893f,1
3481,1321147140-d96db1dffe372c0847caf82a631252f3,1
3481,1320960840-fc156845c8a3ade6b356575cd7ddb7ef,1
3481,1328056860-f3b9f6ffd454cb693ac793e853822947,1
3481,1322267760-2dfcc6b18ea44aa53ffa71c6daea74e8,1
3481,1326253140-63eb98df55b669b3fc6ac43cf1b7c2cb,1
3481,1325668320-012bbce1033642072206253e20bb4533,1
3481,1325977740-a005566a443d8a6a0ce206a75d0a0b77,1
3481,1327483260-dc80780607b0979e9aed395fd9207752,1
3481,1323718920-40c55ad2d7441707f336894b7d53ba20,1
3481,1321874700-c500cdffb755d392f983f16eae3e3e59,1
3481,1323852660-c46511fef52a5761136744b4e9422312,1
3481,1326442380-596606a7fd3f7df4223c3a315e51abad,1
3481,1322673780-94fc1abd2d854315e0af311c2a6ffff3,1
3481,1323765660-3b55040e4a10798370e8e2f1c83a7d6c,1
3481,1323852900-266ffe13f66970466cc45ad88e289bdd,1
3481,1327213860-a242111794497e6bcb0482d80498b54e,1
3481,1320563580-297339a0b5e73a735d146eb70fed11ac,1
3481,1327718100-4569a61476fb9fcf8b32d7b4dbef29be,1
3481,1326153420-29c056950e7af49454caf3e63719c4db,1
3481,1327021260-6676dbb45324d57f4882520a99854d66,0
3481,1322550000-459f4e0e8fd5a9cc41d739c8f5ace5b1,1
3481,1327649040-ce45a9a9efe239b21112d034561092cf,1
3481,1325794380-b8a24189b61b760548a87218d1300ec4,1
3481,1324631820-31e86057685dd78cb28c1f5f30cb9b73,1
3481,1322107500-b4c8aed006d5040311346ebfb33536b2,1
3481,1323701760-c13718db1303bf495a9d1aa30af68c1d,1
3481,1327505520-679c0dd327309f893033d02e4e1eccec,1
3481,1320706380-96484864c3f2ce9d7c7035c9e24c5ae7,1
3481,1325473380-c4ac1e82cdf2afb34756060961c904a6,1
3481,1320981900-bde7bf017a872590763c109c7ed8266d,1
3481,1323485100-3e6c9bb343c19510ceb7b558f43b8b56,1
3481,1327345260-67841d23562c7e78bead732140eb138a,1
3481,1327467720-a79d6a97bcc63b3ce18f7661e5c83679,1
3481,1327434900-cc9d0afebb69078f89e329f8043c78e8,1
3481,1322862000-6fb385696963181e80d19db491e81d6e,1
3481,1322707080-ae7eac057fbb4855285993927917beab,1
3481,1327160160-72e5d56da14a3ba39642861f50d3cb49,1
3481,1324392780-6af580d484f81f96a7723557306bc6a9,1
3481,1326579840-8595edd791d9616ad11a6d6efd2496a1,1
3481,1323692220-5d35d27158cef7e49d4a6789901372f4,1
3481,1327126860-ca5820dda20016b784d3e321987a5bb9,1
3481,1327744320-82713dfe9314a5d7f5a2eca970e5b6e5,1
3481,1323592200-7c3703f287fe57895294898bcf613518,1
3481,1322960100-715ae8b24fb4f3c6b22288de93e4662a,1
3481,1322063880-57e84900627d92596f20ad71aca7e887,1
3481,1326008220-be2bd42f31a1ad54b65cb1f87051161f,1
3481,1323493500-0e648515ea47f6553690e31b9b12f487,1
3481,1322039520-9e858c7b2e81c83c81f5f40462724d5d,1
3481,1321550340-d1966db22acb8087835adbb3d2d8a796,1
3481,1321556580-7ea47ce2c792d9ab7262cffdd3d60b68,1
3481,1327158120-74527c6cf219ce619a7cb8efe46afd5d,1
3481,1324991400-f4726e5fb139fb42383e5b019787f0e7,1
3481,1323475620-ba37d377a8ba3d90d24778db4224bbcb,1
3481,1327212960-403b0a12402f25047eef95fb8aa76c53,1
3481,1327009260-d4702caa3d58306cec919ce5495a2309,1
3481,1324446000-aa6819dde23777a83ae59ea0c29e97eb,1
3481,1326496860-28a41c46ecab4046ee1808c245d2fc67,1
3481,1324446000-0a36d64d0ec27a4f7348d4e98d2073a4,1
3481,1322815500-5a136ecf124a30073f7ba237644fff91,1
3481,1320680940-c90aa6e04f9553c51b2fe429215ef727,1
3481,1326068640-ce8bc2c9bc554303952683ef14014b11,1
3481,1326274140-13d0efd993323d8dbb2fb9391711fe51,1
3481,1327327740-f6ea71ecab59556e4ff167361fcf4c11,1
3481,1327462020-84608defdb9180a2f7b9b91899f0dab8,1
3481,1326214800-c5cf7016e0a65862b244888c10758adc,1
3481,1326011880-5499b0c8280c06d8bc593f1ec49fcd34,1
3481,1324514400-d92b73d57b0658b76cd06cb98723833d,1
3481,1320863040-bf421de65f33d15ccba442d0a6c001e3,1
3481,1322808660-5d9fa5bd3fe57a55d92eb0186393b7ae,1
3481,1324143000-7a6dc2d0c650b9eaa4c9b0c14a412ded,0
3481,1326630960-c44b2086a64795b9b1b0ac90a9a49af8,1
3481,1326733020-8d42ae7305f9a8f614f1d98bb104f20d,1
3481,1324902600-4feeb82b00a954051c0dbb9a1e8e2644,1
3481,1327252800-b81d9f3dd0800aa8de1b0df9d90cb025,1
3481,1323144120-b69be189e0317bf55eb89959465e16a7,1
3481,1323380880-65b634013504c1ab488028458266a68e,1
3481,1327008600-788c6dbb70a0641de0fe9ec8c68cb95b,1
3481,1326289140-aab2bd8fda8038da059a6f248d10bf48,1
3481,1323710820-dc9d3905d8b33d2f0bd20cb8fcd68575,1
3481,1323364980-369f6ddd8c637c0a733a608e4ed3d18c,1
3481,1326168240-b0c3ac3ef78f6d5fdb874a05debceca8,1
3481,1324033440-33306cf9189d74fe66462a541213fdc0,1
3481,1321472400-f26d67dae22fe9356d76487c854e247d,1
3481,1320470640-3f57227dad0bc44e56ed2efe7083249b,1
3481,1322027040-36e80bd0ba51eee6b49ce9a5c9c456c8,1
3481,1322865360-166be477f71506cd465d0dc2464f0111,1
3481,1326556260-763e11d38f8dbba5b4c09d971958e9a7,1
3481,1327970580-3b66edb93f9c8fee8f74a3c971a98406,1
3481,1322772240-83df339a637959c85e05104f58e85bcb,1
3481,1323692940-006162631503985b975004d22f982579,1
3481,1322206500-99ec852b878abc8365092390b0edd454,1
3481,1321012500-ca5d054f6324d5832ededb9639c367f1,1
3481,1326833820-2aebbb314bb5537ad066aa0ba7856f20,1
3481,1321566240-82186d84be74870b9db56bd6b697a165,1
3481,1322644500-f2416020d0f0acaeaaf76a9209f4493c,1
3481,1325002500-bcc012d08ee963899009f6261d0b79dc,1
3481,1325985120-a82df27d1706ce3dc5d6981c7ceb9761,1
3481,1327043760-401f582e1144c127d004e1243b9c528c,1
3481,1327010580-552ffc5a66a651ca49c1631cbe6b6ac9,1
3481,1321724520-0e26de55f936b39855569b212f357d8d,1
3481,1324370400-9f0a1fdf7a6136d52585e9d7798acb03,1
3481,1328024820-d653154f7874f0894dc92e339ac01eae,1
3481,1323260940-7d100608de882815fef5d8fab49909fa,1
3481,1323009840-9b16a0040666775bb170dc719c0aee17,1
3481,1324972200-512b28161fece11e1fb8eea2c338dfbf,1
3481,1326577680-f042dec779b0520b835d4987fd8ce48b,1
3481,1326798180-5046ad32b3407e8578a38988143960be,1
3481,1322638620-44d0c7811761b40a27e9a9488cfcf103,1
3481,1326577680-0f676d1579d2b5e8f415b9a02ca77941,1
3481,1326538260-a7c2a6b80c1991b2dfab89f2b4c31926,1
3481,1327009560-abeb2012955b756b46ea1b91dd44b876,1
3481,1323088560-c5c137d766c38650878aa18c79887055,1
3481,1321723740-648db3cd15eb5a547d313b4a3fa33f47,1
3481,1320847140-0b439ba42616349213c9919bef581688,1
3481,1323848820-ab1415d7eb626f482199509676ef052f,1
3481,1326011880-baeb42f8d449728db35918cbddb71fea,1
3481,1326950040-bb353b5584dd11ffe3a7df81996e04f9,1
3481,1322543760-3ae48f3eb88b0e9ede742e95d3e5b01b,1
3481,1325945940-466c54b9db7c7c8de7a0e89e8da403d5,1
3481,1323375060-6defae37ba97f6dc4d27151d269c7a2f,0
3481,1327435500-56dec91af95fd15b2eeaf667b5f83dac,1
3481,1321615020-fa67f13fb30ff04abbc28f677fad8e5d,1
3481,1326554340-2f9a823f4ef8cdf0d3e794a3fb7ada90,0
3481,1325472780-a8711284e30154b3da5587a7efa846a2,1
3481,1324309560-dd293841c82fac2c573bb47dcbc47350,1
3481,1325703660-8d7cb67e5d88a4a74571497319adf137,1
3481,1327455240-39072264f83ba05c0f15d5a1c310527d,1
3481,1325274600-8e040354f05e73b9bdd0ec30be11a988,1
3481,1325468160-b6a9debcb5ff5ee52e5c5522af948b80,1
3481,1322630160-db93e1a9ab81ced9da998c67a4d27006,1
3481,1325467680-54b6a736f688a9a0dd5d235eee7f70b1,1
3481,1325668320-dc6c74985b55f430a485d6527dade4c0,1
3481,1322488080-6be26d0f814d920e8a80195ab9e5946e,1
3481,1323718320-5117edae58f8246d2a23fca4ef1ec3d9,1
3481,1327387080-4be187688e3c326cc94af98fb9423fd1,1
3481,1323490620-0352a21252cbdb8c050c26df9f4322aa,1
3481,1322737500-c372a4c6d34163106531bc9f001cdfb2,1
3481,1327394460-811aa80b146b1c7e321656ecebb49551,1
3481,1321566240-768f0d4ade516de9856a75da79383bb3,1
3481,1327122900-7861fb1bfa6e015f4bbb0e8dfb90a7b9,1
3481,1323624000-2a1484f1e37e5a431cbc1e402353d206,1
3481,1323630720-427d0394371c2f06f4211a887326a7c9,1
3481,1327424340-36f0d1a4152894f6478f1df8c1386373,1
3481,1320647040-fad1ca1f9cb690176b04ca15d3a99b78,1
3481,1325914140-99211c82447676c02fd80f82ed027e21,1
3481,1320964140-8b33c597e76e8643ffeef7ff141db9b4,1
3481,1321912860-9f631106bf7c24cb5b7aa13b47b4938a,1
3481,1324148700-39604bf558d916cb874429fcf464d300,1
3481,1325914140-c944142a6ab40ef03e172e1f61676fc9,1
3481,1325727900-c5c7d398761c47f9c0fe3f0eb5a7f9e0,1
3481,1323701760-0aa7929f823f95dcfb1efc550f794ddf,1
3481,1322630160-d4327d3bfff26c09bac44868f58c7d1e,1
3481,1323888060-831fc32f0b45b46fb92212649970b1d2,1
3481,1320187080-3392b1cf2688c8019442c8209cd7ec1d,1
3481,1321886760-1a61abbdf1b322a9850c8804b3b2eded,1
3481,1326798180-8bdb175fca35e1ab76195fc89d725341,1
3481,1321509420-892a94739351681a6056734f56cbd783,1
3481,1326733920-11107cc9a5ae46824298b4f2151065b4,1
3481,1326733020-85919148921f920814415ecce25d985e,1
3481,1326735240-316ff2b7ac4aab1c27e61e2d7e485188,1
3481,1327127100-d0ed5b8b81ed4ed74492c27f91e27c8a,1
3481,1325730240-58a2f485614dc7a6a8476f1cedc2a88e,1
3481,1327127580-532a55cd01c2332cb4c409fea4a3af69,1
3481,1321392000-1afb81c43388f72984528e924f5ef7f0,1
3481,1321078860-62825c3c471cd965cab3606a10031428,1
3481,1327938660-51dd314c05589602f2933b4a504345e3,1
3481,1322787960-2676d78e0742805b670e58e1659af74c,1
3481,1326378180-16ef563044472ffd9919e65b8725efd7,1
3481,1320305400-32099fdfeb885c7943afa17f302f0bd3,0
3481,1327502100-9f9c32a8dba4a37029eaf5bf82cce351,1
3481,1322835480-3094254797571353235c1136fa019d54,1
3481,1327136700-23a3cfdc5c52796a3ed4d05d490db8eb,1
3481,1324905240-33bf7b303683458658b1d3a5a664964a,1
3481,1321996620-533dd372597cd2600a3c9d36a05eb573,0
3481,1320482820-60dfe0a3b2aa87b4005d20014276b066,1
3481,1326856200-379c7188ff6e69d4e8ece05510d92f7e,1
3481,1321766760-0939d06f9e6c7af1a409c1a22683a56b,1
3481,1323199200-f936663ff44c69b150bc3622a8a63283,1
3481,1325401860-382d6ded68eb5bcac5fdc5731102cc89,1
3481,1325720220-f2ef8d67d63ed18968e03d7d71fad9b7,1
3481,1327126140-5a104c1f89b6fe5f77538dfb8e8ed280,1
3481,1323623940-f1384ac64191aece0696304114370924,1
3481,1323329280-29ab892b2a8025ff540df69767be5d94,1
3481,1326291420-906b80ea3560135b7eda6df1a4f927ba,1
3481,1327000680-332b3b2bca9162e5ced6ead9bc7ad2a7,1
3481,1326391500-62f8c2e106c2beaf58895344159e97ee,1
3481,1326379380-c52e380e8fecf45c2d0b39a9143246de,1
3481,1326377700-445cf5110b0233090708eba2c8d021d4,1
3481,1326391500-835e50797156c4a9224887d810c4ccec,1
3481,1325403240-1a3354c29908ce6b16f91625ad910ac0,1
3481,1326377700-505b61cf339e7522ed34cfeee5f6725e,1
3481,1320239220-c2c5fb4069024c80ec688d3e58d57749,1
3481,1320642300-28ea8d3fd557b86c416fe5088e6e2d1a,1
3481,1327042980-14c80f429df2a58e260a55553a5a6601,1
3481,1320991320-b589d2856f848f23ff382dc846436014,1
3481,1326216060-a1eaa2974c8092c4c3e71aac33570f38,1
3481,1327216620-f3ce0fb73b422a9df0b537f815cce205,1
3481,1320649620-6636749b0077ea49d7284219995d816a,1
3481,1325355900-3e82baff2ccbb435a8d02cbe08947339,1
3481,1325377560-8e9c7b6f96d7f8c778c2db25d2f89fcd,1
3481,1325356320-f75aa0ddcde84c29c5281278d7abb248,1
3481,1326467580-47f82aba37cfb66860acee6fd16b2705,1
3481,1320167580-53fb90048cb3f0ed77b957bf65161308,1
3481,1327061700-28a3e3a40406ad469f50a99db0f05a6b,1
3481,1326361380-718b078c22d0cc189ea0b392c5bde13b,0
3481,1327938660-91dd415a1363374d7e56fe946d9df162,1
3481,1326405240-02d8c606e551680ef7494130450d4a26,1
3481,1326348840-6ab32f721e015d74b5ba29236f808b65,1
3481,1326383700-78f05979cdd8d3aa35d19aa07c353b56,1
3481,1326416760-d307b1b31bd1dd0311024c5d1f568875,1
3481,1326394860-abef22c6de52e58cc4dc66717ef55291,1
3481,1323543600-2be1ab64997cb71c0a8a8aae1c08071a,1
3481,1324341180-90661127296f64a0b045dabd9c48f220,1
3481,1327380540-9069b43bba2286fe9d87f7f7ed781d05,1
3481,1323678720-45bcf75332f1ef6afcfdb019f7e9d11f,1
3481,1323678720-31aee7138d03a2e3a9606612caf2cc10,1
3481,1322179200-8cdd6842586f46d57c861c2ef26a8dbe,1
3481,1326505500-9b2919f95ac3b2a75349cf0fe706bff1,1
3481,1326500100-fed073c599fa500efe457fccfbf3b0cc,1
3481,1327684560-d48dd0ee0ad421d04cc00d48d342b4e7,1
3481,1326205440-834f4b459ebb8cae4a820a0a863f56c1,1
3481,1326130740-5b794787af6070b17258f2577a39cad8,1
3481,1327420200-75e9d3016c8e6bd8772e004fc171255c,1
3481,1327487400-deaad2f77bd39f2abc7bf2c63ddc8fe0,1
3481,1323794580-649b9a242c1969b1e9ca382abcc31951,1
3481,1326216540-3b46269c91f26a8dd1943f9fa5bd6ff8,1
3481,1322828820-6d7f4a0310b85d9dcebb9f19f4d40546,1
3481,1327642260-513672c41e2a17c4e05c05f8de5bb803,1
3481,1327821900-26676625481c2fc3e0d4be1565156cbe,1
3481,1322472420-dedab12dec00646a6fd0d0ab91d6eb04,1
3481,1322916900-5a1322a5520f98b4c4d54fcc563f242f,1
3481,1323992280-fcbee5ee7eb38a18f0f508a51a370618,1
3481,1326732960-b9c78bde7b93085323fb233dc70e3b2b,1
3481,1322680680-aa8a5e053810453885cea918e94c0f3c,1
3481,1322119860-78407132a0d5db946614061c8f8a2ee5,1
3481,1322794020-a0f6b35af855526eb7144057054d03ff,1
3481,1327557360-810bb2318f7026ee130a40a6542fe147,1
3481,1326811800-39e21055f7eeafb846b0e55268b5704e,1
3481,1324975260-518ea3f52b17a600df4d21f9a88f284b,1
3481,1321721400-f5326f517aa84eda0b04ed41144f6d47,1
3481,1320911400-fc041988f0debc40ec7a9e5132b0a7db,1
3481,1326892620-071c2d1e6f1dd5b76a7b1d7cc84e641e,1
3481,1327678380-540f9adc2e1022026298e2e5edea0c3d,1
3481,1324990440-1ffead5155d4755d450a20d12b167354,1
3481,1322562180-454813993a03339e0296ef38fa279e99,1
3481,1326304260-56ccbbd557436f2789d8d3d181d27b58,1
3481,1323365280-6f5138516340b5c76b6e21d04d7d280d,0
3481,1324341240-55b54e6a35f83b357210211eabc180bc,1
3481,1322472420-b20a97060ff9dc1447dd96444aa2ccc6,1
3481,1326813060-5f6ddf64fcfe402dcd20a930474c54c4,1
3481,1324440540-6e914584343d22f891ef39a66ae3d047,1
3481,1324393980-2443f67e577623b0a8ce92cef33333c2,1
3481,1324353240-6d33d71ee68e9a76e774120173c1b323,1
3481,1326667080-7831b6b85405ce8b43af0e871cee25b8,1
3481,1326853200-65bd10c3d8e3c1e4ef1aa72b5a40d754,1
3481,1324878420-d185cce896b90c1b503c54df21c66156,1
3481,1323372480-89ca5c35484059681795283d2328d55f,1
3481,1321294920-d43558ae22163c955041ca853ea809b9,1
3481,1320561720-7f88b850ccc70dac23d351cf27d9a764,1
3481,1321438320-41d09ee8cb6a9d8bb8bd04309da7bcb3,1
3481,1321290840-fefb8697daf2b2fedf19b05620706912,1
3481,1321291800-0049a868a26e55cf93ead3b0f0ade832,1
3481,1322652000-84a6e2aac40fa20b0fd1f316d3fd7ba2,1
3481,1324876560-5ceb0b613698a25dc9af844321440a73,1
3481,1326179820-16a005dd05be5fdda6d518a12e284c1d,1
3481,1326802260-6266fc9d8b3305bf6cbd055507be9a8f,1
3481,1323804420-7d33efb6141ec6dfc2e5b9349bbf0e24,1
3481,1326222180-10e0de0e8568ff77b2614364ccc5f7b1,1
3481,1325233620-47a729c27b5c294367ba037f804fb9cd,1
3481,1323799920-12752776f30cc921f170869454d6858f,1
3481,1326261780-4ae32f8df863c1dc17d232fd27862538,1
3481,1326558000-8be7acee0ac833e964f4d193b588ea3c,1
3481,1321460460-f9283b13d4d56b72a2eef3812bda67c7,1
3481,1323808620-6840b7082c7ae91ef582fb2c2b97a1ed,1
3481,1323830040-c858fe1b98156a787fab1ce1658e42e7,1
3481,1320816000-f1527ae49bd9e8ee48c811192f514a7d,1
3481,1323656520-28b5e5d0a7b32f356f2b2bc9d8ae7dfa,1
3481,1323707880-cddea60846adba811700fd075b47aaaa,1
3481,1323718800-f367d229c24cb439fab3ce2dd418a906,1
3481,1323662040-a40e20d1fc5ca4f1617e457480e833cd,1
3481,1323667800-3c2b2d0f7459a2ecf1ceb748045a6b3d,1
3481,1325157060-5ee95895a687d54f2d081d4d265df605,1
3481,1323966420-9901800664dc1fd9817c383bd733be54,1
3481,1323866640-2f2504535e9acff79fb175050605d591,1
3481,1321924320-cad68d8f83af8ba40c0cc1dc9042e971,1
3481,1324841820-a219c438e6c19b97a6f732f305b3f0e9,1
3481,1327980300-9ec5d49e2a903ffecf13a660071bfa8e,1
3481,1327404360-76b58b37028401263a3c8223bfcb7e08,1
3481,1324847400-118fa0df3d927ae60aa684ba7c8da9f4,1
3481,1324859520-977e3fdffe6e162f2609d28da6171fb6,1
3481,1324870740-98567906e6622ef25c229ebadac3762b,1
3481,1324853400-4981d0e94fa5c81921262abd035984fe,1
3481,1324865100-abc3b6b5120501e5765b3fc95b07fca6,1
3481,1324876620-a8f6e9deb0dda46da4d7604299113409,1
3481,1324772460-12ac20f1e67d0b8428f139a221f1992d,1
3481,1324411500-fa6233d3ed79526e3644c7757a2d98a3,1
3481,1320829860-d84b2d07045325a41691e4c65d62357d,1
3481,1324440540-3bfa221ed4747f1bf80230120d29bd46,1
3481,1324393980-44ea3fee014bf4538c7ed457a1478e97,1
3481,1324041960-4734e20c8a92064abcfe62e83a8c7524,1
3481,1325633520-f96b351500924e42b6c06320bdd11ac9,1
3481,1321270500-7cb025aed71bed71e42790cb0c5fbe15,0
3481,1327486860-09f9041a7060327ab334939448a85cde,1
3481,1327510080-4a04902d1a7f4a41d21640ab8f9a77a6,1
3481,1321168740-65cf608ab9a754d1f02da9c478c5d8d1,1
3481,1326811620-5a853589e5ef6edfb2b6fab5d80160b4,1
3481,1326832680-f43460d96fb08d472b98ea9ce5098982,1
3481,1324702440-f2c64a9782da435fa3a876df0a87947b,1
3481,1321115580-722f4d660e05bb31ad32fbdd244cf5e1,1
3481,1324372500-54ba2c9c41cbe78191d8cdea3e090706,1
3481,1326747360-9eeb6ab4ac9b18e32f8b57436ffd5e9e,1
3481,1320927840-bb8c571ef4aefd2c6de4abe6af6a2ead,1
3481,1320940560-d8e93650b21915d90ee4a97f804cd32d,1
3481,1320744720-a42ebd3861e2fea7c9ca83d581d65ac6,1
3481,1320598020-fac116a70d91acf46f59c63bb3cd80aa,1
3481,1326231000-14bf3810bdc0d2fd7e01dd8660961fd4,1
3481,1324284840-5165df3e86d04aa397b930c83cffc780,1
3481,1321657080-d6d65724285dae690e3739847ea13d00,1
3481,1320940500-a7af9029b7c586d085b3fe96ad2b0041,1
3481,1322643420-bc55aa417cb39fb20b3a058883671bb3,1
3481,1327067280-bb25ed7de6b6bba918c3b0312f528b71,1
3481,1320765540-b6669a032e61295325edc41dadcc00c7,1
3481,1321241880-9181c0edbf085378e2e42240f88b3671,1
3481,1321219680-70cce39875c1e6c081e472b8477590e2,1
3481,1321208280-8372a020dfcde45f1364ef2776572c45,1
3481,1320817920-64dcd96380d51dbc41e2e128a2a2f924,1
3481,1321309500-aa2f492ee8be8c2e957f85baed73ea61,1
3481,1321308420-4c27243d230bc11c4d6ff3bd865964ee,1
3481,1322374200-669c04d2316559accae3650044dfd706,1
3481,1321369020-a11abb32ac4168439477e7719a258fb6,1
3481,1323908340-ddf5b4784e7e873e29ae117697ae28f2,1
3481,1321303680-8c70478be97329c6b94f5eacd95ac42e,1
3481,1326832680-669991b0a7c3aa0ae1a60337a7c68089,1
3481,1323787980-cb92fad6a543371304805e67fa7bd5ae,0
3481,1325862240-21b6e171f74f82f5279f3dab522e71a8,1
3481,1327619520-986afb857de758f5d7b1a20efaf61c35,0
3481,1323624180-31fce229ff4c3bf2e74f2737b79f70ba,1
3481,1323624300-9e1c4ee807c257c373f1a20644ac5678,1
3481,1320464520-6e4bf6c1e9d3ddddb373500c59c9e707,1
3481,1322433480-9dd27ad4b5b752b420c369369c68d5e9,1
3481,1324288080-17464c6a378b416a6b5f0bb386bf769b,0
3481,1320446100-4632b770cb3610cbb86ce8a356f55480,1
3481,1326381120-ae3a90eae3f6fffa8cf374c0d46d13af,1
3481,1327128180-0ba55d737e3299463fcf79cafb29ceec,0
3481,1326204660-6c140c71176db9b23b827f64346317c0,1
3481,1322737500-cff6860af263ab746ed0f8186dc6afee,1
3481,1320799080-50f33fb9f1ab91fda57ad0b48edeaf0c,0
3481,1323436920-77c0f89ea4726c545ab731e76e451a06,1
3481,1324847400-055ae458c11f8b829b5bd2a31648d03e,0
3481,1326480180-acac739464330d99b369538702af4d97,1
3481,1326502920-581e5186caeff1ceb2521a28de8734c0,1
3481,1326479100-f94ee8a3741bbbd6cac2ac7d8a754d1f,1
3481,1326479100-3b4b75ad6062d557359e68c3ecf2d504,1
3481,1322708700-4cb2b13325e2383cde6349a4d8b118ca,1
3481,1323798420-24236abfbe047d2968d6902d0b2c37c9,1
3481,1324455120-31869c0eee65e2a702d9f5395bcc6427,1
3481,1327526700-24f6eaeeefbddd9906d109f107f52c90,1
3481,1323674220-46294bb4e5d28d51ae2365e2b84aa060,1
3481,1327146840-bec897e247ada2ec99e2fae2b33b90fe,0
3481,1322092980-0e9f88dc804c0b5a7093c7e1416de747,1
3481,1322889180-00aaee69cdb2287a9ce187ed00bab5ef,1
3481,1320992220-91f89c1a3281349dd6ce4ac88025c097,1
3481,1323967920-4477bd20d23ae9899035e72ff1fe770e,1
3481,1325752380-18d246deba66bd8be1e0a7526a240eff,1
3481,1322670360-48a70a61a9d476be896b2d7d7dafc605,1
3481,1327680660-04cabdf6bdfc03f58d74e43cdd814218,1
3481,1320707700-969ed402e9fe8d04252a1911bcf451b1,1
3481,1328061300-4003ea54802b846076522b7b2252d407,0
3481,1324904760-c5c56b359ab37b94f45b027391beacf0,1
3481,1322768460-fe13922d7fc8cbdbc4b28b76c5cdf42a,1
3481,1321062120-c06c01464129eef7a3fcd37431596b4f,1
3481,1325003940-0b02e9741214c3a83456b4deaf6d7ed4,1
3481,1327823520-83f8eacd490edaf6f8b3ceeb8598f26b,1
3481,1327905060-7e35ea1e59f30a25b1e05580b0c8b507,1
3481,1320417840-74590fc4dd643431f531da53e6bd86d3,1
3481,1326292680-d1ac5ef3fc09bca88e4c2d08de964718,1
3481,1327327080-ab18e9b714a402d7f7f189aeb067baf8,1
3481,1324964880-0da7f6acece6cca999e8cb317dbead06,1
3481,1324977360-8a8e3948cadd7031b8db7bb19877bd00,1
3481,1326481620-208cc0897750dbe3fb7667de4869ce58,1
3481,1326481320-9c7f73750e406474295d37d6c7ff6c13,1
3481,1324977360-cd3beb949ab498498dd810f96cb0b9d6,1
3481,1322889180-3df2bc9c1f3218df2b2618592761e52c,1
3481,1323450660-610e44040a38df4682aab524ab06023c,1
3481,1321336440-1bfa1aa0c63e04cb6178a19359bf7a65,1
3481,1325001900-2bfd8ca881e674affe778399de74d7ff,1
3481,1325749860-bc4eeb79598af5f4ec8c6c1582c8d7ea,0
3481,1321075440-198ade704cb2fec6a0afbeebc8aa82c9,1
3481,1321082220-74256fd91545572d6645a9100f61ffa0,1
3481,1323325500-c9cf2f8f286be0c02db64d89db426945,1
3481,1325370780-381511d12a062c2956710a77868938f1,1
3481,1324407420-a95d7b2ce92784bf2849e6ffba48ecec,1
3481,1323902760-6e03401bbf6bed5e4355c3388f9e0d01,1
3481,1326815040-31ca01bf4678a1f8a043463e7f2286e2,1
3481,1326898680-a177f667a1066f292ecc39297e9a9a00,1
3481,1322305740-40573bde9bbe983d21c275d01df11fbf,1
3481,1323951840-c43fca3181c5ee7e6032bf2d3dafc5d4,0
3481,1327538100-aa4d1639e7ac4543df28e1ed7ec87e4c,1
3481,1322986620-4cfecb13c3fa78e436330a1dae52418e,1
3481,1323769920-6b26d2133358d21c32ca41c5865aa12c,1
3481,1323442800-f2b591ea3f2cfdc7c7527fef65bf46f7,1
3481,1325237400-319e2c8b5808497dca9b723b48716dee,1
3481,1320695460-682a521582f2f80d8e2684f5f8ad49ff,1
3481,1320470640-18f22cfd9aceaffeb998c9d5fa180004,1
3481,1323895020-4c033bdb1f4dc250cfdcddda7779ef71,1
3481,1323925140-51cb419df11783f39916a5ab16a3c56a,1
3481,1325370780-22fd289c9c0e7920fc876ae02be4bf29,1
3481,1323815160-2ec26a165399e696e212da786e71e897,1
3481,1323475980-3f5e322c4b198625711c866089fab249,1
3481,1324230780-0b2c40dae90f3fa913b45caaaee30aa6,1
3481,1326793140-97bdf0c8222721c8ea075ead48f76f24,1
3481,1327493340-c3f7d368c5b5a175ac8c0011c5351fed,1
3481,1325194560-6bef5256dd400154a2742760ad3c465f,1
3481,1325409960-c7d35cb13a151b89c38c822889232083,1
3481,1322580060-0aefc181eb42f640e8800c4b28aae86a,1
3481,1321938480-9848ce90c02b3d3ab2f53111df956b93,1
3481,1327587180-78a13158f8c776091f00605c7b66357c,0
3481,1321404240-129a90d28de68e91e735575c0d03dd49,1
3481,1322567340-4ddac4e5ddc091249e386d30d131c7ab,1
3481,1326115620-5938146235a1f2ab82ec16b88eb9110b,1
3481,1323015840-c1219383bd89e6c1799d5c44f7cd806a,1
3481,1325365620-7f77e7c9eca3a7fcdcd11d7edb06c231,1
3481,1325366340-beed097ddfa640ac5b9947cba7fb36c2,1
3481,1320821280-f6609962b92a33bb735c137cc21341a3,0
3481,1320828540-c2abd0a207fd9bf487afe05845778ef5,1
3481,1325389500-d0b701caefb1f70ea147a9084fc454b3,1
3481,1321431420-f6fe4243be5b59fceb69477c72ddd3c7,1
3481,1328057760-6f784ce840e80d3cfa2fd60d626d6aaf,0
3481,1325554560-faded48dcf17ff73dc9c751d8766e1e8,1
3481,1325638740-5e80515c525aa01c34eb6426392e5b98,1
3481,1321895100-a7b9a18c797c09173d7dfd758ccd5923,1
3481,1325533200-111d807d60f42683ded7ae75de98013a,1
3481,1326432420-b835b10e3afd519f21a6a7e60dbcfc45,0
3481,1325668320-f0962ea86218454a35a5edee1be1b40d,1
3481,1325620500-7c97a239afc124638b5a289fb8b3b1ae,1
3481,1323808680-a5e30fbed7fbdad77bea03072055eea3,1
3481,1323582960-86a6d29aea47e6888e5321c88a70096e,1
3481,1323807180-dd6d1379d747d4adb57f009f4406eeb8,1
3481,1326921780-ba520d78181b4597fcdd5c94f2db0e2e,1
3481,1326380940-09b60821c05d494b347dd5dc4d6d5422,0
3481,1325356140-d88f45270bc44db3d511267768124b02,1
3481,1325930820-8564a35daea1edbae944ffb93acb5c19,1
3481,1322664840-dd99fefb80dca08ab550d8f6b441b7d2,1
3481,1327832820-58877b06999eaf4947dc988a7ed9cfaa,1
3481,1322725560-76dcfd17f68633a33cea8c6b7077c8fa,1
3481,1322784480-7275a78cbef582fce1f1c278c5e8415b,1
3481,1326618660-90189f5650b04144cb1feb2cc60eaa6a,1
3481,1326625440-0a0e1249792ae0c6a0532f0884948945,1
3481,1325365620-dae4555b5ba93b671f5ab80a91e9002a,1
3481,1321321980-64bfc35408fb7847f6604629c00f55e5,0
3481,1327300920-8a914fd30bc944a2a98e61c21ee01039,0
3481,1323580500-218f40f71c0055a4987c28d8dd5d7e3f,0
3481,1321024380-29140945922f4984aed57823835a099d,0
3481,1326558000-1627c99f7e1fc5485e7ff3bae367e32d,1
3481,1321686540-27fb94954ddab1211e5235445ec6c8e4,1
3481,1326555660-42680d48853a7ba6e1239e2a355414f7,1
3481,1326630600-54e9c865501433b71ab2b41f169ffadc,1
3481,1326630600-7dbc5d1ed4add1a4b10f46ef7b04de75,1
3481,1325289540-91e68e151534a7aa016ca7531ba41fb4,1
3481,1320951120-5ec1f0ec84ac00172a9b893d75a30f73,1
3481,1325860680-163402ed09694e661fff8ad4c29992e4,1
3481,1324668480-47d1cae529dfee621da424ff9ec10b0f,1
3481,1325860680-7a7a76f9579d5d5d63a9c4209ec0629b,1
3481,1324559640-d909f298600d88e585f4be63482d3416,1
3481,1321345320-53e846576cc12eee47213ab0c7cc3326,1
3481,1323208860-d2b20db8a8770da54ffda31dbfb6842d,1
3481,1327748280-3766ad0d2a44cec5e30f083c9d891fa8,1
3481,1325251800-6e0b2123d5efc3849cc638fb472ab7d4,1
3481,1328026560-61108364d55e8d12e6dfc39c676384a8,1
3481,1325285880-a2714b21208132dff02116a5abd2b8d9,0
3481,1326418500-3993c48f10618f59e8c8ae7756d06469,1
3481,1327974300-f89b80439e782459775b0d1fdb0a2ce5,1
3481,1326561000-155a547ffa66c5388297f17d5f9ef084,1
3481,1326705840-fadfbeeb0d2b247ad951d1a0e2ac2656,0
3481,1327880580-1a2b4f92f33f3e090156a04b3f3887b1,1
3481,1324623060-01bab6934d8d03f1158c4ea352fa7e0a,1
3481,1323301380-444e68ba84da854d14d58304207e91eb,0
3481,1325552880-97fde68fcbeed648237516b93db7531a,1
3481,1325554440-def999c7997edcbde2e7687081175497,1
3481,1325553300-4582a29200064c252fa0a5639eb6dec0,1
3481,1325365620-cc865ba9e77f2b9ce9059c3460d0e268,1
3481,1325620140-b17545ffb81458e6ffe474a2203c98a0,1
3481,1320649920-bbdeaf53eef7ff3366f7b36cae1a69b9,1
3481,1323826920-44890ba5a48756a6e395daded140bb75,1
3481,1320996780-72f440afbf65c936637e16984a84751d,0
3481,1325372400-a82edbdc41068c2bfd74f1d6ac52356a,0
3481,1324230180-d2fbd26318e4b51fe728812037c0de34,1
3481,1324326420-fb30d31557d18eb922fa56a0e0d28f1a,1
3481,1325498520-aaf5c41bdbd740b9dd2ec40c1f9c5079,1
3481,1322848980-9ab03b3c32e22a878bb4d49f2d0efc13,0
3481,1327971600-d6aa6b5aa6abea11fa96093262c5a17e,1
3481,1328055960-fb09abdba0f5b685c8704d35acdcc84b,1
3481,1328037420-05ce1cf3915f6e585db7dacad4e40bf7,1
3481,1327992420-fb685e119291788a23272f5c577ce9fa,1
3481,1327988760-3d82d096f3f3cfbc4bb092c76ecaecc4,1
3481,1327966380-1ca9c9b973e2b5f63c3c4abbf6b57cfc,1
3481,1326777360-abfc9f0b9e7ef2c95de74a31936ec847,1
3481,1327880580-0635b868c39023323dc0b72ff415c2db,1
3481,1322439000-c8a952de36522f4e46d19684d33918da,1
3481,1322296800-6787d27d46de3f86ac208bdb3efc317c,1
3481,1323153840-9371d50dbfa18e2e86a6acbe51441997,1
3481,1323992340-7c9e3c58e99aabe2205f87d858aae3e0,1
3481,1327646760-dbd1a114d9dc2f45b16c0d62592566ef,1
3481,1323992340-0c9943fa6d4094780f88c2a0c7bb0deb,1
3481,1323992340-c0795803254d5fff25ae11595f3ae5bd,1
3481,1325551140-33eab1e92f65278d6a3a1b34c4a404cf,1
3481,1327213800-333038223e746024f71d28bec9dc386b,1
3481,1327213800-ded3ca77bfaaa3b373c1fec883773d60,1
3481,1326093300-6c58369694b7a282131eddf54f9d8057,1
3481,1322438940-45042edaf5d9d4f95a45183a6f2b7e8b,1
3481,1326777360-11b817d90d46253e1f2e435b3afec08c,1
3481,1323408600-61f97ffe78224fd166abc93364969aea,1
3481,1323757620-f7acf3722bb2102895c8edb597299fe8,1
3481,1325835060-2bbf45613e2fefaac7ac31d2e8b9709e,1
3481,1323809940-4f683ca873eb3e959657db14baf4c110,1
3481,1321569780-523c0ff5098d79f5d84bf13b45d36385,1
3481,1326924960-46de60fc9d7f7d8957bad785e87f139e,1
3481,1326777360-de81bd7d104ed6b74387eb9bd777be8d,1
3481,1320943800-a4b309eb03b516be626a02abbb1f1c0a,1
3481,1325835060-44a541c12c02368cc35494234e61e65e,1
3481,1323408600-33835bb919594fd4616841c64c80eb91,1
3481,1327347720-f6e71722edcbf6486dc9d287be7f73b3,1
3481,1320626580-f7dcdd2931be0d286b1c78196a2ba385,1
3481,1322296800-1d6becf8452696fc2389d19578b0a60f,1
3481,1322438940-dde673917fb471ca0ed2362f94756231,1
3481,1327971600-891a71a6caae7f169d8fa2f203e6c842,1
3481,1327555860-7baa24a1a632ab11d1b959bb56586a36,1
3481,1327545960-46b7ae3775a6b7a67c30c2acc62ce982,1
3481,1327521240-a43d6f66a809b31b8f9cd571b935a6bf,1
3481,1323153780-403da1fa1e2cd5fd63e4ae27e3dae099,1
3481,1320986280-c182040ebdc2814802d054a6185dd5ca,1
3481,1328032920-b91083a7e22c95f2ad2973ebcbbe4e88,1
3481,1324609020-c0092a32ee9a09725cf5c0db820adf6f,0
3481,1323992340-3c0147faceca1d1f788dd1ceafa9679f,1
3481,1322334960-3cda628e7a65bc79520b524647184aac,1
3481,1322438940-f9a3120bda3b7c20dbd34824fa2f4ec2,1
3481,1325980440-3a7314d6056b9ae298f2fc0914c03f08,1
3481,1327983480-5a1f27ced95d24a3d440c352a1475699,1
3481,1323494280-7b025dd62a0ae3759c32e42c7653e7c9,1
3481,1327880580-c7863f3751848bb3a282348d2977f110,1
3481,1322438940-be7dfc68258d79a916867163be8974d2,1
3481,1324870860-56581820dcf31dd1f33766b88dbf5fea,1
3481,1323408600-16b77158a9a04da9b0e91c27be5f6314,1
3481,1327880580-2b897555ceb4581804ed010cfaee451b,1
3481,1327130040-f7da06496dfdcd5fc48b08891f552553,1
3481,1328037420-fda12d2dcb25d866e93f7c7021fe7723,1
3481,1327646760-897562390700f0c6b66aa16a0ab3a7f1,1
3481,1327966380-ac7dab6e5a5d9ef701e93818ed207881,1
3481,1327988580-c5b02bb235bde1cb4980fabcaf70c377,1
3481,1327971600-9469519d8db1538b6cd041f98ed0a719,1
3481,1323789780-57b84066112db09eb532719be3b2f396,1
3481,1321421040-74721f45210e0303b2fcaa700fdef340,1
3481,1328041680-4e81c67c8b75d49063034162d209806a,1
3481,1320507540-0badcf5eca68274695fb9af41baeba80,1
3481,1326924960-f916180ceefa413b8f2408a40a6caf86,1
3481,1327385520-71d16e0f09d4c0fc4fad763ebf23b28c,1
3481,1324870860-9350a3aea063faa4d05d673110d89c2a,1
3481,1326303840-b0416283a5b6ab77e5175ac0deb3dd30,1
3481,1321569780-61f0964a93e5ff09d5e117d2c9f726e3,1
3481,1323826920-cfe1ba22354c9e586b3a8f8342026a86,1
3481,1327381140-378e4f6592b9e299e84e5db8a50f2833,1
3481,1323826920-c2f44a15c2931a218970aec695eb6dd1,1
3481,1320527280-f5535827aea8c2a963286d5ff760b37d,1
3481,1325835060-d95cd4c0023b7b730334d93c6c8d753b,1
3481,1324609020-46f0b23a76a00d47befa0dc0cfadecbc,1
3481,1327459620-4f1308c9b1d133eaee8dbd252ff571c9,1
3481,1323442320-8c4f3946813d5a957417ee78208d519a,0
3481,1320461280-4b8ca7e143d3b8bc9e8663d8500b5879,1
3481,1326590460-121ff98de1cd36e25cd36b586be803de,1
3481,1326501000-7bf48daa24f8d3651c0ca46dee71ead4,1
3481,1326498000-fea4cb3495a0a666e9394f92ce8eb81a,1
3481,1326924960-4371b47664899517c2eca7cc786a248e,1
3481,1320594000-73620035fde4c6dcbe76c5c488242118,0
3481,1323826920-cf6167d3f8ada26f6d3f3c272b8aadea,1
3481,1320626580-635fb1edf44944abda54bb9c20d8a6f1,1
3481,1322871120-cd9a17c90eaa117045a43910093cb399,0
3481,1328054100-73af373ef0e42e6d01318dd5facff832,1
3481,1324230300-76c3d501c6c5bf6da042bb4538ba6d95,1
3481,1326777360-57e692c7843553260477237ca511fbfc,1
3481,1324237980-89606d4ddfc8177c3f9d61c0bbd9b8a9,1
3481,1320684540-acddbcc94ce6215e4b05067a4b47047e,1
3481,1324232340-9d3c585cfc2ec533164c7fe309034cb8,1
3481,1321511640-53f650ded7d278f27c85a48eaf95eded,0
3481,1323809940-24d788c78d2d60b34ced84487433240e,1
3481,1327545960-42794c70e0c2d1ad536a19ca03749f11,1
3481,1322694660-a79a47419e207760c5aee24e8767cb2b,1
3481,1320748320-8b004d329bfe81b2922ba004684a88f5,1
3481,1325789580-7b535f9427d6e3f262a5466e8cd69ed9,1
3481,1323287760-0a8e358ab3f44594a5f35737bc025a80,1
3481,1322680500-c344858f53ab436312265452e909b333,1
3481,1327213800-c8b564b62d02d12ed90ac35408d196e3,1
3481,1321763700-24894f0e5797e4723f4e3d4322aaf40b,0
3481,1323153840-ad671b1ee45e77c7ea90339a8b766f49,1
3481,1327383780-31bb1e223f1c3d55a97a75e7b8c9363c,1
3481,1325668320-4150c06aef0b513b9196973e703477e6,1
3481,1328058240-5468b6ae33aab6c87d5f629188f5337e,1
3481,1327328400-884f2d647c4dbe458181b4a36bdac11f,1
3481,1328043060-95daff6963d715402e65e2cd98412624,1
3481,1320754440-dce6ab444926caadd3e4bca5ec98a7ae,1
3481,1323736380-1de445be9f19605a3d9ed7697941470e,0
3481,1324756020-8041c00b89f07d7f3692c084114d809e,0
3481,1327209180-0090b33efc59142c0a03eb497283e569,1
3481,1327012680-22714851c0d801697911ebc346230f58,1
3481,1320634440-d498e3eb3147e8f25105fefe622fd220,0
3481,1323183720-7e593c30f23b7d057ebb8026f30cfec9,1
3481,1325672100-311963eae18c7cd7881379551e0221c9,1
3481,1321677600-ffb777558ba7cf4fd004e8aacdb27a05,1
3481,1327595100-7f7d75dbc11521cd9dddff71d383a99c,1
3481,1325551140-5a7d9e2831d81a12bcece572f30fe0b2,1
3481,1327549860-b53b3a74823131d824761df2ccdf47d0,1
3481,1320441660-b093f54d51f3134d6a94f3a81d6ec090,1
3481,1325629560-551f9520802068679669a6245d10b616,1
3481,1321007580-dead6d6381392fb1e05b2748d685ca2d,1
3481,1324615020-7ff52644db27a495285a5ddb1053a6c4,1
3481,1325616300-dd57ff3453650fb130e86f02d8389cad,0
3481,1327953360-1b12b0a698ba89cf4752a5f4e548920b,1
3481,1320441660-32bc792d79ceeb3c47fc296781288e92,1
3481,1324288020-cf0ac6a2aaa7ab4a3684ed02ab77fed3,1
3481,1326971580-ff715b03d54c5e759a9828159ae708fa,0
3481,1323798360-537ffb0f63a3e23e62ac37fc95c203f8,1
3481,1327213860-269af6e2e4a9c301af555690db2b0d57,1
3481,1327682940-9cba9a804c61e4ffa8cbfd86ff6c306a,1
3481,1323333420-76d55df86bd92fdf570273ed02c8e8e5,0
3481,1327459440-dd690412625c52573024f8cd4481429d,0
3481,1327438140-b2c86051afb72b034960db694f586137,1
3481,1322418660-db78398eeb4639197470f1e72dec3a48,1
3481,1322558940-73df931e4deb03e6ed8a7e4d30726d88,1
3481,1320644100-1ab0cd5e5a538b3ebc0668df27607604,1
3481,1320910560-2a31a4839a32ae5f9858f901f20204e1,0
3481,1327844880-463f8977f62b82ac6643c3b08c1d338b,1
3481,1326246240-c55fa92c1053ff8a5590a2464ddecdcb,1
3481,1327647840-917c8b4ccd652e85aee0326ea74d7543,1
3481,1320305400-3fee7e270462f1f9e63cefe148c9e61e,0
3481,1323934560-cd3853879a626f8baff6c36739b48e63,1
3481,1323930420-7e94a52586633750c9535e7916af473e,1
3481,1327401060-02c317eea22069c4c8c2f52c2c74598b,0
3481,1327558860-11e93cff87c49a51eaa92f3e34acea21,0
3481,1322956200-d3c2c920428460f4456b02c98f23d34d,0
3481,1327669680-3a1e3b89cf8370d7228baa90a2afc5ab,0
3481,1322866320-bb77180b94c750b8de38eed6d5ceccf6,1
3481,1327909260-1d86457ea83a514bbe43beb56b036983,0
3481,1324196040-1cdae72b1937bd961ffafa32a552e08f,1
3481,1327823880-87700fc02a87a432e38f06222a4bb494,0
3481,1326093300-d8e8bcbb26904c44fa99a767eadb3080,0
3481,1326150180-7201fe74cd146afcab6f2126f2ee00db,0
3481,1327673760-316390a83a415b00782adb68d508b7b6,1
3481,1323754260-15042b6b6b001a74b92b439ab437b4f0,1
3481,1322958900-b04ac245916aa2ac56464318d8790b00,1
3481,1321402980-1f42e66a269b9ac2a91322dca73ef9c7,1
3481,1327600440-fb7b5e3ff95c5ad26aac99e05ec64818,1
3481,1320554820-fcba076718337a23667c3a28fac20c6a,0
3481,1326689160-1a53296af3b0733842f5c33b6222ca8d,0
3481,1322123340-c677f696a2bd17eb434dfe39ea3a7ac4,1
3481,1320809940-7fff9de97185d991e8ed8dde8ee1f95a,0
3481,1327464780-4e33682bf53932aa2f6ef9d3c42abb59,1
3481,1321390560-a9e4c99417ca79aac1d647fd641c994a,1
3481,1326496860-f26b8fd0e83107e851ac0cd6175c7ecf,1
3481,1323809940-d2361313dddaab6626317dba4ff156bc,1
3481,1325083140-6764444b560cea38b06b26d783e2a3a1,1
3481,1323820200-3586d22187f667fa03eb35e5927bfed3,1
3481,1326875040-4918fb7ae7d462d63750dd773dff9ea2,1
3481,1325025180-894c1194f4284119893e2d4647c568b9,1
3481,1328041680-8c69be12dfc871869c99576968350647,1
3481,1325051220-5bdc0cce17e8cfcd5a20bcea9f8a23c5,1
3481,1327718100-7522724606343964d5960e33c41f56c3,1
3481,1327077180-8e574da781c452f9c8812c7c0c3154dd,1
3481,1327504680-165e45e2fa5ce6a73835424a003f5301,1
3481,1321035120-09c408ca280a688b71e6b87ca90de94a,1
3481,1320826980-4a285cc067dbbde2adad9ae29f9cefa2,1
3481,1325805720-70f2522edeed7f15333866cdedd57532,0
3481,1324676280-db14d4646d5c16f4f71d5c62bbf2b92c,1
3481,1324691160-5d260bdb28a93f91a5030a630f436d7b,1
3481,1327646760-221ccca3e0c99b1678961575d2750a32,1
3481,1322694660-459c5f315dcc7b4f134577292f202832,1
3481,1320626580-0d24a7b88efae310ea5b4da8861f95ba,1
3481,1325635140-2fbe85f7f9c6957e9e8940b2c878e696,0
3481,1327213800-10c40dda25ac8d4909028c4653dca792,1
3481,1326517080-a4f5f972c6b1358ce0331f5e94290233,0
3481,1323789780-79443262b3dcc8a3c8ff9f58e4e72769,1
3481,1327588800-284fd325388155c1736535a0dcabc778,1
3481,1326303840-3026bd63fd993ed9835ffe20255460d3,1
3481,1323175200-b4f87f5c2c11d04a2ef33d1078c7f083,1
3481,1325692080-6a8bf85b1604b2ed785bf428aece4421,1
3481,1327988760-fc8efd06d179e9b1aec64d388e569d3a,1
3481,1327019400-0cb82adaa24217ee2ea5c61bc6f243a2,0
3481,1327521240-f27c20b772cd282907f994b434624d20,1
3481,1326875220-a7e48f12ed6771b5e0fb23f790f45a6a,0
3481,1323834840-0590bc773cde49f873bab8f84adcc1c7,1
3481,1323784080-2e7c4b1aaec1f3fc0c74f9fa1d13f19d,0
3481,1320644280-667bc06b2abddd2b3d273df47b1b3170,1
3481,1325458020-d98e4e8a62348b4e0ac6a090f0ebee56,0
3481,1327995960-2ce5df1013bd88c31472b45f8156c7f8,1
3481,1323941280-0990745170221a10672646435c7b38a1,1
3481,1320470940-f5eae331afce727682cc778f605266ba,0
3481,1324490640-23b59cfd1e13293ede9a8aa95ce14a5f,1
3481,1320777540-094417f3945445b86544bce9b1bc07ee,0
3481,1327992420-f00248a50afc24f33dfee0057f282b7c,1
3481,1320974520-0248b2c7edbc0b8bee77baa1759dd642,1
3481,1326897120-ce03434fd7aa322a85a8f5c5818103f0,1
3481,1325683080-12bd9ad4d50456a9c7e9683369314403,0
3481,1322034120-2e63658000e8fd5e91ef6c2b81005b7d,0
3481,1327988760-076c3fa8d222ee92e9744941871d44dd,1
3481,1327213800-ab879628afd471bfeb697aa70016cbe2,1
3481,1321046160-329d6754aa5e4abf70a7000c587dce90,1
3481,1321424580-50e75464db93a542a35599d2c85afb7e,0
3481,1327368600-c1192812f42981b05cef194b29098ad4,0
3481,1321415700-bbaf3dbd9a7cb949e658783f3ad6b7b8,0
3481,1323363780-b24608d52f8c7609aba32e4cb08b14fa,0
3481,1321428660-d055ef17b8994351dbf45abf423c8144,1
3481,1322535840-b89c8281efc94f52781b96af26ad794f,1
3481,1326428280-7b2f46dd760558d8a2998bc3eb466496,1
3481,1321488120-c4584e50a84a99c012bcd7d319daed2a,0
3481,1320659040-bdc011511a3b1faa41c2ad6ca18c5470,0
3481,1327777500-fd1c1834965bf7d4ea4151890c533eb7,1
3481,1327995960-ba35e7274df61d8f76f88baf6eaf7bad,1
3481,1327723080-48ffbeb02ad6b386898b3dbdd907e029,1
3481,1326892680-8053b55deb882e29f34e03d1f4ddea6e,0
3481,1323296700-5392bc9223840a93a3394f4f8ecdec32,1
3481,1322783700-1e7d83ead440a6d0adcd2dda1bc6227f,1
3481,1321687080-8ae5776aae5d76864f47a8ad075a5b36,1
3481,1326276180-3a96a3629810cf821832b893eb438d1b,1
3481,1321422660-1fdbee76bb01c27ca08d835592df3ffb,0
3481,1321928100-af233946cdac64a41ae04db54904cadd,0
3481,1323376020-a817f88d217f06e7f84ac3c0b2c1cbe0,1
3481,1323153780-2e30d669c6a1c2abf1ca9f6c1c008df8,1
3481,1327966380-899632baaff9fbac0bb7461b0adf28db,1
3481,1323107700-f8f868bb4a07d210a89f4e72aa71f4ef,1
3481,1323765660-7a80ff6f056ade181f62a53c4df9ef83,0
3481,1326946020-fb7efb3824b5a86d69c4fb6efbdc8b60,1
3481,1321942260-7727868357c2fd66dcf75bac53d5e21a,0
3481,1326439620-7e05da65e1c8c6c211cae6517bee90e6,1
3481,1321298940-3e1e70f11e83d60ffd14799267f7ea64,1
3481,1327249140-fac606bc9e0f6690d7b97b924bcad5e5,1
3481,1321316340-0f492a2d3ec414348fa0f587c6392429,1
3481,1323835800-f63abd54f7aeb104956ce50271f5204b,1
3481,1326246660-9f0f82d14c529889668bab8cdbda61c8,0
3481,1320858420-6b895e331fb51c37554c1db90d133340,1
3481,1326987720-8581581c70c81589e4b6bebff8b48384,0
3481,1326042780-0ba523d5a39da6cdcbb0c9715cb5694b,0
3481,1326946980-6ee249f9eb2ae0f81b3aefc63689287d,0
3481,1326211140-c806356034e5d9b93fed8785b7303861,0
3481,1325469900-474d4c33894d4a96d78624f5065cdd7c,1
3481,1325890740-14ad7100766ef96265ab6c87f2968974,1
3481,1326156360-934c0a208111d8c6ba032facfdcbfa9e,0
3481,1324056360-3e4a079d0a666b5c66ce62e772f9a97c,0
3481,1323501600-47582a68da7e20095844470b10a6771f,0
3481,1323755760-140087c0772d78300d25a69bfdb78e33,0
3481,1325406900-91cbf309f1190c97a4167cbbff1adc80,0
3481,1327161180-9120a13e0f5be7736f6cc30a04d2fdb4,1
3481,1320651540-2d26231a4820114e060d07bbb613098f,1
3481,1326835860-37fc0c44097706a2dd706f4ce2c923fa,1
3481,1322870700-15e529621c4f37967039fc938160077f,0
3481,1326738960-923fa3a24077a479aa1458c028e12410,1
3481,1326733080-76679d28e46e447b2beba0c7c108c013,1
3481,1326738960-a2ba3a5de509f5c3804082a6346920a8,1
3481,1326734460-4644b3671d3884e0a00346ac486dc09c,1
3481,1326705660-99c72a2600a45fdb8b150b49939fa9ff,1
3481,1327449120-c35cb0dad43cd04019bd9f9a471297cc,0
3481,1326989220-77f8c59ba55f7b8b136c50554e64e383,0
3481,1321364100-fcd6aa29ef21f5d7f38b23bfdd18d663,0
3481,1322596980-96abebb44c49e983b44602197af656ef,1
3481,1327516380-18739f4e15e0ba5fd751582753927bfd,1
3481,1327336500-07e22c09c87fb1f7cad98a6dae82140e,1
3481,1322074920-b4c75adf2de1fba6523a0f0980d75c8c,1
3481,1322748060-6c537a291aaf4217c6867f912d84c7f0,1
3481,1326705660-18239e3bd45cf021c3b5e1f0ab8afbab,1
3481,1325014740-8f048134588b38de476a32ece54891c1,1
3481,1325852640-d6363e85a5bb0467dfffe2c7712fe29c,0
3481,1327104660-705d040653c07f737d551ae09fba04e6,0
3481,1320626580-d3358e0a9156c0740fd64ab0ceccaf13,1
3481,1325998860-bde19f7b086f51d5d5f76c2e29dba0e9,1
3481,1324997820-b7cafc1acdcc496226fe55e111ad2fd7,1
3481,1324997820-69f9cfdfaaee806e53d39142200711cd,1
3481,1324997820-880192793da915c9bc399e2956aadb6d,1
3481,1324997820-61d569c579b19c9f4331b528ad0d2167,1
3481,1324997820-6770e262603f72077fa4c5e6777b6def,1
3481,1324997820-11958a644d744787494bac8125eacf34,1
3481,1324997820-89bf92cb0d16dd9180fea83600b85b14,1
3481,1324997820-f23c71ec4a1daa8aa1913a6f39c1c157,1
3481,1324997820-4ed623975b5e2a1ee6a984f7412f8fb9,1
3481,1324997820-679fcd48b3257e5a69c79d2a803328ed,1
3481,1324997820-9bf1c7907dc1de4ebb26122d97448b95,1
3481,1324997820-7321c9fa2b61a7b306588f9636a6d7d1,1
3481,1324997820-26eede9fbb769ffaac80a89cd962db5d,1
3481,1324997820-961af5d3cdd737a670a1140c4e79b733,1
3481,1324997820-77ad4a306650710b5ca5c9b6b7fdf1ad,1
3481,1324997820-7445d1cb5fa346c9cf410c9059cf37d5,1
3481,1324997820-16f7c6cc56bd6656bb2cdb42421c8508,1
3481,1324997820-734d1a300302a700710362faac1cb455,1
3481,1324997820-5c4a4cea00bd50dd38fe939809fdbe7a,1
3481,1324997820-1427d4b2f43d3eb8ebe80367d7623c83,1
3481,1324997820-401b60db6a7e7e594af72740c050c58e,1
3481,1324997820-db28398f6cb77554e8e08c42305bb8d9,1
3481,1324997820-8006aef891e613d2c86e1a464dfc9bff,1
3481,1324997820-f71b116d7eb3992a359311d7fd45df12,1
3481,1324997820-483d066fe316ca7cc22672493ef3d5ec,1
3481,1324997820-f4d69e7a396c177d5a4062a00c00993c,1
3481,1324997820-003327d8c3dcd311a029d646c531378d,1
3481,1324997820-92d5d26a77eb0e79604d9870d04a7107,1
3481,1324997820-36d04e4572e74f6fa32e9c8171fd40bb,1
3481,1324997820-6acadba655f080cc4e27c57d12975d0e,1
3481,1327151340-a097aa3b3bde67f0664bf3d406adfee3,1
3481,1327151340-85a1369e4194d656a47ec4e4df5a6f2f,1
3481,1327151340-fc9422bc39702214b9db9b5377e6380a,1
3481,1327151340-f6eb9be451863a4c1cb6571b890a60bf,1
3481,1327151340-cc47cd2dda262c4523e8726aa422908d,1
3481,1327151340-78d835daa3dd3ca33b4d11b1b62e274e,1
3481,1327151340-87a2624af2b613c054714ac53c39edff,1
3481,1327151340-18072d78ef39bf82ad963bfac9a8b7d5,1
3481,1327151340-df85c4c5784512d0d3db74a18c51531e,1
3481,1327151340-f7125d32d30735322fff65dd72821cf4,1
3481,1327151340-a6f813cfd438405502768f2b2f40d8cc,1
3481,1327151340-82de17e74b4fa37f161dedafad80f110,1
3481,1327151340-33423b687207dc1ae361f2151a0a9023,1
3481,1327151340-589ebe989de3042e3cbdaf27c32704d3,1
3481,1327151340-179edd7e6592ddfe990134fb9efcdcbf,1
3481,1327151340-c9ec7ad28ddfb37fe6431c6391c9ebaa,1
3481,1327151340-4e40eab32f35ddc6876acc7d4c2713ad,1
3481,1326519480-f4329a5cb54a9136dde7c127e9e9ae82,1
3481,1326519480-c84f41b90af0a73a9ee91d6f9fee898f,1
3481,1322538360-24b1e60a6e8272468b71524441d462ee,1
3481,1326777360-4583cfc4e94c14ec14c75cc8d11392d4,1
3481,1326827700-0488c2516af0b874254b0a1b3fbeef6d,0
3481,1323877080-f0375a12e65c10f4bc1f99123e0dd067,1
3481,1326528240-ab0437633c0c2fd1d6067643dd577cdd,0
3481,1320748320-f29ec970be47fd9907f2635cd2ec7eb7,1
3481,1323710820-d7be93ea3f8b748ecd00483f7c572bd4,1
3481,1325890080-1031161bad95b055dbdac5cd2655ed93,0
3481,1320552900-87268e349e2133d8997338ee89632a41,1
3481,1322193180-0f75d7d90d7dde2b92c05c3da6699ecd,1
3481,1327496880-d2146d5496dc802078ec1a3655d57a58,1
3481,1325742420-9199fa5699162722acfb0cc28019f4e5,0
3481,1325852640-32d104594d3f50196687a14eab14bffb,1
3481,1327744320-4acb656edc8516a85233bf10d4521d5d,0
3481,1323314100-66a19c5c2753fe8bd3babcd8c9bb2e9a,0
3481,1320736980-b7629a79c23a19cac42337fce85b86c2,0
3481,1323179400-55e908006ccd950383e69e0196b67af6,0
3481,1326358860-3a084900e8d1d843fcee6bca755f28ff,0
3481,1327687680-b86c9e9cbe0079f263e42f1198920259,0
3481,1326918840-9a6b72a56b5fd7f98c4234d4e5aea7bd,1
3481,1321087800-10e8b2833238aca71b97768d8de076d0,0
3481,1323380100-8d1eb8e39fec6b90b6f95f64dc56f22b,0
3481,1324704300-5c84c2f1b86484a2905ef19eb29748d4,1
3481,1324424160-cf2de5cdab147fd705a6cb5d8aa0cfa3,1
3481,1320441660-ff19d4dda9936e97c401f7408c18c126,1
3481,1324291920-5e5bfec99c76fd9b893d4ba59bc4cbf6,1
3481,1324181220-f1e206c30ac04632722dcf2705dd1f5b,1
3481,1324042440-c70295747e6453e5fdce6033081d72b5,0
3481,1327213800-70ab952b6d4ae8b5980f23d211ec0d06,1
3481,1327431960-81699e8cb6e04ff12edce33a528bc5f7,1
3481,1321381920-01e6a4b7fdea87c6227a2997eb197228,1
3481,1327981320-9357b80ccd39fd15976b62a921eed2fd,1
3481,1324202940-4b377e970155a3f4d4c5383ef9c13a06,0
3481,1323443880-49f027564698d0dde190089a8d60c767,1
3481,1325669040-8c6398e0819e43f2a8fcb03939e08e25,0
3481,1325214540-a89503f31fbc4d17690c7b39b3907dec,0
3481,1325611140-23f5081818668abe1b7b602707e724a7,1
3481,1326010740-921e5e695c85d3986b6425c0d5280369,1
3481,1325025180-8ebf4ec6c29cd63f2cea1eb9d79c249e,1
3481,1325202600-d408985bea62d4f230be5c117a1cbe03,0
3481,1320617700-6dfbe83cf705808459f702cb2f0971ba,1
3481,1327943820-342b06dae8495c43b8996af3b425ac48,0
3481,1326666780-c64f351559cee6ac2f1ab11d8200d6a0,0
3481,1326354420-d70c13d199d4bb7a5fa86c632eae1d62,0
3481,1325399400-7cef3e6360f8f6eb65fc6b3cd59b24fc,0
3481,1325998860-d9b0c0363f40222aa9b72c085dcbe81d,1
3481,1326607260-039807c66c6b46304545080110e388bc,0
3481,1320626580-5c8cb0b1cbe9f026b6167da4fe8ec4dc,1
3481,1326966780-be6b0a9ebac246a358f367a806942722,0
3481,1323190440-da87e7c1dc6df01edb74bf4edc09df8c,1
3481,1322592120-597a86730cc077879d39ab16a0866b4e,1
3481,1320587700-5ae42cad80d7b9b7b0ccb5eea4c7d110,0
3481,1321414620-6a8278f1fb208ada8866413bfc391f2c,1
3481,1321419960-4cad35907ac9273a0d901d48d196074f,1
3481,1321496700-ce00970bf1392f1047735aba4cc1b46e,1
3481,1321408800-4a3e2ec5c9c6ec17260171178b37d2bc,1
3481,1321481100-3561800578b2eead3388a47242b3ae0a,1
3481,1323745620-f21ec0a60cd45e1fc26a81f7ca12f635,0
3481,1322709900-60ed5663da5421f89e696da9e0898a9d,0
3481,1320844320-21fc01fe77e6365885a593ec039be61d,1
3481,1323015240-fd4aa71179cacb0fc372c4685edea3a2,0
3481,1327151340-dee59427735d30891bc96d4fcfc00065,1
3481,1327151340-95506ce81337df31aafa81c190aefab0,1
3481,1320844320-facdacac3b669cf5b59f4d2aea51f649,1
3481,1320844320-fc6493c549af77114034dbdde9e64733,1
3481,1320844320-104bcffb091929b96047d0a72231ede6,1
3481,1320844320-317a69fdd6e50c82f11f37d389624214,1
3481,1320844320-1e8cb5693abaf3fa828ea335b4e33557,1
3481,1320844320-24977bab5da36a0381b32c92ef6ac65c,1
3481,1320844320-60caec5330b5c85e3656fd627f27f6b7,1
3481,1327151340-c20d3a37f57f377fabbcb40790e281ed,1
3481,1320844320-95ccf3c91f2923360279d1255cfe7bc4,1
3481,1320844320-b494e754af33a3ab437c8dd7d1ea9fc0,1
3481,1320844320-42ba8badc662bc7c4ea0fed2eabaf691,1
3481,1320844320-6014c59e55099100d68eaf0bf5defd9a,1
3481,1320844320-1d3bbbee736c9caf225a178c2891b818,1
3481,1320844320-9ca8806a55b54afe0b9f8610debff4a5,1
3481,1327151340-8d71646bd5328458fd0622074cb3858e,1
3481,1320844320-c484118c9761d4e23f1c02a3e2de9392,1
3481,1320844320-4e226f721d5bebd2fe1b5644a00903ab,1
3481,1327151340-f581a95b799254a7e711b83e502d97b1,1
3481,1320844320-bf9e73c42794a7e8be65b23f662f63e8,1
3481,1320844320-6a9fa0585112594f2748c8c479d0718e,1
3481,1320844320-bebf3fee59d4ca8cfd598f4815cc3006,1
3481,1320844320-76c842d46d0ceb51473901af724161d5,1
3481,1320844320-13ef84c6b2635c361503047c90390b2b,1
3481,1323704280-983f59bd688cab8e50ba4243a6e19955,0
3481,1321263720-ca153af3d70480697e807c5e824191c0,0
3481,1327891140-43ae7ae7c40faeb3a5e963bcc133e6ea,0
3481,1321594260-777c005608166fad3a14ce94d29e26e9,1
3481,1321426320-69b58c4ade2c0f5e26e558887d1f70d9,0
3481,1327641120-1725de4e844e6e0237b7f3ab61030650,0
3481,1325397540-a091ea30f73cc9be59586449621ecfa7,1
3481,1322373120-df6395307d7f8fcc4ebe88f628214ad1,1
3481,1321265700-17199580e73039d8952f6cc43a0489ce,0
3481,1320426060-2a8100ec1c8f54ac5d8659cfcb1179b9,1
3481,1326519480-d67f52d8dfc53a9486da2a01acf06778,0
3481,1326226140-118e2ef65bb0e03fd8a56aaa12273abf,0
3481,1326237480-df481179efeba3ebcae059193f8d1313,0
3481,1326693180-7fab2954c1e998735a7750372c3bfc53,0
3481,1324681680-204a4cd4af21c9afed1c63bdda50adfc,1
3481,1325568780-949e35873f553e7755e67aa82c2aad9d,0
3481,1325666400-a51c81a282946d75982195e064dcad29,1
3481,1327096440-a01a477337ec22434096d050176a7360,0
3481,1323184800-5b604cdd44f80571788ab5573fafcb4d,1
3481,1326899220-b8c0a18853e29b808f119ffd134b993b,0
3481,1326127560-3d90e1d32ff625974f348372c0da8cc3,1
3481,1320770220-64ed50ae4580613dd447d9476a23d19f,0
3481,1322626440-96ec4948c91d189b1d9b9b9010e808bf,1
3481,1327283700-62f25ed0e27d95bb0e5c9ddb16f3f7d7,0
3481,1321601640-aa6de3acfa1648cd568b1b54206a62dc,0
3481,1326884160-d04dfecf3dd59b3178022232667c3970,1
3481,1326888480-324f0a03225733667f257a22652657aa,0
3481,1323181260-a7b92210057bfaf4047d2afe1a69c258,1
3481,1322151840-609ff354817da05e93af4367f684b757,0
3481,1326670260-c3ff9cf2f8bceb90923d60b9d5e8aee6,0
3481,1325121480-48d86982bd259fbfe0915dc22f3026fa,0
3481,1326261660-f77b9d4cffa1e8549075711e4aeffc54,0
3481,1320802920-c2312bf34fda9b21da0770ade9c818cc,0
3481,1324546680-a65c2085232bdfe8a04650d9fa849b59,1
3481,1320464820-fa59a088bff55c03452ab3baaf13699d,0
3481,1321082160-fbc0611a8e8358626e9817d5d549657a,1
3481,1321428060-4a1006f29112a7c7428d46055b51a4ef,1
3481,1322815260-8dfb86ed874eb1e76807bea09d16e62c,0
3481,1320122700-1217c2bebd941d80d38d81885066096a,1
3481,1321481100-a26c3f1693ef63d435e117778ec4e688,1
3481,1321575360-4c66d2454721fca01890dc38f5e1aeb8,1
3481,1325396520-888e23df8cf8edb0f53a4eca260f31ae,0
3481,1327138800-4e5ee6fc26270e0c2496980ad37974b3,0
3481,1321003500-c32466292c1c7ef3707261a891f241ee,1
3481,1322495700-d692f43fc515687fc1f6a616dc01d006,0
3481,1327017840-a24f3782866fb440778357ebb4ad22ef,0
3481,1323802560-5442f10d8c37594e532c963f6e7dca39,1
3481,1324608720-56d7230cdb7bf99d4741459686f9da7e,0
3481,1327974300-78d2a2894505838dc0ba0a6e87640757,0
3481,1323753480-b7b6fe3d9d96ed07eab9540921a80abe,1
3481,1323582120-9a4fa83432b5fba5bc9553ce4cb1fa92,0
3481,1326091920-ae7edb547d66c382fb1a08cf0e7fc494,0
3481,1322597280-01d81c0689816bf3fe2c3968277ef652,1
3481,1322540220-dd697f004484f5e99410d9103b5d37e5,1
3481,1322626440-c278a84bcf8084458057fd2966d4050e,1
3481,1322540640-4f2352376908e25307817b3df953404b,1
3481,1320940200-6d5b127a7f4ac4be757b2aac5ba4fbc2,0
3481,1327033500-607399994ef098dec61602745517d9c5,1
3481,1322103900-822c70de749def1cc17ef9c47190f110,1
3481,1322094300-2d7c0ce4ae6512420c181238580f1846,0
3481,1323026820-2ac6b5e3002e4a99a1b9dfa34818a5d0,0
3481,1326354180-12ab9b6e2b2a25d99a46883a97592ec0,0
3481,1322677380-9b4ba1e129ed3fdcd1a695e47df81329,0
3481,1327438140-0af9ab4196fe3f0ec07e80035ca62589,1
3481,1320167760-2aeb35c7917a784f5ae2ea9e729d3875,1
3481,1320641820-22efb8e567f4390708f2c50e6bd89320,0
3481,1326572820-f367649a6830b9cb5729a585ff6657b8,1
3481,1324658760-25be7d94ade32575cdf476b3d4b7f99e,0
3481,1327427460-699fb8aba6a78eb9b3f40a70f84e6875,0
3481,1322450040-86526330a87a751c39798a44dfecc0c6,0
3481,1321003500-d2aa107c64cd928bc8df8147bff55946,1
3481,1321548420-cb5a25a43a31625b139cf0f8f57b3c6b,0
3481,1322609220-858d2e3bf584fe817a5b4ee0591bbeb7,1
3481,1324254180-6d50bd00a31d53ac8aea80f47069c67a,1
3481,1325578380-a31214a132e70f1ac2e5f57ed590615f,1
3481,1321757940-4d591ef4cd8a413e8b3fb404d009dff3,1
3481,1326735120-3afbcdb53f04aba605a6eca051b2f6b0,1
3481,1323172500-38588cdae67243a624fd62cd664ae1ba,0
3481,1323235860-758dc0f22a70e35e6f17ed12c4d5cbb6,0
3481,1323674700-bdf6e58ceb2a121517fad3951511dcfa,0
3481,1327209060-6e63191bb4296c8f951b96174cdb4f36,0
3481,1320737460-b94941697f95bc6dcf54a49ad9b6b88b,0
3481,1323414180-56176f409b3388da5486293594ead3d7,0
3481,1324156140-9e5422bc6d2cf243a2ef756fb3c9d2bb,0
3481,1326806940-4e6800d1a9aad404f99c0299d3fdc394,0
3481,1326101520-0218ffdef65930a04f16598979e92191,0
3481,1322004300-869c402497d6902adf3471190f5a4065,1
3481,1321632360-c81abf6a4e58dcac327dbd9e34e87d03,0
3481,1323996900-261147360aa7f9b3ff813bed539d70ab,1
3481,1322265120-7c85aca964b130594dcbb4e4fd3fddbd,0
3481,1323110460-b58de382f05e2439e1ef76c79305a1cd,0
3481,1326968160-8fe73f392c7052a0bb2a81b188354e7e,0
3481,1327040160-d7c85788f9f4b8b3bd684d147bc64854,1
3481,1321166040-26ceed789af8c596d18b85a58156e2fc,0
3481,1322989020-144984b9d46d7e8f70968544eef54ba7,1
3481,1327416720-1946fc026a7a848116f24968850d6492,0
3481,1326519480-f89995bb843bd1ea801c2a4ee1ec6c33,0
3481,1325816280-c7059aa0aaa54ea715343741e96d8ff1,0
3481,1322117700-14a93cba61912161fb11e98658f68b6d,1
3481,1324518780-8e4788081f865e4fba4bf79b2f946bc9,0
3481,1325199600-69fd71ac6a3be2345ba40326e76a7247,0
3481,1326920040-2ee71b8edc9785bf26d3c4209f296aea,0
3481,1326394080-c593f0a585309f700f2cca74a0de6325,1
3481,1327679160-ff9516630699ba5a631e3209ba465f63,1
3481,1320736200-2b47b41ef0a4b01793dffb2896435f99,0
3481,1325051460-1d7a64af77b6adcfd33ff48aa05b5c78,0
3481,1323978660-7b6253839d7e1568731842b5641620a7,0
3481,1328000340-3437b62f7c8d5e34c5bfabf40d194b12,0
3481,1322979900-3a387ba9bca7e17f26941d26962a21b9,0
3481,1327066200-c10381bbfe587da12d491f5c85b76bef,0
3481,1322651280-d764bd173f284734349f5ddc1ff0d46b,0
3481,1325994000-576a88d3b4bec50eff678de96b94616c,0
3481,1324440840-b9c5b0517e15a57cda6d70f268bc1d95,1
3481,1321430700-75db0a8cbeda5d61906209cf947796d2,0
3481,1325724060-095b2e8cb8d52c60dcbe8ea05779b309,0
3481,1320418200-9d088361cde3d404f1b34de1196221c6,1
3481,1327184940-273c844f8147db4d46eabe408b8cbd6b,0
3481,1325774100-9ca3f9eb3794274f7b8fff979ee38910,1
3481,1327624560-76814743226422a0e908b278aacc6630,0
3481,1323745500-c67243d066d4f238b5b8513f2a8e4cb9,0
3481,1323960180-771aceee44270784b0fd9d3abdbe8872,1
3481,1324595580-d20df320cdcc757e24e52036eade00d5,0
3481,1321407780-f404fe5d34c5f9e652cad56c7dc4d4b9,0
3481,1324792620-b157ee23b8cb302416e23f03710a67a2,0
3481,1325080620-91be290e7bda8c9f30ab47f41532640a,0
3481,1326670260-d27500c8b07d99e5013a79742cf5f42e,0
3481,1321195200-3293693a96b96f6c5dd059212824175a,0
3481,1324362540-423487ce799c91bb83a91b9b181add9d,0
3481,1326186060-7a7762f308ea63872c2f6a972cc08644,0
3481,1326922740-a5ecf60aedece10762228f8e321f732f,1
3481,1326116760-91a7e04d7a03d95beb1494df7976a892,0
3481,1324431180-7c4fc6f2169d704bb94663e9e4115f8c,0
3481,1320330240-9172d73f69f0de013063498194cbba9c,0
3481,1321909500-4879c61c21c1b4e0297143203e146f4e,1
3481,1326397500-6af308ab27f52f3ac0a2d2505270ed21,0
3481,1323114600-fa940d44f934839d3d9e19d9003a7260,0
3481,1321296360-69450636c980f994f4e913becb591e08,0
3481,1321170240-6fb7fa62a773e4df766068915880b4a6,0
3481,1326829020-b5fc270eb404f8dbebf3a96ca453a896,0
3481,1327578840-b732cd47311b93e2dad05e7232d2f88f,1
3481,1327556160-c9d52a5434d4c13cf59383809b6c0834,1
3481,1320474960-fee7087d40c930138dba28c1c03f71ef,0
3481,1327502520-1515384813b0a06a15989b7e7280d003,0
3481,1323652680-2cca18a451b13114e492f6de03cf40b5,1
3481,1325267940-0ab95aa1b4055a871192b1ad06ad9612,1
3481,1325326980-f6d83453b74c33d320e0faed8419b546,1
3481,1326231180-d710ec30797a92710d71453a1031f6ae,0
3481,1321973400-c09fd4d05d635e34e4e9dc2b835743ad,0
3481,1327821360-77bb719f7dfcb1f19bb431b1c4704540,0
3481,1324004160-d8da812c00d666bb808827775c7f072c,0
3481,1326452220-906bdd4b372726b6bb8c7967197cc51e,0
3481,1326130140-cdbc8299f65a5fd194548be2045bbf6b,0
3481,1327756020-689cafc80732e71e40a52de1606871a1,0
3481,1323395160-80772afffde8cc1a34a0fe047eec6c03,0
3481,1320819540-27a3940785b0cef6a5c597619b1506a4,1
3481,1327113900-11d04a4bbe155dc2a55b3cc718a101a3,0
3481,1320421380-3ec29ed53f22d34065c18d8f747d7a0d,1
3481,1320744780-3a4cb87a0e5af00c391635aeba90230e,0
3481,1323470160-030de9909cfcc8879c2b80cf25718b42,1
3481,1321029540-3c3fc6b6a8afaf12702e5e29bbdde662,0
3481,1322496780-f2ab058075264c56b1efbab55c1e97c6,1
3481,1320752580-b3cfa1e889cab0471ba1ee84ec260047,0
3481,1326422580-5e83710a3c18d8ee5d28998a3bb909e8,0
3481,1322667060-f16f823ce2e55b39826d4fb1976cd58a,0
3481,1326394080-d036c4bdfad32865123c4e701f7d23d3,1
3481,1326383700-74322e31f6033bf2e5fa5363d5a86b99,0
3481,1327664940-8174df3507d769aa352d004617ed9d88,0
3481,1320980100-357cab6a26e8389ec583d917afdd2434,1
3481,1321189440-db7fff1891f27adffd2cd750bd4028f4,1
3481,1323222480-069efc368f0df2136c9f40326f116001,1
3481,1323237240-c2a034326f8584e9fd2fc2a014bf019d,1
3481,1321279200-62914c4f2fc1cb0c209db90636206442,1
3481,1320798360-18d3459f839c01c075dbbab0b0d38550,1
3481,1322850360-91f51811bf70f79f97e60af737f03812,1
3481,1322487360-af4eb458e8c3bb574ac099951a633714,1
3481,1327344720-8edb8640f3ef2170be41aaafd48bd949,0
3481,1322487360-cc27ffdcd770ca87f1629c8009571384,1
3481,1321957620-ff87bab51a41069efd576c9e7624bb79,0
3481,1326424560-d6a8e7c2272a4ffd2a1f08b75bf8315e,0
3481,1322693340-a5ae60caa0fbc0890f8ab56d1516aa4d,0
3481,1323310200-06c393d787b37c546c865d748eb5bbc2,1
3481,1325695140-07b53f2fa801786354492e98289abc45,0
3481,1326946500-93419513d6239f741726a97180d6d11e,0
3481,1324101000-9a44bb644d39f0164e066e2007b66879,1
3481,1326000660-81ef4573ece9a5634b9be423808ab4d9,1
3481,1326000660-9c3d9c6ceca1c5b270b4a3a12aca0962,1
3481,1326177900-aac4ed5a046287a6fc69270b6135b198,0
3481,1326621480-a8dab6707a11c4b14f3b29cc4845043b,0
3481,1320423900-610a9a7996811f6e8560179ee0661744,1
3481,1326334560-fdcf24380f16dd6fec758fb9493c5cd8,1
3481,1326317280-b7443cc585f3c923fe4cbc7953c8bd6d,0
3481,1325347680-2ffbbeedddd02008bec90400d4fa8ca4,1
3481,1327857060-4b663c15cd7d3f7eadf51d9a8c7bb055,0
3481,1327684680-45803f9d96e315406cd008c2f7c9a58b,0
3481,1328053500-bac3ef11673d3b0ae2aa5678db507dd3,0
3481,1324427460-763c19c90a50cd5f00891e18bfe6225b,0
3481,1326590520-d359f25656cc63ee9f5693a504f3f32b,1
3481,1320553800-b6cec2623232cd37699f010f0f2c37c6,1
3481,1321420260-5b1f6b27d2761abcf7b8a3e8d2b9fa4b,1
3481,1325907900-8b6f52189350cbe876102f71e8440599,0
3481,1321321980-1c212f037a86438dbe02c95a7674a821,0
3481,1322918220-3e0fcaf079623d3b5a38d6f38affca17,0
3481,1320437460-ce49ed6f942c9bf682502e2a4e53985b,0
3481,1323505740-ac9714c632748ad66317012e25806398,0
3481,1327427400-517ba23211c7bff906d49670d6858f34,0
3481,1323217080-21327e0995bf3c8d9f83cf3de1cb5464,0
3481,1324630260-94bcaf9fba19a242a0ca90ef0ba3b214,0
3481,1326997800-2b3355564ead9e79be2d4dc8bbf58c7a,1
3481,1325967180-f965e86e6c70eff4b3c913ee89318ee7,0
3481,1326312720-04785ca75d2d2bc5afbd357987a55966,1
3481,1326989220-cfa4b35a38788643719e10825ee7d8de,0
3481,1325121480-6924a24ff35b3a82943af272469795a2,0
3481,1322106660-763035ce4bf43cc01d809377ca0c0e7a,1
3481,1322468940-cc9d5202757e5f62817344cb6e5d6c67,0
3481,1325398440-dc34eff226e57ae8e3ca7e1d9b97bee6,0
3481,1322442960-95d91f84f9f5cca1ae12069aedfcd35d,1
3481,1327465560-a95eb2bedd92c4734d8838e8168747ab,1
3481,1323824400-4f82e4c7ee64465aa781bd4bebe25b2c,0
3481,1325631420-015daecc9870e2c2029104f348d623ef,1
3481,1325673180-f33bef6216f0d9e15ede8391b7a06a57,0
3481,1325403600-84041cc055c28864918c1d8363cf6144,0
3481,1324281600-7c1923690af316e181e9ffd4408d1410,0
3481,1325055720-063696195d0ea1ee24b7302226f308cd,0
3481,1320534720-9b08f08e52f3ec8c480d70b3cc1bc4c3,0
3481,1326970680-63c0c42ef71d3d59d453780062d44979,0
3481,1320880140-018ae5167fb964df0cdea450817274cc,0
3481,1322379600-ae5c5cc2938b54608085a72f7044e677,0
3481,1323139800-51f9d82b1982058ce527d913c6b711f2,1
3481,1327616700-65a7d65a8c9d94fb49cce7315409135f,0
3481,1327547940-94ed6e568991bc78965a6291b6768539,1
3481,1320185640-bf0b59ce903b5ebd4d9434adf7818c06,1
3481,1320352980-b4aa8d6130f3f1e67de5e334c4e033ec,1
3481,1325749680-bdfdc861b3530f6c55112305aa2da220,1
3481,1325749680-ce64beac3cfbf3cdd4a3990eb22fa3a1,1
3481,1320464520-b0bccd628eb653ca34bcec2ac3b5cb62,1
3481,1320815280-13948612dc0833b1a4368078765d38b5,1
3481,1320723780-48a04304bddc5bf4b918823cd3ecec4a,1
3481,1322506020-71a6a1c44a40f1fe1312f4ef5730daf9,0
3481,1326251400-bb4aa6d27523174a694e7371b728156d,1
3481,1322792280-49b4482418657ded1cc60e3b8c4bf83c,0
3481,1327079220-6cb3fee449d15774cefbf453773ff765,0
3481,1324101000-24b6bbb3e330de7c9427e58906dc5f54,1
3481,1323987960-0300867a9800767916d4bbc4ad108365,0
3481,1321329180-9fa4be359ae4089a7834fb93a39aa182,1
3481,1320110760-fd950064f24589aa825de569d8053826,1
3481,1323046800-741cb919a5831673326841a78c33cddb,1
3481,1322853240-2d422cdad45328381aa023df0240535d,1
3481,1323706740-3098184cb1eeae9731e093ba734308c5,1
3481,1320815280-becc95bbb94d24aabe70e9dd96ac8a17,1
3481,1320352980-87f701321403b89c47b624ef71037111,1
3481,1323565260-015bc3209b39a115551f54f11f5cca8a,1
3481,1323835800-9bd0ba2d9f21bf2be07ceb533790e014,1
3481,1320551520-7308c7514dfff079baf9f2429729280f,1
3481,1322794020-446d6fdc5ce7396950c0f0a9ab0f8785,1
3481,1321468860-395068317fcefe9fb331709e7c2d7f59,1
3481,1322451420-c40ced5efbe5188a49cb67175b81e249,1
3481,1322527920-00ca9229d9dcfe150fc5157a31df4c48,1
3481,1320907620-f410f92f93070a05f70bc187c0273ffe,1
3481,1323892260-f44f9468a92120edb9c385908e24afe0,1
3481,1323567540-c980ba4979e46c31b2bb02339d5deed3,1
3481,1320203100-6eb4cc42a11c0d0c86f1a72ee39dfc69,0
3481,1323972720-31d4af191864e904fd194ffcbce06ee5,1
3481,1323565260-c3eb4e18e0ca1c21cc011cdebcfa5b6d,1
3481,1324356780-3c46960d3bb27d86c7e82503a4c6f7f5,1
3481,1322630160-5b515015ebfe7481188a79cd52a1d984,1
3481,1321587840-b774e651324da66caee653c12c973cb2,1
3481,1323061920-f3e11cef5270ba8e4406612ce9ff3ca8,1
3481,1321306800-af33892e04c5ea70730f5e36113b22f5,1
3481,1320834120-1ef183546ac916d3d51ee1b202688db9,1
3481,1320551520-f951abc2cdbc761275b5990a9303ca6e,1
3481,1320477240-1f15d045d4b85a2bb2b23ed79d0a1bcd,1
3481,1323727680-bc43863abddb17e085f12c07924122b8,0
3481,1320352980-f7cf295c92f42e228a2cbb80fd9a39dd,1
3481,1325655180-f879ed9998553a0defdc75a18ebdf018,0
3481,1327945320-f4c8363e24d7cf2dd614b8ac95d9fb78,0
3481,1323974880-a84f955a4e27dccf78ec495d6f7a1b16,0
3481,1326379260-b4ba856a02b0b2245efb6005af51b7ea,1
3481,1322783820-7c589fdb53818773896c78f1a4cb1c4e,0
3481,1323166440-c5f07bc74394822265c8ed6c9fb54deb,0
3481,1320887460-2ac910cde8db36988f719988aa517e25,0
3481,1327578300-84de8ed180ff1c635903eda007afac7b,0
3481,1323716820-bc90a44e6f725e900708299693f7adde,0
3481,1327996140-c8718a06e1ff40b0606e558f88891f1d,0
3481,1325424240-cdfd5b5b6b447c8252526dd0a0af3bc8,1
3481,1325424240-0133c122ca53b3adf56a7d16402ee94e,1
3481,1325468160-baecd54f6d9c2815149d5a8852cce4bc,1
3481,1326915660-255782d6b07c940e0a83ea3c7a45f40c,0
3481,1321766760-d5a0ab508b90770a1d4ba2fdb1d5830d,1
3481,1324096020-7c0485138a3eeb1c439aa45eb5e3294a,0
3481,1321453440-f4bc7c8bfecf13df5592a8484b73e68f,0
3481,1326836280-aaa8f658a09073b6deef3f77cc6168ec,1
3481,1326693600-fe22d066672027ad41cdee218c652220,0
3481,1321343520-718ce96ea2aeb0a4eba3d1ce583bfde8,0
3481,1326396900-005d779ad7a3d795353245a3e87b4a4d,0
3481,1321813140-20b95ef6080d1f4c7ad58dda23c1af12,0
3481,1326785520-38cb9cb13a7d872c62726049a30b636b,1
3481,1322442540-a8720c8967ef90cf48a1d31f7f6f4938,1
3481,1320970440-300435171b3dcc0ce4a54c816d0f0a86,0
3481,1323727140-5b9a398669d8eff610ed8b6454cb2d4e,0
3481,1326487500-db0f677b7872f8f7d52d7f0d4c8ca10b,0
3481,1327803300-9ee689669b3fcd0ff76a63b0de36ac74,0
3481,1327971600-026b93d68fb5158f3e5d3bedfc8ec8c6,1
3481,1322752260-23152bb063fdf17784d01cfdcea72fac,0
3481,1327971600-cb5e049b705c9fe0fd963b532f260da9,1
3481,1326313620-9cc247f3d55055d4c76caccc7cbc6848,1
3481,1322317080-fb37e8767a70df7637e3c5aaa22246e1,0
3481,1327732200-66b617c79da3b6847cacd9408509d5bb,1
3481,1328037420-8bfa1eaf16336ad8c2cff598337f7bb8,1
3481,1326831660-31d1e42a78d8a8bb088e061b6197accd,0
3481,1326699960-46e2e5672ffadd3607b1d04624dff3cc,0
3481,1322518080-56bb8a5469f3c6e58297c985b5c016d3,0
3481,1326969540-d97ef917f621f5bab39063e05d53017a,0
3481,1326619080-035aa47df9a99d68592814894d33a826,0
3481,1326950940-360c68f6a40d32cc7f94feca2673e252,0
3481,1321305720-547dbf87dd0ff0ce0949ae01fc0bf7ca,1
3481,1320884940-341c67f1ef6e27de1e9b68ca916eb55d,0
3481,1323709440-c0bf7f8b3b70d9d4223d536eca372672,1
3481,1327968960-82c2f0cceb288604d007c849c779837b,0
3481,1322357280-654a77dbfb3e1926898cd31888e545b5,0
3481,1321509420-59e5a2fd64b02ecc29547bff043650b7,0
3481,1320622080-cb642bffe94a01e133454a4bdee58118,0
3481,1321322340-86a2ccd2fbd18746f1cd0f837ab85d12,0
3481,1327814940-41cfecad0d6a424330b1ddfe715adb73,0
3481,1326978540-0e96b1aced488d67eafaae88ac778eaa,0
3481,1326542880-9ba04d31cdca76036e09202c29a22505,0
3481,1321894800-54dfdf3e6ae3c2a0cea7ee6a9fe68350,0
3481,1325542680-1a40b198f3ac159a7f5917ca0af37a4e,0
3481,1324612320-7859bacc518bee6fe4381ae74a40c44c,0
3481,1327154640-f82f8083551c28e3576465a55eadd952,0
3481,1323844380-baa110ef744efe19db23e92673787b0b,0
3481,1326968640-8435285cac4e9648140f1849ae2e3306,0
3481,1323889260-beb6714a94a5fe98a673751c6adb5a9a,0
3481,1321165440-43d9dd8a602f96b882caef269eab56f3,0
3481,1321356300-db12708e903f0c2ab43bcaa2125b49b7,0
3481,1321434600-f30f7e9efe5e1e8d31f97c7d815a3315,0
3481,1324050120-3c74578451ff6bd4fbba3144557dcd14,1
3481,1322724840-7ef0fc503162604df00ce0458e43693c,0
3481,1328051340-def639aed1d2ef76d77dc1044de537e3,0
3481,1326835860-c6075b2ad468bf74126393ad85d6af3a,0
3481,1327739580-f0f190b5741caadc2197be191040c4e4,0
3481,1327018200-11b820d67894a96b06a183158f1b1a16,0
3481,1327074840-ad69956ce3f3baf890be78e0e7d87f54,0
3481,1323889560-c284247f1de3e8062967e6ce07198551,0
3481,1323390900-241576c26eed9d9d5151654adb960273,1
3481,1320595560-db5049b658630964cae75940fb5d0121,0
3481,1324670340-5abe5ed361933f4666ed4aad763eaff8,0
3481,1326294780-f1e9fe9afef75d97cea52e1dfba8dc30,0
3481,1326036600-578646d37d5feb6cd8483b3108fc10d0,1
3481,1326036600-5adac74d166aafd933b6287ec0218c8e,1
3481,1321096380-34e8b97675b699b17dc2edb24f3a6b35,0
3481,1320954180-dca88c623aaa7194e60cbd9203a24c83,1
3481,1327101240-46ba971636cecf6ea5266bcadd6144f8,0
3481,1326307860-849fa719ae8191b4ec4fd7a09e7e79cc,0
3481,1325009880-433ab40d8dfc6af7f141a4f2823aa0ef,0
3481,1326861240-dd40863037a133e0a2c14f7ab709f7dc,0
3481,1324423920-260550c9d23402dadf9a837abd2caf79,0
3481,1327454220-f35c00532cf5e65ad581e4b9da458976,1
3481,1326249000-dae6f92002c413be313af0255ecd1a64,1
3481,1321339860-a86f44b7575acfc8f8427c7cc3931b22,0
3481,1320337020-6647fa785e72230dd598711523fc7082,0
3481,1322547300-cbe1c4c96b0f49a506e813230e4425e0,0
3481,1322644500-c7e3393bde80933e485dc1f8b9fc1d2c,0
3481,1326998640-07fabdb6f6c99483c128627cf42e7b62,0
3481,1322964660-458287a46bf851fedbd8d5b471948613,0
3481,1327396980-bcb512a6dbbcbc2fc3a0903f45330cc8,0
3481,1325695140-ff5313ef0fd8734c499b4af848d9e250,0
3481,1324815600-7a5337c5d3ea512068984333ab925a8b,0
3481,1322261100-f452d810dae6be12be652ea9e003aa13,1
3481,1323372420-7b5a5a1ee9b20a402cf0acefdc0f5280,0
3481,1327845540-6c7f4e4e381f1e3816b5006c0bf69eb6,1
3481,1326424560-c81a240991e12290e9b2997a8bf8800f,0
3481,1320667320-11e6adccc0c470db36ded2f9c729b11a,1
3481,1324437480-3c91ce8e840c1f8eb328ba2194ab20b5,1
3481,1324400640-8f9fe34a549ffc7f15e4de53fd23852d,1
3481,1324046460-4ff5028bc624e8c9d349f34d17960cc4,1
3481,1324356360-482acfae4ce0cb44700075b86a0341c1,0
3481,1321256040-5677b2eeec547e5e282e1bcc7e9640da,0
3481,1327094820-4914c4e5fb645c4f8bc7d4d87d6103f7,0
3481,1326651600-7f0ae16987214a8c48ace7ea7ba8fc87,0
3481,1326114540-dc353f930bf7a01e7a7c538bcfc8f432,0
3481,1326804660-6847869205d4e8fa09c4240817ad04df,0
3481,1326937140-b3d79c7a62eb7ac8d73ec75a0a83a964,0
3481,1320927600-5235f8a13715fc3b4d3cdb9e6ee7bf06,0
3481,1322693220-58d12f35eb58bd32d3c8b4c978df0429,1
3481,1325215500-5149045a064b6386c30d67f523cca851,0
3481,1320840300-92b949099b6cd053a73b14535a0d766d,1
3481,1322840340-8fd49ab88a26523fb6086c430543f17a,0
3481,1320909960-c696d3fe6d1943948bd34fe6403355ef,0
3481,1327282080-7acb30a594848882860209c9a6544aac,0
3481,1327413540-508a61d8c7f59fa5784837c6229ce53f,1
3481,1320802920-54ddc2b260d8ecc8aae0da1d3dec32a0,0
3481,1323542700-f28a9574a67c219c4e01ebe09f6a9100,1
3481,1326468720-6f51724bb5edf6d347dd2d97b6561d3f,0
3481,1323265320-32e67caa63de718bb4aad1849de42a0a,0
3481,1327335900-b04c309705ee66ac2fec2c6592063af4,0
3481,1323365460-600ac212b60d5d7c243d6651a38fc25e,0
3481,1327320780-7f751be2d0d7623b0429ade52c7ec87e,0
3481,1326407940-1f516192961b47e87389a3f91f8763a6,1
3481,1322860200-2964f7272ec4acc938f6fc40257e9a0d,0
3481,1323338220-2f34a307ab332053db6feaf3551f57b1,0
3481,1327130160-1c0d067c71e6186d7c1c8372109092d8,0
3481,1326971580-0c03495656a7378740b5b74d0223d249,0
3481,1324691100-c8bfe0a71aad9d9c274c9a73b4ef123b,0
3481,1325791920-01b3c0e69b973a29f70343ea4e76aab8,0
3481,1323129660-8517f3a0ac2079d57303d39446c9247f,1
3481,1326612300-7bd21d9e6fad8a4fb87e5a1120795771,1
3481,1326612120-7e6df32795e71d48c2ee38359b58f804,1
3481,1327931280-9887ba9121479d1953b21fe0b1db4061,1
3481,1324024560-f311b6f245076398c1e7dd95348e1051,1
3481,1322503620-22e72e60cd436dbbd82f33fd3adb288c,0
3481,1324503060-60dfbe2aaf1ea53ecac2b86cbb7e5d0c,0
3481,1322631300-9e56fc73ee3fc8afcdf042178aa3e66a,1
3481,1322630580-372c2f3af73041865690be6a3b296618,1
3481,1321929360-fd65fb12c3218aeda1aa3c8711b2df22,0
3481,1322934900-317582c7bee66b2e4377c3421c3cde63,0
3481,1327269840-58183e1ee1e87f9ea68964dd9c24fc11,0
3481,1326421800-2278f66dae521a363d728961d4c50c10,0
3481,1326456480-457e3fbda5f3d1b0f0ea74e1e8f5be3a,0
3481,1322713140-f763a8b4ede67b1f9b3c7b77c9ad0d80,0
3481,1322084700-300c552824111dd982f1c229e585c1c4,0
3481,1325332500-8c2504ec41404ed60c473495f72ed076,0
3481,1322102640-6342c2907f8d184d19da5823a023219d,0
3481,1327265460-4c328aab91b70dec59a453e282bbab73,1
3481,1322725200-ba5b232bca7188d7899829506399f18d,0
3481,1326159060-a9e84ff58fd0882c6720e4fee3bc0288,0
3481,1325274300-c3f5e52cd7bbd0bbcf1e177af35fe54e,0
3481,1321875360-0020c93d7e4099b8aaa71f74011597f5,1
3481,1323567540-a4bd475eb95208e5eb72b863810cdf05,1
3481,1326100140-35861b315446cf5ac8b6fcd2acb1db48,0
3481,1326186060-367b836fd6fd6ddb0b8a193af00a21c6,0
3481,1321236480-cb21154baa22ed982a3020a002876f5f,0
3481,1323945780-25b6844e1f012a6583519559e6e9b361,0
3481,1325721900-1782c4a789098ad8f4bbc64b20f82a37,0
3481,1325743920-25a35e3a18c1920d196792959f3b3807,0
3481,1324558440-ac47a4e251208c7dd50ce5cc938cd474,1
3481,1327445940-7085ac237a61604174912a1764aaa228,0
3481,1320980520-27113e47858833b636e8a0bdef10be20,0
3481,1323824040-f2047c2440e9fa072ff2ab8c14325b3b,0
3481,1321792740-a82ea565613c8ced31681ff112c62964,0
3481,1324152480-a4dc9eddea765df5436ccbe4a1558648,0
3481,1327127880-d50395783e0c20b1ee1cc814ca0c79ad,0
3481,1322473440-56458662a58c21d7630857a21a67ce16,0
3481,1321188360-4b528b393738e5395e0af503f9e6b512,0
3481,1322703000-94b276c861b13c40bce1468c00395ff0,0
3481,1327879800-074b272d1e4875bdcae2652ec15fc550,0
3481,1326678780-0d62e579d87d949fffc2c459986d64d3,0
3481,1327033620-4a535784a3dca6d6cee19ce0dc0e7a06,1
3481,1326001440-09c7a063857f707e89496be67525f827,0
3481,1323137820-67eab8567c987722c49080e774c7c7dd,0
3481,1320812640-043162bcfd88f1bd98a3ef2a2e85428f,0
3481,1324838760-d33d8fba4a318f279491e6b9c05275c5,0
3481,1326330360-bb672cbddaeb222c1769da90971fc74b,0
3481,1328034900-8a1a647f3c5c9881b4fbf46f54714553,0
3481,1326941640-9d87ee4af6b17a0063f667161412724f,0
3481,1320693900-f6b89f311769091a5da2361fafdfcde7,0
3481,1326150180-451d696dd5a9bdf2f5c3f60fd1d51990,0
3481,1320905160-b6cb5db3364e573a1ceda56211d2cd14,1
3481,1320984000-33eb6b988bf02c60f05c4ebfec006ff4,1
3481,1327609920-016e9b56ab75719fb12b46b104682f2b,0
3481,1322795160-738d52164255508bbf8ff2ebb0e01648,0
3481,1326987000-f5cbe1cf6979ae81b7490704fe9c213b,0
3481,1324330500-39977b7fcfa0021162943af8a399bd84,1
3481,1327496040-c2ad9c1639b0d06adf82a724eb2a2a4b,0
3481,1325399400-63fc70a5455646a5c450015c6893caf1,0
3481,1326385560-6723e3d4cc491e23324896e9242b6eee,0
3481,1328056800-9c54825a86264a2c255d47faa60ba920,0
3481,1327531320-b37e4470ccdf0f822be28535fcbbb593,0
3481,1324458540-00c8e82a4615237af6b718612115cb9d,0
3481,1321409400-ca323e77a92bff51790f718ee130090e,0
3481,1322033820-6cf0e26b619ad6fe32bb142a15951837,0
3481,1321312800-2d3d46d9d94e9c6a25cb194590d113e7,1
3481,1326519480-d46a021ef2df67a5f54dc1ff8d0e964a,0
3481,1323628860-c074234b5d7030b41a7f1a06aeb74d04,0
3481,1320947520-439945127912e434e66b5129061b9661,1
3481,1320903300-0d5960088619596d081d80da95e4ac5a,1
3481,1320677940-fadcd8e6cf8805ae8b9c3d7f577f85c7,0
3481,1320628080-3278a0e420232251cfe4695e680f48b1,0
3481,1320169860-948f6b6757352ba7e9ee7910918af391,0
3481,1321482720-d9d2d94a42b0c3b63c7bd16f7e24589e,0
3481,1325580180-8dcbd60b4ba9f8467d1c5aea5b3d64c7,0
3481,1323745620-7c2be54e013001603c9b0d964925c94f,0
3481,1322999940-d1a76d1f763c8a7a38696684fd8d2092,0
3481,1323945840-ca073c37a05d69f50f344f8047907f63,0
3481,1326807180-733a1ad979a197078229cb8c9083bd86,0
3481,1327381020-87a60459149278402899cb23fd65c077,0
3481,1326807180-622bb9d0975c4c8bcf41fe6e2a6ba27c,0
3481,1327925760-f46f945861cdc527ece77cf2725eef3a,0
3481,1322365920-d1e5cd7a92c155b90152a85962bb9517,0
3481,1323513240-d65265d67bb3e6e7c482f2d1572c8458,0
3481,1324963980-97b2ec5a25fc52b0d500796db8b2a055,0
3481,1323981540-de50ffe0c0ccad696b93303fcd2fa581,1
3481,1320797760-51f198759ce6ef18962d727ced198703,0
3481,1323279420-1995d0c86806ee3ec318939ddf926948,0
3481,1323252360-6133cffbb499d31720a497a586d3335e,0
3481,1322903580-c3656668022002e463628f6a636916e4,0
3481,1327201740-50a4b7857cd6307e64e359696a18f9d9,0
3481,1320472440-cdb29925d2c230640db4170d96286218,0
3481,1327524780-7a8360e098e942e1abd4684c84645ee5,0
3481,1323171360-a42e83c99a6b5b9daf75280b0174cc66,1
3481,1321905960-07b7bf0af8aa7e31903a6485b070d01f,0
3481,1322498700-d2a4867dd673e06647306c9628cec539,0
3481,1326613140-c3412acddc933e07092ab571476b02d3,1
3481,1323357060-06c2abf19283025a2c0990804d773e40,0
3481,1320682200-d47095b15919f6b6d4e97485233441ea,0
3481,1326497400-18ef409b9e2083e2261f5206d9cd5844,0
3481,1326955440-0f1b0e30793bffca209c5c3c970d8204,0
3481,1323765840-c18c65953a537949800f56f05aa8ca24,0
3481,1326689160-a51ee0871e9ae19955c83a88635cf823,0
3481,1325831340-c5f698dabbe9ddfe9fda5ef3cb172f45,0
3481,1327472100-23efa95dc096ac235b7f2618c700268d,0
3481,1326204120-628bff5106f2b1caedfba91d5c115b1f,0
3481,1321594500-ae377957f14c80c3da10124986f9d7ed,0
3481,1322985780-2e7fda10f2f28f1f6de4364d2f3b964e,0
3481,1323843540-bec7401764ed8880a4f3cb6fe77ea533,0
3481,1325080680-6b4a123213f6960ed1e5cf194a2d14ac,0
3481,1326609660-43e9ce7f992d6741d26ea86a7a58fb80,0
3481,1324646340-31384d603f83d8a30a1f7dce314b0e5b,1
3481,1327879980-6252ae7bb0a8441ddd0a6882c2705abe,1
3481,1327669320-54e91b553b39be22abfecf4d07fbf3be,1
3481,1321260240-5515c6fb4c76e9f9225b0206d5fb90aa,1
3481,1321260240-baa59ee1f26e161b7270d4ecebf32155,1
3481,1321260240-642012eb7b181532edec12e5a737e228,1
3481,1327596900-cb753c4003560970967bf14049ae2fca,1
3481,1321260240-152865163bc5db1265f377e0fb75fb0b,1
3481,1321260240-6815f9a5172036e4a711a871fc24e45f,1
3481,1322443380-9de5b96cd9ed1c104dd0d92e127aa02e,1
3481,1321260240-fbb01f87dd848488a531f88e8c4284f0,1
3481,1326765780-7fb17d21fb3f866264c7b9497f77ea24,1
3481,1320827220-95d24636949097aec8e4259063b21668,1
3481,1325261220-63a347a5e0a5859f12879ee7578dd297,1
3481,1327958340-2145c60787cd48d235a7cf05987f95f5,1
3481,1325060100-dd58f07fbea6c1d456d1e87aa9e0177a,1
3481,1321001280-5ebed46d844de396ac8d4e4af73d7f0c,1
3481,1320480180-0c069884e5d35ae23da1a68d1f8d5000,1
3481,1327958340-d3e3003db98724fe8c8508bacead2af6,1
3481,1322813280-0309a3dc32e38ccd9811b09664285b01,1
3481,1325769960-b09d1582668814cbd4bc07fca2ddbdda,1
3481,1325060160-c3ad85d9befb4ede24e206219d4091c2,1
3481,1321001280-a2491d9c721d5a0fabfd6b2575dafc7b,1
3481,1320480180-2236d2b66d18f3e1fa27abd9070f41f5,1
3481,1321001280-6cb8784d69be6d1fa50ba6468ebf1a0e,1
3481,1321001280-dd48219f2390e1f91b98a4df6edd3bdf,1
3481,1326443220-725a4164fe94c7d3dc9c7dd2ebe7e592,1
3481,1322443380-61f22e398e00d17afda8b6d89ba874f3,1
3481,1320776820-b75a08bdeb17972053a19a493545f16d,1
3481,1326701880-cebd6501ac4d002f7448ef544f5cd54b,1
3481,1323678540-0e1970446db902af35d20ce1d44018f1,1
3481,1323678540-b6dcbfbfa57f3fd1d9a946599256839d,1
3481,1325666760-9f4f287d527f1f7fe584f8d021cc6115,1
3481,1326443220-9dcba7c40610f5a5500402d08adea4e5,1
3481,1321812300-5456c0921ed4c2c7bfa6242a84ce3a5a,1
3481,1326963960-cd18487854596ba892f3bd88f01cf886,1
3481,1327828620-c32f7f7838e453314c27b7bca7e07de5,1
3481,1325666700-fe57e7b4c516188fc15697428efa50e5,1
3481,1324801080-285bf96b0fede5f0a073f03e9aecfb91,1
3481,1326357720-6d981f7e450aa84550695d457fe5889b,1
3481,1325407380-94a3a4a09fac7f5679a9202d19d8a0a7,1
3481,1327623780-05c9186361b1cdc42ba1d6021330f17a,1
3481,1325060100-04ae6340f8396ea8d039497e568be7a3,1
3481,1321001280-b1869d3b47ef0543e4b5946804af760b,1
3481,1324801080-985014cb0addb8c49b8fb6e2ea83b9b8,1
3481,1325060160-8b7ef949d363c67f7c9c5588871caa05,1
3481,1327701900-375961c4ef9e6b29cadc5591cef242d9,1
3481,1325666760-26893337a7d3253b7726a8d5e28389e2,1
3481,1327828620-953b78e98b02d61c333a8d967475ec7e,1
3481,1324375260-4bbb8d331688f33e0050650de7c1378e,1
3481,1326701880-1fd5fd4dbf54a3acd3fe1f07d48f92ee,1
3481,1325060100-fe43725115698eb6a906bca9d8e34561,1
3481,1324500600-a1caab27492c918e1bfec55570712cea,1
3481,1324284540-ce0bd94ebb5cb0613e2efe742f585e41,1
3481,1327828620-b722f27f465839ade8448421cb5ff39b,1
3481,1325000160-a6ea40d5687965fe3aa6b4f36d5626f8,0
3481,1327828620-bc918eeb1444719a4a163c0f85f76ffe,1
3481,1325769960-7b8fc275489fbf268b4eaa84dc92e8d1,1
3481,1325666760-f4044bc70bd9c14d31654239c1b85076,1
3481,1325756220-2d8414932c395eef4c5d2dbe96f997c9,0
3481,1325060160-dd3c87897fa9488c14e6a8f3c9501b9c,1
3481,1324455120-88c7e56da60f03a8369c78af48b84e65,0
3481,1324109820-4990f63ed6832aee95cf6e1329518b86,0
3481,1324282680-1403a89d5ab28427161d6bcfef7c6767,0
3481,1321260240-10a3ae7eee81bb7bfff48a7218b76396,1
3481,1323678540-d54707b0b80d3395cd2ac56764f7f0cb,0
3481,1326462960-491d40bf836275cdedc3c31daea1fd91,0
3481,1321433340-96b9604ea2ea51a955bf217a06b5ac81,0
3481,1324109820-48857abe4f4cf6be6cd3ad4c49a89869,0
3481,1324284540-bdcde29456b41354b44558c2088bd31e,1
3481,1320827400-f0dff6dfbad21ba0f9fc3f62ae090858,0
3481,1324386960-f6e76e6408fc23a34ea3eccb1c6c946f,0
3481,1324715820-094ad51b7ecc23255952f0c4e35db209,0
3481,1322972640-0e17e3bdee7902c685e7c9a9c2125525,1
3481,1321373160-2834b809104d3e499f428a0a04f7aad8,0
3481,1324109820-62237a05227fa296e9ecf2b7701ac781,0
3481,1324672620-7f65baf7dcdeee6c628e8654f2374c5f,0
3481,1324024800-562b095e5c13e3cf919855585f18da75,0
3481,1324715820-0129af40cf785134f2f19679df632615,0
3481,1325261220-4774d166ff0a3f6562acba5654ddd498,0
3481,1324282680-60a11c3eabb61293016a79fa4614bc02,0
3481,1320864360-9069e45b6af9f44a38a60a0962bf7a67,0
3481,1327395180-2a90251c2ebcbfd4b4a90e3e7b26e30e,0
3481,1322974680-cd9e8fb9e212d62529d4d90e27d9b062,1
3481,1327415100-66aafcc624a96f38ebefacd8db506341,1
3481,1322013900-7b8f7e4857fa989bd209223c9c63f75c,0
3481,1327828620-51f4c15a678b53b7636a439b312ecc35,1
3481,1325777160-74a09b613d49bf35a95c954ecd6b5356,0
3481,1320914280-9c35d04067782fa09021f27ea9dd0d7a,1
3481,1321676040-0672b5bc785a16b7e35d43840eee10fd,0
3481,1324801080-8fe26c3286aca39cebf797a506ed57c4,1
3481,1325060160-6eeddcddb10c09f599d1908643a80d8b,1
3481,1320407280-f827c6d4a60a245e29d7fbbd7c22184a,1
3481,1324803720-b62bb1639f33b4a8603bcb0e891fb899,1
3481,1325783040-52a9df33c181d321fddf438fe3d25dca,1
3481,1323590640-2bc519274e15f6326d54dbb44aca8d64,0
3481,1326616620-5ad4ab47f7e0f888ab812e0d7eed799b,0
3481,1324807380-848c10cd76c9a78eab8e0b2ae04c889a,0
3481,1326424560-578dd6a1635d9b9d83b4c17b57dc6fb2,0
3481,1322675760-fe8047b2167c44c80e8145dcbaeaf78b,0
3481,1327134960-128752cec55931e71c90575c66df38e6,0
3481,1324655940-29561c40e832576ce9a86284716b167d,0
3481,1323809940-cec76eb8add7552b34b4f06508942d6f,1
3481,1322453880-f5c7647cec3ca48f2db66eb4d4ee9ac1,0
3481,1321605000-8a6dbfb05e72c41edfea06924d020dd3,0
3481,1327623780-3a12fad4f5fffc8dee35472a44636916,1
3481,1325622960-4c1168c74e2897f72ea34b273d8ec171,0
3481,1325740740-6ed504f7f5648650039564012de3dc7b,0
3481,1320854760-a60cdc3b330ca3dadb901ca75f6991af,0
3481,1324714740-0ddb71de6b71b2921e4a4a94604aa490,0
3481,1326668280-801a230bf91643186b44dd35798937e3,0
3481,1327857060-60f1742aa547fe4f8ea3b9136f2f15b8,0
3481,1327591680-17f04a01681666406a9f4cd2850114dd,0
3481,1323561180-5656f00e254e72fc1bb23cf2ff876c74,0
3481,1321837440-668adbb8d915a3916db679999f458d28,0
3481,1324897920-20ce2a9218758bf391bcb11594e73e4b,0
3481,1323928500-2efea2665bc2e8ce6e13618132a1226b,0
3481,1325902860-5457affb4888b3feb4a43ad454b507c6,0
3481,1326758100-2c4fae8aba8ee0a52ba2b3fbfe10b759,0
3481,1323338220-917f71a3e421261c6ea3c6691463569a,0
3481,1327806180-7657eb7f6eb58297df82951ae4de7c32,0
3481,1324179780-d3456bf2ea87f0db54e0dea0c46b06fd,0
3481,1323176640-0075a7f3e1dfec584a11ddada8b19fa3,0
3481,1323409320-6218de1b91bf82af96480923234efd50,0
3481,1327052040-20cb54e5cfb66ccbada0de0199bfcde3,0
3481,1325307420-3b09b500c76223b75047bbc334a4dbfa,0
3481,1322297640-7045b2c03ff0aff12200b7958499ef1a,0
3481,1322099640-9d0473cd9917d4b94498bbed605ff575,0
3481,1322764560-7229a6e70c2bec82178b16221d3916c9,0
3481,1326855000-926d0795c6ae0a133a2455506f276905,0
3481,1321619040-b6e1f89e4434f12a59662b3032e425c7,0
3481,1324001160-2f47f2f1c2d67f91d1a9600cae374d7d,0
3481,1323851460-f9601de4d39198d975da647981d99a70,0
3481,1326957000-08594c346c68f010666540d13287a071,0
3481,1322972640-90056ef781eb9c2364d7b966ca7e55a6,1
3481,1322974680-6cf8369aef02be459fb68c206c01c138,1
3481,1322972640-fb819c0c2ed4e2c1d2bbfc37c65bd83c,1
3481,1327798200-1fbdfb7d5e98e068dd3ff932927426c9,0
3481,1323244380-9715127a1563a5ad86146388241ba273,0
3481,1320235740-f50a93b39da2679d5237da3e208da245,0
3481,1321511220-a08181cd7992fd5169b1c95297c52530,0
3481,1322576880-bd7532b1bb1b43ee45f0fda26a04abc6,0
3481,1325201460-912116f70ae758d9ea64057f690ec24c,0
3481,1323991680-9c6296b03b344913238a2a41c7e11f5d,0
3481,1323398820-f8de5467120c631743f8922fd0c7e0cc,0
3481,1323192540-958753a48ffc7293f11d11aafcb6ece0,0
3481,1325365260-5c36e8688e954720e583fdf5bdb691f4,0
3481,1325723520-80e355c406b92fc0b78b938a1a3951d9,0
3481,1323492120-9c44ada434ccc89abd7410ccb6e09c95,0
3481,1325319660-185dc3466b7204778b078e1a4dc236a0,0
3481,1327733760-38316d69268e5b9763e9aae6d88c2f26,0
3481,1327445280-333dedd0425b22e115b06370859ad8c2,0
3481,1323337380-44b527567c2e90e947cab61519f3d3f3,0
3481,1323343980-c3523134d6f1b51e655a6b13ed69ba7f,0
3481,1320908520-8f7814f92526251a622f7f9f415e1edd,0
3481,1321338660-a33e6cd0780df370741c1975f415e5af,0
3481,1326519480-1ac50d7d6615aee3c87e7c10cc48f50e,0
3481,1323321180-43ceec5e99ddcebb61b3f1b52286f769,0
3481,1325026920-3964aec3836f817d34395849ff1cee39,1
3481,1325925720-9d4c03a33c748defcd42009b75a92711,0
3481,1320558960-fdcfa7a54c49615dcfe713405b31e22a,0
3481,1322749500-ffa52b50234c7228d536322ea47c2696,0
3481,1327990620-97b44d88a72c7aed7e2ab1954bcf97be,0
3481,1324767840-f56fa3aeed463fb04fb7ceb416ddf4e9,0
3481,1324700100-a7653563b3f973bd793e75d712c7a575,0
3481,1325112900-d34d72f2d581332bcba845c62ae944d7,0
3481,1326519480-1e4b215bc49cea5332afd856cbf31cd9,0
3481,1326392160-c05e711129d0f53be4dbba9c8d75e5a5,1
3481,1323161940-dbdf7cee0ec3c1f1de5062d8e575d3ea,0
3481,1321259340-8beab370c1704168019bad091cdad50d,0
3481,1326777840-0ee1b889cfce1fa9976243e585623a6d,0
3481,1325430120-3ae8f7fa1bffee7661e0e68ce4878b9e,0
3481,1327584480-cfaeac434e0cf5f4daaea6a3b5f74bbf,0
3481,1321940220-37b8a2a4de7402cf29f5845ccce599a7,1
3481,1327104660-49620f23003348a4147f7bb68d284284,0
3481,1326916440-1c5c674f150a52f8b1f02e05171c8cf1,0
3481,1326424560-4cc01cdddc02c8025fd360520ce096f4,0
3481,1323123000-61816d74b666b2af76cc78fdf80851a5,0
3481,1326007920-5840c4d4607e8c1a350999bcc12f84a0,1
3481,1326413520-8489e794525d0478e8a0ced36bf2f6b3,0
3481,1324353720-21ff0a326a186e494ce2892c83478825,0
3481,1321818360-10e62bdd72928ae7890b35de74e61ca2,0
3481,1320480180-22a95b21d2cdc35f655394789e5cf067,1
3481,1327903080-2551cd94e960b454715e1353ec8b1940,0
3481,1324282680-b3f84f7fa69486175f190bcc87a27fde,0
3481,1323873120-853ebc7fd710d1c06c2260c11a6384b5,0
3481,1321516740-8b820c325caefa984260661553890870,0
3481,1322402400-07d5232baa56703e062fc03b66b3caa5,0
3481,1327325220-740e6cd2df6b0bc6b44d9e6e779647e3,1
3481,1327323480-0b5454ee4476b5b05cfe9d6ac729961a,1
3481,1322847060-7c3a60c57e29702c1cbdf44b24dfb654,0
3481,1320116640-6427448e85d3d14ed68f4c227681e937,0
3481,1327659000-d2fd6a9a54ffe22691d8bcc09a431703,0
3481,1326768240-aa6de6332e08c480602afe06bd7b7ca5,0
3481,1327034940-fa1d6f8740f3dc8aae0ab5b19005618f,0
3481,1326286500-b5bb871931ce412e5bd660c7b8fe51a5,0
3481,1328017920-7a0b07c0dae05c6e28052f0ae1b5401e,0
3481,1327903080-51a0dba02b0e23b87dffa2b90267cefc,0
3481,1327844640-ddad42091b94985363662bd8a9ab3641,0
3481,1321364100-948d3e4f9f386caa629267cd5146fa9d,0
3481,1327538220-8394d28f72a3ee22c8e5e705dde9e3e9,1
3481,1326237600-7ef86d9e6a209e83baa4bc5130ad8ccf,0
3481,1326345660-89109fd0235d4316aee6691f2c3c0b09,0
3481,1323815340-25312e4048a763c9806c7f02b03cf060,0
3481,1325838540-ac81a6c1503304dbd96e67c55a54e4ef,0
3481,1326923700-07417384af026e53d53f90c437829768,0
3481,1323729420-49d8c5f34278feabc5287d10e0342614,0
3481,1321248660-5274633375bb43d13d7b104fcbe81758,0
3481,1322539620-332f93fcb3d7bd59a7466912825ef929,1
3481,1325060160-3aba4ae04aca06dea4e5cc93d4abcbc5,1
3481,1320911520-4f7978d8c8e12666186598663460e9ba,1
3481,1325212080-b29f9b6cd8946897bb409e0707560c44,0
3481,1320784680-0921c1acac0d698e0a465fd66863bd0b,1
3481,1320784680-848c0f4ac276b3b85a4f1d4f0f20eb8e,1
3481,1320685740-c85b68fdf7a5b96643535a1c8253769e,0
3481,1323437040-db308e0cbcbc80fa1b73379967c50872,1
3481,1325010360-725148509a8076a8d0ce8a07af6108a0,1
3481,1320667440-c320a38fe397825624615e4df19c927a,0
3481,1321521060-50d29a23637e0adf5c7018e3bd842224,0
3481,1320312540-8ccf3cf3069a2eabc6437aa62b3601ca,0
3481,1327010040-9c9218bb5b857999a00499c71cf29921,0
3481,1321361940-9005de2b012471e6c36c81adb0b59283,1
3481,1326685740-87a5ef46e37ca6765b4e8b7c96fbd298,0
3481,1326060420-4a3a47afd9870bb89618133414bb62b5,0
3481,1326519480-2d27097667366781b442102e3c643dcd,0
3481,1326116580-3b71a8f10eaa7198800679d9979d767e,0
3481,1321335420-2ad37b84d8b9e03ff10de7f477d4bedd,1
3481,1321175460-d4222653675b5462e53ca5be1c05eb3c,0
3481,1323197040-bf16facff7b73ca6306b589f16185384,0
3481,1325264040-541a14eaf52093598302ddd64ce3e922,0
3481,1320545940-cfa78af91064b5885cd6e4711b85ba71,0
3481,1324504080-6ddeca85f89293ded2af08c6c16ef54d,0
3481,1323117300-a2090e50ff6edda25bd4681b0d71394a,0
3481,1320889440-44854aad718f35a7b24994b7242a2e6a,0
3481,1323887100-2eb023afb86ed74fb45d075c3a54160d,1
3481,1323229620-9949b0d0c1aa478d3503b762c3efbd11,0
3481,1320573780-4dd7c57ba1a50d39ae587d4e9c009303,0
3481,1327568160-61603c417acb04ade1895a64379e135f,0
3481,1323064800-f8578cc3ca862a0483e1f03596b322f2,1
3481,1324714740-cd9d7559710c9d029da829bc9c240ed9,0
3481,1324308240-d2a0b47526a7dbaac26a571bc6ff387f,1
3481,1323082800-d74e1c1a3b31024affea953ffcfe1188,0
3481,1326424560-a378d5f68584b2eafbde5c11028f8e1e,0
3481,1323308520-895a0e47af5c97be4f60754e5d95cae2,0
3481,1322644140-6c6d8cd32a51bad3b6e95223524d0726,0
3481,1328053680-34354fa6e8817cc339b37ba3a88179eb,0
3481,1325769960-92deac4b0d03f343fd8b4f84926dba27,0
3481,1327334880-7845126bf062b2aa4300804e77d2c585,0
3481,1327885200-66730a36cecf0c57fb0718193a5c07af,1
3481,1321903680-03195dcdb71caa92192f2313fa9395ae,0
3481,1320890880-0a68fac45abebe39e60647b624ca239b,0
3481,1327394160-d3e25ddff9b004b270c0ac1172fd3196,0
3481,1326915960-ddc4f32a0f40d8682aa7394f208d02ee,0
3481,1327816620-0cef4cafaa081838b4b679a153976c6f,0
3481,1322639880-bd141985f2072abac1ade462493d11e1,0
3481,1320821580-f2f8db5df1bfc37d5b97363cf83abb55,0
3481,1327641120-27b0dfb767635dac77a54b99f3235409,0
3481,1326954000-28466c84271cc3c3ce59024db0bd7351,0
3481,1325149260-30375a37e6547ca75d04569af6f52653,0
3481,1322764560-17b56bf949c0f5b124825c2bd1b589f8,0
3481,1322541660-0e3d2f798fd23082ca9ee2c5ee0f7202,0
3481,1322807880-1153369945a147a14fccf63c35e18e3d,0
3481,1320913740-aab0feaf80eadc54992e1b414f7dd4b4,0
3481,1323678540-541cdf68a85a8d81853cf90eca82607b,1
3481,1323706920-0dbefde21c13ab33781383e2ce34b2bf,1
3481,1320219060-5c04fb92f44c11a4494e80a25cb68ebe,0
3481,1324175280-aba09952de2d37b06dda41d2c287066d,0
3481,1327617660-41577fdfbd88343865e0e0eda0e397d4,0
3481,1323300120-c4f4af2e3e8acbb82391b510fded2db6,0
3481,1326304740-5d5891e146a6c889ed21f4fea4321ca3,1
3481,1326304740-67e0ac90f467386d2a37837e41c8e2b8,1
3481,1323484380-bab50dc428569a51993c1c0a6c36bb89,1
3481,1324323180-3097b52c673c84c413454b11cd60c17b,0
3481,1327388460-1161b5cb35c2556ab2ca3eb39fe561d4,1
3481,1327334640-32e4be4aeab59793e7a25a096fbdcc08,0
3481,1327415640-a08ebc1c7f3d187e376652aba7bd10d9,1
3481,1327387080-8ecec0d4fa66c87750c54edc79973821,1
3481,1327430520-af689019cfde114c948f2597f1c4db20,1
3481,1327323660-6e5a51c4124a0e2d3d34ad2389b27acb,0
3481,1327453500-3afe259179910ace414b36fa8b2c6fef,0
3481,1323904080-60dbadaccf6cf6d199004d11ca768bb5,0
3481,1326790800-5ad586dd780ca7d5a10c4c4b2340d359,0
3481,1323662040-de0319c9050a5aeeefdd3075f27a51f7,0
3481,1324023480-3c237feacea7a1d38664c135e7f1b550,0
3481,1326222960-de03504e759de4b7918ad68813431c6f,0
3481,1321592280-96d152c1ed3f45fb3fd2c73c5d750a53,0
3481,1327889280-030a430cddaa5567ee8bef5f8e29cb4d,1
3481,1327421820-9c0e3e696d422e25667dbf566836c225,0
3481,1327002240-4321915fde25c9df63ebd2fddb1f0a40,0
3481,1327442280-f17e297d171e84d37cb00912749e74ed,0
3481,1322498100-b6827f29939d4fb4a337815c98f6d28f,0
3481,1326465420-7da9121a6b35a8319c061d41690afd39,0
3481,1322453880-78fb8cc8a02c8806761cd3a3b7b1f37b,0
3481,1326516660-34b83c2a927750890eb0f161097779b4,0
3481,1325698080-4be0e10da51d6f3c81149dc8c5247669,0
3481,1327201800-fdfc8b00d5e41b7b31fd3f1d49f43e9d,0
3481,1321430160-53cdee254824a67b10d95be8a254807b,0
3481,1324043940-cceb36c240c178e69dc7314177f17ce3,0
3481,1321563960-4887504543b07efab0b5662917e21147,0
3481,1327968180-6ae634c7d08788fd629011b29883689b,0
3481,1321842720-69185f4ef7a37524bdff639aca3941c7,0
3481,1325314680-c51f6ce2bc644a72fe89c31a85fd2b62,0
3481,1326968100-6948b944e77d911bb71444dabac13d42,0
3481,1321082040-d800eb367cd6a83c3dbe3bf6d43ce687,0
3481,1324716000-2301af5582daf72c3aae085c334156a5,0
3481,1323205980-234f7ebf683213fe09c7e8f07a3d64dd,1
3481,1320770460-71f0e726e7b9eb4eab7d8ec077da97f7,0
3481,1321319460-f2629d1008233a3bf1d4e52ab467c106,0
3481,1327602960-3aea45a3cdef47fed5294f19433c2d66,0
3481,1327351920-5e209c48d6217e010437d48b9f566a32,0
3481,1323386340-40e3dbc4361e5916b205fabe95d503b3,0
3481,1326519480-33cb3cbb8f4472a9dcf060aebc451569,0
3481,1323787680-107af9df1b0f63c01b89cc4e9dc1a009,0
3481,1327861800-dbe7c4237f6ab72dbe119e5eafec3abb,0
3481,1326131040-dd80d5e30f1a05944885dccdf82e797c,0
3481,1325201460-367a999d9dfe2224c48d5bd06cff799c,0
3481,1324675260-8f6624218ff46137e9ec4590110ff785,0
3481,1323467640-7082844c51d46378b89b2fd848fea5a6,0
3481,1324214880-10654b6755bc85f01d38d50e24ffc037,1
3481,1325385540-8051f02e392a589adc8afe812e078068,0
3481,1320626580-05859fe0ec403d0e8bc6c17e8a4425cb,1
3481,1326496860-11132a5949d0add93f17b659b1d25c55,0
3481,1323895260-7c52907f5d3e468378c01ff3d3de9417,0
3481,1321229340-12cb2744c2e3149520fd4bbb07d531cd,0
3481,1327281600-bff769fb293e917815c8e0ff5e5cee5b,0
3481,1321433160-afa520a1bca4e16f07851150aa1b377c,0
3481,1327017840-16d19812f0473225a723a3feb9ae6f2e,0
3481,1326283800-34eff6b93c49468728e03f4790e0adfd,0
3481,1324850100-d55a156c183ea62acc646c7a04a924da,0
3481,1324025760-382a203156e973a502f93f79047ce23a,0
3481,1324245960-a4df86f8cc9dec2e784a2a242b1c7cd5,1
3481,1321604700-916982a82fad7700fe2393aefb5642ba,1
3481,1325022240-25da8034d87293c90b870762b5a17c6d,0
3481,1327326060-7fc0f23c745be571b8171c611871f948,0
3481,1323491520-476a6129c0653a8ce06fd769350b2916,0
3481,1323869340-80954bf0ddef347986f1f7f3edf86f7f,0
3481,1324553580-2c2cfc61543853f1fb9fb119fd8438e8,0
3481,1323366960-2fd2f6f67ffa4a83dac1e0f6b04988f5,0
3481,1327472640-67ff8534d5a0cf2e074a14377ef039ca,0
3481,1327590180-735a605e3dc12f0234ca8f5e7c0fa286,0
3481,1320871860-3bfc4c6a8eb5798cc637ee43ba3a75d5,0
3481,1327160700-c154c279659a92216848bdd5e8932861,1
3481,1324173900-de09494298472766138ae43868f9a8f6,0
3481,1326398820-b9d6328efa89d6faf12df558313a19f9,0
3481,1324455120-9f8bf09ed4c4280f642c0561768b4824,0
3481,1327048560-c50012ef0916c6e29c852a0fc175dc0d,0
3481,1325010660-3362516914693fa84b871a3f9b681f51,0
3481,1327821060-a57939beb1ceea210fceccfa05f56489,1
3481,1327800240-9bdddfd30eb9af992d72bb8c8c7023ee,1
3481,1326861840-20cf534c75dff6d294de61075f493957,0
3481,1324495080-fa3fbf9b7893e67787320a850cd9462a,0
3481,1327608960-3add4149fadb54e546be53bf6eb3686e,0
3481,1326790920-1b2e6b96cab48cf4b7e61f47b8e9914a,0
3481,1322453880-925f5309fcf64a12de8cf4e296916c46,0
3481,1327998120-880138fc0c53788570d595b3f766665c,0
3481,1322069160-02133b3ee1bdea620ff12b4050a14f66,0
3481,1323231300-b550512aa7d0b825c2ad994951879dba,1
3481,1323202620-7fc7d4f88661fc8ef4f9d20de502b908,1
3481,1323148560-8de89691d29130a72f6e6893687fddcd,0
3481,1320208500-f7da7234bc4c2e8e2841823118a745b1,1
3481,1321423860-7a0245f4ee532e268fcf4686c0d6e69a,1
3481,1323063600-140b4e5befd7933a99e409245c164a65,0
3481,1322726340-79b8ff9a15127d70581098ab2b2ce3c9,1
3481,1326289920-cadc0dde8a126758afe668a69ab533a4,0
3481,1327658820-6aca07cd3fe2663353e011f74a1ee4d7,0
3481,1326519480-4423f9edd84a54c16bebdcd8dd59b280,0
3481,1326444720-6cd86321b16e497e5788f2916362f583,0
3481,1325895900-1b362813aa0ee93f85130c251f425e42,0
3481,1321595160-de3375f4a0f2defd4b2dbffe47312bee,0
3481,1326778020-bfe3bfcce18bea37de050f0ef701f710,0
3481,1325846160-9fa762ae6025fea336c83a25004d1d98,0
3481,1322607000-afeb4cac827a5a77e0b458d026851359,0
3481,1326919020-b4014e2de4e8ec8028b709def69e833e,0
3481,1321174920-934a37d6dcb65f62cd911d7e7c362847,0
3481,1327021260-cd3baba34ad92ec0809f447f592980c5,0
3481,1320731580-0220b134776df07abb22f6b4b3679745,0
3481,1323806580-2d261a306ebd0a3ec074e17a0e844326,0
3481,1320249060-a8dba3e8f5a6db6f44487fb576e14a74,1
3481,1327913280-cc38189caaf031d2ff4d2d75b098ad79,0
3481,1323401640-0830592a5b554295423f264e66277128,0
3481,1321353660-ceb74a4e3501503efd4faaa68f74fef5,0
3481,1325046060-9969b1c133aa029722947f86cc9274cc,0
3481,1326621480-1ffbc2d735a41549f86a1ae18e9bedfc,0
3481,1320761580-4a0378c82e6c84876f965c6aa39c453a,1
3481,1326661980-9be79ad5411aaf357cd8f41d92ff0950,1
3481,1326815160-7cf04e7870c2de059203efa5832b6b0e,0
3481,1320833280-c927531e8b66228a32f322041b91052b,0
3481,1325666760-88e4d9ff1d0b40edfa9ce029752b1263,0
3481,1320330840-ba110dcfaa5940ecf8fd76230b13deaf,0
3481,1326907740-6db36dd23ef95177af2feaee14fbf486,0
3481,1327862700-3dbbe26b39eb49f3f8f9b383506a45d4,0
3481,1324153200-c1d354f91008c798c7f7e9eb0e9fa9d1,0
3481,1324473000-0e8a09a6451f5423693ff0fc0789e630,0
3481,1322510760-beb66e86ebf4bc18315064039c36f974,0
3481,1322078100-69dc681ccd78934c075aecb344f9af7d,0
3481,1325289180-6abf75e7a0df6ecfa91a8533fcc43d11,0
3481,1326519480-22decd9389c4f66e2f75c2f9331d2289,0
3481,1320952800-c7ddc42be7996968e8823ae12fad1abf,0
3481,1323243420-4ecc15a85d52211c6c2da7d8cdc9ded6,0
3481,1326768780-0a0901bf44c210e2f86430bf2c1e82f9,0
3481,1325405700-873b3de999de69d8cb33be7dcfb5bc11,0
3481,1321412820-a3b3ac27c261bd7b549a29220a66b79c,0
3481,1320918900-abc3d62bf8f534ac76efa296feb4e50d,0
3481,1324565100-f0cb8ac53e8e3f71093939560090a200,1
3481,1324716000-3681c92840270ecb327e9884af94b13b,0
3481,1321309260-50f37364aeee7c8540828f44fec6b60b,0
3481,1323632760-ac12b6d4af84b27ec3e2ca94fd3807a1,0
3481,1322854020-70097e607a1a72c178a13299df9b695e,0
3481,1323604800-012f8080b97bb297353d47ba8f67ba1d,0
3481,1325925720-554085fe57a0e66c1a4bbcaa667e4d1b,0
3481,1323807000-499f891092123dba20004b22f7b8b0a9,0
3481,1326424560-94e576e9cc362c0265f8207054d8c3fd,0
3481,1320765600-9cd59ec0e61b374d41829dcd233bc1e0,0
3481,1324808520-507f096f3548be59a0da02a79669a52f,0
3481,1326474240-df6c38f70e8ec7874cb124111963f1b5,0
3481,1325261040-301be18682efecdea0e82620059b6687,0
3481,1327814940-7ba9614ffd6993fbd2785676bcdeeec4,0
3481,1321569960-c4a25f5e5436ae96f194ee61fce2f506,1
3481,1326731940-62e0c1406afa8fca4b21ebf9c4c67604,0
3481,1321604700-48a19c6b4e79bfb7ddb24b4450e92e27,0
3481,1321351080-30f5394bcd24b31df17d5d88f27039ae,0
3481,1323372600-d067574d0dd905a6c5eaaad931ecce62,0
3481,1325563260-fa860eed60f84c11bc36dbfe37971113,0
3481,1327576380-808b15d5d0e6718603a780114b9812a2,0
3481,1322074620-f08178b3a1a2e62295a0bf1d6ae8b32c,0
3481,1327077300-92afbb24e1626116a94d2c001d51afed,0
3481,1327686420-1db50231698b5cf02e09216f35ecff57,0
3481,1327997460-b7ec46bc62f2bf5dfed74548b65c5deb,0
3481,1322991240-199344620e4fa6395c454224a1c5973d,0
3481,1325933640-b5ce64f3ea77f7ed61b6ed3b12b1854f,0
3481,1325140380-cfd637a55ce24c94cd2ed30dbad464cd,0
3481,1320485340-6b1cae043ca02e8a41daeeb74f2123aa,1
3481,1321433340-4972a1e921fe22b1aef9f5933bfbe3c1,0
3481,1320466440-03c685cf88582a828b8ccd72ec0aa09b,0
3481,1322074800-72556e664f557b96650dadb6afc46548,0
3481,1320916500-9ce6bad268b17a2638c08cd4626fd91d,0
3481,1320392040-116be78c49d19777daccb8ff9fd7490f,1
3481,1327370580-7d2df8e52daf6a5fd2dddada1671937a,0
3481,1321121820-a822685bc618be5f672923ef55ee63a3,0
3481,1328054160-722ad826099a73031f322fae2213de68,0
3481,1325522040-f23588cd8388efa0b23b15707b8d5d1c,0
3481,1326403500-d5265328116e4309a5930c940d711e1f,1
3481,1326024000-19706de8132893a0bfc1690255105b66,0
3481,1324963620-fdcc563de98d4d6dadbce39e3d10d804,1
3481,1323506340-8bb07f833483b1c70a05e303fdff57b1,1
3481,1325010900-de3ce23989233b3c0bd8e7e1857eea7e,1
3481,1326899220-0c3ec97214d8f22fb020a6de2d05dfec,0
3481,1326827880-bd36f5c9cb4ac12fcef2c4b5a77588c2,0
3481,1323086460-bfb8ca30e48ebdbc38396dae33f00d10,0
3481,1320526740-bba7885ce34d9cbcecd25746b49789f4,0
3481,1326906120-ce8831211c83d4cc2ea832de281d05c2,0
3481,1320563580-92fa71a750979f0466bb09a26ac1704b,1
3481,1321433340-11e50aa225a3472fdb713c709b96b30f,0
3481,1323738660-a0acb8dde77d40bf9dd6d8071bfc1049,0
3481,1321364100-be39dad0a5138e8240090763394c6c15,1
3481,1326753180-0380756bd71f2f5a86b26c4c02240482,0
3481,1322113920-9f66097b9ed2e05ca84850754629497d,0
3481,1327018620-dc34d5ebdfae4b9125267250bc67ddbf,0
3481,1326519480-af9ff512efa6fa08749b1c086a1e1d84,0
3481,1326843300-273b4f4bc8ffd5621452d101f3c1d8e0,0
3481,1327127100-37e9090064c692436198ce5f0704f1fc,0
3481,1320430620-9c659fb0d1c9d006e1c19c9808f63666,0
3481,1322097540-0c13badd8d374850c63fc1bb3b80b263,0
3481,1323724020-08cff4117fad6fc5a7cd395da30ff5c4,0
3481,1326429660-3c95aab608ee02ff6b8008a67a98bc73,0
3481,1320667320-5f5f26f1535e8c39a7d3cec2676463c6,0
3481,1325666220-77f45008b25d706d30130f3ce9f0ea4d,0
3481,1326320520-96355d6520829f2d93ee50228555edd5,0
3481,1322246280-0e9febc0c135ed6c9b1895deec3d1949,0
3481,1322631600-979200e8a6f49f9922d6affc1bd54ab4,0
3481,1320309480-7bba266b22da256316d518250e13eaa2,1
3481,1326820020-9a2c5008f70a3e1796d77f40b5fafab5,0
3481,1326907080-adaf3dde0246f58f6796eab00f6efd5e,0
3481,1326444720-bad435876a005f089a9bf8416b5c7263,0
3481,1327615620-5d6545bdb499fc9945d3dc3882b85633,0
3481,1326424560-2fea64a8471d55cc83d8f1276834cb05,0
3481,1327971600-78a5be99a5bb6bd46bbe207a25cd8951,1
3481,1323094140-8e186a2568348d24e042fd50b99aeb41,0
3481,1323209400-b7b01df8c510cf9abf7a68db3cd78f08,0
3481,1327971600-decf0b999356531d26b8999c6118bb64,1
3481,1325760360-497816ee1eb791b7e98d9d59082e94ca,0
3481,1324206060-75e99932bc868426e3dd05bc99f0d2fc,0
3481,1321579980-cd800d623b42f41135918fb943693286,0
3481,1325079240-f1ec7403544e622ca7baa788bf2ecc5d,0
3481,1321202040-8e9bdc80a755541a63fdd68279f9019b,0
3481,1325277120-3d726a120e2b309092fc3039dc9974a8,0
3481,1325892840-34daf416609da6f7572e479239af4cb9,0
3481,1320763860-711cd21770699327c456a47ab9499c5f,0
3481,1324051080-582f912e609d21b0615b12831c2fb0b3,0
3481,1327153380-2e121e5d288c554ffc10e2c222a3daa0,0
3481,1327533420-2dd60f9687be5ee45bc863bde7e46515,0
3481,1321172460-6bbb76969e7128132e7e73d15b932d66,0
3481,1322213820-89cfea1d7fdd87ce9231733a32158eba,0
3481,1326766260-8b5b6ef570b49cdac3cbe42c68ad524e,0
3481,1325812140-4d3fe3f72a2bddd624c821f4c915b361,0
3481,1323264120-aa1b27687e89ad29c96b7e934cb55bb1,0
3481,1324680300-3c805f5d4c3fb67f64b11b0623b4cb97,0
3481,1325827620-43b71d5787dd5a46fa327d9fea3043ae,1
3481,1323469500-dd42a202197a9bd3b2fab616d6c81866,0
3481,1320240600-c733e5bf7197b28006c660083a659cc3,0
3481,1325691420-8ba4ab2a415c5962a4c4c0184870d0d8,0
3481,1327030560-15c673f44a3656884ef6c24144e9367c,0
3481,1321980720-85f2cc16a07de130247bbd4005c78047,0
3481,1323245640-ca62cd78f25fa98540485fb022c74ada,1
3481,1324174860-ac5b5c11648e87a071baa75e658f6611,0
3481,1325664840-1dc84f7e7719ad88cc07ccb9a408c858,1
3481,1327479960-19f3c4a89bf24570e27bfd0f59f95f94,0
3481,1324562100-c26b5b6f681589b354c9b166e3292dbe,0
3481,1326442740-63436f50819a1fd06cb0d1b9934ca52a,0
3481,1324630020-b1cf012a894b1a3814fe68c7b8c1eb6c,0
3481,1327913220-74881e7fcf0ca9291daca7db9a7b35cb,0
3481,1322082120-ada9fb2d67ac38458fca39656ca1909a,0
3481,1326388920-41bfc6dd51dcdb7f83421e3426677e99,0
3481,1325355480-0f550b794cf60b9252a1aee75761df82,0
3481,1320863640-28f8fdaccb1a84c70b4004c8c3b8b6f6,0
3481,1326723360-bcf99cc260c8b62914e4d96debf4042d,0
3481,1320947640-5681d6e6cbf21402967b0249f54f7b46,0
3481,1326519480-a1a98da81bdad7ca222bf007460eefb5,0
3481,1324428300-157b9488e7324b5d1bb2df51f250877c,0
3481,1326669000-32ed61963df3b528c4f1b579e2075a23,0
3481,1327558680-726bd90daa2e54ecdc518c31612cc07c,0
3481,1326950940-a800db30e2b5391d835ce904fd816eef,0
3481,1321814220-42d3869c8d3dad1525eaf14acb3365c6,0
3481,1320658380-6b8e9ed126d2c34643e0f5d5bb9e4c8b,0
3481,1323882540-872a7fb28892022cf15ba5230112bd14,0
3481,1326926940-14f2e6033f3c1b2f5db306b5a63a88da,0
3481,1327584000-4565b950abfb474a40bff59e83573130,0
3481,1327106400-666edea3fbed2392a907306d20d73188,0
3481,1327347720-5a084b77582b662d8974aaa4a7451829,1
3481,1325920740-10176cf91abe1caa7e0dfb0c63f5aaaf,0
3481,1320571440-c1eb426ab8db87f32e19b668b45cc1c2,0
3481,1321603440-b13b357e8b71f81c8e8075f3f864a099,0
3481,1326424560-fa2ae31cb274bfc839bf13a62212892b,0
3481,1327345260-accf9106488a1870d26e10f6bdb499ca,0
3481,1323408600-dc39a61f82825c5810bc753285105746,1
3481,1323408600-d5cd6e62cc85e63b076316b588f54dc0,1
3481,1321600920-600bf2b300c378e89e9c4dd4d2914afb,0
3481,1327587120-b793ecdd2ed0555c46c703fce50d0bab,0
3481,1322774400-b8b58ae3cc7a07afad89b9372d91b113,0
3481,1328013840-886aaf93c0f0ef43c759a18708cd68e6,0
3481,1323713520-8ff11dc9010ee97a687e14f9581fea0e,0
3481,1327645080-783aa848a8962ce0acec5b4644237dfd,0
3481,1326599040-5060a0ce0a6c3d7626f0409f189f11b3,0
3481,1321465140-72f8e39a8fa0dbf3c6167e2cb1925748,0
3481,1323866520-18edffe819231d58b2e33843e4a1a68e,0
3481,1321534260-2275e6e824c38b0b4ebdf6e062d704c1,0
3481,1327015200-24adb0702ab43ef702cd3f2b819f5dc2,0
3481,1322794800-649af9be862a7dfe6b7ce3c1d2c4316c,0
3481,1326342900-d4c3e8554a821d407ee3aba780d6ab80,0
3481,1321618440-9da0220fb300e3eb90499d43bf41764b,0
3481,1324109820-d38166b72cffdc2de7561718f9793f19,0
3481,1326069480-75577a76278dcb1b4109f7d4dd758977,0
3481,1323222720-d2dd0da0b09a08b4cd8ac255a0c7b9db,0
3481,1325606760-5809d6226e9bebe1f561b1b6d887c906,0
3481,1321315380-53e2e9cabb3dbffefd01952aaa76ed99,0
3481,1327215420-fbcaf90cc111d918f0f1786c9479a819,0
3481,1325991900-5049831aca6ceda48a1a22877df7413a,0
3481,1323905100-9f609303ca3cf9adfdc5fccab3827a7a,0
3481,1321318980-2a247ecbef381048d1658100dba90ec5,0
3481,1321934580-cb8b85beb32157fda9a168135592060a,0
3481,1326484740-1006aaa20286bf1a365a7fa30413c6c0,0
3481,1327527900-39b5c468c1765aeea2923cb384f08e2c,1
3481,1320866520-6ddf3713b9154cbf6ef845fb4d6afefa,1
3481,1320866400-dd4db0000a4e484e97e92411290aa183,1
3481,1325010060-573ed888155e0163c6aa7a83ccbf0ac0,0
3481,1325940240-9e36477dd6fe66525951a4ac73d7753f,0
3481,1323205440-99be74a979dd467f0dfe8711acd25129,0
3481,1321193340-d18afabe6a94793112f31852502dd183,0
3481,1325776680-3d523722231f3b14cb4bfa1933efed40,0
3481,1320215040-45f750a07b0e9acd2e76eb677eb43b10,0
3481,1321909500-9eca5b2be259a89c83d2a6d28b413513,0
3481,1326488580-6c7671a70142dbeafc88c657398e2c0e,0
3481,1325412360-6aae8ceb1a81f422c293e93d6ffa7380,0
3481,1327576260-299737ad969b9924c36ade7d049a449a,0
3481,1320749940-524d662ccfefc914858d786d38d4d176,0
3481,1327614720-fa396e95a9bfb75e07ac2484d6d1b661,0
3481,1327072260-6787d669c9347ea09127721984eb1b44,0
3481,1325301420-bbe691ade89ff60b56cd8f10178b9138,0
3481,1324053420-427de907ec17e234787ec2032e7a9f81,0
3481,1326703800-f70ba6c70a69bdf8a376214a316554cc,0
3481,1327996920-a39671fe827d074b2dee2fdadef231c0,0
3481,1320464220-0e14f25004ad1ec7cc624bacd9411ed5,0
3481,1321319100-675a34ebf9211b69142d772810964d88,0
3481,1323830040-b10904b6f89f8a67cf3599c468efae69,0
3481,1326464160-109652b9ed1672af87853942276465db,0
3481,1323296040-99cc32194d3de6a69b1c3d250659e816,0
3481,1326416760-0748da4860ff342affde24596f92eec5,0
3481,1323574260-8f104c453d20e7976c8be8ff62325970,0
3481,1327221240-3e25cd34b24ef38d35b02942580c0682,0
3481,1322096580-6cefb4198b4cc6e9eb9c94fed3ebe3ec,0
3481,1327282740-9df49b791b937c5ecfb0de1c8eabab77,0
3481,1320359220-b734c800b495a26f5b271d2f2cdd628d,0
3481,1323175920-a666b64ab079ab0112d6f22d723c91eb,0
3481,1328034000-c57426c18025590b4adfd4c369240aa1,0
3481,1326755880-f3444471425dfc982e067062725f2d7e,0
3481,1323297000-5c27ecf22d567d76fcb1dc148fb6c287,0
3481,1326422580-430a97ccf371006f2ee61aa2a3e36cec,0
3481,1320637680-d00b25d46cf8c4d0a07d05f70bece150,0
3481,1327530300-fef88fe601e9580c526d78599a65c51b,0
3481,1321838220-673ac150c5effd4d51e81f8432499439,0
3481,1327087860-a158411c00ae0a43a0583625a16d366e,0
3481,1322373000-a850b795a0d5b91cf3a548fec0140e6b,0
3481,1323228180-0fb4404337322721006de6e23ff88c87,0
3481,1320918720-bfe226f20f967f81518f5aed802b39b0,0
3481,1327651260-95de3f2615f071e9b773006fd6b5fe67,0
3481,1326519480-5e3099004f5c70842625e4c10cb708fe,0
3481,1327354260-6df60b2a04b0dd1096ab9eea008ca727,0
3481,1324265820-c4e3b573cd32e5dbc1a238a36ec00db2,1
3481,1324313700-4a040e15684622cf305219a0eeb3cc13,0
3481,1325196600-8d0fcf313b79d5c68432db957ee88350,0
3481,1322491500-5e6c7647992cfd672c40fe5292593053,0
3481,1320132000-1fad6a9847be1053be466140520321bf,0
3481,1325579760-cedd10876d500c7e800fa6f48a315051,0
3481,1322453820-4d810c8939b7566a8eecbbdb6a786458,0
3481,1324397760-f5df6270dea695ba9e3da0cccd2f6494,0
3481,1321910460-6b57ef9bf05324e36afaae9e190f2bc3,0
3481,1326705360-3a787af6816cb1726818073e119cc419,0
3481,1320554820-124e2008734c0893a7f5d8d5d782d97a,0
3481,1327554180-8e99718de67c813bf1f119d772bcea68,0
3481,1322848980-6d39d1421159341be8b0b21c271fd48e,1
3481,1327534560-a0bd8ee61715e5ac52ae106eceb4c514,0
3481,1325706900-5c604be399e9876f2addba1cb96a2823,0
3481,1321222380-187cd185d8ab8f534f2f547dee6e22e1,0
3481,1320895320-1382ebd01decb824f10b39110e1f7d95,0
3481,1321605000-28fa4cd9d6a1631e282cd0124236acc3,0
3481,1326768240-c26e9473d6e4c0bf38ddd4e372169365,0
3481,1327109280-3924512b599bdfd6f8843abef0fa7d1e,0
3481,1327462080-204145b2b89c63b9577e55e2d6fdbc44,0
3481,1326385740-a02918424245a6aca6f886b33dd2bf13,0
3481,1327060020-93f9812ff8252644dfdd6e09c3c040c9,0
3481,1322610360-0df02a3507076dfa35f88b3299d8ca49,0
3481,1325194200-c84edc11da0fc8c0b4d5af9cdb1371fc,0
3481,1327579500-7f79f0014ade5fa0cdde04e910f6980c,0
3481,1325321460-d223c8851c5f2fee19e1b3904c8111dd,1
3481,1324573500-4b5a4275555540cb9c2c920700655ff9,0
3481,1326114180-ada3c12ace06e151de147e3f99b8b1c4,0
3481,1326188160-dd3fb2d1f55a5d8993e6261e3e04da35,0
3481,1321637820-a101fb5a1509230bdedb18a6bd99fb0a,0
3481,1322727180-0d15e14876f1adf8e8711f217fe29797,0
3481,1326226620-b0817ba55a2ded11bb3630e5f29b44a6,1
3481,1326228180-a9958270960899ad2a884e88ef37c221,1
3481,1321170420-94f9a730022aaffd8993c6daad0940c3,0
3481,1326771000-6ccf5a7a237cb70071812151944bf3a7,0
3481,1327086480-50eac91e64e1bf0a6017a450b5510f92,1
3481,1325561400-a65f4fd7ce800b6431e28bc96386e991,0
3481,1320612300-f68d1b626560eca3e71c1bf31fc51812,0
3481,1323213420-27deb16c39e29d1de932afa031b4affc,0
3481,1324080240-60233bb02b2e50fd92eda41e5c5f79a8,0
3481,1326327120-8c32ef91cb4adfc342ab436348b01ddd,0
3481,1321690800-63e447d97aec3dbb1935ab370d57aced,0
3481,1325708940-5d959110108200efc39b8fa3e903c2ad,0
3481,1320747480-5a41363d721f30333941b17a6c53b57b,0
3481,1325052960-f925fc879dd38f950c8c949b83163708,0
3481,1320976560-faf01b6ad3056c2c27a526f07b8a169f,0
3481,1323967260-3f85cb268120cf254d076fa43cfd8aff,0
3481,1322884260-d3571bc2e081513b545c30129cc9fbd8,0
3481,1322985780-16d84cafa145673e70f5090bd2db34f5,0
3481,1323787980-fcb75c010d845429bff04daefcc5914e,0
3481,1327966440-0c6c1f795e9853c17cc62ded4a77d296,0
3481,1326480180-f64bc4ddc9f5ee4afc089ed873a1079d,0
3481,1325061060-1941c75c02790c7bad0a605afcd48624,0
3481,1324166520-0e221849ad39f298491bbe6e3d9790bb,0
3481,1325956020-ad3eeade394b450e5e5e9ee91c2e193a,0
3481,1323354540-4c8ce4d6742c4ef9a3bf1cc73b0b897f,0
3481,1325838540-2d7c27837313148615007f5d0858d2b2,0
3481,1327136220-42088561cef1720919d2b24ee7f0cac4,0
3481,1320412560-597d4aacf9bf5cbb592e04ba3648df25,1
3481,1323789660-ffe86ff5fe4761469da6b31ed4f5af38,0
3481,1322750580-8117e78b64cf68ec9931ecb3179d9810,1
3481,1324457940-acbf833ed83e4547445a86de91911c81,0
3481,1320765840-605df69e7346fe4911def96199846ade,1
3481,1320722520-b9a2deb790d0cccc9e17a9ddc30c5880,1
3481,1320757860-6c66707faf9eeb31f8b62f58279406e5,0
3481,1326117780-6fa760d0bd1d3f79a6f457afc1dc7643,0
3481,1320655440-cfacba485c98de5306ca46703862ed7a,0
3481,1323475320-cccd52cb71a02c108b0d91939ff7a39b,0
3481,1326464220-9f6968c815733b89ccc905bd9bc37246,0
3481,1326287040-beb2a7a5c6e6d9d61a7a542ada96dfdc,0
3481,1326424560-99b628fcfe1dca644c45e554f90aabc0,0
3481,1323218940-cc90c8726224955a2a0051ee7495eb89,0
3481,1325071920-5b8fdb4f16fef15de26821a7289c0552,0
3481,1326519480-dc373cada17ebf9954372218400b895b,0
3481,1320128820-7d267a490140a1870d69cb965c16f0b5,1
3481,1324193040-f59169dca49ed5173f78c16d43d3e859,1
3481,1320962460-f7402050ea6fee0ec87e067486287af5,1
3481,1324638300-b3aad777c88aec75ad42808c40492a04,0
3481,1325497920-6723a02fe250f810deb9cca656e8730d,1
3481,1324205640-fc02fd689368ca83aa25ec7ac6ff13c1,0
3481,1321183980-556e936a4866500562a19e49dacd6652,0
3481,1326319080-d0d83f75033adcb263c62eecf4a5925c,0
3481,1321431360-b8145987209ab3bda82a1d18251a69d7,0
3481,1320599460-2741ed36aacc52bcb4376acb9516804e,0
3481,1321406100-c369ac6ae0a8fc6d960053f08528dbd3,0
3481,1326383040-0aa0340c8e9e69cb1338e24e2f6df0b8,0
3481,1326034020-1f7dcf31e5cac5609e6c817eba0f168c,0
3481,1320719340-1c66f41ff8ca377522ce20338016a0b0,0
3481,1326132000-02b7dce717ba759f6648a1cbd1076920,1
3481,1327741860-a2c1f58964cba6f63f8d66528e285b70,0
3481,1323468300-7772b9134a72d10c4cb26417a1b0537f,0
3481,1323001980-dedaaf0b98325ffd62876670e1432af2,0
3481,1325726400-053167865feee040d535b2e4d08a7bf7,0
3481,1326424560-a9bcea16e082960e45d0d0d81c69519f,0
3481,1320512580-dd6771de9d939735d67a7c0e2c1ee508,0
3481,1322597100-9e971f682022b48b9f32c1949a3aafef,0
3481,1321183980-861c486da943c61cfb02b0470a1a98ff,0
3481,1323616320-cf5577ccf7ab017ddf7b8862fa906b36,0
3481,1327909800-78916f05ca7572b5bfc1af705694aa2e,0
3481,1326223980-a697f36f0864d4bda64a931e301505aa,0
3481,1323903660-03f2206de85e412f1bac20fba720caf8,0
3481,1321622160-50cf1b2acc93d8ea05097a12cb60372f,1
3481,1321661160-be85be276446ae7cd4970afa210bc086,1
3481,1324388100-acaaef6d76308a6eec2f8c935912911e,0
3481,1327028160-8b2f561c91f6f76583e511941f8ae1f2,0
3481,1320468360-32cb056e00651969b99f82088eea5343,1
3481,1323334860-81f40f7035b8fdbcc4239b9b221da8b1,0
3481,1323403560-7f4f89f7c309787f95ebca47f741a19a,1
3481,1321992300-af7967ad085aac0ca8180514a41136f7,0
3481,1320996360-7adf2770b4d28424f20ac0f193a9e259,0
3481,1325857380-14b3c610a0f7813c85718020a5e166bf,0
3481,1324928280-009d27c28694a5136ee7ca46a13def93,0
3481,1323176520-b52d91387411b6a5d5fcea4a66ae709c,0
3481,1323916260-28071d8bdace91fd58238541d81aa4f0,0
3481,1324630260-f69ccbc18df8a950f6e0438ac2ceaa98,0
3481,1326652680-3a07fe7304e00c2be68bc5142082ce10,0
3481,1320564060-5f1cc0e5b2743762c83139d9798c08d2,0
3481,1326766260-c92c964403ddb988637c66ad6846937e,0
3481,1327069560-1d15bba03a0173d0585bfed7d01da44d,0
3481,1326464160-d7b700f4ab7e9d830f5531d06f5582f3,0
3481,1327663980-9d361c62b28e7d25c7d9ddd07ac875b0,0
3481,1327099860-3957c508d120d24ee79e114053e20009,0
3481,1326677640-cf2263c386f82af7b564fb5b5d8cdcb1,0
3481,1323644280-79f8bc6b0dce029d796c36f049b1f2d0,0
3481,1320656580-0bdd387bfad440e3cf873592bf629eb8,0
3481,1326264540-5715f6b1a8763983aadeb935d6954575,0
3481,1324391040-0890a4f9164a072761a406b8aca5cbc0,0
3481,1321752960-8e3f03f970bba7baae3b03d4fe05a603,0
3481,1320811500-a0b4c6263a51c0d465955408ed8db06a,0
3481,1327005900-0cac8b76ecc3f18d067212988dc4c656,0
3481,1321987500-1c9f880df90e3daef035d395227e8664,0
3481,1325234460-a5a322158b3f8721cd2d52ba297c4c2e,0
3481,1327083780-6113fdbf7a1113a83d1487bbba8c4ee4,0
3481,1326519480-a12559f4fa11a24cc54a36d6d5681df5,0
3481,1320597300-fa1ba73f2185ffa3e2826ee6cc682adb,0
3481,1325644860-da677599a1e37f7076136dacb3c47a00,0
3481,1323621000-91f6a08d520a2e788bbe2741a9fedaad,0
3481,1323471960-4970976cf0a6673145ccd404527346dd,0
3481,1326569160-667e972ecb4665d5d19ca6064dfc881b,0
3481,1327197660-5f42ac1fcee8bfa56393ab23ad8f84d8,0
3481,1320802920-0846ec129f976c8ae51175a36f184895,0
3481,1327503780-fc3fed26170517cd283ae36d021ca708,0
3481,1321948680-4a146f05f40a6be4c8a02710b196b72b,1
3481,1322785980-fd3c7cfb93bdeeb089e82052d087fe0f,0
3481,1321325880-caf6e4185a6d35422f253d588ba03b8a,0
3481,1321957620-0cea72bf66d4d879111b4cfb34657ce7,0
3481,1321542540-4d588e63d2e45b3abd6615de585c3f15,0
3481,1323720060-95f002553e111fc3c61ccfcab07e0245,0
3481,1326901560-3b8acec8827e9d6424588a3b0e261bb7,0
3481,1324678200-ffe3e159271a09f9759b08b2d516573e,0
3481,1326664080-3cedfb600271ad5fdd8a2fc7f05b9844,0
3481,1320407880-95d6d650a27b6e7e2ca3bb883ea940be,0
3481,1320754860-151b39c8c6e28b3be7421c571507f4c2,0
3481,1322675580-2bb992180c4b3e2de7b4fe4b9594b12f,0
3481,1323999420-d3aa6fa04c7739a7dfb90ba5e197d58c,1
3481,1327469040-710da45cfe6a993a171018335733911e,0
3481,1327066440-27dca16b9d4fa11c1096f71e16d72f8d,0
3481,1323899220-6ee4f04acb7124601933745b2ec6c514,0
3481,1322805720-cb2be448b63709fd949dce3ec76138ad,0
3481,1322332080-64e2908d850c0c4512379aa1b81015dd,0
3481,1327970820-be4dea2cb0fe10ff25c22974710453d2,0
3481,1326016440-2d1020fe0c4ef4dc33c9a23a008f9678,0
3481,1320796080-662574621f0cabb4e47ee65b12937203,0
3481,1326844980-d704ddf34b2f9fda70b980438de26cc4,0
3481,1327945740-3bd503eaec5a833cd7725037d9c5a059,0
3481,1323581400-af8a44a8db46eef568b95d479f36a7dc,0
3481,1327423020-9d7779bd0234b434e7d29fdc168ba714,0
3481,1327443900-0eabdbc0b28b0738b1cb3d4a2c3dba63,0
3481,1322558640-d669ae21110ae283e3c1ac017a236113,0
3481,1327324140-98e48daed227739468fa0300bc770210,0
3481,1325312040-2b78a40d05c9abb906baa0fa239e2ca3,0
3481,1320775260-545d98fcad0d594743b22506393b3300,0
3481,1326394860-7278e7bf16852b4b60572bf59c88a008,0
3481,1320848400-adac54c290c23c316eff1e44ffbc6617,0
3481,1325231880-04d0ea9e51d10e5995ece3fd8d846725,0
3481,1320563580-bfdb2ffd2d1e2fae602a571b1f677885,1
3481,1324077420-5c41ccea35a2352ce084278cef13996f,0
3481,1321045980-ffec3ae29c30f456e2b3929f9e929117,0
3481,1327060800-639dbb4c62b1152c26b90f0d8c249cd1,0
3481,1326427980-899b61eb95ec173782bbd61e8882f554,0
3481,1326963960-a8cfcd93e316988b107f2bacb6318fe7,1
3481,1326129660-d3b4b69e4a29fb58ca65cbd6dd854c26,0
3481,1324518120-236ff21b6bca873bc2c33ad1136696ad,0
3481,1326519480-7402fd9eecd608e31c0feb0127c61cec,0
3481,1326667140-b3bbe304c0f3d0f263872e41ee8a478a,0
3481,1321318260-b3dbdd48404fa4e81117dc632ef0ffe6,0
3481,1321445100-ffe988cdd84db9775347012844f8d29e,0
3481,1327744200-1164ef861bdae4f576c5e165ab1aca91,0
3481,1327195500-38d9f76df474689e8263b104c3759ce5,1
3481,1321677180-31082b8837a8f11105fc7d14aa5add09,0
3481,1321308120-ff9607cea87a981fb46f3f8492e47599,0
3481,1326195180-6f915b2d68852c9efe0b40597830ff48,0
3481,1327996680-4e6c9f7a4b9a6f83843fc761067fd7af,0
3481,1325211360-d0994256156a4d5d0fc80cb8f3955fd5,0
3481,1322370840-30e2190ee1899e2cc48c5bd87ad79ba7,0
3481,1323824400-8e915c703dc4b7eb974ceddab4e1447e,0
3481,1321605000-1b40798387750aaca0458a42d5c482e7,0
3481,1325647800-dc16b0a53d8a921b3701e36d4b2013e2,0
3481,1322873100-a9cd4639c9cee80e825dc75c7eeae603,0
3481,1321036380-73c056ba04e7081f22a74944ae515733,0
3481,1327814940-9826b7d93b9a43e5053f2463ecae6442,0
3481,1328015400-b2c38ae5954eda62ac59e8401784b733,0
3481,1326793380-5cbdc632a5723c2b725c91086f3f456c,0
3481,1322777460-1a01553ec72455f834e5bb73a49d6a5c,0
3481,1320441660-b3a6e1cd566ebacc23ebd778c1d347b1,1
3481,1322672880-640d162d528462cc47aca64b193bcd92,0
3481,1324232340-77b13bde99dc4de69d753b069395bc97,0
3481,1320633660-493d3c0561b7975b391d9dd3788ad2c2,0
3481,1321988220-bc9ba96f39156821385f55db362f84b3,0
3481,1327395660-2cc5a18a91d2b72a96326abfd7c6aa3f,1
3481,1323838680-5c9ad7578bbd3b3d26db2671b29dee7c,0
3481,1321168680-de6d23fd002390a29ef20ebbead6f34f,0
3481,1322402040-dc878cc5066fa0bc9c819b842d87f63f,1
3481,1323569100-dcc057687fcdd3e1a0a44af758b30a61,0
3481,1321400220-7cd184706afc710a5611ac5eaab654b5,0
3481,1327218420-2a041efa27a496df4b2bf06e1e8751c4,0
3481,1325174400-f4d1c036db4580cdbc3de0896d238aea,0
3481,1326110760-57dd433a53d244f9ac0bf3dd4ae5134f,0
3481,1325433540-25d95991e563654a96c6221156af0e1a,0
3481,1326519480-ba4826c9f53ea0cb14af504cd3d3bbec,0
3481,1323667800-0a501822b564e4dccf48ff5e3ff1ee29,0
3481,1325621520-f762faa029aeed255e07a0d3b164251b,0
3481,1327972620-582201f2ca76c4839cc36519de1b420a,0
3481,1320330540-054ff694dfe634399f77801dc47adc09,0
3481,1326701880-6a26d1268063a2df5592467aacdb9c07,1
3481,1322378340-800d1a52706c46d15fd402cd078212a7,0
3481,1325683440-2bf2ec073a295e5537e7865639d5a0a1,0
3481,1326428880-2de8b86ea8b0bac4f4eeb5b5a6816246,0
3481,1326124320-891ada4380c78113e1abb280f266fe82,0
3481,1323327000-6e9eac619b8e52d640a0a62c672ece53,0
3481,1325907900-2951fef36b3dfa09e1c61d62bd1e4b0f,0
3481,1321548120-4b49f8caafdb016dd34544f46a02da1d,0
3481,1326424560-cc4237c0ac0140b3a64f4dde9d2f20e6,0
3481,1326914100-d9025328d3e0317988f9303e6e1079f8,0
3481,1327342800-47f268cc874714d64e42601cc42f2985,0
3481,1320907860-3be466024718a2ac44c685168d9a278a,1
3481,1320911100-69821e3702b45cafa7e59f9534f3f34f,1
3481,1326310500-bc9600a94bfe5e85a6e00a597e61afd0,0
3481,1323933120-bb3752c7df5c6d608d1e4759c416cae3,0
3481,1320616500-8526502112271f8c81bcfce5e1a48d82,0
3481,1327384260-f72f18d3c70a045a22285218a44855eb,0
3481,1327035060-052dbc19121d9e13e40da5330850fbf0,0
3481,1322708100-3f6421092cfe203d5fcc9f2261f74a22,0
3481,1327663980-d29fc5c44f3c7bf592b8c8295ba6d2e2,0
3481,1322822160-cbce985855d9859cc15b43342e80a012,0
3481,1321288320-3e6e0ca929ea35663ee4e7058ce9de18,0
3481,1324621320-7e18bca76e07dc8ba8d26f724921ea81,0
3481,1327587120-07233d211a0c8526888e24853d27ad25,0
3481,1323390900-992d53ba74f5c515e39f923962fc84cb,0
3481,1323796440-b553ce8d877d25143ac36795096b7560,0
3481,1320870300-93dbbb52aba36c9c1b4493191b36e81c,0
3481,1323644280-420bb7c9348488e36ed61954e0527b5d,0
3481,1320588000-4af2085ba70ed032ce4f4dd291155a38,0
3481,1321163520-8534b42f2ed86c305cafe4cacea03e8d,0
3481,1323667800-2ac44d696e51e0a5b681166fe8225116,0
3481,1326183480-f545c30877864f4fa20edbc18b413fac,0
3481,1321913880-375e19124a08e06550e818246a452715,0
3481,1327596900-99aeb1181dc06b8ce029c717db62131d,0
3481,1326007860-000da236d45d6a9ba391996b06ba3b25,0
3481,1323704280-5600808299259ad2c1c0a1feb018472a,0
3481,1323722820-fc6c5a6684fecbcf683c6312b9e1dead,0
3481,1323609960-02c14fbedb3804c05c12a7ba3117ab8e,0
3481,1320677580-7f0971c00a87af6690867127a5b35372,0
3481,1323832560-adf255f9cbbf71ba95d4c1de49ceff1a,0
3481,1322621460-9bead9ba6bc706324354127fe024c60f,0
3481,1323166440-a67d4e97f39c9c336a9a0734363e2793,0
3481,1323755760-0445825894a05cf0682d4cc62ac5f76e,0
3481,1326404100-5ce92ca74cffedfa3ce15d95720b11c9,0
3481,1323704280-010cabe7c12c33c06af5a1a4c8e7f4dc,0
3481,1323263520-8d7a232790a3f7842329adab5b4e6678,0
3481,1325426880-b5b8f593f47fd6f0b79c4e79fc41c3b9,0
3481,1327211100-34e1c9e68723bf1d84e7bd253dd182c4,0
3481,1320892200-9cd5d497894f5e31088fe11fa04e6661,0
3481,1320251760-c665ef3a6ea2188ca3eb543c0e25b719,0
3481,1320423120-a37884284f7445c61bb2f7bcf9e34de0,0
3481,1321130160-fde88fd6675e09aac7587660718571ca,0
3481,1322979120-4aae3501dc2b5e9a1e58a07fd2e13b6f,0
3481,1323754980-195877798f26e99375bcb0f9c2ab3189,0
3481,1320133080-f2e8039799cd7b4ebea48db205c037aa,0
3481,1320837420-a38157dc54bfd94269e33af6a0afeeba,0
3481,1327324560-3ecd8e42d1c8653bbdd75f7f8d956d10,0
3481,1324993080-942d82be69e86dae7ad2a017fab18996,0
3481,1326348840-6f06e57c0c123fbcf97784fdfb0b002c,0
3481,1327948500-d17954496cc143d09bed99e8176b3004,0
3481,1326424560-06a2039e0d66e49795b03832b273e0ff,0
3481,1323610080-2434f489c878ea3271150a2010e10d57,0
3481,1326669180-f4f87e38af2fbade0e8477cf12526f59,0
3481,1326913680-b74a83c3b0e974791a81aebb9935558b,1
3481,1322025660-18ac1099e928445f83785c8482c4f313,0
3481,1327467600-b62eca811fb034e129adae433607250e,0
3481,1327821360-a5f8c0620237296f27d3aecb848c90e7,0
3481,1323808620-71c7c0c9dc5520964487938b92296cb4,0
3481,1321595940-c40af5dbe31d0c12d4d6f5df35051e48,0
3481,1323754020-36f1f946d2cea818e098a91c3e4b6238,0
3481,1325401980-22a373c75bcdfd069227ab74c6430cb4,1
3481,1321923180-d2bb32da763c39d41374615d213ab3d2,0
3481,1320987540-89036ea2f9a8319436db5faab87fee87,0
3481,1322033940-7cbd607b5f5278b0b7efd9194c21b001,0
3481,1324064400-522b14f8d33576ce9e6c54f3288aa94d,0
3481,1323152400-c4da0c98d3cf943ab2cdda3142330b1a,0
3481,1323723720-7cb330d0713ae1d516c1dc17232c12db,0
3481,1321900260-1fd01da50d61e4ce7422c178c86dbda2,0
3481,1323786720-8b403c185d1339965629d38b7f5fe902,0
3481,1328018160-370e3e9644ae0ffc2dcbd8d4835f8e4b,0
3481,1323729240-911627589ddff8becbf2d7e8abec087c,0
3481,1322085420-19d89ab7c42c7950ef2d0f652148c608,0
3481,1326961320-16ef78f8f1c978149780c1a1791a17d4,0
3481,1325622360-59b00d01c8c2bf38e6f45f2338467489,0
3481,1326367920-5fcedb204bd1b1f665e641fd7078396e,0
3481,1321919460-b0305da2f9967b70ac606c9772d54598,0
3481,1326430740-1ec79e4fc03493f11326169c9781b811,0
3481,1325091840-7567acc69895fa09180784fa591bf5f2,0
3481,1322537100-aea651a58d17816e4d5d61e8bbc6e9df,0
3481,1326793380-396624a8e6f13d839c22614c2041d822,0
3481,1321303800-3a9c6968473c59504729bd613ecf2321,0
3481,1326616620-cf1f202ec46c87eae6ecd4e07d6c35f5,0
3481,1325173620-bf70b8e148c79d3920a316b6043ca945,0
3481,1324667520-3e1e3e0c43c0caa6d61990703d5f0a72,0
3481,1321204980-a36a02b358050063920c586a0d7d2a8e,0
3481,1326204720-b5c300d7809a995751cd9ad709149bfe,0
3481,1326774060-a430627584fe5fc0ab07a1eb42d2226d,0
3481,1325680920-c9919fda0b8adcbcb2a24f7e08f6cfc1,0
3481,1323913800-d29b94fdf77c50477424f4bd652b98ae,0
3481,1320475260-b55985af176f5b12aafd5a3fa39a8f63,0
3481,1320187200-f9d5ee9b96691c3351918caded3ba3d9,0
3481,1326071280-7f590b44fc557e7a59d559430bc2846c,0
3481,1323704280-a7439374fa3ab08ae6817ec37f23815c,0
3481,1323925380-84f1ca9757cf00462cb1fbc546dc0f65,0
3481,1320553620-db3414f48ff95c686b531c30cf7518f0,0
3481,1323727680-7872c57509e4b2b4218f003e76539f0c,0
3481,1325407260-8a756b50264c089bfe1b2765c2ee03e9,0
3481,1322899980-8f73f55bed3565f0746b643b59e49a34,0
3481,1327090200-a50fb7e6cd2e2bd31a8de055cfd73b97,0
3481,1325720700-ce2dc8553b192f11f52eec4eef4f8821,1
3481,1324027500-3aeee30864e111cd4c3c7a9928663a8d,0
3481,1324478100-851aefcdb9a1e682eea23a4f9de40414,0
3481,1323495840-d41b2d2958228b0004fe1a8d5f9c19f0,0
3481,1323429420-11b181ae82e5edb5beea373e319c7a27,0
3481,1324014780-84a969cb1768ab0e76d12f74468af95c,0
3481,1327688880-12930126a9320fd5d377be25b8d4eafb,0
3481,1323650100-6411c85ba3044d35c02688de9c831b1d,0
3481,1325112900-2ed01cbe661849c5da413ec7cb642437,0
3481,1325665020-f7dcb2ec6b3f7c6b8d36a46cac2c1759,0
3481,1323134640-ac221d050881860d797c903b425eb311,0
3481,1322534160-1e1efe4b638582ccbff7b3006a2e95f2,0
3481,1327465800-c0717a4203309387e59f7bf7805bab7e,0
3481,1323662040-7ff828a31443dc3b6f6f7e6ae77d41a5,0
3481,1325308500-0bfaff9f170596aa9df6de47bc93504b,0
3481,1321425240-8a5fd9902fce27f9b5caba52bac10adc,0
3481,1323588060-91e334331d8a3d00b1554430537e2b5a,1
3481,1321627380-56467dbf6854fa48f4e54a0edd8bf72b,0
3481,1326904140-98a25546ba389e021e488b2fcdd102e6,0
3481,1325209500-481a4240a96aefc370ede2ed61246a66,0
3481,1325913360-06bcc54348df069d22fcd23c12768276,0
3481,1322887500-f052b0b4fbeb72adfed1022cc5de4e6b,0
3481,1326306480-f0271af19e5ecd7583922d24c81da00f,0
3481,1326493500-49d6ed682feeffb3e2235d4f7bb48ea7,0
3481,1323704280-c70a6e65a5a3a8315e9930352067cdb9,0
3481,1326968100-caa75c509201640bbf593d6dedd61938,0
3481,1326500820-19243de226bfd029620239d18c75fe79,0
3481,1324260900-855519d66bcee64a9a09f91fe2309a5c,0
3481,1326682320-5f27e0e378dd98baab1bdd1b207fe478,0
3481,1326822420-d29c28deb87160ab35b8cce3afb7bd75,0
3481,1326379680-6e8651b78ff5a3b4768ebbb5e95e9709,0
3481,1323745620-552676cf6fcfca98537299fa457fdf5d,0
3481,1326993480-6119ab02f160692a8e569a88dd80e75e,1
3481,1325011560-abe0df3b0719fc413220a8dbb4f9640a,0
3481,1326806340-f99a3c68dbddd4754fc48b4b09c516f0,0
3481,1327293720-77acb56de25ddf4393e8b72175e18111,0
3481,1324024800-14435c7d03c74b7a2c9c1b62aa1130c8,0
3481,1321042500-712ae54e3671651273924df2e141584e,0
3481,1326424560-0851f4c09870d286800b03c8bad7ee54,0
3481,1324168800-57a5e8aebbc5e082c54dd77304fcc5c8,0
3481,1323355440-90a004b95a7def3b40dffc78731950eb,0
3481,1326919800-f0d59ab7ccbe9bca403b9f3a26ac5d52,0
3481,1323299700-762d85476636528f472471132b407509,0
3481,1320654660-df7925490e37d8c8003b1d14cb5ef045,0
3481,1320600000-a000a4035453d2152cd36df4edeff20c,0
3481,1324716000-be5517f11db0011dead1ea71be185071,0
3481,1325656680-051fa260e816a798c38973487270ae29,1
3481,1325642400-f92404d6a1e9adbb2525ed9cac54c669,0
3481,1326348540-42317a09c8c15f65945b592120af76cd,0
3481,1325312220-08caa15ab942aec6650443ad22ee968d,0
3481,1324414980-51093e1777759e1a80b9585eed1690da,0
3481,1323878040-d0e1373a7d1910662f1492ba816c6737,1
3481,1325742300-bb9b1e3ff494468e2c990878e3a01c94,0
3481,1323568260-c1a588e173d9882a0211e5125494a4ae,0
3481,1326160800-80dd1f468a3274b6aa0acb3acdde3dc8,0
3481,1324423020-fe8a2f7767cfda96d9d8fa5c02b7aacb,0
3481,1323718800-defa4ff5eaffe86066c06002dbb1d229,0
3481,1325833440-575720967df9b61a4d2554c89234bd97,0
3481,1325366340-ad549268ffd60aa327615172cb96d28c,0
3481,1323414480-387fbd4ab487d877a3d10f996107e0cf,0
3481,1323707880-af4b1c56e2b2d47b7b5748ed8632287c,0
3481,1320142140-f50808ef4141b3683d3d913414a1d53d,0
3481,1323448260-f3bc249279dd20029941b04fca7b5ef2,0
3481,1327336140-8b94b72d8eef37f0b5187e24203ed9ed,1
3481,1323702360-d3f638c8e05cbbc4bca4b8c81dfce429,0
3481,1325830740-55b4081ca4792b8e6fe5d22d7666901e,0
3481,1326790920-ccd0094e9b645cd52e3ac4f79f63c056,0
3481,1326388860-8f1170a20cc9ae6cc128446935cd39ed,0
3481,1320476100-c53e9ece84981adce6fa0c170f212024,0
3481,1324062840-544d357ea2bdb6da5b2fc77a43372db4,0
3481,1325627040-0c880407d772a1f26d7e208649333252,0
3481,1327043160-d6170c27d81ce06346d0c46aa9d27dcb,0
3481,1322389140-f046f4ad852b83a8e51feaae6a434e3f,0
3481,1324154520-370bc03391243b863ca09fd0811e4900,0
3481,1323704280-289b8e5220a331360ebd1d7d1eac189a,0
3481,1326832920-f0017507d48088b03d9442454fac792e,0
3481,1326521220-602788a3832f32bc01adb46372d3773b,0
3481,1326342900-f4d0db6db16c703cbe78841b9613a142,0
3481,1320968160-040a0f3e9a92441a43c8c903dea31ca4,0
3481,1323461160-77da5e3a3f14cbd04397d2c93c4cabca,0
3481,1326228240-c3b96b5cdd922b2faf1b9f17bc2480f3,0
3481,1320754860-d54025d6bca171f695ad4db81646b8c1,0
3481,1325019900-aa03239c551db530272a7c37803f82c1,0
3481,1326424560-dff84d858ba830e102386d72310836e9,0
3481,1326179820-df7b1376877360066b888245f5a497b8,0
3481,1322817240-7b1a0c503599e5dc38a2b6b76f2534e1,0
3481,1327566420-0ef4d1840aedbdbe621d6bfba7b05ab7,0
3481,1325680560-dc23ccccb25ff78fbbb56fb4bbc95c00,0
3481,1327446720-6952ea961964e05711874261f214e064,0
3481,1324603020-42ea6c23145b8d772a04cc3c59e09f66,0
3481,1326312000-aadbdff57b4c0a3bd2ac804c86b7bc54,0
3481,1324595520-38d5c698759891085154e192fadc1f5e,0
3481,1326703800-75099899875db9673d505b41ffd77173,0
3481,1323814560-b3178cd2aac8cf15258ba136a552cb2d,0
3481,1325879640-86c71ac631ec1e566a33bc47598c6067,0
3481,1325211540-aef0e484e9e3a27b50faa60a84f0fdd9,0
3481,1325654640-1015f52e75341b5f22d8cace0375c754,1
3481,1325658180-b0d498350c1bc1949a6c1225df67c9de,1
3481,1320945840-db547b72f90b0491170fc2b8bd7d91db,0
3481,1327338720-6c5e9404cbdf047c749c48fce4113a9b,0
3481,1327335900-23fa43748b4f6bd4b1744c78507cfb83,0
3481,1323926880-8c9a9461ce90866d38ae798014b45c40,0
3481,1323213420-5e1503f0752b620dc701ddb9b073d193,0
3481,1320436680-fe3d55a632590ae1069bcfde74bb42e3,0
3481,1323704280-b3ee53f265a5c1c4618de0ad0e313ff7,0
3481,1325379120-638b94eb694c81b4d9d219d0985b671b,1
3481,1325379300-5ec32f022954682c2fc4c0c3efa42c59,1
3481,1325379300-a7ef859faa59ce02f1339eaeca7a12f3,1
3481,1321049280-0a2c169c2859c4bd479046a9248473c9,0
3481,1323466320-729ef140d54e62bd9bc88daa4c20357e,0
3481,1325923080-549b988676eb14c7e387e2726096d466,0
3481,1322379600-003ca93a275c20f08789261e8fd88625,0
3481,1325722440-3f4eb12d809ba9af8255dec371bedaa9,0
3481,1325863200-341c4824f06cdd469c32338b49c66d36,0
3481,1326115080-cb244ef834a6b917841c782f89c9e53f,0
3481,1327426800-9528c5553c89d237a7199c2ee1665d81,0
3481,1321695720-1faed8e43b0f934471cc1f4d674dd60f,0
3481,1325442900-44abe3bf3c3f384ea7eea1d558f31439,1
3481,1325348280-8d7aba95d5e69c6cbd2f8c22616065fd,1
3481,1322179020-4bbe159e0991508b4ad20aee51bda197,0
3481,1325958120-29db2820f2e3f5e2f98acb3346f378d0,0
3481,1324296180-d1e75c3ff3653d60115210c96a7f4652,0
3481,1326454860-99130b6c1d8adcdc92038b48f4a1ad27,1
3481,1326454860-ce1231cb4c64ff1ff66e084b6e0915f9,1
3481,1325538300-30962b0b941aebb142c99447d2297488,0
3481,1327339620-fe220d5616236f69d0dfee12136a7eb4,0
3481,1325367600-bda360aac1caab4592e604ac93c0060e,1
3481,1321157640-593e0310b3cb574e447df3ded0716d71,1
3481,1322143980-76347ce04e0b893f2dfa22fa01ba7b94,0
3481,1327637160-f662b0b7b797acfb8e94559b79c8f615,0
3481,1325258460-2661176bfe226df2c5d0aeab1220c92a,0
3481,1320889680-8cd11789a18847d5501141626800d03b,0
3481,1327134660-d08be908dc45a9c593cc95af745743fa,0
3481,1322749320-9984657c293de6a958179ee124ed049e,0
3481,1323702780-64b7da1af7e0a9a6ef11beb8039dd0db,0
3481,1326009660-815634fd14d3404247b9dc09a1344f06,0
3481,1324038600-3b7695b83df374e028a106dba5c470ae,0
3481,1322249340-962354e2c82a66115fcba04b5c148341,0
3481,1321403760-f132b62891e6f8d3be0fb855585cb487,0
3481,1327961340-3ef2a14aa5df1fba5a7f09a58d69af9b,0
3481,1327540740-1c152a1eaf3e5bc49acb05fb4abba360,0
3481,1326984120-42425820500444d33d374c5081c6d84e,0
3481,1320312600-f86bf1854b1b6452b1367c6f9ceed3c4,0
3481,1320564840-dc6c18dfeeb257c9b67ffcf45927da16,0
3481,1325146320-7bf1d63367e2ef64c1f40413fb4c2929,0
3481,1324420560-06ae433063ae96e6b17031d51086d429,0
3481,1326461040-0538994b6b265460a0aac63f42fbe665,0
3481,1325751120-da990d8fdf0da213bcb281a294e73d27,1
3481,1325534160-512681aef383b4fa5c2ff7b3845e33f5,0
3481,1325673600-29a2e0c6b5cbbc8e624e12a23765991e,1
3481,1326420780-09b602c5395dcc0818949bd973424dfb,1
3481,1325751060-10687e281c39066d3f346f44a2ff19d3,1
3481,1325749140-b2b8e12c24a4b8767c4554df339c00ea,1
3481,1325750220-f895ae2d2e7a77833831dcb24b81c712,1
3481,1326778380-b315fd6be8aed170e415ec323bc9250d,1
3481,1326217320-d5debe189743b37b85cf778cc1a6ad88,0
3481,1326567780-398b53852e63b1ecce64146af3555de0,0
3481,1324333140-5fadc6da2eaab32d2c37fdc064dea934,0
3481,1326011220-2ffbfb2c1ac5a1d7e8e5709d009385b2,1
3481,1326152220-2c92bbdec0755b82fee2db773473cefd,1
3481,1325729640-d734fe66460d4ea707bd406e7274a456,0
3481,1327427820-55e3897c50ba20da3ea907da1888eba9,0
3481,1326349620-97a766cdcafe4d862a3941b2da107da1,0
3481,1326357600-2a36ec6c65847bbc8ea240a5e33729b4,0
3481,1323108360-cbcb9b83950d72fc14f135c3b8327127,0
3481,1326901080-0de715bf4e7a2773828287e0b41bf649,0
3481,1321704900-bf2aa962020f45292d43f827d404e3bb,0
3481,1327473780-b489b6246c3b81a5f16c79085ca3c431,0
3481,1325643780-d6f27574b6627bc955a54376afddb622,0
3481,1321378980-94aca96957a22a8be1d0d34353a97873,0
3481,1326726660-6450954b15292f6580f16adf77d07521,0
3481,1323928320-6ebc7693445f49f955cfe466c15b2ef9,0
3481,1324334040-667e3246574952cdc70d91b019a76cb6,0
3481,1324432740-677ab13b08d79694af9d78b401e64a8f,0
3481,1326160800-3ee3f460fa22af56c40eafdf890d2038,0
3481,1326615480-8344765eb0517ffc8005bc4e64a30dea,0
3481,1325715120-f3033708451749dab426c3c765a8e52e,0
3481,1326703860-c7e5df00749fcd063547fa7a5fa7dcf0,0
3481,1324578480-19aadb0397991d662fc139b937a93383,0
3481,1326943140-dced87910d00aa1e0cacc0814133a91b,0
3481,1322833200-6fd759d3c8d8729ecaee5d0030e5e85a,0
3481,1321172400-00f2b5364b52955c5d3e8803a9e63345,0
3481,1326697140-9651f888cf94ca0e0bf3ba7534cdd56e,0
3481,1326186720-58e6594f5d18e0d623bf309acecdfa55,0
3481,1324808520-883039258beaf9bc76bdc9d6f8594dc6,0
3481,1321453020-97c30183a6eace6d778f8383d5d6ffb4,0
3481,1327187220-13e8003dfdf9052cbe8e9a86c422a2ca,0
3481,1327373880-f63a31b56928b790b044a20e92b4a654,0
3481,1320926880-64542efca881306027cd8392ddf96411,0
3481,1324347540-5d66594e706dbb20498e08a131c9d9e7,0
3481,1326966360-72b358840c241655acdaa49d039a41be,0
3481,1322591820-489024cabf415eaffaa30463fd05658a,0
3481,1327585860-c138b33be197268d19430d42a7ff049d,0
3481,1321624380-2237f0ec4e19f10abcc54776fc09d3d2,0
3481,1326704400-9ffab428d8d46f4f6ec16de99564c1d4,0
3481,1327806180-6cc6fa230889ed73af95ae61c485982f,0
3481,1326416760-c0042bd2ccdf9f11eec2d6f689f778dd,0
3481,1325726100-7318058b2f900076bd3b4ed388203b32,0
3481,1323718800-7acc707991e600ecc01cb1ffcae37343,0
3481,1325144760-715d1ee475d556d321fa4c975cd2acba,0
3481,1324499640-9193c8d87f3281a5219153f2341b4d85,0
3481,1320774120-20b16bfafe5f9b0635bca8d2e3e202a8,0
3481,1322917920-43dda72eeaa0a089ae6ff5c98f536a28,0
3481,1321062360-c19231cabe388a1422603446592be760,0
3481,1325616660-39af93ba92ed77f5184227544cb582ab,0
3481,1320583440-9ba6efc68fae9140a87953a91ca8caa4,0
3481,1327948200-099d8bd19bb3205c05bcc433fdec7d84,0
3481,1327564560-7fa227dc015b4c8019772ca2bc864b31,0
3481,1325037240-a15c165b2f10b178f6f7a760c76b32ae,0
3481,1324615200-5bc48bbbeee2bb816a294669592e9007,0
3481,1325398440-58220cb6372030bb58eabdfa378de76d,1
3481,1327678020-16a5b8cacbfe9fb492c6a7a8a025ea59,0
3481,1321476300-9d67670535388f146a0561868175ec05,0
3481,1327429740-d499f1b4d56fa4de16eb55d3d2cdc6a7,0
3481,1326424560-507e82c9fcf9b82fc64c1f10b8a6029a,0
3481,1321389480-8bab1bc45e4a73fe845369f1c8214b3a,0
3481,1325321460-7ad7f29a55859d526e2516666e245933,0
3481,1324455120-f87ee841656c39874469ddb4c264e1fa,0
3481,1320252060-7467ee701461a0b5c73665a5b496259b,0
3481,1324381680-c3859d16adc2f49640e5591594599c89,0
3481,1320429840-6eb4feaa170ce43a61074bffea929aa2,0
3481,1326383700-239441a91b5e987489853ed166601ea0,0
3481,1326069900-56e80de0743ce285cec5758326b80012,0
3481,1325561400-f6d09fa327738cb54c8d259da6510968,0
3481,1325643780-c6c175e7cc6b08af3f588e687328df1f,0
3481,1322787660-64ad972816fddabe41e3ac647fbea71f,0
3481,1322807580-6bfdddf34b997452e04c46b556866b23,0
3481,1323724020-a6c16c3d81ad88e4d6b94270b2f37d17,0
3481,1322805300-418d2a0e1c6bfbb70afa4c851fb83a51,0
3481,1327529700-797ff0475ac4fe330a130f67ab377887,0
3481,1327125180-337071a9085ad40c050e24976547aa0a,0
3481,1326366120-89b700f06272f3fa1cec434c3ff02c3e,0
3481,1321413480-593a6b68bf6d17a42993954a240051ff,0
3481,1325138640-5d5d67158c4c851f90f94f2833b40b5a,0
3481,1321735020-185962c446d1a9204292a3704fdc5343,0
3481,1323999120-fcab8e6f4801c8696b98a579292346e8,0
3481,1323475500-276b6e1507cd8bd402f464977ea2b53f,0
3481,1326500940-72e5bafef89da5705b046f6dbcd2c525,0
3481,1326310500-d5eefd920fba170b1ea6ccaa9cc31cc2,0
3481,1326495180-388227f7ed37a74c103645521725bfe1,0
3481,1325061060-df7e1930c2e4d99b96b256f1a85c1a11,0
3481,1326497400-1abee09884d197c31126b850ef770269,0
3481,1323312120-8eccd7fbf1c1241ea8748a69a457730e,1
3481,1320494040-963233523bc5f17b314b38c9e8a39fde,0
3481,1323302400-a5a3ea9ad4b05c25188d67188f335abf,0
3481,1321950000-a5e2db80cbc72186bcbc68bf62cfdf87,0
3481,1322506980-0cd81f459c5177019d4a31067fb1a93d,0
3481,1323153060-2936433a68d7092835f550cdd1565461,1
3481,1326424560-0389b95875e51112fe7b0c53596005a0,0
3481,1324055280-2e8a84caad27f887861471112623d3ce,0
3481,1326704400-4df10cf3b03ad3f1f6b88c89087bb496,0
3481,1326220500-72d2700c80c95c5d294a468e643f2c1b,0
3481,1321411020-d9fa69444a319da80a22bc5e5593d4ba,1
3481,1327428660-8b96688505d5bd8d906260fdf5a9b7eb,0
3481,1326899220-6d7783ca8ba3b15333af1cc90be8dcc8,0
3481,1327213020-90af184b117963b3b0caa280868c5bb1,0
3481,1324556640-bec0ed2c7ffd32435a869b2cd07f0ad8,1
3481,1326865080-86b1c228048a964c89e307862eba3843,0
3481,1325087760-962d7c9920627b38556ecb566ab93e93,0
3481,1327523640-2b2cf883e1afcfb34393ee85a4396de0,0
3481,1323709680-def8c9dae9d6f1ab2fd395d77784cf53,0
3481,1323289320-baa1309ca37a6679813b240abfb6801f,0
3481,1326840300-deeaf41381f076f66dd33132588bffbf,0
3481,1324215240-c18ad607b5348bc562fb00f89e90fced,0
3481,1325655180-32117c789b64262dd0a249b7529fa7e5,0
3481,1326443220-a4556711a2e7d068afe7758f06ab2928,0
3481,1326788820-6af0669c67ea6688776228486ddcea3d,0
3481,1327340160-401ef08609c208db29e72ca9cee853b0,0
3481,1322899980-35d32aee06a490966fdcd3567ac24c7e,0
3481,1321913880-fd17a1444af114606097a519c233c1f2,0
3481,1320437460-0858c98296b8aa9e717f14c652b2d3ce,0
3481,1325774160-2bb125236cb26d0a0cabbbb2706a46e0,0
3481,1323603000-982278847e362d858e844bcc85b4b079,0
3481,1326444180-7b370d60724ff0bdfd08634cd6470397,0
3481,1322087040-143054a42334fd40770e55006d333722,0
3481,1326155400-7fa1ba5c6119f114d4082fabc40d6b3e,0
3481,1320312660-51c02fd5a1c9e89697fbb10949232562,0
3481,1326474240-82293ac4feb10e9a21bbaf483b39ce1a,0
3481,1327219680-4507f36a6646c0b2b6c6d6d7902c936b,0
3481,1328023260-88662aa093971c02aa753f5f383a38cd,0
3481,1327553340-d34d4461f24c07491dbb00087fb5c53f,0
3481,1323591540-b2dd842d21a5e54fcc2d48f2c7adfb28,0
3481,1322846520-5c250553288b54dec0b74c039eecc1cd,1
3481,1320815340-b3cebb022d18bd9b3f108d74fa31d535,0
3481,1322299200-15e8dc0b049b72f41d2cd1aa66a64247,0
3481,1322392320-72ffd3441bbdc532ebab7145affb3460,0
3481,1324288020-664a68c9ec2fdef65f43653bfd5d99fa,0
3481,1326753960-15e57b33672d921560d0f1fbc4e1cc96,0
3481,1324169280-b351d6e31e4a66500a4f1c6ae2263805,0
3481,1321639680-8cdd3514d87d0c938362c2f7f7575fea,0
3481,1323078960-4d004df79e820cfe7d939c0ab4b6243c,0
3481,1324237800-7240a49f47201d07ef6f89adffae0a48,0
3481,1327384740-27490b11ef41de8320b6add4e642d19c,1
3481,1321536780-3a27d3b75d47f737cec29a13c0133cac,1
3481,1324646700-0cb820903cfd5b4383ef5c53cf927b52,0
3481,1325218500-18eedd52332c69f32769660e4435bba2,0
3481,1321465260-181725f49220c900e5608c1f81344214,0
3481,1326538920-29224c18345c178526c5fe62fbf18e1c,0
3481,1320227760-9b1a14ea73a4771d27dcbe62913fb07a,0
3481,1323656520-0f5e2b2d1b3efe136c7346467d375488,0
3481,1321022400-144d1ce9a9f8d780785ccc0c87aa7ed3,0
3481,1323904620-af93787a86e211ca7cda4945b3266838,1
3481,1326762900-83db374668140187980b4230871645d6,0
3481,1327888200-7574662e200d24609f3ca1a6fe0e312e,0
3481,1323409020-bb060ebb082110ef9d729ea821e1256b,0
3481,1327621440-fc9c37a976c5f4d301aa7d40a46333af,0
3481,1327687320-a8c9533bd59defd7b89a8acf56f9d727,0
3481,1323662040-07435e32f9f47dc299d1b4818f4d95b5,0
3481,1325167260-687f59bb861f4aebf69cc114e4c0b130,1
3481,1321424820-c7d6a1329b86770efd45f5eaff7b567e,0
3481,1324920900-bf24545b9cf23579e0c352499216b32f,0
3481,1327325160-601a9c26d7543a2117411caf04ad0476,1
3481,1324562400-1747e87058f60ea80fdbbabe8bb18b7e,0
3481,1326703320-52ceadaec70eb84fba03c9646d88e81f,0
3481,1323876840-1c34c6fe1cd23254481cf477fa16b6ba,0
3481,1321413480-ba6948affc7cbe97327d2b1711be9100,0
3481,1327934940-a3f3e80e6b4e7b35cc9eb099cd64abe6,0
3481,1325747580-25ac218f7df7495fb4eb5b576479fe11,0
3481,1321888320-daf349067666a3278970446f11c2ef72,0
3481,1324265940-1340453b7b269415145eecf05a1317d6,0
3481,1323710340-cfbe86181d7c301b88d81e94b10e2253,0
3481,1322672280-f799e9f326b2aa2682c19c2153e3c5a2,0
3481,1325493060-219494aa4279cad1fc11d91605e88c4b,0
3481,1326014640-3b75fd8610223a58e53f7c56382e2d87,0
3481,1327008660-3dea05ed6f45b7f0f97e94ff0395eeaf,0
3481,1327132320-69773e33fc8abfa9d78c7e3d4923c2bd,0
3481,1320895980-24fc663c58a6bc371a967374004f1d2f,0
3481,1326835860-251ac0c786a372018355029a8de3df7f,0
3481,1320482580-9a0e39ffc572a59d37e0a2359f4c180d,0
3481,1323361980-74ebd2fa388ccd76043088a71242d6a8,0
3481,1322397840-04dc2dd21d7500127c4a773b9b9368ea,0
3481,1324149180-1fa725c6e27ddca1aae18ce4a02f5b51,0
3481,1325277120-cbc73f1c6d075555d66aa8f3bfeea09e,0
3481,1322489400-f7777260323c0d7abc519cff442e2a99,0
3481,1326147660-accd1eebf08877051970ac5d27be6a25,0
3481,1327969080-f873163b47a8f1000f2077e0254dc40c,0
3481,1322868540-6c60f93bb5902387e68ac6daa8f8c4b1,0
3481,1320731520-cda5e7fa8623ceb9be31a7b2d203bdd9,0
3481,1327384740-9e03a2ea1a7ec13b4a21348cbacbb672,0
3481,1325218500-a91e69efa53d41b48393eea7e7587ef8,0
3481,1323667800-f46fca93dcd33c0bb22daf11aa4b773e,0
3481,1324608000-a9e95563e36fd01ebe0018b5debefaed,0
3481,1326348840-4f47779fd4b25682033dc8fbb0534971,0
3481,1326380400-4dce85b230dd7bc89faf6a03ba22c52f,0
3481,1322685060-52d8ca0d53b50ee69acd308aef88e91a,0
3481,1322641980-86ca8c6a4a3a31e73b1d56463b5a18b1,0
3481,1323704280-5b6307c16ad3b1aed50a287c603aa47e,0
3481,1322498460-c23a2c91fcf27e3f58c9f410aafc1a49,0
3481,1326804180-80e963b270cc32dad4302d25b50bd5e3,0
3481,1326351900-f861543b3169803bcd99cd0b3f039649,0
3481,1326979020-496d613d210255dfcd2a8f424337c13a,0
3481,1321514760-be8b987e96a0f8873f0121a8961cdbcb,0
3481,1323704280-9393289cff7b55a1871e71bf05099a8e,0
3481,1322506860-fb90aad400da4e3014d68f50981f8d71,0
3481,1324116060-6a76fdf03997df040436a41c23ef0e28,0
3481,1326978600-882fa3c1e636312a32c481edf7166cc5,0
3481,1320464820-f40c7bb258ac82f195b38ef2e73cbc37,0
3481,1323201960-9bb4c93ece9d57e00da3b4a29b626ed0,0
3481,1322749320-55c40d664d888d1488057dfaa919730d,0
3481,1326217020-45e6535cf967c31e5daadc3803e82f71,0
3481,1320855720-31f77c44800a00a848348f8af4f61bb0,0
3481,1326259680-9544e446cc3eea360831a7a7bc3b866d,0
3481,1324075800-de68761ca5898bc9fda829fbb78827cd,0
3481,1320782640-397dbdc50bd0661909bf92fc727e31f9,0
3481,1322544840-99cc7987a29be4618787678467fcb847,0
3481,1323967620-22d4556302fd87cde405d4dff0ba861b,0
3481,1324420260-b6c899065444c2497e4b0a3e02d01db7,0
3481,1323580140-5778f665e2c8e8078132cfcbccd2275f,0
3481,1322188860-6f660849a4dfe9b07dc3c168d715eedf,0
3481,1322393640-d2cb107d379ab8720f62577bb397aeaa,0
3481,1327099680-5a2882991d934893799738489ecad625,0
3481,1320794880-112e7658e34e2770646740035b47c74c,0
3481,1323076440-61bf9da9eccd1e241dc7d75628dc6a00,0
3481,1325312820-63bc60b70541e7b346f9c72484086345,0
3481,1321344960-5a21d4f6d0e4eced5df4353a0d47a635,0
3481,1323897780-b4b8dc5483a85e168874dbaa927c9731,0
3481,1324346400-c0cf967a49ab538899d9b9faa7b9e174,0
3481,1323702360-dbd6405a5454f131026e5ac986b72d9b,0
3481,1322448660-ae5cc3eb224c79371a3d9ed2880961b1,0
3481,1325924460-bc4b199cc04067f71efcf7bf60a20ced,0
3481,1326454380-d49888f14b828a8c0bc5a76ac4adf84f,0
3481,1324686180-b904ac1d37635391ae3d3ef7ceb8b649,0
3481,1324830780-5e71f1038b0e84e0cc8d6353dea1c9ca,0
3481,1327113900-fb9a8755571c8f8c3f06d7ddb3bd994e,0
3481,1327134180-b83e62cba38b06ec176d20cab7f712e3,0
3481,1321431360-da12e9e5ef147bde4fbf0a945b578e80,0
3481,1327224720-a9056b5e6b496826a1203c53daed788c,0
3481,1321344900-555fe70bf36cbf601cd31223b7ac10c0,0
3481,1326486660-faed1523efc73c4eddbca906bcf7f116,0
3481,1325760480-080e620afd39f307c1b03042bc3bd5b1,0
3481,1323704280-ff6edd533057fca54d6506d00b31325e,0
3481,1327931820-87c8a0155cb3b9a591e4f5881e82ad4d,0
3481,1322362020-c27c1964764cd3980ed8efb573da8711,0
3481,1326992340-14cf8b28e4ee9f029b2704a7647957da,0
3481,1323901560-dc13ae82acf799cd5b046bcd141ca183,0
3481,1320132000-4c30c2fc5a127bf9c11b46f9964b9022,0
3481,1327007520-3fabbd3bb17affbb8048b650e6f86e78,0
3481,1320848820-8b170a0b50d2a2fd8cc1ae76bee29861,0
3481,1326342900-950d6eae91c7d3b5a5cd7cb186c699ed,0
3481,1320326040-81cd31e402e258dc3b3f91d7e9744eda,0
3481,1324306560-d7102ac2a11c1c619e07511386f129e8,0
3481,1327600140-25e7da15283312748f1628933ffdb43e,0
3481,1324581120-0133e2623fc9cd8a3b8e9b799719e6f7,0
3481,1323656520-215c6d5c24627fc00af1d6f0cfb613d0,0
3481,1324572840-2a58ec7c9cb36755548e2a364d112881,0
3481,1326802260-fc254ba16ed62bd3622884540d4717df,0
3481,1323910800-44cfe278e299a3a1478bd8a1a6ab26d6,0
3481,1323326880-2b2688dfa6fbc9348b9a6d7deddc2506,0
3481,1326955200-f62e9a424f9e3c7ef5d40849456e688e,0
3481,1322817120-2c559a960774c36503944b8b7b387861,0
3481,1325009820-70870b93b8f550cf4ba7159da5f23a14,0
3481,1325886840-fee2a1d5a03985f700586a3413c0fc18,0
3481,1320966660-840f53a1265ebc454f99b04f0fe327ed,0
3481,1327102320-abf6cb4b21b33d75bb489bdbec438714,0
3481,1326837720-a5f872b86f55229e3df2cd25c02eebc7,0
3481,1320830280-75d043863e33d72fd47e87b939070fd2,0
3481,1321351080-ce09ccc2d525d80087d89d662a9a68eb,0
3481,1323718800-c237d012503a40a97e56387201d7a98f,0
3481,1326933900-640513b38b35134bfb9064c798aae216,0
3481,1320977820-63584fa81521c2220ad2fdd0689b924c,0
3481,1326212280-2d6a9ec3cbbd808967d3f81173e4e665,0
3481,1327514160-baab1b96657735b7e3dabc06c3c880a7,0
3481,1320597600-c6754ec9e78a84088716203843fcaf3e,0
3481,1324316580-f5684ddaa6f4188a95ce42da26cf7170,0
3481,1323358200-bba76c4285e77e47e05903d2aa9acd47,0
3481,1324989300-638b26670c6a14d71929c5ccb2ed3de9,0
3481,1323323580-a81c5f1efe4868233006a26be356cb66,0
3481,1326818820-b4d7381be0e6dfacaacdb3dc91ac750c,0
3481,1320606720-fdb996260dc7a43c07db4a79d0978742,0
3481,1320823200-c9051285cc0c5bc73c3ffbbdf42b5f36,0
3481,1327328400-830180f5ca562533db184161d14ceeb8,0
3481,1324295700-0d9700323a69aa91b2f3286de59b3d1c,0
3481,1322059020-b24da316f4dc50f5b0274bd24bbd612c,0
3481,1321355400-40005ace8d8e55b1e4f29f90a1553323,0
3481,1322332980-0a1b4104189b711f49b3943db7728e1e,0
3481,1326826920-b6a5988b3752147722a808d76c57ede9,0
3481,1323550320-d525fa12ccaac774069385c46e74f12b,0
3481,1321256460-6f1109f9bc3f9e280d1b5fc5c596e5c0,0
3481,1322082540-41ccff464debccd724ab06fa3ac22e0e,0
3481,1323707880-43e194a7729026a714768b0bbe84b48d,0
3481,1322608560-3591f8921ca1f802a1b786d0e46690bf,0
3481,1326390660-58bb7027050489319b7fdf2535ea0490,0
3481,1326647760-bf730df7c770ba683200b27badbe74d8,0
3481,1320312600-8cba432c5103b3040157f8a7a5c54e32,0
3481,1322817240-b0736b931668cf5adcf86ca241544661,0
3481,1320875400-a87b50dde0f50c000c2a7ad9879c9f03,0
3481,1323384960-6aec86821f15d5d5ba29c01f75caddef,0
3481,1325967240-4e1e72dacb4780ad707c8dccc6cad676,0
3481,1327389840-d14480ac2d6811baf8c54a8383209c9c,0
3481,1327972260-9e57e2895b5d158a759b1cc92561c8b8,0
3481,1321509420-658898d7634df41450873a21ac9288c6,0
3481,1320911220-3cff6fed90c3ecca1e8e8babc85dbd3c,0
3481,1325725140-b0ddbac17bc76c0d370cb5881af7dde4,0
3481,1322735760-16d0ab7207d5c8e76ec246706b79af29,0
3481,1324065600-dfeabfcdf7f77a5cd5636dfb8cd36a51,0
3481,1324859520-39a34b6f05cdd525b2693a9bdcd8e20e,0
3481,1322667540-24ed5f10f5266c11f7a58f0ee8c2452e,0
3481,1322899980-f627ea67e8791523980b1b93aef51510,0
3481,1326084720-5382bb35ddc7fdc82a47cd110253f820,0
3481,1323537660-f8403bab6402b4c734c1725bb9b0da8e,0
3481,1325795760-7b1d6f80cac3aec9b805f25d516194b4,0
3481,1326366360-44cf59ce83a80277a279f16aea38460f,0
3481,1320774900-f7b1d90886588d6383ea07b5aefd895f,0
3481,1325715060-f5ab53c79d4114e9d718f93486c4379e,0
3481,1321638000-48592027306cbc9a4bb7817ab65875b6,0
3481,1327178460-cca6ac5e12442e376a082ef835265cd0,0
3481,1323650100-98014b50e9b87d3d970090be6eb186dc,0
3481,1320615060-4f7e8f12479835ae9355bfdd5a3e8e62,0
3481,1325655720-fe30a4af13f9572720850cdd62d2d829,0
3481,1325913360-5dda27489558ffc755458dad571a02ce,0
3481,1328008200-f960e53fa2ab7faf88028e4ef72085d6,0
3481,1327383120-096730da306a5ec94007e27433382345,0
3481,1324008000-7ed1497292fb09a53266930ee720893c,0
3481,1324344060-96ddf6cdf7a05d81a171ea7e6248630f,0
3481,1327616160-1111d95debcab7230b9709e57f76d0da,0
3481,1326309420-14810b652c5ccc17f67ad1631069c2b1,0
3481,1320706440-1aaa1a2a21ff827608cef3148a423a23,0
3481,1321820880-09c239d0758aacc9c49a3f68f944a973,0
3481,1325584080-fbed75360217606633dcaf75b874f41f,1
3481,1322803200-a65103b791a3c0a350007d1a5f511322,0
3481,1322810340-676a562645caa9bc78b334a9d776f36c,0
3481,1323614160-4efe942b252c8684d7eef2db5c99e0de,0
3481,1325402640-51c8deb94266863d032c94b6134370bf,0
3481,1323354540-3e1c91880a34234c63ff0e60a4625008,0
3481,1326816180-5f771e0ed452b27686e44c544d27b503,0
3481,1322524020-fd430f8134f727003ada059b75d173e4,0
3481,1325492460-0e31a4867c618cda79c9ebb35114c293,0
3481,1323524640-1805ecc78feadfe628e455bfd05f33fe,0
3481,1327303440-cc068a0b2803cb7192145c9951e2bd9d,0
3481,1320190440-5fd3304dd6ec7b17820bd99bb6c52c57,0
3481,1322211840-de7c11103891af5e16ad84d3cc5b811a,0
3481,1326958080-5c27f0199ea235bb95ed9f8077198365,1
3481,1326958080-ab1bdc1b9b6842a545c112959fa4ef8a,1
3481,1327030980-a22fb4a602a6a7496d298a1f2d0d9e5f,1
3481,1322803200-a738e51dac6f99e3cccbe1aa5e26d759,1
3481,1320894540-2041f18638e2b002f2d7f3ce9a3b4c58,0
3481,1321257960-27117fa2a275e62ca2921ddd8a83ef68,1
3481,1327563420-a77cc462f9cbbb9a804e47fd98a00e5d,0
3481,1321234620-1b1e78828624d3c5b3ab8770509f1bb4,0
3481,1327224180-842c127972a029bc6bbe71a856fa46cd,0
3481,1321389840-1b6192b2a3a88f428626ab244348b19c,1
3481,1321394160-9e4945d3f7da9fdffeaa2f5702201da6,1
3481,1320623820-a702709fca66ed012547d9487293ef4e,0
3481,1322913360-b98f7ae841f438ebfc982dd7756490cc,0
3481,1326921900-632363cb2ce888c466f9ce96d7a4f748,0
3481,1323137400-c9f656260581b6a43f311fa62ab288e0,1
3481,1326978600-a8567757f365df22fddf24f539db9995,0
3481,1320636360-daa14ed882cef0b2bc795d014720eeac,0
3481,1321458120-7cdc616825178f30a852937521ef54cd,0
3481,1326968100-334f89df92076baa8a9e6aec0fb3e603,0
3481,1321326840-5ec0bc12e8a91a54c2546e86c6b85e68,0
3481,1326866460-368026cee7d609c54a3ea74ceb9d6624,0
3481,1323841680-bf25fd8dd772751c89ef7f22df3ae87f,0
3481,1321334640-de635a870632470b479462d36b07dfce,0
3481,1322462820-381561d86f2c5ef8a3c87b45cbb017b8,0
3481,1323775080-538247521d8d384e66862f6cb8f2de79,0
3481,1321427880-4be61015c83ace3b0e1de217dd8176ab,0
3481,1327629480-4163ff90c7e78e4f85df7c10d3d46949,0
3481,1323480060-4cbbccbd8a1804bc2d0806c9f4412749,0
3481,1321795200-600c38b2045086bc60146562d6e40f5b,0
3481,1321139880-33c41efa49cc4e5619c6e09078f80a8d,0
3481,1326809040-37af0600d8d807772e3c5c057eaa0a8e,0
3481,1321144860-789de40b9cc23287bceb532db571fe8a,0
3481,1324578600-116410f3ca74ef011a113d3de926fae7,0
3481,1326232200-70ab578c090cfcf52097810af4c72daa,0
3481,1325578860-c92e0ccdaada4343466284178b9e6c30,0
3481,1324870740-20e8503ea8ecca01d7ef972ff5ae4f3b,0
3481,1326949800-adf7778fd82e0bcc9bfbf9baa6113868,0
3481,1322532900-fe09a545bfb1ef8c13ebaeb08dea42ca,0
3481,1320850260-1fe7e34f534d79af7b39c90277e15de4,0
3481,1326978600-05299c46892fa244cce2df17a1262c34,0
3481,1327692660-80759c94c4998b07a868d9337fcf81d7,0
3481,1328015820-11eb476fda56cc92d93506e42c44b1fc,0
3481,1323371280-42d15585471e3644c4f15eff4bba68f0,0
3481,1325580000-ac37e915b6bb8b65306709c8edac1f9e,0
3481,1325802720-2de56d81ea18c66983eca949bb74a055,0
3481,1320991980-553b3ed0259631ac76d7c615102b3f98,0
3481,1320915360-f7dffb92981fad46f29269900d1a1c59,0
3481,1321587840-2429e3f1b3020ef0c502483b67b00135,0
3481,1320433080-f4f6293e488e711cb195b60534e24e53,0
3481,1323456300-5fea3c97874ad75fe5b40959c39d73a7,0
3481,1325366340-80ce558b4afa9441bf8782404855315a,0
3481,1324938360-52b3e81e024c5e021fc2c6296352db91,1
3481,1325538300-5c4508c27403f1fa5ff434bc97a28e66,0
3481,1325566620-2547cb6c85880f3f4bf1f610bcbd329d,0
3481,1320188580-260a3035682775345dda5fc6f45db448,0
3481,1324237200-53c661b513476642c9930e3f9c2f9e35,0
3481,1326530040-d5e4f9fea2f25180f36fdf28954fafc6,0
3481,1323938100-a3e8437c13f553eccf7243ea59b9da57,0
3481,1325047440-231a9d4584bc128ed91509d49101bfa1,0
3481,1321052460-423130e19df651524305bbf64e680a8e,1
3481,1322440440-38c7367da39e0150d9aa52590ba023aa,0
3481,1323216300-021d976426f3aed2927485608327ad2a,0
3481,1322472300-86ff063b0018b109188a9cd19981d7df,0
3481,1320578520-93f14b3b6edc91643d27a4262a416521,0
3481,1326764520-76ac1533fc55b7e7c56ce10d92740471,0
3481,1327270500-8e1da1f9530b898443ef2c1cd1d9e7d8,0
3481,1323486660-583dab35f09093931672426b6b4d5a4f,0
3481,1320875220-4842ae9a91de11a50989e32011ba5e9d,0
3481,1323983340-20489404df0a7e91c27cbe88a4b68398,0
3481,1327389840-25bb29110ac8f1252789443efb9bfdfd,0
3481,1323259680-f8857978ec1e2f52b707a11f704350ee,0
3481,1324548480-90f3ebd3c54b3cc82b15d66c91d7f953,0
3481,1326416760-595e2828250b46a5a2a42b923ea08433,0
3481,1322729220-15d8e19b861cc09e97a7a72b6b388ca9,0
3481,1321569780-fb6018c42c793668f59848fd0c14d8c5,1
3481,1321511700-059ba8c0f62365f86c947ead1af40fdf,0
3481,1326230760-7c472248f19ac4f0342642039c7240f6,0
3481,1321548540-c56ca72ef17b2eb8901083be2fad8e12,0
3481,1322296440-2198924262b34a0698747547bc2f45d7,0
3481,1327228020-076cf693cd5451cfe9301f9a77fb6937,0
3481,1324977900-70d1956190d13de4212d17e005ef9512,0
3481,1323234900-c1b4e54ea733a50527bb0994b9cff3df,0
3481,1323088500-2fd855f8d2d7ca77b23bc8866c6e1348,0
3481,1323724500-a2515d757f2e27a0863615caffe2cd95,0
3481,1323363780-76cee0b941ff5010d0756acaa1b815d0,0
3481,1326853980-462a6b4b3ecd05b8990ed9e5ecc2f6cc,0
3481,1321566300-8a6c99ab2f8f4e5b575e800dfacaf288,0
3481,1320657840-07cd8ab15efd9c1375f434d4f8a24cdb,0
3481,1326460320-148a4c2a2a6691c77dbf572d51bf5cce,0
3481,1321464660-ab738fa1f702623aa3ab7fcac55186eb,0
3481,1324876620-cd0c6714df9e88cd8afb8d658e33fd43,0
3481,1324424760-ff6e23b87b2909509cd99e1f3a872e44,0
3481,1327045080-4dbd2f7d5e80f5ad76c9a7b488d4b2f3,0
3481,1320305460-099b038790ac575a969af2247adce968,0
3481,1321328520-b2ad7df1785e1927f9caf9a4a6ff206b,0
3481,1326366900-53220b84cd44ca6f440978e18354dec0,0
3481,1322542200-5b505c525a0d036aaa7b74d5a18f4417,0
3481,1327306260-5b3b66864df628ae317bceddd46dd638,0
3481,1325518080-27db566f0c2022fba049be33fbd35f9d,0
3481,1327399920-88b383828a9b3c22c3bc541c9c836841,0
3481,1323810120-fdf3f4fe92e0b4b3cc66053fdaf2d286,0
3481,1321470000-d427ecb27b1f8528bd9df2179cef5552,0
3481,1324946460-be1c0752ef4d326d643a5c93c7043726,0
3481,1323588060-61abd66c4647a0429ac81f6937489f9d,0
3481,1327612680-108bb3a8b64358819e262b6481144f49,0
3481,1324254420-a8499dd5ede353299f164803d9b6674f,0
3481,1323933000-6f8aca8096db0805cfc1cf865dc52c4a,0
3481,1325703900-a0e910463da4ef11a9f503a70b036180,0
3481,1326528000-3e8a37bab37ab70b3bad86c4769e48b1,0
3481,1320451980-5c0308e53ae9283df58739f66dd82db7,0
3481,1326472260-099eb9e7705dde0a42be1365d8820e2b,0
3481,1325704740-3ba35d455661dde252467b5d30697f07,0
3481,1321965480-40c950251b5803cdfbf93a56a7dde1bb,0
3481,1323750420-da6f7be98203c6dcc807fa9497df826d,0
3481,1321666500-8366a74460f133626147f695ccb43250,0
3481,1320394260-2baf97465bc48ae5ef3924c7f86b7773,0
3481,1323217020-301480dfd1d1b9fc15fa0fab3c3bbf1f,0
3481,1323932520-298bd1e9c396447c85c475a4fed73821,0
3481,1323458280-b6b6c45193ff25b9aff9177e818ec707,0
3481,1323348000-d94ee716b17cc8424cdd75e85b906cc0,0
3481,1322498460-075acaf25a21f0bca783dbe3d9cdd05a,0
3481,1321412280-9caa1be1cca060c477aa551e06bba964,0
3481,1320774240-72f4ffc7756c3cde7af823a9c58aff04,0
3481,1328004660-4b4faacecafde7ec8111f0f6186ffcb6,0
3481,1322988420-6739d541a6fe1dac5be65544b8818389,0
3481,1325480160-1f0cb914c647671847340ca176f37b6d,1
3481,1323439920-1370ed182f2db475c492953a21ac94b2,0
3481,1320210420-9d0d90d66a232b1ef88adb473f27d58b,0
3481,1325075400-44307e08e5f85d564733213ee2034b81,1
3481,1321666500-5c2e6ddbe548e54a144d011c2795eacd,0
3481,1324259700-3f0ee8e3c8b5c57322c5b2d68a89e4ec,0
3481,1323360720-6c4506183ef6a38e36c0201f6c803aa9,0
3481,1326781980-abfe1360db796765dd37379a37147ee3,0
3481,1321625400-a424ac15167da24608ac28740d37df6a,0
3481,1326505740-a34162cf1de72e15b6e8355157030b3e,0
3481,1327307100-bd112bd56ae7b4d140f89d54f10f1eec,0
3481,1321066080-c7eeeedb6f6bfa5b51e95a6df588beb3,0
3481,1323454920-a5ef77e8ccd7a1a949c3828d2ece925b,0
3481,1328057400-a9120fb482df70fd2492c3b3354702d4,0
3481,1323494940-214e57d182925a729cacdd08e885cb53,0
3481,1326861180-d6e1947dc81a741810c7cf1b7096d4b2,0
3481,1326231420-2da131f25aff31d1932e377b7e228dba,0
3481,1327537620-2dd455c3c188cfea398dc0b1539b9197,0
3481,1325055780-07550166060d2a94e853b86a9917e57a,0
3481,1322598600-cd023badedf763991be66ff7863d0a29,0
3481,1321732140-c9d67eefc0ec141b4d560b421fa96b39,0
3481,1327476180-04b333954aeceeb2ea5dced7c9e485c5,0
3481,1323480420-8789a8e7b59ae833e6d39092a26e9e27,0
3481,1322674620-55af1f1a4dd8bfc243ab9438a36bd76e,0
3481,1322694300-556e9a8355169ef36707caeeef7fb6ce,0
3481,1323852900-ca4a033d891b1cdcb96ce5b8273b90c9,0
3481,1323050940-95223a77acfcf7f2a3c78b50fe60e744,0
3481,1327389840-febfe52cc681f31344f83a23ad4ca787,0
3481,1323754020-5912dc082672ef955fd8e53dd214096a,0
3481,1327026780-9a2bb0ee236c432665ab4cc77e96d8e1,0
3481,1322748900-8113fa3c3287c5f211a9f650b44103c7,0
3481,1327527180-48ef800f774be0e35cd4c8b174967bc7,0
3481,1322794800-6c183ce11a59cda8e3d0a75d53292d9b,0
3481,1320672180-5941c4370d6a8010d70ecd66449a0a3a,0
3481,1320986280-d0bdd91d6600ddda8eb03f5175db7fdb,1
3481,1322297640-a7bb249e10c05c14ff8d7a7e317c5bdb,0
3481,1327309800-634efb1e49e457f297163901e807cfc6,0
3481,1327576680-7348139af27051348f15814fde65ce21,0
3481,1321903140-40cb70e064cd714f1f740b1dc42686a5,0
3481,1320421740-ccee0f799fec08d07e191e6d46d8d4f6,0
3481,1321498320-d29e29694cbab215a852cac2b8745f75,0
3481,1325719860-0e5e7cfd91240d7f7a2b6ea58a4ebc45,0
3481,1320457980-0820dc1a987f2644ac6c313431dad2cd,0
3481,1327806960-5904436c44dae69f9e396806df8a944d,0
3481,1322039520-41c92c6310b660cbe4b7989f448b5eec,0
3481,1326906300-b95cac7543fa6cfe2723214096d7c747,0
3481,1324368780-95ffc2dd20119ebb3d35f7a0bc1fc3b6,0
3481,1320443820-492ce535d4c38235076b79c9193bb406,0
3481,1324547280-d8c9fcdd8f18f95196307289250b02e8,0
3481,1326345660-331bc20694cf3c2cb30d804461071694,0
3481,1322616720-ca498ce2e1de947cb88db688b82c2bfe,0
3481,1323411360-003f6e58ad7ce639e86af8971bfe41a5,0
3481,1323274440-0d8ff96aee3b19fdde860f3e1a717744,0
3481,1323323400-45d0275ea85dd927f3d2318ddf98153a,0
3481,1321957500-58309556985915601288117d1a8e03c3,0
3481,1320476700-b8b76a7eff94032b2556ca5839e0ebfe,0
3481,1326060060-43a6332fa6d04faca04c6df612993919,0
3481,1325138520-cbb7ab75a78125448ba0c30b0fbc5d4e,0
3481,1327987920-9e434f5ee4965cd7417539737246e23d,0
3481,1325627040-a94fb45a4018293780efbdd3799042d2,0
3481,1324841820-7d2345d9bf84b03b64b95ac3ab941d4e,0
3481,1327559460-45e57f50a2c58727f56d7582acd3b77e,0
3481,1323208320-6294b32c05e52ab459d80c99cc30332f,0
3481,1326291960-8dca8e960e65900f2ec16441e392afed,0
3481,1322016180-b3d496e132dbe79c34bf7727b11dae29,0
3481,1320965820-8f5f14b26829c8b3fc57549317510f96,0
3481,1326404520-f584eb7ad322992b9f2708499e955f2c,0
3481,1325325960-a98672f0e4fa1d8d08b21e77eb69eb12,1
3481,1326485640-0990df059f6be750f180e89df4b6b42e,0
3481,1325294100-59530a0842db1daa89133f7120b85d84,1
3481,1327827960-bf99759a0d468f092344e5e1a57b26ac,0
3481,1325374260-5de0bd07538ef005026cf6b664fb7ffc,0
3481,1324618320-c57ffe11e3654a00cb0d4c639dcfb9df,0
3481,1325028900-1d62612f90f968e3d3062038c75a5406,0
3481,1323411360-7763015483d5815a4ff165eca5ea7d17,0
3481,1322439360-ad2a98dae5e5bea6decd8086c1873fb5,0
3481,1326098880-6ff34c431d55d7127d7dd67a25b1acf3,0
3481,1326137220-150c6b807bc6a056abfa89196da7e9ac,0
3481,1320728580-7393810a494efa2040264eb2b4a83524,0
3481,1327381020-a079e55a4cdc7755532cb783a3154362,0
3481,1323693000-f93d8c893a2960bca75c8c28e64b08ee,1
3481,1322442000-c66b54d3b27a686212f6e2aec2ada771,0
3481,1324561140-5c110e6563b7d92d23bec7923ee758ad,0
3481,1326385500-cb17260bd1b3792f1adc49b4ae407e1b,0
3481,1326867000-9c3c31a5b57569ed129f42bdb249acad,0
3481,1327034400-3970b75fc07d70b9171d0f49c83391e7,0
3481,1321975080-5909b4f5dc28ea9407828fdc175f7061,0
3481,1320444360-7a7eb9c0cf2a57f2848e4d8608c1250d,0
3481,1325107440-f06649c7a7f822b07628a86c14e74847,0
3481,1322803200-32fc25796072a0875f0fbcff66a1b4b9,0
3481,1327542120-45d3e8d8ae2842b659344bea8167e4ec,0
3481,1320439260-3befb11a90ce4b0773040c69dad2df56,0
3481,1322628960-a83eebad549851e3bbd236bc29997c60,0
3481,1322644140-4e923fcb55280b46017a3bbb09257a81,0
3481,1324716000-2e78e2a8b26f58dd9f1db299d1d33eea,0
3481,1327805220-4a6996a0a41dd8660c93c76b8e1b01e9,0
3481,1321766940-3bfae71a6d6cbe05f1f7ca7766df36fb,0
3481,1323632760-7a29dc65dc5d04631b1b6b3dbaf2f4e6,0
3481,1323441360-b33937b9322f2ce5ed12b820fe76344f,0
3481,1321359180-543f3c0093cf26191191409d5e0ddec7,0
3481,1321520460-d16830842325eb97f470c1db517539d6,0
3481,1325403060-b81a923fa67340ca38e665d6a3a1355c,0
3481,1326237960-c12f402ea6daa5b658d27180f087854c,0
3481,1320918480-18b5bac7bb8d2cf466bbdbc06f5a25ae,0
3481,1321074300-5a73202cb887050c31d0039459ed12b7,1
3481,1324323600-678beffbb2595bc32cc5169e5f64b759,0
3481,1327179900-fd68bedd1cc81563c9005843b02c1a03,0
3481,1320897780-cbbab49202b85797d82a84f19a3ea4ad,0
3481,1324286580-8b6267d61ef08629e3e9a039cfd21a78,0
3481,1324558620-40884987f2317b7407cfa30494ea7b9f,0
3481,1322491860-3d94b20113e1540e2ba9d04dd2eca157,0
3481,1327359600-02b9ce064ca021330c878e38af4d5de2,0
3481,1326098880-b35556bcf5bda590c6f0efc579072469,0
3481,1325684040-98746f3401da139f2f1d996cb7a72f09,1
3481,1320880020-056fde46c79b5c0b4f38c875757ed9ab,0
3481,1327485000-b83ef7de2c0f18415d3efafc5c7c40a1,0
3481,1320881280-8eafa511608e935a12a114336c332317,0
3481,1323709680-dc69d7ec7f0b40a22bd6c9ea925caa37,0
3481,1321328220-ba19d8aaf80ab89877611e45535db1c9,0
3481,1320354600-c10d62c9ba25738b7d4a29890ee0a40d,0
3481,1320949680-4a91676f06546c85d4f3fb2f4c022029,0
3481,1327776180-377bda6aae9bcec6bc41c35ad2e39532,0
3481,1327617900-0c29927086e7d399314e0b4197194441,0
3481,1324915380-c7793942f631dfc9a5571f34eeef3480,0
3481,1322193180-a36826b7fb477dd292102c7781eddebf,1
3481,1322681880-61fdeaad5059afa9567ae59ba54a6f08,0
3481,1320464220-0cdbe25247064bcc529fba4650d6f030,0
3481,1322771520-8efdbadf96cc6104569c822cb0933977,0
3481,1327307280-90fa76296de562642e1fa03e7fc4ddfb,0
3481,1327226040-98c092b76fd1a623e92eba2f72e5fb72,0
3481,1325889000-8586dcfece297b77d284b40bdc11869a,0
3481,1322286120-48114fb0c5dab9ad056062b830bb8b6b,0
3481,1320744120-8d3d43b01912a9fe6537f8e78b58a868,0
3481,1323160680-bb3b9ffbb1126638755dcdadf42f2b04,0
3481,1323243900-645b56d675b64e88e8ed1f47b1827e2f,0
3481,1321894260-ce3def908179872975795b526642c7a7,0
3481,1325846160-1f27a13e65c5fcf9048aa49ef19f9655,0
3481,1320521880-9dfb193a8c75e1637c6b8cec9260c131,0
3481,1325321580-f7beb87f608d5cae1bdf766ce6f6c950,0
3481,1327014900-8bd54716dde39175b6de88112ecc796d,0
3481,1326206940-775af085c9d058f80900117566bb35e0,0
3481,1327889100-3ed59abe34a34be4249b42a08f9077d6,0
3481,1327094400-d458b9b72d3148b8230c7844a47db811,0
3481,1322499840-c034d13a5966c60d24f705d44c3d5a83,0
3481,1326262860-d43f8044be58c9db46a6035b58f9d09c,0
3481,1324940520-fbd06cc9ddc7e4d406ae0bcb8a032b82,0
3481,1323709380-840e615027bc02de91703550e6538548,0
3481,1326444240-904f0d861a4ef0dadfa1b8bb13faa2e8,0
3481,1323406560-118291dba0a23cb99381459d892d3a09,0
3481,1324415340-0f943ac0fc49215728b06c41ef966f07,0
3481,1321804500-f31302067b5f0f06bd905329c059028b,0
3481,1324995840-17944a48caa769ed44dedd714dff5126,0
3481,1325604060-bb18dfd894751d41d9f5dca2685771da,0
3481,1322363400-1536cb2be4615ab3d09656d85c98eb7f,0
3481,1322162880-359b421e889a16e36d02d64643d2654e,0
3481,1323588060-674223eb6092aa315fd0335c0a524b73,1
3481,1325404080-42cfac2218e6299422d48093be215c52,0
3481,1322523900-09085ae661b53542a80faa682ea04ba3,0
3481,1327153560-c3574b27d6c8b960bab4ab39e329180f,0
3481,1325925540-3e671c7f6399b022c52299a6c85516c6,0
3481,1327999320-2ce25182566fd1aa66f0d31ca061afa1,0
3481,1327515480-06930cecc9b8d66957d51c57753122e7,0
3481,1322801400-adc039bdf31e063926a4eeeb65f5019d,0
3481,1324167600-b1aef8e53fad3356780e74513e58aebe,0
3481,1326094080-64d8f21e18a7264632d200807bbc44fa,0
3481,1327972260-bd4dcb2ce6f01b5e28bfe52aa68a5548,0
3481,1327405020-7540e7da75b35eb71c1abd9879d8b9ec,0
3481,1322833320-9bad79ca106ee56b2414bf6b95aa9765,0
3481,1324627740-a0fadba945ffe778d3365f51bcd35fe4,0
3481,1323163860-b548badb641a3436a0eba92892297cf3,1
3481,1322440620-6830eb880d7396a5e72d4ab1f38f6625,0
3481,1322706420-5d7dcb80179e1e70f364bfbb161cd273,0
3481,1326484740-375eaeab282f4471c29cf372f4aced12,0
3481,1324867980-124aff47e62d50b4f6b637b79cbd8f33,0
3481,1324412100-491b242a5cceef1a7b429fee47416084,0
3481,1326891000-508cd687970fd233959414de8f51aa4d,0
3481,1326719280-0fba4fc1ef3606ef5237b76e61b5e812,0
3481,1327983900-7fafb64168d8cf56bd4ab261a9d6fc66,0
3481,1326494040-545fb048eca4a23917aa92d9b2a5572b,0
3481,1322603760-c7b2b81264a435b15eec553ed5678181,0
3481,1322780520-47ee518571f5b22c216e9e7c9547faf5,1
3481,1327570860-8677e81fec8b6eb59be4bb5e1636c4bb,0
3481,1327415820-80714c08692146cfc60bf1b1624fe7b9,0
3481,1322694780-f73db8f09d91c077567f0187014c1679,0
3481,1327967160-430a79013b3a6092e001097c3aeffe10,0
3481,1324633860-9ee916829d1e76140225d2a4ad1451b2,0
3481,1327874880-ce56a612abdc6e598cf9b100685008a5,0
3481,1322378340-447770b506f30548c577d6e597026c66,0
3481,1327369320-298632b36594a3c49e1954dc9c51da8c,1
3481,1327369560-bea176f1f44742479f104823f82d4713,1
3481,1324642860-cb539bc4c24d5603d06a01b88b5d0feb,0
3481,1325878620-c71e150073e8d7a6c90e73729cd8d911,0
3481,1325889000-89773f3f41f2102be95553ed33f60cfe,0
3481,1326168480-cc35d2fb80d8a2a3da824c46997a47a0,0
3481,1327526220-be5ae756d803021b7f1b99ce968d8d96,0
3481,1325904660-ba0bf6838b32b24f750f63d566f21d95,0
3481,1326647340-a275a1e6a42221b77ef0139d46889b02,0
3481,1321478340-693de794f2d4ab83368de2b29004f38b,0
3481,1326289920-683e42a6c66300dfb0a9358f712dec92,0
3481,1325578860-b683de5ae0142e7ec7648b8a320a9425,0
3481,1326300840-66b5b0122a3c5eaf6dde856c3d698e9a,0
3481,1323935400-dadf67bf1f1e8b6c34a5a136f55110a6,0
3481,1327099860-b2c58db3e3371cb2fa585475bcb7fc27,0
3481,1327700340-fd2102ce8ab3385b2c9f995695d5daca,0
3481,1321252200-c25a66f9660fef411d998021be0a28a1,0
3481,1322526060-d0b936062fcbe696e6fe4d4f0a30b2c8,0
3481,1327562940-2bec2d93998de7f69d24bac289610c88,0
3481,1326478440-f346dca7a29a18739c8d3cfdc91940a1,0
3481,1321676760-8a9be1065e1f6ca74fb83834e793b907,0
3481,1322725200-7cecfd0083687fe038cc083960fd0cbf,0
3481,1321786320-85b3dae9593b1fa5875adb8e32c975da,0
3481,1325297880-58fbee1e1a156c8687ece5390c5a5abf,0
3481,1326409320-7834130697cd6f45779648c3bcee701c,0
3481,1325468460-99b43aef3fb4ad6e948878d9dcde8959,0
3481,1325181600-99e1546490481a825a3803168255ff2d,0
3481,1327480320-2d57dc009d8322a10be5ae91eeb8c05a,0
3481,1320814380-b502fe4590d148695353dca7e14d8158,0
3481,1323438960-358313014caf7d07fe143fb866f37478,0
3481,1323379260-7147a920bf273d46745f562112a8af2c,0
3481,1323993240-aba6c9aff7ce983aa35d0d9d4c7a7ce1,0
3481,1324489440-89fcf5c8a582b067a95cade1f0e9969f,0
3481,1321250100-4df4740919594cb75db1ea806f450a73,0
3481,1327339620-542754ec66e4ca4fc559252540dd8922,0
3481,1326478440-fab0ab2caaa73b9f4915c937c07cd537,0
3481,1325398680-8a91aaea458b2ba942becb31bf8f4f7f,0
3481,1326753960-780f58bb097212a557ddcb1d3fecc83c,0
3481,1323894660-bdf9744cf1c08d42fbfea4e73f409fbf,0
3481,1326395100-dd26503f4736ea28c7dd53c9c8fb8df0,0
3481,1321486800-ae304017624a49cb69129bfd8d25172d,0
3481,1320778860-b8c4d64d8ffbd885aa858b0d6b543547,0
3481,1325628480-bf9a432eb4daeebf2c9acebba5c3b1ff,0
3481,1321236300-1008e29b6dc3c16044fe9c5c1f794009,0
3481,1323808620-962e864418ae9314505bb7d1dae7ba55,0
3481,1327700820-de8f33fef67b93067629af7983727a82,0
3481,1321165440-385e5a7ecc555f4b2e8fd9d31be8fb14,0
3481,1321202880-2281fcd1035d9595413c15170492663a,0
3481,1320857700-b86482578f348b183d585ad890bd1c1d,1
3481,1322440860-838c3040ab112b8f587748b7c2d85127,0
3481,1327913340-6378693ad8d58832974c9372979a86d1,0
3481,1326918360-98a70c1837ae0bd1da2d8f623ba957bb,0
3481,1321600620-985212e7288eeaefc8b456f7f722019f,0
3481,1322056320-8b29269d2e337ee9c98913d94a8738cf,0
3481,1324607220-8a6a0d834d1c39db0a5abb99dd9d7144,0
3481,1327389540-1368db568972af4ce773214bea38effc,0
3481,1322071860-ba9bfd21666123a800e7951e734a5026,1
3481,1324392480-d02d08143b99621df726d82bcfba5797,0
3481,1322543820-67336fafefd701b584b92995d66c66c3,0
3481,1326478440-d7ab2e9ca447f12bc22d09c87a17c7b6,0
3481,1322548500-6fa02f37d0b0b9705a047efa2aa3b858,0
3481,1327507860-79fd6c456d03681c73a21be9c51fabf1,0
3481,1325547060-cdaa1694b392de452464c44ad56fc7af,0
3481,1321985400-d0bd2c885789491a1e2e16794034194c,0
3481,1321504980-4b61827d74b00170a8a72458ba8e07a2,0
3481,1323160920-8de3f0d56bb171e87af0ae58fb795550,0
3481,1322319480-b32ee65308ac44b88b9ae150df708fe5,0
3481,1327576440-dcb8387736f84c1b7efffbdc47b4b699,0
3481,1325590620-8039fedfd65d092d83f85ba09a958ca7,0
3481,1327641240-4a02bbe36b414afe86d35c9ffe36c580,0
3481,1322994300-b2fad95716c0015099d4ee315844944a,0
3481,1325863920-a87ce541766c4564f777b73288bc4861,0
3481,1324865100-cad310c8f108141f96d26a82cdb0fc80,0
3481,1325607900-6276ab923420589da1887fd6c494cdcb,0
3481,1321259340-684c5949df9225155b129e455d622049,0
3481,1321237380-1567c9e8632fb15f9d4125b2ca206204,0
3481,1325927520-41fae4b92d0e390541411ddd45c0df1e,0
3481,1327966920-46f69db35d13583a1b4d3bbecafda915,0
3481,1327816620-819c06f6a7d1ece21558e4be139c0d40,0
3481,1323160920-dadb0c31f7bfdf6c9fb04cd018c90ca1,0
3481,1327649580-4e40854739d074ef743a4464d67d2fe9,0
3481,1322709900-41dcba97e0250c825b4db83098c040f2,0
3481,1324715220-fe4fa309112086268c167e69c7221c21,0
3481,1326784620-7ea15daef8543402c4bdb5e15fa20770,0
3481,1323076440-56d2edbea5d7ef2b1685cb7806cf3ee5,0
3481,1321657440-f28e23d543aec1f71fbbe5846596a557,0
3481,1324714740-4781304e2c6992e563297819402dc1df,0
3481,1323734460-b150c9e1d817f631b1a1396d4c9c8b70,0
3481,1327493340-54fdb4581018f2e7723128d9503c7965,0
3481,1325656680-9a4fa47058b26883801b8b6d97fcd3bc,1
3481,1324067160-da3cc9f9c36866546d4cfee7d1c573bd,0
3481,1325405700-4c05f589a5010b7954f1308a5884d557,0
3481,1325660520-76e7f62d5d44dad8d018a5d8166f2802,0
3481,1320630540-46f4531fd53a150d75b2e32cbd17d599,0
3481,1321165560-5b9f511dea0b62d507e1ce669431fcbd,0
3481,1324609500-8c55eb5a9c0653e253ab687b4f07a3e3,0
3481,1321494960-aaa41688992dba5a85ddbee51fa5845e,0
3481,1327923360-328d996526caef2e96ac585e02c4323f,0
3481,1322508420-99aca51f47e664d20d17e1103308998e,0
3481,1321988580-5c4b1b555cab2e99856cdebd03f3f589,0
3481,1327948200-6e46fcea82e0af0156b3bab38c559b61,0
3481,1324992780-ca55c265f2f7ae21419a882ed749a859,0
3481,1323596580-21f186d6c971d7925330a4e30143a25c,0
3481,1324392600-b99c48f7fb3e9c2512fcd76ba53801ff,0
3481,1324045800-c49de5ed6891b9299099306a8aa6d8f0,0
3481,1322378340-1bbb582fd2590baebb752b81ffa53bcc,0
3481,1323144300-5db189b0e3b7f8dba57b01a3ec104d8e,0
3481,1324965780-add52e87098d2df187edf966c5d02d41,0
3481,1326478440-fee748c9791559c9b5c23186655c6835,0
3481,1322485800-baa558bf453d0468faa01e2dd3359e91,0
3481,1320910440-37dd8a8ace1d88fc18d05f7bd4e2fa60,0
3481,1327804080-670085f485710865996a2c71e9b85282,0
3481,1320743220-34308a96e26160dbee1c0756480d4c50,0
3481,1321457940-63bc1dfbef68e50e36e17ec666a6ba2a,0
3481,1321259340-af4b58ed629c90c1dbecfd200be7116d,0
3481,1323699240-1086f6d3791c7775958f82ff59a51137,0
3481,1327576440-26c52d3e5cf3480259a8671d938e840b,0
3481,1327489680-392768011871a5d3210b6cc1fdd76a1d,0
3481,1324488960-a3f1763db5bfb96f7982fdaf781afa22,0
3481,1322856000-d0e20f8f016fac4c0db99d17a4abedb0,0
3481,1323353940-89c500878131d0737153f0127f2ebf98,0
3481,1322491500-28760ce0bacf2e3688a42246b6017761,0
3481,1327354680-fa2223986a709d9fc7659a464820c1d6,0
3481,1326995640-924ec35eb561f22bef5a2937d1cd974a,0
3481,1325883900-75ddbb53113a2837c0e55b3518785956,0
3481,1322733780-8b9f096a77d22039c714183e1bd18c00,0
3481,1323505380-ff3cc25a22a28f0c5a07577831cb2ae7,0
3481,1326146100-f8ce01565ff70f3440b106f946a7f735,0
3481,1322766120-761c4a4f55095f128a2036441e89dd3a,0
3481,1321285800-2ec146a6d593ff78d16e04d8172aa7c8,0
3481,1323696660-3bd5915dbad1a5bb1bf9fbd6b14cbbb7,0
3481,1323787680-88a631b28d9f15a9ae5b8b28ed7eab6e,0
3481,1321896900-8253ba00522a51430454c557d3125dc8,0
3481,1321084860-685594396cf27a58baed6eb3c99fe9ce,0
3481,1321842240-273c9e3a55fa8d6c7f666172061fa71d,0
3481,1324455120-ccc413d11680bb6dfad8146395740e4a,0
3481,1323129600-6b4cfdf28960abc747f4095d29bd934c,0
3481,1322006520-74ec99b6ecb39fd76bd625771ad98b6d,0
3481,1327309320-569437250498eaf9922d481bef4f6cc4,0
3481,1326079320-17f4e402a0f2352482ee3f2f8db0a076,0
3481,1323240300-2c6c2e3e3d956b0d3dfe8629ead9480a,0
3481,1320220560-f8c6e02c2444ab3d39e491f69d2fdab8,0
3481,1327219380-0652f16f2e66d070081eb660b777b534,0
3481,1320776400-55b680846c62116095bedf895c48e831,0
3481,1326361380-5a0ccbd10ce58adc4efbf4431d66d617,0
3481,1323430200-707398be9e391b397763278d31ca3a00,0
3481,1324037040-0ab51e9a34e29f0a99744f8b476cb3e6,0
3481,1320816960-cbf612b33278252e1971846a173b1aba,0
3481,1322461620-1ae185ae03ee0afc1ecd7448edce2e87,0
3481,1326909720-16ba04b52dd18cdd319203a35962639a,0
3481,1325609760-3daba117e8d20ddbb69543955fc42d6a,0
3481,1321458120-110e92a2d60b5587dca98d1a8aa109bb,0
3481,1321618140-7350bb35f368ce96873060590836caaa,0
3481,1327813320-aa89f273eb47e9042505b03b2167310e,0
3481,1320987600-3a80803abd021f6eae6106c930e39379,0
3481,1323729240-b1d0f68bd3d108f030040b2ea148142a,0
3481,1327862700-1204a828ef3ca278548e608aa16cc715,0
3481,1322287080-636c45f6a1145b0703fe06f05c6175d2,0
3481,1320893760-f8f4ecf05e6e6125d5dc6d1a5f3ccecd,0
3481,1327010340-4117d8f7a6d79c4e18a07a72764177a4,1
3481,1325043540-d1dddc918438ab39047925db9dc29318,0
3481,1326515400-30e5064ffa8ad15f096b6200f65809ba,0
3481,1327332000-d948ec34c658ebac5a147266b14b5d96,0
3481,1320464760-512b9e1b2d8770b7402c12fe42f5d3b6,0
3481,1322726940-b44d033ecb34b4237f9563d731b21158,0
3481,1326706440-967ceb7d22a8b0b9a3bd5fb0ec14f75e,0
3481,1325407260-d6fcb6e255c3ddc3a973c260900666fb,0
3481,1324045800-9c57564322fdfe0efa57ee1420f88a95,0
3481,1327617900-c888222c31f66ae25a66468b052fddb2,0
3481,1320674880-036b416dca3d438a79b369f4b1b6db24,0
3481,1324353240-69a8cd1bd7473356495d57addc411e39,0
3481,1325712600-24dd571520b2eddcb187b404e1dde13b,0
3481,1323755760-c710b8c815c4c7c4ac0692a3823a9ba9,0
3481,1325908560-f84c8da00bbafd4649e99f55561e46d8,0
3481,1321186920-894bf1189b169a5eabbb9b03e21bdfce,0
3481,1323293100-40a652de5f084c2a84eac9da7c314b69,0
3481,1326892740-285f4f326cb2d47a610d3fe212c711ff,0
3481,1320985560-86a6c88ac6f17ee25ae253f8761f6d99,0
3481,1325304960-ddee8294b40c0d6afda1a7f43aa69741,0
3481,1323669300-6869c62ad93f1370af95d8104836e0c6,0
3481,1325716380-88a72ee671234d691a034e93a7ad57ed,0
3481,1326966300-98f31e9073cea8cf9cfb159d92a89df3,0
3481,1325267040-2ad4257651312955ac5be5457c63621a,0
3481,1326901200-3b9a1371e1684dcf72f1026754a3f3f2,0
3481,1326869520-c16eadffbb9b1a49227be1743847c181,0
3481,1320950400-50fa170f98471d82ef186ca9c617bd9b,0
3481,1321368240-70fbb6bf8cb487a1fce6580934463bb1,0
3481,1326131580-d90bd33caad33c626e321f57f69a44b7,0
3481,1325246220-0d935fd67b0cc82c41e935a99d253558,0
3481,1322334180-bccb05e58185134ffec5165c7fbd01c8,0
3481,1326285960-11543cd7d51922871f22f3646585a9e2,0
3481,1327368240-07ab5bd07050b121878b40c740726f38,0
3481,1321951200-40cc7dfc43e89f633f24215185b226e6,0
3481,1323787980-18989dce1f41e5c087c7a07f4e06ac1e,0
3481,1322721000-3232afdfb1559e737bd0ec47cc97a16d,0
3481,1323169440-7673591b9a01754a5f4a302a173eebe2,0
3481,1321018440-0580ddb579752b1094b82fc1afcd9236,0
3481,1322544900-6d7a9e4b90b917ec4a33600f247b5051,0
3481,1325263860-cf9c4741a222a4b033dab99870365713,0
3481,1323189960-c53104f5636f93a517b3b7092b4e5227,0
3481,1326091080-dc2b6567d22508ac659cdcd8052740af,0
3481,1320990060-f153c09cdab6d5f16f3c27b704885c36,0
3481,1323268440-2745c20295ea9548b45fda88265b365d,1
3481,1323133260-6498aadb6a67ece4cf04f05b2bb56d7c,0
3481,1323210840-5a53949ec0521856f97c1f3b9a0b8ca0,0
3481,1322468640-bdec37afcb3ce18073e99d850922b9c0,0
3481,1326808020-df6eeac7ca19e0d0bf743dfd14724f32,0
3481,1322563620-0ebba49102051f0189c95c91fc5dac37,0
3481,1323457140-a7828e8cddbb9666e23751214a0d80d6,0
3481,1327195620-29002c6746387a1a139f62dc09bfb54c,0
3481,1325626320-dd2326adfd114be2507bc78e3c6a7806,0
3481,1322899980-3866313001c0207405fb014c577d27da,0
3481,1324045800-7b082e1d91d97f4483b3f1b5d26e022a,0
3481,1326232980-8eded4ae00dae7d0d9948cbbb4ea0b56,0
3481,1327971600-3c5e3233d9aa79d3e475da4006f0d5a2,1
3481,1326567780-362eb1d6464c51ab64774a9c08aef45c,0
3481,1321747380-2a9312af39af5ba289d916f8cf4022a7,0
3481,1325598420-51437752590113ff55bee26cdf5dfc85,0
3481,1320111060-6aca8668dfe70087769bfd060b62f255,0
3481,1323818400-3ba1ee4973474920cff0187a13f83427,0
3481,1323683400-8784312c2f3beda24044f08afe74af5e,0
3481,1327411980-b244760dcf6d467225328cd43a2d8f8a,0
3481,1323926220-393c6c295930bdc508eb7eed01d92dbd,0
3481,1327007820-18e4b12dc0c86285f215fd5b6c0b7d98,0
3481,1328029560-5fe39242b756f0152147f1e3dd75e2e3,0
3481,1320764880-bf65d0341d7d476d656291e97f5bd00b,0
3481,1327663980-b3bf4f0c82d770cf1e9c8d446cda3019,0
3481,1326529020-555bc3f43316677750b760e5bf4bcd04,0
3481,1324434120-0d9a1e02cd7580c1dc808f4d9b2ebd5f,0
3481,1323706020-b3eded310ec7a5cef40fca40e7b5b36d,0
3481,1327508160-8d63648cf737c770318af407355baa63,0
3481,1322139060-3ec78941c1cdb1fc6584fbf6183374b5,0
3481,1323834300-d66cd3591f84a6ddfd7c596682fd3b38,0
3481,1326463800-7501a9e4381053eb6ba15b83ff6848f6,0
3481,1327009320-6a6c12357907caf53827b2286517fd14,0
3481,1325624340-697893655b2a36c07c5c1366f7f77132,0
3481,1323864840-2f106ef584a796657aa5f4880af331e2,0
3481,1322478600-244428a17010a7da0d435fdf82cb81df,0
3481,1326972660-1240f5a045d41db0cd2853710673975e,0
3481,1323344580-5844101cd1610439c14d03c80f9e9325,0
3481,1325316540-598918d0b22c717b0650a75170407378,0
3481,1323750780-2aaf2adef84faffb10e73859a20cef41,0
3481,1323729660-6c047f3fe4db7a0c656fa4187801d235,0
3481,1327179900-6c1478a9787dc8c0e9933366553dfa1a,0
3481,1324368780-2184748b5e7a29ad7c75a5b76ee44cac,0
3481,1326905160-fa5022f5d47df7039d1ea8b89ded4bb9,0
3481,1327593660-a3de0a1437999aff5612be7d84dcf7a8,1
3481,1323379200-a1f4d5e858174afb84d344a6cf16bd4d,0
3481,1326285060-f8b50237d2fa711f50e45726105545b9,1
3481,1327110300-f38f7e051cb4aced0cc7be6e71b16f67,0
3481,1320686640-157a2e6e1501027afbe083d3caf8db36,0
3481,1322319480-dcb791241932fe0e89cb58c8be7f5c17,0
3481,1322118900-6e1a3e9e14f9a1bf541c70371fd1a28b,0
3481,1324344900-70a3ec8b60d0d568cf9301f693ba7237,0
3481,1324219920-707331e0eaa883f324fab6da250fc296,0
3481,1327059480-f43126410b596790f54158745c5de085,1
3481,1323750780-9dfe187312d26c82eba91d5cc183c509,0
3481,1327355100-4f7c2754b788263907f4c2503e084e83,0
3481,1327542780-41163642cc82c302169258e6c9b70403,0
3481,1323700440-c0ad9d3e21cec65c6455fc23c5cdb059,1
3481,1321603980-2a988ee40c485d577037bf8bb1410448,0
3481,1320423660-28212a6c4161728c70ea71824507efde,0
3481,1325164560-5270a7aa1a00e6ed534e96b758871997,0
3481,1326170220-07940f7e2969f8509769a4e24afa4c05,0
3481,1326922980-77289e793366274b86b0db0e6c70febd,0
3481,1326275160-53c807c2821d3e2b6a4c9f3ee0a6cb32,0
3481,1321777680-976aed9c053f0575131eaa0a524e818f,0
3481,1324801080-a1fa4b8d59070fac063633ad1b560dce,1
3481,1325429160-861e1e0ae7f9bfbdc4324db0b81c4a4c,0
3481,1327007940-dcfa7d05ed4f49a358654e8fd69fb8ed,0
3481,1325800200-d51e727204eac1e6a810dae4ed4d2bee,0
3481,1321296060-c31e0fc4901d1b508638e640e728c96c,0
3481,1325944620-3f4c4fc8b7c58a7722492a125172ac5f,0
3481,1327684740-956dabc9df0fecf6e3f4f10bdc19fcd1,0
3481,1323727680-acb4354e3a60d5b6f10fe8428d859ceb,0
3481,1327188780-096bbc1a7d87250020c08eb7992af7d7,0
3481,1321167660-9ca1cf849cf6681ff4681564fda13ff2,0
3481,1325596140-99bf58d81903e0ed0c098e1e017f290f,0
3481,1325146740-a76d01170c8838e075673b4027582d4b,0
3481,1327423020-131847dcf66f5cfb6ee511f2a990bcea,0
3481,1323787680-986c1b531c464dc482d42dd2859b3e25,0
3481,1323754020-bc9047948abf67f3d407bda5858e7cf1,0
3481,1326793140-75b3f973acd36b0a850453ff2a6ffb0d,0
3481,1321569120-2c263fcdbd77046df4493de6775ff3cb,0
3481,1326007860-18f6cc03f23fc100d25ad68f3981d00d,0
3481,1326428880-63f437cae2e103604aa332dc0541b2ea,0
3481,1324716000-fbb4111695351dd908d553a32202e7fc,0
3481,1327297320-aa975f676b66869b8a3eb6abdca365a9,0
3481,1327827840-7bd7a7c0306a2c73f23db1fb153b5eb3,0
3481,1321947120-14bdada1f5336c2cdc0410225ddab0d7,0
3481,1322854920-384d4d07cf6e0592718c8510742c1670,0
3481,1323755760-7b112c1359431c07c2780f2467093563,0
3481,1321721280-c887edd264db28375afe4a1a6161ed82,0
3481,1326969060-864861bb95b14c446a93bdce7568e1cd,0
3481,1327973940-46e927a745e7234ac1c88939f0b333e7,0
3481,1326388920-0a74c6b67b5cb5bf308f837e88853bfd,0
3481,1321556280-3047ea2a43071e64309de5957fa3cb6d,0
3481,1325814300-5f9a6a8f70a3cba3bca17e5dae4bc7d9,0
3481,1327332000-165c5489172d9dabc7f1e701bb1cd636,0
3481,1323354540-dad71c3bcc7001210649516f98f04908,0
3481,1327044240-cb812d1c17fb609f7a9de8ccd8c7ff4c,0
3481,1321334760-7eb19d00fb82596a366c43f740f75ae9,0
3481,1327809480-264fa642bf154e6bca6363a767ff09a5,0
3481,1325615580-63d53eb53bdd045a1749dbe8b64b68f7,0
3481,1321981380-3b30f93955e0aa3cf0b52916b066d5c0,0
3481,1321715400-f619c4e2e4304405fa73c636ab70d94c,0
3481,1321941900-3891444d3fd0d2e52f6b1517c6c1783d,0
3481,1320474840-413f48b7b33679ed534dd25c94b4055d,0
3481,1326061860-00115c5ce358a00a3df43097b07b7746,0
3481,1325526900-8c5806acb7265ed2d28c25aff51c5bdc,0
3481,1327189800-290350d5d0095230d3af0c3791cad9c6,0
3481,1321579260-a480b849a51d2b7fb991bc22707bef94,1
3481,1321595220-5125f8355d16c4a0d41b799a2ac98341,1
3481,1326402720-6442a2d7fe7b962abcd9d414e3d0bcfa,0
3481,1326310440-38d801525fb60a35045b53fdf8e7f301,0
3481,1323974940-65ba2ea09a1fcc98d8ce7e610dc85fd8,0
3481,1327835400-7392e3ece233cf3a91fdb44dc5bca2da,1
3481,1325905080-a52b4d483ba1043063a0f458e94ca67a,0
3481,1322978700-102dbe1270f0c81f62c7a1781f626804,0
3481,1326375780-b031896baca90807507f9f5ef4b41b50,0
3481,1322937060-249077ab29f30cac930382214a942bb2,0
3481,1324974000-24f6d4ca988f8717372dd2e9239f17dd,0
3481,1327133280-68733c61b31356ee4cc41c53901f98e1,0
3481,1323759180-0535dc26640193be6f55d845cb79f224,0
3481,1326605040-f4e1dcad6c702bcec01ad6fcd487d517,0
3481,1322735760-f0ff02677c4b9dc91ae50d0780185cf6,0
3481,1327626960-88a8b2b8db88885343626de5860b9292,0
3481,1324040160-443768ab72173459495b1f453550e905,0
3481,1327527120-574289150fd9b825c89686f6e29bb7a0,0
3481,1327886220-f21265cecb893f7f8702589c41ad0182,0
3481,1324045800-bb7b16a0006f482d7cc7fe888da6698c,0
3481,1321667520-211cee08ddbcbd9bdd3abe11ad1ed2e0,0
3481,1323754020-056429721e6eef066629f40257890a56,0
3481,1327800900-fb411c5a4206c91e96b014fda0e58dea,0
3481,1326549840-a1aecb8caab4ff812fae50e3c2d6d661,0
3481,1321378860-143f15c39d2f29817da9313c6b76b845,0
3481,1324045800-d303c1012f2aebec035c8efe1fade3ba,0
3481,1327827180-43769f356bc63e00b757a72a18248ff1,0
3481,1326356400-4614ce00e56984d7b1add066d3f6f358,0
3481,1327385520-a8fba0416628822f9c8a077651587a44,0
3481,1326601800-fad89b96c9b15dc1b596445dba451ea0,0
3481,1327787640-8ffc495a8665084baa991f39ad2651c4,0
3481,1324746000-3affe8faf4297b252e2b93fd5a4863e3,0
3481,1321032720-ad91f83ad0bdc7844c47346164b13afb,0
3481,1327437720-16d9b9de40dddb1c07c8d6bdbc046dd4,0
3481,1327701060-91c810fdfff66a3ac7c472af84c7232b,0
3481,1323766080-916c26e768507cfdf0b9890a4f2ab66f,0
3481,1326812880-3db9803972ef4b9fc1bddb0f059bba0d,0
3481,1321917180-f91cc4a70bc03bfb812742e91676960f,0
3481,1327695840-91d66ab32f51c809750128ff94a8b453,0
3481,1324045800-0e1e09133e1e0be24cba000b6f0bbcde,0
3481,1325407260-775fad611b5c9a59f19d2b6d9f36916c,0
3481,1327781940-4e1d6da1d37df182a64da91885521607,0
3481,1323681060-60b55f5eb7d8c65baaf03e5d159db6c0,0
3481,1327631760-ce405deae29d8e57fcc534d270fd54d2,1
3481,1327667760-dcc1ab25fd4c3ff68145b9b5ad99457e,1
3481,1324664160-7cf50f4edd3b4f0d8ea9879f69a91bf5,0
3481,1327672080-461d3c8a995e6ddf53fe7179068516c7,1
3481,1325716380-9025c0599eefc4e0df1e38d3b24c2f2c,0
3481,1325934540-1b898dfb12e809bee01cf1cba55f4d5d,0
3481,1327520760-38666aeb0f45207849cb810703afc0bd,0
3481,1321773120-ad8650119de45db2cb23760cba1fdb8c,0
3481,1327391880-fa50d84f4a3d3e5d1e23205269775f52,0
3481,1325402460-9f43be0addfc2794af589b06e28502a5,0
3481,1322531520-635a88cc26cbee7b4e5843c07cd0236e,0
3481,1326225600-05f03f6b4b0aab0140730f30636c1d91,0
3481,1326199020-90eafe87af56c031c55fdb99c44e8226,0
3481,1327568160-074835b369c5b47229439878cbc48063,0
3481,1324330500-ff906932fe04943772bb90adc008844d,0
3481,1321306080-1289979c17d913722d511a3acae77b65,0
3481,1322279040-d7dc84cafb9cd54fc33a5fcdbe0d696b,0
3481,1327828200-1d2f495ecaaf00b99de416362384a896,0
3481,1326998640-78ac626a72a2a14eaba36fad44a29568,0
3481,1325487480-4f8668f82980df89bc7a7a9234f7e48d,0
3481,1324715220-10934144657ea023dca01c60661ffa7b,0
3481,1327074540-44d73ede06981a26445d0fa3488c3ae1,0
3481,1322063340-fd3e1bd2774ebb5dd80268171bc26fd5,1
3481,1325925060-32f4555a5f1f093d7d3701ce8e065693,0
3481,1324045800-7c2921c32f40526c9ac1813949600e6b,0
3481,1321819980-64967a5be992e6364de30ffe15744c58,0
3481,1320744120-26d6f3a1814ede43a9faa177ca9542f8,0
3481,1326410700-19d9a3b3367560a85d538abda9f07953,0
3481,1320933300-2b0f0cd617fe45de05873c8daee3a339,0
3481,1326785220-ceb14d60f679a4684f8c041013b69bf9,0
3481,1323101160-5652f63af6fa95c4c120f3ee8393e662,0
3481,1322672220-f1fb042d6ea9ee3006fd8304ba9c3fb7,0
3481,1322696100-48fc4e73922ddc9991bd4bcddf886bee,0
3481,1326317100-a0e0b0df6e3abc8297a66b9b9c0d9ab7,0
3481,1324045800-654945faf319046829fb03e27594c28f,0
3481,1320564060-5c17d6e9d17f16b991f8a84c3bd7abfc,0
3481,1321543680-8dc5f7184f7e33e5429d672eb3287b5b,0
3481,1327973100-5e21d2a8c9cb879fa692a30f83694d93,0
3481,1322070660-b0fed2bbba60dbef012b17d340770f35,0
3481,1325303220-8cefb0d27e6583d891e194a33fc0d9ee,0
3481,1321549860-8ba75cd17e5fae53e11b86089c3645aa,0
3481,1320991080-b2362abe69f082f13dcce780eb8542ff,0
3481,1327337520-55f203441e54814558d9b0587598fd20,0
3481,1323968820-712d02d9631967cdede3357dae78168c,0
3481,1326725460-482139c5fad214f7e0f517239f17a30f,0
3481,1321652640-3674df4997126e9e505e55c2f370c30a,0
3481,1326291960-d4cf6831f4e95d1ef69d22a00fd94814,0
3481,1320498660-8787a7187b370dccab65a579c3066884,0
3481,1325789160-0a786d54023796e43f8618e90b3056dc,0
3481,1327036800-5b443f7443ec1155ff9f56f782c38ff1,0
3481,1326149700-16b8073c0d2f168a392209ae24a5a4df,0
3481,1326306420-c188963f092ea9b3bf8e02cb3f184627,0
3481,1323603060-21282b902e16008a1f5e7f9946963d05,0
3481,1320893760-c9ef5c18c766926d0febe4acd94b17fd,0
3481,1326409320-41ae0d8a4552fe5006efae6dca46e67c,0
3481,1323465840-1728a14ec5d060787dc7ed27607b95ae,0
3481,1321238640-6ecc2a32185bc09dbaad034d2c7d9ede,0
3481,1326496680-2f812b43b02e6f574784c3d8f77e2505,0
3481,1321326600-6f80e06b73975937f9300a9081c1d5c6,0
3481,1326182280-f62762ff2c401635debaf74508094bb0,0
3481,1322668500-651614a2a06600e5ca1b6fbac87b1757,0
3481,1321568400-6c58e5401742db0b0a03bd7bc97ec02a,0
3481,1320482580-fec11e0be78008e14dae5df00cd9dffc,0
3481,1327664640-d1b898fcbd40b8527cfea0590acd2f73,0
3481,1321202580-456dc6372578b9cf47ec54a6af3cb99c,0
3481,1323513180-acf2d12bb48db0a965ebf02db3a30e69,0
3481,1325887140-5b526d400125b1fe453c577e36fabf26,0
3481,1320619140-fc2ae6c32d802e3424429374f9c3ed14,0
3481,1326892200-f825e309690c92268aad50e3f9ec9ae6,0
3481,1320941940-ddeb4b67e6dfd491117ac597c242808d,0
3481,1327556880-ac09eaa58cd3fb7c41d63180e9ae810b,0
3481,1327701960-4950d137e6ac5d7be9b4f0f2fbda1f62,0
3481,1320754860-20123670f6fc72235ec91d892735fd9b,0
3481,1326082620-818871e42ae4f770538794c3caf5e374,0
3481,1327567620-44fef89f2d8d267cfd023648e6beceed,0
3481,1322720760-fea475508696f88ca355a01e2541e438,0
3481,1327261800-d7a9a11bf5b440c081aa7e573fe270c2,0
3481,1327339620-cb6ead61589e6b6de8c6f9b8f0b58098,0
3481,1326290820-c2a588b0e00a90c8da5440d536a604cc,0
3481,1323153000-1c844bc2312cdc3e2f8c47849b6619e3,0
3481,1326151980-655c6813c62815f935e5d2231ebdf83c,0
3481,1322104080-de312952317e2faf761e25ed5861e6b6,0
3481,1325635080-3124510e233422e4ed4325d3fc93561b,0
3481,1322601660-ca60dd11047872eef6778665e16a06bd,0
3481,1327855680-6b734792f62ed195fd40b6483851b24c,0
3481,1323086340-25ff9e7a60c2a6b91b67760bd21aae23,0
3481,1320991080-1272f99d502714fdfda7711da78d95d6,0
3481,1327618140-19b6e5c52769f77586b53702c8337a2c,0
3481,1321952100-bb98d950603da92eb00a4fa6ef422407,0
3481,1324045800-951e4a2fe60fae3871f0c114bf97e2fa,0
3481,1322333880-5298541510357124375c708b3526dad8,0
3481,1321422000-71bcda518c91191b9051d7ceb7e5914b,0
3481,1323788820-6afd9ebf51e7b7d94c5edb9530814744,0
3481,1322104080-3f9360f4155c6d944c7ea0f276bb4c33,0
3481,1326433320-cba6c6282f1729818c8eaca2fc67b281,0
3481,1322346720-143ace1bb3ac2e18be91242aad6124a3,0
3481,1327294560-ce7c0f74232610328b47d180516f4040,0
3481,1326889140-3ac71e358984747af237997e841010dc,0
3481,1323657300-a5ca231f3a49affd7aa3ed61bf75b398,0
3481,1326515400-b08d95f9d1de5dd9cda93f8b8bb086e1,0
3481,1324066080-01b15c108dfc4fe05a7c4be6ec24eb5e,0
3481,1326315120-74b09d15427dcdf974a3af8a306b188d,0
3481,1325011020-7a47218a525a91b0a7b2c94ff7204b56,0
3481,1325655180-3926c7c5bdbed8a6bb1b08fa45647e51,0
3481,1326941640-52a7da277fb74dbe6604cc5691fc4efa,0
3481,1326389460-dd3c7076368cf2af3f360a37a662567f,0
3481,1325146560-9df058baa9a52ba166317bbdb74915cf,0
3481,1326498180-9587b08fe0b55d3febfe977c5014baf2,1
3481,1326556740-c6c35a215a87ab9d5231055fd4f7ccae,1
3481,1324450320-2adb559323457c55ee3620169d1ee393,0
3481,1325896380-f0d7883a42e26181cf17282a7511e380,0
3481,1324315380-9e7482545349a15bc5e45aa64aef9a9e,0
3481,1326275280-9bc4e1552a2a9b71ea949e1a32e99d9a,0
3481,1321040880-bd301aef3caf4d77008562630ae88ebd,0
3481,1325744400-f836a6073f337cd1e3dc99415bbea74b,0
3481,1326298140-d081065ee35e9a4d62ee75983b95c21d,0
3481,1326145620-1fc6c0227a4a170dbc2776b47dfad4cc,0
3481,1327621320-1da610825585d0c7ce87f60f8533b4e2,0
3481,1325652120-7292a5cd06af7c98e620f5bb89aa4ce5,0
3481,1322889240-c8256f12c50559cb5d4fd5e2389902ab,0
3481,1320762840-b5c7da6e563084b2c91bb96975e4ba66,0
3481,1320476100-701a4413d4e8d54726b744779767a605,0
3481,1323216000-2b9bd7c30d322da2c3649ea173839b64,0
3481,1324020300-bb237741d9124354eab3b54c1c9ef1fb,0
3481,1321506840-da72323dd4db5c1f6dc6206f6fe16993,0
3481,1327532760-cce055cc1416f8f27ae416da5219b2ea,0
3481,1325666760-42245bb60d6a30920773fd3442972dcd,1
3481,1324181700-17746a323a1c21c8b8201c11630ed2e0,0
3481,1325853000-f7302b53881e2f4334cf94f1dfd43de4,0
3481,1326357720-248d3c88c99a6f362ffacdddba612fa4,0
3481,1324368120-32d3aad7f97a53d915628d7e2d76ac07,0
3481,1323780180-820e37b2c797bf53556d2cb053d0a069,0
3481,1326376740-de1f844ebf5362dca2a37cf4f4d2a54a,0
3481,1326495060-d9242da7ee96c227cd05b5678be18e6d,0
3481,1321006920-ca485134178ddafa8c8b255c782b86ea,0
3481,1322639760-512c1631e1a3455cbdccd8105f075b27,0
3481,1327653540-01faeb089107dfa14e5208d0fe1f82be,0
3481,1327394460-229360a4472738cbc81dfe19524ad89d,0
3481,1327706160-908da69dafe7b0feecb2564039a36fce,0
3481,1324044000-cdd7bd7f658c410918fa8dac71aa78e5,0
3481,1323755760-56238a6cdbab7c248fc0ab33f00f09e1,0
3481,1321669980-a18045c3409140b9545b6079337f77d0,0
3481,1324668480-71bf71f3407b22ad59a0ab6a2ec3cb64,0
3481,1322889360-ce9a6752dceb0329f78337da62f2528f,0
3481,1326919200-05b5067c38c1207f8da424810fbc27d8,0
3481,1324344480-8d8282827ef325454ad14507a8e20ca5,0
3481,1323769920-2f2f59f3175c475f80540246f61df77c,1
3481,1323208680-fb6a8b5638c11caaf3d51b7ad30d2c93,0
3481,1320918780-896881ed9b45c6e9fa0ef4a1c1550801,0
3481,1325436720-aabc92c13a0ad9e1b527e9151284fd5d,0
3481,1322009100-8c7247e5f5b682a63e943fdebbfbe101,0
3481,1327901640-41b50fbc906524c438855e27b97784de,0
3481,1325819820-cb2f951d5c2271b9d864145d16f4f22f,0
3481,1326776580-79fe6051e8426420f50af937561ed801,0
3481,1322536620-2a4610e89b6fc82fed8c9fcb25ce8b84,0
3481,1322671440-7a73215e6582db57ae09575616de9b7c,0
3481,1322578200-c3d3d0d116c6e5f25233bae174591e1d,1
3481,1322271840-2b1dc5a37d7b5851208ef5589a87407d,0
3481,1321244040-3f3755778a47459b80624f75ac945458,0
3481,1325295000-9fc49793d84150657e8e5888b622219c,0
3484,1324482780-b0240efe3f8e27cf444746cb572c88e7,0
3484,1321644060-fbb7f3f5672217bae891b9866a8d5ded,0
3484,1324980420-ccd09f23346e002fad549146975c4823,0
3484,1326341640-2eaa0f07f43aabd54dd7c6cb90b56f3e,0
3484,1321311780-4da89f5cb7f4808a639aff863b5521b3,0
3484,1320854580-d9fdda122efa5eaad301358fd657eaad,1
3484,1320698040-0bbc4221aaba924aed1cd5678fb4647b,1
3484,1320710040-83f7bd4314a649d9de1ee41dd74da047,1
3484,1320681840-c4665e03d5a9b26c4bec41aad50f5594,1
3484,1322067000-84d1a96732e13b1bcaf4366e96857408,1
3484,1322074740-f5f7d5a3267b10a02c79922328607161,1
3484,1322075640-8654bdaefe515773bd4202f8be97523c,1
3484,1322091120-ac24ab3bf3436075d20a0a9d9fdf3e50,1
3484,1322750400-1bed4c7a96615fe0beefd4b131c817c0,1
3484,1322749080-836606117f0f97bc141a41a3aecfd602,1
3484,1322372280-8dae06bb1fb421629c9f2bfc3dd827d2,1
3484,1322371800-79c25036f02e0aee9d9275780be60915,1
3484,1322063220-52af27440a1e84d78451b1e48f62ad97,1
3484,1322143800-17f8c4d801b6ceca9ab8fc965cc03943,1
3484,1320855540-a86098e611a9443323fb9ee56d784c73,1
3484,1320856680-4943da24f01849f194b0dafcaf913d29,1
3484,1320854880-9ffd5ec5721f44305412c7f89fc0f50f,1
3484,1322366460-6efc7f59905bf96364bf6ba3c2dad8cd,1
3484,1320763020-98a676ca8e573614fdb78da75db16e0b,1
3484,1320906600-901e45627e04fa3b218f98aedfe6c813,1
3484,1320880740-2c918be078e59f07bdb3ef17f071b0ac,1
3484,1322704740-40207b4608979c51f67fe82d99cc6e3d,1
3484,1322137860-bb621497fb3ef445ed4dd193ccdbf9a7,1
3484,1320877560-74e8f60440ca0126eefbec404d702962,0
3484,1321547820-228f803ba63733e8d6040cdde25515f6,0
3484,1321717920-ab845ab21652cb924fdfd2cbbdd8a575,0
3484,1320761460-3481bd1fa9b9541612dfa53b4adb873e,0
3484,1326682920-29544e177c20b0d0e0ae8e4499cce7dc,0
3484,1320127860-41a61f9f6e31f828a927919e36033780,0
3484,1321298040-b72fe43028fdfff757072e4d0e24372e,0
3484,1327474140-c880c99fa3f9204d5396fd2586748e18,0
3484,1326225600-8cf21e948d3c3a8f01858f3d925cbb94,0
3484,1323368160-02bd1001d67b7a63f003dc6ce1e5ef7a,0
3484,1324352520-610e24661326ffed15b3aac56e8ebd25,0
3484,1327370460-f85418022218c5ca42d01bee7384571e,0
3484,1326143280-d46aa3e430b16b69860af435d3df32f4,0
3484,1326211320-0318aa6345ca7d7c1faa6c17e307dbc6,0
3484,1324830780-18c2adb9a3c1e9fe9cdaadd9631fec2a,0
3484,1324000860-6d9d7760d8e7b56e1088a272f00cae99,0
3484,1322551440-de0041512903bc7e9360b5b3b77bbd11,0
3484,1320626880-4c553970c8ee469e4077791e88fd4383,0
