410,077143,1
410,137220,1
410,154957,1
410,154881,0
410,158606,1
410,158714,1
410,158948,1
410,162876,1
410,162882,1
410,191890,1
410,210361,1
410,168132,0
410,221429,1
410,153085,1
410,190778,1
410,190808,1
410,190827,1
410,202656,1
410,113520,1
410,127962,-1
410,164291,1
410,077421,1
410,162819,1
410,165747,1
410,076788,-1
410,241490,1
410,229631,1
410,010786,1
410,192558,1
410,018698,1
410,233148,0
410,173202,1
410,200051,1
410,237435,1
410,237419,1
410,176466,1
410,259841,1
410,237420,1
410,202248,1
410,173207,1
410,173213,1
410,173314,1
410,197039,1
410,165875,1
410,173216,1
410,225391,1
410,256880,1
410,225455,1
410,165743,1
410,257443,1
410,256965,1
410,257390,1
410,256970,1
410,257499,1
410,257503,1
410,256940,1
410,225396,1
410,256932,1
410,256116,1
410,257038,1
410,256893,1
410,165716,1
410,170618,1
410,256888,1
410,158185,1
410,256945,0
410,139392,1
410,138385,1
410,139475,1
410,173318,1
410,244910,1
410,286427,1
410,286424,1
410,184530,1
410,184518,1
410,184555,1
410,184556,1
410,184588,1
410,229488,1
410,221402,1
410,173650,1
410,255411,1
410,201220,1
410,227723,1
410,187255,1
410,232463,1
410,244305,1
410,258195,1
410,232476,1
410,187259,1
410,244319,1
410,244397,1
410,244416,1
410,165387,1
410,190852,1
410,244399,1
410,228971,1
410,221180,1
410,182488,1
410,160331,1
410,225781,1
410,225764,1
410,270798,1
410,173386,1
410,270967,1
410,270802,1
410,270801,1
410,173408,1
410,202805,1
410,271313,1
410,259514,1
410,211234,1
410,273262,1
410,269894,1
410,077888,-1
410,273216,1
410,287774,1
410,041905,1
410,049168,1
410,049176,1
410,028911,1
410,028946,1
410,087283,1
410,148787,1
410,148772,1
410,280219,1
410,112792,1
410,149142,1
410,099631,0
410,257937,1
410,257973,1
410,168888,1
410,156492,1
410,156493,1
410,176426,1
410,173326,1
410,156486,1
410,257365,1
410,270939,1
410,150878,1
410,151544,1
410,151305,1
410,151318,1
410,151306,1
410,176408,1
410,137856,1
410,137861,1
410,137821,1
410,137833,1
410,130177,0
410,165833,1
410,013783,0
410,253753,0
410,235789,1
410,173381,1
410,192655,1
410,259818,-1
410,273214,1
410,165837,1
410,171233,-1
410,276458,1
410,237403,1
410,273448,1
410,028877,0
410,257374,1
410,229348,1
410,257974,1
410,159852,1
410,173387,1
410,173389,1
410,008723,0
410,173412,1
410,279002,1
410,173398,1
410,156693,1
410,237434,1
410,257589,1
410,264027,1
410,173248,1
410,254610,1
410,173390,1
410,018787,1
410,192675,1
410,192663,1
410,198244,1
410,197756,1
410,206291,1
410,198025,1
410,263989,1
410,192677,1
410,273940,1
410,230344,1
410,243031,1
410,192678,1
410,258353,1
410,253813,1
410,230337,1
410,274760,1
410,230426,1
410,223497,1
410,192945,1
410,273575,0
410,253810,1
410,132873,1
410,132834,1
410,132868,1
410,113870,-1
410,224069,1
410,274997,1
410,275401,1
410,275486,1
410,275402,1
410,275171,1
410,274779,1
410,274733,1
410,274998,1
410,137316,1
410,265315,1
410,153792,1
410,043746,0
410,257138,1
410,274541,1
410,274711,1
410,274020,1
410,274680,1
410,275002,1
410,274744,1
410,256890,1
410,258140,1
410,266443,1
410,266069,1
410,265282,1
410,266362,1
410,265245,1
410,275076,1
410,266072,1
410,275078,1
410,265329,1
410,265224,1
410,260364,1
410,269048,1
410,193241,1
410,230428,1
410,275001,1
410,274685,1
410,257094,1
410,184158,1
410,275400,1
410,257361,1
410,274742,1
410,230335,1
410,275415,1
410,184192,1
410,195894,1
410,274678,1
410,274736,1
410,230340,1
410,274841,1
410,275395,1
410,274716,1
410,257302,1
410,274703,1
410,275416,1
410,274768,1
410,274757,1
410,257172,1
410,274762,1
410,275000,1
410,274732,1
410,274996,1
410,275403,1
410,274772,1
410,274662,1
410,274713,1
410,274658,1
410,257402,1
410,274734,1
410,275396,1
410,257307,1
410,274838,1
410,274727,1
410,264311,1
410,275062,1
410,257135,1
410,257920,1
410,274836,1
410,274570,1
410,256993,1
410,257415,1
410,275061,1
410,242333,1
410,275659,1
410,275399,1
410,274626,1
410,244873,1
410,247346,1
410,257370,1
410,275414,1
410,274764,1
410,275413,1
410,256987,1
410,274746,1
410,254519,1
410,210492,1
410,257455,1
410,275068,1
410,257134,1
410,247387,1
410,196063,1
410,274709,1
410,275006,1
410,274797,1
410,274635,1
410,242337,1
410,275069,1
410,173686,1
410,274014,1
410,275664,1
410,274820,1
410,173898,1
410,269074,1
410,274783,1
410,274786,1
410,274737,1
410,274706,1
410,193018,0
410,274684,1
410,270889,1
410,270981,1
410,275430,1
410,201672,1
410,274595,1
410,274579,1
410,274740,1
410,275135,1
410,274724,1
410,267401,1
410,275022,1
410,274712,1
410,274749,1
410,274640,0
410,274755,1
410,257110,1
410,256582,1
410,257320,1
410,274620,1
410,257321,1
410,256886,1
410,257454,1
410,256931,1
410,256889,1
410,257166,1
410,274719,1
410,274830,1
410,256892,1
410,274670,1
410,274815,1
410,264990,0
410,285304,1
410,002815,1
410,194742,1
410,274365,1
410,247415,1
410,257313,1
410,268961,1
410,201691,1
410,279055,1
410,275053,1
410,275275,1
410,275049,1
410,257117,1
410,275057,1
410,260380,1
410,275060,1
410,257161,1
410,257438,1
410,230355,1
410,158036,1
410,247309,1
410,257324,1
410,270881,1
410,274775,1
410,245033,1
410,226749,1
410,257393,1
410,274625,1
410,284330,1
410,279053,1
410,237009,1
410,244974,1
410,257157,1
410,247384,1
410,247028,1
410,269307,1
410,275163,1
410,173388,1
410,194745,1
410,275260,1
410,267334,1
410,171519,1
410,269611,1
410,275079,1
410,257140,1
410,257145,1
410,274777,1
410,274562,1
410,274871,1
410,154788,1
410,275081,1
410,268780,1
410,275071,1
410,266772,1
410,286426,1
410,257237,1
410,274701,1
410,197992,1
410,276653,1
410,274741,1
410,287546,1
410,267160,1
410,275283,1
410,279064,1
410,267238,1
410,269614,1
410,158186,1
410,247029,1
410,247385,1
410,253648,1
410,270935,1
410,283476,1
410,117133,1
410,061169,1
410,234066,1
410,234068,1
410,234114,1
410,127279,1
410,189917,1
410,274720,1
410,275080,1
410,276848,1
410,277428,1
410,163455,1
410,274667,1
410,250460,1
410,274778,1
410,234820,1
410,275857,1
410,173334,1
410,244973,1
410,173805,1
410,151313,1
410,267933,1
410,173330,1
410,278512,1
410,176308,1
410,284974,1
410,257023,1
410,197244,1
410,275472,1
410,206280,1
410,278684,1
410,137364,1
410,201531,1
410,173308,1
410,173200,1
410,162338,1
410,204674,1
410,194719,1
410,283447,1
410,201578,0
410,274962,1
410,266768,1
410,270993,1
410,270958,1
410,275026,1
410,201070,1
410,201148,1
410,257139,1
410,275137,1
410,274632,1
410,256982,1
410,197214,1
410,275038,1
410,061176,1
410,234111,1
410,274873,1
410,274585,1
410,014352,1
410,256867,1
410,244971,1
410,197205,1
410,141561,1
410,172953,1
410,274674,1
410,172954,1
410,274639,1
410,173329,1
410,150088,1
410,173315,1
410,153968,1
410,274739,1
410,190386,1
410,173415,1
410,153556,1
410,163129,1
410,276842,1
410,173397,1
410,166056,1
410,173257,1
410,275032,1
410,275398,1
410,275125,1
410,160610,1
410,259015,1
410,275292,1
410,276664,1
410,275521,1
410,275074,1
410,092046,0
410,198115,1
410,274573,1
410,071104,1
410,104277,1
410,154790,1
410,268960,1
410,270986,1
410,150202,1
410,172929,1
410,163126,1
410,116794,1
410,257502,1
410,173400,1
410,267124,1
410,269020,1
410,173347,1
410,263191,1
410,263187,1
410,276864,1
410,137374,1
410,153978,1
410,173411,0
410,176222,1
410,257218,1
410,234849,1
410,234835,1
410,210727,1
410,268674,1
410,268611,1
410,274366,1
410,173296,1
410,278640,1
410,162351,1
410,154126,1
410,267886,0
410,180978,-1
410,162356,1
410,268031,1
410,277919,1
410,276843,1
410,152397,1
410,256043,1
410,257168,1
410,255674,1
410,165820,1
410,154503,0
410,270987,1
410,197763,1
410,274633,1
410,238482,1
410,268678,1
410,161388,1
410,270775,1
410,231898,1
410,160616,1
410,173042,1
410,115568,-1
410,173588,0
410,259436,-1
410,266784,1
410,267989,1
410,274854,0
410,179398,1
410,052751,0
410,165398,1
410,273451,1
410,284985,1
410,280079,1
410,257805,1
410,257800,1
410,211766,1
410,268663,1
410,243640,1
410,154789,1
410,286423,1
410,272403,1
410,269246,1
410,257426,1
410,071106,1
410,172912,1
410,154802,1
410,104279,1
410,276861,1
410,019021,1
410,138253,1
410,154429,1
410,243634,1
410,002521,0
410,284832,-1
410,222055,1
410,192394,1
410,275485,1
410,270892,0
410,002622,1
410,257234,1
410,236111,1
410,204476,1
410,255652,1
410,257108,1
410,276906,1
410,230616,1
410,257678,1
410,256927,1
410,275581,1
410,079259,1
410,079258,1
410,196066,0
410,257167,1
410,275178,1
410,176421,1
410,059492,0
410,082641,1
410,244964,1
410,275583,1
410,280082,0
410,061214,1
410,198118,1
410,274566,1
410,275280,1
410,240271,1
410,211580,1
410,172878,1
410,173205,1
410,275033,1
410,152394,1
410,275070,1
410,235141,1
410,018867,0
410,173327,1
410,154764,1
410,176220,1
410,137242,0
410,167410,1
410,167409,1
410,154786,1
410,201059,1
410,173384,0
410,275738,1
410,244972,1
410,173275,1
410,273221,1
410,275121,1
410,154775,1
410,271110,1
410,154568,1
410,276700,1
410,221847,1
410,279771,1
410,278243,1
410,276002,0
410,271679,1
410,085631,1
410,196081,1
410,154771,1
410,085621,1
410,234413,1
410,153559,1
410,154836,1
410,008754,1
410,015744,1
410,163762,1
410,273426,1
410,257420,1
410,157915,1
410,154517,1
410,271601,1
410,127117,1
410,271304,1
410,173409,1
410,254994,1
410,175361,1
410,221887,1
410,154482,1
410,066491,-1
410,157679,1
410,154811,1
410,162056,1
410,154518,1
410,154749,1
410,274601,1
410,137302,1
410,154824,1
410,153573,0
410,175629,0
410,174422,1
410,172779,1
410,174423,1
410,174734,1
410,174407,1
410,257121,1
410,257498,0
410,230364,1
410,172767,1
410,152846,1
410,174625,0
410,153738,1
410,138290,1
410,276658,1
410,138236,1
410,138237,1
410,001552,1
410,154898,1
410,154490,1
410,154958,1
410,154902,1
410,155031,1
410,154845,1
410,154591,1
410,141321,0
410,164091,1
410,176221,1
410,240284,1
410,273250,1
410,000106,1
410,256447,1
410,173331,1
410,154427,1
410,005411,1
410,198889,1
410,190644,1
410,199042,1
410,199096,1
410,199044,1
410,198024,1
410,199069,1
410,149983,1
410,159003,1
410,159004,1
410,221656,1
410,116876,0
410,152276,1
410,154756,1
410,154826,1
410,138763,0
410,221581,1
410,107772,1
410,107759,1
410,256938,1
410,221637,1
410,276992,1
410,221981,1
410,137288,1
410,169647,1
410,051011,1
410,273639,0
410,206269,1
410,119254,1
410,257174,0
410,138289,0
410,172886,1
410,173253,1
410,005116,0
410,278540,1
410,278386,1
410,188101,1
410,275491,1
410,267629,1
410,276808,1
410,277173,1
410,173190,0
410,025296,1
410,193948,0
410,276593,1
410,264989,1
410,276357,1
410,242016,-1
410,275805,1
410,275212,0
410,012750,1
410,031546,-1
410,264858,1
410,264860,0
410,162782,1
410,117120,1
410,273305,1
410,153749,1
410,158321,1
410,075049,0
410,173903,1
410,158453,1
410,268762,1
410,282864,1
410,201954,1
410,154734,0
410,161847,1
410,229438,1
410,230363,1
410,137293,1
410,213213,1
410,278702,1
410,025714,1
410,271591,1
410,208447,-1
410,211767,1
410,274627,1
410,257672,1
410,276996,1
410,151545,1
410,151310,1
410,276716,1
410,276660,1
410,147163,0
410,276677,1
410,158450,0
410,277175,1
410,160962,1
410,277900,1
410,271054,1
410,278785,1
410,276360,1
410,276971,1
410,276567,1
410,276339,1
410,276381,1
410,276358,1
410,276659,1
410,276715,1
410,276359,1
410,271391,1
410,275365,1
410,276668,1
410,276338,1
410,034166,0
410,276649,1
410,277063,1
410,201390,0
410,271322,1
410,277742,1
410,271509,1
410,278383,1
410,278844,0
410,172896,1
410,277316,1
410,277000,1
410,126152,1
410,014603,1
410,276678,1
410,285653,1
410,173413,1
410,170135,-1
410,271059,1
410,276379,1
410,274600,0
410,276667,1
410,276749,1
410,274016,1
410,281936,1
410,156124,1
410,225780,1
410,010552,1
410,167407,1
410,277227,1
410,270954,1
410,277030,1
410,276822,1
410,276939,1
410,271015,1
410,271044,1
410,277003,1
410,271116,1
410,277226,1
410,271032,1
410,271036,1
410,277067,1
410,277004,1
410,276825,1
410,275350,1
410,276651,1
410,273961,1
410,273387,1
410,277008,1
410,270977,1
410,278538,1
410,278569,1
410,278532,1
410,276849,1
410,273936,1
410,276945,1
410,271077,1
410,276742,1
410,275366,1
410,223665,1
410,275422,1
410,276778,1
410,275349,1
410,279059,1
410,275362,1
410,279051,1
410,277745,1
410,278637,1
410,276642,1
410,279065,1
410,154481,1
410,276782,1
410,276744,1
410,278616,1
410,277211,1
410,278548,1
410,276844,1
410,278606,1
410,276689,1
410,278621,1
410,270948,1
410,278584,1
410,276733,1
410,276566,1
410,277228,1
410,276917,1
410,276380,1
410,222521,1
410,271301,1
410,277210,1
410,276748,0
410,271076,1
410,278407,1
410,270979,1
410,270953,1
410,278632,1
410,270999,-1
410,277229,1
410,276926,1
410,277133,1
410,270994,1
410,278603,1
410,271080,0
410,225395,1
410,164369,1
410,225454,1
410,173561,1
410,043658,0
410,153725,1
410,268176,1
410,170538,1
410,154729,0
410,276762,1
410,278391,-1
410,154131,1
410,152398,1
410,224392,1
410,281038,1
410,278559,1
410,276801,1
410,223961,1
410,194602,1
410,224061,1
410,194590,0
410,154632,1
410,277312,1
410,270992,1
410,132716,1
410,220748,1
410,264799,1
410,221903,1
410,155167,0
410,224160,1
410,271053,1
410,224172,1
410,224023,1
410,225787,1
410,270951,1
410,201142,1
410,276713,1
410,276989,1
410,174650,0
410,269168,1
410,156351,1
410,127264,1
410,197993,1
410,279422,1
410,050317,1
410,116046,0
410,276997,1
410,178268,1
410,273246,1
410,138605,0
410,271508,1
410,278550,1
410,271406,1
410,164138,0
410,276672,1
410,276663,1
410,277615,1
410,167061,-1
410,198157,1
410,153571,1
410,275509,1
410,271106,1
410,271124,1
410,198101,1
410,275594,1
410,153558,1
410,282013,1
410,154671,1
410,187194,-1
410,219293,1
410,115637,-1
410,060002,-1
410,133162,1
410,282011,0
410,277315,1
410,173307,1
410,274807,1
410,277209,1
410,276863,1
410,286643,1
410,050954,-1
410,158332,0
410,061057,0
410,278547,1
410,278409,1
410,284161,1
410,272193,1
410,225946,1
410,276727,1
410,285410,-1
410,271374,1
410,084131,-1
410,153535,1
410,276728,1
410,271058,1
410,276734,1
410,276729,1
410,132816,1
410,176738,1
410,276654,1
410,277208,1
410,278629,0
410,026175,-1
410,270957,1
410,273374,1
410,271706,1
410,275884,1
410,277236,-1
410,255673,0
410,280041,0
410,282846,1
410,282847,1
410,162669,-1
410,285989,1
410,277681,1
410,272190,1
410,278462,1
410,271065,1
410,277132,1
410,275363,1
410,182637,1
410,176735,1
410,176695,1
410,176693,1
410,176733,1
410,176731,1
410,182631,1
410,276656,1
410,148992,1
410,274574,1
410,156494,0
410,264030,-1
410,198415,1
410,230626,1
410,276384,1
410,276573,1
410,137365,1
410,198455,1
410,278182,0
410,154538,1
410,274605,0
410,277212,1
410,114650,1
410,278839,1
410,278458,0
410,239594,1
410,028621,1
410,028636,1
410,269547,1
410,130303,0
410,277292,-1
410,154574,1
410,278734,1
410,002932,0
410,173362,0
410,274463,1
410,274473,0
410,201580,0
410,132796,1
410,154672,0
410,127063,-1
410,152231,0
410,276650,1
410,276739,1
410,276741,1
410,239343,1
410,276927,1
410,276738,1
410,276565,1
410,276736,1
410,234736,1
410,234744,1
410,278790,0
410,276732,1
410,278385,-1
410,283477,1
410,283448,1
410,275704,1
410,138292,0
410,153125,0
410,276731,1
410,276725,1
410,277413,1
410,277314,1
410,270974,1
410,271073,1
410,276740,1
410,276723,1
410,015890,1
410,158972,1
410,278615,1
410,277466,1
410,271627,1
410,277517,1
410,278561,1
410,278611,1
410,278798,1
410,276724,1
410,276726,1
410,273826,-1
410,265147,0
410,276750,0
410,276641,1
410,276767,1
410,136199,1
410,187276,1
410,271007,1
410,219286,1
410,202961,0
410,277516,1
410,170523,1
410,274617,1
410,154763,1
410,286714,1
410,286782,1
410,286809,1
410,187815,1
410,003817,0
410,153969,1
410,137300,0
410,187805,1
410,159076,1
410,159062,0
410,160865,1
410,253812,1
410,275151,1
410,274754,0
410,226069,1
410,278683,-1
410,154831,1
410,177571,1
410,177565,1
410,154067,1
410,154130,0
410,016720,1
410,132795,1
410,161146,1
410,225901,1
410,225752,1
410,223899,0
410,276735,1
410,154843,1
410,154575,1
410,127960,-1
410,276648,1
410,276006,0
410,175623,0
410,154823,1
410,272869,-1
410,154489,0
410,094306,-1
410,174628,0
410,278800,0
410,075568,-1
410,016029,1
410,257127,1
410,154813,0
410,154504,0
410,278370,-1
410,257128,1
410,257122,1
410,052939,-1
410,261243,0
410,177920,1
410,286649,-1
410,005083,0
410,153126,0
410,146893,1
410,080115,-1
410,199068,1
410,281889,-1
410,278551,1
410,028050,-1
410,277265,1
410,223479,1
410,270058,0
410,048718,1
410,253359,0
410,257207,1
410,136165,-1
410,118933,0
410,084078,-1
410,154516,0
410,083336,0
410,276737,1
410,148545,0
410,157893,1
410,227697,-1
410,009631,-1
410,163614,0
410,201499,0
410,153052,1
410,257401,1
410,154173,1
410,154809,1
410,150568,-1
410,174697,1
410,274624,1
410,030768,-1
410,257377,0
410,265152,0
410,199440,-1
410,140626,0
410,230065,1
410,019032,1
410,277051,1
410,277974,1
410,275764,1
410,054866,-1
410,278822,0
410,154514,-1
410,285118,0
410,276661,0
410,005154,0
410,150125,1
410,201533,0
410,150117,1
410,172910,-1
410,265593,0
410,276965,1
410,286808,1
410,277134,1
410,276860,1
410,055104,-1
410,277968,1
410,277388,-1
410,286781,1
410,177038,-1
410,018494,-1
410,174863,1
410,147090,0
410,276747,0
410,212649,-1
410,192572,1
410,174874,1
410,082639,0
410,156516,0
410,178648,1
410,178763,1
410,178769,1
410,178787,1
410,126676,0
410,168532,1
410,168489,1
410,168502,1
410,168501,1
410,277484,-1
410,162815,1
410,181199,-1
410,223948,0
410,173420,1
410,268954,1
410,268944,1
410,269036,1
410,269602,1
410,269465,1
410,276757,0
410,154768,-1
410,151781,-1
410,274592,1
410,161356,1
410,275039,0
410,158430,-1
410,275483,-1
410,264518,-1
410,097334,-1
410,285691,-1
410,161176,1
410,196459,1
410,132570,0
410,190777,1
410,153710,1
410,154522,1
410,259539,-1
410,138325,0
410,167062,-1
410,154655,1
410,154793,0
410,154569,0
410,090619,-1
410,270902,-1
410,275030,0
410,161303,1
410,276950,0
410,052637,1
410,052775,1
410,043294,1
410,154466,-1
410,117290,1
410,117377,0
410,152236,0
410,048617,0
410,154842,0
410,215966,0
410,234213,0
410,089059,-1
410,193971,0
410,115543,-1
410,265641,-1
410,256411,0
410,137311,0
410,267885,0
410,126982,-1
410,050206,-1
410,284804,-1
410,275251,-1
410,038491,-1
410,277074,0
410,142066,0
410,163754,-1
410,155576,1
410,211649,-1
410,157887,1
410,278915,0
410,165395,0
410,285953,1
410,263045,-1
410,028947,0
410,046860,-1
410,153988,0
410,254903,0
410,175605,0
410,272328,0
410,273903,1
410,273888,0
410,220586,-1
410,283697,-1
410,076758,1
410,083335,-1
410,069044,0
410,276891,0
410,119892,1
410,005462,0
410,277283,0
410,209438,-1
410,084306,-1
410,278714,0
410,164220,0
410,115973,1
410,242341,1
410,075229,-1
410,055952,-1
410,177971,1
410,117478,0
410,030131,0
410,259699,0
410,274805,1
410,278847,0
410,162825,0
410,149339,-1
410,278079,-1
410,276679,0
410,170134,-1
410,253389,0
410,208667,-1
410,131405,-1
410,264926,-1
410,005767,1
410,120384,1
410,120026,0
410,287859,0
410,193183,0
410,141975,1
410,278801,0
410,120002,0
410,171566,1
410,171555,1
410,221742,-1
410,274609,1
410,265634,0
410,046872,-1
410,092982,0
410,194563,0
410,276657,-1
410,188439,0
410,278641,0
410,158330,0
410,004699,0
410,226475,1
410,226400,1
410,249593,-1
410,277027,-1
410,278489,1
410,278480,1
410,278810,0
410,151824,-1
410,141878,0
410,280043,1
410,280084,1
410,280025,1
410,278917,1
410,279770,1
410,279031,1
410,280023,0
410,004324,0
410,046245,-1
410,264029,-1
410,143106,-1
410,239261,0
410,064332,1
410,011283,-1
410,271367,-1
410,274801,1
410,275031,0
410,163757,-1
410,277131,1
410,006987,-1
410,277158,-1
410,055943,-1
410,279054,0
410,175742,0
410,141362,0
410,164146,0
410,222099,-1
410,226743,-1
410,003175,-1
410,028878,0
410,274144,-1
410,259194,0
410,153712,1
410,278809,0
410,190549,0
410,256586,1
410,256583,1
410,280698,0
410,226727,-1
410,272303,1
410,021908,-1
410,050784,-1
410,077412,-1
410,150888,0
410,193508,-1
410,270778,-1
410,234554,-1
410,279038,-1
410,216777,-1
410,287936,0
410,242335,0
410,185552,-1
410,138735,0
410,162834,0
410,225962,-1
410,154834,0
410,276662,1
410,276671,1
410,170000,-1
410,194727,1
410,284721,-1
410,256326,1
410,252619,-1
410,140539,0
410,234211,0
410,256042,0
410,025713,0
410,002315,1
410,167454,1
410,167453,1
410,167445,1
410,154068,1
410,086858,-1
410,154633,1
410,271071,1
410,172677,-1
410,194282,-1
410,052830,-1
410,063302,0
410,154835,0
410,259000,-1
410,055141,-1
410,278094,-1
410,276673,0
410,272824,-1
410,226748,0
410,039762,-1
410,173937,-1
410,154656,0
410,148555,0
410,272870,-1
410,077570,-1
410,027386,-1
410,276130,-1
410,131280,-1
410,192917,1
410,192924,1
410,202434,0
410,122070,-1
410,192940,1
410,192994,0
410,196879,0
410,142249,0
410,166970,-1
410,029052,0
410,161626,-1
410,172893,1
410,264246,-1
410,255600,-1
410,278806,0
410,178083,1
410,030041,0
410,275886,-1
410,226612,0
410,120035,0
410,157240,-1
410,253852,-1
410,274460,0
410,276944,-1
410,003811,-1
410,171104,-1
410,278745,0
410,135060,-1
410,270299,-1
410,177885,0
410,053096,-1
410,059556,-1
410,264409,0
410,034532,-1
410,150879,0
410,038377,0
410,154454,0
410,164110,0
410,127584,-1
410,115577,-1
410,057028,-1
410,160274,-1
410,196065,1
410,187232,1
410,153679,-1
410,242340,0
410,229334,0
410,274607,0
410,193016,1
410,192920,1
410,256415,-1
410,224175,-1
410,179947,-1
410,075833,-1
410,016635,1
410,239252,0
410,171001,-1
410,168289,0
410,278169,0
410,087129,0
410,193077,0
410,153458,0
410,272619,-1
410,226863,-1
410,121829,0
410,279798,-1
410,051079,-1
410,136175,-1
410,278404,-1
410,045294,0
410,129556,0
410,142075,0
410,275397,0
410,277300,-1
410,223701,1
410,223714,0
410,199783,-1
410,166971,-1
410,113812,0
410,269943,-1
410,043180,0
410,154798,0
410,274469,0
410,230826,-1
410,005079,0
410,259792,-1
410,154524,0
410,256041,-1
410,273188,-1
410,094839,-1
410,289273,-1
410,082421,-1
410,253443,0
410,234518,-1
410,171499,-1
410,142186,0
410,041667,0
410,263044,-1
410,272833,-1
410,172888,0
410,273428,-1
410,162856,1
410,162860,1
410,280080,0
410,167223,0
410,064481,-1
410,162905,0
410,193002,1
410,152230,0
410,274636,1
410,275890,-1
410,050675,-1
410,042033,-1
410,224024,-1
410,274568,1
410,156647,1
410,156642,1
410,278374,-1
410,219622,1
410,219643,1
410,192463,0
410,024543,1
410,226411,1
410,204806,1
410,226516,1
410,205411,1
410,115542,-1
410,257397,-1
410,224086,-1
410,177035,-1
410,270004,-1
410,086461,-1
410,101407,1
410,005989,-1
410,260232,-1
410,259853,-1
410,226737,-1
410,087281,1
410,087144,0
410,052752,-1
410,056025,-1
410,259437,0
410,173335,1
410,118467,0
410,277846,-1
410,128527,1
410,141319,0
410,018043,0
410,158560,1
410,056666,1
410,041956,1
410,076483,-1
410,237567,-1
410,083149,-1
410,013690,-1
410,142229,-1
410,052380,-1
410,211124,-1
410,136877,0
410,269574,-1
410,042250,0
410,008477,-1
410,253954,-1
410,055462,0
410,083072,-1
410,154588,-1
410,227018,-1
410,157243,-1
410,163027,-1
410,140432,-1
410,017340,0
410,075709,-1
410,276751,0
410,164133,-1
410,202133,-1
410,274604,0
410,211562,0
410,242006,-1
410,083906,-1
410,025689,-1
410,237564,-1
410,060666,-1
410,042283,-1
410,017209,-1
410,275010,-1
410,004998,-1
410,048779,-1
410,154758,0
410,224427,-1
410,270533,-1
410,179953,0
410,061305,-1
410,059428,-1
410,173874,-1
410,156489,-1
410,092089,1
410,223905,-1
410,177701,-1
410,171250,-1
410,167024,-1
410,058899,-1
410,055940,-1
410,001007,-1
410,052825,0
410,156498,-1
410,191235,-1
410,265074,-1
410,252220,0
410,278675,-1
410,002819,1
410,229076,0
410,048397,1
410,009650,-1
410,126217,0
410,277318,0
410,133417,0
410,168262,-1
410,276670,-1
410,009932,-1
410,253712,-1
410,138674,1
410,138652,1
410,015137,-1
410,020555,-1
410,181744,1
410,003004,-1
410,138624,1
410,267463,-1
410,174499,-1
410,254380,0
410,162276,-1
410,040992,-1
410,133857,1
410,217726,-1
410,271924,0
410,163980,-1
410,140430,-1
410,136363,0
410,280042,0
410,242115,-1
410,226620,0
410,225413,-1
410,191185,1
410,219675,1
410,219727,0
410,269057,-1
410,056491,-1
410,227908,-1
410,234419,0
410,155388,-1
410,067501,1
410,204018,-1
410,285405,-1
410,062247,-1
410,264028,-1
410,023023,-1
410,275492,0
410,101970,0
410,167023,-1
410,046392,-1
410,058756,0
410,275477,-1
410,224174,-1
410,270532,-1
410,001945,-1
410,053082,-1
410,260981,0
410,158934,0
410,275056,1
410,129663,-1
410,052573,-1
410,224193,-1
410,275059,1
410,275052,1
410,154457,0
410,265934,-1
410,266840,0
410,109805,-1
410,253444,0
410,137526,-1
410,267991,-1
410,257181,0
410,180025,0
410,113550,-1
410,174765,-1
410,003953,-1
410,055041,-1
410,138676,-1
410,146859,-1
410,228789,-1
410,274307,-1
410,225837,-1
410,226370,-1
410,252746,-1
410,289398,1
410,289397,-1
410,179031,-1
410,185504,0
410,014208,1
410,168261,-1
410,237522,-1
410,056024,-1
410,126226,1
410,128670,0
410,128671,1
410,126341,1
410,126358,0
410,015398,0
410,154465,-1
410,096686,-1
410,034330,-1
410,268139,1
410,234721,-1
410,090058,-1
410,206687,1
410,052406,1
410,025565,-1
410,238299,0
410,101298,1
410,254248,1
410,093474,0
410,254378,0
410,280693,0
410,135044,-1
410,253517,0
410,229492,-1
410,138750,-1
410,099546,-1
410,189844,-1
410,162906,0
410,096997,-1
410,192948,1
410,211409,-1
410,010142,0
410,158551,0
410,253674,-1
410,087104,-1
410,115564,-1
410,140982,-1
410,063509,-1
410,274432,0
410,039691,-1
410,263402,-1
410,285750,1
410,229088,-1
410,275351,-1
410,157141,-1
410,224460,-1
410,276746,-1
410,279471,0
410,276138,-1
410,064914,-1
410,226703,-1
410,006382,-1
410,079291,-1
410,278851,1
410,228848,-1
410,153325,-1
410,193603,-1
410,119368,-1
410,280024,1
410,280083,0
410,278916,1
410,242008,0
410,211511,0
410,278479,0
410,265456,0
410,174689,-1
410,275048,1
410,282400,-1
410,274966,-1
410,052488,1
410,263900,0
410,141648,0
410,031559,-1
410,019312,0
410,023325,0
410,057552,-1
410,259444,0
410,257087,-1
410,277493,-1
410,243639,0
410,228623,-1
410,230831,-1
410,052664,0
410,237578,-1
410,272169,1
410,272001,1
410,272128,1
410,272129,1
410,271283,-1
410,270358,-1
410,271895,0
410,023581,-1
410,188217,-1
410,281688,-1
410,135702,-1
410,270273,-1
410,271388,-1
410,119948,-1
410,192428,0
410,157361,-1
410,222194,-1
410,045271,-1
410,087259,0
410,052676,-1
410,219135,-1
410,046832,-1
410,118644,-1
410,242018,0
410,289383,-1
410,277838,-1
410,130159,0
410,097554,0
410,115787,-1
410,179277,-1
410,234651,-1
410,173738,-1
410,013475,-1
410,276596,0
410,277146,-1
410,280542,0
410,289157,-1
410,074750,-1
410,119187,0
410,117284,0
410,019858,-1
410,254390,0
410,024748,-1
410,063605,0
410,004453,-1
410,227706,-1
410,259445,0
410,137200,0
410,143623,-1
410,201969,-1
410,271834,0
410,141847,-1
410,228851,-1
410,180300,-1
410,253522,0
410,288280,-1
410,153745,0
410,273756,-1
410,136373,-1
410,179590,0
410,151827,-1
410,006817,-1
410,069830,-1
410,276765,-1
410,274449,0
410,078190,-1
410,015215,0
410,005582,-1
410,278376,-1
410,226722,-1
410,154141,-1
410,118921,1
410,004690,1
410,118470,0
410,118930,0
410,005082,0
410,273986,-1
410,229093,-1
410,156569,-1
410,117915,-1
410,193602,-1
410,077336,-1
410,230837,-1
410,038100,0
410,082722,-1
410,226693,-1
410,259536,-1
410,004880,0
410,274945,-1
410,253523,-1
410,152826,0
410,265621,-1
410,056237,-1
410,277972,0
410,114937,0
410,280039,-1
410,199302,-1
410,141776,-1
410,134632,-1
410,253072,1
410,079567,-1
410,009675,1
410,122090,1
410,094328,1
410,216295,1
410,253057,-1
410,084271,-1
410,271351,-1
410,064463,-1
410,117191,-1
410,005040,1
410,119432,1
410,119234,0
410,119292,0
410,010106,0
410,007158,1
410,157370,0
410,028149,-1
410,014176,0
410,265165,-1
410,284623,-1
410,009493,-1
410,175084,-1
410,188085,-1
410,146855,-1
410,152361,1
410,193906,-1
410,231427,-1
410,234653,-1
410,135737,-1
410,010632,-1
410,276887,-1
410,007152,0
410,033346,-1
410,158357,-1
410,221235,-1
410,271393,-1
410,264023,-1
410,161192,0
410,162308,-1
410,004832,-1
410,278671,-1
410,151491,-1
410,029315,0
410,275427,-1
410,227876,0
410,279044,-1
410,059388,-1
410,182324,-1
410,265153,-1
410,163510,-1
410,038268,-1
410,261534,-1
410,193258,0
410,223835,0
410,229098,-1
410,270298,-1
410,224192,-1
410,202002,-1
410,284627,-1
410,234531,-1
410,116051,-1
410,079288,-1
410,186574,-1
410,006449,1
410,260251,-1
410,263398,-1
410,179664,-1
410,268108,-1
410,061261,-1
410,226690,-1
410,013610,-1
410,228863,-1
410,224122,-1
410,115274,0
410,118764,-1
410,130055,-1
410,270530,-1
410,010245,-1
410,223845,-1
410,010778,-1
410,128110,-1
410,006794,0
410,236762,-1
410,152247,0
410,257158,0
410,204667,-1
410,052404,-1
410,024639,-1
410,051034,-1
410,127583,-1
410,151783,-1
410,114649,-1
410,171500,-1
410,269253,-1
410,264022,-1
410,084075,-1
410,180182,-1
410,234525,-1
410,257113,-1
410,279261,-1
410,277310,0
410,191138,-1
410,107854,1
410,107906,1
410,255347,0
410,217853,-1
410,007460,0
410,271350,-1
410,231949,-1
410,156568,-1
410,254382,0
410,226371,-1
410,281406,-1
410,154821,-1
410,135961,-1
410,138745,0
410,176452,-1
410,228938,-1
410,227126,-1
410,274509,-1
410,046387,-1
410,221354,0
410,128248,-1
410,153326,-1
410,286997,-1
410,009361,0
410,259710,0
410,137682,-1
410,163899,-1
410,136189,-1
410,137121,-1
410,058336,-1
410,120269,-1
410,164101,-1
410,025019,-1
410,084663,0
410,261022,0
410,027846,-1
410,237483,-1
410,154547,-1
410,109872,-1
410,275199,-1
410,238297,-1
410,129737,-1
410,225759,-1
410,222189,-1
410,252221,0
410,277290,-1
410,078122,-1
410,234534,-1
410,287106,-1
410,136950,-1
410,181288,-1
410,004044,-1
410,042379,-1
410,192915,1
410,097888,-1
410,257594,-1
410,117180,-1
410,138049,-1
410,228276,-1
410,071311,-1
410,274868,-1
410,113730,-1
410,219610,0
410,088605,-1
410,278765,-1
410,075191,-1
410,057324,0
410,270952,1
410,006818,-1
410,053853,-1
410,119455,0
410,256422,-1
410,009649,-1
410,096931,-1
410,004678,0
410,285320,1
410,278170,0
410,278184,0
410,283188,1
410,289388,-1
410,273556,-1
410,104544,0
410,163471,0
410,261746,0
410,052577,-1
410,083775,-1
410,167696,-1
410,141793,-1
410,012942,-1
410,223813,0
410,289345,-1
410,012069,0
410,271588,-1
410,118102,-1
410,265376,-1
410,155278,-1
410,277348,-1
410,055693,-1
410,139674,0
410,075383,-1
410,082651,-1
410,161898,-1
410,239370,0
410,229092,-1
410,166090,-1
410,047631,-1
410,139112,0
410,077650,-1
410,211545,0
410,227713,-1
410,283931,-1
410,272884,-1
410,100699,-1
410,129462,-1
410,272580,0
410,231298,-1
410,102988,-1
410,104484,-1
410,177302,-1
410,187237,0
410,274602,1
410,154921,-1
410,224048,-1
410,188543,-1
410,240016,-1
410,138103,-1
410,277151,-1
410,154036,-1
410,114439,-1
410,154519,-1
410,268084,-1
410,152799,1
410,144441,-1
410,225740,0
410,281708,-1
410,273829,-1
410,004549,-1
410,002595,1
410,016919,0
410,169599,0
410,163879,-1
410,277890,-1
410,181339,0
410,158337,-1
410,150346,-1
410,153463,0
410,228062,-1
410,071371,0
410,154787,0
410,155037,-1
410,277223,-1
410,250025,-1
410,193414,-1
410,272353,0
410,082812,-1
410,084074,-1
410,134341,0
410,268971,-1
410,286209,-1
410,119106,0
410,045026,-1
410,253387,-1
410,121834,0
410,228611,0
410,099627,-1
410,168795,-1
410,275035,-1
410,270221,-1
410,022987,-1
410,038716,0
410,176472,-1
410,158933,-1
410,234482,-1
410,151782,-1
410,069815,-1
410,191383,-1
410,054917,-1
410,115593,-1
410,227129,-1
410,020554,-1
410,279304,0
410,261665,-1
410,017341,0
410,061394,-1
410,083976,-1
410,276690,-1
410,117815,-1
410,277078,0
410,275371,-1
410,055957,-1
410,163593,0
410,138332,-1
410,225393,-1
410,140621,-1
410,107905,1
410,211027,-1
410,203396,-1
410,140434,-1
410,151976,-1
410,158297,0
410,153230,-1
410,256996,-1
410,053614,0
410,258529,-1
410,224463,-1
410,220165,-1
410,091764,1
410,137164,-1
410,112527,-1
410,253821,-1
410,158661,-1
410,288276,-1
410,172189,0
410,041564,-1
410,265149,-1
410,164087,0
410,092813,-1
410,153750,-1
410,253380,-1
410,054840,-1
410,290093,-1
410,223810,-1
410,044244,-1
410,162910,-1
410,272508,-1
410,009630,-1
410,186493,-1
410,166875,-1
410,229620,-1
410,142577,-1
410,162992,-1
410,101282,0
410,276766,-1
410,096930,-1
410,096663,0
410,086942,-1
410,103583,-1
410,056706,-1
410,138546,-1
410,259632,-1
410,243804,-1
410,020007,-1
410,206802,-1
410,138030,-1
410,193489,-1
410,162306,-1
410,287023,-1
410,053154,-1
410,158086,-1
410,151969,-1
410,274406,-1
410,114685,-1
410,083942,-1
410,129555,0
410,260632,-1
410,164132,-1
410,193600,-1
410,007090,-1
410,225420,-1
410,279308,0
410,029767,-1
410,288326,-1
410,255688,-1
410,128041,-1
410,279796,-1
410,259042,-1
410,225829,0
410,051008,-1
410,119482,0
410,096947,-1
410,168163,-1
410,063536,0
410,140109,-1
410,167408,-1
410,151329,-1
410,273711,-1
410,186825,-1
410,277819,-1
410,013314,-1
410,101960,-1
410,052866,-1
410,277883,-1
410,006623,-1
410,223827,-1
410,265062,-1
410,228790,-1
410,157640,-1
410,057378,-1
410,254173,-1
410,145096,-1
410,258530,-1
410,244201,-1
410,123964,-1
410,118900,0
410,253382,-1
410,173220,-1
410,283670,-1
410,118643,-1
410,166916,-1
410,103003,-1
410,074747,-1
410,077571,-1
410,234711,-1
410,271542,-1
410,185670,-1
410,113732,-1
410,157239,-1
410,028251,-1
410,226048,-1
410,091376,0
410,247826,-1
410,227721,-1
410,277233,-1
410,113585,-1
410,228359,-1
410,255992,-1
410,257195,-1
410,056059,-1
410,278850,-1
410,125818,1
410,014907,1
410,123348,1
410,094851,0
410,011698,0
410,174913,-1
410,123072,0
410,024322,-1
410,270497,-1
410,123987,-1
410,124095,-1
410,057338,-1
410,031907,-1
410,087282,0
410,280714,0
410,039302,-1
410,138408,-1
410,017458,-1
410,005155,-1
410,169652,0
410,153574,0
410,179932,-1
410,253243,-1
410,130870,-1
410,278171,1
410,277359,0
410,258658,-1
410,264363,-1
410,114946,0
410,104113,-1
410,074748,-1
410,141454,-1
410,283822,-1
410,166919,-1
410,223938,-1
410,172162,0
410,288954,-1
410,283220,-1
410,046848,-1
410,279087,-1
410,002362,-1
410,193660,1
410,193662,1
410,193652,1
410,193707,1
410,202411,0
410,137396,-1
410,101051,0
410,049576,-1
410,183959,-1
410,268931,-1
410,253391,-1
410,277479,-1
410,119399,-1
410,186559,-1
410,050908,-1
410,136681,-1
410,151500,-1
410,157176,1
410,272060,-1
410,070940,-1
410,126391,-1
410,169653,0
410,171303,-1
410,193706,1
410,271420,0
410,253519,-1
410,278929,0
410,113575,-1
410,223872,-1
410,014812,-1
410,155284,-1
410,128062,-1
410,161524,-1
410,224123,-1
410,153043,-1
410,153056,-1
410,278196,0
410,287949,-1
410,157135,-1
410,256003,-1
410,032968,-1
410,280543,0
410,053867,-1
410,070410,-1
410,289293,-1
410,117925,-1
410,253446,-1
410,147054,-1
410,278053,-1
410,135756,-1
410,166920,-1
410,262792,0
410,183948,-1
410,253698,-1
410,288329,-1
410,010671,-1
410,281257,-1
410,024697,-1
410,141450,-1
410,177448,-1
410,118742,-1
410,001497,-1
410,002731,-1
410,015203,-1
410,006960,-1
410,226728,-1
410,286297,-1
410,234705,-1
410,192692,-1
410,097367,-1
410,118518,-1
410,278183,0
410,253678,-1
410,034951,-1
410,277880,-1
410,022248,-1
410,038387,-1
410,193469,-1
410,269534,-1
410,161888,-1
410,113813,-1
410,144176,-1
410,248745,-1
410,267539,-1
410,280206,0
410,220643,-1
410,007110,0
410,268736,-1
410,058218,-1
410,091377,0
410,118894,0
410,255444,-1
410,152700,-1
410,132992,-1
410,266295,-1
410,269257,-1
410,055803,-1
410,052546,-1
410,110620,-1
410,253516,0
410,170790,-1
410,109388,-1
410,220419,-1
410,075352,-1
410,120706,0
410,198210,-1
410,114758,-1
410,057414,-1
410,055999,-1
410,114142,-1
410,141676,-1
410,084312,-1
410,186827,-1
410,254471,-1
410,027856,-1
410,010446,-1
410,281678,-1
410,276771,-1
410,270762,-1
410,270781,-1
410,285843,-1
410,289280,-1
410,116238,-1
410,082751,-1
410,277518,-1
410,083969,-1
410,175417,-1
410,199094,-1
410,117472,-1
410,120894,-1
410,264318,-1
410,266604,-1
410,268824,-1
410,050657,-1
410,193539,-1
410,095622,-1
410,271661,-1
410,100931,0
410,225738,-1
410,132809,-1
410,086938,-1
410,182156,-1
410,224162,-1
410,162508,-1
410,174549,-1
410,113614,-1
410,055460,-1
410,174651,-1
410,278375,-1
410,057937,-1
410,176673,-1
410,047793,-1
410,226047,-1
410,184589,-1
410,285347,-1
410,050318,-1
410,108063,-1
410,258712,-1
410,054171,-1
410,225403,0
410,131152,-1
410,153568,0
410,242128,-1
410,261810,-1
410,277914,-1
410,234647,-1
410,280715,1
410,285460,1
410,285458,1
410,284251,0
410,141675,-1
410,280711,0
410,078292,-1
410,017581,0
410,136124,-1
410,280706,0
410,123121,-1
410,254150,-1
410,183082,-1
410,265399,-1
410,263196,-1
410,236165,-1
410,200038,-1
410,280393,1
410,278818,-1
410,270824,-1
410,263637,-1
410,224182,-1
410,286775,-1
410,266929,0
410,151631,-1
410,032994,-1
410,112139,-1
410,277207,-1
410,154079,-1
410,263200,-1
410,197072,-1
410,253521,0
410,100352,-1
410,180463,-1
410,115761,-1
410,276028,-1
410,133238,-1
410,266188,-1
410,211443,-1
410,044187,-1
410,119489,0
410,237400,-1
410,111187,-1
410,248740,-1
410,152018,-1
410,264403,-1
410,027651,-1
410,134694,-1
410,249937,-1
410,084336,-1
410,278195,0
411,231734,1
411,231729,1
411,064054,-1
411,261046,1
411,260990,1
411,261018,1
411,261047,1
411,260991,0
411,243426,0
411,115806,-1
411,031620,-1
411,261019,0
411,263369,1
411,262159,1
411,260871,1
411,261313,1
411,261311,1
411,198311,-1
411,262155,-1
411,051274,-1
411,260904,1
411,200983,1
411,269301,1
411,093329,-1
411,260971,1
411,260972,1
411,260973,1
411,164504,0
411,243192,1
411,243191,1
411,243183,0
411,288057,-1
411,243227,0
411,262452,1
411,199560,1
411,201081,1
411,200969,1
411,221708,1
411,270829,0
411,201400,1
411,201255,1
411,201258,1
411,220010,1
411,219182,1
411,219135,1
411,221913,1
411,221911,1
411,197356,1
411,018985,-1
411,200476,1
411,220015,1
411,221868,1
411,221861,1
411,222073,1
411,222127,1
411,222234,1
411,220016,1
411,222235,1
411,217215,1
411,219549,1
411,219516,1
411,219493,1
411,219918,1
411,220065,1
411,220066,1
411,281366,-1
411,221740,1
411,211241,1
411,219550,1
411,222983,-1
411,276206,1
411,222276,-1
411,264965,-1
411,162948,-1
411,263615,-1
411,219763,1
411,270940,-1
411,078608,-1
411,202002,-1
411,057144,-1
411,221885,-1
411,142184,0
411,032794,-1
411,000978,-1
411,272824,-1
411,219847,-1
411,242605,-1
411,042084,-1
411,190322,-1
411,219995,1
411,219972,1
411,224969,-1
411,242598,-1
411,221387,1
411,221409,1
411,221191,1
411,163203,0
411,227973,-1
411,219643,-1
411,227836,-1
411,274860,-1
411,262158,-1
411,196225,-1
411,032651,-1
411,221748,0
411,231240,-1
411,080161,-1
411,219768,1
411,219756,1
411,220464,-1
411,244521,1
411,244513,1
411,243350,-1
411,161852,-1
411,243352,-1
411,221623,1
411,221614,1
411,219767,-1
411,165103,0
411,270971,-1
411,083011,-1
411,056235,-1
411,222280,-1
411,046156,-1
411,219661,1
411,226399,-1
411,221875,1
411,221770,1
411,198035,-1
411,028611,0
411,023401,-1
411,243353,-1
411,116956,-1
411,116114,-1
411,019083,-1
411,174406,-1
411,282788,-1
411,256572,-1
411,163085,-1
411,162177,-1
411,235872,1
411,288056,0
411,052930,-1
411,204018,-1
411,226781,0
411,270915,-1
411,204319,-1
411,223765,-1
411,275710,-1
411,098222,-1
411,138313,-1
411,220755,-1
411,227912,-1
411,243351,-1
411,219622,-1
411,054450,-1
411,242606,-1
411,082936,-1
411,108158,0
411,220567,-1
411,228862,-1
411,085563,0
411,268147,-1
411,025214,-1
411,200195,-1
411,168408,-1
411,262778,-1
411,203418,-1
411,083032,-1
411,227463,-1
411,197998,0
411,228362,-1
411,164389,-1
411,125148,-1
411,155605,-1
411,270824,0
411,272833,-1
411,273973,-1
412,001597,1
412,001738,1
412,287934,1
412,287922,1
412,287928,1
412,288692,1
412,287980,1
412,160515,1
412,127510,1
412,257264,1
412,257231,1
412,145857,1
412,013083,1
412,153025,1
412,014050,1
412,018716,1
412,178103,1
412,288572,1
412,014471,1
412,155800,1
412,289957,-1
412,170525,1
412,170585,1
412,018978,1
412,187053,1
412,187072,1
412,285092,1
412,151189,1
412,174773,1
412,124337,1
412,123160,1
412,123993,1
412,123137,1
412,123233,1
412,124257,1
412,123925,1
412,124248,1
412,124260,1
412,123995,1
412,012958,1
412,210588,1
412,123989,1
412,124617,1
412,157979,1
412,164239,1
412,180588,-1
412,124601,1
412,064860,1
412,014659,1
412,126087,1
412,284443,1
412,124234,1
412,210624,1
412,285889,-1
412,176827,0
412,284569,1
412,284549,1
412,284523,1
412,284516,1
412,176279,1
412,085968,1
412,124017,1
412,184341,0
412,123998,1
412,124016,1
412,154395,1
412,123997,1
412,124467,1
412,124063,1
412,123983,1
412,152261,1
412,066356,1
412,284512,1
412,123999,1
412,152494,1
412,263808,-1
412,064597,1
412,077824,1
412,124614,1
412,187524,0
412,065968,1
412,155433,1
412,285209,1
412,064814,1
412,284777,-1
412,066046,1
412,071481,1
412,152485,1
412,064843,1
412,065969,1
412,064808,1
412,163112,1
412,123959,1
412,123697,1
412,104654,1
412,071514,1
412,104687,1
412,064457,1
412,067251,1
412,064587,1
412,064931,1
412,177251,1
412,016988,1
412,011384,1
412,102363,1
412,069190,1
412,086867,1
412,086368,1
412,102722,-1
412,064766,1
412,064862,1
412,065904,1
412,195152,-1
412,064499,1
412,283802,1
412,085386,1
412,124459,1
412,082827,1
412,187344,0
412,098675,-1
412,119105,-1
412,015300,1
412,152386,1
412,125891,1
412,014828,1
412,124321,1
412,112009,-1
412,092976,1
412,159263,-1
412,176324,1
412,080444,1
412,067599,1
412,124470,1
412,123743,1
412,082805,1
412,177696,1
412,064319,1
412,177987,1
412,152990,1
412,152910,1
412,152871,1
412,064828,1
412,177672,1
412,155656,1
412,155257,1
412,068174,1
412,177671,1
412,064893,1
412,123579,1
412,176651,1
412,064797,1
412,064922,1
412,064913,1
412,167641,1
412,064790,1
412,076977,1
412,065695,1
412,176622,1
412,099027,1
412,123736,1
412,064585,-1
412,123726,1
412,068379,1
412,154686,1
412,185092,-1
412,124142,1
412,104655,1
412,177160,1
412,071482,1
412,064600,1
412,099038,1
412,182331,1
412,099575,1
412,101055,1
412,101217,1
412,109561,1
412,062082,-1
412,182927,1
412,081232,1
412,064841,1
412,082809,1
412,054578,-1
412,124425,1
412,075552,-1
412,182325,1
412,099018,1
412,124340,1
412,064785,1
412,167593,1
412,167594,1
412,124343,1
412,260844,1
412,012743,1
412,124130,1
412,192397,1
412,064840,1
412,154668,1
412,064871,1
412,066347,1
412,124276,-1
412,165939,1
412,166028,0
412,179917,-1
412,065893,1
412,066091,1
412,066335,1
412,180547,1
412,160995,1
412,021587,-1
412,124291,1
412,160970,1
412,066094,1
412,124615,1
412,130604,-1
412,192357,-1
412,066228,-1
412,160810,0
412,182336,1
412,182330,1
412,124354,1
412,064472,1
412,124420,1
412,124353,1
412,167584,1
412,124341,1
412,124344,1
412,287866,0
412,079186,1
412,124437,1
412,150737,1
412,124351,1
412,064805,1
412,067770,1
412,064599,1
412,101234,1
412,163117,1
412,112921,1
412,123053,1
412,028215,-1
412,101239,1
412,124627,1
412,182332,1
412,256099,-1
412,123067,1
412,101240,1
412,124447,1
412,123940,1
412,069017,1
412,064443,1
412,136637,1
412,074823,1
412,071542,1
412,104715,1
412,229773,-1
412,188815,1
412,082658,1
412,082597,1
412,123391,1
412,102607,1
412,232780,1
412,104686,1
412,069434,1
412,123536,1
412,071513,1
412,127367,1
412,235905,-1
412,087545,1
412,064520,1
412,064875,1
412,078206,1
412,124516,1
412,065833,1
412,064879,1
412,066723,1
412,233102,1
412,065660,1
412,071351,1
412,104524,1
412,064857,1
412,064786,1
412,067099,1
412,064882,1
412,067093,1
412,065730,1
412,082766,1
412,064492,1
412,124097,1
412,082087,1
412,124191,1
412,086196,-1
412,062751,-1
412,064905,1
412,064872,1
412,152903,-1
412,099605,1
412,014829,1
412,125888,1
412,064474,1
412,064839,1
412,064475,1
412,064404,1
412,064483,1
412,064455,1
412,079221,1
412,064826,1
412,064414,1
412,064906,1
412,167643,1
412,154808,-1
412,064869,1
412,066153,1
412,066149,1
412,066122,1
412,064688,1
412,169687,1
412,169674,1
412,067912,1
412,082812,1
412,064904,1
412,081826,1
412,186868,1
412,077132,1
412,077124,1
412,187164,1
412,130886,-1
412,124283,1
412,123091,1
412,076973,1
412,124422,1
412,012005,-1
412,288776,-1
412,010078,-1
412,136210,-1
412,123992,1
412,124093,1
412,124015,1
412,124117,1
412,064723,1
412,196566,-1
412,124082,1
412,124041,-1
412,128430,1
412,276130,-1
412,187625,1
412,092546,-1
412,064435,1
412,015059,1
412,130836,1
412,124330,1
412,076974,1
412,099255,1
412,127879,1
412,130808,1
412,071360,1
412,124135,1
412,124145,1
412,104533,1
412,124438,1
412,016972,1
412,076611,1
412,127825,1
412,155621,1
412,196783,-1
412,064903,1
412,064617,-1
412,128439,1
412,076916,1
412,064899,1
412,068308,1
412,016844,1
412,000359,1
412,000391,1
412,065599,1
412,123892,1
412,000312,1
412,124466,1
412,130850,1
412,130859,1
412,130839,1
412,000320,1
412,000299,1
412,130817,1
412,130843,1
412,130833,1
412,128151,1
412,130811,1
412,130800,1
412,018198,1
412,015597,1
412,016188,1
412,003174,-1
412,016850,1
412,130818,1
412,000415,1
412,124487,1
412,000360,1
412,066462,1
412,000326,1
412,015769,1
412,130805,1
412,064900,1
412,130831,1
412,000302,1
412,064530,1
412,127536,1
412,064881,1
412,066445,1
412,130869,1
412,064796,1
412,130810,1
412,124550,1
412,049058,-1
412,130853,1
412,000304,1
412,069029,-1
412,000390,1
412,130835,1
412,123650,1
412,267917,1
412,267911,1
412,034162,-1
412,124181,1
412,124384,1
412,124390,1
412,124371,1
412,124220,1
412,124397,1
412,124217,1
412,124392,1
412,124349,1
412,279180,1
412,130628,1
412,130655,1
412,150565,1
412,130672,1
412,130639,1
412,124010,1
412,016566,1
412,124428,1
412,009895,0
412,124326,1
412,287271,-1
412,124442,1
412,151213,1
412,150303,1
412,151090,1
412,186569,0
412,148201,1
412,123889,-1
412,146663,1
412,130813,1
412,064908,1
412,000358,1
412,000319,1
412,064878,1
412,064850,1
412,150379,1
412,024697,-1
412,168934,1
412,124521,-1
412,130773,1
412,015790,1
412,016546,1
412,149428,1
412,130739,1
412,000325,1
412,129874,1
412,000356,1
412,000398,1
412,000783,1
412,016858,1
412,130816,1
412,000327,1
412,192250,0
412,148202,1
412,130896,1
412,130812,1
412,016864,1
412,130809,1
412,000318,-1
412,129718,1
412,016841,1
412,124186,1
412,151170,1
412,127238,1
412,133034,1
412,123657,-1
412,150624,1
412,064887,1
412,124548,1
412,065865,1
412,064914,1
412,016987,-1
412,130807,1
412,183584,1
412,217193,-1
412,064777,1
412,108750,1
412,124360,1
412,124352,1
412,183611,1
412,124333,1
412,000323,1
412,141955,1
412,064907,1
412,017179,1
412,152479,1
412,141920,1
412,168927,1
412,066338,-1
412,284548,1
412,284568,1
412,168926,1
412,124026,1
412,112991,1
412,009364,1
412,156914,1
412,152127,1
412,069549,-1
412,064619,1
412,155665,1
412,284522,1
412,123700,1
412,130806,1
412,051173,-1
412,000298,1
412,066137,1
412,159664,-1
412,176882,1
412,130814,1
412,124616,1
412,000331,1
412,276135,-1
412,104546,1
412,071373,1
412,059737,-1
412,192471,-1
412,123878,1
412,066802,1
412,124205,1
412,037524,-1
412,111432,1
412,111433,1
412,104526,1
412,071353,1
412,111434,1
412,115027,1
412,126756,-1
412,071484,-1
412,055063,-1
412,124141,1
412,130830,1
412,130821,1
412,111388,1
412,186549,0
412,176686,1
412,176649,1
412,176636,1
412,066166,1
412,130870,-1
412,139588,1
412,123978,1
412,152788,-1
412,087004,1
412,171128,1
412,200235,-1
412,126948,-1
412,149316,1
412,184228,1
412,184273,1
412,184264,1
412,156265,1
412,184301,1
412,158199,-1
412,184269,1
412,177598,-1
412,015362,1
412,125372,1
412,188535,0
412,252411,1
412,135664,-1
412,064683,1
412,187262,0
412,252421,-1
412,015726,1
412,188636,0
412,178101,-1
412,123823,1
412,192475,1
412,124395,1
412,019216,-1
412,124408,1
412,086936,-1
412,032363,-1
412,124432,1
412,283349,-1
412,124424,1
412,065891,1
412,192276,0
412,171549,-1
412,276940,-1
412,124504,1
412,253619,-1
412,167548,1
412,167547,1
412,123832,-1
412,175698,-1
412,125631,-1
412,064347,1
412,065045,1
412,030596,-1
412,111773,1
412,150720,1
412,130160,1
412,123968,1
412,126198,-1
412,157578,-1
412,185881,-1
412,146859,-1
412,064459,1
412,124162,1
412,064821,1
412,124427,1
412,130852,1
412,183917,-1
412,265858,1
412,265828,1
412,265960,1
412,266057,1
412,265901,1
412,265853,1
412,265906,1
412,064391,1
412,287863,0
412,064928,1
412,099020,-1
412,064818,1
412,155744,-1
412,081503,-1
412,131752,1
412,064920,1
412,137603,1
412,192274,-1
412,167543,1
412,137552,1
412,275430,-1
412,192545,0
412,064470,-1
412,114210,1
412,016558,-1
412,126360,-1
412,000435,1
412,133129,1
412,133187,-1
412,184878,0
412,123924,0
412,126537,-1
412,124216,1
412,124219,1
412,216711,-1
412,130801,1
412,130840,1
412,130747,1
412,231892,-1
412,123709,1
412,044649,-1
412,000297,1
412,172964,0
412,014483,-1
412,188064,0
412,000418,1
412,136096,-1
412,130544,1
412,000716,-1
412,109163,-1
412,066269,1
412,064917,1
412,071012,-1
412,182513,1
412,032994,-1
412,010134,-1
412,185989,-1
412,187285,0
412,267704,1
412,267710,1
412,267701,1
412,130073,1
412,125211,-1
412,289955,1
412,289969,1
412,277469,1
412,016953,1
412,129633,1
412,017249,1
412,150766,-1
412,000308,-1
412,122237,1
412,009891,1
412,126335,-1
412,180994,0
412,170382,1
412,170385,1
412,228138,-1
412,287860,1
412,287864,-1
412,140754,-1
412,128349,1
412,074158,-1
412,125425,-1
412,007055,1
412,000354,1
412,192476,1
412,130841,1
412,130799,1
412,130837,1
412,175542,-1
412,182324,-1
412,170381,1
412,103476,1
412,082847,1
412,070303,1
412,170384,1
412,067971,1
412,126263,-1
412,082840,1
412,150706,-1
412,283262,-1
412,069248,1
412,102421,1
412,241672,1
412,082869,1
412,151869,-1
412,064487,1
412,241659,1
412,187358,0
412,197771,-1
412,077219,1
412,069203,1
412,102376,1
412,063589,-1
412,082197,1
412,123986,1
412,179803,-1
412,202799,1
412,017336,1
412,044097,-1
412,162383,1
412,180026,1
412,017684,-1
412,068337,1
412,049909,-1
412,286093,-1
412,014614,-1
412,052317,-1
412,183557,1
412,011419,-1
412,155432,1
412,064495,1
412,019906,-1
412,064848,1
412,064569,-1
412,130802,1
412,064476,1
412,095807,-1
412,112948,1
412,064460,1
412,064512,1
412,006290,1
412,016933,1
412,012253,-1
412,133104,1
412,133173,-1
412,064429,1
412,104657,-1
412,188295,0
412,041628,-1
412,263682,0
412,145308,-1
412,048326,-1
412,064467,1
412,064523,1
412,005317,-1
412,163792,1
412,187891,1
412,269602,0
412,076246,1
412,088071,-1
412,064439,1
412,064501,1
412,187496,0
412,126443,-1
412,132014,-1
412,123446,-1
412,197763,-1
412,206885,-1
412,187260,0
412,179447,-1
412,124433,1
412,266056,-1
412,013067,1
412,112010,-1
412,242755,-1
412,181337,-1
412,284662,-1
412,185346,-1
412,170349,1
412,155747,-1
412,060406,-1
412,118761,-1
412,192446,-1
412,087843,1
412,087754,1
412,066131,1
412,061419,-1
412,090333,1
412,084935,1
412,087835,1
412,086198,1
412,167591,1
412,167590,1
412,083034,1
412,015665,-1
412,081685,-1
412,025674,-1
412,130074,1
412,064485,1
412,091605,-1
412,066225,1
412,114182,-1
412,156877,1
412,196357,-1
412,192395,0
412,098456,1
412,154462,-1
412,064782,1
412,184484,-1
412,050026,-1
412,098457,1
412,086192,1
412,124255,1
412,082078,1
412,082159,1
412,067995,1
412,115100,-1
412,167602,1
412,167603,1
412,167582,1
412,167525,1
412,167526,1
412,167559,1
412,167576,1
412,167577,1
412,167585,1
412,167581,1
412,167600,1
412,167599,1
412,167583,1
412,167604,1
412,167605,1
412,167597,1
412,167596,1
412,167579,1
412,167884,1
412,167509,1
412,187707,1
412,187696,1
412,187811,-1
412,168088,1
412,170422,1
412,164101,1
412,164016,1
412,170347,1
412,170426,1
412,170425,1
412,233541,1
412,113386,1
412,050726,-1
412,167942,1
412,175829,1
412,232738,1
412,065876,1
412,185380,0
412,057439,-1
412,168030,1
412,041900,-1
412,130885,1
412,083131,1
412,255056,-1
412,079773,1
412,079703,-1
412,167886,1
412,167928,1
412,168257,1
412,192544,-1
412,162391,1
412,186853,1
412,182481,-1
412,005236,-1
412,125938,-1
412,188071,0
412,167607,1
412,003044,-1
412,276308,1
412,153638,1
412,149398,1
412,082049,1
412,077342,-1
412,252446,1
412,287283,-1
412,130079,1
412,187653,1
412,064822,1
412,188540,0
412,179430,-1
412,133098,1
412,078480,1
412,124869,-1
412,188132,1
412,149956,1
412,169673,1
412,130846,1
412,167696,1
412,157056,1
412,130899,1
412,010062,-1
412,014320,-1
412,056638,-1
412,082999,1
412,222923,1
412,059749,-1
412,135049,1
412,265959,1
412,064588,1
412,184889,-1
412,067740,-1
412,193636,1
412,130900,-1
412,257002,1
412,087855,1
412,230504,1
412,068730,-1
412,064929,1
412,076961,-1
412,178513,1
412,154974,-1
412,252448,-1
412,188309,-1
412,065886,1
412,136251,-1
412,187286,0
412,126127,-1
412,128623,-1
412,129869,1
412,288181,-1
412,068031,1
412,155600,1
412,115665,1
412,187605,1
412,154635,1
412,115612,-1
412,098419,-1
412,066088,1
412,103529,1
412,070356,1
412,070389,1
412,103562,1
412,103528,1
412,070355,1
412,133118,1
412,133159,-1
412,183524,-1
412,098561,1
412,064598,1
412,288712,1
412,124118,-1
412,237519,-1
412,129868,1
412,179472,1
412,104185,-1
412,179479,-1
412,160244,1
412,129515,-1
412,098458,1
412,098608,1
412,098601,1
412,000077,-1
412,069008,-1
412,074572,-1
412,119855,-1
412,187657,-1
412,083880,-1
412,016948,-1
412,230470,0
412,150908,1
412,015118,-1
412,069469,-1
412,126483,-1
412,061261,-1
412,070305,1
412,103478,1
412,192224,0
412,158260,-1
412,181445,-1
412,123884,-1
412,041555,-1
412,121357,0
412,276204,1
412,167592,1
412,079275,-1
412,149400,1
412,078158,-1
412,183179,1
412,053288,-1
412,065766,-1
412,180986,0
412,064528,1
412,113389,1
412,188365,-1
412,161219,1
412,161174,1
412,155445,0
412,161182,1
412,188154,1
412,167742,-1
412,152554,-1
412,237533,-1
412,231900,-1
412,150658,1
412,150985,1
412,150677,1
412,150690,1
412,009708,-1
412,155748,-1
412,172960,0
412,164437,1
412,164663,-1
412,164428,1
412,163905,-1
412,021133,-1
412,066466,1
412,125665,-1
412,036301,1
412,284979,-1
412,095809,-1
412,232739,1
412,187882,0
412,130847,-1
412,038881,-1
412,188128,1
412,049153,-1
412,168192,-1
412,187853,0
412,068019,1
412,164415,-1
412,103845,-1
412,066381,1
412,124013,-1
412,153567,0
412,183914,-1
412,187267,0
412,082192,1
412,064563,-1
412,287867,-1
412,064471,1
412,072185,-1
412,064463,1
412,192389,-1
412,062040,1
412,008588,-1
412,126815,-1
412,223600,-1
412,123849,-1
412,197408,-1
412,188401,1
412,192392,-1
412,177728,-1
412,117618,1
412,089470,1
412,026895,-1
412,015580,1
412,183185,1
412,150681,1
412,169302,-1
412,091643,-1
412,064823,1
412,040022,-1
412,175367,1
412,064616,-1
412,188537,-1
412,102642,-1
412,066524,1
412,154071,1
412,181435,-1
412,124852,-1
412,002422,-1
412,107331,-1
412,178490,-1
412,161186,1
412,015729,1
412,156197,1
412,222655,1
412,222653,1
412,062360,-1
412,112788,-1
412,030549,-1
412,145836,1
412,127426,-1
412,192546,-1
412,163971,-1
412,064270,-1
412,229850,-1
412,184519,0
412,283766,0
412,051043,-1
412,155729,-1
412,137617,-1
412,124468,1
412,059758,-1
412,197811,-1
412,007600,-1
412,289802,0
412,239974,-1
412,187197,0
412,020287,-1
412,126257,-1
412,049842,-1
412,217312,-1
412,101973,-1
412,187730,-1
412,101197,-1
412,077279,1
412,113418,-1
412,064898,1
412,064883,1
412,104054,-1
412,150679,1
412,283768,0
412,103802,-1
412,154762,-1
412,118895,-1
412,173343,1
412,220133,-1
412,077286,1
412,082210,1
412,185055,-1
412,126123,-1
412,112187,-1
412,152720,1
412,249427,1
412,176984,1
412,176980,1
412,176981,1
412,176986,1
412,176990,1
412,011048,1
412,176971,1
412,176972,1
412,173808,1
412,177013,1
412,177070,1
412,173809,1
412,144269,1
412,173835,1
412,176780,1
412,184304,1
412,107719,1
412,191253,1
412,184311,1
412,183372,1
412,193625,1
412,160046,1
412,173852,1
412,192796,1
412,193637,1
412,193638,1
412,125909,-1
412,152851,1
412,256381,1
412,151291,1
412,182587,1
412,121351,1
412,007938,1
412,182596,1
412,193621,1
412,160074,1
412,019973,1
412,000882,-1
412,173419,1
412,002444,-1
412,179268,1
412,145248,-1
412,193746,1
412,039138,-1
412,016824,1
412,151379,1
412,016859,1
412,151304,1
412,152824,1
412,143297,1
412,144431,1
412,143300,1
412,143197,1
412,219338,1
412,219463,1
412,143200,1
412,010762,1
412,143268,1
412,100370,-1
412,219528,-1
412,173496,1
412,123418,1
412,173426,1
412,182189,1
412,201558,1
412,164792,0
412,152833,1
412,077354,1
412,087216,1
412,192166,1
412,161132,-1
412,192165,1
412,191910,1
412,177039,1
412,255080,-1
412,014809,-1
412,160565,1
412,112160,-1
412,192309,-1
412,195702,-1
412,187334,1
412,187328,1
412,166871,1
412,123967,-1
412,020379,-1
412,192268,-1
412,137073,-1
412,067760,-1
412,152968,0
412,220212,1
412,159778,1
412,066367,-1
412,231836,-1
412,064744,1
412,192539,-1
412,006838,1
412,077709,1
412,178580,-1
412,114068,1
412,113685,-1
412,120009,1
412,005454,1
412,086676,-1
412,126429,-1
412,177912,1
412,117358,-1
412,219593,-1
412,125018,1
412,033495,-1
412,170863,-1
412,155338,1
412,141194,1
412,125624,-1
412,220453,-1
412,235586,-1
412,168638,-1
412,187357,0
412,000431,1
412,120293,1
412,120333,1
412,179222,-1
412,180982,0
412,224488,-1
412,044430,-1
412,254963,-1
412,179932,0
412,017807,1
412,129251,1
412,124268,-1
412,112210,1
412,025537,-1
412,233097,-1
412,086503,-1
412,102155,1
412,102115,1
412,099977,1
412,099971,1
412,102027,1
412,102074,1
412,102113,1
412,102079,1
412,161169,-1
412,157486,-1
412,074949,-1
412,177043,1
412,106564,-1
412,091985,-1
412,121193,-1
412,180230,1
412,011899,-1
412,260779,-1
412,110853,-1
412,117200,-1
412,174845,-1
412,222775,1
412,087185,-1
412,039180,-1
412,081606,0
412,164017,-1
412,034285,-1
412,255021,-1
412,000322,1
412,107878,-1
412,144919,-1
412,136167,-1
412,251351,-1
412,192511,0
412,067625,-1
412,156068,-1
412,144256,-1
412,183020,1
412,193397,1
412,149643,-1
412,119427,-1
412,016963,1
412,091865,-1
412,128815,-1
412,151165,-1
412,283786,1
412,270058,-1
412,260571,-1
412,127383,-1
412,040003,-1
412,182260,1
412,141162,1
412,082238,1
412,082233,1
412,240804,-1
412,027283,-1
412,184695,-1
412,170989,0
412,180644,0
412,068895,-1
412,025268,-1
412,077806,-1
412,187384,-1
412,132980,-1
412,234988,-1
412,116874,-1
412,016803,-1
412,187508,1
412,147604,-1
412,168639,-1
412,180591,-1
412,124066,-1
412,221504,1
412,221525,1
412,087326,-1
412,031371,-1
412,079797,1
412,079841,-1
412,146694,-1
412,064924,1
412,180232,1
412,252390,-1
412,219449,-1
412,170352,1
412,044047,-1
412,201860,1
412,164281,-1
412,117165,-1
412,143910,1
412,150513,-1
412,187227,1
412,164115,0
412,018524,-1
412,005963,1
412,082974,1
412,087175,-1
412,159784,0
412,288420,-1
412,187855,0
412,210827,1
412,210842,1
412,210816,1
412,056435,-1
412,218222,1
412,133623,1
412,218213,1
412,136192,-1
412,177691,-1
412,121255,-1
412,267709,1
412,059963,-1
412,191860,1
412,124773,-1
412,135044,1
412,135060,1
412,135035,1
412,135042,1
412,155599,1
412,064364,1
412,002216,-1
412,251928,-1
412,270059,-1
412,268762,-1
412,161091,-1
412,127430,-1
412,071706,1
412,104879,1
412,122307,-1
412,076712,-1
412,225133,-1
412,220493,-1
412,064590,1
412,240817,-1
412,084024,1
412,232370,1
412,253038,-1
412,232240,-1
412,151129,-1
412,002528,1
412,027568,-1
412,128844,-1
412,015281,0
412,183162,1
412,200239,-1
412,085877,-1
412,168506,-1
412,120693,-1
412,232707,1
412,150568,-1
412,140171,-1
412,230414,0
412,010110,1
412,181989,-1
412,011314,-1
412,130564,-1
412,079770,1
412,232708,1
412,150541,-1
412,126943,-1
412,059736,-1
412,143784,-1
412,001696,-1
412,191882,1
412,065715,1
412,129853,-1
412,162032,1
412,162076,1
412,285754,1
412,158063,-1
412,075809,1
412,132550,-1
412,076133,1
412,189591,-1
412,054475,-1
412,017231,1
412,255761,-1
412,104754,-1
412,068606,-1
412,289916,-1
412,086510,-1
412,079554,-1
412,125782,1
412,014953,1
412,138622,-1
412,187382,1
412,240805,-1
412,064557,1
412,164882,-1
412,028363,-1
412,136265,1
412,183530,1
412,237294,-1
412,187203,0
412,064768,1
412,089109,-1
412,004675,-1
412,019699,-1
412,000075,-1
412,126271,-1
412,164120,-1
412,164454,-1
412,181498,-1
412,188325,-1
412,136316,-1
412,077187,1
412,156776,-1
412,217551,-1
412,076919,1
412,076915,1
412,290024,-1
412,083304,-1
412,178331,1
412,063675,-1
412,178332,1
412,178458,1
412,178322,1
412,176632,1
412,176633,1
412,176678,1
412,178464,1
412,172998,1
412,182908,1
412,223730,1
412,223680,-1
412,224476,-1
412,195562,1
412,196906,1
412,196845,1
412,017396,-1
412,239990,-1
412,171254,-1
412,227300,-1
412,177196,1
412,091984,-1
412,017036,-1
412,229847,-1
412,193394,1
412,194570,1
412,186209,-1
412,018915,-1
412,092500,-1
412,130717,-1
412,125934,-1
412,064363,1
412,064592,1
412,049675,-1
412,221523,-1
412,132125,-1
412,127089,1
412,147460,1
412,021136,-1
412,152047,1
412,152057,1
412,190649,-1
412,110903,-1
412,000017,-1
412,197202,-1
412,188246,-1
412,243984,-1
412,151137,1
412,174991,1
412,101156,-1
412,187204,0
412,129132,-1
412,151133,1
412,151124,1
412,184877,1
412,253042,-1
412,139655,-1
412,119691,-1
412,105358,-1
412,200386,-1
412,005038,-1
412,184957,-1
412,181605,-1
412,095017,-1
412,230350,0
412,039754,-1
412,118214,-1
412,255307,-1
412,126745,-1
412,149620,1
412,177605,1
412,177610,1
412,181336,-1
412,136939,-1
412,037690,-1
412,041488,-1
412,138150,-1
412,125466,-1
412,158062,-1
412,110899,-1
412,186621,0
412,187288,-1
412,277248,-1
412,017395,-1
412,030552,-1
412,064468,1
412,252439,-1
412,157412,-1
412,219602,-1
412,230540,-1
412,099315,-1
412,071581,-1
412,192512,-1
412,127369,-1
412,072875,-1
412,123746,-1
412,284956,-1
412,175608,-1
412,013144,1
412,013250,1
412,098249,-1
412,022514,-1
412,037786,-1
412,208546,-1
412,269869,-1
412,193720,-1
412,147027,-1
412,125460,0
412,177206,0
412,058770,-1
412,138123,-1
412,187207,0
412,168930,-1
412,107998,1
412,108004,1
412,107987,-1
412,126690,-1
412,036242,-1
412,119821,-1
412,002147,-1
412,101996,-1
412,187802,-1
412,171031,0
412,150759,1
412,155853,-1
412,198609,-1
412,019111,-1
412,126882,1
412,044129,-1
412,133616,-1
412,123882,-1
412,117577,1
412,180957,-1
412,125922,-1
412,002230,-1
412,029694,-1
412,086850,1
412,270061,-1
412,189838,1
412,007572,-1
412,189849,1
412,127371,-1
412,145931,1
412,065830,1
412,145933,1
412,167000,1
412,189837,1
412,007261,-1
412,064629,1
412,192543,0
412,153512,-1
412,181544,-1
412,192472,-1
412,007772,-1
412,152900,-1
412,214560,-1
412,077221,1
412,037876,-1
412,125890,1
412,014827,1
412,199662,-1
412,151602,1
412,174861,-1
412,117792,1
412,090273,-1
412,150508,-1
412,158060,-1
412,051558,-1
412,009995,-1
412,085354,-1
412,159774,0
412,250537,-1
412,129802,-1
412,188423,0
412,017433,-1
412,121639,-1
412,267825,-1
412,192278,-1
412,005461,-1
412,114249,1
412,182822,-1
412,206709,-1
412,007401,1
412,057864,-1
412,168633,-1
412,120808,-1
412,133091,-1
412,079493,-1
412,152464,-1
412,183921,-1
412,061305,-1
412,022071,-1
412,187526,-1
412,080929,-1
412,056436,-1
412,134987,-1
412,015317,1
412,125416,1
412,045268,-1
412,137577,-1
412,253111,-1
412,026223,-1
412,018220,-1
412,189836,1
412,097129,-1
412,057621,-1
412,132171,-1
412,242534,-1
412,100265,-1
412,101872,-1
412,242648,-1
412,135171,-1
412,125456,-1
412,188340,-1
412,095052,-1
412,124957,-1
412,141570,-1
412,067796,-1
412,124592,-1
412,167805,1
412,137074,-1
412,173149,-1
412,086184,1
412,052164,-1
412,240816,-1
412,191202,-1
412,041490,-1
412,005726,-1
412,231901,-1
412,065542,-1
412,217490,-1
412,038639,-1
412,164157,0
412,181393,-1
412,077378,-1
412,130720,1
412,150246,1
412,151231,1
412,244852,-1
412,136145,-1
412,092305,1
412,152362,1
412,152364,-1
412,144120,-1
412,127043,-1
412,014506,1
412,075559,-1
412,129509,-1
412,150087,-1
412,110732,-1
412,123796,-1
412,181347,-1
412,138829,-1
412,002666,-1
412,187819,-1
412,140175,-1
412,034247,-1
412,092557,-1
412,110035,-1
412,126253,-1
412,029168,-1
412,186212,1
412,072612,-1
412,064273,1
412,150434,1
412,197466,-1
412,252402,-1
412,036488,-1
412,120017,-1
412,167685,1
412,269036,0
412,092521,-1
412,003641,-1
412,066150,1
412,168634,-1
412,150486,-1
412,125177,-1
412,237511,-1
412,154229,-1
412,233846,-1
412,179775,-1
412,130535,-1
412,190044,0
412,182024,-1
412,061866,-1
412,192538,-1
412,277285,-1
412,127039,-1
412,137703,-1
412,065894,1
412,042277,-1
412,192369,-1
412,017495,1
412,129432,1
412,182514,1
412,007419,-1
412,188347,-1
412,117635,-1
412,187379,1
412,187816,0
412,105456,-1
412,152783,-1
412,200232,1
412,129214,-1
412,198885,-1
412,224475,1
412,180159,1
412,120931,1
412,007414,1
412,127060,0
412,154658,-1
412,224440,-1
412,079934,-1
412,085414,-1
412,158061,-1
412,177199,-1
412,200283,-1
412,108910,-1
412,162512,1
412,124446,-1
412,126292,-1
412,164827,-1
412,141593,-1
412,189577,1
412,118087,-1
412,099378,-1
412,164154,1
412,164226,0
412,160890,0
412,079287,-1
412,133971,-1
412,152711,1
412,252425,-1
412,161820,-1
412,168830,-1
412,041576,-1
412,040514,-1
412,006114,1
412,183711,-1
412,128481,1
412,146924,-1
412,009397,-1
412,127591,-1
412,001323,1
412,064824,1
412,185928,-1
412,075764,-1
412,122241,0
412,147579,0
412,187186,-1
412,141224,1
412,141234,1
412,141210,1
412,218092,-1
412,117073,-1
412,121047,-1
412,152410,-1
412,176912,-1
412,125941,-1
412,223922,-1
412,193410,-1
412,278644,-1
412,177207,0
412,289368,1
412,120019,1
412,005463,1
412,120018,-1
412,128302,-1
412,126499,-1
412,007487,-1
412,128865,-1
412,189573,0
412,066419,1
412,065146,-1
412,009345,1
412,121815,1
412,076926,-1
412,009518,1
412,121979,1
412,127607,1
412,007842,-1
412,120374,-1
412,121978,1
412,223803,-1
412,126981,1
412,133571,-1
412,117121,-1
412,106552,-1
412,086542,-1
412,159766,-1
412,082489,-1
412,153892,-1
412,149955,-1
412,081943,-1
412,123086,1
412,123088,1
412,056109,-1
412,038667,-1
412,108734,-1
412,232163,-1
412,288721,1
412,110116,-1
412,004041,1
412,141184,-1
412,037258,-1
412,179799,-1
412,015891,-1
412,088228,-1
412,150425,1
412,188392,-1
412,066223,1
412,065906,1
412,142930,-1
412,230383,-1
412,264500,-1
412,130268,-1
412,196465,-1
412,198890,-1
412,091756,-1
412,061401,-1
412,127290,-1
412,064640,1
412,002233,-1
412,101570,-1
412,072283,-1
412,120937,-1
412,252407,-1
412,128248,-1
412,151413,-1
412,044834,-1
412,117793,1
412,146866,-1
412,109230,-1
412,116777,-1
412,144756,-1
412,037479,-1
412,184594,0
412,124863,-1
412,007837,-1
412,288116,-1
412,006799,-1
412,284793,-1
412,152858,1
412,117758,1
412,059759,-1
412,181340,-1
412,161596,1
412,081323,-1
412,005754,-1
412,037030,-1
412,050886,-1
412,035778,-1
412,152416,-1
412,088058,-1
412,112402,-1
412,124770,1
412,179216,-1
412,174992,1
412,052192,-1
412,017671,-1
412,187264,-1
412,060335,-1
412,181990,1
412,285753,1
412,192403,-1
412,038568,-1
412,109346,-1
412,136973,-1
412,286608,-1
412,031326,-1
412,170853,-1
412,035895,-1
412,102015,-1
412,221316,1
412,221290,-1
412,155725,-1
412,282202,-1
412,085096,-1
412,101700,-1
412,252436,1
412,187335,1
412,186852,1
412,126217,-1
412,079404,1
412,196492,-1
412,101835,-1
412,187231,0
412,106048,-1
412,184466,-1
412,237009,-1
412,184834,-1
412,049220,-1
412,117143,-1
412,199768,-1
412,260771,-1
412,014360,-1
412,192207,-1
412,018423,-1
412,023792,-1
412,135008,-1
412,179773,-1
412,078602,-1
412,188415,1
412,175445,1
412,175371,1
412,175446,1
412,125655,1
412,175515,1
412,152368,-1
412,010806,-1
412,079032,1
412,120342,-1
412,124458,-1
412,283454,-1
412,165905,-1
412,162673,1
412,114131,-1
412,150409,-1
412,187935,0
412,094952,-1
412,126159,-1
412,155096,1
412,140834,-1
412,217688,-1
412,162868,-1
412,121365,0
412,182006,1
412,181960,1
412,081297,-1
412,187399,1
412,187234,0
412,140133,-1
412,071259,-1
412,061317,-1
412,040070,-1
412,188356,-1
412,258509,-1
412,162781,1
412,162747,-1
412,032855,-1
412,182516,1
412,183971,-1
412,196090,-1
412,150247,1
412,171262,-1
412,177121,-1
412,187400,-1
412,083292,-1
412,180708,-1
412,057069,-1
412,007556,-1
412,220417,-1
412,009108,-1
412,049713,-1
412,065170,-1
412,015082,1
412,102041,-1
412,133092,-1
412,141213,-1
412,104101,-1
412,177069,0
412,030716,-1
412,017679,-1
412,000112,-1
412,186613,0
412,198611,-1
412,230735,1
412,067907,-1
412,224670,-1
412,126391,-1
412,110095,1
412,068467,1
412,068459,1
412,287876,-1
412,109392,-1
412,065905,1
412,070629,-1
412,094769,-1
412,253120,-1
412,131189,-1
412,019849,-1
412,284043,-1
412,126167,-1
412,152687,-1
412,126730,-1
412,087912,-1
412,181495,-1
412,221539,-1
412,114461,1
412,149476,-1
412,098106,-1
412,114248,-1
412,176278,1
412,076921,1
412,109973,-1
412,131406,1
412,118028,-1
412,131408,1
412,212458,-1
412,184906,-1
412,013255,-1
412,268954,0
412,000357,-1
412,064827,1
412,065892,-1
412,151225,-1
412,118100,-1
412,062387,-1
412,013006,1
412,011910,-1
412,126848,-1
412,077979,-1
412,126334,-1
412,018763,-1
412,108126,-1
412,135010,-1
412,167788,1
412,167686,1
412,228566,-1
412,095964,-1
412,064739,1
412,172687,-1
412,044626,-1
412,064958,-1
412,104432,-1
412,178491,-1
412,137646,-1
412,004570,-1
412,085783,-1
412,069012,-1
412,050359,-1
412,125019,-1
412,180223,1
412,162581,-1
412,126179,1
412,082212,1
412,018272,-1
412,003697,-1
412,138277,-1
412,187963,0
412,131774,1
412,230132,-1
412,124768,1
412,013170,-1
412,064730,-1
412,058235,-1
412,078335,-1
412,116949,-1
412,095050,-1
412,035922,-1
412,128641,1
412,128640,-1
412,139128,-1
412,126389,-1
412,117473,-1
412,173748,-1
412,089117,-1
412,133099,-1
412,184191,-1
412,178107,1
412,178122,1
412,164182,-1
412,122501,-1
412,283420,-1
412,219596,-1
412,142076,-1
412,181345,-1
412,187866,-1
412,117072,-1
412,128284,-1
412,151952,-1
412,227299,-1
412,177449,1
412,008869,-1
412,210023,1
412,175614,0
412,102004,-1
412,200233,-1
412,018971,-1
412,062746,1
412,068020,-1
412,120404,-1
412,036816,-1
412,154275,-1
412,117207,-1
412,021798,-1
412,171828,-1
412,189602,0
412,035604,-1
412,139161,-1
412,125351,-1
412,183485,-1
412,044775,-1
412,191600,-1
412,232732,1
412,232691,1
412,121075,-1
412,214832,-1
412,190042,0
412,132245,-1
412,058157,-1
412,189530,1
412,285800,-1
412,068082,-1
412,202794,-1
412,255409,-1
412,284787,1
412,027910,-1
412,126688,-1
412,189259,1
412,065855,1
412,065443,-1
412,178682,-1
412,196743,-1
412,018595,-1
412,284514,-1
412,231938,-1
412,180597,-1
412,091979,-1
412,152461,-1
412,237497,-1
412,252843,1
412,267924,-1
412,221377,-1
412,196491,-1
412,156162,-1
412,116872,-1
412,018487,-1
412,060158,-1
412,171255,-1
412,235666,-1
412,125048,-1
412,087867,-1
412,031524,-1
412,228137,-1
412,014286,-1
412,000500,-1
412,148455,-1
412,005346,-1
412,010497,-1
412,099180,-1
412,127429,-1
412,065988,1
412,232735,1
412,101664,-1
412,226427,-1
412,126644,-1
412,080672,-1
412,121722,-1
412,226514,-1
412,113307,-1
412,192614,-1
412,135641,-1
412,122096,-1
412,066145,1
412,133360,1
412,259235,-1
412,110111,1
412,133911,1
412,135530,1
412,133917,1
412,079581,1
412,079139,1
412,078334,1
412,133350,-1
412,131192,-1
412,137130,-1
412,079176,1
412,079229,1
412,094876,-1
412,119669,-1
412,032590,-1
412,157242,-1
412,137610,-1
412,078222,-1
412,009723,-1
412,152713,1
412,276897,-1
412,146480,-1
412,172276,-1
412,232722,1
412,232724,1
412,197834,-1
412,037129,-1
412,105092,-1
412,135934,-1
412,170815,-1
412,125935,-1
412,044835,-1
412,117183,-1
412,121768,-1
412,164314,-1
412,287875,-1
412,103435,-1
412,108130,-1
412,120780,-1
412,034333,-1
412,125984,-1
412,197086,-1
412,129258,-1
412,010635,-1
412,113351,-1
412,012471,-1
412,126476,-1
412,102073,-1
412,036674,-1
412,014793,-1
412,004546,-1
412,164198,-1
412,131770,-1
412,088038,-1
412,142915,-1
412,012170,-1
412,184974,-1
412,269978,-1
412,000594,-1
412,036195,-1
412,282213,-1
412,117488,-1
412,147305,1
412,101673,-1
412,170355,1
412,170354,1
412,044747,-1
412,157565,-1
412,180958,-1
412,113347,-1
412,166961,1
412,166872,1
412,006265,-1
412,056666,-1
412,033496,-1
412,251950,-1
412,121858,-1
412,180611,-1
412,169664,-1
412,168242,-1
412,153510,-1
412,138170,-1
412,124729,-1
412,119801,-1
412,122124,-1
412,284670,-1
412,085268,-1
412,149266,-1
412,000552,-1
412,166963,1
412,166962,1
412,166065,-1
412,005794,-1
412,089066,0
412,187342,-1
412,260787,-1
412,259051,-1
412,152499,-1
412,070262,-1
412,157343,-1
412,173604,-1
412,161525,0
412,105104,-1
412,145920,-1
412,007218,-1
412,101230,-1
412,087701,-1
412,188404,-1
412,223797,-1
412,126341,-1
412,000150,-1
412,189282,-1
412,224441,-1
412,162641,-1
412,173743,1
412,173864,1
412,015381,-1
412,173418,-1
412,173043,-1
412,157934,-1
412,194381,-1
412,033502,-1
412,003720,-1
412,079339,-1
412,146070,-1
412,181508,-1
412,015637,1
412,228655,-1
412,196291,-1
412,230542,-1
412,150591,-1
412,082921,-1
412,234290,-1
412,101429,-1
412,251759,-1
412,252115,-1
412,187754,-1
412,195126,-1
412,009232,-1
412,149923,-1
412,110907,-1
412,184908,-1
412,063477,-1
412,145229,-1
412,242782,-1
412,258466,-1
412,219584,-1
412,077973,-1
412,085891,-1
412,187695,-1
412,044801,-1
412,177600,-1
412,152501,-1
412,145964,-1
412,065890,-1
412,174742,1
412,174739,1
412,274008,-1
412,064693,-1
412,168717,-1
412,146972,-1
412,085413,-1
412,061853,-1
412,000423,-1
412,016951,-1
412,128881,-1
412,061394,-1
412,135925,-1
412,121192,-1
412,040676,-1
412,064615,1
412,073123,-1
412,126416,-1
412,144755,-1
412,050285,-1
412,064484,1
412,037090,-1
412,129335,-1
412,287975,-1
412,000544,-1
412,258530,-1
412,192169,-1
412,168600,-1
412,105401,-1
412,121707,-1
412,202148,-1
412,088663,-1
412,063026,-1
412,128525,1
412,154508,1
412,154510,1
412,197451,-1
412,034252,-1
412,099232,-1
412,008741,1
412,076640,-1
412,243237,-1
412,284672,-1
412,001007,-1
412,162727,1
412,141567,-1
412,110381,-1
412,251938,-1
412,138182,-1
412,126737,-1
412,187473,-1
412,128322,-1
412,126467,-1
412,269970,-1
412,065344,-1
412,119104,-1
412,231902,1
412,231893,-1
412,157530,-1
412,037901,-1
412,044745,-1
412,140258,-1
412,180076,-1
412,161534,-1
412,252114,-1
412,161536,-1
412,182825,-1
412,171279,-1
412,009147,-1
412,056688,-1
412,106308,-1
412,108393,-1
412,126222,-1
412,031321,-1
412,164995,1
412,192469,-1
412,137829,-1
412,094994,-1
412,000346,-1
412,043564,-1
412,278849,-1
412,188057,-1
412,150374,-1
412,062601,-1
412,009357,-1
412,180600,-1
412,011906,-1
412,156844,-1
412,119070,-1
412,107629,-1
412,226511,-1
412,000266,-1
412,192225,-1
412,168190,-1
412,000536,-1
412,044195,-1
412,194726,-1
412,049286,-1
412,280168,-1
412,072228,-1
412,077818,-1
412,050471,-1
412,157727,-1
412,126528,-1
412,151548,-1
412,112824,-1
412,012136,-1
412,017852,-1
412,134990,-1
412,058766,-1
412,011068,-1
412,128880,-1
412,252575,-1
412,116803,-1
412,004089,-1
412,170877,-1
412,268944,0
412,234952,-1
412,102202,-1
412,052189,-1
412,283332,-1
412,255041,-1
412,006451,-1
412,157342,-1
412,082871,0
412,127733,-1
412,252847,-1
412,230525,-1
412,149925,-1
412,017182,-1
412,067486,-1
412,235228,-1
412,078669,-1
412,081740,-1
412,133567,-1
412,128359,-1
412,184927,0
412,126226,-1
412,074811,-1
412,133772,1
412,135531,-1
412,111144,-1
412,187884,-1
412,009777,-1
412,128913,-1
412,146548,-1
412,026936,-1
412,074170,-1
412,051117,-1
412,179560,-1
412,000440,-1
412,123748,-1
412,181041,-1
412,099444,-1
412,282212,-1
412,233842,-1
412,221447,-1
412,168601,-1
412,187949,-1
412,014628,-1
412,080679,-1
412,002487,-1
412,056290,-1
412,182363,1
412,079175,-1
412,152641,-1
412,270232,-1
412,065288,1
412,074456,-1
412,049574,-1
412,131944,-1
412,191229,-1
412,151450,1
412,146052,-1
412,123947,-1
412,152787,-1
412,020306,-1
412,088183,-1
412,192317,-1
412,036506,-1
412,196281,-1
412,184890,-1
412,170465,-1
412,031093,-1
412,100317,-1
412,145346,-1
412,100982,-1
412,288201,-1
412,151502,-1
412,186627,-1
412,162497,-1
412,036728,-1
412,191785,-1
412,020415,-1
412,118774,-1
412,064614,-1
412,044705,-1
412,287633,-1
412,057552,-1
412,202151,-1
412,203579,-1
412,223555,-1
412,129537,-1
412,136149,-1
412,004793,-1
412,169625,-1
412,146775,-1
412,102233,-1
412,081779,-1
412,070928,-1
412,105482,-1
412,037616,-1
412,156798,-1
412,064711,-1
412,050892,-1
412,008958,-1
412,187698,-1
412,012926,-1
412,197442,-1
412,230529,1
412,196509,-1
412,150503,-1
412,147829,-1
412,131207,-1
412,171264,-1
412,045859,-1
412,168626,-1
412,036198,-1
412,254128,-1
412,255335,-1
412,011863,-1
412,185425,-1
412,122423,-1
412,167458,-1
412,118433,-1
412,076462,-1
412,133631,-1
412,154976,-1
412,269322,-1
412,001003,-1
412,037211,-1
412,019701,-1
412,135444,-1
412,002485,-1
412,114175,-1
412,141459,-1
412,011698,-1
412,095967,-1
412,081356,-1
412,234328,-1
412,072590,-1
412,051579,-1
412,159769,0
412,099061,-1
412,126120,-1
412,137715,-1
412,231122,-1
412,173327,-1
412,064603,-1
412,024305,-1
412,110496,-1
412,018590,-1
412,194488,-1
412,152438,-1
412,283024,-1
412,232721,1
412,064376,1
412,044159,-1
412,098643,-1
412,116799,-1
412,058926,-1
412,121677,-1
412,155540,-1
412,064630,1
412,192470,-1
412,001871,-1
412,004826,-1
412,066115,1
412,186102,-1
412,064447,1
412,117356,-1
412,133240,-1
412,036870,-1
412,013246,-1
412,181384,-1
412,136590,-1
412,206720,-1
412,063863,-1
412,201768,-1
412,126089,-1
412,191063,-1
412,224644,-1
412,153022,1
412,152748,0
412,193012,-1
412,059909,-1
412,137633,-1
412,150756,-1
412,041956,-1
412,063818,-1
412,255669,-1
412,164106,-1
412,192354,1
412,192269,1
412,067267,-1
412,126856,-1
412,126509,-1
412,187308,-1
412,085882,-1
412,127582,-1
412,122081,-1
412,064779,1
412,101760,-1
412,220432,-1
412,128632,1
412,167025,-1
412,056382,-1
412,252027,-1
412,125660,-1
412,286563,-1
412,126487,-1
412,140777,-1
412,017872,-1
412,156789,-1
412,016491,-1
412,180852,-1
412,285166,-1
412,157076,-1
412,165828,-1
412,144908,-1
412,245013,-1
412,251003,0
412,094429,-1
412,131222,-1
412,157853,-1
412,222718,1
412,222763,1
412,202797,-1
412,099016,1
412,099154,1
412,099025,1
412,099033,1
412,133559,-1
412,043977,-1
412,254457,-1
412,206808,-1
412,067386,-1
412,078377,-1
412,058862,-1
412,013813,-1
412,086799,-1
412,105763,-1
412,127132,-1
412,180720,-1
412,253181,-1
412,260608,-1
412,118711,-1
412,188482,-1
412,108595,-1
412,181051,-1
412,127653,-1
412,106826,-1
412,161540,0
412,109958,-1
412,252856,1
412,253864,-1
412,194351,-1
412,022403,-1
412,101263,-1
412,187666,-1
412,102005,-1
412,220679,-1
412,269833,-1
412,106296,-1
412,162589,-1
412,142070,-1
412,157852,-1
412,062499,-1
412,109484,-1
412,066231,1
412,066345,1
412,224232,-1
412,004302,-1
412,198831,-1
412,230382,-1
412,032233,-1
412,196153,-1
412,088657,-1
412,036136,-1
412,192423,1
412,194194,-1
412,209843,1
412,210320,1
412,196535,-1
412,040629,-1
412,134772,-1
412,195766,-1
412,154787,-1
412,038279,-1
412,283813,-1
412,003762,-1
412,188341,-1
412,129189,-1
412,140415,-1
412,044240,-1
412,169526,-1
412,031517,-1
412,256547,-1
412,065187,-1
412,181502,-1
412,184326,-1
412,126721,1
412,055962,-1
412,044197,-1
413,203540,-1
413,265061,1
413,264906,1
413,265060,1
413,252112,1
413,264623,-1
413,211729,1
413,211747,1
413,181708,1
413,181750,1
413,181748,1
413,181844,1
413,181705,1
413,182663,1
413,145670,1
413,222114,1
413,179913,1
413,220310,1
413,197766,1
413,197807,1
413,197801,1
413,225567,1
413,190337,1
413,190437,1
413,190517,1
413,190432,1
413,190344,1
413,224835,1
413,164782,1
413,016620,1
413,008552,1
413,014584,1
413,140620,1
413,013738,1
413,141135,1
413,141250,1
413,141247,1
413,141136,1
413,136730,1
413,142319,1
413,261323,1
413,136642,1
413,261386,1
413,261316,1
413,141246,1
413,176602,1
413,176596,1
413,000937,1
413,189986,1
413,184504,1
413,189857,1
413,180000,1
413,156565,1
413,157143,1
413,196162,1
413,156553,1
413,191574,1
413,190819,1
413,158236,1
413,130154,1
413,155556,1
413,155555,1
413,176787,1
413,013665,1
413,150316,1
413,008965,1
413,171394,1
413,148675,1
413,190623,1
413,013309,1
413,192637,1
413,288894,1
413,154542,1
413,288946,1
413,170817,1
413,152792,-1
413,195538,1
413,192639,1
413,264381,1
413,177332,1
413,189061,-1
413,264471,1
413,002420,1
413,196969,1
413,261396,1
413,149124,1
413,279061,1
413,131249,1
413,195543,1
413,155534,1
413,153176,1
413,002813,1
413,001111,1
413,227798,1
413,001528,1
413,155452,1
413,016699,1
413,175741,1
413,183977,1
413,176769,1
413,176770,1
413,176758,1
413,169026,-1
413,014177,1
413,244301,1
413,150102,1
413,215724,0
413,279138,1
413,279100,1
413,147481,1
413,170835,1
413,261321,1
413,279102,1
413,255471,1
413,255463,1
413,190510,1
413,138310,1
413,130184,1
413,001559,1
413,279149,1
413,179648,1
413,150104,1
413,150344,1
413,150080,1
413,154376,-1
413,195535,1
413,169151,1
413,200812,1
413,190511,1
413,163163,1
413,192646,1
413,190482,1
413,199007,1
413,176629,1
413,199034,1
413,156624,1
413,156613,1
413,155931,1
413,163428,1
413,156617,1
413,156612,1
413,159780,1
413,159781,-1
413,288934,1
413,288988,1
413,236017,1
413,028542,-1
413,001530,1
413,000834,-1
413,179331,1
413,234265,1
413,265000,1
413,199016,1
413,001565,1
413,145337,1
413,235220,1
413,179406,1
413,236268,-1
413,222048,1
413,231614,1
413,231685,1
413,185143,1
413,185093,1
413,181930,1
413,231684,1
413,231513,-1
413,196838,1
413,177133,-1
413,157383,1
413,155917,-1
413,217698,1
413,217871,1
413,217877,1
413,220105,1
413,220096,1
413,176659,1
413,220716,1
413,220711,1
413,202462,1
413,258385,1
413,199539,1
413,242266,-1
413,061824,-1
413,155981,1
413,176765,1
413,258341,1
413,016457,1
413,160182,-1
413,183526,1
413,199005,1
413,115251,1
413,200657,-1
413,079924,1
413,151509,1
413,265218,1
413,014543,1
413,067073,1
413,159219,1
413,136790,1
413,190492,1
413,265002,1
413,067114,1
413,147631,1
413,184004,1
413,163518,1
413,194306,1
413,163104,1
413,196967,1
413,156034,1
413,142247,1
413,018536,-1
413,070591,1
413,103763,1
413,070775,1
413,103948,1
413,103772,1
413,070599,1
413,104025,1
413,070852,1
413,065410,1
413,194309,1
413,067177,1
413,072154,-1
413,153042,1
413,199647,1
413,136599,1
413,163705,1
413,182204,1
413,101618,-1
413,133573,1
413,159745,1
413,159744,1
413,160464,1
413,159921,1
413,159920,1
413,160744,1
413,160745,1
413,159758,1
413,112468,-1
413,161198,1
413,153089,1
413,026737,-1
413,159020,-1
413,097951,1
413,097977,1
413,162050,1
413,232131,1
413,000537,1
413,153048,1
413,164028,1
413,158605,1
413,164213,1
413,164217,1
413,158603,1
413,131480,1
413,191490,1
413,163047,1
413,135104,1
413,153092,1
413,191652,1
413,136280,1
413,019042,1
413,014530,1
413,174882,1
413,050259,-1
413,233212,1
413,017396,-1
413,193141,1
413,192189,1
413,016926,1
413,190560,1
413,261328,1
413,154129,1
413,014462,1
413,179982,1
413,190416,1
413,170988,1
413,252700,1
413,280357,-1
413,085214,1
413,147385,1
413,147384,1
413,167069,1
413,179986,1
413,016593,-1
413,147495,1
413,179981,1
413,161164,1
413,085220,1
413,161271,1
413,115260,1
413,016628,1
413,157943,1
413,015550,1
413,044638,1
413,077162,1
413,077177,1
413,160933,-1
413,211493,1
413,221371,-1
413,225696,1
413,225698,1
413,146972,1
413,255391,1
413,255290,1
413,152446,1
413,182413,1
413,135692,1
413,135806,1
413,135686,1
413,003780,1
413,237717,1
413,008506,1
413,106661,-1
413,002983,1
413,256091,-1
413,136794,1
413,232886,1
413,220292,1
413,221167,-1
413,111747,-1
413,237720,1
413,115987,-1
413,093487,1
413,282297,-1
413,093036,1
413,142237,1
413,225702,1
413,136911,1
413,133139,1
413,060600,-1
413,002194,1
413,155623,1
413,093244,1
413,184218,-1
413,016710,1
413,079776,-1
413,260060,-1
413,191403,-1
413,002496,-1
413,136649,1
413,122754,-1
413,013648,1
413,087837,1
413,018537,-1
413,141663,1
413,183565,1
413,009646,-1
413,183937,1
413,153138,1
413,153097,1
413,191557,1
413,177035,-1
413,061831,-1
413,161441,1
413,183933,1
413,218693,1
413,142325,1
413,093538,-1
413,255403,-1
413,190561,1
413,165852,1
413,159233,1
413,207402,1
413,190563,-1
413,203376,1
413,141752,1
413,289766,-1
413,256745,1
413,151525,1
413,181479,1
413,002672,1
413,191669,1
413,093979,-1
413,222049,1
413,059908,-1
413,158305,1
413,176946,1
413,154719,-1
413,223900,1
413,169012,1
413,176951,1
413,000143,1
413,136353,1
413,126685,1
413,135382,-1
413,136337,-1
413,188663,1
413,189382,1
413,188662,1
413,244978,-1
413,189381,1
413,014058,1
413,083008,1
413,083022,1
413,083004,1
413,083044,1
413,019508,-1
413,254551,1
413,153828,1
413,153839,-1
413,286879,-1
413,197060,1
413,188263,-1
413,158638,1
413,095839,1
413,176820,-1
413,219734,1
413,155869,1
413,153040,1
413,219733,1
413,151308,-1
413,284521,-1
413,144073,1
413,221767,-1
413,210828,1
413,260057,-1
413,259642,-1
413,141725,-1
413,252595,-1
413,177153,1
413,029194,1
413,029246,1
413,026797,-1
413,203359,-1
413,001560,1
413,101959,-1
413,093245,1
413,080525,-1
413,186327,-1
413,071762,-1
413,157225,1
413,125257,-1
413,058169,-1
413,093238,1
413,157982,1
413,157978,1
413,228038,1
413,224581,1
413,126648,1
413,198148,-1
413,134292,1
413,134010,1
413,134263,1
413,134184,1
413,162873,-1
413,131208,1
413,195830,1
413,195817,1
413,195806,1
413,195815,1
413,195803,1
413,195737,1
413,195739,1
413,195726,1
413,195870,1
413,195933,1
413,195728,1
413,192125,-1
413,264904,-1
413,220259,1
413,148134,1
413,148120,-1
413,190294,1
413,190702,1
413,190911,1
413,192628,1
413,190568,1
413,190302,1
413,221927,-1
413,230100,-1
413,184974,1
413,252287,1
413,283750,-1
413,227680,1
413,227794,1
413,153072,-1
413,231765,1
413,034293,-1
413,145398,1
413,186747,1
413,141695,-1
413,195872,-1
413,195534,-1
413,125475,-1
413,266543,-1
413,195018,1
413,019268,-1
413,001419,-1
413,151484,1
413,153751,-1
413,145214,-1
413,240657,-1
413,173126,1
413,088868,-1
413,154264,-1
413,018515,-1
413,152523,1
413,160932,-1
413,032098,-1
413,050121,-1
413,206115,1
413,203000,-1
413,235767,1
413,034689,-1
413,239891,1
413,087737,-1
413,150986,1
413,085428,-1
413,168749,1
413,152438,1
413,152908,1
413,002317,-1
413,225556,-1
413,128998,-1
413,136518,1
413,160917,-1
413,195932,-1
413,001504,1
413,101996,-1
413,016535,1
413,168376,-1
413,247941,-1
413,174542,-1
413,232036,-1
413,155132,-1
413,261414,1
413,200363,-1
413,127873,-1
413,030390,-1
413,238733,-1
413,059764,-1
413,223910,1
413,182703,-1
413,000204,1
413,130153,1
413,123937,-1
413,185101,-1
413,130087,1
413,166112,-1
413,219713,-1
413,000908,-1
413,125769,-1
413,000510,-1
413,004558,1
413,176264,-1
413,157812,-1
413,016671,-1
413,140179,-1
413,188673,1
413,009942,-1
413,142330,1
413,202679,1
413,095838,1
413,202657,-1
413,169401,-1
413,231564,-1
413,085215,1
413,172633,-1
413,179127,1
413,043278,-1
413,144715,-1
413,143006,1
413,010650,1
413,142411,1
413,060453,-1
413,010435,1
413,092708,1
413,132649,1
413,154870,1
413,202902,-1
413,092705,1
413,150770,-1
413,184592,-1
413,204674,-1
413,154742,1
413,195548,-1
413,127929,-1
413,023818,-1
413,010743,-1
413,045407,-1
413,028883,-1
413,108531,-1
413,157137,1
413,143976,-1
413,163239,-1
413,228686,0
413,289134,-1
413,156607,-1
413,090580,-1
413,046457,-1
413,160848,-1
413,179385,-1
413,031170,-1
413,003066,-1
413,191464,1
413,191481,1
413,176184,-1
413,259909,1
413,259898,1
413,191719,-1
413,279514,-1
413,215314,1
413,061488,-1
413,153304,-1
413,002694,1
413,169544,-1
413,153225,-1
413,004525,-1
413,289127,-1
413,254438,1
413,242618,-1
413,255937,-1
413,151946,-1
413,011741,-1
413,197947,-1
413,156204,-1
413,059967,-1
413,133290,-1
413,037873,-1
413,131810,1
413,238476,-1
413,102791,-1
413,192204,-1
413,143173,-1
413,184551,-1
413,256831,-1
413,061132,-1
413,169172,-1
413,219711,-1
413,028206,-1
413,275733,-1
413,058476,1
413,058519,1
413,058491,-1
413,159023,1
413,146563,1
413,120204,-1
413,038378,-1
413,140584,-1
413,252788,-1
413,032712,-1
413,134021,1
413,134013,1
413,134023,1
413,134983,-1
413,280343,-1
413,144585,-1
413,186746,1
413,160458,-1
413,156846,-1
413,178294,-1
413,261604,-1
413,001472,1
413,229282,1
413,223909,1
413,111757,-1
413,155690,-1
413,253614,-1
413,014565,-1
413,202999,-1
413,015261,-1
413,194066,-1
413,145400,1
413,147074,1
413,147063,1
413,014211,-1
413,014198,-1
413,199421,-1
413,142874,1
413,084902,1
413,226101,-1
413,138549,-1
413,019006,-1
413,120767,-1
413,195805,-1
413,244994,-1
413,156608,-1
413,106890,-1
413,258895,-1
413,289945,-1
413,060571,-1
413,154032,-1
413,259215,-1
413,161827,-1
413,119636,-1
413,125234,-1
413,255433,1
413,145558,-1
413,138079,-1
413,158874,1
413,159008,-1
413,254230,-1
413,185746,1
413,084312,-1
413,032025,-1
413,059665,-1
413,100794,-1
413,242264,-1
413,164681,-1
413,218031,-1
413,160423,-1
413,209950,1
413,155533,-1
413,123356,-1
413,070663,-1
413,170046,-1
413,157888,-1
413,198358,-1
413,242140,1
413,049272,-1
413,135149,-1
413,197911,-1
413,156760,-1
413,004093,-1
413,019024,-1
413,210573,-1
413,267746,-1
413,090275,-1
413,023200,-1
413,159029,-1
413,122172,-1
413,135584,-1
413,221934,-1
413,134314,-1
413,123640,-1
413,186796,-1
413,150928,1
413,145705,1
413,202662,1
413,202687,1
413,071720,-1
413,233729,-1
413,153071,-1
413,167970,-1
413,263908,1
413,263954,1
413,259933,-1
413,259939,-1
413,117939,-1
413,150841,-1
413,230206,-1
413,147374,-1
413,130155,-1
413,222425,1
413,059678,-1
413,138242,-1
413,225236,-1
413,202456,-1
413,094989,-1
413,191869,-1
413,231566,-1
413,153226,-1
413,160294,-1
413,061119,-1
413,146602,-1
413,252560,-1
413,202750,-1
413,145216,-1
413,124058,-1
413,192709,-1
413,153675,-1
413,197495,-1
413,141190,1
413,267343,-1
413,230394,1
413,230413,1
413,227828,-1
413,230393,1
413,230321,-1
413,230293,-1
413,122607,-1
413,130374,1
413,276413,-1
413,181025,-1
413,115346,-1
413,261985,1
413,285202,-1
413,137238,-1
413,016561,-1
413,151146,-1
413,195780,-1
413,285033,-1
413,131710,-1
413,061730,-1
413,097780,-1
413,283167,-1
413,066554,-1
413,186676,-1
413,159436,1
413,207655,-1
413,035784,-1
413,150534,-1
413,034240,-1
413,158299,-1
413,170143,-1
413,152798,-1
413,124896,-1
413,177846,-1
413,191972,-1
413,058326,-1
413,178070,-1
413,105030,-1
413,200729,-1
413,191342,-1
413,221889,-1
413,141586,-1
413,240349,1
413,102004,-1
413,168615,-1
413,238497,-1
413,243059,-1
413,149984,-1
413,123934,-1
413,222454,-1
413,009775,-1
413,136572,-1
413,197782,-1
413,004871,-1
413,252911,-1
413,169251,-1
413,061701,-1
413,125335,-1
413,279513,-1
413,002124,1
413,024167,-1
413,120932,-1
413,141691,-1
413,207260,-1
413,151450,-1
413,133096,-1
413,159026,-1
413,141183,-1
413,236121,-1
413,096870,-1
413,191087,-1
413,227557,1
413,176056,-1
413,082560,-1
413,006528,-1
413,256823,-1
413,155126,-1
413,015236,-1
413,011615,-1
413,182492,-1
413,000921,-1
413,217848,-1
413,084325,-1
413,025697,-1
413,164685,-1
413,000952,-1
413,127224,-1
413,104893,-1
413,058518,-1
413,195802,-1
413,046144,-1
413,159002,-1
413,221873,-1
413,013298,-1
413,259161,-1
413,168616,-1
413,014161,1
413,190735,-1
413,147092,-1
413,157814,-1
413,135930,-1
413,049496,-1
413,246455,-1
413,260053,-1
413,200637,1
413,265497,-1
413,028617,-1
413,000659,-1
413,145655,1
413,145436,-1
413,031551,-1
413,125829,-1
413,139845,-1
413,003477,-1
413,230103,-1
413,180541,-1
413,259326,-1
413,008659,-1
413,179849,-1
413,070170,-1
413,224280,-1
413,165857,-1
413,160416,-1
413,071035,-1
413,268910,-1
413,027544,-1
413,008153,-1
413,112711,-1
413,005603,-1
413,148036,-1
413,134451,-1
413,262137,-1
413,227906,-1
413,230418,-1
413,025253,-1
413,117614,-1
413,254236,-1
413,001480,-1
413,190854,-1
413,154560,1
413,193042,-1
413,000432,-1
413,000301,-1
413,031948,-1
413,089471,-1
413,125645,-1
413,241933,-1
413,153719,-1
413,125397,-1
413,075211,-1
413,165952,-1
413,102015,-1
413,270006,-1
413,134609,-1
413,196863,-1
413,197986,-1
413,125504,-1
413,149930,-1
413,026732,-1
413,202431,-1
413,003680,-1
413,150454,-1
413,155765,-1
413,085037,-1
413,011256,-1
413,189810,-1
413,006002,-1
413,041044,-1
413,176240,-1
413,213516,-1
413,153515,-1
413,010467,-1
413,239307,-1
413,187525,-1
413,289043,-1
413,089488,-1
413,234088,-1
413,181086,-1
413,053302,-1
413,169554,-1
413,224281,-1
413,283337,-1
413,002534,-1
413,161283,-1
413,132575,1
413,220593,-1
413,001618,-1
413,034246,-1
413,219204,-1
413,001664,-1
413,276527,-1
413,214147,-1
413,009899,-1
413,079809,-1
413,176214,-1
413,095479,-1
413,002040,-1
413,119170,-1
413,155289,1
413,015493,-1
413,197156,-1
413,264207,-1
413,195869,-1
413,231901,-1
413,050987,-1
413,103343,-1
413,153148,-1
413,072373,-1
413,252834,-1
413,196698,-1
413,034067,-1
413,179425,-1
413,196480,-1
413,196864,-1
413,018483,-1
413,158271,-1
413,133913,-1
413,152782,-1
413,176736,-1
413,145387,-1
413,058226,-1
413,113682,-1
413,231287,-1
413,062536,-1
413,125037,-1
413,110082,-1
413,011286,-1
413,230140,-1
413,238472,-1
413,228008,-1
413,156715,-1
413,028917,-1
413,108481,-1
413,165871,-1
413,193751,-1
413,150929,-1
413,137067,-1
413,159260,-1
413,007207,-1
413,235639,-1
413,286873,-1
413,061485,-1
413,197920,-1
413,221966,-1
413,019044,-1
413,153677,-1
413,088619,-1
413,060579,-1
413,037241,-1
413,255354,-1
413,157151,1
413,157104,1
413,195816,-1
413,202232,-1
413,000951,-1
413,264698,-1
413,062368,-1
413,231544,-1
413,202483,1
413,109903,-1
413,219344,1
413,033727,-1
413,074573,-1
413,239268,-1
413,229193,-1
413,145551,-1
413,093915,-1
413,166846,-1
413,137542,-1
413,289135,-1
413,181519,-1
413,103238,-1
413,235348,-1
413,023779,-1
413,220282,-1
413,090543,-1
413,013303,-1
413,149929,-1
413,187631,-1
413,195547,-1
413,128712,-1
413,116774,-1
413,241896,-1
413,254233,-1
413,188484,-1
413,285204,-1
413,154123,-1
413,199416,-1
413,066002,-1
413,182112,1
413,176256,1
413,176138,-1
413,176083,-1
413,175738,-1
413,001488,-1
413,141720,-1
413,170010,-1
413,161268,-1
413,067422,-1
413,155495,-1
413,191572,-1
413,193639,-1
413,017499,-1
413,202723,1
413,150856,-1
413,176188,-1
413,083460,-1
413,145240,-1
413,033545,-1
413,014707,-1
413,146385,-1
413,156610,-1
413,086674,-1
413,041648,-1
413,253463,-1
413,156377,1
413,252569,-1
413,259021,-1
413,229945,-1
413,196693,-1
413,192126,-1
413,141723,-1
413,195770,1
413,195580,1
413,194394,-1
413,194161,-1
413,118734,-1
414,140396,-1
414,234955,-1
414,152134,-1
414,131575,1
414,131578,1
414,131570,1
414,131576,1
414,131574,1
414,133368,1
414,000755,1
414,130061,1
414,130088,1
414,162879,-1
414,130092,1
414,130167,1
414,196941,1
414,196928,1
414,196680,1
414,138686,1
414,232406,-1
414,194367,1
414,131925,1
414,131565,1
414,130487,1
414,130698,1
414,130497,1
414,130522,1
414,130491,1
414,130511,1
414,130495,1
414,130711,1
414,130518,1
414,130704,1
414,130696,1
414,130952,1
414,129994,1
414,006734,1
414,129376,1
414,129937,1
414,140262,1
414,132554,1
414,129456,1
414,129378,1
414,129379,1
414,129374,1
414,129375,1
414,129371,1
414,129373,1
414,129372,1
414,129448,1
414,129381,1
414,017632,1
414,129355,1
414,129452,1
414,129441,1
414,129447,1
414,129434,1
414,129809,1
414,132044,1
414,140220,1
414,129934,1
414,129989,1
414,144617,1
414,144128,1
414,143960,1
414,143958,1
414,143938,1
414,144724,1
414,069649,1
414,102822,1
414,144853,1
414,144582,1
414,144054,1
414,144271,1
414,144060,1
414,143182,1
414,144053,1
414,143927,1
414,147609,1
414,144270,1
414,144100,1
414,144721,1
414,010966,1
414,144048,1
414,144569,1
414,144556,1
414,144183,1
414,144810,1
414,147589,1
414,144632,1
414,144722,1
414,144650,1
414,140394,1
414,144564,1
414,144725,1
414,140176,1
414,143165,1
414,142691,1
414,142750,1
414,140960,-1
414,008264,1
414,202105,-1
414,142751,1
414,142745,1
414,132060,1
414,138943,1
414,140920,0
414,129987,1
414,138931,1
414,129992,1
414,143467,1
414,138913,1
414,139211,1
414,138915,1
414,138803,1
414,134000,1
414,129014,1
414,140186,1
414,018126,-1
414,131611,1
414,141131,1
414,138810,1
414,132779,1
414,002889,1
414,132821,1
414,131588,1
414,131696,1
414,132780,1
414,131701,1
414,138854,1
414,138843,1
414,139314,1
414,138867,1
414,002207,1
414,138405,1
414,006573,1
414,135019,1
414,139522,1
414,139399,1
414,134997,1
414,002741,1
414,133670,1
414,139296,1
414,134905,1
414,139727,1
414,139396,1
414,136638,1
414,133999,1
414,139765,1
414,129808,1
414,147614,1
414,129729,1
414,133660,1
414,138797,1
414,138816,1
414,138632,1
414,129712,1
414,138981,1
414,129834,1
414,139517,1
414,131608,1
414,130877,1
414,148717,-1
414,132786,1
414,002682,1
414,002927,1
414,134064,1
414,131713,1
414,138983,1
414,131609,1
414,129807,1
414,140263,1
414,131700,1
414,079861,-1
414,138973,1
414,002542,1
414,129880,1
414,141101,1
414,130116,0
414,132559,1
414,144164,1
414,150967,-1
414,139439,1
414,138636,1
414,006624,1
414,141986,1
414,138525,1
414,143408,1
414,139134,1
414,006417,1
414,006388,1
414,138955,0
414,144175,1
414,147566,1
414,144135,1
414,139987,1
414,144160,1
414,139977,1
414,006436,1
414,222669,-1
414,144134,1
414,130898,1
414,138769,1
414,139965,1
414,003607,1
414,197336,1
414,138507,1
414,130860,1
414,140730,-1
414,138749,1
414,134895,1
414,275837,1
414,006690,-1
414,132639,0
414,147720,1
414,133019,1
414,134093,1
414,138767,1
414,143415,1
414,138748,1
414,152878,-1
414,130864,1
414,002928,1
414,196646,1
414,196668,1
414,196670,1
414,196661,1
414,196655,1
414,102740,1
414,006369,1
414,102801,1
414,198620,1
414,198626,1
414,198624,1
414,069567,1
414,069628,1
414,195236,1
414,195317,1
414,195378,1
414,195349,1
414,195228,1
414,195404,1
414,195204,1
414,202755,-1
414,129860,-1
414,134073,1
414,134068,1
414,132996,-1
414,136916,0
414,177432,1
414,238033,-1
414,133638,1
414,133812,1
414,130871,1
414,133984,1
414,132678,1
414,134830,1
414,131587,1
414,192997,1
414,002765,1
414,192939,1
414,255925,-1
414,197365,1
414,275773,-1
414,134837,1
414,138576,-1
414,140972,1
414,141100,1
414,255523,-1
414,147423,1
414,143421,1
414,136686,1
414,015179,-1
414,151756,-1
414,144954,1
414,143420,1
414,198541,1
414,131763,1
414,144935,1
414,148166,1
414,141345,1
414,196091,0
414,144956,1
414,144945,1
414,144948,1
414,132693,1
414,144952,1
414,147416,1
414,060193,-1
414,132694,1
414,131790,1
414,152503,-1
414,148775,-1
414,013779,1
414,132446,1
414,144968,1
414,205251,-1
414,131600,1
414,137392,1
414,139758,1
414,129849,1
414,133779,1
414,002890,1
414,131761,1
414,132431,1
414,139346,-1
414,132419,1
414,131772,1
414,141082,1
414,147406,1
414,006634,1
414,133980,1
414,130909,1
414,081193,-1
414,012079,1
414,122892,1
414,240427,-1
414,199203,1
414,130844,1
414,115297,1
414,002509,-1
414,197256,1
414,064807,-1
414,134896,1
414,133794,1
414,133780,1
414,155630,-1
414,130280,1
414,213841,-1
414,142085,-1
414,256717,-1
414,085633,1
414,132384,1
414,131612,-1
414,134832,1
414,130251,1
414,132655,1
414,130758,1
414,132642,1
414,131580,1
414,132147,1
414,132166,1
414,132168,1
414,132164,1
414,132159,0
414,131805,1
414,132459,1
414,132543,1
414,132644,0
414,129019,1
414,161056,-1
414,130244,1
414,130230,1
414,130243,1
414,130257,1
414,130253,1
414,130265,1
414,009964,1
414,061075,-1
414,131799,1
414,131685,1
414,017965,-1
414,141915,1
414,131884,1
414,133755,1
414,131876,1
414,006299,1
414,226533,1
414,006608,0
414,249339,-1
414,114662,1
414,135816,-1
414,129686,-1
414,137458,-1
414,140973,1
414,141332,-1
414,200458,1
414,136931,0
414,122585,-1
414,226019,-1
414,132555,1
414,131952,-1
414,130477,-1
414,199174,1
414,131726,1
414,266378,1
414,177414,-1
414,135993,0
414,255275,-1
414,139067,1
414,069824,1
414,102997,1
414,131593,-1
414,018274,1
414,128911,1
414,144338,-1
414,243294,-1
414,132152,1
414,138394,1
414,131617,-1
414,139198,0
414,132148,1
414,112234,-1
414,161721,1
414,132153,1
414,132145,-1
414,202756,-1
414,255577,-1
414,129405,-1
414,221175,-1
414,220654,1
414,185640,-1
414,133944,1
414,131748,1
414,157909,1
414,002886,1
414,260026,-1
414,147055,1
414,156501,1
414,150966,0
414,156497,-1
414,240494,-1
414,139726,0
414,182683,-1
414,002447,1
414,205280,-1
414,138990,1
414,279957,-1
414,199079,1
414,199090,1
414,131717,0
414,260672,-1
414,095697,-1
414,136929,0
414,132150,1
414,238035,-1
414,132146,0
414,006435,1
414,132129,-1
414,220660,-1
414,258822,-1
414,045433,-1
414,139456,1
414,128717,-1
414,111283,-1
414,138382,-1
414,196769,-1
414,013946,-1
414,101246,1
414,101245,1
414,101243,1
414,101241,1
414,101256,-1
414,099196,-1
414,142799,-1
414,152060,-1
414,114660,1
414,138390,1
414,138393,1
414,149899,-1
414,142111,-1
414,257879,-1
414,101252,-1
414,199075,1
414,131220,-1
414,200666,-1
414,012785,1
414,146129,1
414,111818,-1
414,151041,-1
414,136475,-1
414,280878,-1
414,234076,-1
414,138575,-1
414,161993,1
414,266375,0
414,115802,0
414,001765,-1
414,245037,-1
414,007944,-1
414,132160,1
414,121933,-1
414,198537,1
414,152030,-1
414,130401,1
414,158563,-1
414,130454,0
414,149643,-1
414,227007,-1
414,226463,1
414,136914,0
414,204937,1
414,204651,1
414,204547,1
414,203701,1
414,218536,1
414,151739,-1
414,039835,-1
414,150077,-1
414,202749,-1
414,144747,-1
414,227246,-1
414,131162,-1
414,243293,-1
414,196522,1
414,132058,-1
414,005969,-1
414,130337,1
414,130357,1
414,131614,1
414,131621,1
414,131616,-1
414,130371,1
414,131620,1
414,132643,0
414,227023,-1
414,256709,-1
414,289854,-1
414,200662,-1
414,221211,-1
414,131661,0
414,010227,-1
414,139341,-1
414,133126,-1
414,185664,-1
414,118716,-1
414,226421,1
414,275836,-1
414,196366,1
414,132161,-1
414,067512,0
414,151691,1
414,151726,-1
414,137072,1
414,081936,-1
414,253748,-1
414,137462,-1
414,161738,-1
414,222313,-1
414,111820,-1
414,144590,1
414,138427,-1
414,112236,-1
414,132141,-1
414,141939,1
414,002264,0
414,159764,-1
414,141912,1
414,139763,0
414,015452,-1
414,150860,-1
414,066525,-1
414,192783,1
414,202071,1
414,139345,-1
414,192731,1
414,151658,0
414,105428,-1
414,137299,1
414,260225,-1
414,132416,-1
414,147360,-1
414,253750,1
414,253728,1
414,253658,1
414,148058,-1
414,240145,-1
414,138848,1
414,151689,-1
414,139964,-1
414,223636,-1
414,196210,1
414,196211,1
414,138508,1
414,138496,1
414,138503,1
414,006472,1
414,138486,-1
414,144887,-1
414,115048,1
414,115051,-1
414,006633,-1
414,101924,-1
414,136825,0
414,011378,-1
414,197899,1
414,199376,1
414,194316,1
414,197932,1
414,194312,1
414,194304,1
414,019911,-1
414,278245,-1
414,002937,-1
414,202757,-1
414,256671,0
414,157817,-1
414,150026,0
414,140497,-1
414,132457,1
414,115165,-1
414,131880,-1
414,256759,-1
414,131975,-1
414,140814,0
414,137461,-1
414,160400,-1
414,202104,-1
414,143506,-1
414,140369,-1
414,098374,-1
414,221990,-1
414,153204,-1
414,131186,-1
414,231796,-1
414,217340,-1
414,162533,-1
414,101097,-1
414,129128,-1
414,142119,-1
414,018152,-1
414,140380,-1
414,232420,-1
414,139454,-1
414,157466,-1
414,099474,-1
414,064209,-1
414,197863,1
414,197865,1
414,229446,-1
414,257516,-1
414,130824,1
414,130756,1
414,131084,1
414,069821,-1
414,131010,-1
414,159844,-1
414,156414,-1
414,262133,-1
414,138543,-1
414,006302,-1
414,243672,-1
414,133182,1
414,178351,1
414,081217,-1
414,241816,-1
414,158554,-1
414,196886,1
414,148064,-1
414,232400,-1
414,130751,1
414,130722,1
414,130798,1
414,131138,1
414,233904,-1
414,155579,-1
414,122556,-1
414,226266,-1
414,002853,-1
414,104135,-1
414,190470,1
414,190459,1
414,158296,1
414,196095,1
414,177419,1
414,192846,1
414,214487,-1
414,153663,-1
414,147404,1
414,079852,-1
414,220011,-1
414,239263,-1
414,102994,-1
414,222862,-1
414,133191,1
414,133169,0
414,006749,-1
414,194219,1
414,194176,1
414,131235,1
414,131228,1
414,131013,1
414,200644,-1
414,150585,-1
414,100212,-1
414,200375,1
414,234936,-1
414,138350,1
414,144631,-1
414,138374,-1
414,039585,-1
414,182687,-1
414,143572,-1
414,220506,-1
414,156462,-1
414,285980,1
414,152059,-1
414,152347,-1
414,177403,1
414,258572,-1
414,177418,1
414,143317,0
414,185071,-1
414,196058,0
414,192302,-1
414,147065,-1
414,262317,-1
414,137460,-1
414,148956,-1
414,193472,-1
414,255441,1
414,196025,-1
414,140847,-1
414,140414,-1
414,151646,1
414,157805,1
414,008887,-1
414,131350,-1
414,194183,1
414,197532,-1
414,190473,-1
414,125291,-1
414,225002,-1
414,256611,1
414,200950,1
414,279829,-1
414,013729,1
414,145015,-1
414,159833,-1
414,009270,-1
414,224126,1
414,273415,-1
414,039682,-1
414,138484,-1
414,259251,-1
414,010257,-1
414,194136,0
414,179926,-1
414,004512,-1
414,202653,-1
414,101111,-1
414,061668,-1
414,213102,-1
414,182809,-1
414,163063,-1
414,256706,-1
414,101869,-1
414,146038,-1
414,265119,-1
414,138491,1
414,138422,-1
414,113747,-1
414,178091,-1
414,135877,0
414,160540,-1
414,036747,-1
414,197226,1
414,096893,1
414,070962,-1
414,000715,-1
414,287645,-1
414,151707,-1
414,173785,1
414,161269,1
414,173789,1
414,206181,1
414,116801,-1
414,162711,1
414,177404,-1
414,123283,1
414,119843,-1
414,108974,-1
414,147946,-1
414,152790,-1
414,178089,0
414,122730,-1
414,256872,-1
414,072255,-1
414,090775,-1
414,140412,-1
414,234037,-1
414,061074,-1
414,232257,1
414,233090,1
414,232727,1
414,233091,1
414,233334,-1
414,232808,1
414,233351,1
414,233326,1
414,141990,-1
414,252160,-1
414,186329,-1
414,200380,1
414,224620,1
414,224628,1
414,224562,1
414,233419,-1
414,256618,-1
414,115381,1
414,115354,1
414,115349,1
414,115341,1
414,210601,1
414,121405,-1
414,110041,-1
414,232281,-1
414,157465,-1
414,199512,-1
414,132975,-1
414,195381,0
414,266308,1
414,009029,-1
414,224125,-1
414,283267,-1
414,194954,1
414,069865,-1
414,243660,-1
414,147086,-1
414,210000,-1
414,138498,-1
414,112393,-1
414,233491,-1
414,130671,-1
414,255948,1
414,255945,1
414,255934,1
414,289855,-1
414,157810,-1
414,121747,-1
414,233909,-1
414,246429,-1
414,213185,-1
414,207424,1
414,269770,-1
414,198339,1
414,198333,1
414,198312,-1
414,198307,-1
414,150696,-1
414,267522,-1
414,256563,1
414,256565,1
414,123638,-1
414,154536,-1
414,255923,-1
414,252472,-1
414,226960,-1
414,199777,1
414,199804,1
414,134234,-1
414,200676,-1
414,205351,1
414,151047,0
414,165382,-1
414,133308,0
414,131380,-1
414,255415,-1
414,205350,1
414,151649,1
414,197390,-1
414,012384,-1
414,158363,-1
414,109034,1
414,156638,-1
414,121926,-1
414,151065,-1
414,190751,-1
414,101520,-1
414,137183,-1
414,202751,-1
414,254619,1
414,202221,-1
414,081230,-1
414,237588,1
414,234081,-1
414,148691,-1
414,254612,1
414,093715,-1
414,200962,1
414,224094,1
414,224096,1
414,232337,-1
414,202636,-1
414,269771,-1
414,191921,-1
414,140822,0
414,196011,0
414,219128,1
414,219118,1
414,223031,1
414,223029,1
414,222593,1
414,223028,1
414,199759,1
414,199784,1
414,196905,1
414,258499,-1
414,199803,1
414,231163,1
414,097037,-1
414,201566,1
414,197544,1
414,196578,1
414,221880,1
414,196602,1
414,197885,1
414,223022,1
414,223019,1
414,223023,1
414,222592,1
414,220112,1
414,199745,1
414,205360,1
414,195482,1
414,197225,1
414,206049,-1
414,224124,-1
414,197822,1
414,231857,1
414,210882,1
414,142642,-1
414,197384,-1
414,268383,0
414,196728,-1
414,241818,-1
414,196009,-1
414,201791,1
414,211720,-1
414,199811,1
414,253856,1
414,253844,1
414,231245,1
414,254812,1
414,231166,1
414,201712,1
414,201707,1
414,201550,1
414,253847,1
414,242727,-1
414,114813,-1
414,079294,1
414,253572,-1
414,256064,-1
414,197679,1
414,197674,1
414,019640,-1
414,196598,-1
414,150081,-1
414,200540,-1
414,155497,-1
414,146746,-1
414,202595,-1
414,226946,-1
414,255389,0
414,238303,-1
414,194130,0
414,131778,-1
414,227122,-1
414,028161,-1
414,138006,-1
414,251187,-1
414,147850,-1
414,144345,-1
414,233410,1
414,233437,-1
414,097639,-1
414,197457,-1
414,199454,-1
414,254747,1
414,140571,-1
414,123302,1
414,210884,1
414,197366,-1
414,252486,-1
414,112761,-1
414,007318,-1
414,161022,-1
414,241872,-1
414,008865,-1
414,103038,-1
414,151035,-1
414,232469,-1
414,193047,-1
414,235792,1
414,139718,0
414,289871,-1
414,201796,-1
414,201306,1
414,201305,-1
414,061141,1
414,061179,1
414,061181,-1
414,234493,-1
414,092694,-1
414,253827,1
414,152603,-1
414,199839,1
414,201536,1
414,093718,-1
414,151048,-1
414,211379,-1
414,289853,0
414,221908,-1
414,192966,-1
414,287644,-1
414,130611,-1
414,234749,-1
414,222299,-1
414,121539,-1
414,197819,1
414,131883,1
414,129429,-1
414,154683,-1
414,130426,-1
414,140848,0
414,133776,-1
414,093913,-1
414,201603,0
414,243630,-1
414,009726,-1
414,199604,1
414,200172,-1
414,002451,-1
414,152039,-1
414,141169,1
414,093237,1
414,141749,-1
414,151440,-1
414,261160,-1
414,213550,-1
414,082043,-1
414,213872,-1
414,196748,-1
414,114830,-1
414,136168,0
414,226018,0
414,119215,-1
414,028985,-1
414,256615,-1
414,260570,-1
414,198670,-1
414,197966,1
414,112252,-1
414,120857,-1
414,151472,-1
414,178867,-1
414,266333,1
414,266911,1
414,125566,-1
414,130999,-1
414,264605,0
414,151676,1
414,113595,-1
414,141583,-1
414,217202,-1
414,161997,1
414,260525,-1
414,154652,-1
414,194035,0
414,275018,-1
414,202155,-1
414,162250,-1
414,152672,-1
414,273902,-1
414,255947,1
414,254783,0
414,255944,1
414,255933,1
414,253604,1
414,254751,1
414,254707,1
414,226933,-1
414,151698,0
414,101630,-1
414,256071,-1
414,252461,-1
414,009352,-1
414,088588,-1
414,212272,-1
414,168338,1
414,168327,-1
414,199831,-1
414,237509,-1
414,196355,0
414,129126,-1
414,156464,-1
414,150066,-1
414,148116,0
414,289329,-1
414,134213,-1
414,018195,1
414,128964,1
414,200687,-1
414,141711,-1
414,127014,-1
414,256891,-1
414,130858,-1
414,256152,0
414,147353,-1
414,152791,-1
414,192073,1
414,153164,-1
414,205873,-1
414,162710,-1
414,253573,-1
414,079932,-1
414,122700,-1
414,070854,-1
414,196600,1
414,142725,-1
414,245035,-1
414,153536,-1
414,101352,-1
414,289681,-1
414,234347,-1
414,219365,1
414,219386,1
414,158044,-1
414,037581,-1
414,198530,1
414,196730,-1
414,114734,-1
414,150071,-1
414,081185,-1
414,027375,-1
414,198321,-1
414,262753,-1
414,194412,1
414,240261,-1
414,140340,-1
414,228869,-1
414,000956,-1
414,209385,-1
414,282883,-1
414,160247,1
414,098361,-1
414,193069,1
414,010285,1
414,122613,1
414,122612,1
414,121925,-1
414,243649,-1
414,074627,-1
414,098410,-1
414,059885,-1
414,109790,-1
414,178037,-1
414,145915,-1
414,167791,-1
414,139582,0
414,147658,-1
414,241271,-1
414,164711,-1
414,189223,-1
414,150514,-1
414,243609,-1
414,005338,-1
414,150934,-1
414,263117,1
414,252789,1
414,199297,-1
414,254773,0
414,258573,-1
414,119563,-1
414,268122,-1
414,111534,-1
414,199473,1
414,235265,-1
414,214144,1
414,130613,-1
414,256637,-1
414,224014,1
414,226267,-1
414,250020,-1
414,006064,-1
414,259461,-1
414,194783,1
414,190230,-1
414,112072,-1
414,159571,-1
414,131351,-1
414,162183,-1
414,230592,-1
414,254786,0
414,115160,-1
414,143963,-1
414,199778,1
414,202233,-1
414,157512,-1
414,115725,-1
414,194018,0
414,136170,0
414,200686,-1
414,156639,-1
414,177438,-1
414,233063,-1
414,122454,1
414,010163,1
414,017949,-1
414,132776,-1
414,129140,-1
414,009507,-1
414,131865,-1
414,110523,-1
414,142405,-1
414,152058,-1
414,122573,-1
414,213024,-1
414,115416,-1
414,153356,-1
414,158023,-1
414,086745,-1
414,262132,-1
414,148702,-1
414,145450,1
414,145434,-1
414,145427,-1
414,145435,-1
414,251616,-1
414,175348,-1
414,064156,-1
414,170435,-1
414,126259,-1
414,252870,1
414,126992,-1
414,255912,1
414,268368,0
414,254778,0
414,186326,-1
414,214158,1
414,193696,1
414,242852,-1
414,194444,-1
414,168951,-1
414,250695,1
414,250537,1
414,154872,-1
414,194023,0
414,043166,-1
414,215719,-1
414,213084,-1
414,121929,-1
414,196456,-1
414,151749,-1
414,153669,-1
414,229710,-1
414,241588,-1
414,100149,-1
414,099926,-1
414,246421,-1
414,093713,-1
414,116466,-1
414,205983,-1
414,081213,-1
414,272364,-1
414,141091,-1
414,150107,-1
414,273727,-1
414,240136,-1
414,241625,-1
414,212006,-1
414,231159,1
414,270246,1
414,270248,1
414,262857,1
414,262855,1
414,269616,1
414,219117,-1
414,153662,-1
414,132844,-1
414,267926,-1
414,156463,-1
414,131988,-1
414,256085,-1
414,280988,-1
414,114736,-1
414,194008,0
414,196586,-1
414,061270,-1
414,220465,1
414,220420,1
414,220484,1
414,243084,-1
414,225694,-1
414,253630,-1
414,143032,-1
414,199809,1
414,198550,1
414,198643,1
414,219595,1
414,178092,-1
414,199638,1
414,157353,-1
414,235625,-1
414,277942,-1
414,257309,-1
414,114722,-1
414,219953,-1
414,213979,-1
414,213089,-1
414,147934,-1
414,198691,-1
414,196296,-1
414,201545,-1
414,267191,-1
414,256694,-1
414,142657,-1
414,226932,-1
414,027275,1
414,143970,-1
414,150031,1
414,108973,-1
414,134149,-1
414,150915,1
414,254813,1
414,254818,1
414,151652,1
414,122575,-1
414,140570,-1
414,199876,-1
414,100967,-1
414,182815,-1
414,133167,-1
414,101218,-1
414,193470,-1
414,243735,-1
414,161933,-1
414,081226,-1
414,251652,-1
414,230905,-1
414,223581,-1
414,237587,-1
414,123912,-1
414,151641,-1
414,256109,-1
414,194849,-1
414,269135,1
414,269742,-1
414,234428,1
414,214163,1
414,215706,-1
414,220483,1
414,269216,1
414,141756,-1
414,152585,-1
414,162165,-1
414,220168,1
414,178299,-1
414,112713,-1
414,269062,1
414,269219,1
414,269037,1
414,269038,1
414,269363,1
414,269034,-1
414,257509,-1
414,269056,0
414,244102,-1
414,272264,-1
414,094302,-1
414,289870,-1
414,149894,-1
414,255186,-1
414,019702,-1
414,140599,-1
414,150561,-1
414,067807,-1
414,144531,-1
414,017876,-1
414,200168,-1
414,156394,-1
414,134038,-1
414,000468,-1
414,150593,-1
414,222160,0
414,155610,1
414,155611,1
414,155703,-1
414,155508,-1
414,003430,-1
414,286295,-1
414,155214,-1
414,129901,0
414,156191,-1
414,155358,-1
414,212167,1
414,161955,-1
414,008862,-1
414,151663,-1
414,119608,-1
414,234348,-1
414,080274,-1
414,096673,-1
414,161569,-1
414,233399,1
414,078306,-1
414,069797,-1
414,132079,-1
414,091076,-1
414,152635,0
414,143316,0
414,151665,-1
414,121974,-1
414,141118,-1
414,156451,-1
414,188857,-1
414,230622,-1
414,269254,1
414,131468,-1
414,269041,1
414,137425,-1
414,234266,-1
414,136078,0
414,220497,-1
414,124008,-1
414,167146,1
414,167201,1
414,167248,1
414,167296,1
414,167297,1
414,168168,-1
414,273724,-1
414,131663,1
414,157352,-1
414,150208,-1
414,027786,0
414,245034,-1
414,192884,1
414,192852,1
414,244696,1
414,061161,-1
414,159858,-1
414,008730,-1
414,162243,1
414,220155,1
414,135364,-1
414,258047,1
414,263028,1
414,231475,0
414,196247,-1
414,115720,-1
414,224564,-1
414,269604,1
414,269160,1
414,268985,1
414,269109,1
414,268978,1
414,027274,-1
414,168267,-1
414,020034,-1
414,101950,-1
414,198914,1
414,269737,-1
414,222009,-1
414,252471,-1
414,253485,-1
414,196314,-1
414,003819,-1
414,198433,1
414,150512,-1
414,258702,1
414,196208,0
414,223105,-1
414,103878,-1
414,066816,-1
414,246541,-1
414,151752,-1
414,253139,-1
414,219956,-1
414,102970,-1
414,198910,-1
414,230101,-1
414,272274,-1
414,233831,0
414,101939,-1
414,100975,-1
414,112654,-1
414,149586,-1
414,223325,1
414,169080,-1
414,119167,-1
414,147935,-1
414,196309,0
414,104027,-1
414,038287,-1
414,221323,-1
414,256150,1
414,242498,-1
414,115046,-1
414,280395,-1
414,249340,-1
414,278863,-1
414,136356,-1
414,168093,-1
414,262295,-1
414,256055,-1
414,212271,-1
414,143306,-1
414,200655,-1
414,116570,-1
414,233828,0
414,155711,-1
414,141342,-1
414,255267,-1
414,227040,-1
414,250808,-1
414,101957,-1
414,161573,-1
414,149960,-1
414,281363,-1
414,212976,-1
414,254267,-1
414,104867,-1
414,151751,-1
414,131330,-1
414,282227,-1
414,168268,-1
414,159541,-1
414,094311,-1
414,135853,-1
414,199086,-1
414,233752,-1
414,144739,-1
414,143273,0
414,145951,-1
414,198304,-1
414,185072,-1
414,152617,-1
414,060001,-1
414,243648,-1
414,225616,-1
414,138885,-1
414,259040,-1
414,281303,-1
414,234332,-1
414,004890,-1
414,217405,-1
414,215715,-1
414,150011,1
414,150029,1
414,150037,1
414,150019,1
414,151821,-1
414,088528,-1
414,201475,1
414,148816,-1
414,010061,-1
414,256004,-1
414,129203,-1
414,189130,-1
414,193164,-1
414,258059,-1
414,253207,-1
414,234461,-1
414,197930,-1
414,128362,-1
414,211319,1
414,211347,1
414,093642,-1
414,134210,-1
414,213183,0
414,109734,-1
414,002488,-1
414,163662,-1
414,144936,-1
414,260453,-1
414,150556,-1
414,092687,-1
414,098053,1
414,150499,-1
414,164574,-1
414,263746,-1
414,144328,-1
414,003960,-1
414,155222,-1
414,017038,1
414,170993,1
414,167698,-1
414,241658,1
414,152604,-1
414,193473,-1
414,090784,-1
414,002097,-1
414,115117,-1
414,071694,-1
414,250880,-1
414,222005,1
414,213173,-1
414,150609,-1
414,177416,1
414,179038,-1
414,163194,-1
414,227157,-1
414,223369,1
414,256543,1
414,256053,-1
414,196297,0
414,267540,-1
414,093637,-1
414,162251,1
414,153056,-1
414,231486,1
414,162184,-1
414,008534,1
414,145474,-1
414,162535,-1
414,202382,-1
414,150063,-1
414,207281,0
414,199491,1
414,097038,-1
414,212162,1
414,201586,0
414,224569,-1
414,231774,1
414,013736,-1
414,010559,-1
414,256555,1
414,086559,-1
414,134041,-1
414,139488,-1
414,201517,-1
414,201513,1
414,232464,-1
414,094765,-1
414,238380,0
414,045264,-1
414,221992,-1
414,225555,-1
414,276249,-1
414,252713,-1
414,265043,-1
414,246416,-1
414,162534,-1
414,149425,-1
414,067584,-1
414,224029,1
414,220423,1
414,222515,-1
414,190243,-1
414,279483,-1
414,151687,-1
414,135011,-1
414,255004,-1
414,097216,-1
414,235250,-1
414,142825,-1
414,153555,-1
414,142214,-1
414,265101,-1
414,141330,-1
414,256019,-1
414,129940,-1
414,196145,1
414,200167,-1
414,253930,-1
414,213570,0
414,233469,-1
414,196331,-1
414,086743,-1
414,219832,-1
414,226924,-1
414,134278,-1
414,133346,-1
414,151660,-1
414,178095,-1
414,135414,0
414,018006,-1
414,230755,-1
414,234338,-1
414,070705,-1
414,151437,-1
414,150218,-1
414,207237,0
414,159531,-1
414,136148,-1
414,280266,1
415,285406,1
415,001711,1
415,196808,1
415,275216,1
415,275172,1
415,289391,1
415,236048,1
415,236002,1
415,236069,1
415,288820,1
415,022728,1
415,276946,1
415,035501,1
415,276932,1
415,267113,1
415,267127,1
415,267085,1
415,267099,1
415,267119,1
415,267120,1
415,267091,1
415,267104,1
415,267105,1
415,267130,1
415,267053,1
415,267108,1
415,159088,1
415,118102,1
415,193762,1
415,193760,1
415,155351,1
415,155254,1
415,155424,1
415,155385,1
415,155364,1
415,155456,1
415,155407,1
415,196880,1
415,199215,1
415,014780,1
415,097820,1
415,164394,-1
415,114679,1
415,092976,1
415,158152,1
415,162692,1
415,242785,1
415,162680,1
415,253645,1
415,198390,1
415,283308,1
415,100540,1
415,121469,1
415,199221,1
415,203352,1
415,199109,1
415,097494,1
415,230587,1
415,225954,1
415,224228,1
415,097493,1
415,197223,1
415,156435,1
415,200034,1
415,215146,1
415,215113,1
415,011392,1
415,266836,1
415,253034,1
415,234884,1
415,254110,1
415,233967,1
415,097546,1
415,079832,1
415,234446,1
415,198396,1
415,201387,1
415,234516,1
415,234003,1
415,234010,1
415,195152,1
415,259318,1
415,255081,-1
415,255335,1
415,107835,1
415,114206,1
415,202496,-1
415,065146,-1
415,043787,0
415,259317,1
415,282958,1
415,191950,-1
415,156640,1
415,203540,1
415,018465,1
415,142636,1
415,128785,1
415,285647,1
415,232212,1
415,082856,1
415,260026,1
415,082699,1
415,288012,1
415,282724,1
415,282014,-1
415,082889,1
415,219297,-1
415,138231,-1
415,288584,1
415,288586,1
415,010479,-1
415,100968,1
415,232246,1
415,100967,1
415,100964,1
415,288594,1
415,131515,1
415,288458,1
415,171288,0
415,092745,1
415,011548,-1
415,038024,1
415,154782,1
415,288600,1
415,038033,1
415,002035,-1
415,203539,1
415,095871,1
415,142650,1
415,007044,1
415,137544,1
415,155853,1
415,272246,1
415,101707,1
415,070598,1
415,260436,1
415,230357,1
415,259550,-1
415,112377,-1
415,080837,-1
415,194488,1
415,047500,-1
415,007446,-1
415,164519,-1
415,122488,-1
415,256313,-1
415,165147,1
415,233375,1
415,164281,1
415,021184,-1
415,243366,-1
415,149643,1
415,007088,1
415,120679,1
415,151869,1
415,218396,1
415,210399,1
415,077327,1
415,145904,1
415,159664,1
415,136349,-1
415,117047,-1
415,205740,1
415,284767,1
415,205445,1
415,213419,-1
415,196680,1
415,140730,-1
415,142895,1
415,146602,1
415,146695,1
415,284777,1
415,163295,1
415,156511,1
415,284793,1
415,055970,-1
415,179437,-1
415,237611,-1
415,103771,1
415,266489,1
415,018475,-1
415,103753,1
415,185664,1
415,070580,1
415,270490,-1
415,231175,0
415,141986,1
415,132550,1
415,014277,1
415,004890,-1
415,229046,1
415,146938,1
415,093450,1
415,199410,1
415,165369,-1
415,284756,1
415,148551,-1
415,062347,-1
415,003705,1
415,288882,1
415,139653,1
415,142621,1
415,010216,1
415,122534,1
415,165111,1
415,175768,-1
415,209792,1
415,138461,-1
415,196445,-1
415,198708,1
415,181956,1
415,144846,-1
415,212952,1
415,214064,1
415,117315,1
415,210099,1
415,203283,-1
415,158296,-1
415,060075,-1
415,158198,0
415,000696,1
415,238508,-1
415,001693,-1
415,139660,1
415,111424,-1
415,205001,1
415,205137,1
415,219502,1
415,204694,-1
415,204753,1
415,231114,1
415,282741,1
415,115052,1
415,204467,1
415,204774,1
415,205135,1
415,282675,1
415,204913,1
415,102035,1
415,215904,0
415,210292,1
415,204101,1
415,098565,-1
415,234676,1
415,134972,-1
415,209651,1
415,209292,1
415,209064,1
415,210051,1
415,209168,1
415,009857,1
415,209759,1
415,196565,-1
415,209174,1
415,202002,1
415,198641,1
415,209032,1
415,209663,1
415,156665,1
415,218005,1
415,205259,1
415,203368,1
415,204903,1
415,205759,1
415,218409,1
415,205145,1
415,205200,-1
415,212680,1
415,216656,1
415,160578,1
415,204302,1
415,214056,1
415,214038,1
415,212682,1
415,156703,1
415,156696,1
415,009139,-1
415,203775,-1
415,074627,1
415,207278,1
415,120150,1
415,151916,1
415,120192,1
415,005597,1
415,183711,1
415,196670,-1
415,084326,1
415,205033,1
415,121437,1
415,215027,1
415,214073,1
415,120769,1
415,023054,-1
415,092893,1
415,145862,1
415,101002,1
415,003044,1
415,133866,0
415,204367,-1
415,204125,1
415,009053,-1
415,098405,-1
415,109323,1
415,002332,-1
415,101570,-1
415,155450,-1
415,123043,1
415,123045,1
415,044622,0
415,267994,1
415,045964,-1
415,203547,-1
415,214123,1
415,218086,-1
415,090742,0
415,016073,-1
415,268976,-1
415,179651,-1
415,097134,-1
415,134353,1
415,203925,1
415,213096,1
415,209332,1
415,209331,1
415,007212,1
415,209660,-1
415,103754,1
415,070581,1
415,213980,1
415,087395,1
415,002003,-1
415,255338,-1
415,204199,1
415,233723,-1
415,213879,1
415,200341,1
415,214263,1
415,215789,0
415,283162,1
415,213365,1
415,019005,-1
415,209991,1
415,212891,-1
415,026412,1
415,143009,-1
415,091248,-1
415,121072,1
415,007600,1
415,121075,1
415,110928,-1
415,264583,1
415,155029,1
415,155000,1
415,155203,1
415,265676,1
415,154998,1
415,222669,-1
415,011583,1
415,220020,1
415,193830,1
415,142544,1
415,219966,1
415,003147,1
415,037842,1
415,014372,-1
415,002713,1
415,142553,1
415,074612,1
415,087701,-1
415,205130,1
415,208962,1
415,209185,1
415,215168,1
415,218988,1
415,206353,1
415,214135,1
415,216468,1
415,212782,1
415,205746,1
415,215426,1
415,206881,1
415,207780,1
415,204899,1
415,214545,1
415,192506,1
415,217596,1
415,208165,-1
415,008531,-1
415,214623,1
415,210211,1
415,150078,-1
415,216172,0
415,091592,1
415,204989,1
415,092711,-1
415,166854,1
415,217820,1
415,204587,1
415,234019,-1
415,129712,-1
415,209624,1
415,212043,1
415,217622,1
415,208572,1
415,217623,1
415,218084,1
415,210324,1
415,203643,0
415,166782,1
415,142363,-1
415,204593,1
415,217299,1
415,231482,1
415,200464,1
415,014969,1
415,173604,-1
415,209893,1
415,205067,1
415,205066,1
415,205303,1
415,203477,0
415,197033,-1
415,203353,1
415,283163,1
415,111151,-1
415,026857,-1
415,209790,1
415,205567,1
415,286158,-1
415,219130,1
415,212868,1
415,210732,1
415,094034,-1
415,215963,1
415,205178,1
415,205344,1
415,200097,1
415,138041,1
415,005634,-1
415,217844,1
415,204933,1
415,097144,-1
415,205513,1
415,216150,-1
415,288456,1
415,148865,-1
415,230383,1
415,230382,1
415,231442,1
415,151527,1
415,210208,1
415,148166,1
415,211910,1
415,278422,-1
415,200087,1
415,135260,1
415,202119,1
415,205405,1
415,132555,-1
415,197027,-1
415,199895,1
415,148521,1
415,213695,1
415,170366,1
415,029694,1
415,030372,1
415,035470,1
415,240672,1
415,027411,1
415,205442,1
415,207713,-1
415,157760,1
415,157757,1
415,211825,1
415,204702,1
415,120209,1
415,276176,-1
415,154635,1
415,157808,1
415,207506,-1
415,158342,1
415,070629,1
415,285050,1
415,153173,-1
415,156119,-1
415,140883,1
415,288393,-1
415,199025,1
415,267825,-1
415,102202,-1
415,147970,1
415,211858,1
415,215812,1
415,053613,1
415,204503,1
415,109765,-1
415,204522,1
415,221346,-1
415,161528,1
415,161527,1
415,161531,1
415,161565,1
415,161564,1
415,161530,1
415,153141,1
415,161533,1
415,215258,-1
415,176663,-1
415,222248,-1
415,009852,-1
415,146918,-1
415,160784,1
415,263178,-1
415,141008,1
415,140379,1
415,210278,1
415,143149,1
415,143150,1
415,143922,1
415,263257,-1
415,213806,-1
415,143920,1
415,231122,1
415,161327,1
415,199488,-1
415,110802,-1
415,279498,1
415,012762,1
415,153083,-1
415,082788,-1
415,204294,1
415,095743,1
415,161335,1
415,000894,1
415,136438,1
415,092351,1
415,210076,1
415,214356,1
415,192912,-1
415,217273,1
415,141953,-1
415,200500,1
415,269838,-1
415,208467,1
415,276886,0
415,215090,1
415,204384,-1
415,198357,1
415,217069,1
415,204798,-1
415,206125,-1
415,227981,1
415,204226,1
415,150905,1
415,010126,-1
415,161319,1
415,160259,1
415,161323,1
415,160258,1
415,160728,1
415,161351,1
415,161332,1
415,078024,1
415,217710,1
415,262551,1
415,214924,1
415,008528,1
415,217689,1
415,124621,-1
415,161353,1
415,207473,1
415,207137,1
415,158172,1
415,139965,1
415,164449,1
415,108396,1
415,155094,-1
415,162893,1
415,170012,1
415,161097,-1
415,155729,-1
415,239267,1
415,099185,1
415,213808,1
415,195256,1
415,158275,-1
415,064850,1
415,207832,1
415,128774,-1
415,214371,1
415,164753,1
415,210294,1
415,164434,1
415,001801,-1
415,204749,1
415,204255,1
415,164609,1
415,176159,1
415,209405,1
415,150888,-1
415,206520,1
415,205742,1
415,211074,1
415,203737,1
415,199888,1
415,157040,-1
415,092455,1
415,092915,1
415,285946,1
415,200365,1
415,204228,1
415,127510,-1
415,213064,1
415,199930,1
415,236664,1
415,210926,-1
415,237752,1
415,213716,-1
415,232648,1
415,129600,1
415,017294,1
415,129624,1
415,129646,1
415,128552,1
415,128579,1
415,282326,1
415,273795,1
415,224703,1
415,206727,1
415,279761,1
415,213118,-1
415,210577,1
415,151822,1
415,204465,1
415,229306,1
415,214131,1
415,259327,1
415,129841,1
415,002381,-1
415,242438,1
415,268124,1
415,151901,1
415,262128,1
415,191327,1
415,265249,1
415,228633,1
415,237231,1
415,254573,1
415,240903,1
415,286475,1
415,188146,1
415,238106,1
415,134070,1
415,231085,1
415,152038,1
415,129628,1
415,140014,-1
415,155303,1
415,016934,1
415,160199,-1
415,289033,-1
415,015088,-1
415,090732,-1
415,231030,-1
415,218010,1
415,159869,1
415,160980,1
415,283715,-1
415,218376,-1
415,159911,1
415,159914,1
415,159860,1
415,160870,1
415,160869,1
415,204970,1
415,212368,1
415,173528,1
415,163661,-1
415,150394,1
415,117316,1
415,001593,1
415,209762,-1
415,213020,1
415,207411,1
415,013307,-1
415,213885,1
415,144956,-1
415,091841,-1
415,092557,1
415,092500,1
415,092546,1
415,173382,1
415,212758,1
415,092501,-1
415,280260,1
415,280372,1
415,165112,1
415,204659,1
415,198642,-1
415,212649,-1
415,090965,1
415,071415,1
415,104588,1
415,139329,1
415,203819,-1
415,170218,1
415,185258,-1
415,206356,1
415,216158,-1
415,159684,-1
415,008769,1
415,091019,1
415,006335,1
415,204852,1
415,204942,1
415,209544,1
415,230872,-1
415,145921,1
415,216718,1
415,091040,-1
415,145367,1
415,204849,1
415,232676,1
415,203549,1
415,203560,1
415,204395,-1
415,218827,1
415,218829,1
415,164740,1
415,218825,-1
415,206200,-1
415,017026,-1
415,087411,1
415,087412,1
415,087414,1
415,087410,1
415,120652,1
415,007056,1
415,203452,1
415,204766,1
415,203229,1
415,203260,1
415,203993,1
415,203428,1
415,203253,1
415,203213,1
415,163913,-1
415,214493,1
415,216239,1
415,203750,-1
415,030274,-1
415,204109,1
415,205512,1
415,217784,1
415,200509,-1
415,204765,-1
415,204233,1
415,124275,-1
415,159790,-1
415,210384,1
415,208864,-1
415,215361,1
415,204380,1
415,198080,0
415,145358,1
415,145366,1
415,168654,-1
415,148189,-1
415,210165,1
415,218944,-1
415,109753,-1
415,187208,-1
415,287834,1
415,203930,1
415,090806,1
415,090807,1
415,002355,-1
415,264960,1
415,206205,-1
415,205895,1
415,214165,1
415,203302,1
415,218850,1
415,092177,-1
415,218801,-1
415,197271,1
415,208800,1
415,213077,-1
415,158165,-1
415,213484,1
415,136209,-1
415,086464,1
415,260512,1
415,210247,1
415,212849,1
415,260567,1
415,011673,-1
415,258684,-1
415,218888,1
415,103802,1
415,202301,1
415,213215,1
415,260546,1
415,218087,1
415,218606,-1
415,203328,1
415,217711,1
415,157731,1
415,164477,1
415,216726,1
415,201706,-1
415,086368,1
415,086867,1
415,099033,1
415,202239,1
415,214354,1
415,203496,1
415,218639,1
415,202254,1
415,211707,-1
415,217783,-1
415,192614,1
415,145092,1
415,217026,1
415,015772,1
415,237919,1
415,087867,-1
415,016405,1
415,209440,1
415,123475,-1
415,203693,-1
415,192403,1
415,014380,-1
415,217761,0
415,173585,-1
415,079457,-1
415,078662,-1
415,030393,0
415,178221,1
415,091464,1
415,162687,1
415,091481,1
415,091479,1
415,091467,1
415,009556,-1
415,136428,1
415,204236,1
415,287092,1
415,218645,1
415,147577,1
415,137118,0
415,204513,1
415,218674,-1
415,192392,1
415,218847,1
415,221451,-1
415,039083,-1
415,213303,1
415,147431,1
415,097468,1
415,287098,1
415,147377,1
415,287097,1
415,098863,-1
415,115675,-1
415,211557,1
415,124221,-1
415,216082,-1
415,195338,1
415,158359,-1
415,043101,-1
415,214963,0
415,167041,1
415,218336,1
415,196735,1
415,142173,-1
415,207126,1
415,209395,-1
415,219170,1
415,206247,1
415,215428,1
415,232999,1
415,009763,1
415,131528,-1
415,213819,1
415,211925,-1
415,214122,1
415,213780,1
415,164602,-1
415,204240,1
415,090729,0
415,214114,1
415,122159,1
415,192504,1
415,187754,1
415,085302,1
415,143491,1
415,203396,1
415,213868,1
415,218150,0
415,239944,-1
415,005608,1
415,120211,1
415,217971,1
415,214830,1
415,215149,1
415,135299,1
415,123873,-1
415,260561,1
415,260574,1
415,135300,1
415,008160,1
415,094682,1
415,165250,1
415,214671,1
415,218256,1
415,216798,1
415,204362,1
415,252575,1
415,091417,1
415,204243,1
415,204282,1
415,142930,1
415,214177,1
415,213370,1
415,243994,1
415,215415,1
415,215865,1
415,221433,-1
415,169642,-1
415,214302,1
415,204711,1
415,217879,1
415,204391,1
415,131466,-1
415,205331,1
415,204251,1
415,192278,0
415,204291,1
415,204396,1
415,204368,1
415,204277,1
415,204385,1
415,211570,1
415,207532,1
415,213145,1
415,213693,1
415,202289,1
415,152780,-1
415,207310,1
415,214818,1
415,214845,1
415,205049,1
415,227732,1
415,217788,1
415,200446,1
415,204920,0
415,204266,1
415,218158,1
415,205438,1
415,217001,1
415,200238,1
415,211566,1
415,101532,-1
415,168548,-1
415,204801,1
415,152154,-1
415,205629,-1
415,200349,1
415,082271,-1
415,155130,1
415,203374,1
415,214121,1
415,218394,1
415,205173,1
415,210468,1
415,218568,1
415,205000,1
415,217705,1
415,159930,1
415,214951,1
415,214962,1
415,214258,0
415,204853,-1
415,214111,1
415,215645,0
415,276174,-1
415,219980,1
415,144112,-1
415,217553,-1
415,217138,1
415,149497,-1
415,267282,-1
415,108356,-1
415,214940,-1
415,133722,1
415,133673,1
415,011150,-1
415,203836,1
415,027409,1
415,123106,-1
415,203355,1
415,213998,1
415,208398,-1
415,216521,1
415,218141,1
415,204106,1
415,215042,1
415,203371,1
415,203340,1
415,216915,1
415,218591,1
415,203215,1
415,063816,1
415,203262,1
415,267056,0
415,218478,1
415,204057,1
415,214310,-1
415,135664,-1
415,216896,1
415,207346,1
415,218752,1
415,203876,-1
415,205382,-1
415,218088,1
415,132143,1
415,204977,1
415,213162,1
415,142174,-1
415,217926,1
415,216510,1
415,196279,1
415,212663,1
415,205516,1
415,258446,-1
415,214255,1
415,217831,1
415,201634,1
415,214115,1
415,290018,1
415,202339,-1
415,144509,1
415,044685,-1
415,204172,1
415,017462,1
415,214116,1
415,113319,-1
415,010441,-1
415,069549,1
415,102722,1
415,169821,1
415,169881,1
415,169887,1
415,208762,-1
415,214420,1
415,189919,-1
415,217332,1
415,212424,1
415,218196,0
415,217506,1
415,215485,1
415,204174,1
415,204171,1
415,209851,1
415,234047,-1
415,217787,1
415,258700,-1
415,215083,-1
415,203900,1
415,043900,-1
415,207814,-1
415,154438,-1
415,116290,1
415,208764,-1
415,216256,1
415,209597,1
415,169819,1
415,116289,1
415,210433,1
415,150585,1
415,169904,1
415,203429,-1
415,010895,1
415,094161,1
415,019350,-1
415,233979,1
415,191269,-1
415,143018,-1
415,162763,1
415,216712,1
415,207899,1
415,085246,1
415,085296,1
415,163481,1
415,023763,-1
415,032108,1
415,031838,1
415,067118,-1
415,288430,-1
415,217979,1
415,218050,1
415,140218,1
415,215571,1
415,204529,1
415,218426,1
415,152051,1
415,204290,-1
415,154963,1
415,154969,1
415,090983,1
415,092649,1
415,115259,1
415,157058,0
415,217770,1
415,218882,1
415,097114,1
415,097117,1
415,217575,0
415,127978,1
415,165035,1
415,003762,1
415,282009,-1
415,204104,1
415,209914,-1
415,203604,1
415,201770,-1
415,185648,1
415,036175,1
415,152096,-1
415,152878,1
415,135641,1
415,285762,1
415,154941,1
415,123128,1
415,222137,-1
415,223631,1
415,163504,1
415,111479,-1
415,215977,1
415,151682,1
415,280702,-1
415,207978,-1
415,204946,1
415,218977,1
415,204105,1
415,209296,1
415,201213,1
415,086559,1
415,216311,1
415,205415,1
415,217774,0
415,169880,-1
415,214382,1
415,136874,1
415,258706,-1
415,187827,-1
415,009499,1
415,203575,-1
415,216492,1
415,139977,1
415,193720,1
415,000336,-1
415,139987,1
415,219721,1
415,169824,1
415,158351,-1
415,178728,-1
415,207938,1
415,210595,-1
415,199402,-1
415,011067,1
415,045716,-1
415,205019,1
415,009149,1
415,062460,0
415,204814,1
415,151019,1
415,043505,-1
415,146586,1
415,122651,1
415,223933,1
415,233842,-1
415,282581,1
415,129372,1
415,129373,1
415,129376,1
415,017632,1
415,129355,1
415,129379,1
415,129381,1
415,129434,1
415,129375,1
415,129374,1
415,129447,1
415,129452,1
415,129456,1
415,129371,1
415,129441,1
415,129448,1
415,129378,1
415,116801,1
415,008264,1
415,132559,1
415,165048,1
415,156644,1
415,194367,1
415,131581,1
415,148532,1
415,131952,1
415,131951,1
415,006734,1
415,096135,1
415,242580,1
415,093179,1
415,177404,1
415,268464,1
415,101806,1
415,069009,-1
415,143938,-1
415,000876,-1
415,177484,1
415,132759,-1
415,065108,1
415,160262,1
415,065149,1
415,268407,-1
415,203735,0
415,208889,1
415,103526,1
415,070353,1
415,123639,1
415,212510,-1
415,110799,-1
415,102632,1
415,069459,1
415,088198,1
415,261223,1
415,213076,-1
415,041399,-1
415,177092,-1
415,095390,-1
415,282489,1
415,282520,1
415,131516,1
415,210517,1
415,087334,1
415,214080,1
415,145970,-1
415,216540,1
415,010106,1
415,214809,-1
415,160899,-1
415,216407,-1
415,172809,1
415,283102,1
415,113370,1
415,113423,1
415,229499,1
415,216794,1
415,114434,-1
415,216098,1
415,216651,1
415,157356,1
415,213494,1
415,221464,-1
415,023633,-1
415,131350,-1
415,202651,-1
415,133395,-1
415,028134,0
415,216022,1
415,283356,-1
415,158595,-1
415,203372,-1
415,185727,1
415,183835,1
415,201615,1
415,213133,0
415,234408,-1
415,260532,1
415,205261,1
415,205263,1
415,205265,1
415,119120,1
415,218843,1
415,216228,1
415,219042,1
415,061538,-1
415,164675,1
415,160877,1
415,004840,1
415,087150,1
415,086991,1
415,131162,1
415,085412,-1
415,201215,-1
415,023146,-1
415,114537,1
415,209638,1
415,137107,1
415,218410,1
415,205727,1
415,212653,1
415,218118,0
415,198881,1
415,255021,-1
415,133672,1
415,218475,1
415,038810,-1
415,000585,-1
415,205180,1
415,203356,1
415,214010,1
415,165057,1
415,177456,1
415,151799,1
415,129692,1
415,214012,1
415,207988,1
415,166819,-1
415,152134,1
415,033180,1
415,162313,-1
415,285223,0
415,213199,1
415,177462,1
415,162096,1
415,215176,-1
415,281109,1
415,218040,-1
415,131565,1
415,139840,-1
415,203479,-1
415,281105,1
415,124257,1
415,124260,1
415,124248,1
415,123137,-1
415,140394,1
415,138686,1
415,164960,-1
415,289091,-1
415,203932,1
415,209492,1
415,177414,1
415,201212,1
415,119215,-1
415,045710,-1
415,214046,0
415,237868,1
415,207151,1
415,232235,1
415,186368,1
415,236353,-1
415,116357,1
415,212470,1
415,210733,1
415,205485,1
415,204897,1
415,215441,1
415,216062,1
415,208374,1
415,006528,1
415,279505,-1
415,242692,1
415,238239,1
415,204559,0
415,148816,1
415,150761,-1
415,269205,-1
415,200411,1
415,217857,-1
415,216446,1
415,209020,1
415,071173,-1
415,201098,-1
415,215539,1
415,202105,1
415,215170,1
415,203454,-1
415,042727,-1
415,030684,1
415,140056,-1
415,121412,-1
415,125679,-1
415,151504,1
415,206699,1
415,280700,-1
415,082585,-1
415,207763,1
415,192883,-1
415,207047,1
415,203486,-1
415,207922,1
415,213143,1
415,269329,1
415,269322,1
415,287023,-1
415,001078,1
415,210501,1
415,092773,1
415,218127,1
415,204966,-1
415,031224,0
415,151716,-1
415,203600,0
415,135804,1
415,003827,1
415,162728,1
415,186359,1
415,252881,-1
415,012431,1
415,124125,1
415,213457,1
415,233514,1
415,264611,1
415,213469,1
415,212245,1
415,156955,-1
415,205207,1
415,164370,-1
415,264658,1
415,124044,1
415,206379,-1
415,131578,1
415,068172,-1
415,118164,1
415,157195,-1
415,233902,1
415,208042,1
415,013194,1
415,089156,1
415,213892,1
415,116454,-1
415,203758,-1
415,212899,1
415,094376,-1
415,023357,-1
415,241554,1
415,216036,1
415,219535,1
415,144749,-1
415,206209,1
415,196566,-1
415,007460,-1
415,076304,-1
415,203771,1
415,189087,1
415,200112,1
415,217834,-1
415,204621,-1
415,214250,1
415,123925,1
415,206774,-1
415,123044,1
415,000598,1
415,191266,-1
415,216102,1
415,263347,-1
415,136118,1
415,209041,1
415,206605,1
415,204823,1
415,203658,1
415,099196,0
415,219720,1
415,210437,-1
415,001476,1
415,132996,-1
415,092154,-1
415,214943,1
415,081636,1
415,181945,-1
415,089758,-1
415,213348,1
415,021732,-1
415,217671,1
415,269947,1
415,131517,1
415,131514,1
415,039157,1
415,125017,1
415,216527,1
415,276107,1
415,158737,-1
415,215657,1
415,216272,1
415,205285,1
415,101095,1
415,033168,1
415,033169,1
415,214018,1
415,057924,-1
415,216315,1
415,209176,0
415,203685,1
415,201700,-1
415,203630,1
415,058856,-1
415,102148,-1
415,203741,-1
415,215545,1
415,209587,1
415,278812,-1
415,109844,-1
415,204122,1
415,261592,1
415,001802,-1
415,226520,1
415,203913,1
415,278676,1
415,213946,1
415,215885,1
415,215917,1
415,218558,1
415,012170,-1
415,204121,-1
415,213349,1
415,216389,1
415,218344,1
415,217589,1
415,212881,-1
415,209258,1
415,181452,-1
415,213757,1
415,083398,-1
415,212298,1
415,214179,1
415,205213,1
415,142487,1
415,209494,1
415,213177,1
415,212329,1
415,214998,1
415,240395,1
415,217612,1
415,217680,1
415,216252,1
415,218235,1
415,213728,1
415,216602,1
415,204077,1
415,207901,1
415,200222,1
415,214902,1
415,017805,1
415,218576,-1
415,216002,1
415,217693,1
415,009063,-1
415,214571,1
415,217113,0
415,016601,1
415,126938,1
415,081888,-1
415,237399,1
415,019288,-1
415,204726,-1
415,217767,1
415,200766,1
415,137312,-1
415,003676,1
415,200081,1
415,147404,1
415,143243,-1
415,207588,-1
415,212581,1
415,217913,1
415,208616,-1
415,215255,1
415,159151,-1
415,210472,1
415,216696,1
415,215965,1
415,043011,1
415,209755,-1
415,205542,1
415,215041,1
415,002550,1
415,160609,1
415,210487,1
415,214119,-1
415,098957,1
415,091755,1
415,216260,1
415,204153,1
415,205534,1
415,205159,0
415,044838,0
415,217006,-1
415,236381,-1
415,129213,-1
415,138617,1
415,214319,1
415,205982,1
415,217852,-1
415,215996,1
415,087833,1
415,215473,1
415,128276,1
415,212310,1
415,140576,1
415,112667,1
415,218724,1
415,186045,0
415,175591,-1
415,186741,1
415,084940,1
415,109299,-1
415,009673,-1
415,176772,0
415,162761,1
415,207774,1
415,206948,1
415,217212,1
415,045845,-1
415,216673,0
415,260913,1
415,261056,1
415,015634,1
415,216707,1
415,213395,1
415,204420,-1
415,002126,1
415,092441,1
415,209268,1
415,282525,1
415,159330,-1
415,205541,1
415,209441,1
415,216081,1
415,282591,1
415,282502,1
415,155589,1
415,210523,1
415,235131,1
415,271403,1
415,216632,0
415,081823,-1
415,227208,1
415,205409,1
415,276101,1
415,207048,1
415,091476,-1
415,213856,1
415,210528,1
415,091200,-1
415,200457,1
415,209495,1
415,133224,-1
415,218024,-1
415,123527,-1
415,210184,0
415,210473,1
415,186039,0
415,261177,-1
415,276498,1
415,159263,-1
415,137533,-1
415,131946,-1
415,161631,-1
415,210206,1
415,214293,1
415,031683,-1
415,214089,1
415,202710,-1
415,213313,1
415,213164,1
415,209726,1
415,216563,-1
415,284362,1
415,217557,-1
415,098621,1
415,000015,-1
415,204770,0
415,124715,1
415,168751,-1
415,107756,1
415,107728,1
415,107722,1
415,100911,1
415,131731,-1
415,078331,1
415,085944,-1
415,137166,-1
415,181521,1
415,213058,1
415,150561,1
415,288320,-1
415,252349,-1
415,261895,1
415,149522,1
415,179678,0
415,099383,-1
415,109396,1
415,107682,1
415,205424,1
415,204264,1
415,204908,1
415,215906,1
415,142301,-1
415,065390,1
415,130433,1
415,124999,1
415,203227,1
415,214040,1
415,213726,0
415,163821,-1
415,215620,1
415,230874,1
415,206803,1
415,155710,1
415,158343,-1
415,285211,1
415,210129,1
415,214256,1
415,120035,-1
415,204724,1
415,040184,1
415,088137,1
415,100510,1
415,207789,1
415,215205,-1
415,157171,1
415,209435,1
415,019298,-1
415,234429,1
415,198961,1
415,198953,1
415,196671,1
415,196683,1
415,196732,1
415,101911,1
415,217706,1
415,217204,-1
415,212916,1
415,197381,1
415,152962,-1
415,216463,1
415,091237,-1
415,040120,-1
415,214701,1
415,190055,-1
415,166862,0
415,196330,1
415,153123,1
415,272042,-1
415,212763,0
415,215587,1
415,215154,-1
415,085445,-1
415,272945,-1
415,287388,-1
415,079381,-1
415,203642,1
415,214199,1
415,217688,0
415,218500,-1
415,205561,1
415,037048,1
415,215893,1
415,128305,1
415,059084,-1
415,203884,-1
415,185092,1
415,128275,1
415,232506,-1
415,141131,-1
415,204738,1
415,213196,1
415,133868,1
415,199135,1
415,212589,1
415,138040,1
415,171002,-1
415,010745,1
415,085292,1
415,085264,1
415,231741,-1
415,217061,1
415,168458,-1
415,232282,-1
415,226471,-1
415,204428,1
415,210874,-1
415,217156,1
415,259173,-1
415,205460,1
415,081041,1
415,158668,0
415,216631,-1
415,081992,1
415,029432,-1
415,152240,1
415,203364,1
415,090568,1
415,213240,1
415,218417,1
415,238768,-1
415,286087,1
415,217936,1
415,209391,-1
415,185515,-1
415,208508,1
415,134853,-1
415,000453,1
415,189969,-1
415,197972,1
415,204954,-1
415,163945,1
415,120996,1
415,007508,1
415,218695,0
415,000460,1
415,000461,1
415,286056,1
415,203732,0
415,163812,1
415,201168,-1
415,207019,1
415,207729,-1
415,273460,-1
415,205471,1
415,186439,1
415,078323,0
415,206160,1
415,205736,1
415,222622,1
415,198426,1
415,187393,-1
415,214083,1
415,207602,-1
415,281096,-1
415,177012,-1
415,203526,-1
415,118724,1
415,004517,1
415,118722,1
415,022229,-1
415,214602,-1
415,217549,0
415,218498,-1
415,144954,-1
415,212384,1
415,214099,-1
415,168653,-1
415,207912,1
415,150746,-1
415,258527,1
415,207726,-1
415,202271,1
415,286748,-1
415,214716,1
415,214104,1
415,289171,-1
415,110028,-1
415,088222,1
415,132046,-1
415,255108,1
415,109293,-1
415,217806,1
415,001061,-1
415,046247,-1
415,203034,0
415,241191,1
415,149946,1
415,211497,1
415,285517,-1
415,241201,1
415,218111,1
415,241163,1
415,241375,1
415,241378,1
415,241213,1
415,015187,1
415,202646,1
415,239659,1
415,239681,1
415,240267,1
415,239332,1
415,209108,1
415,264316,1
415,272182,1
415,243982,-1
415,243202,-1
415,125559,1
415,272176,1
415,258688,-1
415,092547,-1
415,209037,-1
415,188361,1
415,219031,1
415,012002,-1
415,176925,-1
415,215659,1
415,215355,1
415,199120,-1
415,204735,1
415,204110,-1
415,217830,0
415,218181,1
415,123364,-1
415,019665,-1
415,201962,-1
415,205440,1
415,218998,1
415,197151,1
415,197155,1
415,196787,1
415,216043,1
415,214235,1
415,196792,1
415,197118,1
415,196782,1
415,189960,1
415,086546,-1
415,143318,-1
415,138574,1
415,214320,-1
415,003184,1
415,263710,1
415,235042,-1
415,203745,1
415,218561,1
415,024316,1
415,024317,1
415,035571,-1
415,206348,1
415,183427,1
415,147353,-1
415,214865,1
415,216087,1
415,209706,1
415,194778,-1
415,180009,1
415,201032,1
415,202420,1
415,104421,1
415,071248,1
415,214195,1
415,288324,-1
415,060982,-1
415,218607,1
415,126358,1
415,141362,1
415,128670,1
415,128671,1
415,017340,1
415,129556,1
415,128527,1
415,141319,1
415,126341,1
415,126217,1
415,141321,1
415,126226,1
415,015398,1
415,018043,1
415,092982,1
415,007152,1
415,007441,-1
415,062671,1
415,196574,1
415,196576,1
415,010552,-1
415,196570,1
415,095651,1
415,134248,-1
415,124412,1
415,289471,1
415,289443,1
415,289481,1
415,289629,-1
415,230491,-1
415,206397,-1
415,012282,-1
415,235335,-1
415,013143,1
415,013201,-1
415,290008,1
415,207734,-1
415,216513,1
415,081597,1
415,196029,-1
415,211188,-1
415,131720,1
415,142346,-1
415,244533,-1
415,155654,1
415,155650,1
415,204607,1
415,137034,-1
415,134048,-1
415,113348,1
415,289470,-1
415,213614,-1
415,287978,1
415,287937,1
415,240018,1
415,139397,1
415,149528,1
415,082789,-1
415,085989,1
415,006855,1
415,204526,-1
415,036219,-1
415,092947,1
415,125009,0
415,214952,1
415,204881,1
415,045114,-1
415,187508,-1
415,203639,-1
415,126868,1
415,010142,1
415,279490,1
415,168410,-1
415,216647,1
415,197041,0
415,091458,-1
415,205979,1
415,205036,1
415,076165,1
415,009846,1
415,205129,1
415,205032,1
415,211092,1
415,205131,1
415,088168,1
415,209844,1
415,004615,-1
415,215370,1
415,217089,1
415,206961,1
415,274607,-1
415,214823,1
415,130945,0
415,241065,1
415,210265,1
415,204725,1
415,217200,1
415,212907,1
415,209491,1
415,219873,-1
415,195218,-1
415,218176,1
415,194127,-1
415,149559,1
415,001913,-1
415,238986,1
415,203868,1
415,123270,1
415,214525,1
415,230819,-1
415,214113,1
415,011938,1
415,204175,1
415,014730,1
415,218027,-1
415,215908,-1
415,009103,-1
415,261181,-1
415,222890,-1
415,085205,-1
415,206947,1
415,000458,1
415,214002,1
415,208219,1
415,194916,-1
415,241912,-1
415,161820,1
415,086826,1
415,213108,0
415,050575,-1
415,218078,1
415,217339,1
415,216881,1
415,079626,-1
415,035041,-1
415,015822,-1
415,217565,1
415,125306,-1
415,145897,-1
415,015405,1
415,230135,-1
415,216993,-1
415,204342,0
415,122564,-1
415,211565,1
415,264085,-1
415,214800,1
415,217268,-1
415,224262,1
415,037739,0
415,201626,-1
415,217315,-1
415,207722,-1
415,204730,1
415,100753,1
415,208947,0
415,203394,1
415,185022,1
415,036943,0
415,191229,-1
415,111019,-1
415,164462,1
415,203341,1
415,201404,1
415,273820,-1
415,210566,1
415,204340,0
415,217686,-1
415,198494,1
415,203427,-1
415,081638,1
415,137782,-1
415,276877,0
415,160615,1
415,016407,1
415,212516,1
415,001844,-1
415,214678,1
415,203842,-1
415,212906,1
415,216983,-1
415,068947,1
415,136597,1
415,136588,1
415,136598,1
415,215010,1
415,186438,1
415,227917,-1
415,015434,-1
415,218681,0
415,205343,-1
415,207733,-1
415,216577,1
415,204436,1
415,092616,1
415,062335,-1
415,204984,1
415,216666,1
415,138711,1
415,130457,-1
415,218149,-1
415,065162,1
415,125927,1
415,014799,1
415,231035,1
415,216472,-1
415,116098,-1
415,204313,1
415,091257,1
415,001759,-1
415,212182,1
415,015989,0
415,147273,1
415,092593,1
415,215593,1
415,213626,1
415,092886,-1
415,147177,-1
415,212659,-1
415,230805,-1
415,202540,1
415,216617,1
415,017702,-1
415,091551,1
415,211107,-1
415,112492,-1
415,267708,-1
415,212587,1
415,215213,1
415,202793,1
415,132366,-1
415,217096,1
415,210572,-1
415,202550,1
415,015378,-1
415,164911,1
415,137532,-1
415,079049,0
415,211340,1
415,196939,-1
415,213993,1
415,209797,1
415,214690,1
415,218030,1
415,231225,1
415,233344,1
415,197576,1
415,215602,1
415,077312,1
415,214501,1
415,230252,1
415,131687,-1
415,218991,1
415,059617,1
415,199897,1
415,210210,1
415,212359,1
415,202104,1
415,252830,1
415,095593,1
415,133368,1
415,215872,1
415,210110,1
415,204574,1
415,098374,-1
415,230253,1
415,268561,1
415,200445,1
415,205557,1
415,215479,1
415,037013,1
415,220506,-1
415,225817,1
415,112725,1
415,202613,1
415,186054,1
415,202827,1
415,176317,-1
415,068308,1
415,288497,1
415,204971,1
415,216519,1
415,207963,1
415,200741,-1
415,216140,1
415,131733,-1
415,218282,1
415,218983,1
415,204734,1
415,204661,1
415,215226,1
415,215392,1
415,135682,-1
415,213368,1
415,204084,-1
415,285893,-1
415,217687,-1
415,216411,1
415,238484,-1
415,203349,-1
415,003545,1
415,201931,-1
415,204059,1
415,215487,1
415,282968,-1
415,213157,-1
415,202025,1
415,216882,1
415,234484,-1
415,210322,-1
415,210212,1
415,215880,1
415,091240,1
415,168460,-1
415,216528,1
415,203426,1
415,186049,1
415,212829,0
415,218200,-1
415,217334,1
415,201828,-1
415,215275,1
415,213828,1
415,212561,1
415,186047,1
415,217654,1
415,201607,-1
415,215267,1
415,215069,1
415,203473,1
415,252860,1
415,216198,-1
415,205540,1
415,218904,1
415,091469,1
415,203683,0
415,088199,0
415,214309,1
415,207735,-1
415,212588,1
415,085968,1
415,120643,1
415,121238,1
415,007821,1
415,007047,1
415,130032,1
415,007243,-1
415,091608,1
415,008693,0
415,227222,0
415,204325,-1
415,001897,1
415,023452,1
415,215002,1
415,232392,-1
415,094724,1
415,258685,-1
415,212233,-1
415,123768,-1
415,172969,-1
415,121236,-1
415,204375,1
415,071677,1
415,104850,1
415,067055,-1
415,217255,1
415,109774,1
415,082493,-1
415,088684,1
415,082463,-1
415,064693,-1
415,213496,1
415,213453,1
415,088711,1
415,088640,1
415,166783,1
415,166905,1
415,211366,1
415,216206,1
415,165053,1
415,212824,1
415,218903,1
415,009759,1
415,134075,1
415,205191,1
415,209481,0
415,208329,-1
415,211996,1
415,029852,-1
415,197661,1
415,289175,-1
415,215779,1
415,180239,-1
415,000333,0
415,212309,-1
415,095562,1
415,217829,1
415,199900,1
415,066998,0
415,204092,1
415,204888,0
415,159686,-1
415,195253,-1
415,090672,0
415,152057,-1
415,115247,1
415,133568,-1
415,217366,1
415,219914,-1
415,192268,1
415,211719,1
415,211459,1
415,213506,-1
415,068845,1
415,200377,1
415,218123,1
415,215021,1
415,199248,-1
415,217944,1
415,207877,1
415,214653,1
415,212444,1
415,212109,0
415,205295,1
415,058121,-1
415,215598,1
415,214774,1
415,217171,1
415,266935,1
415,130751,-1
415,210731,1
415,197743,1
415,217639,1
415,213724,1
415,214705,1
415,216573,1
415,206669,1
415,187391,-1
415,217310,-1
415,216090,1
415,037731,1
415,202585,1
415,202024,1
415,205296,1
415,205080,1
415,212720,1
415,086085,1
415,009864,-1
415,128777,-1
415,068020,-1
415,204921,0
415,211519,1
415,214878,1
415,204017,-1
415,024056,1
415,215045,1
415,068224,0
415,164059,-1
415,208114,-1
415,208418,1
415,210326,1
415,186304,-1
415,212945,1
415,205753,1
415,068846,1
415,202701,1
415,191921,1
415,007019,-1
415,212808,1
415,010231,-1
415,206322,1
415,205921,-1
415,270052,1
415,261901,1
415,286920,-1
415,145854,-1
415,218436,1
415,181605,1
415,103091,0
415,214693,1
415,154617,1
415,216276,-1
415,214008,1
415,210338,1
415,209757,-1
415,210812,-1
415,213195,-1
415,202575,1
415,143167,1
415,217816,-1
415,114652,-1
415,115758,-1
415,204164,1
415,203937,0
415,218797,-1
415,205282,0
415,091627,1
415,201208,-1
415,146292,1
415,075602,1
415,289876,1
415,180588,1
415,120704,-1
415,040705,1
415,075790,1
415,203056,1
415,289824,1
415,230929,-1
415,289945,1
415,289927,1
415,289944,1
415,289658,0
415,180591,1
415,279315,-1
415,032570,1
415,082079,-1
415,215048,1
415,258677,-1
415,216118,1
415,184269,-1
415,008283,1
415,089117,0
415,016783,-1
415,130671,-1
415,009160,-1
415,203513,1
415,215064,1
415,276705,-1
415,202546,1
415,189272,1
415,281248,-1
415,014396,-1
415,214148,1
415,084321,1
415,043962,1
415,011529,1
415,091772,1
415,043022,1
415,077368,-1
415,086056,0
415,218637,0
415,048767,-1
415,216630,1
415,164542,-1
415,204013,-1
415,208840,1
415,207163,0
415,134232,-1
415,217422,1
415,216139,0
415,201772,1
415,205156,1
415,210453,1
415,205330,1
415,133527,1
415,133707,1
415,038008,1
415,210710,-1
415,282570,-1
415,211081,1
415,098407,-1
415,111758,0
415,212433,1
415,210762,1
415,173448,1
415,207059,1
415,212032,-1
415,025711,-1
415,232406,1
415,288609,-1
415,180083,1
415,206152,-1
415,010101,1
415,014945,-1
415,125355,-1
415,168013,1
415,204616,1
415,282573,1
415,079770,1
415,122361,-1
415,207108,1
415,098410,-1
415,079841,1
415,215547,1
415,086195,-1
415,255577,-1
415,237186,-1
415,211331,1
415,130564,1
415,203998,-1
415,123884,-1
415,056613,1
415,033803,-1
415,254801,1
415,209265,1
415,259178,-1
415,204717,-1
415,260385,-1
415,174140,1
415,174396,1
415,174429,1
415,283134,-1
415,214176,-1
415,285855,-1
415,200383,1
415,010674,1
415,276812,-1
415,008630,1
415,204691,1
415,218273,1
415,203382,1
415,215630,1
415,207005,1
415,043734,1
415,158336,-1
415,272723,-1
415,148145,1
415,217394,-1
415,195716,1
415,217427,-1
415,125302,1
415,140588,1
415,008055,1
415,209270,1
415,204693,-1
415,203408,1
415,160247,1
415,204090,-1
415,103577,-1
415,136379,-1
415,014573,0
415,223578,-1
415,015477,1
415,125271,1
415,011602,1
415,187836,-1
415,019685,1
415,010173,1
415,204736,1
415,230567,1
415,230646,1
415,071702,1
415,104875,1
415,059950,-1
415,204433,1
415,033685,1
415,195499,1
415,214539,1
415,108712,1
415,222985,-1
415,002967,-1
415,204037,-1
415,210757,1
415,217741,-1
415,103912,1
415,070739,1
415,050789,-1
415,134247,-1
415,207791,-1
415,133943,-1
415,156903,-1
415,063607,-1
415,212323,1
415,004733,-1
415,203490,1
415,204089,-1
415,003254,-1
415,236238,-1
415,215484,1
415,092558,-1
415,192547,1
415,069917,0
415,169645,1
415,230440,1
415,169644,1
415,259604,-1
415,216471,1
415,143848,-1
415,217860,1
415,204615,-1
415,202692,1
415,202603,1
415,231548,-1
415,110555,1
415,099555,-1
415,120384,-1
415,216257,1
415,235984,1
415,235980,1
415,202765,1
415,045049,0
415,123446,1
415,203269,-1
415,205166,1
415,224302,1
415,094768,-1
415,208184,1
415,195401,-1
415,129308,-1
415,051173,-1
415,139472,1
415,141967,-1
415,224305,1
415,087941,1
415,199853,-1
415,261436,-1
415,274146,-1
415,214556,1
415,151692,1
415,088497,-1
415,211713,1
415,156189,1
415,037012,1
415,144888,0
415,090981,-1
415,197387,-1
415,042878,-1
415,110500,1
415,092607,1
415,213994,1
415,151169,-1
415,143144,1
415,151304,1
415,091770,1
415,051791,-1
415,178598,1
415,178599,1
415,202664,1
415,207924,1
415,209779,0
415,013880,-1
415,023089,1
415,023141,1
415,034019,1
415,032023,1
415,210166,1
415,214517,1
415,016084,1
415,215015,1
415,200358,1
415,013990,-1
415,021469,-1
415,084332,-1
415,136088,-1
415,124273,-1
415,202543,1
415,016127,-1
415,109964,1
415,002974,-1
415,060117,-1
415,202576,1
415,153567,-1
415,149473,-1
415,085315,1
415,204922,0
415,285587,-1
415,202759,1
415,184914,-1
415,202544,1
415,214702,1
415,166880,-1
415,158258,-1
415,111078,-1
415,126937,1
415,215423,0
415,202220,-1
415,132554,1
415,212969,1
415,216600,1
415,210397,-1
415,202547,1
415,202949,1
415,202552,1
415,204699,-1
415,216533,1
415,207640,1
415,216929,-1
415,206636,-1
415,195821,-1
415,202661,1
415,221858,-1
415,001443,1
415,010061,-1
415,097583,1
415,202761,1
415,003066,1
415,235997,-1
415,007951,-1
415,202645,1
415,148184,-1
415,156309,-1
415,214528,0
415,207731,-1
415,212191,-1
415,014402,-1
415,212651,-1
415,197965,-1
415,092087,0
415,205034,1
415,210143,1
415,215278,1
415,079773,1
415,205662,1
415,018107,1
415,030217,-1
415,000531,1
415,215592,0
415,224311,1
415,203484,-1
415,190194,-1
415,039518,1
415,199498,-1
415,150879,-1
415,208659,1
415,184950,1
415,184849,1
415,218220,1
415,103160,0
415,045470,1
415,209728,-1
415,079703,1
415,043791,1
415,160509,1
415,214047,-1
415,203866,1
415,050555,1
415,120816,-1
415,130956,-1
415,139134,-1
415,099191,-1
415,284908,-1
415,195820,-1
415,205082,1
415,217274,-1
415,216523,1
415,131648,1
415,086147,1
415,086564,1
415,189503,1
415,194986,-1
415,216263,1
415,215025,1
415,098057,1
415,098058,1
415,121440,-1
415,082468,1
415,189501,1
415,224289,1
415,141342,-1
415,224287,1
415,147955,1
415,202165,1
415,198958,-1
415,000912,1
415,237679,-1
415,208189,1
415,069440,1
415,102613,1
415,045303,-1
415,205412,1
415,218831,1
415,045250,0
415,215206,1
415,201907,1
415,152047,-1
415,061205,1
415,212654,1
415,215583,1
415,215011,1
415,243907,1
415,035683,-1
415,088874,1
415,103704,-1
415,207879,1
415,208283,1
415,279323,-1
415,208763,1
415,212410,1
415,204550,1
415,227076,1
415,209278,1
415,125010,-1
415,126932,1
415,199111,-1
415,204393,1
415,142611,-1
415,202800,1
415,208560,-1
415,205543,-1
415,131730,-1
415,148861,1
415,173837,1
415,205002,1
415,217988,-1
415,218307,1
415,160428,1
415,070404,-1
415,202807,1
415,099638,-1
415,189457,-1
415,155096,-1
415,086034,-1
415,214783,1
415,275252,-1
415,126864,1
415,206780,1
415,190837,-1
415,206946,-1
415,188003,-1
415,239223,-1
415,160890,1
415,205577,-1
415,204404,-1
415,287635,-1
415,011913,-1
415,265538,-1
415,213009,-1
415,201906,1
415,131195,-1
415,240419,1
415,217533,-1
415,016139,1
415,187740,1
415,209304,1
415,202602,1
415,202568,1
415,205147,1
415,130604,1
415,215001,1
415,214852,1
415,141095,1
415,092550,1
415,205785,1
415,214108,1
415,213147,-1
415,127575,-1
415,156877,1
415,208921,-1
415,026836,-1
415,205999,1
415,200360,1
415,039678,-1
415,125137,-1
415,143259,-1
415,214184,1
415,267652,1
415,216137,0
415,267997,1
415,182851,-1
415,032683,-1
415,217668,-1
415,117759,-1
415,215543,1
415,213527,1
415,204805,1
415,201192,-1
415,205123,1
415,203708,1
415,138389,1
415,205057,1
415,205056,1
415,204502,-1
415,204709,1
415,186904,-1
415,044651,-1
415,209247,1
415,209884,-1
415,214743,-1
415,210353,1
415,089094,1
415,189279,1
415,210892,1
415,261861,1
415,203254,1
415,207675,1
415,083146,1
415,212119,1
415,189280,1
415,210507,0
415,265090,-1
415,197866,-1
415,209976,1
415,216008,1
415,213232,1
415,213455,1
415,212312,1
415,203043,1
415,216711,1
415,212102,-1
415,216559,1
415,016410,-1
415,215204,1
415,217524,1
415,218447,-1
415,130652,-1
415,215923,1
415,022131,-1
415,210771,-1
415,207508,0
415,214958,1
415,196892,-1
415,216505,1
415,192906,-1
415,208971,0
415,200155,1
415,260655,-1
415,204006,-1
415,232122,-1
415,169071,-1
415,210723,-1
415,203294,1
415,205009,1
415,090091,1
415,142964,-1
415,163560,-1
415,197487,1
415,214370,1
415,214198,1
415,112391,-1
415,202577,1
415,210789,1
415,158776,-1
415,203482,-1
415,203015,1
415,134037,-1
415,215956,-1
415,143200,-1
415,211067,1
415,190717,1
415,095403,1
415,282601,1
415,204860,-1
415,206889,1
415,215306,-1
415,237436,-1
415,209927,1
415,209965,1
415,214960,1
415,209787,-1
415,144948,-1
415,210267,-1
415,203831,1
415,205448,-1
415,002367,1
415,207819,1
415,283836,-1
415,203822,1
415,203527,-1
415,221597,1
415,206787,1
415,203754,-1
415,213379,1
415,218653,-1
415,217819,1
415,128274,1
415,203319,-1
415,213346,-1
415,204787,1
415,125624,-1
415,103904,1
415,049782,1
415,070731,1
415,068225,0
415,086600,-1
415,200801,1
415,210904,-1
415,058173,-1
415,192417,1
415,199082,-1
415,209339,1
415,216803,1
415,129057,1
415,018077,1
415,260500,-1
415,289329,1
415,215506,-1
415,189275,1
415,288687,1
415,100296,1
415,135221,1
415,282964,1
415,123830,1
415,213767,1
415,215559,-1
415,121565,-1
415,008850,1
415,007786,1
415,130509,-1
415,121206,1
415,207569,1
415,207576,1
415,207183,1
415,097194,1
415,143126,-1
415,204086,1
415,218978,1
415,145930,1
415,212184,-1
415,139498,1
415,180045,-1
415,120907,1
415,010144,1
415,282649,1
415,210254,1
415,216757,1
415,214065,0
415,260387,-1
415,120483,-1
415,090971,-1
415,213923,1
415,201773,1
415,215074,1
415,202485,-1
415,136330,-1
415,016806,-1
415,101967,-1
415,158173,1
415,215137,1
415,002311,-1
415,011410,1
415,277908,-1
415,205851,1
415,000501,-1
415,203920,1
415,215734,1
415,195252,-1
415,157533,-1
415,289321,1
415,069492,1
415,102664,1
415,205127,1
415,216345,1
415,218715,1
415,212845,1
415,273821,-1
415,019694,1
415,037270,-1
415,205384,0
415,144733,1
415,014055,-1
415,212431,1
415,040285,0
415,218104,0
415,203935,1
415,213829,1
415,118992,-1
415,014188,1
415,098502,1
415,253253,1
415,210056,1
415,013018,0
415,262084,-1
415,215697,1
415,212514,-1
415,143114,1
415,203304,-1
415,213328,-1
415,205634,0
415,262133,0
415,204918,0
415,180516,1
415,184141,1
415,207176,1
415,091372,1
415,009640,1
415,050921,-1
415,013724,-1
415,231174,1
415,209667,-1
415,143041,1
415,218685,-1
415,217511,1
415,197754,1
415,206273,-1
415,196697,1
415,200965,-1
415,212353,1
415,206153,1
415,087424,1
415,091059,-1
415,143962,1
415,216499,-1
415,129316,-1
415,204919,0
415,013747,1
415,218862,-1
415,200781,1
415,219015,-1
415,143953,1
415,007010,1
415,196692,1
415,234001,-1
415,117945,1
415,203751,1
415,133653,-1
415,110274,-1
415,214972,-1
415,099323,-1
415,005767,-1
415,012650,-1
415,284357,1
415,215245,1
415,032404,-1
415,244980,1
415,264213,1
415,123175,1
415,196053,1
415,205569,-1
415,069987,0
415,173445,1
415,117581,-1
415,202739,1
415,197774,-1
415,147067,-1
415,086961,1
415,219023,1
415,143400,1
415,155505,1
415,016553,-1
415,209778,1
415,216612,1
415,076733,-1
415,215648,1
415,156019,1
415,205767,1
415,110662,-1
415,170627,1
415,170621,1
415,170624,1
415,233121,1
415,208067,-1
415,184678,-1
415,206262,1
415,204779,1
415,268515,1
415,012763,1
415,181944,-1
415,214175,1
415,146750,-1
415,077372,-1
415,202852,0
415,086877,1
415,287059,1
415,128312,1
415,176785,-1
415,196042,1
415,060872,0
415,028168,1
415,241169,-1
415,201574,1
415,255347,1
415,094499,-1
415,213396,1
415,268830,1
415,214183,1
415,215907,1
415,217742,1
415,189249,1
415,284202,1
415,201381,1
415,086284,1
415,086602,1
415,013078,1
415,086286,1
415,204299,0
415,214239,1
415,001415,1
415,132178,1
415,261585,1
415,218391,1
415,117404,1
415,284232,1
415,183557,1
415,003449,1
415,122931,-1
415,284230,1
415,091525,-1
415,176142,1
415,112397,1
415,216044,0
415,002141,1
415,214500,1
415,206370,1
415,139883,1
415,006375,-1
415,210111,1
415,201924,-1
415,007275,-1
415,218979,1
415,163954,1
415,169392,-1
415,212712,-1
415,034289,1
415,128310,1
415,216966,1
415,067530,1
415,206840,1
415,132703,1
415,204184,1
415,001804,1
415,087753,-1
415,275253,-1
415,219328,-1
415,102727,1
415,069554,1
415,102665,1
415,069491,1
415,134142,1
415,148960,-1
415,215988,0
415,203419,1
415,158973,-1
415,068160,1
415,213250,1
415,198586,-1
415,204786,-1
415,275545,1
415,254583,-1
415,086217,1
415,086215,1
415,143535,-1
415,109191,1
415,109190,1
415,109150,1
415,109147,1
415,109146,1
415,109199,1
415,109056,1
415,109200,1
415,127574,-1
415,203538,-1
415,143052,-1
415,136102,-1
415,082462,-1
415,193584,-1
415,063661,-1
415,286497,1
415,041978,-1
415,131675,1
415,145597,-1
415,131642,1
415,044595,1
415,225873,1
415,111871,-1
415,132733,1
415,130928,-1
415,134702,-1
415,173825,-1
415,216483,1
415,166201,1
415,203825,1
415,164470,1
415,230678,1
415,182800,-1
415,131091,1
415,200673,1
415,134427,-1
415,102496,1
415,154049,1
415,217995,-1
415,069323,1
415,019271,-1
415,023366,-1
415,002782,-1
415,231236,1
415,231256,1
415,215301,1
415,006839,-1
415,203492,1
415,210540,1
415,204844,1
415,154132,1
415,116747,1
415,058116,-1
415,287462,1
415,115658,1
415,288610,-1
415,193164,-1
415,231247,1
415,101940,1
415,044733,-1
415,162333,1
415,130046,-1
415,262484,-1
415,195191,1
415,204667,-1
415,205969,1
415,209930,0
415,213060,1
415,213210,1
415,029398,-1
415,213106,-1
415,213701,1
415,232185,-1
415,162335,1
415,176763,-1
415,286152,-1
415,017546,1
415,151662,1
415,212669,-1
415,090755,-1
415,254632,1
415,005989,0
415,177037,-1
415,219014,1
415,203962,1
415,031113,-1
415,243223,-1
415,161933,-1
415,112571,1
415,199627,-1
415,191606,1
415,191614,1
415,016387,-1
415,112441,-1
415,133630,-1
415,118287,-1
415,192407,1
415,120018,-1
415,101585,-1
415,210982,0
415,200413,-1
415,187509,-1
415,182833,-1
415,087413,1
415,262224,-1
415,093477,1
415,204981,1
415,176789,1
415,107977,1
415,091497,-1
415,142166,-1
415,217790,0
415,007147,1
415,210606,1
415,178247,-1
415,211082,1
415,187042,-1
415,041236,-1
415,204582,-1
415,086425,-1
415,214627,1
415,001598,-1
415,194334,-1
415,196613,-1
415,168020,1
415,044101,-1
415,209262,1
415,078244,1
415,193607,-1
415,214174,1
415,138290,-1
415,170441,1
415,037310,-1
415,051579,-1
415,124435,-1
415,216654,1
415,196254,-1
415,243093,1
415,070531,-1
415,183900,-1
415,111056,-1
415,011377,1
415,203326,-1
415,166216,-1
415,231991,-1
415,035165,1
415,212496,1
415,009260,-1
415,199332,1
415,215804,-1
415,158494,-1
415,134695,1
415,233745,0
415,278771,-1
415,189944,1
415,044902,1
415,206255,1
415,203548,-1
415,108679,-1
415,012184,1
415,212954,1
415,076756,-1
415,214182,-1
415,148585,1
415,009605,1
415,192736,1
415,088937,1
415,218048,-1
415,122556,-1
415,009189,-1
415,182070,-1
415,161027,-1
415,189205,1
415,229388,-1
415,000023,1
415,064732,1
415,064716,1
415,218912,1
415,218917,1
415,215816,1
415,212913,1
415,163312,-1
415,198999,1
415,129659,1
415,017218,1
415,211513,1
415,059061,-1
415,204758,-1
415,209788,-1
415,203337,-1
415,203373,0
415,213246,-1
415,087369,1
415,112677,1
415,142612,-1
415,169583,-1
415,208255,1
415,165582,1
415,195886,-1
415,229906,-1
415,214860,-1
415,149096,1
415,012625,-1
415,217417,-1
415,011412,1
415,167566,1
415,204269,0
415,167565,1
415,204613,-1
415,217691,1
415,216182,-1
415,092764,-1
415,214713,1
415,290011,-1
415,204610,0
415,192715,-1
415,151622,1
415,008464,1
415,087054,-1
415,205871,1
415,211134,1
415,272702,-1
415,215500,1
415,142671,1
415,204915,0
415,065841,-1
415,209986,1
415,210018,1
415,209999,1
415,222973,-1
415,223702,-1
415,016490,1
415,251581,1
415,188890,-1
415,097124,1
415,209662,1
415,149516,1
415,199979,-1
415,188438,-1
415,009854,1
415,206378,-1
415,013547,1
415,144778,-1
415,166200,1
415,205311,1
415,009541,1
415,121990,1
415,288858,1
415,214749,1
415,148995,-1
415,204430,1
415,123902,-1
415,205732,-1
415,010843,-1
415,086743,1
415,091411,0
415,204281,-1
415,206686,1
415,086745,1
415,018182,-1
415,147321,-1
415,127312,1
415,207325,1
415,077654,-1
415,183584,1
415,286635,1
415,211055,-1
415,033068,-1
415,269832,-1
415,163051,1
415,213241,1
415,174542,-1
415,197934,-1
415,217416,-1
415,261877,1
415,215234,1
415,092816,-1
415,211915,-1
415,143273,-1
415,232452,-1
415,151379,1
415,209224,1
415,092029,1
415,213420,1
415,210304,-1
415,114740,-1
415,211411,1
415,218994,-1
415,154282,1
415,160456,-1
415,219278,-1
415,207665,-1
415,223542,1
415,077763,1
415,254584,-1
415,203780,-1
415,027752,-1
415,285296,-1
415,142213,-1
415,289068,-1
415,217185,1
415,200381,-1
415,205087,1
415,091253,1
415,211555,-1
415,132206,-1
415,214290,1
415,205177,-1
415,200789,1
415,200705,1
415,130442,1
415,002512,1
415,212357,1
415,192502,1
415,099588,1
415,099581,1
415,099649,1
415,100013,1
415,212178,1
415,204917,0
415,173941,-1
415,112089,1
415,089869,-1
415,120866,1
415,120848,1
415,091572,-1
415,090718,-1
415,092481,1
415,214062,1
415,256047,-1
415,146922,-1
415,131220,-1
415,204097,0
415,279913,-1
415,105411,1
415,072238,1
415,211918,1
415,164656,-1
415,156572,-1
415,211761,-1
415,067205,-1
415,129831,-1
415,145867,-1
415,086002,-1
415,161469,-1
415,011202,-1
415,193382,1
415,064565,-1
415,150670,0
415,133906,1
415,289872,1
415,289880,1
415,289894,1
415,123732,-1
415,099335,-1
415,203863,-1
415,210413,1
415,207046,1
415,182132,1
415,158091,1
415,136323,-1
415,217443,-1
415,229634,-1
415,091574,1
415,216557,1
415,056032,-1
415,200746,1
415,217858,1
415,218451,-1
415,170096,-1
415,100788,-1
415,128216,-1
415,010079,-1
415,204026,1
415,190046,-1
415,169901,-1
415,009485,-1
415,163949,1
415,205310,1
415,078123,1
415,131432,1
415,157486,-1
415,204961,1
415,152546,-1
415,001201,1
415,000515,1
415,001348,1
415,001212,1
415,001259,1
415,000906,1
415,000091,1
415,254136,-1
415,008936,1
415,259822,-1
415,000516,-1
415,288733,-1
415,128289,-1
415,214718,1
415,132549,1
415,088491,1
415,256331,0
415,036504,-1
415,213234,1
415,207797,-1
415,133084,-1
415,213362,1
415,112404,-1
415,132547,1
415,042484,-1
415,009297,1
415,209470,-1
415,000329,-1
415,169195,-1
415,213845,1
415,087337,-1
415,217442,1
415,216556,1
415,206802,0
415,193105,1
415,193827,1
415,193112,1
415,087713,-1
415,009582,-1
415,168538,-1
415,233907,-1
415,056113,-1
415,003087,-1
415,121991,-1
415,213824,0
415,179160,-1
415,204370,0
415,261448,-1
415,061574,-1
415,001907,1
415,124883,1
415,188477,-1
415,196526,1
415,196523,1
415,217046,-1
415,016924,-1
415,213022,-1
415,133729,1
415,260529,1
415,012958,-1
415,207119,1
415,133442,1
415,213034,-1
415,210319,-1
415,067415,-1
415,214267,1
415,200901,1
415,244192,1
415,155684,-1
415,010121,1
415,218858,1
415,205149,-1
415,203835,-1
415,192668,-1
415,090637,-1
415,089449,-1
415,199773,-1
415,092707,-1
415,205086,1
415,165578,1
415,133035,1
415,151518,-1
415,204215,1
415,289484,-1
415,130426,-1
415,062270,-1
415,212858,-1
415,230208,-1
415,214325,1
415,130061,1
415,130167,1
415,000755,1
415,255267,-1
415,130092,1
415,157909,1
415,148866,1
415,166001,1
415,010257,1
415,122585,1
415,096068,1
415,234994,-1
415,077762,0
415,166134,1
415,168938,-1
415,166319,1
415,097254,1
415,003745,1
415,155759,-1
415,234116,-1
415,212548,1
415,209184,-1
415,094037,-1
415,212607,-1
415,232519,-1
415,092043,-1
415,125026,-1
415,190334,1
415,214085,1
415,133941,-1
415,143643,-1
415,099079,1
415,179744,-1
415,020856,-1
415,092659,-1
415,005385,-1
415,286956,1
415,131576,1
415,218405,1
415,217798,1
415,036930,1
415,208201,1
415,233109,1
415,152981,-1
415,011886,-1
415,204731,1
415,059863,1
415,131925,-1
415,164306,-1
415,168280,-1
415,217702,1
415,015915,0
415,207644,-1
415,217333,-1
415,041588,-1
415,091893,1
415,198536,1
415,101783,1
415,277759,-1
415,003013,-1
415,206725,1
415,089083,1
415,287387,-1
415,091314,1
415,204925,0
415,084108,-1
415,166800,1
415,203597,1
415,091243,1
415,256045,-1
415,201443,-1
415,283753,-1
415,192790,-1
415,015196,-1
415,216887,1
415,175422,1
415,197662,1
415,028227,-1
415,284996,-1
415,000833,-1
415,089520,1
415,130096,-1
415,141298,-1
415,214284,1
415,108576,-1
415,091434,-1
415,171048,-1
415,209992,1
415,142085,1
415,205142,-1
415,097255,1
415,284243,1
415,206019,0
415,044631,0
415,284244,1
415,166599,1
415,213401,1
415,284233,1
415,131556,-1
415,091249,-1
415,148543,-1
415,223902,0
415,215371,1
415,091635,1
415,176152,1
415,210183,-1
415,204924,0
415,119118,1
415,008664,-1
415,239858,-1
415,213427,1
415,158196,-1
415,273268,1
415,215268,1
415,260284,1
415,190406,-1
415,143124,-1
415,115826,-1
415,180072,-1
415,094614,-1
415,201590,1
415,282977,1
415,089097,-1
415,087709,-1
415,243390,-1
415,029238,-1
415,213903,1
415,027300,-1
415,129717,1
415,133733,1
415,133730,1
415,133723,1
415,243175,-1
415,260672,1
415,216493,-1
415,169981,-1
415,008883,1
415,214515,1
415,214969,0
415,153961,-1
415,008627,-1
415,015096,-1
415,242060,-1
415,195207,1
415,216274,1
415,150858,-1
415,195187,1
415,203821,1
415,116384,1
415,002868,1
415,243173,-1
415,045763,1
415,288757,1
415,283259,1
415,164856,1
415,164848,1
415,263348,1
415,126590,-1
415,154706,-1
415,133774,1
415,213316,-1
415,134084,1
415,280330,-1
415,259980,1
415,205843,1
415,173638,-1
415,160557,1
415,289850,1
415,190408,-1
415,289174,-1
415,165090,-1
415,218589,-1
415,068047,1
415,092796,1
415,290010,-1
415,163449,-1
415,200676,-1
415,000444,1
415,040773,1
415,266445,1
415,217647,1
415,067860,0
415,210541,1
415,266480,1
415,007414,-1
415,093423,0
415,091283,1
415,211592,-1
415,285826,1
415,213383,0
415,150998,1
415,151866,-1
415,000675,-1
415,150973,1
415,198319,1
415,162920,-1
415,045107,0
415,264193,0
415,209134,1
415,160409,0
415,156296,1
415,218626,1
415,241998,-1
415,085931,1
415,085906,1
415,125938,-1
415,161823,1
415,161360,1
415,091198,-1
415,126682,-1
415,203944,1
415,041702,-1
415,000136,1
415,254420,-1
415,227083,-1
415,150490,-1
415,183941,1
415,124479,-1
415,109406,-1
415,214793,-1
415,120931,-1
415,205158,1
415,100353,-1
415,204923,0
415,216624,-1
415,209324,0
415,082074,-1
415,019076,-1
415,210059,1
415,034264,-1
415,102643,1
415,069470,1
415,183930,1
415,126618,-1
415,213107,-1
415,057100,-1
415,108548,1
415,214216,1
415,255080,-1
415,161334,1
415,203559,-1
415,210648,0
415,257310,1
415,179145,-1
415,185111,-1
415,211688,1
415,200733,1
415,213618,-1
415,188353,1
415,132302,1
415,283423,-1
415,151112,-1
415,278682,1
415,203536,1
415,143474,1
415,269836,-1
415,208584,1
415,089825,1
415,057866,-1
415,274677,1
415,182745,-1
415,134005,1
415,217859,1
415,132741,-1
415,133441,1
415,197336,1
415,197365,1
415,021112,0
415,122114,1
415,222009,1
415,155435,-1
415,207725,-1
415,216040,1
415,178980,1
415,205549,-1
415,160368,-1
415,201551,1
415,131663,-1
415,169575,1
415,213958,1
415,067489,1
415,133411,-1
415,221992,1
415,201555,1
415,185685,1
415,217594,1
415,203120,-1
415,139580,-1
415,202924,-1
415,102736,-1
415,045148,1
415,045164,1
415,211709,1
415,011378,-1
415,014005,1
415,043624,-1
415,027871,-1
415,023186,-1
415,229334,-1
415,097150,1
415,272766,1
415,091759,1
415,094236,-1
415,210443,1
415,210440,1
415,203416,-1
415,203744,1
415,210445,1
415,203753,1
415,188783,-1
415,168244,-1
415,051853,1
415,051852,1
415,237977,-1
415,204223,1
415,207788,1
415,218823,1
415,233117,1
415,086998,1
415,139254,-1
415,207773,1
415,286971,1
415,006190,-1
415,215075,1
415,203499,1
415,134662,-1
415,083491,-1
415,208650,-1
415,210984,1
415,186656,-1
415,092882,-1
415,123661,1
415,214133,1
415,203462,1
415,034505,-1
415,039085,1
415,183601,1
415,090487,-1
415,063575,-1
415,256034,1
415,197870,-1
415,218678,1
415,211257,1
415,016194,1
415,152179,-1
415,207796,1
415,192479,1
415,200431,1
415,212571,1
415,207373,-1
415,008044,-1
415,190020,-1
415,086986,0
415,203629,1
415,215801,-1
415,233846,-1
415,167756,0
415,265940,-1
415,012117,1
415,176434,1
415,091158,1
415,219824,-1
415,197558,-1
415,198910,1
415,133770,1
415,219697,-1
415,205628,-1
415,230503,-1
415,216862,-1
415,079247,1
415,242372,-1
415,189649,-1
415,209739,-1
415,210452,1
415,218551,1
415,274395,-1
415,201495,-1
415,209596,-1
415,212194,0
415,206796,1
415,243171,-1
415,130088,1
415,218984,1
415,219927,0
415,165393,-1
415,131574,1
415,010589,-1
415,096044,-1
415,202756,-1
415,218509,0
415,203628,1
415,204611,1
415,203303,-1
415,205668,0
415,119892,1
415,161977,1
415,001558,-1
415,095285,1
415,218640,-1
415,044945,1
415,212114,1
415,212330,1
415,144631,1
415,207276,1
415,214260,1
415,152503,1
415,260199,1
415,209616,-1
415,011655,-1
415,161762,1
415,151776,-1
415,086145,-1
415,218747,-1
415,122730,-1
415,091775,1
415,254432,-1
415,015215,-1
415,215112,-1
415,044536,1
415,075763,0
415,203660,0
415,209490,-1
415,045248,-1
415,078074,-1
415,213855,1
415,190129,-1
415,217384,1
415,068097,-1
415,204596,-1
415,070295,1
415,000837,-1
415,103468,1
415,140600,-1
415,205070,1
415,149125,-1
415,138786,1
415,138759,1
415,138835,1
415,137567,1
415,006288,1
415,208786,1
415,091843,1
415,004508,-1
415,215300,1
415,217094,-1
415,232181,-1
415,116543,1
415,076654,1
415,154842,1
415,139495,1
415,222891,-1
415,217793,1
415,212596,1
415,041842,-1
415,207354,1
415,008148,1
415,259825,-1
415,207656,-1
415,215961,-1
415,261504,-1
415,133394,-1
415,036821,-1
415,010379,-1
415,180136,-1
415,204095,0
415,137790,-1
415,234955,-1
415,068086,0
415,288659,1
415,239394,1
415,181439,-1
415,213128,1
415,213881,1
415,006379,-1
415,216477,-1
415,202777,1
415,012005,-1
415,281011,1
415,201845,-1
415,202778,1
415,208478,1
415,142672,1
415,091514,1
415,195795,1
415,182967,1
415,228589,-1
415,201306,-1
415,204911,0
415,204733,1
415,043283,-1
415,002916,1
415,085325,-1
415,217256,-1
415,095957,-1
415,215949,1
415,010060,1
415,029789,-1
415,217628,1
415,217635,1
415,182683,-1
415,204893,-1
415,206465,-1
415,263020,0
415,216330,1
415,204295,1
415,143568,-1
415,244182,1
415,010711,1
415,204293,1
415,202437,-1
415,148051,-1
415,017485,-1
415,283459,-1
415,044239,-1
415,209183,-1
415,186808,1
415,204754,1
415,194145,1
415,212213,-1
415,204096,0
415,254647,1
415,202118,1
415,224298,0
415,157805,-1
415,111664,1
415,135192,-1
415,148267,-1
415,214327,1
415,217808,1
415,097897,-1
415,208822,-1
415,200938,1
415,204284,1
415,211884,0
415,208807,-1
415,210513,1
415,213713,1
415,217163,0
415,212552,1
415,002009,1
415,059565,1
415,015002,1
415,045232,0
415,218114,0
415,153813,-1
415,215030,1
415,205004,-1
415,204073,-1
415,061725,-1
415,240443,1
415,109054,-1
415,209004,-1
415,234256,1
415,176088,-1
415,212843,1
415,214315,1
415,214313,-1
415,076365,1
415,198656,1
415,116394,1
415,185637,-1
415,090988,1
415,204246,-1
415,283128,-1
415,155574,1
415,158989,-1
415,206866,1
415,271294,1
415,202582,1
415,226061,1
415,207273,-1
415,217373,1
415,196069,-1
415,217435,-1
415,168728,-1
415,217076,-1
415,204094,0
415,205008,1
415,216686,1
415,102013,1
415,212539,1
415,209075,-1
415,196240,1
415,114439,-1
415,204014,1
415,175472,1
415,289729,-1
415,019018,1
415,197902,1
415,168093,-1
415,101373,-1
415,066806,-1
415,209702,-1
415,276991,1
415,240327,-1
415,243846,-1
415,217031,1
415,011547,1
415,010260,1
415,125549,-1
415,212501,1
415,230753,-1
415,016605,-1
415,196953,-1
415,203439,1
415,254361,1
415,214970,-1
415,214332,-1
415,083492,-1
415,069030,1
415,204055,1
415,108361,-1
415,206309,-1
415,107993,1
415,195831,-1
415,212369,1
415,122768,1
415,257082,-1
415,210580,1
415,175348,-1
415,217789,0
415,034617,-1
415,008672,-1
415,203417,-1
415,202018,1
415,207746,-1
415,096268,-1
415,112835,1
415,089553,1
415,058114,1
415,202255,-1
415,210567,1
415,261238,0
415,100776,-1
415,198407,0
415,254135,-1
415,091666,1
415,217682,1
415,137927,-1
415,204427,1
415,200099,1
415,213322,-1
415,204275,0
415,204347,-1
415,093026,-1
415,203841,-1
415,213679,-1
415,217054,1
415,065831,1
415,117197,-1
415,210398,-1
415,205162,1
415,001484,-1
415,192452,1
415,140293,-1
415,157330,-1
415,222313,-1
415,217360,-1
415,209246,1
415,168131,-1
415,210555,1
415,092103,-1
415,134293,1
415,004924,1
415,119275,1
415,162780,-1
415,154452,1
415,001172,-1
415,154279,1
415,154280,1
415,154287,1
415,154241,1
415,154455,1
415,050259,-1
415,171625,-1
415,184831,-1
415,263135,1
415,063545,-1
415,231608,-1
415,266068,-1
415,156589,-1
415,208086,0
415,002794,-1
415,200064,1
415,239165,-1
415,174899,-1
415,216014,0
415,067465,-1
415,112087,-1
415,143798,-1
415,266602,-1
415,213778,-1
415,212661,1
415,089458,1
415,018133,1
415,115437,1
415,182965,1
415,004709,1
415,210420,1
415,208365,0
415,219271,-1
415,218365,1
415,118954,1
415,076295,1
415,194314,-1
415,221418,-1
415,168190,-1
415,218765,-1
415,092887,-1
415,209141,-1
415,110302,-1
415,210783,1
415,289852,1
415,285644,-1
415,090555,1
415,215733,-1
415,208415,-1
415,163887,1
415,285165,-1
415,289893,1
415,211880,0
415,213410,1
415,135652,-1
415,009742,1
415,122139,1
415,109641,1
415,122129,1
415,209277,1
415,216701,1
415,003344,-1
415,177388,1
415,033430,1
415,216501,-1
415,011900,-1
415,122030,-1
415,119342,-1
415,059564,0
415,214257,1
415,218045,-1
415,212332,1
415,087415,-1
415,219318,1
415,219381,-1
415,011589,-1
415,214166,1
415,101525,1
415,155841,-1
415,207762,1
415,161330,1
415,203399,-1
415,214904,1
415,204272,-1
415,215203,0
415,151656,1
415,251189,1
415,204697,1
415,174972,1
415,151648,1
415,151655,1
415,176378,1
415,212672,-1
415,121951,-1
415,081180,1
415,079676,-1
415,210677,1
415,091394,1
415,205418,1
415,213423,1
415,224921,1
415,204772,-1
415,038683,-1
415,165470,1
415,200412,-1
415,146293,1
415,210963,-1
415,262099,1
415,002855,-1
415,196987,1
415,218746,1
415,061211,1
415,188225,-1
415,000277,1
415,214321,1
415,216092,1
415,020868,0
415,195447,1
415,203111,-1
415,068823,1
415,116556,-1
415,214457,1
415,275320,-1
415,088015,-1
415,174957,1
415,203933,-1
415,115662,1
415,228489,-1
415,201182,-1
415,205010,1
415,204732,1
415,018816,1
415,210686,-1
415,186633,-1
415,208831,-1
415,001735,1
415,204286,1
415,068599,0
415,005484,1
415,014659,-1
415,215780,-1
415,132805,-1
415,239355,-1
415,218119,1
415,207348,1
415,233969,-1
415,010227,-1
415,137239,-1
415,141232,-1
415,215741,1
415,236333,-1
415,168242,-1
415,076181,1
415,207480,-1
415,150565,-1
415,205547,1
415,212448,1
415,067613,-1
415,015441,-1
415,216408,1
415,214014,1
415,241463,-1
415,204210,-1
415,220600,1
415,044762,-1
415,184621,0
415,207379,1
415,214323,1
415,213691,-1
415,232927,1
415,092856,1
415,097831,1
415,212307,1
415,100948,-1
415,210776,1
415,208839,1
415,211449,-1
415,139271,1
415,132082,-1
415,210385,1
415,115288,-1
415,206155,1
415,148396,1
415,215259,1
415,210175,-1
415,215962,1
415,092641,-1
415,160230,-1
415,251727,1
415,201231,1
415,203915,-1
415,208930,1
415,016621,-1
415,204287,1
415,207157,1
415,216489,1
415,218951,1
415,095401,1
415,208718,-1
415,070291,1
415,103464,1
415,030456,-1
415,218760,1
415,085559,1
415,266696,-1
415,213537,-1
415,132982,1
415,208236,1
415,132972,0
415,223269,-1
415,242437,0
415,095492,1
415,289831,1
415,161738,1
415,208608,1
415,255523,-1
415,261664,-1
415,241896,-1
415,210815,-1
415,207904,-1
415,012293,1
415,196926,-1
415,219694,1
415,123015,-1
415,210373,1
415,203898,0
415,017036,-1
415,205039,0
415,011909,-1
415,244981,1
415,205726,1
415,069599,1
415,102772,1
415,067796,1
415,214019,1
415,208465,-1
415,203444,1
415,009800,-1
415,191405,1
415,208730,1
415,204536,-1
415,205757,1
415,269121,1
415,217195,-1
415,205974,-1
415,068578,0
415,163415,-1
415,211652,-1
415,212749,-1
415,150781,1
415,216074,-1
415,126524,-1
415,161701,-1
415,009296,-1
415,210341,1
415,203655,1
415,096035,1
415,204193,1
415,266070,-1
415,114631,-1
415,233084,-1
415,050026,-1
415,182208,1
415,201267,-1
415,243590,-1
415,203422,1
415,095388,1
415,206296,-1
415,151808,1
415,205395,1
415,119518,-1
415,184835,-1
415,038093,-1
415,041902,-1
415,169624,1
415,262909,0
415,169655,1
415,213850,1
415,221178,1
415,088038,-1
415,216148,0
415,184901,1
415,232186,-1
415,131387,1
415,255093,-1
415,217855,1
415,206243,1
415,262747,1
415,205458,-1
415,275032,1
415,200384,1
415,275398,1
415,200393,1
415,119535,-1
415,122613,1
415,204061,-1
415,010285,1
415,147240,-1
415,243591,-1
415,218388,-1
415,102814,-1
415,283691,1
415,152165,-1
415,101972,-1
415,217768,-1
415,068028,1
415,068041,1
415,067991,1
415,068063,1
415,086547,-1
415,148722,-1
415,015118,-1
415,218911,1
415,217867,-1
415,204891,1
415,132687,-1
415,260879,-1
415,064760,-1
415,206522,-1
415,093558,1
415,058733,-1
415,103947,1
415,028415,-1
415,070774,1
415,211123,1
415,103156,-1
415,183630,-1
415,068577,1
415,208768,-1
415,208891,-1
415,112968,-1
415,253529,-1
415,212078,1
415,267983,1
415,205047,-1
415,259821,-1
415,045052,-1
415,212286,-1
415,203681,1
415,285199,1
415,005331,-1
415,109752,-1
415,207323,1
415,155133,-1
415,147188,-1
415,214458,1
415,230490,-1
415,213220,-1
415,207839,1
415,113358,-1
415,189949,1
415,275587,0
415,203720,1
415,040258,1
415,207757,1
415,209012,1
415,051056,-1
415,206151,1
415,213513,-1
415,132864,-1
415,099154,1
415,213792,-1
415,122573,1
415,029246,-1
415,005113,-1
415,213576,-1
415,266232,1
415,069958,-1
415,239861,1
415,162694,-1
415,100200,-1
415,204603,-1
415,217977,-1
415,275428,-1
415,211499,-1
415,210049,-1
415,194315,-1
415,059120,-1
415,025261,-1
415,215462,1
415,205133,1
415,157039,-1
415,000555,1
415,011120,-1
415,108064,1
415,039821,-1
415,255907,-1
415,210560,-1
415,233400,-1
415,269656,1
415,209958,1
415,218392,-1
415,243177,-1
415,209996,-1
415,113332,1
415,216447,0
415,147233,-1
415,145489,-1
415,217047,1
415,206044,1
415,000772,1
415,204577,1
415,275346,1
415,240560,-1
415,156914,1
415,091356,0
415,217881,-1
415,284540,-1
415,092591,-1
415,209985,1
415,010611,-1
415,091777,0
415,194300,1
415,165279,-1
415,069702,1
415,022447,1
415,144892,-1
415,208216,-1
415,012629,-1
415,094292,-1
415,174918,-1
415,033773,-1
415,217309,1
415,006046,-1
415,205721,-1
415,216781,-1
415,102875,1
415,184301,-1
415,213098,1
415,192986,-1
415,024582,-1
415,095327,-1
415,161995,-1
415,107814,1
415,139502,1
415,218824,1
415,044767,1
415,052045,1
415,203595,-1
415,101877,-1
415,204955,1
415,267263,-1
415,182794,-1
415,279411,1
415,208526,-1
415,068244,1
415,068243,1
415,100291,-1
415,164431,-1
415,197852,-1
415,093557,-1
415,100123,-1
415,118033,1
415,276248,-1
415,014592,1
415,184986,1
415,221393,-1
415,037038,-1
415,014610,-1
415,218516,1
415,042361,-1
415,213505,-1
415,266968,1
415,112011,1
415,184341,-1
415,018667,-1
415,037349,-1
415,161480,-1
415,242278,-1
415,211842,-1
415,076397,-1
415,216682,-1
415,204406,1
415,148215,-1
415,234672,-1
415,103131,-1
415,187480,-1
415,288885,0
415,213103,1
415,197480,-1
415,217371,-1
415,205035,-1
415,204397,-1
415,181457,-1
415,066856,1
415,206782,1
415,131553,-1
415,206788,0
415,169219,-1
415,027725,-1
415,094291,-1
415,140113,-1
415,092076,1
415,096058,-1
415,068248,1
415,068177,1
415,185401,1
415,284557,-1
415,068149,1
415,112443,-1
415,286491,-1
415,033795,-1
415,068717,1
415,220518,-1
415,209811,1
415,218361,-1
415,213013,1
415,068003,1
415,276252,-1
415,000436,-1
415,260392,-1
415,183018,1
415,068260,1
415,182972,1
415,216277,-1
415,068246,1
415,164473,1
415,183000,1
415,198181,-1
415,099034,-1
415,014414,-1
415,175958,0
415,119230,-1
415,150937,-1
415,091378,1
415,183019,1
415,084119,-1
415,213761,-1
415,068055,1
415,218061,0
415,132738,1
415,068107,1
415,192789,-1
415,204146,-1
415,195215,1
415,195235,1
415,195182,1
415,164226,1
415,218863,1
415,203219,-1
415,238172,0
415,068164,0
415,098444,-1
415,091723,1
415,214181,1
415,242572,-1
415,069424,-1
415,206536,1
415,206748,-1
415,204909,1
415,132861,-1
415,211658,-1
415,032321,-1
415,134928,-1
415,091640,-1
415,154702,1
415,199621,-1
415,213775,-1
415,280701,-1
415,204914,-1
415,216180,-1
415,216382,1
415,214336,1
415,226760,-1
415,051177,-1
415,258864,-1
415,160392,-1
415,215639,-1
415,209627,1
415,192859,0
415,214442,-1
415,099599,1
415,004981,-1
415,091621,1
415,099546,-1
415,286937,1
415,279983,-1
415,155669,-1
415,141156,-1
415,202172,1
415,234952,1
415,163992,1
415,284956,-1
415,213838,1
415,214333,1
415,127567,-1
415,221599,1
415,176002,-1
415,195214,-1
415,202016,-1
415,093160,-1
415,216291,-1
415,237588,-1
415,159108,-1
415,203020,-1
415,093550,-1
415,214245,1
415,016417,1
415,069563,-1
415,091250,-1
415,267842,-1
415,205441,-1
415,212719,1
415,045233,1
415,238531,1
415,205987,-1
415,097087,1
415,128682,1
415,230751,-1
415,213057,1
415,009207,-1
415,102597,-1
415,171834,1
415,097886,-1
415,284556,-1
415,210459,-1
415,090848,-1
415,169883,1
415,208719,-1
415,183766,-1
415,149498,-1
415,135863,-1
415,032406,-1
415,100930,1
415,038464,-1
415,111959,-1
415,156470,1
415,210616,1
415,215795,-1
415,289957,-1
415,288966,-1
415,128591,-1
415,134273,1
415,118034,-1
415,017577,-1
415,203241,-1
415,216843,1
415,201754,1
415,009840,1
415,238876,0
415,203704,1
415,000306,1
415,108394,-1
415,108727,1
415,125134,-1
415,091559,1
415,116462,1
415,208076,0
415,217455,0
415,203953,1
415,045140,-1
415,209496,1
415,204292,-1
415,209907,1
415,197804,-1
415,119187,1
415,004880,1
415,214217,1
415,201805,-1
415,281350,-1
415,134777,1
415,076970,-1
415,214055,1
415,095065,1
415,200883,-1
415,214037,1
415,099637,-1
415,043699,1
415,288978,-1
415,130628,-1
415,111342,1
415,161203,-1
415,119975,1
415,005503,1
415,120086,1
415,145397,-1
415,168196,-1
415,276230,-1
415,271570,1
415,215799,1
415,202396,-1
415,145793,-1
415,204968,0
415,234046,-1
415,208582,-1
415,079602,1
415,109522,1
415,068068,-1
415,143116,-1
415,216507,-1
415,206739,-1
415,081217,-1
415,016411,-1
415,117343,1
415,212014,1
415,002770,1
415,018823,1
415,151758,-1
415,197577,-1
415,201763,0
415,201736,1
415,267964,1
415,205749,0
415,107834,1
415,138105,1
415,116111,-1
415,088333,-1
415,169636,-1
415,091236,1
415,250914,-1
415,059579,0
415,091164,1
415,110629,-1
415,204800,-1
415,091522,1
415,110826,-1
415,126676,-1
415,163942,1
415,133240,1
415,133238,1
415,017219,-1
415,262196,1
415,001140,-1
415,210228,-1
415,126286,1
415,134177,1
415,044310,0
415,204887,-1
415,095622,1
415,006160,1
415,004895,-1
415,002350,-1
415,143300,-1
415,135291,0
415,100461,-1
415,040722,-1
415,017264,-1
415,111754,-1
415,143882,-1
415,126099,-1
415,219173,1
415,284749,1
415,200734,0
415,093486,-1
415,193824,1
415,204257,-1
415,279996,-1
415,193133,1
415,279453,1
415,051691,1
415,039702,-1
415,283802,-1
415,148153,-1
415,148767,-1
415,184484,-1
415,014406,-1
415,150750,-1
415,205293,1
415,209225,1
415,005864,1
415,000517,-1
415,133068,-1
415,208400,1
415,201568,-1
415,186448,1
415,075805,1
415,080618,1
415,265389,-1
415,146201,-1
415,262952,1
415,160326,-1
415,285403,-1
415,124089,-1
415,218265,-1
415,218437,1
415,212418,-1
415,178283,-1
415,037741,0
415,140123,-1
415,121841,1
415,009366,1
415,213827,1
415,155149,-1
415,217284,0
415,128782,1
415,161498,-1
415,141550,1
415,197753,1
415,212314,-1
415,218957,-1
415,189106,-1
415,217673,1
415,068995,1
415,210480,1
415,140124,-1
415,107695,1
415,095603,1
415,116571,-1
415,005059,-1
415,206457,-1
415,126143,-1
415,289164,-1
415,280438,-1
415,003241,-1
415,260658,-1
415,034862,-1
415,204304,1
415,244662,-1
415,204389,1
415,162230,-1
415,019660,-1
415,108065,-1
415,018899,1
415,044617,1
415,174824,1
415,112427,-1
415,212851,-1
415,162666,1
415,218231,0
415,122788,-1
415,208142,1
415,100422,1
415,092651,1
415,284231,-1
415,091617,1
415,131200,1
415,210411,-1
415,000017,-1
415,092099,1
415,205939,1
415,017782,-1
415,016028,1
415,091602,1
415,124590,1
415,204563,-1
415,201854,-1
415,190470,-1
415,288494,1
415,216012,-1
415,164475,1
415,262919,-1
415,217572,1
415,206146,1
415,213554,-1
415,082896,0
415,128015,-1
415,240511,1
415,067625,1
415,158269,1
415,158224,1
415,130247,-1
415,131768,-1
415,010722,-1
415,088066,-1
415,164256,-1
415,286495,-1
415,198372,-1
415,134027,-1
415,211458,-1
415,159575,1
415,216154,-1
415,228305,-1
415,210579,-1
415,182804,-1
415,115840,-1
415,092396,1
415,215941,-1
415,031332,-1
415,091246,1
415,142962,-1
415,236593,1
415,197432,-1
415,160393,-1
415,214398,-1
415,259337,-1
415,215939,1
415,229132,-1
415,026790,-1
415,257331,-1
415,018108,-1
415,133907,1
415,266058,-1
415,197868,-1
415,285262,1
415,217542,1
415,189664,-1
415,285278,1
415,165079,-1
415,148964,1
415,203619,1
415,279957,-1
415,153303,-1
415,060938,-1
415,182968,1
415,016404,-1
415,162767,1
415,085470,-1
415,126975,-1
415,198651,-1
415,091980,1
415,145346,-1
415,218992,-1
415,123185,1
415,155038,-1
415,128306,1
415,128307,1
415,000524,-1
415,128311,1
415,128313,1
415,090457,-1
415,094625,-1
415,165082,-1
415,204100,-1
415,123168,1
415,208985,1
415,151633,-1
415,209847,0
415,126959,-1
415,202087,-1
415,001739,1
415,238989,1
415,008349,-1
415,203699,1
415,147420,-1
415,091878,-1
415,128251,1
415,059403,-1
415,044628,0
415,184610,1
415,207811,1
415,086936,-1
415,007432,1
415,109547,-1
415,007504,1
415,007435,1
415,143897,-1
415,140526,1
415,009126,-1
415,212635,-1
415,195598,-1
415,260490,-1
415,123758,-1
415,156753,1
415,149114,0
415,130258,-1
415,006695,-1
415,236616,1
415,261189,-1
415,208794,-1
415,241576,1
415,205938,-1
415,162493,1
415,215614,1
415,098176,-1
415,265328,-1
415,044967,1
415,241526,-1
415,210681,1
415,169186,-1
415,164157,1
415,164154,1
415,137921,1
415,187926,-1
415,014762,-1
415,127352,-1
415,210590,1
415,091247,1
415,217618,1
415,096659,-1
415,219812,-1
415,213972,-1
415,216332,-1
415,163304,-1
415,195176,1
415,216173,1
415,092609,-1
415,044740,-1
415,216945,1
415,205672,1
415,144469,0
415,123167,1
415,108728,1
415,178382,1
415,144331,1
415,204807,1
415,184107,1
415,217989,-1
415,143228,1
415,110482,1
415,091715,1
415,091704,1
415,208268,-1
415,149952,-1
415,174980,0
415,008554,0
415,185689,-1
415,068483,1
415,160394,1
415,205954,0
415,219064,1
415,151642,-1
415,192467,1
415,210581,1
415,010163,1
415,122454,1
415,122575,1
415,173340,-1
415,126269,1
415,213574,-1
415,131108,1
415,067825,1
415,125562,-1
415,213721,-1
415,199610,-1
415,258572,0
415,163982,-1
415,097475,1
415,251714,0
415,216076,-1
415,067486,1
415,068535,0
415,219944,1
415,209173,1
415,018526,1
415,135528,-1
415,127578,-1
415,208619,-1
415,029194,-1
415,009542,-1
415,142347,1
415,204019,-1
415,007510,-1
415,091511,-1
415,195332,1
415,177130,-1
415,068256,1
415,214171,0
415,126361,1
415,126290,1
415,128230,1
415,126270,1
415,015457,1
415,152658,1
415,192514,-1
415,032661,1
415,019602,-1
415,031276,-1
415,176086,-1
415,001445,1
415,201804,-1
415,214352,1
415,000445,-1
415,221378,-1
415,222252,-1
415,091593,-1
415,009836,-1
415,002004,-1
415,160325,-1
415,091258,1
415,211295,-1
415,091762,-1
415,098138,1
415,268310,1
415,138354,-1
415,182207,1
415,278938,1
415,203425,-1
415,125773,-1
415,205198,-1
415,261176,-1
415,132418,-1
415,211711,1
415,196424,1
415,009314,-1
415,251590,1
415,078083,-1
415,160515,-1
415,196514,-1
415,135350,1
415,215579,-1
415,275579,-1
415,122816,-1
415,269937,-1
415,089906,-1
415,109515,1
415,258143,-1
415,202040,0
415,005887,-1
415,133822,0
415,197047,-1
415,003439,-1
415,213837,-1
415,194959,-1
415,008745,1
415,280922,1
415,203534,1
415,112878,1
415,259076,-1
415,278544,-1
415,253350,1
415,212278,-1
415,192772,-1
415,091084,-1
415,062665,-1
415,274842,-1
415,031984,-1
415,285588,-1
415,230010,-1
415,204478,1
415,205182,1
415,092576,1
415,141741,1
415,169632,-1
415,211886,-1
415,208153,1
415,217769,-1
415,177134,-1
415,220677,-1
415,064471,-1
415,218009,1
415,125642,-1
415,006184,1
415,002280,1
415,003204,1
415,162019,1
415,012930,1
415,120722,-1
415,213229,-1
415,213353,-1
415,132033,-1
415,208631,1
415,077225,1
415,214929,0
415,068140,0
415,133222,-1
415,211521,-1
415,222755,-1
415,269824,-1
415,122996,-1
415,280146,-1
415,204261,1
415,285606,-1
415,130655,-1
415,199302,-1
415,205877,-1
415,003020,1
415,112946,-1
415,029962,1
415,029864,1
415,217735,0
415,088461,1
415,174699,-1
415,014598,-1
415,203386,-1
415,231226,-1
415,091610,-1
415,206850,-1
415,065993,1
415,068040,-1
415,159719,-1
415,200423,1
415,063145,-1
415,033715,-1
415,266009,-1
415,209679,-1
415,230652,-1
415,243612,-1
415,214353,-1
415,102108,-1
415,022256,-1
415,113623,1
415,239113,-1
415,130214,-1
415,220852,-1
415,168541,-1
415,268083,1
415,164653,-1
415,132131,1
415,218449,1
415,259071,-1
415,126889,1
415,190286,-1
415,205472,-1
415,118873,-1
415,014823,-1
415,218682,-1
415,058705,-1
415,017235,-1
415,232998,-1
415,232475,-1
415,215227,-1
415,144338,-1
415,042863,1
415,038878,1
415,133695,-1
415,200835,1
415,107698,1
415,064856,-1
415,133483,-1
415,267770,-1
415,125781,-1
415,014755,-1
415,133789,-1
415,207810,-1
415,089625,1
415,164430,-1
415,218411,1
415,204252,-1
415,287764,-1
415,188065,-1
415,212196,1
415,126526,-1
415,214837,-1
415,158596,-1
415,035944,-1
415,002371,-1
415,158526,-1
415,070493,-1
415,210279,-1
415,258584,-1
415,270534,-1
415,200855,1
415,216425,0
415,002845,-1
415,200422,1
415,205199,1
415,205529,-1
415,043878,0
415,213975,-1
415,241917,-1
415,091400,-1
415,004653,-1
415,183611,1
415,171346,-1
415,218493,1
415,038453,1
415,117749,-1
415,210301,-1
415,130767,1
415,013184,1
415,190901,1
415,068976,-1
415,091897,-1
415,206357,-1
415,205257,-1
415,205993,1
415,274716,-1
415,060206,1
415,162490,0
415,266512,-1
415,169772,-1
415,081398,-1
415,157070,-1
415,012096,-1
415,044248,-1
415,100628,-1
415,215327,1
415,203474,0
415,206424,1
415,027623,1
415,038485,1
415,203037,-1
415,170411,-1
415,215231,1
415,096213,-1
415,201297,1
415,002015,-1
415,123138,-1
415,209384,1
415,214499,-1
415,099237,-1
415,157367,-1
415,196386,1
415,120653,-1
415,217180,1
415,205151,1
415,154336,-1
415,196780,1
415,201167,-1
415,212648,1
415,126736,1
415,001446,-1
415,158170,-1
415,208419,1
415,123068,-1
415,203788,-1
415,212295,-1
415,183593,0
415,204279,-1
415,209852,-1
415,167763,-1
415,214585,1
415,069260,1
415,013124,-1
415,212655,-1
415,102433,1
415,131564,-1
415,069376,1
415,102549,1
415,069416,1
415,102589,1
415,076967,-1
415,037889,1
415,128167,-1
415,266974,1
415,098167,-1
415,122473,-1
415,219021,1
415,289747,1
415,034517,-1
415,133652,-1
415,210770,1
415,116424,1
415,123481,-1
415,289757,1
415,016216,-1
415,204165,-1
415,188815,-1
415,107724,1
415,210167,1
415,056109,-1
415,066073,-1
415,213385,-1
415,010252,1
415,122579,1
415,007847,-1
415,008756,-1
415,126299,1
415,149884,-1
415,227685,-1
415,213376,1
415,206660,1
415,108262,-1
415,068357,1
415,212390,1
415,214303,0
415,194880,-1
415,209145,0
415,016372,-1
415,123408,1
415,069983,-1
415,217090,1
415,203079,-1
415,150307,-1
415,185642,1
415,004987,-1
415,235265,-1
415,212619,-1
415,093075,1
415,067896,1
415,065628,1
415,120720,-1
415,183046,-1
415,260572,-1
415,117272,1
415,211695,-1
415,254808,1
415,101839,-1
415,263457,1
415,211514,-1
415,041013,1
415,167562,-1
415,195960,-1
415,208411,1
415,201676,1
415,165741,-1
415,067810,0
415,209027,-1
415,081226,-1
415,216281,1
415,218299,1
415,123903,-1
415,217184,-1
415,124716,1
415,110837,1
415,113733,-1
415,211516,1
415,242534,-1
415,143453,1
415,169643,1
415,123108,-1
415,289907,1
415,090786,-1
415,215240,1
415,206475,-1
415,217811,-1
415,135633,-1
415,167808,-1
415,285271,-1
415,028402,-1
415,150776,1
415,203461,1
415,233141,-1
415,287901,-1
415,164242,-1
415,155076,-1
415,218407,1
415,010805,1
415,204875,0
415,199186,-1
415,126846,-1
415,041057,-1
415,232643,-1
415,221700,-1
415,000956,-1
415,109039,-1
415,209644,1
415,007338,-1
415,009805,1
415,038079,-1
415,130952,-1
415,262358,-1
415,114870,-1
415,239401,-1
415,280427,-1
415,178805,1
415,069025,1
415,137519,1
415,261574,-1
415,205332,-1
415,068070,1
415,206697,-1
415,090964,-1
415,212224,-1
415,146491,1
415,134229,-1
415,051830,-1
415,027096,-1
415,018026,-1
415,205533,-1
415,200014,1
415,010152,-1
415,207372,-1
415,289069,-1
415,213988,-1
415,232451,-1
415,009669,1
415,179307,-1
415,119427,-1
415,147969,-1
415,218007,-1
415,216412,1
415,041812,-1
415,240185,-1
415,192508,-1
415,093313,-1
415,127974,-1
415,266368,1
415,281209,1
415,218297,1
415,068478,-1
415,218296,1
415,140537,-1
415,028708,-1
415,147441,-1
415,126260,1
415,218295,1
415,023826,-1
415,282757,1
415,282796,1
415,286226,1
415,218298,1
415,218294,1
415,218274,1
415,088107,1
415,206098,1
415,271023,-1
415,131351,-1
415,112631,-1
415,202136,-1
415,142997,-1
415,241909,-1
415,210064,1
415,163845,1
415,220042,-1
415,217722,1
415,074772,1
415,223949,-1
415,222685,-1
415,027695,1
415,206307,0
415,259141,-1
415,218322,1
415,216818,-1
415,179594,-1
415,190144,1
415,139240,-1
415,197535,-1
415,070849,1
415,104022,1
415,216303,-1
415,260869,-1
415,108165,1
415,252334,-1
415,001737,-1
415,103666,-1
415,214745,1
415,183122,1
415,143039,0
415,220661,-1
415,288675,1
415,192966,1
415,156599,-1
415,099178,-1
415,192548,1
415,220794,1
415,042728,-1
415,095328,-1
415,150568,-1
415,271085,1
415,223695,-1
415,118939,1
415,214670,1
415,288613,-1
415,143321,1
415,204475,-1
415,066812,1
415,238961,-1
415,190673,-1
415,204575,1
415,204054,-1
415,139916,-1
415,204599,-1
415,212393,1
415,108565,1
415,203556,-1
415,016704,1
415,214648,0
415,281095,-1
415,206875,-1
415,278922,1
415,095392,-1
415,037093,1
415,280709,-1
415,112905,-1
415,112405,1
415,289217,-1
415,216149,-1
415,244172,-1
415,235345,-1
415,009565,1
415,210707,1
415,125958,-1
415,196622,-1
415,009563,-1
415,012327,-1
415,068208,1
415,179578,-1
415,217999,1
415,217447,-1
415,205745,-1
415,211077,1
415,202181,-1
415,212123,1
415,207472,-1
415,091767,-1
415,068978,-1
415,092243,-1
415,213992,-1
415,203791,0
415,205575,-1
415,065434,0
415,259815,1
415,223282,-1
415,211000,-1
415,011933,-1
415,218097,0
415,131611,1
415,218247,1
415,113625,1
415,232420,-1
415,210396,-1
415,208035,-1
415,233126,-1
415,028401,-1
415,113624,1
415,216213,-1
415,083509,-1
415,167538,1
415,067760,1
415,146594,-1
415,144870,-1
415,216169,-1
415,016338,1
415,068932,-1
415,242548,-1
415,167552,1
415,001614,-1
415,008732,1
415,209871,1
415,260467,-1
415,206589,1
415,204296,1
415,085606,-1
415,139868,-1
415,109999,-1
415,280261,-1
415,029209,-1
415,177240,1
415,044280,0
415,177249,1
415,203787,1
415,102209,-1
415,188423,1
415,000920,-1
415,061117,1
415,132763,1
415,257632,1
415,259832,-1
415,279389,-1
415,164797,1
415,164843,1
415,110080,1
415,110038,1
415,208036,-1
415,147171,1
415,148611,-1
415,084924,1
415,165109,-1
415,208383,-1
415,015523,-1
415,205492,1
415,195039,-1
415,157129,1
415,163722,-1
415,216348,1
415,213442,-1
415,163578,-1
415,217387,-1
415,190905,1
415,213037,1
415,271041,1
415,204560,-1
415,267822,-1
415,209282,-1
415,101337,-1
415,159592,1
415,065821,0
415,207469,-1
415,044748,-1
415,153818,1
415,132814,1
415,177057,-1
415,176780,-1
415,220293,-1
415,038452,-1
415,188462,-1
415,267438,1
415,212942,-1
415,011906,-1
415,002529,-1
415,202973,0
415,233060,0
415,208824,-1
415,204386,-1
415,205550,0
415,203183,-1
415,161993,-1
415,151558,1
415,023402,-1
415,214816,0
415,153857,1
415,195903,1
415,210182,0
415,158278,-1
415,280847,-1
415,203445,-1
415,127576,-1
415,133484,-1
415,203335,-1
415,042967,1
415,074754,-1
415,001873,1
415,023498,1
415,004231,-1
415,199957,-1
415,220409,-1
415,089116,1
415,222730,-1
415,218666,-1
415,108543,-1
415,210356,-1
415,130736,1
415,199835,-1
415,138252,1
415,138166,1
415,110467,1
415,159770,1
415,004591,-1
415,155944,1
415,171916,1
415,137760,-1
415,133655,-1
415,225507,1
415,195784,-1
415,122675,-1
415,278368,-1
415,127436,1
415,126957,-1
415,155697,-1
415,140475,-1
415,112350,1
415,007057,-1
415,112351,1
415,149147,-1
415,076449,1
415,201790,-1
415,017159,-1
415,192477,1
415,130103,-1
415,139253,1
415,216320,1
415,017935,-1
415,046518,1
415,191919,1
415,164538,-1
415,162383,-1
415,091087,-1
415,094985,-1
415,014283,1
415,216924,-1
415,202555,1
415,264096,1
415,168498,-1
415,015876,1
415,215302,1
415,258327,1
415,216652,1
415,125019,-1
415,213815,1
415,004896,-1
415,252774,-1
415,158495,1
415,218596,1
415,241215,1
415,219660,-1
415,201195,-1
415,203518,1
415,243638,-1
415,208576,1
415,211849,1
415,206645,1
415,209518,-1
415,226882,1
415,217646,1
415,279306,1
415,016656,-1
415,208177,-1
415,203688,1
415,150751,-1
415,194735,1
415,225355,-1
415,179803,-1
415,198288,1
415,129005,-1
415,242550,-1
415,265139,-1
415,208914,1
415,279309,-1
415,218972,-1
415,216765,-1
415,112925,-1
415,216728,1
415,282655,1
415,204369,-1
415,115199,-1
415,000811,1
415,011402,-1
415,161898,-1
415,211476,1
415,009699,-1
415,274952,1
415,184803,-1
415,091189,0
415,210274,-1
415,163983,-1
415,216628,1
415,289464,-1
415,032600,-1
415,259343,-1
415,078443,-1
415,174906,-1
415,227197,-1
415,005038,-1
415,206812,1
415,205608,-1
415,198774,1
415,265781,-1
415,213443,-1
415,205924,1
415,203984,1
415,208734,1
415,268251,1
415,215364,0
415,163478,1
415,205013,1
415,169641,-1
415,071814,1
415,159290,-1
415,212381,-1
415,211069,0
415,059494,1
415,262381,-1
415,079797,1
415,007755,-1
415,167558,-1
415,172089,-1
415,143201,-1
415,207926,1
415,019410,-1
415,203921,-1
415,214374,-1
415,164375,-1
415,104987,1
415,268463,-1
415,002456,-1
415,262223,-1
415,207940,1
415,205286,0
415,147548,1
415,017493,-1
415,196747,1
415,261818,1
415,210054,-1
415,164400,-1
415,205252,1
415,208745,1
415,161031,-1
415,042891,1
415,207957,1
415,031289,-1
415,203209,1
415,203436,1
415,214566,-1
415,217241,1
415,085550,1
415,196763,1
415,159757,-1
415,002975,1
415,007849,1
415,207742,1
415,207737,-1
415,194567,-1
415,138682,-1
415,023638,-1
415,052552,-1
415,151974,-1
415,101568,-1
415,206997,-1
415,131898,-1
415,204653,-1
415,002214,1
415,126956,-1
415,024572,-1
415,207485,-1
415,087720,-1
415,174029,1
415,206376,1
415,130658,-1
415,184751,-1
415,084886,-1
415,205140,1
415,239083,-1
415,154149,1
415,147877,1
415,207258,1
415,126174,1
415,232874,-1
415,169770,-1
415,271785,-1
415,090685,-1
415,134658,-1
415,257527,-1
415,060401,1
415,090575,-1
415,200696,-1
415,183609,0
415,187308,-1
415,124286,-1
415,099030,1
415,133023,-1
415,206427,1
415,195101,1
415,234858,-1
415,167249,-1
415,217843,1
415,283472,-1
415,039777,-1
415,215502,1
415,120929,-1
415,214619,1
415,010019,-1
415,005063,1
415,205804,1
415,126776,-1
415,113725,-1
415,240446,1
415,272715,-1
415,123728,-1
415,037792,-1
415,122698,1
415,011285,1
415,111009,-1
415,285867,1
415,066794,-1
415,228220,1
415,093465,-1
415,221881,1
415,267977,1
415,208371,1
415,009715,1
415,122117,1
415,117129,1
415,015354,-1
415,230187,-1
415,007734,-1
415,069017,-1
415,209058,-1
415,205375,-1
415,068197,-1
415,084658,1
415,216271,1
415,002961,-1
415,211062,-1
415,179283,-1
415,216756,-1
415,206220,1
415,147360,-1
415,217648,0
415,208104,-1
415,187329,0
415,140826,-1
415,148752,-1
415,031089,-1
415,164892,-1
415,226763,-1
415,065413,1
415,082317,-1
415,088496,-1
415,204829,-1
415,112283,-1
415,206841,-1
415,207587,0
415,259011,-1
415,003610,1
415,217389,-1
415,116362,1
415,285343,-1
415,119460,-1
415,272560,-1
415,119904,-1
415,033764,-1
415,010762,-1
415,001312,1
415,134105,-1
415,188735,-1
415,010175,-1
415,203251,-1
415,157240,-1
415,218996,1
415,212742,-1
415,201875,1
415,206606,-1
415,028711,-1
415,206600,-1
415,217499,1
415,092876,1
415,091410,-1
415,120723,-1
415,205305,-1
415,038250,-1
415,280800,0
415,213551,-1
415,267264,1
415,205502,0
415,175349,-1
415,212412,-1
415,208901,-1
415,090476,0
415,149116,-1
415,206223,1
415,215726,-1
415,218453,-1
415,209503,0
415,244191,1
415,165080,-1
415,151072,-1
415,104288,-1
415,207637,-1
415,190917,1
415,116567,-1
415,056126,-1
415,144430,-1
415,205941,1
415,201895,1
415,215393,-1
415,108478,-1
415,176056,-1
415,230185,1
415,017547,-1
415,150773,-1
415,150764,1
415,012707,-1
415,217356,-1
415,280373,-1
415,015798,1
415,133266,-1
415,091600,1
415,210205,-1
415,206784,-1
415,152075,0
415,140126,-1
415,201620,-1
415,129619,-1
415,025752,-1
415,151759,-1
415,207697,-1
415,267112,-1
415,102143,1
415,272548,-1
415,203458,1
415,068250,1
415,210750,-1
415,182945,-1
415,288424,-1
415,215555,1
415,182971,1
415,195084,1
415,079598,1
415,274954,-1
415,000526,1
415,027475,-1
415,042084,1
415,238511,1
415,094991,1
415,278617,-1
415,142670,1
415,047185,-1
415,206513,-1
415,214516,-1
415,203333,1
415,210529,1
415,265329,-1
415,123664,-1
415,068253,1
415,085561,1
415,086052,-1
415,066876,1
415,212713,-1
415,180532,-1
415,192267,1
415,181978,1
415,240420,1
415,240444,1
415,240445,-1
415,240421,-1
415,206066,-1
415,241106,-1
415,203048,1
415,095722,-1
415,044903,-1
415,208148,0
415,091391,-1
415,222462,-1
415,034634,-1
415,142747,1
415,011872,1
415,183984,-1
415,165467,0
415,194512,0
415,144056,1
415,067910,1
415,212948,1
415,130981,-1
415,210232,1
415,145792,-1
415,212691,1
415,176264,1
415,188889,-1
415,189074,1
415,163985,1
415,151049,-1
415,092330,-1
415,056857,-1
415,052143,-1
415,266961,1
415,142287,-1
415,162309,-1
415,205997,-1
415,187730,1
415,218535,1
415,115763,-1
415,160322,-1
415,039624,-1
415,156297,-1
415,164355,-1
415,138139,1
415,272203,-1
415,031488,-1
415,213699,-1
415,142197,1
415,279520,-1
415,254223,-1
415,102324,1
415,069151,1
415,008803,1
415,001825,-1
415,089642,1
415,131715,-1
415,233970,-1
415,214742,-1
415,133648,1
415,160596,-1
415,139671,-1
415,186453,-1
415,005128,-1
415,025386,-1
415,071023,-1
415,201484,1
415,134910,-1
415,204863,-1
415,012037,-1
415,112277,-1
415,266951,1
415,216221,-1
415,208968,1
415,205081,1
415,122225,-1
415,217355,1
415,216079,-1
415,267399,-1
415,137458,-1
415,286930,-1
415,189768,-1
415,242745,-1
415,205764,-1
415,184066,-1
415,225933,1
415,212339,1
415,209766,1
415,211041,-1
415,218002,-1
415,085314,1
415,096606,-1
415,062568,-1
415,041223,-1
415,147223,-1
415,174944,-1
415,125639,-1
415,210022,-1
415,133457,1
415,057984,-1
415,201902,-1
415,218707,1
415,205006,-1
415,218781,1
415,009210,-1
415,145528,-1
415,265212,-1
415,126907,1
415,214152,-1
415,096282,-1
415,052735,-1
415,261153,-1
415,205519,0
415,164682,1
415,006920,0
415,278839,1
415,007114,-1
415,218395,-1
415,185965,-1
415,278790,1
415,183756,1
415,159469,-1
415,207200,0
415,108648,-1
415,278844,1
415,118869,-1
415,208672,-1
415,126850,1
415,099627,-1
415,218444,-1
415,209248,-1
415,259192,-1
415,232480,-1
415,283391,-1
415,000280,1
415,201994,1
415,118959,1
415,200685,-1
415,210231,0
415,119085,1
415,003113,-1
415,203707,-1
415,234856,-1
415,009756,1
415,122151,1
415,201547,-1
415,091070,-1
415,002815,1
415,068729,-1
415,275248,-1
415,124588,1
415,129722,1
415,124542,1
415,124695,1
415,115877,-1
415,003244,-1
415,131608,1
415,131609,1
415,149106,-1
415,128498,-1
415,008127,-1
415,259450,-1
415,205912,-1
415,150492,-1
415,131570,1
415,193663,-1
415,004623,-1
415,000153,1
415,216151,-1
415,077989,1
415,210599,1
415,100509,1
415,205870,1
415,170672,1
415,000633,-1
415,091295,1
415,109053,-1
415,126352,-1
415,159685,1
415,200747,-1
415,108852,1
415,054672,1
415,164474,1
415,138814,1
415,213198,1
415,216939,1
415,029230,-1
415,154555,1
415,234238,-1
415,087366,1
415,262309,-1
415,135669,-1
415,215673,1
415,197553,1
415,137422,-1
415,140758,-1
415,131552,-1
415,119106,1
415,108849,1
415,149249,-1
415,272888,-1
415,215338,-1
415,189119,-1
415,134179,1
415,077361,1
415,002376,1
415,163529,-1
415,192606,1
415,192318,1
415,208145,0
415,200861,-1
415,202128,1
415,111793,-1
415,200662,-1
415,148523,-1
415,164426,-1
415,184304,1
415,146528,-1
415,041120,1
415,272783,-1
415,276654,1
415,261493,1
415,046459,-1
415,195183,1
415,175366,-1
415,038406,1
415,212044,-1
415,216592,-1
415,203309,1
415,229304,1
415,130648,-1
415,195346,-1
415,118600,-1
415,002604,-1
415,187811,1
415,055183,-1
415,198917,1
415,206910,-1
415,206790,1
415,064712,1
415,168191,-1
415,122471,-1
415,206679,1
415,205104,-1
415,229292,-1
415,209044,1
415,229231,-1
415,013083,1
415,145857,1
415,064790,1
415,064785,1
415,177251,-1
415,210121,1
415,100971,1
415,100973,1
415,202300,1
415,208974,1
415,064841,-1
415,219032,0
415,258160,-1
415,001265,-1
415,067485,1
415,169633,-1
415,218218,-1
415,066017,1
415,181495,-1
415,278160,0
415,133651,-1
415,050338,-1
415,210547,1
415,218184,1
415,151024,-1
415,120814,-1
415,109545,-1
415,210058,-1
415,218325,1
415,016069,-1
415,187258,-1
415,002278,-1
415,146935,-1
415,005061,-1
415,008128,-1
415,127124,-1
415,204083,1
415,160300,-1
415,195181,1
415,266443,-1
415,112680,-1
415,108460,-1
415,214197,1
415,081854,1
415,170154,1
415,267719,1
415,208638,-1
415,244965,1
415,225055,-1
415,020686,1
415,021324,-1
415,007155,-1
415,214092,1
415,040528,-1
415,086080,-1
415,087545,-1
415,214103,1
415,213134,1
415,192765,-1
415,009932,-1
415,068911,-1
415,239356,-1
415,078191,1
415,215033,1
415,217747,1
415,039504,-1
415,205024,-1
415,203441,0
415,082548,-1
415,207280,-1
415,075764,1
415,214007,-1
415,278969,1
415,200928,1
415,215899,1
415,214719,-1
415,183925,-1
415,225535,1
415,076452,1
415,230858,-1
415,212757,1
415,205654,-1
415,159476,-1
415,239335,1
415,165076,-1
415,207134,0
415,078906,1
415,097111,-1
415,093474,-1
415,210209,1
415,244959,1
415,097016,-1
415,183752,1
415,091054,1
415,209539,1
415,214764,-1
415,280909,1
415,217021,-1
415,157033,-1
415,110466,1
415,277785,-1
415,204317,-1
415,032986,1
415,020654,0
415,206688,-1
415,131317,-1
415,092725,-1
415,039760,1
415,043130,1
415,208595,1
415,148199,-1
415,038023,-1
415,123171,1
415,115258,-1
415,077066,1
415,283924,-1
415,040895,1
415,068323,1
415,210262,1
415,208320,-1
415,272216,-1
415,068686,1
415,090860,-1
415,206924,1
415,210002,1
415,093288,-1
415,040396,1
415,128014,-1
415,219004,-1
415,285157,0
415,004535,-1
415,218210,1
415,003168,-1
415,263221,-1
415,068963,1
415,082385,-1
415,285430,1
415,238234,1
415,237453,-1
415,218634,0
415,089096,-1
415,155103,-1
415,217568,-1
415,063121,1
415,059467,0
415,028224,-1
415,093004,1
415,217902,-1
415,238677,-1
415,068065,1
415,214751,0
415,007099,-1
415,164411,-1
415,155323,-1
415,121679,1
415,009208,1
415,121584,-1
415,186275,-1
415,121677,1
415,216925,1
415,121967,-1
415,118017,-1
415,268811,-1
415,140321,-1
415,143297,-1
415,007965,-1
415,081230,-1
415,214529,-1
415,136348,-1
415,131104,-1
415,009502,-1
415,277809,1
415,205146,1
415,199600,-1
415,036989,-1
415,207778,1
415,260944,0
415,164362,-1
415,081943,1
415,230474,-1
415,042817,1
415,065174,1
415,168445,1
415,262984,-1
415,068067,1
415,013264,-1
415,043043,0
415,068638,1
415,205536,-1
415,168430,1
415,168435,1
415,168497,1
415,168492,1
415,168461,1
415,168523,1
415,168491,1
415,168462,1
415,168463,1
415,168517,1
415,168512,1
415,168513,1
415,077293,-1
415,068993,-1
415,000097,-1
415,003650,-1
415,130789,-1
415,208695,-1
415,138409,-1
415,159282,1
415,258756,-1
415,032645,1
415,095884,-1
415,030398,1
415,030342,1
415,041375,1
415,278549,-1
415,116304,-1
415,082670,-1
415,220324,-1
415,019672,-1
415,261844,-1
415,109886,-1
415,271135,1
415,056436,-1
415,143506,1
415,030937,-1
415,211770,-1
415,109184,0
415,075723,-1
415,004627,-1
415,079267,-1
415,071811,-1
415,029930,1
415,243038,-1
415,062453,-1
415,287597,-1
415,104210,1
415,221211,-1
415,071037,1
415,079695,-1
415,194464,-1
415,200096,1
415,289883,1
415,131186,-1
415,016298,0
415,214507,1
415,234981,-1
415,202614,-1
415,006951,-1
415,211122,-1
415,009500,1
415,207451,-1
415,147259,-1
415,050369,-1
415,136297,1
415,087625,1
415,036525,-1
415,155443,-1
415,159119,-1
415,192550,1
415,192577,1
415,132391,-1
415,219924,0
415,125626,-1
415,209365,-1
415,127150,1
415,166000,-1
415,143396,1
415,131593,-1
415,195512,1
415,195511,1
415,124319,-1
415,091800,-1
415,075651,-1
415,234043,-1
415,082068,-1
415,176147,1
415,026255,1
415,104984,-1
415,090758,-1
415,218974,1
415,024279,-1
415,202907,-1
415,215626,1
415,215986,1
415,188709,1
415,213400,1
415,203069,0
415,143569,-1
415,203272,1
415,205852,-1
415,008355,-1
415,210148,1
415,218393,0
415,215417,-1
415,220680,-1
415,262109,-1
415,002038,-1
415,145918,-1
415,013474,-1
415,181440,-1
415,188680,1
415,224896,1
415,120719,-1
415,216595,-1
415,215935,1
415,219048,1
415,204820,1
415,111988,1
415,022186,-1
415,065340,1
415,285158,0
415,153412,1
415,065490,1
415,203232,1
415,240540,-1
415,211763,-1
415,205673,-1
415,218135,-1
415,213124,1
415,162101,1
415,212483,0
415,168254,1
415,208705,-1
415,189729,-1
415,190459,-1
415,160974,-1
415,110820,1
415,044826,-1
415,209335,-1
415,271045,1
415,222030,1
415,196346,-1
415,216822,-1
415,031296,-1
415,071139,1
415,104312,1
415,115738,1
415,035291,1
415,023406,-1
415,244755,-1
415,188703,1
415,111906,-1
415,041559,-1
415,109734,-1
415,032804,-1
415,197587,-1
415,168236,-1
415,212056,1
415,038598,-1
415,212731,1
415,225335,-1
415,100940,-1
415,279736,1
415,208563,0
415,279748,1
415,156629,1
415,211137,1
415,281208,1
415,214383,-1
415,264703,-1
415,220102,0
415,007716,-1
415,093291,-1
415,230526,1
415,112072,1
415,210388,1
415,127341,-1
415,169687,1
415,201392,0
415,212405,1
415,279737,1
415,227398,1
415,281016,1
415,203939,1
415,265206,-1
415,128571,1
415,015335,-1
415,042545,1
415,218922,1
415,167545,-1
415,089661,1
415,232722,1
415,208191,-1
415,221450,-1
415,159821,1
415,284003,-1
415,128622,1
415,128620,1
415,175853,1
415,168006,1
415,064260,-1
415,212623,-1
415,128659,1
415,128653,1
415,017268,1
415,128655,1
415,199075,-1
415,170831,-1
415,159461,-1
415,205635,1
415,212432,-1
415,216078,-1
415,222909,1
415,062603,-1
415,111868,-1
415,068523,1
415,011275,1
415,128681,-1
415,207056,1
415,209886,1
415,263085,-1
415,094320,-1
415,122691,1
415,200618,-1
415,097332,-1
415,100546,1
415,259786,-1
415,212708,1
415,285208,1
415,262307,0
415,220133,-1
415,079454,1
415,141218,-1
415,207664,1
415,205016,-1
415,013542,-1
415,095307,1
415,218305,1
415,213553,-1
415,224649,-1
415,086247,-1
415,158683,-1
415,175516,-1
415,133735,-1
415,208311,-1
415,092126,1
415,014577,-1
415,182672,-1
415,243676,-1
415,282280,-1
415,206051,-1
415,213085,1
415,203277,-1
415,037186,1
415,151311,-1
415,145190,-1
415,040110,1
415,110399,1
415,040749,-1
415,207337,-1
415,168593,1
415,023722,-1
415,209197,-1
415,217562,0
415,127928,-1
415,177895,1
415,019270,-1
415,191686,1
415,142175,-1
415,109383,-1
415,071136,1
415,104309,1
415,037092,-1
415,191656,1
415,104264,1
415,071091,1
415,187835,-1
415,202360,0
415,067591,1
415,233989,-1
415,020641,0
415,091334,0
415,204967,1
415,208087,-1
415,122792,1
415,037053,-1
415,001327,-1
415,289725,1
415,277644,-1
415,187819,1
415,116784,1
415,199728,1
415,261170,-1
415,217097,-1
415,210454,-1
415,205098,-1
415,192222,1
415,186744,1
415,232208,-1
415,203679,1
415,153518,-1
415,164162,-1
415,125402,-1
415,262943,0
415,164822,1
415,257451,-1
415,131551,-1
415,023408,-1
415,089042,-1
415,217997,-1
415,099726,-1
415,210235,-1
415,075310,0
415,160580,1
415,147882,1
415,272432,-1
415,261691,1
415,204038,-1
415,030952,-1
415,208925,-1
415,149738,-1
415,290063,-1
415,242581,-1
415,063787,1
415,214879,1
415,066780,-1
415,230161,-1
415,200833,-1
415,212316,0
415,183043,-1
415,110203,-1
415,151418,-1
415,123982,-1
415,194333,-1
415,086099,-1
415,207434,-1
415,212896,-1
415,214936,1
415,000478,-1
415,144431,-1
415,203894,1
415,217368,-1
415,234560,-1
415,203369,1
415,181507,-1
415,218921,1
415,210276,-1
415,218845,1
415,205717,-1
415,091187,1
415,139021,-1
415,166417,1
415,068066,1
415,177069,1
415,108567,-1
415,216538,-1
415,157412,-1
415,029923,1
415,058341,-1
415,164307,-1
415,006672,-1
415,206972,-1
415,077506,1
415,212124,0
415,211621,-1
415,214903,1
415,127838,-1
415,219938,0
415,077805,-1
415,289054,-1
415,199671,1
415,016513,-1
415,120569,-1
415,050286,-1
415,075641,-1
415,118917,-1
415,093086,-1
415,132137,1
415,204540,-1
415,216016,1
415,267667,-1
415,210089,1
415,214314,-1
415,267864,1
415,066061,-1
415,219203,-1
415,267187,1
415,011265,1
415,207174,0
415,211421,1
415,027719,1
415,120593,-1
415,203360,-1
415,187668,1
415,091498,-1
415,077614,-1
415,217045,-1
415,209592,1
415,206930,1
415,127126,1
415,138893,-1
415,187904,1
415,187900,1
415,233883,-1
415,201223,1
415,215229,-1
415,093447,1
415,192889,-1
415,028170,-1
415,092541,1
415,231009,-1
415,207343,1
415,207148,1
415,205398,-1
415,184182,1
415,204440,1
415,184264,-1
415,282674,-1
415,210061,-1
415,016964,-1
415,210930,-1
415,206571,1
415,135674,1
415,028400,-1
415,218813,1
415,216807,1
415,206816,0
415,280109,-1
415,215308,-1
415,215738,1
415,159224,1
415,099594,-1
415,090609,-1
415,266379,-1
415,195108,-1
415,216487,-1
415,038782,1
415,233747,-1
415,202340,-1
415,187907,1
415,216558,-1
415,263353,1
415,068854,1
415,167810,-1
415,188702,1
415,203664,-1
415,008893,-1
415,142421,-1
415,054578,-1
415,126962,1
415,221047,-1
415,058982,-1
415,125521,-1
415,200666,-1
415,187563,1
415,108942,1
415,019036,-1
415,017161,-1
415,207868,-1
415,107793,1
415,204763,-1
415,084847,-1
415,093535,1
415,087230,-1
415,135372,-1
415,252297,-1
415,015949,-1
415,222913,1
415,030164,-1
415,241340,1
415,149872,-1
415,209770,1
415,091052,1
415,027697,-1
415,201662,0
415,032350,-1
415,121539,-1
415,219243,1
415,007153,-1
415,194480,1
415,194500,1
415,195691,1
415,192466,1
415,059820,-1
415,195563,1
415,215238,1
415,076613,-1
415,217415,0
415,217656,-1
415,205276,1
415,157800,-1
415,204904,-1
415,205399,-1
415,109055,1
415,214375,-1
415,125937,-1
415,204761,-1
415,206805,-1
415,143942,-1
415,085623,-1
415,217410,1
415,078120,-1
415,210781,-1
415,206381,1
415,208880,-1
415,205046,-1
415,004734,-1
415,275442,-1
415,012100,-1
415,023494,1
415,216287,-1
415,010120,-1
415,207474,-1
415,229517,1
415,227406,1
415,251300,-1
415,147658,-1
415,002686,-1
415,169477,-1
415,191180,-1
415,065105,-1
415,225007,-1
415,204071,-1
415,075059,0
415,271074,1
415,258130,1
415,208141,0
415,022684,-1
415,203580,-1
415,009029,-1
415,227870,-1
415,214201,1
415,150304,-1
415,168181,0
415,206941,-1
415,208663,1
415,210539,-1
415,173042,-1
415,218929,0
415,027412,-1
415,212878,1
415,204435,-1
415,192119,1
415,165701,1
415,159527,-1
415,192905,-1
415,182832,-1
415,201541,-1
415,152669,-1
415,202910,-1
415,136791,-1
415,216071,-1
415,027502,-1
415,159848,-1
415,125891,1
415,014828,1
415,016894,-1
415,181498,-1
415,065968,-1
415,161932,-1
415,218670,1
415,009159,1
415,121650,1
415,193753,-1
415,163747,-1
415,225726,1
415,163892,-1
415,244778,-1
415,000539,1
415,209259,1
415,207164,-1
415,086766,-1
415,075351,-1
415,287609,-1
415,160828,-1
415,015112,-1
415,035143,1
415,149957,-1
415,211732,1
415,205984,-1
415,063643,-1
415,272786,-1
415,142801,-1
415,207454,-1
415,173317,1
415,071524,-1
415,014790,-1
415,228616,-1
415,075450,-1
415,121974,-1
415,060001,-1
415,021122,-1
415,208936,1
415,111708,-1
415,227234,-1
415,112691,-1
415,203359,-1
415,198243,1
415,206219,-1
415,211075,-1
415,159666,-1
415,218148,-1
415,044044,-1
415,194961,-1
415,211515,-1
415,188538,-1
415,197285,-1
415,056770,1
415,142609,-1
415,061791,-1
415,285553,-1
415,092092,0
415,088070,-1
415,060890,1
415,014802,1
415,238365,1
415,104697,-1
415,130089,-1
415,068521,1
415,229476,1
415,065343,1
415,187782,1
415,205237,1
415,076794,-1
415,116361,-1
415,124483,-1
415,119699,1
415,005239,1
415,236474,-1
415,007808,1
415,207477,-1
415,113579,-1
415,215800,1
415,104196,-1
415,238720,1
415,035945,-1
415,112904,-1
415,197597,-1
415,049589,-1
415,214265,1
415,132061,-1
415,209155,1
415,126513,0
415,013744,-1
415,216907,1
415,188283,-1
415,205122,1
415,039807,-1
415,172348,-1
415,217560,-1
415,207837,-1
415,085633,-1
415,209408,0
415,153940,1
415,171897,1
415,074668,1
415,205574,-1
415,213048,-1
415,065904,-1
415,095268,-1
415,112413,-1
415,214686,-1
415,088718,-1
415,239086,-1
415,004636,1
415,099937,-1
415,259029,-1
415,206164,-1
415,109740,1
415,130498,1
415,114845,-1
415,204561,-1
415,195670,-1
415,214472,1
415,218321,1
415,230928,-1
415,204612,-1
415,002923,1
415,267417,1
415,208092,1
415,210866,-1
415,217718,-1
415,159267,-1
415,272687,-1
415,120671,-1
415,115086,-1
415,204114,1
415,218776,1
415,201250,1
415,244184,1
415,034718,-1
415,088564,-1
415,197856,-1
415,212638,1
415,218861,0
415,219913,-1
415,279017,1
415,196376,-1
415,156484,-1
415,285897,-1
415,049199,1
415,267408,1
415,142674,-1
415,000955,1
415,056435,-1
415,193950,-1
415,204035,-1
415,135667,1
415,254503,-1
415,015913,-1
415,215172,1
415,060396,-1
415,057849,1
415,154205,-1
415,232022,-1
415,217873,-1
415,013768,-1
415,215186,1
415,204995,-1
415,067995,-1
415,212340,1
415,209026,1
415,204244,-1
415,164448,1
415,214280,1
415,204718,-1
415,236892,-1
415,003462,1
415,011318,1
415,214372,-1
415,214025,1
415,058652,-1
415,016773,-1
415,209199,-1
415,203052,1
415,127305,-1
415,063125,-1
415,201887,-1
415,201681,1
415,180142,-1
415,093081,1
415,009809,-1
415,208135,-1
415,252678,1
415,126549,-1
415,189990,1
415,145965,-1
415,145261,-1
415,162632,1
415,204361,-1
415,204441,-1
415,217727,-1
415,219425,-1
415,258207,-1
415,112446,-1
415,075460,0
415,157905,1
415,202716,1
415,205566,-1
415,190831,-1
415,178118,-1
415,125130,-1
415,205062,1
415,156427,1
415,218980,1
415,203598,-1
415,030017,-1
415,200346,1
415,156469,1
415,001354,1
415,016481,-1
415,181502,-1
415,010249,-1
415,060996,-1
415,067420,-1
415,272285,-1
415,200743,-1
415,213738,1
415,143968,-1
415,189696,-1
415,066915,1
415,214817,1
415,169683,-1
415,203276,1
415,028740,-1
415,089243,-1
415,212266,-1
415,213200,1
415,191946,-1
415,217281,-1
415,212456,1
415,208197,1
415,015402,1
415,272288,-1
415,215031,-1
415,125336,1
415,002818,1
415,197073,-1
415,151679,-1
415,061579,1
415,205103,-1
415,150765,-1
415,134952,1
415,212027,-1
415,287952,-1
415,214153,1
415,161984,-1
415,092877,-1
415,203498,1
415,219157,1
415,002097,1
415,051917,1
415,219754,1
415,159725,-1
415,085577,1
415,125207,1
415,150701,-1
415,125193,1
415,017097,-1
415,213862,-1
415,002242,1
415,210287,1
415,156627,-1
415,011123,-1
415,205765,1
415,260262,0
415,067203,-1
415,143475,-1
415,103625,-1
415,100444,-1
415,004630,1
415,220424,1
415,099035,-1
415,121915,-1
415,208939,1
415,118832,1
415,128644,1
415,218908,0
415,224318,-1
415,044473,-1
415,123486,-1
415,189324,0
415,244870,-1
415,023361,-1
415,085762,1
415,111402,1
415,085666,1
415,085730,1
415,260501,1
415,218517,1
415,289704,1
415,218923,1
415,263752,-1
415,277239,0
415,149530,1
415,204799,1
415,042202,-1
415,289712,1
415,289707,1
415,151269,-1
415,289787,1
415,213519,-1
415,108742,-1
415,099561,-1
415,133413,-1
415,191052,1
415,191038,1
415,289690,1
415,289789,1
415,038945,1
415,283989,-1
415,090827,-1
415,257725,-1
415,169220,-1
415,232532,-1
415,012632,-1
415,206030,1
415,219618,-1
415,213474,1
415,027413,-1
415,202053,-1
415,227699,1
415,069387,-1
415,271413,-1
415,160517,-1
415,202188,-1
415,158420,1
415,261359,-1
415,012149,-1
415,214538,-1
415,012787,-1
415,090280,-1
415,266516,-1
415,266538,-1
415,090072,1
415,133223,-1
415,288692,1
415,279165,1
415,117421,-1
415,145999,-1
415,201524,-1
415,217765,-1
415,232000,-1
415,039983,1
415,264103,1
415,026915,0
415,176980,-1
415,210628,0
415,109194,0
415,118913,-1
415,165191,1
415,192075,1
415,191837,1
415,183281,-1
415,111013,-1
415,216786,1
415,213727,-1
415,127729,-1
415,064813,1
415,096788,-1
415,240096,-1
415,208636,1
415,165181,1
415,165226,1
415,065050,1
415,032466,-1
415,147914,1
415,209011,1
415,208969,-1
415,216007,-1
415,043974,-1
415,003664,-1
415,204176,-1
415,083427,1
415,122341,-1
415,149666,-1
415,214326,1
415,009758,-1
415,091636,-1
415,263098,-1
415,229469,1
415,229504,1
415,229408,1
415,229435,1
415,229482,1
415,229695,1
415,229401,1
415,229472,1
415,229872,1
415,229760,1
415,229505,1
415,229420,1
415,229870,1
415,229675,1
415,229496,1
415,229436,1
415,229400,1
415,119029,1
415,162475,-1
415,227801,-1
415,115193,-1
415,050466,-1
415,267260,1
415,250546,-1
415,229595,1
415,123127,1
415,122475,-1
415,204790,-1
415,051938,1
415,052092,1
415,262102,1
415,006285,-1
415,266580,-1
415,118963,1
415,066095,-1
415,176984,-1
415,223436,-1
415,123187,-1
415,001602,-1
415,097307,-1
415,157345,-1
415,194391,-1
415,226678,1
415,094688,-1
415,034039,1
415,235995,1
415,148473,-1
415,000274,-1
415,212929,-1
415,137434,-1
415,278147,-1
415,223600,1
415,064766,1
415,124654,-1
415,052003,-1
415,273812,-1
415,201932,-1
415,151837,-1
415,089750,1
415,109002,-1
415,120168,-1
415,214328,1
415,064786,1
415,218965,1
415,204205,-1
415,130639,-1
415,215541,1
415,215270,1
415,272342,-1
415,034777,-1
415,156918,-1
415,230914,-1
415,203025,1
415,024539,-1
415,223598,-1
415,215318,1
415,203212,-1
415,203107,-1
415,121746,-1
415,274558,1
415,140601,-1
415,274606,1
415,215524,1
415,056365,-1
415,215476,1
415,120721,-1
415,215628,0
415,215409,1
415,174479,-1
415,254671,-1
415,269709,-1
415,090076,1
415,030856,-1
415,210263,1
415,085311,1
415,192126,1
415,116530,1
415,066091,1
415,131243,1
415,069047,1
415,219165,1
415,221446,-1
415,223175,-1
415,211481,1
415,208066,-1
415,214340,-1
415,254039,-1
415,010932,-1
415,185050,-1
415,167285,-1
415,007856,-1
415,099564,1
415,013790,1
415,144939,1
415,289134,-1
415,231124,-1
415,164433,1
415,091995,1
415,263226,-1
415,244882,-1
415,098269,-1
415,158260,-1
415,206658,1
415,214815,-1
415,217222,-1
415,204553,1
415,212395,-1
415,204081,-1
415,214087,-1
415,206907,-1
415,223508,-1
415,003526,-1
415,068178,1
415,264504,-1
415,285387,1
415,204789,1
415,162735,-1
415,110655,-1
415,219876,-1
415,144581,1
415,030319,1
415,098872,1
415,224942,-1
415,092003,1
415,077040,-1
415,108506,-1
415,151189,-1
415,168033,1
415,091268,1
415,232205,-1
415,108183,-1
415,218053,-1
415,209267,-1
415,282599,-1
415,223912,1
415,027296,-1
415,112590,-1
415,205216,-1
415,216635,-1
415,203370,-1
415,003783,-1
415,210043,0
415,233263,-1
415,171051,-1
415,231282,-1
415,218938,-1
415,201088,1
415,173571,1
415,217210,1
415,127721,-1
415,092246,-1
415,032822,-1
415,204778,-1
415,007108,-1
415,209386,-1
415,196564,-1
415,213765,-1
415,192988,1
415,009383,-1
415,068856,1
415,140210,1
415,130363,-1
415,095209,-1
415,222165,1
415,157011,-1
415,126548,0
415,030696,1
415,100072,1
415,092617,1
415,202397,0
415,091218,1
415,131246,1
415,018588,1
415,131233,1
415,185657,-1
415,070452,-1
415,153134,-1
415,188148,1
415,211572,-1
415,196519,-1
415,188803,1
415,270808,1
415,210856,-1
415,126169,1
415,270800,1
415,285818,-1
415,151217,-1
415,266279,-1
415,202589,-1
415,101750,-1
415,288950,-1
415,000949,-1
415,232916,1
415,155800,1
415,217529,1
415,045268,-1
415,204162,-1
415,061779,-1
415,203489,-1
415,264638,-1
415,218496,1
415,127769,-1
415,135619,1
415,264174,-1
415,005578,-1
415,286630,1
415,019980,-1
415,092439,-1
415,241006,-1
415,160516,1
415,239871,-1
415,067206,-1
415,206578,1
415,215966,-1
415,068206,-1
415,244180,-1
415,214077,-1
415,210400,-1
415,219052,-1
415,204625,-1
415,216327,0
415,212944,1
415,013164,-1
415,215556,-1
415,279579,-1
415,130430,-1
415,267456,-1
415,200788,1
415,266021,-1
415,125641,-1
415,109943,-1
415,011815,1
415,122852,1
415,117942,1
415,207998,1
415,054859,1
415,239092,-1
415,125790,-1
415,210147,1
415,221364,1
415,064632,-1
415,081193,-1
415,132970,1
415,220108,-1
415,195411,-1
415,232724,1
415,110934,1
415,214503,-1
415,212328,0
415,282038,1
415,199813,1
415,121564,-1
415,091813,-1
415,114927,-1
415,200674,0
415,224058,-1
415,028172,-1
415,220099,1
415,113845,-1
415,264632,-1
415,145484,-1
415,074919,1
415,059885,1
415,215058,-1
415,211420,-1
415,221175,-1
415,267883,-1
415,187536,1
415,262934,1
415,277195,0
415,199030,-1
415,217140,1
415,125838,-1
415,207945,1
415,134127,-1
415,110626,-1
415,213938,1
415,107677,1
415,077230,1
415,159518,-1
415,265214,1
415,059605,1
415,065564,1
415,068606,1
415,125028,-1
415,018716,-1
415,081920,-1
415,007208,-1
415,216236,-1
415,217406,-1
415,085049,-1
415,077978,-1
415,206689,1
415,206902,1
415,212787,-1
415,270796,-1
415,204431,-1
415,039754,-1
415,093337,-1
415,163398,-1
415,170832,1
415,213261,-1
415,025159,0
415,109306,-1
415,203089,-1
415,125723,0
415,200834,-1
415,122793,1
415,011600,1
415,108167,-1
415,146071,-1
415,077357,1
415,085729,1
415,163871,-1
415,083072,-1
415,124917,-1
415,054573,-1
415,264882,-1
415,148441,-1
415,001197,-1
415,091270,1
415,210552,1
415,080344,1
415,232112,-1
415,004995,1
415,218588,-1
415,139334,1
415,098196,-1
415,219008,-1
415,115191,-1
415,002501,-1
415,223181,-1
415,276482,-1
415,210502,-1
415,173186,-1
415,013283,-1
415,208152,1
415,040089,-1
415,123233,-1
415,165756,1
415,172138,1
415,043121,-1
415,207042,1
415,077332,1
415,143163,-1
415,112495,1
415,068983,1
415,189868,1
415,217322,-1
415,196374,-1
415,273519,-1
415,204669,-1
415,207651,1
415,163975,-1
415,285206,1
415,069058,-1
415,108119,-1
415,132729,-1
415,201023,1
415,088588,-1
415,232379,-1
415,241007,-1
415,195542,-1
415,200571,-1
415,209993,1
415,068145,1
415,092571,-1
415,214677,-1
415,212805,1
415,205883,-1
415,184806,-1
415,207878,-1
415,241596,-1
415,284798,-1
415,148746,1
415,069034,0
415,204128,-1
415,002791,-1
415,264029,-1
415,216836,-1
415,261808,1
415,209786,-1
415,208289,1
415,109183,-1
415,018534,-1
415,210045,1
415,203946,0
415,279310,-1
415,202282,-1
415,035089,-1
415,091421,1
415,201016,-1
415,216989,0
415,003819,-1
415,217720,1
415,001223,-1
415,208119,1
415,232710,-1
415,142675,-1
415,176619,1
415,218580,1
415,211976,-1
415,200370,-1
415,236375,-1
415,221206,1
415,209628,1
415,144821,-1
415,286828,-1
415,219340,0
415,113435,1
415,052752,-1
415,205328,1
415,221243,1
415,200314,1
415,145494,-1
415,207416,-1
415,230893,-1
415,091388,1
415,225026,-1
415,065900,1
415,037299,1
415,214784,1
415,203503,-1
415,204390,-1
415,027891,-1
415,065703,1
415,174903,-1
415,210421,0
415,099163,-1
415,284898,-1
415,080787,-1
415,022423,-1
415,068491,1
415,263985,-1
415,041997,-1
415,056382,-1
415,020814,-1
415,016823,0
415,285396,1
415,264642,-1
415,066011,-1
415,204414,-1
415,066873,-1
415,282890,-1
415,130043,-1
415,091354,0
415,202152,1
415,268562,1
415,286585,-1
415,203652,1
415,214650,1
415,218026,1
415,218270,0
415,104347,1
415,071174,1
415,160106,-1
415,094747,1
415,131573,-1
415,220274,1
415,220276,1
415,205640,1
415,162298,-1
415,217664,-1
415,267455,1
415,230552,0
415,220351,1
415,015875,-1
415,201118,-1
415,216075,-1
415,212007,-1
415,207930,-1
415,171227,-1
415,208229,-1
415,212371,1
415,123898,-1
415,197830,-1
415,209111,1
415,214722,-1
415,119433,-1
415,068403,1
415,115815,-1
415,086905,1
415,208047,-1
415,086950,1
415,197208,-1
415,045647,-1
415,178715,1
415,218192,0
415,200655,-1
415,037736,-1
415,157741,-1
415,066874,-1
415,000828,-1
415,232056,1
415,021764,1
415,220045,-1
415,205872,0
415,208053,1
415,198374,1
415,158612,1
415,241061,-1
415,038656,-1
415,184112,-1
415,192627,-1
415,123347,1
415,237512,-1
415,173244,-1
415,143195,1
415,155068,-1
415,190067,-1
415,126106,-1
415,098487,-1
415,218605,-1
415,179589,1
415,206860,-1
415,091312,-1
415,201840,-1
415,065681,1
415,110113,-1
415,188630,1
415,208198,1
415,112499,1
415,157283,-1
415,160021,-1
415,268431,1
415,077418,1
415,014224,-1
415,015049,-1
415,188733,-1
415,202180,-1
415,122342,-1
415,205026,-1
415,206663,-1
415,194891,-1
415,062472,1
415,062491,1
415,062490,1
415,211798,1
415,165087,-1
415,091912,1
415,208797,-1
415,091111,-1
415,083324,-1
415,042199,-1
415,234636,-1
415,201204,-1
415,067524,1
415,262127,1
415,169788,-1
415,135572,-1
415,126188,-1
415,005888,-1
415,132363,-1
415,217239,-1
415,203777,1
415,159764,-1
415,207783,-1
415,195778,-1
415,153965,-1
415,154121,-1
415,090984,1
415,043178,1
415,098693,-1
415,217153,1
415,204695,-1
415,209166,-1
415,264774,-1
415,236302,-1
415,213805,-1
415,204518,-1
415,159509,-1
415,237681,-1
415,278369,-1
415,092311,-1
415,087125,-1
415,001940,-1
415,025276,-1
415,288598,-1
415,187394,1
415,243704,-1
415,214223,-1
415,244166,1
415,280280,-1
415,127897,-1
415,038876,-1
415,268595,-1
415,234110,-1
415,211117,-1
415,102031,-1
415,101254,-1
415,137652,1
415,095305,-1
415,132708,1
415,140694,1
415,218428,-1
415,060997,1
415,219043,-1
415,214526,-1
415,207308,-1
415,213409,1
415,213367,1
415,214467,-1
415,153493,-1
415,029164,1
415,240974,1
415,156294,1
415,130753,1
415,125558,-1
415,146220,-1
415,128902,-1
415,068908,1
415,145967,-1
415,197710,1
415,151704,-1
415,195405,1
415,219058,-1
415,195406,1
415,144487,0
415,278951,1
415,286059,1
415,183519,1
415,027231,1
415,289555,-1
415,277578,-1
415,289973,1
415,232118,-1
415,139843,1
415,286068,0
415,059883,-1
415,211630,-1
415,288022,-1
415,181378,1
415,017521,1
415,164929,-1
415,037680,1
415,265669,-1
415,037035,1
415,177894,1
415,224850,1
415,205833,1
415,214409,0
415,204126,-1
415,058811,1
415,204253,-1
415,027755,1
415,212941,-1
415,043666,0
415,134065,1
415,097309,-1
415,237134,-1
415,022428,-1
415,064774,0
415,187992,1
415,286961,-1
415,038932,1
415,215207,1
415,204145,1
415,240553,1
415,130631,-1
415,145598,0
415,217298,-1
415,066871,-1
415,132978,1
415,135096,-1
415,127353,1
415,186562,-1
415,216292,-1
415,015188,-1
415,138308,1
415,232101,-1
415,203989,-1
415,214221,-1
415,032426,-1
415,188773,1
415,061013,1
415,167951,-1
415,285164,-1
415,090855,-1
415,151760,-1
415,092726,-1
415,208068,-1
415,025606,-1
415,027223,1
415,026042,-1
415,204315,-1
415,243825,-1
415,028616,-1
415,058007,-1
415,217939,0
415,019176,-1
415,212046,-1
415,066971,-1
415,081185,-1
415,159798,-1
415,093074,1
415,003300,-1
415,205421,1
415,253811,1
415,176921,-1
415,161374,-1
415,279563,-1
415,126777,-1
415,277925,-1
415,219244,-1
415,233191,-1
415,209825,1
415,162794,-1
415,210415,-1
415,027275,-1
415,210611,-1
415,181158,1
415,269648,0
415,013722,-1
415,183591,1
415,279566,-1
415,040442,0
415,225798,0
415,212627,-1
415,137073,-1
415,035886,-1
415,124384,-1
415,089026,1
415,205893,-1
415,067726,-1
415,212667,-1
415,157032,-1
415,221420,-1
415,216279,-1
415,197247,1
415,219630,-1
415,178918,-1
415,146635,-1
415,204848,-1
415,012994,-1
415,218507,1
415,210244,1
415,083077,-1
415,268349,1
415,207386,-1
415,135389,-1
415,194393,-1
415,187229,1
415,287935,-1
415,216385,1
415,029980,-1
415,262379,1
415,260264,-1
415,101566,1
415,027424,-1
415,124677,1
415,213613,1
415,179766,1
415,287563,-1
415,095116,-1
415,092672,1
415,085085,-1
415,205134,-1
415,130215,-1
415,190951,-1
415,275265,-1
415,204815,-1
415,234078,-1
415,218021,1
415,065625,-1
415,006553,-1
415,095493,-1
415,215120,-1
415,216949,1
415,214393,-1
415,203848,-1
415,160731,-1
415,064914,1
415,129829,-1
415,278745,1
415,285592,-1
415,216135,-1
415,289320,-1
415,041129,1
415,150214,-1
415,162782,1
415,214910,1
415,093444,1
415,283376,-1
415,232104,-1
415,235471,0
415,040578,1
415,206607,-1
415,197298,1
415,218512,1
415,224110,-1
415,023187,-1
415,000859,1
415,125660,-1
415,033318,1
415,111316,-1
415,104134,-1
415,192291,-1
415,208658,-1
415,147006,-1
415,134129,-1
415,238769,1
415,123121,-1
415,131781,-1
415,090704,-1
415,199881,-1
415,040185,1
415,014013,1
415,169248,1
415,206285,1
415,050456,-1
415,169570,-1
415,161996,1
415,286841,-1
415,122953,-1
415,037291,1
415,011060,1
415,086944,1
415,083418,1
415,068605,0
415,107792,1
415,213696,-1
415,201285,-1
415,150771,1
415,068031,-1
415,274611,1
415,025238,-1
415,203084,-1
415,210620,-1
415,108520,-1
415,239295,-1
415,095391,-1
415,164550,-1
415,218004,1
415,183592,1
415,266593,-1
415,159618,1
415,000502,-1
415,278753,-1
415,206559,1
415,143185,-1
415,208525,0
415,132740,-1
415,081321,1
415,141225,-1
415,212977,-1
415,204867,1
415,210494,-1
415,200880,-1
415,201582,-1
415,208361,-1
415,287010,-1
415,101713,1
415,206814,-1
415,102710,-1
415,216827,1
415,076246,-1
415,120440,-1
415,001772,1
415,126381,1
415,145520,-1
415,041555,-1
415,024010,-1
415,068038,0
415,151671,-1
415,157136,1
415,268607,-1
415,213620,-1
415,044692,1
415,207838,-1
415,204132,0
415,238483,-1
415,009270,-1
415,056246,0
415,283946,-1
415,093551,0
415,218081,1
415,218654,-1
415,204439,1
415,236365,-1
415,101121,-1
415,261888,-1
415,216107,-1
415,211525,-1
415,241662,-1
415,069537,-1
415,205247,-1
415,143237,-1
415,205755,-1
415,208549,-1
415,217244,1
415,077723,1
415,217077,1
415,044759,-1
415,011545,-1
415,000632,-1
415,152439,-1
415,145662,-1
415,257327,-1
415,063651,1
415,207987,1
415,218180,1
415,081770,-1
415,145243,-1
415,195742,1
415,244728,-1
415,089115,-1
415,237701,-1
415,268191,1
415,014154,-1
415,217378,-1
415,288526,-1
415,123845,1
415,107750,1
415,107697,1
415,107678,1
415,122758,-1
415,005828,-1
415,123747,1
415,280888,-1
415,155580,-1
415,121414,-1
415,068842,0
415,171116,-1
415,004810,-1
415,004847,-1
415,137286,-1
415,031852,-1
415,157359,-1
415,217916,-1
415,199940,-1
415,214029,1
415,130668,-1
415,232827,-1
415,203537,-1
415,254821,-1
415,125456,-1
415,189511,1
415,213625,-1
415,148923,-1
415,059443,-1
415,269100,-1
415,211135,1
415,259509,-1
415,195348,1
415,066872,-1
415,218600,-1
415,076904,1
415,137036,-1
415,200621,1
415,217571,1
415,179917,1
415,172973,1
415,066934,-1
415,006398,1
415,162792,-1
415,211338,-1
415,108120,-1
415,227832,1
415,215470,1
415,095608,-1
415,151265,-1
415,117045,0
415,269708,-1
415,100765,1
415,213606,-1
415,062358,-1
415,218264,-1
415,195545,-1
415,138003,-1
415,274881,1
415,128997,-1
415,213429,-1
415,112747,1
415,194937,-1
415,210268,1
415,019279,-1
415,205168,-1
415,198545,1
415,176482,-1
415,158880,1
415,167607,-1
415,260131,1
415,225648,1
415,218205,-1
415,225585,1
415,003998,-1
415,227254,1
415,102721,-1
415,207593,1
415,219245,-1
415,198008,-1
415,107869,-1
415,187781,1
415,184083,1
415,220353,1
415,070961,-1
415,089912,-1
415,199699,-1
415,216203,-1
415,011523,-1
415,260078,1
415,214149,1
415,207905,0
415,177218,1
415,216286,-1
415,236239,1
415,216181,-1
415,200758,-1
415,289660,1
415,190888,-1
415,092584,-1
415,203114,-1
415,011498,1
415,286230,1
415,102318,1
415,069145,1
415,214301,-1
415,250832,-1
415,215876,-1
415,084107,-1
415,266250,1
415,205068,-1
415,201009,1
415,219057,-1
415,192505,1
415,204254,-1
415,040106,-1
415,170974,-1
415,176279,1
415,275484,-1
415,235823,1
415,283592,-1
415,263050,-1
415,169625,-1
415,112376,-1
415,037832,1
415,289794,1
415,286229,1
415,218236,-1
415,205397,-1
415,259590,-1
415,151537,-1
415,211147,1
415,213438,-1
415,211169,1
415,211159,1
415,164679,1
415,211136,1
415,101545,-1
415,215952,1
415,142816,-1
415,014085,-1
415,218245,0
415,180616,1
415,075174,0
415,092823,-1
415,223059,-1
415,279971,-1
415,203322,1
415,151402,-1
415,068205,-1
415,076421,1
415,086240,1
415,204846,1
415,203286,1
415,145423,-1
415,262277,-1
415,218901,1
415,157839,1
415,069641,-1
415,091630,1
415,203320,-1
415,001118,-1
415,010041,-1
415,251520,-1
415,157008,-1
415,268563,1
415,155419,-1
415,206848,0
415,075610,1
415,212376,1
415,261218,-1
415,214954,-1
415,196830,1
415,207197,1
415,138602,-1
415,000889,-1
415,197835,-1
415,206792,-1
415,204568,-1
415,285224,-1
415,289260,-1
415,218621,1
415,261740,-1
415,131639,1
415,101506,-1
415,114785,-1
415,192985,-1
415,157863,-1
415,252248,-1
415,142232,-1
415,189926,-1
415,222583,-1
415,108392,-1
415,134807,-1
415,204177,-1
415,216840,-1
415,237264,1
415,268896,-1
415,025131,-1
415,214488,-1
415,145339,-1
415,138065,-1
415,239293,-1
415,218771,1
415,219433,-1
415,250879,-1
415,210546,1
415,217196,1
415,102560,-1
415,217917,-1
415,003962,-1
415,191584,1
415,189134,1
415,173252,-1
415,229127,-1
415,216568,1
415,259374,-1
415,196661,-1
415,203570,-1
415,075635,-1
415,001066,1
415,005425,1
415,209648,1
415,061149,1
415,207201,1
415,054089,1
415,224540,-1
415,288020,-1
415,204645,1
415,138292,-1
415,143199,1
415,212987,1
415,143268,-1
415,206050,1
415,158451,-1
415,204163,0
415,137105,1
415,122529,-1
415,208125,1
415,086281,-1
415,243984,-1
415,177692,1
415,277813,1
415,206988,1
415,153803,1
415,177738,1
415,208131,-1
415,206354,1
415,153794,1
415,012661,1
415,093868,-1
415,015891,-1
415,091402,-1
415,012246,1
415,010466,1
415,091838,1
415,169112,1
415,114385,-1
415,020684,1
415,026636,-1
415,259654,-1
415,124201,-1
415,204657,-1
415,021072,-1
415,000078,-1
415,119777,-1
415,153804,1
415,205396,-1
415,165222,-1
415,201899,1
415,209669,0
415,039467,1
415,277196,0
415,270923,1
415,209251,1
415,140449,1
415,199206,1
415,212125,-1
415,199212,1
415,016007,1
415,030953,1
415,221448,-1
415,139888,-1
415,264320,1
415,203221,-1
415,223630,-1
415,154064,-1
415,063460,1
415,201127,1
415,205069,-1
415,092553,0
415,115074,-1
415,108416,1
415,213251,-1
415,154111,1
415,154070,1
415,278447,-1
415,039896,-1
415,208404,-1
415,018666,1
415,206507,1
415,204957,-1
415,010210,-1
415,029533,-1
415,150816,1
415,150827,1
415,155102,-1
415,217669,-1
415,285046,-1
415,177693,-1
415,217011,-1
415,054139,-1
415,188561,-1
415,199225,-1
415,088135,-1
415,181132,1
415,225015,-1
415,155178,-1
415,177061,-1
415,200703,1
415,288751,-1
415,006183,-1
415,140490,-1
415,212582,-1
415,125724,-1
415,216518,-1
415,219133,1
415,030386,-1
415,216932,-1
415,153724,-1
415,060104,-1
415,190453,0
415,183889,-1
415,205819,-1
415,280326,-1
415,259853,-1
415,142223,-1
415,206297,-1
415,216338,-1
415,001470,1
415,034729,-1
415,099038,1
415,044775,-1
415,133075,-1
415,198541,-1
415,023665,-1
415,261624,-1
415,203021,-1
415,173496,-1
415,007761,-1
415,215410,-1
415,137450,1
415,169302,0
415,162105,-1
415,119282,-1
415,205670,0
415,150767,1
415,213628,-1
415,143480,-1
415,118023,-1
415,206161,1
415,238673,1
415,211879,1
415,005927,-1
415,033599,-1
415,206526,-1
415,207723,1
415,222590,-1
415,067567,1
415,216956,-1
415,132149,1
415,099849,-1
415,229630,-1
415,203535,-1
415,206229,-1
415,112708,-1
415,155127,-1
415,093277,-1
415,215385,1
415,208625,1
415,211009,-1
415,212690,-1
415,175928,1
415,157906,-1
415,130495,-1
415,150745,-1
415,238579,-1
415,126818,0
415,115134,-1
415,160993,-1
415,113627,1
415,189759,-1
415,205944,1
415,213680,-1
415,145907,-1
415,202884,-1
415,260503,-1
415,000727,-1
415,208899,-1
415,215328,-1
415,162229,-1
415,132709,-1
415,288181,-1
415,217379,0
415,229165,-1
415,269818,-1
415,209376,0
415,143197,-1
415,039840,-1
415,151878,1
415,091907,1
415,150279,-1
415,138657,-1
415,203385,-1
415,037854,-1
415,233822,-1
415,216665,1
415,016859,1
415,218593,-1
415,212154,-1
415,286280,1
415,180157,-1
415,190895,-1
415,260149,1
415,218571,1
415,119061,-1
415,134133,-1
415,061006,1
415,123176,1
415,110103,-1
415,061060,1
415,161525,1
415,032921,-1
415,209608,0
415,020981,-1
415,067639,1
415,154435,-1
415,196810,1
415,208264,-1
415,085089,0
415,016187,-1
415,066892,-1
415,208350,-1
415,055969,-1
415,171458,-1
415,205820,0
415,089012,-1
415,120763,-1
415,044503,-1
415,143906,-1
415,037926,-1
415,211593,-1
415,214617,-1
415,207537,1
415,182932,1
415,152759,-1
415,112850,1
415,217476,1
415,203112,-1
415,207941,-1
415,159833,-1
415,205085,0
415,044576,-1
415,139048,-1
415,200628,-1
415,090243,1
415,152798,1
415,206859,-1
415,212917,-1
415,206300,1
415,193027,-1
415,210153,-1
415,194234,-1
415,094653,-1
415,010515,-1
415,176799,-1
415,204719,-1
415,107732,1
415,125331,-1
415,234845,-1
415,042761,1
415,211501,-1
415,102302,-1
415,155267,-1
415,215457,-1
415,194881,-1
415,132807,-1
415,208980,1
415,216969,1
415,144298,-1
415,217952,-1
415,208724,-1
415,204301,-1
415,076627,-1
415,092888,-1
415,064839,1
415,191969,0
415,144494,-1
415,204901,-1
415,063509,-1
415,012689,-1
415,152494,-1
415,089095,0
415,167947,-1
415,214785,-1
415,217726,-1
415,160433,1
415,115137,-1
415,190898,1
415,071371,-1
415,104544,-1
415,215463,1
415,212946,1
415,216171,1
415,209374,-1
415,198270,1
415,268826,-1
415,069548,-1
415,039297,-1
415,022385,-1
415,268540,1
415,270210,-1
415,261825,-1
415,216934,-1
415,210534,-1
415,152209,-1
415,204572,-1
415,205869,-1
415,238376,-1
415,159716,-1
415,279148,-1
415,217430,-1
415,208382,-1
415,037907,-1
415,063666,1
415,145486,-1
415,218113,1
415,212428,-1
415,208802,-1
415,012306,-1
415,087712,-1
415,136714,-1
415,204065,-1
415,154658,-1
415,177176,1
415,124028,-1
415,214052,-1
415,215128,1
415,219576,-1
415,209245,-1
415,219201,1
415,101978,-1
415,183461,-1
415,192579,-1
415,152694,-1
415,214031,1
415,208561,-1
415,266083,-1
415,208908,-1
415,155019,-1
415,178745,1
415,234608,1
415,216773,-1
415,260497,-1
415,145421,1
415,021704,-1
415,275490,-1
415,216851,-1
415,099679,-1
415,114627,-1
415,053066,0
415,090684,-1
415,272189,-1
415,190141,1
415,197465,-1
415,177603,1
415,150768,1
415,151291,1
415,218309,-1
415,217420,-1
415,104528,-1
415,130672,-1
415,090914,1
415,019992,-1
415,290062,-1
415,018978,-1
415,213276,1
415,201313,-1
415,212380,-1
415,063136,-1
415,037467,-1
415,090888,1
415,118795,-1
415,073808,-1
415,141820,-1
415,008683,-1
415,208691,1
415,286836,-1
415,270680,1
415,219101,-1
415,205164,1
415,241471,-1
415,130708,1
415,286840,-1
415,199220,-1
415,204969,-1
415,203247,0
415,286513,1
415,005335,1
415,062319,-1
415,192125,1
415,020736,1
415,021071,-1
415,095615,-1
415,062163,-1
415,039158,-1
415,275518,-1
415,013707,-1
415,214732,1
415,194288,1
415,027877,-1
415,205401,-1
415,135162,1
415,165239,1
415,121747,-1
415,204437,1
415,085738,-1
415,199250,0
415,117876,-1
415,288030,-1
415,169674,1
415,137554,-1
415,201788,-1
415,127855,-1
415,142360,-1
415,215095,-1
415,063611,-1
415,172889,-1
415,142041,-1
415,218743,-1
415,067254,1
415,175447,-1
415,218762,1
415,204060,-1
415,258583,-1
415,196233,-1
415,065664,1
415,058313,-1
415,123067,-1
415,045663,-1
415,244344,-1
415,099624,1
415,141971,-1
415,010412,1
415,069129,-1
415,212439,-1
415,218190,1
415,150124,-1
415,104056,-1
415,255350,-1
415,151161,-1
415,285597,-1
415,260664,-1
415,218968,-1
415,177436,-1
415,095560,1
415,138154,-1
415,071355,-1
415,155193,-1
415,238520,-1
415,252986,1
415,148858,-1
415,244919,-1
415,265043,-1
415,129651,-1
415,183179,-1
415,286831,-1
415,219036,-1
415,023094,0
415,125247,-1
415,126690,-1
415,196736,-1
415,215954,1
415,113887,-1
415,007509,-1
415,219804,0
415,203677,1
415,288703,-1
415,237675,-1
415,158180,1
415,011974,1
415,003471,1
415,212801,1
415,091285,1
415,088905,-1
415,203864,1
415,091952,-1
415,168966,-1
415,091207,-1
415,024740,-1
415,090012,-1
415,051576,-1
415,215973,1
415,149750,-1
415,207091,1
415,152539,1
415,028701,-1
415,015069,-1
415,116533,1
415,207931,-1
415,227114,1
415,241109,-1
415,090735,-1
415,118583,-1
415,135591,-1
415,116606,1
415,112382,-1
415,212673,-1
415,128490,-1
415,179726,1
415,108654,-1
415,223235,-1
415,217514,-1
415,005290,-1
415,213486,1
415,087418,-1
415,186262,-1
415,207271,1
415,017201,-1
415,204953,-1
415,008580,1
415,283668,-1
415,215877,-1
415,209586,1
415,141229,-1
415,141854,-1
415,264653,-1
415,122893,-1
415,124149,-1
415,219295,1
415,212707,-1
415,119814,1
415,005314,1
415,066875,-1
415,228168,-1
415,093128,-1
415,213656,-1
415,216438,-1
415,284555,-1
415,152945,1
415,230472,1
415,240989,1
415,220305,1
415,198073,-1
415,078195,-1
415,052164,-1
415,158155,1
415,228975,-1
415,001781,-1
415,058834,-1
415,206903,1
415,192858,-1
415,216391,-1
415,154436,-1
415,145769,-1
415,239688,1
415,217486,-1
415,210496,1
415,017623,-1
415,011985,-1
415,204335,1
415,285080,0
415,204808,-1
415,175494,1
415,165215,1
415,142793,-1
415,171052,-1
415,085877,-1
415,091709,-1
415,159283,-1
415,216637,-1
415,203975,-1
415,118726,-1
415,277349,1
415,277345,1
415,277344,1
415,277676,1
415,277296,1
415,229656,-1
415,277341,1
415,269445,-1
415,269173,-1
415,016662,-1
415,279060,-1
415,165107,-1
415,051076,-1
415,087766,-1
415,113247,-1
415,083899,-1
415,032560,-1
415,016664,-1
415,208023,1
415,156857,-1
415,077082,-1
415,164790,1
415,147422,-1
415,148099,-1
415,012088,-1
415,010757,-1
415,209373,-1
415,157437,-1
415,151879,1
415,203952,-1
415,213222,1
415,036236,-1
415,228526,-1
415,140799,-1
415,212867,-1
415,003021,1
415,165091,-1
415,133112,-1
415,168389,-1
415,091560,-1
415,216531,-1
415,204468,-1
415,289213,1
415,285383,-1
415,209203,-1
415,208199,1
415,203350,-1
415,121786,-1
415,260976,1
415,213209,-1
415,220859,1
415,234759,-1
415,237518,-1
415,267684,1
415,024308,-1
415,277657,-1
415,207433,0
415,001894,-1
415,007239,-1
415,137398,-1
415,270872,1
415,202153,-1
415,218736,-1
415,208352,-1
415,196822,1
415,204323,-1
415,202435,-1
415,216128,1
415,045135,-1
415,205718,-1
415,260550,-1
415,187772,1
415,075634,-1
415,132493,-1
415,120997,-1
415,206912,-1
415,283515,1
415,141491,-1
415,196231,-1
415,144351,-1
415,044643,1
415,206039,-1
415,208426,-1
415,218340,1
415,204760,-1
415,218269,-1
415,157515,-1
415,277279,0
415,270177,-1
415,205700,1
415,285589,-1
415,005974,-1
415,204270,1
415,177411,-1
415,207123,-1
415,028476,1
415,215362,-1
415,218538,-1
415,203826,-1
415,205611,-1
415,241248,1
415,133199,-1
415,167295,-1
415,209066,-1
415,126551,-1
415,215253,0
415,285884,-1
415,270162,-1
415,014368,-1
415,204247,1
415,265776,-1
415,112081,1
415,211832,1
415,028049,-1
415,230624,-1
415,210283,1
415,201396,1
415,206249,-1
415,213341,1
415,170650,-1
415,089670,-1
415,120002,-1
415,205537,-1
415,155744,-1
415,230905,-1
415,140771,-1
415,125740,-1
415,137381,-1
415,022654,-1
415,266251,1
415,229182,-1
415,091580,1
415,126611,-1
415,115261,-1
415,266252,1
415,214069,0
415,176224,-1
415,081752,-1
415,170721,-1
415,222687,-1
415,204930,1
415,009301,-1
415,160834,1
415,165382,1
415,234138,-1
415,212628,-1
415,150615,1
415,130647,-1
415,200224,-1
415,213924,0
415,156109,-1
415,269794,-1
415,131119,-1
415,085591,-1
415,180468,1
415,263756,1
415,147443,-1
415,194739,1
415,015833,-1
415,216300,-1
415,215588,-1
415,239331,1
415,259792,-1
415,219313,-1
415,202146,0
415,218734,0
415,212693,-1
415,203397,-1
415,203903,-1
415,076656,-1
415,092655,1
415,212320,-1
415,091315,0
415,267439,1
415,091408,-1
415,000990,1
415,168234,-1
415,281685,-1
415,209218,-1
415,269628,-1
415,268207,-1
415,206077,1
415,212671,-1
415,152959,-1
415,210313,-1
415,211837,-1
415,258341,-1
415,044506,1
415,162711,-1
415,164293,-1
415,237493,-1
415,213801,1
415,099347,-1
415,207432,0
415,219871,1
415,204816,1
415,142271,-1
415,209377,-1
415,104462,-1
415,148040,-1
415,203467,1
415,195743,1
415,122520,-1
415,125147,-1
415,260249,1
415,203466,1
415,203465,1
415,182937,1
415,203470,1
415,029492,-1
415,204796,1
415,203634,-1
415,203471,1
415,262282,-1
415,218406,1
415,218661,1
415,204818,1
415,205112,1
415,209256,1
415,010535,-1
415,099847,-1
415,113580,-1
415,129409,-1
415,205238,1
415,174240,-1
415,209517,1
415,203274,-1
415,072086,-1
415,208601,1
415,040108,-1
415,206831,-1
415,267753,-1
415,106046,1
415,211336,-1
415,228772,-1
415,076367,-1
415,204602,0
415,285590,-1
415,204479,1
415,205321,-1
415,210442,-1
415,173426,-1
415,216193,-1
415,105783,1
415,107341,1
415,073389,1
415,073908,1
415,105102,1
415,074168,1
415,106824,1
415,106306,1
415,105480,1
415,073133,1
415,073651,1
415,106562,1
415,072873,1
415,072307,1
415,107081,1
415,072610,1
415,071929,1
415,192277,-1
415,044058,1
415,092624,-1
415,086036,-1
415,188637,1
415,204847,-1
415,282417,-1
415,100518,1
415,204466,-1
415,079411,-1
415,064213,-1
415,089054,1
415,252514,1
415,014938,-1
415,239798,-1
415,204063,-1
415,128163,-1
415,031871,1
415,092045,1
415,268551,1
415,122941,-1
415,012120,-1
415,203457,-1
415,258559,-1
415,206362,-1
415,186875,-1
415,200364,1
415,039398,-1
415,216298,-1
415,227244,1
415,206547,1
415,000740,-1
415,215982,-1
415,206090,-1
415,289357,1
415,212986,-1
415,201105,-1
415,197367,-1
415,067027,-1
415,160593,-1
415,189246,1
415,039414,-1
415,217892,-1
415,129981,-1
415,205063,-1
415,025583,-1
415,216369,1
415,058538,-1
415,077310,1
415,077433,1
415,077432,1
415,077619,1
415,087428,1
415,269765,-1
415,191971,-1
415,203968,-1
415,080709,-1
415,145505,-1
415,077324,1
415,101491,-1
415,120718,-1
415,101962,-1
415,278166,-1
415,190544,-1
415,217753,-1
415,216987,-1
415,044882,-1
415,212177,-1
415,220569,1
415,216539,-1
415,211644,-1
415,120873,-1
415,206873,-1
415,046343,1
415,131575,1
415,195471,1
415,208662,1
415,262314,-1
415,181115,1
415,142314,-1
415,136333,-1
415,204538,-1
415,101499,-1
415,150901,-1
415,066933,-1
415,197709,-1
415,176919,-1
415,286750,-1
415,099961,-1
415,218671,-1
415,003794,-1
415,123907,-1
415,162823,-1
415,023431,-1
415,061175,-1
415,070883,-1
415,217282,-1
415,206667,-1
415,204585,1
415,219659,1
415,149894,-1
415,068700,-1
415,123627,-1
415,205824,-1
415,131571,-1
415,212930,-1
415,100466,-1
415,067698,-1
415,216188,-1
415,250916,-1
415,210133,0
415,170197,1
415,162838,1
415,156447,-1
415,022828,-1
415,175926,1
415,216660,1
415,042331,0
415,115022,1
415,221394,1
415,155372,-1
415,282031,1
415,214139,-1
415,259341,1
415,101684,-1
415,207338,1
415,139964,-1
415,212796,1
415,205914,-1
415,238513,1
415,217874,1
415,244047,-1
415,215662,1
415,087106,1
415,268608,-1
415,217095,-1
415,142915,-1
415,212544,1
415,215968,0
415,212400,0
415,183436,0
415,263159,-1
415,039883,-1
415,143230,-1
415,184769,-1
415,170223,-1
415,209826,-1
415,209606,-1
415,001249,-1
415,027306,-1
415,207614,-1
415,169070,0
415,155181,-1
415,213371,-1
415,007652,1
415,122101,1
415,121060,-1
415,200403,1
415,011259,1
415,145252,-1
415,265313,-1
415,162362,1
415,273007,1
415,144350,-1
415,212521,1
415,212522,0
415,083036,1
415,205165,-1
415,203203,-1
415,289262,-1
415,092067,-1
415,119231,-1
415,231076,-1
415,151535,-1
415,223027,0
415,215276,1
415,260862,1
415,234829,-1
415,275312,-1
415,199130,-1
415,144716,-1
415,217331,1
415,164405,-1
415,273545,-1
415,238607,1
415,138434,-1
415,052181,-1
415,212383,0
415,211317,-1
415,138741,-1
415,264226,-1
415,100934,1
415,280238,-1
415,133988,-1
415,205657,1
415,211192,1
415,283499,-1
415,266284,-1
415,097311,-1
415,010818,-1
415,211080,-1
415,234640,-1
415,188355,1
415,188313,1
415,163640,-1
415,188318,1
415,163628,-1
415,198219,-1
415,163631,-1
415,169657,0
415,269646,-1
415,163658,-1
415,163641,-1
415,198193,-1
415,163606,-1
415,125532,-1
415,229446,-1
415,190899,-1
415,112375,-1
415,211961,-1
415,071289,-1
415,035345,-1
415,230571,1
415,275264,-1
415,225907,-1
415,206833,1
415,143893,-1
415,008461,-1
415,209060,-1
415,215878,1
415,141583,-1
415,167571,-1
415,068162,1
415,155962,-1
415,209998,-1
415,218513,-1
415,059752,-1
415,001707,-1
415,198004,1
415,101541,-1
415,266310,-1
415,030949,1
415,139806,-1
415,217963,1
415,204583,1
415,107716,1
415,003885,1
415,241631,-1
415,089926,-1
415,285082,-1
415,209350,1
415,061650,-1
415,001738,1
415,159247,-1
415,154578,-1
415,205040,-1
415,201173,-1
415,203338,-1
415,171648,1
415,203579,-1
415,211575,-1
415,011506,-1
415,204554,-1
415,289366,-1
415,204817,1
415,094572,-1
415,003748,1
415,000944,1
415,209854,-1
415,269382,-1
415,184477,-1
415,285243,-1
415,257625,-1
415,008768,1
415,199031,0
415,186580,-1
415,184311,1
415,202573,1
415,119128,-1
415,023409,-1
415,263562,-1
415,173284,-1
415,139074,-1
415,163020,-1
415,209629,0
415,218918,0
415,116327,-1
415,230502,-1
415,229246,-1
415,204832,-1
415,214661,-1
415,218547,0
415,204617,-1
415,202243,-1
415,143422,-1
415,213978,-1
415,259624,1
415,211639,1
415,205682,-1
415,216981,-1
415,195407,-1
415,098596,-1
415,145766,-1
415,161873,-1
415,197273,-1
415,037347,1
415,204064,-1
415,112009,-1
415,189901,-1
415,267722,1
415,107842,-1
415,153996,-1
415,209894,1
415,178946,1
415,217966,1
415,205983,-1
415,209583,-1
415,155544,-1
415,213798,1
415,110598,-1
415,039844,0
415,204831,1
415,214947,-1
415,198107,-1
415,136737,1
415,205439,1
415,216960,-1
415,201654,-1
415,065969,-1
415,200821,-1
415,281876,-1
415,002448,1
415,132117,-1
415,193890,-1
415,159612,-1
415,215281,-1
415,207936,-1
415,285042,-1
415,102344,-1
415,132668,-1
415,204378,-1
415,066999,-1
415,129462,1
415,017458,1
415,017367,1
415,129517,1
415,091395,-1
415,177525,-1
415,222274,-1
415,143305,1
415,213391,-1
415,123053,-1
415,133003,-1
415,004769,1
415,119040,1
415,118928,1
415,004700,1
415,118934,1
415,136526,-1
415,138601,-1
415,217150,-1
415,230225,1
415,012360,1
415,005679,-1
415,000962,-1
415,214096,-1
415,142441,1
415,152462,-1
415,007774,1
415,183034,-1
415,175013,-1
415,189819,-1
415,196737,-1
415,124176,-1
415,111620,1
415,123792,-1
415,218369,0
415,232357,-1
415,120292,-1
415,079173,-1
415,118825,-1
415,217311,1
415,003033,-1
415,144838,-1
415,108973,-1
415,093256,1
415,045508,-1
415,112875,1
415,025150,-1
415,142201,-1
415,181194,1
415,272829,-1
415,196769,-1
415,051337,1
415,000466,1
415,217839,-1
415,128508,-1
415,136058,-1
415,017928,-1
415,044606,-1
415,017853,-1
415,261180,-1
415,070131,1
415,200350,1
415,100611,-1
415,218056,1
415,203623,1
415,052200,-1
415,162488,-1
415,205121,-1
415,283346,1
415,200644,-1
415,114846,-1
415,199373,-1
415,152905,-1
415,163199,-1
415,211327,-1
415,268733,-1
415,148028,-1
415,208541,-1
415,208835,1
415,253863,1
415,253763,1
415,275736,-1
415,209370,1
415,214733,0
415,209685,0
415,186044,1
415,262164,-1
415,204775,-1
415,219923,0
415,238030,1
415,091693,-1
415,289699,-1
415,203796,1
415,212637,-1
415,211586,-1
415,087067,-1
415,201834,-1
415,212855,0
415,203621,1
415,080342,1
415,103304,1
415,147933,-1
415,186862,-1
415,033970,0
415,039093,-1
415,206512,-1
415,208004,1
415,126415,1
415,208006,1
415,216691,1
415,164002,1
415,156157,-1
415,165302,1
415,077366,-1
415,131744,-1
415,210533,-1
415,206852,-1
415,128381,1
415,091616,1
415,205111,1
415,137583,1
415,124556,1
415,125239,-1
415,219704,-1
415,215997,-1
415,205568,-1
415,253175,-1
415,226577,1
415,213281,-1
415,102131,-1
415,204403,-1
415,205106,-1
415,150932,-1
415,199090,-1
415,275572,1
415,254545,-1
415,035416,-1
415,001671,-1
415,213321,-1
415,137085,-1
415,286833,-1
415,143517,1
415,163189,-1
415,108357,-1
415,155235,-1
415,056479,-1
415,244983,-1
415,006217,0
415,139475,-1
415,120620,-1
415,243817,-1
415,170673,-1
415,226719,1
415,241050,1
415,206142,1
415,149574,-1
415,015690,-1
415,218964,-1
415,093545,-1
415,013917,-1
415,235832,1
415,238778,-1
415,265695,-1
415,212920,-1
415,213156,-1
415,000677,-1
415,155762,-1
415,218739,1
415,127097,-1
415,274613,0
415,171101,1
415,203325,-1
415,197379,1
415,204544,-1
415,134314,1
415,133843,-1
415,150996,-1
415,153691,1
415,017772,-1
415,287399,-1
415,091053,1
415,280418,1
415,076726,-1
415,155646,-1
415,101948,1
415,200902,-1
415,155769,-1
415,138641,-1
415,134286,-1
415,233231,-1
415,163817,-1
415,258133,-1
415,163660,-1
415,023809,-1
415,188005,-1
415,018027,-1
415,210146,-1
415,215472,1
415,239836,-1
415,208379,-1
415,208666,-1
415,204952,1
415,206781,-1
415,092524,1
415,057890,-1
415,092525,1
415,093103,1
415,277912,-1
415,150695,1
415,205665,1
415,087802,-1
415,214615,-1
415,101758,-1
415,002416,-1
415,148859,-1
415,155747,-1
415,162089,-1
415,089013,-1
415,108407,-1
415,287026,-1
415,270882,1
415,004745,-1
415,016234,-1
415,042013,-1
415,006193,-1
415,091815,-1
415,254945,-1
415,158252,1
415,209799,0
415,285453,-1
415,091387,-1
415,093161,1
415,205689,-1
415,145493,-1
415,205853,-1
415,219060,-1
415,152261,1
415,068111,-1
415,209922,-1
415,151107,-1
415,187382,1
415,287928,-1
415,212195,0
415,210791,-1
415,202225,-1
415,023263,-1
415,286151,-1
415,204053,1
415,151438,-1
415,183530,-1
415,068039,-1
415,265201,-1
415,189159,-1
415,033580,-1
415,257788,-1
415,214428,-1
415,091216,1
415,016663,-1
415,066655,1
415,205948,1
415,222707,-1
415,078084,1
415,252962,1
415,236584,-1
415,206933,-1
415,206871,-1
415,218211,1
415,210950,1
415,044739,-1
415,151202,-1
415,214219,-1
415,083428,-1
415,183124,-1
415,089068,-1
415,152689,-1
415,208159,1
415,189723,-1
415,094013,-1
415,001861,-1
415,083043,-1
415,098587,-1
415,130842,-1
415,063822,-1
415,145062,-1
415,111948,1
415,203888,-1
415,214578,-1
415,201968,-1
415,005681,-1
415,038844,1
415,052748,1
415,006859,-1
415,133161,-1
415,200908,-1
415,238198,-1
415,212198,-1
415,219054,1
415,060619,-1
415,279039,1
415,022926,0
415,217141,0
415,217967,1
415,156919,-1
415,132141,-1
415,002710,-1
415,213454,1
415,157847,-1
415,216901,1
415,112823,-1
415,108905,-1
415,210987,-1
415,196705,1
415,257944,-1
415,210495,-1
415,187212,1
415,270196,-1
415,208378,-1
415,125722,-1
415,098163,-1
415,014174,-1
415,277810,-1
415,168613,-1
415,201163,1
415,163387,-1
415,209943,1
415,257002,-1
415,203943,-1
415,207150,1
415,182327,-1
415,199993,-1
415,232204,-1
415,203330,1
415,145350,-1
415,286586,1
415,218311,0
415,286529,1
415,075216,-1
415,286526,1
415,129075,-1
415,159864,-1
415,218643,0
415,116127,-1
415,286214,-1
415,066174,1
415,218692,-1
415,044260,-1
415,078769,1
415,015039,-1
415,199996,-1
415,210154,1
415,203601,-1
415,144488,0
415,287033,-1
415,223945,-1
415,206449,-1
415,242755,-1
415,200826,-1
415,153999,-1
415,207546,-1
415,117048,-1
415,032623,-1
415,194898,-1
415,159648,-1
415,004967,-1
415,218037,0
415,197371,1
415,285868,-1
415,287112,-1
415,200681,-1
415,274751,1
415,029662,-1
415,039320,-1
415,226666,1
415,020690,-1
415,034910,-1
415,204330,1
415,090330,-1
415,221369,-1
415,010617,1
415,004036,-1
415,289675,-1
415,165597,1
415,018820,1
415,157269,-1
415,213640,1
415,205858,-1
415,178449,-1
415,078869,1
415,150578,1
415,133811,-1
415,213247,1
415,013661,-1
415,193948,-1
415,237329,-1
415,214145,-1
415,100671,-1
415,201565,-1
415,039116,1
415,144195,-1
415,107736,-1
415,001536,-1
415,210187,1
415,217091,-1
415,275726,-1
415,226852,-1
415,201116,-1
415,288651,-1
415,210256,-1
415,287933,-1
415,234620,-1
415,268805,-1
415,213927,1
415,153865,0
415,266090,-1
415,204785,-1
415,267388,0
415,142165,-1
415,219235,1
415,170098,-1
415,008619,-1
415,199744,-1
415,085068,-1
415,205491,-1
415,068864,1
415,086232,-1
415,135486,-1
415,260823,-1
415,154958,-1
415,068626,1
415,180720,-1
415,134425,-1
415,209750,0
415,217388,-1
415,194789,1
415,208669,1
415,218043,1
415,207862,-1
415,044387,-1
415,214222,0
415,197786,-1
415,227889,-1
415,170651,-1
415,024355,-1
415,205357,-1
415,237712,-1
415,233879,-1
415,010720,-1
415,211005,1
415,007248,-1
415,018060,-1
415,098634,1
415,220790,1
415,214026,-1
415,131057,-1
415,092478,1
415,208906,-1
415,209191,-1
415,181446,-1
415,133538,-1
415,209964,-1
415,218082,-1
415,218400,-1
415,091701,-1
415,187241,-1
415,207428,1
415,094411,-1
415,101301,1
415,128346,-1
415,065551,1
415,090215,-1
415,197639,-1
415,155355,-1
415,214091,0
415,084656,-1
415,233041,-1
415,141802,-1
415,138391,-1
415,202297,-1
415,203999,1
415,203783,-1
415,076395,1
415,209266,-1
415,092679,1
415,216024,1
415,211193,1
415,284739,-1
415,202075,-1
415,000634,1
415,262398,-1
415,068463,-1
415,274565,-1
415,124021,-1
415,113872,-1
415,122086,-1
415,164367,-1
415,051975,-1
415,229389,1
415,213925,-1
415,087055,-1
415,086039,-1
415,211133,1
415,014378,-1
415,046530,1
415,237305,-1
415,205645,-1
415,202287,-1
415,263220,-1
415,207171,1
415,118676,-1
415,176370,-1
415,217897,-1
415,092663,1
415,255259,-1
415,155266,-1
415,197482,-1
415,273835,-1
415,143012,1
415,204405,-1
415,284856,1
415,201641,-1
415,282401,-1
415,220597,-1
415,218846,0
415,126190,1
415,205105,-1
415,003873,-1
415,212117,-1
415,097482,-1
415,213065,1
415,101828,1
415,031707,1
415,214254,-1
415,272915,-1
415,089027,0
415,082448,-1
415,253803,-1
415,158272,1
415,027890,-1
415,140420,-1
415,259225,-1
415,203379,-1
415,061409,1
415,212681,-1
415,014625,-1
415,087040,0
415,209967,-1
415,031489,-1
415,032297,-1
415,070507,-1
415,212344,-1
415,076561,-1
415,068439,0
415,207911,-1
415,150692,-1
415,196397,1
415,212785,-1
415,117121,-1
415,203912,-1
415,154015,1
415,154074,1
415,154108,1
415,016264,1
415,037445,-1
415,203814,-1
415,091686,-1
415,289034,-1
415,188809,1
415,211684,1
415,200710,-1
415,256021,1
415,150385,-1
415,111981,-1
415,206369,1
415,223195,-1
415,263380,-1
415,207671,0
415,204119,-1
415,007782,-1
415,002598,-1
415,155040,-1
415,208676,-1
415,218147,-1
415,241337,1
415,208903,0
415,177937,1
415,203761,-1
415,092143,1
415,037791,-1
415,250827,-1
415,092907,-1
415,190542,-1
415,059372,-1
415,029825,-1
415,003958,-1
415,143565,-1
415,156824,-1
415,191993,-1
415,088334,-1
415,037777,1
415,026949,-1
415,214368,-1
415,204710,-1
415,065351,1
415,208357,-1
415,100388,-1
415,045475,-1
415,037786,1
415,060723,1
415,141497,-1
415,039094,0
415,131421,-1
415,217280,-1
415,121085,-1
415,239468,-1
415,214335,-1
415,218136,-1
415,185033,-1
415,199062,-1
415,125855,-1
415,173268,-1
415,042533,1
415,159193,-1
415,146855,-1
415,150410,1
415,211219,1
415,232830,-1
415,061388,1
415,100235,-1
415,121674,1
415,121160,1
415,009197,1
415,122133,1
415,122127,1
415,121162,1
415,007737,1
415,009736,1
415,122134,1
415,153718,1
415,234381,-1
415,170899,-1
415,063380,-1
415,217632,1
415,148910,-1
415,065194,-1
415,111228,-1
415,087746,-1
415,045662,-1
415,110733,-1
415,086753,-1
415,058340,-1
415,205885,-1
415,177515,-1
415,079210,1
415,126698,1
415,235667,1
415,128157,-1
415,116766,-1
415,152624,-1
415,083030,0
415,059639,-1
415,214273,-1
415,002441,-1
415,155954,-1
415,155952,-1
415,041723,-1
415,126201,-1
415,284854,-1
415,259425,-1
415,153645,1
415,015225,-1
415,201103,-1
415,003509,-1
415,208769,1
415,103011,-1
415,283508,1
415,203723,-1
415,287577,1
415,254220,-1
415,187894,-1
415,205304,-1
415,155012,-1
415,244025,1
415,243887,1
415,241780,1
415,135584,-1
415,244032,1
415,240374,1
415,096618,-1
415,244009,1
415,244010,1
415,261717,-1
415,270617,-1
415,134456,-1
415,183036,-1
415,239530,-1
415,198557,-1
415,239665,1
415,075959,-1
415,217367,1
415,020149,-1
415,196572,1
415,195444,-1
415,181380,1
415,181455,1
415,213974,-1
415,238806,-1
415,091658,1
415,239531,-1
415,224043,1
415,126641,1
415,076827,1
415,205530,-1
415,189821,-1
415,065857,1
415,143896,-1
415,241580,1
415,199102,-1
415,128147,0
415,279536,-1
415,208240,1
415,026794,-1
415,116186,-1
415,082086,-1
415,204879,1
415,227975,1
415,044924,-1
415,184522,1
415,200879,0
415,064204,-1
415,238682,1
415,259428,-1
415,146916,-1
415,192730,1
415,251776,-1
415,286439,-1
415,194912,-1
415,123457,-1
415,103872,-1
415,056688,-1
415,204434,-1
415,131478,-1
415,153336,1
415,077231,1
415,065295,-1
415,012411,-1
415,091163,-1
415,183411,1
415,054609,-1
415,162487,-1
415,103972,1
415,082324,1
415,185094,-1
415,070798,1
415,263866,1
415,081265,-1
415,230865,1
415,133409,-1
415,271501,-1
415,215756,-1
415,205903,-1
415,268406,-1
415,176007,-1
415,152847,-1
415,209945,1
415,264030,-1
415,169037,-1
415,044254,-1
415,269170,1
415,180526,1
415,128063,-1
415,235211,-1
415,098230,1
415,280548,-1
415,121408,-1
415,032733,1
415,092605,-1
415,279708,1
415,168454,-1
415,101577,-1
415,183816,-1
415,179708,1
415,201715,-1
415,200622,1
415,217757,-1
415,199548,-1
415,169243,-1
415,233368,-1
415,268741,-1
415,270797,1
415,204824,-1
415,123771,-1
415,063567,0
415,208940,-1
415,238959,-1
415,191816,1
415,027314,-1
415,206793,1
415,000084,-1
415,194964,-1
415,240847,-1
415,239842,-1
415,289218,-1
415,130511,-1
415,116696,-1
415,212434,-1
415,236444,1
415,070699,-1
415,283710,-1
415,213947,0
415,206185,-1
415,208941,-1
415,095115,-1
415,218948,-1
415,042315,-1
415,085595,1
415,187802,1
415,103680,-1
415,175575,-1
415,150116,-1
415,208597,-1
415,195735,-1
415,086718,-1
415,043038,-1
415,260977,1
415,041233,-1
415,113671,-1
415,215843,-1
415,243927,-1
415,207287,1
415,198188,-1
415,217707,-1
415,125519,-1
415,210305,-1
415,186394,-1
415,175607,-1
415,217964,-1
415,123829,-1
415,174193,1
415,128648,1
415,276388,-1
415,279945,-1
415,140744,-1
415,070128,1
415,031979,-1
415,204688,-1
415,039436,-1
415,187482,1
415,130732,-1
415,182351,1
415,204910,1
415,095546,-1
415,019202,-1
415,201041,1
415,281230,-1
415,233527,-1
415,239936,-1
415,158528,1
415,174777,-1
415,192123,-1
415,141643,-1
415,063623,-1
415,277986,1
415,159075,-1
415,045474,-1
415,239263,-1
415,198225,-1
415,152716,-1
415,130231,-1
415,012897,-1
415,075241,0
415,206614,1
415,258498,-1
415,156375,1
415,218694,0
415,207211,1
415,085665,-1
415,217358,1
415,199079,-1
415,068064,1
415,067729,-1
415,262296,-1
415,001409,1
415,155488,-1
415,085304,1
415,058544,-1
415,201024,1
415,209122,0
415,044743,-1
415,204411,-1
415,104101,-1
415,148620,-1
415,092634,-1
415,212343,-1
415,233386,-1
415,056611,-1
415,029191,-1
415,162860,1
415,263124,1
415,218472,-1
415,199134,-1
415,050572,1
415,156395,1
415,169211,1
415,208627,-1
415,122725,-1
415,194310,-1
415,213786,-1
415,132073,-1
415,270626,-1
415,190828,-1
415,179786,-1
415,100647,-1
415,241310,-1
415,207889,-1
415,101546,-1
415,101311,-1
415,144574,-1
415,127646,-1
415,205558,-1
415,099757,1
415,212352,-1
415,238524,0
415,258590,-1
415,198697,1
415,093019,-1
415,028171,-1
415,145750,-1
415,200379,-1
415,090308,-1
415,116575,-1
415,156338,1
415,218138,1
415,173179,-1
415,193873,-1
415,207750,1
415,087880,1
415,145362,-1
415,158158,-1
415,249775,0
415,104248,1
415,071075,1
415,253964,-1
415,218658,-1
415,079619,-1
415,038917,1
415,221150,-1
415,153867,0
415,214129,-1
415,189682,-1
415,076978,-1
415,136186,1
415,103301,1
415,125209,1
415,153650,-1
415,163986,-1
415,077828,-1
415,234486,-1
415,041952,-1
415,139527,-1
415,161573,-1
415,169230,-1
415,159986,1
415,205254,1
415,252684,1
415,258438,-1
415,151457,-1
415,196482,1
415,229859,1
415,168515,-1
415,212486,1
415,165939,1
415,079605,1
415,009540,-1
415,214243,1
415,125389,-1
415,035436,-1
415,088176,-1
415,255887,-1
415,213511,1
415,096979,-1
415,167845,-1
415,060103,-1
415,125493,-1
415,119507,-1
415,194259,-1
415,143662,-1
415,215102,-1
415,043078,1
415,041628,-1
415,042860,1
415,215595,0
415,284002,-1
415,207384,-1
415,188294,1
415,176277,-1
415,112010,-1
415,037819,1
415,206925,-1
415,171131,-1
415,100943,1
415,219041,-1
415,036094,-1
415,251333,-1
415,004647,-1
415,210886,-1
415,203895,1
415,219258,0
415,159295,-1
415,213512,1
415,259626,-1
415,270011,1
415,037827,0
415,199144,-1
415,016035,-1
415,203870,-1
415,205408,1
415,133935,-1
415,203493,1
415,216754,-1
415,144368,-1
415,238076,-1
415,255077,-1
415,091077,-1
415,101107,-1
415,121409,-1
415,154904,-1
415,157873,-1
415,077711,-1
415,208751,-1
415,034853,-1
415,001597,1
415,041686,-1
415,032663,-1
415,084908,-1
415,280301,-1
415,259246,-1
415,280929,0
415,262125,-1
415,214511,-1
415,238481,-1
415,064807,-1
415,187358,1
415,205616,-1
415,217362,1
415,285109,-1
415,204152,-1
415,203830,-1
415,214261,1
415,196819,1
415,070928,-1
415,134244,-1
415,281617,-1
415,016364,-1
415,143469,-1
415,192571,1
415,180692,-1
415,280658,-1
415,079248,1
415,018477,-1
415,116580,-1
415,134017,-1
415,212098,-1
415,253021,1
415,190418,-1
415,129043,-1
415,094891,1
415,039523,1
415,268421,-1
415,015243,-1
415,066307,-1
415,044745,-1
415,283146,1
415,272375,-1
415,268388,1
415,163645,-1
415,217429,0
415,210973,1
415,218316,-1
415,206103,-1
415,132209,-1
415,061629,-1
415,006233,-1
415,100073,-1
415,091824,1
415,196350,1
415,030006,-1
415,197828,-1
415,187286,1
415,198229,1
415,254390,-1
415,056307,1
415,217621,-1
415,212141,-1
415,167721,1
415,082145,-1
415,205685,-1
415,088058,-1
415,167720,1
415,193642,-1
415,114604,1
415,002965,-1
415,193897,-1
415,228149,-1
415,002268,-1
415,029798,-1
415,221403,-1
415,220657,-1
415,120887,-1
415,195658,-1
415,202717,-1
415,282627,-1
415,185476,-1
415,092648,-1
415,018970,1
415,108067,-1
415,234534,-1
415,207055,-1
415,203222,-1
415,208009,-1
415,091809,1
415,044781,-1
415,016491,-1
415,133757,-1
415,016922,-1
415,210684,-1
415,096013,-1
415,091803,1
415,100417,1
415,021090,-1
415,283487,-1
415,100316,-1
415,160612,-1
415,064683,-1
415,208149,1
415,124321,1
415,196814,1
415,196371,1
415,288754,-1
415,155229,-1
415,091579,1
415,113751,-1
415,079666,-1
415,214534,0
415,091184,1
415,013765,-1
415,070053,-1
415,091702,-1
415,033109,-1
415,161238,-1
415,203315,-1
415,209149,-1
415,208453,1
415,197755,-1
415,161362,-1
415,207566,-1
415,159631,-1
415,082384,-1
415,035851,1
415,272422,-1
415,063819,1
415,148026,-1
415,166449,-1
415,000917,1
415,269395,-1
415,205457,-1
415,038184,1
415,236949,-1
415,205315,-1
415,095261,-1
415,040041,-1
415,091208,1
415,203950,-1
415,280895,0
415,108358,-1
415,206287,1
415,109431,-1
415,007374,-1
415,191056,-1
415,177991,1
415,269055,1
415,267376,-1
415,211017,-1
415,215551,-1
415,011340,-1
415,016444,-1
415,126834,1
415,208002,-1
415,043893,-1
415,217223,-1
415,130930,-1
415,195694,1
415,203059,1
415,266256,1
415,189335,1
415,270268,-1
415,283471,-1
415,155317,-1
415,206194,1
415,251485,1
415,115743,0
415,165599,-1
415,182407,1
415,137264,-1
415,251490,1
415,251494,1
415,251473,1
415,251539,1
415,251482,1
415,240973,1
415,251481,1
415,271386,1
415,203395,-1
415,192774,1
415,272756,-1
415,218735,-1
415,108549,1
415,232223,-1
415,088735,-1
415,077065,0
415,119015,-1
415,218308,1
415,181606,1
415,149132,-1
415,239455,-1
415,212169,-1
415,219177,1
415,271830,1
415,232839,1
415,153342,1
415,201429,-1
415,213759,0
415,190494,-1
415,289823,-1
415,207580,1
415,251744,-1
415,220547,-1
415,265647,-1
415,109584,-1
415,192644,-1
415,207389,-1
415,135059,-1
415,026895,-1
415,214673,-1
415,218429,-1
415,124639,-1
415,182024,-1
415,217193,-1
415,282088,1
415,183391,-1
415,189040,1
415,050990,-1
415,189245,1
415,276258,-1
415,220954,-1
415,187919,1
415,183976,-1
415,218581,-1
415,179136,-1
415,001466,-1
415,151282,-1
415,108972,-1
415,103226,-1
415,269835,1
415,077647,-1
415,272411,-1
415,190666,-1
415,044705,0
415,145264,-1
415,253274,-1
415,141955,-1
415,187607,0
415,206203,-1
415,137455,-1
415,265315,-1
415,134440,-1
415,148736,-1
415,214899,-1
415,190721,1
415,261115,1
415,244705,-1
415,220822,-1
415,184725,1
415,189866,-1
415,143686,0
415,181800,0
415,111874,-1
415,249884,-1
415,038868,1
415,277798,-1
415,227430,-1
415,016129,1
415,215932,1
415,144367,-1
415,025681,1
415,195801,1
415,285110,0
415,140377,-1
415,070346,-1
415,025654,1
415,286440,-1
415,190962,1
415,217100,1
415,214820,-1
415,204756,-1
415,208162,-1
415,109970,-1
415,184634,1
415,171437,-1
415,217400,1
415,056393,-1
415,017584,-1
415,118862,-1
415,168453,-1
415,198393,-1
415,211973,-1
415,280892,0
415,157139,1
415,087015,-1
415,237088,-1
415,217721,-1
415,148571,-1
415,117034,-1
415,133659,1
415,189928,-1
415,076727,-1
415,286789,1
415,186389,-1
415,196668,-1
415,232788,-1
415,197211,1
415,085584,-1
415,189150,-1
415,130641,-1
415,208813,-1
415,090788,-1
415,207761,1
415,203517,1
415,012921,1
415,165150,-1
415,046851,1
415,180748,1
415,192324,1
415,093615,-1
415,257388,-1
415,201504,-1
415,159602,-1
415,185388,-1
415,067050,-1
415,218049,-1
415,004474,-1
415,157013,-1
415,227117,-1
415,204629,1
415,043479,-1
415,150860,-1
415,127027,-1
415,223946,-1
415,232180,-1
415,217293,-1
415,216240,1
415,150288,1
415,262616,-1
415,284021,-1
415,183696,-1
415,032232,-1
415,108562,1
415,058546,-1
415,259818,-1
415,208686,-1
415,269717,1
415,002719,0
415,018113,-1
415,204843,1
415,054652,1
415,102343,-1
415,195710,1
415,010114,-1
415,204422,-1
415,209043,1
415,288846,1
415,123697,1
415,260606,-1
415,211638,-1
415,277707,-1
415,242693,-1
415,011962,-1
415,064376,-1
415,127344,-1
415,163241,-1
415,262072,-1
415,207854,-1
415,206931,-1
415,187972,-1
415,091393,1
415,265243,-1
415,091412,1
415,025429,-1
415,138772,1
415,087857,1
415,206867,-1
415,250390,-1
415,133895,-1
415,289124,-1
415,131316,-1
415,159194,-1
415,068701,-1
415,196920,-1
415,211596,-1
415,075272,-1
415,280445,-1
415,096493,1
415,099798,-1
415,056290,-1
415,156801,-1
415,016020,-1
415,060460,1
415,168301,-1
415,281696,-1
415,167493,-1
415,288295,1
415,200504,-1
415,148426,-1
415,029850,1
415,093363,1
415,181169,-1
415,203966,0
415,241280,-1
415,002452,-1
415,207956,1
415,208949,-1
415,190245,-1
415,206468,-1
415,181943,-1
415,216734,1
415,093492,1
415,234079,-1
415,217199,1
415,043844,-1
415,232061,1
415,217800,-1
415,163572,1
415,205297,1
415,120295,-1
415,238751,-1
415,176245,-1
415,136311,-1
415,240479,-1
415,204900,-1
415,135121,-1
415,205898,-1
415,202012,-1
415,258587,-1
415,165135,-1
415,000884,-1
415,040111,-1
415,042514,-1
415,007011,1
415,165071,-1
415,204723,-1
415,209474,-1
415,208499,-1
415,044162,0
415,034689,-1
415,120622,1
415,267239,1
415,092980,-1
415,003093,1
415,208065,-1
415,212923,-1
415,025652,-1
415,165771,1
415,118040,1
415,208337,-1
415,218925,-1
415,037848,-1
415,208545,-1
415,193045,-1
415,031965,-1
415,153286,-1
415,163690,-1
415,122424,-1
415,271831,0
415,018296,-1
415,117983,1
415,118018,1
415,256532,1
415,007389,-1
415,193975,-1
415,034579,-1
415,206807,-1
415,122806,1
415,208373,0
415,032712,-1
415,263987,-1
415,261939,-1
415,230889,-1
415,216690,-1
415,267278,1
415,117016,-1
415,122958,-1
415,188290,1
415,204902,-1
415,118019,-1
415,086871,1
415,280030,-1
415,129615,-1
415,146911,-1
415,088528,0
415,197256,-1
415,211294,-1
415,103519,-1
415,008689,-1
415,209529,-1
415,044580,-1
415,015006,0
415,205314,-1
415,187873,-1
415,178706,1
415,191309,1
415,143892,-1
415,165102,-1
415,217919,-1
415,208904,1
415,267271,1
415,208700,-1
415,171126,-1
415,168705,-1
415,269324,1
415,101868,1
415,071115,-1
415,280741,-1
415,225311,1
415,122848,1
415,011798,1
415,207109,1
415,251472,1
415,225313,1
415,217194,-1
415,264973,-1
415,035603,-1
415,239806,1
415,150571,1
415,190258,-1
415,260863,-1
415,222372,1
415,065533,-1
415,125029,-1
415,240976,1
415,239200,-1
415,029684,-1
415,225317,1
415,110559,-1
415,205124,-1
415,251505,-1
415,135099,-1
415,212404,-1
415,045579,-1
415,153508,-1
415,193869,1
415,219338,-1
415,217036,-1
415,132925,1
415,216596,-1
415,207322,-1
415,139655,1
415,139196,1
415,285643,-1
415,216220,-1
415,155044,-1
415,206053,1
415,085139,1
415,217734,-1
415,152214,-1
415,214084,0
415,215251,1
415,005677,-1
415,241013,-1
415,177936,-1
415,035372,-1
415,059949,-1
415,238110,-1
415,101312,-1
415,199028,0
415,002069,-1
415,208015,-1
415,162365,-1
415,189674,-1
415,091699,-1
415,237016,1
415,216430,-1
415,234379,-1
415,164347,-1
415,221082,-1
415,217240,-1
415,184228,-1
415,258326,-1
415,133934,-1
415,259125,-1
415,015421,-1
415,204877,-1
415,208885,-1
415,017746,-1
415,207421,-1
415,169742,-1
415,046975,-1
415,203402,-1
415,192624,-1
415,085585,-1
415,288602,-1
415,014050,1
415,030995,-1
415,177987,-1
415,008195,-1
415,130504,-1
415,216551,-1
415,109757,-1
415,233980,-1
415,170632,-1
415,206094,0
415,132569,-1
415,157867,-1
415,018652,1
415,206248,-1
415,205879,-1
415,091963,1
415,004870,-1
415,139529,-1
415,009357,-1
415,191802,1
415,208334,1
415,150906,-1
415,003924,-1
415,208306,-1
415,092492,1
415,214657,0
415,204682,-1
415,258689,-1
415,110003,-1
415,067078,1
415,188161,1
415,020606,-1
415,188472,-1
415,119476,-1
415,208967,1
415,214339,1
415,147078,-1
415,213463,0
415,064598,1
415,088537,-1
415,123160,-1
415,094468,-1
415,228724,-1
415,270365,-1
415,160642,-1
415,158037,-1
415,132635,1
415,206824,-1
415,112594,-1
415,177992,-1
415,200966,-1
415,039805,1
415,128375,-1
415,008667,-1
415,197559,-1
415,217690,-1
415,032680,-1
415,219480,-1
415,159735,-1
415,200589,-1
415,021542,-1
415,125322,-1
415,286965,-1
415,216689,-1
415,160987,1
415,039324,-1
415,044874,-1
415,162800,-1
415,126356,-1
415,029856,-1
415,031691,1
415,261750,1
415,215716,-1
415,118314,-1
415,208222,-1
415,091758,-1
415,027854,-1
415,204885,-1
415,276263,-1
415,207937,-1
415,214953,-1
415,094233,-1
415,228259,-1
415,146921,-1
415,001723,-1
415,100250,0
415,036927,-1
415,209776,1
415,111475,-1
415,191928,1
415,271159,1
415,220808,-1
415,056522,1
415,101979,-1
415,261110,1
415,151330,-1
415,190201,-1
415,065051,1
415,064960,1
415,119068,-1
415,029562,1
415,198156,-1
415,150022,1
415,163968,-1
415,065486,1
415,025505,-1
415,016920,-1
415,238945,1
415,148624,-1
415,218779,-1
415,014571,1
415,234991,-1
415,044400,-1
415,202313,-1
415,205506,-1
415,166117,-1
415,036970,-1
415,025097,-1
415,091826,1
415,201553,-1
415,024682,-1
415,022469,-1
415,219463,-1
415,002797,1
415,200042,-1
415,236826,-1
415,100922,-1
415,000847,-1
415,069170,-1
415,209323,-1
415,271659,-1
415,204668,1
415,155884,-1
415,214259,0
415,222290,-1
415,017269,-1
415,029227,-1
415,206135,1
415,182825,-1
415,013972,1
415,002656,1
415,262761,-1
415,265561,-1
415,183689,-1
415,248112,-1
415,209463,1
415,235282,1
415,033302,-1
415,207503,0
415,123027,1
415,032133,-1
415,115998,-1
415,218548,-1
415,234080,-1
415,133506,-1
415,087030,-1
415,138952,1
415,196367,1
415,015619,-1
415,080381,-1
415,059456,1
415,093639,-1
415,142556,-1
415,287689,-1
415,207350,1
415,024304,-1
415,002021,-1
415,261085,1
415,191295,-1
415,042323,-1
415,204892,-1
415,229635,-1
415,287680,-1
415,218216,-1
415,205720,-1
415,042139,-1
415,052136,1
415,044678,1
415,116657,-1
415,216724,1
415,092890,-1
415,033193,1
415,015062,1
415,235339,-1
415,210258,-1
415,029094,-1
415,008767,-1
415,077537,-1
415,151753,-1
415,209585,-1
415,137018,-1
415,005074,-1
415,190518,-1
415,202330,-1
415,277804,-1
415,227506,1
415,115548,1
415,162014,-1
415,238637,1
415,199882,-1
415,024193,-1
415,212302,-1
415,108590,-1
415,161380,-1
415,179527,-1
415,278981,-1
415,015892,-1
415,210188,1
415,217397,1
415,131370,-1
415,012932,-1
415,288854,-1
415,261179,-1
415,078277,-1
415,125685,-1
415,209430,-1
415,206450,-1
415,162637,0
415,209046,-1
415,069152,-1
415,105409,1
415,072236,1
415,209081,1
415,100861,1
415,206190,-1
415,023444,-1
415,161071,-1
415,000340,-1
415,128039,-1
415,023282,1
415,176638,1
415,143467,-1
415,253050,-1
415,197867,-1
415,218881,-1
415,126623,-1
415,268465,1
415,007613,-1
415,278426,1
415,174507,-1
415,182754,-1
415,161145,-1
415,240977,1
415,216891,-1
415,092604,1
415,093494,1
415,208082,-1
415,018856,1
415,289992,-1
415,001126,1
415,054072,-1
415,219063,-1
415,240809,-1
415,203765,1
415,122700,-1
415,206964,-1
415,282321,1
415,214560,-1
415,264541,-1
415,093104,-1
415,207293,-1
415,155339,-1
415,114690,1
415,195715,-1
415,217920,-1
415,284030,-1
415,289631,1
415,019734,-1
415,067975,-1
415,140322,-1
415,217002,1
415,205446,1
415,206092,1
415,224299,-1
415,124512,-1
415,222621,-1
415,209289,-1
415,210270,-1
415,184790,-1
415,288848,-1
415,116559,-1
415,263392,-1
415,211361,1
415,022199,-1
415,209832,-1
415,220703,1
415,142663,-1
415,229043,-1
415,097840,-1
415,188004,-1
415,216793,-1
415,283429,-1
415,021095,1
415,011300,-1
415,065787,1
415,212326,1
415,100712,-1
415,120667,-1
415,204741,-1
415,165288,1
415,203929,-1
415,052734,-1
415,186714,1
415,142739,-1
415,207052,1
415,173009,-1
415,147705,-1
415,206955,1
415,239518,1
415,001765,-1
415,238591,0
415,206217,1
415,126497,-1
415,087104,-1
415,237629,1
415,218177,0
415,148868,-1
415,173169,1
415,225075,1
415,076763,-1
415,285236,-1
415,003235,-1
415,160967,-1
415,191779,-1
415,176131,-1
415,189882,-1
415,093025,-1
415,170004,-1
415,204767,-1
415,165246,-1
415,267164,1
415,159226,-1
415,208924,-1
415,163584,-1
415,109500,-1
415,204788,-1
415,183676,-1
415,116591,-1
415,163427,-1
415,216848,1
415,217424,-1
415,258639,-1
415,067463,-1
415,171392,-1
415,063602,-1
415,011732,-1
415,077133,-1
415,148519,-1
415,209507,1
415,204670,-1
415,156582,-1
415,240737,-1
415,006255,-1
415,146294,-1
415,034544,-1
415,010494,1
415,206719,-1
415,279893,1
415,218253,1
415,007543,-1
415,183890,1
415,262380,-1
415,279906,1
415,170903,-1
415,184075,-1
415,289573,-1
415,159726,-1
415,140613,-1
415,113100,-1
415,191745,1
415,237859,1
415,093544,-1
415,205942,1
415,063921,-1
415,238697,-1
415,150744,-1
415,269258,-1
415,064988,1
415,204962,-1
415,207141,-1
415,153895,-1
415,010524,-1
415,274930,-1
415,212481,-1
415,205054,-1
415,209875,-1
415,116326,-1
415,148421,-1
415,208654,-1
415,240362,-1
415,065119,1
415,210583,-1
415,052548,-1
415,145630,-1
415,151586,-1
415,213397,-1
415,154881,-1
415,205748,1
415,119169,-1
415,195936,-1
415,014889,-1
415,209320,-1
415,005708,-1
415,215754,-1
415,134281,-1
415,203156,-1
415,218783,-1
415,287227,1
415,009154,-1
415,160734,-1
415,066785,1
415,121585,-1
415,173550,-1
415,215341,-1
415,231066,1
415,200237,1
415,200875,-1
415,264762,1
415,267801,-1
415,270180,-1
415,279951,-1
415,205425,1
415,145026,-1
415,216643,1
415,279892,-1
415,285130,-1
415,007768,-1
415,020789,-1
415,068017,-1
415,150621,-1
415,285270,1
415,011382,-1
415,208476,-1
415,015417,-1
415,218686,-1
415,218852,-1
415,270114,1
415,285273,1
415,194005,-1
415,206538,-1
415,153509,-1
415,213480,-1
415,016824,1
415,075239,1
415,043082,1
415,180090,-1
415,155491,-1
415,280037,-1
415,204638,-1
415,217955,-1
415,279535,-1
415,213747,-1
415,204070,1
415,093669,-1
415,102168,1
415,204120,-1
415,111260,-1
415,206509,-1
415,201256,-1
415,052156,-1
415,148636,-1
415,211647,-1
415,040836,-1
415,257943,-1
415,213188,-1
415,219107,0
415,236487,1
415,150896,-1
415,042739,-1
415,169816,-1
415,187790,-1
415,236517,1
415,218688,-1
415,034629,-1
415,091847,-1
415,152175,-1
415,177542,1
415,181144,1
415,015267,-1
415,209720,-1
415,088351,0
415,183924,-1
415,209526,-1
415,156584,-1
415,217947,-1
415,217463,-1
415,203055,-1
415,003340,-1
415,218943,-1
415,184220,1
415,236446,-1
415,174590,-1
415,191823,1
415,179799,-1
415,289512,-1
415,215060,1
415,280204,-1
415,143887,-1
415,203555,-1
415,010556,-1
415,208440,-1
415,008402,1
415,280176,-1
415,172419,-1
415,190496,-1
415,092280,1
415,207966,1
415,091281,-1
415,087311,-1
415,213694,-1
415,101876,1
415,101875,1
415,218691,1
415,213621,-1
415,288266,-1
415,196520,-1
415,067548,-1
415,196357,-1
415,272922,-1
415,065190,-1
415,233971,-1
415,229200,-1
415,172870,-1
415,091646,-1
415,187349,1
415,102038,-1
415,128770,-1
415,094306,-1
415,210532,1
415,141744,-1
415,117825,-1
415,211907,-1
415,218768,1
415,250826,1
415,208665,-1
415,257403,1
415,008526,1
415,143696,-1
415,214993,-1
415,170013,-1
415,153033,-1
415,211054,0
415,083464,1
415,231369,-1
415,137230,-1
415,068831,1
415,279661,-1
415,131815,1
415,137589,-1
415,287892,-1
415,126268,-1
415,214251,-1
415,141893,-1
415,068611,-1
415,142628,-1
415,153929,1
415,018724,1
415,098182,-1
415,156489,-1
415,152715,-1
415,003272,-1
415,087221,-1
415,031364,-1
415,099032,1
415,048860,-1
415,264490,-1
415,130949,-1
415,026705,-1
415,140105,-1
415,182836,-1
415,001284,-1
415,189358,-1
415,134382,-1
415,148386,-1
415,142562,-1
415,089374,-1
415,201686,-1
415,184782,1
415,201493,-1
415,204912,1
415,030457,-1
415,131867,-1
415,086228,-1
415,216435,-1
415,201056,-1
415,040937,-1
415,238162,-1
415,207874,1
415,218553,0
415,195703,-1
415,176037,-1
415,209000,-1
415,154960,-1
415,101201,-1
415,189173,1
415,132672,-1
415,164150,1
415,207696,-1
415,204627,-1
415,224099,-1
415,141438,-1
415,183893,1
415,185524,-1
415,216535,-1
415,148511,-1
415,028148,-1
415,192643,-1
415,203659,-1
415,213374,-1
415,214308,-1
415,043762,-1
415,156580,-1
415,199010,1
415,204830,-1
415,086436,-1
415,043291,-1
415,124968,1
415,156578,-1
415,201066,-1
415,124291,-1
415,131966,-1
415,091830,1
415,091700,-1
415,190287,-1
415,243235,-1
415,218352,-1
415,111994,-1
415,270642,-1
415,205176,-1
415,234033,-1
415,132044,1
415,166321,1
415,009143,1
415,166320,1
415,209459,-1
415,217933,-1
415,098816,1
415,282015,-1
415,032375,-1
415,100279,-1
415,204750,-1
415,165600,-1
415,164346,-1
415,171555,-1
415,093604,-1
415,014493,-1
415,208317,-1
415,132014,-1
415,218714,-1
415,203990,-1
415,170597,-1
415,206735,-1
415,260070,-1
415,044634,1
415,164305,-1
415,207906,-1
415,186030,-1
415,226698,-1
415,155223,-1
415,198196,-1
415,202850,-1
415,014434,1
415,117160,1
415,132593,-1
415,216250,-1
415,092832,-1
415,219925,0
415,175988,-1
415,003243,-1
415,043584,-1
415,239423,-1
415,108113,1
415,207509,-1
415,019097,1
415,206421,-1
415,213671,-1
415,091519,1
415,148883,1
415,218970,-1
415,206367,1
415,201714,0
415,124234,-1
415,064243,-1
415,237723,-1
415,240314,-1
415,124984,-1
415,203279,-1
415,052746,1
415,089109,1
415,016756,-1
415,162931,-1
415,145604,-1
415,186038,1
415,165124,-1
415,223898,-1
415,209765,-1
415,206523,-1
415,216747,-1
415,092602,1
415,282547,-1
415,118002,-1
415,180898,-1
415,127349,-1
415,218759,-1
415,203802,-1
415,033195,0
415,203268,-1
415,214214,1
415,250892,-1
415,203834,0
415,277907,-1
415,004226,-1
415,201961,1
415,206810,-1
415,091776,1
415,190493,1
415,257152,-1
415,123833,-1
415,194930,-1
415,190329,-1
415,206095,1
415,064797,1
415,220123,-1
415,208158,1
415,236574,1
415,170645,-1
415,076060,-1
415,193326,-1
415,075732,1
415,143784,-1
415,191169,-1
415,075997,-1
415,154101,-1
415,217518,-1
415,067547,-1
415,007161,1
415,010507,1
415,176256,-1
415,125971,-1
415,024748,-1
415,068630,1
415,057700,-1
415,065802,-1
415,040686,-1
415,204486,-1
415,133116,-1
415,090155,-1
415,091255,-1
415,263286,-1
415,115186,-1
415,020914,-1
415,201348,1
415,195996,-1
415,239916,-1
415,236546,1
415,187832,1
415,193694,1
415,079601,-1
415,189158,-1
415,161562,-1
415,135397,-1
415,157260,1
415,197931,-1
415,152257,-1
415,099535,-1
415,197589,-1
415,157192,-1
415,258112,-1
415,054045,1
415,210422,-1
415,191781,1
415,059229,-1
415,122991,1
415,012515,1
415,103015,-1
415,218953,-1
415,151435,-1
415,144314,-1
415,213366,0
415,133337,1
415,151579,-1
415,221419,-1
415,189883,-1
415,206822,-1
415,082477,1
415,163757,-1
415,188699,1
415,117873,1
415,117871,1
415,117979,1
415,118031,1
415,117872,1
415,119333,1
415,230612,1
415,015270,-1
415,117864,1
415,004996,1
415,117882,1
415,119363,1
415,124208,-1
415,124178,-1
415,117998,1
415,118015,1
415,124308,-1
415,124593,-1
415,125721,0
415,174921,1
415,118045,-1
415,119625,-1
415,288560,-1
415,081454,-1
415,005183,-1
415,220853,-1
415,010164,-1
415,121067,-1
415,212925,-1
415,081441,-1
415,081234,-1
415,133498,-1
415,232329,-1
415,198349,-1
415,215743,-1
415,278801,1
415,223716,-1
415,208795,-1
415,108683,1
415,064681,-1
415,278810,1
415,239876,1
415,006736,1
415,119167,-1
415,147345,-1
415,067443,-1
415,267435,-1
415,206319,1
415,130758,1
415,166125,-1
415,116329,-1
415,279237,-1
415,195064,-1
415,188811,1
415,191242,-1
415,217407,-1
415,057982,-1
415,019038,1
415,267103,-1
415,133351,1
415,144625,-1
415,192503,1
415,031645,-1
415,175529,-1
415,277658,-1
415,012101,-1
415,203051,-1
415,122938,-1
415,146417,-1
415,131816,1
415,009507,-1
415,076619,-1
415,130447,1
415,130415,1
415,130435,1
415,269583,1
415,250967,-1
415,289487,-1
415,131782,1
415,131836,1
415,197117,1
415,133063,-1
415,218018,-1
415,100734,1
415,069036,1
415,069049,1
415,052407,-1
415,195885,-1
415,037479,-1
415,116665,-1
415,051154,-1
415,269731,1
415,000471,-1
415,219815,-1
415,100815,1
415,099668,-1
415,002312,-1
415,203653,0
415,029093,1
415,044721,1
415,015689,1
415,191165,-1
415,063581,1
415,258030,-1
415,044716,1
415,265759,1
415,019652,1
415,184949,-1
415,131324,-1
415,197068,-1
415,004219,-1
415,165128,-1
415,097313,-1
415,044008,-1
415,037524,-1
415,065182,-1
415,153270,-1
415,220895,1
415,016222,1
415,008906,1
415,064042,-1
415,042360,-1
415,093568,0
415,212766,-1
415,093348,-1
415,169032,-1
415,200633,-1
415,200458,-1
415,215210,-1
415,011882,-1
415,117836,-1
415,218000,-1
415,121018,-1
415,267107,-1
415,044717,1
415,012379,-1
415,252328,-1
415,044686,-1
415,147476,-1
415,165127,-1
415,281755,-1
415,019701,-1
415,134622,-1
415,110447,-1
415,118319,-1
415,211743,0
415,143745,-1
415,196247,1
415,216974,-1
415,195062,-1
415,003053,-1
415,145660,-1
415,166087,-1
415,041861,-1
415,030688,-1
415,012054,-1
415,265764,-1
415,056627,-1
415,028078,-1
415,241304,-1
415,195999,-1
415,077234,-1
415,151409,-1
415,197903,-1
415,141174,-1
415,201632,-1
415,204343,-1
415,132065,-1
415,174557,-1
415,285245,-1
415,079161,-1
415,138432,-1
415,251044,-1
415,010701,-1
415,159215,-1
415,125226,-1
415,116654,-1
415,080473,-1
415,091544,-1
415,237959,-1
415,090406,0
415,154783,-1
415,288075,1
415,011136,-1
415,186205,1
415,213615,-1
415,286999,-1
415,044801,-1
415,100069,-1
415,190958,1
415,016547,1
415,198212,-1
415,241941,-1
415,153989,1
415,231772,-1
415,032355,-1
415,076301,-1
415,007344,-1
415,268922,1
415,264405,1
415,257435,1
415,118584,-1
415,012196,1
415,273947,0
415,014172,-1
415,158331,0
415,114151,-1
415,145483,-1
415,020770,-1
415,232207,-1
415,141922,-1
415,155368,-1
415,185771,1
415,207186,-1
415,126423,-1
415,262297,-1
415,254153,-1
415,114279,-1
415,013096,-1
415,052576,-1
415,211252,-1
415,208551,-1
415,111016,-1
415,092493,-1
415,260815,1
415,264327,1
415,209252,-1
415,067364,-1
415,170217,-1
415,207764,-1
415,169832,-1
415,069865,-1
415,200767,0
415,029417,-1
415,002756,0
415,155209,-1
415,061966,1
415,174247,1
415,268073,1
415,111418,0
415,149598,-1
415,209904,-1
415,000854,-1
415,149939,1
415,207798,-1
415,191384,1
415,191126,-1
415,089968,-1
415,219655,1
415,109329,-1
415,233506,1
415,100552,-1
415,216979,-1
415,088041,-1
415,205365,1
415,177505,1
415,161705,-1
415,218999,-1
415,146070,-1
415,145743,-1
415,109403,-1
415,208571,1
415,131563,-1
415,185662,-1
415,032994,-1
415,002313,-1
415,075041,-1
415,118296,-1
415,120574,-1
415,197926,-1
415,205950,-1
415,267503,-1
415,208853,-1
415,126087,-1
415,086582,-1
415,075009,-1
415,162962,1
415,136005,-1
415,120715,-1
415,184667,-1
415,201232,-1
415,011850,-1
415,115698,-1
415,285264,-1
415,101900,1
415,289170,-1
415,178627,-1
415,207097,-1
415,164624,-1
415,216542,1
415,033507,-1
415,218975,1
415,229162,-1
415,170365,-1
415,156966,-1
415,083110,-1
415,208339,-1
415,174314,1
415,232831,-1
415,006317,-1
415,000451,-1
415,198476,1
415,176286,-1
415,183286,-1
415,151755,-1
415,228641,1
415,016829,-1
415,043646,1
415,043647,1
415,119361,1
415,122846,1
415,241328,-1
415,201233,-1
415,218720,-1
415,009881,-1
415,264189,1
415,162675,1
415,268321,1
415,219507,1
415,139103,1
415,208182,-1
415,174736,1
415,277654,-1
415,080124,-1
415,009755,1
415,048904,-1
415,079516,-1
415,120878,-1
415,145740,-1
415,061572,-1
415,198605,-1
415,143716,1
415,212850,-1
415,033468,1
415,209969,-1
415,033397,1
415,198670,1
415,214872,-1
415,009443,-1
415,159255,-1
415,089066,-1
415,003999,-1
415,163754,-1
415,019710,-1
415,112707,1
415,243928,-1
415,208356,1
415,017435,-1
415,126292,-1
415,222048,-1
415,265982,1
415,165868,-1
415,165230,-1
415,161804,-1
415,203469,-1
415,277649,-1
415,232536,-1
415,026703,-1
415,267739,-1
415,146933,0
415,278806,1
415,039477,-1
415,015178,-1
415,158177,-1
415,111004,-1
415,286156,-1
415,196941,-1
415,217068,-1
415,012678,-1
415,208739,1
415,127555,-1
415,205523,-1
415,167791,-1
415,207677,-1
415,146315,-1
415,206404,-1
415,260570,1
415,018989,1
415,155881,-1
415,265228,-1
415,155497,-1
415,182861,-1
415,188309,1
415,207110,-1
415,223917,-1
415,022505,-1
415,099683,-1
415,194304,-1
415,131709,-1
415,170743,-1
415,104776,-1
415,185714,1
415,274445,-1
415,069031,-1
415,203410,-1
415,216004,-1
415,148742,-1
415,001046,-1
415,209659,-1
415,284765,-1
415,237631,0
415,213292,-1
415,205648,-1
415,275954,-1
415,052509,-1
415,151135,-1
415,287558,-1
415,276126,-1
415,200189,-1
415,119105,1
415,004828,1
415,004826,1
415,119104,1
415,022269,1
415,242277,-1
415,035485,-1
415,164298,-1
415,157215,-1
415,179150,-1
415,109127,0
415,254829,-1
415,263529,-1
415,094720,-1
415,090277,1
415,090245,1
415,100424,-1
415,161563,-1
415,164296,-1
415,185949,-1
415,001482,1
415,199123,-1
415,124016,-1
415,145408,-1
415,056007,-1
415,232529,-1
415,143620,-1
415,135142,-1
415,121989,-1
415,188484,1
415,188513,1
415,098710,0
415,141498,-1
415,260707,-1
415,148763,1
415,154402,-1
415,099062,-1
415,139139,-1
415,086166,1
415,268983,0
415,218716,-1
415,218839,0
415,231815,0
415,161365,-1
415,067679,-1
415,239786,-1
415,287948,1
415,206716,-1
415,206944,-1
415,040115,-1
415,213536,-1
415,178780,-1
415,208322,1
415,226257,1
415,001478,1
415,237430,1
415,190897,-1
415,003041,1
415,201122,-1
415,127228,0
415,145717,-1
415,219803,1
415,209165,-1
415,016009,-1
415,128414,0
415,117207,-1
415,184918,-1
415,207420,1
415,111551,1
415,269601,-1
415,204082,-1
415,284412,-1
415,189741,-1
415,182930,-1
415,037823,-1
415,270863,1
415,086669,-1
415,001086,-1
415,240280,-1
415,067071,-1
415,187102,1
415,190952,-1
415,217614,-1
415,173105,-1
415,202917,-1
415,209054,-1
415,142088,-1
415,139999,-1
415,140875,-1
415,256675,-1
415,260247,-1
415,131524,-1
415,200975,-1
415,209764,-1
415,255475,1
415,176133,-1
415,127569,-1
415,200270,-1
415,267940,1
415,006717,1
415,123047,-1
415,061515,1
415,266900,1
415,016272,1
415,286139,-1
415,021247,1
415,148573,1
415,071603,-1
415,019745,-1
415,000759,1
415,216387,-1
415,262488,-1
415,219198,-1
415,042317,0
415,025033,-1
415,116727,-1
415,155330,-1
415,198723,0
415,203318,-1
415,176842,-1
415,128096,-1
415,150444,-1
415,093341,-1
415,088884,-1
415,268574,-1
415,125033,0
415,132603,1
415,132750,1
415,141868,-1
415,140872,-1
415,209853,-1
415,041779,1
415,038873,0
415,287677,-1
415,254442,-1
415,002866,0
415,176861,-1
415,206501,-1
415,109295,1
415,128780,1
415,064228,-1
415,135537,-1
415,186392,-1
415,266121,-1
415,129919,-1
415,076500,-1
415,205463,-1
415,192463,-1
415,264466,1
415,093272,-1
415,036043,-1
415,280670,-1
415,213214,1
415,031267,-1
415,044552,-1
415,242984,-1
415,012205,-1
415,086221,1
415,263037,1
415,027014,-1
415,102463,-1
415,276450,-1
415,123435,-1
415,069838,-1
415,101708,-1
415,262493,-1
415,172946,1
415,207016,-1
415,157727,-1
415,208428,0
415,215943,0
415,144079,-1
415,191752,-1
415,085962,-1
415,234383,-1
415,005088,-1
415,067084,-1
415,009142,-1
415,167045,-1
415,205715,-1
415,171063,-1
415,037589,1
415,213483,-1
415,267401,-1
415,218575,1
415,133959,-1
415,065209,-1
415,213460,1
415,169831,-1
415,122504,-1
415,037769,-1
415,067912,1
415,076989,-1
415,197675,1
415,289009,-1
415,001544,-1
415,202228,-1
415,020106,0
415,041026,-1
415,207029,-1
415,129135,-1
415,186122,1
415,103300,-1
415,212776,1
415,254190,-1
415,197627,1
415,118422,-1
415,243187,-1
415,187197,-1
415,197425,-1
415,208312,-1
415,285244,-1
415,117329,-1
415,208954,-1
415,169007,-1
415,202142,-1
415,034099,-1
415,052854,-1
415,259535,-1
415,212677,-1
415,091941,-1
415,132301,-1
415,184273,-1
415,229939,1
415,116474,-1
415,277412,1
415,124337,-1
415,287458,-1
415,268679,-1
415,029455,-1
415,140241,-1
415,069218,-1
415,218900,-1
415,016414,-1
415,237191,-1
415,207430,-1
415,136243,-1
415,176835,1
415,258874,-1
415,187245,1
415,050175,-1
415,218346,1
415,155144,-1
415,015536,-1
415,012878,-1
415,205690,0
415,262316,-1
415,170065,-1
415,043566,-1
415,060879,0
415,271566,-1
415,022620,-1
415,216283,-1
415,119664,1
415,086601,-1
415,000993,1
415,000627,-1
415,000060,-1
415,206823,-1
415,244567,1
415,162316,-1
415,286217,-1
415,242503,-1
415,028157,1
415,209189,-1
415,218217,0
415,203244,-1
415,044002,-1
415,204532,-1
415,200225,-1
415,199158,-1
415,278497,-1
415,065629,1
415,101110,-1
415,009664,-1
415,044780,-1
415,098245,-1
415,133709,1
415,151610,0
415,069290,-1
415,093529,1
415,212807,-1
415,232913,1
415,085082,-1
415,117244,-1
415,092657,1
415,095425,-1
415,262468,-1
415,148107,-1
415,144496,-1
415,251984,1
415,288110,-1
415,204690,-1
415,208193,-1
415,268441,1
415,267179,-1
415,033972,0
415,126875,-1
415,100134,-1
415,210300,1
415,203646,0
415,287756,1
415,258960,-1
415,210741,-1
415,208516,-1
415,029860,1
415,144201,-1
415,239110,-1
415,077407,-1
415,207144,-1
415,193369,-1
415,187522,1
415,268570,-1
415,187518,1
415,259418,-1
415,051153,1
415,034023,-1
415,068707,-1
415,001381,1
415,154045,-1
415,269136,-1
415,211536,-1
415,204622,-1
415,008861,-1
415,206189,0
415,155023,-1
415,018781,-1
415,019260,-1
415,063676,-1
415,217930,0
415,216208,-1
415,132266,-1
415,160411,0
415,070127,-1
415,216603,-1
415,181585,-1
415,096223,-1
415,222502,-1
415,022377,-1
415,089757,1
415,042722,1
415,268093,-1
415,249916,-1
415,270868,1
415,121331,-1
415,044992,-1
415,104009,-1
415,206825,-1
415,108122,-1
415,187526,1
415,093275,-1
415,006382,-1
415,207385,1
415,146522,-1
415,144271,-1
415,289132,1
415,001832,-1
415,141031,-1
415,255476,1
415,043771,-1
415,219437,1
415,206206,-1
415,051595,-1
415,197382,-1
415,114051,-1
415,122724,-1
415,289133,1
415,008684,-1
415,013250,-1
415,210956,-1
415,268187,-1
415,157339,-1
415,227015,1
415,206461,-1
415,287286,1
415,173829,-1
415,269094,-1
415,049272,-1
415,209342,-1
415,095320,-1
415,207786,-1
415,128633,-1
415,278679,-1
415,262532,-1
415,204565,-1
415,262450,-1
415,223162,-1
415,269344,0
415,183684,-1
415,144587,-1
415,205088,-1
415,275266,-1
415,102942,1
415,217319,-1
415,193697,1
415,074835,1
415,069770,1
415,098817,0
415,148248,-1
415,091935,-1
415,027924,1
415,085657,-1
415,151263,-1
415,258360,-1
415,213874,-1
415,183779,1
415,007487,-1
415,204782,-1
415,027568,1
415,031653,1
415,237953,-1
415,285268,-1
415,068137,-1
415,035671,-1
415,198379,-1
415,218941,-1
415,211267,1
415,264023,-1
415,066754,1
415,233387,-1
415,203676,0
415,268588,-1
415,091347,1
415,045953,-1
415,286304,-1
415,091332,1
415,034246,0
415,088893,-1
415,191402,-1
415,149525,1
415,201496,-1
415,289589,1
415,190327,-1
415,019722,-1
415,144980,-1
415,194035,-1
415,043720,-1
415,155369,-1
415,227672,-1
415,288850,-1
415,013577,-1
415,062893,-1
415,206070,-1
415,268247,-1
415,205052,-1
415,208154,1
415,125514,-1
415,219065,-1
415,090730,-1
415,131678,1
415,005995,-1
415,210784,-1
415,124998,-1
415,033718,-1
415,119520,1
415,044891,-1
415,133031,-1
415,039309,-1
415,186107,-1
415,200702,-1
415,069043,-1
415,265663,-1
415,154007,1
415,064878,1
415,187378,1
415,122971,-1
415,187701,1
415,068822,-1
415,120663,1
415,175450,1
415,220894,1
415,214318,-1
415,007068,1
415,137110,-1
415,163536,-1
415,213729,1
415,271118,1
415,217419,-1
415,204421,-1
415,018106,-1
415,176639,-1
415,208500,-1
415,034273,-1
415,089365,1
415,220652,-1
415,028249,-1
415,176430,1
415,207833,-1
415,028851,1
415,176223,1
415,212108,-1
415,145074,1
415,133018,-1
415,287572,-1
415,207006,-1
415,204558,-1
415,045005,-1
415,075317,-1
415,254078,-1
415,277392,-1
415,142716,-1
415,258154,1
415,267190,-1
415,069369,-1
415,188990,1
415,263002,-1
415,155089,-1
415,060076,-1
415,217672,1
415,077371,-1
415,098524,1
415,252705,1
415,252613,1
415,252543,1
415,252675,1
415,252686,1
415,253482,1
415,252616,1
415,251402,1
415,251474,1
415,098537,1
415,102325,-1
415,271477,-1
415,221126,-1
415,143731,-1
415,002867,-1
415,215848,-1
415,002243,-1
415,118951,1
415,016040,-1
415,126665,-1
415,218206,1
415,238560,-1
415,166057,1
415,166058,1
415,212164,-1
415,183542,1
415,155247,-1
415,030370,-1
415,219444,1
415,237540,1
415,262368,-1
415,179138,-1
415,208690,-1
415,039952,-1
415,192498,-1
415,182352,1
415,203726,-1
415,276419,-1
415,219524,0
415,127199,-1
415,025550,1
415,043374,-1
415,159991,-1
415,012418,-1
415,198745,-1
415,155748,-1
415,206118,1
415,159607,1
415,079078,1
415,213953,-1
415,139837,-1
415,227895,1
415,251538,1
415,087032,-1
415,095720,-1
415,214964,-1
415,199949,-1
415,088208,0
415,179616,-1
415,027225,-1
415,098249,-1
415,001213,-1
415,215040,1
415,179558,-1
415,163431,-1
415,224496,-1
415,282106,-1
415,204571,-1
415,202925,-1
415,039409,-1
415,148214,-1
415,184970,1
415,069862,-1
415,193970,-1
415,206505,-1
415,231366,-1
415,213445,-1
415,089172,-1
415,202062,-1
415,176332,-1
415,134255,-1
415,278417,-1
415,041658,1
415,215305,-1
415,076618,-1
415,103035,-1
415,203801,1
415,143866,-1
415,001032,-1
415,232190,-1
415,187727,-1
415,102542,-1
415,044756,-1
415,181523,-1
415,222704,1
415,241823,-1
415,171566,-1
415,035984,1
415,029392,-1
415,195200,1
415,137084,-1
415,204578,-1
415,209936,-1
415,173512,-1
415,225169,-1
415,214717,-1
415,270773,-1
415,205444,-1
415,041716,-1
415,026995,-1
415,190161,1
415,148513,0
415,212642,-1
415,198508,-1
415,081133,1
415,203531,-1
415,277680,-1
415,168668,-1
415,131374,-1
415,207493,-1
415,111698,-1
415,214209,1
415,125525,-1
415,256891,-1
415,147484,-1
415,097749,-1
415,183567,-1
415,142035,-1
415,149885,-1
415,186403,-1
415,092135,1
415,089065,1
415,036926,-1
415,197575,1
415,225961,1
415,110102,-1
415,091789,1
415,094180,-1
415,190601,1
415,093503,1
415,283996,-1
415,188392,1
415,161840,-1
415,235759,-1
415,140311,-1
415,098862,1
415,195510,-1
415,125616,-1
415,156638,-1
415,084171,-1
415,226894,-1
415,189679,-1
415,013224,-1
415,024430,-1
415,288776,-1
415,100323,-1
415,208266,-1
415,169242,0
415,177041,-1
415,244652,-1
415,229137,-1
415,036956,-1
415,154986,-1
415,192699,1
415,118765,-1
415,040481,-1
415,204488,-1
415,064926,1
415,216238,-1
415,002963,-1
415,279547,1
415,126542,-1
415,199886,-1
415,208259,-1
415,151022,-1
415,125691,-1
415,075237,1
415,207205,1
415,193947,-1
415,208406,-1
415,275314,-1
415,287456,-1
415,077326,-1
415,152549,0
415,173378,-1
415,092368,1
415,111949,-1
415,224457,-1
415,216927,-1
415,102415,1
415,217015,-1
415,002050,-1
415,209568,1
415,069242,1
415,163830,1
415,109379,-1
415,218016,1
415,205739,-1
415,159565,-1
415,217719,0
415,274526,-1
415,092155,1
415,008721,-1
415,097037,-1
415,222520,-1
415,065569,1
415,161861,-1
415,076948,1
415,006566,-1
415,216110,-1
415,098844,-1
415,152118,-1
415,013170,-1
415,063097,-1
415,258526,-1
415,203764,0
415,224465,-1
415,183812,-1
415,143286,-1
415,097615,0
415,090362,1
415,089665,1
415,264959,-1
415,143638,-1
415,099018,1
415,052853,-1
415,206967,-1
415,129048,-1
415,133669,-1
415,017537,1
415,218425,-1
415,075844,-1
415,218102,-1
415,170863,-1
415,243884,-1
415,048871,1
415,196378,-1
415,201585,1
415,120703,-1
415,108316,-1
415,085980,-1
415,236977,-1
415,024026,-1
415,196500,1
415,231611,-1
415,154330,-1
415,177160,-1
415,210837,-1
415,077309,-1
415,218194,-1
415,012121,-1
415,183117,-1
415,195472,1
415,275936,-1
415,164098,-1
415,217329,-1
415,280915,-1
415,021140,-1
415,062569,-1
415,183062,1
415,150634,-1
415,207577,1
415,177282,1
415,008904,-1
415,279184,1
415,284155,-1
415,201343,-1
415,263334,-1
415,010577,-1
415,272488,-1
415,214459,-1
415,117097,-1
415,205520,-1
415,033572,-1
415,235256,-1
415,123352,-1
415,212550,-1
415,048689,-1
415,202186,-1
415,174611,-1
415,217453,-1
415,093378,1
415,095583,-1
415,191826,-1
415,202532,-1
415,016269,-1
415,050573,-1
415,077866,-1
415,287500,-1
415,104475,-1
415,196645,0
415,139220,-1
415,216261,1
415,231724,-1
415,205450,-1
415,098978,-1
415,217795,-1
415,091041,1
415,155292,-1
415,273272,-1
415,210765,-1
415,200678,-1
415,190904,-1
415,019380,-1
415,001998,-1
415,018125,-1
415,205936,-1
415,164299,-1
415,272485,-1
415,177947,0
415,070135,1
415,103308,1
415,214961,1
415,148041,-1
415,238674,-1
415,217402,-1
415,207851,-1
415,183903,-1
415,230168,-1
415,070134,1
415,234400,-1
415,046493,-1
415,271042,1
415,025212,-1
415,214141,-1
415,139870,-1
415,214186,-1
415,091677,1
415,194130,-1
415,205639,-1
415,141199,-1
415,103307,1
415,042286,-1
415,204402,-1
415,254192,-1
415,229108,-1
415,269391,-1
415,217642,-1
415,208750,1
415,006957,-1
415,286998,-1
415,029956,1
415,178103,-1
415,207852,-1
415,237426,-1
415,131354,0
415,030862,-1
415,067449,-1
415,158042,-1
415,149575,-1
415,203665,-1
415,264979,-1
415,102391,-1
415,189673,-1
415,206045,-1
415,115122,-1
415,118316,-1
415,088180,1
415,212350,-1
415,210344,-1
415,127717,-1
415,286897,1
415,286900,1
415,268195,1
415,189342,-1
415,172794,-1
415,207913,1
415,016851,-1
415,127991,-1
415,210403,-1
415,070722,0
415,067127,-1
415,210285,-1
415,203724,-1
415,070836,-1
415,138009,-1
415,024465,-1
415,168920,-1
415,087012,-1
415,221196,-1
415,252431,-1
415,237580,-1
415,216187,1
415,154327,-1
415,219932,-1
415,219832,-1
415,034772,-1
415,218337,1
415,290067,-1
415,202398,-1
415,201923,-1
415,204116,1
415,195065,-1
415,202534,1
415,208503,-1
415,092373,-1
415,124577,-1
415,267766,1
415,214242,-1
415,231701,-1
415,029399,-1
415,092681,0
415,030991,-1
415,175541,-1
415,071302,-1
415,213563,0
415,031269,-1
415,206565,-1
415,286745,-1
415,062877,-1
415,221105,-1
415,140592,0
415,234652,-1
415,058545,-1
415,126122,-1
415,131169,-1
415,022768,-1
415,215871,-1
415,267546,-1
415,125643,-1
415,241946,-1
415,098620,-1
415,017953,-1
415,090335,-1
415,196535,-1
415,011981,1
415,208553,-1
415,067183,-1
415,011907,0
415,091828,1
415,004216,-1
415,252909,-1
415,133883,-1
415,207648,-1
415,091834,-1
415,221132,-1
415,217341,-1
415,010190,-1
415,216421,-1
415,212798,1
415,094541,-1
415,015136,-1
415,067587,-1
415,204007,-1
415,018951,-1
415,203291,1
415,280164,0
415,199292,-1
415,206278,-1
415,031099,-1
415,229102,-1
415,279819,-1
415,114330,-1
415,110381,-1
415,169218,-1
415,277145,-1
415,187897,1
415,217883,-1
415,216099,1
415,223193,1
415,206591,1
415,265311,-1
415,217218,-1
415,204604,-1
415,257892,-1
415,202347,-1
415,198680,-1
415,036752,-1
415,218100,-1
415,207113,-1
415,028611,-1
415,208079,-1
415,209716,-1
415,122227,-1
415,101971,-1
415,271269,-1
415,098928,-1
415,089113,1
415,213748,-1
415,143337,-1
415,209552,1
415,029128,-1
415,187737,-1
415,191129,-1
415,187993,1
415,091086,-1
415,216982,-1
415,161502,-1
415,114566,-1
415,210587,-1
415,083417,1
415,083356,1
415,016958,-1
415,030510,-1
415,010784,-1
415,208270,-1
415,016997,1
415,285332,-1
415,204979,-1
415,203978,-1
415,270907,-1
415,017413,-1
415,259753,1
415,179569,-1
415,265567,-1
415,015780,1
415,233863,-1
415,137526,1
415,132804,-1
415,282021,-1
415,253657,1
415,206662,1
415,045196,-1
415,065530,0
415,206723,1
415,206260,-1
415,189616,1
415,001908,-1
415,206073,-1
415,182925,-1
415,208469,-1
415,103038,-1
415,288247,-1
415,014871,-1
415,169484,1
415,214857,-1
415,135293,-1
415,038409,-1
415,102199,1
415,029718,0
415,146988,-1
415,040071,1
415,204727,-1
415,145677,-1
415,264494,-1
415,128211,-1
415,043151,1
415,068926,-1
415,036136,-1
415,210037,1
415,206365,1
415,155577,-1
415,243665,-1
415,128064,-1
415,238525,-1
415,198585,-1
415,004203,1
415,206551,-1
415,119354,-1
415,258776,-1
415,235849,-1
415,120554,-1
415,159142,-1
415,018422,1
415,218638,-1
415,127643,-1
415,192868,-1
415,003239,-1
415,116955,-1
415,029681,-1
415,175601,-1
415,200904,-1
415,070841,-1
415,214911,-1
415,188249,-1
415,207636,1
415,210360,-1
415,208872,1
415,215180,-1
415,274612,-1
415,190358,1
415,158798,-1
415,061715,-1
415,262678,-1
415,209519,1
415,218028,-1
415,228406,-1
415,226127,-1
415,199047,-1
415,135628,-1
415,280096,-1
415,218837,-1
415,269605,-1
415,226792,-1
415,036142,-1
415,187734,-1
415,196540,-1
415,065715,1
415,212936,-1
415,217872,-1
415,243185,-1
415,156112,-1
415,162936,-1
415,216268,-1
415,203312,-1
415,017139,-1
415,206277,1
415,104014,-1
415,208483,1
415,064600,-1
415,209957,-1
415,101298,-1
415,126425,-1
415,223873,1
415,096242,-1
415,202273,-1
415,208881,-1
415,037940,-1
415,064236,-1
415,286626,1
415,126782,-1
415,006481,1
415,010948,-1
415,012369,-1
415,206047,-1
415,212606,1
415,155260,-1
415,286633,1
415,232823,-1
415,250680,-1
415,163453,-1
415,223143,-1
415,016031,1
415,100303,-1
415,182883,-1
415,211307,-1
415,126416,1
415,155058,-1
415,146642,1
415,206441,-1
415,238826,-1
415,207702,-1
415,091667,0
415,068895,-1
415,209315,-1
415,206504,-1
415,036212,-1
415,040962,1
415,259037,-1
415,069842,-1
415,100793,-1
415,065907,1
415,220884,-1
415,268303,-1
415,261548,1
415,059130,-1
415,010815,-1
415,212745,-1
415,146470,-1
415,206420,-1
415,266494,-1
415,015526,-1
415,124653,-1
415,076174,1
415,191731,1
415,081459,1
415,208674,-1
415,036372,-1
415,014554,-1
415,226913,-1
415,151630,-1
415,012025,-1
415,178000,-1
415,284833,-1
415,187755,-1
415,197695,-1
415,113210,-1
415,289382,1
415,254526,-1
415,152727,1
415,079340,-1
415,137817,1
415,139923,1
415,067932,-1
415,210431,-1
415,153404,1
415,206213,-1
415,263956,1
415,092096,-1
415,173276,1
415,016514,-1
415,042413,1
415,042664,-1
415,080465,1
415,137015,-1
415,216504,-1
415,219346,0
415,013809,-1
415,051241,1
415,029150,-1
415,065489,1
415,178620,1
415,213645,-1
415,205756,-1
415,191787,1
415,188641,1
415,194733,-1
415,203401,-1
415,068621,-1
415,026902,-1
415,088308,1
415,148415,-1
415,091267,1
415,183020,-1
415,215713,-1
415,110574,-1
415,090960,-1
415,138428,-1
415,155659,-1
415,163672,-1
415,204986,-1
415,218054,0
415,191214,1
415,138408,-1
415,155375,-1
415,187285,1
415,195184,0
415,100741,0
415,123149,-1
415,013732,-1
415,208118,1
415,155438,-1
415,062966,-1
415,204348,-1
415,091204,1
415,115644,-1
415,000950,1
415,113349,1
415,256910,-1
415,143485,-1
415,203940,-1
415,265138,-1
415,204182,-1
415,109308,-1
415,140424,-1
415,236242,1
415,100864,1
415,079475,-1
415,157529,-1
415,077691,-1
415,080488,-1
415,017040,-1
415,075630,-1
415,029290,1
415,101530,-1
415,238305,-1
415,273860,1
415,189961,-1
415,235159,-1
415,118168,-1
415,188640,1
415,010134,-1
415,093252,1
415,212894,-1
415,242484,-1
415,286425,-1
415,287508,-1
415,135961,-1
415,179807,-1
415,243792,-1
415,217962,-1
415,051458,-1
415,016496,-1
415,067122,-1
415,200410,1
415,034200,-1
415,217007,-1
415,061309,1
415,189500,-1
415,187064,-1
415,241391,-1
415,206332,1
415,195398,-1
415,279534,-1
415,207652,-1
415,205562,-1
415,044520,-1
415,217938,-1
415,024265,-1
415,127847,-1
415,164940,-1
415,226462,-1
415,019105,-1
415,194837,-1
415,183185,-1
415,207890,1
415,250297,-1
415,091854,1
415,126925,-1
415,208242,-1
415,039451,-1
415,242258,-1
415,059530,-1
415,077260,-1
415,126303,-1
415,191734,-1
415,238057,-1
415,091235,-1
415,089686,1
415,100935,1
415,268597,-1
415,187679,1
415,167125,-1
415,211817,0
415,077452,-1
415,109387,1
415,131549,-1
415,127675,-1
415,289513,-1
415,100115,-1
415,152990,-1
415,218655,-1
415,211048,-1
415,213087,-1
415,259347,-1
415,104818,1
415,071645,1
415,237633,-1
415,203626,-1
415,066033,-1
415,262521,-1
415,184530,-1
415,121334,-1
415,001448,1
415,258191,-1
415,155367,-1
415,179334,0
415,278689,-1
415,157494,-1
415,197752,-1
415,262283,-1
415,012267,-1
415,147454,1
415,028165,1
415,186009,1
415,173914,-1
415,262248,-1
415,240485,-1
415,099941,-1
415,088867,1
415,214456,-1
415,035008,-1
415,203811,-1
415,214048,-1
415,264141,-1
415,163755,-1
415,207090,1
415,179757,1
415,091431,1
415,135113,-1
415,267630,-1
415,210477,-1
415,209036,-1
415,107864,-1
415,205845,1
415,283815,-1
415,175600,-1
415,206417,1
415,101199,-1
415,193654,-1
415,062187,-1
415,134245,-1
415,205139,-1
415,087252,-1
415,117834,-1
415,153453,0
415,000428,-1
415,065682,-1
415,209416,-1
415,236460,-1
415,122501,-1
415,086797,-1
415,085164,1
415,281212,-1
415,185612,-1
415,015221,-1
415,244838,-1
415,191689,1
415,156770,-1
415,233110,1
415,205497,-1
415,208488,-1
415,203282,-1
415,148451,-1
415,077578,1
415,143182,1
415,136825,-1
415,154146,-1
415,215398,-1
415,218071,1
415,150706,-1
415,206267,-1
415,037170,1
415,042462,-1
415,179289,-1
415,143165,-1
415,257533,1
415,155565,-1
415,205406,-1
415,143131,-1
415,263157,-1
415,095306,-1
415,069389,-1
415,074898,-1
415,162450,-1
415,044163,-1
415,194041,-1
415,115180,-1
415,004281,-1
415,000270,-1
415,218956,-1
415,279038,-1
415,201611,-1
415,209673,1
415,051460,-1
415,042351,-1
415,184211,-1
415,210594,1
415,229124,-1
415,286157,-1
415,282840,1
415,215959,0
415,188516,1
415,036682,-1
415,101739,1
415,206974,-1
415,254963,-1
415,040141,1
415,208243,-1
415,218962,-1
415,090644,-1
415,094330,-1
415,185480,-1
415,156400,1
415,218835,-1
415,111958,-1
415,208838,-1
415,283453,-1
415,217932,-1
415,209257,1
415,036761,-1
415,089678,-1
415,200487,-1
415,212239,1
415,268449,-1
415,027836,1
415,062576,-1
415,238821,-1
415,162228,-1
415,194246,-1
415,001173,-1
415,172215,1
415,218883,0
415,093524,-1
415,215153,-1
415,035879,-1
415,124388,-1
415,208938,-1
415,132515,-1
415,211646,1
415,200672,1
415,203837,-1
415,217846,1
415,089058,0
415,027923,-1
415,027601,-1
415,045245,-1
415,214006,-1
415,089033,-1
415,207192,-1
415,027327,1
415,079418,-1
415,218609,-1
415,263327,-1
415,217160,-1
415,206112,-1
415,217124,-1
415,165032,-1
415,027274,-1
415,121052,-1
415,130908,-1
415,148098,-1
415,146742,0
415,151782,-1
415,166091,-1
415,091129,1
415,159721,-1
415,141995,1
415,211442,1
415,222644,-1
415,078064,-1
415,011256,-1
415,001136,-1
415,181185,-1
415,183195,1
415,212938,-1
415,202026,-1
415,216259,-1
415,187831,1
415,189321,-1
415,163733,-1
415,155105,-1
415,001566,1
415,059193,-1
415,259679,-1
415,030844,-1
415,287000,-1
415,275443,-1
415,283137,-1
415,197050,-1
415,218526,-1
415,207229,1
415,102888,1
415,075088,-1
415,069715,1
415,215744,-1
415,043187,-1
415,203403,-1
415,204681,-1
415,215911,1
415,211046,-1
415,195198,-1
415,052196,-1
415,054367,-1
415,046206,1
415,206750,-1
415,200502,-1
415,091064,-1
415,002542,-1
415,142996,-1
415,114931,-1
415,007090,-1
415,014086,-1
415,033736,-1
415,062567,-1
415,160782,-1
415,228750,-1
415,089898,-1
415,037050,-1
415,069147,-1
415,197491,-1
415,136943,-1
415,200843,-1
415,062577,-1
415,156645,-1
415,289472,-1
415,177470,1
415,215124,-1
415,265375,-1
415,021478,-1
415,099007,1
415,179225,-1
415,222577,-1
415,019806,-1
415,085600,1
415,140099,-1
415,044644,-1
415,033796,-1
415,236505,-1
415,141055,-1
415,214620,-1
415,077258,-1
415,184013,1
415,043906,-1
415,194165,1
415,258592,-1
415,010901,-1
415,228995,-1
415,214349,-1
415,069029,-1
415,190949,-1
415,082492,-1
415,112403,-1
415,178053,1
415,042520,1
415,130261,-1
415,282936,1
415,203924,-1
415,220963,1
415,129142,-1
415,222519,-1
415,150711,-1
415,103895,0
415,265020,-1
415,190293,-1
415,021863,-1
415,267327,-1
415,038928,-1
415,170095,-1
415,127106,-1
415,153463,-1
415,011993,-1
415,016665,-1
415,258578,-1
415,154139,-1
415,216694,1
415,213269,1
415,209636,-1
415,153914,-1
415,188521,-1
415,203235,-1
415,116574,-1
415,072245,-1
415,000662,-1
415,189107,1
415,021963,-1
415,052556,0
415,271262,-1
415,081435,-1
415,279491,-1
415,160618,-1
415,130961,-1
415,062807,-1
415,266078,-1
415,022886,-1
415,130441,-1
415,001397,1
415,159927,-1
415,081098,-1
415,264293,1
415,183478,-1
415,213977,-1
415,059211,-1
415,209982,0
415,041666,1
415,097975,-1
415,204107,-1
415,110484,-1
415,124050,-1
415,289038,-1
415,207972,-1
415,159285,-1
415,255437,-1
415,026890,-1
415,203855,-1
415,092958,-1
415,240921,1
415,135124,-1
415,020577,-1
415,109137,-1
415,129814,-1
415,088344,-1
415,162693,-1
415,207703,-1
415,208294,-1
415,108402,1
415,113062,-1
415,185738,-1
415,212964,-1
415,006727,-1
415,204033,-1
415,163898,-1
415,149013,1
415,197761,-1
415,058181,-1
415,037859,-1
415,218015,-1
415,115442,-1
415,222253,-1
415,148364,-1
415,222142,-1
415,123895,1
415,136803,-1
415,206197,-1
415,207721,-1
415,109674,-1
415,102320,-1
415,036193,-1
415,283813,-1
415,151321,-1
415,219164,-1
415,185062,-1
415,218937,-1
415,186563,-1
415,216296,-1
415,057766,-1
415,199847,-1
415,036865,-1
415,017533,1
415,139882,-1
415,200082,-1
415,160781,-1
415,151384,-1
415,216745,1
415,092302,-1
415,155085,-1
415,000877,-1
415,270864,1
415,040908,-1
415,173657,-1
415,208736,-1
415,212231,-1
415,176435,-1
415,203437,0
415,226895,-1
415,115801,-1
415,179101,1
415,270869,1
415,139241,-1
415,287716,-1
415,154934,-1
415,203091,-1
415,062570,-1
415,217079,-1
415,215818,-1
415,093655,-1
415,254118,-1
415,118398,-1
415,215221,-1
415,118127,-1
415,191804,-1
415,191798,1
415,204351,-1
415,152717,-1
415,132926,1
415,148027,-1
415,092503,1
415,124989,-1
415,204136,-1
415,141157,-1
415,100389,-1
415,099680,-1
415,069171,-1
415,151354,-1
415,139137,-1
415,087705,1
415,251187,-1
415,265360,-1
415,204180,-1
415,141815,0
415,067421,1
415,163670,-1
415,032919,-1
415,155020,-1
415,141504,1
415,161723,1
415,159603,-1
415,191114,1
415,099857,-1
415,087859,1
415,213987,-1
415,216494,-1
415,091578,1
415,223277,1
415,250760,-1
415,208519,1
415,158167,-1
415,166092,-1
415,229441,-1
415,100915,-1
415,138226,-1
415,253731,1
415,123112,-1
415,239710,-1
415,155433,-1
415,143935,-1
415,261028,-1
415,050477,-1
415,136970,-1
415,225359,1
415,105418,-1
415,214862,-1
415,034535,-1
415,167927,-1
415,005462,1
415,203568,-1
415,060431,1
415,089681,-1
415,183035,1
415,208394,-1
415,179133,-1
415,238796,-1
415,091201,1
415,208562,1
415,183372,-1
415,052245,-1
415,002887,1
415,156550,-1
415,280786,-1
415,109061,1
415,046252,-1
415,201017,-1
415,135137,1
415,215895,1
415,215992,1
415,155346,-1
415,212480,1
415,169172,1
415,137176,-1
415,191712,0
415,176922,-1
415,202195,-1
415,204066,-1
415,219059,-1
415,258491,-1
415,082282,-1
415,289698,-1
415,213016,-1
415,136928,-1
415,211145,-1
415,164371,-1
415,184409,1
415,176043,-1
415,154898,-1
415,077847,-1
415,099006,1
415,031446,-1
415,167069,0
415,093159,1
415,222766,0
415,077646,-1
415,078245,1
415,207445,-1
415,085353,-1
415,140452,-1
415,204978,-1
415,185725,1
415,013863,-1
415,030816,-1
415,126258,-1
415,251728,1
415,239931,1
415,092068,-1
415,045433,-1
415,205607,-1
415,208185,-1
415,200947,1
415,205141,1
415,039119,-1
415,042581,1
415,018882,-1
415,185750,1
415,240363,-1
415,156639,-1
415,231000,-1
415,013875,-1
415,203146,-1
415,214624,-1
415,155063,-1
415,022209,-1
415,205225,-1
415,005709,-1
415,207452,-1
415,254375,1
415,132022,-1
415,190537,-1
415,206617,1
415,286815,-1
415,122038,-1
415,240015,1
415,217034,-1
415,090398,-1
415,120555,-1
415,164561,1
415,151884,-1
415,222585,-1
415,130540,-1
415,206104,-1
415,213407,-1
415,126942,-1
415,270662,-1
415,216157,-1
415,012318,-1
415,210272,-1
415,064175,-1
415,207431,0
415,120468,-1
415,215737,-1
415,205805,-1
415,216852,-1
415,131788,1
415,215753,-1
415,217286,-1
415,154864,-1
415,137955,-1
415,236746,-1
415,169145,-1
415,120330,-1
415,001273,-1
415,177070,-1
415,140540,-1
415,041206,-1
415,003056,-1
415,148352,-1
415,145861,-1
415,007282,-1
415,093205,-1
415,206897,0
415,044834,-1
415,218330,-1
415,199180,-1
415,236539,-1
415,158818,-1
415,187748,-1
415,223842,-1
415,001465,-1
415,064614,-1
415,207843,-1
415,215403,-1
415,037112,1
415,116953,-1
415,210929,-1
415,000074,-1
415,108487,-1
415,131681,-1
415,001835,-1
415,156420,1
415,058808,-1
415,126963,-1
415,217501,0
415,091194,-1
415,045149,-1
415,185733,-1
415,230412,-1
415,025983,1
415,203366,1
415,180396,-1
415,196946,-1
415,217110,1
415,204432,-1
415,264509,-1
415,227415,-1
415,060768,1
415,085919,-1
415,181113,-1
415,100176,-1
415,182147,-1
415,044455,-1
415,013889,1
415,069769,1
415,218277,-1
415,102562,-1
415,140315,-1
415,000094,-1
415,126792,-1
415,208935,1
415,102943,1
415,183524,-1
415,284811,-1
415,064777,1
415,120026,-1
415,076592,0
415,205880,-1
415,115654,-1
415,155425,-1
415,032473,1
415,217475,-1
415,070727,-1
415,208713,-1
415,042561,0
415,012028,-1
415,236165,-1
415,215051,-1
415,217835,-1
415,270174,-1
415,209962,1
415,229260,1
415,229243,1
415,102536,-1
415,093379,1
415,177719,-1
415,016634,-1
415,069363,-1
415,161313,-1
415,212880,1
415,098633,-1
415,121255,-1
415,196194,-1
415,171316,-1
415,000204,-1
415,087205,-1
415,177702,-1
415,150637,-1
415,204927,-1
415,103630,-1
415,117715,-1
415,268609,-1
415,013971,-1
415,013540,-1
415,207916,1
415,092187,-1
415,203390,1
415,200998,-1
415,171213,1
415,210369,-1
415,283136,-1
415,215874,0
415,156827,-1
415,019716,-1
415,163726,-1
415,229227,-1
415,204067,-1
415,214898,-1
415,205240,1
415,287980,-1
415,215526,1
415,231405,-1
415,085903,-1
415,091814,1
415,214805,0
415,275997,-1
415,126534,-1
415,151171,-1
415,090325,1
415,216832,-1
415,212227,-1
415,112818,1
415,234988,-1
415,207870,1
415,204812,-1
415,102906,-1
415,005533,-1
415,196646,-1
415,203544,-1
415,260399,-1
415,120024,-1
415,098729,-1
415,029344,0
415,208454,-1
415,256829,1
415,045999,0
415,028553,-1
415,254441,-1
415,142662,-1
415,209094,-1
415,217536,-1
415,178088,-1
415,257868,-1
415,078776,-1
415,150686,-1
415,038244,-1
415,039829,1
415,155559,-1
415,132212,-1
415,117027,-1
415,124022,-1
415,280062,-1
415,012594,1
415,202859,-1
415,176920,-1
415,168893,0
415,100335,-1
415,215114,1
415,089508,-1
415,210816,-1
415,205003,-1
415,218399,1
415,010135,1
415,147222,-1
415,124390,-1
415,016079,-1
415,206383,-1
415,271284,-1
415,213734,1
415,137146,-1
415,217519,-1
415,148512,-1
415,279253,-1
415,203749,-1
415,219996,-1
415,151463,-1
415,267267,-1
415,161899,-1
415,029233,-1
415,011995,1
415,140396,-1
415,175945,-1
415,219877,1
415,117778,-1
415,271411,-1
415,151499,-1
415,044278,-1
415,103900,-1
415,151283,-1
415,098562,-1
415,156586,-1
415,013570,1
415,090538,-1
415,133196,-1
415,242678,-1
415,030828,-1
415,180750,1
415,201991,-1
415,210627,-1
415,119848,-1
415,034907,-1
415,054555,1
415,079739,-1
415,091856,-1
415,215869,-1
415,203713,-1
415,132208,-1
415,206110,-1
415,134421,-1
415,058742,-1
415,010129,1
415,035394,-1
415,098529,-1
415,121890,-1
415,018831,-1
415,208874,-1
415,017205,-1
415,030766,-1
415,269415,0
415,209221,-1
415,134732,-1
415,203542,-1
415,233899,-1
415,175961,-1
415,040599,1
415,091729,-1
415,168304,-1
415,142668,-1
415,153099,-1
415,214599,-1
415,081921,-1
415,146059,-1
415,000826,-1
415,142231,-1
415,265314,-1
415,208221,-1
415,027090,-1
415,006797,-1
415,161003,-1
415,150212,-1
415,208273,1
415,214342,-1
415,156275,-1
415,217418,1
415,158823,-1
415,034780,-1
415,118739,-1
415,097940,-1
415,218199,1
415,213211,-1
415,234045,-1
415,110887,-1
415,218515,1
415,111639,-1
415,205041,-1
415,160024,-1
415,132779,-1
415,280172,0
415,214595,-1
415,140197,-1
415,215887,1
415,054209,-1
415,010098,-1
415,123993,-1
415,148842,-1
415,176040,-1
415,240491,-1
415,011135,-1
415,204346,1
415,044730,1
415,233949,-1
415,158406,-1
415,202027,-1
415,168942,-1
415,019122,-1
415,218275,-1
415,125653,-1
415,262329,-1
415,016455,-1
415,203463,-1
415,204051,1
415,151783,-1
415,215981,1
415,137317,-1
415,044511,-1
415,208811,1
415,125935,-1
415,027381,-1
415,076289,-1
415,001289,-1
415,203278,0
415,178610,-1
415,024532,1
415,203256,-1
415,216517,-1
415,024522,1
415,172851,-1
415,024521,1
415,204276,-1
415,197564,-1
415,171510,-1
415,212978,-1
415,256978,-1
415,177509,-1
415,206329,-1
415,205232,-1
415,208039,-1
415,277887,-1
415,109051,1
415,131250,-1
415,158052,-1
415,173279,1
415,060880,-1
415,169466,-1
415,205747,1
415,237766,1
415,236696,-1
415,237568,1
415,237694,1
415,243922,-1
415,164481,-1
415,256520,1
415,237543,1
415,240358,-1
415,066931,1
415,078797,-1
415,202928,-1
415,203931,-1
415,213581,-1
415,244738,-1
415,263255,1
415,217440,1
415,085891,-1
415,173341,-1
415,041903,1
415,207002,-1
415,244741,-1
415,215902,-1
415,186117,-1
415,037730,1
415,151293,-1
415,000849,-1
415,224197,-1
415,225688,-1
415,212308,-1
415,119448,-1
415,179321,-1
415,158375,-1
415,091508,1
415,143466,-1
415,148232,-1
415,212800,-1
415,177952,-1
415,151434,-1
415,005079,-1
415,209167,-1
415,229337,-1
415,014157,-1
415,007591,-1
415,182386,1
415,025370,1
415,262083,-1
415,052443,-1
415,255411,-1
415,145770,-1
415,206905,1
415,212440,-1
415,210127,-1
415,161234,-1
415,021456,-1
415,218952,0
415,216340,0
415,210490,-1
415,208072,1
415,155268,-1
415,170293,1
415,028605,-1
415,218976,-1
415,109546,-1
415,207262,-1
415,140327,-1
415,214935,-1
415,205621,-1
415,081856,-1
415,041713,-1
415,025391,1
415,202214,-1
415,107621,-1
415,014100,-1
415,009620,-1
415,052740,1
415,210596,-1
415,064092,-1
415,178087,-1
415,078872,1
415,206880,-1
415,206496,-1
415,127296,-1
415,156585,-1
415,126750,-1
415,209763,1
415,205118,1
415,014099,-1
415,287907,-1
415,090744,-1
415,265771,1
415,113959,-1
415,208001,1
415,207917,1
415,244750,-1
415,271035,-1
415,085700,1
415,263769,-1
415,112893,-1
415,208003,1
415,209264,1
415,219327,-1
415,153516,-1
415,124511,1
415,142885,-1
415,069247,-1
415,256755,-1
415,207234,-1
415,069051,-1
415,206311,0
415,019714,-1
415,205322,1
415,211034,-1
415,066507,1
415,205650,1
415,271276,-1
415,212540,-1
415,132824,-1
415,126656,-1
415,009487,-1
415,216496,-1
415,206250,-1
415,214196,1
415,115695,-1
415,205794,-1
415,109322,-1
415,126928,1
415,064668,1
415,064616,-1
415,218784,-1
415,079774,-1
415,250588,-1
415,052417,-1
415,021454,-1
415,240860,-1
415,258603,-1
415,272940,-1
415,083458,1
415,205556,-1
415,161569,-1
415,183909,-1
415,206666,-1
415,144875,-1
415,216162,1
415,217801,-1
415,156797,-1
415,164655,-1
415,100074,0
415,048541,1
415,048994,0
415,258567,-1
415,065818,1
415,115230,-1
415,283735,-1
415,076048,-1
415,204011,1
415,069734,-1
415,083448,1
415,033836,-1
415,085928,-1
415,272299,-1
415,023706,-1
415,205117,1
415,180804,1
415,242126,-1
415,074448,-1
415,219018,-1
415,041627,-1
415,066165,-1
415,084966,-1
415,061600,-1
415,145034,1
415,152470,-1
415,152873,-1
415,238039,-1
415,158345,1
415,167651,1
415,103977,1
415,213682,-1
415,207983,-1
415,070804,1
415,210275,-1
415,167420,1
415,263094,-1
415,115820,-1
415,091642,-1
415,176449,1
415,262300,-1
415,208692,1
415,093509,-1
415,158797,-1
415,226203,-1
415,212541,-1
415,014470,-1
415,243815,-1
415,262254,-1
415,191972,1
415,153143,-1
415,205560,1
415,090430,-1
415,277147,-1
415,208246,-1
415,218215,-1
415,161756,1
415,001630,-1
415,123959,1
415,081647,-1
415,132862,-1
415,217574,1
415,076403,-1
415,203615,-1
415,044757,-1
415,163379,-1
415,257476,1
415,288777,-1
415,245007,-1
415,142669,-1
415,112378,-1
415,201281,-1
415,132352,-1
415,209546,-1
415,012628,-1
415,209271,1
415,205144,-1
415,069616,-1
415,213718,-1
415,155432,-1
415,173578,-1
415,079251,-1
415,288018,-1
415,209340,1
415,008133,1
415,103192,-1
415,163313,-1
415,207050,-1
415,216003,-1
415,154983,-1
415,217823,1
415,279077,-1
415,090268,-1
415,203246,-1
415,040278,-1
415,108920,1
415,198448,0
415,111587,-1
415,258175,0
415,207914,-1
415,288466,-1
415,092833,-1
415,014151,-1
415,112461,-1
415,020913,-1
415,209101,-1
415,209939,1
415,105427,-1
415,005116,-1
415,114327,-1
415,124757,-1
415,153859,1
415,203663,1
415,007837,-1
415,234005,-1
415,123667,-1
415,209937,1
415,025649,1
415,169596,-1
415,207969,-1
415,207124,-1
415,258516,-1
415,208319,-1
415,001680,-1
415,155016,-1
415,212770,-1
415,266466,-1
415,207942,1
415,204463,-1
415,207946,0
415,116671,-1
415,204207,1
415,068195,-1
415,125747,-1
415,206078,0
415,126874,-1
415,121577,-1
415,207781,-1
415,130542,0
415,139114,1
415,210168,-1
415,136531,-1
415,018425,-1
415,166028,1
415,146763,-1
415,232351,-1
415,177200,-1
415,204632,-1
415,210720,-1
415,210537,-1
415,167656,1
415,140594,-1
415,210557,-1
415,218818,-1
415,239922,-1
415,124265,1
415,177424,-1
415,283788,-1
415,005340,-1
415,089889,-1
415,208466,-1
415,178312,-1
415,209990,-1
415,044954,-1
415,200981,-1
415,156513,1
415,128324,0
415,024212,-1
415,024194,-1
415,227075,-1
415,132060,1
415,121346,-1
415,206459,-1
415,023328,-1
415,156414,-1
415,211333,-1
415,091692,-1
415,164657,-1
415,208982,-1
415,207235,-1
415,214390,-1
415,199738,-1
415,215216,-1
415,216316,-1
415,072254,-1
415,065328,-1
415,037867,-1
415,168230,-1
415,264284,1
415,028733,-1
415,265305,-1
415,037363,1
415,142222,-1
415,102420,-1
415,030429,-1
415,155117,-1
415,037160,0
415,191434,-1
415,192137,-1
415,138633,-1
415,155828,-1
415,201645,-1
415,158729,1
415,101504,-1
415,157262,-1
415,014021,-1
415,268331,-1
415,271122,-1
415,198005,-1
415,015229,-1
415,213339,-1
415,256872,-1
415,144120,-1
415,186348,1
415,255047,-1
415,210505,-1
415,201682,0
415,207084,-1
415,093216,-1
415,239847,-1
415,014765,-1
415,190842,-1
415,135500,1
415,217550,-1
415,152479,-1
415,099904,-1
415,212803,-1
415,250421,-1
415,091924,-1
415,014768,-1
415,076437,-1
415,204314,0
415,012159,-1
415,204008,-1
415,208752,-1
415,188787,-1
415,216156,-1
415,215167,-1
415,165131,-1
415,080271,-1
415,218482,-1
415,045961,-1
415,213647,1
415,084962,-1
415,155554,-1
415,010618,-1
415,269334,-1
415,182267,-1
415,189748,-1
415,142731,-1
415,156653,-1
415,015083,-1
415,093586,-1
415,130577,1
415,287498,-1
415,211316,-1
415,282549,-1
415,153098,-1
415,258155,-1
415,275067,-1
415,100751,0
415,222271,-1
415,102789,-1
415,126120,-1
415,155833,-1
415,206942,1
415,038911,1
415,217257,-1
415,215813,-1
415,208706,-1
415,244078,-1
415,093415,1
415,064814,1
415,211030,-1
415,124017,-1
415,148349,-1
415,212949,-1
415,125951,-1
415,216863,1
415,215140,1
415,034567,-1
415,028813,1
415,269126,1
415,210392,-1
415,064143,-1
415,216105,-1
415,236739,-1
415,207118,-1
415,262222,-1
415,215036,-1
415,205494,-1
415,254229,-1
415,103668,-1
415,201132,-1
415,276184,-1
415,006789,-1
415,043957,1
415,213939,-1
415,205347,-1
415,218351,1
415,280636,0
415,210827,-1
415,206176,0
415,039741,-1
415,155822,-1
415,215316,-1
415,018351,-1
415,117227,-1
415,228467,-1
415,150473,-1
415,090359,1
415,251813,1
415,182958,1
415,215444,-1
415,063477,-1
415,209229,-1
415,095828,-1
415,025526,-1
415,029075,-1
415,185353,1
415,288774,-1
415,208875,-1
415,214373,1
415,150737,-1
415,212618,-1
415,044064,1
415,262997,-1
415,010660,-1
415,016060,-1
415,237380,-1
415,186178,-1
415,208188,1
415,142730,-1
415,194852,-1
415,061172,-1
415,179132,-1
415,218057,-1
415,155131,-1
415,216490,1
415,275186,-1
415,151156,-1
415,039625,0
415,123246,-1
415,287875,-1
415,092498,1
415,244997,-1
415,007252,-1
415,063725,-1
415,205327,1
415,286447,1
415,032838,-1
415,117033,-1
415,161803,-1
415,099840,-1
415,132308,-1
415,185499,-1
415,011681,-1
415,251872,1
415,174459,-1
415,205649,-1
415,210354,1
415,199952,-1
415,132354,-1
415,059368,1
415,260240,-1
415,255056,-1
415,187864,-1
415,183669,-1
415,205644,-1
415,216888,0
415,283791,-1
415,018645,-1
415,205325,1
415,210297,-1
415,145104,-1
415,118753,1
415,242830,-1
415,205116,1
415,177775,-1
415,146891,-1
415,209255,1
415,196425,1
415,201678,1
415,038249,-1
415,212670,-1
415,251655,-1
415,056318,-1
415,218090,-1
415,024121,-1
415,198994,-1
415,243973,-1
415,204811,-1
415,162265,-1
415,064860,-1
415,129090,-1
415,218198,-1
415,204708,-1
415,090382,-1
415,158888,-1
415,202291,-1
415,025497,-1
415,261136,-1
415,086688,-1
415,202538,1
415,029879,-1
415,209302,1
415,214982,-1
415,013582,-1
415,191846,1
415,043560,-1
415,216423,-1
415,039727,-1
415,124969,-1
415,209565,-1
415,015119,1
415,282080,1
415,095007,-1
415,238746,-1
415,273530,-1
415,213202,1
415,222784,-1
415,118849,-1
415,179723,1
415,204551,-1
415,188788,-1
415,083272,-1
415,207483,-1
415,016771,-1
415,012254,-1
415,137359,-1
415,209469,-1
415,191800,1
415,155116,-1
415,084892,-1
415,007924,-1
415,111701,-1
415,112503,-1
415,264177,1
415,195931,-1
415,038439,1
415,206553,-1
415,046476,-1
415,194907,-1
415,192472,1
415,005099,-1
415,168579,0
415,148921,-1
415,270981,-1
415,217579,-1
415,215087,-1
415,019088,-1
415,233685,-1
415,044677,0
415,218156,-1
415,012768,-1
415,125883,-1
415,138961,-1
415,214067,-1
415,065352,-1
415,017682,-1
415,143111,-1
415,092559,1
415,170901,-1
415,115444,-1
415,078283,-1
415,258514,-1
415,091682,1
415,109564,-1
415,214547,-1
415,209566,1
415,099436,1
415,201866,-1
415,159797,0
415,152192,-1
415,148684,-1
415,153741,-1
415,216375,-1
415,155261,-1
415,266886,-1
415,187050,-1
415,239551,-1
415,204771,-1
415,214288,-1
415,005117,1
415,119523,1
415,067750,-1
415,043245,-1
415,098003,-1
415,093053,0
415,193122,-1
415,110434,-1
415,010380,-1
415,142843,1
415,284948,-1
415,237291,-1
415,202929,-1
415,143435,-1
415,153344,-1
415,259477,-1
415,242737,-1
415,148280,-1
415,176817,-1
415,221041,-1
415,092741,1
415,239737,-1
415,218860,-1
415,214401,-1
415,124502,-1
415,209946,-1
415,133650,1
415,109998,-1
415,256319,-1
415,204442,-1
415,140608,-1
415,137378,-1
415,201812,-1
415,009657,-1
415,021188,-1
415,119503,-1
415,208457,-1
415,093055,1
415,061576,-1
415,018880,1
415,216560,-1
415,041770,-1
415,214618,-1
415,213661,-1
415,277557,-1
415,011646,-1
415,145737,-1
415,132591,-1
415,199512,1
415,135498,-1
415,076563,-1
415,092572,-1
415,032703,1
415,208267,1
415,155045,-1
415,014628,-1
415,060421,-1
415,043935,-1
415,014842,-1
415,090765,0
415,208883,1
415,155010,-1
415,065523,-1
415,196107,1
415,238947,-1
415,277136,-1
415,085076,-1
415,123770,-1
415,011686,1
415,262065,-1
415,021596,-1
415,041122,-1
415,211130,-1
415,196530,-1
415,233672,-1
415,019755,-1
415,205703,-1
415,010934,-1
415,238765,-1
415,251480,1
415,229151,-1
415,126360,-1
415,180497,-1
415,124842,-1
415,092482,0
415,143706,-1
415,150579,1
415,209761,-1
415,150572,1
415,182916,-1
415,212610,-1
415,151594,-1
415,136911,-1
415,266067,-1
415,173275,1
415,181579,-1
415,118914,-1
415,282113,-1
415,147902,1
415,200566,1
415,171311,-1
415,125811,-1
415,151849,-1
415,030634,-1
415,061555,-1
415,137060,-1
415,222978,-1
415,214908,-1
415,015534,-1
415,146926,1
415,188346,1
415,076547,0
415,285302,-1
415,216950,-1
415,016111,-1
415,194065,-1
415,209421,-1
415,137832,-1
415,217889,-1
415,097083,-1
415,065671,-1
415,260064,-1
415,192645,-1
415,014918,-1
415,214331,-1
415,189733,1
415,205679,1
415,217432,-1
415,270521,-1
415,207712,1
415,288709,-1
415,216462,1
415,155649,1
415,205861,0
415,155653,1
415,165504,-1
415,110026,-1
415,123864,-1
415,171579,-1
415,216761,1
415,208580,-1
415,139327,-1
415,093587,-1
415,220185,1
415,020908,-1
415,213038,1
415,219109,-1
415,210447,-1
415,060633,-1
415,208450,-1
415,266779,-1
415,189327,-1
415,108121,1
415,200307,-1
415,208517,-1
415,286772,-1
415,182268,-1
415,100975,-1
415,215840,0
415,088840,-1
415,199598,-1
415,212237,-1
415,213175,-1
415,141434,-1
415,102640,-1
415,274728,-1
415,216264,-1
415,029928,-1
415,079389,-1
415,188282,-1
415,218712,-1
415,142770,-1
415,085152,-1
415,229682,0
415,008984,-1
415,174924,1
415,217570,-1
415,206444,-1
415,222187,-1
415,016968,-1
415,099437,1
415,163743,-1
415,131968,-1
415,052965,-1
415,138968,-1
415,091863,-1
415,099852,-1
415,139684,-1
415,239878,-1
415,203731,-1
415,206015,-1
415,005625,-1
415,216714,1
415,260424,-1
415,277553,-1
415,150459,-1
415,008145,1
415,018779,-1
415,182827,-1
415,203897,-1
415,153910,-1
415,206991,-1
415,210952,-1
415,086233,-1
415,252886,-1
415,217810,-1
415,056498,-1
415,100420,1
415,156394,-1
415,227052,1
415,045646,-1
415,143308,-1
415,204842,-1
415,001079,-1
415,204548,-1
415,187495,1
415,256637,-1
415,156652,-1
415,044129,-1
415,217561,-1
415,218764,-1
415,195526,-1
415,016275,-1
415,206844,-1
415,159186,-1
415,200254,-1
415,158850,-1
415,003135,1
415,101133,-1
415,214416,-1
415,083114,-1
415,184223,1
415,155308,-1
415,252143,-1
415,069400,-1
415,210859,1
415,131732,-1
415,206690,-1
415,124255,-1
415,147963,1
415,261150,-1
415,163891,-1
415,262394,-1
415,007926,-1
415,113552,-1
415,149126,-1
415,014793,-1
415,263808,1
415,235145,-1
415,229907,-1
415,132074,1
415,062751,1
415,086959,-1
415,214240,-1
415,169563,-1
415,266889,-1
415,165834,-1
415,258196,-1
415,209618,-1
415,215106,-1
415,176488,-1
415,027971,-1
415,180299,1
415,226236,-1
415,128651,-1
415,165138,-1
415,015869,-1
415,266463,-1
415,190390,-1
415,203153,-1
415,043232,-1
415,076600,0
415,250020,-1
415,099490,1
415,045486,-1
415,204591,-1
415,206008,-1
415,281875,-1
415,216089,-1
415,036968,-1
415,004452,-1
415,192350,1
415,148418,-1
415,186280,-1
415,198183,-1
415,155605,-1
415,086068,1
415,062228,-1
415,096491,1
415,071430,-1
415,268571,-1
415,070495,-1
415,208808,1
415,228527,-1
415,154490,-1
415,208533,0
415,062343,1
415,090175,-1
415,065285,-1
415,016036,-1
415,062341,1
415,091413,-1
415,028609,-1
415,177996,-1
415,223197,-1
415,029462,-1
415,013261,-1
415,288539,-1
415,233673,-1
415,160876,-1
415,269744,-1
415,091713,-1
415,237233,1
415,193676,1
415,188347,1
415,092002,-1
415,289050,-1
415,133486,-1
415,183428,-1
415,187347,0
415,181408,1
415,006794,-1
415,216922,-1
415,157317,-1
415,203846,-1
415,209352,1
415,215905,-1
415,210665,1
415,155397,-1
415,098252,-1
415,218763,-1
415,204231,-1
415,206448,0
415,123579,1
415,233429,1
415,132533,-1
415,237632,-1
415,142728,-1
415,217433,0
415,029461,-1
415,151262,-1
415,223913,-1
415,156675,-1
415,110142,0
415,009678,1
415,110805,1
415,154405,-1
415,197529,-1
415,131016,-1
415,125248,-1
415,218913,-1
415,153903,-1
415,218418,-1
415,100996,-1
415,087466,1
415,175463,0
415,150630,-1
415,037139,1
415,137189,-1
415,009731,-1
415,189563,1
415,125522,-1
415,039060,-1
415,212086,-1
415,189338,-1
415,161954,-1
415,181508,-1
415,193971,-1
415,239081,-1
415,009071,-1
415,118589,-1
415,242723,1
415,102769,1
415,270935,-1
415,097619,-1
415,209487,-1
415,011070,1
415,048920,-1
415,026482,-1
415,266490,-1
415,207658,-1
415,211799,-1
415,132565,-1
415,232732,-1
415,139637,-1
415,238213,-1
415,090505,1
415,069596,1
415,209697,-1
415,198827,-1
415,207241,-1
415,198221,1
415,081389,-1
415,052075,1
415,219096,-1
415,255904,-1
415,104706,-1
415,064924,1
415,125203,-1
415,194584,-1
415,202725,-1
415,236727,1
415,176683,-1
415,233764,-1
415,061959,0
415,203357,-1
415,262459,-1
415,108638,-1
415,156897,-1
415,016203,-1
415,069467,-1
415,213823,1
415,162512,1
415,111127,-1
415,109136,-1
415,148417,-1
415,067555,1
415,127539,-1
415,186980,-1
415,241639,-1
415,140071,-1
415,285713,-1
415,167595,1
415,269576,1
415,064495,1
415,075797,-1
415,097069,-1
415,207027,-1
415,120227,-1
415,000248,-1
415,015514,-1
415,201156,1
415,216808,-1
415,276934,-1
415,273029,-1
415,156934,-1
415,099928,-1
415,204528,-1
415,218708,-1
415,202622,-1
415,220317,-1
415,044159,-1
415,189449,1
415,139963,1
415,232773,-1
415,251259,-1
415,175586,1
415,213478,-1
415,213689,0
415,213043,-1
415,148201,-1
415,241718,-1
415,060364,-1
415,127135,-1
415,059382,-1
415,253974,-1
415,086126,-1
415,148510,-1
415,038871,-1
415,060609,-1
415,015962,-1
415,218531,-1
415,132140,-1
415,126848,-1
415,012296,-1
415,185625,-1
415,104603,-1
415,013081,-1
415,141471,-1
415,039549,-1
415,285002,-1
415,109746,-1
415,165720,-1
415,216120,-1
415,220695,-1
415,212823,1
415,215145,-1
415,030781,-1
415,217922,1
415,202329,-1
415,289057,-1
415,204220,1
415,230020,-1
415,036291,-1
415,270859,-1
415,218899,-1
415,112284,-1
415,266380,-1
415,211701,-1
415,240091,1
415,286093,-1
415,176247,1
415,217330,-1
415,044764,-1
415,151906,-1
415,206034,0
415,134297,-1
415,209924,-1
415,082242,-1
415,203280,-1
415,186582,-1
415,005623,-1
415,146620,-1
415,218439,-1
415,159740,1
415,191401,1
415,183365,-1
415,218347,-1
415,188308,-1
415,191915,-1
415,159703,-1
415,031106,-1
415,003644,1
415,264904,-1
415,007154,1
415,014736,-1
415,213488,-1
415,095613,1
415,161052,-1
415,159320,-1
415,015873,-1
415,091745,-1
415,000482,-1
415,167338,1
415,214694,-1
415,279044,-1
415,188475,-1
415,177373,1
415,177780,1
415,185211,-1
415,177013,-1
415,149033,-1
415,199472,-1
415,051004,-1
415,090324,-1
415,281842,-1
415,251477,1
415,277879,-1
415,220171,1
415,035087,-1
415,190033,-1
415,124467,-1
415,170904,-1
415,179031,-1
415,262421,-1
415,266882,-1
415,115366,-1
415,195004,-1
415,188473,-1
415,122104,-1
415,212149,1
415,162783,-1
415,092375,-1
415,227558,-1
415,122078,-1
415,226258,-1
415,171100,-1
415,193348,-1
415,163459,-1
415,200407,-1
415,199795,1
415,230829,1
415,173834,-1
415,175544,-1
415,191637,-1
415,193843,-1
415,270045,-1
415,135509,-1
415,217148,-1
415,228333,-1
415,176201,1
415,254809,-1
415,087062,-1
415,148428,-1
415,260361,-1
415,167177,-1
415,089053,1
415,280667,-1
415,242824,-1
415,049846,-1
415,206338,0
415,225314,1
415,035981,-1
415,176836,-1
415,158563,1
415,158554,1
415,283709,-1
415,142687,-1
415,109894,-1
415,199648,-1
415,218954,-1
415,246421,-1
415,217030,-1
415,020922,1
415,027512,1
415,234937,-1
415,080821,-1
415,218624,1
415,191127,-1
415,215089,1
415,167317,-1
415,114304,-1
415,018735,-1
415,014678,-1
415,216444,-1
415,168094,-1
415,206864,-1
415,102573,-1
415,179928,1
415,162879,1
415,222273,1
415,198530,-1
415,110832,-1
415,125199,-1
415,090887,1
415,168528,-1
415,028229,-1
415,214330,-1
415,038902,-1
415,027504,1
415,231879,-1
415,228490,-1
415,001692,-1
415,213717,-1
415,033720,-1
415,202853,-1
415,101540,-1
415,164239,1
415,004550,-1
415,128284,-1
415,070019,-1
415,272941,-1
415,168714,-1
415,183839,-1
415,020404,-1
415,076263,-1
415,090250,-1
415,228590,-1
415,029110,-1
415,155823,-1
415,148962,-1
415,270295,-1
415,059558,-1
415,233978,-1
415,224362,-1
415,041719,-1
415,161381,1
415,212830,-1
415,161774,1
415,125750,-1
415,016270,-1
415,159769,-1
415,109439,-1
415,100081,0
415,155179,-1
415,232324,-1
415,204500,-1
415,090390,0
415,159619,-1
415,114219,-1
415,198175,-1
415,138570,-1
415,154961,-1
415,091581,-1
415,146611,-1
415,180597,1
415,265130,-1
415,239097,-1
415,024597,-1
415,206261,-1
415,010640,1
415,273834,-1
415,267522,-1
415,111388,-1
415,162779,-1
415,070456,-1
415,216988,-1
415,086123,1
415,206597,-1
415,171097,-1
415,129201,-1
415,133088,-1
415,067430,-1
415,269588,1
415,029903,-1
415,258177,-1
415,061428,-1
415,113133,-1
415,189276,-1
415,148334,-1
415,227580,-1
415,219903,-1
415,030205,1
415,192150,1
415,084312,-1
415,207610,-1
415,217038,0
415,205760,-1
415,202542,1
415,211826,-1
415,114329,-1
415,143841,-1
415,199884,-1
415,014647,1
415,041907,1
415,134028,-1
415,213725,-1
415,163686,-1
415,024305,-1
415,231746,-1
415,142679,-1
415,199991,-1
415,229681,-1
415,141960,-1
415,003823,-1
415,145093,-1
415,220195,-1
415,148863,-1
415,204883,-1
415,159766,-1
415,159558,-1
415,214469,-1
415,157001,-1
415,068485,-1
415,071533,-1
415,163692,-1
415,144791,-1
415,242434,-1
415,018863,-1
415,081617,-1
415,252232,-1
415,263776,1
415,155852,-1
415,265406,-1
415,227105,-1
415,275560,-1
415,139564,-1
415,027503,1
415,094501,-1
415,108230,-1
415,205846,-1
415,135481,1
415,135476,1
415,014837,-1
415,205613,-1
415,165280,-1
415,162609,-1
415,007137,1
415,265530,-1
415,224863,-1
415,285626,-1
415,118720,-1
415,215000,-1
415,196651,-1
415,052388,-1
415,112530,-1
415,059510,-1
415,230350,0
415,139105,0
415,190643,-1
415,066732,-1
415,121680,1
415,009211,1
415,266783,-1
415,260266,-1
415,173579,-1
415,086616,-1
415,284126,1
415,158537,-1
415,279476,-1
415,227349,-1
415,139846,-1
415,224853,-1
415,069318,-1
415,143159,-1
415,030028,-1
415,217909,-1
415,176623,1
415,267706,-1
415,093254,1
415,013735,1
415,108540,-1
415,125361,-1
415,081431,-1
415,211679,-1
415,179447,-1
415,217943,-1
415,062601,-1
415,093158,1
415,090757,-1
415,126266,1
415,160810,1
415,191530,-1
415,206800,-1
415,062996,-1
415,275864,-1
415,136136,-1
415,157263,-1
415,240315,-1
415,118170,-1
415,090303,1
415,020452,-1
415,076898,-1
415,052061,0
415,123995,-1
415,195880,-1
415,160375,-1
415,216358,-1
415,138375,-1
415,125118,-1
415,065283,-1
415,054898,-1
415,133696,-1
415,154322,-1
415,132780,-1
415,168215,-1
415,279504,-1
415,018017,1
415,129097,1
415,005463,-1
415,054598,1
415,201263,-1
415,261431,-1
415,062571,-1
415,035776,-1
415,017861,-1
415,254372,-1
415,226915,-1
415,276933,-1
415,001688,-1
415,144418,-1
415,051467,-1
415,027931,-1
415,040738,1
415,132806,-1
415,206068,-1
415,220915,1
415,045296,-1
415,217804,-1
415,156057,1
415,098600,-1
415,135975,0
415,216413,0
415,141920,-1
415,281697,-1
415,023846,-1
415,264736,-1
415,172826,-1
415,206736,-1
415,217957,-1
415,179277,-1
415,014471,-1
415,101581,1
415,227569,1
415,206179,-1
415,004994,1
415,230820,-1
415,002002,1
415,193417,-1
415,197162,-1
415,178691,-1
415,119362,1
415,289515,-1
415,276475,-1
415,237630,1
415,127927,-1
415,148506,-1
415,015754,-1
415,148809,0
415,086794,-1
415,011156,-1
415,167176,-1
415,217945,-1
415,141429,-1
415,120019,-1
415,170327,-1
415,176853,-1
415,018798,-1
415,211121,-1
415,252244,-1
415,267040,-1
415,241081,-1
415,216545,-1
415,001714,-1
415,001747,1
415,019553,-1
415,220072,1
415,063383,-1
415,030250,-1
415,233444,-1
415,133667,-1
415,112187,-1
415,195094,1
415,211306,0
415,202278,-1
415,036533,-1
415,044630,-1
415,200987,-1
415,050270,-1
415,262280,-1
415,086524,-1
415,201487,0
415,230327,1
415,098560,-1
415,114940,-1
415,254448,-1
415,196296,1
415,091485,1
415,144044,-1
415,203862,-1
415,052162,-1
415,161004,-1
415,230487,-1
415,168709,1
415,214377,1
415,152791,-1
415,203258,-1
415,204825,-1
415,163317,-1
415,117032,-1
415,216514,-1
415,197960,-1
415,069895,-1
415,123987,-1
415,156456,-1
415,132699,-1
415,005547,-1
415,134681,-1
415,287072,-1
415,101149,-1
415,205876,-1
415,228778,1
415,038386,-1
415,210238,-1
415,089995,-1
415,203543,-1
415,090942,0
415,201995,1
415,282032,-1
415,133968,-1
415,226453,-1
415,226817,-1
415,037390,-1
415,003370,-1
415,207257,1
415,050521,-1
415,161985,-1
415,050918,-1
415,165235,1
415,234849,-1
415,229684,-1
415,161231,-1
415,141969,-1
415,088719,-1
415,008588,-1
415,039506,1
415,001244,-1
415,264326,1
415,090437,-1
415,195952,-1
415,213178,1
415,125962,-1
415,266038,-1
415,108566,-1
415,201224,-1
415,085583,-1
415,219508,1
415,241127,-1
415,220132,1
415,115993,-1
415,204958,-1
415,195539,-1
415,262291,-1
415,144442,-1
415,243172,-1
415,151098,0
415,006544,-1
415,276335,1
415,204387,-1
415,091025,-1
415,204032,-1
415,271573,-1
415,068052,-1
415,002463,-1
415,179795,-1
415,208509,-1
415,229739,-1
415,177694,-1
415,208460,-1
415,217487,-1
415,177477,-1
415,177858,-1
415,085003,-1
415,155377,-1
415,216892,-1
415,257050,-1
415,135600,-1
415,008729,-1
415,122063,-1
415,231922,1
415,205911,-1
415,065611,-1
415,207296,1
415,164695,-1
415,163034,1
415,174825,-1
415,102881,1
415,069708,1
415,162923,-1
415,044736,1
415,036869,-1
415,183692,-1
415,060079,-1
415,041119,-1
415,133331,-1
415,195734,-1
415,111633,-1
415,122295,-1
415,239762,-1
415,140519,1
415,030262,-1
415,210600,0
415,005092,-1
415,278124,-1
415,167304,-1
415,213487,-1
415,207751,-1
415,163432,0
415,129281,-1
415,002531,-1
415,150918,-1
415,108657,-1
415,083051,1
415,204248,-1
415,206592,-1
415,261870,-1
415,207869,-1
415,018654,-1
415,088841,-1
415,169398,-1
415,208681,1
415,002483,-1
415,017516,-1
415,079350,1
415,204137,-1
415,082150,-1
415,286763,-1
415,161277,-1
415,134424,-1
415,218935,-1
415,164842,1
415,193412,-1
415,125567,-1
415,061222,-1
415,120847,-1
415,110812,-1
415,014282,-1
415,076871,1
415,147276,-1
415,056278,1
415,063829,-1
415,273515,-1
415,204161,-1
415,217323,-1
415,212751,1
415,278397,-1
415,113600,1
415,035778,-1
415,154157,-1
415,214034,-1
415,051983,-1
415,193752,-1
415,162238,-1
415,074745,-1
415,201294,-1
415,162408,-1
415,126661,-1
415,207559,1
415,200886,-1
415,092134,-1
415,095271,-1
415,194016,-1
415,234788,-1
415,206981,-1
415,221908,-1
415,053970,1
415,054383,1
415,265025,-1
415,157064,-1
415,171224,1
415,197964,-1
415,285654,-1
415,003648,-1
415,015108,-1
415,053043,1
415,211548,-1
415,271892,-1
415,219495,1
415,216873,-1
415,162483,-1
415,164290,-1
415,260140,-1
415,205815,-1
415,067066,-1
415,002509,-1
415,189828,-1
415,024578,-1
415,113692,-1
415,182810,-1
415,086224,-1
415,261875,-1
415,089618,-1
415,154083,-1
415,111525,-1
415,143963,-1
415,164006,-1
415,064459,1
415,206228,-1
415,167500,-1
415,261306,-1
415,010773,-1
415,211814,-1
415,201085,-1
415,212058,-1
415,257987,-1
415,259459,-1
415,036290,-1
415,196439,-1
415,208313,-1
415,198861,-1
415,091213,-1
415,019486,-1
415,216357,-1
415,250302,-1
415,159543,-1
415,265972,1
415,061430,0
415,219921,-1
415,179470,-1
415,286186,-1
415,205119,1
415,183414,-1
415,039799,1
415,196289,-1
415,040623,-1
415,219501,1
415,099841,-1
415,221396,-1
415,058276,0
415,215498,-1
415,131963,-1
415,136955,-1
415,235639,-1
415,207370,-1
415,234836,1
415,086117,-1
415,213075,-1
415,240779,-1
415,125121,-1
415,271043,0
415,186709,1
415,210489,-1
415,090514,-1
415,125500,-1
415,159806,-1
415,157453,-1
415,132072,-1
415,113573,-1
415,265237,1
415,216068,-1
415,260505,-1
415,206227,-1
415,112019,-1
415,196944,-1
415,214187,-1
415,085628,-1
415,048711,-1
415,051141,-1
415,263960,0
415,168862,-1
415,197034,1
415,219266,-1
415,054601,-1
415,064588,-1
415,082792,1
415,260041,-1
415,041211,-1
415,253586,-1
415,128520,-1
415,019103,-1
415,199233,-1
415,205313,-1
415,100985,1
415,009423,-1
415,102491,-1
415,010739,-1
415,204656,-1
415,122148,-1
415,215059,-1
415,214771,-1
415,079203,-1
415,215668,1
415,217901,-1
415,229355,-1
415,115398,-1
415,217320,-1
415,229331,-1
415,116278,-1
415,201083,-1
415,217886,-1
415,208041,-1
415,117178,1
415,217731,1
415,208170,-1
415,168795,-1
415,123340,-1
415,029221,-1
415,177086,1
415,218324,-1
415,182742,-1
415,268163,-1
415,175298,-1
415,090094,-1
415,153780,-1
415,115054,-1
415,204341,-1
415,002011,-1
415,267793,-1
415,212784,-1
415,098975,-1
415,221050,1
415,268219,-1
415,134348,-1
415,135522,-1
415,187215,1
415,133045,-1
415,253141,-1
415,016935,-1
415,067446,-1
415,201209,-1
415,203224,-1
415,014527,-1
415,211292,-1
415,092371,-1
415,123003,1
415,017716,-1
415,012561,1
415,144162,-1
415,204312,-1
415,205617,-1
415,054011,-1
415,146273,-1
415,156397,1
415,018696,-1
415,178873,-1
415,140934,-1
415,064460,0
415,212795,-1
415,122452,-1
415,163076,1
415,041109,1
415,099456,-1
415,213986,-1
415,227515,-1
415,094231,-1
415,142342,1
415,110507,-1
415,066924,-1
415,124892,0
415,164414,-1
415,271168,-1
415,208360,-1
415,207130,1
415,154499,-1
415,086451,1
415,020970,-1
415,215067,1
415,233918,-1
415,090500,-1
415,001584,-1
415,195871,1
415,234990,-1
415,208336,-1
415,058548,-1
415,076329,1
415,081422,-1
415,216933,-1
415,065288,-1
415,130689,-1
415,184594,-1
415,161568,-1
415,255307,-1
415,035744,0
415,213659,-1
415,019107,-1
415,143026,-1
415,215419,-1
415,285106,0
415,151026,-1
415,264475,-1
415,227289,-1
415,169766,-1
415,201618,-1
415,154717,-1
415,126478,-1
415,286731,-1
415,090156,-1
415,183485,-1
415,068876,1
415,039160,-1
415,059023,-1
415,284346,1
415,220709,-1
415,077342,-1
415,002457,-1
415,155953,-1
415,260935,-1
415,036118,-1
415,195629,1
415,091401,-1
415,215903,-1
415,122055,-1
415,070780,-1
415,022400,-1
415,126456,-1
415,107994,-1
415,186031,1
415,043940,1
415,090702,-1
415,280088,-1
415,221755,-1
415,234507,-1
415,081883,-1
415,147455,1
415,156889,0
415,001741,-1
415,208424,-1
415,151547,-1
415,154936,-1
415,167288,1
415,186017,1
415,160422,1
415,112423,-1
415,025715,-1
415,282474,-1
415,240023,-1
415,217785,-1
415,037755,1
415,191778,-1
415,286375,1
415,210264,-1
415,050044,-1
415,005472,-1
415,010353,-1
415,219136,-1
415,235010,-1
415,011676,-1
415,129782,-1
415,056693,-1
415,211764,-1
415,155056,-1
415,208796,-1
415,199203,-1
415,115455,-1
415,111409,-1
415,016987,-1
415,217626,-1
415,011279,-1
415,267172,-1
415,197959,-1
415,238862,-1
415,039869,-1
415,204326,-1
415,242694,-1
415,139523,-1
415,269164,-1
415,018672,-1
415,082583,1
415,176643,-1
415,226429,-1
415,009643,-1
415,280271,-1
415,076780,1
415,043128,-1
415,252359,-1
415,200941,-1
415,044693,-1
415,203636,-1
415,213609,-1
415,202956,-1
415,002157,-1
415,265882,-1
415,278737,-1
415,268375,-1
415,045516,-1
415,190486,-1
415,180435,-1
415,218166,-1
415,010159,-1
415,207461,1
415,206477,1
415,163599,-1
415,007309,-1
415,135134,-1
415,001024,1
415,016019,-1
415,005885,-1
415,207406,1
415,044153,1
415,125432,-1
415,002366,-1
415,216041,-1
415,229703,-1
415,157874,-1
415,241107,-1
415,207961,-1
415,028942,-1
415,012619,-1
415,206226,-1
415,103341,-1
415,155092,-1
415,208973,1
415,213333,1
415,081094,-1
415,036441,-1
415,123102,-1
415,231381,-1
415,214907,-1
415,218029,-1
415,265772,1
415,269603,-1
415,168861,-1
415,074583,1
415,167501,-1
415,010731,-1
415,056713,-1
415,185766,-1
415,257624,-1
415,150974,-1
415,260216,-1
415,244511,-1
415,286164,1
415,214821,-1
415,215677,-1
415,199999,-1
415,240961,-1
415,261127,-1
415,145128,1
415,147713,-1
415,152128,-1
415,213840,-1
415,125224,-1
415,094272,-1
415,064487,1
415,103953,-1
415,091288,1
415,154239,-1
415,218566,-1
415,283615,-1
415,142823,-1
415,221758,-1
415,126538,-1
415,210689,-1
415,205889,-1
415,122013,-1
415,204896,-1
415,016097,1
415,203305,-1
415,004686,-1
415,063474,-1
415,201120,1
415,239909,1
415,206661,1
415,030624,-1
415,045718,-1
415,190345,-1
415,197022,-1
415,018089,-1
415,208600,-1
415,203583,-1
415,186239,-1
415,190594,-1
415,212955,-1
415,000540,-1
415,217763,-1
415,212273,-1
415,266810,-1
415,038489,-1
415,168873,1
415,091051,-1
415,104430,0
415,212744,-1
415,031517,-1
415,201421,-1
415,050775,-1
415,253824,-1
415,177136,-1
415,264288,0
415,112724,-1
415,114418,-1
415,037044,-1
415,041721,-1
415,205076,1
415,051140,-1
415,261118,-1
415,082483,-1
415,228142,-1
415,183473,-1
415,000190,1
415,141808,-1
415,090767,-1
415,151175,-1
415,192714,-1
415,118124,-1
415,264480,-1
415,176934,-1
415,008894,1
415,203491,-1
415,210556,0
415,155083,-1
415,203562,-1
415,150397,1
415,209577,-1
415,006563,-1
415,070168,-1
415,212238,-1
415,187939,-1
415,094643,-1
415,188071,-1
415,217313,0
415,196655,-1
415,081776,-1
415,003145,-1
415,206883,0
415,237510,-1
415,278574,-1
415,050702,-1
415,226062,-1
415,265768,-1
415,187681,1
415,045818,-1
415,207255,1
415,244969,-1
415,088279,-1
415,010570,-1
415,009709,-1
415,214948,-1
415,052736,-1
415,007445,-1
415,138439,-1
415,287761,-1
415,140870,-1
415,259226,-1
415,208060,-1
415,043170,-1
415,221388,-1
415,265367,-1
415,131804,1
415,237214,-1
415,101322,1
415,213957,0
415,285416,-1
415,205729,-1
415,159004,-1
415,189872,-1
415,208820,-1
415,033121,-1
415,037246,-1
415,103068,-1
415,005073,-1
415,198484,-1
415,012553,-1
415,132665,-1
415,174105,-1
415,196908,-1
415,206798,-1
415,184129,-1
415,205102,-1
415,156888,-1
415,126354,-1
415,150437,-1
415,143408,-1
415,020969,-1
415,141737,-1
415,216698,-1
415,226023,1
415,138933,-1
415,028607,-1
415,159426,0
415,148329,-1
415,100918,1
415,263943,-1
415,284094,-1
415,224536,-1
415,125486,-1
415,118009,-1
415,139553,-1
415,205545,-1
415,155398,-1
415,205595,-1
415,093693,-1
415,205986,-1
415,146700,-1
415,145594,-1
415,128093,-1
415,207785,-1
415,240770,-1
415,232550,-1
415,070589,-1
415,145898,-1
415,090754,-1
415,087177,-1
415,123733,-1
415,218871,-1
415,044389,-1
415,208151,0
415,207122,-1
415,086569,1
415,213142,-1
415,260220,-1
415,149983,-1
415,197977,-1
415,211906,-1
415,128144,-1
415,131210,1
415,060343,-1
415,069131,-1
415,132258,1
415,075168,-1
415,011350,1
415,272621,-1
415,102479,-1
415,069612,-1
415,207685,-1
415,200418,1
415,196545,1
415,163384,-1
415,203275,-1
415,190210,1
415,195861,1
415,193233,1
415,225116,1
415,208557,-1
415,204714,1
415,138083,-1
415,235493,-1
415,010783,-1
415,170999,1
415,138916,-1
415,195855,1
415,206059,-1
415,151732,-1
415,093485,-1
415,101484,-1
415,166066,-1
415,155143,-1
415,032697,0
415,113669,-1
415,183789,-1
415,252854,-1
415,068841,-1
415,081278,-1
415,098993,-1
415,236879,-1
415,209605,-1
415,112247,1
415,210138,-1
415,189360,-1
415,091737,-1
415,140723,-1
415,126331,-1
415,152810,-1
415,205092,-1
415,007373,-1
415,208485,-1
415,100870,1
415,260634,-1
415,214715,-1
415,202874,-1
415,151331,-1
415,159828,-1
415,037861,-1
415,063278,1
415,035951,-1
415,242728,-1
415,098465,-1
415,070980,-1
415,092197,1
415,041339,-1
415,040237,-1
415,091123,1
415,001179,-1
415,001838,-1
415,202831,1
415,091918,1
415,282296,-1
415,218742,-1
415,006204,0
415,197656,-1
415,260847,-1
415,068337,1
415,274248,-1
415,206642,-1
415,252183,-1
415,200312,-1
415,112372,-1
415,199216,-1
415,138806,-1
415,210088,-1
415,022092,-1
415,014143,-1
415,278817,-1
415,226941,-1
415,218238,-1
415,258132,-1
415,216709,-1
415,195082,1
415,206292,-1
415,193129,-1
415,113418,-1
415,204025,-1
415,201591,-1
415,065292,-1
415,157293,-1
415,029720,-1
415,156933,-1
415,183476,-1
415,210498,-1
415,198254,-1
415,102304,-1
415,017792,1
415,214118,-1
415,017763,1
415,190541,-1
415,155467,-1
415,159083,-1
415,280150,-1
415,005452,-1
415,167303,-1
415,218404,-1
415,217316,-1
415,179366,-1
415,179473,-1
415,008886,-1
415,006476,-1
415,202049,-1
415,001543,-1
415,260036,-1
415,216783,-1
415,208300,-1
415,060290,-1
415,043510,1
415,052892,1
415,240884,-1
415,261542,-1
415,123989,-1
415,261488,-1
415,122719,-1
415,194718,-1
415,277026,-1
415,044430,-1
415,264997,-1
415,128428,-1
415,122465,-1
415,091997,-1
415,200634,-1
415,202048,-1
415,210503,-1
415,236670,-1
415,141195,-1
415,050742,1
415,155091,-1
415,206535,1
415,135173,-1
415,166990,-1
415,018871,-1
415,273747,-1
415,165213,-1
415,267777,-1
415,280662,-1
415,113727,-1
415,001436,-1
415,116538,1
415,015581,-1
415,218806,-1
415,264491,-1
415,090401,-1
415,261262,-1
415,113686,-1
415,032113,-1
415,051070,-1
415,116302,-1
415,208905,-1
415,065106,-1
415,203886,-1
415,153898,-1
415,211854,-1
415,046302,1
415,204493,-1
415,239456,-1
415,262447,-1
415,050654,-1
415,152252,-1
415,144374,-1
415,086150,1
415,100757,-1
415,052860,-1
415,231738,-1
415,217584,-1
415,208094,-1
415,214984,-1
415,203512,-1
415,201465,1
415,024446,-1
415,111584,-1
415,206783,1
415,287922,-1
415,197337,-1
415,036124,-1
415,137592,-1
415,217457,-1
415,203637,-1
415,201380,1
415,016748,-1
415,152790,-1
415,116282,-1
415,270656,-1
415,086071,-1
415,100359,-1
415,208629,-1
415,208544,-1
415,000456,-1
415,216814,-1
415,126616,0
415,233303,-1
415,138289,-1
415,208569,-1
415,159427,-1
415,146086,-1
415,288311,-1
415,148388,-1
415,210291,-1
415,122696,-1
415,164878,-1
415,218360,1
415,013102,-1
415,071449,1
415,104622,1
415,071382,1
415,104555,1
415,022039,-1
415,079663,-1
415,223953,-1
415,041218,-1
415,039016,-1
415,128080,-1
415,240431,-1
415,060072,-1
415,282098,-1
415,027305,-1
415,029884,-1
415,204046,-1
415,254944,-1
415,216346,-1
415,163870,-1
415,124210,-1
415,189580,-1
415,022777,-1
415,210516,-1
415,206856,-1
415,069306,-1
415,131579,-1
415,162264,-1
415,210721,-1
415,125904,-1
415,116856,-1
415,137185,1
415,216574,-1
415,210376,-1
415,083474,-1
415,172940,-1
415,165064,-1
415,210260,-1
415,189862,-1
415,137119,1
415,218636,-1
415,133832,0
415,184519,-1
415,013212,1
415,211898,-1
415,155621,-1
415,272943,-1
415,022494,1
415,042213,-1
415,077144,-1
415,215228,-1
415,208955,-1
415,126709,-1
415,281074,-1
415,287006,-1
415,000419,-1
415,176642,-1
415,204111,-1
415,215280,-1
415,038456,-1
415,238842,-1
415,155119,-1
415,215435,-1
415,110206,-1
415,201339,0
415,176898,-1
415,133938,0
415,232705,-1
415,087136,-1
415,036350,-1
415,003513,-1
415,206647,-1
415,219040,-1
415,139922,-1
415,193737,-1
415,100135,-1
415,197735,-1
415,096957,-1
415,204099,1
415,216342,1
415,029886,-1
415,285513,-1
415,239328,-1
415,203666,-1
415,088072,-1
415,197652,-1
415,217712,-1
415,208564,-1
415,264985,-1
415,193989,-1
415,159061,-1
415,141849,-1
415,204470,-1
415,032886,1
415,206320,-1
415,137188,-1
415,012106,1
415,150610,-1
415,230241,-1
415,028218,-1
415,091027,0
415,256636,0
415,279905,-1
415,091003,-1
415,041180,1
415,181391,1
415,281894,-1
415,108538,-1
415,130674,-1
415,124183,-1
415,163515,-1
415,223093,-1
415,128287,-1
415,177778,-1
415,211128,-1
415,015520,-1
415,147322,-1
415,194312,-1
415,234327,-1
415,115761,-1
415,203573,-1
415,217134,-1
415,161937,-1
415,273749,-1
415,027572,-1
415,258581,-1
415,101711,-1
415,183357,-1
415,098675,-1
415,219498,1
415,243374,-1
415,015251,-1
415,150703,-1
415,156366,-1
415,117335,-1
415,087000,0
415,214697,-1
415,039464,-1
415,144597,-1
415,076381,1
415,216688,-1
415,210650,-1
415,137464,-1
415,191677,1
415,011874,-1
415,236338,-1
415,006776,-1
415,156265,-1
415,159496,-1
415,279950,-1
415,101670,-1
415,064201,-1
415,063146,-1
415,103799,-1
415,234067,-1
415,261122,-1
415,217634,1
415,166067,-1
415,115612,-1
415,081416,-1
415,214137,-1
415,207707,1
415,198567,-1
415,136453,-1
415,218755,-1
415,201371,-1
415,207690,-1
415,057873,-1
415,264708,-1
415,062223,-1
415,214813,1
415,215989,-1
415,205907,-1
415,241277,-1
415,115665,-1
415,232755,-1
415,146374,-1
415,237496,-1
415,159003,-1
415,200522,-1
415,028242,-1
415,204356,1
415,006419,1
415,222243,-1
415,186114,-1
415,262281,-1
415,206639,-1
415,044578,-1
415,194805,-1
415,216554,-1
415,253626,-1
415,072282,1
415,210017,-1
415,044596,-1
415,208892,-1
415,116811,-1
415,157530,-1
415,285411,-1
415,168048,-1
415,198984,-1
415,018699,-1
415,203443,-1
415,105455,1
415,214297,-1
415,194003,-1
415,138801,-1
415,051996,-1
415,071257,0
415,000005,-1
415,209570,-1
415,000025,-1
415,092583,1
415,075043,1
415,201494,-1
415,155017,-1
415,229738,-1
415,264492,-1
415,218630,-1
415,144040,1
415,213966,-1
415,208054,-1
415,032081,-1
415,272889,-1
415,058153,-1
415,202906,1
415,091244,1
415,138392,-1
415,267462,1
415,157071,-1
415,211671,-1
415,093080,1
415,028975,-1
415,028342,-1
415,092484,-1
415,217307,-1
415,200250,-1
415,038730,-1
415,148287,-1
415,045731,-1
415,185707,-1
415,208791,-1
415,016371,-1
415,187496,-1
415,216984,1
415,138344,-1
415,221969,1
415,214675,-1
415,142497,-1
415,201202,-1
415,115723,1
415,218706,-1
415,151203,-1
415,115268,1
415,104153,-1
415,115231,1
415,208585,-1
415,128266,-1
415,208886,-1
415,232396,-1
415,151514,-1
415,197796,-1
415,199867,-1
415,212608,1
415,015303,-1
415,240174,1
415,023677,-1
415,191829,1
415,166227,1
415,192294,1
415,202521,-1
415,051170,1
415,091190,-1
415,218387,-1
415,091002,-1
415,192301,-1
415,242286,-1
415,189615,-1
415,202362,-1
415,178245,-1
415,014980,-1
415,131924,-1
415,237309,-1
415,140593,-1
415,205723,-1
415,202361,-1
415,091206,-1
415,025422,1
415,108512,-1
415,032864,-1
415,001439,-1
415,138866,-1
415,144439,-1
415,122046,-1
415,200541,-1
415,252054,-1
415,236629,-1
415,126368,-1
415,233008,-1
415,240844,-1
415,266065,-1
415,195477,-1
415,240753,-1
415,206165,-1
415,173217,-1
415,123105,0
415,207955,-1
415,140117,-1
415,185347,-1
415,016577,1
415,065151,-1
415,212466,-1
415,118620,-1
415,282919,-1
415,009767,-1
415,218461,-1
415,274604,-1
415,206191,-1
415,235494,-1
415,012110,-1
415,094553,-1
415,145885,-1
415,117158,1
415,005564,-1
415,019491,-1
415,234416,-1
415,218456,-1
415,157258,-1
415,092620,-1
415,217087,-1
415,115976,-1
415,203934,-1
415,210983,-1
415,239321,-1
415,207387,-1
415,098755,1
415,205580,0
415,094678,-1
415,103762,-1
415,051971,-1
415,138763,-1
415,174480,-1
415,012827,-1
415,012895,-1
415,287049,1
415,093273,-1
415,008478,-1
415,175402,1
415,098898,-1
415,285750,-1
415,133341,-1
415,044518,-1
415,052463,-1
415,094318,-1
415,206767,-1
415,241646,-1
415,187549,1
415,218916,1
415,197976,-1
415,192071,1
415,131624,-1
415,108276,-1
415,184779,1
415,011287,-1
415,219010,0
415,022635,-1
415,214358,0
415,070625,-1
415,205570,-1
415,207871,-1
415,239545,-1
415,281701,-1
415,167980,-1
415,101590,-1
415,028984,0
415,145226,-1
415,155150,-1
415,213764,1
415,268944,-1
415,160043,0
415,152053,-1
415,216753,-1
415,015484,-1
415,208568,-1
415,052794,1
415,163840,-1
415,208960,-1
415,025516,1
415,207496,0
415,261112,-1
415,200937,-1
415,216552,-1
415,208427,0
415,220636,-1
415,126026,-1
415,234850,1
415,208386,-1
415,207404,-1
415,068889,-1
415,214788,-1
415,208433,-1
415,044588,-1
415,227001,-1
415,086536,-1
415,000372,-1
415,000875,-1
415,115323,-1
415,242690,-1
415,176987,-1
415,266795,-1
415,113570,-1
415,203770,-1
415,083138,-1
415,155032,-1
415,148747,-1
415,160774,-1
415,171400,1
415,156670,-1
415,180555,-1
415,240880,1
415,144133,-1
415,083499,1
415,230504,-1
415,170089,-1
415,115947,-1
415,260061,-1
415,206613,-1
415,132179,-1
415,255806,-1
415,147555,-1
415,223438,-1
415,219037,-1
415,020579,-1
415,233975,-1
415,185206,-1
415,169631,-1
415,288579,-1
415,140354,-1
415,207964,-1
415,244614,-1
415,007356,-1
415,037735,-1
415,216777,-1
415,210554,-1
415,120006,-1
415,253260,-1
415,140979,1
415,215696,-1
415,056690,-1
415,129809,-1
415,043675,-1
415,137004,-1
415,248148,-1
415,069784,-1
415,083246,-1
415,174390,-1
415,091864,-1
415,135718,-1
415,150500,-1
415,179438,-1
415,184029,1
415,205126,-1
415,207360,-1
415,287642,-1
415,212705,-1
415,231438,-1
415,203779,-1
415,161671,-1
415,210701,-1
415,063393,1
415,210932,-1
415,283516,-1
415,021729,-1
415,034171,-1
415,089419,1
415,019571,-1
415,068490,1
415,121023,-1
415,215560,1
415,204562,-1
415,000969,-1
415,137800,-1
415,131323,-1
415,158768,-1
415,064000,1
415,208013,-1
415,218877,1
415,144053,-1
415,203346,-1
415,133845,1
415,206846,-1
415,228774,-1
415,189704,-1
415,159953,-1
415,144141,-1
415,033700,0
415,061759,-1
415,213569,-1
415,159530,-1
415,001283,1
415,066241,-1
415,203281,-1
415,064848,-1
415,192471,1
415,288677,1
415,254008,-1
415,039806,-1
415,189628,-1
415,044195,-1
415,262310,-1
415,227038,-1
415,028366,-1
415,092996,1
415,007967,-1
415,204576,1
415,237490,-1
415,203468,-1
415,006360,-1
415,149660,-1
415,169623,-1
415,155107,-1
415,151025,-1
415,137225,-1
415,065431,-1
415,218955,-1
415,191885,1
415,020829,-1
415,068728,1
415,163274,-1
415,060334,-1
415,186780,-1
415,139062,1
415,061440,-1
415,151327,-1
415,288783,-1
415,199885,-1
415,225252,-1
415,067469,-1
415,232848,-1
415,015340,-1
415,179180,-1
415,051974,-1
415,207094,-1
415,119254,-1
415,039147,1
415,096706,-1
415,258055,-1
415,191504,-1
415,289428,-1
415,158707,1
415,253861,-1
415,215757,-1
415,218617,-1
415,102158,-1
415,116328,-1
415,111207,-1
415,213340,1
415,175965,-1
415,175884,-1
415,141930,-1
415,257231,-1
415,044597,-1
415,133344,-1
415,224108,-1
415,183803,-1
415,205065,-1
415,182921,-1
415,214455,1
415,119474,-1
415,191743,-1
415,076912,1
415,153186,-1
415,116414,1
415,222487,-1
415,077701,-1
415,164461,-1
415,171066,1
415,210608,-1
415,075002,-1
415,285490,-1
415,052010,-1
415,201054,-1
415,124365,0
415,190945,-1
415,236347,-1
415,202755,-1
415,102642,1
415,212580,1
415,069469,1
415,145831,-1
415,014850,1
415,002043,-1
415,075674,-1
415,073100,-1
415,102957,-1
415,269025,-1
415,165663,-1
415,131491,-1
415,263763,-1
415,141664,-1
415,064560,1
415,267463,-1
415,129277,-1
415,239313,-1
415,177254,1
415,215374,0
415,155182,-1
415,192146,-1
415,218583,-1
415,039313,-1
415,204802,-1
415,138097,-1
415,160665,-1
415,187791,1
415,215791,-1
415,123672,-1
415,016286,-1
415,136117,1
415,091526,-1
415,181091,1
415,148753,-1
415,007824,-1
415,261260,-1
415,013115,-1
415,209110,1
415,211258,-1
415,059888,-1
415,181006,-1
415,092843,1
415,071343,1
415,218293,-1
415,104516,1
415,167071,1
415,188420,-1
415,067502,1
415,252038,0
415,067471,1
415,258949,-1
415,209312,-1
415,090968,1
415,068042,-1
415,108839,-1
415,206921,-1
415,008571,1
415,161428,1
415,176136,-1
415,164982,-1
415,197067,-1
415,187785,1
415,014518,-1
415,191399,1
415,034068,1
415,006092,-1
415,031326,-1
415,197066,-1
415,029927,-1
415,061866,-1
415,075454,1
415,181554,-1
415,037826,-1
415,113662,-1
415,035543,-1
415,229303,1
415,150652,-1
415,159039,1
415,122540,-1
415,282289,-1
415,112421,-1
415,209878,-1
415,212209,-1
415,068327,-1
415,210082,-1
415,133628,-1
415,258506,-1
415,225101,-1
415,190840,-1
415,001481,-1
415,211201,1
415,187191,1
415,097738,-1
415,063756,-1
415,031426,-1
415,079660,1
415,159179,-1
415,203901,-1
415,085604,-1
415,124547,-1
415,235464,1
415,234971,1
415,158227,-1
415,234931,1
415,287715,-1
415,134701,-1
415,244914,-1
415,223838,-1
415,218853,-1
415,091620,-1
415,015107,1
415,136068,-1
415,226543,-1
415,035987,-1
415,093999,-1
415,077237,-1
415,125631,1
415,191785,1
415,213123,-1
415,077026,-1
415,048384,-1
415,063576,-1
415,217597,-1
415,224038,1
415,015125,-1
415,196591,-1
415,087786,-1
415,214380,-1
415,093489,1
415,066356,1
415,279911,1
415,001165,1
415,089914,-1
415,074135,-1
415,011777,-1
415,230074,-1
415,258894,-1
415,229034,-1
415,169113,-1
415,124084,-1
415,203858,-1
415,100777,-1
415,091852,-1
415,161065,-1
415,210842,-1
415,077602,-1
415,210419,-1
415,107863,-1
415,181807,0
415,168529,-1
415,194668,-1
415,266248,-1
415,268092,-1
415,195205,-1
415,284149,-1
415,135909,-1
415,117981,-1
415,124297,-1
415,124551,-1
415,205722,-1
415,209188,-1
415,074577,-1
415,200503,-1
415,131012,-1
415,207028,-1
415,116598,-1
415,204303,-1
415,067498,-1
415,187301,-1
415,197150,-1
415,208470,-1
415,165212,1
415,020935,-1
415,142698,1
415,148483,1
415,125225,-1
415,054230,-1
415,182045,-1
415,216674,-1
415,114984,-1
415,135060,-1
415,159081,-1
415,218788,-1
415,101674,-1
415,181123,1
415,064268,-1
415,017398,-1
415,231186,-1
415,164575,-1
415,215656,-1
415,204324,-1
415,105329,-1
415,206482,-1
415,161942,-1
415,115802,-1
415,228973,-1
415,236309,-1
415,165096,1
415,235678,-1
415,168622,1
415,168644,1
415,122459,-1
415,090353,-1
415,207328,-1
415,086285,-1
415,258138,-1
415,061872,-1
415,169394,-1
415,202332,-1
415,102377,1
415,202175,-1
415,131893,-1
415,165662,-1
415,099136,-1
415,069204,1
415,218310,0
415,214295,-1
415,084630,-1
415,089709,-1
415,214867,-1
415,155690,-1
415,122689,-1
415,025041,-1
415,271285,-1
415,275898,0
415,218849,-1
415,058127,-1
415,143610,1
415,150309,-1
415,160129,-1
415,029269,-1
415,001391,-1
415,189893,-1
415,121578,-1
415,216549,-1
415,209748,-1
415,197475,1
415,009455,-1
415,190495,-1
415,205464,-1
415,182713,-1
415,002018,-1
415,222299,-1
415,140961,1
415,238864,-1
415,278142,-1
415,233699,0
415,219656,1
415,092513,-1
415,151106,-1
415,229230,1
415,238568,-1
415,187880,-1
415,218733,-1
415,065224,-1
415,002427,-1
415,258589,-1
415,024416,-1
415,287710,1
415,115838,-1
415,179787,1
415,126833,-1
415,213997,-1
415,108658,-1
415,179126,-1
415,227271,-1
415,067929,-1
415,284446,-1
415,155272,-1
415,261151,-1
415,151607,-1
415,174945,-1
415,132034,-1
415,121864,-1
415,109297,-1
415,150379,-1
415,057946,-1
415,113250,-1
415,202559,1
415,008502,-1
415,141018,-1
415,275577,-1
415,129813,1
415,002847,-1
415,200635,-1
415,039089,-1
415,217821,-1
415,213991,-1
415,155104,-1
415,133910,-1
415,173003,-1
415,157018,1
415,216536,-1
415,040053,-1
415,121891,-1
415,031336,-1
415,045055,-1
415,164580,1
415,206718,-1
415,048749,-1
415,132583,-1
415,113658,-1
415,036365,-1
415,022516,-1
415,269340,-1
415,240957,-1
415,176153,-1
415,216396,-1
415,167606,-1
415,138325,-1
415,033271,1
415,220159,-1
415,115275,-1
415,139894,-1
415,220595,-1
415,210986,-1
415,207335,-1
415,262840,-1
415,204481,-1
415,110523,-1
415,116738,-1
415,247440,-1
415,200066,-1
415,109135,-1
415,061742,-1
415,068300,-1
415,169177,-1
415,092265,-1
415,145480,-1
415,081359,-1
415,265238,-1
415,179523,-1
415,200690,-1
415,263861,1
415,078095,1
415,124982,-1
415,282378,-1
415,087980,-1
415,214430,-1
415,018839,-1
415,203226,0
415,057941,-1
415,028176,-1
415,150638,-1
415,199085,-1
415,128344,-1
415,197702,-1
415,218803,-1
415,184719,-1
415,046489,-1
415,128405,-1
415,186200,1
415,000348,-1
415,142119,-1
415,218502,-1
415,078941,-1
415,065346,0
415,217513,-1
415,064630,-1
415,058394,-1
415,133094,-1
415,283049,-1
415,167555,0
415,088995,-1
415,261487,-1
415,108508,-1
415,119297,1
415,207345,-1
415,092305,-1
415,101742,-1
415,073879,-1
415,091694,-1
415,230609,-1
415,116857,-1
415,158482,-1
415,242730,-1
415,285903,-1
415,146034,-1
415,280307,-1
415,240057,-1
415,164537,-1
415,158848,-1
415,126256,-1
415,245594,-1
415,000401,-1
415,162468,-1
415,264278,0
415,112799,-1
415,025157,-1
415,022881,-1
415,091176,-1
415,154908,-1
415,208010,1
415,214592,-1
415,197974,-1
415,269782,1
415,218826,-1
415,165430,-1
415,153853,1
415,228310,-1
415,275433,-1
415,252906,-1
415,245242,-1
415,146745,-1
415,148497,-1
415,076255,-1
415,133918,1
415,138616,-1
415,015628,-1
415,091486,1
415,208879,-1
415,135929,-1
415,010691,-1
415,011502,-1
415,205077,1
415,007582,-1
415,146425,-1
415,169210,-1
415,142841,-1
415,239088,-1
415,265009,-1
415,204130,1
415,030722,-1
415,260103,-1
415,092200,-1
415,157679,-1
415,128437,-1
415,213415,-1
415,127383,-1
415,150921,-1
415,168562,-1
415,098530,-1
415,116717,1
415,215841,1
415,146534,-1
415,243176,-1
415,121375,-1
415,285734,-1
415,259872,1
415,163981,-1
415,205681,-1
415,112278,-1
415,155381,1
415,128319,-1
415,285721,-1
415,027241,-1
415,095095,-1
415,149078,1
415,201026,-1
415,188325,1
415,118561,-1
415,218179,-1
415,263038,-1
415,154841,-1
415,178254,-1
415,255992,-1
415,252750,-1
415,077519,-1
415,155382,1
415,154977,-1
415,018577,-1
415,161464,-1
415,117913,-1
415,108622,-1
415,218292,-1
415,288706,-1
415,218662,1
415,231398,-1
415,099116,-1
415,287923,0
415,154547,-1
415,205972,-1
415,046071,1
415,266984,-1
415,160094,-1
415,100506,1
415,211044,-1
415,207630,-1
415,238776,-1
415,268250,-1
415,261954,-1
415,205783,-1
415,165085,-1
415,153919,-1
415,003757,-1
415,234498,-1
415,159795,1
415,144754,1
415,214741,-1
415,159794,1
415,039145,0
415,206130,-1
415,210568,-1
415,241382,-1
415,216054,-1
415,203383,-1
415,204720,-1
415,025586,-1
415,201253,-1
415,004952,-1
415,196543,1
415,239925,-1
415,264281,0
415,231643,-1
415,044445,-1
415,239687,-1
415,017794,-1
415,059982,1
415,120732,-1
415,132941,1
415,077297,0
415,058739,1
415,167888,-1
415,021253,-1
415,211274,-1
415,083182,-1
415,115530,-1
415,254382,-1
415,222380,-1
415,214679,-1
415,110637,-1
415,147295,-1
415,209862,-1
415,045558,1
415,201520,-1
415,124970,1
415,124971,1
415,110461,-1
415,231895,0
415,253971,1
415,066996,-1
415,126343,-1
415,120156,-1
415,182703,1
415,001449,-1
415,050946,-1
415,240239,-1
415,206196,-1
415,195304,-1
415,206584,-1
415,238760,-1
415,142820,-1
415,155059,-1
415,184469,-1
415,144218,1
415,016770,-1
415,069521,-1
415,014483,1
415,174867,-1
415,176996,-1
415,281220,-1
415,262711,-1
415,159784,-1
415,270455,-1
415,073361,-1
415,034075,-1
415,218370,-1
415,051605,-1
415,190500,-1
415,011171,-1
415,154933,-1
415,072535,-1
415,163882,-1
415,036836,-1
415,077571,-1
415,182303,1
415,281874,1
415,132151,-1
415,161022,-1
415,288765,-1
415,002444,-1
415,108492,-1
415,263331,-1
415,025496,-1
415,175896,1
415,207107,-1
415,215026,-1
415,220664,-1
415,147849,-1
415,208481,0
415,268883,1
415,115937,-1
415,228148,1
415,273083,-1
415,018942,-1
415,263758,1
415,077888,-1
415,210389,-1
415,212250,-1
415,008407,-1
415,007906,-1
415,257297,-1
415,060447,-1
415,046293,-1
415,157853,-1
415,174773,-1
415,103348,-1
415,070423,-1
415,251229,-1
415,159875,1
415,201841,-1
415,210169,-1
415,115712,-1
415,007391,1
415,217739,-1
415,012960,-1
415,204684,-1
415,176487,-1
415,111048,1
415,040938,-1
415,157852,-1
415,157579,-1
415,232917,1
415,214540,-1
415,205659,-1
415,163554,-1
415,168273,1
415,155665,-1
415,100140,-1
415,218072,-1
415,226250,-1
415,262439,-1
415,183098,-1
415,021105,-1
415,160131,-1
415,165897,-1
415,103596,-1
415,222272,-1
415,228125,-1
415,285725,-1
415,072837,-1
415,004705,1
415,118946,1
415,163696,-1
415,185329,-1
415,258202,-1
415,143927,-1
415,097184,-1
415,005072,-1
415,014207,-1
415,151478,-1
415,219121,-1
415,219977,-1
415,205832,-1
415,225677,1
415,122910,-1
415,094764,-1
415,204392,-1
415,198734,1
415,186635,-1
415,080404,-1
415,285744,-1
415,015173,1
415,213372,-1
415,001495,1
415,148172,-1
415,070169,-1
415,289672,-1
415,215704,1
415,211011,-1
415,271620,-1
415,207023,-1
415,143833,-1
415,232745,-1
415,010270,-1
415,002904,-1
415,201005,-1
415,203656,-1
415,123577,-1
415,168200,-1
415,087037,1
415,114518,-1
415,149561,-1
415,217953,-1
415,070175,-1
415,118089,-1
415,269163,-1
415,119310,-1
415,120122,-1
415,147791,-1
415,077548,-1
415,151013,-1
415,209034,-1
415,214773,1
415,008274,-1
415,089668,-1
415,206794,-1
415,215947,0
415,207104,-1
415,152536,-1
415,101505,-1
415,277805,-1
415,029366,-1
415,192181,-1
415,183797,-1
415,113284,-1
415,119801,-1
415,288782,-1
415,209254,-1
415,190356,-1
415,031358,-1
415,273274,-1
415,108066,-1
415,154937,-1
415,122229,-1
415,256421,-1
415,020274,-1
415,124447,1
415,208080,-1
415,206352,-1
415,217104,-1
415,103342,-1
415,153931,-1
415,201814,-1
415,287876,-1
415,208620,-1
415,182347,-1
415,208430,-1
415,214063,-1
415,196505,-1
415,068116,-1
415,020831,-1
415,186153,-1
415,268314,1
415,207511,-1
415,204230,-1
415,277647,-1
415,136071,-1
415,042922,1
415,217385,-1
415,268305,-1
415,018945,1
415,152386,-1
415,180758,-1
415,211992,-1
415,150654,-1
415,275018,-1
415,021396,-1
415,231809,-1
415,124772,-1
415,176104,-1
415,206136,-1
415,284440,-1
415,006692,-1
415,208479,0
415,086428,-1
415,126281,0
415,044574,-1
415,257701,-1
415,009230,1
415,148646,0
415,205078,1
415,166076,1
415,011195,1
415,272205,-1
415,223026,0
415,203393,-1
415,138611,-1
415,192098,-1
415,208617,0
415,166075,1
415,154735,-1
415,216318,-1
415,011650,-1
415,203362,-1
415,107874,-1
415,009439,-1
415,201180,-1
415,061433,1
415,272218,-1
415,279180,-1
415,215660,-1
415,107845,-1
415,141576,-1
415,120139,-1
415,012186,-1
415,121059,-1
415,052726,0
415,215493,-1
415,045435,-1
415,021834,-1
415,117919,-1
415,025992,1
415,135034,-1
415,179414,-1
415,028546,-1
415,209611,-1
415,156992,0
415,208923,-1
415,207782,-1
415,053232,1
415,207393,1
415,213055,-1
415,243207,-1
415,010551,-1
415,136816,-1
415,018913,1
415,052643,-1
415,008760,-1
415,169680,-1
415,040805,-1
415,100544,-1
415,157311,-1
415,239122,1
415,207835,-1
415,039099,1
415,208945,0
415,083402,-1
415,168118,-1
415,092774,-1
415,289979,-1
415,128322,-1
415,179802,-1
415,238764,-1
415,229205,-1
415,205242,-1
415,101394,-1
415,075677,-1
415,143960,-1
415,155189,-1
415,112186,-1
415,151852,-1
415,118603,-1
415,020607,-1
415,242969,-1
415,162284,-1
415,280315,-1
415,203657,-1
415,170748,-1
415,199293,-1
415,141351,-1
415,283518,-1
415,286780,-1
415,040658,-1
415,117841,-1
415,217794,-1
415,044637,-1
415,208823,1
415,206011,-1
415,283555,-1
415,101630,-1
415,052592,1
415,209015,-1
415,028228,0
415,113533,-1
415,207718,1
415,190290,-1
415,208277,-1
415,120001,-1
415,207772,-1
415,221070,-1
415,270749,-1
415,203332,-1
415,144585,-1
415,204762,-1
415,005862,1
415,216868,1
415,036204,-1
415,124226,-1
415,200742,0
415,202965,-1
415,007973,-1
415,150573,-1
415,036123,-1
415,188526,-1
415,010464,-1
415,289830,-1
415,038551,-1
415,000970,0
415,137178,-1
415,124332,1
415,200939,-1
415,264823,1
415,136051,-1
415,001752,-1
415,161028,-1
415,148813,-1
415,200269,-1
415,196212,-1
415,208956,-1
415,215976,1
415,283624,-1
415,164860,-1
415,016271,-1
415,067944,-1
415,230911,-1
415,219067,-1
415,177042,-1
415,058106,-1
415,126722,-1
415,184123,-1
415,284372,-1
415,207570,1
415,003597,-1
415,192551,1
415,217262,-1
415,042428,-1
415,124070,-1
415,216025,-1
415,025543,-1
415,122590,-1
415,180224,1
415,000022,-1
415,165164,-1
415,151781,-1
415,230915,-1
415,009933,-1
415,016204,-1
415,048756,-1
415,194707,-1
415,227003,-1
415,213233,1
415,161407,1
415,044633,-1
415,281811,-1
415,033106,-1
415,098222,-1
415,207356,-1
415,152954,-1
415,091333,-1
415,207601,-1
415,179870,-1
415,085701,-1
415,234137,-1
415,016962,-1
415,218430,-1
415,132142,-1
415,126271,-1
415,190266,-1
415,019074,-1
415,138363,-1
415,160026,-1
415,198275,-1
415,100939,-1
415,213846,-1
415,208683,1
415,062514,0
415,223760,-1
415,155455,-1
415,035441,-1
415,156818,-1
415,219039,-1
415,187293,-1
415,160374,-1
415,154536,1
415,217283,-1
415,204115,-1
415,122031,-1
415,205800,-1
415,155168,-1
415,061925,-1
415,109929,-1
415,110375,-1
415,122538,1
415,159840,-1
415,137167,-1
415,191891,-1
415,254246,-1
415,165221,1
415,075542,-1
415,064391,-1
415,088338,-1
415,150628,-1
415,001830,-1
415,183093,-1
415,219253,-1
415,208257,-1
415,010219,1
415,216399,-1
415,207495,0
415,270682,-1
415,114510,-1
415,269051,1
415,018937,-1
415,088938,-1
415,017724,-1
415,206893,-1
415,097807,-1
415,283660,1
415,185027,1
415,015014,-1
415,155033,-1
415,209198,-1
415,030256,-1
415,217170,-1
415,221332,-1
415,210339,-1
415,216965,-1
415,283543,-1
415,121527,-1
415,230617,-1
415,205531,-1
415,273081,-1
415,052777,-1
415,121856,-1
415,143204,-1
415,192648,-1
415,012404,-1
415,184357,-1
415,044647,-1
415,005543,-1
415,205387,-1
415,004927,1
415,021293,-1
415,116234,-1
415,119278,1
415,119088,1
415,110438,-1
415,150689,-1
415,270678,1
415,284343,-1
415,152611,-1
415,198189,-1
415,204744,-1
415,280026,-1
415,218491,-1
415,197133,-1
415,261035,-1
415,150456,-1
415,109108,1
415,160505,-1
415,202052,-1
415,177412,1
415,008172,-1
415,180135,-1
415,278795,-1
415,209868,-1
415,036551,-1
415,137830,-1
415,146558,-1
415,125268,-1
415,289971,-1
415,125392,-1
415,113532,-1
415,165002,-1
415,039372,-1
415,179566,-1
415,148152,-1
415,224887,-1
415,092775,-1
415,043313,-1
415,118294,-1
415,113343,1
415,231053,-1
415,110460,-1
415,163659,-1
415,213847,-1
415,091647,1
415,286856,1
415,207010,-1
415,241278,-1
415,286437,-1
415,209753,-1
415,115415,-1
415,003418,-1
415,262276,-1
415,214241,-1
415,206694,-1
415,006969,-1
415,218089,-1
415,015845,-1
415,111450,1
415,244866,-1
415,268166,-1
415,011708,-1
415,216750,-1
415,236434,-1
415,146423,-1
415,177781,0
415,100938,-1
415,125286,-1
415,076256,-1
415,200853,-1
415,170596,-1
415,044600,-1
415,197790,-1
415,269703,-1
415,287605,-1
415,222572,-1
415,188327,-1
415,190291,-1
415,261192,-1
415,168821,-1
415,075988,-1
415,203917,-1
415,007469,-1
415,237225,-1
415,236905,-1
415,177374,0
415,198905,-1
415,115159,-1
415,162155,-1
415,252231,-1
415,031600,-1
415,125893,-1
415,223437,-1
415,093384,1
415,206935,-1
415,204769,-1
415,008551,-1
415,184145,-1
415,276098,-1
415,148749,-1
415,214164,-1
415,203380,-1
415,262383,-1
415,126749,-1
415,015461,-1
415,121971,-1
415,018329,-1
415,155423,-1
415,101168,-1
415,155922,-1
415,203240,-1
415,164507,-1
415,024235,-1
415,209241,-1
415,204601,-1
415,167059,-1
415,115320,-1
415,052246,-1
415,085435,-1
415,016415,-1
415,089086,-1
415,151417,-1
415,276111,-1
415,168931,0
415,180708,-1
415,073616,-1
415,143121,-1
415,197427,-1
415,278229,1
415,217477,-1
415,179453,-1
415,094708,-1
415,125715,-1
415,201751,-1
415,116597,-1
415,028670,-1
415,149850,-1
415,218792,-1
415,027067,-1
415,121857,-1
415,113576,-1
415,075005,-1
415,169673,-1
415,135243,-1
415,111319,-1
415,093148,1
415,168792,-1
415,132007,-1
415,121328,-1
415,021099,-1
415,124068,-1
415,287585,-1
415,065446,-1
415,154938,-1
415,280759,-1
415,133465,-1
415,077339,-1
415,122463,-1
415,126793,-1
415,230694,-1
415,188596,-1
415,285258,-1
415,196928,-1
415,213451,-1
415,207872,-1
415,091239,-1
415,205693,-1
415,072554,-1
415,015401,-1
415,154224,-1
415,204533,-1
415,125446,-1
415,025332,-1
415,044899,1
415,272993,-1
415,267464,-1
415,098979,-1
415,289430,-1
415,141629,-1
415,089137,1
415,137123,-1
415,146430,-1
415,151699,-1
415,212071,-1
415,215666,-1
415,009602,-1
415,269773,1
415,177491,-1
415,217929,-1
415,168793,-1
415,178288,-1
415,214861,-1
415,206490,0
415,165307,-1
415,034918,-1
415,193434,1
415,101606,-1
415,211648,-1
415,237774,-1
415,044646,-1
415,234786,-1
415,007910,-1
415,253023,-1
415,218477,1
415,210464,1
415,275710,-1
415,120839,-1
415,090804,-1
415,154890,-1
415,266973,-1
415,077649,-1
415,048451,-1
415,154957,-1
415,258164,-1
415,101586,-1
415,218522,-1
415,213639,-1
415,102967,-1
415,206208,1
415,177413,0
415,092409,-1
415,247181,-1
415,094230,-1
415,016033,1
415,009871,-1
415,206603,0
415,218301,-1
415,066439,-1
415,218880,-1
415,015289,-1
415,188542,-1
415,034714,-1
415,283769,-1
415,236794,-1
415,003232,-1
415,128249,-1
415,171491,-1
415,195922,-1
415,129261,-1
415,289432,-1
415,149835,-1
415,025540,-1
415,151196,-1
415,112380,-1
415,201957,-1
415,201434,-1
415,242682,-1
415,131780,1
415,231496,-1
415,202217,1
415,183794,-1
415,105727,-1
415,204480,-1
415,113421,1
415,151459,-1
415,212030,-1
415,089862,-1
415,218318,1
415,059873,-1
415,194703,-1
415,141888,-1
415,160900,-1
415,243494,-1
415,119107,-1
415,136460,-1
415,209138,1
415,128302,-1
415,157585,-1
415,008504,-1
415,129719,-1
415,173222,-1
415,182077,-1
415,073101,-1
415,164954,-1
415,043241,0
415,151458,-1
415,215859,-1
415,196954,-1
415,258193,-1
415,093436,-1
415,017566,-1
415,153062,-1
415,010563,1
415,115928,-1
415,164471,1
415,052257,-1
415,219744,-1
415,176702,-1
415,205544,-1
415,018938,-1
415,138004,-1
415,250166,-1
415,197975,-1
415,109134,-1
415,116531,1
415,124052,-1
415,202238,-1
415,216681,-1
415,286227,-1
415,068082,-1
415,112585,-1
415,065326,-1
415,206144,0
415,218069,1
415,216980,-1
415,101323,-1
415,031009,1
415,039886,-1
415,219645,-1
415,251674,0
415,099337,-1
415,131760,-1
415,003845,-1
415,037090,-1
415,089764,-1
415,223844,-1
415,067075,-1
415,217226,-1
415,217173,-1
415,213040,-1
415,242440,-1
415,263170,-1
415,285094,-1
415,090650,-1
415,106010,-1
415,091684,-1
415,016311,-1
415,216958,-1
415,031059,1
415,269828,-1
415,204473,-1
415,007300,-1
415,285547,-1
415,000134,-1
415,115388,-1
415,077567,-1
415,204517,-1
415,205148,-1
415,130551,-1
415,112566,1
415,107568,-1
415,268543,-1
415,152907,-1
415,150632,-1
415,008785,-1
415,209515,-1
415,239568,-1
415,233318,-1
415,012578,-1
415,236541,-1
415,015824,-1
415,024436,-1
415,129909,-1
415,168621,-1
415,190027,-1
415,216498,-1
415,234229,-1
415,137722,1
415,139285,-1
415,137829,1
415,116349,-1
415,140522,-1
415,016682,-1
415,190032,1
415,058152,-1
415,218131,-1
415,102101,-1
415,109337,-1
415,083177,-1
415,195143,-1
415,134477,-1
415,214218,-1
415,060299,-1
415,196767,-1
415,236438,-1
415,223939,0
415,207185,-1
415,207979,1
415,093555,-1
415,204605,-1
415,021873,-1
415,151105,-1
415,069304,1
415,015206,1
415,216548,-1
415,102477,1
415,102478,1
415,069305,1
415,086767,-1
415,091732,-1
415,281604,-1
415,045134,-1
415,179319,-1
415,125541,1
415,008359,-1
415,264157,1
415,264230,-1
415,264054,-1
415,126536,-1
415,070538,-1
415,136936,1
415,114706,-1
415,271017,-1
415,195130,-1
415,174788,1
415,216599,-1
415,176102,-1
415,082530,1
415,088178,0
415,014508,-1
415,232718,-1
415,161079,-1
415,265185,-1
415,207145,-1
415,079472,1
415,227792,-1
415,068015,-1
415,010697,-1
415,190940,-1
415,146995,-1
415,185216,-1
415,216856,-1
415,049591,-1
415,079463,-1
415,086049,-1
415,156626,-1
415,207067,-1
415,123794,-1
415,277187,-1
415,180547,-1
415,261534,-1
415,015123,-1
415,166796,-1
415,190868,1
415,016385,-1
415,244361,-1
415,257290,-1
415,088578,-1
415,201013,-1
415,135648,-1
415,201979,-1
415,027207,-1
415,062630,-1
415,091825,-1
415,194917,-1
415,126288,-1
415,152379,-1
415,111358,-1
415,207822,-1
415,149384,-1
415,169834,1
415,180036,-1
415,217604,-1
415,029140,-1
415,203414,-1
415,203208,-1
415,118118,-1
415,218390,-1
415,043327,1
415,180316,-1
415,215050,-1
415,242736,-1
415,018245,-1
415,190896,0
415,094752,-1
415,156412,-1
415,097616,0
415,186279,-1
415,093469,1
415,077303,-1
415,078273,1
415,208590,-1
415,214957,-1
415,011155,-1
415,253802,1
415,204976,-1
415,031031,-1
415,091271,-1
415,161036,-1
415,001496,-1
415,160606,-1
415,133751,-1
415,279593,-1
415,007536,-1
415,280100,-1
415,017661,-1
415,215070,1
415,214776,-1
415,288431,-1
415,264704,-1
415,271639,-1
415,092174,1
415,217631,-1
415,020464,1
415,084713,-1
415,237628,1
415,214676,-1
415,040187,-1
415,151178,-1
415,275429,-1
415,030799,-1
415,178941,-1
415,212534,-1
415,141188,1
415,170642,1
415,035860,1
415,033912,-1
415,197686,-1
415,183057,-1
415,244982,-1
415,007014,-1
415,143069,1
415,265537,-1
415,044732,-1
415,099232,-1
415,114262,-1
415,239032,-1
415,010704,-1
415,160617,-1
415,258212,-1
415,214532,-1
415,187843,-1
415,224021,1
415,224027,1
415,225264,-1
415,236748,1
415,233107,-1
415,236772,-1
415,227529,-1
415,205750,-1
415,230209,-1
415,138495,-1
415,078156,-1
415,208448,-1
415,232192,1
415,209480,-1
415,206511,-1
415,012715,-1
415,253623,-1
415,029176,-1
415,207378,-1
415,267200,-1
415,217665,-1
415,072156,-1
415,177475,-1
415,151815,-1
415,052790,-1
415,012668,-1
415,242453,-1
415,092064,-1
415,164269,-1
415,198890,-1
415,220037,-1
415,098554,-1
415,041935,1
415,217617,-1
415,222857,1
415,014026,-1
415,212068,1
415,075687,1
415,274608,1
415,215165,-1
415,133188,-1
415,244080,-1
415,203872,-1
415,100478,-1
415,006503,-1
415,213580,-1
415,207698,-1
415,207018,-1
415,155579,-1
415,036817,-1
415,219961,-1
415,137597,-1
415,218603,-1
415,067586,-1
415,269825,-1
415,160773,1
415,223911,-1
415,163506,-1
415,208314,-1
415,200615,-1
415,169290,-1
415,244411,-1
415,243348,-1
415,101473,-1
415,184054,-1
415,185503,-1
415,174426,1
415,133221,-1
415,199385,-1
415,048951,-1
415,233726,-1
415,105707,-1
415,174431,1
415,174411,1
415,160152,-1
415,220101,0
415,130520,-1
415,141306,-1
415,278526,-1
415,177463,-1
415,023190,1
415,156625,-1
415,090154,-1
415,206080,-1
415,164700,-1
415,152627,-1
415,003034,1
415,183028,-1
415,277356,-1
415,142498,-1
415,266206,-1
415,153468,-1
415,165153,-1
415,125292,-1
415,206926,-1
415,160629,-1
415,065175,-1
415,274023,-1
415,118087,-1
415,267254,-1
415,190064,-1
415,149510,-1
415,216069,-1
415,167060,-1
415,218510,-1
415,081503,-1
415,236480,-1
415,043585,-1
415,039707,-1
415,190763,-1
415,177187,-1
415,221441,-1
415,208251,-1
415,164637,-1
415,125888,1
415,014829,1
415,218834,1
415,230470,0
415,289370,-1
415,002175,1
415,015167,-1
415,154648,-1
415,064589,1
415,043511,1
415,276256,-1
415,061805,-1
415,174958,1
415,076434,-1
415,043227,1
415,192401,-1
415,032852,1
415,107569,-1
415,239849,-1
415,158178,0
415,272669,1
415,244591,-1
415,164455,1
415,198885,-1
415,164452,-1
415,199277,-1
415,204273,-1
415,059562,-1
415,151465,-1
415,187267,1
415,025665,-1
415,085386,-1
415,000922,-1
415,126855,-1
415,239526,-1
415,095416,-1
415,219027,-1
415,155753,-1
415,076117,-1
415,194860,-1
415,200967,-1
415,126745,-1
415,075286,1
415,133445,-1
415,108045,-1
415,209678,-1
415,227622,-1
415,265407,-1
415,004937,-1
415,213683,-1
415,019742,-1
415,169046,-1
415,040981,1
415,163499,-1
415,041843,-1
415,176759,-1
415,025889,1
415,091946,-1
415,210298,-1
415,260553,1
415,222488,-1
415,173117,1
415,216685,-1
415,103295,-1
415,145644,-1
415,184834,-1
415,030316,-1
415,204564,-1
415,198457,-1
415,204497,1
415,171431,-1
415,128818,-1
415,268754,-1
415,095297,-1
415,176419,1
415,067714,1
415,038063,-1
415,177472,-1
415,163667,-1
415,126495,1
415,209242,-1
415,217035,-1
415,169912,-1
415,286142,-1
415,009905,-1
415,189256,-1
415,186024,-1
415,076608,-1
415,166260,-1
415,118932,-1
415,204821,-1
415,158297,-1
415,269531,1
415,014961,-1
415,250001,-1
415,150525,-1
415,216006,-1
415,124026,-1
415,083174,-1
415,090365,-1
415,124199,-1
415,085995,-1
415,161278,-1
415,160520,-1
415,142312,-1
415,034560,-1
415,098888,-1
415,118270,1
415,008231,-1
415,035591,-1
415,004158,1
415,282356,-1
415,109557,-1
415,122597,-1
415,262293,-1
415,206400,-1
415,208105,1
415,203982,-1
415,051842,-1
415,236759,-1
415,227329,1
415,007633,-1
415,000058,-1
415,225686,-1
415,184172,-1
415,218809,-1
415,070122,-1
415,117944,-1
415,254449,-1
415,054464,1
415,140378,-1
415,159834,-1
415,053986,-1
415,148877,-1
415,234373,-1
415,044112,-1
415,216973,-1
415,052496,-1
415,218898,-1
415,209207,-1
415,254185,-1
415,060474,1
415,003485,-1
415,148247,-1
415,019886,-1
415,166890,-1
415,122163,-1
415,213373,-1
415,273389,-1
415,282358,-1
415,073617,-1
415,205192,-1
415,013995,-1
415,005723,1
415,010513,-1
415,199583,-1
415,117417,-1
415,213935,1
415,017949,-1
415,187186,-1
415,122824,-1
415,166261,-1
415,119739,-1
415,125619,-1
415,167423,-1
415,180219,-1
415,126465,1
415,021832,-1
415,000144,-1
415,150472,-1
415,174671,-1
415,204882,-1
415,208477,-1
415,160363,1
415,161955,-1
415,006041,-1
415,148848,1
415,199258,-1
415,168788,-1
415,061714,-1
415,158539,-1
415,204655,-1
415,125447,-1
415,035478,-1
415,033818,-1
415,210997,-1
415,116245,-1
415,058757,-1
415,215759,-1
415,130744,-1
415,165068,-1
415,030932,-1
415,080786,-1
415,202994,-1
415,019196,-1
415,206975,-1
415,061741,-1
415,162188,1
415,156776,-1
415,250870,-1
415,065819,1
415,138336,-1
415,007598,-1
415,031820,-1
415,214521,1
415,094632,-1
415,206705,-1
415,148279,-1
415,060694,0
415,242571,-1
415,153746,1
415,287252,-1
415,270457,-1
415,262244,-1
415,044886,-1
415,243761,-1
415,142837,-1
415,266573,-1
415,077055,-1
415,143413,-1
415,279247,0
415,205337,-1
415,175816,-1
415,217882,-1
415,218160,-1
415,161085,-1
415,287009,-1
415,002870,-1
415,208214,-1
415,234351,-1
415,234368,-1
415,025040,-1
415,254027,-1
415,073878,-1
415,206631,-1
415,067077,-1
415,142750,-1
415,203455,-1
415,009849,-1
415,044991,-1
415,189712,-1
415,204471,-1
415,016965,-1
415,074136,-1
415,287934,-1
415,141466,-1
415,226183,-1
415,253464,-1
415,240263,-1
415,009177,-1
415,187334,1
415,038223,-1
415,207646,-1
415,261361,-1
415,208965,1
415,122990,-1
415,216127,-1
415,167424,-1
415,208074,-1
415,289791,-1
415,210788,-1
415,165691,-1
415,207392,-1
415,187552,1
415,217786,-1
415,063120,-1
415,164115,1
415,201508,1
415,167147,-1
415,210582,1
415,091335,1
415,064805,1
415,080929,-1
415,215283,-1
415,187232,-1
415,093105,-1
415,217985,-1
415,093552,-1
415,141627,-1
415,206503,1
415,218093,0
415,200134,1
415,167828,-1
415,126541,-1
415,090643,-1
415,122592,-1
415,028317,-1
415,206391,1
415,164638,-1
415,204203,-1
415,221900,1
415,221897,1
415,146456,-1
415,207680,-1
415,214363,-1
415,052209,-1
415,118213,1
415,288136,1
415,060478,1
415,183938,-1
415,148864,-1
415,118120,1
415,154140,-1
415,112419,1
415,117304,1
415,280598,-1
415,217039,-1
415,112330,1
415,112634,1
415,112248,1
415,112428,1
415,116950,1
415,282359,-1
415,076885,-1
415,085920,1
415,076641,-1
415,121583,-1
415,214735,1
415,210371,-1
415,094694,-1
415,126527,-1
415,208022,-1
415,263639,-1
415,113713,-1
415,166989,-1
415,206081,-1
415,204285,-1
415,275219,-1
415,259099,-1
415,015288,-1
415,148213,-1
415,095367,-1
415,020774,-1
415,131257,-1
415,014878,-1
415,161168,-1
415,091768,-1
415,038826,-1
415,289361,-1
415,192545,-1
415,117988,1
415,212533,1
415,001689,-1
415,200507,-1
415,288394,-1
415,208721,-1
415,033847,-1
415,169291,-1
415,207065,-1
415,085522,-1
415,209356,0
415,095619,-1
415,162995,-1
415,219055,-1
415,090370,-1
415,195492,-1
415,120394,-1
415,263341,-1
415,164643,-1
415,168968,-1
415,008612,1
415,116577,1
415,218523,-1
415,111726,-1
415,149542,-1
415,016780,-1
415,060260,-1
415,199128,-1
415,209452,-1
415,123460,-1
415,240488,-1
415,134916,-1
415,097476,-1
415,204321,-1
415,008088,-1
415,110433,-1
415,082362,-1
415,231475,-1
415,268424,1
415,206895,-1
415,116712,-1
415,133376,1
415,162661,-1
415,214853,-1
415,082498,1
415,208679,-1
415,208291,-1
415,161373,-1
415,009558,-1
415,283661,-1
415,005212,1
415,208697,-1
415,161174,-1
415,129014,-1
415,048098,-1
415,079242,-1
415,219102,-1
415,183213,1
415,210277,-1
415,151943,-1
415,190752,-1
415,037283,-1
415,176324,-1
415,004393,-1
415,127753,-1
415,163772,-1
415,164889,-1
415,215531,-1
415,091171,1
415,006710,1
415,116313,-1
415,086070,-1
415,159608,1
415,252905,-1
415,215762,0
415,279258,-1
415,091545,1
415,229611,-1
415,163591,-1
415,180412,-1
415,218195,-1
415,211750,-1
415,231403,-1
415,215522,-1
415,152350,-1
415,041792,-1
415,016576,-1
415,142435,-1
415,209306,-1
415,217232,-1
415,044001,-1
415,117024,-1
415,152668,-1
415,260012,-1
415,204221,-1
415,281812,-1
415,150984,-1
415,198088,-1
415,103711,-1
415,199662,1
415,264524,-1
415,184323,-1
415,213387,-1
415,038468,-1
415,001930,-1
415,161182,-1
415,219310,-1
415,176368,-1
415,260218,-1
415,164724,-1
415,259548,-1
415,044077,1
415,012126,-1
415,268417,-1
415,111700,-1
415,203210,-1
415,207980,-1
415,027718,-1
415,217428,-1
415,008427,-1
415,232538,-1
415,129614,-1
415,030169,-1
415,155912,-1
415,184638,-1
415,125382,-1
415,179561,-1
415,181029,-1
415,181681,-1
415,229066,-1
415,221948,1
415,144167,-1
415,150483,-1
415,170240,-1
415,005781,-1
415,287972,-1
415,178730,-1
415,200598,-1
415,155106,-1
415,188057,-1
415,005264,-1
415,157587,-1
415,039255,-1
415,254827,-1
415,207542,-1
415,125534,-1
415,052450,-1
415,188541,-1
415,113077,-1
415,165047,-1
415,235484,1
415,263588,-1
415,002361,-1
415,132462,-1
415,172135,1
415,039059,-1
415,143958,-1
415,244937,-1
415,079278,-1
415,018095,-1
415,126003,-1
415,061299,1
415,074395,-1
415,007098,-1
415,187524,-1
415,128714,-1
415,005724,-1
415,206082,-1
415,042386,1
415,164886,-1
415,115578,1
415,036827,-1
415,041219,-1
415,191480,1
415,206244,-1
415,191458,0
415,127548,-1
415,281255,1
415,198521,-1
415,009004,-1
415,236237,-1
415,160607,-1
415,285514,-1
415,161540,1
415,263621,-1
415,167715,-1
415,208144,1
415,216467,1
415,135313,-1
415,227302,-1
415,117023,-1
415,161537,1
415,174196,-1
415,205012,-1
415,104001,-1
415,250719,-1
415,164586,-1
415,118119,-1
415,109239,1
415,236122,1
415,123257,-1
415,212040,1
415,006598,-1
415,212135,-1
415,232242,-1
415,208058,-1
415,216706,-1
415,189840,-1
415,194542,0
415,216508,-1
415,011663,-1
415,196527,1
415,217169,-1
415,197168,1
415,208826,-1
415,218402,-1
415,070828,-1
415,209956,-1
415,212558,-1
415,008644,-1
415,102230,1
415,086649,-1
415,100887,1
415,100880,1
415,100901,1
415,036427,-1
415,102150,-1
415,194117,-1
415,100619,1
415,160530,-1
415,213543,-1
415,206887,-1
415,204477,-1
415,020879,-1
415,266877,1
415,244490,-1
415,176827,-1
415,219390,1
415,129207,-1
415,123086,1
415,197637,-1
415,253727,1
415,101805,-1
415,148392,-1
415,025258,-1
415,182025,-1
415,128667,-1
415,101402,-1
415,251510,1
415,219955,-1
415,149201,-1
415,174698,-1
415,187551,1
415,009421,-1
415,027362,-1
415,263635,-1
415,150687,-1
415,011071,-1
415,235863,-1
415,200181,1
415,213629,-1
415,087278,1
415,102198,1
415,043305,1
415,166897,1
415,082911,1
415,150586,-1
415,150651,-1
415,203956,-1
415,008737,-1
415,120305,1
415,211850,0
415,232198,-1
415,080538,-1
415,203923,-1
415,205120,-1
415,060503,-1
415,222263,-1
415,184574,-1
415,215975,-1
415,016023,-1
415,234527,-1
415,194157,-1
415,046856,-1
415,039302,-1
415,212394,-1
415,204204,-1
415,206901,1
415,254023,-1
415,238504,-1
415,152964,1
415,142705,-1
415,234332,-1
415,062932,-1
415,094455,-1
415,214178,-1
415,018940,1
415,085097,-1
415,215260,-1
415,194744,-1
415,001469,-1
415,264822,-1
415,059223,-1
415,108450,-1
415,207684,-1
415,066094,1
415,030883,-1
415,284280,-1
415,226534,-1
415,184816,-1
415,125378,-1
415,227227,-1
415,155735,-1
415,016262,-1
415,205074,1
415,062257,-1
415,011558,-1
415,209417,-1
415,216020,-1
415,184878,-1
415,185660,-1
415,205072,1
415,010776,-1
415,184711,-1
415,115075,1
415,111037,-1
415,111934,-1
415,269212,-1
415,125506,-1
415,202020,-1
415,241183,-1
415,206681,-1
415,218947,-1
415,198537,-1
415,155724,-1
415,007970,-1
415,235870,-1
415,063719,1
415,202915,-1
415,206966,1
415,155444,-1
415,287113,-1
415,101575,-1
415,272851,-1
415,142018,-1
415,080017,1
415,190712,0
415,282544,-1
415,195790,1
415,193635,-1
415,205622,-1
415,154063,-1
415,029978,-1
415,123750,-1
415,133299,-1
415,184913,-1
415,173342,-1
415,015234,-1
415,141536,-1
415,109718,-1
415,186785,-1
415,219629,-1
415,286132,-1
415,122224,-1
415,169580,-1
415,204651,-1
415,123809,-1
415,250391,-1
415,100998,1
415,206953,-1
415,158282,-1
415,205338,-1
415,288111,-1
415,091227,1
415,206595,-1
415,285024,0
415,217462,-1
415,207391,-1
415,087290,-1
415,287022,-1
415,122437,-1
415,037210,-1
415,163357,1
415,287346,-1
415,217139,0
415,207184,0
415,214848,0
415,122343,-1
415,267910,1
415,217828,-1
415,143123,-1
415,108793,1
415,044642,-1
415,206076,-1
415,072279,-1
415,136603,-1
415,117001,-1
415,108253,1
415,116557,-1
415,193529,-1
415,240777,-1
415,261234,-1
415,110013,-1
415,219719,-1
415,126785,-1
415,063068,-1
415,043342,1
415,078461,-1
415,020709,-1
415,218582,-1
415,207447,-1
415,124341,-1
415,267028,-1
415,261205,-1
415,186008,-1
415,121523,-1
415,099850,-1
415,171512,-1
415,129140,-1
415,143122,-1
415,215606,1
415,194754,-1
415,060504,-1
415,282382,-1
415,036899,-1
415,244743,-1
415,268332,-1
415,214569,-1
415,116829,-1
415,221064,1
415,061853,-1
415,157947,-1
415,091750,1
415,205674,-1
415,216774,-1
415,092247,0
415,118169,-1
415,210766,-1
415,163332,-1
415,000865,-1
415,137086,-1
415,233282,-1
415,269578,-1
415,253792,-1
415,254344,-1
415,160481,-1
415,151900,-1
415,253478,-1
415,147691,0
415,209448,-1
415,009168,-1
415,128416,-1
415,148281,-1
415,025257,-1
415,109012,-1
415,212706,-1
415,206306,1
415,207309,-1
415,060159,-1
415,152646,-1
415,087049,-1
415,141966,-1
415,218578,-1
415,197788,-1
415,263145,-1
415,195774,-1
415,216027,-1
415,154902,0
415,180557,-1
415,127009,-1
415,046044,-1
415,164900,-1
415,214981,-1
415,115809,-1
415,166522,-1
415,200073,1
415,204331,-1
415,284193,-1
415,064862,1
415,124344,-1
415,214232,-1
415,127183,-1
415,016200,-1
415,212106,0
415,029114,-1
415,051644,-1
415,196498,-1
415,001744,-1
415,069382,-1
415,264935,-1
415,212609,-1
415,034982,-1
415,216093,1
415,063848,1
415,113878,-1
415,000154,-1
415,011712,-1
415,217051,-1
415,120649,1
415,223517,-1
415,206124,-1
415,151560,1
415,043037,-1
415,062647,-1
415,090391,-1
415,287461,-1
415,014328,-1
415,059522,-1
415,152904,-1
415,207678,1
415,153452,0
415,233611,-1
415,100920,-1
415,200851,-1
415,240960,-1
415,269718,-1
415,211222,-1
415,150967,-1
415,102926,-1
415,179801,-1
415,204263,-1
415,043632,-1
415,195495,1
415,202237,-1
415,091455,1
415,286341,-1
415,207263,1
415,206271,-1
415,204609,-1
415,198824,-1
415,231364,1
415,133427,-1
415,195494,1
415,176166,-1
415,086262,-1
415,195777,1
415,201540,-1
415,102555,-1
415,146274,-1
415,195921,-1
415,129989,-1
415,155195,-1
415,212311,-1
415,240319,-1
415,232387,-1
415,147008,-1
415,068643,-1
415,230354,-1
415,148766,-1
415,059538,-1
415,208698,-1
415,180098,-1
415,175872,-1
415,151502,-1
415,287013,1
415,198308,-1
415,008935,-1
415,124610,0
415,110395,-1
415,206691,-1
415,222538,-1
415,231093,-1
415,239129,-1
415,018646,-1
415,231760,1
415,268556,-1
415,239534,-1
415,210374,-1
415,098384,-1
415,044835,-1
415,050167,-1
415,139365,-1
415,200614,-1
415,045347,-1
415,035888,-1
415,218145,1
415,170195,-1
415,219012,1
415,001730,-1
415,217234,-1
415,018585,-1
415,143661,-1
415,216525,-1
415,091685,1
415,259860,-1
415,139159,-1
415,121252,-1
415,190498,-1
415,224205,-1
415,074734,-1
415,206635,-1
415,180995,-1
415,153884,-1
415,097366,-1
415,219257,-1
415,216890,-1
415,200824,-1
415,038568,-1
415,195258,-1
415,208364,-1
415,254319,-1
415,101548,-1
415,152748,1
415,099832,-1
415,025314,-1
415,284738,-1
415,091991,-1
415,204907,-1
415,044264,0
415,086623,-1
415,199873,-1
415,155363,-1
415,142462,-1
415,208694,-1
415,218927,-1
415,126652,-1
415,050939,-1
415,214757,-1
415,060742,-1
415,117031,-1
415,135701,-1
415,162839,-1
415,154482,-1
415,153529,-1
415,160109,-1
415,285437,-1
415,127307,-1
415,045213,-1
415,216866,-1
415,186395,1
415,261685,-1
415,192190,1
415,271891,1
415,205208,-1
415,000679,-1
415,187697,1
415,206532,-1
415,206029,-1
415,232539,-1
415,033978,-1
415,016207,-1
415,229126,-1
415,074396,-1
415,284924,1
415,281916,-1
415,152930,-1
415,020545,-1
415,165166,-1
415,091075,-1
415,228762,1
415,156027,-1
415,234407,-1
415,198194,-1
415,083610,1
415,164849,-1
415,099864,-1
415,229307,-1
415,091193,-1
415,164404,-1
415,209056,-1
415,076947,-1
415,244193,-1
415,132112,-1
415,242628,-1
415,086130,-1
415,130548,-1
415,051122,-1
415,288721,-1
415,040263,-1
415,094130,-1
415,267213,-1
415,202541,-1
415,089760,1
415,208081,-1
415,146365,-1
415,168823,-1
415,198869,-1
415,105452,-1
415,101960,-1
415,045735,-1
415,213335,-1
415,089372,-1
415,227536,-1
415,044953,-1
415,232457,-1
415,205618,-1
415,124533,-1
415,208804,-1
415,217991,-1
415,188378,1
415,273087,1
415,184613,1
415,207631,-1
415,249862,-1
415,286968,1
415,002985,1
415,047549,-1
415,206359,-1
415,220336,-1
415,121094,-1
415,287632,-1
415,229167,-1
415,082381,-1
415,200970,-1
415,125571,-1
415,282764,-1
415,155592,-1
415,287121,-1
415,067601,-1
415,179792,1
415,036581,-1
415,278955,1
415,085827,-1
415,078062,1
415,129338,-1
415,137342,-1
415,016319,-1
415,123090,-1
415,206827,-1
415,223940,0
415,234499,-1
415,237960,-1
415,271020,-1
415,106790,-1
415,237193,-1
415,207883,-1
415,204185,-1
415,025953,1
415,280267,-1
415,019375,-1
415,045241,-1
415,008169,1
415,259565,-1
415,210202,-1
415,155082,-1
415,125471,-1
415,216957,-1
415,176026,-1
415,102591,-1
415,075235,1
415,067581,1
415,130126,-1
415,119605,-1
415,126499,-1
415,236520,1
415,265989,1
415,260531,-1
415,082118,-1
415,268165,1
415,204972,-1
415,086677,-1
415,173899,-1
415,145560,-1
415,118590,-1
415,110781,-1
415,139109,-1
415,090271,-1
415,273587,-1
415,233657,-1
415,150725,-1
415,205099,-1
415,001622,-1
415,219950,-1
415,185831,1
415,211417,-1
415,088530,-1
415,206167,-1
415,199834,-1
415,263567,-1
415,206862,-1
415,062536,-1
415,256691,-1
415,075360,-1
415,150313,-1
415,066491,-1
415,192253,-1
415,197035,-1
415,091535,-1
415,039031,-1
415,131888,-1
415,258822,-1
415,219929,0
415,189755,-1
415,287628,-1
415,164443,-1
415,208437,-1
415,194071,-1
415,065440,-1
415,000804,1
415,286504,-1
415,180073,-1
415,205503,-1
415,093571,-1
415,171179,-1
415,206414,-1
415,029642,-1
415,240017,-1
415,267651,-1
415,001487,-1
415,209575,-1
415,281625,1
415,032830,-1
415,118165,-1
415,175320,-1
415,104712,1
415,218164,-1
415,041931,-1
415,212476,-1
415,155112,-1
415,107051,-1
415,091932,-1
415,067216,1
415,267584,-1
415,071539,1
415,131464,-1
415,215521,0
415,152183,-1
415,091341,1
415,283486,-1
415,039130,-1
415,208704,-1
415,071118,0
415,009175,-1
415,047001,-1
415,205582,-1
415,116334,-1
415,042719,1
415,191687,-1
415,203881,0
415,238771,-1
415,266971,-1
415,117996,-1
415,229316,-1
415,154680,-1
415,159015,-1
415,112864,-1
415,008153,-1
415,081213,-1
415,124794,-1
415,232775,-1
415,256979,-1
415,196858,-1
415,217426,-1
415,217235,-1
415,165070,-1
415,198164,-1
415,099027,1
415,204305,-1
415,269101,-1
415,170308,-1
415,050945,-1
415,143925,-1
415,187430,-1
415,105726,-1
415,265995,-1
415,206652,0
415,187830,-1
415,198696,-1
415,217050,-1
415,211113,-1
415,212837,-1
415,085424,-1
415,080607,0
415,242307,-1
415,042401,1
415,140673,-1
415,123190,1
415,089769,-1
415,277180,-1
415,216481,1
415,002470,-1
415,131793,-1
415,239112,-1
415,160524,-1
415,288670,1
415,032590,-1
415,113226,-1
415,062948,1
415,117692,-1
415,287050,-1
415,272180,-1
415,191831,1
415,206762,-1
415,025128,-1
415,191341,1
415,263973,-1
415,151515,-1
415,218505,-1
415,204590,-1
415,071428,-1
415,067434,-1
415,256939,-1
415,281687,-1
415,192635,-1
415,258375,-1
415,286515,-1
415,086029,-1
415,000275,-1
415,014696,-1
415,249649,-1
415,204721,-1
415,193790,-1
415,117521,-1
415,060534,-1
415,005716,1
415,005165,-1
415,067988,1
415,083127,-1
415,088687,-1
415,093381,-1
415,120335,1
415,033286,1
415,031325,-1
415,118100,-1
415,238618,-1
415,030273,-1
415,053766,-1
415,053520,-1
415,238930,1
415,199054,-1
415,269486,-1
415,216129,0
415,214044,-1
415,208354,1
415,224933,-1
415,009589,-1
415,064680,1
415,216658,-1
415,200999,-1
415,142834,-1
415,043934,-1
415,210139,-1
415,064234,-1
415,207730,-1
415,223025,-1
415,083288,-1
415,093045,-1
415,053093,-1
415,075093,-1
415,213431,-1
415,125159,-1
415,139160,-1
415,152880,-1
415,155048,-1
415,209621,1
415,211004,-1
415,115304,-1
415,240283,-1
415,157571,-1
415,154971,-1
415,107308,-1
415,271603,-1
415,233489,-1
415,231689,-1
415,112384,-1
415,085348,-1
415,147701,-1
415,121319,-1
415,078515,1
415,188380,1
415,044599,-1
415,014499,-1
415,031035,-1
415,171635,-1
415,217133,-1
415,036013,-1
415,040161,-1
415,052292,-1
415,140746,1
415,091470,1
415,154042,-1
415,223014,-1
415,133171,-1
415,141662,-1
415,253532,-1
415,080059,-1
415,035002,-1
415,212435,-1
415,038622,-1
415,157642,-1
415,234929,-1
415,218328,-1
415,192300,-1
415,215797,-1
415,156068,-1
415,140217,-1
415,184058,-1
415,208895,-1
415,056225,1
415,018762,-1
415,173530,-1
415,289793,-1
415,209288,-1
415,217754,-1
415,038010,1
415,206970,-1
415,234471,-1
415,142710,-1
415,203433,-1
415,152983,-1
415,270710,-1
415,233066,-1
415,284897,-1
415,042005,-1
415,045771,-1
415,134002,1
415,269096,1
415,269991,-1
415,104601,-1
415,103765,-1
415,042405,1
415,016649,1
415,208710,-1
415,191623,-1
415,209361,-1
415,270788,-1
415,068898,-1
415,015519,1
415,122612,1
415,189022,-1
415,070592,-1
415,188297,-1
415,126311,-1
415,161312,-1
415,074587,-1
415,260663,-1
415,253460,-1
415,168235,-1
415,210395,-1
415,154987,-1
415,104291,0
415,019014,-1
415,202961,-1
415,202885,-1
415,006777,-1
415,282978,-1
415,209359,-1
415,016397,-1
415,033262,-1
415,176969,-1
415,139789,-1
415,095000,0
415,053260,-1
415,230190,1
415,025691,1
415,210040,-1
415,063047,-1
415,204045,-1
415,016950,-1
415,014262,-1
415,120687,-1
415,062232,-1
415,061439,1
415,216018,-1
415,152947,1
415,268353,1
415,024395,-1
415,119419,1
415,152896,-1
415,067001,1
415,283671,-1
415,183813,1
415,271858,-1
415,118833,-1
415,168831,-1
415,151093,-1
415,212491,-1
415,211791,-1
415,158847,-1
415,159746,-1
415,028593,1
415,096696,-1
415,186910,-1
415,190751,-1
415,057367,-1
415,224310,-1
415,218357,-1
415,208220,-1
415,123150,-1
415,103181,-1
415,115369,-1
415,270116,-1
415,217391,-1
415,013996,-1
415,185516,-1
415,097401,-1
415,068109,0
415,288646,-1
415,160463,-1
415,209829,-1
415,273345,-1
415,212760,-1
415,208610,-1
415,220542,-1
415,141661,-1
415,184904,-1
415,084377,-1
415,279387,-1
415,188402,-1
415,118684,-1
415,242986,-1
415,131270,-1
415,206701,1
415,202749,-1
415,127175,-1
415,096732,-1
415,034242,-1
415,124002,-1
415,106030,-1
415,207039,-1
415,092183,-1
415,018073,1
415,242074,0
415,088024,-1
415,113744,-1
415,042275,1
415,174155,-1
415,279583,-1
415,139209,-1
415,151253,-1
415,038896,-1
415,121034,-1
415,208548,1
415,287198,-1
415,152125,-1
415,244157,1
415,091046,-1
415,211578,-1
415,210048,-1
415,018399,-1
415,072857,-1
415,206495,-1
415,288126,-1
415,023450,-1
415,206265,-1
415,203481,-1
415,010735,-1
415,206120,0
415,213812,-1
415,179301,-1
415,008005,-1
415,217431,0
415,227394,-1
415,176138,-1
415,284493,-1
415,154896,-1
415,185139,-1
415,126667,-1
415,255519,-1
415,037477,-1
415,203896,-1
415,241659,1
415,146260,1
415,032853,-1
415,016531,-1
415,148057,-1
415,275504,-1
415,277555,-1
415,087035,-1
415,073360,-1
415,019535,1
415,092608,1
415,044145,-1
415,146442,-1
415,194316,-1
415,271275,-1
415,219628,-1
415,190906,-1
415,018515,1
415,128753,1
415,035821,1
415,235288,-1
415,072553,-1
415,072157,-1
415,145659,-1
415,069141,-1
415,166485,-1
415,075000,1
415,190780,-1
415,052758,-1
415,004597,-1
415,067713,-1
415,069200,-1
415,155738,-1
415,283628,-1
415,095250,-1
415,102314,-1
415,163609,-1
415,209703,1
415,001758,-1
415,064663,1
415,218291,1
415,209214,1
415,201375,-1
415,023388,-1
415,209201,-1
415,218019,-1
415,151889,-1
415,128491,-1
415,231041,-1
415,155885,-1
415,216678,-1
415,191979,-1
415,152463,-1
415,068999,-1
415,092208,-1
415,214348,-1
415,024688,-1
415,116177,-1
415,112320,-1
415,152163,-1
415,069418,-1
415,150623,-1
415,100999,1
415,207147,-1
415,271425,-1
415,025835,1
415,146758,-1
415,063411,0
415,067142,-1
415,058539,-1
415,253867,-1
415,284508,-1
415,210032,-1
415,093206,1
415,211502,-1
415,019804,-1
415,102373,-1
415,151225,-1
415,013365,-1
415,191196,-1
415,090082,-1
415,141658,-1
415,042600,-1
415,263599,-1
415,026548,-1
415,218278,-1
415,060888,-1
415,242545,-1
415,214389,-1
415,214925,-1
415,192077,-1
415,139016,-1
415,268293,-1
415,076528,-1
415,111109,-1
415,212652,-1
415,040888,-1
415,164140,-1
415,207541,-1
415,132138,-1
415,034621,-1
415,102786,-1
415,112212,-1
415,157141,-1
415,145372,-1
415,076342,-1
415,071104,1
415,079677,-1
415,029695,-1
415,104277,1
415,126145,-1
415,070479,-1
415,262149,-1
415,201857,-1
415,167982,-1
415,183702,-1
415,114488,-1
415,269044,1
415,140858,-1
415,192651,-1
415,028216,-1
415,176661,-1
415,001162,1
415,214341,-1
415,206724,-1
415,168545,-1
415,124535,-1
415,156568,0
415,068549,-1
415,140270,-1
415,142539,1
415,198298,-1
415,254437,-1
415,001135,-1
415,003995,-1
415,205738,-1
415,010284,-1
415,279385,-1
415,004664,-1
415,038183,-1
415,219435,-1
415,001726,-1
415,218188,1
415,267272,-1
415,013041,-1
415,214884,-1
415,258620,-1
415,100579,1
415,100988,1
415,281286,1
415,285809,-1
415,210031,-1
415,218450,1
415,177896,1
415,151805,-1
415,002488,-1
415,209916,0
415,199945,-1
415,244064,-1
415,112321,-1
415,272917,-1
415,092432,1
415,009435,-1
415,022105,-1
415,218033,-1
415,217674,-1
415,210158,-1
415,150555,-1
415,164709,-1
415,206554,-1
415,102159,-1
415,263636,-1
415,101848,-1
415,124428,-1
415,160561,-1
415,040303,-1
415,084139,-1
415,041865,1
415,160104,1
415,178357,-1
415,227112,1
415,098170,1
415,200639,-1
415,140891,-1
415,153725,-1
415,097866,-1
415,124101,-1
415,199056,-1
415,251616,-1
415,283557,-1
415,286477,-1
415,215889,-1
415,015013,-1
415,218905,-1
415,085864,-1
415,130013,-1
415,091521,1
415,218169,-1
415,206302,-1
415,187343,-1
415,191519,-1
415,115387,-1
415,219110,-1
415,050380,-1
415,153866,-1
415,062583,-1
415,054976,-1
415,253537,-1
415,207716,-1
415,210010,-1
415,016626,-1
415,286069,-1
415,036696,-1
415,262011,-1
415,123625,-1
415,181544,-1
415,040522,-1
415,016587,-1
415,154909,-1
415,262279,-1
415,028215,-1
415,170009,-1
415,001702,-1
415,183113,-1
415,006274,-1
415,114849,1
415,163482,-1
415,120738,-1
415,114505,1
415,208613,-1
415,082101,-1
415,177387,1
415,145434,-1
415,002591,-1
415,287182,-1
415,211066,-1
415,218267,-1
415,154596,-1
415,215554,-1
415,040712,-1
415,217887,-1
415,287624,-1
415,203690,-1
415,179152,-1
415,207400,-1
415,264082,-1
415,197990,-1
415,162580,1
415,147716,-1
415,192143,1
415,039864,-1
415,022551,-1
415,213906,-1
415,014940,-1
415,148207,-1
415,098889,-1
415,268402,-1
415,285174,-1
415,208504,-1
415,014700,-1
415,195128,1
415,207228,-1
415,197625,-1
415,126047,-1
415,093575,-1
415,240439,1
415,003886,-1
415,160730,-1
415,021705,-1
415,255092,-1
415,080255,-1
415,039161,-1
415,182540,1
415,147112,-1
415,118886,-1
415,150329,-1
415,155008,-1
415,007169,-1
415,204937,-1
415,205919,0
415,006843,-1
415,130176,-1
415,254806,-1
415,018196,-1
415,088275,-1
415,018765,-1
415,242620,-1
415,198924,-1
415,204085,-1
415,158867,-1
415,210282,-1
415,207058,-1
415,150899,-1
415,148952,-1
415,008485,1
415,148076,-1
415,195904,1
415,210103,-1
415,112287,-1
415,038005,-1
415,082709,-1
415,130480,-1
415,015629,-1
415,166834,-1
415,209948,-1
415,112494,-1
415,003411,-1
415,259022,1
415,209100,-1
415,218474,0
415,011996,-1
415,128059,-1
415,190835,1
415,165151,-1
415,120925,-1
415,100212,-1
415,099010,-1
415,174270,-1
415,109962,-1
415,021214,-1
415,218501,-1
415,085546,-1
415,204584,-1
415,062436,-1
415,196143,-1
415,286212,-1
415,113243,-1
415,131484,-1
415,162718,-1
415,247499,-1
415,113500,-1
415,059281,-1
415,203134,-1
415,076109,-1
415,184883,1
415,206626,1
415,279342,-1
415,134639,-1
415,205454,1
415,193644,-1
415,233984,-1
415,093316,-1
415,213201,1
415,151827,-1
415,054972,-1
415,006337,-1
415,125577,-1
415,209883,-1
415,199747,-1
415,143372,-1
415,179876,-1
415,064907,0
415,201426,-1
415,024086,-1
415,227932,-1
415,221984,1
415,141276,-1
415,076107,-1
415,019238,-1
415,200253,-1
415,154939,-1
415,252196,-1
415,136812,-1
415,092084,0
415,153129,-1
415,199055,-1
415,180698,-1
415,227600,-1
415,209898,1
415,070008,-1
415,219816,1
415,202671,-1
415,139186,-1
415,109303,1
415,229403,-1
415,019762,-1
415,170505,1
415,192221,-1
415,261365,-1
415,207616,-1
415,196635,1
415,210693,-1
415,189613,1
415,043926,-1
415,253267,-1
415,134331,-1
415,279452,-1
415,049010,-1
415,241781,-1
415,115960,-1
415,209768,-1
415,206371,-1
415,253786,-1
415,212617,-1
415,216526,-1
415,156751,-1
415,252014,-1
415,207525,-1
415,091197,1
415,127765,-1
415,234041,-1
415,289066,-1
415,182472,-1
415,233022,-1
415,010138,-1
415,043594,-1
415,008243,-1
415,004083,-1
415,163702,-1
415,184633,1
415,207976,0
415,205559,-1
415,287321,-1
415,095497,1
415,222206,1
415,183590,1
415,227476,1
415,209542,1
415,254446,-1
415,203969,-1
415,199748,-1
415,271254,-1
415,140472,1
415,212230,-1
415,097038,-1
415,270119,-1
415,051176,-1
415,235698,-1
415,285814,-1
415,270227,1
415,069054,-1
415,037818,-1
415,199245,-1
415,210682,-1
415,207807,-1
415,230614,-1
415,270189,1
415,089495,-1
415,163370,1
415,183340,-1
415,008458,-1
415,192225,1
415,194291,1
415,143272,-1
415,039338,-1
415,216877,-1
415,194734,-1
415,141946,-1
415,064893,-1
415,176641,1
415,254228,-1
415,282954,-1
415,150878,-1
415,236626,0
415,190393,1
415,087237,-1
415,155138,-1
415,063755,1
415,162160,-1
415,148275,-1
415,209772,-1
415,204288,-1
415,198515,-1
415,150614,-1
415,023864,-1
415,206294,-1
415,007835,-1
415,160324,1
415,032856,-1
415,194928,-1
415,174791,-1
415,142129,-1
415,127871,-1
415,133703,1
415,133702,1
415,163750,-1
415,211460,-1
415,102503,-1
415,050291,-1
415,146826,-1
415,224804,-1
415,227004,-1
415,094626,-1
415,023575,-1
415,093566,-1
415,173849,-1
415,222401,-1
415,087298,-1
415,044477,-1
415,241361,-1
415,113682,-1
415,182385,-1
415,071433,-1
415,210651,-1
415,202522,-1
415,202038,-1
415,019295,-1
415,225104,-1
415,151309,1
415,122110,1
415,179877,-1
415,203206,-1
415,035818,-1
415,174745,-1
415,264656,-1
415,122132,-1
415,203613,-1
415,006374,1
415,208996,1
415,064808,1
415,206412,-1
415,206815,-1
415,083067,-1
415,203533,-1
415,084235,-1
415,217537,1
415,003255,-1
415,220668,-1
415,209319,-1
415,288956,-1
415,067106,-1
415,282523,1
415,037800,-1
415,155726,-1
415,267917,-1
415,065886,-1
415,116634,-1
415,284752,-1
415,206415,-1
415,126023,-1
415,217993,-1
415,160723,-1
415,210410,-1
415,043366,-1
415,140314,-1
415,215894,1
415,216293,-1
415,123775,-1
415,043271,-1
415,165937,-1
415,203813,-1
415,102256,-1
415,099830,-1
415,233003,-1
415,134944,0
415,151604,-1
415,068788,-1
415,124517,-1
415,194557,-1
415,079408,-1
415,218467,-1
415,191980,-1
415,097002,-1
415,207078,-1
415,182082,-1
415,008408,-1
415,133213,-1
415,015651,-1
415,236806,-1
415,261736,-1
415,040783,-1
415,113259,-1
415,193978,-1
415,264432,-1
415,244712,-1
415,203030,-1
415,235977,-1
415,124790,-1
415,237768,-1
415,199680,-1
415,140807,-1
415,114898,-1
415,210224,-1
415,188320,-1
415,200756,-1
415,209074,-1
415,217312,-1
415,215534,-1
415,161888,-1
415,205023,-1
415,069330,-1
415,129266,-1
415,095524,-1
415,104606,-1
415,041805,-1
415,077031,1
415,192421,-1
415,057098,1
415,287613,-1
415,039878,-1
415,011854,-1
415,112532,-1
415,213137,-1
415,151828,-1
415,062582,-1
415,244737,-1
415,200784,-1
415,169396,1
415,164913,-1
415,215372,-1
415,155009,-1
415,061330,-1
415,258409,-1
415,138684,1
415,212225,-1
415,216117,-1
415,028073,-1
415,192609,-1
415,289882,-1
415,146825,-1
415,216782,-1
415,168900,-1
415,044083,-1
415,151279,-1
415,288255,-1
415,173075,1
415,002749,-1
415,018288,-1
415,224065,-1
415,162857,-1
415,234470,-1
415,198187,-1
415,112273,-1
415,270679,1
415,177085,1
415,184891,-1
415,230643,-1
415,150523,-1
415,209698,-1
415,210901,1
415,148739,-1
415,010040,-1
415,068731,1
415,279553,-1
415,205980,-1
415,107713,-1
415,202355,-1
415,266205,-1
415,126847,-1
415,289210,-1
415,213896,-1
415,057969,-1
415,091869,-1
415,203344,-1
415,256852,-1
415,077032,1
415,234236,-1
415,166891,-1
415,094097,-1
415,149039,-1
415,221375,-1
415,018192,-1
415,193633,-1
415,263970,-1
415,199208,-1
415,216638,-1
415,077470,1
415,218483,0
415,271941,-1
415,035777,-1
415,202359,-1
415,148593,-1
415,161697,-1
415,182399,-1
415,219154,-1
415,286113,-1
415,192509,-1
415,140653,-1
415,257592,-1
415,098244,-1
415,268941,-1
415,125056,-1
415,034219,-1
415,007191,-1
415,219467,-1
415,215233,-1
415,259235,1
415,053758,-1
415,108584,-1
415,162710,0
415,282816,-1
415,087151,1
415,119660,-1
415,280090,-1
415,026443,-1
415,154790,-1
415,039535,-1
415,180062,-1
415,152393,-1
415,268697,1
415,159017,-1
415,192179,-1
415,271161,-1
415,094624,1
415,204635,-1
415,069083,-1
415,199057,-1
415,126809,-1
415,211031,-1
415,268236,1
415,179725,1
415,097954,-1
415,066087,-1
415,196654,-1
415,218926,-1
415,216364,-1
415,242528,-1
415,201507,-1
415,213544,-1
415,208937,-1
415,078474,-1
415,001321,-1
415,274470,-1
415,046296,-1
415,281052,-1
415,158849,-1
415,240392,1
415,149445,-1
415,214028,1
415,206018,-1
415,044815,-1
415,077515,-1
415,101886,1
415,206057,-1
415,191112,-1
415,216955,-1
415,064617,-1
415,092236,1
415,240386,1
415,217556,-1
415,210981,-1
415,277107,-1
415,217158,1
415,241699,-1
415,061356,-1
415,037075,-1
415,191230,-1
415,133869,-1
415,187669,-1
415,145140,-1
415,107052,-1
415,092534,1
415,217636,-1
415,187453,-1
415,239535,-1
415,015048,-1
415,121336,-1
415,077482,-1
415,066440,-1
415,287592,-1
415,124834,-1
415,264889,-1
415,217288,-1
415,209694,-1
415,058293,1
415,005008,-1
415,244245,-1
415,216659,0
415,155024,-1
415,214544,-1
415,105330,-1
415,083677,-1
415,032300,-1
415,256937,-1
415,202286,1
415,035918,-1
415,013718,-1
415,181437,-1
415,156316,-1
415,213377,-1
415,093697,-1
415,051869,-1
415,213597,-1
415,269875,-1
415,253821,-1
415,179456,-1
415,119963,-1
415,001145,-1
415,164428,-1
415,145661,-1
415,124985,-1
415,086913,-1
415,103924,-1
415,064463,1
415,145113,-1
415,228246,-1
415,152642,-1
415,009396,-1
415,015393,-1
415,187244,-1
415,216310,-1
415,141814,-1
415,014772,-1
415,191702,-1
415,093338,-1
415,224792,-1
415,207363,-1
415,282508,-1
415,214519,1
415,215967,-1
415,144048,-1
415,222945,-1
415,231829,-1
415,190938,1
415,019977,-1
415,216349,-1
415,219870,-1
415,061400,-1
415,141197,-1
415,188752,-1
415,109346,-1
415,191003,1
415,151511,-1
415,199087,-1
415,064905,1
415,191361,-1
415,068275,-1
415,209614,-1
415,201222,0
415,185875,-1
415,103685,-1
415,218761,-1
415,028735,-1
415,131591,-1
415,218986,-1
415,193923,-1
415,217577,-1
415,125782,-1
415,029100,-1
415,289483,1
415,238119,-1
415,064064,-1
415,255074,-1
415,288697,-1
415,166884,-1
415,133976,-1
415,036645,-1
415,086800,-1
415,058013,-1
415,192252,1
415,155907,-1
415,000521,-1
415,078456,-1
415,217386,1
415,210545,-1
415,196571,-1
415,014953,-1
415,040754,1
415,119241,-1
415,163841,-1
415,041893,-1
415,094407,-1
415,070512,-1
415,044393,-1
415,175793,-1
415,155371,-1
415,130625,-1
415,009735,-1
415,229415,-1
415,204229,-1
415,065214,-1
415,143931,-1
415,186610,-1
415,008866,-1
415,206290,-1
415,194295,-1
415,253326,1
415,110063,-1
415,143951,-1
415,196186,-1
415,014096,-1
415,218374,-1
415,163133,-1
415,187571,1
415,019072,-1
415,287582,-1
415,218109,-1
415,055001,-1
415,169151,1
415,139997,-1
415,068818,-1
415,204112,-1
415,028833,-1
415,202718,-1
415,122422,-1
415,212624,-1
415,167954,-1
415,156834,1
415,093353,1
415,196777,-1
415,207405,-1
415,126393,0
415,202162,-1
415,006182,-1
415,008670,-1
415,068620,-1
415,132534,-1
415,013199,-1
415,203295,-1
415,022198,-1
415,193641,-1
415,204868,-1
415,040494,-1
415,064687,-1
415,204737,-1
415,206587,-1
415,221539,-1
415,184814,-1
415,085298,-1
415,219082,-1
415,151188,-1
415,193666,-1
415,286267,-1
415,263983,-1
415,038276,-1
415,014124,1
415,192493,-1
415,242731,-1
415,186407,1
415,200926,-1
415,203789,-1
415,008122,-1
415,134260,-1
415,143971,-1
415,199518,-1
415,034658,-1
415,221685,-1
415,205839,1
415,101897,-1
415,125077,-1
415,161366,-1
415,015309,-1
415,126730,-1
415,202851,-1
415,115961,-1
415,003427,-1
415,236798,-1
415,217791,-1
415,197255,-1
415,170050,-1
415,259030,-1
415,029534,-1
415,271367,-1
415,168127,-1
415,019234,-1
415,056262,-1
415,267996,-1
415,151215,-1
415,204713,1
415,223903,-1
415,181375,-1
415,149268,-1
415,011137,-1
415,233629,-1
415,108681,-1
415,283706,-1
415,193876,1
415,116746,1
415,114956,-1
415,070751,-1
415,146577,-1
415,120475,-1
415,079456,-1
415,110686,1
415,218068,-1
415,288635,-1
415,091364,-1
415,237808,-1
415,204523,-1
415,161839,-1
415,217300,-1
415,204307,-1
415,233079,1
415,199053,-1
415,145694,1
415,103652,-1
415,140143,-1
415,000867,-1
415,164456,1
415,229459,1
415,231223,-1
415,100197,-1
415,241765,-1
415,013290,-1
415,109862,1
415,229541,1
415,190624,-1
415,004524,-1
415,111236,-1
415,001710,-1
415,035878,-1
415,004567,-1
415,150445,1
415,009921,1
415,092407,-1
415,198117,-1
415,071228,-1
415,251045,-1
415,265965,1
415,208555,-1
415,127894,-1
415,041827,-1
415,221397,-1
415,183888,-1
415,261275,-1
415,169822,-1
415,034788,-1
415,199376,-1
415,068372,-1
415,145435,-1
415,009603,-1
415,240757,-1
415,029936,-1
415,032544,1
415,210090,-1
415,067754,-1
415,218867,-1
415,203972,-1
415,104401,-1
415,227382,-1
415,282518,-1
415,243225,-1
415,207692,-1
415,109392,1
415,217403,-1
415,147703,-1
415,151464,-1
415,177670,-1
415,148074,-1
415,062760,-1
415,118848,-1
415,206845,-1
415,050117,-1
415,219115,-1
415,218836,-1
415,197927,-1
415,213448,-1
415,289029,1
415,153983,-1
415,271738,-1
415,020000,-1
415,133047,-1
415,178381,-1
415,209926,-1
415,232590,-1
415,129632,-1
415,080585,0
415,128687,1
415,064115,-1
415,210659,-1
415,229080,-1
415,029041,-1
415,208482,-1
415,282379,-1
415,242579,-1
415,217923,-1
415,018626,1
415,216116,-1
415,139276,-1
415,152004,-1
415,287839,-1
415,194900,-1
415,165631,1
415,118460,-1
415,269776,1
415,109561,-1
415,155845,0
415,259193,-1
415,198367,-1
415,227016,0
415,077029,-1
415,277836,-1
415,131412,-1
415,197471,-1
415,260706,-1
415,189056,-1
415,137575,-1
415,100181,-1
415,131592,-1
415,215745,-1
415,269167,-1
415,254966,-1
415,169906,-1
415,176416,-1
415,126921,-1
415,211052,-1
415,087539,-1
415,239439,0
415,201324,-1
415,186820,-1
415,288457,-1
415,156962,-1
415,284966,-1
415,126509,-1
415,153025,-1
415,288509,-1
415,112829,-1
415,067535,1
415,210163,-1
415,041448,-1
415,216944,-1
415,098608,-1
415,052628,1
415,270757,-1
415,004540,-1
415,260137,0
415,171511,-1
415,288954,-1
415,155251,-1
415,244660,1
415,288403,-1
415,175412,-1
415,288896,-1
415,081127,1
415,281169,-1
415,199058,-1
415,078786,-1
415,134223,-1
415,286453,-1
415,213863,-1
415,266139,-1
415,190508,-1
415,151029,-1
415,127284,-1
415,035999,-1
415,145774,-1
415,076603,-1
415,197268,-1
415,126600,-1
415,018074,-1
415,138791,-1
415,201584,-1
415,007912,-1
415,207208,-1
415,215018,-1
415,000151,-1
415,116364,-1
415,219190,-1
415,233081,-1
415,133967,-1
415,076836,-1
415,238436,-1
415,207657,-1
415,210057,-1
415,262214,-1
415,150524,-1
415,146320,1
415,281770,1
415,194530,-1
415,288207,-1
415,162789,-1
415,176986,-1
415,156103,-1
415,213359,-1
415,205356,-1
415,284511,-1
415,217183,-1
415,001003,-1
415,235867,-1
415,219087,-1
415,270645,-1
415,210308,-1
415,129065,-1
415,034838,-1
415,051339,-1
415,199080,-1
415,173266,-1
415,132596,-1
415,174883,-1
415,155616,-1
415,167958,-1
415,247164,-1
415,163127,-1
415,148811,-1
415,060388,0
415,078143,-1
415,126856,-1
415,162579,-1
415,215108,-1
415,020150,-1
415,241672,1
415,214917,-1
415,203608,-1
415,229402,-1
415,264304,-1
415,219817,-1
415,160501,-1
415,261407,-1
415,086273,-1
415,164955,-1
415,194369,-1
415,131196,-1
415,090947,-1
415,212747,0
415,112305,-1
415,104290,1
415,071117,1
415,102454,-1
415,091162,-1
415,230903,-1
415,207499,-1
415,287973,-1
415,003298,-1
415,176349,-1
415,116295,-1
415,014503,-1
415,158097,-1
415,210619,-1
415,241840,-1
415,261094,-1
415,234117,-1
415,044861,-1
415,079294,-1
415,177728,-1
415,200245,-1
415,176971,-1
415,076706,-1
415,012630,-1
415,192428,-1
415,137013,-1
415,287186,-1
415,122939,-1
415,039725,-1
415,069281,-1
415,204804,-1
415,159170,-1
415,099211,-1
415,217516,-1
415,210946,-1
415,164708,-1
415,164349,-1
415,143632,-1
415,136532,-1
415,140375,1
415,121400,-1
415,199816,-1
415,201491,-1
415,210021,-1
415,216641,-1
415,222821,-1
415,029892,-1
415,094948,-1
415,141101,-1
415,181001,-1
415,284705,-1
415,104285,1
415,024961,-1
415,071112,1
415,203828,-1
415,112657,-1
415,206521,-1
415,124098,-1
415,155163,-1
415,032320,-1
415,190604,-1
415,188908,-1
415,205308,-1
415,007997,-1
415,218466,-1
415,153828,1
415,100960,-1
415,019024,1
415,065271,-1
415,141784,-1
415,065424,-1
415,014916,-1
415,001587,-1
415,200854,-1
415,137906,-1
415,287173,-1
415,130690,-1
415,131287,-1
415,125830,-1
415,186151,-1
415,141622,-1
415,230442,-1
415,205855,-1
415,009299,-1
415,085030,-1
415,151562,-1
415,137541,-1
415,152792,1
415,272127,-1
415,034841,-1
415,125645,-1
415,205834,-1
415,202615,-1
415,259342,-1
415,053106,-1
415,102125,1
415,288076,-1
415,001807,-1
415,193541,1
415,155057,-1
415,244235,-1
415,265012,-1
415,211660,-1
415,012576,1
415,112711,-1
415,151280,-1
415,192104,-1
415,254687,-1
415,252608,-1
415,205410,-1
415,130704,-1
415,207161,-1
415,141494,-1
415,186147,-1
415,261095,-1
415,125332,-1
415,098543,1
415,206419,-1
415,187825,-1
415,042786,-1
415,213740,-1
415,284618,-1
415,044627,-1
415,006809,-1
415,111623,-1
415,209317,-1
415,154506,-1
415,094667,-1
415,055556,-1
415,056266,-1
415,240397,-1
415,010139,-1
415,236057,-1
415,083271,-1
415,242651,-1
415,002230,-1
415,258400,-1
415,155516,-1
415,229368,-1
415,281139,-1
415,203377,1
415,112389,-1
415,216307,-1
415,218960,-1
415,218161,-1
415,209655,-1
415,197028,-1
415,256663,-1
415,159355,1
415,132765,-1
415,207154,1
415,196886,-1
415,201328,-1
415,020466,1
415,150470,-1
415,202902,-1
415,201958,-1
415,112533,-1
415,208529,-1
415,058441,-1
415,128323,-1
415,013257,-1
415,213459,1
415,199340,1
415,276570,-1
415,156937,-1
415,215218,-1
415,151796,-1
415,138103,-1
415,114876,1
415,064825,1
415,171183,-1
415,268739,-1
415,132885,-1
415,069250,-1
415,007241,1
415,098731,-1
415,001828,-1
415,205115,-1
415,098155,-1
415,132499,-1
415,119382,-1
415,125337,-1
415,206879,-1
415,155194,-1
415,118757,-1
415,237458,1
415,126488,-1
415,237180,1
415,207063,-1
415,122470,-1
415,124548,-1
415,163889,-1
415,108570,-1
415,111506,-1
415,216166,-1
415,216742,-1
415,142651,-1
415,201827,-1
415,140607,-1
415,188688,-1
415,002624,-1
415,010320,-1
415,287191,-1
415,020581,-1
415,218342,-1
415,122961,-1
415,013709,-1
415,055715,-1
415,040892,-1
415,077468,-1
415,157122,1
415,154236,-1
415,030714,-1
415,255993,-1
415,057116,-1
415,012374,-1
415,208187,-1
415,205829,-1
415,162856,1
415,148419,-1
415,022118,1
415,213099,-1
415,208711,-1
415,202787,-1
415,169420,-1
415,090852,-1
415,097618,-1
415,186174,-1
415,219665,-1
415,192402,-1
415,203432,-1
415,003150,-1
415,168417,-1
415,092629,-1
415,283077,-1
415,001574,-1
415,107896,-1
415,203577,-1
415,127180,-1
415,015791,-1
415,102423,-1
415,207504,-1
415,140781,-1
415,284851,-1
415,173690,-1
415,182282,-1
415,163421,-1
415,111699,-1
415,163903,-1
415,198562,-1
415,288398,-1
415,151122,-1
415,164956,-1
415,224532,-1
415,098552,-1
415,016158,-1
415,208830,-1
415,183462,-1
415,236065,-1
415,210869,-1
415,118796,-1
415,090237,-1
415,205698,-1
415,188724,-1
415,146399,-1
415,210449,-1
415,070308,-1
415,188778,1
415,206806,-1
415,064468,-1
415,285653,-1
415,207613,-1
415,164855,-1
415,206573,-1
415,096088,-1
415,195853,1
415,130497,-1
415,126049,-1
415,273867,-1
415,266543,-1
415,141168,-1
415,029810,-1
415,219034,-1
415,009711,-1
415,187379,1
415,049136,-1
415,269990,1
415,230749,-1
415,234187,-1
415,225121,1
415,072838,-1
415,206358,1
415,287846,1
415,058923,-1
415,217725,-1
415,124884,1
415,160619,-1
415,139685,-1
415,124613,-1
415,218932,-1
415,098887,-1
415,217695,-1
415,260549,-1
415,267171,-1
415,266510,-1
415,201742,-1
415,064703,-1
415,188598,-1
415,078217,-1
415,207903,-1
415,188468,-1
415,001268,-1
415,183691,0
415,216297,1
415,168994,-1
415,122441,-1
415,256151,-1
415,251284,-1
415,069378,-1
415,147727,-1
415,019494,-1
415,169196,-1
415,209818,-1
415,262651,-1
415,123900,-1
415,135632,-1
415,001554,-1
415,205606,-1
415,281028,-1
415,131930,1
415,267632,-1
415,098368,-1
415,011843,-1
415,217505,-1
415,123382,-1
415,037562,-1
415,218587,-1
415,060492,-1
415,215758,-1
415,208181,-1
415,110207,-1
415,040052,-1
415,029264,-1
415,204973,-1
415,072534,-1
415,125814,-1
415,176680,-1
415,148947,-1
415,000133,-1
415,230596,-1
415,219192,-1
415,024172,-1
415,227661,-1
415,217233,-1
415,149026,-1
415,278024,-1
415,181790,-1
415,164291,-1
415,280830,-1
415,135487,-1
415,236418,-1
415,077886,-1
415,275785,-1
415,127663,-1
415,226564,1
415,075726,1
415,213031,-1
415,185251,1
415,018255,-1
415,204271,-1
415,126034,-1
415,119086,1
415,026791,-1
415,147817,-1
415,010174,-1
415,086435,-1
415,255783,-1
415,169545,-1
415,132987,-1
415,140615,-1
415,208275,-1
415,283817,-1
415,188744,-1
415,216524,-1
415,064096,-1
415,150592,-1
415,023892,-1
415,038596,-1
415,168416,-1
415,191076,-1
415,169835,-1
415,204349,-1
415,204886,1
415,169905,-1
415,034036,1
415,271671,1
415,231270,-1
415,225167,-1
415,262226,0
415,205624,-1
415,065332,0
415,148717,-1
415,148468,-1
415,209902,-1
415,142181,-1
415,137367,-1
415,023122,-1
415,064603,-1
415,044197,-1
415,208449,-1
415,163709,-1
415,091845,-1
415,220379,-1
415,210245,-1
415,000262,1
415,152052,-1
415,075562,-1
415,203070,-1
415,286232,-1
415,204519,-1
415,200695,-1
415,217940,-1
415,262231,-1
415,118212,-1
415,159878,-1
415,169197,-1
415,256189,-1
415,180510,-1
415,216126,-1
415,185256,-1
415,110646,-1
415,045319,-1
415,268132,-1
415,109523,1
415,210157,-1
415,208818,-1
415,039171,-1
415,055475,-1
415,189804,-1
415,188597,-1
415,156473,-1
415,158753,-1
415,144149,-1
415,192641,-1
415,284039,-1
415,180389,0
415,218622,-1
415,191253,-1
415,117757,-1
415,202275,-1
415,113153,-1
415,056358,-1
415,224906,-1
415,143719,1
415,210095,-1
415,288290,1
415,112921,-1
415,218130,-1
415,217354,-1
415,260463,-1
415,204034,-1
415,111510,-1
415,231157,-1
415,271049,-1
415,148260,-1
415,126340,-1
415,141703,-1
415,254340,-1
415,271274,-1
415,136786,-1
415,258406,-1
415,032281,-1
415,143133,-1
415,186855,-1
415,158819,-1
415,124647,-1
415,194921,-1
415,133863,-1
415,168381,-1
415,043475,-1
415,288306,-1
415,118223,-1
415,210714,-1
415,001059,-1
415,057920,-1
415,186291,-1
415,175911,-1
415,217777,0
415,157637,-1
415,151605,-1
415,077779,-1
415,208028,0
415,224260,-1
415,209482,-1
415,128160,-1
415,127600,1
415,190438,-1
415,254146,-1
415,016054,1
415,259081,-1
415,177590,-1
415,288262,-1
415,206453,-1
415,100855,-1
415,150242,-1
415,243672,-1
415,123162,-1
415,131416,-1
415,087363,1
415,062389,-1
415,025776,1
415,218815,-1
415,187760,-1
415,057938,-1
415,164702,-1
415,083468,-1
415,155730,-1
415,045035,-1
415,212722,-1
415,167685,-1
415,016849,-1
415,124327,-1
415,197715,-1
415,211197,-1
415,250467,-1
415,066899,-1
415,150466,-1
415,242596,-1
415,206904,-1
415,122053,-1
415,207341,-1
415,239538,-1
415,234482,-1
415,117638,-1
415,253235,-1
415,219392,1
415,107679,-1
415,218492,-1
415,275458,-1
415,163209,-1
415,230578,-1
415,016379,-1
415,173443,-1
415,233087,-1
415,125725,-1
415,258794,-1
415,207527,-1
415,142003,1
415,031413,-1
415,229759,-1
415,057759,-1
415,114294,-1
415,284907,-1
415,201502,-1
415,201515,1
415,203311,-1
415,128232,-1
415,133654,-1
415,008873,-1
415,228683,-1
415,214559,1
415,257264,-1
415,164750,-1
415,124271,-1
415,064590,-1
415,198509,-1
415,098836,-1
415,183660,-1
415,257227,-1
415,017749,1
415,109521,1
415,151583,-1
415,038245,-1
415,014830,-1
415,161216,-1
415,164167,-1
415,288432,-1
415,286773,-1
415,044737,-1
415,197899,-1
415,167795,-1
415,102551,-1
415,287745,-1
415,109338,-1
415,145879,-1
415,113668,-1
415,189784,1
415,210215,-1
415,202783,-1
415,007731,-1
415,230081,-1
415,070964,-1
415,252360,-1
415,044870,-1
415,204531,-1
415,002304,1
415,216067,-1
415,151207,-1
415,169564,-1
415,020254,-1
415,216454,-1
415,112353,-1
415,258477,-1
415,222831,-1
415,189618,-1
415,029129,-1
415,031353,-1
415,210191,-1
415,164654,-1
415,216713,-1
415,132607,1
415,024760,-1
415,035307,-1
415,205051,-1
415,240821,-1
415,014093,-1
415,028277,-1
415,205603,-1
415,131321,-1
415,244171,-1
415,128089,-1
415,205554,-1
415,169872,-1
415,018413,-1
415,103481,-1
415,218251,-1
415,204931,-1
415,031632,-1
415,065784,-1
415,027606,-1
415,189977,1
415,120691,-1
415,187723,-1
415,152119,-1
415,165668,-1
415,217106,-1
415,237561,-1
415,005461,-1
415,230239,-1
415,208413,-1
415,101246,-1
415,083230,-1
415,184915,-1
415,132035,-1
415,048220,1
415,222320,-1
415,205027,-1
415,107908,-1
415,011842,-1
415,214279,-1
415,161905,-1
415,021578,-1
415,190937,-1
415,157868,-1
415,128838,-1
415,051847,-1
415,000207,-1
415,186629,1
415,218171,-1
415,081891,-1
415,158887,-1
415,143653,-1
415,039871,-1
415,182343,-1
415,146986,-1
415,075692,1
415,126032,-1
415,282501,-1
415,128412,-1
415,259889,-1
415,213561,1
415,122420,-1
415,262101,-1
415,182016,-1
415,025082,-1
415,255382,-1
415,126440,-1
415,244340,-1
415,277784,-1
415,231547,-1
415,143691,-1
415,076837,1
415,288566,-1
415,155027,-1
415,267258,-1
415,212093,-1
415,124988,-1
415,171308,-1
415,233092,1
415,210562,-1
415,140018,-1
415,289963,-1
415,034384,-1
415,216845,1
415,029334,-1
415,208587,-1
415,212342,-1
415,103906,-1
415,125957,-1
415,150480,-1
415,002795,-1
415,209897,-1
415,121529,-1
415,184990,-1
415,155291,-1
415,157086,-1
415,114493,-1
415,186228,-1
415,058444,-1
415,237492,-1
415,115518,-1
415,278152,-1
415,203851,-1
415,001988,-1
415,264764,1
415,225718,-1
415,135275,-1
415,221395,1
415,190903,-1
415,119164,-1
415,070733,-1
415,077221,1
415,221691,-1
415,139619,-1
415,206593,-1
415,210070,-1
415,201025,-1
415,130014,1
415,230299,-1
415,211040,-1
415,150374,-1
415,069442,-1
415,262463,-1
415,104137,-1
415,209741,-1
415,227045,-1
415,000241,-1
415,135818,-1
415,101563,1
415,078161,-1
415,017833,-1
415,044405,0
415,167511,-1
415,253296,-1
415,154994,-1
415,217713,-1
415,058593,-1
415,259330,-1
415,015406,-1
415,130565,-1
415,189053,-1
415,023389,-1
415,064176,-1
415,213809,-1
415,170750,-1
415,023811,-1
415,015200,-1
415,112360,-1
415,216428,-1
415,063453,-1
415,155771,-1
415,240971,-1
415,205790,-1
415,046869,1
415,190060,1
415,076496,-1
415,133631,1
415,050350,-1
415,195770,-1
415,203859,-1
415,163734,-1
415,167192,-1
415,205281,-1
415,038815,-1
415,164752,1
415,102825,-1
415,169604,1
415,207212,1
415,151094,-1
415,275709,-1
415,274494,-1
415,216586,-1
415,201401,-1
415,218060,-1
415,003702,-1
415,241258,-1
415,001347,-1
415,124524,-1
415,199599,-1
415,199779,-1
415,013384,-1
415,210995,-1
415,155663,-1
415,216207,-1
415,087174,-1
415,009008,-1
415,121179,-1
415,240879,-1
415,126163,-1
415,019285,-1
415,153754,-1
415,284443,-1
415,160164,-1
415,249121,-1
415,150559,-1
415,050576,-1
415,209024,-1
415,254077,-1
415,203204,-1
415,132647,-1
415,185130,-1
415,028606,-1
415,225099,-1
415,124456,-1
415,141459,-1
415,217961,-1
415,210713,-1
415,037733,1
415,204776,-1
415,205904,-1
415,037770,-1
415,131372,-1
415,209626,-1
415,169446,-1
415,027909,-1
415,044582,0
415,132091,-1
415,044125,-1
415,206240,-1
415,215133,-1
415,213612,-1
415,227026,-1
415,006289,-1
415,156280,-1
415,160439,-1
415,191092,-1
415,150763,-1
415,051567,-1
415,011697,-1
415,287713,-1
415,262288,-1
415,263388,-1
415,232048,-1
415,209581,-1
415,257177,-1
415,204633,-1
415,208432,-1
415,127174,-1
415,150782,0
415,091276,1
415,234325,0
415,285585,-1
415,012056,-1
415,059497,-1
415,149059,-1
415,037533,-1
415,085986,-1
415,168617,-1
415,147057,-1
415,153012,-1
415,261143,-1
415,260504,-1
415,069652,-1
415,266259,-1
415,232199,-1
415,068073,1
415,185631,-1
415,205020,-1
415,217814,-1
415,066620,1
415,096395,-1
415,078116,-1
415,001915,1
415,208325,-1
415,153901,-1
415,034618,-1
415,082467,1
415,266774,-1
415,079529,-1
415,254378,-1
415,137970,-1
415,191141,-1
415,016565,-1
415,153378,-1
415,189153,1
415,126592,1
415,148179,-1
415,114316,-1
415,278832,-1
415,209333,-1
415,121398,-1
415,267713,-1
415,202226,-1
415,140061,-1
415,262923,-1
415,177531,-1
415,148874,-1
415,052635,1
415,133246,-1
415,203716,-1
415,051664,-1
415,077975,-1
415,120203,-1
415,247463,-1
415,016901,-1
415,089615,-1
415,205244,-1
415,156669,-1
415,158803,-1
415,269622,-1
415,210160,0
415,013165,-1
415,208861,1
415,045714,-1
415,167839,-1
415,140405,-1
415,129917,1
415,027284,-1
415,003636,-1
415,205886,1
415,127078,-1
415,012033,1
415,085135,-1
415,015073,1
415,176012,-1
415,206488,0
415,167981,-1
415,112418,-1
415,188527,-1
415,208445,1
415,018595,-1
415,159934,1
415,143067,-1
415,087935,-1
415,209367,-1
415,186683,1
415,218757,-1
415,207409,-1
415,140467,-1
415,138932,-1
415,063000,-1
415,148951,-1
415,171305,-1
415,242083,1
415,204784,-1
415,238127,-1
415,127985,-1
415,152210,-1
415,207661,-1
415,095443,1
415,231996,-1
415,044398,-1
415,204936,-1
415,209896,-1
415,180249,-1
415,210204,-1
415,164850,-1
415,014079,-1
415,155065,-1
415,010571,-1
415,218248,-1
415,243400,-1
415,162670,-1
415,154395,1
415,195185,1
415,252970,0
415,060437,-1
415,004298,-1
415,197526,-1
415,155468,-1
415,122131,-1
415,089641,1
415,123998,-1
415,000066,-1
415,201542,-1
415,212438,-1
415,127331,-1
415,161393,-1
415,209730,-1
415,100362,-1
415,120017,-1
415,204429,-1
415,185371,-1
415,102024,-1
415,090358,-1
415,046509,-1
415,238695,-1
415,152274,-1
415,285032,-1
415,137099,-1
415,267155,-1
415,207538,1
415,233917,-1
415,120756,-1
415,017084,-1
415,264357,1
415,220206,-1
415,022104,-1
415,198105,-1
415,047567,-1
415,110905,-1
415,086226,-1
415,207923,-1
415,289036,-1
415,085860,-1
415,010141,-1
415,232170,-1
415,214231,-1
415,156844,1
415,094631,-1
415,242792,-1
415,207604,-1
415,045854,-1
415,157632,-1
415,123790,-1
415,203514,-1
415,267911,-1
415,215399,-1
415,230592,-1
415,214021,0
415,217778,-1
415,169381,-1
415,210481,-1
415,210220,-1
415,153458,-1
415,235861,-1
415,216998,-1
415,129718,-1
415,158764,-1
415,154912,1
415,252482,-1
415,214367,1
415,074999,-1
415,008914,-1
415,279769,-1
415,129230,-1
415,058317,-1
415,254226,-1
415,243169,-1
415,046304,1
415,281709,-1
415,268685,-1
415,206655,-1
415,102615,-1
415,193885,-1
415,217599,-1
415,125988,-1
415,203564,-1
415,288737,1
415,289677,-1
415,247763,1
415,011492,-1
415,229711,-1
415,102130,-1
415,231646,-1
415,210849,-1
415,140565,-1
415,234113,-1
415,158360,-1
415,021994,-1
415,128325,-1
415,124056,-1
415,108281,-1
415,169608,-1
415,144867,-1
415,200848,-1
415,010223,-1
415,202519,-1
415,217986,-1
415,036107,-1
415,152199,-1
415,103191,-1
415,207127,1
415,186268,-1
415,088188,1
415,215244,-1
415,018651,1
415,192700,1
415,289969,-1
415,164457,-1
415,090510,-1
415,070966,-1
415,143692,-1
415,286190,1
415,289263,-1
415,002432,-1
415,128265,-1
415,003848,-1
415,167612,-1
415,124262,-1
415,210408,-1
415,228831,-1
415,242131,-1
415,252160,-1
415,231335,-1
415,014665,-1
415,031094,-1
415,212241,-1
415,238772,-1
415,164676,-1
415,206702,-1
415,169837,-1
415,234510,-1
415,260205,-1
415,153909,-1
415,205307,-1
415,126984,-1
415,029826,-1
415,188690,-1
415,023516,-1
415,126435,-1
415,035924,-1
415,261606,-1
415,048820,-1
415,124656,-1
415,212045,-1
415,194004,-1
415,016137,-1
415,287534,-1
415,046031,-1
415,009269,-1
415,180562,-1
415,213962,-1
415,243705,-1
415,168030,-1
415,218139,-1
415,051281,-1
415,136686,-1
415,092086,-1
415,196411,1
415,004891,-1
415,131320,-1
415,278442,-1
415,200885,-1
415,000490,-1
415,263105,-1
415,196207,-1
415,182266,-1
415,075453,-1
415,102635,-1
415,279602,-1
415,070382,-1
415,237341,-1
415,177237,-1
415,256179,-1
415,218573,1
415,201940,-1
415,206238,-1
415,148956,-1
415,037997,-1
415,278874,-1
415,210612,-1
415,023345,-1
415,002659,-1
415,244217,-1
415,013823,-1
415,203358,0
415,215121,-1
415,021748,-1
415,170778,-1
415,185473,-1
415,104139,-1
415,126083,-1
415,056058,-1
415,035817,-1
415,155074,-1
415,016314,-1
415,226529,-1
415,159443,-1
415,114144,-1
415,216663,-1
415,288289,-1
415,141588,-1
415,206668,-1
415,226519,-1
415,148599,-1
415,011384,1
415,120492,-1
415,200977,-1
415,186685,-1
415,053464,-1
415,053095,-1
415,213392,-1
415,218790,-1
415,213632,-1
415,210688,-1
415,099455,-1
415,102307,-1
415,135785,-1
415,076286,-1
415,125561,-1
415,207543,-1
415,184661,-1
415,271911,-1
415,002859,-1
415,209771,-1
415,205646,-1
415,127557,-1
415,070018,-1
415,148645,-1
415,247741,-1
415,152952,-1
415,136157,1
415,224644,-1
415,233299,-1
415,215519,-1
415,038640,-1
415,276385,-1
415,001239,-1
415,103129,-1
415,142829,-1
415,220468,-1
415,171488,-1
415,169380,-1
415,111740,-1
415,043154,-1
415,153059,-1
415,203640,-1
415,017373,-1
415,037776,-1
415,082728,-1
415,102694,-1
415,159546,-1
415,141196,-1
415,173515,-1
415,134211,-1
415,207254,-1
415,218257,-1
415,287707,-1
415,208423,-1
415,223878,0
415,056345,-1
415,127682,-1
415,151042,-1
415,181307,-1
415,200979,-1
415,261822,-1
415,286082,-1
415,181213,-1
415,286788,-1
415,091846,-1
415,126802,-1
415,276831,-1
415,180480,-1
415,212008,-1
415,214463,-1
415,150526,-1
415,166608,-1
415,091001,-1
415,288216,-1
415,202259,-1
415,202348,-1
415,208027,1
415,211590,-1
415,021579,-1
415,069462,-1
415,216034,-1
415,103310,-1
415,165865,-1
415,146799,-1
415,251978,1
415,273908,-1
415,084958,-1
415,153778,-1
415,017233,-1
415,193524,-1
415,165499,-1
415,215837,-1
415,208660,-1
415,209411,-1
415,270079,-1
415,260204,-1
415,219239,-1
415,258272,-1
415,191257,-1
415,092717,1
415,220212,-1
415,219564,-1
415,212129,-1
415,001123,-1
415,111866,-1
415,075777,-1
415,059699,-1
415,131373,-1
415,261141,-1
415,032189,-1
415,278822,1
415,181341,-1
415,061162,-1
415,137801,-1
415,264373,-1
415,099838,-1
415,015184,-1
415,148362,-1
415,189617,-1
415,218800,0
415,108411,-1
415,148775,-1
415,013935,-1
415,025305,1
415,269698,-1
415,219238,-1
415,170706,1
415,003488,-1
415,041691,-1
415,077010,-1
415,074670,-1
415,277831,-1
415,196560,-1
415,124249,-1
415,209353,-1
415,139204,-1
415,169553,-1
415,165671,-1
415,209285,-1
415,217837,-1
415,025368,-1
415,240710,-1
415,013871,-1
415,135780,-1
415,234554,-1
415,061107,-1
415,214855,-1
415,206755,-1
415,144792,-1
415,119337,-1
415,040049,-1
415,171876,-1
415,263914,-1
415,075807,-1
415,020821,-1
415,152942,-1
415,282046,-1
415,028231,-1
415,150803,-1
415,035940,-1
415,079813,-1
415,257240,-1
415,020557,-1
415,167696,-1
415,198202,-1
415,070137,-1
415,049556,-1
415,215093,-1
415,044585,-1
415,163061,-1
415,215578,-1
415,278532,-1
415,191926,1
415,141857,-1
415,206075,-1
415,109148,-1
415,213138,-1
415,215984,-1
415,158775,-1
415,269548,-1
415,229577,-1
415,288564,-1
415,220596,-1
415,081781,-1
415,206548,-1
415,202343,1
415,107900,0
415,203853,-1
415,118892,-1
415,165498,-1
415,215384,-1
415,014629,-1
415,124066,-1
415,091926,1
415,014492,-1
415,214110,-1
415,069134,-1
415,216395,-1
415,190661,-1
415,101760,-1
415,205316,-1
415,010795,1
415,141474,-1
415,036605,1
415,148019,-1
415,021765,-1
415,218178,-1
415,229349,-1
415,251035,-1
415,275507,1
415,132680,-1
415,206546,-1
415,184529,1
415,030374,-1
415,153932,-1
415,115386,-1
415,186343,-1
415,004672,-1
415,029494,-1
415,210035,-1
415,259331,-1
415,216937,-1
415,212199,1
415,106274,-1
415,279307,-1
415,285877,-1
415,158186,-1
415,184640,1
415,092193,-1
415,189367,-1
415,154002,-1
415,020073,-1
415,240016,-1
415,016746,-1
415,074783,-1
415,252911,1
415,204703,-1
415,252835,1
415,158851,-1
415,055714,-1
415,154328,-1
415,207414,-1
415,028190,-1
415,276640,-1
415,278968,-1
415,243782,-1
415,162985,-1
415,263109,-1
415,216687,1
415,183219,-1
415,211706,-1
415,018607,-1
415,241695,-1
415,257816,-1
415,019950,-1
415,213674,-1
415,097382,-1
415,141620,-1
415,144978,-1
415,208512,-1
415,046285,1
415,031688,1
415,099213,-1
415,203574,-1
415,147204,-1
415,032310,-1
415,260498,-1
415,232735,-1
415,039187,-1
415,184657,-1
415,069035,-1
415,185225,-1
415,216608,-1
415,197706,-1
415,051139,-1
415,208849,-1
415,252225,-1
415,217321,-1
415,044970,1
415,013717,-1
415,190973,1
415,268489,1
415,014723,-1
415,158921,1
415,174620,1
415,264972,-1
415,210778,-1
415,038791,-1
415,254380,-1
415,269591,-1
415,050560,-1
415,289044,-1
415,170986,-1
415,172890,-1
415,200204,-1
415,002700,-1
415,209045,-1
415,210703,-1
415,144982,-1
415,175537,-1
415,102776,-1
415,112811,-1
415,119222,-1
415,231493,-1
415,213779,1
415,133097,-1
415,285210,-1
415,075940,-1
415,216562,-1
415,204306,-1
415,218479,-1
415,017024,-1
415,157091,-1
415,131355,0
415,187707,1
415,281454,-1
415,209642,-1
415,118431,-1
415,187823,-1
415,168816,-1
415,174579,-1
415,125421,-1
415,214150,-1
415,112347,-1
415,158717,-1
415,091399,-1
415,075552,-1
415,219000,-1
415,267843,1
415,280212,-1
415,210521,-1
415,220426,-1
415,216393,-1
415,133618,-1
415,008174,-1
415,231675,-1
415,097026,-1
415,185466,-1
415,032212,-1
415,124470,-1
415,113339,-1
415,008617,-1
415,240796,-1
415,215135,-1
415,207092,-1
415,000024,-1
415,200292,-1
415,093605,-1
415,151032,1
415,233188,-1
415,219963,-1
415,218241,-1
415,203348,-1
415,129343,-1
415,075772,-1
415,204715,-1
415,089091,-1
415,015543,-1
415,014757,-1
415,119525,-1
415,144054,-1
415,208950,-1
415,050077,1
415,010882,-1
415,152181,-1
415,027157,1
415,046337,-1
415,216634,1
415,244968,-1
415,209162,1
415,197459,-1
415,199831,-1
415,275516,-1
415,096414,-1
415,160579,-1
415,116388,-1
415,034855,-1
415,204400,-1
415,024078,-1
415,199175,-1
415,214283,-1
415,260665,-1
415,277708,-1
415,241176,-1
415,001037,-1
415,207412,-1
415,142749,-1
415,118857,-1
415,037102,-1
415,091112,1
415,076775,-1
415,106789,-1
415,189988,-1
415,271158,-1
415,234328,-1
415,130832,-1
415,147193,-1
415,259474,1
415,067256,-1
415,213066,-1
415,122324,-1
415,228186,-1
415,165607,-1
415,165772,1
415,273226,-1
415,280022,0
415,202757,-1
415,041521,-1
415,238937,1
415,213428,-1
415,165773,1
415,207139,-1
415,206838,1
415,176319,-1
415,197579,-1
415,216699,-1
415,208635,-1
415,218445,-1
415,164010,-1
415,231667,-1
415,124591,1
415,274488,-1
415,146604,-1
415,157185,-1
415,217296,-1
415,033069,-1
415,208793,-1
415,008197,1
415,199564,-1
415,135082,-1
415,186956,-1
415,030702,1
415,197368,-1
415,066245,-1
415,190621,-1
415,150747,-1
415,169578,-1
415,288825,-1
415,132501,-1
415,214286,-1
415,043542,1
415,175392,-1
415,092570,1
415,092569,1
415,053765,-1
415,186705,-1
415,079313,-1
415,155588,-1
415,032855,-1
415,069794,-1
415,242370,-1
415,208490,-1
415,203314,-1
415,038317,-1
415,207910,-1
415,144681,0
415,076114,0
415,168951,-1
415,159788,-1
415,016109,0
415,195859,1
415,121895,-1
415,062685,-1
415,085586,-1
415,223879,-1
415,159876,1
415,202364,-1
415,212752,-1
415,286347,-1
415,197342,-1
415,079840,-1
415,288826,-1
415,148542,-1
415,275963,-1
415,287900,-1
415,123983,-1
415,010002,-1
415,189369,-1
415,068628,1
415,203838,-1
415,200930,-1
415,015228,-1
416,019500,-1
416,086693,0
416,148216,-1
416,060573,-1
416,102025,1
416,102009,0
416,120122,1
416,005543,1
416,119701,1
416,119685,1
416,100758,1
416,100741,1
416,100751,1
416,094754,1
416,094379,1
416,094369,1
416,094949,1
416,094368,1
416,094378,1
416,094377,1
416,094758,1
416,094385,1
416,094244,1
416,098937,1
416,103563,1
416,070390,1
416,098893,1
416,098938,1
416,098497,0
416,084566,1
416,084568,1
416,084559,1
416,084567,1
416,084558,1
416,084626,1
416,084649,1
416,084631,0
416,124658,0
416,020126,-1
416,103514,1
416,070341,1
416,098461,0
416,070424,1
416,103597,1
416,103496,1
416,070323,1
416,070117,1
416,103290,1
416,103273,1
416,070100,1
416,070285,1
416,070319,1
416,103492,1
416,103458,1
416,103287,1
416,070114,1
416,070364,1
416,103537,1
416,070494,1
416,103667,1
416,070450,1
416,103623,1
416,096209,1
416,096206,1
416,180662,0
416,097345,0
416,189697,-1
416,098848,1
416,094832,1
416,101868,0
416,095448,0
416,095605,-1
416,084628,1
416,084634,1
416,084629,1
416,098196,-1
416,099992,0
416,133940,1
416,146536,0
416,098771,1
416,098726,1
416,142617,1
416,142637,1
416,142410,1
416,094387,0
416,098779,1
416,096936,1
416,096894,1
416,098801,1
416,095882,1
416,096049,1
416,096043,1
416,096002,1
416,096003,1
416,095978,1
416,108817,1
416,102732,-1
416,036246,-1
416,148104,1
416,096648,1
416,220319,0
416,141038,1
416,144337,1
416,140978,1
416,098505,1
416,103229,1
416,070056,1
416,070085,1
416,103258,1
416,070059,1
416,103232,1
416,070061,1
416,103234,1
416,070108,1
416,103281,1
416,103183,1
416,070010,1
416,114207,1
416,097808,1
416,094056,1
416,093948,1
416,094074,1
416,094046,1
416,094081,1
416,091286,1
416,091317,1
416,012267,1
416,088008,1
416,132572,0
416,004379,1
416,118512,1
416,086596,1
416,086581,1
416,086637,1
416,101190,1
416,101189,1
416,097815,1
416,097821,1
416,128183,-1
416,188807,1
416,093698,1
416,092730,1
416,092729,1
416,092724,1
416,092723,1
416,092722,1
416,096559,-1
416,092542,1
416,092554,1
416,094694,-1
416,092463,1
416,092536,1
416,092526,0
416,011638,-1
416,097857,1
416,095584,0
416,103457,1
416,070284,1
416,191507,-1
416,128770,0
416,096207,1
416,097817,1
416,093056,-1
416,186650,0
416,095398,1
416,095413,1
416,094522,1
416,094587,1
416,118279,1
416,004171,1
416,097949,1
416,004419,1
416,097925,1
416,109932,-1
416,100279,1
416,100303,1
416,100428,1
416,100378,1
416,097701,0
416,129490,-1
416,255632,0
416,096071,1
416,097807,1
416,097749,0
416,098620,1
416,098529,1
416,098850,1
416,098751,1
416,098847,1
416,098810,1
416,096022,1
416,098411,1
416,189960,-1
416,122229,1
416,009871,1
416,120778,1
416,007217,1
416,120594,1
416,120708,1
416,142441,1
416,131014,1
416,131016,1
416,155568,1
416,105436,1
416,131020,1
416,072263,1
416,060971,1
416,155560,1
416,107606,1
416,074433,1
416,148908,1
416,128136,1
416,144461,1
416,144448,1
416,060968,1
416,228333,0
416,143414,0
416,131482,1
416,131460,1
416,131505,1
416,256266,1
416,011334,1
416,122716,1
416,256268,1
416,164635,1
416,256244,1
416,256259,1
416,120430,1
416,202529,1
416,256264,1
416,122712,1
416,122714,1
416,176680,1
416,061662,0
416,176683,1
416,120432,1
416,005817,1
416,132567,0
416,202877,1
416,122708,1
416,122690,1
416,202878,1
416,162048,1
416,159666,1
416,125610,1
416,015129,1
416,110351,1
416,233730,0
416,009233,1
416,121709,1
416,131490,1
416,085261,1
416,151732,1
416,094990,1
416,085285,1
416,131493,1
416,050158,0
416,140355,1
416,140266,1
416,164649,1
416,164910,1
416,140247,1
416,085145,0
416,179214,1
416,142895,0
416,281187,1
416,281036,1
416,281012,1
416,280972,1
416,099293,0
416,196375,1
416,194511,1
416,001887,1
416,189162,1
416,129316,1
416,093645,1
416,093772,1
416,093747,1
416,101096,0
416,280920,1
416,114151,1
416,093219,-1
416,193910,1
416,189892,0
416,117710,1
416,117708,1
416,117703,1
416,094071,1
416,094008,1
416,093941,1
416,093938,1
416,184858,0
416,065032,1
416,094388,1
416,133919,1
416,133920,1
416,133912,1
416,133773,1
416,071710,1
416,072189,1
416,105362,1
416,071684,1
416,104883,1
416,104857,1
416,032200,1
416,071051,0
416,144692,1
416,093276,1
416,015251,1
416,125486,1
416,223292,0
416,017702,1
416,129308,1
416,099878,1
416,099786,1
416,074864,1
416,076870,1
416,077029,1
416,077026,1
416,102343,1
416,069170,1
416,159802,1
416,159721,1
416,159886,0
416,009607,1
416,122050,1
416,272933,-1
416,193987,1
416,259094,0
416,137151,0
416,094235,1
416,059452,0
416,093892,1
416,097920,1
416,094229,0
416,197191,1
416,092644,0
416,011474,0
416,118516,1
416,219542,1
416,159716,1
416,258755,1
416,120323,1
416,005703,1
416,126999,1
416,095614,0
416,132624,0
416,097344,0
416,100245,1
416,093942,1
416,152492,1
416,152457,1
416,152489,1
416,220574,0
416,143418,1
416,102913,1
416,069740,1
416,127557,-1
416,078525,1
416,010318,1
416,122637,1
416,128216,1
416,098793,1
416,098639,1
416,099104,1
416,099092,1
416,098777,1
416,098644,1
416,098784,1
416,098068,1
416,098059,1
416,098097,1
416,098010,1
416,098029,1
416,098629,1
416,098028,1
416,098104,1
416,100034,1
416,101555,1
416,098021,1
416,129572,1
416,017318,1
416,129516,1
416,017392,1
416,128167,1
416,122705,1
416,092971,1
416,098070,1
416,083219,1
416,011993,1
416,014257,0
416,098020,1
416,097830,1
416,097974,1
416,110609,1
416,154698,1
416,219616,1
416,095958,1
416,083253,1
416,095986,1
416,262057,-1
416,101635,1
416,101633,1
416,108127,1
416,099295,1
416,101880,0
416,083279,1
416,103528,-1
416,279608,0
416,038158,-1
416,099834,1
416,130291,1
416,130292,1
416,096181,1
416,258918,-1
416,096231,1
416,099588,1
416,099581,1
416,099649,1
416,071412,0
416,089088,-1
416,010349,1
416,122671,1
416,126367,1
416,132366,1
416,280090,1
416,199021,1
416,253567,0
416,189160,1
416,189169,1
416,126366,-1
416,129223,1
416,189164,1
416,006972,1
416,120597,1
416,099273,0
416,099110,0
416,050129,-1
416,002762,0
416,163724,1
416,244512,0
416,108202,1
416,199783,1
416,114324,-1
416,147441,1
416,147420,1
416,147422,1
416,147443,1
416,023769,1
416,138363,1
416,288110,-1
416,240431,-1
416,131292,1
416,132603,-1
416,023835,1
416,018000,-1
416,272420,-1
416,256483,1
416,090502,0
416,112328,1
416,094400,1
416,184854,1
416,099343,1
416,141536,0
416,010770,-1
416,160888,-1
416,133714,-1
416,180178,1
416,182160,1
416,192496,-1
416,130318,1
416,109030,-1
416,180160,1
416,093802,1
416,130398,1
416,188181,-1
416,093931,1
416,122766,-1
416,088252,-1
416,141970,1
416,086462,1
416,001997,0
416,098366,1
416,102061,1
416,101875,1
416,101876,0
416,063264,1
416,189923,1
416,163725,1
416,163730,1
416,067592,1
416,163727,1
416,087152,-1
416,142421,1
416,079747,0
416,152334,1
416,195175,-1
416,093202,1
416,138445,0
416,098949,1
416,159801,0
416,139825,-1
416,138336,1
416,096201,1
416,094389,1
416,063267,1
416,064517,1
416,275361,1
416,090497,1
416,122740,-1
416,012561,-1
416,058863,-1
416,066285,1
416,067615,1
416,152570,0
416,059823,-1
416,094245,1
416,268459,1
416,143423,1
416,169754,1
416,169750,1
416,169744,1
416,169746,1
416,169786,1
416,169787,1
416,169756,1
416,169771,1
416,199740,-1
416,122691,1
416,011275,1
416,179523,1
416,257534,1
416,145968,0
416,149696,1
416,063850,1
416,065101,1
416,065068,1
416,257559,1
416,257540,1
416,257539,1
416,090713,0
416,067563,1
416,189910,1
416,168154,-1
416,138334,1
416,058378,0
416,130290,-1
416,192455,1
416,099083,1
416,197193,1
416,108802,0
416,163927,1
416,149293,1
416,168553,1
416,149679,-1
416,087998,1
416,070151,1
416,001858,-1
416,103324,1
416,180514,1
416,094390,1
416,131985,0
416,075008,1
416,074842,1
416,062701,1
416,197197,1
416,184857,0
416,165988,1
416,104224,0
416,193477,-1
416,241136,1
416,094353,1
416,062156,0
416,132501,-1
416,097898,0
416,012582,1
416,152714,1
416,097696,0
416,195952,1
416,134298,-1
416,121981,-1
416,263376,-1
416,201732,1
416,180465,1
416,223275,-1
416,064617,1
416,093973,1
416,064614,1
416,064616,1
416,010502,-1
416,233721,1
416,138528,1
416,099192,1
416,268829,0
416,014186,1
416,063058,1
416,085591,1
416,099342,1
416,101412,1
416,060995,1
416,066294,1
416,064203,1
416,064198,1
416,060989,1
416,064219,1
416,064162,1
416,060988,1
416,043805,-1
416,029139,-1
416,063490,-1
416,270840,0
416,099069,1
416,253529,0
416,112385,1
416,145372,0
416,097973,1
416,098441,1
416,059455,1
416,083220,1
416,158434,1
416,158129,-1
416,089926,-1
416,094380,1
416,110459,-1
416,064244,1
416,099081,1
416,099064,-1
416,185557,1
416,092249,1
416,034267,0
416,094752,1
416,100457,-1
416,061672,1
416,083222,1
416,283376,-1
416,098446,1
416,088399,-1
416,188211,0
416,111794,1
416,138306,1
416,085475,-1
416,092070,1
416,244272,0
416,068637,0
416,266398,1
416,237341,1
416,011947,1
416,124844,-1
416,251969,-1
416,150863,-1
416,000920,1
416,095524,1
416,144326,-1
416,170250,0
416,232570,0
416,095937,1
416,011723,-1
416,099078,-1
416,120556,1
416,006933,1
416,201811,0
416,183235,1
416,090626,0
416,139721,1
416,096761,1
416,226799,0
416,159101,1
416,184601,-1
416,098633,1
416,132176,1
416,132171,1
416,132177,1
416,189119,-1
416,098061,1
416,092636,-1
416,101087,0
416,159093,0
416,085228,-1
416,111762,1
416,005062,1
416,119461,1
416,222731,-1
416,001990,1
416,140934,-1
416,197893,1
416,148252,-1
416,018169,1
416,128986,1
416,154224,0
416,032198,1
416,061054,1
416,043559,-1
416,155684,-1
416,063851,1
416,096061,1
416,098508,1
416,125689,-1
416,017676,1
416,129322,1
416,098525,1
416,141527,1
416,008726,1
416,064514,0
416,188089,-1
416,144990,1
416,129068,0
416,191026,-1
416,094432,1
416,152337,1
416,103755,1
416,070582,1
416,122746,0
416,076285,1
416,146706,-1
416,220815,0
416,117927,1
416,116967,1
416,116551,1
416,117907,1
416,117163,1
416,283848,-1
416,280215,0
416,097097,1
416,131414,1
416,232844,-1
416,094232,0
416,085623,1
416,094054,1
416,111783,-1
416,123774,-1
416,149385,0
416,033620,-1
416,162959,1
416,177201,-1
416,104585,0
416,070148,1
416,103321,1
416,064629,0
416,062338,-1
416,094055,1
416,144933,1
416,094440,1
416,094699,1
416,152324,-1
416,096024,1
416,093940,1
416,143480,-1
416,126357,-1
416,238017,-1
416,114382,1
416,157676,1
416,165895,-1
416,098229,1
416,253566,0
416,280631,-1
416,098443,1
416,189109,0
416,103516,1
416,070343,1
416,098413,1
416,098409,1
416,131421,0
416,091352,0
416,003246,-1
416,132001,1
416,098946,0
416,131993,1
416,182570,-1
416,128788,1
416,018460,1
416,127812,0
416,123732,-1
416,138516,1
416,095217,1
416,107841,-1
416,239013,-1
416,032221,1
416,017314,0
416,032502,1
416,198589,-1
416,098045,1
416,093565,1
416,093573,1
416,076093,1
416,083254,1
416,135036,0
416,015653,-1
416,098214,1
416,027079,-1
416,053145,1
416,062972,1
416,062992,1
416,093269,-1
416,131999,1
416,112092,1
416,111963,1
416,050186,-1
416,093889,1
416,098228,1
416,114462,1
416,114384,1
416,017936,1
416,129156,1
416,095525,-1
416,119458,0
416,191809,-1
416,004565,1
416,276242,-1
416,094068,1
416,012480,1
416,098280,1
416,004775,-1
416,002688,1
416,101945,-1
416,143213,0
416,083156,0
416,093349,0
416,095961,1
416,004538,1
416,128747,1
416,096033,1
416,009035,1
416,098707,1
416,112096,1
416,111268,1
416,094019,1
416,035541,1
416,199448,1
416,199420,1
416,111269,1
416,199462,1
416,145634,0
416,101226,1
416,095231,0
416,064505,-1
416,185808,-1
416,005187,1
416,119632,1
416,094729,1
416,109421,1
416,117639,1
416,031695,-1
416,125036,1
416,169797,1
416,169798,1
416,089087,1
416,131996,1
416,230643,1
416,114259,1
416,189161,1
416,150864,-1
416,112951,1
416,009716,-1
416,175594,1
416,253372,0
416,108324,1
416,159806,1
416,159884,1
416,159879,1
416,159878,1
416,165225,1
416,086601,1
416,098247,-1
416,170092,1
416,169455,1
416,162829,1
416,038923,-1
416,158390,1
416,169781,1
416,097101,1
416,094020,1
416,062733,1
416,114205,0
416,179437,0
416,162827,1
416,163061,1
416,162985,1
416,163208,1
416,157795,-1
416,195950,1
416,114552,1
416,154658,-1
416,123424,-1
416,144519,1
416,086638,0
416,090613,0
416,092580,0
416,112095,-1
416,251259,0
416,233255,-1
416,238700,1
416,152505,-1
416,098360,0
416,132602,0
416,093853,1
416,094898,-1
416,128782,-1
416,193434,-1
416,116573,1
416,198007,1
416,267460,-1
416,144464,1
416,144446,1
416,058026,0
416,093670,-1
416,138454,0
416,142538,1
416,236358,1
416,142511,1
416,111909,1
416,058271,1
416,192661,-1
416,111731,-1
416,155850,-1
416,058500,1
416,032986,0
416,132595,-1
416,177516,1
416,005445,-1
416,279290,1
416,198142,-1
416,156799,-1
416,135685,1
416,226963,0
416,277403,1
416,061773,0
416,196867,-1
416,056274,1
416,198038,1
416,099515,1
416,179272,-1
416,094848,1
416,084991,-1
416,267792,-1
416,141581,0
416,189118,1
416,092633,-1
416,032328,1
416,079190,1
416,079227,1
416,185556,1
416,271587,-1
416,036359,-1
416,236564,0
416,112496,1
416,252824,1
416,191798,0
416,121474,-1
416,194922,-1
416,165597,-1
416,094381,0
416,093659,1
416,141430,-1
416,242703,-1
416,000972,1
416,136103,0
416,101791,1
416,108591,1
416,017996,0
416,199741,1
416,089089,0
416,146533,-1
416,096026,1
416,050787,-1
416,168684,1
416,168685,1
416,059074,-1
416,118728,1
416,004518,1
416,093794,1
416,144444,0
416,095230,1
416,083383,-1
416,146698,-1
416,165047,-1
416,088917,0
416,184313,-1
416,045323,-1
416,156303,0
416,133951,0
416,182009,-1
416,099271,1
416,090825,0
416,202627,0
416,099089,0
416,189196,1
416,108710,1
416,112806,1
416,131746,1
416,015201,-1
416,132046,0
416,085721,-1
416,087171,-1
416,188852,0
416,126790,-1
416,112769,1
416,124355,0
416,108729,1
416,078766,-1
416,108761,-1
416,099790,0
416,188116,-1
416,160705,-1
416,147887,-1
416,110393,-1
416,102108,0
416,140525,0
416,055271,-1
416,219467,0
416,083654,0
416,280765,-1
416,095399,0
416,096656,1
416,044101,-1
416,091563,0
416,175080,-1
416,098977,1
416,099357,0
416,092582,0
416,258492,0
416,132006,0
416,032450,1
416,075262,0
416,090024,-1
416,017937,0
416,219985,1
416,223285,-1
416,139547,-1
416,155996,1
416,131986,0
416,088046,1
416,095032,1
416,100464,0
416,014791,1
416,161444,1
416,161400,0
416,017603,0
416,125021,1
416,101870,-1
416,240722,-1
416,147742,-1
416,036286,-1
416,110452,1
416,177537,-1
416,140980,1
416,098948,0
416,146128,0
416,094749,1
416,282525,-1
416,094698,1
416,094973,1
416,157040,0
416,125023,1
416,108556,1
416,094558,1
416,101403,-1
416,004893,-1
416,099647,0
416,095638,1
416,132764,0
416,094178,1
416,029520,1
416,099248,0
416,038898,0
416,166751,-1
416,092044,-1
416,132566,0
416,114325,-1
416,168381,-1
416,017658,-1
416,088978,0
416,244662,0
416,263337,-1
416,233731,-1
416,095101,-1
416,085165,0
416,087602,1
416,057979,0
416,121822,0
416,064000,-1
416,015077,-1
416,018477,0
416,242732,-1
416,139541,1
416,064526,-1
416,065686,1
416,131127,1
416,127702,0
416,128738,-1
416,061832,0
416,143222,0
416,119545,-1
416,162986,1
416,101942,0
416,183062,-1
416,063331,0
416,125010,-1
416,196871,-1
416,181983,-1
416,095883,-1
416,015449,-1
416,190371,0
416,226634,-1
416,165896,-1
416,185519,-1
416,129155,0
416,085438,0
416,253577,0
416,025131,1
416,026939,-1
416,033125,0
416,116084,-1
416,180418,-1
416,085081,0
416,287693,-1
416,042406,-1
416,139569,-1
416,117564,1
416,117556,1
416,178422,-1
416,197928,1
416,060505,1
416,060493,1
416,060507,1
416,109299,-1
416,071617,-1
416,063105,-1
416,121855,-1
416,112498,-1
416,118095,-1
416,065912,1
416,181536,1
416,030688,-1
416,011281,1
416,058366,-1
416,020954,-1
416,252004,-1
416,030292,-1
416,071052,0
416,096240,1
416,045212,1
416,182501,-1
416,151456,-1
416,104790,-1
416,136016,-1
416,266214,-1
416,085266,-1
416,031159,1
416,031144,1
416,033351,0
416,129109,-1
416,236581,-1
416,063759,1
416,129692,0
416,058374,-1
416,095234,0
416,147680,1
416,147674,1
416,147626,1
416,147638,1
416,147627,1
416,147651,1
416,070933,1
416,104106,1
416,058014,1
416,058093,1
416,110676,1
416,058096,1
416,060859,1
416,058050,1
416,071135,1
416,104308,1
416,110582,1
416,033115,1
416,033131,0
416,074562,1
416,094525,1
416,131115,-1
416,080038,1
416,074788,1
416,095786,1
416,141978,1
416,142123,1
416,061502,0
416,010351,1
416,122672,1
416,122547,1
416,122665,1
416,122643,1
416,122595,1
416,122561,1
416,122654,1
416,122598,1
416,109125,1
416,058111,-1
416,051673,1
416,152787,-1
416,068606,-1
416,092088,0
416,090236,-1
416,011846,-1
416,094355,1
416,094319,1
416,098797,1
416,098781,1
416,018674,1
416,133579,-1
416,109026,-1
416,078356,1
416,012101,-1
416,060966,-1
416,011266,0
416,124691,1
416,111454,-1
416,113337,-1
416,063836,-1
416,138900,1
416,091338,-1
416,001662,0
416,136151,-1
416,012446,-1
416,047975,0
416,157796,0
416,083900,1
416,045931,-1
416,041021,-1
416,085090,0
416,117448,-1
416,257862,-1
416,071263,1
416,104436,1
416,058856,1
416,060822,-1
416,058789,1
416,086195,-1
416,057889,-1
416,084690,1
416,084521,1
416,084692,1
416,013749,-1
416,092972,-1
416,269244,-1
416,220609,0
416,058150,-1
416,122742,-1
416,052272,0
416,075344,-1
416,129719,-1
416,095826,1
416,093375,-1
416,058425,1
416,060902,1
416,053126,-1
416,232273,-1
416,165897,-1
416,001756,-1
416,098445,-1
416,034541,1
416,034574,1
416,152152,-1
416,078690,0
416,251229,0
416,077572,-1
416,081330,1
416,088919,0
416,176756,0
416,237859,-1
416,098947,1
416,098362,1
416,142402,-1
416,149742,0
416,061364,1
416,061368,1
416,061385,1
416,061383,1
416,061365,1
416,095404,1
416,043249,-1
416,141039,-1
416,146520,-1
416,098928,-1
416,150917,-1
416,160128,0
416,229599,-1
416,221713,-1
416,011362,1
416,164228,1
416,129046,1
416,018112,1
416,129074,1
416,129078,1
416,128137,0
416,034795,0
416,185110,-1
416,122728,1
416,123980,-1
416,012145,-1
416,099049,-1
416,017271,-1
416,169287,0
416,064317,1
416,164156,1
416,250149,-1
416,102086,-1
416,114618,1
416,101319,-1
416,162429,1
416,067538,-1
416,139418,-1
416,185565,0
416,002384,1
416,097742,0
416,181843,0
416,051937,-1
416,097945,-1
416,035190,-1
416,007621,-1
416,119050,-1
416,058381,0
416,058208,0
416,095212,-1
416,058246,-1
416,064521,-1
416,114596,1
416,090035,-1
416,094612,1
416,068922,-1
416,129224,1
416,128869,1
416,119474,0
416,082982,0
416,011396,0
416,162198,-1
416,123979,1
416,093095,-1
416,133113,-1
416,270839,0
416,094209,1
416,083343,1
416,083328,1
416,083309,1
416,123789,-1
416,095642,-1
416,129397,1
416,129394,1
416,017589,1
416,194115,0
416,182493,-1
416,152747,-1
416,178560,-1
416,034533,1
416,088464,-1
416,144088,-1
416,088908,0
416,170277,0
416,268490,1
416,010043,-1
416,088638,0
416,038578,-1
416,142521,1
416,099836,-1
416,086093,-1
416,146800,1
416,240481,-1
416,221651,-1
416,101669,0
416,152115,1
416,046239,0
416,064547,1
416,156661,0
416,099933,-1
416,065895,1
416,090002,0
416,033458,-1
416,120500,1
416,006872,1
416,144447,1
416,155575,0
416,224901,1
416,224903,1
416,224816,1
416,224894,1
416,224690,1
416,244562,0
416,224893,1
416,224815,1
416,167959,1
416,192808,1
416,224748,1
416,224741,1
416,224759,1
416,224743,1
416,146514,0
416,133284,-1
416,258395,1
416,031921,1
416,190981,-1
416,108731,1
416,095303,1
416,228310,0
416,192823,1
416,086283,1
416,244681,0
416,101209,1
416,150809,-1
416,179659,-1
416,123864,0
416,123985,-1
416,032446,1
416,032442,1
416,032485,1
416,010774,1
416,262736,0
416,197862,-1
416,097843,0
416,059844,0
416,149535,-1
416,058274,1
416,255356,-1
416,060974,-1
416,007332,-1
416,233769,0
416,154140,0
416,010240,1
416,039752,0
416,194937,-1
416,036134,-1
416,100286,1
416,138447,0
416,090968,-1
416,123285,0
416,160215,0
416,104225,0
416,088909,-1
416,219310,0
416,061677,-1
416,011432,-1
416,034644,-1
416,099085,-1
416,015608,1
416,098416,-1
416,132614,0
416,086015,1
416,087632,1
416,085355,1
416,085383,1
416,056156,-1
416,021709,1
416,250697,-1
416,112834,1
416,256130,0
416,088044,1
416,075722,1
416,197720,1
416,184920,0
416,119015,-1
416,174505,-1
416,140005,1
416,095659,1
416,141050,-1
416,265118,-1
416,196873,-1
416,041509,1
416,272500,-1
416,221672,-1
416,033140,-1
416,097222,1
416,099614,0
416,064258,0
416,096597,-1
416,166817,-1
416,128871,1
416,133713,-1
416,152439,-1
416,006796,-1
416,121178,1
416,007756,1
416,111530,1
416,065104,0
416,085202,0
416,058301,1
416,189080,0
416,112295,-1
416,082453,0
416,139872,0
416,195886,0
416,152348,-1
416,231994,1
416,192494,0
416,255270,1
416,067636,1
416,001228,0
416,111511,1
416,111259,1
416,057882,-1
416,093856,0
416,119785,-1
416,185597,-1
416,136027,-1
416,102634,-1
416,254881,-1
416,127087,0
416,101255,0
416,041033,-1
416,134956,-1
416,281621,1
416,094827,1
416,108771,1
416,078303,-1
416,113699,-1
416,062157,0
416,217314,0
416,098972,1
416,102894,-1
416,196446,1
416,208821,0
416,034613,-1
416,129124,-1
416,111377,0
416,187021,0
416,219501,0
416,157582,-1
416,230390,0
416,156664,0
416,290087,-1
416,121731,-1
416,151844,-1
416,094550,1
416,147905,-1
416,109713,0
416,036191,-1
416,187548,-1
416,094481,1
416,071377,1
416,104550,1
416,104537,1
416,071364,1
416,158772,-1
416,128785,-1
416,279285,0
416,017799,-1
416,093058,-1
416,048069,1
416,056677,1
416,124350,0
416,058982,-1
416,016073,-1
416,178337,-1
416,032340,1
416,149643,-1
416,039416,-1
416,262732,-1
416,084945,1
416,092987,0
416,126897,1
416,153778,-1
416,027102,-1
416,067649,1
416,194072,-1
416,179294,-1
416,034577,1
416,086802,-1
416,032341,1
416,090234,-1
416,138878,1
416,129222,1
416,017845,1
416,129219,1
416,001330,1
416,090238,-1
416,095874,-1
416,115697,-1
416,273658,-1
416,066171,-1
416,114529,0
416,145627,0
416,092951,1
416,048553,-1
416,132568,0
416,092934,1
416,131135,-1
416,196861,-1
416,007349,1
416,120882,1
416,287698,-1
416,201051,-1
416,129558,-1
416,096524,-1
416,089406,-1
416,139596,-1
416,161469,-1
416,139877,0
416,087980,0
416,059843,0
416,069721,-1
416,109074,-1
416,097333,1
416,143469,-1
416,016681,-1
416,043302,0
416,093238,-1
416,092426,0
416,004507,1
416,118714,1
416,121831,0
416,040739,-1
416,163726,0
416,020980,0
416,111869,-1
416,005179,-1
416,168117,-1
416,095526,0
416,043821,-1
416,061661,0
416,288317,-1
416,182823,1
416,170306,0
416,133210,-1
416,102107,-1
416,086407,-1
416,098324,1
416,157780,-1
416,069461,-1
416,009522,-1
416,220653,-1
416,011817,0
416,119753,1
416,119744,1
416,119236,0
416,149767,-1
416,145395,0
416,110336,1
416,036482,0
416,011537,-1
416,252455,0
416,081531,-1
416,128870,1
416,129257,-1
416,078236,1
416,078237,1
416,078325,1
416,084148,-1
416,098300,1
416,078404,1
416,098302,1
416,078345,1
416,098321,1
416,127555,-1
416,086603,1
416,096059,-1
416,257600,-1
416,149384,-1
416,100998,-1
416,211962,-1
416,176286,-1
416,115690,-1
416,052466,0
416,093699,0
416,093054,1
416,093010,1
416,160177,-1
416,067865,0
416,139619,1
416,139618,1
416,272906,-1
416,134306,-1
416,050182,-1
416,186065,-1
416,142544,-1
416,272039,0
416,093035,1
416,122937,-1
416,233770,-1
416,099898,-1
416,006630,1
416,064658,-1
416,085104,-1
416,005294,-1
416,080472,-1
416,119621,-1
416,009285,1
416,024304,0
416,132632,-1
416,187119,0
416,090985,-1
416,051651,0
416,096118,-1
416,062071,-1
416,098342,0
416,108783,-1
416,121851,-1
416,121466,-1
416,181981,-1
416,084711,1
416,142387,1
416,057711,-1
416,018362,0
416,116463,1
416,120186,0
416,083388,0
416,267842,-1
416,250122,-1
416,112906,-1
416,101826,-1
416,148967,-1
416,101867,-1
416,135966,-1
416,085234,-1
416,260323,1
416,260348,1
416,121550,1
416,070355,-1
416,084707,1
416,201468,0
416,141517,0
416,021697,-1
416,091927,0
416,177521,-1
416,088717,-1
416,012090,1
416,098357,0
416,032248,-1
416,109934,-1
416,050207,-1
416,219476,1
416,099036,-1
416,222679,-1
416,283473,1
416,128361,-1
416,178726,0
416,121563,1
416,175069,1
416,175097,-1
416,069293,-1
416,272542,-1
416,078291,-1
416,020304,0
416,114796,-1
416,257977,-1
416,271931,0
416,095804,-1
416,243404,-1
416,270511,-1
416,174418,-1
416,255402,-1
416,009409,1
416,121867,1
416,121859,1
416,038092,-1
416,085533,-1
416,084041,0
416,140487,-1
416,027301,1
416,112958,1
416,035821,0
416,123349,-1
416,270989,-1
416,135804,0
416,107812,-1
416,280510,1
416,280336,0
416,147880,-1
416,008989,-1
416,251427,-1
416,099792,1
416,093951,0
416,019789,0
416,196951,-1
416,133746,1
416,112499,-1
416,088398,-1
416,007837,-1
416,081324,1
416,168103,1
416,157089,-1
416,262790,0
416,152923,-1
416,275779,1
416,008009,1
416,145974,1
416,146000,1
416,061294,-1
416,076683,1
416,221165,-1
416,131413,0
416,088977,-1
416,196450,1
416,190412,0
416,094899,-1
416,089239,-1
416,070701,1
416,103874,1
416,017665,-1
416,066479,-1
416,272643,-1
416,003519,-1
416,180439,-1
416,210959,-1
416,143263,0
416,123281,0
416,036520,-1
416,014047,-1
416,119477,-1
416,086514,1
416,191401,0
416,199217,0
416,243724,0
416,093141,0
416,119772,1
416,005284,1
416,119743,1
416,119615,0
416,119559,0
416,004400,1
416,118544,1
416,118529,1
416,118542,1
416,005176,0
416,012238,-1
416,145373,-1
416,272041,0
416,118917,-1
416,119577,0
416,109380,1
416,138853,-1
416,094426,1
416,125683,-1
416,030634,-1
416,119916,0
416,094083,-1
416,069559,-1
416,145118,0
416,154101,-1
416,185917,-1
416,236114,-1
416,129333,-1
416,115979,0
416,010122,-1
416,280676,1
416,174788,-1
416,144985,0
416,070042,1
416,103215,1
416,131654,1
416,176225,-1
416,010537,-1
416,066160,-1
416,137521,-1
416,197723,-1
416,252671,1
416,121091,-1
416,009708,1
416,283357,-1
416,096797,0
416,087986,0
416,103819,-1
416,152331,-1
416,093668,1
416,093613,-1
416,091113,-1
416,144525,0
416,161480,-1
416,062867,0
416,257602,-1
416,050688,-1
416,279609,-1
416,258512,0
416,085229,-1
416,094553,-1
416,193767,-1
416,104449,-1
416,152158,-1
416,221852,-1
416,127698,0
416,088441,0
416,241696,-1
416,083221,-1
416,092399,-1
416,122593,-1
416,168889,0
416,132606,0
416,097810,-1
416,102104,-1
416,015041,-1
416,061669,-1
416,113262,1
416,064677,-1
416,121866,1
416,009408,1
416,064966,-1
416,007726,-1
416,195617,-1
416,136132,0
416,093714,-1
416,251951,-1
416,230404,-1
416,129129,-1
416,163745,-1
416,014616,-1
416,133342,-1
416,262007,-1
416,131535,-1
416,210746,-1
416,021667,-1
416,097690,0
416,148809,1
416,149052,-1
416,149024,-1
416,148981,-1
416,148219,1
416,155149,-1
416,148980,-1
416,148209,1
416,148208,1
416,148210,1
416,148298,1
416,148872,-1
416,148193,1
416,198284,0
416,288780,-1
416,149549,-1
416,198283,0
416,149226,-1
416,148227,-1
416,219925,-1
416,148211,1
416,148978,-1
416,148801,-1
416,148551,-1
416,038052,-1
416,196008,-1
416,087917,-1
416,228582,-1
416,187426,-1
416,111009,-1
416,153606,0
416,148213,-1
416,151285,-1
416,084391,1
416,181962,0
416,290095,-1
416,161443,1
416,228580,-1
416,098268,-1
416,067511,-1
416,230954,-1
416,122607,0
416,121183,1
416,007759,1
416,128225,0
416,048075,1
416,161076,-1
416,027155,0
416,080407,-1
416,132025,-1
416,016449,-1
416,114577,-1
416,148969,-1
416,289584,-1
416,122493,-1
416,086655,1
416,011750,0
416,050537,-1
416,063528,-1
416,033372,1
416,011407,-1
416,007441,-1
416,096153,1
416,163867,-1
416,201334,0
416,169282,0
416,094059,-1
416,195935,1
416,185085,-1
416,109969,-1
416,152313,-1
416,090355,1
416,078471,-1
416,258806,-1
416,144986,-1
416,007021,-1
416,235939,0
416,142059,1
416,198529,0
416,078388,0
416,108314,-1
416,010181,-1
416,021673,-1
416,280276,-1
416,062388,-1
416,128226,0
416,221869,-1
416,206677,-1
416,045880,-1
416,056108,1
416,028512,-1
416,156400,0
416,095673,-1
416,145074,0
416,102538,-1
416,151454,-1
416,081925,-1
416,189711,-1
416,004712,-1
416,085068,-1
416,088857,-1
416,015013,0
416,235950,0
416,131994,0
416,009382,-1
416,085919,-1
416,173352,-1
416,128920,1
416,007273,-1
416,066129,-1
416,146534,1
416,018465,-1
416,086062,0
416,160358,1
416,149603,-1
416,127759,0
416,093244,-1
416,119213,0
416,101187,0
416,045317,-1
416,149212,1
416,004664,0
416,250031,-1
416,158115,-1
416,111050,-1
416,133115,-1
416,111013,-1
416,062868,-1
416,262482,-1
416,060334,-1
416,257939,-1
416,063106,0
416,078050,-1
416,132173,-1
416,017421,-1
416,148267,-1
416,185258,-1
416,097442,0
416,066154,0
416,048341,0
416,182521,0
416,163731,0
416,209680,1
416,176292,1
416,012795,1
416,146110,1
416,151451,-1
416,056357,1
416,130663,-1
416,083226,-1
416,211967,-1
416,156365,-1
416,094062,-1
416,249821,-1
416,099054,-1
416,092875,0
416,004249,-1
416,045290,-1
416,146074,1
416,146043,1
416,016498,-1
416,144982,1
416,180037,0
416,177952,1
416,132000,-1
416,189075,-1
416,192262,0
416,097591,-1
416,132207,-1
416,080107,-1
416,062947,-1
416,289263,-1
416,180836,-1
416,141049,-1
416,085204,0
416,116388,-1
416,088853,-1
416,149617,0
416,158009,-1
416,148996,-1
416,132577,0
416,121572,-1
416,249865,-1
416,112604,-1
416,171380,-1
416,066599,-1
416,083323,1
416,132112,-1
416,097157,0
416,283164,1
416,081320,1
416,243511,0
416,097631,0
416,180684,-1
416,154498,0
416,078421,0
416,242597,-1
416,102089,0
416,129484,-1
416,112821,1
416,064963,1
416,075699,-1
416,057700,0
416,028728,-1
416,152978,-1
416,007437,1
416,120948,1
416,233737,-1
416,131031,-1
416,271961,0
416,036008,-1
416,280365,0
416,030816,-1
416,087701,-1
416,260187,-1
416,109381,0
416,085704,1
416,088881,-1
416,089092,-1
416,087347,-1
416,223307,-1
416,199296,-1
416,156214,-1
416,156660,0
416,032224,1
416,032223,1
416,161413,1
416,161412,1
416,022948,-1
416,153527,0
416,283178,1
416,078631,1
416,088414,-1
416,089308,-1
416,265131,-1
416,162142,-1
416,121564,-1
416,091289,-1
416,142367,-1
416,164606,0
416,100671,-1
416,069365,-1
416,164242,-1
416,068744,-1
416,239459,0
416,075327,-1
416,271292,0
416,065856,1
416,098180,0
416,137486,-1
416,139434,-1
416,075924,-1
416,178354,-1
416,069441,-1
416,138444,0
416,147837,-1
416,086247,-1
416,112276,-1
416,226631,-1
416,240475,0
416,095583,-1
416,148042,-1
416,036001,-1
416,289576,-1
416,096087,-1
416,151247,-1
416,210745,-1
416,187114,0
416,007070,0
416,273946,-1
416,155864,-1
416,154755,-1
416,080473,-1
416,037840,-1
416,152917,-1
416,090956,-1
416,153815,-1
416,239286,-1
416,031909,-1
416,189126,0
416,279706,-1
416,019966,-1
416,092837,-1
416,011831,-1
416,098200,1
416,166614,-1
416,088478,0
416,094273,0
416,119817,-1
416,255631,-1
416,182706,-1
416,251435,-1
416,152979,-1
416,093341,-1
416,177529,0
416,089236,-1
416,092942,0
416,136019,-1
416,141444,-1
416,156662,0
416,086849,-1
416,197809,-1
416,230024,-1
416,151028,-1
416,070646,-1
416,019796,0
416,156449,-1
416,121199,-1
416,180420,-1
416,253373,0
416,092710,0
416,276271,-1
416,103562,0
416,224009,0
416,124676,1
416,154103,-1
416,130359,-1
416,118886,0
416,129400,-1
416,142650,1
416,110550,1
416,203076,-1
416,092427,-1
416,268407,-1
416,191309,0
416,154035,-1
416,060745,-1
416,010525,-1
416,124015,-1
416,280683,0
416,085184,0
416,096680,1
416,128729,0
416,064669,1
416,141168,-1
416,145375,0
416,279700,-1
416,287692,-1
416,189173,-1
416,132039,-1
416,065538,0
416,185028,-1
416,069856,1
416,103029,1
416,251627,-1
416,036954,-1
416,003827,-1
416,139123,-1
416,092794,0
416,098738,-1
416,130519,-1
416,102506,-1
416,068140,-1
416,083329,-1
416,175706,1
416,188119,-1
416,282968,-1
416,129759,-1
416,102614,-1
416,131997,-1
416,167713,-1
416,267267,-1
416,273693,-1
416,043596,-1
416,059837,-1
416,059778,-1
416,069157,0
416,182505,0
416,042769,-1
416,142879,1
416,142912,1
416,010619,1
416,279237,-1
416,110540,-1
416,265133,-1
416,010472,-1
416,242598,-1
416,092575,-1
416,284658,-1
416,093823,0
416,114263,1
416,231905,0
416,142394,1
416,201858,1
416,137323,0
416,112401,1
416,058532,0
416,182529,0
416,239240,-1
416,130832,-1
416,011143,-1
416,090134,-1
416,044916,0
416,263241,-1
416,071276,-1
416,182997,-1
416,281620,0
416,101440,1
416,088791,-1
416,101437,1
416,101039,1
416,101952,-1
416,108773,1
416,108847,1
416,108814,1
416,098582,0
416,122798,1
416,011607,1
416,187402,-1
416,122794,1
416,122795,1
416,187413,-1
416,012122,-1
416,119158,1
416,119562,0
416,054291,-1
416,119139,1
416,115240,-1
416,152788,-1
416,095588,-1
416,153104,-1
416,051253,-1
416,086290,-1
416,062946,1
416,062988,1
416,062970,1
416,076955,-1
416,081480,1
416,063021,1
416,064982,0
416,085206,0
416,097741,-1
416,267855,-1
416,098613,0
416,018560,0
416,102143,-1
416,116772,1
416,177947,1
416,148637,-1
416,092410,-1
416,094401,-1
416,122433,-1
416,203596,-1
416,122591,-1
416,133049,-1
416,194087,-1
416,001767,0
416,000772,-1
416,196299,-1
416,099730,1
416,062991,1
416,058298,-1
416,026040,-1
416,094296,0
416,091982,0
416,252881,-1
416,180696,-1
416,225088,-1
416,113272,-1
416,088859,-1
416,177468,-1
416,015361,0
416,153746,-1
416,254999,-1
416,142003,-1
416,042844,-1
416,029044,-1
416,122492,-1
416,015995,-1
416,010302,0
416,151106,-1
416,133661,1
416,112773,-1
416,097743,0
416,267050,-1
416,152305,-1
416,033675,0
416,279695,-1
416,122707,-1
416,228134,-1
416,137329,0
416,151391,-1
416,087950,-1
416,181573,-1
416,067081,-1
416,264539,-1
416,061798,-1
416,146954,-1
416,110457,-1
416,182526,0
416,262485,-1
416,096418,-1
416,250628,-1
416,048118,0
416,102330,0
416,090089,-1
416,036017,-1
416,101423,-1
416,043816,-1
416,176779,-1
416,221324,-1
416,272479,-1
416,086487,1
416,017584,-1
416,063923,-1
416,096232,0
416,240488,-1
416,036019,-1
416,137559,-1
416,139455,-1
416,135055,-1
416,052300,1
416,283391,-1
416,151597,-1
416,058817,-1
416,220285,-1
416,219923,-1
416,010253,0
416,001778,1
416,041551,-1
416,077893,-1
416,032806,-1
416,097600,-1
416,137519,0
416,003793,1
416,099398,-1
416,015183,-1
416,066443,-1
416,271476,0
416,121185,-1
416,163734,-1
416,140514,-1
416,001821,-1
416,101989,-1
416,158750,1
416,033548,-1
416,152920,-1
416,122479,-1
416,166231,-1
416,263279,-1
416,080606,-1
416,092793,0
416,147787,-1
416,098612,0
416,233237,-1
416,121541,-1
416,023300,-1
416,089981,-1
416,082326,-1
416,190315,-1
416,094720,-1
416,121156,-1
416,113131,0
416,093478,1
416,093804,0
416,160978,-1
416,193009,1
416,011320,-1
416,155000,-1
416,252852,0
416,016044,-1
416,049036,-1
416,242606,-1
416,236173,-1
416,064516,1
416,085248,-1
416,099573,1
416,261258,-1
416,111039,-1
416,020045,-1
416,194856,0
416,121280,-1
416,123913,-1
416,078739,1
416,064971,0
416,085082,-1
416,090097,-1
416,282029,-1
416,221273,-1
416,145328,-1
416,084714,1
416,122580,0
416,113974,0
416,078741,1
416,067847,1
416,066111,-1
416,243754,-1
416,017275,-1
416,009819,-1
416,095907,-1
416,151352,-1
416,058464,-1
416,017964,-1
416,137594,0
416,086138,0
416,018512,-1
416,063001,1
416,070389,0
416,015970,-1
416,146681,-1
416,232315,-1
416,157200,-1
416,262670,-1
416,054880,-1
416,098471,-1
416,259365,-1
416,281652,-1
416,065241,-1
416,138970,1
416,130157,-1
416,168890,0
416,102544,1
416,069371,1
416,068944,0
416,263319,-1
416,096594,-1
416,186742,1
416,109187,-1
416,036096,-1
416,265102,-1
416,155094,-1
416,086429,-1
416,156028,-1
416,005542,-1
416,075341,1
416,128141,-1
416,099532,1
416,098632,-1
416,069307,-1
416,139690,1
416,080501,-1
416,066217,-1
416,118959,-1
416,149386,0
416,226597,-1
416,130354,-1
416,241302,-1
416,098354,0
416,051690,-1
416,091922,-1
416,019632,-1
416,253311,-1
416,042732,-1
416,109048,-1
416,231476,0
416,093822,0
416,074758,-1
416,132135,0
416,132002,-1
416,139416,0
416,162457,-1
416,095745,0
416,185315,-1
416,177522,-1
416,111157,-1
416,138840,-1
416,236887,-1
416,084236,0
416,180035,1
416,219441,1
416,251892,-1
416,008102,-1
416,104049,-1
416,148997,-1
416,018375,-1
416,112754,0
416,097254,-1
416,094643,-1
416,151168,1
416,151154,1
416,151373,1
416,264904,-1
416,129258,-1
416,089078,-1
416,220327,-1
416,109691,0
416,242819,0
416,155215,-1
416,121565,-1
416,275868,-1
416,149964,-1
416,288817,-1
416,182267,-1
416,284063,-1
416,029478,1
416,086474,-1
416,149318,1
416,109461,-1
416,112323,-1
416,109633,-1
416,166059,-1
416,128780,-1
416,285368,-1
416,152975,-1
416,122622,0
416,132045,1
416,144735,-1
416,139053,0
416,150439,0
416,065146,-1
416,094564,1
416,145419,0
416,058820,-1
416,195769,-1
416,064329,-1
416,016861,0
416,093765,-1
416,085103,0
416,119085,-1
416,099220,-1
416,257529,0
416,007862,-1
416,061180,-1
416,097542,-1
416,099767,-1
416,137450,0
416,014351,-1
416,112911,-1
416,153562,0
416,064285,1
416,086214,-1
416,092450,-1
416,146719,1
416,150027,0
416,060649,-1
416,063829,-1
416,183446,-1
416,263934,-1
416,096230,0
416,103223,-1
416,117447,-1
416,080190,-1
416,256146,-1
416,235331,-1
416,243192,0
416,186117,-1
416,131978,-1
416,252823,-1
416,089962,-1
416,032701,0
416,148387,-1
416,004451,-1
416,148998,-1
416,064820,0
416,026043,-1
416,233277,-1
416,058281,-1
416,176884,-1
416,137991,1
416,274707,-1
416,156420,0
416,137945,1
416,137967,1
416,138695,-1
416,042280,-1
416,097453,-1
416,102130,-1
416,023328,-1
416,130349,-1
416,094051,0
416,171316,-1
416,130573,-1
416,027486,-1
416,007485,-1
416,143424,-1
416,097415,0
416,148450,-1
416,256533,-1
416,244692,0
416,261969,-1
416,148427,-1
416,019370,-1
416,126564,-1
416,228988,-1
416,151869,-1
416,244312,-1
416,180167,1
416,148708,-1
416,183238,0
416,060469,-1
416,192135,-1
416,189290,-1
416,090136,-1
416,066185,-1
416,094896,-1
416,187403,-1
416,014518,-1
416,096816,-1
416,069043,-1
416,116483,0
416,177523,-1
416,006852,-1
416,200094,-1
416,033570,-1
416,142106,1
416,050390,-1
416,154146,0
416,133795,1
416,197689,-1
416,154001,-1
416,252017,-1
416,004508,-1
416,009989,-1
416,062989,-1
416,181966,-1
416,100546,-1
416,137556,0
416,032819,-1
416,178301,0
416,149376,-1
416,097414,0
416,132097,1
416,001750,-1
416,092872,0
416,012594,-1
416,233796,-1
416,175439,-1
416,005371,-1
416,141213,1
416,141180,1
416,000105,0
416,233238,-1
416,124813,-1
416,131423,0
416,100395,-1
416,197687,-1
416,197826,-1
416,157521,-1
416,080336,0
416,252013,-1
416,171311,-1
416,094346,1
416,258138,-1
416,015267,-1
416,031290,-1
416,281192,-1
416,070050,-1
416,145422,-1
416,126898,1
416,092884,-1
416,019075,-1
416,006724,-1
416,062940,-1
416,111293,1
416,132118,-1
416,109293,-1
416,128926,-1
416,023406,-1
416,133138,-1
416,156229,-1
416,156067,-1
416,061425,-1
416,037061,-1
416,151286,-1
416,070356,-1
416,192087,-1
416,202988,-1
416,112494,-1
416,111870,-1
416,019103,-1
416,085964,-1
416,130404,-1
416,279121,0
416,093881,-1
416,088713,-1
416,148422,-1
416,124753,-1
416,118677,-1
416,158158,1
416,155340,-1
416,117638,-1
416,180061,-1
416,192127,-1
416,052644,-1
416,094802,-1
416,111267,-1
416,084079,1
416,059008,-1
416,130283,-1
416,174610,-1
416,044531,0
416,180688,-1
416,098349,-1
416,051632,0
416,287356,-1
416,170942,0
416,004745,-1
416,065020,-1
416,152736,-1
416,235953,-1
416,076888,-1
416,156971,-1
416,156435,0
416,197685,-1
416,289334,-1
416,027752,-1
416,072581,1
416,105754,1
416,114654,-1
416,120918,-1
416,083322,-1
416,156859,-1
416,192847,1
416,144550,-1
416,169567,1
416,161517,-1
416,284025,-1
416,137441,-1
416,093624,-1
416,053086,-1
416,268011,-1
416,093114,-1
416,166259,-1
416,265479,-1
416,040627,-1
416,041079,1
416,032401,1
416,273001,-1
416,111371,0
416,030579,0
416,107855,-1
416,226383,-1
416,053866,-1
416,148757,-1
416,009039,-1
416,149330,-1
416,251968,-1
416,097268,-1
416,119895,-1
416,182022,-1
416,093636,0
416,149542,-1
416,170232,-1
416,098269,-1
416,279173,-1
416,076438,0
416,244339,-1
416,117575,1
416,159811,-1
416,111040,-1
416,094027,1
416,168733,1
416,168732,1
416,098375,1
416,241516,-1
416,096236,0
416,023419,-1
416,006927,-1
416,267776,-1
416,148032,-1
416,199309,0
416,145420,0
416,096766,0
416,166036,-1
416,119989,1
416,005432,1
416,070876,-1
416,260347,0
416,120000,-1
416,008085,0
416,007843,-1
416,038103,-1
416,273196,-1
416,135706,-1
416,001233,0
416,065858,1
416,133028,0
416,257452,-1
416,007396,-1
416,088562,-1
416,239670,-1
416,150101,-1
416,071679,-1
416,089912,-1
416,068254,0
416,082319,1
416,077025,-1
416,182715,0
416,083886,-1
416,243191,0
416,044779,-1
416,065663,0
416,186652,0
416,058252,-1
416,121255,-1
416,014237,-1
416,093719,-1
417,019504,-1
417,247427,1
417,252456,0
417,246061,1
417,246444,1
417,245324,1
417,250304,1
417,248604,1
417,246289,1
417,248544,1
417,249018,1
417,248299,1
417,246395,1
417,245291,1
417,245799,1
417,246079,1
417,249628,1
417,247204,1
417,245560,1
417,249793,1
417,249839,1
417,247062,1
417,246770,1
417,250648,1
417,246300,1
417,245995,1
417,249252,1
417,248238,1
417,249910,1
417,245497,1
417,245562,1
417,251092,1
417,249733,1
417,248598,1
417,247394,1
417,250502,1
417,248992,1
417,276866,1
417,246582,1
417,245775,1
417,246914,1
417,256201,1
417,247395,1
417,250851,1
417,250627,1
417,247877,1
417,248358,1
417,246073,1
417,245071,1
417,249870,1
417,246639,1
417,249216,1
417,251356,1
417,246555,1
417,245387,1
417,245553,1
417,245110,1
417,275541,1
417,254857,1
417,248909,1
417,246529,1
417,248862,1
417,248860,1
417,246118,1
417,255540,1
417,245426,1
417,245074,1
417,248791,1
417,247800,1
417,247374,1
417,247620,1
417,245078,1
417,245795,1
417,249728,1
417,247978,1
417,249105,1
417,252820,1
417,247282,1
417,248161,1
417,251252,1
417,275855,1
417,245088,1
417,249533,1
417,249420,1
417,253783,1
417,251391,1
417,247795,1
417,251597,1
417,245185,1
417,248875,1
417,249011,1
417,250825,1
417,245897,1
417,249850,1
417,251043,1
417,249222,1
417,246492,1
417,249361,1
417,256230,1
417,245511,1
417,245070,1
417,249335,1
417,252646,1
417,251091,1
417,252721,1
417,246630,1
417,248140,1
417,247356,1
417,245335,1
417,247656,1
417,252321,1
417,246883,1
417,245094,1
417,247693,1
417,275622,1
417,251637,1
417,253037,1
417,248590,1
417,274062,1
417,252512,1
417,246506,1
417,245086,1
417,246698,1
417,248884,1
417,247729,1
417,274735,1
417,255508,1
417,246131,1
417,250067,1
417,245537,1
417,275527,1
417,255023,1
417,255006,1
417,249496,1
417,250581,1
417,249275,1
417,247689,1
417,246623,1
417,247786,1
417,246994,1
417,245643,1
417,249142,1
417,250464,1
417,246443,1
417,255965,1
417,274591,1
417,246635,1
417,254684,1
417,248739,1
417,246022,1
417,245206,1
417,251974,1
417,253762,1
417,245067,1
417,247838,1
417,245859,1
417,245066,1
417,254723,1
417,249948,1
417,245468,1
417,274290,1
417,245089,1
417,246697,1
417,247799,1
417,256306,1
417,271305,1
417,245491,1
417,254613,1
417,245043,1
417,252722,1
417,250121,1
417,245115,1
417,249971,1
417,251677,1
417,253769,1
417,254484,1
417,247675,1
417,247559,1
417,274297,1
417,256992,1
417,254662,1
417,253784,1
417,253388,1
417,245095,1
417,274093,1
417,247908,1
417,247808,1
417,245103,1
417,250124,1
417,255464,1
417,246810,1
417,248219,1
417,251678,1
417,252828,1
417,245047,1
417,249817,1
417,250474,1
417,248344,1
417,246784,1
417,255031,1
417,274409,1
417,275526,1
417,245046,1
417,246847,1
417,245039,1
417,248970,1
417,246624,1
417,250598,1
417,275322,1
417,252103,1
417,247233,1
417,248837,1
417,248999,1
417,274545,1
417,276652,1
417,248277,1
417,255072,1
417,248200,1
417,250063,1
417,251822,1
417,249263,1
417,274250,1
417,276336,1
417,246230,1
417,245100,1
417,248144,1
417,254567,1
417,248947,1
417,250048,1
417,249846,1
417,275743,1
417,274085,1
417,274281,1
417,245319,1
417,254499,1
417,248399,1
417,250954,1
417,251641,1
417,252982,1
417,253052,1
417,248423,1
417,251639,1
417,251973,1
417,246327,1
417,246572,1
417,247561,1
417,276772,1
417,245919,1
417,256215,1
417,246632,1
417,249030,1
417,257019,1
417,247604,1
417,246631,1
417,250009,1
417,245050,1
417,252894,1
417,251770,1
417,246363,1
417,253759,1
417,246877,1
417,246870,1
417,246507,1
417,249835,1
417,248943,1
417,249847,1
417,255029,1
417,253809,1
417,252772,1
417,248846,1
417,255434,1
417,252737,1
417,252972,1
417,249172,1
417,252738,1
417,255439,1
417,254973,1
417,245101,1
417,250294,1
417,247316,1
417,257061,1
417,254639,1
417,247563,1
417,254861,1
417,255252,1
417,252085,1
417,247591,1
417,252680,1
417,253772,1
417,247212,1
417,251271,1
417,253798,1
417,246862,1
417,250180,1
417,276869,1
417,270217,1
417,245112,1
417,252718,1
417,245786,1
417,251697,1
417,275636,1
417,247887,1
417,254649,1
417,250183,1
417,274641,1
417,245045,1
417,245052,1
417,251709,1
417,250169,1
417,250761,1
417,256973,1
417,256199,1
417,245796,1
417,249829,1
417,250295,1
417,247657,1
417,274381,1
417,248008,1
417,245927,1
417,249861,1
417,245054,1
417,255099,1
417,254443,1
417,247480,1
417,256218,1
417,277739,1
417,276291,1
417,245097,1
417,248912,1
417,254991,1
417,255482,1
417,247684,1
417,275630,1
417,254518,1
417,253806,1
417,255997,1
417,247851,1
417,245214,1
417,245058,1
417,250473,1
417,252681,1
417,253791,1
417,256202,1
417,253836,1
417,249977,1
417,249992,1
417,254104,1
417,274518,1
417,251605,1
417,252733,1
417,274484,1
417,275515,1
417,275548,1
417,248706,1
417,247223,1
417,247811,1
417,250762,1
417,256147,1
417,250085,1
417,247379,1
417,245306,1
417,254640,1
417,254548,1
417,252682,1
417,245049,1
417,245102,1
417,250271,1
417,275649,1
417,246457,1
417,254509,1
417,245042,1
417,251125,1
417,250210,1
417,255333,1
417,253775,1
417,255479,1
417,245083,1
417,250471,1
417,250231,1
417,246709,1
417,245063,1
417,253761,1
417,247903,1
417,274439,1
417,245072,1
417,254976,1
417,274950,1
417,251117,1
417,252899,1
417,256211,1
417,253327,1
417,251834,1
417,245048,1
417,256972,1
417,271430,1
417,247150,1
417,250833,1
417,255194,1
417,254546,1
417,248944,1
417,247077,1
417,250293,1
417,249278,1
417,246366,1
417,247383,1
417,247574,1
417,249455,1
417,256983,1
417,249818,1
417,250155,1
417,245861,1
417,251193,1
417,255459,1
417,251579,1
417,249828,1
417,245055,1
417,249223,1
417,253765,1
417,248351,1
417,247713,1
417,274837,1
417,275132,1
417,256227,1
417,250074,1
417,246408,1
417,246066,1
417,248817,1
417,252781,1
417,249544,1
417,250544,1
417,253879,1
417,245057,1
417,277445,1
417,250219,1
417,252829,1
417,247677,1
417,255240,1
417,249857,1
417,249926,1
417,245098,1
417,250081,1
417,255458,1
417,252921,1
417,249814,1
417,245077,1
417,274328,1
417,245907,1
417,245154,1
417,249804,1
417,247290,1
417,250163,1
417,245147,1
417,249859,1
417,249722,1
417,276820,1
417,251715,1
417,250286,1
417,252741,1
417,245711,1
417,254982,1
417,256333,1
417,249215,1
417,245069,1
417,247751,1
417,252729,1
417,252771,1
417,253834,1
417,254980,1
417,275578,1
417,256208,1
417,251821,1
417,251713,1
417,249924,1
417,248365,1
417,276983,1
417,257004,1
417,247265,1
417,251589,1
417,271302,1
417,250629,1
417,246326,1
417,250218,1
417,249833,1
417,252814,1
417,249892,1
417,245065,1
417,254642,1
417,252743,1
417,253768,1
417,252725,1
417,254064,1
417,255462,1
417,249625,1
417,252904,1
417,275129,1
417,250082,1
417,246495,1
417,248557,1
417,250229,1
417,249842,1
417,248080,1
417,245116,1
417,250641,1
417,251711,1
417,249757,1
417,250187,1
417,254542,1
417,248269,1
417,256217,1
417,245111,1
417,275657,1
417,252855,1
417,274656,1
417,249863,1
417,248213,1
417,274479,1
417,247234,1
417,253790,1
417,253771,1
417,254564,1
417,247481,1
417,275028,1
417,249824,1
417,247854,1
417,245079,1
417,249706,1
417,252726,1
417,247358,1
417,249559,1
417,250142,1
417,275189,1
417,246521,1
417,276378,1
417,276994,1
417,246792,1
417,252761,1
417,245044,1
417,275701,1
417,246622,1
417,254451,1
417,254515,1
417,252762,1
417,255465,1
417,245114,1
417,250329,1
417,276743,1
417,255428,1
417,249205,1
417,246354,1
417,251907,1
417,245181,1
417,245092,1
417,256213,1
417,245415,1
417,276353,1
417,250071,1
417,256480,1
417,245040,1
417,245234,1
417,275644,1
417,250228,1
417,247891,1
417,254490,1
417,246819,1
417,249980,1
417,273929,1
417,246629,1
417,252832,1
417,253715,1
417,256216,1
417,248986,1
417,249952,1
417,249820,1
417,248349,1
417,248602,1
417,245082,1
417,245068,1
417,252895,1
417,245059,1
417,253782,1
417,254587,1
417,255447,1
417,249794,1
417,250043,1
417,251593,1
417,255026,1
417,249382,1
417,253092,1
417,254636,1
417,254641,1
417,251734,1
417,251578,1
417,254709,1
417,250654,1
417,245081,1
417,248840,1
417,247737,1
417,245592,1
417,274309,1
417,276584,1
417,255454,1
417,254447,1
417,246763,1
417,251796,1
417,254692,1
417,256267,1
417,253066,1
417,255007,1
417,248877,1
417,249294,1
417,245590,1
417,245109,1
417,245061,1
417,248949,1
417,255559,1
417,256980,1
417,248404,1
417,250589,1
417,245076,1
417,246472,1
417,250055,1
417,254517,1
417,253931,1
417,257015,1
417,274059,1
417,275066,1
417,249760,1
417,250239,1
417,252723,1
417,245051,1
417,250207,1
417,251595,1
417,249601,1
417,246734,1
417,245642,1
417,245104,1
417,246758,1
417,274517,1
417,250038,1
417,255328,1
417,250655,1
417,276752,1
417,276925,1
417,251636,1
417,253764,1
417,250006,1
417,245691,1
417,247169,1
417,274234,1
417,274335,1
417,274364,1
417,245118,1
417,251804,1
417,245090,1
417,250821,1
417,249470,1
417,250472,1
417,256224,1
417,250604,1
417,250190,1
417,274459,1
417,250344,1
417,245060,1
417,253142,1
417,255457,1
417,247267,1
417,249989,1
417,250099,1
417,255480,1
417,245635,1
417,274263,1
417,247629,1
417,252452,1
417,255581,1
417,249015,1
417,245053,1
417,251081,1
417,250586,1
417,251844,1
417,250171,1
417,252454,1
417,255461,1
417,250024,1
417,274645,1
417,246290,1
417,245062,1
417,252376,1
417,246637,1
417,246865,1
417,245647,1
417,249042,1
417,257062,1
417,245105,1
417,250313,1
417,245717,1
417,274167,1
417,245253,1
417,245041,1
417,246220,1
417,252732,1
417,249295,1
417,274123,1
417,249356,1
417,246636,1
417,251601,1
417,255430,1
417,252699,1
417,274164,1
417,274155,1
417,250519,1
417,255235,1
417,254199,1
417,276351,1
417,276397,1
417,250131,1
417,246596,1
417,250134,1
417,245886,1
417,247676,1
417,246893,1
417,246573,1
417,248109,1
417,250503,1
417,245152,1
417,248571,1
417,251801,1
417,250000,1
417,254586,1
417,253789,1
417,245075,1
417,251794,1
417,250923,1
417,249726,1
417,274387,1
417,245080,1
417,251350,1
417,249968,1
417,254019,1
417,257011,1
417,276618,1
417,246088,1
417,249880,1
417,249826,1
417,253089,1
417,250522,1
417,247275,1
417,252783,1
417,251823,1
417,275514,1
417,251992,1
417,245064,1
417,245113,1
417,251517,1
417,249087,1
417,245373,1
417,246350,1
417,252728,1
417,246757,1
417,249154,1
417,276376,1
417,257115,1
417,245713,1
417,274817,1
417,250708,1
417,247767,1
417,251612,1
417,245678,1
417,248695,1
417,249132,1
417,250438,1
417,274956,1
417,245842,1
417,246324,1
417,247369,1
417,254466,1
417,252286,1
417,251963,1
417,247285,1
417,245091,1
417,275684,1
417,247302,1
417,245832,1
417,249110,1
417,245684,1
417,245667,1
417,248514,1
417,245377,1
417,254036,1
417,245735,1
417,248455,1
417,248381,1
417,246682,1
417,249547,1
417,246754,1
417,248155,1
417,245394,1
417,248006,1
417,247878,1
417,245921,1
417,245583,1
417,248270,1
417,249632,1
417,250731,1
417,251243,1
417,249488,1
417,246150,1
417,248585,1
417,245720,1
417,248869,1
417,252302,1
417,245600,1
417,245967,1
417,249328,1
417,247103,1
417,246352,1
417,247879,1
417,251222,1
417,247270,1
417,248465,1
417,251089,1
417,247643,1
417,245976,1
417,247967,1
417,247578,1
417,245389,1
417,249453,1
417,249949,1
417,249581,1
417,247432,1
417,245736,1
417,247724,1
417,247156,1
417,247742,1
417,245833,1
417,250579,1
417,246033,1
417,246462,1
417,250377,1
417,248533,1
417,247883,1
417,246875,1
417,249752,1
417,249969,1
417,245390,1
417,247925,1
417,247918,1
417,248579,1
417,248637,1
417,248631,1
417,254281,1
417,245148,1
417,245621,1
417,245149,1
417,245617,1
417,247219,1
417,247865,1
417,248539,1
417,250369,1
417,246866,1
417,245574,1
417,248820,1
417,251420,1
417,250901,1
417,246021,1
417,251311,1
417,247537,1
417,246689,1
417,245557,1
417,249378,1
417,245582,1
417,247692,1
417,248117,1
417,247756,1
417,246657,1
417,249137,1
417,245481,1
417,245516,1
417,250382,1
417,247405,1
417,245229,1
417,247847,1
417,246485,1
417,245742,1
417,247658,1
417,249396,1
417,248420,1
417,249261,1
417,248815,1
417,246393,1
417,248583,1
417,245958,1
417,253002,1
417,246809,1
417,247249,1
417,245914,1
417,251680,1
417,247650,1
417,246660,1
417,248772,1
417,251014,1
417,247548,1
417,247343,1
417,250379,1
417,249045,1
417,251172,1
417,248496,1
417,247067,1
417,249990,1
417,249058,1
417,245992,1
417,248111,1
417,248592,1
417,247486,1
417,249026,1
417,250052,1
417,248693,1
417,247069,1
417,247322,1
417,245606,1
417,247281,1
417,247085,1
417,246120,1
417,247349,1
417,247615,1
417,246200,1
417,247000,1
417,249960,1
417,245374,1
417,247487,1
417,252327,1
417,247514,1
417,247066,1
417,247889,1
417,249300,1
417,254160,1
417,246724,1
417,249324,1
417,247938,1
417,246163,1
417,245251,1
417,245957,1
417,245881,1
417,249078,1
417,248258,1
417,253751,1
417,248263,1
417,247431,1
417,247898,1
417,246323,1
417,245347,1
417,245384,1
417,245999,1
417,245315,1
417,245903,1
417,246974,1
417,251465,1
417,246182,1
417,246719,1
417,245406,1
417,249054,1
417,245858,1
417,249485,1
417,249431,1
417,247509,1
417,248733,1
417,246829,1
417,248594,1
417,245706,1
417,246964,1
417,246668,1
417,247671,1
417,246587,1
417,249548,1
417,247296,1
417,251334,1
417,250850,1
417,249164,1
417,250754,1
417,245175,1
417,245404,1
417,246113,1
417,249032,1
417,249709,1
417,246016,1
417,251176,1
417,245495,1
417,250938,1
417,245671,1
417,247529,1
417,245857,1
417,247149,1
417,251211,1
417,246876,1
417,248885,1
417,245240,1
417,252956,1
417,246787,1
417,246436,1
417,245870,1
417,249413,1
417,248529,1
417,245938,1
417,245873,1
417,250392,1
417,246040,1
417,249768,1
417,246084,1
417,248314,1
417,245659,1
417,250454,1
417,247047,1
417,248273,1
417,245784,1
417,248991,1
417,249135,1
417,247568,1
417,246377,1
417,250437,1
417,252796,1
417,247984,1
417,245239,1
417,246980,1
417,248526,1
417,246864,1
417,247817,1
417,245666,1
417,245962,1
417,246674,1
417,249254,1
417,248119,1
417,246017,1
417,247517,1
417,249438,1
417,246855,1
417,247375,1
417,249039,1
417,250356,1
417,245949,1
417,245282,1
417,245783,1
417,247986,1
417,245662,1
417,248934,1
417,247581,1
417,247244,1
417,245300,1
417,245973,1
417,246138,1
417,247227,1
417,245814,1
417,248379,1
417,246456,1
417,246185,1
417,249272,1
417,249327,1
417,246304,1
417,249979,1
417,247479,1
417,246481,1
417,245699,1
417,250054,1
417,254418,1
417,247668,1
417,250807,1
417,251708,1
417,250572,1
417,246767,1
417,249840,1
417,247391,1
417,249145,1
417,252424,1
417,252573,1
417,247576,1
417,246750,1
417,246653,1
417,245190,1
417,248938,1
417,248521,1
417,249000,1
417,248763,1
417,248425,1
417,247565,1
417,250559,1
417,245197,1
417,246346,1
417,250734,1
417,250693,1
417,247589,1
417,249093,1
417,247451,1
417,245644,1
417,247858,1
417,247579,1
417,245990,1
417,253320,1
417,246361,1
417,245273,1
417,245926,1
417,246069,1
417,245578,1
417,249243,1
417,252511,1
417,248988,1
417,245180,1
417,245451,1
417,250953,1
417,246114,1
417,247390,1
417,247155,1
417,247116,1
417,247269,1
417,245540,1
417,250977,1
417,245925,1
417,246570,1
417,249789,1
417,252844,1
417,251699,1
417,249308,1
417,247762,1
417,246122,1
417,248226,1
417,246351,1
417,250023,1
417,246372,1
417,250083,1
417,245817,1
417,245561,1
417,245778,1
417,246726,1
417,246045,1
417,248012,1
417,245704,1
417,248953,1
417,249111,1
417,245663,1
417,246047,1
417,249537,1
417,247769,1
417,248274,1
417,251183,1
417,246435,1
417,248468,1
417,250912,1
417,247652,1
417,246092,1
417,247988,1
417,250543,1
417,250050,1
417,248441,1
417,247401,1
417,246246,1
417,253140,1
417,246197,1
417,251387,1
417,250692,1
417,246043,1
417,248893,1
417,249761,1
417,249169,1
417,247630,1
417,245434,1
417,250143,1
417,245781,1
417,245143,1
417,246985,1
417,247836,1
417,249051,1
417,250643,1
417,245261,1
417,246012,1
417,246286,1
417,248431,1
417,245597,1
417,247410,1
417,247409,1
417,247036,1
417,249898,1
417,250346,1
417,248023,1
417,246807,1
417,248050,1
417,246307,1
417,247504,1
417,246917,1
417,249182,1
417,245776,1
417,248933,1
417,247614,1
417,249229,1
417,245975,1
417,247843,1
417,245521,1
417,246441,1
417,246413,1
417,246954,1
417,247176,1
417,248993,1
417,245664,1
417,247605,1
417,246543,1
417,246002,1
417,246778,1
417,247161,1
417,247291,1
417,246234,1
417,245430,1
417,247655,1
417,245526,1
417,246891,1
417,247353,1
417,246599,1
417,245488,1
417,245974,1
417,247123,1
417,251221,1
417,250080,1
417,246890,1
417,245224,1
417,248870,1
417,245937,1
417,245822,1
417,246209,1
417,246768,1
417,249578,1
417,246031,1
417,249702,1
417,249851,1
417,247081,1
417,248503,1
417,249136,1
417,250308,1
417,248497,1
417,246517,1
417,247653,1
417,248347,1
417,249232,1
417,246511,1
417,245325,1
417,245852,1
417,246483,1
417,246215,1
417,255084,1
417,252795,1
417,246396,1
417,248898,1
417,247090,1
417,247100,1
417,249304,1
417,248217,1
417,245596,1
417,250324,1
417,250432,1
417,246374,1
417,250704,1
417,246680,1
417,253079,1
417,248053,1
417,247572,1
417,246888,1
417,249230,1
417,247618,1
417,245523,1
417,247214,1
417,247972,1
417,247901,1
417,248354,1
417,245944,1
417,248397,1
417,247253,1
417,247198,1
417,245693,1
417,249866,1
417,253136,1
417,246008,1
417,248281,1
417,248647,1
417,248574,1
417,249443,1
417,247547,1
417,246808,1
417,250206,1
417,246666,1
417,250605,1
417,249613,1
417,250076,1
417,249320,1
417,247810,1
417,245634,1
417,253405,1
417,248042,1
417,248866,1
417,246644,1
417,248193,1
417,248049,1
417,247651,1
417,246442,1
417,245476,1
417,248853,1
417,254191,1
417,246960,1
417,245401,1
417,246725,1
417,249598,1
417,249767,1
417,249730,1
417,249262,1
417,247456,1
417,247121,1
417,251386,1
417,249970,1
417,249421,1
417,247193,1
417,249161,1
417,247687,1
417,249444,1
417,248994,1
417,249094,1
417,246581,1
417,246670,1
417,248172,1
417,248920,1
417,249260,1
417,245262,1
417,245608,1
417,249257,1
417,247778,1
417,246360,1
417,248011,1
417,250312,1
417,249721,1
417,246244,1
417,245909,1
417,249109,1
417,247013,1
417,245609,1
417,248531,1
417,249758,1
417,246711,1
417,245819,1
417,247476,1
417,249735,1
417,246355,1
417,248854,1
417,247525,1
417,249029,1
417,249538,1
417,247114,1
417,248950,1
417,248948,1
417,248005,1
417,245654,1
417,246370,1
417,251412,1
417,245326,1
417,247468,1
417,245318,1
417,254161,1
417,247106,1
417,246836,1
417,250414,1
417,250368,1
417,247882,1
417,251248,1
417,245487,1
417,245563,1
417,247761,1
417,246648,1
417,247111,1
417,246081,1
417,248918,1
417,246737,1
417,245768,1
417,251405,1
417,245442,1
417,247912,1
417,247600,1
417,249651,1
417,246956,1
417,246089,1
417,245845,1
417,246813,1
417,249302,1
417,247452,1
417,246064,1
417,246365,1
417,251121,1
417,247262,1
417,250789,1
417,247279,1
417,246187,1
417,247046,1
417,246293,1
417,247140,1
417,247780,1
417,248493,1
417,248619,1
417,249028,1
417,246747,1
417,245894,1
417,246425,1
417,247428,1
417,245165,1
417,245156,1
417,246060,1
417,247037,1
417,251250,1
417,250266,1
417,245945,1
417,247420,1
417,248037,1
417,250070,1
417,246567,1
417,247430,1
417,249461,1
417,247048,1
417,245301,1
417,250100,1
417,251268,1
417,245546,1
417,247654,1
417,254512,1
417,246702,1
417,250299,1
417,246499,1
417,245915,1
417,247556,1
417,250553,1
417,246603,1
417,247306,1
417,249433,1
417,250753,1
417,248327,1
417,250542,1
417,246237,1
417,246434,1
417,248488,1
417,247209,1
417,248644,1
417,248126,1
417,246884,1
417,245186,1
417,247805,1
417,248506,1
417,247426,1
417,251991,1
417,245936,1
417,246153,1
417,245473,1
417,250839,1
417,245162,1
417,245254,1
417,246496,1
417,247362,1
417,247545,1
417,248052,1
417,245834,1
417,245379,1
417,248368,1
417,249579,1
417,247217,1
417,250600,1
417,247488,1
417,250359,1
417,249790,1
417,247842,1
417,247633,1
417,248701,1
417,248638,1
417,246276,1
417,247231,1
417,247921,1
417,247942,1
417,246196,1
417,252889,1
417,248229,1
417,246547,1
417,246155,1
417,250393,1
417,247049,1
417,247701,1
417,245764,1
417,248908,1
417,248785,1
417,246167,1
417,249799,1
417,246780,1
417,246348,1
417,251097,1
417,249286,1
417,249146,1
417,247411,1
417,245658,1
417,245721,1
417,252326,1
417,245708,1
417,245192,1
417,246937,1
417,253624,1
417,245509,1
417,245132,1
417,245888,1
417,246451,1
417,247224,1
417,245376,1
417,254184,1
417,248079,1
417,245880,1
417,246989,1
417,245310,1
417,249404,1
417,247458,1
417,246065,1
417,246516,1
417,248285,1
417,252238,1
417,246258,1
417,245480,1
417,245493,1
417,247162,1
417,253305,1
417,247080,1
417,246334,1
417,246633,1
417,247803,1
417,250003,1
417,247837,1
417,247781,1
417,251124,1
417,250029,1
417,245435,1
417,249009,1
417,246152,1
417,247460,1
417,246621,1
417,247437,1
417,249532,1
417,249267,1
417,248609,1
417,247003,1
417,249682,1
417,250309,1
417,245196,1
417,250333,1
417,247345,1
417,249449,1
417,249379,1
417,247268,1
417,246504,1
417,248188,1
417,247200,1
417,246283,1
417,249854,1
417,245788,1
417,246872,1
417,249158,1
417,250469,1
417,245571,1
417,249053,1
417,249046,1
417,247318,1
417,249747,1
417,246157,1
417,245648,1
417,249112,1
417,248904,1
417,248939,1
417,248809,1
417,250345,1
417,246961,1
417,249323,1
417,249195,1
417,246963,1
417,246321,1
417,246510,1
417,248151,1
417,246288,1
417,247259,1
417,251495,1
417,249225,1
417,247551,1
417,247388,1
417,248965,1
417,247308,1
417,245469,1
417,255325,1
417,249021,1
417,248969,1
417,247897,1
417,246620,1
417,246971,1
417,247868,1
417,250470,1
417,245756,1
417,248142,1
417,246399,1
417,248847,1
417,251037,1
417,247435,1
417,248911,1
417,247088,1
417,247006,1
417,252383,1
417,247707,1
417,245810,1
417,248403,1
417,245173,1
417,247825,1
417,249428,1
417,249885,1
417,247439,1
417,247848,1
417,245380,1
417,245780,1
417,248759,1
417,249153,1
417,251186,1
417,246692,1
417,245256,1
417,248734,1
417,246761,1
417,248240,1
417,252432,1
417,245750,1
417,250810,1
417,246618,1
417,251667,1
417,247937,1
417,248730,1
417,245151,1
417,247627,1
417,247502,1
417,245765,1
417,246469,1
417,250011,1
417,245751,1
417,247915,1
417,246825,1
417,249081,1
417,245532,1
417,255545,1
417,249017,1
417,245674,1
417,246823,1
417,247966,1
417,246202,1
417,248655,1
417,247304,1
417,249240,1
417,245372,1
417,245843,1
417,245963,1
417,245991,1
417,249391,1
417,247993,1
417,249149,1
417,248562,1
417,246811,1
417,247726,1
417,248967,1
417,245479,1
417,248211,1
417,250078,1
417,252305,1
417,251235,1
417,247597,1
417,245212,1
417,251220,1
417,248350,1
417,245605,1
417,249331,1
417,249212,1
417,246056,1
417,246364,1
417,245408,1
417,246224,1
417,245948,1
417,245579,1
417,246160,1
417,247784,1
417,247418,1
417,247777,1
417,247491,1
417,248799,1
417,245655,1
417,249091,1
417,245623,1
417,248881,1
417,253641,1
417,249113,1
417,247443,1
417,247197,1
417,250944,1
417,249190,1
417,247991,1
417,248807,1
417,250633,1
417,247284,1
417,249010,1
417,246121,1
417,252842,1
417,245895,1
417,245203,1
417,248310,1
417,247208,1
417,246626,1
417,247564,1
417,246074,1
417,247274,1
417,245656,1
417,249047,1
417,245850,1
417,245518,1
417,252323,1
417,246944,1
417,246123,1
417,245869,1
417,247315,1
417,248716,1
417,246938,1
417,251608,1
417,247818,1
417,248919,1
417,247038,1
417,247636,1
417,247503,1
417,249582,1
417,247453,1
417,246795,1
417,247913,1
417,253048,1
417,247638,1
417,247876,1
417,245444,1
417,245216,1
417,246880,1
417,247199,1
417,249647,1
417,246280,1
417,247757,1
417,250481,1
417,245413,1
417,250056,1
417,249033,1
417,249825,1
417,246769,1
417,247768,1
417,247182,1
417,250583,1
417,248114,1
417,248536,1
417,246193,1
417,251444,1
417,246275,1
417,248372,1
417,246851,1
417,247332,1
417,246742,1
417,248843,1
417,249964,1
417,247050,1
417,249124,1
417,246191,1
417,247252,1
417,248669,1
417,245126,1
417,247061,1
417,245836,1
417,246493,1
417,246922,1
417,245763,1
417,247690,1
417,249059,1
417,247558,1
417,248568,1
417,246272,1
417,248887,1
417,245504,1
417,246538,1
417,246050,1
417,247272,1
417,246731,1
417,245360,1
417,252135,1
417,247190,1
417,248065,1
417,249357,1
417,245712,1
417,248748,1
417,247608,1
417,249206,1
417,245263,1
417,249792,1
417,247421,1
417,245136,1
417,246602,1
417,251354,1
417,248157,1
417,247930,1
417,247351,1
417,247739,1
417,246617,1
417,249565,1
417,246398,1
417,247292,1
417,250551,1
417,245934,1
417,247497,1
417,250288,1
417,249349,1
417,247402,1
417,247407,1
417,246613,1
417,254300,1
417,248415,1
417,246386,1
417,245979,1
417,247303,1
417,246849,1
417,246319,1
417,246255,1
417,248018,1
417,248317,1
417,247909,1
417,247215,1
417,251359,1
417,245348,1
417,246192,1
417,245703,1
417,246247,1
417,245123,1
417,247995,1
417,250889,1
417,246112,1
417,246968,1
417,247982,1
417,247774,1
417,245293,1
417,246881,1
417,247523,1
417,253932,1
417,246743,1
417,248808,1
417,249301,1
417,246910,1
417,248504,1
417,252901,1
417,249653,1
417,246827,1
417,245352,1
417,247158,1
417,249082,1
417,248625,1
417,247534,1
417,249784,1
417,248614,1
417,245524,1
417,247237,1
417,245824,1
417,249044,1
417,246540,1
417,248316,1
417,245941,1
417,248450,1
417,248827,1
417,247324,1
417,245127,1
417,251320,1
417,250059,1
417,245259,1
417,246218,1
417,245978,1
417,247459,1
417,248304,1
417,248916,1
417,248284,1
417,246539,1
417,246699,1
417,247520,1
417,246139,1
417,252929,1
417,247386,1
417,249596,1
417,248363,1
417,246128,1
417,252378,1
417,245393,1
417,251920,1
417,250005,1
417,251262,1
417,248409,1
417,250041,1
417,247647,1
417,245464,1
417,248348,1
417,249068,1
417,247091,1
417,251108,1
417,245285,1
417,249334,1
417,250659,1
417,251456,1
417,245906,1
417,249141,1
417,249763,1
417,248014,1
417,248334,1
417,245710,1
417,247528,1
417,247859,1
417,245792,1
417,248088,1
417,250128,1
417,245672,1
417,248618,1
417,248422,1
417,247087,1
417,249612,1
417,246588,1
417,251797,1
417,246067,1
417,250539,1
417,249321,1
417,249150,1
417,248271,1
417,246569,1
417,247457,1
417,247706,1
417,245512,1
417,249609,1
417,253146,1
417,246873,1
417,246279,1
417,248392,1
417,250175,1
417,248979,1
417,245773,1
417,245716,1
417,246349,1
417,248485,1
417,249007,1
417,250756,1
417,245568,1
417,249297,1
417,248705,1
417,246957,1
417,252996,1
417,246712,1
417,248552,1
417,245436,1
417,245760,1
417,249387,1
417,247247,1
417,248163,1
417,247703,1
417,247947,1
417,248031,1
417,245930,1
417,249123,1
417,246552,1
417,249036,1
417,247350,1
417,247225,1
417,253494,1
417,250634,1
417,251592,1
417,248248,1
417,253617,1
417,250192,1
417,245302,1
417,249434,1
417,246992,1
417,251773,1
417,247341,1
417,245122,1
417,246945,1
417,248015,1
417,245733,1
417,249236,1
417,251620,1
417,248243,1
417,249336,1
417,249115,1
417,246405,1
417,250135,1
417,247994,1
417,245876,1
417,247612,1
417,246265,1
417,245724,1
417,250103,1
417,246206,1
417,247118,1
417,245614,1
417,249274,1
417,248153,1
417,249586,1
417,248298,1
417,248538,1
417,247673,1
417,248185,1
417,245730,1
417,246175,1
417,246831,1
417,246383,1
417,247001,1
417,245510,1
417,247929,1
417,246412,1
417,246477,1
417,247287,1
417,246225,1
417,251358,1
417,251827,1
417,246512,1
417,250728,1
417,249326,1
417,248522,1
417,250366,1
417,251393,1
417,246373,1
417,246161,1
417,245536,1
417,248388,1
417,248507,1
417,251200,1
417,245484,1
417,248319,1
417,245981,1
417,248864,1
417,245439,1
417,247134,1
417,250318,1
417,247905,1
417,246663,1
417,252896,1
417,245478,1
417,250992,1
417,245508,1
417,248075,1
417,249819,1
417,250216,1
417,248084,1
417,247831,1
417,249184,1
417,248069,1
417,248221,1
417,247864,1
417,247255,1
417,248578,1
417,247992,1
417,246790,1
417,249024,1
417,247484,1
417,250179,1
417,247914,1
417,248170,1
417,245580,1
417,245238,1
417,250086,1
417,249002,1
417,248432,1
417,246257,1
417,249458,1
417,248491,1
417,247119,1
417,249474,1
417,250732,1
417,246009,1
417,247096,1
417,251050,1
417,250535,1
417,248851,1
417,248391,1
417,248814,1
417,247953,1
417,247307,1
417,245429,1
417,245298,1
417,245207,1
417,247999,1
417,252537,1
417,250547,1
417,247582,1
417,245284,1
417,248288,1
417,248412,1
417,250388,1
417,250595,1
417,245585,1
417,246491,1
417,249159,1
417,248326,1
417,246953,1
417,247423,1
417,246299,1
417,248370,1
417,248456,1
417,245494,1
417,250138,1
417,248417,1
417,252712,1
417,247745,1
417,246340,1
417,246786,1
417,249119,1
417,250759,1
417,245970,1
417,247170,1
417,245432,1
417,253358,1
417,248586,1
417,248291,1
417,250444,1
417,250445,1
417,250164,1
417,248961,1
417,245856,1
417,246753,1
417,247535,1
417,245409,1
417,248438,1
417,247862,1
417,246715,1
417,246597,1
417,250195,1
417,249264,1
417,247659,1
417,246939,1
417,246669,1
417,249175,1
417,250132,1
417,248895,1
417,246690,1
417,250040,1
417,248971,1
417,249203,1
417,248484,1
417,245297,1
417,245649,1
417,248367,1
417,247323,1
417,247681,1
417,247845,1
417,248032,1
417,246842,1
417,247846,1
417,245303,1
417,247682,1
417,249765,1
417,249809,1
417,248360,1
417,245365,1
417,249367,1
417,248620,1
417,246562,1
417,247354,1
417,251049,1
417,247447,1
417,246309,1
417,250666,1
417,247222,1
417,247611,1
417,251188,1
417,248899,1
417,248130,1
417,247065,1
417,246664,1
417,247319,1
417,249756,1
417,245137,1
417,245901,1
417,249599,1
417,248245,1
417,247124,1
417,245199,1
417,251632,1
417,252309,1
417,246656,1
417,245902,1
417,247861,1
417,249981,1
417,246526,1
417,246950,1
417,245202,1
417,247869,1
417,245549,1
417,252677,1
417,253309,1
417,249572,1
417,245933,1
417,251960,1
417,248849,1
417,250381,1
417,249490,1
417,248541,1
417,246159,1
417,246179,1
417,247449,1
417,252661,1
417,250386,1
417,254794,1
417,246550,1
417,246703,1
417,245723,1
417,248966,1
417,249708,1
417,248264,1
417,246565,1
417,245304,1
417,245577,1
417,247104,1
417,248416,1
417,248890,1
417,245336,1
417,250774,1
417,249684,1
417,249746,1
417,251503,1
417,248929,1
417,246955,1
417,248375,1
417,247329,1
417,247697,1
417,246211,1
417,248043,1
417,245543,1
417,245544,1
417,246482,1
417,251061,1
417,245732,1
417,253171,1
417,248838,1
417,245397,1
417,246854,1
417,249452,1
417,248389,1
417,252902,1
417,246926,1
417,250227,1
417,247366,1
417,246838,1
417,249855,1
417,247505,1
417,248345,1
417,246918,1
417,251244,1
417,249060,1
417,251015,1
417,245612,1
417,248105,1
417,251693,1
417,247089,1
417,247075,1
417,250492,1
417,245220,1
417,247059,1
417,245290,1
417,245918,1
417,248196,1
417,245641,1
417,248290,1
417,246675,1
417,249012,1
417,250075,1
417,246907,1
417,249415,1
417,250743,1
417,247771,1
417,250956,1
417,246077,1
417,249580,1
417,248686,1
417,248833,1
417,246006,1
417,246432,1
417,246463,1
417,246967,1
417,245924,1
417,245411,1
417,246797,1
417,245287,1
417,249659,1
417,250593,1
417,248925,1
417,248439,1
417,245528,1
417,250667,1
417,251750,1
417,246199,1
417,246446,1
417,247014,1
417,246760,1
417,245269,1
417,249975,1
417,249838,1
417,247153,1
417,251395,1
417,245525,1
417,247896,1
417,247159,1
417,248429,1
417,247412,1
417,246387,1
417,248352,1
417,250842,1
417,250315,1
417,246899,1
417,249330,1
417,245987,1
417,245770,1
417,251394,1
417,250357,1
417,248320,1
417,247569,1
417,246679,1
417,249513,1
417,248784,1
417,248822,1
417,245419,1
417,246948,1
417,249102,1
417,247998,1
417,248410,1
417,245688,1
417,248746,1
417,248892,1
417,248683,1
417,249724,1
417,248202,1
417,249384,1
417,250387,1
417,248159,1
417,249600,1
417,246070,1
417,246007,1
417,249022,1
417,245890,1
417,246738,1
417,247221,1
417,249519,1
417,246285,1
417,250529,1
417,250188,1
417,246549,1
417,248771,1
417,247163,1
417,249575,1
417,246932,1
417,248532,1
417,249016,1
417,245871,1
417,248154,1
417,245492,1
417,249186,1
417,245831,1
417,245320,1
417,251027,1
417,250647,1
417,247175,1
417,245616,1
417,248697,1
417,252428,1
417,248499,1
417,245260,1
417,247686,1
417,250408,1
417,246684,1
417,245277,1
417,246897,1
417,246983,1
417,251406,1
417,249316,1
417,245500,1
417,247320,1
417,249478,1
417,246993,1
417,245905,1
417,247710,1
417,245885,1
417,248294,1
417,245550,1
417,247152,1
417,249157,1
417,250550,1
417,250649,1
417,250477,1
417,249284,1
417,246912,1
417,245774,1
417,252673,1
417,251417,1
417,245801,1
417,249027,1
417,247949,1
417,248448,1
417,247042,1
417,246041,1
417,255967,1
417,248634,1
417,247229,1
417,247939,1
417,249677,1
417,247958,1
417,248426,1
417,249436,1
417,249585,1
417,249131,1
417,246369,1
417,247981,1
417,245782,1
417,246497,1
417,250730,1
417,246903,1
417,245565,1
417,248852,1
417,245454,1
417,246188,1
417,249808,1
417,250281,1
417,246411,1
417,246519,1
417,249306,1
417,249416,1
417,249104,1
417,248681,1
417,249303,1
417,250133,1
417,249516,1
417,246461,1
417,247317,1
417,247959,1
417,248715,1
417,249669,1
417,247870,1
417,249001,1
417,245403,1
417,245368,1
417,249445,1
417,247434,1
417,250215,1
417,245696,1
417,246839,1
417,248764,1
417,246628,1
417,248346,1
417,252095,1
417,249845,1
417,246882,1
417,247261,1
417,249298,1
417,248286,1
417,250220,1
417,246001,1
417,247326,1
417,248894,1
417,249631,1
417,248622,1
417,248106,1
417,248661,1
417,246578,1
417,249352,1
417,250415,1
417,248712,1
417,245167,1
417,246748,1
417,248123,1
417,251583,1
417,247721,1
417,251805,1
417,246616,1
417,245947,1
417,245904,1
417,249557,1
417,246614,1
417,245265,1
417,246532,1
417,245804,1
417,245370,1
417,246014,1
417,247157,1
417,246036,1
417,248341,1
417,254103,1
417,245758,1
417,248835,1
417,250602,1
417,249381,1
417,248588,1
417,248626,1
417,246233,1
417,247417,1
417,249390,1
417,248000,1
417,248035,1
417,251829,1
417,247720,1
417,247728,1
417,247755,1
417,248751,1
417,249309,1
417,249354,1
417,245308,1
417,248057,1
417,246011,1
417,246437,1
417,250852,1
417,248210,1
417,248735,1
417,249605,1
417,246382,1
417,250975,1
417,248905,1
417,246667,1
417,245517,1
417,250945,1
417,248048,1
417,246943,1
417,245414,1
417,248975,1
417,247835,1
417,246208,1
417,249100,1
417,249622,1
417,245823,1
417,247773,1
417,245345,1
417,248561,1
417,251565,1
417,248611,1
417,247112,1
417,249023,1
417,245854,1
417,250045,1
417,249510,1
417,245867,1
417,245316,1
417,249694,1
417,249812,1
417,251171,1
417,249476,1
417,246048,1
417,249208,1
417,245357,1
417,246634,1
417,249234,1
417,249675,1
417,253628,1
417,250816,1
417,245707,1
417,247550,1
417,246546,1
417,249256,1
417,247824,1
417,250058,1
417,246438,1
417,250201,1
417,245305,1
417,245922,1
417,248518,1
417,247146,1
417,249494,1
417,248244,1
417,250831,1
417,248187,1
417,251668,1
417,250528,1
417,247389,1
417,247663,1
417,247446,1
417,249395,1
417,247919,1
417,249564,1
417,250105,1
417,248940,1
417,250439,1
417,248542,1
417,250004,1
417,250026,1
417,248675,1
417,248383,1
417,245677,1
417,246609,1
417,249536,1
417,246542,1
417,247844,1
417,245244,1
417,245485,1
417,246057,1
417,248218,1
417,248599,1
417,247562,1
417,247015,1
417,250818,1
417,251504,1
417,245982,1
417,245183,1
417,248353,1
417,245564,1
417,249660,1
417,247019,1
417,247009,1
417,245264,1
417,248171,1
417,245841,1
417,247305,1
417,249561,1
417,251684,1
417,247475,1
417,249646,1
417,248443,1
417,245893,1
417,247143,1
417,250941,1
417,248024,1
417,249630,1
417,247910,1
417,250540,1
417,249563,1
417,245697,1
417,246984,1
417,245506,1
417,246162,1
417,245475,1
417,249170,1
417,245353,1
417,249103,1
417,249534,1
417,253188,1
417,248810,1
417,247971,1
417,246537,1
417,250459,1
417,246316,1
417,247603,1
417,247288,1
417,249623,1
417,245650,1
417,250714,1
417,251458,1
417,248932,1
417,251208,1
417,246908,1
417,246228,1
417,246116,1
417,247433,1
417,250631,1
417,246489,1
417,247639,1
417,248401,1
417,245322,1
417,249985,1
417,248555,1
417,248511,1
417,250269,1
417,251210,1
417,245405,1
417,248146,1
417,246841,1
417,251500,1
417,248332,1
417,250498,1
417,251102,1
417,247135,1
417,246126,1
417,246166,1
417,246885,1
417,250418,1
417,245249,1
417,254145,1
417,249475,1
417,248322,1
417,249604,1
417,245727,1
417,248236,1
417,248700,1
417,248589,1
417,247206,1
417,246278,1
417,248339,1
417,246094,1
417,247585,1
417,250189,1
417,249072,1
417,245798,1
417,249409,1
417,250609,1
417,250258,1
417,248823,1
417,247820,1
417,249108,1
417,249797,1
417,249025,1
417,248278,1
417,250173,1
417,248212,1
417,245266,1
417,245661,1
417,248812,1
417,249114,1
417,250574,1
417,248804,1
417,250651,1
417,248068,1
417,246475,1
417,247587,1
417,247962,1
417,247943,1
417,248306,1
417,247131,1
417,247071,1
417,247294,1
417,248973,1
417,246837,1
417,251039,1
417,248280,1
417,245744,1
417,251084,1
417,246422,1
417,248946,1
417,247012,1
417,245942,1
417,249138,1
417,245883,1
417,249325,1
417,245142,1
417,253475,1
417,249771,1
417,245425,1
417,246055,1
417,245547,1
417,249973,1
417,248063,1
417,249607,1
417,248183,1
417,248676,1
417,249097,1
417,246054,1
417,250044,1
417,247041,1
417,251185,1
417,249611,1
417,245743,1
417,248520,1
417,249061,1
417,246062,1
417,249311,1
417,246691,1
417,246536,1
417,248616,1
417,249634,1
417,248225,1
417,249155,1
417,247793,1
417,246071,1
417,248259,1
417,246723,1
417,247588,1
417,249656,1
417,249193,1
417,247758,1
417,248059,1
417,246498,1
417,246273,1
417,246184,1
417,248930,1
417,251026,1
417,250212,1
417,248648,1
417,247625,1
417,246241,1
417,248818,1
417,250564,1
417,246306,1
417,248234,1
417,248134,1
417,248408,1
417,246958,1
417,250608,1
417,251157,1
417,250973,1
417,245985,1
417,250642,1
417,247802,1
417,249621,1
417,249083,1
417,248906,1
417,248964,1
417,249437,1
417,247026,1
417,248793,1
417,245343,1
417,249798,1
417,251401,1
417,251123,1
417,245913,1
417,250530,1
417,249779,1
417,245174,1
417,247964,1
417,248995,1
417,247538,1
417,246739,1
417,246030,1
417,245378,1
417,250844,1
417,247665,1
417,246515,1
417,245611,1
417,250284,1
417,245747,1
417,249037,1
417,250148,1
417,246329,1
417,248459,1
417,246913,1
417,249371,1
417,249299,1
417,248275,1
417,247043,1
417,245268,1
417,250237,1
417,247115,1
417,249732,1
417,248692,1
417,248214,1
417,249688,1
417,248558,1
417,246292,1
417,250102,1
417,249696,1
417,247549,1
417,245573,1
417,245338,1
417,248044,1
417,250374,1
417,249667,1
417,247722,1
417,248323,1
417,247806,1
417,249369,1
417,254127,1
417,247560,1
417,245754,1
417,248077,1
417,248474,1
417,247664,1
417,246852,1
417,251115,1
417,252739,1
417,248192,1
417,246320,1
417,247500,1
417,248208,1
417,252900,1
417,247911,1
417,248174,1
417,246605,1
417,245931,1
417,249116,1
417,245759,1
417,249550,1
417,247448,1
417,245802,1
417,247700,1
417,245718,1
417,246325,1
417,250268,1
417,245250,1
417,247513,1
417,245160,1
417,249725,1
417,248136,1
417,246700,1
417,245342,1
417,247399,1
417,250796,1
417,245593,1
417,248073,1
417,247571,1
417,246717,1
417,248233,1
417,250531,1
417,248272,1
417,245997,1
417,248056,1
417,247683,1
417,251807,1
417,253684,1
417,245223,1
417,251488,1
417,252780,1
417,245153,1
417,245551,1
417,251994,1
417,248393,1
417,250125,1
417,249802,1
417,254100,1
417,248928,1
417,247873,1
417,245138,1
417,249166,1
417,249689,1
417,246857,1
417,249620,1
417,250722,1
417,252441,1
417,248959,1
417,250144,1
417,251630,1
417,250505,1
417,245440,1
417,249084,1
417,247493,1
417,251048,1
417,248038,1
417,246534,1
417,251995,1
417,250555,1
417,247841,1
417,249095,1
417,248673,1
417,249165,1
417,248076,1
417,248861,1
417,245225,1
417,249681,1
417,246426,1
417,247592,1
417,247068,1
417,246593,1
417,250801,1
417,246090,1
417,247779,1
417,249187,1
417,250096,1
417,247079,1
417,249991,1
417,246195,1
417,248421,1
417,253683,1
417,247207,1
417,249281,1
417,248776,1
417,248487,1
417,247727,1
417,248085,1
417,249595,1
417,248477,1
417,249211,1
417,247254,1
417,246923,1
417,248796,1
417,245283,1
417,245932,1
417,247642,1
417,245868,1
417,247286,1
417,247853,1
417,245424,1
417,249250,1
417,246203,1
417,249472,1
417,250200,1
417,248094,1
417,248567,1
417,248390,1
417,245848,1
417,248800,1
417,248027,1
417,246379,1
417,250491,1
417,245725,1
417,245328,1
417,245910,1
417,246821,1
417,247904,1
417,246610,1
417,251751,1
417,249679,1
417,247969,1
417,245272,1
417,248458,1
417,250610,1
417,248301,1
417,245490,1
417,245815,1
417,247173,1
417,246266,1
417,248387,1
417,246170,1
417,248645,1
417,247052,1
417,245171,1
417,246662,1
417,248092,1
417,247078,1
417,248570,1
417,247874,1
417,248512,1
417,248525,1
417,249671,1
417,247613,1
417,248719,1
417,249035,1
417,246423,1
417,246523,1
417,246343,1
417,246144,1
417,246805,1
417,250860,1
417,250154,1
417,247950,1
417,248137,1
417,251111,1
417,247419,1
417,245860,1
417,246430,1
417,250475,1
417,246108,1
417,249207,1
417,250340,1
417,250788,1
417,246124,1
417,251496,1
417,251328,1
417,246701,1
417,247871,1
417,247367,1
417,245653,1
417,245806,1
417,246376,1
417,247022,1
417,245864,1
417,247900,1
417,251254,1
417,247147,1
417,247586,1
417,246683,1
417,247533,1
417,245193,1
417,246358,1
417,249705,1
417,248797,1
417,247989,1
417,245757,1
417,248830,1
417,251019,1
417,250350,1
417,246673,1
417,246401,1
417,249535,1
417,249750,1
417,248078,1
417,246775,1
417,245395,1
417,248707,1
417,245779,1
417,249588,1
417,245226,1
417,245595,1
417,246771,1
417,248997,1
417,248128,1
417,247679,1
417,250617,1
417,250450,1
417,247297,1
417,247733,1
417,247731,1
417,247872,1
417,245766,1
417,246298,1
417,247311,1
417,248720,1
417,252414,1
417,246474,1
417,246260,1
417,249238,1
417,248577,1
417,247715,1
417,248147,1
417,249247,1
417,249500,1
417,245538,1
417,246183,1
417,249645,1
417,250815,1
417,247465,1
417,247483,1
417,251239,1
417,249218,1
417,246310,1
417,249006,1
417,253185,1
417,247027,1
417,246460,1
417,245610,1
417,245218,1
417,247073,1
417,246545,1
417,245332,1
417,249067,1
417,249719,1
417,246759,1
417,251212,1
417,246571,1
417,249587,1
417,245209,1
417,248537,1
417,248575,1
417,249270,1
417,251040,1
417,251501,1
417,246833,1
417,249837,1
417,248685,1
417,245588,1
417,250999,1
417,249255,1
417,249209,1
417,247507,1
417,249442,1
417,248333,1
417,250427,1
417,249823,1
417,246756,1
417,247474,1
417,248856,1
417,247583,1
417,253398,1
417,246972,1
417,250652,1
417,246003,1
417,247188,1
417,247595,1
417,246269,1
417,247133,1
417,250436,1
417,245457,1
417,245125,1
417,250177,1
417,248666,1
417,249574,1
417,247632,1
417,248016,1
417,246919,1
417,247403,1
417,250451,1
417,246594,1
417,250094,1
417,246207,1
417,251604,1
417,249085,1
417,247074,1
417,246986,1
417,250895,1
417,246764,1
417,249597,1
417,248704,1
417,246141,1
417,245400,1
417,248954,1
417,249358,1
417,252059,1
417,247646,1
417,250033,1
417,250534,1
417,248124,1
417,249672,1
417,254093,1
417,248653,1
417,245581,1
417,246305,1
417,249462,1
417,253708,1
417,246531,1
417,248505,1
417,246264,1
417,245275,1
417,254998,1
417,246647,1
417,249122,1
417,248770,1
417,249312,1
417,249314,1
417,249192,1
417,251025,1
417,249156,1
417,251269,1
417,246718,1
417,247965,1
417,247880,1
417,250208,1
417,247125,1
417,248548,1
417,248424,1
417,249843,1
417,245410,1
417,249963,1
417,250221,1
417,245437,1
417,248921,1
417,245422,1
417,250681,1
417,246959,1
417,245734,1
417,248996,1
417,253174,1
417,248019,1
417,245636,1
417,245639,1
417,246378,1
417,250478,1
417,249069,1
417,248311,1
417,253638,1
417,248384,1
417,247127,1
417,246271,1
417,255358,1
417,249701,1
417,245141,1
417,245533,1
417,247438,1
417,248545,1
417,251499,1
417,245680,1
417,248674,1
417,248198,1
417,248366,1
417,246082,1
417,246473,1
417,246212,1
417,248436,1
417,245908,1
417,253679,1
417,246654,1
417,248551,1
417,248427,1
417,252379,1
417,246727,1
417,245789,1
417,246665,1
417,247754,1
417,248728,1
417,247815,1
417,249143,1
417,246856,1
417,249418,1
417,246388,1
417,245535,1
417,248071,1
417,247416,1
417,248891,1
417,246802,1
417,245668,1
417,249168,1
417,245281,1
417,247822,1
417,247626,1
417,249636,1
417,246231,1
417,246625,1
417,246117,1
417,247794,1
417,247040,1
417,250783,1
417,247300,1
417,245501,1
417,248824,1
417,246705,1
417,245163,1
417,246553,1
417,245698,1
417,247017,1
417,245270,1
417,248122,1
417,249555,1
417,245496,1
417,251279,1
417,249099,1
417,250786,1
417,249148,1
417,245450,1
417,251644,1
417,245503,1
417,246133,1
417,250159,1
417,245826,1
417,247735,1
417,246277,1
417,247839,1
417,248376,1
417,245351,1
417,245463,1
417,248765,1
417,247070,1
417,252099,1
417,249056,1
417,248985,1
417,250994,1
417,245455,1
417,248166,1
417,248698,1
417,251161,1
417,246439,1
417,246484,1
417,246029,1
417,252708,1
417,253513,1
417,248184,1
417,246335,1
417,251955,1
417,247716,1
417,249650,1
417,251000,1
417,247506,1
417,249246,1
417,246812,1
417,251428,1
417,249848,1
417,249188,1
417,246514,1
417,245321,1
417,246522,1
417,254738,1
417,248834,1
417,246772,1
417,249459,1
417,249914,1
417,247490,1
417,250303,1
417,248534,1
417,247987,1
417,250800,1
417,250365,1
417,246800,1
417,248118,1
417,248547,1
417,252308,1
417,247032,1
417,248197,1
417,248097,1
417,250047,1
417,248180,1
417,248801,1
417,246643,1
417,248178,1
417,255905,1
417,251388,1
417,245862,1
417,248287,1
417,245657,1
417,248022,1
417,249524,1
417,248143,1
417,245228,1
417,248836,1
417,245189,1
417,250957,1
417,245961,1
417,250089,1
417,250233,1
417,248309,1
417,249426,1
417,249483,1
417,245421,1
417,248811,1
417,249673,1
417,246942,1
417,247086,1
417,249915,1
417,250525,1
417,249106,1
417,250184,1
417,246824,1
417,246143,1
417,246129,1
417,245731,1
417,251232,1
417,249353,1
417,251396,1
417,245169,1
417,248308,1
417,246895,1
417,248576,1
417,248494,1
417,246049,1
417,250108,1
417,251696,1
417,246024,1
417,249239,1
417,250061,1
417,248688,1
417,245748,1
417,250013,1
417,247406,1
417,249226,1
417,248651,1
417,248803,1
417,253303,1
417,245191,1
417,248133,1
417,245120,1
417,246284,1
417,247187,1
417,249635,1
417,245637,1
417,248476,1
417,246146,1
417,248718,1
417,245307,1
417,245130,1
417,247220,1
417,247828,1
417,248587,1
417,248527,1
417,254439,1
417,248679,1
417,245477,1
417,248246,1
417,249447,1
417,248021,1
417,248924,1
417,246080,1
417,250452,1
417,248601,1
417,247344,1
417,250244,1
417,250811,1
417,250191,1
417,247552,1
417,247580,1
417,249627,1
417,245884,1
417,246783,1
417,245790,1
417,249020,1
417,247110,1
417,248556,1
417,247760,1
417,247866,1
417,245971,1
417,246356,1
417,255263,1
417,246518,1
417,245217,1
417,248177,1
417,249288,1
417,247691,1
417,247609,1
417,248302,1
417,245555,1
417,246303,1
417,250213,1
417,248047,1
417,250497,1
417,249584,1
417,247977,1
417,249644,1
417,245866,1
417,249249,1
417,246381,1
417,248150,1
417,249906,1
417,250370,1
417,246226,1
417,245601,1
417,247570,1
417,246479,1
417,247076,1
417,246297,1
417,245252,1
417,248064,1
417,248222,1
417,249065,1
417,247827,1
417,248315,1
417,246846,1
417,246557,1
417,247753,1
417,247378,1
417,247704,1
417,247004,1
417,247527,1
417,249511,1
417,248642,1
417,250209,1
417,246803,1
417,247494,1
417,245166,1
417,249360,1
417,248581,1
417,249162,1
417,252908,1
417,249972,1
417,248978,1
417,249484,1
417,246655,1
417,245236,1
417,245771,1
417,251209,1
417,250859,1
417,247445,1
417,246312,1
417,246171,1
417,246575,1
417,249014,1
417,248559,1
417,247917,1
417,249966,1
417,250764,1
417,245337,1
417,254560,1
417,248020,1
417,245371,1
417,251299,1
417,246409,1
417,245569,1
417,245247,1
417,251266,1
417,245838,1
417,246502,1
417,250274,1
417,247477,1
417,245853,1
417,247361,1
417,245438,1
417,245119,1
417,248662,1
417,250341,1
417,245527,1
417,247404,1
417,245498,1
417,249716,1
417,251606,1
417,246788,1
417,246601,1
417,247352,1
417,250095,1
417,249576,1
417,252272,1
417,251204,1
417,251114,1
417,247002,1
417,250841,1
417,250283,1
417,249731,1
417,251096,1
417,245917,1
417,249984,1
417,245459,1
417,254117,1
417,248874,1
417,247749,1
417,251353,1
417,245986,1
417,250758,1
417,246548,1
417,245673,1
417,248952,1
417,246921,1
417,246282,1
417,246828,1
417,247973,1
417,250986,1
417,247920,1
417,246970,1
417,246367,1
417,248702,1
417,246568,1
417,245230,1
417,247160,1
417,249541,1
417,249196,1
417,247524,1
417,247775,1
417,247540,1
417,246561,1
417,247623,1
417,245923,1
417,246815,1
417,245461,1
417,250035,1
417,248546,1
417,246590,1
417,245258,1
417,249687,1
417,249497,1
417,248502,1
417,247381,1
417,247649,1
417,245288,1
417,251849,1
417,246318,1
417,252601,1
417,247196,1
417,246755,1
417,248165,1
417,245959,1
417,248780,1
417,246999,1
417,252307,1
417,249171,1
417,247455,1
417,245705,1
417,247606,1
417,249568,1
417,253001,1
417,248900,1
417,246018,1
417,250165,1
417,249317,1
417,246476,1
417,247226,1
417,253435,1
417,246765,1
417,246509,1
417,246375,1
417,254365,1
417,245446,1
417,249227,1
417,251853,1
417,249570,1
417,245602,1
417,245482,1
417,252313,1
417,249242,1
417,245714,1
417,248972,1
417,245327,1
417,248549,1
417,250411,1
417,245483,1
417,248627,1
417,245271,1
417,249253,1
417,249999,1
417,249467,1
417,246486,1
417,247599,1
417,248254,1
417,249693,1
417,249545,1
417,248737,1
417,246392,1
417,250367,1
417,245507,1
417,248694,1
417,245427,1
417,248400,1
417,246941,1
417,245839,1
417,247996,1
417,250104,1
417,248696,1
417,248330,1
417,248265,1
417,245117,1
417,245399,1
417,246204,1
417,248377,1
417,250824,1
417,249127,1
417,248766,1
417,247577,1
417,246896,1
417,249248,1
417,245168,1
417,249654,1
417,250247,1
417,246433,1
417,247408,1
417,249201,1
417,248074,1
417,253507,1
417,245741,1
417,248297,1
417,246619,1
417,247792,1
417,251100,1
417,248141,1
417,249397,1
417,249974,1
417,245124,1
417,249456,1
417,249666,1
417,249895,1
417,251104,1
417,245624,1
417,247202,1
417,246816,1
417,248398,1
417,250458,1
417,250962,1
417,249005,1
417,249560,1
417,248235,1
417,247544,1
417,245257,1
417,251336,1
417,247298,1
417,245844,1
417,246563,1
417,246513,1
417,245879,1
417,246042,1
417,247975,1
417,246508,1
417,246925,1
417,245695,1
417,248430,1
417,247243,1
417,247185,1
417,248062,1
417,248364,1
417,246814,1
417,250277,1
417,246806,1
417,246789,1
417,248173,1
417,249800,1
417,248769,1
417,246410,1
417,247934,1
417,247213,1
417,246978,1
417,246615,1
417,247940,1
417,246428,1
417,251233,1
417,245159,1
417,246052,1
417,246419,1
417,247398,1
417,251571,1
417,247230,1
417,247184,1
417,248205,1
417,248868,1
417,248207,1
417,245887,1
417,248646,1
417,247791,1
417,245687,1
417,249269,1
417,247336,1
417,250972,1
417,247183,1
417,245589,1
417,245920,1
417,247145,1
417,246714,1
417,245800,1
417,246911,1
417,247575,1
417,245613,1
417,248007,1
417,248116,1
417,253637,1
417,250791,1
417,245129,1
417,249237,1
417,245184,1
417,250453,1
417,247492,1
417,248968,1
417,248206,1
417,246672,1
417,249643,1
417,245607,1
417,250236,1
417,246796,1
417,248093,1
417,245935,1
417,245231,1
417,245177,1
417,245396,1
417,247567,1
417,245418,1
417,247508,1
417,248781,1
417,247974,1
417,247979,1
417,248293,1
417,250012,1
417,248061,1
417,248215,1
417,249770,1
417,246687,1
417,248509,1
417,245816,1
417,247205,1
417,248395,1
417,245279,1
417,247192,1
417,250792,1
417,248937,1
417,252787,1
417,247708,1
417,250373,1
417,249717,1
417,248729,1
417,247278,1
417,246694,1
417,248677,1
417,246845,1
417,246732,1
417,248963,1
417,245139,1
417,251170,1
417,248482,1
417,248447,1
417,248004,1
417,247313,1
417,248563,1
417,246720,1
417,248373,1
417,248754,1
417,249217,1
417,248633,1
417,250257,1
417,245988,1
417,245640,1
417,246468,1
417,247610,1
417,246296,1
417,245803,1
417,247766,1
417,245369,1
417,251099,1
417,247712,1
417,248926,1
417,245201,1
417,250182,1
417,248709,1
417,246894,1
417,250726,1
417,247554,1
417,250446,1
417,252214,1
417,250069,1
417,249210,1
417,248267,1
417,247888,1
417,248230,1
417,247034,1
417,247539,1
417,247699,1
417,247685,1
417,247602,1
417,247258,1
417,247334,1
417,245515,1
417,248378,1
417,248445,1
417,245809,1
417,249008,1
417,247016,1
417,249292,1
417,248629,1
417,250744,1
417,249983,1
417,246464,1
417,245891,1
417,246585,1
417,248203,1
417,245993,1
417,247338,1
417,247670,1
417,248540,1
417,249505,1
417,246535,1
417,250307,1
417,248857,1
417,247542,1
417,246658,1
417,248621,1
417,248710,1
417,246317,1
417,247645,1
417,245728,1
417,245135,1
417,247730,1
417,247264,1
417,246337,1
417,250653,1
417,251002,1
417,249517,1
417,245900,1
417,246801,1
417,249521,1
417,245443,1
417,246389,1
417,248942,1
417,246176,1
417,248795,1
417,248003,1
417,246406,1
417,245745,1
417,249727,1
417,251671,1
417,245604,1
417,247566,1
417,250958,1
417,249469,1
417,249071,1
417,246933,1
417,246005,1
417,249277,1
417,245911,1
417,248030,1
417,245286,1
417,250167,1
417,249364,1
417,245382,1
417,246817,1
417,245956,1
417,246566,1
417,247054,1
417,246345,1
417,245805,1
417,250565,1
417,250965,1
417,250782,1
417,250797,1
417,249368,1
417,249191,1
417,251390,1
417,248783,1
417,247093,1
417,245686,1
417,245683,1
417,246551,1
417,245364,1
417,247960,1
417,248699,1
417,245761,1
417,246178,1
417,245433,1
417,249422,1
417,249077,1
417,250007,1
417,246013,1
417,248328,1
417,245431,1
417,249341,1
417,249283,1
417,245295,1
417,245339,1
417,249282,1
417,245785,1
417,246782,1
417,250372,1
417,247764,1
417,246028,1
417,246035,1
417,245598,1
417,251028,1
417,250536,1
417,245984,1
417,250028,1
417,249152,1
417,246480,1
417,245943,1
417,247765,1
417,247924,1
417,248858,1
417,245542,1
417,246420,1
417,246314,1
417,245237,1
417,245916,1
417,248495,1
417,247364,1
417,248678,1
417,248189,1
417,246177,1
417,252819,1
417,247355,1
417,245849,1
417,248863,1
417,249986,1
417,248261,1
417,247624,1
417,254468,1
417,245329,1
417,250523,1
417,246909,1
417,250321,1
417,245829,1
417,247467,1
417,246132,1
417,247108,1
417,245514,1
417,248773,1
417,249276,1
417,247132,1
417,247856,1
417,246708,1
417,245865,1
417,249503,1
417,248249,1
417,249753,1
417,248010,1
417,249480,1
417,248821,1
417,249658,1
417,247621,1
417,249495,1
417,246025,1
417,246843,1
417,245682,1
417,247331,1
417,248479,1
417,247335,1
417,247063,1
417,249640,1
417,246853,1
417,251197,1
417,250501,1
417,248361,1
417,250955,1
417,245679,1
417,247105,1
417,247840,1
417,246773,1
417,245330,1
417,251214,1
417,250036,1
417,249720,1
417,246733,1
417,251423,1
417,246341,1
417,246962,1
417,245559,1
417,248914,1
417,249816,1
417,247429,1
417,245452,1
417,247813,1
417,246440,1
417,248385,1
417,245296,1
417,250323,1
417,245416,1
417,248560,1
417,250806,1
417,248108,1
417,246238,1
417,250506,1
417,249813,1
417,245896,1
417,247242,1
417,250601,1
417,248081,1
417,245965,1
417,253820,1
417,246103,1
417,247976,1
417,248060,1
417,247330,1
417,248470,1
417,247033,1
417,249619,1
417,249432,1
417,249624,1
417,248998,1
417,246580,1
417,245505,1
417,246640,1
417,248951,1
417,246889,1
417,251218,1
417,245312,1
417,247129,1
417,248318,1
417,246677,1
417,245539,1
417,248976,1
417,248239,1
417,245383,1
417,251990,1
417,250150,1
417,247922,1
417,245631,1
417,246107,1
417,249266,1
417,248036,1
417,246459,1
417,245385,1
417,248101,1
417,248055,1
417,248067,1
417,246338,1
417,248279,1
417,248721,1
417,249279,1
417,248026,1
417,249291,1
417,247812,1
417,249392,1
417,249332,1
417,248915,1
417,245313,1
417,249626,1
417,245392,1
417,249070,1
417,247926,1
417,250928,1
417,246869,1
417,250214,1
417,246213,1
417,246313,1
417,251022,1
417,247340,1
417,252927,1
417,246287,1
417,247441,1
417,245912,1
417,245690,1
417,248406,1
417,246981,1
417,249978,1
417,246091,1
417,249594,1
417,248411,1
417,247833,1
417,247414,1
417,248630,1
417,246898,1
417,245769,1
417,248974,1
417,246528,1
417,253544,1
417,249423,1
417,250107,1
417,247333,1
417,249414,1
417,245276,1
417,247881,1
417,248357,1
417,246010,1
417,248757,1
417,249425,1
417,250960,1
417,249394,1
417,245309,1
417,247092,1
417,255201,1
417,248228,1
417,247672,1
417,251549,1
417,248528,1
417,247097,1
417,246934,1
417,247752,1
417,249528,1
417,245194,1
417,247886,1
417,245241,1
417,245998,1
417,245855,1
417,250060,1
417,245164,1
417,248753,1
417,247010,1
417,250466,1
417,249096,1
417,248806,1
417,245694,1
417,245255,1
417,246450,1
417,252087,1
417,247470,1
417,248480,1
417,246931,1
417,248628,1
417,249076,1
417,245407,1
417,248910,1
417,247736,1
417,246991,1
417,246638,1
417,245278,1
417,247082,1
417,245520,1
417,247807,1
417,245529,1
417,246916,1
417,245466,1
417,250413,1
417,247117,1
417,245317,1
417,249271,1
417,247442,1
417,247748,1
417,246262,1
417,250592,1
417,248300,1
417,249457,1
417,245146,1
417,249965,1
417,249189,1
417,247008,1
417,246336,1
417,251261,1
417,248135,1
417,245767,1
417,245835,1
417,245134,1
417,245619,1
417,251574,1
417,246745,1
417,250836,1
417,246544,1
417,246219,1
417,250289,1
417,246579,1
417,246216,1
417,247849,1
417,245361,1
417,247056,1
417,245755,1
417,250820,1
417,245966,1
417,250168,1
417,249668,1
417,250161,1
417,248641,1
417,249629,1
417,248777,1
417,246777,1
417,247928,1
417,246353,1
417,249589,1
417,248132,1
417,247637,1
417,250612,1
417,249463,1
417,247472,1
417,249004,1
417,249772,1
417,247055,1
417,247640,1
417,247596,1
417,247787,1
417,248380,1
417,247954,1
417,246102,1
417,245219,1
417,251231,1
417,250950,1
417,248962,1
417,249370,1
417,250449,1
417,247018,1
417,249786,1
417,246385,1
417,245472,1
417,245709,1
417,252025,1
417,246785,1
417,245556,1
417,247425,1
417,246391,1
417,248303,1
417,252352,1
417,249514,1
417,246235,1
417,249245,1
417,245131,1
417,250046,1
417,250079,1
417,253039,1
417,246470,1
417,247772,1
417,248467,1
417,248342,1
417,248788,1
417,245983,1
417,253542,1
417,248054,1
417,250336,1
417,245349,1
417,248362,1
417,246848,1
417,248755,1
417,248331,1
417,247044,1
417,252716,1
417,248564,1
417,248231,1
417,251297,1
417,245633,1
417,248530,1
417,248671,1
417,248741,1
417,250486,1
417,253599,1
417,245772,1
417,246384,1
417,250275,1
417,245489,1
417,252734,1
417,245456,1
417,249718,1
417,246952,1
417,248907,1
417,249372,1
417,247256,1
417,247619,1
417,249183,1
417,247616,1
417,247248,1
417,249224,1
417,247139,1
417,251309,1
417,249086,1
417,246612,1
417,248691,1
417,248829,1
417,247466,1
417,250746,1
417,248593,1
417,246604,1
417,246328,1
417,247648,1
417,251800,1
417,245188,1
417,250805,1
417,245513,1
417,246263,1
417,245749,1
417,247709,1
417,247536,1
417,247462,1
417,248292,1
417,249988,1
417,248216,1
417,245793,1
417,249075,1
417,247519,1
417,249120,1
417,245412,1
417,247396,1
417,249959,1
417,246145,1
417,248247,1
417,250170,1
417,246861,1
417,247516,1
417,248355,1
417,247776,1
417,250049,1
417,247695,1
417,251897,1
417,247360,1
417,249411,1
417,247235,1
417,246210,1
417,249583,1
417,248437,1
417,246039,1
417,245626,1
417,245797,1
417,245179,1
417,248223,1
417,248826,1
417,248865,1
417,249185,1
417,247584,1
417,246135,1
417,247232,1
417,252184,1
417,249759,1
417,247469,1
417,246004,1
417,245863,1
417,250803,1
417,246075,1
417,246589,1
417,248072,1
417,246776,1
417,245381,1
417,247510,1
417,246591,1
417,247863,1
417,250404,1
417,247948,1
417,245292,1
417,246015,1
417,245221,1
417,248039,1
417,247058,1
417,247393,1
417,247512,1
417,247832,1
417,248209,1
417,246344,1
417,246189,1
417,246068,1
417,247060,1
417,246148,1
417,245215,1
417,247705,1
417,247113,1
417,245753,1
417,247770,1
417,248442,1
417,251087,1
417,247295,1
417,250509,1
417,245628,1
417,249310,1
417,249875,1
417,248374,1
417,249481,1
417,246455,1
417,250524,1
417,246874,1
417,245554,1
417,246608,1
417,246169,1
417,250151,1
417,245274,1
417,250970,1
417,253465,1
417,248703,1
417,250185,1
417,249655,1
417,249062,1
417,248070,1
417,246976,1
417,248241,1
417,247031,1
417,245715,1
417,246820,1
417,245158,1
417,248632,1
417,249691,1
417,245402,1
417,249822,1
417,247368,1
417,251700,1
417,246995,1
417,248156,1
417,246380,1
417,248917,1
417,248414,1
417,248453,1
417,248457,1
417,245739,1
417,250570,1
417,248572,1
417,248446,1
417,245448,1
417,246920,1
417,247482,1
417,248500,1
417,250457,1
417,249606,1
417,246471,1
417,247035,1
417,246949,1
417,250920,1
417,248708,1
417,248107,1
417,249048,1
417,248418,1
417,246879,1
417,249197,1
417,245752,1
417,248624,1
417,245232,1
417,248605,1
417,246730,1
417,249552,1
417,247136,1
417,248931,1
417,249670,1
417,251041,1
417,247796,1
417,250072,1
417,250779,1
417,245665,1
417,248168,1
417,248652,1
417,246020,1
417,246424,1
417,250172,1
417,248204,1
417,245314,1
417,249319,1
417,247373,1
417,247498,1
417,246239,1
417,246223,1
417,247021,1
417,253356,1
417,247907,1
417,245676,1
417,248848,1
417,245243,1
417,249448,1
417,246083,1
417,247246,1
417,247628,1
417,246134,1
417,250517,1
417,246671,1
417,250597,1
417,249749,1
417,248471,1
417,248283,1
417,248033,1
417,248129,1
417,245840,1
417,246130,1
417,251277,1
417,245354,1
417,248724,1
417,250196,1
417,247598,1
417,248017,1
417,253334,1
417,248623,1
417,251365,1
417,246315,1
417,249050,1
417,245128,1
417,250456,1
417,249126,1
417,250084,1
417,250113,1
417,248832,1
417,251623,1
417,248650,1
417,248034,1
417,245467,1
417,245627,1
417,247916,1
417,249947,1
417,248742,1
417,248510,1
417,247667,1
417,250010,1
417,248176,1
417,247218,1
417,246449,1
417,247522,1
417,249228,1
417,247138,1
417,246936,1
417,246261,1
417,249019,1
417,250314,1
417,246295,1
417,250311,1
417,246946,1
417,247053,1
417,248790,1
417,249590,1
417,246217,1
417,251103,1
417,246294,1
417,245652,1
417,247985,1
417,246886,1
417,247573,1
417,245669,1
417,245939,1
417,250545,1
417,246729,1
417,245213,1
417,248732,1
417,248767,1
417,249090,1
417,249602,1
417,246584,1
417,245570,1
417,247660,1
417,248664,1
417,248419,1
417,246751,1
417,248566,1
417,249864,1
417,252348,1
417,251716,1
417,250160,1
417,246059,1
417,249569,1
417,249506,1
417,245587,1
417,248466,1
417,246704,1
417,245208,1
417,249235,1
417,248896,1
417,249410,1
417,246505,1
417,245133,1
417,246678,1
417,247337,1
417,245591,1
417,247189,1
417,245729,1
417,246930,1
417,248498,1
417,245453,1
417,249987,1
417,246245,1
417,250603,1
417,250937,1
417,250064,1
417,248713,1
417,248478,1
417,247485,1
417,249118,1
417,252571,1
417,249213,1
417,251112,1
417,249241,1
417,246595,1
417,250032,1
417,247717,1
417,253109,1
417,246577,1
417,247694,1
417,246404,1
417,250468,1
417,248550,1
417,245787,1
417,247750,1
417,249715,1
417,250090,1
417,248680,1
417,248513,1
417,249460,1
417,245210,1
417,245820,1
417,246147,1
417,247945,1
417,246447,1
417,249785,1
417,248250,1
417,246478,1
417,245204,1
417,248041,1
417,249849,1
417,247944,1
417,246402,1
417,245331,1
417,249509,1
417,248324,1
417,248850,1
417,246023,1
417,249782,1
417,246906,1
417,249133,1
417,248201,1
417,246574,1
417,247890,1
417,247725,1
417,252322,1
417,248013,1
417,251017,1
417,248009,1
417,249501,1
417,250765,1
417,250030,1
417,245144,1
417,250292,1
417,247154,1
417,250097,1
417,246125,1
417,248224,1
417,245366,1
417,248923,1
417,247211,1
417,248738,1
417,248816,1
417,248131,1
417,246110,1
417,245576,1
417,248656,1
417,248883,1
417,248089,1
417,249348,1
417,248886,1
417,255160,1
417,246904,1
417,247141,1
417,250235,1
417,246243,1
417,248743,1
417,247622,1
417,246454,1
417,248516,1
417,245499,1
417,250039,1
417,250995,1
417,247444,1
417,246494,1
417,245386,1
417,245245,1
417,249451,1
417,246400,1
417,245227,1
417,245157,1
417,248524,1
417,247128,1
417,247257,1
417,246417,1
417,253471,1
417,246164,1
417,247593,1
417,249522,1
417,248434,1
417,247674,1
417,248158,1
417,246466,1
417,245737,1
417,251255,1
417,248191,1
417,250630,1
417,247194,1
417,245267,1
417,246158,1
417,246242,1
417,248305,1
417,247801,1
417,247422,1
417,248902,1
417,246996,1
417,246560,1
417,249903,1
417,246793,1
417,253330,1
417,248428,1
417,248083,1
417,245630,1
417,248444,1
417,248356,1
417,247239,1
417,249641,1
417,247543,1
417,247020,1
417,248731,1
417,247283,1
417,250966,1
417,247301,1
417,249729,1
417,245172,1
417,247923,1
417,245182,1
417,248787,1
417,248654,1
417,247238,1
417,248110,1
417,246661,1
417,247935,1
417,251198,1
417,247797,1
417,245333,1
417,246418,1
417,246583,1
417,249307,1
417,246194,1
417,246500,1
417,246659,1
417,245685,1
417,249063,1
417,246127,1
417,247023,1
417,249690,1
417,246221,1
417,246799,1
417,246201,1
417,245575,1
417,250857,1
417,247501,1
417,248321,1
417,247631,1
417,245541,1
417,246832,1
417,250371,1
417,245675,1
417,248199,1
417,249214,1
417,249748,1
417,249788,1
417,246453,1
417,248475,1
417,247983,1
417,246830,1
417,245519,1
417,248805,1
417,249034,1
417,246868,1
417,248162,1
417,246695,1
417,249704,1
417,247359,1
417,245470,1
417,247790,1
417,247526,1
417,245777,1
417,247280,1
417,246342,1
417,246019,1
417,245359,1
417,251470,1
417,251312,1
417,246458,1
417,248855,1
417,247601,1
417,248295,1
417,245567,1
417,251146,1
417,248343,1
417,247321,1
417,248282,1
417,245762,1
417,246174,1
417,248841,1
417,246140,1
417,248762,1
417,246394,1
417,247644,1
417,246190,1
417,247120,1
417,245334,1
417,249468,1
417,249220,1
417,249441,1
417,249285,1
417,249665,1
417,249273,1
417,249637,1
417,245534,1
417,245599,1
417,246281,1
417,247711,1
417,248711,1
417,248125,1
417,250686,1
417,248252,1
417,245632,1
417,248313,1
417,246969,1
417,245341,1
417,250599,1
417,248878,1
417,247990,1
417,249151,1
417,248667,1
417,251348,1
417,249504,1
417,250101,1
417,254013,1
417,247834,1
417,245362,1
417,248098,1
417,251238,1
417,251688,1
417,250305,1
417,247782,1
417,248371,1
417,245458,1
417,245670,1
417,248386,1
417,249117,1
417,248051,1
417,246407,1
417,246414,1
417,251264,1
417,245462,1
417,251408,1
417,249777,1
417,252058,1
417,245140,1
417,246997,1
417,245740,1
417,247084,1
417,247850,1
417,248029,1
417,248778,1
417,248981,1
417,245358,1
417,245170,1
417,248643,1
417,246905,1
417,245837,1
417,246554,1
417,245445,1
417,246586,1
417,248639,1
417,249888,1
417,248750,1
417,250447,1
417,245280,1
417,249233,1
417,246826,1
417,247857,1
417,245363,1
417,248727,1
417,248591,1
417,248519,1
417,246928,1
417,249259,1
417,247515,1
417,249464,1
417,247122,1
417,250590,1
417,248982,1
417,247083,1
417,245294,1
417,251519,1
417,249616,1
417,246214,1
417,246488,1
417,253113,1
417,246900,1
417,247024,1
417,248086,1
417,246308,1
417,245877,1
417,250721,1
417,247860,1
417,245994,1
417,246000,1
417,248515,1
417,251223,1
417,246564,1
417,246982,1
417,246270,1
417,247933,1
417,246240,1
417,248452,1
417,251532,1
417,248138,1
417,245195,1
417,246431,1
417,245222,1
417,245953,1
417,248901,1
417,247099,1
417,245702,1
417,249280,1
417,245812,1
417,245211,1
417,246076,1
417,246311,1
417,246044,1
417,249479,1
417,247203,1
417,249031,1
417,246798,1
417,249860,1
417,247314,1
417,247927,1
417,248945,1
417,248747,1
417,250098,1
417,247518,1
417,248449,1
417,251615,1
417,251640,1
417,245584,1
417,248040,1
417,245460,1
417,249439,1
417,245474,1
417,247327,1
417,247789,1
417,247380,1
417,249315,1
417,245625,1
417,245355,1
417,245969,1
417,246368,1
417,248813,1
417,250513,1
417,247236,1
417,248175,1
417,249674,1
417,247532,1
417,252490,1
417,248394,1
417,245471,1
417,246520,1
417,249199,1
417,251090,1
417,247821,1
417,248690,1
417,247829,1
417,250193,1
417,246105,1
417,246357,1
417,250521,1
417,248867,1
417,248636,1
417,248663,1
417,247885,1
417,245660,1
417,245689,1
417,248714,1
417,248190,1
417,246104,1
417,248553,1
417,249041,1
417,245615,1
417,250848,1
417,251564,1
417,251265,1
417,255816,1
417,248573,1
417,247946,1
417,246781,1
417,249518,1
417,246559,1
417,247045,1
417,246686,1
417,247785,1
417,248307,1
417,246256,1
417,247819,1
417,247635,1
417,249473,1
417,248736,1
417,252798,1
417,245954,1
417,252265,1
417,248798,1
417,247553,1
417,245340,1
417,247464,1
417,249180,1
417,246259,1
417,246172,1
417,246180,1
417,246142,1
417,248462,1
417,249066,1
417,248660,1
417,246576,1
417,246236,1
417,247698,1
417,248582,1
417,250298,1
417,249710,1
417,249338,1
417,248256,1
417,249499,1
417,246749,1
417,245977,1
417,246448,1
417,245807,1
417,248096,1
417,250416,1
417,245818,1
417,248723,1
417,247039,1
417,246642,1
417,247201,1
417,247932,1
417,246093,1
417,250455,1
417,246415,1
417,252324,1
417,250668,1
417,246736,1
417,247179,1
417,248242,1
417,248872,1
417,250178,1
417,247250,1
417,250248,1
417,247830,1
417,247899,1
417,252253,1
417,245289,1
417,245375,1
417,246645,1
417,248463,1
417,248927,1
417,246966,1
417,250763,1
417,247936,1
417,249482,1
417,249556,1
417,248435,1
417,247970,1
417,245388,1
417,248922,1
417,251568,1
417,247997,1
417,253054,1
417,249040,1
417,249492,1
417,250065,1
417,248340,1
417,254159,1
417,250562,1
417,248113,1
417,246106,1
417,247057,1
417,247144,1
417,248481,1
417,249221,1
417,249204,1
417,249783,1
417,247392,1
417,249486,1
417,251086,1
417,248087,1
417,247376,1
417,248490,1
417,246774,1
417,251240,1
417,249435,1
417,245150,1
417,247400,1
417,250858,1
417,250785,1
417,248489,1
417,248825,1
417,247557,1
417,250217,1
417,250106,1
417,249764,1
417,245980,1
417,249507,1
417,248635,1
417,248046,1
417,251032,1
417,246445,1
417,248596,1
417,249498,1
417,248160,1
417,249508,1
417,249003,1
417,252268,1
417,245952,1
417,247172,1
417,247530,1
417,249998,1
417,248612,1
417,246038,1
417,249446,1
417,250804,1
417,250780,1
417,247180,1
417,246173,1
417,245205,1
417,249776,1
417,246871,1
417,246359,1
417,246840,1
417,247312,1
417,249393,1
417,250479,1
417,246168,1
417,248268,1
417,250566,1
417,246716,1
417,246465,1
417,248382,1
417,246710,1
417,251013,1
417,247276,1
417,248407,1
417,245586,1
417,248879,1
417,247814,1
417,246878,1
417,248329,1
417,249388,1
417,249417,1
417,252230,1
417,248501,1
417,251296,1
417,247804,1
417,250205,1
417,249853,1
417,248058,1
417,247461,1
417,248682,1
417,246935,1
417,245428,1
417,248045,1
417,250326,1
417,247101,1
417,247228,1
417,249043,1
417,245821,1
417,247051,1
417,246347,1
417,247617,1
417,247892,1
417,249107,1
417,250591,1
417,250745,1
417,245178,1
417,247875,1
417,249685,1
417,245972,1
417,245603,1
417,250823,1
417,249073,1
417,250515,1
417,248255,1
417,250245,1
417,249610,1
417,249265,1
417,250145,1
417,248987,1
417,245572,1
417,250153,1
417,248145,1
417,251824,1
417,245176,1
417,247107,1
417,255815,1
417,248717,1
417,248819,1
417,246267,1
417,250799,1
417,246072,1
417,246975,1
417,245161,1
417,249251,1
417,249181,1
417,248517,1
417,249355,1
417,254596,1
417,245700,1
417,246154,1
417,250442,1
417,245145,1
417,247511,1
417,247738,1
417,250578,1
417,245825,1
417,246291,1
417,249762,1
417,246032,1
417,245522,1
417,247594,1
417,247634,1
417,246556,1
417,246688,1
417,246037,1
417,245830,1
417,248091,1
417,245530,1
417,247546,1
417,251771,1
417,245872,1
417,249827,1
417,248897,1
417,249662,1
417,249289,1
417,246186,1
417,247342,1
417,252355,1
417,248464,1
417,249198,1
417,250349,1
417,245618,1
417,247906,1
417,251308,1
417,246987,1
417,247666,1
417,248722,1
417,248617,1
417,247747,1
417,246696,1
417,245878,1
417,247094,1
417,247980,1
417,248983,1
417,247823,1
417,246834,1
417,249680,1
417,245447,1
417,245846,1
417,245726,1
417,245813,1
417,248580,1
417,247746,1
417,248789,1
417,247168,1
417,245940,1
417,250507,1
417,246227,1
417,249079,1
417,254200,1
417,246965,1
417,245420,1
417,247744,1
417,250935,1
417,246863,1
417,246527,1
417,246165,1
417,248665,1
417,246693,1
417,245502,1
417,248413,1
417,249038,1
417,249057,1
417,247963,1
417,248842,1
417,247809,1
417,248831,1
417,248472,1
417,246322,1
417,245465,1
417,246791,1
417,252091,1
417,251498,1
417,245548,1
417,246427,1
417,245299,1
417,245681,1
417,248181,1
417,252515,1
417,245964,1
417,246137,1
417,248066,1
417,248220,1
417,246627,1
417,246053,1
417,250861,1
417,248554,1
417,248257,1
417,247167,1
417,251404,1
417,249648,1
417,247241,1
417,246533,1
417,246652,1
417,249322,1
417,250552,1
417,246490,1
417,252314,1
417,245344,1
417,247325,1
417,245323,1
417,249052,1
417,246676,1
417,248289,1
417,247030,1
417,246371,1
417,251407,1
417,249471,1
417,250225,1
417,247798,1
417,248337,1
417,245746,1
417,246681,1
417,248687,1
417,247450,1
417,248607,1
417,248454,1
417,247005,1
417,249129,1
417,247895,1
417,247339,1
417,248338,1
417,246741,1
417,246149,1
417,250568,1
417,249200,1
417,249366,1
417,247732,1
417,247696,1
417,246940,1
417,247478,1
417,246397,1
417,249101,1
417,246746,1
417,251695,1
417,249699,1
417,249526,1
417,252498,1
417,249399,1
417,247126,1
417,248237,1
417,246078,1
417,250989,1
417,247884,1
417,249268,1
417,248794,1
417,255097,1
417,251113,1
417,250057,1
417,248195,1
417,249318,1
417,247641,1
417,248880,1
417,250463,1
417,245955,1
417,247852,1
417,248936,1
417,247678,1
417,248312,1
417,246998,1
417,246503,1
417,246151,1
417,248613,1
417,246362,1
417,246887,1
417,247137,1
417,250322,1
417,253433,1
417,246051,1
417,250424,1
417,248657,1
417,248882,1
417,245187,1
417,248121,1
417,245875,1
417,252665,1
417,250770,1
417,245811,1
417,248251,1
417,251445,0
417,247931,1
417,246087,1
417,245121,1
417,245794,1
417,247273,1
417,247968,1
417,250238,1
417,247148,1
417,250669,1
417,248726,1
417,246927,1
417,246947,1
417,247263,1
417,249562,1
417,248296,1
417,247661,1
417,246181,1
417,248164,1
417,245929,1
417,247454,1
417,246501,1
417,246525,1
417,254293,1
417,246744,1
417,247734,1
417,252735,1
417,247151,1
417,246403,1
417,245996,1
417,250419,1
417,250358,1
417,252973,1
417,249194,1
417,247541,1
417,249013,1
417,247165,1
417,247186,1
417,245398,1
417,248115,1
417,246728,1
417,251717,1
417,247521,1
417,249386,1
417,247855,1
417,248672,1
417,245892,1
417,249244,1
417,247688,1
417,245552,1
417,246607,1
417,245889,1
417,248603,1
417,248595,1
417,248460,1
417,248658,1
417,245808,1
417,246119,1
417,246990,1
417,248760,1
417,245367,1
417,251249,1
417,251098,1
417,245847,1
417,250971,1
417,245874,1
417,246109,1
417,251119,1
417,247759,1
417,248276,1
417,248684,1
417,247377,1
417,247109,1
417,248369,1
417,246232,1
417,253369,1
417,248402,1
417,250226,1
417,249810,1
417,248569,1
417,248260,1
417,245566,1
417,250440,1
417,249337,1
417,252251,1
417,248640,1
417,250493,1
417,249711,1
417,246046,1
417,247007,1
417,249333,1
417,246156,1
417,247723,1
417,245828,1
417,247957,1
417,248266,1
417,245651,1
417,247102,1
417,245248,1
417,249695,1
417,249491,1
417,248744,1
417,249551,1
417,247952,1
417,250073,1
417,246646,1
417,245791,1
417,249902,1
417,248889,1
417,247245,1
417,246205,1
417,247357,1
417,245346,1
417,248903,1
417,247531,1
417,247607,1
417,249958,1
417,246524,1
417,246085,1
417,248508,1
417,246222,1
417,248335,1
417,251556,1
417,249487,1
417,246951,1
417,246229,1
417,249092,1
417,247363,1
417,247310,1
417,246901,1
417,249128,1
417,248002,1
417,250270,1
417,246859,1
417,245391,1
417,248913,1
417,248615,1
417,246779,1
417,245701,1
417,249734,1
417,248608,1
417,246850,1
417,246063,1
417,248139,1
417,246452,1
417,246706,1
417,253157,1
417,249398,1
417,250724,1
417,247496,1
417,249374,1
417,250514,1
417,245311,1
417,247714,1
417,250742,1
417,250511,1
417,250757,1
417,246844,1
417,248543,1
417,251004,1
417,250856,1
417,246111,1
417,250186,1
417,246301,1
417,249049,1
417,250538,1
417,248756,1
417,246115,1
417,247555,1
417,245350,1
417,248104,1
417,248028,1
417,248958,1
417,247025,1
417,246860,1
417,247955,1
417,248668,1
417,246735,1
417,247961,1
417,247718,1
417,248984,1
417,250140,1
417,246977,1
417,245827,1
417,245950,1
417,248405,1
417,249351,1
417,250197,1
417,245233,1
417,250443,1
417,245629,1
417,246641,1
417,246611,1
417,246390,1
417,246136,1
417,249542,1
417,255260,1
417,251784,1
417,248775,1
417,249430,1
417,249836,1
417,249867,1
417,246713,1
417,245882,1
417,249305,1
417,248186,1
417,245928,1
417,247941,1
417,248001,1
417,250974,1
417,245235,1
417,245646,1
417,246198,1
417,246026,1
417,248232,1
417,248169,1
417,250117,1
417,251109,1
417,249781,1
417,249290,1
417,248749,1
417,247669,1
417,245989,1
417,248433,1
417,249909,1
417,245645,0
417,248839,1
417,250983,1
417,248227,1
417,249633,1
417,250947,1
417,247702,1
417,251614,1
417,250091,1
417,246058,1
417,247397,1
417,245968,1
417,249676,1
417,248182,1
417,246467,1
417,248725,1
417,245449,1
417,248396,1
417,248845,1
417,247413,1
417,248253,1
417,247299,1
417,248584,1
417,249493,1
417,251194,1
417,247348,1
417,245638,1
417,252344,1
417,245246,1
417,251988,1
417,249638,1
417,252536,1
417,248483,1
417,248782,1
417,250376,1
417,245155,1
417,247372,1
417,246598,1
417,245946,1
417,248194,1
417,246558,1
417,249080,1
417,248535,1
417,246095,1
417,249466,1
417,245545,1
417,248956,1
417,249359,1
417,246302,1
417,246649,1
417,248325,1
417,248152,1
417,247867,1
417,246973,1
417,247951,1
417,246721,1
417,247894,1
417,247816,1
417,251215,1
417,245356,1
417,245423,1
417,249774,1
417,248451,1
417,247662,1
417,250490,1
417,250747,1
417,246822,1
417,247893,0
417,247719,1
417,248980,1
417,246867,1
417,247095,1
417,246818,1
417,246027,1
417,246274,1
417,246924,1
417,248179,1
417,246339,1
417,246268,1
417,248606,1
417,245719,1
417,249383,1
417,250176,1
417,248876,1
417,249529,1
417,249881,0
417,247495,0
417,246858,1
417,245851,1
417,274386,1
417,245899,1
417,248779,1
417,253294,1
417,251020,1
417,250656,1
417,245951,1
417,250476,1
417,255372,1
417,250335,1
417,252271,1
417,251936,1
417,245722,1
417,249407,1
417,246979,1
417,248095,1
417,253045,1
417,245558,0
417,249639,1
417,248492,1
417,247424,1
417,245417,1
417,249780,1
417,249385,1
417,245032,1
417,251518,1
417,247347,1
417,250378,1
417,251937,1
417,249202,1
417,252715,0
417,253767,1
417,250910,1
417,250964,1
417,248935,1
417,253408,1
417,252211,1
417,247902,1
417,251054,0
417,248103,1
417,245096,1
417,248610,1
417,245486,1
417,250119,1
417,250611,1
417,248025,1
417,245099,1
417,250068,1
417,251986,1
417,248090,0
417,250752,1
417,250267,0
417,252659,1
417,247171,1
417,251105,1
417,252451,1
417,253514,0
417,248752,1
417,247195,0
417,249869,1
417,251989,1
417,252127,1
417,252178,0
417,249515,1
417,248082,0
417,249406,1
417,252495,1
417,248957,1
417,249642,1
417,251184,1
417,245025,1
417,252903,1
417,252566,1
417,247436,1
417,252079,1
417,250933,1
417,251446,1
417,245020,1
417,251836,1
417,250202,1
417,250749,1
417,247473,1
417,249803,0
417,247260,1
417,250828,1
417,245026,1
417,252442,0
417,247191,1
417,245011,1
417,245008,1
417,253538,1
417,248941,1
417,245073,1
417,247142,0
417,248768,1
417,245200,1
417,252215,1
417,250712,1
417,252696,1
417,249982,1
417,250846,1
417,250614,1
417,250557,0
417,245017,1
417,249173,1
417,251701,1
417,245023,1
417,252137,1
417,252991,1
417,248262,1
417,252999,1
417,252919,1
417,247271,1
417,246034,1
417,252339,0
417,248127,1
417,250567,0
417,245022,0
417,249313,1
417,245030,1
417,252656,1
417,251225,1
417,250881,0
417,249342,1
417,252415,1
417,249167,1
417,248469,1
417,248597,1
417,250518,1
417,251544,1
417,251919,1
417,247166,1
417,247590,1
417,252467,1
417,252531,1
417,252108,0
417,250560,1
417,252952,1
417,251575,1
417,250549,1
417,249380,1
417,253040,1
417,249751,1
417,251270,1
417,252111,1
417,248990,1
417,245029,1
417,250596,0
417,250051,1
417,249450,1
417,250997,1
417,250278,1
417,248440,1
417,251418,1
417,245016,1
417,250625,1
417,251685,0
417,245056,1
417,244245,1
417,248859,1
417,252667,0
417,247489,1
417,249700,1
417,250847,1
417,247788,1
417,249686,1
417,251018,1
417,245027,1
417,250802,1
417,252526,1
417,250637,1
417,252281,1
417,252509,0
417,248828,1
417,251705,1
417,250093,1
417,252845,1
417,249652,1
417,250533,1
417,254514,1
417,252325,1
417,249258,0
417,249531,1
417,250736,1
417,250936,1
417,250230,1
417,250494,1
417,253122,1
417,249591,0
417,245898,0
417,247956,1
417,245622,1
417,247064,1
417,037199,-1
417,062307,-1
417,249811,-1
417,249697,1
417,247216,1
417,034335,-1
417,245738,0
417,107929,0
417,249921,1
417,037398,-1
417,024702,-1
417,283288,0
417,286190,-1
417,049855,-1
417,081676,-1
417,195453,-1
417,017091,-1
417,038873,-1
417,195455,-1
417,211751,-1
417,002202,-1
417,195452,-1
417,003526,-1
417,038706,-1
417,195528,-1
417,083806,-1
417,285866,-1
417,194854,-1
417,219539,-1
417,162557,-1
417,039333,-1
417,223017,-1
417,113050,-1
417,123373,-1
417,195857,-1
417,160102,-1
417,031839,-1
417,211693,-1
417,195069,-1
417,021943,-1
417,034322,-1
417,195646,-1
417,232446,0
417,041671,-1
417,285874,-1
417,212319,-1
417,141304,-1
417,083470,-1
417,288581,-1
417,211752,-1
417,049813,-1
417,094407,-1
417,102517,-1
417,003829,-1
417,248955,0
417,123372,-1
417,061717,-1
417,195755,-1
417,285876,-1
417,203817,-1
417,284883,-1
417,051245,-1
417,289991,-1
417,240945,-1
417,195070,-1
417,112984,-1
417,035881,-1
417,153743,-1
417,069344,-1
417,260182,-1
417,199123,-1
417,251226,-1
417,037383,-1
417,074687,-1
417,034330,-1
417,154594,-1
417,148047,-1
417,081758,-1
417,262252,-1
417,022942,-1
417,045043,-1
417,195613,-1
417,045246,-1
417,190526,-1
417,251219,0
417,113051,-1
417,195461,-1
417,019400,-1
417,014747,0
417,195612,-1
417,144195,-1
417,195881,-1
417,140971,-1
417,193168,-1
417,035695,-1
417,010719,1
417,092791,-1
417,146878,-1
417,229487,-1
417,034205,-1
417,025682,-1
417,116511,-1
417,154048,-1
417,265591,-1
417,160017,-1
417,267712,-1
417,195125,-1
417,002314,-1
417,032080,-1
417,236100,-1
417,048585,-1
417,257234,-1
417,112976,-1
417,195465,-1
417,160055,-1
417,154611,-1
417,069479,-1
417,197215,-1
417,113044,-1
417,200669,-1
417,195664,-1
417,049744,-1
417,154017,-1
417,155473,-1
417,270880,-1
417,096915,-1
417,141325,-1
417,173678,-1
417,196930,-1
417,160054,-1
417,195709,-1
417,156410,-1
417,044974,-1
417,159432,-1
417,195491,-1
417,021755,-1
417,080833,-1
417,275510,-1
417,257821,-1
417,049900,-1
417,196677,-1
417,141327,-1
417,153806,-1
417,125754,-1
417,109449,-1
417,014528,-1
417,003792,-1
417,190509,-1
417,284272,-1
417,144201,-1
417,102652,-1
417,024780,-1
417,275033,-1
417,018568,-1
417,195515,-1
417,109502,-1
417,232291,-1
417,146863,-1
417,272854,-1
417,282653,-1
417,110564,-1
417,195466,-1
417,103465,-1
417,086638,-1
417,002932,-1
417,050112,-1
417,035999,-1
417,248802,0
417,037852,-1
417,209918,-1
417,095007,-1
417,141293,-1
417,192640,-1
417,195238,-1
417,070292,-1
417,155812,-1
417,195474,-1
417,052207,-1
417,167074,-1
417,272014,-1
417,025303,-1
417,045238,-1
417,277118,-1
417,194135,-1
417,195985,-1
417,043310,-1
417,024342,-1
417,195949,-1
417,168983,-1
417,049411,-1
417,270888,-1
417,128722,-1
417,020102,-1
417,210314,-1
417,195435,-1
417,223273,-1
417,155821,-1
417,036369,-1
417,110566,-1
417,197288,-1
417,273988,-1
417,020114,-1
417,241638,-1
417,025686,-1
417,022888,-1
417,049948,-1
417,155970,-1
417,168984,-1
417,009226,-1
417,048459,-1
417,162082,-1
417,000097,-1
417,147634,-1
417,173586,-1
417,193190,-1
417,195247,-1
417,020639,-1
417,008441,-1
417,038573,-1
417,236377,-1
417,064049,-1
417,201562,-1
417,146939,-1
417,099202,-1
417,018507,-1
417,213369,-1
417,195445,-1
417,049682,-1
417,090232,-1
417,283449,-1
417,196488,-1
417,162379,-1
417,140838,-1
417,134256,-1
417,195239,-1
417,272012,-1
417,169102,-1
417,190372,-1
417,223344,-1
417,262782,-1
417,049994,-1
417,166275,-1
417,070296,-1
417,282313,-1
417,023998,-1
417,062051,-1
417,103469,-1
417,270909,-1
417,165326,-1
417,090277,-1
417,195529,-1
417,224614,-1
417,232110,-1
417,081422,-1
417,015350,-1
417,156095,-1
417,060238,-1
417,257237,-1
417,209823,-1
417,195399,-1
417,196489,-1
417,262893,-1
417,147846,-1
417,173693,-1
417,019532,-1
417,049733,-1
417,156391,-1
417,187405,-1
417,289966,-1
417,195275,-1
417,155811,-1
417,049983,-1
417,130733,-1
417,019013,-1
417,254590,0
417,040381,-1
417,284273,-1
417,045761,0
417,049946,-1
417,195943,-1
417,195837,-1
417,024379,-1
417,097511,-1
417,069405,-1
417,149619,-1
417,148068,-1
417,124613,-1
417,103451,-1
417,197343,-1
417,081389,-1
417,090243,-1
417,195237,-1
417,045343,-1
417,041532,-1
417,164676,-1
417,001090,-1
417,167688,-1
417,141388,-1
417,193273,-1
417,272011,-1
417,190354,-1
417,050800,-1
417,081646,-1
417,090359,-1
417,070278,-1
417,037799,-1
417,196891,-1
417,262769,-1
417,195484,-1
417,102578,-1
417,135844,-1
417,054889,-1
417,223675,-1
417,195322,-1
417,065165,-1
417,147289,-1
417,285286,-1
417,022031,-1
417,219695,-1
417,006275,-1
417,195440,-1
417,236104,-1
417,020071,-1
417,019039,-1
417,094373,-1
417,232099,-1
417,156055,-1
417,267771,-1
417,226409,-1
417,195827,-1
417,090362,-1
417,035959,-1
417,195882,-1
417,068289,-1
417,031914,-1
417,251570,-1
417,151017,-1
417,287656,-1
417,099511,-1
417,124196,-1
417,099049,-1
417,089347,-1
417,035963,-1
417,226151,-1
417,138276,-1
417,254674,-1
417,108966,-1
417,049506,-1
417,157699,-1
417,081435,-1
417,044446,-1
417,152505,-1
417,062247,-1
417,148129,-1
417,185630,-1
417,158930,-1
417,197891,-1
417,270457,-1
417,213803,-1
417,195675,-1
417,008260,-1
417,094775,-1
417,021424,-1
417,096340,-1
417,220302,-1
417,218618,-1
417,037917,-1
417,041358,-1
417,195607,-1
417,195464,-1
417,149838,-1
417,195449,-1
417,284269,0
417,148069,-1
417,219616,-1
417,011319,-1
417,090303,-1
417,076650,-1
417,233164,-1
417,045599,-1
417,189697,-1
417,175710,-1
417,141418,-1
417,066845,-1
417,037788,-1
417,037042,-1
417,096985,-1
417,216170,-1
417,219209,-1
417,267716,-1
417,288704,-1
417,099095,-1
417,093165,-1
417,141331,-1
417,195442,-1
417,070388,-1
417,151013,-1
417,086290,-1
417,034636,-1
417,001554,-1
417,232280,-1
417,271938,-1
417,134152,-1
417,090505,-1
417,267855,-1
417,049681,-1
417,213849,-1
417,103561,-1
417,231131,-1
417,125755,-1
417,195216,-1
417,096006,-1
417,195991,-1
417,262668,-1
417,109737,-1
417,195488,-1
417,195416,-1
417,272013,-1
417,223496,-1
417,129792,-1
417,098471,-1
417,190731,-1
417,196276,-1
417,196797,-1
417,017229,-1
417,031912,-1
417,256940,-1
417,232102,-1
417,223646,-1
417,251835,-1
417,042728,-1
417,262453,-1
417,020671,-1
417,251154,0
417,006248,-1
417,095880,-1
417,272856,-1
417,098789,-1
417,051512,-1
417,012065,-1
417,271952,-1
417,045249,-1
417,262294,-1
417,141648,-1
417,023055,-1
417,003486,-1
417,141979,-1
417,196919,-1
417,064009,-1
417,115998,-1
417,224164,-1
417,026331,-1
417,197349,-1
417,012413,-1
417,195167,-1
417,039330,-1
417,195521,-1
417,143490,-1
417,158103,-1
417,189711,-1
417,195570,-1
417,081416,-1
417,124744,-1
417,045652,-1
417,238752,-1
417,094384,-1
417,109447,-1
417,007929,-1
417,045587,-1
417,068334,-1
417,020045,-1
417,268020,-1
417,109210,-1
417,149832,-1
417,195655,-1
417,037563,-1
417,195798,-1
417,236054,-1
417,233682,-1
417,243452,-1
417,285991,-1
417,045283,-1
417,003942,-1
417,006231,-1
417,262758,-1
417,045872,-1
417,195639,-1
417,099242,-1
417,193279,-1
417,109490,-1
417,062663,-1
417,211731,1
417,212921,-1
417,021165,-1
417,195234,-1
417,012777,-1
417,195149,-1
417,099389,-1
417,068838,-1
417,045251,-1
417,049175,-1
417,133062,-1
417,169865,-1
417,280293,-1
417,199154,-1
417,192386,-1
417,114713,-1
417,108911,-1
417,042008,-1
417,104327,-1
417,254086,-1
417,210576,-1
417,289866,-1
417,190405,-1
417,176292,-1
417,251313,-1
417,268013,-1
417,002261,-1
417,195838,-1
417,213005,-1
417,076661,-1
417,042727,-1
417,002419,-1
417,071153,-1
417,158907,-1
417,023103,-1
417,195446,-1
417,061459,-1
417,078226,-1
417,269276,-1
417,285314,-1
417,138763,-1
417,006367,-1
417,231999,0
417,235558,-1
417,060193,-1
417,049829,-1
417,158605,-1
417,280291,-1
417,081431,-1
417,197362,-1
417,097562,-1
417,127340,-1
417,226922,-1
417,286620,-1
417,089376,-1
417,195225,-1
417,262775,-1
417,239836,-1
417,028353,-1
417,198553,-1
417,288253,-1
417,148809,-1
417,083478,-1
417,169152,-1
417,049887,-1
417,140545,-1
417,195523,-1
417,193919,-1
417,263238,-1
417,219210,-1
417,199226,-1
417,197332,-1
417,183549,-1
417,236301,-1
417,154150,-1
417,059798,-1
417,104328,-1
417,141796,-1
417,019529,-1
417,045997,-1
417,139764,-1
417,098749,-1
417,001720,-1
417,195415,-1
417,129711,-1
417,282315,-1
417,123406,-1
417,013431,-1
417,032759,-1
417,034866,-1
417,145306,-1
417,075493,-1
417,073436,-1
417,045312,-1
417,219241,-1
417,262700,-1
417,049561,-1
417,102747,-1
417,089377,-1
417,236379,-1
417,004072,-1
417,071155,-1
417,144041,-1
417,275809,-1
417,142165,-1
417,262611,-1
417,221801,-1
417,023904,-1
417,028360,-1
417,095920,-1
417,283670,-1
417,262292,-1
417,101207,-1
417,195653,-1
417,216448,-1
417,156104,-1
417,182802,-1
417,016220,-1
417,162085,-1
417,223748,-1
417,005515,-1
417,240728,-1
417,199153,-1
417,023051,-1
417,232116,-1
417,069574,-1
417,132489,-1
417,222308,-1
417,236109,-1
417,224513,-1
417,022812,-1
417,156567,-1
417,108988,-1
417,038484,-1
417,105149,-1
417,229752,-1
417,227032,-1
417,158034,-1
417,042323,-1
417,197071,-1
417,216792,-1
417,195605,-1
417,257149,-1
417,195154,-1
417,190336,-1
417,200129,-1
417,001002,-1
417,041898,-1
417,049978,-1
417,250417,-1
417,015806,-1
417,240853,-1
417,081390,-1
417,043920,-1
417,025484,-1
417,036635,-1
417,176783,-1
417,045156,-1
417,049989,-1
417,196278,-1
417,005541,-1
417,158909,-1
417,186120,-1
417,045239,-1
417,165324,-1
417,262752,-1
417,062299,-1
417,187612,-1
417,225060,-1
417,149159,-1
417,224950,-1
417,004070,-1
417,094880,-1
417,095138,-1
417,075530,-1
417,119614,-1
417,195606,-1
417,073180,-1
417,269078,-1
417,193046,-1
417,152799,-1
417,049919,-1
417,081398,-1
417,205631,-1
417,180334,-1
417,147258,-1
417,195301,-1
417,201891,-1
417,036731,-1
417,098423,-1
417,101899,-1
417,198662,-1
417,195527,-1
417,149933,-1
417,175711,-1
417,252035,-1
417,257507,-1
417,154814,-1
417,099528,-1
417,282225,-1
417,090245,-1
417,209855,-1
417,062361,-1
417,062986,-1
417,105527,-1
417,262771,-1
417,272067,-1
417,149903,-1
417,041489,-1
417,068815,-1
417,023995,-1
417,236299,-1
417,014731,-1
417,224915,-1
417,285128,-1
417,251158,-1
417,006867,-1
417,280294,-1
417,032371,-1
417,214413,-1
417,106871,-1
417,095448,-1
417,177145,-1
417,049987,-1
417,036629,-1
417,264998,-1
417,231154,-1
417,164217,-1
417,195173,-1
417,267335,-1
417,036961,-1
417,049991,-1
417,195520,-1
417,231156,-1
417,271446,-1
417,219454,-1
417,126623,-1
417,084559,-1
417,045556,-1
417,219250,-1
417,141273,-1
417,156136,-1
417,284768,-1
417,262457,-1
417,183645,-1
417,072354,-1
417,041471,-1
417,050094,-1
417,045904,-1
417,159051,-1
417,166975,-1
417,258657,-1
417,280292,-1
417,059445,-1
417,028453,-1
417,064016,-1
417,032512,-1
417,274870,-1
417,005175,-1
417,074745,-1
417,195443,-1
417,012942,-1
417,239789,-1
417,041646,-1
417,061454,-1
417,265428,-1
417,193947,-1
417,003213,-1
417,001775,-1
417,199654,-1
417,168524,-1
417,232021,-1
417,101937,-1
417,193976,-1
417,224910,-1
417,203146,-1
417,024748,-1
417,210229,-1
417,107964,-1
417,073698,-1
417,111911,-1
417,095605,-1
417,020064,-1
417,090194,-1
417,256206,-1
417,102548,-1
417,049735,-1
417,045868,-1
417,265066,-1
417,227151,-1
417,041703,-1
417,207257,-1
417,162080,-1
417,195719,-1
417,001776,-1
417,224911,-1
417,266267,-1
417,158914,-1
417,190263,-1
417,100359,-1
417,067867,-1
417,195169,-1
417,231281,-1
417,067282,-1
417,061739,-1
417,126680,-1
417,210983,-1
417,101469,-1
417,158603,-1
417,159052,-1
417,096938,-1
417,243186,-1
417,105830,-1
417,049560,-1
417,193199,-1
417,217791,-1
417,075554,-1
417,209882,-1
417,253903,-1
417,098697,-1
417,183548,-1
417,039936,-1
417,195604,-1
417,267485,-1
417,256560,-1
417,095994,-1
417,069375,-1
417,135670,-1
417,037024,-1
417,095883,-1
417,052464,-1
417,044800,-1
417,016876,-1
417,102636,-1
417,151020,-1
417,193338,-1
417,073955,-1
417,099064,-1
417,225056,-1
417,241351,-1
417,056426,-1
417,275897,-1
417,107388,-1
417,110492,-1
417,254539,-1
417,084566,-1
417,210404,-1
417,257428,-1
417,045378,-1
417,172271,-1
417,158922,-1
417,121615,-1
417,098958,-1
417,264175,-1
417,036778,-1
417,236133,-1
417,201915,-1
417,224998,-1
417,106093,-1
417,202737,-1
417,064058,-1
417,116794,-1
417,092440,-1
417,072920,-1
417,262245,-1
417,257820,-1
417,109027,-1
417,199619,-1
417,128731,-1
417,069463,-1
417,196198,-1
417,078751,-1
417,109198,-1
417,134190,-1
417,276873,-1
417,116888,-1
417,195565,-1
417,046168,-1
417,285020,-1
417,202185,-1
417,062954,-1
417,244073,-1
417,225024,0
417,161752,-1
417,262765,-1
417,099078,-1
417,220682,-1
417,200719,-1
417,101079,-1
417,020067,-1
417,015842,-1
417,108522,-1
417,014527,-1
417,274075,-1
417,135712,-1
417,154755,-1
417,233163,-1
417,193816,-1
417,257751,-1
417,018559,-1
417,204120,-1
417,152242,-1
417,196795,-1
417,260356,-1
417,058788,-1
417,094054,-1
417,006196,-1
417,018999,-1
417,074215,-1
417,257076,-1
417,282309,-1
417,260108,-1
417,015868,-1
417,196649,-1
417,274375,-1
417,196850,-1
417,032230,-1
417,283977,-1
417,199222,-1
417,044513,-1
417,149472,-1
417,049913,-1
417,095902,-1
417,106609,-1
417,025295,-1
417,049805,-1
417,168438,-1
417,025075,-1
417,067431,-1
417,289031,-1
417,043981,-1
417,231871,-1
417,154590,-1
417,085803,-1
417,086645,-1
417,135668,-1
417,197010,-1
417,089405,-1
417,134897,-1
417,078202,-1
417,106353,-1
417,271448,-1
417,229903,-1
417,150858,-1
417,178316,-1
417,154090,-1
417,224762,-1
417,250558,-1
417,002810,-1
417,186044,-1
417,262989,-1
417,119685,-1
417,175709,-1
417,140667,-1
417,156140,-1
417,071976,-1
417,076931,-1
417,143489,-1
417,226483,-1
417,212656,-1
417,277540,-1
417,184599,-1
417,049824,-1
417,201997,-1
417,078269,-1
417,130708,-1
417,288010,-1
417,121478,-1
417,236477,-1
417,008124,-1
417,107128,-1
417,020077,-1
417,186119,-1
417,164617,-1
417,023878,-1
417,008289,-1
417,018538,-1
417,119246,-1
417,283841,-1
417,216530,-1
417,164213,-1
417,027154,-1
417,195160,-1
417,262458,-1
417,220838,-1
417,132224,-1
417,257509,-1
417,121613,-1
417,076811,-1
417,284737,-1
417,183459,-1
417,072657,-1
417,148103,-1
417,103514,-1
417,050789,-1
417,262757,-1
417,158910,-1
417,195161,-1
417,262341,-1
417,150100,-1
417,156569,-1
417,262454,-1
417,200080,-1
417,021251,-1
417,262253,-1
417,078845,-1
417,045200,-1
417,235602,-1
417,089311,-1
417,267665,-1
417,283378,-1
417,042366,-1
417,195506,-1
417,144740,-1
417,225063,-1
417,194461,-1
417,202212,-1
417,284679,-1
417,159739,-1
417,070341,-1
417,207147,-1
417,261505,-1
417,062668,-1
417,155242,-1
417,197341,-1
417,244085,-1
417,195643,-1
417,274120,-1
417,100627,-1
417,266696,-1
417,049949,-1
417,116652,-1
417,136022,-1
417,023140,-1
417,038407,-1
417,015114,-1
417,170024,-1
417,096452,-1
417,217559,-1
417,038151,-1
417,046073,-1
417,014255,-1
417,030482,-1
417,109317,-1
417,150114,-1
417,244554,-1
417,004134,-1
417,127385,-1
417,032363,-1
417,157154,-1
417,273212,-1
417,202633,-1
417,001464,-1
417,149900,-1
417,158895,-1
417,115608,-1
417,278477,-1
417,271918,-1
417,286293,-1
417,045794,-1
417,112064,-1
417,275723,-1
417,265694,-1
417,244067,-1
417,195862,-1
417,195509,-1
417,095400,-1
417,008288,-1
417,137334,-1
417,172983,-1
417,226245,-1
417,204119,-1
417,143327,-1
417,036174,-1
417,141383,-1
417,231003,-1
417,243780,-1
417,124530,-1
417,050847,-1
417,041548,-1
417,231905,-1
417,267407,-1
417,076403,-1
417,098447,-1
417,178086,-1
417,148231,-1
417,032231,-1
417,267763,-1
417,056445,-1
417,155422,-1
417,189608,-1
417,282267,-1
417,259973,-1
417,020070,-1
417,288668,-1
417,025011,-1
417,131396,-1
417,142200,-1
417,194923,-1
417,227070,-1
417,254735,-1
417,139355,-1
417,095642,-1
417,019075,-1
417,099535,-1
417,229729,-1
417,046358,-1
417,049532,-1
417,172679,-1
417,095416,-1
417,022418,-1
417,094866,-1
417,060996,-1
417,005494,-1
417,120074,-1
417,192368,-1
417,051551,-1
417,116714,-1
417,259975,-1
417,014582,-1
417,090375,-1
417,002241,-1
417,094868,-1
417,061212,-1
417,265399,-1
417,257034,-1
417,210379,-1
417,068866,-1
417,195366,-1
417,274765,-1
417,009225,-1
417,182806,-1
417,127751,-1
417,041999,-1
417,049726,-1
417,140543,-1
417,005744,-1
417,159563,-1
417,129689,-1
417,060513,-1
417,070159,-1
417,112480,-1
417,261216,-1
417,142184,-1
417,201413,-1
417,096495,-1
417,096453,-1
417,196921,-1
417,147541,-1
417,051365,-1
417,130715,-1
417,067043,-1
417,151033,-1
417,045557,-1
417,159240,-1
417,190089,-1
417,066187,-1
417,043780,-1
417,103332,-1
417,160022,-1
417,094051,-1
417,196968,-1
417,257508,-1
417,033918,-1
417,260158,-1
417,274398,-1
417,269707,-1
417,124742,-1
417,090236,-1
417,095387,-1
417,008383,-1
417,151022,-1
417,193769,-1
417,272146,-1
417,150034,-1
417,229939,-1
417,229350,-1
417,254323,-1
417,084629,-1
417,284680,-1
417,273208,-1
417,284990,-1
417,281619,-1
417,270067,-1
417,003214,-1
417,151495,-1
417,049885,-1
417,283876,-1
417,124658,-1
417,253725,-1
417,226161,-1
417,053457,-1
417,070139,-1
417,263574,-1
417,244071,-1
417,224656,-1
417,281992,-1
417,262994,-1
417,019816,-1
417,103312,-1
417,015756,-1
417,047427,-1
417,156361,-1
417,276914,-1
417,155519,-1
417,263519,-1
417,140163,-1
417,098859,-1
417,092620,-1
417,260569,-1
417,153646,-1
417,273829,-1
417,044398,-1
417,280499,-1
417,103563,-1
417,080805,-1
417,035972,-1
417,044913,-1
417,069313,-1
417,219116,-1
417,224922,-1
417,009828,-1
417,230070,-1
417,041899,-1
417,253501,-1
417,233333,-1
417,083067,-1
417,254320,-1
417,112115,-1
417,195310,-1
417,122198,-1
417,257512,-1
417,040860,-1
417,210809,-1
417,025009,-1
417,218260,-1
417,046363,-1
417,131745,-1
417,222088,-1
417,176363,-1
417,028565,-1
417,159231,-1
417,235128,-1
417,081313,-1
417,102486,-1
417,100788,-1
417,076759,-1
417,257151,-1
417,070390,-1
417,105426,-1
417,051046,-1
417,275193,-1
417,122205,-1
417,028898,-1
417,049922,-1
417,232979,-1
417,085665,-1
417,145887,-1
417,215585,-1
417,268244,-1
417,132706,-1
417,042301,-1
417,157435,-1
417,210524,-1
417,135015,-1
417,155697,-1
417,224789,-1
417,047112,-1
417,084568,-1
417,045302,-1
417,045877,-1
417,102671,-1
417,063094,0
417,277013,-1
417,132225,-1
417,221940,-1
417,049945,-1
417,057363,-1
417,136131,-1
417,224723,-1
417,282745,-1
417,283874,-1
417,117071,-1
417,045458,-1
417,276937,-1
417,195448,-1
417,049769,-1
417,072253,-1
417,153557,-1
417,001949,-1
417,252794,-1
417,235033,-1
417,225804,-1
417,225174,-1
417,281233,-1
417,239251,-1
417,015705,-1
417,153603,-1
417,094683,-1
417,283395,-1
417,042483,-1
417,141356,-1
417,240796,-1
417,257081,-1
417,062973,-1
417,134547,-1
417,285292,-1
417,195652,-1
417,061734,-1
417,044224,-1
417,102602,-1
417,221750,-1
417,049974,-1
417,273210,-1
417,064244,-1
417,221213,-1
417,152893,-1
417,183546,-1
417,192325,-1
417,132996,-1
417,114909,-1
417,238073,-1
417,224176,-1
417,275170,-1
417,075927,-1
417,108828,-1
417,243862,-1
417,155517,-1
417,135777,-1
417,210066,-1
417,069498,-1
417,151209,-1
417,093033,-1
417,113846,-1
417,272565,-1
417,025549,-1
417,206463,-1
417,286218,-1
417,069429,-1
417,257863,-1
417,013028,-1
417,111899,-1
417,019789,-1
417,044630,-1
417,184534,-1
417,041216,-1
417,122199,-1
417,210823,-1
417,076190,-1
417,272569,-1
417,003378,-1
417,092942,-1
417,288024,-1
417,116713,-1
417,273826,-1
417,102419,-1
417,196924,-1
417,232100,0
417,268208,-1
417,003537,-1
417,275315,-1
417,042231,-1
417,221174,-1
417,232103,0
417,094388,-1
417,061150,-1
417,135835,0
417,210735,-1
417,242408,-1
417,160702,-1
417,152826,-1
417,064953,-1
417,003914,0
417,009826,-1
417,197735,-1
417,119813,-1
417,023139,-1
417,227409,-1
417,288026,-1
417,218371,-1
417,197823,-1
417,108010,-1
417,025548,-1
417,116501,-1
417,054736,-1
417,076728,-1
417,098438,-1
417,146616,-1
417,137668,-1
417,232117,0
417,195266,-1
417,232111,0
417,178354,-1
417,069246,-1
417,256219,-1
417,030490,-1
417,098937,-1
417,099198,-1
417,127602,-1
417,152237,-1
417,229377,-1
417,224918,-1
417,076413,-1
417,252861,-1
417,219738,-1
417,049881,-1
417,076657,-1
417,028650,-1
417,049223,-1
417,150121,-1
417,281926,-1
417,069412,-1
417,005812,-1
417,162052,-1
417,075924,-1
417,134795,-1
417,102585,-1
417,266004,-1
417,083335,-1
417,011264,-1
417,047368,-1
417,222302,-1
417,074590,-1
417,220681,-1
417,049981,-1
417,238991,-1
417,069310,-1
417,244425,-1
417,154134,-1
417,017857,-1
417,173662,-1
417,185837,-1
417,108916,-1
417,219968,-1
417,063826,-1
417,017089,-1
417,207222,-1
417,169211,-1
417,115413,-1
417,078060,-1
417,195041,-1
417,002674,-1
417,278885,-1
417,049607,-1
417,120424,-1
417,163734,-1
417,168381,-1
417,278541,-1
417,098938,-1
417,081399,-1
417,102483,-1
417,010883,-1
417,207006,-1
417,003381,-1
417,045166,-1
417,078660,-1
417,075324,-1
417,127488,-1
417,158669,-1
417,160177,-1
417,101493,-1
417,046104,-1
417,221296,-1
417,153824,-1
417,135613,-1
417,044752,-1
417,164028,-1
417,096843,-1
417,278623,-1
417,049848,-1
417,110744,-1
417,265931,-1
417,068284,-1
417,001113,-1
417,076939,-1
417,119279,-1
417,239779,-1
417,243779,-1
417,178110,-1
417,220401,-1
417,129700,-1
417,201792,-1
417,001370,-1
417,178301,-1
417,173638,-1
417,204074,-1
417,149421,-1
417,254605,-1
417,049788,-1
417,243857,-1
417,045790,-1
417,281896,-1
417,239815,-1
417,076166,-1
417,113468,-1
417,005555,-1
417,239782,-1
417,020771,-1
417,033946,-1
417,093002,-1
417,129708,-1
417,217491,-1
417,137367,-1
417,198886,-1
417,077515,-1
417,042796,-1
417,271876,-1
417,240864,-1
417,105000,-1
417,210803,-1
417,105403,-1
417,094689,-1
417,049935,-1
417,101378,-1
417,101757,-1
417,204736,-1
417,279237,-1
417,112613,-1
417,141480,-1
417,104894,-1
417,080100,-1
417,166245,-1
417,271345,-1
417,220685,-1
417,061268,-1
417,176843,-1
417,016797,-1
417,153825,-1
417,098385,-1
417,099405,-1
417,078356,-1
417,125032,-1
417,284431,-1
417,064468,-1
417,142693,-1
417,049891,-1
417,111905,-1
417,102374,-1
417,072230,-1
417,078311,-1
417,185379,-1
417,043915,-1
417,213890,-1
417,269029,-1
417,129675,-1
417,269869,-1
417,282697,-1
417,129366,-1
417,129820,-1
417,071721,-1
417,277770,-1
417,261613,-1
417,159053,-1
417,063803,-1
417,204545,-1
417,021903,-1
417,201590,-1
417,264046,-1
417,084634,-1
417,193771,-1
417,252821,-1
417,069201,-1
417,274202,-1
417,252897,-1
417,013415,-1
417,003407,-1
417,157236,-1
417,154288,-1
417,098893,-1
417,285464,-1
417,071827,-1
417,179324,-1
417,097658,-1
417,103617,-1
417,017617,-1
417,049831,-1
417,135658,-1
417,239153,-1
417,256961,-1
417,157436,-1
417,070444,-1
417,253901,-1
417,272141,-1
417,273551,-1
417,218017,-1
417,023406,-1
417,052240,-1
417,100192,-1
417,268257,-1
417,067052,-1
417,186272,-1
417,168967,-1
417,283732,-1
417,037025,-1
417,044490,-1
417,197820,-1
417,152892,-1
417,099081,-1
417,098369,-1
417,185458,-1
417,144689,-1
417,049169,-1
417,242947,-1
417,141056,-1
417,212016,-1
417,101726,-1
417,012128,-1
417,283840,-1
417,242666,-1
417,260373,-1
417,011227,-1
417,282336,-1
417,155240,-1
417,042732,-1
417,197872,-1
417,050170,-1
417,230519,-1
417,196874,-1
417,158601,-1
417,020082,-1
417,256280,-1
417,154943,-1
417,114793,-1
417,275727,-1
417,224401,-1
417,194994,-1
417,140141,-1
417,097238,-1
417,216460,-1
417,049995,-1
417,288674,-1
417,103031,-1
417,062014,-1
417,225780,-1
417,078197,-1
417,001911,-1
417,221543,-1
417,008559,-1
417,046022,-1
417,084169,-1
417,003524,-1
417,034257,-1
417,289110,-1
417,205229,-1
417,236584,-1
417,285764,-1
417,157172,-1
417,244549,-1
417,275754,-1
417,242532,-1
417,020103,-1
417,193970,-1
417,187518,-1
417,037237,-1
417,257128,-1
417,250877,-1
417,076438,-1
417,273281,-1
417,239606,-1
417,144228,-1
417,205796,-1
417,094055,-1
417,069858,-1
417,278374,-1
417,120615,-1
417,275535,-1
417,020339,-1
417,194324,-1
417,117685,-1
417,152280,-1
417,219760,-1
417,285973,-1
417,160406,-1
417,098876,-1
417,089415,-1
417,158385,-1
417,008950,-1
417,256770,-1
417,189004,-1
417,280494,-1
417,265747,-1
417,135683,-1
417,171738,-1
417,080190,-1
417,051362,-1
417,197342,-1
417,141352,-1
417,284576,-1
417,227309,-1
417,075462,-1
417,257122,-1
417,148051,0
417,015927,-1
417,202013,-1
417,049979,-1
417,235559,-1
417,240843,-1
417,092215,-1
417,091773,-1
417,218844,-1
417,191476,-1
417,263602,-1
417,014753,-1
417,257516,-1
417,017960,-1
417,266071,-1
417,219737,-1
417,266151,-1
417,128709,-1
417,030848,-1
417,120122,-1
417,274437,-1
417,100175,-1
417,197841,-1
417,024754,-1
417,277753,-1
417,154203,-1
417,262237,-1
417,273433,-1
417,258806,-1
417,290043,-1
417,135092,-1
417,281941,-1
417,200773,-1
417,260077,-1
417,221799,-1
417,002405,-1
417,249543,-1
417,213893,-1
417,230488,-1
417,020076,-1
417,049960,-1
417,149846,-1
417,084163,-1
417,189901,-1
417,187587,-1
417,144225,-1
417,013767,-1
417,094890,-1
417,224729,-1
417,090713,-1
417,130018,-1
417,210941,-1
417,023094,-1
417,266420,-1
417,018601,-1
417,274220,-1
417,076304,-1
417,288300,-1
417,116585,-1
417,184975,-1
417,234881,-1
417,135130,-1
417,003822,-1
417,205873,-1
417,112765,-1
417,061443,-1
417,193083,-1
417,195206,-1
417,279330,-1
417,005543,-1
417,280206,-1
417,049953,-1
417,134148,-1
417,232990,-1
417,262760,-1
417,134862,-1
417,159942,-1
417,218261,-1
417,253796,-1
417,225803,-1
417,275435,-1
417,190077,-1
417,041383,-1
417,212152,-1
417,008583,-1
417,264093,-1
417,244553,-1
417,157117,-1
417,056413,-1
417,025034,-1
417,199498,-1
417,089407,-1
417,233011,-1
417,173675,-1
417,138063,-1
417,147625,-1
417,098157,-1
417,007964,-1
417,136873,0
417,024465,-1
417,045519,-1
417,261334,-1
417,016121,-1
417,274392,0
417,017574,-1
417,233270,-1
417,288315,-1
417,231971,-1
417,092051,-1
417,044696,-1
417,180752,-1
417,191517,-1
417,033649,-1
417,112021,-1
417,006796,-1
417,125130,-1
417,070136,-1
417,025072,-1
417,022809,-1
417,274304,-1
417,141530,-1
417,236055,-1
417,049982,-1
417,103309,-1
417,023015,-1
417,151561,-1
417,002046,-1
417,241352,-1
417,100767,-1
417,187495,-1
417,067363,-1
417,225395,-1
417,024733,-1
417,113522,-1
417,270961,-1
417,112537,-1
417,098526,-1
417,128061,-1
417,042806,-1
417,041546,-1
417,133503,-1
417,192262,-1
417,182413,-1
417,071638,-1
417,117917,-1
417,256857,-1
417,220745,-1
417,255435,-1
417,100806,-1
417,186235,-1
417,286384,-1
417,159077,-1
417,286166,-1
417,239776,-1
417,099532,-1
417,224920,-1
417,272311,-1
417,002946,-1
417,134679,-1
417,007674,-1
417,257951,-1
417,078712,-1
417,284406,-1
417,095212,-1
417,169004,-1
417,137005,-1
417,057786,-1
417,227451,-1
417,104378,-1
417,100215,-1
417,243405,-1
417,222030,-1
417,132066,-1
417,121118,-1
417,169003,-1
417,109176,-1
417,045292,-1
417,112604,-1
417,071205,-1
417,153030,-1
417,213628,-1
417,142145,-1
417,277527,-1
417,023409,-1
417,265069,-1
417,287519,-1
417,050396,-1
417,011712,-1
417,185624,-1
417,104811,-1
417,201706,-1
417,089167,-1
417,276375,-1
417,038240,-1
417,197317,-1
417,141685,-1
417,173018,-1
417,068719,-1
417,274204,-1
417,227279,-1
417,176840,-1
417,123113,-1
417,240846,-1
417,143665,-1
417,214050,-1
417,033605,-1
417,019568,-1
417,224796,-1
417,077150,-1
417,190765,-1
417,244367,-1
417,166497,-1
417,201748,-1
417,239778,-1
417,030532,-1
417,089667,-1
417,284016,-1
417,084649,-1
417,050068,-1
417,268881,-1
417,002585,-1
417,144348,-1
417,195708,-1
417,129850,-1
417,275218,-1
417,024175,-1
417,087011,-1
417,063263,-1
417,202133,-1
417,033634,-1
417,194865,-1
417,187570,-1
417,022556,-1
417,287520,-1
417,232527,-1
417,187658,-1
417,076123,-1
417,022440,-1
417,195269,-1
417,230965,-1
417,116102,-1
417,272167,-1
417,223192,-1
417,155238,-1
417,160405,-1
417,027632,-1
417,044294,-1
417,200164,-1
417,108814,-1
417,026930,-1
417,262885,-1
417,201297,-1
417,254743,-1
417,147014,-1
417,084619,-1
417,098970,-1
417,274812,-1
417,144042,-1
417,225005,-1
417,233341,-1
417,044860,-1
417,274222,-1
417,091891,-1
417,049977,-1
417,159094,-1
417,235760,-1
417,227426,-1
417,210620,-1
417,243514,0
417,022032,-1
417,135759,0
417,180918,-1
417,150647,-1
417,235546,-1
417,125133,-1
417,189204,-1
417,225262,-1
417,288003,-1
417,076286,-1
417,185120,-1
417,167743,-1
417,125232,-1
417,047517,-1
417,097776,-1
417,275198,-1
417,024615,-1
417,193116,-1
417,232531,-1
417,212242,-1
417,221988,-1
417,023435,-1
417,288317,-1
417,045151,-1
417,076120,-1
417,168364,-1
417,085563,-1
417,215382,-1
417,199587,-1
417,120592,-1
417,254695,-1
417,153587,-1
417,081745,-1
417,153507,-1
417,032840,-1
417,129736,-1
417,238533,-1
417,035855,-1
417,103536,-1
417,113428,-1
417,204520,-1
417,251053,-1
417,285908,-1
417,274564,-1
417,189555,-1
417,155684,-1
417,226260,-1
417,076648,-1
417,096496,-1
417,170661,-1
417,124697,-1
417,216064,-1
417,161649,-1
417,162064,-1
417,070363,-1
417,004943,-1
417,262357,-1
417,177561,-1
417,209427,-1
417,281614,-1
417,210562,-1
417,028560,-1
417,099647,-1
417,194182,-1
417,120049,-1
417,222331,-1
417,184472,-1
417,267359,-1
417,168433,-1
417,098409,-1
417,240432,-1
417,033724,-1
417,149508,-1
417,051253,-1
417,240803,-1
417,243496,-1
417,275629,-1
417,033660,-1
417,149780,-1
417,239936,-1
417,148647,-1
417,199160,-1
417,050528,-1
417,097917,-1
417,276475,-1
417,054735,-1
417,234904,-1
417,008110,-1
417,244366,-1
417,289330,-1
417,025024,-1
417,275820,-1
417,240202,-1
417,049950,-1
417,084626,-1
417,019059,-1
417,274047,-1
417,097399,-1
417,102963,-1
417,250158,-1
417,200089,-1
417,243506,-1
417,239918,-1
417,271656,-1
417,069790,-1
417,154127,-1
417,134503,-1
417,231908,-1
417,197190,-1
417,000265,-1
417,006168,-1
417,256889,-1
417,253557,-1
417,195175,-1
417,120589,-1
417,180763,0
417,252658,-1
417,224916,-1
417,077113,-1
417,222371,-1
417,274452,-1
417,265150,-1
417,272063,-1
417,257248,-1
417,175866,-1
417,119824,-1
417,075523,-1
417,061054,-1
417,151006,-1
417,051357,-1
417,254755,-1
417,253912,-1
417,077841,-1
417,173096,-1
417,254580,-1
417,108152,-1
417,157598,-1
417,155328,-1
417,108912,-1
417,218987,-1
417,263944,-1
417,139816,-1
417,049883,-1
417,148481,-1
417,066989,-1
417,157697,-1
417,004824,-1
417,141513,-1
417,154187,-1
417,274294,-1
417,257870,-1
417,274145,-1
417,160446,-1
417,033087,-1
417,046024,-1
417,005318,-1
417,098902,-1
417,212151,-1
417,205652,-1
417,287683,-1
417,142280,-1
417,168812,-1
417,256397,-1
417,075477,-1
417,254810,-1
417,049952,-1
417,003105,-1
417,231157,-1
417,191787,-1
417,136407,-1
417,243834,-1
417,051437,-1
417,275070,-1
417,001474,-1
417,194320,-1
417,285747,-1
417,227550,-1
417,283578,-1
417,049861,-1
417,287986,-1
417,194877,-1
417,196700,-1
417,085664,-1
417,206498,-1
417,266058,-1
417,267525,-1
417,237336,-1
417,117492,-1
417,076873,-1
417,049988,-1
417,257873,-1
417,150619,-1
417,230372,-1
417,222837,-1
417,034331,-1
417,243495,-1
417,039812,-1
417,229379,-1
417,000467,-1
417,021246,-1
417,034867,-1
417,104720,-1
417,144735,-1
417,273858,-1
417,097409,-1
417,049003,-1
417,077033,-1
417,234027,-1
417,095110,-1
417,268808,-1
417,167808,-1
417,115245,-1
417,067579,-1
417,071547,-1
417,074689,-1
417,152894,-1
417,192497,-1
417,037183,-1
417,288926,-1
417,203687,-1
417,098741,-1
417,078047,-1
417,056139,-1
417,257884,-1
417,039679,-1
417,241734,-1
417,112040,-1
417,069941,-1
417,066956,-1
417,236108,-1
417,034136,-1
417,049819,-1
417,024711,-1
417,254034,-1
417,084631,-1
417,243559,-1
417,285531,-1
417,034150,-1
417,210114,-1
417,282079,-1
417,260812,-1
417,243375,-1
417,221173,-1
417,001066,-1
417,226781,-1
417,274957,-1
417,253602,-1
417,113116,-1
417,195485,-1
417,016911,-1
417,054467,-1
417,032361,-1
417,224912,-1
417,044972,-1
417,003256,-1
417,281976,-1
417,134764,-1
417,276389,-1
417,103114,-1
417,102180,-1
417,021915,-1
417,075494,-1
417,119701,-1
417,275185,-1
417,225631,-1
417,000092,-1
417,286022,-1
417,087690,-1
417,263143,-1
417,134815,-1
417,256485,-1
417,225477,-1
417,257878,-1
417,066389,-1
417,102646,-1
417,169878,-1
417,118013,-1
417,286167,-1
417,260148,-1
417,049851,-1
417,053771,-1
417,033722,-1
417,024549,-1
417,199848,-1
417,108100,-1
417,230069,-1
417,025074,-1
417,015587,-1
417,129963,-1
417,044594,-1
417,132175,-1
417,184372,-1
417,225400,-1
417,109021,-1
417,232980,-1
417,006053,-1
417,269264,-1
417,274084,-1
417,051039,-1
417,268283,-1
417,087888,-1
417,239788,-1
417,274029,-1
417,287379,-1
417,149166,-1
417,273553,-1
417,112648,-1
417,140161,-1
417,166816,-1
417,084074,-1
417,077577,-1
417,260109,-1
417,199557,-1
417,069473,-1
417,046352,-1
417,232904,-1
417,221816,-1
417,169496,-1
417,093545,-1
417,100508,-1
417,264915,-1
417,288004,-1
417,005085,-1
417,025021,-1
417,157401,-1
417,132492,-1
417,159466,-1
417,022731,-1
417,035983,-1
417,130910,-1
417,175689,-1
417,182886,-1
417,046913,-1
417,255936,-1
417,267737,-1
417,110761,-1
417,064514,-1
417,140760,-1
417,274327,-1
417,202574,-1
417,024225,-1
417,130193,-1
417,220657,-1
417,060729,-1
417,056813,-1
417,007875,-1
417,220523,-1
417,066817,-1
417,193067,-1
417,223079,-1
417,089565,-1
417,169497,-1
417,091058,-1
417,077866,-1
417,075410,-1
417,160194,-1
417,272002,-1
417,186038,-1
417,042769,-1
417,136826,-1
417,275304,-1
417,149713,-1
417,274507,-1
417,141481,-1
417,197316,-1
417,089384,-1
417,283898,-1
417,263722,-1
417,041422,-1
417,288570,-1
417,150084,-1
417,156668,-1
417,227614,-1
417,173613,-1
417,020284,-1
417,191758,-1
417,149153,-1
417,276901,-1
417,187501,-1
417,136129,-1
417,080933,-1
417,032100,-1
417,257757,-1
417,018585,-1
417,116594,-1
417,201637,-1
417,204043,-1
417,145699,-1
417,098695,-1
417,178317,-1
417,263784,-1
417,233339,-1
417,045277,-1
417,211408,-1
417,272721,-1
417,221810,-1
417,204044,-1
417,174452,-1
417,196956,-1
417,162224,-1
417,043882,-1
417,229749,-1
417,039378,-1
417,104821,-1
417,130774,-1
417,195168,-1
417,158855,-1
417,049753,-1
417,162715,-1
417,025835,-1
417,086188,-1
417,076737,-1
417,024098,-1
417,256767,-1
417,241252,-1
417,057825,-1
417,187082,-1
417,155043,-1
417,016647,-1
417,003842,0
417,190237,-1
417,012981,-1
417,275325,-1
417,075916,-1
417,283763,-1
417,164429,-1
417,286204,-1
417,149714,-1
417,183708,-1
417,020051,-1
417,271135,-1
417,011976,-1
417,024828,-1
417,233264,-1
417,280340,-1
417,099657,-1
417,139603,-1
417,092925,-1
417,255270,-1
417,176369,-1
417,280362,-1
417,196500,-1
417,229005,-1
417,033074,-1
417,142201,-1
417,144879,-1
417,071648,-1
417,042679,-1
417,011831,-1
417,190306,-1
417,153279,-1
417,274129,-1
417,224321,-1
417,226411,-1
417,108091,-1
417,162717,-1
417,132265,-1
417,186064,-1
417,092284,-1
417,122201,-1
417,193815,-1
417,189509,-1
417,197935,-1
417,127705,-1
417,255443,-1
417,185057,-1
417,273603,-1
417,272508,-1
417,044907,-1
417,198951,-1
417,117504,-1
417,230578,-1
417,120429,-1
417,188016,-1
417,250025,-1
417,178319,-1
417,274159,-1
417,142739,-1
417,152895,-1
417,267806,-1
417,140590,-1
417,203792,-1
417,033085,-1
417,004627,-1
417,043360,-1
417,099614,-1
417,236559,-1
417,274291,-1
417,022555,-1
417,252790,-1
417,267423,-1
417,111011,-1
417,215787,-1
417,188520,-1
417,269926,-1
417,049940,-1
417,194507,-1
417,224673,-1
417,009136,-1
417,097345,-1
417,089395,-1
417,062163,-1
417,223740,-1
417,191454,-1
417,042172,-1
417,168518,-1
417,145697,-1
417,144487,-1
417,288097,-1
417,154584,-1
417,206004,-1
417,027055,-1
417,243893,-1
417,077104,-1
417,061204,-1
417,158938,-1
417,153746,-1
417,216427,-1
417,267794,-1
417,287337,-1
417,061672,-1
417,278004,-1
417,101202,-1
417,179352,-1
417,283727,-1
417,225654,-1
417,208251,-1
417,018145,-1
417,128714,-1
417,108773,-1
417,211406,-1
417,144497,-1
417,163722,-1
417,084732,-1
417,053613,-1
417,124246,-1
417,022568,-1
417,283848,-1
417,113087,-1
417,136201,-1
417,149155,-1
417,267458,-1
417,014633,-1
417,221798,-1
417,279177,-1
417,039082,-1
417,235210,-1
417,089671,-1
417,049906,-1
417,032965,-1
417,239774,-1
417,118379,-1
417,198652,-1
417,049997,-1
417,098731,-1
417,195007,-1
417,008806,-1
417,173036,-1
417,129968,-1
417,050948,-1
417,267225,-1
417,279150,-1
417,067553,-1
417,063116,-1
417,278008,-1
417,112598,-1
417,197779,-1
417,126899,-1
417,124781,-1
417,267235,-1
417,225759,-1
417,112265,-1
417,163184,-1
417,024363,-1
417,255473,-1
417,044914,-1
417,038318,-1
417,103767,-1
417,120619,-1
417,257816,-1
417,169548,-1
417,228817,-1
417,241991,-1
417,077241,-1
417,271635,-1
417,077159,-1
417,236480,-1
417,097486,-1
417,239553,-1
417,202317,-1
417,179863,-1
417,024797,-1
417,154234,-1
417,227633,-1
417,274079,-1
417,009144,-1
417,142172,-1
417,234360,-1
417,225732,-1
417,219088,-1
417,149131,-1
417,134326,-1
417,211348,-1
417,244656,-1
417,014369,-1
417,260110,-1
417,006257,-1
417,037209,-1
417,212378,-1
417,199156,-1
417,191717,-1
417,070594,-1
417,196369,-1
417,230637,-1
417,135416,-1
417,154731,-1
417,212920,-1
417,243497,-1
417,036522,-1
417,015687,-1
417,061337,-1
417,004292,-1
417,051560,-1
417,238741,-1
417,243730,-1
417,120596,-1
417,140707,-1
417,167612,-1
417,087955,-1
417,102326,-1
417,204797,-1
417,056183,-1
417,084558,-1
417,101103,-1
417,225173,-1
417,285034,-1
417,190388,-1
417,273343,-1
417,081715,-1
417,282043,-1
417,054973,-1
417,274738,-1
417,184015,-1
417,214760,-1
417,257290,-1
417,274110,-1
417,069153,-1
417,001391,-1
417,022587,-1
417,045250,-1
417,244227,-1
417,153477,-1
417,235067,-1
417,201050,-1
417,249936,-1
417,232409,-1
417,205194,-1
417,191883,-1
417,280560,-1
417,007266,-1
417,169177,-1
417,139815,-1
417,237440,-1
417,277751,-1
417,188879,-1
417,163471,-1
417,190311,-1
417,241166,-1
417,273459,-1
417,257121,-1
417,129967,-1
417,025463,-1
417,015941,-1
417,214769,-1
417,080937,-1
417,155015,-1
417,086693,-1
417,150866,-1
417,237379,-1
417,076532,-1
417,141116,-1
417,044977,-1
417,285023,-1
417,078050,-1
417,197199,-1
417,128878,-1
417,037118,-1
417,200170,-1
417,042229,-1
417,136203,-1
417,007018,-1
417,236132,-1
417,134488,-1
417,098972,-1
417,273007,-1
417,236274,-1
417,290021,-1
417,257937,-1
417,149154,-1
417,202505,-1
417,264527,-1
417,274471,-1
417,114097,-1
417,282919,-1
417,120629,-1
417,272085,-1
417,225591,-1
417,080676,-1
417,154825,-1
417,140562,-1
417,285728,-1
417,024989,-1
417,111980,-1
417,023433,-1
417,234924,-1
417,289729,-1
417,120811,-1
417,286649,-1
417,141649,-1
417,274397,-1
417,034954,-1
417,192687,-1
417,264526,-1
417,234935,-1
417,274339,-1
417,033181,-1
417,179372,-1
417,232112,-1
417,273228,-1
417,205564,-1
417,242739,-1
417,110862,-1
417,232022,-1
417,272023,-1
417,071023,-1
417,133267,-1
417,192686,-1
417,034388,-1
417,063780,-1
417,084855,-1
417,288592,-1
417,257421,-1
417,272712,-1
417,257341,-1
417,199467,-1
417,097939,-1
417,163623,-1
417,194373,-1
417,200857,-1
417,120590,-1
417,272421,-1
417,167773,-1
417,163064,-1
417,119071,-1
417,003047,-1
417,124986,-1
417,175594,-1
417,256411,-1
417,104196,-1
417,274576,-1
417,167774,-1
417,006393,-1
417,003245,-1
417,078664,-1
417,180696,-1
417,278338,-1
417,098735,-1
417,049933,-1
417,283217,-1
417,286495,-1
417,099350,-1
417,134735,-1
417,136225,0
417,200042,-1
417,168737,-1
417,076932,-1
417,143474,-1
417,188767,-1
417,012866,-1
417,150384,-1
417,090387,-1
417,168063,-1
417,130279,-1
417,243095,-1
417,275279,-1
417,125233,-1
417,086183,-1
417,187159,-1
417,135774,0
417,150209,-1
417,108662,-1
417,128040,-1
417,003398,-1
417,120058,-1
417,101952,-1
417,019796,-1
417,233990,-1
417,170112,-1
417,089148,-1
417,142785,-1
417,186063,-1
417,288696,-1
417,230984,-1
417,080674,-1
417,188892,-1
417,276016,-1
417,008939,-1
417,149804,-1
417,222522,-1
417,065262,-1
417,018683,-1
417,154621,-1
417,242044,-1
417,021615,-1
417,274363,-1
417,099992,-1
417,166086,-1
417,114609,-1
417,184521,-1
417,000012,-1
417,168738,-1
417,283445,-1
417,254336,-1
417,161504,-1
417,109935,-1
417,277532,-1
417,152241,-1
417,018512,-1
417,052224,-1
417,096439,-1
417,039872,-1
417,138463,-1
417,094218,-1
417,244353,-1
417,066906,-1
417,169810,-1
417,151541,-1
417,242747,-1
417,206687,-1
417,242040,-1
417,254349,-1
417,274862,-1
417,087892,-1
417,220544,-1
417,280699,-1
417,176405,-1
417,045233,-1
417,047356,-1
417,154827,-1
417,046425,-1
417,078629,-1
417,045035,-1
417,002139,-1
417,151197,-1
417,061864,-1
417,283744,-1
417,220336,-1
417,002768,-1
417,244057,-1
417,112776,-1
417,146085,-1
417,084477,-1
417,220639,-1
417,179815,-1
417,238736,-1
417,271732,-1
417,096371,-1
417,133327,-1
417,018069,-1
417,283606,-1
417,049904,-1
417,275030,-1
417,274039,-1
417,241937,-1
417,116772,-1
417,035569,-1
417,046359,-1
417,210848,-1
417,108880,-1
417,259145,-1
417,049905,-1
417,039231,-1
417,131360,-1
417,183813,-1
417,154256,-1
417,223225,-1
417,089168,-1
417,210748,-1
417,080698,-1
417,275199,-1
417,233216,-1
417,046364,-1
417,186589,-1
417,273177,-1
417,141358,-1
417,134601,-1
417,271411,-1
417,283608,-1
417,267742,-1
417,063003,-1
417,035687,-1
417,066399,-1
417,243168,-1
417,197599,-1
417,125548,-1
417,135818,0
417,229547,-1
417,274196,-1
417,289263,-1
417,096141,-1
417,241987,-1
417,056778,-1
417,282761,-1
417,197734,-1
417,153722,-1
417,174437,-1
417,107886,-1
417,227952,-1
417,264041,-1
417,262990,0
417,020109,-1
417,213605,-1
417,150397,-1
417,189649,-1
417,155417,-1
417,164369,-1
417,267713,-1
417,108847,-1
417,146614,-1
417,034148,-1
417,063981,-1
417,258734,-1
417,034671,-1
417,015195,-1
417,181404,-1
417,206917,-1
417,120587,-1
417,131529,-1
417,067827,-1
417,143657,-1
417,156715,-1
417,190137,-1
417,063419,-1
417,025319,-1
417,262995,0
417,086802,-1
417,174059,-1
417,195233,-1
417,232101,-1
417,266861,-1
417,274867,-1
417,226516,-1
417,263100,-1
417,040511,-1
417,020052,-1
417,151832,-1
417,225474,-1
417,203352,-1
417,118326,-1
417,117698,-1
417,098159,-1
417,232118,-1
417,274710,-1
417,189599,-1
417,274671,-1
417,089406,-1
417,050130,-1
417,159058,-1
417,221144,-1
417,274086,-1
417,106834,-1
417,210605,-1
417,098810,-1
417,001475,-1
417,226522,-1
417,157170,-1
417,072883,-1
417,257519,-1
417,009705,-1
417,141029,-1
417,071512,-1
417,215101,-1
417,012937,-1
417,135730,0
417,117754,-1
417,232000,-1
417,057386,-1
417,058200,-1
417,001230,-1
417,210224,-1
417,138934,-1
417,191049,-1
417,271708,-1
417,184533,-1
417,121428,-1
417,145682,-1
417,094091,-1
417,154778,-1
417,263365,-1
417,191781,-1
417,102009,-1
417,232104,-1
417,076760,-1
417,098003,-1
417,238571,-1
417,128367,-1
417,135808,-1
417,227551,-1
417,041570,-1
417,276804,-1
417,155451,-1
417,003155,-1
417,105793,-1
417,275125,-1
417,223291,-1
417,264342,-1
417,104685,-1
417,212100,-1
417,164438,-1
417,074178,-1
417,033093,-1
417,163685,-1
417,189408,-1
417,100814,-1
417,110185,-1
417,113825,-1
417,202956,-1
417,072620,-1
417,279938,-1
417,148640,-1
417,165734,-1
417,089094,-1
417,201740,-1
417,227670,-1
417,219447,-1
417,130205,-1
417,187482,-1
417,007108,-1
417,225787,-1
417,171113,-1
417,148885,-1
417,260215,-1
417,024991,-1
417,221948,-1
417,027155,-1
417,075828,-1
417,020325,-1
417,267544,-1
417,049691,-1
417,201734,-1
417,071025,-1
417,105490,-1
417,282268,-1
417,111334,-1
417,094554,-1
417,108877,-1
417,020426,-1
417,046605,-1
417,117397,-1
417,213618,-1
417,150986,-1
417,152359,-1
417,100741,-1
417,086039,-1
417,140561,-1
417,274428,-1
417,257601,-1
417,098417,-1
417,093107,-1
417,273920,-1
417,242185,-1
417,071939,-1
417,257791,-1
417,184527,-1
417,278935,-1
417,112962,-1
417,187434,0
417,275137,-1
417,076796,-1
417,118914,-1
417,084730,-1
417,274038,-1
417,192801,-1
417,024999,-1
417,027751,-1
417,076574,-1
417,113135,-1
417,065722,-1
417,169533,-1
417,134605,-1
417,130666,-1
417,033082,-1
417,045791,-1
417,017634,-1
417,274177,-1
417,167765,-1
417,104198,-1
417,077126,-1
417,043055,-1
417,254225,-1
417,206423,-1
417,004686,-1
417,213351,-1
417,285984,-1
417,265796,-1
417,200670,-1
417,014140,-1
417,235188,-1
417,221711,-1
417,192272,-1
417,135861,0
417,053845,-1
417,106572,-1
417,279211,-1
417,128302,-1
417,265770,-1
417,167764,-1
417,237501,-1
417,057775,-1
417,065145,-1
417,017257,-1
417,109024,-1
417,085696,-1
417,129923,-1
417,065441,-1
417,284251,-1
417,078728,-1
417,259248,-1
417,145704,-1
417,243414,-1
417,154238,-1
417,113511,-1
417,020977,-1
417,229150,-1
417,221847,-1
417,042693,-1
417,197876,-1
417,050678,-1
417,072317,-1
417,100841,-1
417,065156,-1
417,223109,-1
417,274197,-1
417,184673,-1
417,120105,-1
417,273516,-1
417,114152,-1
417,204108,-1
417,037658,-1
417,001086,-1
417,135276,-1
417,244423,-1
417,059710,-1
417,169383,-1
417,273993,-1
417,036725,-1
417,274057,-1
417,203026,-1
417,195671,-1
417,243349,-1
417,034511,-1
417,109720,-1
417,102478,-1
417,097271,-1
417,258650,-1
417,108779,-1
417,012044,-1
417,273390,-1
417,233340,-1
417,257168,-1
417,274101,-1
417,098773,-1
417,061286,-1
417,183828,-1
417,177038,-1
417,235025,-1
417,101258,-1
417,155949,-1
417,257615,-1
417,180475,-1
417,047755,-1
417,107351,-1
417,243843,-1
417,035686,-1
417,254170,-1
417,049154,-1
417,256022,-1
417,048374,-1
417,256440,-1
417,229433,-1
417,194730,-1
417,155458,-1
417,045023,-1
417,202495,-1
417,073143,-1
417,232651,-1
417,069304,-1
417,107091,-1
417,278375,-1
417,280002,-1
417,243558,-1
417,008116,-1
417,135914,0
417,229892,-1
417,263036,-1
417,000400,-1
417,287707,-1
417,005270,-1
417,069305,-1
417,013920,-1
417,005723,-1
417,032688,-1
417,116203,-1
417,130995,-1
417,105112,-1
417,098416,-1
417,119220,-1
417,095078,-1
417,005521,-1
417,254165,-1
417,228551,-1
417,122737,-1
417,185028,-1
417,093782,-1
417,237001,-1
417,011395,-1
417,239793,-1
417,015475,-1
417,177135,-1
417,004891,-1
417,102477,-1
417,106316,-1
417,210277,-1
417,142198,-1
417,234622,-1
417,181928,-1
417,106056,-1
417,046464,-1
417,117597,-1
417,149425,-1
417,119749,-1
417,015445,-1
417,231813,-1
417,117434,-1
417,169480,-1
417,073661,-1
417,050958,-1
417,229486,-1
417,098850,-1
417,237508,-1
417,271243,-1
417,227459,-1
417,279253,-1
417,275084,-1
417,259119,-1
417,246487,-1
417,094968,-1
417,071456,-1
417,166155,-1
417,276404,-1
417,283207,-1
417,103470,-1
417,221972,-1
417,104629,-1
417,127706,-1
417,275958,-1
417,013052,0
417,125273,-1
417,070297,-1
417,061636,-1
417,156608,-1
417,026336,-1
417,099498,-1
417,283257,-1
417,094039,-1
417,074847,-1
417,235872,-1
417,154855,-1
417,275751,-1
417,166154,-1
417,152296,-1
417,051954,-1
417,256952,-1
417,096154,-1
417,261847,-1
417,275276,-1
417,210965,-1
417,285104,-1
417,076740,-1
417,169481,-1
417,111843,-1
417,012511,-1
417,281959,-1
417,066206,-1
417,119222,-1
417,073399,-1
417,007167,-1
417,078190,-1
417,073918,-1
417,177757,-1
417,124582,-1
417,282325,-1
417,271235,-1
417,169529,-1
417,150211,-1
417,289347,-1
417,065841,-1
417,069961,-1
417,049809,-1
417,002199,-1
417,061385,-1
417,271469,-1
417,175827,-1
417,090386,-1
417,242090,-1
417,146539,-1
417,109139,-1
417,274403,-1
417,044667,-1
417,235295,-1
417,093463,-1
417,116634,-1
417,230633,-1
417,238534,-1
417,243420,-1
417,051478,-1
417,107727,-1
417,053232,-1
417,080019,-1
417,120268,-1
417,103134,-1
417,273258,-1
417,135749,-1
417,191546,-1
417,095655,-1
417,230354,-1
417,045544,-1
417,065430,-1
417,288318,-1
417,120599,-1
417,222906,-1
417,285989,-1
417,078780,-1
417,135671,-1
417,262031,-1
417,228827,-1
417,078779,-1
417,031430,-1
417,084567,-1
417,049886,-1
417,065469,-1
417,005987,-1
417,117770,-1
417,077691,-1
417,263110,-1
417,015534,-1
417,049916,-1
417,135744,0
417,050061,-1
417,166200,-1
417,168724,-1
417,048871,-1
417,274595,-1
417,151568,-1
417,174201,-1
417,195564,-1
417,274262,-1
417,192827,-1
417,264100,-1
417,078976,-1
417,006804,-1
417,009442,-1
417,216405,-1
417,220473,-1
417,274635,-1
417,207448,-1
417,243561,-1
417,021694,-1
417,099363,-1
417,137451,-1
417,233148,-1
417,091349,-1
417,274072,-1
417,041418,-1
417,047981,-1
417,253600,-1
417,162982,-1
417,068647,-1
417,109096,-1
417,099225,-1
417,033913,-1
417,099471,-1
417,158792,-1
417,289864,-1
417,244698,-1
417,054666,-1
417,013966,-1
417,109436,-1
417,175892,-1
417,275461,-1
417,098751,-1
417,283897,-1
417,065266,-1
417,266863,-1
417,049172,-1
417,164034,-1
417,257699,-1
417,158795,-1
417,263465,-1
417,256355,-1
417,184748,-1
417,015562,-1
417,107823,-1
417,092982,-1
417,118572,-1
417,096113,-1
417,170383,-1
417,129754,-1
417,092328,-1
417,020951,-1
417,164808,-1
417,129975,-1
417,153792,-1
417,021752,-1
417,117518,-1
417,058253,-1
417,160572,-1
417,036994,-1
417,003410,-1
417,044886,-1
417,288917,-1
417,001604,-1
417,223440,-1
417,045396,-1
417,197507,-1
417,274277,-1
417,085795,-1
417,251772,-1
417,025528,-1
417,229425,-1
417,133067,-1
417,274104,-1
417,283426,-1
417,275709,-1
417,080097,-1
417,117926,-1
417,010593,-1
417,049035,-1
417,243645,-1
417,085794,-1
417,093044,-1
417,074729,-1
417,116467,-1
417,033079,-1
417,260357,-1
417,147876,-1
417,210501,-1
417,231199,-1
417,175733,-1
417,224697,-1
417,287597,-1
417,129965,-1
417,143676,-1
417,239718,-1
417,154250,-1
417,028049,-1
417,092094,-1
417,275454,-1
417,236489,-1
417,077872,-1
417,096674,-1
417,033054,-1
417,227704,-1
417,278182,-1
417,221969,-1
417,049188,-1
417,154465,-1
417,263040,-1
417,141636,-1
417,185834,-1
417,057729,-1
417,049882,-1
417,101088,-1
417,081622,-1
417,242045,-1
417,047772,-1
417,275418,-1
417,275391,-1
417,256655,-1
417,221289,-1
417,154079,-1
417,098365,-1
417,218501,-1
417,168537,-1
417,204723,-1
417,101549,-1
417,215653,-1
417,022551,-1
417,274598,-1
417,282719,-1
417,261230,-1
417,230992,-1
417,094068,-1
417,051446,-1
417,276009,-1
417,205435,-1
417,274776,-1
417,077760,-1
417,154204,-1
417,098847,-1
417,066339,-1
417,025744,-1
417,198913,-1
417,271162,-1
417,273232,-1
417,197462,-1
417,000733,-1
417,220284,-1
417,050875,-1
417,096800,-1
417,061219,-1
417,242741,-1
417,236622,-1
417,270997,-1
417,097514,-1
417,229747,-1
417,057048,-1
417,050317,-1
417,155766,-1
417,202504,-1
417,150886,-1
417,154847,-1
417,071078,-1
417,017309,-1
417,212491,-1
417,233217,-1
417,024786,-1
417,022505,-1
417,173059,-1
417,272589,-1
417,077154,-1
417,279835,-1
417,256203,-1
417,189356,-1
417,192110,-1
417,268810,-1
417,050210,-1
417,204274,-1
417,231886,-1
417,094832,-1
417,256173,-1
417,179817,-1
417,276560,-1
417,240487,-1
417,137120,-1
417,285252,-1
417,039917,-1
417,285357,-1
417,275080,-1
417,002249,-1
417,258891,-1
417,104251,-1
417,152105,-1
417,283579,-1
417,100419,-1
417,244218,-1
417,032837,-1
417,136295,-1
417,215266,-1
417,266761,-1
417,159309,-1
417,107742,-1
417,064329,-1
417,047007,-1
417,169562,-1
417,026546,-1
417,285452,-1
417,134574,-1
417,001932,-1
417,225931,-1
417,216985,-1
417,274032,-1
417,239792,-1
417,022463,-1
417,136116,-1
417,020551,-1
417,247210,-1
417,287669,-1
417,132541,-1
417,138101,-1
417,148980,-1
417,118003,-1
417,076903,-1
417,242775,-1
417,258761,-1
417,024371,-1
417,158555,-1
417,147026,-1
417,025309,-1
417,074814,-1
417,057376,-1
417,218463,-1
417,050056,-1
417,194235,-1
417,289086,-1
417,238702,-1
417,038491,-1
417,016591,-1
417,119104,-1
417,152926,-1
417,029921,-1
417,244701,-1
417,051921,-1
417,087238,-1
417,139505,-1
417,081506,-1
417,289956,-1
417,042810,-1
417,001014,-1
417,202788,-1
417,018343,-1
417,118991,-1
417,122731,-1
417,262146,-1
417,276454,-1
417,049973,-1
417,198291,-1
417,001582,-1
417,097254,-1
417,279346,-1
417,006229,-1
417,275524,-1
417,154251,-1
417,274206,-1
417,075341,-1
417,160253,-1
417,128877,-1
417,163183,-1
417,198749,-1
417,109981,-1
417,138855,-1
417,128284,-1
417,269751,-1
417,193020,-1
417,274341,-1
417,049947,-1
417,260413,-1
417,095966,-1
417,273282,-1
417,242766,-1
417,264935,-1
417,116709,-1
417,149711,-1
417,243692,-1
417,227041,-1
417,272109,-1
417,117947,-1
417,000904,-1
417,062717,-1
417,262363,-1
417,282291,-1
417,100758,-1
417,187150,-1
417,257343,-1
417,008073,-1
417,060275,-1
417,077541,-1
417,019110,-1
417,027630,-1
417,239790,-1
417,049634,-1
417,000759,-1
417,274058,-1
417,228751,-1
417,283858,-1
417,063586,-1
417,255353,-1
417,049807,-1
417,025406,-1
417,008984,-1
417,135150,-1
417,284241,-1
417,015659,-1
417,146603,-1
417,236602,-1
417,232896,-1
417,161692,-1
417,154850,-1
417,195267,-1
417,034795,-1
417,244471,-1
417,117512,-1
417,186116,-1
417,235838,-1
417,207058,-1
417,234901,-1
417,195202,-1
417,284239,-1
417,225678,-1
417,154075,-1
417,033723,-1
417,061100,-1
417,121468,-1
417,168261,-1
417,136722,0
417,233804,-1
417,286289,-1
417,274088,-1
417,273272,-1
417,216273,-1
417,287996,-1
417,226293,-1
417,280810,-1
417,179123,-1
417,171703,-1
417,268065,-1
417,142385,-1
417,261727,-1
417,077134,-1
417,118523,-1
417,060402,-1
417,150400,-1
417,066200,-1
417,127598,-1
417,220663,-1
417,267743,-1
417,271603,-1
417,028482,-1
417,168262,-1
417,018698,-1
417,244550,-1
417,190068,-1
417,128983,-1
417,100657,-1
417,049477,-1
417,266178,-1
417,215283,-1
417,120243,-1
417,177090,-1
417,132841,-1
417,262585,-1
417,232928,-1
417,041379,-1
417,095231,-1
417,101739,-1
417,261830,-1
417,225847,-1
417,092307,-1
417,205742,-1
417,069547,-1
417,092754,-1
417,256535,-1
417,268477,-1
417,048747,-1
417,015655,-1
417,000289,-1
417,216128,-1
417,238742,-1
417,044153,-1
417,113354,-1
417,134743,-1
417,223430,-1
417,165589,-1
417,165588,-1
417,052628,-1
417,120425,-1
417,283646,-1
417,000599,-1
417,274066,-1
417,013696,-1
417,058304,-1
417,047141,-1
417,210844,-1
417,265991,-1
417,154276,-1
417,168148,-1
417,128275,-1
417,272488,-1
417,211332,-1
417,220003,-1
417,095847,-1
417,002343,-1
417,232553,-1
417,206434,-1
417,140406,-1
417,068012,-1
417,275065,-1
417,262224,-1
417,112363,-1
417,086197,-1
417,049951,-1
417,207736,-1
417,023592,-1
417,268320,-1
417,274115,-1
417,274140,-1
417,236706,-1
417,235746,-1
417,003402,-1
417,098461,-1
417,235209,-1
417,009194,-1
417,027842,-1
417,289950,-1
417,230892,-1
417,256099,-1
417,231155,-1
417,051055,-1
417,156867,-1
417,183188,-1
417,175776,-1
417,122642,-1
417,263385,-1
417,102720,-1
417,046776,-1
417,112102,-1
417,108537,-1
417,006235,-1
417,010324,-1
417,087002,-1
417,156693,-1
417,001099,-1
417,222760,-1
417,081126,-1
417,000522,-1
417,272517,-1
417,280443,-1
417,158920,-1
417,191047,-1
417,274109,-1
417,014448,-1
417,048643,-1
417,205428,-1
417,275380,-1
417,109222,-1
417,076704,-1
417,094758,-1
417,076319,-1
417,044909,-1
417,180496,-1
417,254776,-1
417,221902,-1
417,192915,-1
417,276112,-1
417,094018,-1
417,225774,-1
417,030233,-1
417,271443,-1
417,025684,-1
417,222053,0
417,044365,-1
417,167835,-1
417,028659,-1
417,241994,-1
417,025867,-1
417,264479,-1
417,261506,-1
417,136993,-1
417,045514,-1
417,257456,-1
417,053603,-1
417,191323,-1
417,160306,-1
417,065582,-1
417,230487,-1
417,231132,-1
417,091352,-1
417,269307,-1
417,204870,-1
417,230753,-1
417,056751,-1
417,101945,-1
417,001500,-1
417,029426,-1
417,025073,-1
417,149513,-1
417,273333,-1
417,221479,-1
417,219217,-1
417,045481,-1
417,274261,-1
417,098505,-1
417,143589,-1
417,220535,-1
417,284570,-1
417,004938,-1
417,042759,-1
417,266864,-1
417,279134,-1
417,242748,-1
417,066521,-1
417,127404,-1
417,050518,-1
417,236384,-1
417,282096,-1
417,085780,-1
417,285946,-1
417,084637,-1
417,187888,-1
417,093705,-1
417,014882,-1
417,216104,-1
417,276402,-1
417,108356,-1
417,111940,-1
417,023255,-1
417,027238,-1
417,165332,-1
417,122597,-1
417,121256,-1
417,118325,-1
417,273520,-1
417,212716,-1
417,049639,-1
417,113557,-1
417,134776,-1
417,266848,-1
417,088852,-1
417,211442,-1
417,070800,-1
417,272954,-1
417,024890,-1
417,164615,-1
417,049412,-1
417,273396,-1
417,122590,-1
417,103973,-1
417,147058,-1
417,007839,-1
417,119289,-1
417,290067,-1
417,185475,-1
417,257367,-1
417,167716,-1
417,193016,-1
417,085658,-1
417,262012,-1
417,012078,-1
417,160108,-1
417,006116,-1
417,142314,-1
417,097803,-1
417,025479,-1
417,266789,-1
417,283538,-1
417,204912,-1
417,037180,-1
417,201388,-1
417,284143,-1
417,075406,-1
417,122592,-1
417,038586,-1
417,035857,-1
417,033090,-1
417,051533,-1
417,281909,-1
417,154122,-1
417,275704,-1
417,066045,-1
417,076850,-1
417,140701,-1
417,081695,-1
417,044528,-1
417,150729,-1
417,224429,-1
417,195311,-1
417,119161,-1
417,181513,-1
417,234585,-1
417,129935,-1
417,118536,-1
417,010270,-1
417,050085,-1
417,146386,-1
417,153445,-1
417,150111,-1
417,221550,-1
417,048054,-1
417,148981,-1
417,227192,-1
417,084628,-1
417,136881,0
417,122397,-1
417,274082,-1
417,193061,-1
417,012100,-1
417,284189,-1
417,103050,-1
417,134740,-1
417,128627,-1
417,261236,-1
417,177544,-1
417,102545,-1
417,267715,-1
417,234198,-1
417,029674,-1
417,187469,-1
417,098538,-1
417,045062,-1
417,085704,-1
417,000657,-1
417,164633,-1
417,218207,-1
417,158761,-1
417,222918,-1
417,239797,-1
417,167526,-1
417,184743,-1
417,159241,-1
417,103756,-1
417,167525,-1
417,163684,-1
417,017028,-1
417,275086,-1
417,239033,-1
417,069372,-1
417,289338,-1
417,129964,-1
417,001735,-1
417,014439,-1
417,212133,-1
417,063974,-1
417,263239,-1
417,235586,-1
417,175939,-1
417,150518,-1
417,229638,-1
417,168450,-1
417,056726,-1
417,186098,-1
417,069877,-1
417,175869,-1
417,070583,-1
417,275247,-1
417,281422,-1
417,074908,-1
417,018963,-1
417,128496,-1
417,240801,-1
417,230979,-1
417,282714,-1
417,272444,-1
417,102227,-1
417,221553,-1
417,266751,-1
417,208708,-1
417,279762,-1
417,272781,-1
417,156282,-1
417,260871,-1
417,221288,-1
417,049775,-1
417,181248,-1
417,129885,-1
417,108586,-1
417,266913,-1
417,186520,-1
417,204845,-1
417,152643,-1
417,274231,-1
417,065034,-1
417,081774,-1
417,158404,-1
417,274603,-1
417,261943,-1
417,270801,-1
417,005146,-1
417,277494,-1
417,262827,-1
417,036730,-1
417,080788,-1
417,194915,-1
417,112262,-1
417,268499,-1
417,224408,-1
417,258663,-1
417,260526,-1
417,116843,-1
417,255573,-1
417,284658,-1
417,075084,-1
417,057554,-1
417,064510,-1
417,129978,-1
417,083473,-1
417,187602,-1
417,117804,-1
417,175738,-1
417,095318,-1
417,025001,-1
417,195631,-1
417,235624,-1
417,134873,-1
417,174362,-1
417,216601,-1
417,270285,-1
417,149632,-1
417,085784,-1
417,203406,-1
417,165817,-1
417,000656,-1
417,198224,-1
417,279029,-1
417,212600,-1
417,245013,-1
417,028313,-1
417,288795,-1
417,153239,-1
417,117493,-1
417,044861,-1
417,110059,-1
417,244436,-1
417,199554,-1
417,131452,-1
417,284758,-1
417,110736,-1
417,110241,-1
417,117123,-1
417,041606,-1
417,050877,-1
417,153240,-1
417,167684,-1
417,041862,-1
417,044597,-1
417,083880,-1
417,265699,-1
417,069284,-1
417,257504,-1
417,119153,-1
417,067320,-1
417,134691,-1
417,193056,-1
417,268508,-1
417,016687,-1
417,050227,-1
417,232002,-1
417,277482,-1
417,283421,-1
417,137266,-1
417,190880,-1
417,021674,-1
417,244426,-1
417,124780,-1
417,090089,-1
417,077881,-1
417,240815,-1
417,110144,-1
417,132577,-1
417,289077,-1
417,051274,-1
417,266285,-1
417,134580,-1
417,115043,-1
417,157585,-1
417,027752,-1
417,280079,-1
417,187458,-1
417,031396,-1
417,143679,-1
417,120958,-1
417,233494,-1
417,264921,-1
417,197879,-1
417,096430,-1
417,288764,-1
417,257167,-1
417,128139,-1
417,281910,-1
417,023571,-1
417,286280,-1
417,214395,-1
417,221852,-1
417,076861,-1
417,048969,-1
417,078784,-1
417,102457,-1
417,273259,-1
417,084899,-1
417,263815,-1
417,149882,-1
417,274091,-1
417,093468,-1
417,228469,-1
417,263615,-1
417,018959,-1
417,279002,-1
417,193916,-1
417,262583,-1
417,044478,-1
417,070431,-1
417,102012,-1
417,018190,-1
417,234906,-1
417,183966,-1
417,180725,-1
417,022822,-1
417,085729,-1
417,188437,-1
417,224278,-1
417,152090,-1
417,019008,-1
417,010631,-1
417,042528,-1
417,273207,-1
417,288246,-1
417,110869,-1
417,045426,-1
417,259097,-1
417,259272,-1
417,128966,-1
417,239154,-1
417,281913,-1
417,274157,-1
417,275574,-1
417,221978,-1
417,040647,-1
417,169498,-1
417,049774,-1
417,188743,-1
417,023767,-1
417,042110,-1
417,003852,0
417,103604,-1
417,057702,-1
417,280562,-1
417,049513,-1
417,196995,-1
417,041885,-1
417,117462,-1
417,087891,-1
417,004001,0
417,148533,-1
417,271771,-1
417,211788,-1
417,162457,-1
417,066077,-1
417,045427,-1
417,082265,-1
417,175681,-1
417,076867,-1
417,256783,-1
417,075334,-1
417,183795,-1
417,198226,-1
417,091338,-1
417,031373,-1
417,082453,-1
417,168077,-1
417,115745,-1
417,074951,-1
417,174856,-1
417,241589,-1
417,018853,-1
417,276012,-1
417,153490,-1
417,003301,-1
417,288486,-1
417,152018,-1
417,201500,-1
417,045376,-1
417,289191,-1
417,222315,-1
417,132737,-1
417,274027,-1
417,187871,-1
417,078179,-1
417,100867,-1
417,261614,-1
417,001579,-1
417,052835,-1
417,051281,-1
417,243891,-1
417,277077,-1
417,097788,-1
417,170963,-1
417,137259,0
417,261021,-1
417,161409,0
417,166089,-1
417,166806,-1
417,199903,-1
417,102260,-1
417,131162,-1
417,235214,-1
417,064942,-1
417,016808,-1
417,020126,-1
417,280441,-1
417,024932,-1
417,069087,-1
417,286777,-1
417,137328,-1
417,190920,-1
417,274814,-1
417,208567,-1
417,218545,-1
417,169357,-1
417,243195,-1
417,049643,-1
417,241568,-1
417,156288,-1
417,041690,-1
417,023117,-1
417,036173,-1
417,081136,-1
417,004565,-1
417,139312,-1
417,199567,-1
417,259538,-1
417,207188,-1
417,139235,-1
417,173201,-1
417,222529,-1
417,101544,-1
417,240797,-1
417,100850,-1
417,194171,-1
417,119072,-1
417,004794,-1
417,244839,-1
417,281604,-1
417,226751,-1
417,255617,-1
417,006843,-1
417,059685,-1
417,049573,-1
417,134104,-1
417,161765,-1
417,274303,-1
417,063578,-1
417,149546,-1
417,125068,-1
417,042822,-1
417,275874,-1
417,287261,-1
417,096347,-1
417,173035,-1
417,274137,-1
417,266777,-1
417,027150,-1
417,190764,-1
417,149935,-1
417,239270,-1
417,074422,-1
417,196720,-1
417,220319,-1
417,148620,-1
417,069309,-1
417,047545,-1
417,134680,-1
417,243224,-1
417,228726,-1
417,119132,-1
417,077020,-1
417,139216,-1
417,278629,-1
417,049942,-1
417,004828,-1
417,160228,-1
417,140408,-1
417,237432,-1
417,115740,-1
417,087120,-1
417,166088,-1
417,094380,-1
417,004148,-1
417,099036,-1
417,196345,-1
417,114136,-1
417,136315,-1
417,100389,-1
417,275530,-1
417,049785,-1
417,152706,-1
417,202237,-1
417,034797,-1
417,118259,-1
417,003076,0
417,282856,-1
417,064496,-1
417,205190,-1
417,160241,-1
417,241920,-1
417,031410,-1
417,118261,-1
417,096147,-1
417,262913,-1
417,111559,-1
417,043530,-1
417,065862,-1
417,180688,-1
417,084458,-1
417,102482,-1
417,025068,-1
417,163731,-1
417,279877,-1
417,278536,-1
417,180704,-1
417,279866,-1
417,286021,-1
417,070147,-1
417,002176,-1
417,175917,-1
417,280949,-1
417,273448,-1
417,239633,-1
417,107595,-1
417,220527,-1
417,284006,-1
417,276406,-1
417,243669,-1
417,092107,-1
417,086143,-1
417,088043,-1
417,227531,-1
417,199480,-1
417,252502,-1
417,148264,-1
417,194770,-1
417,276138,-1
417,216717,-1
417,272605,-1
417,110152,-1
417,254606,-1
417,268874,-1
417,146597,-1
417,111336,-1
417,074777,-1
417,264705,-1
417,229959,-1
417,180336,-1
417,126361,-1
417,103306,-1
417,050067,-1
417,070133,-1
417,049993,-1
417,281860,-1
417,136479,-1
417,277033,-1
417,018376,-1
417,177617,-1
417,136381,0
417,098713,-1
417,275968,-1
417,229544,-1
417,183960,-1
417,013093,-1
417,013845,-1
417,034287,-1
417,057902,-1
417,267416,-1
417,127507,-1
417,195217,-1
417,128478,-1
417,134172,-1
417,274112,-1
417,254169,-1
417,008614,-1
417,048015,-1
417,069575,-1
417,147381,-1
417,102748,-1
417,189824,-1
417,279190,-1
417,265594,-1
417,264932,-1
417,170388,-1
417,050005,-1
417,276443,-1
417,274033,-1
417,035278,-1
417,243207,-1
417,257243,-1
417,256394,-1
417,170031,-1
417,114584,-1
417,227284,-1
417,113573,-1
417,049396,-1
417,020124,-1
417,240868,-1
417,084507,-1
417,267496,-1
417,160988,-1
417,243007,-1
417,135366,-1
417,003849,0
417,168711,-1
417,251524,0
417,276619,-1
417,108523,-1
417,202256,-1
417,271412,-1
417,267658,-1
417,194908,-1
417,136072,-1
417,098769,-1
417,076645,-1
417,154404,-1
417,176035,-1
417,261851,-1
417,057014,-1
417,010151,-1
417,224186,-1
417,239388,-1
417,254851,-1
417,201756,-1
417,141956,-1
417,000700,-1
417,236915,-1
417,180372,-1
417,273354,-1
417,103320,-1
417,228844,-1
417,274260,-1
417,136152,-1
417,211224,-1
417,280935,-1
417,149529,-1
417,224760,-1
417,191002,-1
417,180470,-1
417,065230,-1
417,115892,-1
417,151560,-1
417,284721,-1
417,063082,-1
417,274218,-1
417,023681,-1
417,050763,-1
417,097182,-1
417,113851,-1
417,184691,-1
417,259331,-1
417,004350,-1
417,027083,-1
417,070678,-1
417,152331,-1
417,198160,-1
417,049803,-1
417,191760,-1
417,274340,-1
417,244743,-1
417,220326,-1
417,195596,-1
417,101039,-1
417,266042,-1
417,100403,-1
417,010997,-1
417,048786,-1
417,026992,-1
417,012283,-1
417,003183,-1
417,216203,-1
417,281947,-1
417,256360,-1
417,097981,-1
417,222536,-1
417,127146,-1
417,224518,-1
417,188869,-1
417,272090,-1
417,266823,-1
417,075402,-1
417,270597,-1
417,008625,-1
417,032780,-1
417,170013,-1
417,146589,-1
417,103851,-1
417,257563,-1
417,049860,-1
417,048177,-1
417,024851,-1
417,243738,-1
417,044325,-1
417,049647,-1
417,256893,-1
417,128982,-1
417,034977,-1
417,065135,-1
417,261269,-1
417,086800,-1
417,260826,-1
417,098152,-1
417,008700,-1
417,154225,-1
417,231160,-1
417,243317,-1
417,283736,-1
417,018172,-1
417,014272,-1
417,147352,-1
417,157546,-1
417,262131,-1
417,256415,-1
417,183911,-1
417,266926,-1
417,251074,-1
417,041636,-1
417,265254,-1
417,124012,-1
417,243208,-1
417,141690,-1
417,119105,-1
417,150326,-1
417,119348,-1
417,118396,-1
417,123249,-1
417,056687,-1
417,008644,-1
417,137218,-1
417,265986,-1
417,020095,-1
417,064079,-1
417,236822,-1
417,193675,-1
417,006467,-1
417,132700,-1
417,004450,-1
417,063221,-1
417,273292,-1
417,244901,-1
417,155675,-1
417,046633,-1
417,228805,-1
417,235141,-1
417,118640,-1
417,120451,-1
417,075281,-1
417,135867,0
417,156284,-1
417,286821,-1
417,003627,-1
417,135595,-1
417,285740,-1
417,285730,-1
417,101799,-1
417,147020,-1
417,224472,-1
417,254559,-1
417,272485,-1
417,201998,-1
417,258318,-1
417,188113,-1
417,063417,-1
417,274602,-1
417,077926,-1
417,273554,-1
417,077889,-1
417,285166,-1
417,005830,-1
417,209902,-1
417,175927,-1
417,181094,-1
417,151293,-1
417,274279,-1
417,241350,-1
417,004984,-1
417,163077,-1
417,236429,-1
417,274051,-1
417,283203,-1
417,034270,-1
417,063860,-1
417,262223,-1
417,123676,-1
417,042107,-1
417,271921,-1
417,265761,-1
417,051572,-1
417,097528,-1
417,217070,-1
417,153284,-1
417,025016,-1
417,279224,-1
417,194781,-1
417,250488,-1
417,279607,-1
417,199297,-1
417,173667,-1
417,201088,-1
417,049910,-1
417,190392,-1
417,222305,-1
417,066478,-1
417,024354,-1
417,114703,-1
417,014940,-1
417,003549,-1
417,247471,-1
417,275539,-1
417,220586,-1
417,114864,-1
417,169922,-1
417,114536,-1
417,289209,-1
417,096426,-1
417,289106,-1
417,003976,0
417,128322,-1
417,147626,-1
417,168368,-1
417,218208,-1
417,275731,-1
417,049768,-1
417,096133,-1
417,230460,-1
417,257425,-1
417,154728,-1
417,109050,-1
417,130764,-1
417,283073,-1
417,058264,-1
417,099046,-1
417,142736,-1
417,168369,-1
417,083329,-1
417,228684,-1
417,065398,-1
417,287214,-1
417,242665,-1
417,036793,-1
417,244365,-1
417,062232,-1
417,169921,-1
417,064232,-1
417,109930,-1
417,026747,-1
417,033993,-1
417,047347,-1
417,163820,-1
417,271593,-1
417,256117,-1
417,164591,-1
417,274695,-1
417,003959,0
417,070386,-1
417,276412,-1
417,220971,-1
417,232187,-1
417,041562,-1
417,154736,-1
417,010169,-1
417,285407,-1
417,241689,-1
417,265775,-1
417,015457,-1
417,096024,-1
417,103559,-1
417,080645,-1
417,243426,-1
417,192707,-1
417,049063,-1
417,188435,0
417,149639,-1
417,257300,-1
417,126890,-1
417,188867,-1
417,239794,-1
417,193848,-1
417,249928,-1
417,242572,-1
417,015974,-1
417,229571,-1
417,002406,-1
417,134627,-1
417,162188,-1
417,045933,-1
417,137371,-1
417,274122,-1
417,018888,-1
417,117120,-1
417,075779,-1
417,032554,-1
417,276753,-1
417,000304,-1
417,087890,-1
417,020305,-1
417,048061,-1
417,032682,-1
417,233236,-1
417,050081,-1
417,165461,-1
417,219754,-1
417,270751,-1
417,010402,-1
417,195532,-1
417,063268,-1
417,274213,-1
417,191798,-1
417,137365,-1
417,135793,0
417,014406,-1
417,077264,-1
417,166482,-1
417,243402,-1
417,244663,-1
417,116313,-1
417,283782,-1
417,289964,-1
417,156279,-1
417,019598,-1
417,266788,-1
417,066137,-1
417,064307,-1
417,056971,-1
417,198046,-1
417,168096,-1
417,184884,-1
417,256304,-1
417,150946,-1
417,163681,-1
417,146367,-1
417,188293,-1
417,191504,-1
417,147463,-1
417,277738,-1
417,019687,-1
417,179582,-1
417,018302,-1
417,166483,-1
417,000885,-1
417,014491,-1
417,165462,-1
417,129958,-1
417,216452,-1
417,241605,-1
417,227176,-1
417,134518,-1
417,075431,-1
417,272307,-1
417,093193,-1
417,001431,-1
417,148950,-1
417,109422,-1
417,231912,-1
417,193068,-1
417,144506,-1
417,202334,-1
417,274060,-1
417,128274,-1
417,260904,-1
417,174858,-1
417,044895,-1
417,099226,-1
417,257292,-1
417,226518,-1
417,273558,-1
417,213019,-1
417,143307,-1
417,227460,-1
417,060476,-1
417,167681,-1
417,134386,-1
417,108917,-1
417,274098,-1
417,288376,-1
417,179221,-1
417,240481,-1
417,221552,-1
417,135792,-1
417,226069,-1
417,280252,-1
417,011321,-1
417,063108,-1
417,056244,-1
417,238535,-1
417,268862,-1
417,202138,-1
417,163818,-1
417,289345,-1
417,050022,-1
417,111244,-1
417,043559,-1
417,274168,-1
417,163042,-1
417,063447,-1
417,069101,-1
417,256536,-1
417,193444,-1
417,101797,-1
417,049471,-1
417,092326,-1
417,213334,-1
417,021652,-1
417,091844,-1
417,269024,-1
417,044096,-1
417,071052,-1
417,077649,-1
417,004220,-1
417,242966,-1
417,064493,-1
417,234492,-1
417,243231,-1
417,260170,-1
417,231822,-1
417,126187,-1
417,102274,-1
417,277625,-1
417,057096,-1
417,167758,-1
417,274272,-1
417,101437,-1
417,062993,-1
417,208029,-1
417,162339,-1
417,024933,-1
417,004773,-1
417,033614,-1
417,267266,-1
417,256538,-1
417,275174,-1
417,284174,-1
417,049986,-1
417,226097,-1
417,184179,-1
417,242952,-1
417,259043,-1
417,056424,-1
417,218647,-1
417,239389,-1
417,232549,-1
417,231338,-1
417,280076,-1
417,063719,-1
417,094385,-1
417,116535,-1
417,274037,-1
417,039879,-1
417,161949,-1
417,118032,-1
417,129931,-1
417,285934,-1
417,076355,-1
417,161948,-1
417,125833,-1
417,104225,-1
417,048582,-1
417,208997,-1
417,187522,-1
417,175870,-1
417,257272,-1
417,164297,-1
417,164754,-1
417,132622,-1
417,044883,-1
417,244261,-1
417,037135,-1
417,278490,-1
417,193974,-1
417,288743,-1
417,201813,-1
417,032604,-1
417,096022,-1
417,011190,-1
417,180240,-1
417,075396,-1
417,235585,-1
417,252666,-1
417,276821,-1
417,274199,-1
417,076628,-1
417,047861,-1
417,177414,-1
417,071062,-1
417,274238,-1
417,013446,0
417,150460,-1
417,078690,-1
417,268271,-1
417,160173,-1
417,018249,-1
417,261026,-1
417,227901,-1
417,101746,-1
417,135684,-1
417,260131,-1
417,190018,-1
417,244451,-1
417,288614,-1
417,264453,-1
417,220919,-1
417,280248,-1
417,177640,-1
417,101904,-1
417,282759,-1
417,082642,-1
417,118054,-1
417,003295,-1
417,273434,-1
417,027084,-1
417,285250,-1
417,155664,-1
417,184907,-1
417,019647,-1
417,274054,-1
417,104235,-1
417,131914,-1
417,216238,-1
417,265125,-1
417,173296,-1
417,049990,-1
417,193915,-1
417,014038,-1
417,186221,-1
417,090885,-1
417,116457,-1
417,257161,-1
417,225230,-1
417,099805,-1
417,054667,-1
417,015928,-1
417,167020,-1
417,196347,-1
417,188756,-1
417,154866,-1
417,028479,-1
417,244287,-1
417,049203,-1
417,143781,-1
417,164629,-1
417,239179,-1
417,276432,-1
417,113993,-1
417,064169,-1
417,019646,-1
417,278170,-1
417,162211,-1
417,134879,-1
417,235325,-1
417,202689,-1
417,028838,-1
417,283764,-1
417,253575,-1
417,103747,-1
417,223755,-1
417,127522,-1
417,284206,-1
417,167019,-1
417,257959,-1
417,139545,-1
417,159301,-1
417,004588,-1
417,048775,-1
417,121507,-1
417,274330,-1
417,252764,-1
417,078215,-1
417,150405,-1
417,020065,-1
417,015515,-1
417,274502,-1
417,127167,-1
417,049663,-1
417,153558,-1
417,142181,-1
417,213272,-1
417,150065,-1
417,187878,-1
417,057784,-1
417,001054,-1
417,149663,-1
417,070574,-1
417,229163,-1
417,253675,-1
417,137819,-1
417,150035,-1
417,190128,-1
417,099266,-1
417,268078,-1
417,025039,-1
417,110129,-1
417,219382,-1
417,195955,-1
417,281106,-1
417,123843,-1
417,141680,-1
417,235401,-1
417,089126,-1
417,113701,-1
417,109223,-1
417,224381,-1
417,120533,-1
417,087463,-1
417,088879,-1
417,135790,-1
417,069848,-1
417,135742,0
417,139392,-1
417,162461,-1
417,173215,-1
417,099481,-1
417,025153,-1
417,274683,-1
417,037169,-1
417,158945,-1
417,164435,-1
417,150445,-1
417,062862,-1
417,087613,-1
417,253570,-1
417,217975,-1
417,098413,-1
417,111734,-1
417,262359,-1
417,062712,-1
417,103021,-1
417,271625,-1
417,024886,-1
417,240444,-1
417,195246,-1
417,279238,-1
417,104194,-1
417,018247,-1
417,265062,-1
417,245441,-1
417,275883,-1
417,239163,-1
417,019592,-1
417,027503,-1
417,277549,-1
417,032896,-1
417,143344,-1
417,254881,-1
417,152332,-1
417,057022,-1
417,017129,-1
417,145830,-1
417,255890,-1
417,269812,-1
417,212068,-1
417,274665,-1
417,144433,-1
417,226702,-1
417,159462,-1
417,253677,-1
417,068709,-1
417,224330,-1
417,114600,-1
417,128940,-1
417,256168,-1
417,262544,-1
417,127281,-1
417,224919,-1
417,265302,-1
417,274156,-1
417,071164,-1
417,112620,-1
417,163262,-1
417,169149,-1
417,071021,-1
417,024849,-1
417,116349,-1
417,160500,-1
417,140302,-1
417,072290,-1
417,193973,-1
417,016944,-1
417,277452,-1
417,127553,-1
417,089422,-1
417,196527,-1
417,128483,-1
417,036862,-1
417,097344,-1
417,204075,-1
417,158983,-1
417,104337,-1
417,210880,-1
417,164902,-1
417,089461,-1
417,283351,-1
417,280023,-1
417,198311,-1
417,076597,-1
417,158659,-1
417,196798,-1
417,061303,-1
417,004436,-1
417,234944,-1
417,272439,-1
417,020120,-1
417,213820,-1
417,035691,-1
417,226323,-1
417,087439,-1
417,146276,-1
417,045123,-1
417,153771,-1
417,147071,-1
417,024612,-1
417,274236,-1
417,284358,-1
417,173216,-1
417,225764,-1
417,043923,-1
417,105463,-1
417,242983,-1
417,215681,-1
417,135767,0
417,116841,-1
417,152299,-1
417,262091,-1
417,135433,-1
417,262007,-1
417,215650,-1
417,127563,-1
417,271805,-1
417,179534,-1
417,036844,-1
417,098441,-1
417,274004,-1
417,203487,-1
417,088213,-1
417,278953,-1
417,152993,-1
417,179241,-1
417,276341,-1
417,048322,-1
417,154270,-1
417,049758,-1
417,122156,-1
417,240830,-1
417,101472,-1
417,135873,0
417,084895,-1
417,279781,-1
417,000028,-1
417,156277,-1
417,232232,-1
417,257831,-1
417,225946,-1
417,070180,-1
417,033786,-1
417,068617,-1
417,025067,-1
417,279308,-1
417,139710,-1
417,137179,-1
417,033861,-1
417,168031,-1
417,135139,-1
417,024954,-1
417,274979,-1
417,143285,-1
417,001945,-1
417,123534,-1
417,132025,-1
417,100430,-1
417,049650,-1
417,205245,-1
417,194021,-1
417,220030,-1
417,196252,-1
417,274116,-1
417,177520,-1
417,214580,-1
417,243146,-1
417,136231,-1
417,274130,-1
417,210730,-1
417,058436,-1
417,203824,-1
417,103353,-1
417,011859,-1
417,003342,-1
417,063764,-1
417,102025,-1
417,187336,-1
417,111013,-1
417,173032,-1
417,222432,-1
417,209398,-1
417,127148,-1
417,179784,-1
417,274186,-1
417,131964,-1
417,031371,-1
417,024417,-1
417,009760,-1
417,203006,-1
417,134575,-1
417,052635,-1
417,007732,-1
417,181899,-1
417,256336,-1
417,257590,-1
417,257528,-1
417,275337,-1
417,120956,-1
417,240829,-1
417,078994,-1
417,255861,-1
417,134525,-1
417,099344,-1
417,092840,-1
417,282837,-1
417,027843,-1
417,262499,-1
417,272436,-1
417,215280,-1
417,234907,-1
417,024079,-1
417,178206,-1
417,131202,-1
417,286807,-1
417,078964,-1
417,278153,-1
417,129905,-1
417,281332,-1
417,213255,-1
417,249130,-1
417,274044,-1
417,211264,-1
417,276049,-1
417,235745,-1
417,267690,-1
417,057583,-1
417,099474,-1
417,157571,-1
417,205884,-1
417,047402,-1
417,286300,-1
417,113356,-1
417,032342,-1
417,153953,-1
417,283526,-1
417,136883,0
417,057749,-1
417,175477,-1
417,276422,-1
417,098886,-1
417,164108,-1
417,049782,-1
417,029315,-1
417,094006,-1
417,050316,-1
417,084738,-1
417,222726,-1
417,154796,-1
417,212180,-1
417,280075,-1
417,236777,-1
417,225454,-1
417,130994,-1
417,262388,-1
417,005204,-1
417,118440,-1
417,098198,-1
417,191309,-1
417,047037,-1
417,276692,-1
417,192971,-1
417,132006,-1
417,136528,-1
417,228834,-1
417,057070,-1
417,211792,-1
417,244978,-1
417,174822,-1
417,164781,-1
417,042151,-1
417,274401,-1
417,237434,-1
417,033321,-1
417,091637,-1
417,094244,-1
417,112037,-1
417,220469,-1
417,226804,-1
417,149426,-1
417,109228,-1
417,271781,-1
417,164413,-1
417,215899,-1
417,108699,-1
417,279161,-1
417,083007,-1
417,289080,-1
417,224473,-1
417,289929,-1
417,275660,-1
417,052651,-1
417,200033,-1
417,230376,-1
417,020285,-1
417,094622,-1
417,040734,-1
417,078168,-1
417,139447,-1
417,159463,-1
417,265042,-1
417,162508,-1
417,098969,-1
417,003315,-1
417,261419,-1
417,179302,-1
417,272387,-1
417,262140,-1
417,195436,-1
417,188125,-1
417,193009,-1
417,055201,-1
417,276823,-1
417,012488,-1
417,204678,-1
417,018120,-1
417,244344,-1
417,114945,-1
417,231144,-1
417,223932,-1
417,010553,-1
417,257803,-1
417,129031,-1
417,264130,-1
417,197060,-1
417,272813,-1
417,136211,-1
417,232545,-1
417,156425,-1
417,122987,-1
417,274283,-1
417,274095,-1
417,156617,-1
417,096201,-1
417,284983,-1
417,111823,-1
417,029085,-1
417,098411,-1
417,096349,-1
417,065166,-1
417,267780,-1
417,280567,-1
417,099573,-1
417,057660,-1
417,065860,-1
417,232563,-1
417,163635,-1
417,112671,-1
417,274080,-1
417,112461,-1
417,222787,-1
417,032423,-1
417,075077,-1
417,045430,-1
417,014419,-1
417,282161,-1
417,235351,-1
417,223158,-1
417,070466,-1
417,280440,-1
417,138491,-1
417,254158,-1
417,237042,-1
417,098445,-1
417,096247,-1
417,019553,-1
417,063296,-1
417,097828,-1
417,276267,-1
417,282243,-1
417,262240,-1
417,047629,-1
417,183204,-1
417,092166,-1
417,264709,-1
417,136591,0
417,195477,-1
417,213980,-1
417,241081,-1
417,066684,-1
417,167752,-1
417,184914,-1
417,081618,-1
417,082485,-1
417,153551,-1
417,287334,-1
417,095177,-1
417,167753,-1
417,255408,-1
417,199507,-1
417,276438,-1
417,012442,-1
417,103640,-1
417,037394,-1
417,138098,-1
417,195818,-1
417,011223,-1
417,057373,-1
417,254846,-1
417,272803,-1
417,119404,-1
417,143969,-1
417,036801,-1
417,076786,-1
417,270183,-1
417,094754,-1
417,164788,-1
417,276763,-1
417,035743,-1
417,003258,-1
417,040947,-1
417,081463,-1
417,003850,-1
417,165460,-1
417,077675,-1
417,097022,-1
417,227312,-1
417,268261,-1
417,127247,-1
417,163608,-1
417,091189,-1
417,253354,-1
417,149511,-1
417,108762,-1
417,280718,-1
417,093769,-1
417,154484,-1
417,062658,-1
417,020100,-1
417,176490,-1
417,274534,-1
417,176687,-1
417,275512,-1
417,119226,-1
417,049999,-1
417,125639,-1
417,188368,-1
417,016179,-1
417,096153,-1
417,043533,-1
417,158466,-1
417,032357,-1
417,040294,-1
417,279099,-1
417,243714,-1
417,129858,-1
417,078303,-1
417,147660,-1
417,257363,-1
417,033711,-1
417,049618,-1
417,224535,-1
417,251425,-1
417,083323,-1
417,040104,-1
417,015096,-1
417,168750,-1
417,274192,-1
417,192103,-1
417,230443,-1
417,039335,-1
417,179436,-1
417,204387,-1
417,191918,-1
417,265595,-1
417,219247,-1
417,113471,-1
417,166253,-1
417,160598,0
417,285193,-1
417,154133,-1
417,235531,-1
417,097024,-1
417,200070,-1
417,260839,-1
417,087065,-1
417,034762,-1
417,278371,-1
417,226800,-1
417,050423,-1
417,091840,-1
417,131511,-1
417,008279,-1
417,064349,-1
417,190561,-1
417,216849,-1
417,099062,-1
417,174741,-1
417,018076,-1
417,048075,-1
417,157271,-1
417,259447,-1
417,279304,-1
417,194913,-1
417,194148,-1
417,095310,-1
417,269293,-1
417,279633,-1
417,183853,-1
417,257041,-1
417,239277,-1
417,154253,-1
417,024499,-1
417,098450,-1
417,289726,-1
417,236300,-1
417,135753,-1
417,031807,-1
417,223303,-1
417,073335,-1
417,276350,-1
417,007587,-1
417,236378,-1
417,275753,-1
417,074969,-1
417,281331,-1
417,005594,-1
417,204245,-1
417,199440,-1
417,043760,-1
417,050565,-1
417,141514,-1
417,229160,-1
417,273932,-1
417,153757,-1
417,040997,-1
417,271707,-1
417,265975,-1
417,021743,-1
417,051535,-1
417,202218,-1
417,160153,-1
417,285739,-1
417,129058,-1
417,190172,-1
417,049085,-1
417,043940,-1
417,105682,-1
417,226099,-1
417,150398,-1
417,129835,-1
417,085106,-1
417,072509,-1
417,204546,-1
417,106508,-1
417,266855,-1
417,047753,-1
417,156757,-1
417,243148,-1
417,267047,-1
417,278171,-1
417,266790,-1
417,216870,-1
417,118807,-1
417,073075,-1
417,122781,-1
417,279139,-1
417,224009,-1
417,225712,-1
417,261627,-1
417,254637,-1
417,021241,-1
417,067159,-1
417,206716,-1
417,136491,0
417,025437,-1
417,150061,-1
417,228668,-1
417,240598,-1
417,103344,-1
417,163314,-1
417,258617,-1
417,011560,-1
417,258489,-1
417,098567,-1
417,074370,-1
417,220061,-1
417,002142,-1
417,040098,-1
417,018535,-1
417,269814,-1
417,057294,-1
417,279240,-1
417,161577,-1
417,093750,-1
417,120448,-1
417,208882,-1
417,049497,-1
417,212679,-1
417,147685,-1
417,235363,-1
417,243187,-1
417,232881,-1
417,107543,-1
417,284580,-1
417,274811,-1
417,158474,-1
417,152867,-1
417,185500,-1
417,142953,-1
417,107026,-1
417,204535,-1
417,283381,-1
417,288580,-1
417,078085,-1
417,274985,-1
417,063672,-1
417,003951,0
417,138842,-1
417,274181,-1
417,072131,-1
417,188164,-1
417,227493,-1
417,130596,-1
417,242417,-1
417,026755,-1
417,022899,-1
417,151476,-1
417,144928,-1
417,156293,-1
417,215272,-1
417,056559,-1
417,282603,-1
417,053325,-1
417,137854,-1
417,106248,-1
417,008257,-1
417,233902,-1
417,051070,-1
417,117458,-1
417,205446,-1
417,158398,-1
417,023573,-1
417,094996,-1
417,071386,-1
417,225612,-1
417,045922,-1
417,199889,-1
417,251432,-1
417,180900,-1
417,104559,-1
417,180389,-1
417,274078,-1
417,049480,-1
417,257551,-1
417,223217,-1
417,105985,-1
417,070027,-1
417,144902,-1
417,213360,-1
417,065804,-1
417,073591,-1
417,073853,-1
417,094949,-1
417,218356,-1
417,216914,-1
417,240421,-1
417,117833,-1
417,154233,-1
417,269383,-1
417,147143,-1
417,222523,-1
417,101440,-1
417,001488,-1
417,274153,-1
417,255913,-1
417,176717,-1
417,276042,-1
417,070980,-1
417,134528,-1
417,117172,-1
417,179057,-1
417,062765,-1
417,163694,-1
417,076194,-1
417,275550,-1
417,064189,-1
417,049721,-1
417,105304,-1
417,146744,-1
417,104153,-1
417,095790,-1
417,244612,-1
417,129893,-1
417,103200,-1
417,013837,-1
417,049638,-1
417,237564,-1
417,070171,-1
417,080656,-1
417,255989,-1
417,050026,-1
417,114228,-1
417,152922,-1
417,196783,-1
417,281963,-1
417,212896,-1
417,221097,-1
417,062906,-1
417,265845,-1
417,262119,-1
417,274326,-1
417,273262,-1
417,106764,-1
417,017164,-1
417,226671,-1
417,173438,-1
417,078742,-1
417,154293,-1
417,098964,-1
417,165484,-1
417,185613,-1
417,261502,-1
417,257450,-1
417,014253,-1
417,207511,-1
417,090440,-1
417,196849,-1
417,255060,-1
417,112414,-1
417,225746,-1
417,094377,-1
417,003227,-1
417,200667,-1
417,074110,-1
417,139644,-1
417,271013,-1
417,260455,-1
417,275764,-1
417,072812,-1
417,237567,-1
417,257380,-1
417,240445,-1
417,143211,-1
417,218077,-1
417,212257,-1
417,286051,-1
417,237578,-1
417,099521,-1
417,185388,-1
417,193782,-1
417,236458,-1
417,032496,-1
417,244259,-1
417,018848,-1
417,267657,-1
417,074893,-1
417,123735,-1
417,094378,-1
417,081838,-1
417,165611,-1
417,164292,-1
417,261312,-1
417,107283,-1
417,271796,-1
417,078941,-1
417,235906,-1
417,192917,-1
417,003043,-1
417,193079,-1
417,030463,-1
417,113334,-1
417,192409,-1
417,083024,-1
417,080662,-1
417,001797,-1
417,057280,-1
417,237522,-1
417,265067,-1
417,176034,-1
417,077110,-1
417,098586,-1
417,075696,-1
417,094379,-1
417,288096,-1
417,113574,-1
417,057584,-1
417,122732,-1
417,286611,-1
417,048252,-1
417,265094,-1
417,182132,-1
417,147059,-1
417,177358,-1
417,202625,-1
417,234264,-1
417,275508,-1
417,261032,-1
417,094255,-1
417,030572,-1
417,173136,-1
417,165612,-1
417,190775,-1
417,008191,-1
417,229277,-1
417,279397,-1
417,167407,-1
417,217037,-1
417,187874,-1
417,275245,-1
417,258447,-1
417,127065,-1
417,183834,-1
417,005640,-1
417,129832,-1
417,200468,-1
417,121355,-1
417,187656,-1
417,225364,-1
417,120246,-1
417,157565,-1
417,159190,-1
417,258346,-1
417,229462,-1
417,243295,-1
417,175842,-1
417,274068,-1
417,217236,-1
417,060918,-1
417,117530,-1
417,186961,-1
417,244480,-1
417,224599,-1
417,120703,-1
417,168163,-1
417,176941,-1
417,073289,-1
417,250646,-1
417,201815,-1
417,280004,-1
417,046976,-1
417,168591,-1
417,269107,-1
417,018173,-1
417,050060,-1
417,236496,-1
417,257338,-1
417,150345,-1
417,038630,-1
417,168164,-1
417,243154,-1
417,098977,-1
417,281791,-1
417,280865,-1
417,158640,-1
417,073807,-1
417,180404,-1
417,045671,-1
417,197099,-1
417,288741,-1
417,104333,-1
417,179857,-1
417,263950,-1
417,152175,-1
417,003653,-1
417,274043,-1
417,128980,-1
417,081451,-1
417,153727,-1
417,057282,-1
417,226273,-1
417,259536,-1
417,257372,-1
417,106718,-1
417,114738,-1
417,057281,-1
417,080961,-1
417,067250,-1
417,209680,-1
417,040438,-1
417,094369,-1
417,254843,-1
417,049668,-1
417,107237,-1
417,046446,-1
417,093561,-1
417,176781,-1
417,274211,-1
417,177357,-1
417,147438,-1
417,228457,-1
418,026382,-1
418,285606,-1
418,202915,-1
418,079407,-1
418,069043,-1
418,168528,-1
418,219913,-1
418,019504,-1
418,079465,-1
418,261574,-1
418,017255,-1
418,133702,1
418,133709,1
418,133703,1
418,133707,1
418,133774,1
418,133770,1
418,166783,-1
418,133612,1
418,133610,1
418,133611,1
418,132050,1
418,133331,1
418,133302,1
418,133299,1
418,133297,1
418,133093,1
418,133100,1
418,133088,1
418,133119,1
418,133171,1
418,133188,1
418,133869,0
418,124639,-1
418,132046,1
418,133427,1
418,133723,1
418,133729,1
418,133730,1
418,001458,1
418,131953,1
418,132019,1
418,132017,1
418,132020,1
418,132080,1
418,132135,1
418,132039,1
418,132021,1
418,132550,-1
418,132010,1
418,092622,-1
418,132136,1
418,131954,1
418,133951,1
418,132008,1
418,132581,-1
418,132157,-1
418,094848,-1
418,133664,1
418,133675,1
418,133598,1
418,102035,-1
418,146884,0
418,133684,1
418,133358,1
418,133365,1
418,132845,-1
418,133649,1
418,133665,1
418,132922,-1
418,094643,-1
418,122059,1
418,009742,1
418,122129,1
418,122139,1
418,122110,1
418,093071,0
418,009594,0
418,133941,1
418,109154,0
418,002855,1
418,122045,-1
418,092796,-1
418,125009,0
418,133663,1
418,133959,0
418,132938,1
418,132952,1
418,132955,-1
418,132685,1
418,132666,1
418,132751,1
418,132670,1
418,132899,-1
418,244652,0
418,132910,1
418,011838,0
418,145412,-1
418,099196,-1
418,002126,-1
418,133735,1
418,099181,0
418,133866,-1
418,152326,-1
418,133899,0
418,001444,1
418,002679,1
418,108996,0
418,133632,1
418,133669,1
418,133642,1
418,133668,1
418,002186,-1
418,133737,-1
418,041935,-1
418,141756,-1
418,134076,1
418,001109,1
418,133581,1
418,134915,0
418,133853,1
418,133871,1
418,133874,1
418,142385,-1
418,268023,-1
418,132071,-1
418,108018,0
418,133841,1
418,002772,1
418,133829,1
418,258860,-1
418,001887,-1
418,001894,1
418,132182,1
418,180411,-1
418,131667,-1
418,132052,1
418,130644,-1
418,001587,1
418,001580,1
418,111707,-1
418,134952,0
418,022695,-1
418,132203,1
418,019053,-1
418,006188,0
418,238730,-1
418,131988,1
418,131975,1
418,131970,1
418,001278,-1
418,135242,-1
418,183618,-1
418,151094,-1
418,132605,-1
418,133906,-1
418,132860,1
418,132865,1
418,133721,1
418,133661,1
418,191891,-1
418,136714,-1
418,010576,-1
418,134275,1
418,132634,-1
418,132898,1
418,132824,1
418,132825,1
418,132805,1
418,132807,1
418,132803,1
418,133582,1
418,133753,0
418,146481,0
418,148262,-1
418,179121,0
418,133786,-1
418,110527,0
418,137172,-1
418,133283,-1
418,161430,-1
418,109211,0
418,001459,0
418,123874,-1
418,009600,-1
418,133843,-1
418,132858,1
418,133195,1
418,133200,1
418,260112,-1
418,133736,-1
418,146163,-1
418,133015,-1
418,132037,-1
418,010357,0
418,092764,-1
418,002264,-1
418,128652,0
418,132880,-1
418,241888,-1
418,133432,0
418,133568,-1
418,135693,-1
418,137421,-1
418,001287,-1
418,134393,-1
418,095608,-1
418,133621,1
418,133585,1
418,109122,-1
418,001919,-1
418,120990,-1
418,156961,-1
418,097809,0
418,127896,0
418,186117,-1
418,115992,-1
418,146503,-1
418,110459,-1
418,109787,0
418,250115,-1
418,132854,0
418,122046,-1
418,092359,-1
418,001062,1
418,002839,-1
418,179678,-1
418,003340,0
418,131610,-1
418,132088,-1
418,179120,0
418,099266,-1
418,133348,1
418,109451,0
418,273978,-1
418,094752,-1
418,131982,-1
418,012780,-1
418,131830,-1
418,117272,1
418,092855,1
418,094677,-1
418,007044,0
418,131843,0
418,109011,-1
418,001445,1
418,154653,-1
418,133480,1
418,135304,-1
418,132205,1
418,097111,-1
418,001744,-1
418,097897,-1
418,108057,0
418,133224,-1
418,097728,0
418,093017,0
418,135880,-1
418,017629,1
418,129357,1
418,129405,1
418,129429,-1
418,132166,-1
418,127888,0
418,164282,-1
418,111595,0
418,101250,-1
418,252514,-1
418,139093,0
418,002777,-1
418,164709,-1
418,127799,1
418,109641,0
418,256895,-1
418,091237,-1
418,201307,-1
418,132028,-1
418,149318,-1
418,146213,-1
418,135998,-1
418,109232,0
418,131319,-1
418,002364,-1
418,098410,-1
418,131694,-1
418,133138,-1
418,017267,-1
418,148252,-1
418,178105,-1
418,138881,-1
418,095391,-1
418,260862,-1
418,098942,-1
418,131898,-1
418,246541,-1
418,132830,1
418,132839,1
418,001135,-1
418,006681,-1
418,149143,-1
418,188534,0
418,080406,0
418,095878,-1
418,108585,0
418,238285,-1
418,109140,-1
418,092953,-1
418,151107,-1
418,131946,-1
418,092474,-1
418,149691,-1
418,127903,-1
418,158615,-1
418,003066,-1
418,131627,-1
418,009602,-1
418,101098,-1
418,144215,-1
418,149722,-1
418,181910,-1
418,137070,0
418,117943,0
418,155352,-1
418,142314,0
418,009735,-1
418,150226,-1
418,133084,-1
418,095524,-1
418,141904,-1
418,179145,-1
418,133691,-1
418,001328,-1
418,132168,-1
418,130096,-1
418,018525,-1
418,094678,-1
418,133506,-1
418,096513,-1
418,092651,-1
418,283875,-1
418,131867,-1
418,276991,-1
418,164643,-1
418,001240,1
418,192490,-1
418,112236,-1
418,080412,1
418,080409,0
418,094469,-1
418,108625,0
418,099179,0
418,007221,-1
418,143391,-1
418,132856,-1
418,147510,-1
418,137444,0
418,133868,-1
418,017250,0
418,101133,-1
418,148916,-1
418,131308,-1
418,134546,-1
418,179106,1
418,080354,0
418,011293,0
418,090376,-1
418,136132,-1
418,006092,-1
418,092679,-1
418,138870,-1
418,132453,-1
418,108985,0
418,101960,-1
418,111713,-1
419,119963,1
419,120949,1
419,120946,1
419,007353,1
419,120888,1
419,172765,1
419,172766,1
419,240376,1
419,011763,1
419,011676,1
419,115078,1
419,237753,1
419,011697,1
419,133396,1
419,002494,1
419,163843,1
419,133391,1
419,133481,1
419,133397,1
419,133473,1
419,011850,1
419,240277,1
419,237275,1
419,284102,0
419,115079,1
419,147869,1
419,120963,1
419,119414,0
419,124755,1
419,163859,1
419,014143,1
419,120960,1
419,120968,1
419,120962,1
419,120969,1
419,015180,1
419,125565,1
419,007481,1
419,120971,1
419,142011,1
419,124241,0
419,012037,0
419,285288,0
419,137977,1
419,031225,-1
419,122861,1
419,011904,1
419,121047,1
419,007556,1
419,220753,0
419,011550,1
419,122772,1
419,122761,1
419,124359,0
419,122769,1
419,122764,1
419,122760,1
419,154859,1
419,154833,1
419,148455,1
419,005177,1
419,119618,1
419,004909,1
419,119259,1
419,286582,-1
419,120156,1
419,120180,1
419,005589,1
419,120140,1
419,120142,1
419,120130,1
419,120139,1
419,142570,1
419,010276,1
419,122605,1
419,211698,1
419,120959,1
419,163863,1
419,118312,1
419,128440,1
419,004212,1
419,184264,1
419,184228,1
419,184269,1
419,184301,1
419,184273,1
419,098459,1
419,271823,-1
419,120748,1
419,120750,0
419,151403,0
419,008024,1
419,121425,1
419,117112,0
419,018174,1
419,128981,1
419,123931,1
419,129996,1
419,123970,1
419,118751,1
419,063923,-1
419,169724,0
419,123554,1
419,011924,1
419,011974,1
419,118755,1
419,119719,1
419,005250,1
419,118597,1
419,130275,1
419,005340,1
419,119848,1
419,118501,1
419,120077,1
419,118589,1
419,120078,1
419,005497,1
419,005262,1
419,119732,1
419,119652,1
419,011488,1
419,122751,1
419,118988,1
419,004422,1
419,118709,0
419,118581,1
419,004727,1
419,123973,1
419,123972,1
419,123965,1
419,118976,1
419,131024,-1
419,087312,-1
419,010509,1
419,118748,1
419,118987,1
419,131384,0
419,136874,-1
419,285347,-1
419,114765,0
419,122400,0
419,120455,1
419,237293,-1
419,005834,1
419,005132,1
419,119543,1
419,126011,1
419,119651,1
419,119537,1
419,005130,1
419,004783,1
419,119058,1
419,120449,1
419,124969,1
419,004575,1
419,118779,1
419,004794,1
419,119071,1
419,119072,1
419,118412,1
419,118452,1
419,124411,-1
419,120450,1
419,121554,1
419,004863,1
419,119154,1
419,121524,1
419,119678,1
419,005227,1
419,131009,1
419,176028,0
419,012516,0
419,145651,0
419,118707,1
419,126010,1
419,111721,1
419,014706,1
419,118647,1
419,007949,1
419,121364,1
419,121363,1
419,181304,1
419,285468,1
419,007942,1
419,121356,1
419,011487,1
419,111712,1
419,111226,1
419,111720,1
419,129062,1
419,118502,0
419,157863,-1
419,011343,1
419,058292,-1
419,120081,1
419,005499,1
419,183942,-1
419,101966,1
419,112892,1
419,108368,1
419,108289,1
419,108297,1
419,108393,1
419,100853,1
419,100257,0
419,005180,1
419,285461,1
419,119622,1
419,243791,1
419,243132,1
419,231150,-1
419,118175,1
419,121530,1
419,009010,1
419,176774,1
419,010012,1
419,168391,1
419,168388,0
419,157351,-1
419,119096,1
419,004818,1
419,120179,1
419,004732,1
419,118990,1
419,118874,1
419,005588,1
419,148726,0
419,121533,1
419,009012,1
419,009011,1
419,121531,1
419,101974,0
419,119032,1
419,118409,1
419,004331,1
419,011740,1
419,179808,1
419,179748,1
419,179744,1
419,147847,1
419,147687,0
419,119136,1
419,120704,1
419,212737,-1
419,162838,1
419,170197,1
419,127629,-1
419,119232,1
419,004896,1
419,119231,1
419,004897,1
419,120241,1
419,005637,1
419,119145,1
419,007600,-1
419,120721,1
419,007153,1
419,118938,1
419,120075,1
419,120065,1
419,176838,1
419,183095,-1
419,204842,-1
419,118719,1
419,004514,1
419,010102,1
419,192547,0
419,011845,1
419,122404,1
419,118418,1
419,004682,1
419,004275,1
419,118908,1
419,118896,1
419,137443,1
419,152937,0
419,004676,1
419,009042,1
419,118284,1
419,145696,-1
419,004503,1
419,118702,1
419,176848,-1
419,118428,1
419,118445,1
419,004323,1
419,004273,1
419,118414,1
419,118783,1
419,004581,1
419,118105,0
419,120154,1
419,118526,1
419,120172,1
419,125741,1
419,004531,1
419,118743,1
419,151196,1
419,014987,1
419,009549,1
419,241488,-1
419,005599,1
419,120194,1
419,008542,1
419,140690,1
419,120164,1
419,005575,1
419,289914,1
419,125872,1
419,014845,1
419,119081,1
419,005309,1
419,119806,1
419,118940,0
419,101840,-1
419,062173,1
419,037739,-1
419,260343,0
419,151208,1
419,012508,1
419,118385,1
419,138972,1
419,155799,0
419,009959,1
419,130341,1
419,147217,1
419,119786,1
419,015077,-1
419,161783,-1
419,122088,0
419,088115,-1
419,131017,1
419,130964,1
419,131008,1
419,124741,-1
419,124361,0
419,088303,0
419,145839,-1
419,009083,1
419,004677,1
419,186279,1
419,118572,1
419,118897,1
419,004417,1
419,118574,1
419,118500,0
419,136521,0
419,124727,-1
419,084312,-1
419,121518,1
419,009001,1
419,118878,1
419,159684,1
419,086129,1
419,120037,1
419,005469,1
419,118735,1
419,167457,1
419,167430,1
419,167141,0
419,124919,1
419,125126,1
419,120529,1
419,006915,1
419,123526,0
419,017220,0
419,184751,1
419,201770,-1
419,141889,-1
419,118983,1
419,118955,1
419,118948,1
419,280394,-1
419,019587,-1
419,148263,0
419,118760,-1
419,118961,1
419,144749,1
419,176788,0
419,120537,1
419,120173,1
419,005583,1
419,011739,1
419,147978,1
419,167939,1
419,167938,1
419,167878,1
419,231152,-1
419,160980,-1
419,005214,1
419,119661,1
419,120350,1
419,005737,1
419,120326,1
419,005598,1
419,120193,1
419,170195,-1
419,122873,1
419,011958,1
419,069679,0
419,008003,1
419,121411,1
419,144892,1
419,004321,1
419,004421,-1
419,136938,-1
419,289305,1
419,289290,1
419,253451,1
419,007344,0
419,140682,1
419,118443,1
419,093605,-1
419,131743,1
419,237672,1
419,013768,-1
419,253434,1
419,109519,1
419,253238,1
419,253266,1
419,253486,1
419,252924,1
419,253239,0
419,120509,-1
419,141363,0
419,118298,1
419,118941,1
419,131000,-1
419,253585,1
419,004703,1
419,227213,1
419,227224,1
419,227207,1
419,227221,1
419,211696,1
419,211748,1
419,230451,1
419,118285,1
419,005371,1
419,119895,1
419,222309,-1
419,119844,1
419,170878,1
419,192007,-1
419,119312,0
419,180366,-1
419,289288,1
419,289306,1
419,289326,1
419,157017,-1
419,263303,1
419,239362,1
419,264503,-1
419,004271,1
419,200342,1
419,118408,1
419,131376,0
419,009561,1
419,122010,1
419,124233,-1
419,148588,1
419,227239,1
419,005091,0
419,011894,-1
419,239361,1
419,118115,1
419,151317,0
419,005666,-1
419,140711,1
419,158218,1
419,158211,1
419,158208,1
419,157799,-1
419,122488,0
419,015318,1
419,125415,1
419,125362,1
419,125346,1
419,125417,1
419,125348,1
419,015389,1
419,125345,1
419,126911,-1
419,062102,0
419,119613,1
419,233294,1
419,119361,1
419,145583,1
419,233308,0
419,011985,1
419,018383,-1
419,008369,1
419,149046,-1
419,125125,1
419,145679,1
419,125104,1
419,120454,-1
419,124663,0
419,096618,0
419,144778,1
419,122354,-1
419,018256,1
419,128935,1
419,120798,-1
419,121318,1
419,007894,1
419,121305,1
419,277439,0
419,125595,0
419,121555,1
419,009050,1
419,131486,-1
419,153585,1
419,251580,-1
419,176901,-1
419,140864,0
419,118965,1
419,118984,1
419,004725,1
419,155801,0
419,018250,1
419,100317,-1
419,120659,-1
419,079459,1
419,120040,1
419,128794,1
419,018451,1
419,079458,-1
419,005818,1
419,120433,1
419,120422,1
419,120421,1
419,006845,1
419,120486,1
419,118699,1
419,128157,0
419,004500,1
419,120542,1
419,006928,1
419,193042,-1
419,276258,1
419,276311,1
419,276334,1
419,276313,1
419,280581,1
419,278738,-1
419,261921,-1
419,139115,-1
419,147858,-1
419,238990,1
419,239010,1
419,139588,-1
419,122853,1
419,149390,1
419,162691,-1
419,007503,1
419,120993,1
419,120399,1
419,005790,1
419,120958,1
419,120703,1
419,120268,0
419,259692,1
419,259690,1
419,126008,0
419,007081,1
419,120677,1
419,045296,-1
419,120336,0
419,146476,1
419,146471,1
419,146451,1
419,177541,-1
419,198483,-1
419,008472,1
419,141018,1
419,141017,1
419,141013,1
419,153953,1
419,153986,-1
419,259671,1
419,259673,1
419,259677,1
419,014020,1
419,118826,1
419,004624,1
419,118816,0
419,036035,-1
419,013988,1
419,152943,1
419,147017,1
419,126542,-1
419,028580,1
419,001564,1
419,127627,1
419,128125,1
419,133260,1
419,133261,0
419,028603,-1
419,223253,1
419,278964,1
419,157800,-1
419,019579,-1
419,155486,1
419,141844,1
419,141790,1
419,141785,1
419,145726,1
419,120694,1
419,150673,-1
419,155482,1
419,120207,1
419,120713,1
419,114806,0
419,005606,1
419,145851,1
419,166677,1
419,146985,0
419,199955,1
419,122984,1
419,012464,1
419,125194,1
419,007182,0
419,130095,1
419,239571,-1
419,011909,-1
419,150215,1
419,008039,1
419,121433,1
419,009243,1
419,119633,1
419,121719,1
419,005200,1
419,119648,1
419,119646,1
419,007085,0
419,122011,1
419,009562,1
419,009206,1
419,120784,1
419,007227,1
419,128626,-1
419,169090,1
419,150223,1
419,006653,1
419,119479,-1
419,009849,-1
419,124410,-1
419,139018,1
419,123470,1
419,007061,-1
419,150913,-1
419,150078,0
419,139020,1
419,148730,1
419,134516,0
419,234067,1
419,126191,1
419,009612,1
419,166256,1
419,168219,1
419,123824,1
419,222535,-1
419,177525,1
419,177693,1
419,177509,1
419,177515,1
419,177778,1
419,197387,-1
419,264831,-1
419,017897,-1
419,136621,1
419,136567,1
419,136612,1
419,165230,1
419,085622,0
419,165220,1
419,077918,0
419,232876,-1
419,122505,-1
419,164021,1
419,025063,-1
419,182848,1
419,182768,1
419,182710,1
419,118787,1
419,219835,-1
419,014982,-1
419,130861,1
419,124854,1
419,017429,1
419,194471,-1
419,234409,0
419,145220,1
419,011964,1
419,111808,1
419,125063,0
419,017406,0
419,125693,0
419,125950,1
419,094929,-1
419,281464,-1
419,144379,0
419,222331,1
419,166669,1
419,226142,-1
419,018499,1
419,120839,1
419,007300,1
419,086490,1
419,125948,1
419,014782,1
419,118778,1
419,118273,1
419,137098,-1
419,147650,1
419,126835,-1
419,145247,0
419,201483,-1
419,124532,1
419,155789,1
419,124881,1
419,155790,1
419,223272,1
419,028213,-1
419,177728,-1
419,234027,-1
419,009714,-1
419,239052,1
419,239051,1
419,239039,1
419,137113,1
419,135649,1
419,136338,1
419,135321,1
419,136328,1
419,135637,1
419,135283,1
419,137097,1
419,136346,1
419,135298,1
419,147494,1
419,011774,0
419,149585,1
419,137264,0
419,149471,1
419,110168,-1
419,147989,1
419,147994,1
419,111197,0
419,140899,1
419,132864,1
419,145268,-1
419,072277,1
419,105450,1
419,074426,1
419,107599,1
419,140895,1
419,120472,-1
419,240783,0
419,020171,1
419,005077,-1
419,140933,0
419,054089,-1
419,001087,1
419,186860,-1
419,151307,0
419,142207,1
419,142199,1
419,008159,1
419,008329,0
419,147587,1
419,001493,-1
419,141483,0
419,082581,-1
419,122115,-1
419,118979,1
419,004720,1
419,020169,1
419,020193,1
419,124994,0
419,122992,0
419,168465,0
419,005815,1
419,120431,1
419,132861,1
419,221711,1
419,009668,0
419,145067,-1
419,120809,-1
419,254025,1
419,254039,1
419,131474,-1
419,030514,-1
419,027296,1
419,166068,1
419,166167,1
419,157130,1
419,075566,-1
419,078082,1
419,125521,0
419,119497,0
419,134405,-1
419,059888,-1
419,032321,0
419,254593,0
419,143821,1
419,011910,-1
419,286476,1
419,120942,1
419,007429,1
419,001141,1
419,013255,-1
419,227249,0
419,010379,1
419,000008,1
419,090210,1
419,090061,1
419,067406,-1
419,125703,0
419,288575,-1
419,028304,-1
419,000752,-1
419,159634,1
419,177604,1
419,238118,-1
419,033931,-1
419,259688,1
419,161840,-1
419,041521,-1
419,280395,-1
419,070655,-1
419,145286,1
419,148229,-1
419,118967,1
419,122828,-1
419,111510,1
419,231117,1
419,229909,1
419,100415,1
419,097801,1
419,078797,-1
419,062578,-1
419,055155,-1
419,087313,-1
419,027344,1
419,242420,-1
419,144221,0
419,124611,1
419,118498,0
419,054578,-1
419,117131,0
419,120747,1
419,126306,1
419,098876,0
419,146568,-1
419,078872,1
419,231130,-1
419,159576,1
419,159472,1
419,119340,1
419,159474,0
419,243518,1
419,200805,-1
419,032178,1
419,118698,1
419,119309,1
419,056436,-1
419,119343,0
419,011830,1
419,000789,1
419,042331,-1
419,147205,-1
419,120277,-1
419,146774,1
419,012438,0
419,243604,1
419,120716,1
419,007144,1
419,005383,1
419,119914,1
419,012694,1
419,254571,1
419,118483,-1
419,159869,1
419,159860,1
419,159911,-1
419,087311,-1
419,000283,-1
419,120181,1
419,243562,1
419,122713,-1
419,254565,1
419,071702,-1
419,002548,1
419,225166,1
419,002568,1
419,225169,1
419,224948,1
419,224908,1
419,224907,1
419,010426,-1
419,223254,1
419,226144,-1
419,145678,1
419,229910,-1
419,179849,1
419,224870,-1
419,017854,-1
419,003738,1
419,079681,1
419,079438,-1
419,198958,1
419,119491,1
419,006577,-1
419,120881,1
419,120636,1
419,007348,1
419,006893,1
419,007032,1
419,120526,1
419,004433,0
419,007980,0
419,252893,1
419,236867,1
419,199249,0
419,198953,-1
419,011091,0
419,031760,1
419,038504,1
419,037997,0
419,018520,1
419,164948,0
419,018081,1
419,067134,-1
419,186041,1
419,288765,1
419,288783,1
419,144707,-1
419,163579,-1
419,145947,1
419,145954,0
419,166032,-1
419,135206,1
419,149800,-1
419,003044,-1
419,017818,1
419,152763,1
419,223427,1
419,223426,1
419,152754,1
419,018513,0
419,010235,-1
419,004982,0
419,159914,-1
419,286664,-1
419,180027,1
419,120160,-1
419,187592,-1
419,216273,-1
419,121000,-1
419,093450,-1
419,134894,1
419,116015,-1
419,268792,-1
419,121384,0
419,231118,-1
419,167414,1
419,166552,0
419,088442,1
419,088436,1
419,088369,1
419,088424,1
419,088225,1
419,134459,-1
419,126300,1
419,011330,-1
419,223267,1
419,184540,-1
419,258985,0
419,011718,-1
419,009008,-1
419,009683,-1
419,146509,1
419,008471,-1
419,058455,-1
419,009505,-1
419,231149,0
419,125745,-1
419,110932,1
419,111233,0
419,152222,1
419,152221,1
419,102851,0
419,155941,-1
419,009903,1
419,074791,-1
419,170249,-1
419,100609,1
419,122246,1
419,100852,1
419,007341,1
419,120876,1
419,147955,-1
419,286330,1
419,034651,1
419,037432,1
419,063579,-1
419,004370,1
419,122570,-1
419,123036,1
419,125969,0
419,230393,-1
419,147146,1
419,038535,-1
419,155594,-1
419,145765,1
419,016375,1
419,145837,-1
419,097380,1
419,125183,-1
419,124580,-1
419,097420,0
419,199911,-1
419,186795,-1
419,004859,1
419,087182,-1
419,140722,0
419,087811,-1
419,119150,1
419,119149,0
419,129658,0
419,230010,-1
419,126170,1
419,088688,1
419,125988,-1
419,088677,-1
419,254627,-1
419,086186,1
419,086248,1
419,086222,1
419,086161,1
419,085976,1
419,085898,1
419,034781,1
419,120872,1
419,007337,1
419,037156,-1
419,259168,0
419,034810,1
419,165583,0
419,125042,-1
419,148072,-1
419,230912,1
419,230921,1
419,156268,-1
419,199964,1
419,151494,1
419,288039,1
419,056058,1
419,056144,1
419,058521,-1
419,101736,-1
419,121997,-1
419,015225,0
419,163215,-1
419,180034,-1
419,243979,0
419,045241,-1
419,025092,1
419,019575,-1
419,175627,0
419,243133,-1
419,145832,-1
419,116858,-1
419,043517,-1
419,059042,-1
419,120444,1
419,007512,-1
419,130114,1
419,149740,-1
419,147126,-1
419,194194,-1
419,137525,-1
419,128755,0
419,121529,-1
419,119013,1
419,144625,0
419,119008,1
419,000411,1
419,264478,1
419,089745,-1
419,151366,1
419,139295,-1
419,260304,0
419,254653,-1
419,240079,-1
419,170607,1
419,164124,1
419,164127,1
419,162355,1
419,127626,-1
419,282649,-1
419,040166,-1
419,028627,-1
419,142562,1
419,143369,-1
419,033206,-1
419,195305,-1
419,238615,1
419,119019,1
419,239387,1
419,125519,0
419,234754,-1
419,122094,-1
419,109032,1
419,264813,-1
419,101156,-1
419,054426,1
419,026533,-1
419,230140,-1
419,144045,-1
419,012734,-1
419,146999,-1
419,128927,1
419,018264,1
419,015166,1
419,240809,0
419,005832,1
419,120453,1
419,164145,-1
419,000065,1
419,014738,0
419,164144,-1
419,126365,1
419,126348,1
419,160339,-1
419,119133,1
419,004858,1
419,119148,1
419,120525,1
419,120880,0
419,123711,1
419,123801,1
419,122341,-1
419,010428,-1
419,004473,-1
419,004750,-1
419,151864,1
419,288701,-1
419,135200,1
419,220313,1
419,194680,1
419,289370,-1
419,002755,1
419,002593,1
419,002600,1
419,259724,1
419,264395,-1
419,155959,1
419,209147,-1
419,156004,1
419,155967,1
419,156476,-1
419,259723,1
419,100059,1
419,221728,-1
419,120831,-1
419,011472,-1
419,152880,1
419,017997,1
419,142954,-1
419,256212,-1
419,152168,-1
419,125072,1
419,134664,1
419,121972,-1
419,144043,1
419,156275,-1
419,051805,1
419,042213,1
419,065684,1
419,041866,0
419,009049,1
419,147153,1
419,157935,-1
419,144500,-1
419,012094,-1
419,251044,1
419,251045,1
419,249592,1
419,018318,-1
419,143044,-1
419,158375,-1
419,249502,1
419,151981,-1
419,282095,-1
419,198961,-1
419,097488,0
419,097001,-1
419,032782,-1
419,128756,0
419,133483,-1
419,111315,0
419,018803,1
419,237191,-1
419,069678,0
419,133025,-1
419,122224,-1
419,090513,-1
419,125426,1
419,015307,1
419,111100,-1
419,254628,-1
419,135556,0
419,127411,-1
419,115176,-1
419,124743,1
419,026133,1
419,083864,-1
419,007342,0
419,000843,0
419,163384,0
419,134106,1
419,037944,1
419,011269,1
419,042413,-1
419,028779,-1
419,051485,1
419,160869,-1
419,077923,0
419,134704,-1
419,243981,0
419,144729,-1
419,009578,-1
419,122979,1
419,288192,-1
419,088557,0
419,055534,-1
419,131027,-1
419,007031,1
419,120635,1
419,006892,0
419,005572,-1
419,064811,1
419,236063,-1
419,085744,-1
419,125402,1
419,144652,0
419,015335,1
419,148011,-1
419,043052,-1
419,004447,-1
419,122471,-1
419,007347,0
419,125175,1
419,124995,1
419,124560,-1
419,168372,-1
419,123525,1
419,117130,0
419,118522,1
419,004385,1
419,098963,0
419,191533,-1
419,125092,-1
419,112884,1
419,120878,0
419,127595,-1
419,087303,-1
419,264459,-1
419,268813,-1
419,283717,-1
419,118346,-1
419,148563,1
419,150069,1
419,149949,1
419,150010,1
419,150086,1
419,016345,1
419,150048,1
419,148604,1
419,018735,1
419,150085,-1
419,286686,-1
419,032109,-1
419,184224,-1
419,117159,-1
419,124974,-1
419,163567,-1
419,127625,-1
419,129750,-1
419,103434,-1
419,000029,-1
419,131873,1
419,283752,-1
419,244183,1
419,008536,0
419,118392,1
419,124693,1
419,118398,1
419,009601,1
419,223478,1
419,223487,1
419,147019,-1
419,087539,0
419,128706,1
419,018603,1
419,081120,-1
419,058929,-1
419,060447,1
419,214331,-1
419,242843,0
419,190050,1
419,077576,-1
419,190039,1
419,116764,-1
419,125405,1
419,191654,1
419,130528,1
419,088117,-1
419,015332,1
419,042334,1
419,042208,1
419,042475,1
419,042460,1
419,042468,1
419,042492,1
419,041660,1
419,042558,0
419,042544,1
419,042530,1
419,042543,0
419,125716,0
419,032716,-1
419,182221,1
419,020374,-1
419,129067,-1
419,183274,1
419,145835,1
419,157344,-1
419,119394,-1
419,197538,1
419,221534,1
419,186176,-1
419,054367,1
419,255910,-1
419,157937,1
419,237143,-1
419,147070,1
419,221535,1
419,128793,0
419,018119,1
419,157994,1
419,157966,1
419,051828,1
419,099428,1
419,052279,1
419,169430,1
419,017582,-1
419,159814,1
419,221132,-1
419,031751,-1
419,123635,1
419,123642,1
419,127178,1
419,115305,1
419,159754,1
419,146565,-1
419,123641,1
419,133484,-1
419,178442,1
419,178175,1
419,125427,1
419,125414,1
419,128610,1
419,129030,1
419,175520,1
419,086361,1
419,227250,0
419,086303,1
419,112845,1
419,110135,-1
419,186859,-1
419,122081,-1
419,113360,1
419,036973,-1
419,175297,0
419,264602,1
419,264600,1
419,264476,1
419,124979,1
419,148795,1
419,124975,0
419,286936,1
419,286954,1
419,285788,-1
419,197183,-1
419,148136,1
419,000713,0
419,282071,-1
419,275430,-1
419,169507,-1
419,166913,1
419,133572,-1
419,260184,0
419,143085,-1
419,028632,0
419,098859,0
419,173379,0
419,155664,-1
419,149339,-1
419,242712,-1
419,289277,-1
419,163761,-1
419,111541,0
419,222713,1
419,118675,-1
419,264155,-1
419,200783,-1
419,061839,-1
419,005590,1
419,120183,1
419,220747,1
419,065690,0
419,147094,-1
419,118612,1
419,004432,1
419,125184,-1
419,131859,-1
419,010385,1
419,120877,0
419,124045,1
419,127204,1
419,127188,1
419,039827,-1
419,119339,1
419,124746,-1
419,088558,0
419,118980,-1
419,287312,-1
419,066968,1
419,066958,1
419,066960,1
419,123146,1
419,072347,0
419,125523,1
419,238679,1
419,112830,1
419,126005,0
419,155794,0
419,086362,1
419,007005,1
419,075977,-1
419,223941,-1
419,051806,1
419,081670,-1
419,122710,-1
419,145619,0
419,132460,-1
419,015404,1
419,125335,1
419,125699,-1
419,260412,1
419,237539,-1
419,077917,0
419,125522,1
419,244017,0
419,120043,1
419,142556,1
419,009586,-1
419,051444,1
419,130117,1
419,045667,-1
419,035231,-1
419,119376,0
419,161816,-1
419,157434,-1
419,162684,-1
419,035286,-1
419,036026,-1
419,034171,1
419,034264,1
419,115814,-1
419,000611,1
419,007145,0
419,111191,0
419,147375,-1
419,090384,-1
419,137927,-1
419,130186,-1
419,144627,0
419,195940,1
419,131586,-1
419,151072,-1
419,168451,-1
419,234560,-1
419,027300,-1
419,115163,1
419,116614,0
419,230245,1
419,120874,1
419,007339,1
419,242263,-1
419,285799,-1
419,057891,1
419,143924,-1
419,201299,1
419,174450,1
419,174487,0
419,058097,1
419,278787,-1
419,037860,1
419,037821,1
419,037906,1
419,037888,1
419,037815,1
419,038925,1
419,037802,1
419,037801,1
419,037928,0
419,082317,-1
419,039142,-1
419,146691,1
419,087314,-1
419,034581,1
419,017205,-1
419,143139,-1
419,182666,1
419,163417,0
419,026464,0
419,022177,-1
419,153645,1
419,024094,1
419,179339,-1
419,196958,1
419,031274,-1
419,155928,1
419,121233,1
419,007817,1
419,156008,1
419,158314,-1
419,155953,-1
419,007792,1
419,183045,1
419,190112,1
419,190064,1
419,147048,1
419,175615,0
419,125492,-1
419,279104,-1
419,075373,-1
419,146781,-1
419,265833,1
419,129172,-1
419,102631,-1
419,186497,-1
419,144356,-1
419,264194,1
419,159353,1
419,123150,1
419,105520,0
419,024792,-1
419,065948,-1
419,155795,1
419,194469,-1
419,012281,1
419,034641,1
419,157403,-1
419,012468,1
419,244997,0
419,260381,1
419,117058,0
419,126811,1
419,260444,1
419,137534,-1
419,182700,-1
419,145227,-1
419,285303,0
419,120744,1
419,007178,1
419,028720,-1
419,230204,1
419,144645,0
419,194012,1
419,073173,0
419,195537,1
419,266627,-1
419,197368,1
419,150009,-1
419,015158,0
419,124226,-1
419,127398,-1
419,190113,1
419,012521,0
419,025954,-1
419,237915,1
419,237901,1
419,155764,-1
419,064178,-1
419,086549,0
419,168395,0
419,058008,0
419,130509,1
419,130504,1
419,155502,-1
419,127686,-1
419,056435,-1
419,037363,-1
419,090763,-1
419,002992,1
419,000524,-1
419,004966,1
419,119329,1
419,145241,-1
419,244210,1
419,027362,1
419,221082,-1
419,138988,-1
419,244220,1
419,102809,-1
419,028134,-1
419,170196,-1
419,135675,-1
419,011501,1
419,130967,-1
419,002306,1
419,070302,1
419,103475,1
419,070265,1
419,103438,1
419,103351,1
419,070178,1
419,119385,0
419,080015,0
419,130627,1
419,012160,0
419,015388,1
419,125403,1
419,122101,-1
419,133976,-1
419,222433,1
419,199151,-1
419,086118,-1
419,044302,-1
419,141336,-1
419,125535,-1
419,095742,1
419,095852,1
419,095886,1
419,095738,1
419,147216,-1
419,102805,-1
419,095617,1
419,119024,1
419,004752,1
419,113355,-1
419,176839,1
419,145646,1
419,000575,1
419,010175,-1
419,039132,-1
419,066803,-1
419,176837,1
419,161522,1
419,148079,1
419,159863,1
419,224647,-1
419,111192,0
419,080454,-1
419,163563,-1
419,127688,-1
419,012178,-1
419,238553,-1
419,025874,-1
419,086675,1
419,086337,1
419,075894,0
419,162170,1
419,069636,-1
419,194205,-1
419,198955,1
419,163382,-1
419,147558,-1
419,230978,-1
419,130820,0
419,129659,1
419,017218,1
419,014723,-1
419,028651,0
419,227561,1
419,115922,-1
419,011867,-1
419,069632,-1
419,010714,1
419,000115,-1
419,231842,-1
419,230446,1
419,230435,-1
419,127687,-1
419,125383,-1
419,006338,1
419,225815,1
419,147213,-1
419,213400,-1
419,221435,-1
419,185853,1
419,155929,-1
419,241414,-1
419,144037,-1
419,289915,1
419,184793,1
419,149189,-1
419,040307,-1
419,230413,-1
419,035232,-1
419,200791,-1
419,059324,1
419,051848,-1
419,059319,1
419,051901,-1
419,051824,1
419,051815,-1
419,086588,0
419,051329,-1
419,016433,1
419,146135,-1
419,051908,1
419,109556,-1
419,145475,-1
419,088687,-1
419,140116,1
419,013133,0
419,176117,-1
419,260823,1
419,128370,1
419,262417,-1
419,095645,1
419,032938,1
419,062097,0
419,200802,-1
419,197681,-1
419,009009,-1
419,005011,0
419,237916,1
419,170166,-1
419,157562,1
419,125532,1
419,263217,-1
419,194019,1
419,015612,1
419,170241,-1
419,029491,1
419,237907,1
419,169886,0
419,051762,-1
419,184689,1
419,111183,0
419,109740,1
419,149657,1
419,109774,1
419,059950,-1
419,000910,1
419,222305,-1
419,035994,-1
419,010667,-1
419,240938,1
419,222140,-1
419,140894,0
419,108555,-1
419,099525,1
419,126361,-1
419,125430,1
419,015305,1
419,125429,1
419,045660,-1
419,096659,0
419,077940,1
419,008645,-1
419,194282,-1
419,037735,-1
419,122295,1
419,060443,1
419,009072,1
419,121579,1
419,069458,-1
419,197367,-1
419,143137,-1
419,120051,0
419,143084,-1
419,011916,0
419,119833,-1
419,137865,1
419,137798,1
419,239386,0
419,144800,1
419,144780,1
419,144374,0
419,147208,-1
419,144816,-1
419,201746,-1
419,000873,1
419,019585,-1
419,124501,-1
419,257558,1
419,197334,1
419,035243,-1
419,086672,1
419,015577,1
419,149750,1
419,012299,1
419,140066,1
419,140067,1
419,008705,1
419,285608,-1
419,176119,1
419,062199,1
419,139303,-1
419,015356,-1
419,000134,-1
419,127093,1
419,086147,-1
419,046919,-1
419,118974,-1
419,225302,-1
419,094121,-1
419,121340,1
419,128246,1
419,000010,1
419,262416,-1
419,025912,-1
419,175646,0
419,260198,1
419,258283,1
419,264465,1
419,203165,-1
419,122473,-1
419,183055,1
419,121339,1
419,183056,1
419,032110,1
419,222145,-1
419,241703,-1
419,077678,-1
419,085925,-1
419,080813,1
419,137918,-1
419,016221,-1
419,004270,1
419,118407,1
419,118393,1
419,209547,-1
419,015463,-1
419,120830,1
419,121314,1
419,127312,1
419,177845,1
419,128477,-1
419,182247,1
419,005092,1
419,133701,-1
419,130560,-1
419,111918,-1
419,175334,1
419,160870,-1
419,005479,1
419,004696,1
419,162689,-1
419,130828,1
419,142488,1
419,010452,1
419,121317,1
419,018496,-1
419,135127,-1
419,186146,-1
419,217804,-1
419,176844,-1
419,012102,1
419,122895,1
419,017912,1
419,151407,1
419,124237,0
419,241646,-1
419,121150,1
419,179101,1
419,146475,-1
419,278405,-1
419,061227,0
419,096423,-1
419,182472,-1
419,122215,1
419,009838,1
419,266624,-1
419,147607,1
419,145846,-1
419,120447,-1
419,125281,1
419,015468,1
419,125279,1
419,125280,1
419,225856,1
419,147013,1
419,146990,1
419,146976,1
419,146890,1
419,146975,1
419,148008,-1
419,146889,-1
419,168029,0
419,271635,-1
419,122724,-1
419,124477,-1
419,142881,-1
419,148983,-1
419,227120,1
419,125230,-1
419,031664,1
419,110638,1
419,121396,1
419,007990,1
419,121383,1
419,111932,0
419,026754,1
419,001036,1
419,120934,1
419,001184,1
419,286744,1
419,070261,-1
419,167740,0
419,146899,-1
419,120443,1
419,124749,-1
419,051596,-1
419,011289,-1
419,125752,-1
419,125887,1
419,095631,1
419,112148,1
419,077233,1
419,104875,-1
419,125579,0
419,126659,1
419,027162,-1
419,259971,1
419,080017,0
419,258849,-1
419,167213,0
419,121674,-1
419,101238,0
419,106086,0
419,129691,-1
419,121527,-1
419,183053,1
419,147362,-1
419,118964,-1
419,034570,-1
419,082703,-1
419,271956,1
419,124244,0
419,146161,-1
419,177251,-1
419,231082,1
419,053146,-1
419,257555,1
419,231123,1
419,011709,1
419,155689,1
419,108800,-1
419,000113,0
419,150020,1
419,168540,-1
419,222988,1
419,019581,-1
419,227248,-1
419,255874,-1
419,273061,1
419,159858,-1
419,146697,1
419,202022,-1
419,264182,-1
419,127981,-1
419,110927,1
419,272662,-1
419,179449,-1
419,025957,1
419,011768,1
419,017413,-1
419,141695,-1
419,146196,-1
419,168484,0
419,192636,1
419,095190,-1
419,163861,-1
419,012169,-1
419,222106,1
419,222652,1
419,155788,1
419,071969,0
419,139274,-1
419,007434,1
419,120947,1
419,155826,1
419,011491,-1
419,153013,1
419,155834,1
419,177155,1
419,109462,1
419,014229,-1
419,048140,-1
419,182989,1
419,003447,-1
419,005299,1
419,119792,1
419,128070,-1
419,121122,-1
419,136536,0
419,277817,-1
419,285294,0
419,015672,-1
419,000404,-1
419,193345,1
419,145231,-1
419,191172,1
419,012656,1
419,124740,1
419,076820,-1
419,124980,-1
419,180472,1
419,180478,1
419,180683,1
419,180487,1
419,180843,1
419,180841,1
419,180888,1
419,180678,1
419,017378,-1
419,264482,1
419,257570,1
419,200724,-1
419,089884,-1
419,146874,1
419,125187,1
419,079472,1
419,182121,1
419,125669,1
419,015056,1
419,125896,1
419,125975,0
419,129529,-1
419,060036,-1
419,121095,0
419,120680,1
419,007087,0
419,120717,0
419,255483,1
419,177843,1
419,076007,-1
419,082583,1
419,082582,0
419,179105,1
419,106864,0
419,170806,-1
419,125255,1
419,015500,1
419,062059,1
419,009242,1
419,121718,1
419,121115,1
419,007661,1
419,009204,1
419,200270,-1
419,016613,1
419,130546,-1
419,122052,1
419,005829,-1
419,078902,-1
419,174501,0
419,195541,1
419,258005,1
419,200799,1
419,024532,-1
419,124403,1
419,124478,0
419,032616,-1
419,200804,1
419,139575,-1
419,120257,0
419,124485,1
419,125375,-1
419,012377,-1
419,058742,-1
419,230447,1
419,203159,-1
419,202021,-1
419,227560,1
419,175259,1
419,262969,1
419,221434,-1
419,108321,-1
419,185794,-1
419,073691,0
419,260153,-1
419,221996,-1
419,241298,1
419,222556,-1
419,132588,-1
419,143409,1
419,006807,1
419,116987,-1
419,131025,-1
419,278572,-1
419,140155,-1
419,276457,1
419,037088,1
419,263999,0
419,011346,1
419,077942,1
419,078830,1
419,084156,-1
419,055254,1
419,271954,1
419,172894,1
419,124765,-1
419,230645,-1
419,088980,-1
419,182137,1
419,120535,-1
419,176654,1
419,060289,-1
419,157814,-1
419,127975,-1
419,123890,-1
419,014657,-1
419,122485,-1
419,108402,1
419,203148,-1
419,014904,1
419,125821,1
419,242244,-1
419,108448,1
419,006083,1
419,107121,0
419,118397,1
419,162713,-1
419,265558,1
419,063683,-1
419,278408,-1
419,266816,-1
419,262808,1
419,262796,1
419,090719,-1
419,067123,1
419,030203,-1
419,147970,-1
419,257817,1
419,127656,1
419,037798,-1
419,169029,0
419,090231,0
419,164068,-1
419,266622,-1
419,062333,1
419,062354,-1
419,225381,-1
419,144327,0
419,011701,1
419,058120,1
419,146775,-1
419,034643,-1
419,177608,-1
419,262807,1
419,022399,-1
419,087526,-1
419,227441,1
419,285313,0
419,109082,-1
419,060619,-1
419,148818,0
419,036217,1
419,126198,-1
419,108122,-1
419,072913,0
419,110024,1
419,161549,1
419,161546,1
419,157279,1
419,157280,1
419,059037,-1
419,145611,-1
419,132726,-1
419,010313,-1
419,017753,1
419,132746,1
419,132732,1
419,010629,-1
419,142890,-1
419,125413,1
419,015319,1
419,263152,-1
419,164027,1
419,198485,1
419,004339,-1
419,195934,1
419,234489,-1
419,005833,-1
419,205346,-1
419,194236,1
419,193466,1
419,018221,-1
419,153468,-1
419,098964,-1
419,039077,1
419,037996,-1
419,015575,-1
419,116988,-1
419,134446,-1
419,065638,1
419,197382,-1
419,118469,-1
419,007405,-1
419,143432,-1
419,244969,0
419,014785,1
419,125944,1
419,120445,-1
419,163321,-1
419,287253,1
419,018621,-1
419,169936,0
419,032125,1
419,103828,-1
419,127053,1
419,037797,-1
419,196735,-1
419,036352,1
419,061143,-1
419,009780,1
419,122175,1
419,123496,1
419,123493,1
419,222927,-1
419,121575,1
419,220361,-1
419,015465,1
419,125282,1
419,107381,0
419,259964,1
419,242872,1
419,178185,-1
419,119027,-1
419,031677,0
419,005650,0
419,199928,1
419,142892,-1
419,133198,-1
419,124060,-1
419,231308,-1
419,182867,1
419,128696,-1
419,077954,1
419,227893,1
419,063109,-1
419,135391,-1
419,231741,-1
419,228150,-1
419,064020,-1
419,162682,-1
419,011293,-1
419,111665,1
419,123262,1
419,005415,1
419,119972,1
419,119971,1
419,052276,1
419,128841,-1
419,050465,-1
419,078764,-1
419,123282,1
419,125611,1
419,015128,1
419,273065,-1
419,123242,1
419,124245,1
419,026544,0
419,144542,-1
419,123264,1
419,024845,-1
419,120865,1
419,151266,-1
419,015245,-1
419,209146,-1
419,112106,-1
419,110859,0
419,102014,-1
419,009197,-1
419,014966,-1
419,162690,-1
419,007224,1
419,011941,1
419,013131,-1
419,234662,-1
419,093860,-1
419,268069,-1
419,005017,0
419,002015,1
419,279094,-1
419,024041,-1
419,125074,-1
419,228422,1
419,203163,-1
419,147851,-1
419,069680,0
419,071677,-1
419,060297,-1
419,106602,0
419,175676,0
419,012284,-1
419,170190,0
419,230415,-1
419,140168,-1
419,168987,0
419,139601,-1
419,115487,-1
419,077957,1
419,140914,0
419,101820,-1
419,006404,-1
419,288037,1
419,016434,-1
419,148001,-1
419,118395,1
419,227155,-1
419,110858,0
419,077479,-1
419,036798,1
419,031515,-1
419,128017,1
419,074551,-1
419,124774,1
419,089654,1
419,109186,1
419,275784,-1
419,045148,-1
419,151336,-1
419,109167,1
419,153584,-1
419,071049,-1
419,019558,-1
419,095640,-1
419,017889,-1
419,156280,-1
419,077934,1
419,084170,-1
419,073429,0
419,001429,1
419,007678,-1
419,146582,-1
419,287741,-1
419,018071,-1
419,097016,1
419,175635,1
419,118978,-1
419,250362,-1
419,108793,1
419,012148,0
419,240821,0
419,185807,1
419,176165,1
419,086550,0
419,260122,-1
419,077914,1
419,095285,0
419,152938,0
419,269873,-1
419,137428,-1
419,007703,-1
419,231151,0
419,128496,-1
419,105823,0
419,241495,-1
419,006926,-1
419,278647,-1
419,109132,1
419,061963,-1
419,149927,1
419,010712,-1
419,144341,0
419,053615,-1
419,061276,-1
419,062185,0
419,100361,-1
419,122630,-1
419,221167,0
419,260744,-1
419,176176,-1
419,004349,-1
419,089044,-1
419,100716,-1
419,007289,-1
419,120470,-1
419,285287,1
419,164241,-1
419,164023,1
419,124250,0
419,000578,1
419,081667,1
419,191680,-1
419,198745,-1
419,034587,0
419,015111,-1
419,111026,0
419,076059,1
419,130046,1
419,078283,-1
419,140890,0
419,098388,1
419,121998,-1
419,120452,1
419,005831,1
419,120442,1
419,060945,1
419,081188,1
419,128489,-1
419,169449,-1
419,120441,1
419,115142,1
419,020983,-1
419,148222,-1
419,099571,-1
419,139104,-1
419,122475,-1
419,167222,0
419,132226,1
419,186790,1
419,186800,0
419,116621,0
419,117171,1
419,121133,-1
419,109920,-1
419,062329,-1
419,175679,0
419,076009,1
419,102699,0
419,122995,-1
419,009048,-1
419,140189,-1
419,125487,1
419,132406,-1
419,102853,0
419,126845,-1
419,079135,-1
419,124655,-1
419,170191,0
419,125297,1
419,284488,-1
419,183280,-1
419,128247,-1
419,081113,-1
419,184390,-1
419,006102,1
419,067142,1
419,125976,0
419,055728,-1
419,076038,-1
419,064787,-1
419,133745,-1
419,124252,0
419,141287,0
419,189373,1
419,170176,0
419,034543,1
419,034262,-1
419,272831,-1
419,155314,1
419,128469,1
419,080605,-1
419,271953,1
419,187714,-1
419,265436,1
419,027047,-1
419,063674,-1
419,096605,1
419,101415,-1
419,167221,0
419,121262,-1
419,152936,1
419,145971,-1
419,017892,-1
419,234049,-1
419,285609,-1
419,106346,0
419,044443,-1
419,126874,-1
419,009890,-1
419,007452,-1
419,011814,-1
419,244982,0
419,132210,1
419,133799,1
419,074752,-1
419,022409,-1
419,113106,-1
419,132116,1
419,015269,1
419,125469,1
419,174155,-1
419,037138,-1
419,098430,-1
419,015229,-1
419,062099,1
419,221718,-1
419,163634,-1
419,118932,0
419,105142,0
419,009603,-1
419,100914,-1
419,156776,-1
419,145617,-1
419,262359,-1
419,078837,-1
419,190573,-1
419,104850,-1
419,003009,-1
419,010179,-1
419,261719,-1
419,265487,-1
419,119544,1
419,254232,-1
419,125099,-1
419,045264,-1
419,142414,-1
419,236057,-1
419,095736,-1
419,014824,1
419,125892,1
419,121044,-1
419,127189,1
419,122487,-1
419,147012,1
419,146870,-1
419,017188,1
419,275859,-1
419,124126,-1
419,143375,-1
419,034631,-1
419,010218,1
419,124745,1
419,115609,-1
419,205341,-1
419,060633,-1
419,009459,-1
419,064004,1
419,146743,-1
419,004755,-1
419,125920,1
419,015264,1
419,125472,1
419,111196,-1
419,174543,0
419,170104,0
419,078849,1
419,223163,-1
419,128703,-1
419,072650,0
419,108594,-1
419,103517,1
419,070344,1
419,104222,-1
419,000582,1
419,111273,-1
419,176031,0
419,140152,-1
419,114887,-1
419,013075,-1
419,000420,1
419,195133,1
419,008861,-1
419,151297,-1
419,150143,1
419,036470,1
419,141911,-1
419,027685,0
419,163566,1
419,238722,-1
419,124251,0
419,126612,1
419,158077,1
419,099592,-1
419,087763,-1
419,090264,-1
419,134240,1
419,148632,0
419,167652,0
419,186157,-1
419,028499,-1
419,012104,-1
419,118899,1
419,212153,-1
419,112934,-1
419,016632,-1
419,037796,-1
419,175217,1
419,175355,1
419,144079,-1
419,132802,1
419,113123,-1
419,164794,-1
419,157980,1
419,088302,1
419,133698,1
419,156477,-1
419,120561,-1
419,108665,-1
419,285362,-1
419,135511,-1
419,147502,-1
419,148709,-1
419,119626,1
419,102857,0
419,164139,-1
419,118839,1
419,004634,1
419,039414,-1
419,278406,1
419,095466,-1
419,032717,-1
419,146208,0
419,006268,-1
419,063882,-1
419,004020,-1
419,069526,0
419,089635,-1
419,000675,1
419,122725,-1
419,161499,1
419,161498,1
419,030017,-1
419,140892,0
419,035156,-1
419,011627,-1
419,147616,-1
419,129616,-1
419,017449,-1
419,096436,-1
419,149598,-1
419,119391,0
419,150914,-1
419,052043,1
419,289443,-1
419,007285,-1
419,060372,-1
419,069684,0
419,000976,-1
419,122876,0
419,074208,0
419,140898,0
419,130110,0
419,125285,-1
419,017531,1
419,031607,-1
419,046042,1
419,170202,0
419,110061,-1
419,159937,1
419,007854,-1
419,097793,-1
419,158777,-1
419,196096,-1
419,072211,-1
419,135132,-1
419,277701,-1
419,111946,-1
419,108286,1
419,097208,1
419,077333,-1
419,260173,0
419,032115,1
419,064361,1
419,038132,-1
419,164793,1
419,120695,1
419,120811,1
419,007266,1
419,120676,1
419,007080,1
419,005826,-1
419,120439,-1
419,007132,1
419,120712,1
419,114683,-1
419,152926,-1
419,115001,1
419,114994,1
419,118898,1
419,253308,-1
419,128808,0
419,283750,-1
419,018120,1
419,129031,1
419,287373,-1
419,113086,-1
419,062878,-1
419,018095,-1
419,278646,-1
419,178750,-1
419,140136,-1
419,007079,-1
419,000306,-1
419,121885,1
419,121887,-1
419,129409,-1
419,150901,-1
419,122619,-1
419,290059,1
419,078862,-1
419,032127,1
419,064110,-1
419,140542,-1
419,225387,-1
419,132014,-1
419,130353,-1
419,030002,1
419,073948,0
419,179316,-1
419,135359,-1
419,129108,-1
419,058291,-1
419,151404,1
419,086898,-1
419,134193,-1
419,011446,-1
419,149167,-1
419,007896,-1
419,170875,-1
419,118468,-1
419,131033,-1
419,170203,0
419,126915,-1
419,016379,-1
419,286741,1
419,012536,-1
419,163553,-1
419,221126,-1
419,163288,1
419,131300,-1
419,262388,-1
419,109108,1
419,137205,1
419,119548,0
419,082118,1
419,078806,1
419,082585,1
419,146834,0
419,285207,1
419,097092,1
419,213980,-1
419,285376,-1
419,070071,1
419,103244,1
419,010283,-1
419,004617,1
419,118818,1
419,215258,-1
419,126313,-1
419,150096,1
419,275796,-1
419,036232,-1
419,276058,-1
419,111767,-1
419,096417,1
419,084931,1
419,071687,-1
419,016649,-1
419,125254,-1
419,009431,-1
419,161933,-1
419,081437,1
419,265395,1
419,104860,-1
419,226015,1
419,226009,1
419,121273,-1
419,283749,-1
419,145706,-1
419,170726,-1
419,077257,1
419,216084,-1
419,178600,-1
419,062150,1
419,095660,-1
419,062221,0
419,069674,0
419,147000,-1
419,125567,-1
419,011978,0
419,221715,-1
419,278587,-1
419,078787,-1
419,226177,-1
419,152284,-1
419,116243,-1
419,146992,-1
419,150941,-1
419,015210,-1
419,111266,-1
419,122072,-1
419,119396,0
419,254238,-1
419,100062,-1
419,005015,-1
419,059466,1
419,105384,-1
419,167796,1
419,064984,-1
419,124079,-1
419,011340,-1
419,125457,-1
419,015331,-1
419,155675,-1
419,104215,-1
419,176635,-1
419,122611,-1
419,018502,1
419,051987,0
419,060395,-1
419,119649,1
419,238789,-1
419,146989,1
419,227676,-1
419,028450,-1
419,146154,-1
419,100064,-1
419,051949,1
419,285839,-1
419,028011,0
419,064795,-1
419,205349,-1
419,102855,0
419,009783,1
419,110815,0
419,114756,-1
419,139939,-1
419,005135,0
419,022410,1
419,223864,-1
419,149656,-1
419,134243,-1
419,239224,-1
419,000949,-1
419,065180,1
419,065161,1
419,004482,-1
419,046043,1
419,064833,0
419,144362,-1
419,265415,1
419,015178,-1
419,156349,-1
419,135559,0
419,000426,-1
419,065084,-1
419,042477,-1
419,108253,1
419,115167,-1
419,118792,-1
419,268951,-1
419,124378,1
419,011556,-1
419,126201,-1
419,155682,-1
419,037732,-1
419,040325,1
419,059120,-1
419,131217,-1
419,109942,-1
419,126881,1
419,007474,-1
419,121322,-1
419,085528,1
419,085485,1
419,085484,1
419,085615,1
419,085598,1
419,085781,-1
419,085745,1
419,085861,1
419,085824,1
419,143456,1
419,069682,0
419,065194,-1
419,004594,-1
419,088868,-1
419,197427,-1
419,040146,-1
419,051646,-1
419,144073,-1
419,017547,-1
419,124182,1
419,124034,1
419,290082,-1
419,046441,0
419,074529,-1
419,145246,1
419,062279,-1
419,142765,1
419,143038,-1
419,126488,-1
419,066226,-1
419,145223,1
419,182476,-1
419,034562,1
419,232324,-1
419,116654,1
419,116474,1
419,116328,0
419,085872,-1
419,116302,1
419,116329,0
419,070164,1
419,103337,1
419,212148,-1
419,060896,1
419,060940,1
419,024025,-1
419,241155,1
419,140913,0
419,022416,-1
419,010568,-1
419,115762,-1
419,097565,-1
419,039158,-1
419,007165,-1
419,101148,-1
419,118686,-1
419,165111,-1
419,042361,-1
419,146159,-1
419,229503,-1
419,121900,1
419,120730,-1
419,254235,-1
419,102847,0
419,101808,-1
419,124867,-1
419,278048,1
419,221433,-1
419,257807,1
419,028009,-1
419,278128,1
419,176638,-1
419,139260,-1
419,160180,-1
419,224331,-1
419,009793,-1
419,099888,-1
419,145924,-1
419,006789,-1
419,058369,1
419,058387,1
419,058346,0
419,095674,-1
419,067908,1
419,129664,-1
419,059390,-1
419,279520,-1
419,119961,1
419,110621,-1
419,011751,-1
419,058472,1
419,012429,-1
419,146782,-1
419,258002,1
419,145439,-1
419,062195,0
419,168155,1
419,006487,1
419,052046,1
419,051988,1
419,176138,-1
419,050286,-1
419,027171,-1
419,170687,-1
419,098350,1
419,121999,-1
419,125994,0
419,082272,-1
419,226173,-1
419,131037,-1
419,004816,1
419,119095,1
419,125514,-1
419,020362,-1
419,000522,1
419,146821,-1
419,195927,-1
419,118650,-1
419,122143,1
419,009747,1
419,128685,-1
419,146974,-1
419,142251,1
419,012195,-1
419,009941,-1
419,038807,0
419,139019,-1
419,122186,-1
419,227917,-1
419,118601,-1
419,145756,-1
419,101911,1
419,082736,1
419,044530,-1
419,010826,-1
419,038896,-1
419,259347,-1
419,088477,1
419,088502,1
419,007076,-1
419,064695,1
419,064909,1
419,065078,1
419,116518,-1
419,065085,1
419,064915,1
419,254196,1
419,252410,1
419,018434,0
419,147106,-1
419,027688,-1
419,086572,-1
419,076680,-1
419,122032,-1
419,042665,-1
419,128239,-1
419,095663,-1
419,124891,-1
419,017146,-1
419,221830,-1
419,201409,-1
419,061264,-1
419,282093,1
419,282069,1
419,018819,-1
419,216634,-1
419,062227,0
419,271974,-1
419,111272,-1
419,121906,-1
419,007254,-1
419,102852,0
419,125002,1
419,006251,-1
419,120477,-1
419,011352,0
419,120674,-1
419,243760,-1
419,081640,-1
419,123646,-1
419,222828,-1
419,000076,1
419,008164,-1
419,118509,-1
419,060904,-1
419,008520,0
419,065044,-1
419,085751,-1
419,205137,-1
419,109221,1
419,253284,-1
419,276696,1
419,276053,-1
419,125028,-1
419,250310,-1
419,182670,1
419,258345,-1
419,116695,-1
419,238884,0
419,051648,-1
419,038570,-1
419,119542,0
419,155984,-1
419,118017,-1
419,065942,-1
419,180613,1
419,113277,-1
419,128494,-1
419,115044,-1
419,080476,-1
419,196197,-1
419,093680,-1
419,263168,-1
419,155830,1
419,187840,-1
419,288344,-1
419,109568,1
419,140891,0
419,062183,-1
419,216787,-1
419,158146,-1
419,099113,1
419,004377,-1
419,125907,1
419,097038,-1
419,129097,-1
419,102156,-1
419,018774,1
419,152111,1
419,152106,1
419,196441,-1
419,195647,-1
419,121896,1
419,121176,-1
419,063383,-1
419,011502,-1
419,130284,1
419,150343,-1
419,288546,-1
419,199507,-1
419,165672,-1
419,150191,-1
419,163385,1
419,285848,-1
419,215356,-1
419,257387,1
419,257445,1
419,258514,1
419,258491,-1
419,258516,-1
419,146312,-1
419,021975,-1
419,169304,-1
419,231124,-1
419,149187,-1
419,004633,-1
419,143507,1
419,060341,1
419,036992,-1
419,116657,1
419,121909,1
419,018033,-1
419,263436,-1
419,157578,-1
419,067675,1
419,089860,0
419,284339,-1
419,130523,1
419,058463,1
419,211815,-1
419,028065,0
419,081603,1
419,101665,-1
419,009731,-1
419,257444,1
419,146994,-1
419,009078,1
419,121586,1
419,244983,0
419,165129,1
419,079686,-1
419,061806,-1
419,126805,-1
419,266568,-1
419,088472,1
419,239082,-1
419,011695,-1
419,285360,-1
419,116171,-1
419,057925,-1
419,048427,-1
419,185795,-1
419,135621,-1
419,101285,-1
419,051933,-1
419,224327,-1
419,044290,-1
419,152934,0
419,168387,-1
419,140462,-1
419,244208,-1
419,166046,-1
419,090229,-1
419,096939,1
419,150383,-1
419,124103,-1
419,283891,-1
419,130274,-1
419,081233,-1
419,078765,-1
419,091265,1
419,109225,1
419,037160,-1
419,231129,0
419,025951,-1
419,157143,-1
419,108462,1
419,145348,-1
419,135679,-1
419,009584,-1
419,012028,-1
419,007558,-1
419,277287,1
419,109081,1
419,203972,-1
419,125901,1
419,031426,-1
419,125889,1
419,034501,-1
419,067434,-1
419,258285,-1
419,033840,-1
419,171672,1
419,168217,-1
419,004527,-1
419,009550,-1
419,278258,-1
419,187693,-1
419,144885,1
419,282068,0
419,102675,0
419,099593,-1
419,125061,-1
419,263150,-1
419,006260,-1
419,203085,-1
419,118929,-1
419,082068,-1
419,081169,1
419,087318,1
419,169408,0
419,051586,-1
419,023900,-1
419,150144,-1
419,069681,0
419,169305,-1
419,144756,-1
419,019554,-1
419,121049,-1
419,051847,-1
419,252948,-1
419,158322,-1
419,146752,-1
419,001030,0
419,287734,-1
419,146313,-1
419,132485,-1
419,085956,1
419,133706,1
419,102041,-1
419,223832,-1
419,045021,-1
419,016931,-1
419,195338,-1
419,125180,1
419,121917,-1
419,145444,-1
419,120159,-1
419,148808,0
419,086967,-1
419,226178,-1
419,285600,-1
419,021978,-1
419,009201,-1
419,069502,0
419,109914,-1
419,087316,0
419,142231,-1
419,244126,-1
419,084407,-1
419,009651,-1
419,137130,-1
419,015050,1
419,125674,1
419,158624,-1
419,160401,-1
419,195121,1
419,120438,-1
419,059672,0
419,168040,0
419,147963,-1
419,253277,-1
419,010149,-1
419,220801,1
419,220757,1
419,220756,1
419,151374,-1
419,220485,1
419,220434,1
419,065178,1
419,050198,-1
419,182698,1
419,229018,-1
419,001289,0
419,129517,-1
419,019642,-1
419,052277,-1
419,125500,-1
419,011939,0
419,288745,-1
419,146771,-1
419,241813,-1
419,256682,-1
419,155945,-1
419,150859,-1
419,136508,-1
419,129086,-1
419,144803,-1
419,012294,-1
419,258364,-1
419,223557,-1
419,285846,-1
419,009342,1
419,203943,-1
419,051873,-1
419,121812,1
419,126636,-1
419,085549,-1
419,113506,-1
419,289259,-1
419,121069,1
419,007585,1
419,006583,-1
419,122012,0
419,156301,-1
419,219949,-1
419,159844,-1
419,177410,-1
419,126977,-1
419,196749,-1
419,060533,-1
419,262129,0
419,031859,-1
419,028239,-1
419,230394,-1
419,169409,0
419,183932,-1
419,148985,-1
419,148800,-1
419,118836,1
419,127535,-1
419,137533,-1
419,088433,0
419,278517,-1
419,160827,-1
419,009004,-1
419,120804,-1
419,027865,-1
419,235639,1
419,235759,1
419,046532,-1
419,105412,-1
419,122872,0
419,136554,1
419,034478,-1
419,122026,-1
419,145249,-1
419,090298,-1
419,116174,-1
419,046107,1
419,194540,-1
419,191355,-1
419,067541,-1
419,109244,-1
419,118838,-1
419,153718,1
419,153691,1
419,130979,-1
419,222449,-1
419,004516,0
419,058416,1
419,128860,-1
419,282092,0
419,001035,-1
419,121523,-1
419,126755,-1
419,147107,-1
419,118795,-1
419,242222,-1
419,102854,0
419,176111,-1
419,015412,1
419,125326,1
419,100031,-1
419,109529,-1
419,097566,-1
419,012704,-1
419,196683,-1
419,009864,1
419,197296,1
419,142287,1
419,088359,-1
419,142166,1
419,132862,1
419,174156,-1
419,038636,1
419,118827,-1
419,072239,-1
419,039255,-1
419,205379,-1
419,023387,-1
419,118316,-1
419,157775,-1
419,189449,1
419,120871,-1
419,070395,-1
419,124402,-1
419,065037,-1
419,169314,-1
419,127301,-1
419,227885,1
419,118497,-1
419,038806,1
419,162683,-1
419,196660,1
419,086504,-1
419,169252,0
419,018017,-1
419,088584,-1
419,207511,-1
419,289859,-1
419,183079,-1
419,255873,-1
419,090636,-1
419,023592,0
419,163386,-1
419,004365,-1
419,203061,-1
419,211560,1
419,197455,-1
419,155303,-1
419,064718,-1
419,058740,1
419,140460,-1
419,079397,-1
419,227228,-1
419,205342,-1
419,127006,-1
419,130930,-1
419,086215,-1
419,123232,1
419,002004,1
419,052258,-1
419,199732,-1
419,196732,-1
419,289258,-1
419,168228,0
419,177064,-1
419,039256,-1
419,005571,-1
419,227659,-1
419,004216,-1
419,015452,-1
419,123875,-1
419,108493,-1
419,283430,-1
419,017131,-1
419,089628,1
419,005756,-1
419,284225,-1
419,040318,-1
419,243012,-1
419,077661,1
419,126875,-1
419,220078,1
419,079548,-1
419,263904,1
419,123939,-1
419,079471,-1
419,288746,-1
419,209295,-1
419,162275,-1
419,078909,-1
419,085720,-1
419,146077,-1
419,157643,-1
419,176156,-1
419,145469,-1
419,000260,-1
419,227334,-1
419,004556,-1
419,130403,-1
419,262856,1
419,084049,-1
419,168229,0
419,124287,1
419,063080,-1
419,215369,-1
419,181613,-1
419,031807,-1
419,079126,-1
419,050428,-1
419,146909,-1
419,222494,-1
419,122977,-1
419,018630,-1
419,025942,1
419,233990,-1
419,008509,0
419,152217,-1
419,143498,1
419,023104,-1
419,003008,-1
419,235859,-1
419,121387,-1
419,200385,-1
419,000863,1
419,119691,1
419,005236,1
419,254015,-1
419,203886,-1
419,195202,1
419,163142,-1
419,150932,-1
419,193445,-1
419,140129,-1
419,168214,-1
419,034679,1
419,253265,-1
419,001231,1
419,059437,1
419,139559,1
419,118668,-1
419,118611,-1
419,149706,1
419,122747,-1
419,195246,1
419,124767,1
419,124771,1
419,007336,-1
419,069843,-1
419,025712,-1
419,125635,-1
419,085778,-1
419,286218,-1
419,123724,1
419,011893,0
419,020981,-1
419,109224,1
419,124484,-1
419,023054,0
419,148278,-1
419,201399,-1
419,234710,-1
419,133239,-1
419,117630,-1
419,242725,-1
419,004625,-1
419,123935,-1
419,182478,-1
419,131312,-1
419,119390,0
419,151342,-1
419,006325,-1
419,170420,-1
419,262123,0
419,063868,-1
419,064095,-1
419,027545,1
419,071042,-1
419,050794,0
419,124036,1
419,124046,-1
419,089657,-1
419,087168,-1
419,064553,1
419,158899,-1
419,111729,-1
419,075394,-1
419,139259,-1
419,191509,-1
419,147677,-1
419,060021,-1
419,124047,-1
419,008839,-1
419,139905,-1
419,038856,-1
419,038992,-1
419,129412,-1
419,014568,-1
419,012147,-1
419,009620,-1
419,149821,0
419,131625,-1
419,085818,-1
419,130115,-1
419,065338,-1
419,090242,-1
419,179433,0
419,118835,-1
419,079401,-1
419,186974,-1
419,048201,-1
419,205348,-1
419,125062,-1
419,037347,-1
419,209667,-1
419,121556,1
419,085291,1
419,187837,-1
419,211387,-1
419,191099,-1
419,094934,1
419,126598,-1
419,231892,-1
419,099142,1
419,099846,-1
419,160810,-1
419,004431,-1
419,255700,-1
419,161426,-1
419,087310,-1
419,178043,-1
419,056688,-1
419,278503,-1
419,012684,-1
419,075436,-1
419,095479,1
419,094183,-1
419,093907,-1
419,015103,-1
419,004019,-1
419,140289,1
419,093779,1
419,017885,-1
419,027360,-1
419,102346,-1
419,011336,-1
419,044031,-1
419,154832,-1
419,223476,1
419,223458,1
419,122180,-1
419,224624,-1
419,227627,-1
419,133172,-1
419,045164,-1
419,132227,0
419,090665,-1
419,192031,-1
419,024458,0
419,244743,-1
419,033110,-1
419,069173,-1
419,004532,0
419,091109,-1
419,068792,-1
419,101177,-1
419,168201,-1
419,146991,-1
419,129785,-1
419,100362,-1
419,051802,1
419,051772,-1
419,009161,-1
419,252990,-1
419,280020,1
419,280013,1
419,190568,-1
419,125193,-1
419,005477,1
419,120041,1
419,123656,1
419,126362,-1
419,016486,-1
419,258711,-1
419,165838,-1
419,082446,-1
419,124165,-1
419,122207,0
419,220427,-1
419,005014,0
419,289967,-1
419,117001,-1
419,122116,-1
419,050139,-1
419,103568,-1
419,232577,-1
419,231315,-1
419,123599,1
419,017720,-1
419,221762,-1
419,118746,0
419,028768,-1
419,123654,1
419,120514,-1
419,229821,-1
419,015072,-1
419,036218,-1
419,044676,-1
419,120446,-1
419,214964,-1
419,125291,-1
419,165130,1
419,004654,-1
419,188234,-1
419,163420,1
419,119305,1
419,004951,1
419,013030,-1
419,253083,0
419,224632,-1
419,097816,-1
419,102701,-1
419,285837,-1
419,151349,-1
419,156265,-1
419,092903,-1
419,118656,-1
419,233373,-1
419,278081,-1
419,103166,-1
419,220676,-1
419,028618,-1
419,101081,0
419,288492,1
419,099827,-1
419,282612,-1
419,284604,1
419,284603,1
419,121652,-1
419,008647,-1
419,126497,-1
419,048544,-1
419,191565,1
419,286169,0
419,145780,1
419,145892,1
419,150568,-1
419,232018,-1
419,260116,-1
419,283666,-1
419,089993,-1
419,015594,1
419,221782,-1
419,165248,-1
419,146398,-1
419,111546,-1
419,014065,-1
419,061030,-1
419,287739,-1
419,113942,1
419,241652,1
419,153363,1
419,252245,-1
419,261777,-1
419,249577,-1
419,020364,-1
419,113936,1
419,128526,-1
419,012025,-1
419,058836,-1
419,164255,-1
419,069993,-1
419,266563,-1
419,008620,-1
419,174489,0
419,099842,-1
419,256856,-1
419,030363,-1
419,209595,-1
419,019633,-1
419,040850,-1
419,133747,-1
419,146257,-1
419,120425,-1
419,012057,-1
419,007378,-1
419,053290,-1
419,281242,-1
419,069528,-1
419,276833,-1
419,118741,-1
419,285033,-1
419,285601,-1
419,288975,-1
419,122134,-1
419,153796,-1
419,146477,-1
419,224322,-1
419,024475,0
419,052070,0
419,125009,-1
419,259717,-1
419,203852,-1
419,029852,-1
419,200803,-1
419,061522,-1
419,014313,1
419,172251,1
419,124864,-1
419,097207,1
419,139472,-1
419,097128,1
419,174836,1
419,170670,-1
419,108557,1
419,117441,-1
419,013029,-1
419,174848,1
419,238899,0
419,137520,-1
419,147105,-1
419,155679,-1
419,284823,-1
419,184174,-1
419,231053,-1
419,103016,-1
419,147615,-1
419,116014,-1
419,264818,-1
419,286242,-1
419,014381,-1
419,290080,-1
419,058824,-1
419,007983,-1
419,037139,-1
419,114095,-1
419,261326,-1
419,139540,1
419,191869,-1
419,086217,-1
419,218863,-1
419,096914,1
419,024030,-1
419,077652,1
419,010461,-1
419,078503,-1
419,060470,-1
419,188199,-1
419,223182,-1
419,117165,-1
419,104601,1
419,071428,1
419,070474,-1
419,103646,-1
419,075412,-1
419,008949,-1
419,095515,-1
419,156575,-1
419,126789,1
419,046116,-1
419,108329,1
419,107896,-1
419,187281,-1
419,078306,-1
419,122055,-1
419,149654,1
419,233055,-1
419,051649,-1
419,000629,-1
419,030839,-1
419,089679,-1
419,124879,-1
419,123758,-1
419,145345,-1
419,101464,-1
419,145865,1
419,139561,1
419,286359,-1
419,286025,-1
419,285529,-1
419,010442,-1
419,066157,1
419,168218,1
419,111365,-1
419,119393,0
419,129305,-1
419,154722,1
419,132326,-1
419,118328,-1
419,241983,-1
419,001702,-1
419,024522,-1
419,162657,-1
419,146176,-1
419,151316,-1
419,019557,-1
419,197458,-1
419,038572,-1
419,117212,-1
419,063136,-1
419,051566,-1
419,179110,1
419,139270,-1
419,283648,-1
419,241936,-1
419,174535,0
419,019644,-1
419,069527,-1
419,133594,1
419,156311,-1
419,127733,-1
419,126947,-1
419,199074,-1
419,149594,-1
419,045185,-1
419,182611,-1
419,156485,-1
419,012273,1
419,200307,-1
419,145219,-1
419,090436,-1
419,233916,-1
419,145053,-1
419,119262,-1
419,128611,1
419,082701,-1
419,132509,-1
419,128879,-1
419,123211,-1
419,227058,-1
419,004525,1
419,052021,-1
419,197655,-1
419,123020,-1
419,006190,-1
419,009417,-1
419,089805,-1
419,161984,-1
419,054476,-1
419,138993,-1
419,182415,0
419,064187,-1
419,079787,-1
419,041239,-1
419,151787,-1
419,151033,-1
419,069924,-1
419,112140,-1
419,119346,0
419,194676,1
419,285853,-1
419,065041,-1
419,110212,-1
419,011140,-1
419,063192,-1
419,060364,-1
419,102700,-1
419,120887,-1
419,008941,1
419,119365,0
419,009829,0
419,090393,-1
419,062306,-1
419,242039,-1
419,014964,-1
419,148264,-1
419,079536,1
419,263165,-1
419,075959,-1
419,190681,-1
419,020353,-1
419,045443,-1
419,205091,-1
419,061803,-1
419,165292,-1
419,046437,-1
419,077654,1
419,075650,1
419,282100,-1
419,075046,-1
419,197375,1
419,103097,-1
419,078987,-1
419,108946,-1
419,005856,-1
419,097185,1
419,127684,-1
419,042275,-1
419,118819,1
419,226975,-1
419,199111,0
419,184592,-1
419,012001,-1
419,108733,-1
419,045236,-1
419,125454,-1
419,028818,-1
419,279672,-1
401,076262,1
401,087883,1
401,066406,1
401,080529,1
401,086195,1
401,086281,1
401,086247,1
401,092043,1
401,092103,1
401,092177,1
401,063150,1
401,085197,1
401,081228,1
401,085857,1
401,089725,1
401,089730,1
401,089741,1
401,081202,1
401,083324,1
401,079292,1
401,085195,1
401,088975,0
401,075088,1
401,075542,1
401,075260,1
401,096120,1
401,096160,1
401,093167,0
401,085327,1
401,085454,0
401,097366,1
401,097433,1
401,087556,1
401,084880,1
401,087528,1
401,025910,1
401,020205,1
401,085188,1
401,025985,1
401,024498,1
401,085127,0
401,026021,1
401,024555,1
401,097289,1
401,025882,1
401,022537,-1
401,024149,1
401,020220,0
401,254168,-1
401,044865,0
401,085072,1
401,026130,1
401,024500,1
401,024738,1
401,024512,1
401,025918,1
401,024509,1
401,023753,1
401,023641,1
401,024736,0
401,097749,1
401,097738,0
401,182577,-1
401,040942,0
401,085893,1
401,252394,-1
401,089846,1
401,190880,0
401,087912,1
401,083085,1
401,064073,0
401,024209,0
401,260387,0
401,064277,1
401,050070,1
401,050023,1
401,050451,1
401,050306,1
401,050455,1
401,050801,0
401,033382,1
401,050307,1
401,050457,1
401,100444,-1
401,067594,1
401,064578,0
401,020434,0
401,087861,1
401,047277,1
401,087862,1
401,087863,1
401,126448,0
401,086457,0
401,273177,0
401,059012,1
401,050469,1
401,284777,-1
401,051283,1
401,051421,1
401,051284,1
401,077828,-1
401,097807,0
401,105436,-1
401,087136,0
401,090063,0
401,084146,1
401,034135,0
401,024712,0
401,083126,1
401,083141,1
401,086269,0
401,088695,0
401,091729,-1
401,000796,-1
401,028055,0
401,273302,1
401,273538,1
401,273715,0
401,081529,0
401,044095,0
401,020217,1
401,020216,1
401,077680,-1
401,092873,0
401,080838,1
401,080824,1
401,024251,0
401,080176,1
401,092898,-1
401,098288,1
401,098386,0
401,239454,-1
401,023730,-1
401,044867,1
401,042591,0
401,048672,0
401,202303,1
401,152103,-1
401,057711,-1
401,028067,0
401,096414,1
401,283391,-1
401,150439,-1
401,020981,1
401,020983,-1
401,151711,-1
401,002456,-1
401,050534,1
401,050503,1
401,049475,1
401,049397,1
401,109558,1
401,224352,1
401,060816,1
401,088668,1
401,088646,1
401,265780,1
401,075221,1
401,075350,1
401,260257,1
401,260258,1
401,038222,1
401,038162,1
401,257215,1
401,260256,0
401,074944,1
401,074961,1
401,074960,1
401,079851,1
401,111760,1
401,079856,1
401,224351,1
401,144206,1
401,144252,1
401,257221,1
401,011051,0
401,259595,1
401,259586,1
401,034694,1
401,024491,-1
401,087206,0
401,220276,0
401,112499,1
401,112495,1
401,041903,1
401,041907,1
401,124778,-1
401,264107,1
401,263841,1
401,263890,1
401,144476,1
401,144507,1
401,087470,1
401,100449,-1
401,023912,-1
401,094223,-1
401,033599,-1
401,173026,-1
401,081520,0
401,111630,-1
401,117705,-1
401,111811,1
401,040912,0
401,262917,1
401,182598,-1
401,004363,-1
401,087961,1
401,087812,1
401,087960,1
401,087808,1
401,087617,0
401,023834,0
401,227928,0
401,182519,1
401,052407,-1
401,111442,-1
401,040149,-1
401,032418,1
401,032387,1
401,042342,1
401,019462,-1
401,046109,-1
401,144553,-1
401,177107,-1
401,042399,-1
401,180445,-1
401,092784,0
401,276611,-1
401,259301,1
401,076297,-1
401,041685,0
401,258820,-1
401,100026,-1
401,019541,-1
401,167422,-1
401,066778,-1
401,051042,-1
401,081823,0
401,255150,-1
401,034164,-1
401,224451,-1
401,260392,0
401,042556,0
401,064091,1
401,037859,-1
401,068730,-1
401,273551,1
401,273611,0
401,083341,-1
401,040941,0
401,198774,-1
401,019546,1
401,220851,-1
401,140970,-1
401,025616,-1
401,061099,0
401,024704,1
401,024777,1
401,024794,0
401,096828,-1
401,276511,-1
401,220498,-1
401,161532,-1
401,226250,1
401,087188,1
401,259878,1
401,259846,-1
401,030281,1
401,271235,-1
401,033668,0
401,284057,-1
401,036766,-1
401,191403,-1
401,028895,0
401,220003,0
401,034844,-1
401,000370,0
401,239469,-1
401,223462,-1
401,067631,1
401,025324,-1
401,101889,-1
401,090824,-1
401,161369,-1
401,076498,-1
401,001436,1
401,129722,-1
401,126414,1
401,126417,0
401,048361,-1
401,262593,0
401,058864,-1
401,068938,-1
401,185802,0
401,090447,-1
401,092787,0
401,086204,-1
401,019276,1
401,100530,-1
401,019670,0
401,114099,-1
401,170888,0
401,082265,-1
401,042440,-1
401,182755,-1
401,024494,-1
401,087573,1
401,131816,-1
401,021151,1
401,021027,1
401,020995,1
401,021024,1
401,048694,0
401,051647,-1
401,023304,0
401,057404,-1
401,025374,-1
401,034446,-1
401,211975,-1
401,263976,-1
401,024768,0
401,026238,-1
401,092837,-1
401,019377,-1
401,036187,1
401,036297,1
401,103346,-1
401,067569,-1
401,119805,-1
401,079847,-1
401,027917,1
401,030376,0
401,023575,-1
401,048179,-1
401,022991,-1
401,058863,0
401,017872,-1
401,098291,-1
401,113142,-1
401,117581,0
401,077508,-1
401,138588,-1
401,023938,-1
401,087827,1
401,087852,0
401,087828,1
401,081926,-1
401,102032,1
401,100779,0
401,100760,0
401,128818,-1
401,049149,-1
401,022358,-1
401,093301,-1
401,016842,-1
401,042105,-1
401,026794,-1
401,047347,0
401,027599,-1
401,094347,-1
401,109068,-1
401,034175,-1
401,114577,-1
401,014334,1
401,191342,-1
401,023919,0
401,220274,0
401,042400,-1
401,230605,-1
401,024673,-1
401,076459,-1
401,225672,-1
401,108652,-1
401,027039,-1
401,179719,0
401,260236,0
401,092582,-1
401,053440,-1
401,128029,0
401,051108,-1
401,176714,-1
401,040808,0
401,097422,-1
401,242484,-1
401,269690,-1
401,024788,0
401,020261,-1
401,068845,-1
401,034221,-1
401,019491,-1
401,136702,-1
401,063151,-1
401,064064,-1
401,089382,-1
401,081750,0
401,075722,-1
401,027408,-1
401,077405,-1
401,024705,0
401,041004,0
401,000136,-1
401,129189,-1
401,022548,-1
401,227528,-1
401,180530,0
401,272315,-1
401,051832,0
401,063986,0
401,054635,-1
401,151179,-1
401,061077,1
401,061576,0
401,061598,0
401,079919,-1
401,145476,-1
401,119919,-1
401,259790,-1
401,003069,-1
401,049915,-1
401,032854,-1
401,026183,-1
401,061600,0
401,263982,-1
401,039779,-1
401,035687,-1
401,027995,-1
401,028478,-1
401,005481,-1
401,088432,-1
401,067424,-1
401,100466,-1
401,004913,-1
401,143466,-1
401,148139,-1
401,134282,-1
401,083202,-1
401,289641,-1
401,065227,-1
401,211528,-1
401,107803,-1
401,100533,-1
401,092825,-1
401,015435,0
401,070173,-1
401,108447,0
401,062508,-1
401,023926,0
401,023367,-1
401,067557,-1
401,090003,0
401,099588,-1
401,025960,-1
401,030269,-1
401,086047,0
401,174884,-1
401,074758,-1
401,108655,0
401,281379,-1
420,082651,1
420,051251,1
420,044218,1
420,044238,1
420,051395,1
420,084696,1
420,051431,1
420,051068,1
420,051557,1
420,115445,1
420,044339,1
420,114873,1
420,044773,1
420,045040,1
420,084617,1
420,044832,1
420,112097,1
420,074907,1
420,079325,1
420,114570,1
420,083988,1
420,114908,1
420,114556,1
420,015108,1
420,084583,1
420,084596,1
420,081901,1
420,082077,1
420,075906,1
420,113800,1
420,081903,1
420,082075,1
420,136059,1
420,081922,1
420,075511,1
420,082144,1
420,075608,1
420,082124,1
420,043927,1
420,044258,1
420,082757,1
420,114484,1
420,084416,1
420,078303,1
420,075561,1
420,075517,1
420,051412,1
420,084457,1
420,045120,1
420,043991,1
420,084322,1
420,083563,1
420,115347,1
420,045205,1
420,044115,1
420,084100,1
420,075505,1
420,079970,1
420,051397,1
420,044850,1
420,075472,1
420,075503,1
420,051150,1
420,084117,1
420,075500,1
420,080019,1
420,044028,1
420,084031,1
420,084475,1
420,084116,1
420,083887,1
420,271910,1
420,114465,1
420,083559,1
420,044221,1
420,079288,1
420,081506,1
420,084110,1
420,276904,1
420,043879,1
420,044100,1
420,082080,1
420,043864,1
420,074557,1
420,075051,1
420,113836,1
420,043889,1
420,082743,1
420,075418,1
420,079642,1
420,084216,1
420,083168,1
420,084157,1
420,075325,1
420,079291,1
420,078659,1
420,084255,1
420,081721,1
420,044255,1
420,081482,1
420,044367,1
420,045144,1
420,075161,1
420,083119,1
420,084005,1
420,074869,1
420,083173,1
420,077703,1
420,082099,1
420,078452,1
420,081794,1
420,270015,1
420,081027,1
420,084152,1
420,044194,1
420,084155,1
420,044075,1
420,114467,1
420,051073,1
420,081754,1
420,044166,1
420,084098,1
420,043966,1
420,081674,1
420,043943,1
420,082829,1
420,051079,1
420,078630,1
420,082490,1
420,082769,1
420,078247,1
420,082093,1
420,084754,1
420,082063,1
420,084469,1
420,074954,1
420,075159,1
420,078440,1
420,044074,1
420,219889,1
420,082073,1
420,074528,1
420,082828,1
420,114640,1
420,084472,1
420,078234,1
420,081648,1
420,081768,1
420,044193,1
420,083171,1
420,269658,1
420,074947,1
420,081713,1
420,082459,1
420,078188,1
420,082822,1
420,083698,1
420,082764,1
420,075593,1
420,084248,1
420,083693,1
420,075414,1
420,083162,1
420,078259,1
420,082071,1
420,084335,1
420,083884,1
420,084090,1
420,084104,1
420,084439,1
420,078043,1
420,084336,1
420,084381,1
420,084175,1
420,084191,1
420,084183,1
420,084232,1
420,081637,1
420,043965,1
420,081778,1
420,084292,1
420,081897,1
420,081911,1
420,084339,1
420,081615,1
420,051500,1
420,084384,1
420,114413,1
420,084479,1
420,114487,1
420,083027,1
420,051379,1
420,075513,1
420,078285,1
420,081698,1
420,083161,1
420,277006,1
420,108045,1
420,079793,1
420,136354,1
420,079837,1
420,078049,1
420,084125,1
420,077600,1
420,077606,1
420,081650,1
420,051488,1
420,269649,1
420,043937,1
420,084097,1
420,075518,1
420,084283,1
420,083977,1
420,271101,1
420,043929,1
420,098271,1
420,075501,1
420,219891,1
420,079774,0
420,083479,1
420,114258,1
420,084477,1
420,269586,1
420,081589,1
420,078098,1
420,114414,1
420,083497,1
420,084383,1
420,078128,1
420,084154,1
420,081890,1
420,270009,1
420,223506,1
420,084222,1
420,277015,1
420,075309,1
420,271153,1
420,062670,1
420,082627,1
420,084062,1
420,084317,1
420,079341,1
420,079360,1
420,084243,1
420,083906,1
420,065117,1
420,083896,1
420,115322,1
420,115343,1
420,084327,1
420,082096,1
420,083968,1
420,180592,1
420,114523,1
420,220514,1
420,078823,1
420,078080,1
420,083694,1
420,078085,1
420,083179,1
420,186599,1
420,084265,1
420,180595,1
420,084217,1
420,180614,1
420,083039,1
420,081963,1
420,078104,1
420,211776,1
420,181231,1
420,078252,1
420,080884,1
420,083969,1
420,051218,1
420,078144,1
420,083111,1
420,210897,1
420,137680,1
420,083029,1
420,186597,1
420,079363,1
420,080867,1
420,180635,1
420,084331,1
420,082091,1
420,078164,1
420,083686,1
420,083037,1
420,114436,1
420,084211,1
420,082615,1
420,082002,1
420,112121,1
420,081728,1
420,084360,1
420,181262,1
420,220004,1
420,075415,1
420,113971,1
420,083699,1
420,082964,1
420,051143,1
420,223511,1
420,270013,1
420,210962,1
420,084017,1
420,084081,1
420,075311,1
420,114295,1
420,081748,1
420,084073,1
420,051187,1
420,115435,1
420,078458,1
420,079364,1
420,083958,1
420,084076,1
420,082887,1
420,051069,1
420,120692,1
420,115674,1
420,114894,1
420,081814,1
420,083965,1
420,075417,1
420,084348,1
420,083005,1
420,080394,1
420,082884,1
420,081907,1
420,044080,1
420,083990,1
420,114511,1
420,081720,1
420,084045,1
420,115400,1
420,114464,1
420,083786,1
420,082969,1
420,083739,1
420,084287,1
420,270014,1
420,084307,1
420,115676,1
420,082031,1
420,115394,1
420,081709,1
420,084080,1
420,043860,1
420,083753,1
420,051528,1
420,084267,1
420,083053,1
420,083844,1
420,079670,1
420,180630,1
420,083746,1
420,084113,1
420,115703,1
420,084206,1
420,083836,1
420,051368,1
420,084075,1
420,084213,1
420,083059,1
420,084047,1
420,114647,1
420,083530,1
420,084153,1
420,083071,1
420,084131,1
420,271840,1
420,083701,1
420,084147,1
420,074721,1
420,084053,1
420,080424,1
420,083723,1
420,081701,1
420,083811,1
420,051210,1
420,084038,1
420,115629,1
420,084474,1
420,089249,1
420,089248,1
420,084387,1
420,083135,1
420,083537,1
420,082779,1
420,099679,0
420,084318,1
420,081807,1
420,051503,1
420,051078,1
420,180277,1
420,081896,1
420,080426,1
420,081889,1
420,082577,1
420,084202,1
420,084249,1
420,084306,1
420,044072,1
420,084308,1
420,083444,1
420,084225,1
420,084281,1
420,083975,1
420,083962,1
420,083702,1
420,083943,1
420,084112,1
420,114961,1
420,083432,1
420,079200,1
420,084271,1
420,084111,1
420,180323,1
420,089197,1
420,084226,1
420,083945,1
420,082089,0
420,083953,1
420,115280,1
420,114342,1
420,084052,1
420,181139,0
420,084109,1
420,083931,1
420,051107,1
420,083932,1
420,083813,1
420,083684,1
420,083999,1
420,084106,1
420,083019,1
420,115069,1
420,075120,1
420,051186,1
420,084345,1
420,084103,1
420,083957,1
420,084101,1
420,051207,1
420,051202,1
420,050832,1
420,120705,1
420,084365,1
420,084118,1
420,084006,1
420,082614,1
420,082629,1
420,115253,1
420,084128,1
420,084219,1
420,079644,1
420,084043,1
420,083961,1
420,079172,1
420,078442,1
420,083700,1
420,114932,1
420,084096,1
420,044023,1
420,079641,1
420,083955,1
420,084197,1
420,007106,1
420,114990,1
420,078445,1
420,075137,1
420,084250,1
420,051465,1
420,271898,1
420,044108,1
420,115113,1
420,084042,1
420,079188,1
420,114603,1
420,043963,1
420,114483,1
420,075191,1
420,091397,1
420,079145,1
420,115121,1
420,114673,1
420,079223,1
420,115497,1
420,114648,1
420,083970,1
420,051194,1
420,079218,1
420,075186,1
420,084178,1
420,051059,1
420,113986,1
420,051199,1
420,081685,1
420,220007,1
420,051189,1
420,044106,1
420,084149,1
420,083578,1
420,051223,1
420,280412,0
420,050972,1
420,084120,1
420,084805,1
420,075143,1
420,092037,1
420,084775,1
420,051216,1
420,075464,1
420,051375,1
420,080366,1
420,043964,1
420,075315,1
420,051205,1
420,114987,1
420,050849,1
420,051123,1
420,051094,1
420,114982,1
420,051092,1
420,084252,1
420,115034,1
420,079129,1
420,080236,1
420,079167,1
420,084377,1
420,051213,1
420,078093,1
420,084074,1
420,114003,1
420,051192,1
420,083164,1
420,051195,1
420,044186,1
420,051191,1
420,083159,1
420,269640,1
420,115405,1
420,084069,1
420,051206,1
420,051081,1
420,051204,1
420,187031,1
420,051208,1
420,051221,1
420,186978,0
420,044184,1
420,211015,1
420,051074,1
420,114972,1
420,114848,1
420,114852,1
420,051209,1
420,084392,1
420,051175,1
420,211014,1
420,115383,1
420,084231,1
420,082029,1
420,113893,1
420,084304,1
420,083940,1
420,051112,1
420,084091,1
420,051439,1
420,084413,1
420,115132,1
420,051217,1
420,051225,1
420,200993,0
420,180299,1
420,010417,1
420,051219,1
420,051197,1
420,083305,1
420,114007,1
420,137440,0
420,051166,0
420,115039,1
420,081933,1
420,084286,1
420,023328,0
420,084209,1
420,115434,0
420,004366,-1
420,051222,1
420,083690,1
420,083688,1
420,046734,-1
420,084691,1
420,084759,1
420,084395,-1
420,277028,1
420,115518,1
420,115446,1
420,084224,1
420,025700,-1
420,189119,0
420,080217,1
420,180033,1
420,179963,1
420,114018,1
420,179693,1
420,114343,1
420,179961,1
420,179703,1
420,179999,1
420,180626,1
420,115104,1
420,169097,-1
420,051198,1
420,051215,1
420,051193,1
420,114530,1
420,125655,1
420,084270,1
420,113997,1
420,047659,-1
420,196147,1
420,083207,1
420,051203,1
420,054209,-1
420,089147,1
420,114015,1
420,015082,1
420,089165,1
420,113964,1
420,089290,1
420,180268,1
420,084011,1
420,279827,1
420,115355,1
420,083996,1
420,184499,1
420,187342,0
420,051201,1
420,185561,1
420,184968,1
420,051200,1
420,184837,1
420,114009,1
420,185578,1
420,115466,1
420,119844,0
420,084268,1
420,084598,-1
420,084085,1
420,051511,1
420,054981,-1
420,185592,1
420,185585,1
420,084083,1
420,115525,1
420,115515,1
420,179702,0
420,081229,1
420,181198,1
420,135796,-1
420,051255,0
420,268513,-1
420,045785,-1
420,280733,0
420,077238,-1
420,114703,1
420,119214,0
420,165383,0
420,114023,1
420,114011,0
420,025548,0
420,114786,1
420,002819,-1
420,002361,1
420,094759,-1
420,051211,1
420,099631,-1
420,082088,0
420,115129,0
420,114738,1
420,114601,0
420,114517,1
420,085618,-1
420,115467,0
420,045807,0
420,288336,-1
420,084324,1
420,112139,1
420,083914,1
420,083918,1
420,083942,1
420,056232,0
420,104559,0
420,084078,1
420,114976,1
420,084269,1
420,113430,1
420,080800,0
420,005980,-1
420,115136,1
420,114410,1
420,115430,0
420,061385,-1
420,055091,-1
420,083697,1
420,139436,-1
420,084501,1
420,084864,-1
420,045088,-1
420,116915,-1
420,026969,0
420,084056,1
420,083846,1
420,084497,1
420,084067,1
420,084496,1
420,083986,1
420,083554,1
420,084179,1
420,074827,1
420,083691,1
420,083545,1
420,084229,1
420,084033,1
420,083667,1
420,080334,1
420,021240,-1
420,227973,-1
420,096559,-1
420,114269,-1
420,080400,-1
420,083614,0
420,081413,1
420,084516,1
420,079026,1
420,083750,1
420,081564,1
420,081369,1
420,076361,0
420,076642,0
420,079179,1
420,081902,-1
420,078147,1
420,079147,1
420,079114,0
420,047616,-1
420,143111,0
420,128276,0
420,051271,0
420,135882,-1
420,019255,-1
420,114532,1
420,090306,0
420,069586,0
420,179692,-1
420,114115,1
420,053972,-1
420,114707,0
420,119527,-1
420,272094,-1
420,084718,0
420,066762,-1
420,084863,0
420,003831,0
420,054412,0
420,107993,-1
420,084488,0
420,091094,-1
420,276879,-1
420,098977,-1
420,082959,-1
420,118728,-1
420,053619,-1
420,115761,0
420,165339,0
420,079241,-1
420,079255,1
420,180032,0
420,084238,1
420,079254,1
420,077141,0
420,079183,1
420,098606,-1
420,111717,-1
420,116069,-1
420,271184,-1
420,084180,1
420,201061,0
420,084057,-1
420,035200,-1
420,117836,-1
420,088340,0
420,159595,-1
420,066927,-1
420,074831,-1
420,185588,1
420,123872,-1
420,047602,-1
420,185562,0
420,139507,-1
420,115292,1
420,102759,0
420,280411,0
420,082479,-1
420,055951,-1
420,115736,0
420,115508,1
420,082766,-1
420,080404,-1
420,125148,1
420,251825,-1
420,128267,0
420,114028,-1
420,272466,1
420,273597,-1
420,115491,-1
420,136151,-1
420,214211,-1
420,095212,-1
420,194388,-1
420,137713,-1
420,057216,-1
420,225812,0
420,117057,-1
420,084449,-1
420,271695,-1
420,071386,0
420,122428,-1
420,042033,0
420,045204,1
420,270363,-1
420,114989,1
420,045143,1
420,117439,-1
420,138478,0
420,045301,-1
420,223508,-1
420,078896,-1
420,082034,1
420,082020,1
420,116101,-1
420,119786,0
420,165995,-1
420,066987,-1
420,116073,-1
420,277357,-1
420,102570,0
420,097696,-1
420,054135,-1
420,114218,1
420,154470,0
420,114217,1
420,020771,-1
420,026449,-1
420,084351,0
420,058428,-1
420,077263,-1
420,092793,-1
420,124962,0
420,120378,-1
420,169663,-1
420,052525,-1
420,069397,0
420,084764,-1
420,079885,-1
420,161749,-1
420,056317,-1
420,024580,-1
420,047450,-1
420,136220,-1
420,175763,-1
420,137467,-1
420,115529,0
420,007260,-1
420,115225,-1
420,276751,-1
420,077136,0
420,054573,-1
420,075166,1
420,117478,-1
420,096043,-1
420,183648,0
420,114535,-1
420,079485,0
420,269126,0
420,090278,0
420,061365,-1
420,046723,0
420,117825,-1
420,093738,-1
420,264020,-1
420,114710,1
420,038734,-1
420,025739,-1
420,093474,-1
420,022139,-1
420,025722,0
420,047447,-1
420,071547,0
420,104008,-1
420,004588,1
420,004718,1
420,118970,1
420,280417,0
420,270358,-1
420,162772,-1
420,266189,-1
420,270933,-1
420,052752,-1
420,244533,-1
420,004518,-1
420,045821,-1
420,211977,-1
420,080203,-1
420,059075,-1
420,138557,0
420,058777,-1
420,030463,-1
420,156498,-1
420,139993,0
420,013506,-1
420,142030,-1
420,097478,-1
420,005371,0
420,138268,0
420,114741,1
420,270600,-1
420,054356,-1
420,160564,-1
420,133857,-1
420,092194,-1
420,084770,-1
420,120894,-1
420,099906,-1
420,085137,-1
420,139409,-1
420,045309,-1
420,024804,-1
420,047280,-1
420,125299,-1
420,077138,0
420,084470,-1
420,050369,-1
420,055811,-1
420,023776,-1
420,130574,-1
420,111359,1
420,118416,0
420,084837,1
420,078500,0
420,008641,-1
420,046387,-1
420,087919,-1
420,104720,0
420,057580,0
420,228832,-1
420,219616,-1
420,124203,0
420,116895,-1
420,085113,-1
420,113456,-1
420,166023,-1
420,084800,0
420,113896,-1
420,047607,-1
420,041715,-1
420,081417,-1
420,137052,-1
420,028395,1
420,096763,-1
420,268931,0
420,038959,-1
420,080198,-1
420,048832,0
420,116956,-1
420,229148,-1
420,005121,-1
420,116030,1
420,115410,0
420,084016,0
420,074903,-1
420,037150,-1
420,052591,-1
420,123782,-1
420,111715,-1
420,005758,-1
420,163988,-1
420,084442,0
420,266198,-1
420,046599,0
420,083072,-1
420,097631,-1
420,114847,-1
420,035947,-1
420,266389,-1
420,225783,-1
420,119895,0
420,119230,0
420,115878,-1
420,176491,-1
420,115088,1
420,139533,-1
420,114112,-1
420,098466,-1
420,074821,-1
420,277050,-1
420,081421,-1
420,116260,-1
420,061364,-1
420,084801,-1
420,056805,-1
420,075262,0
420,113967,0
420,075772,-1
420,266297,-1
420,047967,-1
420,026175,0
420,013592,-1
420,081912,-1
420,114046,-1
420,080261,-1
420,047309,-1
420,083803,0
420,056824,-1
420,279002,-1
420,083237,-1
420,045767,-1
420,020304,0
420,120619,-1
420,012730,-1
420,094522,-1
420,041144,0
420,082575,-1
420,137917,-1
420,101484,-1
420,079277,-1
420,236986,0
420,252132,-1
420,228838,-1
420,090590,-1
420,237755,-1
420,159654,-1
420,056477,-1
420,029062,0
420,008878,-1
420,046832,-1
420,124257,-1
420,084737,-1
420,116011,-1
420,225594,-1
420,104629,0
420,257603,-1
420,097578,-1
420,137395,-1
420,056703,-1
420,080209,-1
420,076486,-1
420,084408,-1
420,272000,-1
420,089154,-1
420,229061,-1
420,023874,-1
420,220613,-1
420,055954,-1
420,276185,-1
420,174451,-1
420,002688,-1
420,025236,-1
420,117750,-1
420,084827,-1
420,161602,-1
420,068689,-1
420,173941,-1
420,138288,0
420,226433,-1
420,254390,-1
420,041895,-1
420,251633,-1
420,115090,1
420,115105,1
420,276776,-1
420,220250,-1
420,132996,-1
420,230189,-1
420,137492,-1
420,182513,-1
420,113431,-1
420,080410,-1
420,116309,-1
420,109977,-1
420,012052,1
420,045806,-1
420,044210,-1
420,270982,-1
420,056999,-1
420,133428,-1
420,057365,-1
420,141238,0
420,052546,-1
420,050674,-1
420,229857,-1
420,153358,-1
420,024122,-1
420,084440,-1
420,116905,-1
420,025296,-1
420,137991,-1
420,072281,-1
420,135733,-1
420,031851,-1
420,057215,-1
420,082406,-1
420,176424,-1
420,055913,-1
420,119104,-1
420,119351,-1
420,171250,0
420,005221,0
420,114828,-1
420,015442,-1
420,071456,0
420,161726,-1
420,053480,-1
420,004895,0
420,271765,-1
420,046941,-1
420,116381,-1
420,114651,-1
420,094742,-1
420,276880,-1
420,165441,-1
420,080686,-1
420,013386,-1
420,006482,-1
420,117995,-1
420,084433,-1
420,078045,-1
420,047751,-1
420,084573,-1
420,123478,-1
420,075829,-1
420,100932,-1
420,092813,-1
420,139956,-1
420,129556,-1
420,236978,0
420,139804,0
420,045293,-1
420,128261,0
420,084620,0
420,090093,-1
420,139411,-1
420,179998,0
420,084808,0
420,169096,-1
420,237194,-1
420,266452,-1
420,030557,-1
420,116008,0
420,095638,-1
420,047855,-1
420,094758,-1
420,229255,-1
420,003640,-1
420,026983,-1
420,223630,-1
420,070835,-1
420,276765,-1
420,084719,-1
420,228892,-1
420,260862,0
420,126568,0
420,062321,-1
420,265633,-1
420,054724,-1
420,168748,0
420,159663,-1
420,105454,-1
420,080665,-1
420,118898,-1
420,120364,-1
420,092046,-1
420,148813,-1
420,270034,-1
420,116962,-1
420,114685,0
420,041079,1
420,087439,-1
420,159371,-1
420,006387,-1
420,224959,-1
420,030579,0
420,116949,-1
420,114379,-1
420,139438,-1
420,084710,0
420,117756,-1
420,083947,-1
420,102793,-1
420,093679,-1
420,056970,-1
420,057217,-1
420,045803,-1
420,023698,-1
420,056737,-1
420,137901,-1
420,007152,-1
420,094440,-1
420,271894,-1
420,233208,-1
420,139932,-1
420,094699,-1
420,051414,0
420,078450,-1
420,104673,1
420,071500,1
420,137037,-1
420,080640,-1
420,074849,-1
420,098698,-1
420,117757,-1
420,187671,-1
420,096766,-1
420,119161,-1
420,013508,-1
420,085136,-1
420,055576,-1
420,165994,-1
420,098620,-1
420,270570,-1
420,050590,-1
420,276658,-1
420,079584,-1
420,077685,-1
420,139866,-1
420,047052,-1
420,252303,0
420,080807,-1
420,117111,-1
420,071160,-1
420,053928,-1
420,121860,-1
420,180684,-1
420,094384,-1
420,139994,-1
420,229055,-1
420,075313,-1
420,261301,-1
420,054668,-1
420,189398,-1
420,078532,-1
420,094492,-1
420,055968,-1
420,046715,0
420,098675,-1
420,161607,-1
420,137708,-1
420,170593,-1
420,100648,-1
420,054067,-1
420,077346,-1
420,165440,-1
420,168747,0
420,096024,-1
420,114159,-1
420,085682,-1
420,082932,-1
420,117716,-1
420,053394,-1
420,115625,0
420,069620,-1
420,091145,-1
420,047405,-1
420,038268,-1
420,007158,-1
420,002993,-1
420,005770,-1
420,135333,-1
420,228907,-1
420,277014,-1
420,096687,-1
420,054046,0
420,017340,-1
420,047736,-1
420,173782,-1
420,115735,-1
420,025616,-1
420,020126,-1
420,082906,-1
420,077042,-1
420,024829,-1
420,021900,-1
420,079464,-1
420,271960,-1
420,212162,-1
420,052810,-1
420,054477,-1
420,116047,0
420,098572,-1
420,240566,-1
420,104333,-1
420,271181,-1
420,092141,-1
420,082567,-1
420,074787,0
420,054665,-1
420,085969,-1
420,112762,1
420,111649,1
420,111627,-1
420,111628,-1
420,111626,-1
420,111670,-1
420,111641,1
420,113168,-1
420,114942,-1
420,114857,0
420,120548,-1
420,113881,-1
420,075649,-1
420,045970,-1
420,224953,-1
420,114424,-1
420,046950,-1
420,180662,-1
420,099543,-1
420,265657,-1
420,114948,-1
420,054199,-1
420,144703,-1
420,276649,-1
420,044920,-1
420,140424,-1
420,054116,-1
420,114161,-1
420,139947,-1
420,139352,-1
420,117826,-1
420,226732,-1
420,116926,-1
420,286861,0
420,021866,-1
420,098938,-1
420,052784,-1
420,174456,-1
420,047148,-1
420,097690,-1
420,084412,-1
420,081966,-1
420,050877,-1
420,112792,-1
420,270102,-1
420,098548,-1
420,104414,-1
420,115721,1
420,009399,-1
420,096507,-1
420,112408,-1
420,075468,-1
420,083425,0
420,119221,-1
420,170594,-1
420,226746,0
420,257613,-1
420,270922,-1
420,010225,-1
420,007359,-1
420,047315,-1
420,045866,-1
420,171370,-1
420,048687,-1
420,123364,-1
420,114742,-1
420,047274,-1
420,260301,-1
420,084313,-1
420,037743,-1
420,019058,-1
420,227752,-1
420,139954,-1
420,162525,0
420,231391,-1
420,120386,-1
420,178866,-1
420,096722,-1
420,116681,-1
420,230570,-1
420,229082,-1
420,077210,-1
420,012034,-1
420,025125,-1
420,084499,0
420,043805,-1
420,046392,-1
420,050557,-1
420,102098,-1
420,276646,-1
420,138249,-1
420,271850,-1
420,044167,-1
420,054526,-1
420,114952,-1
420,119125,-1
420,045938,-1
420,134844,-1
420,172938,-1
420,103358,-1
420,046899,-1
420,066598,-1
420,162249,-1
420,085655,-1
420,154881,-1
420,139407,-1
420,098927,-1
420,231615,-1
420,116003,-1
420,084144,-1
420,133429,-1
420,081575,-1
420,047145,-1
420,063857,-1
420,020876,-1
420,054318,-1
420,271394,-1
420,114278,-1
420,045881,-1
420,071241,-1
420,116158,-1
420,197474,-1
420,122550,-1
420,115256,-1
420,074554,-1
420,115918,0
420,161698,-1
420,056190,-1
420,119777,-1
420,120404,-1
420,041676,-1
420,006640,-1
420,268530,-1
420,116088,0
420,054639,0
420,231185,-1
420,064343,-1
420,083616,0
420,098848,-1
420,052559,-1
420,051248,-1
420,139592,-1
420,041355,-1
420,137496,-1
420,078020,-1
420,084515,-1
420,070786,-1
420,223481,-1
420,210053,-1
420,075048,0
420,094265,-1
420,057028,-1
420,087469,-1
420,180696,-1
420,044019,1
420,024193,-1
420,178646,-1
420,271689,-1
420,050801,-1
420,114661,-1
420,084082,-1
420,109780,-1
420,123488,-1
420,047819,-1
421,032733,0
421,124382,-1
421,088115,-1
421,133240,-1
421,164428,-1
421,019503,-1
421,278838,-1
421,005691,-1
421,079407,-1
421,017219,-1
421,019504,-1
421,031313,-1
421,092724,-1
421,257336,-1
421,220696,0
421,162555,-1
421,071241,-1
421,163731,-1
421,044176,-1
421,161806,-1
421,032852,0
421,261420,-1
421,019497,-1
421,034335,-1
421,045730,-1
421,285303,-1
421,151796,-1
421,252517,1
421,250674,1
421,251360,1
421,251295,1
421,252219,1
421,250561,1
421,250587,1
421,194320,1
421,194373,1
421,194324,1
421,180438,0
421,032669,1
421,032612,1
421,263072,1
421,039775,0
422,203540,-1
422,120704,-1
422,023145,-1
422,093450,-1
422,109765,-1
422,113643,-1
422,143181,-1
422,125685,-1
422,062473,-1
422,028486,-1
422,096515,-1
422,165393,-1
422,164871,-1
422,233723,-1
422,117129,-1
422,116368,-1
422,065268,-1
422,085563,-1
422,212117,-1
422,203539,-1
422,180389,-1
422,041627,-1
422,187390,-1
422,101650,-1
422,165369,-1
422,086871,-1
422,015039,-1
422,062307,-1
422,128405,-1
422,143234,-1
422,007153,-1
422,133243,-1
422,117343,-1
422,140396,-1
422,141076,-1
422,113600,1
422,113573,1
422,115245,1
422,018145,1
422,085524,1
422,010305,1
422,010298,1
422,082362,1
422,131477,1
422,115917,1
422,115942,1
422,111995,1
422,112019,1
422,131289,1
422,009879,1
422,122234,1
422,081830,1
422,108849,0
422,131379,1
422,131330,1
422,131351,1
422,131350,1
422,112158,1
422,112171,1
422,112176,1
422,081226,-1
422,260946,-1
423,109765,0
423,120704,-1
423,023145,-1
423,203540,-1
423,065268,1
423,085563,1
423,164504,1
423,164492,1
423,163880,1
423,164494,1
423,164498,1
423,082131,1
423,082139,1
423,270824,0
423,058295,1
423,054450,1
423,054425,1
423,041121,1
423,288057,0
423,041091,1
423,041074,1
423,041088,1
423,041086,1
423,041247,1
423,045596,1
423,045416,0
423,120366,0
423,081660,0
423,010190,-1
423,022398,0
423,151200,1
423,062473,1
423,061796,1
423,163878,0
423,045551,1
423,062015,0
423,113600,1
423,113573,1
423,018145,1
423,115245,1
423,015065,1
423,125665,1
423,031620,1
423,030282,1
423,128420,-1
423,028855,1
423,028845,1
423,165103,1
423,085524,1
423,010305,0
423,032811,1
423,085278,1
423,085293,1
423,041627,1
423,083067,1
423,108158,0
423,041116,1
423,041103,1
423,086117,1
423,086871,1
423,008667,0
423,261046,1
423,261018,1
423,260990,1
423,269301,0
423,196436,1
423,028366,0
423,041609,1
423,009426,1
423,243426,1
423,263369,0
423,061088,1
423,032133,1
423,051056,-1
423,200969,1
423,201081,1
423,165111,0
423,027825,1
423,042736,1
423,059140,1
423,043439,0
423,059149,1
423,058159,1
423,178675,1
423,135641,1
423,003762,1
423,137073,1
423,041276,0
423,276206,1
423,261047,1
423,261019,1
423,260991,1
423,201400,0
423,115806,1
423,231168,-1
423,026790,0
423,087337,1
423,019237,0
423,044250,1
423,261311,0
423,067419,0
423,272621,1
423,128375,1
423,125331,0
423,147431,1
423,147377,1
423,147577,1
423,098222,1
423,018757,0
423,279544,1
423,158585,-1
423,046562,1
423,037044,0
423,002358,1
423,018985,-1
423,028432,0
423,010298,1
423,232047,0
423,095209,1
423,083772,-1
423,275726,1
423,275736,1
423,267282,1
423,270829,0
423,188438,1
423,188462,0
423,130317,-1
423,076556,-1
423,032651,0
423,112792,-1
423,131875,1
423,131812,1
423,131798,1
423,131791,1
423,025258,0
423,101960,-1
423,002952,1
423,203776,1
423,115807,1
423,075321,0
423,275710,1
423,221708,1
423,201258,0
423,081855,0
423,262452,1
423,013161,0
423,056468,-1
423,116317,0
423,042016,0
423,180752,1
423,200983,1
423,199560,1
423,125322,0
423,115265,-1
423,027960,1
423,231734,1
423,231729,1
423,064054,1
423,064064,1
423,043798,0
423,194282,0
423,044870,0
423,169352,1
423,169256,1
423,162917,0
423,027104,0
423,198226,0
423,094682,-1
423,243227,1
423,230166,-1
423,088255,0
423,062996,0
423,049365,0
423,286745,-1
423,270873,0
423,192317,0
423,039805,0
423,050572,1
423,243351,-1
423,243192,1
423,045885,1
423,045884,1
423,242605,0
423,097812,1
423,028611,0
423,025448,0
423,024026,0
423,021704,0
423,101316,1
423,101338,0
423,009413,0
423,188756,1
423,188752,1
423,188724,1
423,188465,0
423,062826,0
423,188475,0
423,076794,-1
423,163233,1
423,160721,0
423,005750,0
423,260971,0
423,014778,1
423,031741,0
423,243353,-1
423,082138,0
423,135399,-1
423,135618,1
423,288056,0
423,050109,1
423,050300,1
423,050452,1
423,025589,0
423,025309,1
423,115796,1
423,115791,1
423,115948,1
423,115756,1
423,089329,1
423,115934,1
423,212633,-1
423,115926,0
423,050145,0
423,156872,1
423,156873,1
423,138057,-1
423,219847,1
423,158540,-1
423,015417,0
423,058926,1
423,242598,1
423,242606,1
423,063843,0
423,286997,1
423,283223,1
423,287006,1
423,286775,1
423,283190,1
423,286763,1
423,283192,1
423,283191,1
423,283220,1
423,288194,0
423,181522,1
423,181534,1
423,181541,1
423,086484,1
423,116583,0
423,270930,1
423,270940,1
423,270821,1
423,270971,1
423,270969,1
423,202737,0
423,284627,-1
423,126250,-1
423,129611,0
423,164748,0
423,047560,1
423,270905,-1
423,187725,1
423,222280,0
423,230035,-1
423,261313,0
423,143951,1
423,051265,0
423,143934,0
423,094162,-1
423,034982,1
423,022424,0
423,025257,0
423,220796,-1
423,115610,1
423,188725,0
423,018416,-1
423,115420,1
423,025583,0
423,083032,0
423,025614,1
423,022376,0
423,176279,-1
423,092947,-1
423,109993,0
423,153125,0
423,271439,-1
423,029852,-1
423,262159,1
423,013811,-1
423,252475,1
423,252492,1
423,252501,1
423,252444,1
423,243191,1
423,243183,1
423,260972,0
423,187728,1
423,051251,-1
423,163027,0
423,190322,1
423,190438,0
423,260871,0
423,109741,1
423,209792,0
423,049411,-1
423,201255,0
423,154120,0
423,165660,0
423,273552,1
423,266696,0
423,161771,0
423,085454,-1
423,088248,0
423,123798,-1
423,157981,-1
423,160649,0
423,281965,0
423,177336,-1
423,031840,-1
423,007089,0
423,101389,0
423,035571,-1
423,083011,1
423,083018,0
423,005560,0
423,284623,-1
423,050209,0
423,025413,1
423,028610,0
423,122504,-1
423,260973,0
423,128422,-1
423,221740,0
423,042323,-1
423,041325,1
423,041346,1
423,014207,0
423,040913,0
423,025751,-1
423,017205,-1
423,020744,-1
423,025762,0
423,142200,0
423,221441,1
423,162992,0
423,027949,-1
423,235303,-1
423,219918,0
423,012136,-1
423,163958,0
423,145396,-1
423,030349,-1
423,028342,1
423,028390,0
423,082412,-1
423,221623,0
423,157351,-1
423,086867,-1
423,188679,0
423,280069,-1
423,198291,0
423,115338,1
423,162927,0
423,224584,-1
423,024300,-1
423,025842,-1
423,243352,-1
423,121872,0
423,233688,0
423,266540,1
423,266582,1
423,254322,1
423,019053,0
423,041546,0
423,023147,0
423,024576,0
423,188305,0
423,027018,1
423,040992,1
423,139291,-1
423,095485,0
423,025214,0
423,029261,0
423,128414,-1
423,109999,0
423,162921,0
423,080734,0
423,149254,-1
423,040803,1
423,176912,-1
423,223504,1
423,223513,1
423,101230,0
423,219942,1
423,243465,1
423,243459,0
423,082856,-1
423,139042,0
423,043746,-1
423,219756,1
423,219768,1
423,219135,1
423,219182,1
423,198035,1
423,197998,1
423,243411,1
423,243416,1
423,243419,1
423,243406,1
423,243427,1
423,243425,1
423,033322,-1
423,052729,0
423,177620,0
423,088254,0
423,165662,0
423,279543,0
423,022682,1
423,155605,0
423,032794,1
423,043622,0
423,023007,1
423,023065,1
423,023068,1
423,289343,1
423,253816,1
423,254757,1
423,254681,1
423,253905,1
423,254321,1
423,023135,0
423,289268,1
423,244521,0
423,137812,0
423,063587,0
423,279788,-1
423,188611,0
423,225149,1
423,225151,0
423,225150,0
423,032836,1
423,256206,-1
423,161512,0
423,080459,0
423,077365,0
423,220780,-1
423,220066,-1
423,082944,-1
423,287375,-1
423,163979,0
423,260904,-1
423,198311,0
423,022401,0
423,035966,0
423,043630,0
423,079820,-1
423,025828,0
423,222012,-1
423,023452,-1
423,030518,-1
423,165663,0
423,226184,-1
423,046156,0
423,149142,-1
423,262155,0
423,129375,-1
423,090650,-1
423,077736,0
423,229607,0
423,052796,-1
423,159277,0
423,230009,0
423,277306,-1
423,286574,0
423,235872,-1
423,024073,0
423,230073,-1
423,220696,-1
423,040778,1
423,023401,-1
423,006341,1
423,018663,1
423,259510,-1
423,242597,0
423,188643,0
423,288140,0
423,054072,-1
423,026076,0
423,155532,1
423,155626,0
423,061020,-1
423,065050,-1
423,025520,0
423,222276,-1
423,091985,-1
423,001717,-1
423,082495,0
423,138021,-1
423,009626,0
423,041548,0
423,045985,1
423,046004,1
423,045812,0
423,014045,0
423,024439,1
423,044790,-1
423,022480,1
423,283101,-1
423,159465,1
423,269555,1
423,287376,-1
423,270635,1
423,281375,0
423,017214,-1
423,028819,-1
423,289039,-1
423,060606,1
423,151542,-1
423,263822,-1
423,065058,-1
423,070065,-1
423,034212,-1
423,098675,-1
423,221875,0
423,032897,1
423,109986,0
423,009673,-1
423,043640,0
423,244513,-1
423,288149,0
423,229563,0
423,219550,1
423,010106,-1
423,063573,-1
423,226781,0
423,022405,0
423,083387,1
423,109013,-1
423,043817,0
423,034148,-1
423,220065,0
423,101814,-1
423,222582,-1
423,078190,0
423,198224,0
423,188602,0
423,161852,0
423,005302,-1
423,095664,-1
423,042758,-1
423,094218,-1
423,052722,-1
423,092500,-1
423,089551,-1
423,038268,0
423,036339,-1
423,174922,0
423,080270,0
423,231559,1
423,212408,0
423,229617,0
423,080861,0
423,158086,-1
423,041690,0
423,280416,-1
423,270915,1
423,270917,1
423,274597,1
423,270925,0
423,273790,1
423,273798,0
423,022268,1
423,022427,0
424,250678,-1
424,103754,1
424,070581,1
424,070580,1
424,103753,1
424,070598,1
424,103771,1
424,264583,-1
424,233375,-1
424,089374,-1
424,082856,1
424,082889,1
424,079832,-1
424,257788,1
424,163295,1
424,090870,1
424,090829,1
424,091070,1
424,087049,1
424,087032,1
424,080709,1
424,086080,1
424,086034,1
424,086892,1
424,086922,1
424,086897,1
424,086886,1
424,086719,1
424,086649,1
424,086754,1
424,086986,1
424,086998,1
424,087030,1
424,087029,1
424,086677,1
424,087036,1
424,086826,1
424,086877,1
424,087037,1
424,020327,1
424,066933,1
424,091059,1
424,087040,1
424,087067,1
424,080467,1
424,085314,1
424,087041,1
424,085559,1
424,080470,1
424,080440,1
424,090758,1
424,090848,1
424,090860,1
424,090827,1
424,087059,1
424,278867,1
424,101905,1
424,090709,1
424,087062,1
424,030733,1
424,080670,1
424,086775,1
424,086783,1
424,088160,1
424,087068,1
424,077649,1
424,089267,1
424,091637,1
424,277200,1
424,080644,1
424,067144,1
424,078024,1
424,066915,1
424,078213,1
424,250390,1
424,019535,1
424,088143,1
424,007734,1
424,086800,1
424,278912,1
424,086767,1
424,080786,1
424,077470,1
424,090043,1
424,087065,1
424,086989,1
424,086992,1
424,271603,1
424,067159,1
424,087069,1
424,250302,1
424,168006,1
424,271433,1
424,250819,1
424,089540,1
424,089535,1
424,046157,1
424,077701,1
424,168254,1
424,168033,1
424,271620,1
424,272888,1
424,271630,1
424,248689,1
424,030734,1
424,168181,-1
424,120192,1
424,005597,1
424,120150,1
424,005608,1
424,120211,1
424,272285,1
424,108396,1
424,066934,1
424,276176,1
424,078179,1
424,276174,1
424,249830,1
424,019998,1
424,120281,1
424,020022,1
424,020021,1
424,278591,1
424,078095,1
424,087395,1
424,127931,1
424,271161,-1
424,089324,1
424,089292,1
424,086554,1
424,086524,1
424,086536,1
424,086546,1
424,120209,1
424,078323,1
424,117335,1
424,029598,1
424,278154,1
424,078083,1
424,007212,1
424,120769,1
424,127871,1
424,117291,1
424,248670,1
424,243867,1
424,269503,1
424,078074,1
424,077225,1
424,254972,1
424,108120,-1
424,091111,1
424,005708,1
424,120335,1
424,005716,1
424,269506,1
424,243913,1
424,243783,1
424,029270,1
424,261153,1
424,277198,1
424,249389,1
424,233126,1
424,251520,1
424,259889,1
424,087412,1
424,087414,1
424,086794,1
424,087410,1
424,087411,1
424,078013,1
424,097250,1
424,097311,1
424,087278,1
424,259928,1
424,101904,1
424,233263,1
424,086239,1
424,278771,1
424,278753,1
424,278761,1
424,272699,1
424,098921,1
424,278814,1
424,233141,1
424,249219,1
424,249343,1
424,078068,1
424,086220,1
424,078046,1
424,080806,1
424,087384,1
424,223695,1
424,080808,1
424,098874,1
424,248977,1
424,237031,1
424,081057,1
424,080506,1
424,230705,1
424,089733,1
424,256857,1
424,083051,-1
424,240241,1
424,227981,1
424,080801,1
424,222744,1
424,087428,1
424,249956,1
424,241169,1
424,241195,1
424,258775,1
424,242790,1
424,278198,-1
424,242789,-1
424,086818,1
424,087320,1
424,272422,1
424,272331,1
424,272333,1
424,271127,1
424,271134,1
424,271295,1
424,258760,1
424,223673,1
424,261872,1
424,277659,1
424,278356,1
424,261764,1
424,262078,1
424,262079,1
424,261871,1
424,078218,1
424,078168,1
424,276493,1
424,273512,-1
424,276478,1
424,067109,1
424,081353,1
424,032359,1
424,254479,1
424,032384,1
424,032357,1
424,261296,-1
424,277912,-1
424,081474,-1
424,255880,1
424,254659,-1
424,083096,1
424,087323,1
424,094120,1
424,077977,1
424,077974,-1
424,087306,1
424,250487,1
424,168877,1
424,168559,1
424,262038,-1
424,240303,1
424,239836,1
424,067185,1
424,240766,1
424,242592,1
424,239871,1
424,229131,1
424,057903,1
424,121649,-1
424,244165,1
424,239936,1
424,199461,1
424,244078,1
424,236629,-1
424,277204,1
424,232999,1
424,147608,1
424,243825,1
424,032314,1
424,233462,-1
424,264291,1
424,243626,1
424,028237,1
424,243994,1
424,087307,1
424,163304,1
424,193781,-1
424,077875,1
424,249549,-1
424,233303,1
424,029071,1
424,029067,1
424,029069,1
424,251352,1
424,005672,1
424,120283,1
424,067757,1
424,270287,1
424,243882,1
424,066932,1
424,228822,1
424,233697,1
424,077432,1
424,077433,1
424,077324,1
424,077619,1
424,077310,1
424,087417,1
424,087354,1
424,254158,1
424,280622,-1
424,269006,1
424,087355,1
424,088428,-1
424,243884,1
424,199595,1
424,280238,1
424,280271,1
424,199550,1
424,199481,1
424,278712,1
424,066812,1
424,233693,1
424,255884,1
424,255890,1
424,286158,-1
424,240797,1
424,243873,1
424,211669,1
424,226249,1
424,228793,1
424,086943,1
424,228417,1
424,087893,1
424,087889,1
424,087963,1
424,087581,1
424,087604,1
424,087614,1
424,077312,1
424,278878,1
424,005714,1
424,200733,1
424,200346,1
424,083496,1
424,200621,1
424,200622,1
424,243784,1
424,086974,1
424,148647,1
424,134322,-1
424,244100,-1
424,243786,1
424,083468,-1
424,081134,-1
424,061409,1
424,087450,1
424,120305,1
424,032835,1
424,249405,1
424,066876,1
424,086166,1
424,278442,1
424,147386,1
424,007088,-1
424,241467,1
424,243616,1
424,241536,1
424,019330,1
424,256279,1
424,113062,1
424,277014,-1
424,256214,1
424,078084,1
424,233331,1
424,019327,1
424,193534,-1
424,140350,1
424,140385,1
424,140335,1
424,140387,1
424,140348,-1
424,140256,1
424,140399,-1
424,077693,1
424,210741,1
424,087100,1
424,233247,1
424,077516,1
424,087238,1
424,087714,-1
424,092525,-1
424,140347,-1
424,087436,1
424,085661,1
424,085671,1
424,238961,-1
424,087888,1
424,087892,1
424,087962,1
424,225939,1
424,086150,1
424,268680,-1
424,148885,1
424,148950,1
424,271214,-1
424,005661,-1
424,258215,1
424,273467,-1
424,013246,-1
424,252371,1
424,278142,1
424,042158,0
424,252440,1
424,014852,1
424,140342,-1
424,242780,-1
424,006931,1
424,272127,1
424,240730,-1
424,252918,1
424,228646,1
424,232651,-1
424,284298,1
424,228665,1
424,082684,1
424,067741,1
424,170308,-1
424,117736,-1
424,108822,1
424,043788,-1
424,272661,1
424,111703,-1
424,098057,-1
424,278453,1
424,120236,0
424,278384,-1
424,087035,1
424,087042,1
424,093897,1
424,029433,1
424,228836,-1
424,242344,0
424,244064,1
424,089697,-1
424,249831,1
424,140401,-1
424,042032,-1
424,237859,-1
424,241168,-1
424,124362,1
424,083395,-1
424,278250,1
424,046161,-1
424,244239,1
424,278251,1
424,278291,1
424,278285,1
424,081350,1
424,127883,-1
424,233491,-1
424,226210,-1
424,121650,-1
424,075651,-1
424,228220,1
424,225082,-1
424,269832,-1
424,250738,1
424,100239,-1
424,174579,-1
424,272119,1
424,272098,1
424,277811,-1
424,102057,-1
424,237701,0
424,257639,0
424,229859,-1
424,249832,1
424,140390,-1
424,089050,-1
424,006829,-1
424,277050,1
424,233400,1
424,101277,-1
424,242786,-1
424,270932,1
424,169509,-1
424,254657,-1
424,243366,-1
424,256920,1
424,241149,1
424,244398,-1
424,063776,-1
424,235849,1
424,235870,-1
424,086418,1
424,236584,-1
424,129431,-1
424,108846,1
424,239575,1
424,211773,1
424,211745,1
424,166211,-1
424,077278,-1
424,226464,1
424,226422,1
424,233197,-1
424,083411,-1
424,233696,-1
424,225686,-1
424,166497,-1
424,101906,-1
424,087328,-1
424,226537,-1
424,270934,-1
424,239549,-1
424,008837,0
424,175170,-1
424,260164,-1
424,229638,1
424,229637,-1
424,080787,-1
424,228797,-1
424,236520,-1
424,277907,-1
424,242783,-1
424,235820,1
424,140331,1
424,145136,-1
424,260413,-1
424,045964,-1
424,039477,-1
424,185465,-1
424,009159,-1
424,234528,1
424,234796,1
424,157785,-1
424,087777,-1
424,171019,-1
424,244417,1
424,099032,-1
424,072209,-1
424,005919,-1
424,244799,1
424,231930,-1
424,236547,-1
424,281948,-1
424,271297,1
424,227732,1
424,232666,-1
424,147352,-1
424,074794,-1
424,235988,-1
424,193541,-1
424,240922,1
424,233468,-1
424,066777,1
424,235828,1
424,067035,1
424,083448,-1
424,067006,1
424,236460,-1
424,067016,1
424,105382,-1
424,005635,0
424,108848,1
424,052385,-1
424,162940,-1
424,244101,-1
424,252706,-1
424,028772,-1
424,147320,-1
424,254469,1
424,083467,-1
424,263492,-1
424,254599,-1
424,003705,-1
424,235829,1
424,243762,1
424,080810,-1
424,118131,1
424,276536,-1
424,268646,-1
424,092198,0
424,078719,-1
424,265815,1
424,265845,-1
424,218876,-1
424,137623,-1
424,202927,-1
424,001292,-1
424,090037,-1
424,261294,1
424,222603,1
424,239561,-1
424,017513,-1
424,016551,-1
424,046159,-1
424,244831,1
424,079447,-1
424,089046,-1
424,264290,-1
424,225219,-1
424,254492,1
424,254477,1
424,253835,-1
424,095141,-1
424,254467,1
424,241217,1
424,241439,1
424,241435,1
424,241436,1
424,273245,-1
424,242779,-1
424,120679,-1
424,233469,-1
424,064622,-1
424,230185,-1
424,262745,-1
424,189247,-1
424,282849,-1
424,232998,-1
424,129916,-1
424,277908,-1
424,100948,-1
424,169472,-1
424,042165,0
424,211587,-1
424,276946,-1
424,289447,-1
424,168122,-1
424,242185,-1
424,014112,-1
424,042750,-1
424,095065,-1
424,024455,-1
424,238126,-1
424,095345,-1
424,164675,-1
424,028816,-1
424,240604,-1
424,129421,-1
424,089166,-1
424,230488,-1
424,066851,-1
424,194270,-1
424,043073,-1
424,000945,-1
424,098058,-1
424,081138,-1
424,242784,-1
424,169473,-1
424,173182,-1
424,087736,-1
424,099580,-1
424,156294,1
424,093103,-1
424,024806,-1
424,192245,-1
424,170279,-1
424,086375,-1
424,271193,-1
424,072254,-1
424,067175,-1
424,085903,-1
424,238213,-1
424,002463,-1
424,226266,1
424,280530,-1
424,265390,-1
424,225238,-1
424,244242,-1
424,005720,-1
424,089372,-1
424,163115,-1
424,090113,-1
424,236469,-1
424,039436,-1
424,066935,1
424,013617,-1
424,107661,1
424,107660,1
424,074487,1
424,074488,1
424,105427,-1
424,067129,-1
424,067047,-1
424,067811,-1
424,103245,-1
424,236843,-1
424,086599,1
424,086600,-1
424,193187,-1
424,080999,1
424,007028,-1
424,148320,-1
424,086566,-1
424,244083,1
424,244070,1
424,241931,-1
424,083027,1
424,083039,1
424,150675,-1
424,051189,-1
424,168042,0
424,025716,-1
424,078391,-1
424,145144,-1
424,241735,0
424,025629,-1
424,100342,-1
424,219381,-1
424,075043,-1
424,233012,-1
424,143276,-1
424,092153,0
424,236409,-1
424,282384,-1
424,005576,-1
424,120330,1
424,005709,1
424,006859,-1
424,005828,1
424,120440,1
424,129365,-1
424,101078,-1
424,276932,-1
424,108484,-1
424,127596,1
424,053480,-1
424,168567,-1
424,086114,-1
424,127597,1
424,116234,-1
424,127910,-1
424,068725,-1
424,067792,-1
424,041132,-1
424,092478,-1
424,233369,1
424,270469,-1
424,158989,0
424,125938,-1
424,169136,-1
424,237155,0
424,101912,-1
424,171059,-1
424,077005,-1
424,242638,-1
424,232458,-1
424,019212,-1
424,267962,-1
424,251886,-1
424,175268,-1
424,269972,-1
424,241689,-1
424,242797,-1
424,158621,0
424,087366,1
424,005744,-1
424,150204,-1
424,210524,-1
424,087479,-1
424,083162,-1
424,140283,-1
424,107838,-1
424,166113,-1
424,117254,1
424,109759,-1
424,234408,-1
424,102204,-1
424,239092,-1
424,019491,-1
424,276534,-1
424,062918,-1
424,260188,-1
424,168503,-1
424,087390,-1
424,071352,-1
424,077361,1
424,155218,-1
424,077357,-1
424,130126,-1
424,053842,-1
424,096878,-1
424,066936,-1
424,035916,-1
424,011470,-1
424,061659,-1
424,098244,-1
424,284672,-1
424,223297,-1
424,268251,0
424,052401,-1
424,039148,-1
424,226564,-1
424,174669,1
424,174664,1
424,170920,-1
424,175284,-1
424,173212,-1
424,236474,0
424,256626,-1
424,130043,-1
424,090103,-1
424,062193,-1
424,100940,-1
424,005695,-1
424,289444,-1
424,158612,-1
424,020615,-1
424,173999,-1
424,137796,-1
424,175156,-1
424,104330,-1
424,014539,-1
424,092524,-1
424,264535,-1
424,041805,-1
424,024823,-1
424,239219,-1
424,233465,-1
424,150200,-1
424,067132,-1
424,271004,-1
424,242781,-1
424,042581,-1
424,168579,-1
424,242833,-1
424,089169,-1
424,093710,-1
424,145130,-1
424,042386,1
424,167538,-1
424,244087,-1
424,085453,-1
424,278709,-1
424,236922,-1
424,193765,-1
424,104525,-1
424,028814,-1
424,256222,-1
424,234396,-1
424,140281,-1
424,042715,-1
424,083138,-1
424,193159,-1
424,241923,-1
424,260388,-1
424,120480,-1
424,229427,-1
424,082779,-1
424,110100,-1
424,091852,0
424,223330,-1
424,006890,-1
424,121648,-1
424,182276,-1
424,274021,-1
424,239097,-1
424,173215,-1
424,074780,-1
424,097464,-1
424,120848,-1
424,148319,-1
424,253903,-1
424,125830,-1
424,009169,-1
424,070072,-1
424,238531,-1
424,191743,-1
424,137792,-1
424,001391,-1
424,005656,-1
424,242983,-1
424,126968,-1
424,244639,-1
424,077524,-1
424,063986,-1
424,127557,-1
424,122745,-1
424,102716,-1
424,083918,-1
424,089458,-1
424,099450,-1
424,253958,-1
424,075009,-1
424,254076,1
424,238801,-1
424,266665,-1
424,236582,0
424,238314,0
424,051480,-1
424,277812,-1
424,009998,-1
424,265437,-1
424,054139,-1
424,253959,-1
424,000706,-1
424,169157,-1
424,082699,-1
424,173222,-1
424,273621,-1
424,226267,-1
424,282803,-1
424,068180,-1
424,237032,-1
424,263560,-1
424,077723,-1
424,042584,-1
424,088710,1
424,279832,-1
424,239109,-1
424,174019,-1
424,041061,-1
424,086606,1
424,046869,-1
424,000373,-1
424,189164,-1
424,196353,-1
424,232787,-1
424,075209,-1
424,249543,1
424,099025,-1
424,097583,-1
424,117016,-1
424,097398,-1
424,078697,-1
424,086574,1
424,092461,-1
424,170004,-1
424,038842,-1
424,141155,-1
424,202923,-1
424,098486,-1
424,091765,-1
424,159324,-1
424,083914,-1
424,168557,-1
424,236452,-1
424,010479,-1
424,196445,-1
424,061649,-1
424,142032,-1
424,067399,-1
424,081486,-1
424,232305,-1
424,264531,-1
424,149213,-1
424,101337,-1
424,130144,-1
424,045922,-1
424,168507,-1
424,064739,-1
424,089481,-1
424,009441,-1
424,176158,-1
424,028808,-1
424,185113,-1
424,104287,-1
424,019665,-1
424,277802,-1
424,116806,-1
424,238613,-1
424,041770,-1
424,193711,-1
424,060490,-1
424,083877,-1
424,042563,-1
424,280495,-1
424,150695,-1
424,120264,-1
424,045481,-1
424,182132,-1
424,284297,-1
424,090082,-1
424,100242,-1
424,039144,-1
424,243318,-1
424,066296,-1
424,034768,1
424,143209,-1
424,235273,-1
424,099270,-1
424,018038,-1
424,087358,1
424,251772,-1
424,286124,-1
424,078260,-1
424,173217,-1
424,242126,-1
424,234484,-1
424,068904,-1
424,095149,-1
424,276638,-1
424,242437,-1
424,053262,-1
425,137693,1
425,138033,1
425,137894,1
425,137874,1
425,137777,1
425,138157,1
425,138229,1
425,138102,1
425,137854,1
425,137745,1
425,137766,1
425,138113,1
425,138346,1
425,138331,1
425,138147,1
425,138221,1
425,138168,1
425,138122,1
425,138145,1
425,138203,1
425,138822,1
425,138177,1
425,138205,1
425,138134,1
425,138318,1
425,138271,1
425,138171,1
425,138677,1
425,138303,1
425,138275,1
425,138273,1
425,138280,1
425,138179,1
425,138111,1
425,138470,1
425,138225,1
425,138648,1
425,138138,1
425,138256,1
425,138136,1
425,138384,1
425,138826,1
425,138380,1
425,138262,1
425,138165,1
425,140084,1
425,138132,1
425,140086,1
425,138260,1
425,138523,1
425,138213,1
425,140932,1
425,138581,1
425,138266,1
425,138161,1
425,138185,1
425,138936,1
425,138207,1
425,138672,1
425,138223,1
425,138128,1
425,138199,1
425,138215,1
425,138217,1
425,138099,1
425,138464,1
425,138579,1
425,138173,1
425,138130,1
425,138235,1
425,138466,1
425,138181,1
425,138233,1
425,138201,1
425,138189,1
425,138151,1
425,138356,1
425,138118,1
425,138500,1
425,138246,1
425,138720,1
425,138183,1
425,138240,1
425,138163,1
425,138142,1
425,138388,1
425,006416,1
425,138828,1
425,138219,1
425,138258,1
425,138196,1
425,138149,1
425,138264,1
425,138109,1
425,138210,1
425,138353,1
425,138153,1
425,138361,1
425,138107,1
425,138295,1
425,138159,1
425,137816,1
425,137706,1
425,137904,1
425,137844,1
425,137965,1
425,137962,1
425,137848,1
425,137647,1
425,137659,1
425,137665,1
425,137826,1
425,137667,1
425,137870,1
425,137699,1
425,137828,1
425,137884,1
425,137889,1
425,137846,1
425,137634,1
425,137789,1
425,137824,1
425,137735,1
425,137720,1
425,137649,1
425,137727,1
425,137986,1
425,137806,1
425,138015,1
425,137775,1
425,137712,1
425,137820,1
425,137645,1
425,137697,1
425,137671,1
425,137747,1
425,137876,1
425,137882,1
425,137702,1
425,137880,1
425,137990,1
425,138029,1
425,137840,1
425,137663,1
425,137669,1
425,137959,1
425,137729,1
425,137878,1
425,137762,1
425,137731,1
425,138027,1
425,137691,1
425,137943,1
425,137677,1
425,137858,1
425,137704,1
425,137642,1
425,137980,1
425,137935,1
425,137740,1
425,137933,1
425,137685,1
425,137613,1
425,137737,1
425,138039,1
425,138070,1
425,137864,1
425,137716,1
425,137631,1
425,137674,1
425,137695,1
425,137682,1
425,137637,1
425,137842,1
425,137814,1
425,137618,1
425,137785,1
425,138278,1
425,137661,1
425,137679,1
425,137742,1
425,137787,1
425,137657,1
425,137837,1
425,137931,1
425,137654,1
425,137929,1
425,137900,1
425,137852,1
425,137688,1
425,138012,1
425,137850,1
425,137925,1
425,137749,1
425,138035,1
425,138124,1
425,138120,1
425,138156,1
425,138228,1
425,137602,1
425,138621,1
425,138623,1
425,138175,1
425,137599,1
425,137600,1
425,138169,1
425,137675,1
425,137733,1
425,135865,1
425,135673,1
425,135508,1
425,135506,1
425,135493,1
425,135479,1
425,135716,1
425,135491,1
425,135495,1
425,136009,1
425,135489,1
425,135502,1
425,135504,1
425,135497,1
425,005948,1
425,003654,0
425,115675,-1
425,135951,1
425,136640,1
425,135730,1
425,136491,1
425,135774,1
425,136661,1
425,135732,1
425,136675,1
425,135942,1
425,135783,1
425,135728,1
425,135759,1
425,136614,1
425,135953,1
425,135726,1
425,135742,1
425,136881,1
425,135957,1
425,135724,1
425,135858,1
425,135867,1
425,135787,1
425,135747,1
425,135752,1
425,135939,1
425,135767,1
425,136883,1
425,135750,1
425,135837,1
425,135818,1
425,135924,1
425,135776,1
425,135937,1
425,135879,1
425,136778,1
425,135900,1
425,135835,1
425,135791,1
425,135769,1
425,135761,1
425,135932,1
425,135824,1
425,135754,1
425,136477,1
425,135744,1
425,135839,1
425,137259,1
425,136591,1
425,137023,1
425,135926,1
425,135736,1
425,135830,1
425,135802,1
425,135955,1
425,135780,1
425,135935,1
425,135886,1
425,135855,1
425,135771,1
425,136801,1
425,135738,1
425,135827,1
425,135916,1
425,135797,1
425,135906,1
425,135869,1
425,135809,1
425,135785,1
425,136793,1
425,136541,1
425,135890,1
425,135765,1
425,135914,1
425,135799,1
425,135763,1
425,135795,1
425,135861,1
425,135793,1
425,135848,1
425,135778,1
425,135911,1
425,135852,1
425,136381,1
425,135757,1
425,136404,1
425,136701,1
425,135734,1
425,003842,1
425,135873,1
425,136414,1
425,136545,1
425,136468,1
425,136593,1
425,136430,1
425,136423,1
425,136685,1
425,136644,1
425,137141,1
425,136561,1
425,136695,1
425,136775,1
425,136386,1
425,136503,1
425,136400,1
425,136391,1
425,136396,1
425,136409,1
425,136466,1
425,136450,1
425,136441,1
425,136547,1
425,136507,1
425,136496,1
425,137051,1
425,136398,1
425,136664,1
425,136617,1
425,136425,1
425,136595,1
425,136470,1
425,136582,1
425,136551,1
425,136580,1
425,136605,1
425,136435,1
425,136383,1
425,136493,1
425,136610,1
425,136394,1
425,136608,1
425,137153,1
425,136388,1
425,136501,1
425,136419,1
425,136499,1
425,136586,1
425,136691,1
425,136474,1
425,136505,1
425,136576,1
425,136629,1
425,136464,1
425,136578,1
425,006101,1
425,135740,1
425,003896,1
425,136680,1
425,003861,1
425,136351,1
425,003944,1
425,003859,1
425,003846,1
425,003852,1
425,003884,1
425,136157,1
425,003851,1
425,003966,1
425,003877,1
425,136873,1
425,003935,1
425,135882,1
425,003914,1
425,136722,1
425,003962,1
425,003868,1
425,136238,1
425,003980,1
425,003849,1
425,003883,1
425,003916,1
425,003865,1
425,003959,1
425,003976,1
425,136378,1
425,003893,1
425,003853,1
425,003951,1
425,003882,1
425,003870,1
425,006131,1
425,003895,1
425,003880,1
425,003977,1
425,137197,1
425,003971,1
425,005891,1
425,136811,1
425,003924,1
425,006059,1
425,003899,1
425,003891,1
425,004015,1
425,136673,1
425,003888,1
425,005979,1
425,005931,1
425,003872,1
425,137094,1
425,005848,1
425,003894,1
425,005915,1
425,029613,-1
425,138121,1
425,138123,1
425,138622,1
425,003975,1
425,005967,1
425,003866,1
425,137857,1
425,138170,1
425,137815,1
425,138150,1
425,136777,1
425,138234,1
425,138180,1
425,138224,1
425,138119,1
425,003955,1
425,138302,1
425,138182,1
425,138827,1
425,138178,1
425,137924,1
425,137701,1
425,138294,1
425,137847,1
425,138825,1
425,138202,1
425,138274,1
425,137888,1
425,137961,1
425,138379,1
425,137617,1
425,137786,1
425,137788,1
425,137985,1
425,137646,1
425,137964,1
425,138220,1
425,137989,1
425,137765,1
425,135746,1
425,136639,1
425,135739,1
425,135751,1
425,138330,1
425,135773,1
425,138011,1
425,135784,1
425,135741,1
425,138200,1
425,135931,1
425,138144,1
425,138146,1
425,135756,1
425,137784,1
425,138106,1
425,138127,1
425,138141,1
425,138133,1
425,138131,1
425,138164,1
425,138135,1
425,138239,1
425,138184,1
425,138129,1
425,138148,1
425,137684,1
425,138014,1
425,137849,1
425,138034,1
425,137805,1
425,137681,1
425,138216,1
425,137703,1
425,138245,1
425,137726,1
425,138255,1
425,135934,1
425,137705,1
425,137612,1
425,137658,1
425,137670,1
425,137741,1
425,137845,1
425,138108,1
425,137694,1
425,136613,1
425,138174,1
425,135851,1
425,137711,1
425,136585,1
425,136350,1
425,137739,1
425,136540,1
425,135885,1
425,137673,1
425,137744,1
425,136690,1
425,004049,1
425,136592,1
425,136382,1
425,135854,1
425,135838,1
425,135950,1
425,137644,1
425,137664,0
425,138647,1
425,137648,1
425,004001,1
425,136692,1
425,006314,1
425,138277,1
425,135872,1
425,136387,1
425,137715,1
425,137843,1
425,005989,1
425,135758,1
425,138352,1
425,137761,1
425,138465,1
425,137839,1
425,137841,1
425,138232,1
425,004047,1
425,135768,1
425,135733,1
425,006008,1
425,135782,0
425,138373,1
425,004000,1
425,003878,1
425,003969,1
425,138448,1
425,136420,1
425,136121,1
425,136109,1
425,136161,1
425,003889,1
425,003879,1
425,004055,1
425,136145,1
425,134874,-1
425,004023,1
425,003874,1
425,003979,1
425,003994,1
425,008463,1
425,137005,1
425,135910,1
425,005875,1
425,139785,1
425,004044,1
425,003876,1
425,005906,1
425,139835,1
425,003995,1
425,136167,1
425,136158,1
425,136203,1
425,003941,1
425,008436,1
425,003860,1
425,003913,1
425,137822,1
425,004057,1
425,004063,1
425,136471,1
425,136267,1
425,136231,1
425,135823,1
425,135753,1
425,135749,1
425,003850,1
425,136672,1
425,006014,1
425,136131,1
425,136105,1
425,135777,1
425,135826,1
425,136660,1
425,135760,1
425,135727,1
425,135938,1
425,135790,1
425,136792,1
425,135743,1
425,135860,1
425,136403,1
425,004024,1
425,135779,1
425,005945,1
425,005889,1
425,180766,1
425,180763,-1
425,135801,1
425,135868,1
425,135775,1
425,135723,1
425,135735,1
425,004003,1
425,135874,1
425,136674,1
425,137019,1
425,136490,1
425,136774,1
425,136315,1
425,135878,1
425,138078,1
425,005852,1
425,137258,1
425,003890,1
425,135913,1
425,135956,1
425,135875,1
425,005894,1
425,135952,1
425,137666,1
425,004045,1
425,003900,1
425,006127,1
425,138101,0
425,136201,1
425,136212,1
425,003907,1
425,136700,1
425,136498,0
425,058035,1
425,003915,1
425,139851,1
425,014118,1
425,141211,1
425,141367,1
425,135923,0
425,003937,1
425,006247,1
425,136149,1
425,135970,1
425,135969,1
425,138727,1
425,003719,-1
425,141374,1
425,008631,1
425,138092,1
425,037196,-1
425,135731,0
425,004094,1
425,138620,0
425,137054,1
425,136198,1
425,137053,1
425,141370,1
425,141386,1
425,141040,1
425,138800,1
425,136259,-1
425,012896,0
425,135808,1
425,138548,1
425,138509,1
425,139832,1
425,046141,-1
425,006494,1
425,140097,1
425,120374,-1
425,227655,-1
425,137063,1
425,136321,1
425,136200,1
425,126253,-1
425,136594,1
425,137660,0
425,003597,-1
425,119511,-1
425,136122,1
425,003656,0
425,140426,0
425,079933,-1
425,138227,-1
425,136101,1
425,003885,1
425,135817,0
425,136380,0
425,226197,0
425,222886,0
425,135792,1
425,209258,-1
425,003875,-1
425,005904,1
425,081289,-1
425,154643,1
425,003659,1
425,008469,-1
425,140931,-1
425,135794,0
425,023642,-1
425,078687,-1
425,188876,0
425,135766,0
425,225991,0
425,136500,0
425,138719,-1
425,025895,0
425,135796,0
425,136217,1
425,225416,-1
425,004053,1
425,114594,-1
425,011219,-1
425,138218,0
425,173604,-1
425,016260,-1
425,143741,-1
425,155391,-1
425,138888,-1
425,135881,1
425,135786,0
425,135365,-1
425,044817,-1
425,136355,1
425,006277,-1
425,005959,1
425,138155,-1
425,187227,-1
425,137653,0
425,037130,0
425,229950,-1
425,224283,-1
425,138069,-1
425,282404,-1
425,011081,1
425,006551,-1
425,135836,0
425,136836,0
425,137050,0
425,008513,-1
425,140095,-1
425,037663,-1
425,005754,-1
425,004077,1
425,137022,0
425,000280,-1
425,141640,-1
425,040382,-1
425,287389,-1
425,138098,0
425,135857,0
425,136008,1
425,135490,1
425,135864,-1
425,135715,-1
425,010747,-1
425,079648,-1
425,049150,-1
425,135764,0
425,000427,-1
425,049066,-1
425,136393,0
425,135478,1
425,006463,-1
425,135494,1
425,135488,1
425,135501,-1
425,138222,-1
425,138288,-1
425,135925,-1
425,006019,-1
425,003014,-1
425,151390,-1
425,138167,-1
425,137776,0
425,147550,-1
425,126257,-1
425,135762,0
425,115564,-1
425,102812,-1
425,136923,1
425,113798,-1
425,227784,0
425,226201,0
425,015118,-1
425,136751,0
425,135829,0
425,138265,-1
425,047202,-1
425,047160,-1
425,235840,-1
425,138927,-1
425,075607,-1
425,205997,-1
425,138206,-1
425,274647,-1
425,088905,-1
425,172772,-1
425,207347,0
425,110720,-1
425,037372,0
425,136932,-1
425,043039,-1
425,137893,-1
425,009886,0
425,138110,-1
425,146984,-1
425,225620,0
425,016902,-1
425,136884,1
425,051182,-1
425,045815,-1
425,003254,1
425,171051,-1
425,010404,-1
425,131896,-1
425,023431,-1
425,198430,-1
425,129840,-1
425,079602,-1
425,138251,-1
425,145352,-1
425,276747,1
425,112983,-1
425,013244,-1
425,081313,-1
425,219690,-1
425,138214,0
425,141793,-1
425,015864,-1
425,229815,-1
425,160565,-1
425,162220,-1
425,075034,-1
425,141113,-1
425,012942,-1
425,002341,-1
425,137687,-1
425,229918,-1
425,137547,-1
425,003826,-1
425,068052,-1
425,138324,0
425,079818,-1
425,003657,-1
425,197497,-1
425,275576,-1
425,138172,0
425,138935,-1
425,138289,-1
425,023776,-1
425,039191,-1
425,069639,-1
425,137736,0
425,010671,-1
425,137819,-1
425,159263,-1
425,006606,-1
425,225745,-1
425,229814,-1
425,136682,-1
425,177350,-1
425,222301,-1
425,067613,-1
425,132696,-1
425,114044,-1
425,025152,-1
425,003190,-1
425,013375,-1
425,155434,-1
425,136800,0
425,126263,-1
425,222888,0
425,055872,-1
425,137656,0
425,136199,-1
425,133922,-1
425,136100,-1
425,135737,-1
425,213848,-1
425,244250,-1
425,138198,-1
425,024189,-1
425,151849,0
425,003658,-1
425,053572,-1
425,282408,-1
425,225446,-1
425,008468,-1
425,042390,-1
425,043288,-1
425,044822,-1
425,282260,-1
425,138360,-1
425,061935,-1
425,137873,0
425,198449,-1
425,044234,-1
425,013500,-1
425,006629,-1
425,080112,1
425,080119,1
425,079894,-1
425,074875,-1
425,079911,-1
425,079953,-1
425,015693,-1
425,203704,-1
425,075104,-1
425,113975,-1
425,138383,-1
425,173354,-1
425,161519,-1
425,023162,0
425,214064,-1
425,004089,-1
425,018954,-1
425,040562,-1
425,223093,-1
425,139465,-1
425,079742,-1
425,037654,-1
425,011645,1
425,078680,-1
425,223803,-1
425,008719,-1
425,079902,-1
425,287406,-1
425,125624,-1
425,006332,-1
425,138270,0
425,137491,-1
425,159916,-1
425,114075,-1
425,146400,-1
425,152669,0
425,111358,-1
425,289049,-1
425,038970,-1
425,002731,-1
425,079888,-1
425,003522,-1
425,025439,0
425,138463,-1
425,204714,-1
425,042267,-1
425,272048,-1
425,039198,-1
425,135904,-1
425,139246,-1
425,003645,-1
425,023477,-1
425,112580,-1
425,136565,-1
425,138152,0
425,137140,0
425,235893,-1
425,006321,0
425,038167,-1
425,271091,-1
425,276408,-1
425,006648,-1
425,079643,-1
425,138038,-1
425,137748,-1
425,221752,-1
425,046065,-1
425,079813,-1
425,136497,-1
425,144806,-1
425,168449,-1
425,137317,-1
425,180259,-1
425,165530,-1
425,144468,-1
425,049365,-1
425,023752,-1
425,027733,-1
425,075458,-1
425,136123,-1
425,042584,-1
425,135672,-1
425,138355,-1
425,137728,0
425,239821,-1
425,138893,-1
425,274065,-1
425,008791,-1
425,022685,-1
425,137203,-1
425,075809,-1
425,006242,-1
425,002576,-1
425,168483,-1
425,136413,0
425,027800,0
425,005866,-1
425,037144,0
425,138912,0
425,137863,0
425,000336,0
425,227018,-1
425,217451,-1
425,138272,0
425,037659,-1
425,151395,-1
425,115989,-1
425,081333,-1
425,013473,-1
425,079805,-1
425,135507,-1
425,016997,-1
425,025986,0
425,274040,-1
425,135866,0
425,138517,-1
425,079772,0
425,162292,-1
425,126271,-1
425,133857,-1
425,173336,-1
425,159915,-1
425,051179,-1
425,138137,-1
425,272819,-1
425,042392,-1
425,137356,-1
425,015002,-1
425,117530,-1
425,084024,-1
425,214346,0
425,205499,0
425,024729,-1
425,117203,-1
425,112169,-1
425,139231,-1
425,079339,-1
425,135720,-1
425,013489,-1
425,005115,-1
425,138212,0
425,113851,-1
425,124933,-1
425,135148,-1
425,172955,-1
425,037348,0
425,138026,-1
425,025884,-1
425,287506,-1
425,051184,-1
425,019149,-1
425,138925,-1
425,070166,-1
425,138160,1
425,138162,-1
425,138263,0
425,138117,-1
425,042563,-1
425,140182,-1
425,137429,-1
425,137827,-1
425,016856,-1
425,221754,-1
425,036507,-1
425,168482,-1
425,014474,-1
425,138821,-1
425,053545,-1
425,118075,-1
425,015937,-1
425,025565,-1
425,268662,-1
425,133158,-1
425,079598,-1
425,138959,-1
425,078862,-1
425,081435,-1
425,136718,-1
425,172976,-1
425,172135,-1
425,221524,-1
425,145887,-1
425,146399,-1
425,148718,-1
425,037907,-1
425,203535,-1
425,138204,-1
425,137730,0
425,051954,-1
425,136742,0
425,136408,0
425,163998,-1
425,039005,-1
425,060254,-1
425,137851,-1
425,138188,0
425,274175,-1
425,139739,-1
425,144752,-1
425,075859,-1
425,188877,-1
425,137152,-1
425,223797,-1
425,159663,-1
425,079778,-1
425,003562,-1
425,138469,-1
425,043572,-1
425,008550,-1
425,079878,-1
425,013383,-1
425,138209,-1
425,204832,-1
425,027734,0
425,018646,-1
425,023158,1
425,023470,-1
425,023163,-1
425,003767,0
425,006617,-1
425,124176,-1
425,038719,-1
425,138345,-1
425,221503,-1
425,161542,-1
425,123139,-1
425,006669,-1
425,043877,-1
425,274097,-1
425,085843,-1
425,201450,-1
425,098435,-1
425,214435,-1
425,103339,-1
425,057553,-1
425,174709,-1
425,137883,-1
425,172774,-1
425,263760,-1
425,236030,-1
425,101140,-1
425,219642,-1
425,027732,-1
425,078999,-1
425,008669,-1
425,139304,-1
425,137813,-1
425,013761,-1
425,015810,-1
425,244355,-1
425,216123,-1
425,038246,-1
425,139019,-1
425,173170,-1
425,113444,-1
425,136590,0
425,136230,-1
425,006496,0
425,222276,-1
425,113510,-1
425,135798,-1
425,124120,-1
425,092138,-1
425,025602,0
425,051524,-1
425,264137,0
425,161545,-1
425,062159,-1
425,023475,-1
425,005857,-1
425,156223,-1
425,213141,-1
425,053777,-1
425,217490,-1
425,138096,-1
425,170233,-1
425,139358,-1
425,136390,-1
425,078441,-1
425,079731,-1
425,006603,-1
425,175694,-1
425,165310,-1
425,131287,-1
425,003799,-1
425,037657,-1
425,279409,-1
425,016077,-1
425,112740,-1
425,051167,0
425,135905,0
425,029642,-1
425,013448,-1
425,136094,-1
425,138598,-1
425,257775,-1
425,000733,-1
425,114946,-1
425,137696,0
425,133149,-1
425,010806,-1
425,113475,-1
425,138764,-1
425,037292,-1
425,116664,-1
425,212347,-1
425,191050,-1
425,013470,-1
425,202247,-1
425,136560,-1
425,136220,-1
425,074632,-1
425,114039,-1
425,139988,-1
425,217904,-1
425,138761,-1
425,164132,-1
425,023491,-1
425,274030,-1
425,003573,-1
425,271142,-1
425,162216,-1
425,003699,-1
425,040661,-1
425,012415,-1
425,268513,-1
425,075741,-1
425,116500,-1
425,192504,-1
425,043678,-1
425,155606,-1
425,110574,-1
425,137633,-1
425,048449,-1
425,135899,0
425,120483,-1
425,138112,-1
425,006482,-1
425,138829,0
425,027808,0
425,138368,-1
425,137903,-1
425,267318,-1
425,142318,-1
425,274138,-1
425,190916,-1
425,137869,-1
425,272824,-1
425,042394,-1
425,011228,-1
425,136663,-1
425,164291,-1
425,113170,-1
425,043574,-1
425,078429,-1
425,020685,-1
425,078926,-1
425,213318,-1
425,137425,-1
425,202380,-1
425,003611,0
425,128954,-1
425,006561,-1
425,155847,-1
425,027777,-1
425,276737,-1
425,116583,-1
425,143198,-1
425,006226,-1
425,006645,-1
425,127520,-1
425,053782,-1
425,222756,-1
425,219682,-1
425,059382,-1
425,079126,-1
425,138578,-1
425,138499,-1
425,217507,-1
425,205541,-1
425,138555,-1
425,017912,-1
425,216132,-1
425,011074,-1
425,118024,-1
425,000375,-1
425,236043,-1
425,135438,-1
425,027280,-1
425,166012,-1
425,153112,-1
425,137367,-1
425,013449,-1
425,116949,-1
425,002819,-1
425,043210,-1
425,138238,-1
425,164990,-1
425,046898,-1
425,026223,-1
425,194570,-1
425,138676,-1
425,141648,-1
425,043380,-1
425,035200,-1
425,075190,-1
425,225449,-1
425,027775,0
425,135729,0
425,006261,-1
425,110773,-1
425,010567,-1
425,000478,-1
425,115957,-1
425,020501,-1
425,003353,-1
425,143531,-1
425,227072,-1
425,013847,-1
425,138939,-1
425,123925,-1
425,138750,-1
425,086354,-1
425,075372,-1
425,165532,-1
425,080933,-1
425,274325,-1
425,167512,-1
425,075571,-1
425,046263,-1
425,205092,-1
425,138176,-1
425,138279,-1
425,027620,-1
425,006276,0
425,002809,-1
425,163926,-1
425,154663,-1
425,143497,-1
425,270837,-1
425,167926,-1
425,135702,-1
425,136467,-1
425,013391,-1
425,043527,-1
425,043000,-1
425,137276,-1
425,006017,-1
425,010811,1
425,135302,-1
425,140008,-1
425,111737,-1
425,134328,-1
425,006272,-1
425,051232,0
425,082005,-1
425,011048,-1
425,201436,-1
425,001989,-1
425,168672,-1
425,005265,-1
425,115670,-1
425,157487,-1
425,137003,-1
425,075342,-1
425,114937,-1
425,116864,-1
425,118187,-1
425,029683,0
425,141048,-1
425,275555,-1
425,213861,-1
425,015899,-1
425,205540,-1
425,222014,-1
425,138317,-1
425,267418,-1
425,080156,-1
425,183410,-1
425,224300,-1
425,026052,-1
425,140131,-1
425,141847,-1
425,160896,-1
425,153368,-1
425,010762,-1
425,014255,-1
425,042942,-1
425,168631,-1
425,276622,-1
425,043898,-1
425,136728,-1
425,151851,-1
425,136171,-1
425,113517,-1
425,166011,-1
425,042891,-1
425,222280,-1
425,045584,-1
425,027148,-1
425,206669,-1
425,244354,-1
425,034862,-1
425,270263,-1
425,138961,-1
425,263767,-1
426,203540,-1
426,285606,-1
426,026382,-1
426,118102,-1
426,233745,-1
426,231409,1
426,231411,1
426,231424,1
426,231609,1
426,221631,1
426,221636,1
426,221682,1
426,221595,1
426,231232,1
426,231228,1
426,231242,1
426,231233,1
426,231243,1
426,231229,1
426,231234,1
426,231244,1
426,231230,1
426,228972,1
426,231286,1
426,231283,1
426,231307,1
426,231313,1
426,231255,1
426,227946,1
426,229194,1
426,231271,1
426,231272,1
426,231302,1
426,234490,1
426,242895,1
426,229011,1
426,229047,1
426,229357,1
426,229359,1
426,229352,1
426,231388,1
426,229021,-1
426,256301,1
426,229179,1
426,234390,1
426,256312,1
426,234086,1
426,229310,1
426,017844,1
426,229361,1
426,242922,1
426,229424,1
426,242910,1
426,242928,1
426,242982,1
426,234388,1
426,229238,1
426,233944,1
426,094070,-1
426,233952,1
426,234119,1
426,229439,1
426,229548,1
426,229207,1
426,231112,1
426,231120,1
426,231148,1
426,234012,1
426,229516,1
426,229531,1
426,231119,1
426,239739,-1
426,234087,1
426,136485,-1
426,234052,1
426,194720,1
426,194722,1
426,155637,-1
426,221594,1
426,221635,1
426,221630,1
426,221681,1
426,001764,-1
426,191439,1
426,196315,1
426,196599,1
426,191054,1
426,196601,1
426,196587,1
426,191448,1
426,196314,1
426,196586,1
426,191053,1
426,158734,1
426,229423,1
426,098838,-1
426,196598,1
426,196600,1
426,235491,-1
426,221680,1
426,229351,1
426,239329,-1
426,221270,-1
426,195958,-1
426,234389,1
426,108999,-1
426,164189,-1
426,229358,1
426,229356,1
426,254778,-1
426,121352,-1
426,156735,-1
426,132996,-1
426,021455,-1
426,143220,-1
426,233919,1
426,063206,-1
426,234558,-1
426,235052,-1
426,199374,-1
426,157972,-1
426,176869,-1
426,170765,1
426,170262,1
426,170776,1
426,170559,1
426,170767,1
426,170739,1
426,009546,-1
426,196536,1
426,008860,-1
426,196537,-1
426,239253,-1
426,006041,-1
426,177811,-1
426,227223,-1
426,194194,-1
426,241214,-1
426,237973,-1
426,239745,-1
426,001655,-1
426,136512,-1
426,143643,-1
426,228533,-1
426,185805,-1
426,171700,-1
426,279166,-1
426,196036,-1
426,139269,-1
426,257910,-1
426,240299,-1
426,162218,-1
426,225125,-1
426,229241,1
426,155631,-1
426,187340,-1
426,143504,-1
426,109571,-1
426,121995,-1
426,002784,-1
426,016658,-1
426,208778,-1
426,135449,-1
426,229074,1
426,241869,-1
426,280971,-1
426,227366,-1
426,278545,-1
426,002029,-1
426,223731,-1
426,150922,-1
426,171549,-1
426,272307,-1
426,254979,-1
426,197156,-1
426,182771,-1
426,240628,-1
426,241100,-1
426,227212,-1
426,139913,-1
426,030800,-1
426,196538,-1
426,207182,-1
426,104125,-1
426,241690,-1
426,015689,-1
426,229720,-1
426,164360,-1
426,281242,-1
426,279860,-1
426,176879,-1
426,007939,-1
426,161991,-1
426,233287,-1
426,257483,-1
426,223571,-1
426,006365,-1
426,134032,-1
426,177805,-1
426,187421,-1
426,229018,-1
426,029696,-1
426,237975,-1
426,001878,-1
426,013863,-1
426,178491,-1
426,225222,-1
426,121913,-1
426,108888,-1
426,171709,-1
426,239800,-1
426,232015,-1
426,223397,-1
426,256766,-1
426,155514,-1
426,000151,-1
426,229000,1
426,228948,1
426,228999,-1
426,228997,1
426,168650,-1
426,019043,-1
426,101537,-1
426,223274,-1
426,265356,-1
426,232912,-1
426,169942,-1
426,212280,-1
426,282351,-1
426,270101,1
426,270033,1
426,028686,-1
426,154551,-1
426,240971,-1
426,285859,-1
426,231084,-1
426,138774,-1
426,158090,-1
426,222261,-1
426,143206,-1
427,203076,1
427,203072,1
427,253602,1
427,253501,1
427,253675,1
427,253701,1
427,253557,1
427,253600,1
427,253575,1
427,253570,1
427,253449,1
427,253425,1
427,253571,1
427,253354,1
427,253502,1
427,253576,1
427,253558,1
427,244471,1
427,244451,1
427,234290,1
427,234289,0
427,256099,1
427,256022,1
427,255936,1
427,210748,1
427,210965,1
427,109210,1
427,109198,1
427,108911,1
427,109176,1
427,108880,1
427,108912,1
427,108832,1
427,202384,1
427,202398,0
427,001554,1
427,146539,1
427,244365,1
427,244353,1
427,244366,1
427,244367,1
427,244261,1
427,244426,1
427,244436,1
427,244423,1
427,088010,1
427,202633,0
427,244425,1
427,265042,1
427,250887,1
427,025484,0
427,229964,1
427,229876,1
427,242947,1
427,070150,1
427,103323,1
427,070147,1
427,103320,1
427,103344,1
427,070171,1
427,203074,0
427,118966,-1
427,257428,0
427,229701,1
427,015242,0
427,287168,1
427,202847,-1
427,287669,1
427,127390,-1
427,197534,1
427,067812,1
427,067843,1
427,067839,1
427,201815,1
427,281992,0
427,197450,1
427,234372,1
427,234371,1
427,184695,1
427,184706,1
427,201813,1
427,197440,1
427,210803,1
427,210735,1
427,258502,1
427,262084,-1
427,275040,1
427,275063,1
427,275029,1
427,243224,1
427,243558,1
427,211988,0
427,243559,1
427,080223,1
427,224535,1
427,237379,1
427,237336,1
427,237378,0
427,199226,1
427,199222,1
427,199154,1
427,199160,1
427,199153,1
427,199156,1
427,119338,-1
427,023998,-1
427,017574,1
427,256767,1
427,256770,1
427,257917,1
427,225400,1
427,191952,1
427,101493,1
427,191960,1
427,192027,1
427,258373,1
427,255060,1
427,080833,1
427,187602,1
427,258244,1
427,230124,0
427,019075,1
427,193752,-1
427,254881,0
427,244502,1
427,226419,1
427,199662,1
427,199768,1
427,201756,1
427,199458,1
427,199482,1
427,199558,1
427,199502,1
427,199483,1
427,208414,1
427,208678,1
427,202689,1
427,208975,1
427,200471,0
427,208051,1
427,208007,1
427,208029,1
427,208997,1
427,208018,0
427,111431,-1
427,209712,0
427,202344,1
427,284516,-1
427,206995,1
427,207193,1
427,282970,0
427,220336,-1
427,183853,1
427,128478,1
427,128627,1
427,155811,1
427,257243,1
427,257343,1
427,227462,1
427,257272,1
427,227546,0
427,254186,1
427,129905,-1
427,210756,1
427,254170,1
427,254225,1
427,254165,1
427,254169,1
427,226560,0
427,244363,1
427,243497,1
427,243857,1
427,243496,1
427,243811,1
427,243818,1
427,243779,1
427,243561,0
427,243843,1
427,244341,1
427,243780,1
427,243208,1
427,233435,1
427,250338,1
427,243401,1
427,244435,0
427,243186,1
427,131200,-1
427,243834,1
427,243862,1
427,244136,1
427,243528,0
427,250339,1
427,243402,1
427,201964,1
427,201963,1
427,201958,1
427,032000,1
427,196270,1
427,031977,1
427,201638,1
427,258357,1
427,202237,1
427,208546,1
427,200003,1
427,253574,1
427,202262,1
427,199967,1
427,253995,0
427,205796,1
427,208579,1
427,206434,1
427,206423,1
427,190565,0
427,036482,-1
427,204245,1
427,023279,-1
427,202794,1
427,209668,-1
427,199799,1
427,205335,-1
427,242624,1
427,240501,1
427,250646,0
427,064349,1
427,229632,1
427,234399,0
427,211355,1
427,202309,1
427,183845,1
427,207523,1
427,088676,-1
427,253060,1
427,228910,1
427,256772,0
427,239616,1
427,239624,0
427,228781,1
427,228782,1
427,228911,1
427,275249,0
427,202363,1
427,202334,1
427,206808,1
427,206797,1
427,253569,0
427,199800,1
427,201516,0
427,210978,1
427,206698,1
427,206720,1
427,206709,1
427,209030,1
427,274400,0
427,119306,-1
427,244143,1
427,158978,-1
427,244732,0
427,207204,1
427,123137,-1
427,207754,0
427,068249,-1
427,256434,0
427,242472,0
427,256572,1
427,256203,1
427,256173,0
427,256206,0
427,272444,0
427,226922,1
427,216167,1
427,226559,0
427,220319,-1
427,208535,0
427,201642,1
427,258430,0
427,127602,-1
427,227785,-1
427,199644,0
427,086685,0
427,042964,-1
427,208986,0
427,112648,-1
427,256783,1
427,209438,0
427,186613,-1
427,220326,-1
427,261447,0
427,254637,1
427,248488,-1
427,183146,-1
427,202623,-1
427,164495,0
427,048962,-1
427,276412,-1
427,257421,0
427,282164,1
427,230544,-1
427,188415,-1
427,261392,0
427,160173,0
427,203070,0
427,256546,0
427,284401,-1
427,281926,0
427,254175,0
427,115627,0
427,275809,0
427,230165,-1
427,275199,-1
427,256803,0
427,253926,0
427,035088,-1
427,195772,-1
427,226164,0
427,120300,-1
427,226845,-1
427,282982,0
427,206885,1
427,285876,-1
427,196771,-1
427,238027,0
427,256403,0
427,127751,0
427,004979,-1
427,149643,-1
427,165376,0
427,112197,-1
427,162405,-1
427,203026,-1
427,187662,0
427,033087,0
427,261077,-1
427,109720,-1
427,205763,-1
427,190683,0
427,204446,0
427,235020,-1
427,261579,1
427,257594,-1
427,000853,-1
427,196134,-1
427,115447,0
427,191528,-1
427,230075,1
427,211942,-1
427,112671,-1
427,232251,-1
427,251246,0
427,145335,-1
427,251950,0
427,194468,-1
427,199440,-1
427,111333,-1
427,201723,1
427,201733,1
427,226161,1
427,226151,-1
427,230040,0
427,223203,-1
427,228189,-1
427,201852,0
427,287928,-1
427,025431,-1
427,271664,1
427,271663,1
427,241117,0
427,272517,0
427,261667,0
427,030829,-1
427,274359,0
427,256433,0
427,196421,-1
427,256536,1
427,256436,0
427,227733,-1
427,161276,-1
427,255270,0
427,160296,-1
427,271719,-1
427,113760,0
427,289955,-1
427,187674,0
427,218758,0
427,239731,-1
427,188401,-1
427,157844,-1
427,127522,-1
427,004761,-1
427,230551,-1
427,198007,-1
427,201844,-1
427,127507,-1
427,033082,-1
427,220284,-1
427,274418,0
427,154643,-1
427,160194,0
427,115619,0
427,284989,-1
427,210877,0
427,191808,-1
427,166606,-1
427,132183,0
427,256816,0
427,250896,-1
427,231045,-1
427,227902,-1
427,274870,-1
427,205543,-1
427,247927,-1
427,278209,-1
427,163069,-1
427,275586,0
427,196187,-1
427,199288,0
427,021243,-1
427,256168,0
427,195561,-1
427,267467,0
427,184747,1
427,164499,0
427,160874,-1
427,255320,-1
427,228488,1
427,287717,-1
427,258129,-1
427,157249,-1
427,258272,-1
427,143468,-1
427,124291,-1
427,014947,-1
427,257907,-1
427,099631,-1
427,160364,-1
427,127563,-1
427,222932,-1
427,046252,-1
427,186369,-1
427,161181,-1
427,222390,-1
427,199528,-1
427,025463,-1
427,220772,-1
427,250561,-1
427,126943,-1
427,074555,-1
427,159485,-1
427,096147,-1
427,258446,0
427,229146,-1
427,113576,-1
427,241077,0
427,038657,-1
427,034249,-1
427,083886,-1
427,244774,-1
427,143419,-1
427,136116,0
427,013466,-1
427,023275,-1
427,005501,-1
427,257456,0
427,191416,-1
427,076573,-1
427,240791,0
427,135459,-1
427,243826,0
427,131906,-1
427,261575,0
427,203483,-1
427,287163,-1
427,197669,0
427,112706,-1
427,164410,0
427,144564,-1
427,200314,-1
427,276599,-1
427,284512,-1
427,009821,-1
427,101345,-1
427,082331,-1
427,101672,-1
428,050801,-1
428,005290,-1
428,092723,-1
428,000796,1
428,226152,0
428,129954,-1
428,011450,1
428,009983,1
428,096172,1
428,099700,1
428,098003,1
428,096368,1
428,099409,1
428,098690,1
428,099701,1
428,098526,1
428,003300,-1
428,091881,1
428,091844,1
428,025719,1
428,065672,1
428,080088,1
428,023633,-1
428,039946,1
428,039926,1
428,074591,1
428,039513,0
428,052620,-1
428,074522,1
428,078546,1
428,266942,1
428,266890,1
428,069040,1
428,223496,1
428,199850,1
428,199770,1
428,086516,1
428,165418,1
428,078602,1
428,078063,1
428,074917,1
428,046248,1
428,149643,0
428,039779,0
428,233375,-1
428,159230,1
428,082203,1
428,162339,0
428,082239,1
428,159218,1
428,042551,1
428,045909,1
428,045899,1
428,057016,1
428,049514,1
428,049348,1
428,049866,1
428,221164,1
428,049954,1
428,049818,1
428,082435,1
428,074962,1
428,043983,1
428,074945,1
428,149600,1
428,065582,1
428,049860,1
428,074725,1
428,224059,1
428,224243,0
428,220642,1
428,223669,1
428,065796,1
428,065794,1
428,065792,1
428,045815,1
428,082705,1
428,158919,1
428,075559,1
428,075477,1
428,074853,1
428,075554,1
428,074854,1
428,200289,1
428,082062,1
428,077469,1
428,200290,1
428,075117,1
428,255353,1
428,015646,1
428,150111,1
428,149596,1
428,256989,1
428,075269,1
428,152566,1
428,147588,1
428,152579,1
428,147606,1
428,147619,1
428,147618,1
428,147617,1
428,149512,1
428,149515,1
428,091169,1
428,200249,1
428,150681,1
428,149876,1
428,052116,1
428,149860,1
428,150679,1
428,052126,1
428,150677,1
428,149852,1
428,082601,1
428,150690,1
428,150985,1
428,150658,1
428,051331,1
428,043986,1
428,050055,1
428,015582,1
428,082763,0
428,043998,1
428,202185,1
428,202212,1
428,158891,0
428,046247,1
428,046252,1
428,082060,1
428,220375,1
428,046277,1
428,046279,1
428,165021,1
428,077635,1
428,077586,1
428,243522,1
428,050899,1
428,050900,1
428,086204,1
428,086202,1
428,086201,1
428,198506,1
428,219968,1
428,242332,0
428,198044,1
428,198111,1
428,046394,1
428,165031,1
428,045979,1
428,052221,1
428,075697,1
428,045936,1
428,198504,1
428,089928,1
428,039964,1
428,045119,1
428,089897,1
428,050873,1
428,039503,1
428,222245,1
428,222239,1
428,074804,1
428,162241,1
428,063568,-1
428,082265,1
428,057296,1
428,039713,1
428,271981,1
428,272024,1
428,272023,1
428,271668,1
428,272539,1
428,200231,1
428,161083,1
428,058863,1
428,267773,1
428,065258,1
428,065227,1
428,065239,1
428,068938,1
428,068942,1
428,068966,1
428,065243,1
428,065270,1
428,068954,1
428,149553,1
428,015639,1
428,045628,1
428,149523,1
428,149540,1
428,161046,1
428,015658,1
428,161042,1
428,050237,1
428,267862,1
428,273017,1
428,068816,1
428,160306,1
428,272415,1
428,161048,1
428,028660,1
428,220003,-1
428,160355,1
428,044663,1
428,051308,-1
428,079435,1
428,062772,1
428,062808,1
428,062805,1
428,149597,1
428,065764,1
428,181028,-1
428,201560,-1
428,161689,1
428,161690,1
428,051426,0
428,039749,-1
428,045701,1
428,045673,1
428,099317,-1
428,027356,-1
428,270007,-1
428,148148,0
428,050812,1
428,046427,1
428,062895,0
428,149937,1
428,260152,1
428,260157,1
428,260155,1
428,260160,1
428,260163,1
428,260154,1
428,260156,1
428,260161,1
428,260159,1
428,260162,1
428,003813,-1
428,260158,1
428,046181,1
428,046354,1
428,046316,1
428,046168,1
428,046104,1
428,041481,1
428,100175,0
428,197761,-1
428,271851,1
428,272105,1
428,277409,1
428,278375,-1
428,277394,1
428,277398,1
428,277452,0
428,272106,1
428,199358,1
428,012776,0
428,062814,1
428,241507,1
428,044101,0
428,276250,1
428,271909,1
428,046225,-1
428,199362,1
428,149938,1
428,199365,1
428,276302,1
428,116408,0
428,108652,0
428,126814,1
428,280299,-1
428,024710,0
428,057843,1
428,218106,1
428,050306,1
428,050455,1
428,050451,1
428,057023,-1
428,016245,0
428,067594,1
428,050875,-1
428,068155,1
428,008962,-1
428,056643,1
428,163815,1
428,163831,1
428,241515,1
428,277408,1
428,075495,1
428,075528,1
428,063823,-1
428,169966,-1
428,203736,1
428,203752,1
428,205181,1
428,160378,1
428,282375,0
428,268209,-1
428,082331,0
428,046167,1
428,046164,1
428,046163,1
428,046241,1
428,076853,-1
428,108654,-1
428,098091,-1
428,158664,1
428,000557,-1
428,008126,-1
428,153874,1
428,260901,0
428,283228,-1
428,097820,-1
428,097738,-1
428,169260,-1
428,278854,1
428,162162,0
428,127751,-1
428,198732,1
428,199183,1
428,198751,1
428,199493,1
428,198874,1
428,198668,1
428,198704,1
428,198756,1
428,198816,1
428,198933,1
428,198945,1
428,198712,1
428,200815,1
428,198754,1
428,198742,1
428,200753,1
428,198968,1
428,198770,1
428,198705,1
428,198721,1
428,198784,1
428,198771,1
428,200604,1
428,198683,1
428,198844,1
428,198713,1
428,198782,1
428,198966,1
428,198896,1
428,200573,1
428,198765,1
428,198686,1
428,198669,1
428,200569,1
428,198660,1
428,198733,0
428,198786,1
428,200570,1
428,198814,1
428,199159,1
428,210839,1
428,198783,1
428,198726,1
428,198710,1
428,199190,1
428,198939,1
428,198769,1
428,198666,1
428,200601,1
428,202176,1
428,198731,1
428,200514,1
428,200574,1
428,199166,1
428,198892,1
428,198739,1
428,198944,1
428,198688,1
428,199496,1
428,198790,1
428,198780,1
428,198822,1
428,198674,1
428,198689,1
428,198791,1
428,199200,1
428,198902,1
428,198795,1
428,198768,1
428,198976,1
428,198973,1
428,198781,1
428,199161,1
428,198789,1
428,200605,1
428,200608,1
428,198845,1
428,200516,1
428,198663,1
428,198823,1
428,198682,1
428,199459,1
428,198730,1
428,198667,1
428,198706,1
428,198761,1
428,198762,1
428,198757,1
428,198738,1
428,198794,1
428,199367,1
428,198793,1
428,199517,1
428,198797,1
428,198711,1
428,198728,1
428,199529,1
428,198729,1
428,199750,1
428,198700,1
428,199755,1
428,199471,1
428,198796,1
428,198835,1
428,198716,1
428,198785,1
428,198718,1
428,198707,1
428,199369,1
428,199384,1
428,199387,1
428,198837,1
428,198776,1
428,198719,1
428,202147,1
428,198852,1
428,198856,1
428,198743,0
428,198792,1
428,198725,1
428,206918,1
428,198701,1
428,198722,1
428,198760,1
428,198801,1
428,227990,1
428,228092,1
428,252126,1
428,198677,0
428,226569,1
428,130457,-1
428,274583,-1
428,176786,0
428,267920,-1
428,198369,0
428,065828,0
428,084018,-1
428,199202,0
428,025365,-1
428,035579,1
428,051318,1
428,025634,-1
428,242292,0
428,039751,-1
428,101672,-1
428,024432,-1
428,086195,1
428,086247,1
428,086281,1
428,081228,1
428,081202,1
428,076262,1
428,063150,-1
428,087883,1
428,085197,1
428,047277,-1
428,085893,1
428,085195,1
428,085127,1
428,085188,1
428,084146,1
428,097289,-1
428,080529,1
428,066406,1
428,092177,0
428,169933,-1
428,020220,-1
428,050307,-1
428,225825,-1
428,272388,-1
428,276529,-1
428,087508,0
428,016625,0
428,050091,-1
428,286151,-1
428,226062,-1
428,108085,-1
428,079292,1
428,093167,0
428,213495,1
428,213821,1
428,213492,1
428,213310,1
428,151869,-1
428,116446,0
428,045278,0
428,088975,-1
428,231582,-1
428,272453,1
428,272462,1
428,082919,-1
428,083085,-1
428,064953,0
428,221855,-1
428,005840,-1
428,007396,-1
428,239838,-1
428,048089,-1
428,025910,-1
428,015867,-1
428,022318,-1
428,035642,-1
428,001457,0
428,047517,-1
428,083324,-1
428,164824,1
428,153322,1
428,096920,-1
428,155744,-1
428,022326,1
428,273062,-1
428,267470,0
428,016373,0
428,091351,0
428,239968,-1
428,263231,-1
428,085327,-1
428,024770,0
428,130406,-1
428,048990,-1
428,163458,0
428,275872,0
428,162157,0
428,278371,-1
428,052582,-1
428,020217,-1
428,018009,0
428,279581,-1
428,089433,-1
428,204297,-1
428,050070,-1
428,088643,-1
428,046268,1
428,046101,1
428,027029,-1
428,242314,0
428,109048,-1
428,024555,-1
428,120918,-1
428,224209,-1
428,283243,-1
428,280218,-1
428,092784,0
428,194835,-1
428,098266,-1
428,033074,-1
428,067631,1
428,264680,-1
428,244271,-1
428,050457,-1
428,270306,1
428,056491,-1
428,149602,0
428,049084,-1
428,091145,-1
428,116412,-1
428,081034,-1
428,090330,-1
428,277534,-1
428,270222,0
428,239837,1
428,048199,-1
428,226835,-1
428,282177,0
428,260878,0
428,164562,-1
428,083244,0
428,039708,-1
428,046707,-1
428,189290,0
428,226813,-1
428,089725,0
428,260392,-1
428,101397,-1
428,021070,-1
428,012561,-1
428,198310,-1
428,152443,1
428,138059,-1
428,157236,-1
428,136198,0
428,239120,-1
428,069126,-1
428,146268,-1
428,024766,0
428,064277,1
428,148045,0
428,224898,-1
428,146158,0
428,276626,0
428,116407,-1
428,042709,0
428,175692,-1
428,075615,-1
428,092873,0
428,115235,-1
428,180737,-1
428,081794,-1
428,060573,-1
428,155748,-1
428,023753,-1
428,116451,-1
428,174840,-1
428,007052,-1
428,183447,-1
428,045384,-1
428,098370,1
428,274435,-1
428,025882,-1
428,064578,-1
428,263173,-1
428,048105,-1
428,085857,0
428,199363,1
428,198799,1
428,025824,-1
428,198827,1
428,004059,-1
428,097749,-1
428,045514,-1
428,225383,-1
428,090288,-1
428,092821,-1
428,225519,-1
428,069838,-1
428,274511,-1
428,049862,0
428,123424,-1
428,199032,-1
428,219391,-1
428,102032,1
428,100779,1
428,258284,-1
428,198295,0
428,008474,-1
428,068771,-1
428,006743,-1
428,252833,-1
428,080731,-1
428,024423,0
428,085255,-1
428,221692,-1
428,232684,-1
428,276414,0
428,163596,-1
428,272730,-1
428,068864,-1
428,014947,-1
428,078336,-1
428,059623,-1
428,130467,-1
428,131646,-1
428,225712,-1
428,083205,0
428,273551,-1
428,081185,-1
428,092043,0
428,280923,-1
428,024839,-1
428,005940,-1
428,219143,-1
428,022309,-1
428,225600,-1
428,092787,0
428,104510,-1
428,085695,1
428,085698,0
428,283229,-1
428,286345,-1
428,239620,-1
428,075722,-1
428,024723,0
428,023938,-1
428,120647,-1
428,193697,-1
428,076936,-1
428,102603,-1
428,024592,-1
428,116400,-1
428,153623,-1
428,091223,-1
428,271805,-1
428,225067,-1
428,272358,-1
428,161527,-1
428,264932,0
428,080780,-1
428,282205,0
428,076927,-1
428,041563,0
428,087470,1
428,231213,-1
428,096160,-1
428,046263,-1
428,040738,-1
428,244286,-1
428,050023,-1
428,163617,-1
428,155729,-1
428,189196,-1
428,170070,-1
428,097807,-1
428,149359,0
428,166697,-1
428,226713,-1
428,188543,-1
428,201559,1
428,102299,-1
428,260387,-1
428,270242,-1
428,199849,1
428,199163,1
428,119056,-1
428,181085,-1
428,140631,-1
428,229019,-1
428,098177,-1
428,174793,-1
428,089312,0
428,100967,-1
428,092306,-1
428,021242,-1
428,250282,-1
428,108294,-1
428,049475,0
428,025820,-1
428,141126,-1
428,243961,-1
428,130597,-1
428,225684,-1
428,210756,0
428,075088,-1
428,093951,0
428,100760,0
428,221792,-1
428,182385,-1
428,219306,-1
428,103011,-1
428,149121,-1
428,170069,-1
428,020938,-1
428,023912,-1
428,157340,-1
428,081361,-1
428,103323,-1
428,071337,-1
428,025188,-1
428,049150,-1
428,165390,0
428,120566,-1
428,075468,-1
428,049017,-1
428,221839,1
428,221835,1
428,229017,-1
428,116406,-1
428,085072,-1
428,024498,-1
428,171065,-1
428,197625,-1
428,141312,-1
428,238698,-1
428,225848,-1
428,092813,-1
428,223793,-1
428,166698,-1
428,108254,0
428,195992,-1
428,113117,-1
428,233046,-1
428,008901,-1
428,064073,-1
428,163657,1
428,219447,-1
428,141797,-1
428,086298,-1
428,205730,-1
428,021867,-1
428,192927,-1
428,225465,-1
428,188144,-1
428,219442,-1
428,273177,-1
428,087912,-1
428,223481,-1
428,085965,-1
428,143036,-1
428,149375,0
428,264703,-1
428,160573,0
428,145570,1
428,150245,-1
428,147061,0
428,116072,-1
428,049706,0
428,130743,-1
428,128570,-1
428,272394,-1
428,162376,-1
428,075260,-1
428,271801,-1
428,103610,-1
428,103431,-1
428,051114,-1
428,117723,-1
428,276928,-1
428,027033,-1
428,160597,-1
428,274596,-1
428,085454,-1
428,052425,-1
428,069430,-1
428,020205,-1
428,287949,-1
428,076433,-1
428,050824,-1
428,176785,0
428,087663,-1
428,034844,-1
428,043376,-1
428,045137,0
428,089741,0
428,239755,0
428,100964,-1
428,095971,-1
428,224842,-1
428,069794,-1
428,231221,-1
428,155463,-1
428,167097,-1
428,174866,-1
428,127247,-1
428,264294,0
428,083407,-1
428,259131,-1
428,004777,-1
428,164557,-1
428,195559,-1
428,203757,-1
428,109243,-1
428,279578,-1
428,087830,-1
428,092103,0
428,081768,0
428,199480,-1
428,025813,-1
428,028055,-1
428,075542,-1
428,210226,-1
428,092908,0
428,125787,-1
428,044867,-1
428,024571,-1
428,262427,-1
428,169306,-1
428,076923,-1
428,056706,-1
428,149419,-1
428,230965,-1
428,165001,1
428,219264,-1
428,243963,-1
428,111488,-1
428,235723,-1
428,006948,-1
428,025437,-1
428,024587,-1
428,277118,1
428,175762,-1
428,024149,-1
428,274286,-1
428,149266,0
428,113701,-1
428,078572,-1
428,194813,-1
428,273302,-1
428,287126,-1
428,143665,-1
428,040866,0
428,233706,-1
428,149349,0
428,147265,-1
428,231553,-1
428,025729,-1
428,161320,-1
428,219691,-1
428,126295,-1
428,079216,-1
428,076297,0
428,116334,-1
428,266539,-1
428,051393,0
428,236138,-1
428,277899,-1
428,053263,0
428,186980,-1
428,021243,-1
428,127402,-1
428,095373,-1
428,287090,0
428,265919,-1
428,278420,-1
428,014473,0
428,089300,-1
428,066845,-1
428,021079,-1
428,239586,0
428,102967,-1
428,024500,-1
428,116476,-1
429,044001,1
429,044327,1
429,046493,1
429,040937,1
429,046459,1
429,045358,1
429,035777,1
429,035879,1
429,035817,1
429,044536,1
429,044781,1
429,046375,1
429,044801,1
429,045896,1
429,044520,1
429,045231,1
429,044740,1
429,044762,1
429,041026,1
429,044748,1
429,044733,1
429,044775,1
429,044759,1
429,044739,1
429,044756,1
429,044780,1
429,045845,1
429,044503,1
429,044745,1
429,048904,1
429,044882,1
429,044064,1
429,044731,1
429,044891,1
429,041480,1
429,037675,1
429,054578,1
429,041119,1
429,044578,1
429,044835,1
429,037685,1
429,051516,1
429,051339,1
429,045248,1
429,036372,1
429,045324,1
429,046546,1
429,088107,1
429,044642,1
429,045268,1
429,046293,1
429,041594,1
429,044638,1
429,035861,1
429,045854,1
429,036013,1
429,035912,1
429,050961,1
429,045891,1
429,044939,1
429,046049,1
429,044558,1
429,035783,1
429,037242,1
429,040929,1
429,045889,1
429,035859,1
429,037794,1
429,045241,1
429,045356,1
429,035849,1
429,040822,1
429,035832,1
429,036131,1
429,050685,1
429,045862,1
429,044585,1
429,045014,1
429,041577,1
429,037314,1
429,036308,1
429,035752,1
429,035951,1
429,035878,1
429,045425,1
429,035873,1
429,044634,1
429,046466,1
429,044357,1
429,035908,1
429,044577,1
429,046014,1
429,035843,1
429,045703,1
429,040928,1
429,035903,1
429,045727,1
429,044989,1
429,041388,1
429,035872,1
429,035935,1
429,045163,1
429,035838,1
429,045234,1
429,044581,1
429,035776,1
429,035867,1
429,035981,1
429,045307,1
429,037793,1
429,044936,1
429,046355,1
429,044291,1
429,037065,1
429,040936,1
429,039995,1
429,043995,1
429,039568,1
429,036123,1
429,044584,1
429,044730,1
429,035765,1
429,035675,1
429,035758,1
429,035787,1
429,036111,1
429,035757,1
429,035900,1
429,045982,1
429,044537,1
429,044592,1
429,045318,1
429,044716,1
429,044721,1
429,044633,1
429,035786,1
429,035766,1
429,035748,1
429,044278,1
429,036104,1
429,045624,1
429,035797,1
429,035790,1
429,035744,1
429,036140,1
429,035755,1
429,035788,1
429,036034,1
429,044737,1
429,044736,1
429,035759,1
429,045983,1
429,044162,1
429,045435,1
429,045692,1
429,044643,1
429,044405,1
429,040932,1
429,035863,1
429,044821,1
429,035846,1
429,035676,1
429,035926,1
429,044732,1
429,036340,1
429,035711,1
429,035902,1
429,044606,1
429,035674,1
429,035760,1
429,040816,1
429,041536,1
429,036275,1
429,054072,1
429,044738,1
429,045148,1
429,044746,1
429,007782,1
429,045164,1
429,035933,1
429,035956,1
429,036098,1
429,041394,1
429,051173,1
429,213209,-1
429,035934,1
429,045319,1
429,044253,1
429,045296,1
429,044614,1
429,044743,1
429,035842,1
429,044631,1
429,046462,1
429,045998,1
429,035860,1
429,045920,1
429,035841,1
429,040982,1
429,046461,1
429,045443,1
429,044789,1
429,045501,1
429,044698,1
429,040949,1
429,219480,1
429,045964,-1
429,044992,1
429,044568,1
429,045623,1
429,045698,1
429,044692,1
429,051517,1
429,036702,1
429,046489,1
429,044474,1
429,036978,1
429,045532,1
429,040914,1
429,045117,1
429,051148,1
429,041632,1
429,045536,1
429,044616,1
429,042358,1
429,036990,1
429,045367,1
429,044468,1
429,046411,1
429,040902,1
429,035906,1
429,044838,1
429,040791,1
429,045420,1
429,044314,1
429,044349,1
429,044280,1
429,044368,1
429,044430,1
429,044703,1
429,044571,1
429,046514,1
429,046409,1
429,044434,1
429,280088,-1
429,044264,1
429,037213,1
429,045916,1
429,045431,1
429,036738,1
429,045857,1
429,040900,1
429,044511,1
429,044310,1
429,044032,1
429,045473,1
429,044239,1
429,045487,1
429,046476,1
429,044582,1
429,044315,1
429,035699,1
429,044677,1
429,044601,1
429,044579,1
429,044602,1
429,035918,1
429,046379,1
429,044899,1
429,040751,1
429,044445,1
429,035833,1
429,043895,1
429,046117,1
429,035831,1
429,044617,1
429,044742,1
429,040934,1
429,045511,1
429,045708,1
429,035978,1
429,044717,1
429,264818,1
429,035785,1
429,044256,1
429,035756,1
429,046509,1
429,044254,1
429,046519,1
429,035851,1
429,045999,1
429,051755,1
429,046502,1
429,044002,1
429,035791,1
429,044561,1
429,045533,1
429,044705,1
429,035806,1
429,036135,1
429,041014,1
429,288697,-1
429,044632,1
429,044157,1
429,205740,1
429,205445,1
429,037445,1
429,036558,1
429,035948,1
429,036561,1
429,037467,1
429,045973,1
429,040916,1
429,040793,1
429,040819,1
429,051333,1
429,040898,1
429,045965,1
429,040755,1
429,036242,1
429,036141,1
429,040975,1
429,044506,1
429,035937,1
429,035853,1
429,040892,1
429,045351,1
429,044387,1
429,048451,1
429,035792,1
429,035888,1
429,045758,1
429,035649,1
429,035824,1
429,045955,1
429,044678,1
429,035925,1
429,044588,1
429,110733,-1
429,036907,1
429,043900,1
429,044685,1
429,044767,1
429,040901,1
429,044580,1
429,040905,1
429,044152,1
429,036765,1
429,051742,1
429,044599,1
429,045954,1
429,035773,1
429,044374,1
429,044384,1
429,036748,1
429,044323,1
429,040935,1
429,051744,1
429,049306,1
429,044593,1
429,217334,1
429,044591,1
429,049302,1
429,214961,1
429,040821,1
429,044559,1
429,044039,1
429,218004,1
429,207060,1
429,041639,1
429,044851,1
429,044501,1
429,044552,1
429,046594,1
429,044687,1
429,209902,1
429,044603,1
429,044586,1
429,040752,1
429,044618,1
429,044683,1
429,046491,1
429,044955,1
429,044195,1
429,044587,1
429,044518,1
429,036160,1
429,044613,1
429,041626,1
429,044353,1
429,044689,1
429,044596,1
429,044680,1
429,036325,1
429,044644,1
429,044649,1
429,042840,1
429,048419,1
429,213628,1
429,036048,1
429,051482,1
429,205560,1
429,086867,1
429,086368,1
429,051064,1
429,044693,1
429,204171,1
429,044129,1
429,124248,-1
429,209495,1
429,204122,1
429,219502,-1
429,204175,1
429,204176,1
429,204404,1
429,204172,1
429,044735,1
429,051519,1
429,044600,1
429,204174,1
429,035919,1
429,036000,1
429,204121,1
429,040792,1
429,207726,-1
429,045178,1
429,044906,1
429,035922,1
429,217289,1
429,051325,1
429,044307,1
429,044498,1
429,213980,-1
429,044605,1
429,035778,1
429,036142,1
429,044777,1
429,051506,1
429,044268,1
429,044197,1
429,044755,1
429,046153,1
429,036136,1
429,046198,1
429,046196,1
429,044473,1
429,045505,1
429,044223,1
429,148858,-1
429,046337,1
429,037447,1
429,044700,1
429,035929,1
429,037528,1
429,040903,1
429,035904,1
429,042260,1
429,044549,1
429,044442,1
429,216348,-1
429,035870,1
429,217387,1
429,049892,1
429,043765,1
429,060364,-1
429,040962,1
429,037106,1
429,035789,-1
429,043922,1
429,050026,-1
429,044948,1
429,044203,1
429,043982,1
429,044747,1
429,051042,1
429,046102,1
429,043932,1
429,044408,1
429,043977,1
429,044332,1
429,044626,1
429,037146,1
429,036085,1
429,044160,1
429,045619,1
429,044509,1
429,040915,1
429,051145,1
429,040754,1
429,051338,1
429,044933,1
429,041306,1
429,050892,1
429,217907,1
429,014207,1
429,110561,1
429,048902,-1
429,044495,1
429,209374,-1
429,044262,1
429,079709,-1
429,044008,1
429,037231,1
429,044419,1
429,212092,-1
429,035283,1
429,035304,1
429,035286,1
429,035384,1
429,035735,1
429,045489,1
429,217389,1
429,044679,1
429,043908,1
429,035123,1
429,045488,1
429,044097,1
429,044098,1
429,048134,1
429,212029,1
429,114572,-1
429,044351,1
429,035916,1
429,035796,1
429,046276,1
429,044702,1
429,034661,1
429,174479,-1
429,261200,-1
429,077779,-1
429,036375,1
429,045024,1
429,043972,1
429,051066,1
429,035927,1
429,204596,-1
429,255335,-1
429,044525,1
429,044770,1
429,044366,1
429,044270,1
429,046047,1
429,037306,1
429,035923,1
429,046361,1
429,036186,1
429,045467,1
429,050573,-1
429,040510,-1
429,044065,1
429,046288,1
429,035866,1
429,044375,1
429,203999,1
429,044086,-1
429,040783,1
429,215981,-1
429,204701,1
429,075763,1
429,110530,1
429,025078,-1
429,044688,1
429,044636,1
429,156280,-1
429,044524,1
429,037779,1
429,043935,1
429,048614,1
429,040802,1
429,204594,1
429,044020,1
429,050533,-1
429,036891,-1
429,035818,1
429,035784,1
429,044690,1
429,035885,1
429,047962,-1
429,043876,1
429,050891,1
429,044589,1
429,044225,-1
429,204050,-1
429,204479,1
429,045468,1
429,045818,1
429,058809,-1
429,204989,-1
429,044564,1
429,044570,1
429,044572,1
429,037047,1
429,037067,1
429,050886,1
429,035920,1
429,099185,-1
429,035714,1
429,045005,1
429,046414,1
429,067242,-1
429,282655,-1
429,043951,1
429,169574,-1
429,044389,1
429,038796,-1
429,218136,-1
429,044402,1
429,035839,1
429,044209,-1
429,045689,1
429,049889,1
429,046539,-1
429,044104,1
429,138377,-1
429,037590,-1
429,264831,1
429,264847,1
429,085841,-1
429,079475,1
429,035708,1
429,280854,-1
429,066984,-1
429,040907,1
429,059246,-1
429,062813,1
429,039423,1
429,038838,-1
429,023722,-1
429,045513,1
429,019815,-1
429,044163,1
429,130833,-1
429,261825,-1
429,037755,-1
429,050684,1
429,051505,1
429,087415,-1
429,230383,-1
429,037279,-1
429,077847,-1
429,035805,1
429,077961,0
429,064286,-1
429,077726,-1
429,030393,-1
429,044547,1
429,025083,-1
429,038737,-1
429,044048,1
429,065408,-1
429,209365,1
429,209847,1
429,209788,1
429,210560,1
429,001711,-1
429,208141,-1
429,044066,-1
429,214288,1
429,214463,1
429,215119,1
429,218071,-1
429,144509,-1
429,045593,1
429,037880,1
429,049112,-1
429,207637,-1
429,044220,1
429,210099,1
429,209168,1
429,209174,1
429,209759,1
429,209663,1
429,210292,1
429,209032,1
429,203283,-1
429,209651,1
429,209064,1
429,210051,1
429,218944,-1
429,212952,-1
429,213276,1
429,213889,-1
429,060090,-1
429,203775,-1
429,207006,1
429,062629,-1
429,204266,-1
429,217371,-1
429,214064,-1
429,062794,-1
429,183756,-1
429,021514,-1
429,037033,1
429,205282,1
429,214960,1
429,042148,-1
429,214958,1
429,051664,1
429,218408,1
429,044273,1
429,045201,1
429,045152,1
429,203580,-1
429,205156,1
429,064213,-1
429,204522,1
429,205162,1
429,037052,1
429,217857,-1
429,040779,1
429,044391,1
429,035921,1
429,195152,-1
429,044037,-1
429,043992,1
429,044266,-1
429,169219,1
429,044595,1
429,044691,1
429,216718,-1
429,147727,-1
429,037363,-1
429,206495,1
429,199856,-1
429,031353,-1
429,205296,1
429,051605,1
429,044003,1
429,051554,1
429,044567,1
429,204684,-1
429,216414,-1
429,040285,-1
429,059415,1
429,204798,-1
429,226763,-1
429,044147,1
429,044358,1
429,095506,-1
429,038195,-1
429,076521,-1
429,216389,1
429,187714,-1
429,131788,-1
429,056749,-1
429,046287,-1
429,203635,-1
429,144120,-1
429,025251,-1
429,089625,-1
429,044734,1
429,205767,1
429,212097,-1
429,185476,-1
429,208939,-1
429,205461,1
429,205164,1
429,205765,1
429,218332,1
429,209826,-1
429,046418,1
429,114393,-1
429,204683,-1
429,045928,1
429,207796,-1
429,051335,-1
429,205196,-1
429,040569,-1
429,168528,-1
429,094715,-1
429,115109,-1
429,195782,-1
429,042412,-1
429,209446,1
429,045801,1
429,046248,-1
429,028875,-1
429,011285,-1
429,158127,-1
429,208357,1
429,045177,1
429,201226,1
429,214732,-1
429,045526,1
429,214196,-1
429,207230,-1
429,037924,1
429,205137,-1
429,046916,-1
429,269718,-1
429,037902,1
429,037918,-1
429,039121,1
429,048938,-1
429,038839,1
429,044681,1
429,268685,-1
429,050720,-1
429,204903,-1
429,076442,-1
429,156395,-1
429,215154,1
429,048767,-1
429,205173,1
429,168389,-1
429,164103,-1
429,056081,-1
429,041098,-1
429,093696,-1
429,044004,1
429,022799,-1
429,044648,1
429,001249,-1
429,215915,-1
429,044726,1
429,203822,1
429,209846,1
429,044145,1
429,221979,-1
429,204032,1
429,059294,-1
429,204434,-1
429,051558,1
429,037092,-1
429,043878,-1
429,094952,-1
429,208240,1
429,203427,1
429,204316,-1
429,050371,-1
429,155690,-1
429,037258,-1
429,209417,1
429,058700,-1
429,080617,-1
429,207162,-1
429,205127,-1
429,043821,1
429,043805,1
429,043815,1
429,043816,1
429,051330,-1
429,044650,1
429,027306,-1
429,147347,-1
429,267865,-1
429,044031,-1
429,114551,-1
429,038382,-1
429,043625,-1
429,077632,-1
429,045104,-1
429,239659,-1
429,041219,-1
429,036897,-1
429,280836,-1
429,204699,-1
429,137778,-1
429,205200,-1
429,176133,-1
429,044159,-1
429,215570,1
429,205166,1
429,102005,-1
429,100114,-1
429,209190,-1
429,048305,-1
429,036922,-1
429,205151,1
429,049061,-1
429,027614,-1
429,153645,-1
429,076344,-1
429,204114,-1
429,065434,-1
429,207742,-1
429,218866,-1
429,044118,1
429,133205,-1
429,163971,-1
429,081041,-1
429,218368,1
429,269275,-1
429,044047,-1
429,218196,-1
429,122471,-1
429,064862,-1
429,012958,-1
429,069958,-1
429,093450,-1
429,204177,-1
429,045157,-1
429,218888,1
429,217784,1
429,217761,1
429,217770,1
429,214352,1
429,203368,-1
429,214705,1
429,218354,-1
429,039821,-1
429,019165,-1
429,208794,-1
429,216276,1
429,208273,-1
429,207658,1
429,203894,1
429,206322,-1
429,042384,-1
429,212533,-1
429,204600,-1
429,211097,-1
429,205019,-1
429,001735,-1
429,202850,-1
429,051076,-1
429,045021,1
429,218200,-1
429,036683,1
429,037170,-1
429,080211,-1
429,050608,-1
429,217785,-1
429,204243,-1
429,065512,-1
429,008303,-1
429,139016,-1
429,218256,-1
429,119278,-1
429,217902,1
429,044248,-1
429,201544,-1
429,207957,-1
429,155646,-1
429,110507,-1
429,204013,-1
429,036318,1
429,140935,-1
429,094716,-1
429,215147,-1
429,007926,-1
429,022797,-1
429,019107,-1
429,127595,-1
429,037099,-1
429,045757,1
429,000356,-1
429,217774,-1
429,038194,0
429,252670,-1
429,169578,-1
429,045683,-1
429,059086,1
429,091481,-1
429,206535,1
429,218097,-1
429,044563,1
429,039927,-1
429,042850,-1
429,213661,-1
429,046237,-1
429,267825,-1
429,218069,-1
429,117842,-1
429,048832,1
429,168498,-1
429,204635,-1
429,111319,-1
429,049743,-1
429,025787,-1
429,087980,-1
429,207725,-1
429,215487,1
429,028882,-1
429,205247,-1
429,169655,-1
429,049189,-1
429,209576,-1
429,205049,-1
429,265858,-1
429,030274,-1
429,009857,-1
429,021995,-1
429,218005,-1
429,036652,1
429,036663,1
429,178426,-1
429,200446,-1
429,042849,-1
429,123272,-1
429,095017,-1
429,204477,-1
429,042185,-1
429,057891,-1
429,044149,-1
429,043939,-1
429,205729,-1
429,041239,-1
429,045582,1
429,057871,-1
429,205208,-1
429,116080,-1
429,122698,-1
429,204592,1
429,060316,-1
429,028249,-1
429,043832,-1
429,202753,-1
429,037842,-1
429,037529,-1
429,203956,1
429,204391,-1
429,081180,1
429,045852,-1
429,166862,-1
429,045499,-1
429,043129,-1
429,067683,-1
429,041669,-1
429,182775,-1
429,076325,-1
429,088038,-1
429,057970,-1
429,204824,-1
429,046423,-1
429,164226,-1
429,201202,-1
429,027626,-1
429,217680,-1
429,081063,-1
429,280817,-1
429,217299,-1
429,023306,-1
429,209248,-1
429,116184,-1
429,216135,-1
429,210356,-1
429,012921,-1
429,083185,-1
429,004927,-1
429,109448,-1
429,058624,-1
429,056058,-1
429,269322,-1
429,064300,-1
429,019819,-1
429,209739,-1
429,131492,-1
429,127242,-1
429,204125,-1
429,058182,-1
429,044087,-1
429,044272,1
429,206342,1
429,021513,-1
429,039810,-1
429,078007,-1
429,211421,-1
429,202650,-1
429,240532,-1
429,113196,-1
429,045038,-1
429,209265,-1
429,043632,-1
429,215403,-1
429,050702,-1
429,109765,-1
429,206152,-1
429,146274,-1
429,226760,-1
429,218892,-1
429,037478,-1
429,162985,-1
429,216855,-1
429,056162,-1
429,050518,-1
429,210313,-1
429,067798,-1
429,104475,-1
429,043220,-1
429,244892,-1
429,022414,-1
429,021932,-1
429,117759,-1
429,090911,-1
429,218240,-1
429,086258,-1
429,283116,-1
429,045331,-1
429,043942,-1
429,210399,1
429,205574,-1
429,009197,-1
429,267130,-1
429,037448,-1
429,214019,-1
429,205529,-1
429,168301,-1
429,206669,1
429,203704,-1
429,213034,-1
429,209991,-1
429,042749,-1
429,203091,-1
429,214569,-1
429,087311,-1
429,220072,-1
429,203070,-1
429,218409,-1
429,212233,-1
429,050652,-1
429,216150,-1
429,210528,-1
429,206249,-1
429,103131,-1
429,009840,-1
429,041668,-1
429,216827,-1
429,222891,-1
429,215405,-1
429,086962,-1
429,022153,-1
429,229200,-1
429,042689,-1
429,052248,-1
429,214183,-1
429,046320,-1
429,037310,-1
429,206359,-1
429,216904,-1
429,131804,-1
429,204368,-1
429,167562,-1
429,010175,-1
429,076647,-1
429,204248,-1
429,036760,-1
429,119975,-1
429,082062,-1
429,218509,-1
429,216281,-1
429,051403,-1
429,039128,-1
429,108743,-1
429,046166,-1
429,098587,-1
429,207588,-1
429,216656,-1
429,213695,-1
429,093665,-1
429,237303,-1
429,223088,-1
429,066398,-1
429,045817,1
429,022096,-1
429,098736,-1
429,197487,-1
429,038810,-1
429,212596,-1
429,203352,-1
429,116457,-1
429,133204,-1
429,114838,-1
429,213694,-1
429,201749,-1
429,130816,-1
429,045927,-1
429,085475,-1
429,282260,-1
429,034386,-1
429,217844,-1
429,086186,-1
429,205145,-1
429,204385,-1
429,043883,-1
429,205634,-1
429,217725,-1
429,050137,-1
429,205142,-1
429,047085,-1
429,039805,-1
429,209368,-1
429,276610,-1
429,193720,-1
429,101760,-1
429,280862,-1
429,079683,-1
429,266977,-1
429,207348,-1
429,037139,-1
429,145793,-1
429,215174,-1
429,026858,-1
429,209304,-1
429,121744,-1
429,203489,-1
429,099043,-1
429,034046,-1
429,267056,-1
429,121255,-1
429,221549,-1
429,078995,-1
429,205252,-1
429,023187,-1
429,206783,-1
429,085485,-1
429,203708,-1
429,208404,-1
429,038429,-1
429,044741,1
429,061882,-1
429,050874,-1
429,144329,-1
429,019410,-1
429,061428,-1
429,123137,-1
429,048994,-1
429,259192,-1
429,240542,-1
429,162977,-1
429,028892,-1
429,212492,-1
429,044991,-1
429,050716,-1
429,210547,-1
429,078277,-1
429,214560,-1
429,050190,-1
429,108812,-1
429,058755,-1
429,202831,-1
429,021747,-1
429,036615,-1
429,203267,-1
429,042967,-1
429,165047,-1
429,212891,-1
429,006002,-1
429,207472,-1
429,209470,-1
429,137251,-1
429,043962,1
429,187526,-1
429,098596,-1
429,218383,-1
429,058222,-1
429,205720,-1
429,084321,-1
429,036929,-1
429,211098,-1
429,046417,-1
429,281874,-1
429,203765,-1
429,096979,-1
429,208311,-1
429,215474,-1
429,038735,-1
429,023646,-1
429,161861,-1
429,138381,-1
429,044902,-1
429,122473,-1
429,036914,-1
429,064879,-1
429,214596,-1
429,044044,-1
429,207477,-1
429,211005,-1
429,086718,-1
429,116906,-1
429,234046,-1
429,044007,1
429,024798,-1
429,218307,-1
429,204736,-1
429,207997,-1
429,267127,-1
429,219000,-1
429,037182,-1
429,204460,-1
429,038471,-1
429,062819,1
429,207002,-1
429,187827,1
429,277113,-1
429,203953,-1
429,210766,-1
429,205177,-1
429,059037,-1
429,026948,-1
429,203754,-1
429,223198,-1
429,205921,-1
429,204019,-1
429,214263,-1
429,218488,-1
429,212682,-1
429,064599,-1
429,207646,1
429,005117,-1
429,040179,-1
429,169853,-1
429,050587,-1
429,218500,-1
429,062644,-1
429,207469,-1
429,039413,1
429,205472,-1
429,157272,-1
429,202859,-1
429,218502,-1
429,128430,-1
429,039639,-1
429,217292,-1
429,204607,-1
429,130008,-1
429,210501,-1
429,025252,-1
429,188160,-1
429,031267,-1
429,044226,1
429,217577,-1
429,045642,-1
429,117715,-1
429,211107,-1
429,065977,-1
429,099315,-1
429,216303,-1
429,217089,-1
429,034171,-1
429,123557,-1
429,039083,-1
429,103706,-1
429,218878,-1
429,023165,-1
429,037775,-1
429,033319,-1
429,015108,-1
429,063795,-1
429,207485,-1
429,045796,-1
429,050467,-1
429,218428,-1
429,163061,-1
429,123171,-1
429,164579,-1
429,039175,-1
429,218686,-1
429,041120,-1
429,099060,-1
429,203085,-1
429,112944,-1
429,022944,-1
429,208708,-1
429,204291,-1
429,207509,-1
429,198196,-1
429,037722,-1
429,224792,-1
429,192547,-1
429,207651,-1
429,007837,-1
429,157731,-1
429,169704,-1
429,210616,-1
429,038351,-1
429,209259,-1
429,208818,-1
429,217260,-1
429,092546,-1
429,218922,-1
429,041134,-1
429,039201,-1
429,169965,-1
429,209430,1
429,210344,1
429,182937,-1
429,203717,-1
429,041847,-1
429,197914,-1
429,206248,-1
429,036801,-1
429,203982,-1
429,220042,-1
429,213370,-1
429,067654,-1
429,022075,-1
429,156627,-1
429,198641,-1
429,218553,-1
429,007462,-1
429,214358,-1
429,186015,-1
429,159327,-1
429,212229,-1
429,161996,-1
429,218476,-1
429,125035,-1
429,214953,1
429,204980,-1
429,201994,-1
429,036693,-1
429,216646,-1
429,207770,-1
429,056168,-1
429,204892,-1
429,043593,-1
429,002531,-1
429,199250,-1
429,011906,-1
429,205259,-1
429,050550,-1
429,177778,-1
429,203920,-1
429,188688,-1
429,215268,1
429,033495,-1
429,081149,1
429,049143,-1
429,085900,-1
429,205545,-1
429,203884,-1
429,214940,-1
429,050921,1
429,201991,1
429,045839,-1
429,203811,-1
429,099860,-1
429,213527,-1
429,218577,-1
429,218609,-1
429,182978,-1
429,034560,-1
429,215799,-1
429,000327,-1
429,048562,-1
429,025274,-1
429,176799,-1
429,021584,-1
429,037449,-1
429,080416,-1
429,203980,-1
429,160729,-1
429,112187,-1
429,039970,-1
429,217226,-1
429,216118,-1
429,205533,-1
429,042017,-1
429,046371,1
429,042670,-1
429,180250,-1
429,221545,-1
429,038441,-1
429,200668,-1
429,203403,-1
429,119088,-1
429,203998,-1
429,179678,-1
429,216172,-1
429,134910,0
429,060041,-1
429,061058,-1
429,111961,-1
429,071302,-1
429,064693,-1
429,206690,-1
429,007348,-1
429,090865,-1
429,042371,-1
429,214410,-1
429,216714,-1
429,021582,-1
429,119523,-1
429,076473,-1
429,207126,-1
429,040395,-1
429,163504,-1
429,017205,-1
429,169566,-1
429,206552,-1
429,214516,-1
429,234047,-1
429,209505,-1
429,070533,-1
429,050808,-1
429,203626,-1
429,049256,1
429,109719,-1
429,044144,-1
429,202907,-1
429,289164,-1
429,116778,-1
429,205497,-1
429,068601,-1
429,036701,-1
429,021713,-1
429,188542,-1
429,083384,-1
429,051501,-1
429,076253,-1
429,208800,-1
429,021732,-1
429,216036,-1
429,133481,-1
429,214390,-1
429,094876,-1
429,000431,-1
429,210143,-1
429,186178,-1
429,204848,-1
429,210517,-1
429,164154,-1
429,215467,1
429,202992,-1
429,206209,-1
429,123271,-1
429,211497,-1
429,204294,0
429,280816,-1
429,203296,-1
429,208889,-1
429,036659,-1
429,206205,-1
429,204844,-1
429,216814,-1
429,264789,-1
429,037484,-1
429,069530,-1
429,169605,-1
429,156397,-1
429,113115,-1
429,038506,-1
429,205559,-1
429,057367,1
429,046854,-1
429,048905,-1
429,209199,-1
429,110433,-1
429,058401,-1
429,220596,-1
429,218290,-1
429,080138,-1
429,043101,-1
429,108487,-1
429,216612,1
429,217562,1
429,216252,1
429,217113,1
429,216602,1
429,203660,-1
429,205039,1
429,216044,-1
429,214175,-1
429,209183,-1
429,204118,-1
429,214182,-1
429,056644,1
429,035883,1
429,204535,-1
429,274728,-1
429,216678,-1
429,205759,-1
429,216755,-1
429,119520,-1
429,218847,-1
429,037690,-1
429,130655,-1
429,205745,-1
429,217874,-1
429,037469,-1
429,038341,-1
429,067793,-1
429,205732,-1
429,214529,-1
429,178576,-1
429,086852,-1
429,216856,-1
429,207066,1
429,086161,-1
429,214056,-1
429,013170,-1
429,203433,-1
429,028750,-1
429,145792,-1
429,209111,-1
429,214176,-1
429,209587,-1
429,121449,-1
429,208751,-1
429,157240,-1
429,202286,-1
429,043080,-1
429,207267,-1
429,202771,-1
429,037601,-1
429,125891,-1
429,205486,-1
429,207379,-1
429,204912,-1
429,048719,-1
429,206511,-1
429,019538,-1
429,207665,-1
429,210294,-1
429,209494,-1
429,218444,-1
429,217598,0
429,040528,-1
429,076446,-1
429,173604,-1
429,213879,-1
429,063380,-1
429,196053,-1
429,079213,-1
429,163853,-1
429,214818,-1
429,040071,-1
429,037048,-1
429,097507,-1
429,019116,-1
429,035505,-1
429,163830,-1
429,268608,-1
429,132117,-1
429,207737,-1
429,214038,-1
429,022278,-1
429,210874,-1
429,218655,-1
429,238769,-1
429,065968,-1
429,214302,-1
429,218177,1
429,218217,1
429,218016,1
429,217951,-1
429,214908,-1
429,214566,-1
429,012731,-1
429,206457,-1
429,231122,-1
429,127989,-1
429,048921,-1
429,206975,-1
429,203436,-1
429,222523,-1
429,217430,-1
429,050124,-1
429,204805,-1
429,233041,-1
429,203279,-1
429,158175,-1
429,213838,-1
402,004595,1
402,040906,1
402,286668,1
402,007605,1
402,129692,1
402,121982,1
402,009523,1
402,000329,1
402,012582,1
402,012352,1
402,260920,0
402,059257,1
402,154998,1
402,155000,1
402,077613,1
402,083568,1
402,078291,1
402,083230,1
402,050537,1
402,085068,1
402,085081,1
402,041485,1
402,082624,1
402,085082,1
402,044154,1
402,100013,1
402,029387,1
402,045776,1
402,029074,1
402,043624,1
402,043632,1
402,067255,1
402,030856,1
402,057700,1
402,040149,1
402,034760,1
402,033626,1
402,080022,1
402,046342,1
402,067241,1
402,080266,1
402,257527,1
402,258330,1
402,084150,1
402,087766,1
402,065952,1
402,142105,1
402,141536,1
402,008359,1
402,141305,1
402,141326,0
402,071412,0
402,030050,0
402,126175,1
402,017255,0
402,244411,0
402,033174,1
402,033297,0
402,160784,0
402,006202,-1
402,233710,1
402,057711,1
402,044713,-1
402,170306,0
402,143222,-1
402,079578,1
402,114566,1
402,114652,0
402,164644,1
402,003013,1
402,134229,1
402,009038,1
402,080450,1
402,268459,1
402,221869,-1
402,087542,1
402,087661,1
402,087559,1
402,084929,1
402,075722,1
402,042079,1
402,263376,1
402,269285,-1
402,094694,0
402,115278,1
402,121981,1
402,009522,1
402,036212,1
402,064444,-1
402,216287,0
402,263337,0
402,084888,1
402,012441,1
402,079747,0
402,088844,1
402,035810,-1
402,286704,1
402,010673,-1
402,244739,1
402,061005,1
402,245106,1
402,057889,1
402,131642,1
402,131648,1
402,131675,0
402,223135,1
402,223119,1
402,169750,0
402,046637,1
402,033401,0
402,099649,0
402,078941,0
402,000972,0
402,005390,1
402,265676,1
402,023367,1
402,130309,1
402,231928,1
402,130412,0
402,200549,0
402,088523,1
402,263575,0
402,079652,1
402,116786,0
402,284855,0
402,023412,1
402,023460,0
402,151682,1
402,155203,1
402,155029,0
402,233790,1
402,233808,1
402,233806,1
402,242065,1
402,242056,1
402,233802,1
402,233820,1
402,232637,1
402,241865,1
402,244461,1
402,244454,1
402,232604,0
402,239076,1
402,238505,1
402,233317,1
402,057882,1
402,008431,1
402,232591,1
402,144692,1
402,232586,1
402,233307,1
402,233809,0
402,002094,1
402,093668,0
402,086412,1
402,086411,-1
402,226799,-1
402,204646,0
402,034377,-1
402,085269,1
402,085253,1
402,183337,1
402,014372,-1
402,169931,1
402,232639,1
402,232880,1
402,219696,1
402,147440,1
402,232620,1
402,259449,0
402,110102,-1
402,258329,1
402,232592,1
402,233821,0
402,220860,-1
402,001143,0
402,200762,1
402,265662,0
402,244453,1
402,244460,1
402,170182,1
402,287098,0
402,169984,0
402,084391,1
402,123030,0
402,095524,0
402,169883,0
402,239077,1
402,244462,1
402,238506,1
402,244455,1
402,236253,1
402,236157,1
402,284669,1
402,197909,1
402,116483,0
402,233805,0
402,256598,0
402,000813,1
402,263521,0
402,008778,0
402,039544,1
402,046055,1
402,168553,0
402,221199,1
402,168720,0
402,156062,-1
402,036677,-1
402,061998,1
402,281877,1
402,287302,0
402,084394,0
402,064168,-1
402,262613,1
402,262625,1
402,262608,1
402,262732,1
402,262731,1
402,263338,1
402,263377,1
402,284681,1
402,286657,1
402,286735,1
402,284693,1
402,233255,1
402,233217,1
402,233238,1
402,233237,1
402,268789,1
402,279913,1
402,039522,-1
402,174578,0
402,241866,1
402,233803,1
402,233791,0
402,111869,1
402,233807,0
402,256429,1
402,086454,1
402,260081,0
402,131592,0
402,188749,1
402,258017,1
402,044101,-1
402,166819,1
402,265322,1
402,265210,1
402,260012,1
402,259959,1
402,098621,1
402,260840,0
402,162228,0
402,197921,1
402,200721,1
402,256627,0
402,242066,0
402,164929,0
402,090782,-1
402,263570,1
402,263571,1
402,260212,-1
402,018482,1
402,128764,1
402,045183,0
402,256509,0
402,093883,1
402,009596,1
402,104192,0
402,211739,0
402,279242,1
402,279244,1
402,279292,1
402,281192,-1
402,279290,0
402,283619,-1
402,287303,-1
402,253299,-1
402,277344,-1
402,114627,1
402,119581,0
402,267185,0
402,225837,-1
402,170311,0
402,131742,0
402,112328,0
402,043934,1
402,043893,1
402,051154,1
402,043974,1
402,044554,0
402,044006,0
402,260436,-1
402,045100,0
402,044661,0
402,286970,-1
402,177092,-1
402,019660,-1
402,265320,1
402,265208,0
402,094539,1
402,094472,1
402,094243,1
402,142295,-1
402,065981,-1
402,044304,-1
402,287873,-1
402,281685,0
402,022338,1
402,286927,0
402,122371,1
402,122370,1
402,010034,0
402,010092,0
402,022335,0
402,046173,1
402,001767,-1
402,122390,0
402,046221,1
402,046040,1
402,064442,1
402,064453,0
402,155661,1
402,104585,0
402,257526,1
402,155850,-1
402,067742,1
402,259246,0
402,044201,-1
402,039458,1
402,037842,0
402,289584,0
402,022368,0
402,085198,0
402,193830,0
402,242057,0
402,025071,-1
402,029011,-1
402,002650,0
402,111570,1
402,078405,0
402,111582,-1
402,189482,-1
402,034546,1
402,034554,1
402,262667,0
402,111470,1
402,279270,1
402,114943,-1
402,095650,-1
402,010348,0
402,279271,1
402,279278,1
402,283887,0
402,283799,0
402,267195,1
402,267193,1
402,267198,1
402,267186,1
402,266988,1
402,266991,1
402,267192,0
402,127637,0
402,287229,1
402,170250,0
402,287192,0
402,200620,1
402,200313,0
402,067753,-1
402,060229,-1
402,034692,1
402,115904,-1
402,111352,1
402,110746,1
402,091902,0
402,243901,1
402,243900,1
402,243883,1
402,261227,1
402,263828,0
402,121460,1
402,008060,1
402,061563,-1
402,168734,-1
402,156117,-1
402,267197,0
402,162155,-1
402,255622,0
402,269364,0
402,039579,0
402,231975,0
402,064056,-1
402,084884,0
402,154501,-1
402,003519,-1
402,252654,-1
402,018392,-1
402,133551,0
402,064174,1
402,088266,-1
402,066650,1
402,066627,0
402,066790,1
402,066677,1
402,066857,1
402,066758,1
402,066694,1
402,104083,1
402,070910,1
402,071019,0
402,121199,-1
402,286656,1
402,286734,0
402,037485,0
402,253496,1
402,259993,1
402,253562,1
402,014371,-1
402,034179,1
402,030651,1
402,255722,0
402,124631,0
402,020918,-1
402,283798,-1
402,104298,1
402,071125,1
402,000912,1
402,090781,0
402,192519,1
402,165053,0
402,154578,1
402,235930,0
402,256597,0
402,038777,0
402,169754,0
402,161097,0
402,032431,1
402,029055,0
402,032367,1
402,257120,-1
402,043721,-1
402,273090,0
402,029034,-1
402,182755,0
402,219404,-1
402,052616,-1
402,029064,0
402,071022,1
402,104195,1
402,071024,1
402,104197,1
402,071102,0
402,104275,0
402,066984,-1
402,076887,1
402,143373,1
402,131665,1
402,154549,0
402,062104,1
402,041793,-1
402,129623,0
402,259219,-1
402,150439,1
402,168700,-1
402,143213,-1
402,181458,-1
402,017746,1
402,129277,1
402,084237,1
402,099581,0
402,054600,1
402,264541,1
402,264512,0
402,243674,0
402,039559,1
402,039498,1
402,090237,1
402,267990,1
402,060825,0
402,161190,0
402,160724,-1
402,131639,0
402,098268,1
402,098161,1
402,098180,0
402,039650,-1
402,035394,0
402,097790,-1
402,060220,1
402,007443,1
402,118865,0
402,158196,-1
402,044807,0
402,113330,-1
402,032970,1
402,032965,-1
402,034602,1
402,034601,-1
402,253636,1
402,253718,1
402,087680,0
402,199797,1
402,088011,1
402,159720,0
402,144811,-1
402,081956,-1
402,117691,0
402,045734,-1
402,000870,1
402,256613,-1
402,263326,1
402,263320,0
402,128289,1
402,128163,0
402,000895,1
402,107840,1
402,107901,1
402,050434,-1
402,112037,1
402,111870,1
402,111481,1
402,228913,1
402,228791,1
402,262918,0
402,229652,0
402,131591,1
402,017159,-1
402,131683,0
402,259679,-1
402,135572,1
402,112277,0
402,211771,0
402,139537,-1
402,074623,-1
402,122851,0
402,260082,0
402,121261,0
402,148210,-1
402,256259,-1
402,000833,0
402,287558,-1
402,022317,1
402,255675,1
402,037048,0
402,256353,1
402,256187,1
402,286903,0
402,263829,0
402,028289,1
402,067746,0
402,099248,0
402,192001,0
402,277707,-1
402,000519,-1
402,096166,-1
402,255687,1
402,255716,0
402,228605,-1
402,255719,0
402,094307,1
402,094341,1
402,138725,-1
402,143422,0
402,138757,0
402,148586,-1
402,051434,1
402,124048,0
402,060968,-1
402,058007,-1
402,267194,0
402,066998,1
402,067489,1
402,067524,0
402,027217,1
402,257027,0
402,088179,1
402,080059,1
402,099323,0
402,067081,0
402,256398,1
402,256283,0
402,288446,1
402,288557,1
402,288447,1
402,280852,0
402,098928,-1
402,036596,-1
402,078776,1
402,282759,-1
402,131563,1
402,131560,1
402,131562,1
402,131559,1
402,131561,1
402,075064,0
402,091574,0
402,151890,0
402,084918,0
402,260000,0
402,147273,0
402,065806,0
402,174676,0
402,064077,0
402,222533,1
402,202305,-1
402,094848,-1
402,063075,0
402,026889,-1
402,131669,0
402,263111,0
402,141430,-1
402,033407,1
402,261069,-1
402,058531,0
402,067752,-1
402,170277,0
402,172969,-1
402,023709,1
402,024044,1
402,024101,1
402,024102,1
402,220602,-1
402,146336,1
402,025131,1
402,078702,-1
402,042406,-1
402,168438,-1
402,143752,-1
402,284692,1
402,023953,0
402,160877,1
402,227321,-1
402,070225,-1
402,161189,-1
402,169983,0
402,254030,-1
402,174478,-1
402,116006,1
402,031144,-1
402,260300,0
402,131712,0
402,090817,0
402,065686,-1
402,112504,1
402,263321,1
402,119574,0
402,042255,-1
402,110996,0
402,142378,0
402,219498,1
402,133630,0
402,222488,0
402,110542,1
402,110544,-1
402,041319,-1
402,118867,0
402,243925,-1
402,042323,-1
402,265479,1
402,090596,1
402,151386,-1
402,267196,0
402,257028,0
402,241665,0
402,041270,-1
402,122669,0
402,233668,-1
402,111867,1
402,262973,1
402,138728,0
402,095673,-1
402,131029,1
402,287194,0
402,121179,-1
402,102811,1
402,069638,1
402,066081,0
402,235504,1
402,203104,0
402,273144,0
402,006972,-1
402,235407,0
402,119557,0
402,196289,1
402,137384,0
402,257533,0
402,094382,-1
402,259332,1
402,039473,0
402,235219,-1
402,140353,0
402,104346,1
402,071173,1
402,268149,-1
402,071075,0
402,197675,0
402,227153,-1
402,289736,-1
402,050392,-1
402,136781,-1
402,267656,-1
402,050795,-1
402,035779,0
402,168883,0
402,283163,-1
402,043967,-1
402,204642,0
402,119016,-1
402,074976,0
402,286869,0
402,088552,1
402,076481,0
402,161074,0
402,078280,1
402,008034,1
402,121430,1
402,121386,1
402,007982,1
402,121372,1
402,081070,-1
402,280498,0
402,030271,-1
402,131635,-1
402,139596,-1
402,131667,1
402,141977,-1
402,044935,1
402,027994,1
402,270289,1
402,270313,1
402,270262,1
402,235389,1
402,235539,1
402,200822,0
402,121921,0
402,087666,1
402,256617,-1
402,104741,-1
402,227669,0
402,287092,-1
402,156111,-1
402,033781,1
402,035132,1
402,035296,1
402,035351,1
402,261360,-1
402,285667,-1
402,129930,1
402,129931,1
402,026763,-1
402,029124,-1
402,087715,-1
402,130863,0
402,127840,-1
402,061386,-1
402,057024,-1
402,174505,0
402,090745,0
402,235194,1
402,016633,-1
402,198402,1
402,198462,1
402,035419,0
402,188226,-1
402,289743,-1
402,140767,0
402,087760,0
402,131607,-1
402,263018,0
402,158532,-1
402,040068,1
402,256270,-1
402,066306,1
402,260830,1
402,262710,1
402,094720,-1
402,257104,1
402,257188,1
402,132102,-1
402,005185,0
402,058508,1
402,059234,-1
402,153509,-1
402,173245,-1
402,068126,0
402,130759,0
402,286902,1
402,097289,-1
402,286901,-1
402,055517,0
402,090743,0
402,122553,0
402,058816,-1
402,279717,-1
402,065983,0
402,235195,-1
402,085202,-1
402,187116,0
402,195611,-1
402,183940,-1
402,128039,-1
402,101280,-1
402,242548,0
402,169744,-1
402,094752,1
402,262717,1
402,260960,0
402,101431,-1
402,108550,-1
402,142365,-1
402,261081,-1
402,221198,0
402,229648,-1
402,022331,1
402,022321,0
402,132550,-1
402,208931,-1
402,094867,-1
402,182209,-1
402,023413,1
402,257021,0
402,029822,-1
402,087719,-1
402,191203,0
402,052557,1
402,052593,0
402,029117,-1
402,122768,-1
402,067774,0
402,117888,-1
402,132019,1
402,094933,-1
402,279719,0
402,067732,-1
402,179160,0
402,200819,1
402,056799,0
402,131273,1
402,131274,0
402,130356,0
402,108716,0
402,264514,1
402,060065,1
402,050438,-1
402,063072,0
402,020141,-1
402,130965,1
402,036412,-1
402,109753,-1
402,087725,1
402,122740,0
402,260022,0
402,067225,-1
402,088725,1
402,053081,-1
402,278461,0
402,265661,0
402,241745,-1
402,175336,-1
402,282603,-1
402,022355,0
402,078580,0
402,090622,1
402,046497,0
402,050448,-1
402,011270,0
402,026892,-1
402,094954,-1
402,278819,0
402,289576,0
402,227632,1
402,227652,0
402,140830,1
402,253311,-1
402,089087,-1
402,131275,0
402,235417,-1
402,052063,-1
402,131410,1
402,131442,0
402,021853,-1
402,133095,1
402,045573,0
402,256858,0
402,137592,0
402,116780,-1
402,051510,-1
402,038280,-1
402,158262,0
402,024283,1
402,024385,1
402,024397,1
402,260317,0
402,024280,1
402,037229,-1
402,260934,0
402,286505,1
402,000020,-1
402,035525,-1
402,119627,0
402,083668,1
402,121257,0
402,096167,-1
402,162230,1
402,162229,1
402,162298,0
402,285832,1
402,285828,1
402,285006,0
402,279127,1
402,062833,-1
402,004746,-1
402,026528,-1
402,286368,1
402,087761,0
402,265469,1
402,265466,1
402,026886,-1
402,268604,-1
402,183878,0
402,119260,1
402,119264,0
402,289849,-1
402,227160,0
402,037370,-1
402,285596,-1
402,169756,0
402,282769,0
402,111850,-1
402,076835,1
402,076423,1
402,023406,-1
402,141032,0
402,153500,0
402,069732,0
402,283950,-1
402,094864,1
402,111397,0
402,099588,-1
402,112003,0
402,228604,0
402,200740,1
402,257740,0
402,022532,1
402,197922,1
402,200722,1
402,200763,1
402,197910,1
402,001595,1
402,095670,-1
402,283886,-1
402,022390,0
402,061973,-1
402,277755,-1
402,038260,-1
402,174610,0
402,182205,-1
402,048588,-1
402,131122,-1
402,220851,-1
402,183599,0
402,153906,-1
402,131054,0
402,095872,-1
402,130416,0
402,260295,0
402,256194,0
402,132647,-1
402,067243,0
402,132095,-1
402,063070,0
402,058111,-1
402,285088,1
402,093824,0
402,282767,0
402,107832,-1
402,168433,-1
402,220863,-1
402,169746,0
402,200800,0
402,001159,1
402,000869,-1
402,011547,-1
402,131627,0
402,193790,0
402,141044,0
402,000965,-1
402,119569,1
402,090760,0
402,094575,-1
402,278904,0
402,038197,0
402,045575,1
402,070970,-1
402,045574,0
402,058024,-1
402,022365,1
402,225106,0
402,000829,0
402,242547,-1
402,259535,-1
402,084520,-1
402,079715,0
402,066475,-1
402,131733,0
402,022258,1
402,022372,0
402,256291,-1
402,159648,-1
402,034927,-1
402,060409,-1
402,039525,-1
402,121453,0
402,186454,0
402,001025,0
402,244568,0
402,037013,0
402,225201,-1
402,232292,0
402,077315,-1
402,288780,1
402,288779,1
402,290095,-1
402,124599,1
402,124634,0
402,261051,-1
402,045631,-1
402,287097,0
402,159558,-1
402,130379,1
402,068140,-1
402,051937,-1
402,259435,0
402,112284,0
402,259504,-1
402,174244,-1
402,140718,-1
402,113375,-1
402,170288,0
402,286868,-1
402,194086,0
402,138863,1
402,137951,0
402,139360,-1
402,233655,-1
402,164532,0
402,138596,1
402,138597,1
402,148267,0
402,201097,1
402,201295,-1
402,032506,0
402,064959,-1
402,225827,-1
402,010350,0
402,233667,-1
402,131605,0
402,053746,1
402,220385,-1
402,057984,-1
402,148098,-1
402,122554,0
402,230868,-1
402,163103,-1
402,078540,-1
402,256146,-1
402,121980,1
402,009521,1
402,277691,-1
402,122036,1
402,009587,1
402,179523,-1
402,053060,-1
402,117984,-1
402,008057,0
402,224696,0
402,131731,-1
402,259382,-1
402,112283,0
402,082453,-1
402,032489,-1
402,194782,1
402,194805,0
402,194814,1
402,194784,0
402,194785,1
402,278812,-1
402,227661,0
402,001126,-1
402,190201,1
402,259096,-1
402,135863,-1
402,209943,1
402,137118,0
402,136330,-1
402,154648,0
402,273984,0
402,134105,0
402,167404,-1
402,094182,-1
402,001004,0
402,178147,0
402,002119,-1
402,088416,-1
402,045646,-1
402,236391,-1
402,285050,-1
402,080336,-1
402,169786,0
402,169128,0
402,284999,1
402,285014,1
402,285016,1
402,095881,0
402,283473,0
402,176390,-1
402,167405,-1
402,131475,0
402,140303,-1
402,169787,0
402,034043,-1
402,111865,0
402,102905,0
402,242694,-1
402,169060,-1
402,058818,-1
402,110449,1
402,045549,1
402,110479,0
402,114330,-1
402,229747,-1
402,034477,-1
402,269350,1
402,269351,1
402,269400,0
402,224666,-1
402,100404,1
402,259576,-1
402,223918,-1
402,156019,1
402,231466,0
402,152818,-1
402,286864,0
402,081945,-1
402,242470,-1
402,142275,-1
402,081201,-1
402,161738,-1
402,085104,-1
402,200764,0
402,004306,-1
402,275361,-1
402,009960,1
402,131613,0
402,255698,1
402,255681,1
402,255666,1
402,130991,0
402,269376,1
402,289809,0
402,066459,0
402,237700,-1
402,036621,-1
402,023719,-1
402,119568,1
402,282067,-1
402,242961,1
402,259034,-1
402,235438,0
402,260019,0
402,186292,0
402,157723,0
402,075264,-1
402,227839,-1
402,201506,-1
402,003427,-1
402,232042,0
402,265553,-1
402,158533,-1
402,093202,-1
402,026888,0
402,097584,-1
402,121248,0
402,285941,-1
402,281696,0
402,096230,-1
402,211230,-1
402,112006,-1
402,233390,0
402,223134,-1
402,033359,-1
402,138982,-1
402,095752,0
402,082997,-1
402,279713,-1
402,170424,-1
402,277756,-1
402,036469,-1
402,085470,-1
402,071200,-1
402,096994,0
402,256765,0
402,041275,-1
402,230070,-1
402,085015,0
402,131691,0
402,093659,0
402,161099,0
402,269373,0
402,104143,-1
402,103738,1
402,070565,1
402,131838,0
402,093506,-1
402,289458,-1
402,259102,-1
402,130878,0
402,164536,1
402,069671,-1
402,263112,1
402,225114,0
402,112002,-1
402,262712,1
402,262687,1
402,221419,-1
402,103972,-1
402,169771,0
402,148208,-1
402,137953,0
402,268083,-1
402,147718,-1
402,147177,-1
402,113230,-1
402,227336,-1
402,008726,1
402,122690,-1
402,227822,-1
402,261131,0
402,102082,0
402,179245,-1
402,007848,1
402,160705,1
402,060265,1
402,040018,0
402,212331,0
402,088041,-1
402,117222,-1
402,244517,-1
402,268603,0
402,070965,-1
402,033431,-1
402,037473,0
402,242678,-1
402,279277,0
402,009658,-1
402,211086,-1
402,045729,-1
402,256771,1
402,031902,-1
402,184095,-1
402,035529,-1
402,256204,1
402,087781,0
402,256184,1
402,256341,1
402,256342,1
402,256223,-1
402,202304,-1
402,200723,0
402,124325,0
402,093898,1
402,141060,-1
402,110297,-1
402,236550,-1
402,131732,0
402,095867,-1
402,104138,-1
430,056857,0
430,031645,-1
430,179650,-1
430,181642,-1
430,082591,1
430,082609,1
430,220966,1
430,220905,1
430,213275,1
430,213258,1
430,200626,1
430,200630,1
430,220721,1
430,220725,1
430,213616,1
430,200629,1
430,200230,1
430,202386,1
430,202208,1
430,202193,1
430,202245,1
430,082690,1
430,082692,1
430,082386,1
430,082391,1
430,083069,1
430,082783,1
430,082759,1
430,082744,1
430,082646,1
430,080720,1
430,080756,1
430,080398,1
430,080447,1
430,080365,1
430,080265,1
430,082544,1
430,082500,1
430,082594,1
430,082618,1
430,080280,1
430,080149,1
430,082286,1
430,082300,1
430,082521,1
430,082660,1
430,082598,1
430,080712,1
430,080713,1
430,080792,1
430,080427,1
430,080791,1
430,080722,1
430,080747,1
430,080399,1
430,082504,1
430,080691,1
430,080356,1
430,080693,1
430,080309,1
430,084108,1
430,084107,1
430,084127,1
430,084194,1
430,080785,1
430,080735,1
430,080520,1
430,080723,1
430,080514,1
430,080753,1
430,080368,1
430,080565,0
430,080341,1
430,080346,1
430,080724,1
430,080736,1
430,080772,1
430,080783,1
430,080770,1
430,080763,1
430,080657,1
430,080768,1
430,080702,1
430,080700,1
430,080613,1
430,080611,1
430,080602,1
430,080360,1
430,080784,1
430,080597,1
430,080582,1
430,080474,1
430,080471,1
430,080714,1
430,080379,1
430,080711,1
430,080773,1
430,080708,1
430,080349,1
430,080498,1
430,080495,1
430,080682,1
430,100426,1
430,080397,1
430,080729,1
430,080782,1
430,080635,0
430,084192,1
430,080466,1
430,080449,1
430,080340,1
430,082370,1
430,082383,1
430,080469,1
430,080357,1
430,080740,1
430,100425,1
430,080571,1
430,080588,1
430,080570,1
430,080584,1
430,080718,1
430,080793,0
430,080754,1
430,110901,1
430,080363,1
430,081021,1
430,082244,1
430,084847,1
430,080381,1
430,240947,1
430,093742,1
430,080148,1
430,080268,1
430,080589,1
430,082711,1
430,080715,1
430,080591,1
430,080694,1
430,093611,1
430,080701,1
430,080764,1
430,082708,1
430,082673,1
430,082682,1
430,182919,1
430,182918,1
430,181537,1
430,181551,1
430,182922,1
430,182934,1
430,082547,1
430,051418,1
430,022411,1
430,051387,1
430,010046,1
430,122351,1
430,122350,1
430,122348,1
430,082797,0
430,080171,1
430,080685,1
430,022495,1
430,080221,1
430,128414,-1
430,080730,1
430,080480,0
430,080796,1
430,030259,1
430,177576,-1
430,110933,1
430,070975,1
430,104148,1
430,088138,1
430,080669,1
430,022078,-1
430,083907,1
430,083910,1
430,055470,1
430,277543,1
430,277523,1
430,083572,1
430,083569,1
430,088131,1
430,088112,1
430,083557,1
430,050845,0
430,082562,0
430,080978,0
430,126362,-1
430,164848,-1
430,054753,1
430,054684,0
430,089022,1
430,019248,1
430,090281,1
430,019406,0
430,144615,1
430,080284,0
430,003670,-1
430,084584,1
430,168464,1
430,029875,1
430,029888,1
430,021129,-1
430,134288,0
430,161806,1
430,080993,1
430,081013,1
430,080965,1
430,081121,1
430,081175,1
430,138812,0
430,049841,1
430,265740,-1
430,077808,1
430,026099,0
430,169436,1
430,156681,0
430,175768,-1
430,080543,0
430,081770,-1
430,159804,1
430,009674,-1
430,144656,1
430,116411,1
430,116415,1
430,080484,-1
430,263346,0
430,080692,1
430,050241,1
430,050249,1
430,044050,0
430,077667,1
430,083518,1
430,083517,-1
430,263741,1
430,263747,1
430,135179,1
430,135170,1
430,135172,1
430,135374,0
430,050719,0
430,050137,1
430,050124,1
430,059298,1
430,059290,0
430,121379,0
430,051099,1
430,004440,1
430,097989,-1
430,219673,-1
430,003562,1
430,223313,1
430,223318,1
430,223288,0
430,222456,0
430,055270,1
430,050250,1
430,050242,1
430,055263,0
430,039786,0
430,269199,0
430,134309,1
430,059821,1
430,138668,1
430,138802,0
430,059315,1
430,059343,0
430,055416,1
430,053561,1
430,053703,0
430,053828,1
430,053724,1
430,055381,0
430,052657,0
430,050373,0
430,044038,1
430,054480,0
430,235441,1
430,235488,0
430,199994,1
430,198416,1
430,199046,1
430,199169,1
430,199195,1
430,051402,1
430,051359,1
430,050963,1
430,051087,1
430,056622,1
430,056511,1
430,061014,1
430,063807,1
430,063658,1
430,061105,1
430,050202,1
430,051005,1
430,050143,1
430,051033,1
430,049065,1
430,049683,1
430,049042,1
430,049406,1
430,053485,1
430,053386,1
430,055190,0
430,053974,1
430,053958,0
430,056968,1
430,055445,1
430,056870,0
430,267459,1
430,052111,1
430,055174,1
430,055036,0
430,125790,-1
430,055645,1
430,055468,1
430,055550,0
430,054761,1
430,054987,1
430,055486,1
430,054049,1
430,054869,1
430,055308,0
430,053200,1
430,057032,1
430,055087,1
430,055287,1
430,056210,1
430,054279,1
430,053534,1
430,054895,1
430,053512,1
430,054682,1
430,055258,1
430,054872,1
430,054535,1
430,054513,1
430,054821,0
430,056361,1
430,055291,1
430,048831,1
430,081060,0
430,056695,0
430,054471,1
430,056397,1
430,054274,0
430,056181,1
430,054904,1
430,051031,1
430,056381,0
430,048434,1
430,050118,1
430,236098,1
430,236038,1
430,243710,1
430,055154,0
430,050116,1
430,202631,1
430,054166,1
430,054011,0
430,150360,1
430,055995,1
430,055456,1
430,051004,1
430,054887,1
430,048202,1
430,057019,1
430,163241,1
430,163105,1
430,163108,1
430,055621,0
430,054867,1
430,056714,1
430,054278,1
430,054577,1
430,054488,0
430,053285,1
430,056414,1
430,054834,1
430,271306,1
430,271408,1
430,051582,1
430,065922,1
430,052405,1
430,087324,1
430,050236,1
430,059400,0
430,057077,1
430,062968,1
430,055463,0
430,048663,1
430,056498,1
430,056476,0
430,057335,1
430,235068,0
430,055385,1
430,057317,1
430,057311,0
430,057100,1
430,056342,1
430,048384,1
430,054201,1
430,048416,1
430,055438,1
430,050588,1
430,052954,1
430,056832,1
430,053756,1
430,054727,1
430,057372,1
430,057128,0
430,055516,1
430,054081,1
430,056744,1
430,053665,1
430,076094,1
430,056735,1
430,056448,0
430,055162,1
430,056716,1
430,054926,1
430,052837,1
430,055185,1
430,056430,1
430,055145,1
430,057353,1
430,056486,1
430,054445,1
430,054544,0
430,267231,1
430,054487,1
430,053736,1
430,057334,1
430,056218,1
430,056200,0
430,054429,1
430,046870,1
430,056114,1
430,055182,1
430,057176,1
430,056808,1
430,053650,1
430,054728,1
430,054894,1
430,056493,1
430,052177,1
430,055478,1
430,054094,0
430,053597,1
430,054439,1
430,053841,1
430,055951,1
430,055200,1
430,056841,1
430,053753,1
430,054409,1
430,055895,1
430,054357,1
430,055442,1
430,057368,1
430,056415,0
430,055148,1
430,055097,0
430,057328,1
430,056502,0
430,053314,1
430,055245,1
430,052744,1
430,056419,0
430,056680,1
430,055710,1
430,054225,0
430,055871,1
430,059371,1
430,056374,1
430,057336,0
430,056186,1
430,054714,1
430,056707,1
430,056962,1
430,053271,1
430,055877,0
430,053578,0
430,054921,1
430,045800,-1
430,053705,1
430,054803,1
430,054601,1
430,052146,1
430,056774,1
430,050224,1
430,055384,1
430,054808,1
430,054801,1
430,055488,1
430,056741,1
430,056770,1
430,056522,0
430,055992,1
430,054989,1
430,056346,1
430,055487,1
430,055311,1
430,056492,1
430,054331,1
430,056341,1
430,055991,1
430,056182,1
430,055525,1
430,054896,1
430,056789,1
430,052179,1
430,053241,1
430,053228,1
430,056087,0
430,054531,1
430,054210,1
430,054179,1
430,055467,1
430,055146,1
430,053839,1
430,054877,1
430,055020,0
430,051110,1
430,053745,1
430,056755,1
430,053687,1
430,055880,1
430,052932,1
430,056762,1
430,055599,1
430,055179,1
430,054720,1
430,055982,1
430,055720,0
430,054452,1
430,057330,1
430,054740,1
430,053600,1
430,053293,1
430,048603,1
430,053408,0
430,054529,1
430,052537,1
430,052269,1
430,049392,-1
430,056773,1
430,051337,1
430,051376,1
430,051486,1
430,138865,0
430,053124,0
430,056457,0
430,056724,1
430,052720,1
430,055474,0
430,053670,1
430,055521,1
430,053686,1
430,052779,1
430,054908,1
430,057253,1
430,057252,1
430,057254,1
430,056151,1
430,055068,1
430,053602,1
430,054117,1
430,055908,0
430,056851,0
430,048442,1
430,048750,1
430,075657,-1
430,052361,1
430,052302,1
430,055262,1
430,053250,1
430,054277,1
430,056700,1
430,056485,1
430,056307,1
430,052771,1
430,054871,1
430,056187,1
430,057093,1
430,054334,0
430,053610,1
430,052728,1
430,056070,1
430,048583,1
430,053272,1
430,052516,1
430,054076,1
430,055712,1
430,055723,1
430,056163,0
430,047658,1
430,053066,0
430,053150,0
430,057049,1
430,055276,0
430,050251,1
430,055447,0
430,055401,1
430,062192,-1
430,054097,1
430,048456,1
430,054857,1
430,052800,1
430,054899,1
430,052748,1
430,056615,1
430,056082,0
430,055331,1
430,052776,1
430,056467,0
430,055301,0
430,054540,1
430,050778,1
430,057036,1
430,053878,0
430,054234,1
430,054160,0
430,052515,1
430,054951,0
430,053070,0
430,054442,1
430,056278,1
430,057302,1
430,050621,1
430,054530,1
430,052591,1
430,054968,1
430,053054,1
430,051615,1
430,056097,1
430,057376,0
430,054672,1
430,053423,1
430,053223,0
430,054800,1
430,055888,1
430,050244,1
430,056723,1
430,056358,1
430,056263,1
430,055091,0
430,054127,1
430,054194,1
430,053094,0
430,056835,0
430,053627,0
430,007807,0
430,056019,1
430,054170,0
430,047581,1
430,056866,0
430,033175,1
430,052965,1
430,054095,1
430,056227,0
430,053185,1
430,053159,1
430,053000,1
430,056240,1
430,056051,0
430,053152,1
430,075044,-1
430,055142,0
430,055434,0
430,053050,1
430,052586,1
430,056061,1
430,056095,1
430,056515,0
430,052354,1
430,056505,0
430,055282,1
430,053810,0
430,056742,1
430,051820,1
430,048906,0
430,054077,1
430,055471,1
430,055713,1
430,050214,1
430,049698,1
430,051819,1
430,050670,1
430,112682,0
430,054202,1
430,056794,1
430,059462,0
430,049912,1
430,055588,1
430,224045,-1
430,054558,-1
430,056821,1
430,050466,1
430,052860,0
430,050142,1
430,052684,1
430,055309,0
430,052659,1
430,052724,1
430,161255,-1
430,055294,1
430,036517,1
430,052649,1
430,054876,1
430,053107,1
430,052678,0
430,056843,0
430,053552,1
430,054227,1
430,053479,1
430,053477,1
430,053478,1
430,054453,0
430,055060,0
430,056503,0
430,053015,1
430,052542,1
430,054415,1
430,054787,0
430,052027,1
430,052429,1
430,052140,1
430,057079,1
430,138813,0
430,052585,1
430,052755,1
430,052722,1
430,048129,0
430,052726,1
430,054365,0
430,056521,0
430,052648,0
430,054732,0
430,052862,1
430,052598,1
430,052701,1
430,051780,0
430,056514,0
430,054875,1
430,089683,1
430,081101,1
430,053286,1
430,081037,1
430,056629,1
430,056248,1
430,081092,1
430,056127,0
430,052711,0
430,056738,1
430,057152,1
430,055089,1
430,055122,1
430,023032,1
430,051364,0
430,056627,1
430,083461,0
430,053735,0
430,057138,0
430,013522,0
430,053076,1
430,054167,0
430,056153,1
430,054523,1
430,056239,1
430,055018,1
430,083460,1
430,054060,1
430,050660,0
430,056318,0
430,052220,0
430,056287,1
430,241995,-1
430,080207,1
430,060953,1
430,053278,1
430,055419,1
430,053593,1
430,054810,0
430,054758,1
430,054975,1
430,054971,1
430,052340,0
430,052742,0
430,270440,-1
430,055612,1
430,055323,0
430,055617,0
430,052268,1
430,054539,1
430,060512,1
430,265683,1
430,265654,0
430,052910,0
430,051120,0
430,052700,1
430,053245,1
430,052870,0
430,052956,1
430,082791,0
430,053071,1
430,052833,1
430,051869,1
430,051842,0
430,055118,0
430,056863,0
430,084868,-1
430,062870,1
430,052313,0
430,054336,1
430,053568,0
430,055738,1
430,052712,0
430,082329,1
430,082574,1
430,080253,1
430,052433,1
430,053163,1
430,053011,1
430,048557,0
430,050113,0
430,053520,1
430,056316,0
430,054218,1
430,056529,1
430,045999,-1
430,052768,1
430,055244,1
430,055392,0
430,052509,1
430,054090,1
430,055159,0
430,055110,0
430,055613,0
430,003885,-1
430,051032,1
430,056384,1
430,054196,0
430,054707,1
430,285147,1
430,053690,1
430,052741,0
430,052935,0
430,276933,-1
430,052953,1
430,054638,1
430,052926,1
430,057002,1
430,055875,0
430,055600,1
430,054321,1
430,054884,1
430,055587,0
430,054520,1
430,056516,0
430,052555,1
430,056737,1
430,053831,0
430,277932,-1
430,054798,0
430,052806,1
430,055288,1
430,059273,1
430,056995,0
430,059422,1
430,059407,1
430,052613,1
430,052686,0
430,212228,-1
430,054105,0
430,048181,1
430,052882,1
430,054817,0
430,055539,0
430,052846,1
430,052301,1
430,083465,1
430,052911,0
430,052427,0
430,061063,-1
430,056311,0
430,237691,-1
430,046923,1
430,083513,0
430,021301,-1
430,053375,1
430,053281,1
430,052561,1
430,053046,1
430,056850,0
430,055410,0
430,054785,0
430,081427,0
430,052950,1
430,055692,0
430,054665,1
430,052815,0
430,052129,1
430,054281,0
430,055072,0
430,056852,1
430,056226,0
430,050150,1
430,053001,0
430,265657,0
430,053521,1
430,064375,0
430,055292,0
430,056530,1
430,055398,0
430,055592,1
430,289158,-1
430,055500,0
430,056100,1
430,056507,0
430,056745,1
430,050213,1
430,049697,1
430,054515,1
430,055466,0
430,056464,0
430,053550,0
430,092510,-1
430,056635,0
430,056532,0
430,054144,0
430,050837,1
430,265712,0
430,201538,1
430,054901,1
430,054275,1
430,056326,0
430,088854,-1
430,054663,0
430,057140,0
430,049117,1
430,052738,0
430,047470,0
430,053619,1
430,059457,1
430,052553,1
430,144925,1
430,052495,1
430,087265,-1
430,059890,0
430,052217,1
430,054283,1
430,054773,0
430,052521,1
430,052491,0
430,288924,-1
430,052838,1
430,227747,-1
430,220066,0
430,050592,-1
430,053141,1
430,051102,1
430,054387,1
430,056459,0
430,056044,0
430,052610,0
430,053574,0
430,052843,0
430,054892,0
430,053704,1
430,048484,1
430,054138,0
430,055774,0
430,054505,0
430,054595,0
430,053725,1
430,055910,0
430,022232,0
430,083208,0
430,053738,1
430,054662,1
430,056461,0
430,123516,1
430,081819,0
430,046480,-1
430,021908,-1
430,056047,0
430,052364,1
430,054700,0
430,046624,0
430,056386,0
430,048907,0
430,056269,1
430,057021,1
430,054675,0
430,055501,1
430,057139,0
430,093586,-1
430,056472,0
430,007987,1
430,121394,1
430,052517,1
430,054979,1
430,113705,1
430,131483,-1
430,055095,0
430,053294,0
430,053822,0
430,050426,1
430,048432,-1
430,056152,1
430,055585,1
430,056134,0
430,093584,0
430,057146,1
430,054503,0
430,054016,0
430,006580,1
430,055426,0
430,057329,1
430,056136,0
430,271619,-1
430,283259,-1
430,054003,0
430,049543,-1
430,030859,1
430,031152,-1
430,036272,-1
430,020198,-1
430,271307,0
430,057310,1
430,057147,1
430,049929,-1
430,057150,1
430,053003,1
430,056517,0
430,054902,1
430,055876,0
430,048448,0
430,053591,1
430,053007,1
430,053170,0
430,055850,0
430,052762,1
430,123499,-1
430,055345,0
430,052685,0
430,056528,1
430,057141,0
430,056018,1
430,056026,0
430,054937,0
430,056437,1
430,082520,0
430,020873,-1
430,266896,-1
430,084777,-1
430,054763,0
430,053586,1
430,013811,0
430,055086,0
430,055477,1
430,056780,0
430,054796,0
430,055886,0
430,055390,0
430,044613,-1
430,056460,0
430,052730,1
430,052520,1
430,231240,0
430,053995,0
430,054679,0
430,050414,1
430,053595,1
430,056760,1
430,056759,1
430,055280,0
430,053564,0
430,052930,1
430,050865,-1
430,083191,1
430,074933,-1
430,051509,0
430,060472,-1
430,133270,1
430,002396,1
430,056509,0
430,052790,0
430,052997,0
430,167572,-1
430,055391,0
430,025676,-1
430,074727,1
430,083198,1
430,083514,0
430,011445,-1
430,054916,0
430,056338,1
430,013323,-1
430,052747,0
430,055790,0
430,235486,0
430,053044,1
430,046766,1
430,056523,0
430,055240,0
430,054820,0
430,048792,1
430,057145,0
430,273973,-1
430,055418,0
430,049843,1
430,021736,-1
430,053142,1
430,055356,0
430,053020,1
430,053023,0
430,053242,-1
430,054147,0
430,046321,-1
430,033893,-1
430,289940,-1
430,054045,1
430,055412,0
430,052695,0
430,053171,0
430,056525,0
430,045015,-1
430,163386,-1
430,054066,1
430,055490,1
430,055889,0
430,093207,-1
430,056324,0
430,057244,0
430,135309,-1
430,052840,0
430,083483,-1
430,054253,0
430,085303,-1
430,055506,0
430,050371,0
430,054006,0
430,055406,0
430,045034,0
430,000324,-1
430,027150,-1
430,055655,0
430,054848,0
430,053243,1
430,049284,-1
430,055160,0
430,052706,0
430,055101,0
430,054115,1
430,078395,-1
430,176774,-1
430,054504,0
430,052923,1
430,054543,0
430,082803,1
430,026862,-1
430,050483,0
430,056071,0
430,053013,0
430,056131,1
430,082422,1
430,056501,0
430,063178,-1
430,092512,-1
430,055310,0
430,160400,-1
430,013818,-1
430,053382,1
430,022110,0
430,053556,0
430,050616,0
430,000608,-1
430,055216,0
430,056867,0
430,092150,-1
430,054914,0
430,082337,-1
430,265659,0
430,081901,-1
430,056861,0
430,285181,1
430,285184,0
430,055329,0
430,054197,0
430,052951,0
430,055222,0
430,054155,0
430,289061,-1
430,056442,0
430,111645,1
430,262328,1
430,262369,1
430,262387,-1
430,053618,0
430,053158,1
430,269202,0
430,052998,1
430,048875,-1
430,055007,0
430,053635,0
430,013690,-1
430,055031,0
430,053986,1
430,009386,-1
430,082754,-1
430,035499,-1
430,055164,0
430,052743,0
430,025523,1
430,086428,0
430,115828,-1
430,164408,-1
430,048940,1
430,056520,0
430,054482,0
430,056477,0
430,053547,0
430,062188,-1
430,047551,0
430,050347,-1
430,049816,1
430,052371,1
430,055706,1
430,274162,-1
430,032116,-1
430,049030,-1
430,052567,1
430,056422,1
430,053685,0
430,229281,-1
430,024261,-1
430,054789,0
430,022773,-1
430,048531,1
430,034148,-1
430,054561,0
430,084130,-1
430,048142,0
430,056463,0
430,051492,-1
430,055403,0
430,056254,0
430,049305,-1
430,219939,0
430,055157,1
430,055219,0
430,056743,0
430,052872,1
430,056053,0
430,055070,0
430,270568,0
430,116179,-1
430,053026,1
430,054564,1
430,125724,-1
430,053030,1
430,021158,-1
430,052871,1
430,055541,1
430,057338,1
430,055307,0
430,098222,-1
430,055947,0
430,054542,1
430,053194,0
430,026635,-1
430,052581,0
430,078006,-1
430,056504,0
430,057318,0
430,056473,0
430,045001,-1
430,227494,-1
430,020199,-1
430,052411,0
430,053039,0
430,080241,-1
430,055691,0
430,054375,0
430,052892,0
430,051042,-1
430,076879,0
430,257552,-1
430,056820,1
430,054526,1
430,082859,-1
430,055273,0
430,054677,0
430,049034,-1
430,226182,-1
430,058705,-1
430,053592,1
430,053997,0
430,054088,0
430,051733,0
430,055520,0
430,163956,-1
430,275344,-1
430,054910,0
430,164856,-1
430,164202,0
430,057131,0
430,054631,0
430,052873,0
430,053431,-1
430,051127,1
430,053977,0
430,052847,0
430,056466,0
430,052037,0
430,269201,0
430,169126,-1
430,088751,-1
430,056865,0
430,225890,-1
430,055366,0
430,005617,1
430,052392,0
430,048446,0
430,227942,-1
430,007835,-1
430,152811,1
430,143973,-1
430,057136,0
430,053723,0
430,054288,0
430,119200,-1
430,052544,1
430,056327,0
430,051160,1
430,055492,0
430,121713,-1
430,063138,-1
430,049671,1
430,049580,1
430,056975,1
430,032733,-1
430,054811,0
430,053068,0
430,053611,0
430,111680,-1
430,047374,-1
430,022300,-1
430,048488,1
430,048491,1
430,055169,0
430,081428,0
430,138675,-1
430,044193,-1
430,054940,0
430,179651,-1
430,053504,0
430,113721,1
430,053815,0
430,048197,1
430,061742,-1
430,053476,1
430,225655,-1
430,055074,0
430,053040,0
430,063542,-1
430,050095,0
430,054407,0
430,009426,-1
430,054918,0
430,052440,0
430,055759,0
430,082808,0
430,029849,0
430,054002,0
430,139828,-1
430,056149,-1
430,035953,-1
430,110399,-1
430,053284,0
430,053247,0
430,052945,0
430,069031,-1
430,056389,0
430,076788,-1
430,054393,0
430,227708,-1
430,054519,1
430,055873,0
430,055967,0
430,265738,-1
430,054674,0
430,036978,-1
430,052955,1
430,052918,0
430,219918,-1
430,177748,-1
430,055170,0
430,057132,0
430,056431,0
430,055008,0
430,277898,-1
430,055836,0
430,059879,0
430,031705,0
430,053872,0
430,053559,0
430,055123,0
430,056506,0
430,055322,0
430,057135,0
430,270318,-1
430,049230,0
430,144566,0
430,056856,0
430,056844,-1
430,054485,0
430,053372,0
430,054273,1
430,054481,0
430,054251,0
430,083466,0
430,055918,0
430,055021,0
430,049507,-1
430,052803,0
430,225745,-1
430,032310,-1
430,054694,0
430,078409,-1
430,055990,0
430,276982,0
430,055235,0
430,082512,0
430,097318,0
430,081384,-1
430,064764,-1
430,148232,-1
430,022204,-1
430,084129,0
430,093271,-1
430,053111,1
430,055435,0
430,054983,0
430,051117,-1
430,177547,-1
430,054350,0
430,239582,1
430,055672,0
430,054389,0
430,224095,-1
430,050653,0
430,052826,0
430,092518,-1
430,055405,0
430,276682,-1
430,168498,-1
430,288942,-1
430,263348,-1
430,013496,-1
430,053017,0
430,054537,0
430,050331,0
430,021155,-1
430,054153,0
430,239581,0
430,054928,0
430,053871,0
430,004887,-1
430,052729,0
430,054528,0
430,047423,-1
430,054692,0
430,035487,0
430,277975,-1
430,224512,0
430,056289,0
430,061391,-1
430,080156,-1
430,053992,0
430,068821,-1
430,054064,0
430,054823,0
430,056286,1
430,056285,1
430,056284,1
430,056146,0
430,274116,-1
430,045998,-1
430,169127,-1
430,052906,0
430,086973,-1
430,038692,0
430,054591,0
430,045820,-1
430,053505,0
430,052887,1
430,044997,-1
430,055844,0
430,080542,-1
430,054536,0
430,050209,-1
430,053870,0
430,052857,0
430,052839,0
430,057067,0
430,054966,1
430,054816,0
430,024104,-1
430,052388,0
430,055102,0
430,056483,0
430,055269,0
430,188595,-1
430,079668,-1
430,052696,0
430,012356,-1
430,060443,-1
430,050538,1
430,066775,-1
430,047210,0
430,056011,0
430,228020,-1
430,226582,-1
430,020823,-1
430,007598,-1
430,072998,1
430,106949,1
430,106171,1
430,105908,1
430,105227,1
430,073258,1
430,072735,1
430,106687,1
430,107206,1
430,073776,1
430,072432,1
430,073514,1
430,105605,1
430,074033,1
430,072054,1
430,074293,1
430,107466,1
430,106431,1
430,092224,-1
430,024665,-1
430,267179,-1
430,104025,-1
430,024178,-1
430,050165,-1
430,053613,-1
430,161085,-1
430,278353,-1
430,153983,-1
430,050243,-1
430,273537,-1
430,054856,0
430,024173,-1
430,275709,-1
430,122871,-1
430,278425,-1
430,117543,-1
430,050164,1
430,048465,-1
430,064744,-1
430,056172,0
430,056621,0
430,063180,-1
430,079354,-1
430,055827,0
430,138101,-1
430,079674,-1
430,273194,-1
430,053759,0
430,267190,-1
430,055278,0
430,054568,0
430,056859,0
430,054654,0
430,199194,-1
430,052891,1
430,170732,-1
430,080590,1
430,279545,-1
430,052858,0
430,070852,-1
430,035771,-1
430,052855,1
430,056496,0
430,036148,-1
430,055236,0
430,170295,-1
430,056458,0
430,054140,1
430,054680,0
430,269233,0
430,143610,-1
430,080259,-1
430,054154,0
430,055289,0
430,083424,0
430,049908,0
430,118379,-1
430,055860,0
430,045963,-1
430,055114,0
430,082826,-1
430,053867,1
430,080377,-1
430,050505,0
430,272760,1
430,267233,1
430,267277,1
430,267232,1
430,267250,1
430,267305,0
430,267251,0
430,267228,1
430,267246,0
430,267300,1
430,267325,0
430,267252,-1
430,267245,1
430,267299,1
430,273542,-1
430,202113,-1
430,085924,-1
430,268854,-1
430,055461,1
430,010907,1
430,013353,1
430,011208,-1
430,144705,-1
430,269636,-1
430,013836,0
430,199326,-1
430,273981,-1
430,083031,-1
430,082375,-1
430,070374,-1
430,054563,0
430,013658,-1
430,076294,-1
430,164409,-1
430,263387,1
430,051194,-1
430,052280,0
430,288757,-1
430,091680,-1
430,026655,-1
430,056469,0
430,030857,0
430,056215,0
430,054506,0
430,228479,-1
430,142653,-1
430,081455,-1
430,056235,0
430,121252,-1
430,277476,-1
430,056842,1
430,128521,-1
430,044767,-1
430,056033,0
430,022169,-1
430,054733,0
430,152803,0
430,026332,-1
430,013629,-1
430,055748,0
430,035624,-1
430,059411,1
430,257550,-1
430,055983,0
430,054545,1
430,051034,1
430,081421,-1
430,051232,-1
430,273039,-1
430,260871,-1
430,213662,-1
430,044477,-1
430,053057,0
430,053560,0
430,273995,-1
430,010979,-1
430,052780,0
430,053566,0
430,278399,-1
430,007069,-1
430,055858,0
430,182632,-1
430,056199,0
430,271486,-1
430,050429,1
430,077855,-1
430,010919,-1
430,169048,-1
430,035267,-1
430,078441,-1
430,011936,-1
430,269613,-1
430,050274,-1
430,217546,-1
430,054534,0
430,081802,-1
430,055404,0
430,055968,0
430,151502,-1
430,042369,-1
430,278169,-1
430,056191,0
430,053265,0
430,049383,-1
430,176609,-1
430,054673,0
430,054790,0
430,274173,-1
430,053994,0
430,032189,-1
430,220065,-1
430,285565,-1
430,054831,0
430,036308,-1
430,056028,0
430,177575,-1
430,048593,-1
430,055482,0
430,054198,1
430,166984,-1
430,051006,0
430,103547,-1
430,019548,-1
430,045002,-1
430,067247,-1
430,000044,-1
430,055326,0
430,268102,-1
430,054189,0
430,054456,0
430,055014,0
430,055303,0
430,053691,1
430,053972,-1
430,052785,1
430,052764,1
430,024533,0
430,056036,0
430,034822,-1
430,038734,0
430,049474,-1
430,224924,1
430,224849,0
430,117997,-1
430,057358,0
430,055212,0
430,052896,1
430,078158,0
430,205196,-1
430,278075,-1
430,062341,0
430,161314,-1
430,052352,-1
430,040125,-1
430,056812,0
430,055059,0
430,053999,0
430,056192,0
430,054588,0
430,273938,-1
430,153439,-1
430,011163,-1
430,013352,-1
430,075842,-1
430,055407,0
430,081912,-1
430,055453,0
430,092160,-1
430,053879,0
430,056234,0
430,210232,0
430,136595,-1
430,053032,0
430,044980,-1
430,238702,0
430,053322,0
430,078186,0
430,031978,-1
430,049511,-1
430,022398,-1
430,276730,-1
430,013441,-1
430,052435,0
430,054652,0
430,023635,-1
430,053524,0
430,049914,0
430,053583,0
430,067803,-1
430,271512,-1
430,054590,0
430,050262,-1
430,086729,-1
430,056354,0
430,053043,0
430,276676,-1
430,022490,-1
430,053563,0
430,157777,-1
430,052834,0
430,053970,0
430,142724,-1
430,054898,1
430,055480,0
430,053430,0
430,049334,-1
430,056027,0
430,143326,-1
430,049696,0
430,046842,-1
430,144609,-1
430,179487,-1
430,053042,0
430,052171,0
430,129841,-1
430,163423,-1
430,052702,1
430,054715,0
430,054954,0
430,055365,0
430,052732,1
430,113400,0
430,270242,-1
430,052883,0
430,054132,0
430,038775,-1
430,079950,-1
430,054640,0
430,056965,1
430,055457,0
430,046744,1
430,169075,-1
430,056610,0
430,250482,-1
430,056314,0
430,056833,0
430,065795,-1
430,032852,-1
430,057098,0
430,273972,-1
430,167046,-1
430,055048,0
430,052691,0
430,054224,0
430,269865,-1
430,055660,0
430,082824,-1
430,224892,1
430,050788,0
430,204972,-1
430,054053,0
430,261046,-1
430,053551,0
430,082000,-1
430,225913,0
430,054623,0
430,074959,-1
430,170294,-1
430,168256,-1
430,077932,-1
430,215723,0
430,052760,1
430,052144,0
430,055757,0
430,052718,1
430,035818,-1
430,052574,0
430,092965,-1
430,276979,0
430,055828,0
430,055840,0
430,054509,0
430,022488,-1
430,056350,1
430,056353,1
430,056351,1
430,056352,1
430,056734,0
430,053009,1
430,040485,-1
430,054308,0
430,054996,0
430,004998,-1
430,055519,0
430,135882,-1
430,056276,1
430,082249,-1
430,029843,-1
430,048378,-1
430,021016,-1
430,055475,0
430,054634,0
430,044600,-1
430,026405,-1
430,056165,0
430,080809,-1
430,052851,0
430,167047,-1
430,055752,0
430,052485,0
430,078673,-1
430,054557,0
430,053719,0
430,054909,0
430,049204,-1
430,278264,-1
430,040907,-1
430,030111,-1
430,055868,0
430,275632,-1
430,276980,0
430,051008,0
430,054794,0
430,055234,0
430,177731,-1
430,092827,-1
430,053980,0
430,076305,-1
430,277967,-1
430,044571,-1
430,040584,-1
430,274803,-1
430,055285,0
430,268864,-1
430,013322,-1
430,052638,0
430,055047,0
430,116101,-1
430,054466,0
430,054009,0
430,053438,1
430,009881,-1
430,082371,-1
430,053376,1
430,026676,-1
430,022251,-1
430,147431,-1
430,056008,0
430,056260,0
430,048579,-1
430,165577,-1
430,053419,-1
430,005906,-1
430,054190,0
430,053893,0
430,138019,-1
430,079404,-1
430,000038,-1
430,110022,-1
430,220502,-1
430,054499,0
430,227972,-1
430,277841,0
430,027745,-1
430,055839,0
430,078680,-1
430,097645,-1
430,053101,0
430,055784,0
430,053838,0
430,271636,-1
430,051115,0
430,053458,0
430,013761,0
430,092392,-1
430,056836,0
430,057333,0
431,062307,-1
431,196252,1
431,202135,1
431,192004,1
431,191964,1
431,202375,1
431,202112,1
431,202122,1
431,196253,1
431,196251,1
431,196796,1
431,196798,1
431,190850,1
431,190783,1
431,201737,1
431,201752,1
431,201727,1
431,195754,1
431,195747,1
431,195746,1
431,201929,1
431,202641,1
431,202635,1
431,201781,1
431,202640,1
431,202637,1
431,193567,1
431,193574,1
431,128517,1
431,128516,1
431,128556,1
431,128559,1
431,147133,1
431,147134,1
431,202934,1
431,201938,1
431,202151,1
431,202148,1
431,279949,0
431,149438,1
431,149452,1
431,202931,1
431,196347,0
431,233314,1
431,194101,1
431,194093,1
431,194545,1
431,251324,1
431,202134,1
431,195760,1
431,201748,1
431,233301,1
431,201740,1
431,201734,1
431,227400,1
431,227402,1
431,262758,1
431,262769,1
431,262775,1
431,262771,1
431,262782,1
431,283327,0
431,199484,1
431,199460,1
431,201792,1
431,197970,-1
431,262760,1
431,262757,1
431,261747,1
431,262765,1
431,202157,1
431,202156,1
431,261926,1
431,260660,1
431,260653,1
431,262004,1
431,264963,1
431,017265,1
431,263238,1
431,129618,1
431,008415,0
431,104377,1
431,071204,1
431,104370,1
431,071197,1
431,262995,-1
431,138819,1
431,138807,1
431,257093,1
431,014582,1
431,220363,0
431,211752,-1
431,257107,1
431,264964,1
431,260661,1
431,239794,1
431,239788,1
431,239782,0
431,239789,1
431,190688,1
431,257821,0
431,239797,1
431,239792,1
431,239790,1
431,239793,1
431,239778,0
431,201980,-1
431,017919,0
431,239779,0
431,080100,1
431,123732,0
431,066143,0
431,266163,1
431,266162,1
431,274473,-1
431,040366,-1
431,011758,1
431,160630,1
431,267965,-1
431,006153,-1
431,280075,-1
431,239776,0
431,224068,1
431,223996,1
431,223950,0
431,283732,-1
431,138629,-1
431,151542,-1
431,013195,0
431,257528,0
431,080097,0
431,060530,-1
431,289911,1
431,198687,1
431,040947,-1
431,232213,0
431,192038,0
431,196656,0
431,260814,-1
431,047558,-1
431,186453,-1
431,196282,1
431,196272,1
431,199454,0
431,000097,-1
431,061024,-1
431,159240,-1
431,196307,1
431,196321,1
431,196589,0
431,202842,1
431,039555,0
431,009870,-1
431,132514,0
431,265591,0
431,288065,-1
431,257278,0
431,199870,-1
431,197033,-1
431,137286,-1
431,219938,-1
431,014674,-1
431,262514,-1
431,164590,-1
431,258806,-1
431,095410,0
431,281483,-1
431,264412,-1
431,160647,0
431,262990,-1
431,196647,1
431,005995,-1
431,155114,-1
431,100270,0
431,004758,-1
431,232233,0
431,149459,0
431,145521,1
431,280076,-1
431,137508,0
431,015340,-1
431,123266,1
431,123309,0
431,257519,0
431,152595,-1
431,112882,0
431,265751,-1
431,089466,0
431,129375,-1
431,075463,-1
431,101607,-1
431,238194,-1
431,254346,-1
431,239774,0
431,151992,-1
431,281612,-1
431,286190,-1
431,131349,-1
431,140311,-1
431,196005,-1
431,017415,0
431,179598,-1
431,202674,-1
431,038990,1
431,150572,-1
431,229809,-1
431,132498,0
431,242973,-1
431,146536,-1
431,063629,-1
431,100457,-1
431,117237,-1
431,257092,-1
431,257820,0
431,191058,-1
431,207446,1
431,123552,-1
431,159141,-1
431,285437,-1
431,196339,-1
431,218144,0
431,228603,1
431,228602,1
431,228601,0
431,280576,1
431,280605,1
431,264453,0
431,244864,-1
431,139635,-1
431,259278,-1
431,279821,0
431,205983,1
431,205950,1
431,233375,-1
431,161933,0
431,199991,-1
431,173644,-1
431,100940,-1
431,096223,-1
431,243599,-1
431,264179,-1
431,234991,-1
431,118095,-1
431,154406,-1
431,263744,-1
431,091249,-1
431,046358,-1
431,266214,-1
431,251164,-1
431,148219,-1
431,264171,0
431,227283,-1
431,260436,-1
431,136904,-1
431,219890,0
431,257512,0
431,195228,-1
431,155550,-1
431,197028,0
431,274463,-1
431,207490,1
431,202482,-1
431,184317,-1
431,220307,-1
431,128176,-1
431,123067,-1
431,130789,-1
431,194943,-1
431,152067,-1
431,240897,-1
431,232206,0
431,218242,0
431,106253,-1
431,201786,-1
431,226500,-1
431,140607,-1
431,263266,-1
431,129379,-1
431,268805,-1
431,147432,-1
431,100948,-1
431,243600,-1
431,141230,-1
431,258284,0
431,125130,-1
431,197001,-1
431,027079,-1
431,234238,-1
432,113531,1
432,113378,1
432,113369,1
432,045228,1
432,045236,1
432,045229,1
432,046039,1
432,044676,1
432,044604,1
432,046162,1
432,045230,1
432,044608,1
432,046428,1
432,038800,1
432,038793,1
432,078837,-1
432,113693,1
432,113688,1
432,025505,1
432,113720,1
432,113973,1
432,113975,1
432,113723,1
432,113419,1
432,196069,1
432,113769,1
432,113768,1
432,113380,1
432,015136,1
432,113708,1
432,191731,-1
432,113441,1
432,113439,1
432,113942,1
432,113527,1
432,113405,1
432,113477,1
432,113489,1
432,113317,1
432,113571,1
432,113444,1
432,113374,1
432,113518,1
432,113936,1
432,113407,1
432,002288,1
432,113413,1
432,007875,1
432,113388,1
432,113362,1
432,113403,1
432,113566,1
432,113434,1
432,113401,1
432,113359,1
432,113782,1
432,113765,1
432,113777,1
432,113502,1
432,114502,1
432,113510,1
432,114215,1
432,113324,1
432,113496,1
432,113309,1
432,113123,1
432,114938,1
432,114260,1
432,113433,1
432,113485,1
432,113360,1
432,113778,1
432,150078,-1
432,113702,1
432,113781,1
432,199083,1
432,113399,1
432,113440,1
432,113438,1
432,113545,1
432,264157,1
432,114254,1
432,113475,1
432,113455,1
432,002426,1
432,113505,1
432,113504,1
432,113511,1
432,222891,1
432,113851,-1
432,117246,1
432,113311,1
432,274176,-1
432,114495,1
432,114111,1
432,113480,1
432,113470,1
432,113460,1
432,113517,1
432,259182,1
432,078926,-1
432,025494,1
432,126253,1
432,126263,1
432,126271,1
432,126257,1
432,126222,1
432,173382,1
432,158252,-1
432,162893,-1
432,113347,-1
432,113471,-1
432,222377,-1
432,003719,-1
432,230310,-1
432,113277,1
432,113390,1
432,127162,0
432,114410,1
432,011661,-1
432,113526,1
432,113326,1
432,085553,-1
432,090867,-1
432,169007,-1
432,075854,-1
432,191745,-1
432,113355,1
432,114945,1
432,114947,1
432,113673,1
432,113516,1
432,113356,1
432,113525,1
432,088576,-1
432,257817,-1
432,113528,-1
432,262577,1
432,111584,1
432,112106,1
432,113430,1
432,111610,-1
432,115525,-1
432,177252,1
432,022410,-1
432,153363,1
432,153365,1
432,175615,-1
432,012109,-1
432,085756,1
432,020304,-1
432,038024,-1
432,017901,-1
432,191717,-1
432,138120,-1
432,126294,-1
432,110703,-1
432,017781,-1
432,161649,-1
432,017131,-1
432,012025,-1
432,275751,-1
432,168031,-1
432,040526,-1
432,043310,-1
432,016545,1
432,079732,-1
432,222757,-1
432,113323,-1
432,034679,-1
432,136508,-1
432,037764,-1
432,006019,-1
432,021994,-1
432,120703,-1
432,075855,-1
432,192225,-1
432,127184,0
432,113458,-1
432,079587,-1
432,221274,-1
432,111541,1
432,045148,-1
432,169029,-1
432,158345,-1
432,113322,-1
432,274108,-1
432,124126,-1
432,008716,-1
432,074734,-1
432,113409,-1
432,022400,-1
432,126811,-1
432,090849,-1
432,117828,-1
432,261061,-1
432,159563,-1
432,005416,-1
432,090587,-1
432,030387,-1
432,227666,-1
432,042728,-1
432,121433,-1
432,194148,-1
432,011611,-1
432,158385,-1
432,234110,-1
432,199467,-1
432,078921,-1
432,088582,-1
432,078509,-1
432,127520,-1
432,124257,-1
432,079109,-1
432,171672,-1
432,209728,-1
432,158272,-1
432,043380,-1
432,075647,-1
432,011944,-1
432,275958,-1
432,109914,-1
432,113305,-1
432,257807,-1
432,264135,-1
432,078505,-1
432,133025,-1
432,040325,-1
432,079536,-1
432,040681,-1
432,230752,-1
432,078685,-1
432,119973,-1
432,007870,-1
432,137317,-1
432,038033,-1
432,034736,-1
432,075430,-1
432,274812,-1
432,136308,-1
432,169210,-1
432,000134,-1
432,015331,-1
432,262796,-1
432,075196,-1
432,168288,-1
432,045135,-1
432,075620,-1
432,159739,-1
432,037759,-1
432,007930,-1
432,275522,-1
432,011980,-1
432,126365,-1
432,168347,-1
432,009499,-1
432,079731,-1
432,022409,-1
432,223457,-1
432,113445,1
432,020771,-1
432,101736,-1
432,032527,-1
432,155949,-1
432,136692,-1
432,277763,-1
432,123139,-1
432,090362,-1
432,263475,-1
432,075001,-1
432,116915,1
432,115515,1
432,114976,1
432,116260,1
432,117716,-1
432,115518,-1
432,113431,1
432,120696,-1
432,127387,-1
432,160712,-1
433,076403,1
433,076286,1
433,076304,1
433,075778,1
433,076153,1
433,075820,1
433,075784,1
433,026641,1
433,026347,1
433,027150,1
433,158922,1
433,165086,1
433,165084,1
433,164990,1
433,159857,1
433,165079,1
433,159870,1
433,159866,1
433,165140,1
433,159895,1
433,159881,1
433,159880,1
433,165121,1
433,165105,1
433,039338,0
433,119846,1
433,006786,1
433,120466,1
433,005342,1
433,119850,1
433,006780,1
433,120462,1
433,006783,1
433,120463,1
433,148326,-1
433,158965,0
433,082642,1
433,077760,1
433,077410,1
433,033090,1
433,120465,0
433,232859,1
433,232864,1
433,273700,0
433,178752,1
433,034150,1
433,031396,0
433,178713,1
433,178696,1
433,178592,1
433,178615,1
433,019066,1
433,002204,1
433,285286,0
433,038038,0
433,077042,0
433,133837,-1
433,075040,1
433,006784,0
433,000428,1
433,027483,-1
433,110373,1
433,110114,1
433,107948,1
433,107959,1
433,108052,1
433,161033,1
433,161029,1
433,160977,1
433,011047,1
433,125541,1
433,015206,1
433,112565,1
433,112584,1
433,220481,1
433,220479,1
433,230775,1
433,003986,1
433,012942,0
433,082151,1
433,275892,1
433,275932,1
433,002461,0
433,155971,1
433,269705,-1
433,117225,1
433,011545,-1
433,018228,1
433,128947,1
433,165077,0
433,031045,-1
433,111120,0
433,135199,-1
433,285292,0
433,128142,0
433,016644,-1
433,135779,-1
433,194881,0
433,224867,1
433,224876,1
433,224875,1
433,033526,-1
433,139571,0
433,080788,1
433,080660,0
433,289330,-1
433,255343,0
433,193616,0
433,213848,-1
433,006785,0
433,079078,1
433,081416,-1
433,148367,-1
433,029250,0
433,284679,1
433,284680,1
433,011219,1
433,144806,1
433,144752,1
433,096724,1
433,096720,0
433,003849,-1
433,007819,-1
433,029423,-1
433,222792,0
433,078079,-1
433,014277,0
433,032422,-1
433,000265,1
433,193815,0
433,192453,1
433,192015,-1
433,146085,0
433,233915,0
433,027779,0
433,219693,-1
433,003193,-1
433,153493,1
433,153530,0
433,153518,0
433,013036,-1
433,077138,-1
433,133922,-1
433,117890,-1
433,158971,0
433,195886,-1
433,089695,-1
433,014196,-1
433,154782,0
433,020970,0
433,045418,0
433,135881,-1
433,120014,-1
433,145887,0
433,120464,0
433,224226,1
433,167545,-1
433,148311,-1
433,155853,1
433,260436,-1
433,254801,-1
433,232246,-1
433,042727,-1
433,041858,-1
433,259318,-1
433,162101,-1
433,042870,-1
433,047160,-1
433,025276,-1
433,009153,-1
433,001061,-1
433,205983,0
433,110066,-1
433,091636,-1
433,136438,-1
433,155245,0
433,043787,-1
433,038010,-1
433,185546,-1
433,052946,1
433,203111,-1
433,009103,-1
433,268340,-1
433,062223,-1
433,001312,-1
433,031541,-1
433,141615,0
433,029370,-1
433,076146,0
433,183410,-1
433,102275,1
433,069102,1
433,042781,-1
433,238609,-1
433,109458,-1
433,170218,-1
433,212682,-1
433,163099,0
433,155274,0
433,000751,-1
433,035898,-1
433,122858,-1
433,000675,-1
433,149939,-1
433,273696,0
433,142142,-1
433,001618,-1
433,076984,0
433,027530,0
433,003597,-1
433,033439,-1
433,065841,0
433,027629,-1
433,031373,-1
433,047163,-1
433,147377,-1
433,219854,-1
433,124254,-1
433,038399,-1
433,285647,-1
433,142261,-1
433,161933,0
433,003915,-1
433,100610,-1
434,111669,1
434,111692,1
434,111696,1
434,111697,1
434,117275,1
434,115900,1
434,117387,1
434,117325,1
434,130288,1
434,130252,1
434,117503,1
434,116831,1
434,117338,1
434,116998,1
434,117582,1
434,117625,1
434,124249,1
434,124256,1
434,108360,1
434,007624,1
434,165006,1
434,165010,1
434,165009,1
434,124525,1
434,124523,1
434,009484,1
434,121949,1
434,119791,1
434,004902,1
434,165030,1
434,005338,1
434,119843,1
434,121936,1
434,003001,-1
434,211195,-1
434,110507,0
434,252476,-1
434,090097,0
434,193348,-1
434,153779,-1
434,152148,-1
434,123301,-1
434,015603,-1
434,005312,-1
434,147655,-1
434,051585,-1
434,130007,-1
434,153501,-1
434,115879,-1
434,162051,-1
434,112452,-1
434,236872,-1
434,206181,-1
434,240112,-1
434,019255,-1
434,211311,-1
434,271941,-1
434,182804,-1
434,211460,-1
434,147396,-1
434,066037,0
434,235526,-1
434,110537,-1
434,153519,-1
434,221237,-1
434,139303,-1
434,116806,0
434,124828,-1
434,156205,-1
434,141249,-1
434,021654,-1
434,110559,0
434,132457,-1
434,197656,-1
434,271711,-1
434,124102,-1
403,059463,1
403,264056,-1
403,008630,-1
403,060527,1
403,068518,0
403,077548,-1
403,063277,0
403,250678,-1
403,070306,1
403,103479,1
403,063219,1
403,063024,1
403,076725,1
403,041815,1
403,060299,1
403,059464,1
403,059489,1
403,052941,1
403,055618,1
403,054609,1
403,051640,1
403,055551,1
403,081511,1
403,081381,1
403,001183,1
403,000381,1
403,128582,1
403,128553,1
403,081380,1
403,128199,1
403,055201,1
403,048973,1
403,068030,1
403,076386,1
403,065151,1
403,055702,1
403,055529,1
403,088496,0
403,053422,1
403,053518,1
403,055393,1
403,059487,1
403,059848,1
403,059249,1
403,059252,1
403,048867,0
403,087894,0
403,053325,1
403,053425,1
403,053898,1
403,102152,0
403,053324,0
403,059484,1
403,059479,1
403,051564,1
403,051585,1
403,061975,1
403,128299,1
403,055932,1
403,059414,1
403,053315,-1
403,128550,1
403,017254,1
403,129627,1
403,128581,1
403,128673,1
403,069259,-1
403,059445,1
403,051604,1
403,051584,1
403,051639,1
403,053137,1
403,032646,0
403,181303,-1
403,124338,-1
403,053457,1
403,008529,1
403,066592,1
403,065555,0
403,055149,1
403,048972,1
403,059269,0
403,172182,1
403,116831,-1
403,177939,1
403,177938,1
403,174049,1
403,172436,1
403,171468,1
403,171715,1
403,171712,1
403,171959,1
403,171699,1
403,173700,1
403,171866,1
403,171816,1
403,171310,1
403,171716,1
403,172083,1
403,179656,1
403,179655,1
403,173711,1
403,179677,1
403,170916,1
403,170914,1
403,170862,1
403,171585,1
403,172417,1
403,171531,1
403,172093,1
403,171830,1
403,171223,1
403,171631,1
403,172586,1
403,172223,1
403,171750,1
403,171239,1
403,171907,1
403,235848,1
403,172609,1
403,177662,1
403,177663,1
403,171819,1
403,171413,1
403,171763,1
403,178492,1
403,172067,1
403,188033,1
403,277106,1
403,178493,1
403,170960,1
403,172594,1
403,172197,1
403,171690,1
403,171624,1
403,171548,1
403,178369,1
403,179361,1
403,178368,1
403,177296,1
403,171237,1
403,171276,1
403,171246,1
403,177295,1
403,172169,1
403,179402,1
403,171329,1
403,172118,1
403,172637,1
403,172200,1
403,176589,1
403,171811,1
403,171619,1
403,182813,1
403,172057,1
403,171551,1
403,172077,1
403,171848,1
403,171354,1
403,171036,1
403,171936,1
403,171729,1
403,179632,1
403,172422,1
403,171780,1
403,183678,1
403,240554,1
403,171954,1
403,172011,1
403,171590,1
403,171594,1
403,175210,1
403,177195,1
403,172476,1
403,171366,1
403,171776,1
403,173472,1
403,172485,1
403,171803,1
403,172723,1
403,171452,1
403,173473,1
403,192974,1
403,171773,1
403,170890,1
403,172486,1
403,170814,1
403,177074,1
403,172519,1
403,177073,1
403,171614,1
403,179188,1
403,192704,1
403,172079,1
403,172201,1
403,171971,1
403,278977,1
403,171533,1
403,171617,1
403,173608,1
403,171929,1
403,177236,1
403,172187,1
403,177235,1
403,172509,1
403,171479,1
403,171592,1
403,171869,1
403,172029,1
403,171794,1
403,172516,1
403,174110,1
403,171243,1
403,172024,1
403,171771,1
403,178404,1
403,183197,1
403,171878,1
403,178403,1
403,171062,1
403,180281,1
403,171950,1
403,179444,1
403,171342,1
403,172193,1
403,171440,1
403,171990,1
403,171229,1
403,171496,1
403,172145,1
403,235978,1
403,171597,1
403,171859,1
403,172155,1
403,171434,1
403,172412,1
403,172084,1
403,172088,1
403,172569,1
403,179185,1
403,172150,1
403,172453,1
403,172570,1
403,172053,1
403,172522,1
403,172460,1
403,172521,1
403,171725,1
403,171350,1
403,171923,1
403,171162,1
403,175150,1
403,179623,1
403,171799,1
403,172426,1
403,171727,1
403,184991,1
403,179844,1
403,172332,1
403,179845,1
403,175648,1
403,171764,1
403,172708,1
403,172188,1
403,171529,1
403,172440,1
403,172431,1
403,172229,1
403,172249,1
403,172688,1
403,171719,1
403,171697,1
403,172258,1
403,171425,1
403,171881,1
403,172716,1
403,172424,1
403,172738,1
403,172396,1
403,174964,1
403,181640,1
403,172617,1
403,172041,1
403,171745,1
403,171443,1
403,171339,1
403,171823,1
403,171778,1
403,178637,1
403,178638,1
403,172363,1
403,171554,1
403,170922,1
403,171753,1
403,171692,1
403,172503,1
403,172528,1
403,172032,1
403,172616,1
403,171915,1
403,172483,1
403,178342,1
403,171732,1
403,187079,1
403,178992,1
403,178341,1
403,178453,1
403,172529,1
403,171260,1
403,172333,1
403,182941,1
403,178454,1
403,171160,1
403,171765,1
403,178059,1
403,178058,1
403,171853,1
403,171785,1
403,172328,1
403,172338,1
403,175351,1
403,172371,1
403,171687,1
403,171651,1
403,171470,1
403,172383,1
403,172014,1
403,171492,1
403,171650,1
403,172151,1
403,240371,1
403,172720,1
403,172230,1
403,172040,1
403,170786,1
403,179643,1
403,172092,1
403,170879,1
403,172126,1
403,193125,1
403,171231,1
403,171200,1
403,171730,1
403,171821,1
403,224207,1
403,171518,1
403,177293,1
403,176593,1
403,172468,1
403,171956,1
403,171176,1
403,280669,1
403,177294,1
403,172353,1
403,172207,1
403,171814,1
403,175000,1
403,171892,1
403,171740,1
403,171046,1
403,170841,1
403,172573,1
403,171983,1
403,172149,1
403,192184,1
403,172664,1
403,171543,1
403,173338,1
403,171981,1
403,172289,1
403,178163,1
403,171610,1
403,171547,1
403,242350,1
403,191009,1
403,172167,1
403,172355,1
403,237851,1
403,171334,1
403,171068,1
403,171694,1
403,178162,1
403,185669,1
403,171920,1
403,172318,1
403,171460,1
403,170854,1
403,171455,1
403,172075,1
403,172621,1
403,172421,1
403,171658,1
403,172538,1
403,172536,1
403,241226,1
403,171428,1
403,179355,1
403,179195,1
403,177078,1
403,171168,1
403,179213,1
403,172146,1
403,172102,1
403,179611,1
403,171841,1
403,171646,1
403,172493,1
403,171917,1
403,171980,1
403,171569,1
403,171686,1
403,171978,1
403,172195,1
403,172339,1
403,172225,1
403,172228,1
403,193201,1
403,177079,1
403,170857,1
403,188174,1
403,172658,1
403,171336,1
403,171475,1
403,181641,1
403,171871,1
403,170978,1
403,171535,1
403,172587,1
403,181639,1
403,170808,1
403,172404,1
403,187296,1
403,172185,1
403,172346,1
403,172106,1
403,172614,1
403,171571,1
403,177143,1
403,177144,1
403,183973,1
403,170792,1
403,172406,1
403,171157,1
403,175192,1
403,172742,1
403,170918,1
403,172615,1
403,172481,1
403,171974,1
403,171761,1
403,172031,1
403,172039,1
403,172217,1
403,171275,1
403,172690,1
403,179628,1
403,172302,1
403,171995,1
403,179229,1
403,171953,1
403,171784,1
403,171835,1
403,172280,1
403,174234,1
403,184966,1
403,172552,1
403,172066,1
403,171839,1
403,171999,1
403,172461,1
403,172378,1
403,171449,1
403,240368,1
403,177305,1
403,170887,1
403,177292,1
403,171783,1
403,171958,1
403,172686,1
403,171107,1
403,177304,1
403,171905,1
403,172501,1
403,188192,1
403,179340,1
403,171502,1
403,177850,1
403,177849,1
403,171890,1
403,179390,1
403,176571,1
403,171605,1
403,172548,1
403,171405,1
403,172498,1
403,171939,1
403,172478,1
403,172437,1
403,172462,1
403,226281,1
403,171790,1
403,178984,1
403,172172,1
403,172176,1
403,185015,1
403,172583,1
403,189932,1
403,172542,1
403,172624,1
403,190682,1
403,171582,1
403,177540,1
403,184781,1
403,172541,1
403,172639,1
403,171884,1
403,182646,1
403,172365,1
403,172304,1
403,177539,1
403,171643,1
403,172237,1
403,172312,1
403,172625,1
403,171295,1
403,170789,1
403,179365,1
403,172158,1
403,240249,1
403,171736,1
403,172505,1
403,223985,1
403,172111,1
403,172322,1
403,188457,1
403,172252,1
403,179304,1
403,172549,1
403,172074,1
403,183225,1
403,172171,1
403,179424,1
403,171945,1
403,171292,1
403,182117,1
403,171913,1
403,171189,1
403,172425,1
403,179668,1
403,172648,1
403,184319,1
403,181969,1
403,171943,1
403,171812,1
403,179308,1
403,240262,1
403,171393,1
403,171368,1
403,171836,1
403,172047,1
403,171538,1
403,172034,1
403,179671,1
403,171767,1
403,172627,1
403,178546,1
403,190085,1
403,174320,1
403,171904,1
403,171272,1
403,171941,1
403,171498,1
403,172100,1
403,224116,1
403,172603,1
403,172438,1
403,179202,1
403,172240,1
403,179608,1
403,171705,1
403,175534,1
403,172642,1
403,172122,1
403,172626,1
403,179072,1
403,171247,1
403,172663,1
403,191713,1
403,179327,1
403,172604,1
403,171411,1
403,179337,1
403,179227,1
403,171735,1
403,172506,1
403,171807,1
403,179230,1
403,172630,1
403,176627,1
403,172592,1
403,172729,1
403,172475,1
403,172212,1
403,171363,1
403,172315,1
403,179219,1
403,172605,1
403,237923,1
403,172045,1
403,171151,1
403,171293,1
403,172550,1
403,172593,1
403,176628,1
403,171235,1
403,194256,1
403,171671,1
403,172650,1
403,171928,1
403,172482,1
403,170820,1
403,179670,1
403,172007,1
403,174075,1
403,172401,1
403,171940,1
403,172669,1
403,172340,1
403,172514,1
403,171281,1
403,171934,1
403,171439,1
403,171993,1
403,171335,1
403,189277,1
403,177657,1
403,171083,1
403,170967,1
403,171802,1
403,172495,1
403,172037,1
403,179037,1
403,188169,1
403,170838,1
403,172027,1
403,171797,1
403,172374,1
403,188498,1
403,171899,1
403,172730,1
403,184461,1
403,172254,1
403,179056,1
403,188159,1
403,172443,1
403,178508,1
403,180196,1
403,179420,1
403,171948,1
403,172513,1
403,172629,1
403,172285,1
403,171226,1
403,171815,1
403,172266,1
403,172654,1
403,172020,1
403,183209,1
403,172123,1
403,179336,1
403,171072,1
403,171609,1
403,179663,1
403,172635,1
403,172725,1
403,171186,1
403,179344,1
403,171340,1
403,172052,1
403,178031,1
403,189993,1
403,171860,1
403,171268,1
403,172644,1
403,178507,1
403,187947,1
403,177656,1
403,172002,1
403,175419,1
403,172606,1
403,172141,1
403,171864,1
403,172535,1
403,170953,1
403,182250,1
403,179306,1
403,172537,1
403,172316,1
403,178230,1
403,178229,1
403,170882,1
403,171507,1
403,172361,1
403,171290,1
403,179411,1
403,172556,1
403,171093,1
403,178032,1
403,171240,1
403,171209,1
403,172086,1
403,172370,1
403,172385,1
403,189483,1
403,177002,1
403,178060,1
403,172557,1
403,171657,1
403,171577,1
403,179353,1
403,194459,1
403,171896,1
403,172341,1
403,171723,1
403,172727,1
403,171660,1
403,172696,1
403,172392,1
403,184365,1
403,179604,1
403,172565,1
403,172660,1
403,182369,1
403,222802,1
403,176514,1
403,178061,1
403,172309,1
403,184255,1
403,172415,1
403,172455,1
403,250961,1
403,171563,1
403,172377,1
403,172048,1
403,172564,1
403,172515,1
403,177533,1
403,175053,1
403,170822,1
403,223535,1
403,172487,1
403,177001,1
403,178957,1
403,181480,1
403,173000,1
403,177534,1
403,171541,1
403,192121,1
403,171826,1
403,172005,1
403,171633,1
403,172130,1
403,224047,1
403,251024,1
403,172017,1
403,175638,1
403,180258,1
403,172097,1
403,237928,1
403,171637,1
403,171581,1
403,177648,1
403,177647,1
403,171446,1
403,180580,1
403,172675,1
403,187630,1
403,171384,1
403,179485,1
403,171997,1
403,171788,1
403,172703,1
403,172409,1
403,172380,1
403,172743,1
403,226291,1
403,171805,1
403,172003,1
403,171011,1
403,235833,1
403,171638,1
403,186171,1
403,178534,1
403,189442,1
403,172676,1
403,172566,1
403,172563,1
403,277190,1
403,172705,1
403,172108,1
403,172394,1
403,172144,1
403,171382,1
403,172204,1
403,171962,1
403,172656,1
403,175647,1
403,173469,1
403,172464,1
403,171338,1
403,170956,1
403,172105,1
403,171202,1
403,171908,1
403,189822,1
403,193252,1
403,172133,1
403,171147,1
403,172430,1
403,173470,1
403,181721,1
403,171789,1
403,171086,1
403,172674,1
403,172585,1
403,171035,1
403,172104,1
403,172291,1
403,172327,1
403,178533,1
403,188804,1
403,172137,1
403,170929,1
403,172386,1
403,176940,1
403,172300,1
403,179247,1
403,171109,1
403,172418,1
403,176939,1
403,172022,1
403,262333,1
403,171524,1
403,172115,1
403,223433,1
403,171644,1
403,172061,1
403,172128,1
403,183775,1
403,179377,1
403,179440,1
403,255137,1
403,184031,1
403,171989,1
403,175100,1
403,181481,1
403,174567,1
403,250348,1
403,172449,1
403,172490,1
403,172134,1
403,171937,1
403,171154,1
403,181482,1
403,193560,1
403,172471,1
403,171668,1
403,240311,1
403,188095,1
403,172054,1
403,181571,1
403,172641,1
403,172320,1
403,172163,1
403,172667,1
403,176893,1
403,237815,1
403,172405,1
403,171195,1
403,171925,1
403,171184,1
403,224220,1
403,172078,1
403,172064,1
403,182258,1
403,171037,1
403,259894,1
403,240244,1
403,172275,1
403,171206,1
403,240373,1
403,179613,1
403,172707,1
403,172154,1
403,185117,1
403,172350,1
403,171930,1
403,194474,1
403,171064,1
403,171769,1
403,172015,1
403,225704,1
403,170824,1
403,178804,1
403,179497,1
403,171894,1
403,172429,1
403,170950,1
403,172388,1
403,179673,1
403,179256,1
403,172268,1
403,172073,1
403,190894,1
403,176892,1
403,171285,1
403,176720,1
403,171684,1
403,255139,1
403,190056,1
403,178803,1
403,223616,1
403,174813,1
403,225341,1
403,224776,1
403,171600,1
403,176721,1
403,194491,1
403,173454,1
403,180515,1
403,172362,1
403,187196,1
403,172782,1
403,171379,1
403,172702,1
403,172447,1
403,240252,1
403,172682,1
403,171129,1
403,184426,1
403,171523,1
403,172450,1
403,172112,1
403,172704,1
403,172284,1
403,171415,1
403,172357,1
403,171427,1
403,239408,1
403,225062,1
403,172270,1
403,171451,1
403,178421,1
403,178420,1
403,189355,1
403,179654,1
403,171696,1
403,179609,1
403,240567,1
403,240558,1
403,271370,1
403,171536,1
403,179477,1
403,171144,1
403,172236,1
403,237839,1
403,184812,1
403,172693,1
403,236778,1
403,171965,1
403,179418,1
403,186759,1
403,184235,1
403,171758,1
403,171300,1
403,182643,1
403,177790,1
403,171478,1
403,177789,1
403,176569,1
403,173645,1
403,240370,1
403,170958,1
403,172598,1
403,223444,1
403,184979,1
403,172599,1
403,224449,1
403,171902,1
403,185138,1
403,188487,1
403,235985,1
403,171527,1
403,267907,1
403,237175,1
403,226303,1
403,190452,1
403,237840,1
403,173595,1
403,174228,1
403,171618,1
403,237921,1
403,224219,1
403,170985,1
403,171574,1
403,177393,1
403,172777,1
403,177394,1
403,170868,1
403,224499,1
403,237926,1
403,184992,1
403,172001,1
403,240254,1
403,181338,1
403,254409,1
403,237852,1
403,172994,1
403,175395,1
403,174963,1
403,172324,1
403,174511,1
403,174252,1
403,178888,1
403,174995,1
403,235853,1
403,237319,1
403,236786,1
403,175177,1
403,175159,1
403,173452,1
403,173332,1
403,175023,1
403,240312,1
403,175129,1
403,278978,1
403,259896,1
403,175077,1
403,175330,1
403,174805,1
403,244578,1
403,277115,1
403,235850,1
403,059304,0
403,059267,0
403,055641,1
403,172643,-1
403,266277,0
403,059424,1
403,126570,1
403,059629,1
403,177340,-1
403,124223,1
403,124225,1
403,276859,-1
403,104891,0
403,001625,1
403,145824,1
403,145821,1
403,145620,1
403,015359,0
403,064781,0
403,263192,-1
403,059253,0
403,139552,0
403,059490,1
403,059295,0
403,054119,0
403,176360,-1
403,089145,-1
403,068029,0
403,035206,-1
403,239045,1
403,238784,1
403,063310,-1
403,054676,0
403,274751,-1
403,070273,-1
403,287301,-1
403,231175,-1
403,009754,0
403,078300,-1
403,063637,0
403,183165,-1
403,085357,0
403,062918,0
403,277735,-1
403,092960,-1
403,088210,0
403,035387,-1
403,213498,-1
403,059272,0
403,239413,-1
403,075214,0
403,091439,0
403,071718,0
403,235210,-1
403,055887,1
403,065315,-1
403,061735,-1
403,045500,0
403,175909,-1
403,074154,-1
403,048123,-1
403,078618,-1
403,071392,-1
403,011594,0
403,172466,-1
403,204867,-1
403,060477,1
403,161320,-1
403,011238,-1
403,102333,1
403,069160,1
403,146075,-1
403,269884,-1
403,002200,-1
403,089166,-1
403,154082,-1
403,028364,-1
403,053347,1
403,146160,-1
403,092640,0
403,142363,-1
403,077491,0
403,011333,0
403,002334,-1
403,048542,-1
403,034705,0
403,206627,-1
403,013944,-1
403,252481,-1
403,083006,-1
403,063635,0
403,140281,-1
403,085381,0
403,083070,0
403,143177,-1
403,055949,0
403,005563,-1
403,276865,-1
403,060887,0
403,012820,-1
403,089169,-1
403,103446,-1
403,117503,-1
403,120497,-1
403,021014,-1
403,001114,-1
403,076342,0
403,122715,0
403,060514,1
403,172472,-1
403,113041,-1
403,112808,-1
403,028359,-1
403,276875,-1
403,088829,0
403,176375,-1
403,206035,-1
403,079217,-1
403,132258,-1
403,030512,0
403,139407,-1
403,062380,0
403,257409,-1
403,081272,-1
403,075371,-1
403,107327,-1
403,235271,-1
403,172718,-1
403,104398,-1
403,091011,0
403,025373,-1
403,206154,-1
403,096122,-1
403,092927,-1
403,059082,0
403,287210,-1
403,139622,-1
403,116051,-1
403,038054,0
403,084524,-1
403,077459,0
403,055778,0
403,082082,-1
403,078151,-1
403,177480,-1
403,088780,0
403,112992,-1
403,014086,-1
403,077529,-1
403,114545,-1
403,035229,-1
403,104639,-1
403,173640,0
403,117582,-1
403,090060,0
403,013307,-1
403,281861,-1
403,175418,-1
403,267224,-1
403,034217,-1
403,133054,-1
403,269628,-1
403,090950,0
403,079184,0
403,077768,-1
403,276344,-1
403,053769,0
403,100278,0
403,175040,-1
403,204012,-1
403,177839,-1
403,041383,0
403,102432,-1
403,087738,0
403,273018,-1
403,070372,-1
403,225987,-1
403,085358,0
403,264055,-1
403,101542,-1
403,032982,0
403,071631,-1
403,071080,-1
403,088428,-1
403,068799,-1
403,104565,-1
403,230891,-1
403,116998,-1
403,144963,-1
403,145960,-1
403,078374,0
403,269764,-1
403,175869,-1
403,009442,-1
403,250053,-1
403,154477,-1
403,102219,-1
403,161358,-1
403,078267,-1
403,026165,-1
403,104804,-1
403,163223,-1
403,279595,-1
403,025944,-1
403,079035,0
403,075126,-1
403,006871,-1
403,149274,0
403,083040,0
403,183103,-1
403,103545,-1
403,059365,0
403,040236,0
403,069605,0
403,034978,-1
403,287153,-1
403,175960,-1
403,068806,-1
403,257430,-1
403,087887,0
403,017842,-1
403,053784,0
403,124523,-1
403,175981,-1
403,137371,-1
403,227428,-1
403,141537,-1
403,255887,-1
403,140283,-1
403,102778,0
403,000759,-1
403,104254,-1
403,085322,0
403,234386,-1
403,287213,-1
403,175715,-1
403,076934,-1
403,278327,0
403,175630,-1
403,046425,0
403,077409,-1
403,253805,-1
403,016172,-1
403,008338,-1
403,199791,-1
403,178482,-1
403,265803,-1
403,034767,0
403,081076,-1
403,059491,-1
403,216455,-1
403,061729,-1
403,071466,-1
403,279596,-1
403,267884,-1
403,145527,-1
403,241638,-1
403,003355,-1
403,022779,-1
403,161346,-1
403,095891,-1
403,194127,-1
403,273692,-1
403,046211,-1
403,110442,-1
403,061562,-1
403,109268,0
403,090098,-1
403,230737,-1
403,012387,-1
403,062296,-1
403,263894,-1
403,035475,0
403,053004,-1
403,019255,-1
403,227434,-1
403,077300,-1
403,117049,-1
403,015943,-1
403,110778,-1
403,239066,-1
403,026014,-1
403,078109,-1
403,175903,-1
403,108691,-1
403,007115,-1
403,078871,-1
403,102630,0
403,063020,-1
403,165648,-1
403,112981,-1
403,202705,-1
403,078191,-1
403,175984,-1
403,165649,-1
403,074664,-1
403,092860,-1
403,114549,-1
403,077598,-1
403,011719,-1
403,260692,-1
403,087533,0
403,071461,-1
403,174039,-1
403,169670,-1
403,120707,-1
403,101551,-1
403,265843,-1
403,113198,-1
403,034274,0
403,071225,-1
403,108957,-1
403,090067,0
403,026252,-1
403,061327,-1
403,051225,-1
403,084656,-1
403,034742,-1
403,007191,0
403,104634,-1
403,177308,-1
403,270367,-1
403,069457,0
403,054448,-1
403,023802,0
403,112833,-1
403,022796,-1
403,068700,-1
403,175532,0
403,252479,-1
403,071614,-1
403,079582,-1
403,178828,-1
403,028285,-1
403,014214,-1
403,276823,-1
403,077531,-1
403,141747,-1
403,051274,-1
403,025604,0
403,026154,-1
403,267895,-1
403,235209,-1
403,078231,-1
403,021045,-1
403,223152,-1
403,122964,-1
403,127740,-1
403,102515,-1
403,211394,-1
403,110285,-1
403,063222,-1
403,088911,-1
403,060802,-1
403,211377,-1
403,154495,-1
403,175878,-1
403,214387,-1
403,277950,-1
403,092926,-1
403,045442,0
403,090115,0
403,071504,-1
403,069511,-1
403,077273,-1
403,003867,-1
403,021240,-1
403,104677,-1
403,069342,-1
403,104787,-1
403,030886,-1
403,176432,-1
403,175708,-1
403,190067,-1
403,156839,-1
403,034817,-1
403,192975,-1
403,078510,-1
403,035508,0
403,175175,-1
403,137466,-1
403,014217,-1
403,266550,-1
403,134098,-1
403,034840,-1
403,203022,-1
403,108673,-1
403,069512,-1
403,225960,-1
403,204820,-1
403,087740,0
403,076856,-1
403,092824,-1
403,034210,-1
403,078162,-1
403,067410,0
403,104569,-1
403,124256,-1
403,080030,-1
403,075110,-1
403,102684,-1
403,061527,-1
403,175842,-1
403,177285,-1
403,189516,-1
403,175970,-1
403,179026,-1
403,182743,-1
403,065933,-1
403,113799,-1
403,043692,-1
403,054404,-1
403,201720,-1
403,078288,-1
403,077904,-1
403,231147,-1
403,010929,0
403,176348,-1
403,282710,-1
403,021648,-1
403,057977,-1
403,022781,-1
403,077979,-1
403,035003,-1
403,075218,-1
403,071396,-1
403,025934,-1
403,174917,-1
403,050283,-1
403,276248,-1
403,163577,-1
403,148821,-1
403,265952,-1
403,193954,-1
403,175957,-1
403,156840,-1
403,174506,-1
403,178304,-1
403,134033,-1
403,020062,-1
403,102685,-1
403,034903,-1
403,115900,-1
403,129790,-1
403,197857,-1
403,142039,-1
403,079542,-1
403,022771,-1
403,081028,-1
403,276263,-1
403,098271,-1
403,045933,-1
403,057892,-1
403,050182,-1
403,085326,0
403,078605,-1
403,054757,-1
403,218631,-1
403,114715,-1
403,078391,-1
403,084643,-1
403,135653,0
403,035199,-1
403,014853,-1
403,172116,-1
403,051250,-1
403,045702,-1
403,076831,-1
403,077660,-1
403,108717,-1
403,128074,-1
403,273049,-1
403,048362,0
403,171530,-1
403,022766,-1
403,071536,-1
403,034132,-1
403,088101,-1
403,026013,-1
403,212986,-1
403,123122,-1
403,175761,-1
403,172645,-1
403,262892,-1
403,077889,-1
403,009816,-1
403,138521,-1
403,035442,-1
403,028341,-1
403,146384,-1
403,041355,-1
403,083142,-1
403,029440,-1
403,078120,-1
403,079755,-1
403,002327,-1
403,197398,1
403,197401,1
403,197328,1
403,201512,1
403,197352,1
403,197350,1
403,197351,1
403,230460,1
403,230458,1
403,201511,-1
403,227569,1
403,227587,1
403,227466,1
403,227543,1
403,231026,1
403,197678,-1
403,231027,1
403,197400,-1
403,197718,-1
403,197641,-1
403,284006,-1
403,197394,-1
403,209071,-1
403,213086,-1
403,182674,-1
403,283993,-1
403,182753,1
403,182751,1
403,182750,1
403,182747,1
403,179396,-1
403,211393,-1
403,156567,-1
403,197397,-1
403,085136,-1
403,141647,-1
403,220868,-1
403,268514,-1
403,223151,-1
403,255036,-1
403,075487,-1
403,278734,-1
403,049181,-1
403,211376,-1
403,034865,0
403,051222,-1
403,227438,-1
403,134949,-1
403,173042,-1
403,025479,-1
403,078520,-1
403,078256,-1
403,208748,-1
403,111899,-1
403,285274,-1
403,192874,-1
403,011691,-1
403,182602,-1
403,144172,-1
403,255180,-1
403,192714,-1
403,254326,-1
403,087473,-1
403,283994,-1
403,262322,-1
403,182263,-1
403,174916,-1
403,158683,-1
403,269631,-1
403,134864,-1
403,027946,-1
403,078035,-1
403,183918,-1
403,135933,-1
403,141861,-1
403,156228,-1
403,030971,-1
403,214418,-1
403,128916,-1
403,270878,-1
403,051197,-1
403,043828,0
403,134843,-1
403,002483,-1
403,287266,-1
403,283991,-1
403,227416,-1
403,174550,-1
403,049130,-1
403,206217,-1
403,024416,-1
403,132097,-1
403,283990,-1
403,257831,-1
403,083585,-1
403,034720,-1
403,171713,-1
403,271374,-1
403,179504,-1
403,168360,-1
403,197872,-1
403,226215,-1
403,172928,-1
403,254352,-1
403,192902,-1
403,108672,-1
403,016813,-1
403,278798,-1
403,174452,-1
403,192973,-1
403,078330,-1
403,112853,-1
403,027904,-1
403,284007,-1
403,078697,-1
403,273827,-1
403,013710,-1
403,141738,-1
403,179293,-1
403,175266,-1
403,237250,-1
403,127971,-1
403,005093,-1
403,143853,-1
403,010992,-1
403,002647,-1
403,276230,-1
403,168361,-1
403,049177,-1
403,034944,0
403,253898,-1
403,165346,-1
403,075480,-1
403,265884,-1
403,083026,-1
403,142392,-1
403,226211,-1
403,035026,0
403,175286,-1
403,023804,1
403,023805,-1
403,023694,-1
403,254845,-1
403,057116,-1
403,078700,-1
403,176385,-1
403,266706,-1
403,168207,-1
403,015501,-1
403,112166,-1
403,001990,-1
403,173455,-1
403,022775,-1
403,087445,-1
403,011191,-1
403,084996,-1
403,171844,-1
403,206499,-1
403,054731,-1
403,184207,-1
403,075302,-1
403,040215,-1
403,134861,-1
403,034522,0
403,138056,-1
403,091894,-1
403,241227,-1
403,113171,-1
403,177313,-1
403,027852,-1
403,175007,-1
403,156230,-1
403,078100,-1
403,168206,-1
403,021213,-1
403,085462,0
403,043265,-1
403,285265,-1
403,034744,0
403,188076,-1
403,198584,-1
403,234787,-1
403,124249,-1
403,182634,-1
403,034578,-1
403,275509,-1
403,179236,-1
403,078012,-1
403,024147,-1
403,175357,-1
403,268601,-1
403,081510,1
403,123744,-1
403,240619,-1
403,108693,-1
403,075543,-1
403,123231,-1
403,077880,0
403,022780,-1
403,254842,-1
403,180617,-1
403,045271,-1
403,204572,-1
403,108831,-1
403,198833,-1
403,167309,-1
403,179464,-1
403,205606,-1
403,277632,-1
403,185872,-1
403,172646,-1
403,177415,-1
403,175955,-1
403,080923,0
403,279443,-1
403,157277,-1
403,267530,-1
403,083567,-1
403,210017,-1
403,176346,-1
403,022774,-1
403,213481,-1
403,112178,-1
403,119798,-1
403,074832,-1
403,201374,-1
403,130425,-1
403,051217,-1
403,077704,-1
403,135899,-1
403,078030,-1
403,062959,0
403,045668,-1
403,092483,0
403,024430,-1
403,036473,0
403,009673,-1
403,173684,-1
403,018673,-1
403,000161,-1
403,179235,-1
403,175228,-1
403,282148,-1
403,222016,-1
403,115032,-1
403,144318,-1
403,015626,-1
403,193950,-1
403,141192,-1
403,251471,-1
403,085539,-1
403,279080,-1
403,182360,-1
403,005303,-1
403,088291,0
403,282134,-1
403,172709,-1
403,078210,-1
403,174632,-1
403,179022,-1
403,018996,-1
403,050156,-1
403,002344,-1
403,018281,-1
403,075130,-1
403,200416,-1
403,194368,-1
403,011762,-1
403,227342,-1
403,252742,-1
403,218106,-1
403,043267,-1
403,165314,-1
403,177380,-1
403,048398,-1
403,259462,-1
403,112180,-1
403,104709,-1
403,204957,-1
403,173680,0
403,213775,-1
403,225744,-1
403,051081,-1
403,062093,-1
403,074575,-1
403,265992,-1
403,162935,-1
403,171711,-1
403,069617,-1
403,126037,-1
403,078262,-1
403,185859,-1
403,102603,-1
403,181557,-1
403,006107,-1
403,134926,-1
403,051871,0
403,005097,-1
403,182256,-1
403,128906,-1
403,134822,-1
403,190632,-1
403,076990,-1
403,282183,-1
403,102790,-1
403,077173,-1
403,217607,-1
403,254311,-1
403,014833,-1
403,171027,-1
403,117803,-1
403,181715,-1
403,084291,-1
403,120006,-1
403,038505,-1
403,282195,-1
403,109772,-1
403,025569,-1
403,222012,-1
403,127944,-1
403,192491,-1
403,239072,-1
403,044386,0
403,012503,-1
403,062743,0
403,188034,-1
403,079862,-1
403,272546,-1
403,254157,-1
403,203616,-1
403,011104,-1
403,081019,-1
403,008265,-1
403,066503,-1
403,174989,-1
403,120001,-1
403,039581,-1
403,009527,-1
403,005452,-1
403,126867,-1
403,215019,-1
403,117325,-1
403,113989,-1
403,157916,-1
403,149626,-1
403,226409,-1
403,053401,-1
403,040885,-1
403,210199,-1
403,078025,-1
403,084288,-1
403,069430,-1
403,193008,-1
403,285823,-1
403,177369,-1
403,175752,-1
403,050155,-1
403,007236,-1
403,052041,-1
403,074836,-1
403,127674,-1
403,175221,-1
403,276320,-1
403,069958,-1
403,225833,-1
403,270041,-1
403,270825,0
403,176874,-1
403,135325,-1
403,063539,-1
403,078839,-1
403,075261,-1
403,071517,-1
403,006434,-1
403,223493,-1
403,215536,-1
403,038515,-1
403,075670,-1
403,147765,-1
403,134511,0
403,285885,-1
403,202132,-1
403,069435,0
403,266755,-1
403,035265,-1
403,272439,-1
403,078055,-1
403,051223,-1
403,053184,0
403,194531,-1
403,081577,-1
403,174206,-1
403,173712,-1
403,035720,-1
403,053515,-1
403,141217,-1
403,170917,-1
403,102608,0
403,161685,-1
403,142384,-1
403,078260,-1
403,118568,-1
403,104690,-1
403,277230,-1
403,223656,-1
403,199792,-1
403,192703,-1
403,165595,-1
403,077953,-1
403,175979,-1
403,067741,-1
403,285898,-1
403,025406,-1
403,122826,-1
403,102236,-1
403,069074,-1
403,164922,-1
403,177909,-1
403,077890,-1
403,175707,-1
403,209661,-1
403,190627,-1
403,076160,-1
403,145245,-1
403,171317,-1
403,078467,-1
403,102967,-1
403,269090,-1
403,012976,-1
403,025563,0
403,102834,-1
403,272437,-1
403,175881,-1
403,048847,-1
403,082308,-1
403,134545,-1
403,183674,-1
403,134535,-1
403,214225,-1
403,051199,-1
403,141486,-1
403,011710,-1
403,175911,-1
403,006168,-1
403,195085,-1
403,030599,-1
403,083641,-1
403,174151,-1
403,251958,-1
403,102247,-1
403,199793,-1
403,111905,-1
403,224141,-1
403,134745,-1
403,069661,-1
403,077955,-1
403,097105,-1
403,001277,-1
403,028729,-1
403,174983,-1
403,162554,-1
403,165345,-1
403,160414,-1
403,134700,-1
403,011635,-1
403,043253,-1
403,069063,-1
403,137300,-1
403,051191,-1
403,059906,-1
403,004410,-1
403,252478,-1
403,176763,-1
403,276250,-1
403,050136,-1
403,127964,-1
403,046808,-1
403,010588,-1
403,046020,-1
403,125830,-1
403,027468,-1
403,063617,-1
403,008327,-1
403,285267,-1
403,035004,-1
403,078010,-1
403,078838,-1
403,272440,-1
403,131844,-1
403,108669,-1
403,184193,-1
403,242178,-1
403,174974,-1
403,086976,-1
403,059722,-1
403,069794,-1
403,062969,0
403,258343,-1
403,031423,-1
403,148390,-1
403,170580,-1
403,014079,-1
403,176833,-1
403,076416,-1
403,040163,0
403,084289,-1
403,194284,-1
403,035338,-1
403,153735,-1
403,189004,-1
403,078105,-1
403,179376,-1
403,188608,-1
403,134079,-1
403,193028,-1
403,013311,-1
403,077800,-1
403,178209,-1
403,041743,-1
403,111940,-1
403,002236,-1
403,124643,-1
403,270042,-1
403,032983,-1
403,077882,-1
403,062673,-1
403,067946,-1
403,084644,-1
403,254257,-1
403,250909,-1
403,198198,-1
403,175394,-1
403,262904,-1
403,108944,0
403,008279,-1
403,108687,-1
403,219786,-1
403,197841,-1
403,006174,-1
403,067381,-1
403,282053,-1
403,212547,-1
403,082214,-1
403,077963,-1
403,227347,-1
403,051209,-1
403,238805,-1
403,141216,-1
403,143786,-1
403,137115,-1
403,182601,-1
403,175019,-1
403,178373,-1
403,158568,-1
403,150216,-1
403,194385,-1
403,012930,-1
403,267679,-1
403,046778,-1
403,013748,-1
403,266044,-1
403,206457,-1
403,158199,-1
403,051123,-1
403,165655,-1
403,171266,-1
403,103131,-1
403,033095,0
403,085481,0
403,092264,-1
403,165654,-1
403,030993,-1
403,016461,-1
403,264043,-1
403,060097,0
403,079228,-1
403,158569,-1
403,208771,-1
403,263092,-1
403,025822,-1
403,175980,-1
403,128038,-1
403,261106,-1
403,015535,-1
403,127630,-1
403,050129,-1
403,206998,-1
403,006227,-1
403,138086,-1
403,169652,-1
403,208497,-1
403,019196,-1
403,171217,-1
403,088997,-1
403,178740,-1
403,169653,-1
403,225476,-1
403,062752,0
403,078801,-1
403,124520,-1
403,108582,-1
403,027846,-1
403,126038,-1
403,194281,-1
403,275594,-1
403,033302,-1
403,084939,-1
403,054175,-1
403,181388,-1
403,088837,-1
403,053259,-1
403,235307,-1
403,149595,-1
403,085996,-1
403,256839,-1
403,235106,-1
403,253855,-1
403,230917,-1
403,078876,-1
403,112229,-1
403,134509,-1
403,142000,-1
403,191517,-1
403,175043,-1
403,069838,-1
403,042040,-1
403,221083,-1
403,216083,-1
403,126042,-1
403,253236,-1
403,034669,-1
403,178959,-1
403,065774,-1
403,129629,-1
403,271412,-1
403,098081,-1
403,254389,-1
403,202738,-1
403,011634,-1
403,197958,-1
403,194278,-1
404,234853,0
404,079407,-1
404,277907,-1
404,155758,-1
404,141563,-1
404,019504,-1
404,046065,-1
404,050317,-1
404,206803,-1
404,145237,-1
404,235826,0
404,133488,0
404,019500,-1
404,077143,-1
404,011712,-1
404,019502,-1
404,235039,0
404,079465,-1
404,113520,-1
404,141545,-1
404,127680,0
404,165277,-1
404,234818,0
404,207789,-1
404,103583,-1
404,231175,-1
404,109502,-1
404,034335,-1
404,235858,0
404,179784,-1
404,096515,-1
404,006960,-1
404,277912,-1
404,236246,-1
404,019499,-1
404,019503,-1
404,209258,-1
404,127674,0
404,019501,-1
404,145162,-1
404,197118,0
404,239259,-1
404,205036,-1
404,141806,-1
404,277908,-1
404,165280,1
404,165257,-1
404,165265,-1
404,159848,1
404,159864,1
404,159790,1
404,133315,0
404,165345,1
404,165343,1
404,174989,1
404,174988,1
404,174979,0
404,167309,0
404,179396,1
404,179394,1
404,179376,1
404,179362,1
404,175090,1
404,163746,0
404,162277,0
404,069958,0
404,133325,0
404,180003,-1
404,164103,0
404,168652,-1
404,122273,1
404,002344,1
404,167291,0
404,138665,-1
404,175035,1
404,175018,1
404,068071,0
404,259297,-1
404,011907,1
404,123144,-1
404,007847,-1
404,001495,1
404,014885,1
404,011650,1
404,000401,1
404,070540,1
404,103713,1
404,070538,1
404,070643,1
404,103711,1
404,103816,1
404,070479,1
404,070628,1
404,103801,1
404,103652,1
404,070452,1
404,103625,1
404,069400,1
404,102573,1
404,070404,1
404,103577,1
404,077133,1
404,130641,1
404,130908,1
404,130652,1
404,130647,1
404,130658,1
404,130732,1
404,010320,1
404,044440,-1
404,062639,0
404,157139,1
404,157136,1
404,011466,1
404,043878,1
404,014613,1
404,130868,1
404,053599,1
404,017410,1
404,129499,1
404,054555,1
404,051153,1
404,103401,1
404,070228,1
404,103365,1
404,070192,1
404,124412,1
404,000361,1
404,056299,-1
404,103364,1
404,070191,1
404,130433,1
404,011628,1
404,130744,1
404,012058,1
404,019438,1
404,010258,1
404,030666,-1
404,063747,-1
404,053288,1
404,123847,1
404,020292,1
404,053483,-1
404,123795,-1
404,001497,-1
404,067814,-1
404,098058,1
404,098057,1
404,044010,1
404,001172,1
404,067693,0
404,017213,1
404,010279,1
404,005964,0
404,081074,1
404,012192,1
404,050208,-1
404,030635,-1
404,130945,1
404,054207,-1
404,051558,1
404,044047,-1
404,011906,-1
404,005022,1
404,119401,1
404,052957,1
404,052782,1
404,053077,-1
404,005669,-1
404,088089,1
404,087386,-1
404,116218,1
404,124338,1
404,124286,1
404,067068,-1
404,044652,1
404,032802,1
404,035060,-1
404,001215,1
404,000268,1
404,007915,1
404,001038,1
404,044135,1
404,076767,1
404,000637,1
404,165459,-1
404,138407,0
404,019676,-1
404,017780,1
404,254803,-1
404,014945,-1
404,064532,-1
404,053176,-1
404,066835,1
404,066967,0
404,044801,-1
404,112850,-1
404,045042,1
404,044653,-1
404,130902,-1
404,033220,-1
404,088119,-1
404,090215,1
404,010272,1
404,107852,-1
404,166832,1
404,166674,1
404,166676,1
404,166675,1
404,001225,1
404,034172,0
404,270358,1
404,271834,1
404,270273,1
404,271894,1
404,272000,1
404,270933,1
404,270922,1
404,271542,1
404,271531,1
404,271520,1
404,270982,1
404,259937,1
404,259941,1
404,255783,1
404,271394,1
404,243771,1
404,272219,1
404,271283,1
404,271393,1
404,271388,1
404,272169,1
404,271988,1
404,271367,1
404,277278,1
404,271990,1
404,272001,1
404,271768,1
404,271355,1
404,272128,1
404,271895,1
404,272129,1
404,274307,1
404,276146,1
404,271698,1
404,271378,1
404,279962,1
404,276209,1
404,178613,0
404,286783,1
404,268971,1
404,271351,1
404,269257,1
404,269253,1
404,271350,1
404,270299,1
404,268931,1
404,270298,1
404,270361,1
404,256419,0
404,272224,1
404,272220,1
404,288265,1
404,277290,1
404,288310,1
404,274514,1
404,277343,1
404,271397,1
404,274509,1
404,282032,1
404,276158,1
404,279586,1
404,271999,1
404,277292,1
404,272223,1
404,274519,1
404,270423,1
404,289398,1
404,289397,1
404,256485,0
404,271265,-1
404,288296,1
404,128524,0
404,283635,1
404,270625,1
404,270435,1
404,283636,1
404,270264,1
404,109622,0
404,279601,1
404,276967,1
404,283650,1
404,279587,1
404,284823,1
404,276973,1
404,281000,1
404,283638,1
404,283576,1
404,283577,1
404,287346,-1
404,281662,0
404,269795,1
404,268467,0
404,284745,1
404,284746,1
404,284744,1
404,274254,0
404,004718,1
404,118970,1
404,273711,0
404,260562,1
404,244533,1
404,236978,1
404,236986,1
404,277364,1
404,252303,1
404,237673,0
404,260984,0
404,004588,1
404,271141,1
404,271087,1
404,271242,1
404,269944,1
404,270142,1
404,270143,1
404,270472,1
404,236795,1
404,231912,1
404,231888,1
404,231886,1
404,231908,1
404,231913,1
404,256422,0
404,271057,0
404,288487,1
404,288485,1
404,288476,1
404,288486,1
404,236641,0
404,277146,1
404,256169,1
404,257613,1
404,257604,0
404,256415,1
404,274316,1
404,265062,0
404,274506,1
404,256655,0
404,101570,-1
404,276020,1
404,056148,1
404,116486,-1
404,283637,-1
404,287750,-1
404,257603,1
404,053259,1
404,054553,0
404,257612,1
404,230289,0
404,270999,0
404,155942,1
404,126006,-1
404,286775,-1
404,178687,0
404,269180,1
404,022464,1
404,197155,0
404,233459,-1
404,053700,-1
404,075317,-1
404,056754,1
404,057287,1
404,151006,0
404,269628,0
404,274438,0
404,254807,-1
404,176832,0
404,271266,-1
404,124435,1
404,108191,-1
404,256647,0
404,063170,-1
404,274627,-1
404,237036,-1
404,275686,0
404,162249,1
404,162688,0
404,120278,-1
404,131844,-1
404,259699,0
404,264069,1
404,264099,1
404,264098,1
404,256474,0
404,270532,0
404,057053,-1
404,044507,-1
404,205891,-1
404,276990,1
404,001833,1
404,282830,-1
404,230831,0
404,113727,-1
404,196440,0
404,050279,-1
404,265074,1
404,011409,-1
404,008279,0
404,134097,-1
404,050144,-1
404,273827,0
404,140424,0
404,164102,0
404,271540,1
404,271530,1
404,230317,0
404,287035,-1
404,280147,-1
404,028912,-1
404,134440,-1
404,067350,-1
404,276956,0
404,186268,0
404,268514,0
404,044214,-1
404,150757,0
404,284843,1
404,284683,1
404,130214,-1
404,273164,0
404,136311,-1
404,147590,-1
404,269943,0
404,041206,-1
404,265404,0
404,164129,0
404,065100,-1
404,041784,-1
404,164600,-1
404,238482,-1
404,271263,-1
404,264318,1
404,264363,1
404,259710,0
404,011829,1
404,270985,0
404,231456,-1
404,044541,-1
404,107758,0
404,053858,-1
404,026016,-1
404,230303,0
404,143462,-1
404,061722,-1
404,256411,1
404,169118,-1
404,009142,-1
404,288522,1
404,197669,0
404,264920,1
404,264921,0
404,065699,-1
404,272820,0
404,270533,0
404,288364,-1
404,075408,1
404,232390,0
404,007849,1
404,100939,-1
404,099679,-1
404,283111,-1
404,287301,-1
404,121408,-1
404,136349,-1
404,086524,-1
404,063148,-1
404,094405,0
404,233375,-1
404,123900,1
404,268008,0
404,206357,0
404,053234,-1
404,176821,0
404,151043,0
404,064192,-1
404,230859,0
404,184875,1
404,004895,1
404,119230,1
404,117016,0
404,118416,-1
404,237204,-1
404,001189,1
404,003705,-1
404,043180,-1
404,241215,-1
404,133225,-1
404,197151,0
404,164141,0
404,221429,-1
404,228942,-1
404,014981,-1
404,268957,0
404,033069,-1
404,119374,-1
404,186246,0
404,274606,0
404,276138,1
404,031365,-1
404,014026,-1
404,165250,-1
404,068443,1
404,067338,-1
404,275405,0
404,098675,0
404,068420,1
404,030958,0
404,067444,1
404,077929,0
404,087220,0
404,164033,0
404,016155,1
404,016149,1
404,117725,0
404,130104,-1
404,178151,0
404,075641,0
404,277152,0
404,058317,-1
404,162743,0
404,256272,-1
404,108739,-1
404,274253,0
404,164122,0
404,064102,-1
404,119254,-1
404,019681,-1
404,139063,-1
404,017212,-1
404,051851,-1
404,014920,-1
404,052830,-1
404,135192,-1
404,000585,-1
404,231427,0
404,268334,0
404,288700,1
404,017639,1
404,107794,0
404,238937,-1
404,104290,-1
404,276836,-1
404,237052,-1
404,061272,-1
404,264928,0
404,287717,-1
404,100938,1
404,011842,0
404,029023,1
404,028993,1
404,131063,0
404,009036,0
404,030361,-1
404,004899,-1
404,255208,-1
404,030878,-1
404,137997,-1
404,007765,-1
404,054524,0
404,045716,-1
404,164147,1
404,059967,-1
404,016962,1
404,013945,-1
404,107677,-1
404,175936,0
404,264443,-1
404,253335,-1
404,285903,-1
404,196782,0
404,136940,0
404,256277,-1
404,055647,-1
404,287778,-1
404,164032,1
404,169685,-1
404,263492,0
404,076280,-1
404,074588,1
404,075085,0
404,003435,1
404,018168,-1
404,058457,-1
404,268327,0
404,001262,-1
404,033722,0
404,128503,-1
404,130161,-1
404,103131,0
404,230890,0
404,289273,0
404,231594,-1
404,065307,-1
404,150879,-1
404,121190,-1
404,121440,-1
404,256003,1
404,041564,-1
404,265028,0
404,137417,-1
404,203033,0
404,062737,-1
404,130826,-1
404,052333,0
404,281670,1
404,281708,1
404,137526,-1
404,272403,0
404,148923,-1
404,198085,-1
404,119237,-1
404,261199,-1
404,086797,-1
404,280177,-1
404,265076,1
404,204994,-1
404,120209,0
404,017808,-1
404,288983,-1
404,270613,-1
404,271050,0
404,066542,-1
404,034132,-1
404,103542,-1
404,270572,1
404,176814,0
404,270356,1
404,272819,0
404,135454,-1
404,001110,-1
404,123241,-1
404,068452,1
404,128671,-1
404,063555,-1
404,230849,0
404,003413,-1
404,241791,-1
404,134200,-1
404,276835,-1
404,233479,-1
404,212858,-1
404,064051,-1
404,063919,-1
404,101741,-1
404,276248,0
404,099882,-1
404,034176,-1
404,012958,-1
404,286427,1
404,286424,1
404,275857,-1
404,144172,0
404,139475,-1
404,167410,-1
404,163016,0
404,274677,0
404,279002,1
404,256840,1
404,174944,-1
404,046848,-1
404,048718,-1
404,102023,-1
404,265399,0
404,079774,-1
404,284625,-1
404,286763,-1
404,045806,-1
404,115721,0
404,008628,-1
404,174745,-1
404,018086,-1
404,119455,-1
404,266188,0
404,196787,0
404,261206,-1
404,146695,-1
404,275388,-1
404,045710,-1
404,025657,1
404,278431,-1
404,134421,-1
404,161533,-1
404,272911,0
404,278094,-1
404,242332,-1
404,025312,1
404,025696,-1
404,067424,0
404,011236,-1
404,256304,0
404,192599,0
404,142179,-1
404,020574,1
404,271412,0
404,052664,-1
404,022838,1
404,236883,-1
404,265526,-1
404,050321,1
404,050419,1
404,051144,-1
404,020723,1
404,273162,0
404,136936,0
404,263494,1
404,026175,1
404,023633,-1
404,050380,-1
404,162176,1
404,162510,0
404,032406,-1
404,167409,-1
404,122865,-1
404,077345,-1
404,020165,-1
404,039802,-1
404,162525,0
404,028136,-1
404,230810,0
404,260121,-1
404,150769,0
404,063885,-1
404,276230,0
404,002521,-1
404,254804,-1
404,015420,-1
404,041416,-1
404,264930,0
404,055964,0
404,143172,-1
404,029382,-1
404,169183,-1
404,088036,-1
404,029037,-1
404,081371,-1
404,131585,-1
404,176057,0
404,139392,-1
404,107800,-1
404,098643,-1
404,102499,-1
404,034130,-1
404,128989,-1
404,069794,1
404,102967,1
404,103011,1
404,069838,1
404,069142,0
404,102315,0
404,088236,-1
404,087150,-1
404,030510,-1
404,076853,0
404,069126,-1
404,057396,-1
404,001457,-1
404,259460,-1
404,112039,-1
404,016225,-1
404,232787,-1
404,116550,1
404,071016,-1
404,051490,-1
404,136059,-1
404,065764,-1
404,014284,1
404,146941,0
404,137722,0
404,139923,0
404,102299,-1
404,150856,0
404,283436,-1
404,061659,-1
404,045271,-1
404,225759,0
404,138595,-1
404,123093,-1
404,142514,0
404,269275,-1
404,107716,-1
404,077361,-1
404,130961,-1
404,057352,-1
404,134098,-1
404,007338,-1
404,256233,-1
404,287164,-1
404,027090,-1
404,131596,-1
404,114537,0
404,022256,-1
404,008338,0
404,237028,-1
404,154729,-1
404,162772,0
404,280443,-1
404,096813,-1
404,060960,-1
404,020162,-1
404,141647,0
404,196792,0
404,277404,-1
404,121414,-1
404,136957,-1
404,269631,0
404,158695,-1
404,137067,0
404,256320,-1
404,069123,-1
404,083072,-1
404,125770,-1
404,166080,0
404,258509,0
404,102633,1
404,069460,1
404,162508,0
404,122745,-1
404,285296,-1
404,004771,-1
404,004517,-1
404,141011,0
404,270967,0
404,102296,-1
404,077412,-1
404,198043,-1
404,287210,-1
404,182360,0
404,006929,-1
404,176492,-1
404,049256,-1
404,043916,-1
404,145230,-1
404,011004,-1
404,239568,-1
404,201277,-1
404,110569,-1
404,237758,-1
404,252746,1
404,158693,-1
404,266066,-1
404,228943,-1
404,141312,0
404,046387,1
404,046392,0
404,041434,-1
404,243477,-1
404,041824,-1
404,210583,-1
404,041731,-1
404,002463,-1
404,070369,-1
404,075634,0
404,125830,-1
404,271469,0
404,051730,-1
404,191067,-1
404,015421,1
404,035495,-1
404,101751,-1
404,029076,-1
404,060962,-1
404,272783,-1
404,112875,-1
404,123145,-1
404,018426,-1
404,056109,-1
404,212742,-1
404,111940,0
404,198074,-1
404,197400,-1
404,121400,-1
404,033913,-1
404,039089,-1
404,264419,0
404,275685,0
404,136943,-1
404,050270,0
404,136531,0
404,175436,-1
404,262079,-1
404,268566,-1
404,253329,-1
404,268022,0
404,040738,-1
404,094410,0
404,263331,0
404,280145,-1
404,276084,0
404,048285,-1
404,011470,-1
404,169671,-1
404,065672,-1
404,230073,0
404,077357,-1
404,008044,-1
404,168505,0
404,134439,-1
404,222253,-1
404,108669,0
404,043978,-1
404,162306,1
404,162308,1
404,162617,0
404,048065,-1
404,153742,0
404,273781,0
404,195574,0
404,143612,-1
404,260865,1
404,260906,1
404,175551,-1
404,264111,-1
404,234893,-1
404,276922,0
404,075428,-1
404,266706,0
404,089112,-1
404,168504,0
404,044571,-1
404,264347,0
404,267355,-1
404,037150,-1
404,119045,-1
404,070610,-1
404,270987,0
404,042172,-1
404,254334,-1
404,172940,0
404,011926,-1
404,003744,-1
404,128816,-1
404,232398,-1
404,151122,-1
404,076270,-1
404,138545,-1
404,052463,-1
404,067356,1
404,034830,-1
404,167407,-1
404,232551,-1
404,001546,-1
404,075635,0
404,188542,-1
404,234399,0
404,003817,-1
404,079656,-1
404,160347,-1
404,002586,1
404,198611,-1
404,287006,-1
404,006135,-1
404,289763,-1
404,218227,-1
404,133489,0
404,261242,-1
404,107678,-1
404,135558,0
404,042053,-1
404,134695,-1
404,116472,-1
404,087274,0
404,149156,-1
404,115235,-1
404,231276,0
404,196780,0
404,033785,0
404,094492,0
404,173588,-1
404,255353,0
404,041211,-1
404,016162,1
404,173314,-1
404,053885,-1
404,273774,-1
404,260546,-1
404,267584,-1
404,267199,-1
404,142039,-1
404,229497,-1
404,056382,-1
404,112372,-1
404,205101,-1
404,236980,-1
404,056403,-1
404,273903,1
404,273888,1
404,182601,0
404,144413,-1
404,080113,0
404,262078,-1
404,249937,-1
404,137075,0
404,022196,0
404,071117,-1
404,011020,-1
404,107799,-1
404,121412,-1
404,115761,1
404,117757,1
404,114937,-1
404,117922,-1
404,116309,1
404,115782,1
404,045481,0
404,162276,0
404,114703,-1
404,143305,-1
404,270994,-1
404,116011,1
404,118649,1
404,004460,1
404,117756,-1
404,004953,-1
404,169184,-1
404,114946,-1
404,044083,-1
404,137995,-1
404,119221,0
404,179119,1
404,179129,1
404,169153,-1
404,169154,-1
404,119311,-1
404,006137,-1
404,112180,0
404,136876,-1
404,137173,0
404,263327,0
404,003886,0
404,115166,-1
404,082902,-1
404,022229,-1
404,289345,0
404,178922,1
404,067024,-1
404,267213,-1
404,119368,-1
404,055526,-1
404,107655,-1
404,042551,-1
404,045446,1
404,062927,-1
404,030970,1
404,030964,1
404,030880,1
404,035375,0
404,030889,1
404,030971,-1
404,041213,-1
404,119216,0
404,033741,-1
404,045807,-1
404,007212,-1
404,053222,0
404,264034,-1
404,023903,-1
404,045613,-1
404,005297,-1
404,171422,-1
404,130815,-1
404,079003,-1
404,134420,-1
404,003833,0
404,031138,-1
404,030140,-1
404,140210,-1
404,276089,-1
404,142384,-1
404,079885,-1
404,280537,-1
404,273756,-1
404,078679,-1
404,107750,-1
404,044924,-1
404,031822,-1
404,107654,-1
404,144635,1
404,141014,0
404,034233,0
404,041975,-1
405,233842,-1
405,152075,1
405,151207,1
405,163379,1
405,285278,1
405,285262,1
405,285270,1
405,285273,1
405,165771,1
405,158509,-1
405,150921,1
405,150563,1
405,155853,-1
405,147702,1
405,145863,1
405,192073,1
405,177735,1
405,177674,1
405,177759,1
405,261223,1
405,152884,1
405,152890,1
405,152896,1
405,258910,0
405,193164,1
405,192069,1
405,150019,1
405,150026,1
405,150031,1
405,150011,1
405,150029,1
405,150037,1
405,155907,1
405,149728,1
405,200676,-1
405,145072,1
405,149718,1
405,190408,1
405,152030,1
405,151035,0
405,190825,-1
405,138374,0
405,037176,1
405,037251,1
405,037318,1
405,035590,1
405,259221,1
405,259343,1
405,152504,1
405,233980,-1
405,034925,1
405,035139,1
405,034924,1
405,285277,1
405,285261,1
405,285272,1
405,285269,1
405,188321,0
405,002708,-1
405,132996,-1
405,253586,-1
405,152604,-1
405,142750,-1
405,159282,1
405,029417,-1
405,149840,-1
405,259342,0
405,219653,-1
405,153303,-1
405,254220,-1
405,177734,0
405,095697,-1
405,168530,1
405,234034,-1
405,201674,-1
405,099728,1
405,191736,1
405,191737,1
405,194130,-1
405,049248,-1
405,018843,-1
405,153536,-1
405,237588,1
405,235250,1
405,235256,1
405,235287,1
405,235248,1
405,235328,-1
405,095087,-1
405,143396,-1
405,089508,-1
405,188556,-1
405,162710,-1
405,002704,-1
405,235321,-1
405,091961,-1
405,226019,1
405,152505,1
405,135151,-1
405,045140,-1
405,252789,0
405,169650,-1
405,198189,-1
405,167698,-1
405,146930,-1
405,256872,-1
405,177758,0
405,045052,-1
405,151523,-1
405,198620,-1
405,152923,-1
405,234081,-1
405,266380,0
405,268794,0
405,256706,0
405,088172,-1
405,081599,-1
405,000854,-1
405,287875,1
405,150027,-1
405,273411,-1
405,151652,-1
405,190222,-1
405,254547,0
405,152375,-1
405,132786,-1
405,153505,-1
405,037799,-1
405,081936,-1
405,275018,-1
405,229828,-1
405,127574,-1
405,160393,-1
405,155508,-1
405,041935,1
405,158871,0
405,094455,-1
405,153984,1
405,153966,1
405,270246,-1
405,143010,-1
405,153356,-1
405,279819,1
405,279829,1
405,279824,1
405,267298,0
405,168527,1
405,156837,0
405,168045,0
405,279820,-1
405,151584,-1
405,265185,1
405,270198,1
405,151660,-1
405,267178,-1
405,264717,1
405,086745,-1
405,271318,-1
405,194183,-1
405,258917,-1
405,256898,-1
405,195404,-1
405,055741,-1
405,267475,0
405,100742,1
405,076329,-1
405,100768,1
405,288018,-1
405,036191,-1
405,198646,-1
405,017306,-1
405,192335,-1
405,199876,-1
405,152635,-1
405,130709,-1
405,258702,1
405,256705,1
405,256708,1
405,256709,0
405,160540,0
405,039843,-1
405,192301,-1
405,202063,-1
405,161527,-1
405,175443,-1
405,194136,-1
405,268426,-1
405,270872,-1
405,095438,-1
405,148228,-1
405,139511,1
405,233456,-1
405,110124,-1
405,029041,-1
405,212016,-1
405,134234,-1
405,234014,-1
405,285131,-1
405,092117,-1
405,073831,0
405,180219,-1
405,288409,-1
405,145319,-1
405,138382,0
405,276266,-1
405,229165,-1
405,007735,-1
405,170128,0
405,268614,-1
405,048470,-1
405,258767,-1
405,233684,-1
405,156084,-1
405,164306,-1
405,134000,-1
405,196602,-1
405,101426,-1
405,133733,-1
405,122333,-1
405,059410,-1
405,077633,-1
405,155698,-1
405,167700,0
405,035984,-1
405,192951,-1
405,259341,-1
405,267189,-1
405,191744,0
405,257857,-1
405,174824,-1
405,258124,-1
405,163888,-1
405,139977,-1
405,232753,-1
405,193654,0
405,200837,-1
405,128069,-1
405,279830,-1
405,265413,-1
405,156127,-1
405,020856,-1
405,011350,-1
405,270248,-1
405,199079,-1
406,176649,1
406,176636,1
406,176686,1
406,123391,1
406,169687,1
406,169674,1
406,171128,1
406,152261,0
406,169673,1
406,080444,1
406,177912,1
406,067093,1
406,067099,0
406,176980,1
406,176972,1
406,176981,1
406,176990,1
406,176986,1
406,176971,1
406,176984,1
406,177013,1
406,144269,1
406,177070,1
406,191253,1
406,176780,1
406,011048,1
406,221525,0
406,256381,1
406,081232,1
406,000882,1
406,184304,1
406,152851,1
406,210842,1
406,210816,1
406,210827,1
406,220212,1
406,155338,1
406,152720,1
406,184311,1
406,249427,1
406,183372,1
406,160046,1
406,193746,1
406,173419,0
406,021587,1
406,066802,1
406,255080,1
406,254963,-1
406,279180,1
406,123137,-1
406,160074,1
406,202065,-1
406,130885,1
406,130899,1
406,130846,1
406,066524,1
406,007938,1
406,121351,1
406,130900,1
406,130886,1
406,130847,1
406,289368,1
406,181605,-1
406,107719,1
406,255021,0
406,193636,1
406,193625,1
406,193638,1
406,193637,1
406,147604,-1
406,023145,-1
406,134451,-1
406,182587,1
406,193621,0
406,050403,-1
406,182596,0
406,011384,1
406,075809,1
406,076133,0
406,218213,1
406,218222,1
406,168717,-1
406,152824,1
406,152833,1
406,175367,1
406,267917,0
406,019973,1
406,167591,-1
406,178513,1
406,041837,-1
406,151379,1
406,151304,1
406,016859,0
406,151291,1
406,010762,-1
406,224670,-1
406,016824,0
406,177449,1
406,002444,1
406,009852,-1
406,155747,-1
406,199391,1
406,199330,1
406,199294,1
406,202815,-1
406,178101,0
406,255411,-1
406,255056,1
406,177691,-1
406,039138,1
406,052189,-1
406,192796,1
406,205228,0
406,156954,-1
406,130442,-1
406,121979,0
406,011899,1
406,060111,-1
406,011314,1
406,177196,1
406,133623,0
406,160565,0
406,164334,-1
406,017231,1
406,177039,-1
406,237270,-1
406,250360,-1
406,079493,-1
406,068481,0
406,159784,-1
406,195702,0
406,029229,-1
406,278635,-1
406,099605,1
406,221504,0
406,141194,0
406,154482,-1
406,233745,-1
406,152990,0
406,007401,0
406,151781,-1
406,200239,-1
406,024317,-1
406,199430,-1
406,125922,0
406,242782,0
406,179472,1
406,179479,1
406,085968,-1
406,187816,1
406,167607,-1
406,162032,0
406,009518,0
406,188071,-1
406,138801,-1
406,212159,-1
406,033495,0
406,155744,-1
406,012404,-1
406,173343,1
406,081412,-1
406,182927,-1
406,148562,-1
406,241369,-1
406,178504,0
406,157486,-1
406,061853,-1
406,153111,-1
406,132550,-1
406,173808,-1
406,177160,0
406,115665,0
406,082974,1
406,085959,-1
406,052192,-1
406,179803,0
406,190615,-1
406,224488,-1
406,163011,-1
406,222522,0
406,154503,-1
406,093549,-1
406,221523,-1
406,200235,-1
406,111539,-1
406,143910,1
406,151450,-1
406,143755,1
406,166871,-1
406,017807,1
406,129251,1
406,129515,-1
406,176736,-1
406,077354,0
406,173852,1
406,141795,-1
406,159263,-1
406,099971,0
406,268943,-1
406,025537,-1
406,139655,-1
406,242700,-1
406,184273,-1
406,180159,-1
406,167585,-1
406,187227,1
406,158874,-1
406,030632,-1
406,175614,0
406,143197,-1
406,124097,-1
406,126882,0
406,112160,0
406,281942,-1
406,019336,-1
406,162076,0
406,093775,-1
406,217490,-1
406,012958,-1
406,123967,1
406,232370,-1
406,121409,-1
406,143300,-1
406,077709,0
406,127089,0
406,241301,-1
406,126112,-1
406,179268,1
406,183162,-1
406,256025,0
406,075042,0
406,167590,-1
406,201558,-1
406,169181,-1
406,121978,0
406,173809,-1
406,141832,-1
406,102155,1
406,102115,1
406,102027,0
406,099977,0
406,102113,1
406,102074,0
406,147579,-1
406,143784,-1
406,099632,-1
406,192309,1
406,194570,0
406,288900,-1
406,064520,-1
406,112210,1
406,126120,-1
406,060141,-1
406,242648,0
407,011855,1
407,048779,-1
407,040661,1
407,008461,-1
407,017805,1
407,077040,1
407,032422,1
407,032430,1
407,136117,1
407,136118,1
407,136186,1
407,133845,1
407,132649,1
407,157978,1
407,157982,1
407,176264,1
407,001480,1
407,202902,1
407,227899,1
407,156544,1
407,176822,1
407,153529,1
407,153515,1
407,088987,1
407,153577,1
407,019024,1
407,019044,1
407,131710,1
407,159008,1
407,158874,1
407,159029,1
407,289135,1
407,159023,1
407,159026,1
407,159020,1
407,191972,1
407,118117,1
407,117670,1
407,134010,1
407,228038,1
407,192126,1
407,131991,1
407,004286,1
407,117779,1
407,134263,1
407,227906,1
407,100958,1
407,136337,-1
407,000416,0
407,134184,1
407,159028,0
407,134292,1
407,000921,1
407,182699,1
407,269705,1
407,269578,1
407,081738,1
407,269692,1
407,182499,0
407,192125,1
407,152908,1
407,284057,-1
407,006069,1
407,034052,-1
407,170724,1
407,002786,1
407,170725,1
407,085843,1
407,170686,1
407,170685,1
407,170684,1
407,163719,1
407,163705,1
407,076014,1
407,076100,1
407,000862,1
407,019060,1
407,108531,1
407,161164,1
407,125163,1
407,161283,1
407,161271,1
407,238942,1
407,238727,1
407,129835,-1
407,040622,1
407,081684,1
407,122735,1
407,010035,1
407,131711,1
407,001618,1
407,101432,1
407,269472,1
407,075940,1
407,269462,1
407,190903,1
407,011766,1
407,122837,1
407,122835,0
407,019049,1
407,176005,1
407,153304,1
407,238718,1
407,128998,1
407,124971,1
407,124970,1
407,124968,1
407,069827,1
407,103000,1
407,044058,1
407,146633,1
407,081291,-1
407,156429,1
407,256091,1
407,018304,1
407,128899,1
407,074670,0
407,018506,1
407,223477,1
407,158944,1
407,163637,1
407,163514,1
407,159039,1
407,158921,1
407,164704,1
407,163495,1
407,164703,-1
407,112391,1
407,112384,1
407,112388,1
407,112251,1
407,112250,1
407,063255,-1
407,101632,-1
407,223420,1
407,251813,1
407,141987,1
407,011192,1
407,216173,-1
407,186153,1
407,269467,1
407,006776,0
407,138152,-1
407,143646,1
407,143645,1
407,010857,1
407,143731,1
407,251872,1
407,238941,1
407,054618,1
407,054705,1
407,171922,1
407,008246,1
407,010435,1
407,152981,-1
407,144789,1
407,013938,1
407,127607,1
407,142411,1
407,143114,1
407,124845,1
407,143096,1
407,143097,1
407,142967,1
407,125005,1
407,163706,1
407,163710,1
407,131417,1
407,031676,1
407,269683,1
407,017925,0
407,179911,1
407,043957,1
407,179912,1
407,200641,1
407,281777,1
407,179722,1
407,185844,0
407,085205,1
407,255931,-1
407,280540,-1
407,056106,-1
407,252145,-1
407,126890,1
407,089061,0
407,019307,-1
407,126917,1
407,086147,-1
407,151975,1
407,232246,1
407,033275,1
407,029398,-1
407,194911,1
407,196218,1
407,033352,1
407,167069,1
407,011861,1
407,040248,0
407,126900,1
407,200643,1
407,161933,1
407,131491,1
407,131478,1
407,018585,-1
407,130789,-1
407,145655,-1
407,131538,1
407,169172,1
407,196481,1
407,126888,1
407,169151,1
407,165741,-1
407,262601,-1
407,190683,1
407,190527,1
407,196485,1
407,033317,-1
407,051741,-1
407,199558,1
407,190565,1
407,128693,1
407,126986,1
407,163957,1
407,191062,1
407,151970,1
407,035076,1
407,255403,-1
407,169132,1
407,190942,1
407,177083,1
407,269471,1
407,169131,1
407,169049,1
407,136428,1
407,136438,1
407,068042,1
407,098957,1
407,264960,1
407,242258,1
407,109964,-1
407,268787,-1
407,127130,1
407,145450,-1
407,126281,1
407,068068,1
407,211222,-1
407,160906,-1
407,150646,1
407,126292,1
407,077886,-1
407,169343,1
407,107879,1
407,169344,1
407,163938,1
407,150616,1
407,169330,1
407,169329,1
407,169285,1
407,130886,1
407,130900,1
407,130847,1
407,100126,-1
407,155853,1
407,232212,1
407,205983,-1
407,064201,-1
407,128216,-1
407,196279,-1
407,054298,1
407,147377,-1
407,171346,-1
407,259550,1
407,258700,1
407,258684,1
407,258706,1
407,194990,1
407,020975,1
407,039288,-1
407,169334,1
407,169333,1
407,234620,1
407,182703,0
407,170419,1
407,193827,-1
407,221922,1
407,140608,1
407,170418,1
407,177088,0
407,153180,1
407,092351,-1
407,179696,1
407,153244,1
407,181090,-1
407,153241,1
407,153455,1
407,153488,1
407,153181,1
407,169485,1
407,155969,1
407,153169,1
407,153158,1
407,008280,1
407,169494,1
407,169493,1
407,169492,1
407,169488,1
407,170171,1
407,170172,1
407,170463,1
407,170173,1
407,170342,1
407,170341,1
407,157604,-1
407,170340,1
407,170410,1
407,178651,1
407,178591,1
407,178586,1
407,178625,1
407,162455,-1
407,158122,1
407,178432,1
407,193997,1
407,158283,1
407,178431,1
407,177871,1
407,193599,1
407,169074,1
407,169073,1
407,169925,-1
407,166907,-1
407,042323,0
407,011487,-1
407,160899,1
407,002394,-1
407,041978,-1
407,137677,-1
407,169761,1
407,001449,1
407,169760,1
407,153157,1
407,153027,1
407,157426,1
407,169123,1
407,157425,1
407,115494,-1
407,165254,1
407,165256,1
407,122929,-1
407,239059,1
407,195033,1
407,200642,1
407,285696,1
407,269461,1
407,000482,-1
407,169002,1
407,169676,1
407,170375,1
407,035051,1
407,169358,1
407,169359,1
407,169365,-1
407,116991,1
407,258619,-1
407,169483,-1
407,187493,1
407,168804,1
407,187504,1
407,238609,1
407,223776,1
407,110066,-1
407,167299,1
407,275351,1
407,053688,1
407,140607,1
407,193983,1
407,193558,1
407,232048,1
407,269597,1
407,116797,1
407,176415,1
407,087885,1
407,171670,1
407,176382,1
407,058181,-1
407,286005,1
407,269600,1
407,069816,1
407,202158,1
407,102989,1
407,207674,1
407,130622,1
407,165409,-1
407,009889,-1
407,066541,1
407,231278,1
407,177697,-1
407,002470,-1
407,193732,1
407,221910,0
407,169901,-1
407,160178,-1
407,181627,-1
407,248167,1
407,120945,-1
407,246794,1
407,247365,1
407,164944,1
407,019073,1
407,195948,1
407,035726,1
407,035479,1
407,125217,1
407,126899,1
407,068097,1
407,081551,1
407,195939,1
407,023634,0
407,153504,1
407,068098,1
407,199207,-1
407,170304,1
407,153466,1
407,164602,-1
407,201105,-1
407,018784,1
407,170274,1
407,081318,1
407,009517,1
407,195727,1
407,197330,1
407,126777,1
407,197340,1
407,203023,-1
407,195802,1
407,195725,1
407,195805,1
407,195829,1
407,195738,1
407,195932,1
407,179876,-1
407,195869,1
407,195736,1
407,195814,1
407,160304,0
407,195816,1
407,065220,1
407,065277,1
407,065211,1
407,141961,1
407,196390,1
407,131720,-1
407,123357,1
407,117616,1
407,195872,1
407,224581,1
407,061381,1
407,009185,0
407,193562,1
407,164802,1
407,178224,-1
407,167486,1
407,167491,1
407,167490,1
407,044550,-1
407,243761,1
407,264418,-1
407,061379,1
407,002499,0
407,169138,-1
407,012665,1
407,152011,1
407,198361,-1
407,191825,0
407,182729,1
407,196425,1
407,278634,1
407,027092,1
407,286551,1
407,195907,1
407,195901,1
407,196549,1
407,181993,0
407,222793,0
407,265548,1
407,287858,-1
407,126962,1
407,271872,1
407,124862,1
407,088628,1
407,128686,1
407,017582,1
407,074569,-1
407,164761,1
407,074828,1
407,126797,1
407,004636,1
407,018531,-1
407,284443,-1
407,018629,1
407,256534,-1
407,162453,-1
407,276015,-1
407,255259,1
407,193115,-1
407,141646,1
407,007459,1
407,083295,-1
407,191220,1
407,071251,-1
407,148923,-1
407,087424,1
407,062277,-1
407,112253,1
407,167150,-1
407,117315,1
407,114323,-1
407,163141,1
407,198469,1
407,077360,-1
407,208462,0
407,117316,0
407,196987,-1
407,229431,1
407,245019,0
407,240291,1
407,240290,1
407,240286,1
407,240318,1
407,240317,1
407,240300,1
407,079720,1
407,185981,1
407,185972,1
407,185984,1
407,185848,0
407,239801,1
407,061925,-1
407,241337,-1
407,153396,1
407,229437,1
407,006475,0
407,164167,1
407,193361,1
407,269745,-1
407,238940,1
407,079728,1
407,154697,1
407,221702,-1
407,125215,1
407,153394,1
407,153393,-1
407,283779,-1
407,182764,1
407,124706,1
407,000034,0
407,195321,-1
407,102415,1
407,069242,1
407,058341,1
407,210967,1
407,081431,1
407,081416,1
407,081389,1
407,081435,1
407,081398,1
407,081422,1
407,171051,-1
407,050283,1
407,035059,-1
407,145669,-1
407,195744,1
407,099649,-1
407,069204,1
407,260781,-1
407,009332,-1
407,175921,1
407,102377,1
407,115738,-1
407,152597,1
407,270315,1
407,063725,-1
407,270122,1
407,270334,1
407,270325,1
407,223193,-1
407,182188,-1
407,272069,-1
407,199330,-1
407,288584,-1
407,196801,-1
407,019052,1
407,191007,1
407,270125,1
407,019590,1
407,190998,1
407,182728,1
407,012616,1
407,154560,1
407,179381,-1
407,124492,1
407,275358,1
407,230775,1
407,217184,-1
407,147385,1
407,018377,-1
407,144806,1
407,176694,1
407,019042,1
407,163518,-1
407,088936,1
407,011219,1
407,081451,-1
407,003963,1
407,025526,-1
407,170395,-1
407,034783,-1
407,156283,1
407,147495,-1
407,123438,-1
407,081336,1
407,081359,1
407,081146,1
407,002859,1
407,237426,-1
407,158142,-1
407,289077,-1
407,201711,-1
407,002292,1
407,018779,0
407,089060,1
407,171862,1
407,153168,1
407,132454,-1
407,100115,-1
407,075863,1
407,075872,1
407,075911,1
407,227680,1
407,236702,1
407,278967,1
407,168322,0
407,278972,1
407,153513,1
407,250897,-1
407,263513,1
407,012141,-1
407,193566,1
407,070644,1
407,103817,1
407,185800,0
407,153028,1
407,227794,1
407,176934,1
407,168656,1
407,219886,1
407,168657,1
407,008658,0
407,138391,-1
407,124511,1
407,168598,1
407,168597,1
407,203475,1
407,079410,-1
407,234430,1
407,210933,1
407,234791,1
407,122749,1
407,011481,1
407,028391,-1
407,220481,1
407,220479,1
407,027168,-1
407,268346,1
407,134264,-1
407,196503,1
407,124860,1
407,265829,0
407,176690,1
407,176692,1
407,059072,-1
407,155111,-1
407,271971,1
407,157606,0
407,201277,-1
407,158200,1
407,114589,1
407,114593,1
407,114588,1
407,027550,-1
407,169924,-1
407,154544,1
407,156204,1
407,020684,-1
407,255433,-1
407,019493,-1
407,190105,1
407,176689,1
407,110805,-1
407,265549,1
407,163921,1
407,210936,1
407,238824,1
407,196226,1
407,133843,1
407,189915,1
407,126350,0
407,158207,1
407,219907,1
407,219892,1
407,164823,1
407,163003,1
407,117429,1
407,043338,-1
407,161828,-1
407,006944,1
407,120565,1
407,007602,-1
407,141905,0
407,118945,1
407,279231,-1
407,118960,1
407,259548,-1
407,107834,-1
407,210559,1
407,160345,0
407,142068,1
407,117614,1
407,023736,-1
407,198252,-1
407,191146,1
407,190091,1
407,269357,1
407,199411,1
407,233403,1
407,002611,1
407,181986,-1
407,233448,1
407,130560,1
407,086478,1
407,188320,1
407,178406,0
407,162687,1
407,043598,1
407,264450,0
407,077261,-1
407,011858,-1
407,168319,0
407,204798,-1
407,231642,-1
407,050051,-1
407,027430,-1
407,018578,1
407,166772,1
407,166773,1
407,166595,1
407,204289,1
407,237242,1
407,126442,1
407,234051,-1
407,204300,1
407,124789,1
407,203269,-1
407,171373,1
407,171374,1
407,171375,1
407,255193,0
407,279514,-1
407,122305,-1
407,227482,-1
407,076397,-1
407,263623,1
407,041787,-1
407,196411,1
407,063835,1
407,126407,1
407,013183,1
407,136572,-1
407,124660,1
407,137736,-1
407,159031,0
407,130422,-1
407,011914,1
407,191836,1
407,192134,1
407,191976,1
407,126482,1
407,167914,1
407,167915,1
407,167842,1
407,169864,0
407,254647,-1
407,263604,1
407,171380,-1
407,165264,-1
407,026347,-1
407,113498,0
407,182492,0
407,133517,1
407,196647,-1
407,164126,1
407,163902,1
407,263002,-1
407,138169,-1
407,190965,1
407,120893,-1
407,196669,-1
407,191975,1
407,017023,0
407,088778,1
407,185880,1
407,169364,-1
407,031671,-1
407,242134,1
407,001753,0
407,136874,-1
407,278635,1
407,067891,-1
407,269423,1
407,269554,1
407,167126,-1
407,016644,1
407,156155,1
407,004356,-1
407,185855,1
407,007842,-1
407,253620,-1
407,195726,1
407,195806,1
407,195870,1
407,195817,1
407,195728,1
407,195739,1
407,195830,1
407,195933,1
407,195737,1
407,195803,1
407,195815,1
407,016629,1
407,164713,-1
407,125195,1
407,125192,1
407,124559,-1
407,077368,-1
407,124510,1
407,195971,-1
407,102924,1
407,069751,1
407,127028,1
407,154147,-1
407,185320,1
407,242110,1
407,197067,1
407,197066,1
407,124604,1
407,197303,1
407,185243,1
407,178456,-1
407,190603,1
407,039508,-1
407,188445,1
407,199289,-1
407,030133,-1
407,170239,-1
407,012919,1
407,145924,1
407,013084,-1
407,227922,-1
407,193896,1
407,126343,-1
407,220910,1
407,235384,0
407,034147,-1
407,242067,1
407,210414,-1
407,284620,0
407,239496,1
407,269534,1
407,235678,1
407,235622,1
407,235965,1
407,235651,1
407,235655,1
407,184615,1
407,180125,1
407,236278,1
407,236265,1
407,195889,-1
407,255757,1
407,180126,1
407,180128,1
407,231866,-1
407,269316,1
407,193884,1
407,269317,1
407,196113,0
407,032661,-1
407,268425,-1
407,289672,-1
407,153072,1
407,255455,-1
407,185612,1
407,197353,0
407,086813,-1
407,223722,-1
407,010921,-1
407,125196,1
407,122874,1
407,011986,1
407,122877,1
407,153071,1
407,156917,1
407,186847,-1
407,156760,1
407,185796,1
407,156276,1
407,125041,1
407,129792,-1
407,012612,1
407,156170,1
407,002699,0
407,145900,-1
407,196370,1
407,125141,1
407,281614,-1
407,238719,0
407,184616,1
407,156171,1
407,171991,1
407,156941,1
407,128111,1
407,193119,-1
407,202073,-1
407,134155,0
407,043704,-1
407,206520,-1
407,252170,-1
407,128133,1
407,199442,1
407,167487,-1
407,063850,1
407,145988,-1
407,153316,-1
407,035723,1
407,240178,1
407,240106,1
407,240193,1
407,239926,1
407,191824,0
407,003254,-1
407,195787,-1
407,048646,-1
407,242917,-1
407,188257,-1
407,142097,1
407,195749,-1
407,154231,1
407,190842,1
407,089471,1
407,088558,1
407,086936,-1
407,199373,-1
407,111250,0
407,089472,1
407,199274,-1
407,186048,1
407,136436,-1
407,181422,-1
407,012613,1
407,123010,1
407,018174,1
407,128981,1
407,018022,-1
407,182896,1
407,077034,-1
407,151864,1
407,155795,-1
407,172765,-1
407,242133,1
407,103836,-1
407,179316,-1
407,005288,1
407,278742,1
407,178334,-1
407,193396,-1
407,235653,-1
407,165111,-1
407,150546,1
407,068343,1
407,226104,-1
407,191303,1
407,135432,-1
407,068310,1
407,115675,-1
407,196152,0
407,019030,-1
407,013410,1
407,259051,-1
407,015405,-1
407,151504,1
407,151527,1
407,014339,-1
407,123356,1
407,149980,-1
407,262300,-1
407,075796,-1
407,157595,1
407,157597,1
407,105440,-1
407,224171,-1
407,170637,-1
407,226775,-1
407,223723,-1
407,124965,1
407,125013,1
407,132982,-1
407,151919,1
407,181918,0
407,089601,-1
407,130549,-1
407,159025,0
407,112927,-1
407,096135,-1
407,268798,-1
407,006335,1
407,002369,1
407,232321,-1
407,127523,-1
407,007108,-1
407,085164,-1
407,138897,1
407,153110,-1
407,153399,1
407,153406,1
407,016618,1
407,280349,1
407,014143,1
407,176638,1
407,219721,-1
407,256460,-1
407,077242,-1
407,155452,1
407,152106,1
407,018774,1
407,152111,1
407,195647,-1
407,187912,0
407,179996,-1
407,196030,-1
407,131033,-1
407,157341,1
407,196441,-1
407,140695,-1
407,256300,1
407,064949,-1
407,001466,1
407,135142,-1
407,176788,0
407,100420,1
407,138540,1
407,139936,-1
407,107682,-1
407,181492,-1
407,109299,-1
407,157624,0
407,013094,-1
407,119734,1
407,124528,0
407,209950,1
407,064260,-1
407,042615,-1
407,252931,-1
407,087906,1
407,006588,-1
407,042484,-1
407,188260,-1
407,199259,-1
407,175588,1
407,170871,-1
407,007370,-1
407,177036,1
407,152096,-1
407,042779,-1
407,186240,-1
407,178238,-1
407,149984,-1
407,190843,-1
407,017558,0
407,012286,-1
407,167206,-1
407,063956,-1
407,075241,-1
407,239744,1
407,113740,-1
407,124995,-1
407,252131,-1
407,156279,-1
407,165989,-1
407,238953,-1
407,150129,1
407,150110,1
407,149986,-1
407,149988,-1
407,259959,-1
407,202264,-1
407,090011,1
407,002304,1
407,117728,-1
407,237991,-1
407,167498,-1
407,229918,1
407,229950,1
407,231872,-1
407,277059,-1
407,162873,-1
407,116414,-1
407,124686,1
407,089366,-1
407,088369,-1
407,193843,1
407,034384,-1
407,160905,-1
407,241361,-1
407,137602,-1
407,192479,1
407,261898,-1
407,131203,1
407,152467,-1
407,139586,-1
407,000875,-1
407,087905,1
407,186243,-1
407,154598,0
407,195548,1
407,012037,0
407,186434,-1
407,170474,1
407,170473,1
407,230840,-1
407,169265,1
407,018305,-1
407,170636,-1
407,127256,-1
407,217868,-1
407,034727,-1
407,006740,-1
407,175685,1
407,170399,1
407,170398,1
407,157607,0
407,281482,-1
407,163213,1
407,175770,1
407,175589,0
407,177601,1
407,181170,-1
407,160868,1
407,167560,-1
407,186059,-1
407,046112,-1
407,154114,-1
407,160827,1
407,239089,1
407,083200,-1
407,231767,1
407,230547,-1
407,193879,1
407,212737,-1
407,043337,-1
407,202065,-1
407,255879,1
407,254026,-1
407,287051,1
407,110105,1
407,252168,-1
407,157608,0
407,202826,1
407,255808,1
407,182327,-1
407,287003,-1
407,172094,1
407,007380,1
407,220178,-1
407,191227,1
407,156277,-1
407,252146,1
407,170394,-1
407,179927,-1
407,252382,-1
407,011959,-1
407,182216,-1
407,184782,-1
407,103477,1
407,070304,1
407,000920,-1
407,101008,-1
407,139313,1
407,008909,1
407,185798,0
407,231764,-1
407,019392,-1
407,225923,1
407,225924,1
407,258686,-1
407,011905,1
407,277007,1
407,276908,1
407,042414,-1
407,203111,-1
407,199499,1
407,170450,-1
407,120719,-1
407,205950,-1
407,128714,-1
407,087179,-1
407,147176,-1
407,108567,-1
407,239746,1
407,238585,-1
407,017778,-1
407,124987,1
407,000306,1
407,196453,-1
407,150078,-1
407,123674,1
407,132641,1
407,159022,0
407,233767,1
407,233768,1
407,233728,1
407,078326,1
407,256831,1
407,256823,1
407,224438,-1
407,033344,1
407,003794,-1
407,267006,1
407,156223,-1
407,276153,-1
407,283735,-1
407,142476,-1
407,286462,-1
407,199260,-1
407,193883,1
407,081811,-1
407,081210,0
407,001613,1
407,274302,-1
407,242092,1
407,231373,-1
407,175923,-1
407,193105,-1
407,264966,1
407,179877,-1
407,192600,-1
407,238728,1
407,238943,0
407,075460,-1
407,167446,-1
407,019066,0
407,242084,1
407,211219,1
407,124957,-1
407,180203,-1
407,117687,-1
407,050801,1
407,232787,-1
407,255883,-1
407,167578,-1
407,222742,-1
407,063405,1
407,038052,-1
407,180815,0
407,270741,-1
407,003605,-1
407,275182,1
407,015745,1
407,108142,-1
407,074574,1
407,141901,1
407,281396,-1
407,116960,1
407,114294,-1
407,266890,-1
407,090968,1
407,135220,1
407,064817,1
407,060493,-1
407,066443,1
407,079369,-1
407,064820,1
407,067838,-1
407,044215,-1
407,065733,-1
407,201953,-1
407,063106,-1
407,269509,-1
407,195835,0
407,156947,-1
407,037310,-1
407,102775,1
407,069602,1
407,140330,-1
407,116515,1
407,024193,-1
407,063925,-1
407,155725,1
407,193940,-1
407,147384,1
407,128167,-1
407,161392,0
407,042637,0
407,199184,-1
407,151869,0
407,021475,1
407,104698,0
407,116919,-1
407,043921,1
407,242916,-1
407,263980,1
407,256860,-1
407,066892,-1
407,258146,-1
407,148363,-1
407,163689,1
407,082709,-1
407,160472,1
407,078254,1
407,279079,-1
407,079376,-1
407,030846,-1
407,091687,1
407,286870,-1
407,167079,-1
407,163790,1
407,000635,1
407,017081,0
407,236965,-1
407,157619,0
407,163791,1
407,046801,-1
407,152346,1
407,148134,-1
407,086217,-1
407,060302,1
407,102873,1
407,069700,1
407,083291,-1
407,126894,1
407,127126,1
407,157433,1
407,195966,-1
407,139587,0
407,193550,1
407,018323,-1
407,143649,1
407,242224,-1
407,252851,-1
407,178358,-1
407,023024,-1
407,112677,-1
407,101034,-1
407,230598,1
407,180055,-1
407,254913,-1
407,169052,-1
407,161395,0
407,050824,1
407,010837,1
407,186269,-1
407,013005,-1
407,168585,0
407,091596,-1
407,030835,-1
407,263977,1
407,137893,-1
407,016586,1
407,221240,1
407,221221,1
407,018509,1
407,152289,-1
407,275419,1
407,275269,1
407,196634,-1
407,063479,1
407,148070,1
407,146153,-1
407,195790,-1
407,013266,1
407,009139,-1
407,028125,-1
407,261592,-1
407,247289,0
407,032198,-1
407,165990,-1
407,191085,-1
407,112245,-1
407,003470,-1
407,195886,1
407,129415,-1
407,101284,-1
407,108442,-1
407,099588,-1
407,193149,-1
407,169502,-1
407,050335,0
407,241978,-1
407,272949,-1
407,195075,-1
407,279528,-1
407,069102,1
407,102275,1
407,035725,1
407,035482,0
407,006868,-1
407,130370,-1
407,043500,-1
407,133833,1
407,133837,1
407,133799,1
407,133787,1
407,056177,-1
407,099512,-1
407,156575,1
407,231677,-1
407,131386,0
407,063490,-1
407,217555,-1
407,085571,1
407,010134,-1
407,278794,1
407,195909,-1
407,064196,-1
407,225229,-1
407,076770,1
407,110823,1
407,039553,0
407,136327,-1
407,014961,-1
407,195121,-1
407,157093,-1
407,144924,-1
407,109658,-1
407,121125,0
407,217563,-1
407,152974,1
407,065209,-1
407,192627,-1
407,023200,-1
407,033902,-1
407,169923,-1
407,266666,-1
407,139938,-1
407,064451,-1
407,157623,0
407,143902,-1
407,071525,0
407,239530,-1
407,111805,1
407,114880,-1
407,147877,-1
407,226939,-1
407,016557,1
407,090619,1
407,281167,1
407,281698,-1
407,262747,1
407,191677,-1
407,034255,-1
407,136444,-1
407,094053,-1
407,151350,-1
407,077951,-1
407,058013,-1
407,042485,-1
407,156431,-1
407,012494,-1
407,119963,0
407,034606,-1
407,278898,1
407,263473,-1
407,242279,-1
407,076286,-1
407,129840,-1
407,273725,-1
407,235683,1
407,229382,-1
407,159984,-1
407,261861,-1
407,056339,-1
407,194080,1
407,286865,-1
407,024265,-1
407,271052,1
407,185846,0
407,168572,-1
407,018356,-1
407,000159,-1
407,074490,-1
407,109293,-1
407,226023,-1
407,036507,-1
407,148120,-1
407,197028,-1
407,109086,1
407,161636,-1
407,242135,1
407,242111,1
407,014825,1
407,235554,-1
407,186475,-1
407,157629,-1
407,036822,-1
407,193359,-1
407,285882,1
407,008802,1
407,252935,-1
407,115626,-1
407,141591,-1
407,030606,-1
407,232046,-1
407,164929,-1
407,180195,-1
407,180573,-1
407,169503,-1
407,238984,-1
407,185661,1
407,157496,1
407,157495,1
407,185887,1
407,157503,1
407,157505,1
407,157504,1
407,253591,-1
407,163701,1
407,255747,0
407,000618,1
407,160014,1
407,016623,-1
407,202152,-1
407,000102,-1
407,110783,1
407,109804,1
407,111471,1
407,203116,1
407,060507,-1
407,019412,-1
407,121130,-1
407,111401,1
407,110739,1
407,165208,-1
407,110941,1
407,034699,-1
407,185659,-1
407,202976,1
407,202649,1
407,202975,1
407,090201,-1
407,253078,1
407,253245,1
407,254408,1
407,255046,1
407,253246,1
407,197501,-1
407,140409,0
407,170451,-1
407,252400,-1
407,280017,-1
407,159981,1
407,290099,0
407,110984,-1
407,275725,-1
407,000751,-1
407,185915,0
407,146289,-1
407,224459,1
407,086961,-1
407,180313,-1
407,240184,-1
407,131445,1
407,001242,-1
407,256813,1
407,063798,-1
407,270941,-1
407,213797,-1
407,232311,-1
407,023826,-1
407,139172,-1
407,157605,0
407,197748,1
407,151426,-1
407,076275,1
407,202084,-1
407,129093,-1
407,110752,1
407,003606,0
407,143944,1
407,133846,1
407,170012,1
407,076929,-1
407,125854,-1
407,150547,1
407,247293,0
407,001271,0
407,257969,-1
407,108839,-1
407,267083,1
407,144752,1
407,179471,0
407,264193,-1
407,117153,-1
407,168333,0
407,101102,-1
407,235163,1
407,033333,-1
407,152425,-1
407,026006,-1
407,264978,1
407,158876,1
407,159010,1
407,159042,1
407,178234,0
407,159114,1
407,257476,-1
407,137733,-1
407,275320,-1
407,168912,-1
407,181091,-1
407,157609,0
407,209387,1
407,160320,1
407,011993,-1
407,160319,0
407,009885,1
407,145908,1
407,012992,1
407,013603,1
407,182233,-1
407,135066,-1
407,003786,-1
407,005072,-1
407,181902,0
407,104424,-1
407,263622,1
407,040528,-1
407,012294,-1
407,226870,-1
407,018282,-1
407,289774,0
407,263497,-1
407,101859,-1
407,164119,-1
407,162446,-1
407,081810,-1
407,230316,-1
407,199294,-1
407,195083,-1
407,074592,-1
407,061519,-1
407,156278,-1
407,149979,-1
407,072151,-1
407,231206,-1
407,146208,-1
407,202760,-1
407,141995,-1
407,077570,-1
407,013670,1
407,271293,-1
407,199775,-1
407,002070,-1
407,087198,-1
407,063576,-1
407,174788,-1
407,255615,0
407,157612,0
407,199699,0
407,133707,-1
407,279247,-1
407,238726,1
407,138360,-1
407,006840,-1
407,005887,-1
407,167461,-1
407,117945,-1
407,144992,-1
407,125112,0
407,255882,-1
407,151372,-1
407,227623,-1
407,191599,1
407,076393,1
407,108468,-1
407,125642,-1
407,193704,-1
407,197418,-1
407,131858,1
407,131869,1
407,157622,0
407,136039,1
407,181423,-1
407,156551,1
407,160888,-1
407,198640,-1
407,162221,-1
407,252460,-1
407,077441,-1
407,133844,1
407,148413,-1
407,160294,1
407,046422,-1
407,231765,-1
407,146639,0
407,258934,-1
407,252840,-1
407,110822,1
407,265448,0
407,014462,-1
407,216663,-1
407,132961,0
407,081268,1
407,012872,-1
407,154782,-1
407,161382,-1
407,030135,-1
407,111398,-1
407,199391,-1
407,082122,-1
407,231435,-1
407,002787,1
407,176819,1
407,070663,-1
407,127911,1
407,127884,1
407,137243,-1
407,178614,-1
407,130045,1
407,117621,-1
407,093273,-1
407,136041,1
407,007854,1
407,121273,1
407,120878,-1
407,195043,-1
407,117744,-1
407,108237,-1
407,133618,1
407,001666,0
407,142469,-1
407,049199,-1
407,081232,-1
407,184432,-1
407,188954,-1
407,144912,-1
407,002335,0
407,039349,-1
407,160020,1
407,259982,-1
407,129974,1
407,012720,-1
407,009683,-1
407,065601,-1
407,127594,-1
407,232085,-1
407,170503,-1
407,223644,-1
407,010375,-1
407,133850,1
407,179864,-1
407,270757,-1
407,241340,-1
407,132406,-1
407,162499,-1
407,120606,-1
407,110820,-1
407,275973,-1
407,035690,1
407,135258,-1
407,151166,1
407,151172,1
407,151152,1
407,151186,1
407,272993,-1
407,200254,-1
407,139958,-1
407,072554,-1
407,188141,0
407,189742,-1
407,153582,1
407,153581,1
407,143791,-1
407,001803,-1
407,086215,-1
407,259022,-1
407,225284,-1
407,157613,0
407,115276,-1
407,153547,1
407,133331,-1
407,279246,0
407,264288,-1
407,012169,-1
407,017928,-1
407,287748,1
407,128640,1
407,256873,-1
407,111910,-1
407,176831,1
407,185666,0
407,128457,-1
407,281977,-1
407,224541,-1
407,167926,-1
407,201967,-1
407,016704,-1
407,238448,-1
407,168989,-1
407,229364,-1
407,151550,-1
407,150748,-1
407,254022,-1
407,177214,-1
407,242207,-1
407,218498,-1
407,152259,1
407,040064,-1
407,180298,-1
407,036463,-1
407,153057,-1
407,081144,-1
407,011002,-1
407,079594,-1
407,118127,-1
407,258699,-1
407,018414,-1
407,190798,-1
407,169300,-1
407,130543,-1
407,193890,-1
407,283733,-1
407,077372,-1
407,157082,-1
407,034385,-1
407,147468,-1
407,154958,-1
407,186754,-1
407,204168,1
407,001139,-1
407,020857,-1
407,148263,-1
407,120613,-1
407,231374,-1
407,071303,-1
407,012707,1
407,290045,0
407,264823,1
407,134133,1
407,199025,0
407,195218,-1
407,135138,-1
407,220854,-1
407,018732,0
407,259981,0
407,117928,1
407,027845,-1
407,237291,-1
407,110083,1
407,132910,1
407,108549,-1
407,139304,-1
407,035683,-1
407,110281,-1
407,152962,-1
407,115367,-1
407,100509,1
407,076403,-1
407,231495,-1
407,004201,1
407,004302,-1
407,225078,1
407,077507,-1
407,167492,-1
407,178402,0
407,157614,0
407,140218,-1
407,179459,-1
407,019377,-1
407,214015,-1
407,262113,-1
407,028189,-1
407,126121,-1
407,176787,1
407,195911,-1
407,124070,-1
407,170263,-1
407,202321,-1
407,129829,-1
407,124690,1
407,120621,-1
407,145822,-1
407,196656,-1
407,126531,-1
407,041190,-1
407,157627,0
407,038865,-1
407,164500,-1
407,270927,1
407,067880,-1
407,104476,-1
407,007684,0
407,177198,-1
407,273083,-1
407,271544,-1
407,167904,-1
407,123161,1
407,002444,1
407,014530,-1
407,156574,1
407,007938,-1
407,194570,-1
407,270633,-1
407,289370,-1
407,117154,-1
407,130236,-1
407,108684,-1
407,255943,-1
407,179515,0
407,137919,-1
407,032006,-1
407,201561,-1
407,243741,1
407,108630,-1
407,074800,-1
407,214024,-1
407,081463,-1
407,179725,0
407,153176,-1
407,161844,-1
407,139005,-1
407,126549,-1
407,148190,1
407,232655,-1
407,087701,1
407,088557,1
407,156265,1
407,157578,-1
407,257868,-1
407,157840,-1
407,198611,-1
407,132550,0
407,034151,-1
407,121805,-1
407,144056,-1
407,271114,-1
407,088225,-1
407,193936,-1
407,107663,-1
407,094258,-1
407,139175,-1
407,230683,-1
407,287398,-1
407,109113,-1
407,270702,-1
407,027696,-1
407,101473,-1
407,221442,-1
407,080444,-1
407,179916,-1
407,167463,-1
407,190947,-1
407,158603,0
407,158197,-1
407,080430,-1
407,123190,-1
407,224635,-1
407,028475,-1
407,167616,-1
407,110461,-1
407,190290,-1
407,001011,-1
407,121351,-1
407,220593,-1
407,093102,-1
407,145034,-1
407,131027,-1
407,065756,-1
407,235649,-1
407,108548,-1
407,168586,-1
407,064155,-1
407,255174,0
407,160152,-1
407,147882,-1
407,236957,-1
407,199502,1
407,199482,1
407,199458,1
407,199483,1
407,137213,1
407,040826,1
407,039225,1
407,039230,1
407,219566,-1
407,071688,1
407,104861,1
407,007344,-1
407,188626,-1
407,198522,-1
407,006125,-1
407,156211,-1
407,014627,-1
407,100716,-1
407,284039,-1
407,135132,-1
407,159953,-1
407,133842,1
407,115052,-1
407,167925,-1
407,001141,-1
407,196196,0
407,234110,0
407,000952,-1
407,033894,-1
407,161859,1
407,161857,1
407,179915,-1
407,126721,-1
407,042448,0
407,081333,-1
407,161349,-1
407,017516,-1
407,091633,-1
407,136089,-1
407,069650,-1
407,124776,-1
407,003670,-1
407,224610,-1
407,167080,-1
407,195262,-1
407,218994,-1
407,267703,-1
407,170154,-1
407,286422,-1
407,131960,-1
407,031792,-1
407,147131,-1
407,198511,-1
407,160386,-1
407,014666,1
407,182225,-1
407,015621,-1
407,007766,-1
407,009693,0
407,143535,-1
407,220161,-1
407,010491,-1
407,282362,-1
407,271335,-1
407,031426,-1
407,002795,1
407,240611,-1
407,270750,-1
407,057982,-1
407,255790,1
407,257358,-1
407,194434,-1
407,111473,1
407,197396,-1
407,194964,-1
407,008740,1
407,128717,-1
407,180036,-1
407,021307,-1
407,034696,-1
407,262296,-1
407,001908,-1
407,076788,-1
407,158244,-1
407,127053,-1
407,067846,0
407,095785,-1
407,012296,1
407,033337,-1
407,126669,-1
407,133847,-1
407,068231,-1
407,024376,0
407,199705,-1
407,059523,-1
407,184739,0
407,043560,-1
407,146235,-1
407,108241,-1
407,008172,-1
407,191385,-1
407,244700,-1
407,157620,0
407,183676,-1
407,195133,-1
407,252839,-1
407,015206,1
407,125541,1
407,139036,-1
407,280572,-1
407,115243,0
407,018954,-1
407,004351,-1
407,131989,-1
407,060114,-1
407,009499,-1
407,076392,1
407,111425,1
407,228008,-1
407,020948,1
407,227686,-1
407,125147,1
407,122858,-1
407,063855,1
407,067764,-1
407,144920,0
407,130570,-1
407,111642,1
407,111635,1
407,227710,-1
407,111478,-1
407,168529,-1
407,286993,-1
407,169862,-1
407,112215,-1
407,087090,-1
407,042728,-1
407,287056,1
407,195012,-1
407,037276,-1
407,230384,-1
407,272715,0
407,141095,-1
407,144331,-1
407,113148,-1
407,032087,-1
407,161816,-1
407,199647,-1
407,111024,1
407,012515,-1
407,062564,-1
407,110734,1
407,155149,-1
407,110848,1
407,111476,1
407,177986,-1
407,111631,1
407,068178,0
407,275475,-1
407,086867,-1
407,110757,1
407,007767,-1
407,230812,-1
407,135186,-1
407,111029,1
407,111043,-1
407,000472,-1
407,143788,-1
407,157618,0
407,111000,-1
407,110951,1
407,162742,-1
407,231986,-1
407,061102,-1
407,077070,-1
407,262271,-1
407,024478,-1
407,170345,-1
407,010216,-1
407,042447,-1
407,185904,-1
407,102436,-1
407,177201,-1
407,016593,-1
407,255850,1
407,126700,-1
407,177091,-1
407,139682,-1
407,103887,-1
407,001498,1
407,165233,-1
407,076345,1
407,180530,1
407,231624,-1
407,108242,-1
407,020379,-1
407,193523,-1
407,157625,0
407,128894,-1
407,118433,-1
407,012766,-1
407,148276,-1
407,271781,-1
407,184606,-1
407,256226,-1
407,008607,-1
407,148535,0
407,177622,-1
407,163228,-1
407,031928,-1
407,001237,1
407,263498,-1
407,111803,-1
407,132496,1
407,132030,1
407,132483,1
407,014111,-1
407,028190,-1
407,108564,-1
407,137955,-1
407,064208,-1
407,065686,-1
407,002829,-1
407,148562,-1
407,113429,0
407,079454,-1
407,010370,1
407,090806,-1
407,156284,-1
407,122094,-1
407,126670,-1
407,023848,-1
407,283689,-1
407,133977,-1
407,184771,-1
407,265146,-1
407,034922,-1
407,013747,1
407,017365,-1
407,179940,-1
407,028494,-1
407,111240,-1
407,089571,-1
407,030101,-1
407,290051,0
407,168958,-1
407,014823,-1
407,251885,-1
407,154794,-1
407,167512,-1
407,143564,-1
407,000935,0
407,244915,-1
407,109458,-1
407,185689,-1
407,077571,-1
407,180927,-1
407,087381,-1
407,182329,-1
407,111634,1
407,111239,-1
407,225691,-1
407,115808,-1
407,126706,-1
407,045558,-1
407,169976,-1
407,063851,1
407,108218,-1
407,060505,-1
407,060775,-1
407,157616,0
407,111991,-1
407,163940,-1
407,158199,-1
407,152256,-1
407,233992,-1
407,165404,-1
407,157626,0
407,022385,-1
407,129410,-1
407,058507,-1
407,000733,-1
407,227877,-1
407,167460,-1
407,284018,-1
407,194241,-1
407,161302,1
407,161268,1
407,198357,-1
407,062061,-1
407,014944,-1
407,008511,1
407,025628,-1
407,045908,-1
407,131262,-1
407,009273,-1
407,109396,-1
407,240105,-1
407,160131,-1
407,101736,-1
407,259574,-1
407,186729,-1
407,024792,-1
407,061711,-1
407,193557,0
407,076228,1
407,147992,-1
407,139776,1
407,107345,0
407,115275,-1
407,128404,-1
407,177203,-1
407,115748,-1
407,169914,-1
407,167887,-1
407,257294,-1
407,157045,-1
407,214064,-1
407,191108,-1
407,003986,-1
407,163615,-1
407,110439,-1
407,049276,-1
407,288077,1
407,007008,-1
407,094049,-1
407,102575,1
407,069402,1
407,063480,-1
407,069263,-1
407,028070,-1
407,181018,0
407,242924,-1
407,030349,-1
407,170264,-1
407,138740,-1
407,008297,-1
407,244792,-1
407,067834,-1
407,124522,0
407,152845,-1
407,191464,0
407,041721,-1
407,178393,0
407,230157,-1
407,111527,-1
407,270040,0
407,184779,-1
407,124056,-1
407,029276,-1
407,211325,-1
407,157628,0
407,234048,-1
407,147034,-1
407,281950,-1
407,061125,0
407,005855,-1
407,272986,-1
407,239531,-1
407,269322,-1
407,239548,1
407,042496,-1
407,158729,-1
407,180445,-1
407,190292,-1
407,231662,1
407,194372,-1
407,111540,-1
407,137971,1
407,242253,-1
407,271165,-1
407,264958,-1
407,190816,-1
407,143888,1
407,125973,-1
407,157610,0
407,122991,-1
407,008643,0
407,008922,-1
407,188397,-1
407,136814,-1
407,161377,-1
407,070714,-1
407,019724,1
407,090381,0
407,276367,-1
407,133848,-1
407,091607,-1
407,252529,-1
407,223458,-1
407,108184,-1
407,148627,-1
407,192855,-1
407,169975,-1
407,284786,-1
407,043436,0
407,198938,-1
407,042571,-1
407,184620,0
407,002850,-1
407,257310,-1
407,192575,-1
407,227891,-1
407,179770,-1
407,160199,-1
407,083213,-1
407,107732,-1
407,062200,-1
407,180175,-1
407,146097,-1
407,143630,-1
407,130332,-1
407,029399,-1
407,170289,-1
407,156266,-1
407,225286,-1
407,025506,-1
407,126625,-1
407,225084,1
407,002672,-1
407,128950,0
407,137896,-1
407,128834,-1
407,027094,-1
407,032026,-1
407,187648,-1
407,045763,-1
407,099197,-1
407,005832,-1
407,120900,-1
407,219023,-1
407,088442,-1
407,157615,0
407,116931,-1
407,020300,-1
407,006027,-1
407,063516,-1
407,038058,-1
407,118775,-1
407,146881,0
407,157611,0
407,003753,0
407,000510,-1
407,114563,1
407,260840,-1
407,068908,-1
407,176948,-1
407,099142,-1
407,266631,-1
407,197348,-1
407,003721,-1
407,027201,-1
407,107814,-1
407,190440,-1
407,142416,-1
407,184764,-1
407,152336,-1
407,089599,-1
407,042507,-1
407,177602,1
407,182378,-1
407,087346,-1
407,138163,-1
407,162517,-1
407,130967,-1
407,005041,-1
407,210926,-1
407,159263,-1
407,271527,-1
407,202165,-1
407,142553,-1
407,191104,1
407,148282,-1
407,155442,-1
407,272723,0
407,226764,-1
407,167906,-1
407,043435,0
407,030141,-1
407,170447,-1
407,110788,-1
407,089071,-1
407,180337,-1
407,157617,0
407,199191,-1
407,184469,-1
407,077049,1
407,007829,-1
407,200645,-1
407,058602,-1
407,110412,1
407,188263,-1
407,125893,-1
407,088359,-1
407,121891,-1
407,123474,-1
407,180316,-1
407,157545,-1
407,120453,-1
407,001876,-1
407,157621,0
407,255767,1
407,073137,0
407,178394,0
407,108248,-1
407,238653,-1
407,231658,1
407,192628,-1
407,162466,-1
407,219852,1
407,144916,0
407,127605,-1
407,001068,-1
407,232325,-1
407,200471,-1
407,146178,-1
407,242906,-1
407,121538,-1
407,195834,0
407,119359,-1
407,122534,-1
407,279234,-1
407,035063,-1
407,158605,0
407,253234,-1
407,123830,-1
407,135251,-1
407,141712,-1
407,055050,-1
407,201370,-1
407,134232,-1
407,267032,-1
407,244303,-1
407,204320,-1
407,083273,-1
407,193938,-1
407,111547,-1
407,264189,-1
407,153225,-1
407,008544,-1
407,215193,-1
407,027313,-1
407,230145,-1
407,238302,-1
407,231493,-1
407,111946,-1
407,190749,-1
407,046741,-1
407,108024,-1
407,145480,1
407,145486,1
407,145483,1
407,148813,-1
407,000040,-1
407,007693,-1
407,277055,-1
407,035295,-1
407,014734,-1
407,149687,-1
407,143146,-1
407,190951,-1
407,152342,-1
407,032804,-1
407,133656,-1
407,148364,-1
407,195014,-1
407,170105,-1
407,063147,-1
407,145825,-1
407,031440,-1
407,114886,-1
407,267028,-1
407,178239,0
407,194246,-1
407,219267,-1
407,144563,-1
407,158144,-1
407,288774,0
407,125254,-1
407,180868,0
407,233863,-1
407,158315,-1
407,177286,-1
407,238093,1
407,204145,-1
407,067865,-1
407,124068,-1
407,079660,-1
407,169341,-1
407,195344,0
407,124754,-1
407,158077,-1
407,153226,-1
407,255941,1
407,255914,1
407,116862,-1
407,177089,-1
407,202908,-1
407,150562,1
407,224577,-1
407,121583,-1
407,137940,1
407,182228,-1
407,148196,1
407,147375,-1
407,092912,-1
407,148191,1
407,137998,1
407,137972,1
407,130961,1
407,268435,-1
407,013831,-1
407,134964,1
407,017545,-1
407,196373,0
407,002559,-1
407,079389,-1
407,148197,1
407,148278,-1
407,020835,-1
407,016935,-1
407,285083,-1
407,169342,-1
407,192592,-1
407,089875,-1
407,129645,0
407,068385,-1
407,000235,-1
407,110287,-1
407,042019,-1
407,160377,-1
407,211561,-1
407,018846,-1
407,148198,1
407,069307,-1
407,145214,-1
407,200057,-1
407,028497,-1
407,000804,-1
407,156282,-1
407,154797,-1
407,028187,-1
407,170265,-1
407,185513,-1
407,010718,-1
407,221905,-1
407,035834,-1
407,273700,-1
407,050612,-1
407,233889,-1
407,009439,-1
407,121749,-1
407,233389,-1
407,041582,-1
407,144040,-1
407,140529,-1
407,037824,-1
407,006128,-1
407,130981,-1
407,232331,-1
407,143885,-1
407,181006,-1
407,194699,-1
407,241950,0
407,273834,-1
407,129750,-1
407,134382,-1
407,162862,0
407,230897,-1
407,255080,-1
407,170108,-1
407,021353,-1
407,226872,-1
407,008444,-1
407,268469,-1
407,083274,-1
407,262282,-1
407,103376,0
407,240768,1
407,003246,-1
407,240517,0
407,195257,-1
407,127600,-1
407,146014,-1
407,006238,-1
407,251799,-1
407,111415,-1
407,138179,-1
407,265225,-1
407,161783,-1
407,253145,-1
407,000950,-1
407,269873,-1
407,033747,1
407,147623,-1
407,147153,-1
407,200292,-1
407,001443,1
407,126656,-1
407,213281,-1
407,286546,-1
407,022881,-1
407,146690,-1
407,016405,-1
407,184592,-1
407,170510,-1
407,128604,-1
407,002687,1
407,116245,-1
407,127818,-1
407,280430,1
407,003620,-1
407,226952,-1
407,192969,-1
407,152134,0
407,167520,-1
407,027486,-1
407,111860,-1
407,205553,1
407,133523,0
407,137776,-1
407,225460,-1
407,227974,-1
407,133849,-1
407,228037,-1
407,134983,1
407,134871,0
407,071557,0
407,009049,-1
407,197345,-1
407,104730,0
407,190302,0
407,226940,-1
407,152406,-1
407,163955,-1
407,024180,-1
407,141713,-1
407,028025,-1
407,254489,0
407,179300,-1
407,006672,-1
407,111238,-1
407,145784,-1
407,271315,-1
407,000537,0
407,142535,-1
407,155963,-1
407,253442,-1
407,224320,-1
407,178192,-1
407,110022,1
407,088995,-1
407,156554,-1
407,267739,-1
407,177979,-1
407,215171,-1
407,155697,-1
407,153329,-1
407,138969,-1
407,156942,-1
407,007362,-1
407,115606,0
407,014200,1
407,127382,1
407,127471,1
407,014196,1
407,128626,-1
407,266982,-1
407,025097,-1
407,111392,-1
407,193577,-1
407,146166,-1
407,282280,-1
407,262070,-1
407,042510,-1
407,050998,-1
407,199539,-1
407,003504,-1
407,124227,-1
407,115989,-1
407,239272,-1
407,170292,-1
407,121679,-1
407,238361,0
407,143228,-1
407,225392,-1
407,041873,0
407,267001,-1
407,008148,-1
407,098149,1
407,192978,-1
407,214385,-1
407,018219,0
407,002566,1
407,003066,-1
407,061457,-1
407,148819,-1
407,180197,0
407,095143,-1
407,003141,1
407,149923,-1
407,035571,-1
407,063425,1
407,126932,-1
407,002836,-1
407,090164,-1
407,007775,-1
407,182678,-1
407,198235,-1
407,149542,-1
407,195786,-1
407,006523,-1
407,163805,1
407,189923,-1
407,101900,-1
407,152863,1
407,188649,-1
407,097717,-1
407,266653,-1
407,125229,-1
407,254632,-1
407,195833,0
407,259576,-1
407,128102,-1
407,138512,-1
407,198389,-1
407,131214,-1
407,170482,-1
407,099892,-1
407,014162,-1
407,001473,-1
407,124749,-1
407,018848,-1
407,186524,-1
407,122100,-1
407,018547,-1
407,136442,-1
407,059135,-1
407,124001,-1
407,167905,-1
407,238030,-1
407,238107,0
407,195756,-1
407,169137,-1
407,266660,-1
407,160293,0
407,042521,-1
407,022311,-1
407,000408,-1
407,275892,-1
407,113744,-1
407,164217,-1
407,093318,-1
407,226871,-1
407,125991,-1
407,279536,-1
407,186072,-1
407,224151,-1
407,016653,-1
407,032375,-1
407,145936,-1
407,070203,0
407,040560,-1
407,241681,-1
407,038915,0
407,212211,1
407,150332,0
407,012787,-1
407,185527,-1
407,124529,0
407,023366,-1
407,109226,-1
407,009778,-1
407,066470,-1
407,082687,-1
407,042152,-1
407,200826,-1
407,202344,1
407,144197,0
407,162405,-1
407,072614,0
407,102480,-1
407,131259,0
407,076328,-1
407,043428,-1
407,002331,-1
407,124570,-1
407,146599,-1
407,138199,-1
407,276314,-1
407,236330,1
407,152452,-1
407,219485,-1
407,011252,1
407,098034,1
407,238536,-1
407,098004,1
407,154297,-1
407,280516,-1
407,133667,-1
407,018586,-1
407,166196,-1
407,219720,-1
407,076097,-1
407,218453,-1
407,051529,-1
407,028063,-1
407,034862,-1
407,259832,-1
407,116295,1
407,133921,-1
407,181001,1
407,152864,1
407,266110,1
407,158180,-1
407,076960,-1
407,266094,1
407,024740,-1
407,009209,-1
407,121072,-1
407,192267,-1
407,105747,-1
407,144919,-1
407,010826,-1
407,003503,-1
407,194677,-1
407,130331,-1
407,158177,-1
407,254249,-1
407,270448,-1
407,080668,-1
407,090631,1
407,090620,1
407,090612,1
407,180050,-1
407,282624,-1
407,098694,-1
407,151764,-1
407,070797,-1
407,148732,-1
407,177267,-1
407,039261,-1
407,002853,-1
407,192650,-1
407,119210,-1
407,145406,-1
407,205090,-1
407,272948,-1
407,001328,-1
407,155502,-1
407,020374,-1
407,080040,-1
407,094015,-1
407,157488,-1
407,103970,-1
407,128633,-1
407,184722,-1
407,209792,-1
407,000528,-1
407,037822,-1
407,031269,-1
407,028242,-1
407,146207,-1
407,089148,1
407,013292,-1
407,176231,-1
407,265066,-1
407,180788,1
407,165897,-1
407,239024,-1
407,196638,-1
407,072574,-1
407,287892,1
407,287677,1
407,286794,1
407,287670,1
407,286836,1
407,286815,1
407,286711,-1
407,149835,-1
407,286816,-1
407,286638,-1
407,287671,-1
407,284533,-1
407,286721,-1
407,160977,1
407,286837,-1
407,286726,-1
407,284685,-1
407,011047,1
407,282930,0
407,286795,-1
407,282939,0
407,082642,-1
407,192960,-1
407,285605,-1
407,266942,-1
407,154742,-1
407,023628,-1
407,252293,-1
407,033422,-1
407,186518,-1
407,164028,-1
407,145273,-1
407,259452,-1
407,210437,-1
407,155224,1
407,234043,-1
407,146822,-1
407,155593,1
407,194955,1
407,000579,-1
407,155548,1
407,155216,1
407,155219,1
407,155322,1
407,155230,1
407,161334,-1
407,009811,-1
407,253386,-1
407,194443,-1
407,160578,-1
407,048249,-1
407,191765,1
407,181819,-1
407,122189,-1
407,172759,-1
407,037505,-1
407,234486,-1
407,244824,-1
407,123000,-1
407,259639,-1
407,175791,-1
407,152571,-1
407,097760,-1
407,161888,-1
407,116664,-1
407,284058,-1
407,112584,-1
407,004929,1
407,119285,1
407,128391,-1
407,093371,0
407,286727,-1
407,184842,-1
407,133798,1
407,025547,-1
407,244918,-1
407,193209,1
407,236703,1
407,236319,1
407,253349,-1
407,236309,-1
407,176135,0
407,038402,-1
407,153010,-1
407,282623,-1
407,016870,0
407,190911,-1
407,258967,0
407,036409,1
407,013758,-1
407,226222,-1
407,144500,-1
407,092489,-1
407,243065,-1
407,088589,-1
407,225217,-1
407,075778,-1
407,239166,-1
407,062198,-1
407,258705,-1
407,160458,0
407,019708,1
407,211574,-1
407,227126,-1
407,069293,-1
407,036367,1
407,234009,-1
407,259189,-1
407,083178,-1
407,229447,-1
407,226885,-1
407,076335,-1
407,042020,-1
407,242978,-1
407,159357,-1
407,258598,1
407,259019,1
407,258997,1
407,258596,1
407,258593,1
407,198684,-1
407,242940,-1
407,012550,-1
407,108349,-1
407,155305,-1
407,254874,-1
407,285800,-1
407,075844,1
407,102466,-1
407,038332,-1
407,286722,-1
407,071541,0
407,178146,0
407,083240,-1
407,285671,-1
407,147724,-1
407,234033,-1
407,202886,-1
407,179138,-1
407,000430,-1
407,238108,1
407,238089,1
407,178024,-1
407,148863,-1
407,082123,1
407,127994,-1
407,194961,1
407,091821,-1
407,213506,-1
407,127775,-1
407,186910,-1
407,259909,0
407,219906,-1
407,135229,-1
407,172844,1
407,013097,-1
407,120643,-1
407,155288,-1
407,128591,-1
407,122650,-1
407,259458,-1
407,098700,-1
407,071284,-1
407,155448,-1
407,221932,-1
407,266972,-1
407,031272,-1
407,028066,-1
407,184452,-1
407,209168,-1
407,000646,-1
407,242307,-1
407,195600,-1
407,074172,0
407,076146,-1
407,134709,0
407,244811,-1
407,254260,-1
407,162317,-1
407,276585,-1
407,198685,-1
407,163901,-1
407,268434,-1
407,267094,-1
407,181014,1
407,286717,-1
407,289357,1
407,013474,-1
407,180150,-1
407,151575,-1
407,150878,-1
407,186517,-1
407,253418,-1
407,151252,0
407,155407,-1
407,077410,-1
407,259867,-1
407,203174,-1
407,071620,-1
407,286712,-1
407,107792,-1
407,180814,-1
407,033437,-1
407,195078,-1
407,183358,-1
407,127504,-1
408,063353,-1
408,095197,1
408,138058,1
408,116966,-1
408,114878,-1
408,275205,-1
408,178449,-1
408,047488,-1
408,081875,-1
408,065822,-1
408,064937,-1
408,001243,-1
408,180663,1
408,000328,-1
408,052318,-1
408,115378,-1
408,192708,-1
408,059778,-1
408,007490,-1
408,062813,-1
408,223983,1
408,224168,1
408,054236,-1
408,117334,-1
408,255012,-1
408,121883,-1
408,063339,-1
408,135034,0
408,116727,1
408,116392,1
408,116349,1
408,005496,-1
408,059513,-1
408,068759,-1
408,062972,-1
408,004768,0
408,239659,-1
408,114112,-1
408,062294,-1
408,040044,-1
408,013253,-1
408,120069,1
408,120058,1
408,120068,1
408,005506,1
408,120088,1
408,120387,1
408,005772,1
408,286399,1
408,286395,1
408,286386,1
408,286382,1
408,286396,1
408,286400,1
408,285899,1
408,285815,1
408,285825,1
408,285767,1
408,285768,1
408,285887,1
408,005643,1
408,093977,1
408,093928,1
408,093922,1
408,093930,1
408,094023,1
408,093953,1
408,077611,1
408,090592,1
408,088379,1
408,088397,1
408,088417,1
408,088383,1
408,088385,1
408,088407,1
408,088415,1
408,090603,1
408,074993,1
408,075013,1
408,088750,1
408,088766,1
408,089330,1
408,089341,1
408,089355,1
408,088377,0
408,121877,1
408,009419,1
408,077750,0
408,090100,1
408,090190,1
408,095224,-1
408,081504,1
408,075738,1
408,147168,1
408,091896,0
408,110243,-1
408,028273,-1
408,070878,-1
408,003350,-1
408,009912,1
408,122256,1
408,243747,1
408,243744,1
408,101053,-1
408,007607,0
408,131687,1
408,131709,1
408,062852,-1
408,253706,0
408,193157,-1
408,107749,-1
408,089845,0
408,048282,-1
408,077651,-1
408,220599,-1
408,263648,-1
408,143190,-1
408,114885,-1
408,033288,-1
408,253717,-1
408,255500,-1
408,019512,-1
408,257574,-1
408,124072,0
408,008054,1
408,090405,0
408,221574,-1
408,007163,1
408,113301,-1
408,118891,-1
408,111083,-1
408,094464,-1
408,035376,-1
408,115411,-1
408,063747,-1
408,066878,-1
408,030289,-1
408,100251,-1
408,118721,-1
408,019202,-1
408,094513,-1
408,125080,-1
408,077733,0
408,146370,-1
408,284348,-1
408,048265,-1
408,004790,-1
408,233923,-1
408,026853,0
408,181844,-1
408,036995,-1
408,014003,-1
408,084904,-1
408,049170,-1
408,094461,-1
408,115344,-1
408,020172,-1
408,135665,0
408,121897,-1
408,083142,-1
408,060590,-1
408,062859,-1
408,280218,-1
408,231238,-1
408,074781,0
408,255177,-1
408,177971,-1
408,028252,-1
408,146494,0
408,271691,-1
408,045025,-1
408,192710,-1
408,114877,-1
408,004691,-1
408,094465,-1
408,098901,0
408,023887,-1
408,102036,-1
408,035379,-1
408,150833,-1
408,065075,-1
408,104051,-1
408,085814,-1
408,028324,-1
408,140040,0
408,033359,0
408,146212,-1
408,118907,-1
408,238190,-1
408,280302,-1
408,169912,0
408,068373,1
408,104416,-1
408,063196,-1
408,067171,-1
408,242240,-1
408,075069,-1
408,066949,-1
408,100398,-1
408,019852,-1
408,180236,-1
408,221165,-1
408,085121,-1
408,059665,-1
408,018972,0
408,028484,-1
408,130439,0
408,038596,-1
408,062974,-1
408,122868,-1
408,258725,-1
408,039660,-1
408,004681,-1
408,028255,-1
408,071243,-1
408,126596,1
408,238040,-1
408,284289,-1
408,040051,-1
408,009605,-1
408,284930,-1
408,261876,1
408,177755,-1
408,288687,-1
408,267779,0
408,149396,-1
408,288803,0
408,123622,-1
408,133243,-1
408,087927,-1
408,059519,-1
408,233958,-1
409,250678,0
409,286273,1
409,286285,1
409,286272,1
409,286284,1
409,007096,1
409,286004,1
409,112891,1
409,274466,1
409,234729,1
409,234784,1
409,191846,1
409,191800,1
409,071465,1
409,104638,1
409,009658,1
409,251442,0
409,259908,1
409,259912,1
409,191203,0
409,288789,1
409,288786,0
409,285959,0
409,191743,1
409,191730,1
409,209097,0
409,286158,0
409,009401,1
409,184578,-1
409,057969,1
409,057972,1
409,123257,1
409,123149,1
409,097341,1
409,097347,1
409,062515,1
409,099178,1
409,099213,1
409,099347,1
409,014728,1
409,126368,1
409,126369,1
409,068580,1
409,288012,1
409,079832,1
409,017537,-1
409,285938,1
409,286617,1
409,082889,1
409,010479,1
409,000632,1
409,079389,0
409,082922,1
409,077400,1
409,077388,1
409,163295,-1
409,283431,0
409,077524,-1
409,053149,1
409,053147,1
409,053532,1
409,054113,1
409,053907,1
409,054255,1
409,054169,1
409,054038,1
409,050400,1
409,053779,1
409,050290,1
409,055051,1
409,053972,1
409,053928,1
409,050557,1
409,054556,1
409,050487,1
409,053689,1
409,047185,1
409,047400,1
409,050567,1
409,050515,1
409,048687,1
409,025623,1
409,029086,1
409,025164,1
409,029429,1
409,288328,-1
409,046800,1
409,046890,1
409,053708,1
409,054399,0
409,024431,1
409,053180,1
409,050586,1
409,053211,1
409,144131,1
409,144144,1
409,050595,1
409,082067,1
409,054314,1
409,085069,1
409,050571,1
409,004127,0
409,053300,1
409,053469,1
409,046391,1
409,050579,1
409,052810,1
409,054262,1
409,053292,1
409,053213,1
409,053208,1
409,029463,1
409,029466,1
409,028881,1
409,039289,1
409,238394,-1
409,050674,1
409,046386,1
409,053205,1
409,053210,1
409,035205,1
409,026832,1
409,027006,-1
409,057618,1
409,054477,1
409,059432,0
409,054888,0
409,117016,0
409,015427,0
409,242437,0
409,229261,-1
409,024451,1
409,054303,1
409,060879,1
409,008592,1
409,024468,1
409,039287,1
409,279780,1
409,093068,0
409,120907,0
409,278751,0
409,028171,1
409,028172,1
409,027498,1
409,029151,1
409,125938,1
409,116857,0
409,125937,1
409,014790,1
409,058454,-1
409,026825,-1
409,066812,1
409,243593,-1
409,030119,0
409,231175,-1
409,054363,1
409,008059,0
409,026003,1
409,026004,1
409,053267,1
409,029286,-1
409,283512,0
409,279836,0
409,024715,-1
409,053231,-1
409,067244,-1
409,110661,-1
409,288362,-1
409,108064,-1
409,277923,-1
409,082945,-1
409,051830,1
409,019980,-1
409,135859,-1
409,045970,-1
409,070443,-1
409,245242,0
409,267063,1
409,267034,1
409,283631,0
409,288787,0
409,139542,0
409,003705,1
409,003439,-1
409,135300,-1
409,054229,0
409,135486,-1
409,026005,0
409,054955,0
409,048542,0
409,274751,-1
409,044449,-1
409,019356,1
409,019347,1
409,045710,-1
409,283890,0
409,132712,-1
409,050996,1
409,206821,0
409,161759,-1
409,096122,-1
409,136349,-1
409,053100,1
409,082856,0
409,025534,0
409,075706,-1
409,051048,0
409,196237,-1
409,260123,1
409,260139,1
409,088863,1
409,088968,1
409,066797,-1
409,082699,-1
409,089762,-1
409,285996,0
409,008756,-1
409,051354,-1
409,000501,-1
409,135192,-1
409,180558,0
409,045055,-1
409,103300,-1
409,288788,0
409,048613,-1
409,116829,0
409,281211,0
409,016914,-1
409,053075,0
409,018893,-1
409,078941,0
409,135260,-1
409,026991,-1
409,131268,0
409,045262,-1
409,204350,0
409,242587,0
409,004200,1
409,283455,0
409,053123,0
409,276877,-1
409,139127,0
409,075672,-1
409,005146,0
409,003886,-1
409,198611,-1
409,053327,-1
409,041122,0
409,153294,-1
409,008997,0
409,034664,-1
409,270691,0
409,054072,0
409,025793,-1
409,278756,0
409,114499,0
409,066597,-1
409,043160,-1
409,186505,0
409,125314,0
409,182419,1
409,093120,0
409,204358,0
409,220175,0
409,026022,-1
409,003495,-1
409,058832,0
409,045088,-1
409,008672,-1
409,083031,-1
409,285647,0
409,017186,-1
409,023590,0
409,070348,1
409,103521,1
409,212001,1
409,097400,-1
409,279841,0
409,220152,0
409,129365,-1
409,074907,-1
409,044515,-1
409,157160,0
409,259226,-1
409,032791,-1
409,032645,-1
409,052068,0
409,015422,-1
409,061422,0
409,023532,-1
409,033547,-1
409,027512,-1
409,121514,0
409,054952,0
409,279783,0
409,133515,-1
409,007212,-1
409,067161,-1
409,023575,-1
409,210687,0
409,043890,-1
409,079313,0
409,190455,0
409,004287,-1
409,209083,0
409,113668,-1
409,045821,-1
409,221348,0
409,242660,-1
409,048497,-1
409,277892,-1
409,108396,-1
409,178501,0
409,278508,0
409,176224,0
409,129362,0
409,185667,0
409,011906,-1
409,020235,-1
409,182833,-1
409,019263,-1
409,135810,-1
409,129081,0
409,008671,-1
409,070127,-1
409,110659,-1
409,222488,-1
409,021998,-1
409,124493,0
409,233375,-1
409,116074,-1
409,110826,-1
409,056786,1
409,052817,-1
409,286124,1
409,286138,1
409,042386,-1
409,065982,-1
409,195750,0
409,091771,0
409,279352,0
409,020259,-1
409,056695,-1
409,276134,-1
409,081459,-1
409,224282,0
409,138268,-1
409,288138,0
409,271977,-1
409,135299,-1
409,132996,0
409,053316,0
409,130875,-1
409,241941,-1
409,007019,-1
409,051801,0
409,278507,-1
409,186942,1
409,265710,-1
409,201435,0
409,229195,-1
409,120848,0
409,103616,-1
409,145921,0
409,043888,-1
409,163076,-1
409,027245,-1
409,018053,0
409,182947,-1
409,080198,-1
409,260663,-1
409,276886,-1
409,220084,0
409,077361,-1
409,092043,-1
409,003576,-1
409,165274,0
409,045853,-1
409,052846,0
409,260512,-1
409,066810,-1
409,288687,-1
409,019986,-1
409,256646,0
409,068362,-1
409,118033,-1
409,237814,1
409,269835,1
409,177436,1
409,263037,0
409,280109,0
409,178930,1
409,271118,1
409,282757,-1
409,177907,-1
409,186956,1
409,186961,1
409,258611,-1
409,189433,0
409,015131,0
409,177271,-1
409,229731,0
409,266368,-1
409,180557,-1
